[{"sender":{"country":"uk","medals":[53,90,12,42],"zones":[13570,397056,397057,400545,401069,350187,400535,361975,20595,359953,350129,468850,350128,361970,16983,400539],"pointsPerHour":16,"points":18803,"blocktime":885,"taken":364,"name":"taysidefrog","totalPoints":93834,"rank":19,"id":334921,"place":2541,"uniqueZonesTaken":149,"region":{"name":"Scotland","id":200}},"time":"2021-10-25T20:08:01+0000","message":"Interesting to see Scottish names I recognise here. Turfing in the City area is awful as the skyscrapers mess up the GPS.","region":{"name":"Greater London","id":207},"type":"chat"}]