[{"sender":{"country":"se","medals":[16,24,77,17,4,7,57,28,27,5,24,24,117,24,79,116,17,22,67,24,24,50,24,107,24,126,48,124,24,70,17,24,88,128],"zones":[207606,42904,350444,7594],"pointsPerHour":9,"points":117322,"blocktime":1395,"taken":40295,"name":"Tålamodet","totalPoints":7318215,"rank":53,"id":188982,"place":379,"uniqueZonesTaken":4513,"region":{"name":"Stockholm","id":141}},"time":"2021-10-25T16:31:27+0000","message":"TheBennett: det är okej 👌","region":{"name":"Stockholm","id":141},"type":"chat"},{"sender":{"country":"se","medals":[16,9,67,46,5,17,70,22,59,69,15,91,95,10,71,126,39,106,127],"zones":[7475,80709,37734],"pointsPerHour":18,"points":31691,"blocktime":1305,"taken":17844,"name":"TheBennett","totalPoints":3506609,"rank":47,"id":49026,"place":1842,"uniqueZonesTaken":1579,"region":{"name":"Stockholm","id":141}},"time":"2021-10-25T16:31:15+0000","message":"Tålamodet: vill inte åka till Jön","region":{"name":"Stockholm","id":141},"type":"chat"},{"sender":{"country":"se","medals":[16,24,77,17,4,7,57,28,27,5,24,24,117,24,79,116,17,22,67,24,24,50,24,107,24,126,48,124,24,70,17,24,88,128],"zones":[207606,42904,350444,7594],"pointsPerHour":9,"points":117322,"blocktime":1395,"taken":40295,"name":"Tålamodet","totalPoints":7318215,"rank":53,"id":188982,"place":379,"uniqueZonesTaken":4513,"region":{"name":"Stockholm","id":141}},"time":"2021-10-25T16:31:13+0000","message":"TheBennett: taaack ❤️❤️","region":{"name":"Stockholm","id":141},"type":"chat"},{"sender":{"country":"se","medals":[16,9,67,46,5,17,70,22,59,69,15,91,95,10,71,126,39,106,127],"zones":[7475,80709,37734],"pointsPerHour":18,"points":31690,"blocktime":1305,"taken":17844,"name":"TheBennett","totalPoints":3506609,"rank":47,"id":49026,"place":1842,"uniqueZonesTaken":1579,"region":{"name":"Stockholm","id":141}},"time":"2021-10-25T16:30:58+0000","message":"Tålamodet: tagit TagitBrevet","region":{"name":"Stockholm","id":141},"type":"chat"},{"country":"se","sender":{"country":"se","medals":[16,79,57,5,10,13,47,122,77,67,95,35,17,115,104,128],"zones":[34905,7790],"pointsPerHour":7,"points":23239,"blocktime":1140,"taken":4054,"name":"TurfGöran","totalPoints":787504,"rank":36,"id":313564,"place":2247,"uniqueZonesTaken":477,"region":{"name":"Värmland","id":130}},"time":"2021-10-25T16:28:54+0000","message":"Panika: har du flyttat till Kronobe?","type":"chat"}]