[{"medal":128,"time":"2021-10-26T06:18:14+0000","type":"medal","user":{"country":"se","medals":[79,7,16,46,55,77,28,22,126,70,122,95,15,105,5,40,128],"zones":[11472,35889,1058,42738,355,23862,78939,17373,2286,42990,431976],"pointsPerHour":0,"points":100107,"blocktime":1290,"taken":20071,"name":"Teddyboo","totalPoints":3473160,"rank":46,"id":234819,"place":7879,"uniqueZonesTaken":1276,"region":{"name":"Södermanland","id":140}}},{"medal":127,"time":"2021-10-26T06:04:03+0000","type":"medal","user":{"country":"se","medals":[5,16,28,78,77,67,47,14,95,55,38,107,7,127],"zones":[8592,6160,1000,15577,428367,31565,1005],"pointsPerHour":0,"points":15100,"blocktime":1200,"taken":12113,"name":"SpökTfräcke","totalPoints":1445981,"rank":40,"id":204322,"place":7877,"uniqueZonesTaken":776,"region":{"name":"Västerbotten","id":127}}}]