[{"medal":80,"time":"2022-05-03T15:05:17+0000","type":"medal","user":{"country":"se","medals":[84,80],"zones":[74404,950,19321,1593,24190],"pointsPerHour":0,"points":564,"blocktime":630,"taken":6,"name":"Raz369","totalPoints":564,"rank":2,"id":360688,"place":4657,"uniqueZonesTaken":5,"region":{"name":"Kalmar","id":137}}},{"sender":{"country":"se","medals":[77,16,126,122,22,5,70,56,79,14,48,72,98,24,38,105,4,7,130],"zones":[26528,119618,933,29355,29356,26894,29359,21137,4982,175576,208984,8158],"pointsPerHour":72,"points":10191,"blocktime":1260,"taken":14774,"name":"Forestrush","totalPoints":2413727,"rank":44,"id":271444,"place":843,"uniqueZonesTaken":878,"region":{"name":"Östergötland","id":139}},"time":"2022-05-03T15:03:38+0000","message":"Knoblauch: Så kan det bli ibland! Ha det bra!","region":{"name":"Östergötland","id":139},"type":"chat"},{"medal":84,"time":"2022-05-03T15:03:24+0000","type":"medal","user":{"country":"se","medals":[84],"zones":[74404,950,19321,1593],"pointsPerHour":0,"points":483,"blocktime":630,"taken":5,"name":"Raz369","totalPoints":483,"rank":2,"id":360688,"place":4655,"uniqueZonesTaken":4,"region":{"name":"Kalmar","id":137}}},{"sender":{"country":"se","medals":[67,5,16,24,117,70,126,72,98,24,48,14,78,24,123,105,4,24,39,7,58,129],"zones":[17857,2851,5257,17866,24236,5264,92272,62322,947,406736,42682,19325],"pointsPerHour":39,"points":20435,"blocktime":1290,"taken":18842,"name":"Podde","totalPoints":3111601,"rank":46,"id":231293,"place":274,"uniqueZonesTaken":964,"region":{"name":"Kronoberg","id":147}},"time":"2022-05-03T15:02:34+0000","message":"GW007: trevligt! väldigt roligt!","region":{"name":"Kalmar","id":137},"type":"chat"},{"medal":42,"time":"2022-05-03T14:53:40+0000","type":"medal","user":{"country":"se","medals":[93,92,51,42],"zones":[44288,44993,31794,11225,14907,14909],"pointsPerHour":0,"points":1255,"blocktime":810,"taken":250,"name":"PudelA","totalPoints":36283,"rank":14,"id":354967,"place":4652,"uniqueZonesTaken":27,"region":{"name":"Västmanland","id":143}}}]