[{"country":"dk","sender":{"country":"dk","medals":[51,30,77,68,7,16,46,68,90,69,68,69,68,69,68,95,4,126,117,68,5,59,122,69,68,69,68,69,68,15,68,27,79,22,38,69,68,131,104,68],"zones":[34372,12439,229268,139515,5706,5644,33902,408889],"pointsPerHour":17,"points":4988,"blocktime":1320,"taken":10716,"name":"HEP1961","totalPoints":4473438,"rank":48,"id":135981,"place":1523,"uniqueZonesTaken":1223,"region":{"name":"Hovedstaden","id":172}},"time":"2022-05-03T13:10:14+0000","message":"Kan ikke se hvornår du har skrevet teksten, men svenskerne er i gang igen. De er seje","type":"chat"},{"sender":{"country":"se","medals":[],"zones":[950],"pointsPerHour":7,"points":96,"blocktime":600,"taken":1,"name":"Raz369","totalPoints":96,"rank":0,"id":360688,"place":4545,"uniqueZonesTaken":1,"region":{"name":"Kalmar","id":137}},"time":"2022-05-03T13:09:25+0000","message":"ayoo","type":"chat"},{"medal":92,"time":"2022-05-03T13:06:29+0000","type":"medal","user":{"country":"se","medals":[85,80,92],"zones":[278614,96674,96665,21354,115726],"pointsPerHour":0,"points":887,"blocktime":675,"taken":18,"name":"jammal","totalPoints":2557,"rank":5,"id":359609,"place":4583,"uniqueZonesTaken":15,"region":{"name":"Stockholm","id":141}}},{"medal":89,"time":"2022-05-03T13:02:38+0000","type":"medal","user":{"country":"se","medals":[16,5,47,67,22,70,27,28,77,97,56,117,7,107,126,122,78,15,131,89],"zones":[232976,33172,3078,43754,43755,48092,91725,17966,19711],"pointsPerHour":0,"points":15918,"blocktime":1425,"taken":49998,"name":"millroy","totalPoints":9685762,"rank":55,"id":95378,"place":4579,"uniqueZonesTaken":1046,"region":{"name":"Gävleborg","id":144}}}]