[{"medal":94,"time":"2022-05-02T11:58:24+0000","type":"medal","user":{"country":"se","medals":[94],"zones":[],"pointsPerHour":0,"points":185,"blocktime":600,"taken":1,"name":"kevin2003","totalPoints":185,"rank":0,"id":360303,"place":3895,"uniqueZonesTaken":1,"region":{"name":"Västra Götaland","id":132}}},{"medal":94,"time":"2022-05-02T11:58:24+0000","type":"medal","user":{"country":"se","medals":[94],"zones":[],"pointsPerHour":0,"points":355,"blocktime":615,"taken":2,"name":"Alfred2004","totalPoints":355,"rank":1,"id":360291,"place":3895,"uniqueZonesTaken":2,"region":{"name":"Västra Götaland","id":132}}},{"medal":31,"time":"2022-05-02T11:56:20+0000","type":"medal","user":{"country":"se","medals":[31],"zones":[6488],"pointsPerHour":0,"points":110,"blocktime":690,"taken":25,"name":"Halfdan","totalPoints":4801,"rank":6,"id":357088,"place":3892,"uniqueZonesTaken":8,"region":{"name":"Jönköping","id":133}}},{"medal":93,"time":"2022-05-02T11:54:02+0000","type":"medal","user":{"country":"se","medals":[93],"zones":[],"pointsPerHour":0,"points":170,"blocktime":600,"taken":1,"name":"Alfred2004","totalPoints":170,"rank":0,"id":360291,"place":3889,"uniqueZonesTaken":1,"region":{"name":"Västra Götaland","id":132}}},{"medal":92,"time":"2022-05-02T11:52:04+0000","type":"medal","user":{"country":"se","medals":[80,85,92],"zones":[34096,496524,30571],"pointsPerHour":0,"points":1589,"blocktime":690,"taken":20,"name":"MadLad79","totalPoints":4483,"rank":6,"id":337572,"place":3889,"uniqueZonesTaken":15,"region":{"name":"Västra Götaland","id":132}}}]