[{"medal":93,"time":"2022-05-10T17:13:47+0000","type":"medal","user":{"country":"se","medals":[85,51,93],"zones":[],"pointsPerHour":0,"points":2129,"blocktime":11,"taken":13,"name":"Yousif81728","totalPoints":2129,"rank":5,"id":361783,"place":6692,"uniqueZonesTaken":11,"region":{"name":"Jämtland","id":128}}},{"medal":86,"time":"2022-05-10T17:13:47+0000","type":"medal","user":{"country":"se","medals":[90,51,92,94,46,100,86],"zones":[473238,12036,80878],"pointsPerHour":0,"points":8373,"blocktime":12,"taken":54,"name":"arwid653","totalPoints":8373,"rank":8,"id":362442,"place":6692,"uniqueZonesTaken":16,"region":{"name":"Jämtland","id":128}}}]