[{"medal":93,"time":"2022-05-10T09:21:37+0000","type":"medal","user":{"country":"se","medals":[92,90,86,52,93],"zones":[46529,2434,200231,114949,46532,46533,114948,204649,114956,154192,169297,26099,464532,154193,96181,96183,56795,193278,193277],"pointsPerHour":0,"points":9551,"blocktime":12,"taken":56,"name":"Fexgom","totalPoints":12777,"rank":9,"id":356614,"place":6523,"uniqueZonesTaken":34,"region":{"name":"Västerbotten","id":127}}},{"medal":33,"time":"2022-05-10T09:17:20+0000","type":"medal","user":{"country":"se","medals":[11,51,33],"zones":[11444,62137,80190],"pointsPerHour":0,"points":7214,"blocktime":15,"taken":500,"name":"BourneID","totalPoints":118505,"rank":21,"id":279790,"place":6519,"uniqueZonesTaken":88,"region":{"name":"Västra Götaland","id":132}}}]