[{"medal":51,"time":"2023-03-28T18:06:48+0000","type":"medal","user":{"country":"se","medals":[85,51],"zones":[412487,1841,34690,116019,232678,20533,173445,515820,413528,113982],"pointsPerHour":0,"points":3115,"blocktime":11,"taken":14,"name":"CharlieN","totalPoints":3115,"rank":5,"id":387156,"place":6196,"uniqueZonesTaken":14,"region":{"name":"Skåne","id":135}}},{"medal":31,"time":"2023-03-28T17:57:22+0000","type":"medal","user":{"country":"se","medals":[92,51,31],"zones":[223843],"pointsPerHour":0,"points":5399,"blocktime":11,"taken":25,"name":"spiongänget","totalPoints":5399,"rank":6,"id":387132,"place":6196,"uniqueZonesTaken":19,"region":{"name":"Halland","id":134}}}]