[{"sender":{"country":"se","medals":[16,77,79,70,24,6,15,22,67,72,83,124,108,24,112,59,75,4,24,132,89,24],"zones":[7754,92239,31953,34130,97298,426322,15959,14872,14873,228120,47651,549,89895,60713,61098,10922,24170,490,24172,24173,76399,24174,80112,13622,8312,5625,204158,139261],"pointsPerHour":163,"points":153762,"blocktime":23,"taken":55076,"name":"anthi","totalPoints":7076835,"rank":52,"id":285613,"place":172,"uniqueZonesTaken":2140,"region":{"name":"Västmanland","id":143}},"time":"2023-03-28T16:28:03+0000","message":"FlitigaTobbe: trodde du jag var vilse som vanligt🙄","region":{"name":"Västmanland","id":143},"type":"chat"},{"sender":{"country":"se","medals":[22,67,4,24,70,16,57,27,83,72,79,99,66,24,126,124,24,119,108,75,50,131],"zones":[26850,44995,47652,18309,41766,710,15960,14874,7755,42175],"pointsPerHour":50,"points":201876,"blocktime":24,"taken":115831,"name":"FlitigaTobbe","totalPoints":19570328,"rank":58,"id":48872,"place":95,"uniqueZonesTaken":2629,"region":{"name":"Västmanland","id":143}},"time":"2023-03-28T16:27:04+0000","message":"anthi: 👍såg vart du togvägen","region":{"name":"Västmanland","id":143},"type":"chat"}]