[{"sender":{"country":"se","medals":[28,6,16,14,77,78,47,102,56,36,123,132,95],"zones":[146453,61177,486733,203692,8159],"pointsPerHour":10,"points":15607,"blocktime":19,"taken":6327,"name":"TeamGrim","totalPoints":1103234,"rank":38,"id":336584,"place":2456,"uniqueZonesTaken":968,"region":{"name":"Östergötland","id":139}},"time":"2023-03-27T17:18:26+0000","message":"guerro: haha fast denna gången gick jag bara från jobbet till kyrkan (rundade biblioteket) o glömde stänga av gubben","region":{"name":"Östergötland","id":139},"type":"chat"},{"sender":{"country":"se","medals":[55,15,79,28,112,7,47,24,77,123,126,104,130,88],"zones":[],"pointsPerHour":0,"points":24265,"blocktime":22,"taken":40735,"name":"carinn","totalPoints":4802443,"rank":49,"id":117795,"place":1886,"uniqueZonesTaken":2161,"region":{"name":"Västmanland","id":143}},"time":"2023-03-27T17:18:10+0000","message":"skäggfar: Det finns visst inget väder som biter på dig. Du är värd en tapperhetsmedalj! 🥇","region":{"name":"Västmanland","id":143},"type":"chat"},{"sender":{"country":"se","medals":[77,79,16,68,72,70,83,67,75,21,68,91,4,30,68,117,68,24,68,17,116,68,24,27,124,107,126,24,68,24,24,26,76,45,17,2,69,68,24,119,131,68,121,24,82,68,24],"zones":[576,707,708,715,5580,63692,5581,17550,2255,7760,17552,9680,7761,90448,56147,56148,139669,7770,139416,27802,31070,34270,31071,31072,31073,22756,22757,550,559648,24168,31978,31979,26157,44718,19694,20847,12015,31475,5428,5429,8310,29174,29175,150650,37241],"pointsPerHour":304,"points":698034,"blocktime":24,"taken":124736,"name":"skäggfar","totalPoints":17936756,"rank":58,"id":159086,"place":3,"uniqueZonesTaken":10994,"region":{"name":"Västmanland","id":143}},"time":"2023-03-27T16:59:59+0000","message":"jeep43: tackar🙏","region":{"name":"Västmanland","id":143},"type":"chat"}]