[{"medal":13,"time":"2023-03-28T15:32:19+0000","type":"medal","user":{"country":"se","medals":[93,100,10,34,5,71,6,55,127,13],"zones":[55904,11683,97989,11465,224040,93165,221292,11855,203379,93232,474836,489490,28894],"pointsPerHour":0,"points":45721,"blocktime":18,"taken":2432,"name":"glidtacklingen","totalPoints":635250,"rank":34,"id":335850,"place":6185,"uniqueZonesTaken":250,"region":{"name":"Stockholm","id":141}}},{"medal":103,"time":"2023-03-28T15:32:13+0000","type":"medal","user":{"country":"se","medals":[70,4,16,79,66,15,77,117,47,5,95,57,123,132,72,41,103],"zones":[9344,12192,10912,136323,44841,44842,842,843,845,26255,1556,60212,1108,21429,1109,517842,1110,157396,179316,11480,113560,1467],"pointsPerHour":0,"points":96739,"blocktime":22,"taken":26279,"name":"Warthog","totalPoints":4532146,"rank":49,"id":90125,"place":6185,"uniqueZonesTaken":2427,"region":{"name":"Västra Götaland","id":132}}},{"sender":{"country":"se","medals":[47,57,16,77,28,79,22,66,70,95,103,117,50,123,67,126,73,130],"zones":[6883,559772,44660,558749,1302,44662,117257,4987,138974,60479],"pointsPerHour":37,"points":59267,"blocktime":23,"taken":34006,"name":"timmer","totalPoints":6872609,"rank":52,"id":175583,"place":882,"uniqueZonesTaken":3522,"region":{"name":"Östergötland","id":139}},"time":"2023-03-28T15:31:47+0000","message":"TuonoV4: Jag förföljer dig inte, du råkade bara åka min väg till ICA Maxi.😅","region":{"name":"Skåne","id":135},"type":"chat"},{"medal":84,"time":"2023-03-28T15:31:03+0000","type":"medal","user":{"country":"se","medals":[84],"zones":[27142,528899,17867],"pointsPerHour":0,"points":1009,"blocktime":10,"taken":5,"name":"Einarssons","totalPoints":1009,"rank":3,"id":385128,"place":6185,"uniqueZonesTaken":5,"region":{"name":"Kronoberg","id":147}}},{"medal":84,"time":"2023-03-28T15:30:51+0000","type":"medal","user":{"country":"se","medals":[94,84],"zones":[108694,2926,79],"pointsPerHour":0,"points":570,"blocktime":10,"taken":5,"name":"kimla","totalPoints":570,"rank":2,"id":387613,"place":6185,"uniqueZonesTaken":5,"region":{"name":"Östergötland","id":139}}},{"medal":31,"time":"2023-03-28T15:19:20+0000","type":"medal","user":{"country":"se","medals":[51,92,31],"zones":[1476,2932,1157,61783,90121],"pointsPerHour":0,"points":3627,"blocktime":11,"taken":25,"name":"Bombadil","totalPoints":3627,"rank":6,"id":387539,"place":6183,"uniqueZonesTaken":17,"region":{"name":"Östergötland","id":139}}}]