[{"medal":129,"time":"2022-11-21T18:00:25+0000","type":"medal","user":{"country":"se","medals":[77,79,47,28,57,16,35,5,13,129],"zones":[33664,134400,114820,114823,114822,204683,139400,55696,55698,25234,55699,110740,430621,25256,99880,25257,7466,25258,7467,116653,25260,7469,487849,116655,44848,126257,7344,44849,44850,138943,389188,217926,23750,278604,92249,84697,26844,193375,26845,63838,193372,357473,29542,45030,185322,29545,29546,29547,153977,26110,92671,153981,26111],"pointsPerHour":0,"points":240029,"blocktime":1125,"taken":3492,"name":"Ankan66","totalPoints":721160,"rank":35,"id":377166,"place":5964,"uniqueZonesTaken":250,"region":{"name":"Örebro","id":131}}},{"medal":80,"time":"2022-11-21T17:58:42+0000","type":"medal","user":{"country":"se","medals":[80,85],"zones":[182098,22195,97826,11987,67614],"pointsPerHour":0,"points":1206,"blocktime":660,"taken":10,"name":"Lunan","totalPoints":1206,"rank":4,"id":383413,"place":5964,"uniqueZonesTaken":8,"region":{"name":"Stockholm","id":141}}},{"medal":85,"time":"2022-11-21T17:58:42+0000","type":"medal","user":{"country":"se","medals":[80,85],"zones":[182098,22195,97826,11987,67614],"pointsPerHour":0,"points":1206,"blocktime":660,"taken":10,"name":"Lunan","totalPoints":1206,"rank":4,"id":383413,"place":5964,"uniqueZonesTaken":8,"region":{"name":"Stockholm","id":141}}},{"medal":94,"time":"2022-11-21T17:58:13+0000","type":"medal","user":{"country":"uk","medals":[80,86,94],"zones":[480251],"pointsPerHour":0,"points":9555,"blocktime":735,"taken":62,"name":"NeedyLittleImp","totalPoints":12214,"rank":9,"id":383305,"place":5964,"uniqueZonesTaken":12,"region":{"name":"North East England","id":199}}},{"medal":42,"time":"2022-11-21T17:23:43+0000","type":"medal","user":{"country":"se","medals":[93,52,10,11,100,42],"zones":[16835,2453,4534,517711,3359],"pointsPerHour":0,"points":11023,"blocktime":840,"taken":250,"name":"Lilleman71","totalPoints":54515,"rank":16,"id":371403,"place":5961,"uniqueZonesTaken":71,"region":{"name":"Västernorrland","id":145}}}]