[{"medal":66,"time":"2022-07-05T16:21:53+0000","type":"medal","user":{"country":"de","medals":[5,28,16,46,35,13,80,66],"zones":[45009],"pointsPerHour":0,"points":140,"blocktime":1125,"taken":4824,"name":"zetape","totalPoints":659809,"rank":35,"id":15494,"place":4724,"uniqueZonesTaken":407,"region":{"name":"Nordrhein-Westfalen","id":445}}},{"medal":10,"time":"2022-07-05T16:20:00+0000","type":"medal","user":{"country":"se","medals":[93,53,127,42,13,16,10],"zones":[27751,29581,14126,14127,14128,7378,7380,7381,178359,7382,7383,442,154526,296122],"pointsPerHour":0,"points":10298,"blocktime":900,"taken":475,"name":"Sweetums","totalPoints":106642,"rank":20,"id":364253,"place":4723,"uniqueZonesTaken":252,"region":{"name":"Västra Götaland","id":132}}},{"medal":86,"time":"2022-07-05T16:13:38+0000","type":"medal","user":{"country":"gb","medals":[100,92,10,52,94,86],"zones":[381189,381188,381191,381190,381187,381197,418894,381196,418892,381199,381198,418893,381193,418890,381192,381195,381194,418889,381207,381203,373881],"pointsPerHour":0,"points":9269,"blocktime":720,"taken":50,"name":"GreedyGoose","totalPoints":9269,"rank":8,"id":367362,"place":4721,"uniqueZonesTaken":33,"region":{"name":"Scotland","id":200}}}]