[{"medal":86,"time":"2022-07-04T14:27:47+0000","type":"medal","user":{"country":"se","medals":[90,92,52,86],"zones":[44705,139424,488771,7877,80583,615,7911,7879,7913,139464,618,7915,3149,6989,12335,11894,94840,50905,41886],"pointsPerHour":0,"points":6485,"blocktime":11,"taken":50,"name":"polarca","totalPoints":6485,"rank":7,"id":367326,"place":4225,"uniqueZonesTaken":39,"region":{"name":"Norrbotten","id":126}}},{"medal":6,"time":"2022-07-04T14:27:47+0000","type":"medal","user":{"country":"se","medals":[51,86,100,94,11,6],"zones":[5651,95224],"pointsPerHour":0,"points":684,"blocktime":12,"taken":89,"name":"Gatusten","totalPoints":13099,"rank":9,"id":366431,"place":4225,"uniqueZonesTaken":63,"region":{"name":"Uppsala","id":142}}},{"medal":11,"time":"2022-07-04T14:27:35+0000","type":"medal","user":{"country":"no","medals":[51,94,100,86,6,11],"zones":[80065,90688,152963,136195,90690,1603,93797,1604,134662,93798,78537,48077,54254,8657,78138,78141,78143],"pointsPerHour":0,"points":4266,"blocktime":12,"taken":76,"name":"Fiskarpojken","totalPoints":11600,"rank":8,"id":232134,"place":4225,"uniqueZonesTaken":50,"region":{"name":"Nordnorge","id":183}}},{"medal":104,"time":"2022-07-04T14:25:34+0000","type":"medal","user":{"country":"se","medals":[51,12,94,34,90,7,104],"zones":[],"pointsPerHour":0,"points":170,"blocktime":17,"taken":2128,"name":"biggebank","totalPoints":389819,"rank":31,"id":298697,"place":4224,"uniqueZonesTaken":225,"region":{"name":"Jönköping","id":133}}},{"medal":6,"time":"2022-07-04T14:24:51+0000","type":"medal","user":{"country":"fi","medals":[53,16,90,102,12,95,34,6],"zones":[61709],"pointsPerHour":0,"points":235,"blocktime":17,"taken":1190,"name":"shetland","totalPoints":339964,"rank":30,"id":298306,"place":4222,"uniqueZonesTaken":152,"region":{"name":"Etelä-Suomi","id":185}}},{"medal":7,"time":"2022-07-04T14:24:51+0000","type":"medal","user":{"country":"no","medals":[4,79,77,70,5,67,16,24,56,72,48,104,14,96,126,39,7],"zones":[],"pointsPerHour":0,"points":220,"blocktime":21,"taken":15382,"name":"Mucus","totalPoints":2436880,"rank":44,"id":188298,"place":4222,"uniqueZonesTaken":722,"region":{"name":"Trøndelag","id":182}}},{"medal":86,"time":"2022-07-04T14:24:27+0000","type":"medal","user":{"country":"uk","medals":[93,90,92,51,101,86],"zones":[361619,361618],"pointsPerHour":0,"points":310,"blocktime":12,"taken":50,"name":"BigMacc","totalPoints":8230,"rank":8,"id":353181,"place":4223,"uniqueZonesTaken":39,"region":{"name":"Scotland","id":200}}},{"sender":{"country":"se","medals":[67,5,16,24,117,70,126,72,24,48,78,24,123,4,24,7,15,130,106,17,116,40,59,22,24],"zones":[24192,19328,24194,19331,19332,431235,19335,302093,302094,135944,19340,44301,19342,44302,44303,44304,657,12178,44308,44311,12059,12061,42399,156957,2847,154786,2080,23073,2082,23074,2851,74405,74404,74407,74406,74409,204459,7081,90539,12460,109741,7086,23985,22324,950,486719,1593,21700,475330,24517,21701,21702,34630,21703,12487,21704,66891,96461,66895,34638,29136,48465,34642,16729,1754,42461,9698,50658,9699,50659,9700,50660,9701,50662,148709,9703,46440,11880,513518,475626,19315,24184,139259,19321,24190],"pointsPerHour":429,"points":27049,"blocktime":21,"taken":22718,"name":"Podde","totalPoints":3808338,"rank":47,"id":231293,"place":60,"uniqueZonesTaken":1245,"region":{"name":"Kalmar","id":137}},"time":"2022-07-04T14:24:22+0000","message":"Jagdpanther: skönt 😋","region":{"name":"Kalmar","id":137},"type":"chat"},{"medal":42,"time":"2022-07-04T14:19:57+0000","type":"medal","user":{"country":"se","medals":[52,11,42],"zones":[20404,20408,21163],"pointsPerHour":0,"points":601,"blocktime":14,"taken":250,"name":"HarsOlle","totalPoints":69628,"rank":17,"id":229522,"place":4219,"uniqueZonesTaken":92,"region":{"name":"Dalarna","id":129}}}]