[{"sender":{"country":"se","medals":[126,16,95,5,14,67,122,128,6,38,47,57,104,78,10],"zones":[11648,37108,7162],"pointsPerHour":15,"points":10085,"blocktime":20,"taken":13383,"name":"JimmyAIK94","totalPoints":2348378,"rank":43,"id":267637,"place":893,"uniqueZonesTaken":818,"region":{"name":"Stockholm","id":141}},"time":"2022-07-05T17:00:27+0000","message":"<NULL>: är du vilse idag igen?","region":{"name":"Stockholm","id":141},"type":"chat"},{"medal":51,"time":"2022-07-05T16:59:27+0000","type":"medal","user":{"country":"se","medals":[93,100,85,92,51],"zones":[428278,154274,21665,17905,11525,468801,116057,170696,203545,170697],"pointsPerHour":0,"points":2675,"blocktime":11,"taken":20,"name":"roffaNr1","totalPoints":2675,"rank":5,"id":367420,"place":4755,"uniqueZonesTaken":20,"region":{"name":"Gotland","id":138}}},{"medal":4,"time":"2022-07-05T16:57:10+0000","type":"medal","user":{"country":"se","medals":[94,86,11,52,46,102,4],"zones":[394567,418820,96517,33673,42955,486091,202385,14492,1053,228445,485592,33759,177698,138534,64996,141735,170152,26030,204471,93173,153270,397948,222141,114942,64639],"pointsPerHour":0,"points":10934,"blocktime":12,"taken":96,"name":"lollo09","totalPoints":17859,"rank":11,"id":349217,"place":4755,"uniqueZonesTaken":87,"region":{"name":"Dalarna","id":129}}},{"medal":105,"time":"2022-07-05T16:54:04+0000","type":"medal","user":{"country":"se","medals":[52,90,95,12,128,35,105],"zones":[1491,66052],"pointsPerHour":0,"points":4992,"blocktime":18,"taken":3061,"name":"Annikie","totalPoints":443894,"rank":32,"id":274383,"place":4748,"uniqueZonesTaken":139,"region":{"name":"Västerbotten","id":127}}}]