[{"medal":93,"time":"2022-09-14T07:31:21+0000","type":"medal","user":{"country":"se","medals":[93],"zones":[],"pointsPerHour":0,"points":95,"blocktime":600,"taken":1,"name":"wilmerhje","totalPoints":95,"rank":0,"id":374585,"place":7130,"uniqueZonesTaken":1,"region":{"name":"Värmland","id":130}}},{"medal":85,"time":"2022-09-14T07:31:21+0000","type":"medal","user":{"country":"se","medals":[80,85],"zones":[31319],"pointsPerHour":0,"points":155,"blocktime":675,"taken":10,"name":"sund1","totalPoints":3059,"rank":5,"id":329116,"place":7130,"uniqueZonesTaken":9,"region":{"name":"Halland","id":134}}},{"medal":95,"time":"2022-09-14T07:29:21+0000","type":"medal","user":{"country":"se","medals":[95],"zones":[],"pointsPerHour":0,"points":185,"blocktime":600,"taken":1,"name":"agnessällström","totalPoints":185,"rank":0,"id":374572,"place":7130,"uniqueZonesTaken":1,"region":{"name":"Skåne","id":135}}},{"medal":95,"time":"2022-09-14T07:29:21+0000","type":"medal","user":{"country":"se","medals":[100,84,95],"zones":[],"pointsPerHour":0,"points":1809,"blocktime":660,"taken":10,"name":"EmiliaLundgren","totalPoints":1809,"rank":4,"id":372123,"place":7130,"uniqueZonesTaken":6,"region":{"name":"Skåne","id":135}}},{"medal":85,"time":"2022-09-14T07:29:21+0000","type":"medal","user":{"country":"se","medals":[97,100,85],"zones":[116018],"pointsPerHour":0,"points":1993,"blocktime":675,"taken":11,"name":"Hannahconnah","totalPoints":1993,"rank":5,"id":372116,"place":7130,"uniqueZonesTaken":6,"region":{"name":"Skåne","id":135}}},{"sender":{"country":"se","medals":[7,5,16,79,70,28,56,126,117,27,97,48,22,122,15,128,105,41,4],"zones":[354311,153664,319233,49416,49418,49420,90445,49421,64013,12237,12238,49423,14543,90446,411799,476437,92308,154005,31385,204506,24413,24414,204508,64101,13482,13485,224812,126254,53619,61045,226804],"pointsPerHour":102,"points":44306,"blocktime":1335,"taken":26173,"name":"Spikbebis75","totalPoints":4986088,"rank":49,"id":92852,"place":660,"uniqueZonesTaken":1290,"region":{"name":"Stockholm","id":141}},"time":"2022-09-14T07:27:58+0000","message":"Pettssons : kemist?","region":{"name":"Stockholm","id":141},"type":"chat"},{"medal":84,"time":"2022-09-14T07:24:12+0000","type":"medal","user":{"country":"se","medals":[93,84],"zones":[25587],"pointsPerHour":0,"points":526,"blocktime":630,"taken":5,"name":"Rödlinnea","totalPoints":526,"rank":2,"id":372468,"place":7128,"uniqueZonesTaken":4,"region":{"name":"Västra Götaland","id":132}}}]