[{"sender":{"country":"se","medals":[43,16,27,4,67,5,70,17,17,79,77,28,22,24,30,24,48,117,124,126,108,60,24,66,74,26,17,118,131,116,17,24,24],"zones":[64672,28354,64675,221319,319746,115014,221320,412493,142575,433352,6959,155344,113621,92855,21143,141658,21145,141659,108957,23964,179997,27903],"pointsPerHour":51,"points":72472,"blocktime":1470,"taken":84060,"name":"Kingslayer","totalPoints":21489258,"rank":58,"id":23543,"place":315,"uniqueZonesTaken":5715,"region":{"name":"Skåne","id":135}},"time":"2022-09-13T14:05:29+0000","message":"S.T.: trångt!","region":{"name":"Skåne","id":135},"type":"chat"},{"sender":{"country":"se","medals":[67,5,126,11,130,16,46,56,37],"zones":[518951,200291,171779,412492,228431,28364,485898,176239,485897,28366,154355,125843,30579,412496,21145,21149,21150,27902,139293,224540],"pointsPerHour":35,"points":41990,"blocktime":1245,"taken":8830,"name":"S.T.","totalPoints":2220289,"rank":43,"id":189276,"place":658,"uniqueZonesTaken":95,"region":{"name":"Skåne","id":135}},"time":"2022-09-13T14:05:10+0000","message":"@Kingslayer tre tuffare samtidigt i Åstorp. det tar sig","region":{"name":"Skåne","id":135},"type":"chat"},{"medal":100,"time":"2022-09-13T14:02:08+0000","type":"medal","user":{"country":"se","medals":[95,100],"zones":[],"pointsPerHour":0,"points":1030,"blocktime":645,"taken":7,"name":"Elinシ︎シ︎シ︎シ︎","totalPoints":1030,"rank":3,"id":373211,"place":7070,"uniqueZonesTaken":7,"region":{"name":"Örebro","id":131}}},{"medal":33,"time":"2022-09-13T13:59:28+0000","type":"medal","user":{"country":"uk","medals":[79,51,102,97,12,33],"zones":[13410,392647,392794],"pointsPerHour":0,"points":5087,"blocktime":900,"taken":505,"name":"HydroHunter","totalPoints":108794,"rank":20,"id":317625,"place":7070,"uniqueZonesTaken":104,"region":{"name":"North West England","id":201}}}]