[{"sender":{"country":"uk","medals":[16,67,27,22,79,5,59,77,123,96,102,72,15,75,41,128],"zones":[321540,321542,345031,321543,321537,321538,321539,321544,365780,381201,365779,365778,350305,374005,321524,374004,321525,321526,374006,321527,321008,374003,321522,374002,321523,374013,374012,356863,374014,321535,408251,374011,374010],"pointsPerHour":83,"points":99364,"blocktime":1395,"taken":29543,"name":"CardiffSoulCru","totalPoints":7280258,"rank":53,"id":302121,"place":173,"uniqueZonesTaken":1145,"region":{"name":"Scotland","id":200}},"time":"2022-09-13T06:49:10+0000","message":"Drylaw13: Are you following down path?","region":{"name":"Scotland","id":200},"type":"chat"},{"medal":93,"time":"2022-09-13T06:46:39+0000","type":"medal","user":{"country":"se","medals":[93],"zones":[],"pointsPerHour":0,"points":140,"blocktime":600,"taken":1,"name":"tiildaaa","totalPoints":140,"rank":0,"id":374315,"place":6906,"uniqueZonesTaken":1,"region":{"name":"Uppsala","id":142}}},{"medal":80,"time":"2022-09-13T06:46:22+0000","type":"medal","user":{"country":"se","medals":[84,80],"zones":[31320,484670,24123,24124,24126],"pointsPerHour":0,"points":1081,"blocktime":645,"taken":6,"name":"DarisGrupp","totalPoints":1081,"rank":3,"id":374297,"place":6906,"uniqueZonesTaken":6,"region":{"name":"Halland","id":134}}},{"medal":80,"time":"2022-09-13T06:46:05+0000","type":"medal","user":{"country":"se","medals":[84,80],"zones":[24230,3384,20890,7182,24127],"pointsPerHour":0,"points":978,"blocktime":645,"taken":6,"name":"MALSA","totalPoints":978,"rank":3,"id":374298,"place":6906,"uniqueZonesTaken":6,"region":{"name":"Halland","id":134}}},{"medal":93,"time":"2022-09-13T06:42:10+0000","type":"medal","user":{"country":"se","medals":[93],"zones":[31319],"pointsPerHour":0,"points":325,"blocktime":615,"taken":2,"name":"ajqodadhiw","totalPoints":325,"rank":1,"id":374294,"place":6903,"uniqueZonesTaken":2,"region":{"name":"Halland","id":134}}}]