[{"medal":51,"time":"2023-05-30T07:41:15+0000","type":"medal","user":{"country":"se","medals":[96,85,90,51],"zones":[146226,865,11345,12819,475314,377,16953,23243,6059,6060],"pointsPerHour":0,"points":1922,"blocktime":11,"taken":13,"name":"First","totalPoints":1922,"rank":5,"id":396922,"place":8595,"uniqueZonesTaken":13,"region":{"name":"Västra Götaland","id":132}}},{"medal":51,"time":"2023-05-30T07:40:35+0000","type":"medal","user":{"country":"se","medals":[85,51],"zones":[26320,139440,11347,15958,327939,23225,43146,12812,319160,12525],"pointsPerHour":0,"points":1771,"blocktime":11,"taken":12,"name":"testOtis","totalPoints":1771,"rank":4,"id":395339,"place":8595,"uniqueZonesTaken":12,"region":{"name":"Västra Götaland","id":132}}},{"medal":31,"time":"2023-05-30T07:40:12+0000","type":"medal","user":{"country":"se","medals":[90,92,51,31],"zones":[11344,835,16951,840,95080,23242,12779,28987,517836,11343],"pointsPerHour":0,"points":1997,"blocktime":11,"taken":25,"name":"AE06d1","totalPoints":3901,"rank":6,"id":313378,"place":8595,"uniqueZonesTaken":16,"region":{"name":"Västra Götaland","id":132}}},{"medal":80,"time":"2023-05-30T07:39:59+0000","type":"medal","user":{"country":"se","medals":[84,80],"zones":[12818,116005,16955,16956,319161],"pointsPerHour":0,"points":1518,"blocktime":11,"taken":9,"name":"Sindhre.","totalPoints":1518,"rank":4,"id":396888,"place":8595,"uniqueZonesTaken":9,"region":{"name":"Västra Götaland","id":132}}},{"medal":85,"time":"2023-05-30T07:36:01+0000","type":"medal","user":{"country":"se","medals":[94,80,85],"zones":[50577,11346,478837,12453,43147,24396,863,28399],"pointsPerHour":0,"points":1465,"blocktime":11,"taken":10,"name":"theotheo","totalPoints":1465,"rank":4,"id":396925,"place":8592,"uniqueZonesTaken":10,"region":{"name":"Västra Götaland","id":132}}}]