[{"medal":80,"time":"2023-05-29T09:53:58+0000","type":"medal","user":{"country":"se","medals":[84,80],"zones":[42721,16841,496602,4349,43359],"pointsPerHour":0,"points":1147,"blocktime":10,"taken":7,"name":"ellibellibus","totalPoints":1147,"rank":3,"id":396620,"place":8430,"uniqueZonesTaken":7,"region":{"name":"Västernorrland","id":145}}},{"sender":{"country":"se","medals":[4,70,91,68,58,126,77,16,79,123,117,5,67,107,64,48,27,50,132,99,24,21,41,72],"zones":[69009,568216,185299,110484,185300,60695,225108,17497,8474,23515,143966,11933,11935,143965,11936,26528,11937,1448,12520,1449,12522,32939,12523,537893,1455,11953,285045,65975,4982,4984,65976,2297,8570],"pointsPerHour":138,"points":84358,"blocktime":22,"taken":26234,"name":"pellea64","totalPoints":4722624,"rank":49,"id":91681,"place":737,"uniqueZonesTaken":3547,"region":{"name":"Södermanland","id":140}},"time":"2023-05-29T09:53:57+0000","message":"Carrisen: assist?","region":{"name":"Östergötland","id":139},"type":"chat"},{"sender":{"country":"se","medals":[4,70,91,68,58,126,77,16,79,123,117,5,67,107,64,48,27,50,132,99,24,21,41,72],"zones":[69009,568216,185299,110484,185300,60695,225108,17497,8474,23515,143966,11933,11935,143965,11936,26528,11937,1448,12520,1449,12522,32939,12523,537893,1455,11953,285045,65975,4982,4984,65976,2297,8570],"pointsPerHour":138,"points":84357,"blocktime":22,"taken":26234,"name":"pellea64","totalPoints":4722624,"rank":49,"id":91681,"place":737,"uniqueZonesTaken":3547,"region":{"name":"Södermanland","id":140}},"time":"2023-05-29T09:53:43+0000","message":"guerro: god lunch!\u2026","region":{"name":"Östergötland","id":139},"type":"chat"},{"sender":{"country":"uk","medals":[54,35,13],"zones":[479030,479029,321265,321148,411244],"pointsPerHour":9,"points":16437,"blocktime":19,"taken":3767,"name":"Ferry","totalPoints":969999,"rank":37,"id":302890,"place":2754,"uniqueZonesTaken":310,"region":{"name":"Scotland","id":200}},"time":"2023-05-29T09:50:08+0000","message":"hinaip: - go to turfgame.com for info on how to fix it .","region":{"name":"Scotland","id":200},"type":"chat"},{"medal":66,"time":"2023-05-29T09:49:00+0000","type":"medal","user":{"country":"se","medals":[90,67,79,55,68,68,14,107,17,115,35,5,24,66],"zones":[340903,61957,37770,281883,374042],"pointsPerHour":0,"points":6393,"blocktime":19,"taken":4129,"name":"chako","totalPoints":800016,"rank":36,"id":234930,"place":8430,"uniqueZonesTaken":891,"region":{"name":"Örebro","id":131}}}]