[{"medal":92,"time":"2023-05-29T12:21:53+0000","type":"medal","user":{"country":"se","medals":[80,85,92],"zones":[63634,525229,17980,17981,33151],"pointsPerHour":0,"points":4622,"blocktime":11,"taken":19,"name":"Amanda000","totalPoints":4622,"rank":6,"id":393486,"place":8502,"uniqueZonesTaken":15,"region":{"name":"Västmanland","id":143}}},{"sender":{"country":"se","medals":[67,22,47,28,7,55,79,112,24,77,17,15,126,122,118,132,117,107],"zones":[12016,31763,130340,44293,709,79288,9677],"pointsPerHour":44,"points":31080,"blocktime":23,"taken":78152,"name":"tine","totalPoints":8937801,"rank":54,"id":36446,"place":1884,"uniqueZonesTaken":1475,"region":{"name":"Västmanland","id":143}},"time":"2023-05-29T12:12:41+0000","message":"ioelno: jag kan vänta 😊","region":{"name":"Västmanland","id":143},"type":"chat"}]