[{"medal":93,"time":"2023-05-30T06:14:09+0000","type":"medal","user":{"country":"se","medals":[93],"zones":[],"pointsPerHour":0,"points":170,"blocktime":10,"taken":1,"name":"nermin50kossa","totalPoints":170,"rank":0,"id":396869,"place":8564,"uniqueZonesTaken":1,"region":{"name":"Östergötland","id":139}}},{"sender":{"country":"se","medals":[77,117,79,16,100,122,47,28,67,22,57,14,7,97,24,132,41],"zones":[185280,64965,390,81289,393,523,32460,1166,401,26196,340,20631,983,20632,20633,24986,987,20636,413,93086,91742,353,23460,11237,28330,554,44333,62643,23925,27831,634,95226,509],"pointsPerHour":208,"points":155168,"blocktime":22,"taken":28763,"name":"Svepet","totalPoints":4216523,"rank":48,"id":299128,"place":303,"uniqueZonesTaken":773,"region":{"name":"Skåne","id":135}},"time":"2023-05-30T05:57:04+0000","message":"TXL: Tack 🙏","region":{"name":"Skåne","id":135},"type":"chat"}]