[{"medal":80,"time":"2022-03-14T19:08:37+0000","type":"medal","user":{"country":"se","medals":[84,80],"zones":[30211,1732,350051,15114,122863],"pointsPerHour":0,"points":635,"blocktime":630,"taken":7,"name":"JosenJosef653","totalPoints":635,"rank":2,"id":356457,"place":5637,"uniqueZonesTaken":6,"region":{"name":"Västerbotten","id":127}}},{"medal":84,"time":"2022-03-14T18:57:36+0000","type":"medal","user":{"country":"se","medals":[84],"zones":[30211,15114,122863],"pointsPerHour":0,"points":456,"blocktime":630,"taken":5,"name":"JosenJosef653","totalPoints":456,"rank":2,"id":356457,"place":5637,"uniqueZonesTaken":5,"region":{"name":"Västerbotten","id":127}}}]