[{"medal":84,"time":"2022-09-13T13:36:30+0000","type":"medal","user":{"country":"se","medals":[94,84],"zones":[21088,20504],"pointsPerHour":0,"points":644,"blocktime":630,"taken":5,"name":"Happy53","totalPoints":644,"rank":2,"id":372750,"place":7065,"uniqueZonesTaken":4,"region":{"name":"Örebro","id":131}}},{"medal":92,"time":"2022-09-13T13:33:34+0000","type":"medal","user":{"country":"se","medals":[93,85,80,92],"zones":[451604,176789,62233,178376,119706,235422,319194,33439],"pointsPerHour":0,"points":2612,"blocktime":675,"taken":15,"name":"Långdase07","totalPoints":2612,"rank":5,"id":372498,"place":7065,"uniqueZonesTaken":15,"region":{"name":"Örebro","id":131}}},{"medal":130,"time":"2022-09-13T13:30:35+0000","type":"medal","user":{"country":"se","medals":[16,4,77,70,79,55,28,47,126,15,123,107,24,5,7,38,24,112,67,130],"zones":[202391,55983,26159],"pointsPerHour":0,"points":9399,"blocktime":1230,"taken":11831,"name":"GrandmaDuck","totalPoints":1813326,"rank":42,"id":209349,"place":7065,"uniqueZonesTaken":1575,"region":{"name":"Västmanland","id":143}}}]