[{"medal":106,"time":"2022-09-13T12:56:46+0000","type":"medal","user":{"country":"se","medals":[78,47,54,13,34,10,94,6,106],"zones":[36855],"pointsPerHour":0,"points":335,"blocktime":1005,"taken":1683,"name":"Suddagumman","totalPoints":229746,"rank":27,"id":328783,"place":7052,"uniqueZonesTaken":340,"region":{"name":"Östergötland","id":139}}},{"medal":92,"time":"2022-09-13T12:54:06+0000","type":"medal","user":{"country":"se","medals":[85,51,90,92,71],"zones":[1506,3381,757,20886,20887,62552,7177,3390,1503,479],"pointsPerHour":0,"points":1812,"blocktime":660,"taken":15,"name":"Lykke05","totalPoints":1812,"rank":4,"id":374496,"place":7052,"uniqueZonesTaken":15,"region":{"name":"Halland","id":134}}},{"medal":71,"time":"2022-09-13T12:54:06+0000","type":"medal","user":{"country":"se","medals":[85,51,90,92,71],"zones":[1506,3381,757,20886,20887,62552,7177,3390,1503,479],"pointsPerHour":0,"points":1812,"blocktime":660,"taken":15,"name":"Lykke05","totalPoints":1812,"rank":4,"id":374496,"place":7052,"uniqueZonesTaken":15,"region":{"name":"Halland","id":134}}},{"medal":92,"time":"2022-09-13T12:53:37+0000","type":"medal","user":{"country":"se","medals":[80,85,92],"zones":[224099,7190,43046,24121,22331,484667],"pointsPerHour":0,"points":2031,"blocktime":675,"taken":15,"name":"dicle&nellie","totalPoints":2031,"rank":5,"id":374501,"place":7052,"uniqueZonesTaken":15,"region":{"name":"Halland","id":134}}},{"medal":85,"time":"2022-09-13T12:52:16+0000","type":"medal","user":{"country":"se","medals":[80,85],"zones":[154979,27010,80629,11268,115129,3385,224522],"pointsPerHour":0,"points":1706,"blocktime":660,"taken":10,"name":"Caren","totalPoints":1706,"rank":4,"id":374508,"place":7052,"uniqueZonesTaken":10,"region":{"name":"Halland","id":134}}}]