[{"medal":85,"time":"2022-09-13T09:22:14+0000","type":"medal","user":{"country":"se","medals":[80,85],"zones":[1507,757,20887,62552,1503,479],"pointsPerHour":0,"points":1159,"blocktime":645,"taken":10,"name":"yolomax123","totalPoints":1159,"rank":3,"id":374381,"place":6968,"uniqueZonesTaken":9,"region":{"name":"Halland","id":134}}},{"medal":80,"time":"2022-09-13T09:18:32+0000","type":"medal","user":{"country":"se","medals":[84,80],"zones":[1507,20887,62552,1503,479],"pointsPerHour":0,"points":1032,"blocktime":645,"taken":9,"name":"yolomax123","totalPoints":1032,"rank":3,"id":374381,"place":6968,"uniqueZonesTaken":9,"region":{"name":"Halland","id":134}}},{"medal":80,"time":"2022-09-13T09:17:25+0000","type":"medal","user":{"country":"se","medals":[80,84],"zones":[451603,515788,23885,203580,20959],"pointsPerHour":0,"points":732,"blocktime":645,"taken":5,"name":"Maxozacke","totalPoints":732,"rank":3,"id":374401,"place":6968,"uniqueZonesTaken":5,"region":{"name":"Örebro","id":131}}},{"medal":84,"time":"2022-09-13T09:17:25+0000","type":"medal","user":{"country":"se","medals":[80,84],"zones":[451603,515788,23885,203580,20959],"pointsPerHour":0,"points":732,"blocktime":645,"taken":5,"name":"Maxozacke","totalPoints":732,"rank":3,"id":374401,"place":6968,"uniqueZonesTaken":5,"region":{"name":"Örebro","id":131}}}]