[{"medal":127,"time":"2022-09-13T16:11:31+0000","type":"medal","user":{"country":"se","medals":[67,7,77,28,79,104,95,126,47,56,16,70,14,39,127],"zones":[486087,1218,1219,44262,44263,3210,6445,22254,42703,48243,151861,185308],"pointsPerHour":0,"points":45992,"blocktime":1290,"taken":16823,"name":"kenyjan","totalPoints":3176947,"rank":46,"id":165434,"place":7084,"uniqueZonesTaken":518,"region":{"name":"Dalarna","id":129}}},{"medal":94,"time":"2022-09-13T16:01:31+0000","type":"medal","user":{"country":"se","medals":[94],"zones":[44260],"pointsPerHour":0,"points":250,"blocktime":615,"taken":2,"name":"kevve12","totalPoints":250,"rank":1,"id":374245,"place":7082,"uniqueZonesTaken":2,"region":{"name":"Dalarna","id":129}}}]