[{"sender":{"country":"se","medals":[67,9,16,24,22,57,48,24,72,79,77,24,66,26,24,17,116,83,117,24,24,50,24,17,4,24,111,24,27,124,126,118,17,130,17],"zones":[94913,92224,10948,475522,714,494089,93903,31440,56145,31442,27795,7765,27799,7767,34269,7457,22753,22760,44458,44460,21357,54772,480050,91959,281714,8311,37240,26107,31804,359096],"pointsPerHour":218,"points":89660,"blocktime":1440,"taken":99379,"name":"VÄDUREN","totalPoints":12371045,"rank":56,"id":92950,"place":182,"uniqueZonesTaken":4200,"region":{"name":"Västmanland","id":143}},"time":"2022-09-12T11:34:33+0000","message":"Tjosan78; vet du att det finns en zon innan Dingtuna som heter Svedvi som inte syns 😄. Vi har tagit den men SunYour har felanmält. 😄","region":{"name":"Västmanland","id":143},"type":"chat"},{"medal":80,"time":"2022-09-12T11:31:02+0000","type":"medal","user":{"country":"se","medals":[84,80],"zones":[10385,11444,15096,233679,460],"pointsPerHour":0,"points":593,"blocktime":630,"taken":6,"name":"SMC","totalPoints":593,"rank":2,"id":374080,"place":6769,"uniqueZonesTaken":6,"region":{"name":"Västra Götaland","id":132}}},{"medal":80,"time":"2022-09-12T11:29:39+0000","type":"medal","user":{"country":"se","medals":[93,84,80],"zones":[865,835,208758,16951,43144],"pointsPerHour":0,"points":707,"blocktime":645,"taken":6,"name":"AdamPersson23","totalPoints":707,"rank":3,"id":374091,"place":6768,"uniqueZonesTaken":6,"region":{"name":"Västra Götaland","id":132}}}]