[{"medal":85,"time":"2022-09-13T10:41:34+0000","type":"medal","user":{"country":"se","medals":[80,85],"zones":[146226,12112,16966,6060],"pointsPerHour":0,"points":1542,"blocktime":660,"taken":10,"name":"Karlaz","totalPoints":1542,"rank":4,"id":374290,"place":6994,"uniqueZonesTaken":10,"region":{"name":"Västra Götaland","id":132}}},{"medal":85,"time":"2022-09-13T10:41:34+0000","type":"medal","user":{"country":"se","medals":[80,85],"zones":[11346,26323,12819,43147,23243],"pointsPerHour":0,"points":1420,"blocktime":660,"taken":10,"name":"Mishkin","totalPoints":1420,"rank":4,"id":374235,"place":6994,"uniqueZonesTaken":10,"region":{"name":"Västra Götaland","id":132}}},{"medal":84,"time":"2022-09-13T10:40:25+0000","type":"medal","user":{"country":"se","medals":[84],"zones":[11344,488501,517836],"pointsPerHour":0,"points":777,"blocktime":645,"taken":5,"name":"gustafffsson","totalPoints":777,"rank":3,"id":374453,"place":6994,"uniqueZonesTaken":5,"region":{"name":"Västra Götaland","id":132}}},{"medal":80,"time":"2022-09-13T10:39:33+0000","type":"medal","user":{"country":"se","medals":[80,84],"zones":[11345,12818,116005,475314,16953],"pointsPerHour":0,"points":807,"blocktime":645,"taken":5,"name":"Hamzeh","totalPoints":807,"rank":3,"id":374448,"place":6994,"uniqueZonesTaken":5,"region":{"name":"Västra Götaland","id":132}}},{"medal":84,"time":"2022-09-13T10:39:33+0000","type":"medal","user":{"country":"se","medals":[80,84],"zones":[11345,12818,116005,475314,16953],"pointsPerHour":0,"points":807,"blocktime":645,"taken":5,"name":"Hamzeh","totalPoints":807,"rank":3,"id":374448,"place":6994,"uniqueZonesTaken":5,"region":{"name":"Västra Götaland","id":132}}},{"medal":85,"time":"2022-09-13T10:39:04+0000","type":"medal","user":{"country":"se","medals":[80,85],"zones":[12112,139441,515423,12122,80203,875,180681,89898],"pointsPerHour":0,"points":1558,"blocktime":660,"taken":10,"name":"hindiMovie","totalPoints":1558,"rank":4,"id":373303,"place":6994,"uniqueZonesTaken":10,"region":{"name":"Västra Götaland","id":132}}},{"medal":84,"time":"2022-09-13T10:38:30+0000","type":"medal","user":{"country":"se","medals":[93,84],"zones":[835,839,24396],"pointsPerHour":0,"points":554,"blocktime":630,"taken":5,"name":"Marielochjenny","totalPoints":554,"rank":2,"id":374455,"place":6994,"uniqueZonesTaken":5,"region":{"name":"Västra Götaland","id":132}}},{"medal":80,"time":"2022-09-13T10:37:08+0000","type":"medal","user":{"country":"se","medals":[84,80],"zones":[478837,26323,12819,43147,28399],"pointsPerHour":0,"points":1169,"blocktime":645,"taken":8,"name":"Mishkin","totalPoints":1169,"rank":3,"id":374235,"place":6994,"uniqueZonesTaken":8,"region":{"name":"Västra Götaland","id":132}}}]