[{"medal":93,"time":"2022-09-12T10:34:45+0000","type":"medal","user":{"country":"se","medals":[93],"zones":[43043,56749],"pointsPerHour":0,"points":510,"blocktime":630,"taken":3,"name":"Elisaärbäst","totalPoints":510,"rank":2,"id":374043,"place":6731,"uniqueZonesTaken":3,"region":{"name":"Halland","id":134}}},{"sender":{"country":"se","medals":[22,67,4,24,70,16,57,27,83,15,72,79,48,99,66,24,126,107,124,130,24,119],"zones":[21761,711,63784,31433,63787,2252,29167,14870,15960,63802,41726,41727],"pointsPerHour":56,"points":164160,"blocktime":1470,"taken":105952,"name":"FlitigaTobbe","totalPoints":17829331,"rank":58,"id":48872,"place":32,"uniqueZonesTaken":2255,"region":{"name":"Västmanland","id":143}},"time":"2022-09-12T10:34:14+0000","message":"Jonac: 👍","region":{"name":"Västmanland","id":143},"type":"chat"},{"medal":103,"time":"2022-09-12T10:32:57+0000","type":"medal","user":{"country":"se","medals":[5,4,94,127,53,90,33,13,103],"zones":[6881,200152,22798],"pointsPerHour":0,"points":29363,"blocktime":930,"taken":562,"name":"zajjko","totalPoints":126306,"rank":22,"id":22984,"place":6730,"uniqueZonesTaken":259,"region":{"name":"Skåne","id":135}}},{"medal":84,"time":"2022-09-12T10:32:45+0000","type":"medal","user":{"country":"se","medals":[93,84],"zones":[2258,20964,5418,22747],"pointsPerHour":0,"points":417,"blocktime":615,"taken":5,"name":"SagaG.Stina","totalPoints":417,"rank":1,"id":374038,"place":6730,"uniqueZonesTaken":5,"region":{"name":"Örebro","id":131}}},{"medal":51,"time":"2022-09-12T10:32:34+0000","type":"medal","user":{"country":"se","medals":[85,10,51],"zones":[220661,31192,5417,538,92938,365,430875,22079,735,24591],"pointsPerHour":0,"points":954,"blocktime":645,"taken":11,"name":"MattilaMalm","totalPoints":954,"rank":3,"id":374037,"place":6730,"uniqueZonesTaken":11,"region":{"name":"Örebro","id":131}}},{"sender":{"country":"se","medals":[5,16,24,67,24,22,4,17,24,60,3,68,24,24,70,3,68,17,68,66,64,68,24,62,24,68,17,72,24,79,17,77,75,50,17,115,89,26,123,107],"zones":[21760,109927,60713,490,433418,484523,92239,20849,136246,14872,182138,8312,14873,15961,14874,155870,21759],"pointsPerHour":80,"points":147089,"blocktime":1410,"taken":59832,"name":"Jonac","totalPoints":8809805,"rank":54,"id":39290,"place":42,"uniqueZonesTaken":3353,"region":{"name":"Västmanland","id":143}},"time":"2022-09-12T10:31:39+0000","message":"FlitigaTobbe: dem mot skogen och södra men tar imorgon ist :)","region":{"name":"Västmanland","id":143},"type":"chat"},{"sender":{"country":"se","medals":[16,27,117,131,14,79,123,70,22,5,48,67,60,28,36,102,97],"zones":[64770,23813,49797,52998,23814,49798,23815,49799,397953,49800,49801,64267,23820,488086,31382,43031,178459,115741,512795,31388,178460,494243,14501,14503,14505,25131,32043,32045,228398,228397,203569,418993,176824,64841,64842,523977,9299,10965,92759,96862,24416,24417,76642,24419,24420,76644,11621,55909,382176,64748,154607,220398,154604,154605,154610,220400,94196,135035,177528,429434,418939,55934,387194],"pointsPerHour":91,"points":96146,"blocktime":1245,"taken":6284,"name":"Bels","totalPoints":2116120,"rank":43,"id":336209,"place":151,"uniqueZonesTaken":981,"region":{"name":"Uppsala","id":142}},"time":"2022-09-12T10:31:02+0000","message":"VESPER007: och väntar på samtal från vårdcentralen","region":{"name":"Uppsala","id":142},"type":"chat"},{"medal":85,"time":"2022-09-12T10:30:54+0000","type":"medal","user":{"country":"se","medals":[80,85,10],"zones":[220661,31192,538,92938,365,430875,22079,735,24591],"pointsPerHour":0,"points":872,"blocktime":645,"taken":10,"name":"MattilaMalm","totalPoints":872,"rank":3,"id":374037,"place":6730,"uniqueZonesTaken":10,"region":{"name":"Örebro","id":131}}},{"medal":10,"time":"2022-09-12T10:30:54+0000","type":"medal","user":{"country":"se","medals":[80,85,10],"zones":[220661,31192,538,92938,365,430875,22079,735,24591],"pointsPerHour":0,"points":872,"blocktime":645,"taken":10,"name":"MattilaMalm","totalPoints":872,"rank":3,"id":374037,"place":6730,"uniqueZonesTaken":10,"region":{"name":"Örebro","id":131}}},{"sender":{"country":"se","medals":[22,67,4,24,70,16,57,27,83,15,72,79,48,99,66,24,126,107,124,130,24,119],"zones":[21761,711,63784,31433,63787,2252,29167,14870,15960,63802,41726,41727],"pointsPerHour":56,"points":164157,"blocktime":1470,"taken":105952,"name":"FlitigaTobbe","totalPoints":17829328,"rank":58,"id":48872,"place":32,"uniqueZonesTaken":2255,"region":{"name":"Västmanland","id":143}},"time":"2022-09-12T10:30:45+0000","message":"Jonac: sorry. Hade du denna och fler kvar uppåt?","region":{"name":"Västmanland","id":143},"type":"chat"},{"sender":{"country":"se","medals":[16,27,117,131,14,79,123,70,22,5,48,67,60,28,36,102,97],"zones":[64770,23813,49797,52998,23814,49798,23815,49799,397953,49800,49801,64267,23820,488086,31382,43031,178459,115741,512795,31388,178460,494243,14501,14503,14505,25131,32043,32045,228398,228397,203569,418993,176824,64841,64842,523977,9299,10965,92759,96862,24416,24417,76642,24419,24420,76644,11621,55909,382176,64748,154607,220398,154604,154605,154610,220400,94196,135035,177528,429434,418939,55934,387194],"pointsPerHour":91,"points":96146,"blocktime":1245,"taken":6284,"name":"Bels","totalPoints":2116119,"rank":43,"id":336209,"place":151,"uniqueZonesTaken":981,"region":{"name":"Uppsala","id":142}},"time":"2022-09-12T10:30:30+0000","message":"VESPER007: bra att du kör i Tierp själv är jag lite 'justerad' mitt mål idag är att ta det fem åtminstone lämnade in cykeln på lagning nyss","region":{"name":"Uppsala","id":142},"type":"chat"},{"medal":80,"time":"2022-09-12T10:30:11+0000","type":"medal","user":{"country":"se","medals":[80,84],"zones":[22080,206866,12387,504,22747],"pointsPerHour":0,"points":404,"blocktime":615,"taken":5,"name":"Tor,Ana,Noa","totalPoints":404,"rank":1,"id":374039,"place":6730,"uniqueZonesTaken":5,"region":{"name":"Örebro","id":131}}},{"medal":84,"time":"2022-09-12T10:30:11+0000","type":"medal","user":{"country":"se","medals":[80,84],"zones":[22080,206866,12387,504,22747],"pointsPerHour":0,"points":404,"blocktime":615,"taken":5,"name":"Tor,Ana,Noa","totalPoints":404,"rank":1,"id":374039,"place":6730,"uniqueZonesTaken":5,"region":{"name":"Örebro","id":131}}}]