[{"medal":86,"time":"2022-09-12T16:30:34+0000","type":"medal","user":{"country":"fi","medals":[51,92,93,86],"zones":[33616,328517,324451,33608,480108,65965],"pointsPerHour":0,"points":7733,"blocktime":705,"taken":50,"name":"lillepio","totalPoints":7876,"rank":7,"id":371710,"place":6868,"uniqueZonesTaken":25,"region":{"name":"Åland","id":177}}},{"medal":80,"time":"2022-09-12T16:29:25+0000","type":"medal","user":{"country":"se","medals":[93,84,80],"zones":[36848,36849,36850,36852],"pointsPerHour":0,"points":1067,"blocktime":645,"taken":6,"name":"vikant","totalPoints":1067,"rank":3,"id":374227,"place":6868,"uniqueZonesTaken":5,"region":{"name":"Dalarna","id":129}}},{"medal":50,"time":"2022-09-12T16:26:41+0000","type":"medal","user":{"country":"se","medals":[79,16,47,95,70,28,77,7,22,123,67,5,57,130,107,38,50],"zones":[64708,20693,519727],"pointsPerHour":0,"points":32837,"blocktime":1245,"taken":13342,"name":"maggan51","totalPoints":2099128,"rank":43,"id":331276,"place":6868,"uniqueZonesTaken":2500,"region":{"name":"Västerbotten","id":127}}},{"sender":{"country":"se","medals":[67,79,77,16,72,83,70,27,48,117,131,95,103,60,21,15,6,124,39],"zones":[408070,408069,193800,134254,475626,34639,34640,114513,44305,22323,210841,19322,86426,34620,496826,34719],"pointsPerHour":43,"points":88413,"blocktime":1290,"taken":15172,"name":"ovalfyrkant","totalPoints":3125002,"rank":46,"id":333844,"place":204,"uniqueZonesTaken":1249,"region":{"name":"Kalmar","id":137}},"time":"2022-09-12T16:26:24+0000","message":"Gallant: börja rensa söder","region":{"name":"Kalmar","id":137},"type":"chat"},{"medal":109,"time":"2022-09-12T16:26:03+0000","type":"medal","user":{"country":"se","medals":[126,16,79,77,55,70,117,24,67,15,5,48,124,24,112,72,7,132,41,109],"zones":[468806,96224,7747,29700,29702,47656,224042,17549,31949,115183,33519,115182,60432,95474,115159,11223,115158,9529,115192,24222,24223],"pointsPerHour":0,"points":91324,"blocktime":1290,"taken":25363,"name":"Tjosan78","totalPoints":3318968,"rank":46,"id":271006,"place":6868,"uniqueZonesTaken":2169,"region":{"name":"Västmanland","id":143}}},{"medal":84,"time":"2022-09-12T16:22:53+0000","type":"medal","user":{"country":"se","medals":[93,84],"zones":[36848,36849,36850,37383],"pointsPerHour":0,"points":897,"blocktime":645,"taken":5,"name":"vikant","totalPoints":897,"rank":3,"id":374227,"place":6867,"uniqueZonesTaken":4,"region":{"name":"Dalarna","id":129}}}]