[{"medal":51,"time":"2023-04-18T08:41:39+0000","type":"medal","user":{"country":"se","medals":[51,85],"zones":[7184,66113,66112,95603,7205,95607,95560,7193,587,96682],"pointsPerHour":0,"points":1428,"blocktime":660,"taken":10,"name":"Dessan","totalPoints":1428,"rank":4,"id":388639,"place":6706,"uniqueZonesTaken":10,"region":{"name":"Skåne","id":135}}},{"medal":85,"time":"2023-04-18T08:41:39+0000","type":"medal","user":{"country":"se","medals":[51,85],"zones":[7184,66113,66112,95603,7205,95607,95560,7193,587,96682],"pointsPerHour":0,"points":1428,"blocktime":660,"taken":10,"name":"Dessan","totalPoints":1428,"rank":4,"id":388639,"place":6706,"uniqueZonesTaken":10,"region":{"name":"Skåne","id":135}}},{"sender":{"country":"se","medals":[55,15,79,28,112,7,47,24,77,123,126,104,130,88],"zones":[],"pointsPerHour":0,"points":46757,"blocktime":1335,"taken":41183,"name":"carinn","totalPoints":4855412,"rank":49,"id":117795,"place":869,"uniqueZonesTaken":2163,"region":{"name":"Västmanland","id":143}},"time":"2023-04-18T08:40:49+0000","message":"ManUtd50: Aha! Du kör vidare. Då drar jag mot Björnön","region":{"name":"Västmanland","id":143},"type":"chat"},{"medal":80,"time":"2023-04-18T08:40:38+0000","type":"medal","user":{"country":"se","medals":[84,80],"zones":[176645,26712,7064,11450,21501],"pointsPerHour":0,"points":487,"blocktime":630,"taken":6,"name":"lilahanna","totalPoints":487,"rank":2,"id":389013,"place":6704,"uniqueZonesTaken":6,"region":{"name":"Västra Götaland","id":132}}},{"medal":93,"time":"2023-04-18T08:39:50+0000","type":"medal","user":{"country":"se","medals":[93],"zones":[],"pointsPerHour":0,"points":170,"blocktime":600,"taken":1,"name":"kuken12356","totalPoints":170,"rank":0,"id":389066,"place":6701,"uniqueZonesTaken":1,"region":{"name":"Östergötland","id":139}}},{"medal":93,"time":"2023-04-18T08:38:46+0000","type":"medal","user":{"country":"se","medals":[93],"zones":[],"pointsPerHour":0,"points":199,"blocktime":615,"taken":3,"name":"emily4","totalPoints":199,"rank":1,"id":389024,"place":6701,"uniqueZonesTaken":3,"region":{"name":"Västra Götaland","id":132}}},{"medal":92,"time":"2023-04-18T08:36:51+0000","type":"medal","user":{"country":"se","medals":[93,78,85,80,92],"zones":[372,178343,1500,30557,21502],"pointsPerHour":0,"points":608,"blocktime":660,"taken":17,"name":"jackrosa","totalPoints":1510,"rank":4,"id":323265,"place":6701,"uniqueZonesTaken":15,"region":{"name":"Västra Götaland","id":132}}},{"medal":100,"time":"2023-04-18T08:36:15+0000","type":"medal","user":{"country":"se","medals":[94,100],"zones":[],"pointsPerHour":0,"points":430,"blocktime":630,"taken":5,"name":"HannahJ5","totalPoints":430,"rank":2,"id":389016,"place":6701,"uniqueZonesTaken":5,"region":{"name":"Västra Götaland","id":132}}}]