[{"medal":93,"time":"2023-04-17T13:45:01+0000","type":"medal","user":{"country":"se","medals":[93],"zones":[36452,894],"pointsPerHour":0,"points":420,"blocktime":630,"taken":3,"name":"LiamLuneng","totalPoints":420,"rank":2,"id":388806,"place":6581,"uniqueZonesTaken":3,"region":{"name":"Stockholm","id":141}}},{"medal":93,"time":"2023-04-17T13:44:19+0000","type":"medal","user":{"country":"se","medals":[93],"zones":[447],"pointsPerHour":0,"points":145,"blocktime":600,"taken":2,"name":"lilaDexter","totalPoints":145,"rank":0,"id":388860,"place":6580,"uniqueZonesTaken":2,"region":{"name":"Västra Götaland","id":132}}},{"medal":84,"time":"2023-04-17T13:43:08+0000","type":"medal","user":{"country":"se","medals":[84],"zones":[28160,36451,23319,28159],"pointsPerHour":0,"points":718,"blocktime":645,"taken":5,"name":"Samuel22c","totalPoints":718,"rank":3,"id":388819,"place":6578,"uniqueZonesTaken":5,"region":{"name":"Stockholm","id":141}}},{"medal":51,"time":"2023-04-17T13:41:50+0000","type":"medal","user":{"country":"se","medals":[85,90,51],"zones":[1056,1073,97890,20740,138470,27957,30805,568797,9463,43177],"pointsPerHour":0,"points":1284,"blocktime":660,"taken":11,"name":"DerMann","totalPoints":1284,"rank":4,"id":388838,"place":6577,"uniqueZonesTaken":11,"region":{"name":"Stockholm","id":141}}},{"medal":127,"time":"2023-04-17T13:41:50+0000","type":"medal","user":{"country":"se","medals":[51,94,11,32,127],"zones":[11920,29377,22305,11921],"pointsPerHour":0,"points":20996,"blocktime":765,"taken":150,"name":"GillarAttGå","totalPoints":20996,"rank":11,"id":388031,"place":6577,"uniqueZonesTaken":74,"region":{"name":"Östergötland","id":139}}},{"medal":93,"time":"2023-04-17T13:41:13+0000","type":"medal","user":{"country":"se","medals":[93],"zones":[],"pointsPerHour":0,"points":65,"blocktime":600,"taken":1,"name":"Kellieblå","totalPoints":65,"rank":0,"id":388855,"place":6577,"uniqueZonesTaken":1,"region":{"name":"Västra Götaland","id":132}}},{"medal":85,"time":"2023-04-17T13:40:19+0000","type":"medal","user":{"country":"se","medals":[80,85,90],"zones":[1056,1073,97890,20740,27957,30805,568797,9463,43177],"pointsPerHour":0,"points":1127,"blocktime":645,"taken":10,"name":"DerMann","totalPoints":1127,"rank":3,"id":388838,"place":6575,"uniqueZonesTaken":10,"region":{"name":"Stockholm","id":141}}},{"medal":90,"time":"2023-04-17T13:40:19+0000","type":"medal","user":{"country":"se","medals":[80,85,90],"zones":[1056,1073,97890,20740,27957,30805,568797,9463,43177],"pointsPerHour":0,"points":1127,"blocktime":645,"taken":10,"name":"DerMann","totalPoints":1127,"rank":3,"id":388838,"place":6575,"uniqueZonesTaken":10,"region":{"name":"Stockholm","id":141}}},{"medal":37,"time":"2023-04-17T13:39:43+0000","type":"medal","user":{"country":"se","medals":[79,28,57,16,6,95,14,123,103,48,130,37],"zones":[42082,475522,480050,29702,115159],"pointsPerHour":0,"points":36748,"blocktime":1170,"taken":7500,"name":"dreadhead","totalPoints":995018,"rank":38,"id":366592,"place":6574,"uniqueZonesTaken":609,"region":{"name":"Västmanland","id":143}}}]