[{"medal":94,"time":"2023-04-18T09:16:35+0000","type":"medal","user":{"country":"se","medals":[94],"zones":[],"pointsPerHour":0,"points":235,"blocktime":615,"taken":2,"name":"Stellahojden","totalPoints":235,"rank":1,"id":389103,"place":6724,"uniqueZonesTaken":2,"region":{"name":"Skåne","id":135}}},{"medal":94,"time":"2023-04-18T09:16:35+0000","type":"medal","user":{"country":"se","medals":[94],"zones":[],"pointsPerHour":0,"points":110,"blocktime":600,"taken":1,"name":"Alvarosenqvist","totalPoints":110,"rank":0,"id":389100,"place":6724,"uniqueZonesTaken":1,"region":{"name":"Skåne","id":135}}},{"medal":93,"time":"2023-04-18T09:16:29+0000","type":"medal","user":{"country":"se","medals":[93],"zones":[],"pointsPerHour":0,"points":95,"blocktime":600,"taken":1,"name":"Daniel.D","totalPoints":95,"rank":0,"id":388907,"place":6724,"uniqueZonesTaken":1,"region":{"name":"Västra Götaland","id":132}}},{"medal":93,"time":"2023-04-18T09:16:00+0000","type":"medal","user":{"country":"se","medals":[93],"zones":[],"pointsPerHour":0,"points":125,"blocktime":600,"taken":1,"name":"roccotopg","totalPoints":125,"rank":0,"id":389120,"place":6724,"uniqueZonesTaken":1,"region":{"name":"Västra Götaland","id":132}}},{"medal":84,"time":"2023-04-18T09:13:06+0000","type":"medal","user":{"country":"se","medals":[93,84],"zones":[136176,50227,50231],"pointsPerHour":0,"points":866,"blocktime":645,"taken":5,"name":"OliwerSama","totalPoints":866,"rank":3,"id":389064,"place":6722,"uniqueZonesTaken":5,"region":{"name":"Östergötland","id":139}}},{"medal":93,"time":"2023-04-18T09:13:00+0000","type":"medal","user":{"country":"se","medals":[93],"zones":[],"pointsPerHour":0,"points":110,"blocktime":600,"taken":1,"name":"Evelina050401","totalPoints":110,"rank":0,"id":389101,"place":6721,"uniqueZonesTaken":1,"region":{"name":"Skåne","id":135}}},{"medal":93,"time":"2023-04-18T09:12:54+0000","type":"medal","user":{"country":"se","medals":[93],"zones":[],"pointsPerHour":0,"points":125,"blocktime":600,"taken":1,"name":"Stellahojden","totalPoints":125,"rank":0,"id":389103,"place":6721,"uniqueZonesTaken":1,"region":{"name":"Skåne","id":135}}},{"medal":84,"time":"2023-04-18T09:11:55+0000","type":"medal","user":{"country":"se","medals":[93,84],"zones":[50228,27736],"pointsPerHour":0,"points":696,"blocktime":645,"taken":5,"name":"churizard","totalPoints":881,"rank":3,"id":317099,"place":6720,"uniqueZonesTaken":4,"region":{"name":"Östergötland","id":139}}},{"medal":84,"time":"2023-04-18T09:09:09+0000","type":"medal","user":{"country":"se","medals":[84],"zones":[27736,50232],"pointsPerHour":0,"points":882,"blocktime":645,"taken":5,"name":"Lowe2009","totalPoints":882,"rank":3,"id":389062,"place":6718,"uniqueZonesTaken":5,"region":{"name":"Östergötland","id":139}}}]