[{"medal":84,"time":"2023-04-17T07:19:10+0000","type":"medal","user":{"country":"se","medals":[95,100,84],"zones":[1009],"pointsPerHour":0,"points":420,"blocktime":630,"taken":6,"name":"blåemina","totalPoints":420,"rank":2,"id":388588,"place":6431,"uniqueZonesTaken":6,"region":{"name":"Västra Götaland","id":132}}},{"medal":94,"time":"2023-04-17T07:18:52+0000","type":"medal","user":{"country":"se","medals":[94],"zones":[],"pointsPerHour":0,"points":160,"blocktime":600,"taken":2,"name":"rosatilda","totalPoints":160,"rank":0,"id":388573,"place":6429,"uniqueZonesTaken":2,"region":{"name":"Västra Götaland","id":132}}},{"medal":94,"time":"2023-04-17T07:18:52+0000","type":"medal","user":{"country":"se","medals":[94],"zones":[350],"pointsPerHour":0,"points":225,"blocktime":615,"taken":3,"name":"blåAldijana","totalPoints":225,"rank":1,"id":388566,"place":6429,"uniqueZonesTaken":3,"region":{"name":"Västra Götaland","id":132}}},{"medal":80,"time":"2023-04-17T07:16:45+0000","type":"medal","user":{"country":"se","medals":[80,84],"zones":[1136,316676,15542,17319,27835],"pointsPerHour":0,"points":615,"blocktime":630,"taken":5,"name":"Cigánska","totalPoints":615,"rank":2,"id":388557,"place":6429,"uniqueZonesTaken":5,"region":{"name":"Skåne","id":135}}},{"medal":84,"time":"2023-04-17T07:16:45+0000","type":"medal","user":{"country":"se","medals":[80,84],"zones":[1136,316676,15542,17319,27835],"pointsPerHour":0,"points":615,"blocktime":630,"taken":5,"name":"Cigánska","totalPoints":615,"rank":2,"id":388557,"place":6429,"uniqueZonesTaken":5,"region":{"name":"Skåne","id":135}}},{"medal":100,"time":"2023-04-17T07:16:34+0000","type":"medal","user":{"country":"se","medals":[95,100],"zones":[],"pointsPerHour":0,"points":355,"blocktime":615,"taken":5,"name":"Blåtindra","totalPoints":355,"rank":1,"id":388586,"place":6429,"uniqueZonesTaken":5,"region":{"name":"Västra Götaland","id":132}}},{"medal":100,"time":"2023-04-17T07:16:34+0000","type":"medal","user":{"country":"se","medals":[95,100],"zones":[],"pointsPerHour":0,"points":355,"blocktime":615,"taken":5,"name":"blåemina","totalPoints":355,"rank":1,"id":388588,"place":6429,"uniqueZonesTaken":5,"region":{"name":"Västra Götaland","id":132}}},{"medal":84,"time":"2023-04-17T07:16:34+0000","type":"medal","user":{"country":"se","medals":[95,84],"zones":[178343,30557,815],"pointsPerHour":0,"points":356,"blocktime":615,"taken":5,"name":"gulcornelia","totalPoints":356,"rank":1,"id":388587,"place":6429,"uniqueZonesTaken":5,"region":{"name":"Västra Götaland","id":132}}},{"medal":93,"time":"2023-04-17T07:15:19+0000","type":"medal","user":{"country":"se","medals":[93],"zones":[],"pointsPerHour":0,"points":95,"blocktime":600,"taken":1,"name":"rosatilda","totalPoints":95,"rank":0,"id":388573,"place":6428,"uniqueZonesTaken":1,"region":{"name":"Västra Götaland","id":132}}},{"medal":84,"time":"2023-04-17T07:14:55+0000","type":"medal","user":{"country":"se","medals":[93,84],"zones":[50232,27736],"pointsPerHour":0,"points":881,"blocktime":645,"taken":5,"name":"AlmaMolly","totalPoints":881,"rank":3,"id":388549,"place":6428,"uniqueZonesTaken":4,"region":{"name":"Östergötland","id":139}}},{"medal":94,"time":"2023-04-17T07:13:23+0000","type":"medal","user":{"country":"se","medals":[94],"zones":[387],"pointsPerHour":0,"points":145,"blocktime":600,"taken":2,"name":"orangemoa","totalPoints":145,"rank":0,"id":388572,"place":6426,"uniqueZonesTaken":2,"region":{"name":"Västra Götaland","id":132}}}]