[{"medal":84,"time":"2021-10-11T12:19:29+0000","type":"medal","user":{"country":"se","medals":[93,84],"zones":[92304,12066,119704],"pointsPerHour":0,"points":524,"blocktime":10,"taken":5,"name":"TG1","totalPoints":524,"rank":2,"id":349496,"place":6370,"uniqueZonesTaken":5,"region":{"name":"Stockholm","id":141}}},{"sender":{"country":"se","medals":[5,16,70,47,7,27,79,77,67,4,57,15,94,126,28,41,103,128],"zones":[84691,153988,222169,153993,117898,22063],"pointsPerHour":27,"points":29086,"blocktime":23,"taken":28646,"name":"erx007","totalPoints":7026425,"rank":52,"id":76576,"place":842,"uniqueZonesTaken":1300,"region":{"name":"Stockholm","id":141}},"time":"2021-10-11T12:17:02+0000","message":"Turfsmurf: uscha","region":{"name":"Stockholm","id":141},"type":"chat"},{"sender":{"country":"se","medals":[5,16,70,47,7,27,79,77,67,4,57,15,94,126,28,41,103,128],"zones":[84691,153988,222169,153993,117898,22063],"pointsPerHour":27,"points":29086,"blocktime":23,"taken":28646,"name":"erx007","totalPoints":7026425,"rank":52,"id":76576,"place":842,"uniqueZonesTaken":1300,"region":{"name":"Stockholm","id":141}},"time":"2021-10-11T12:16:49+0000","message":"erx007: uscha","region":{"name":"Stockholm","id":141},"type":"chat"},{"sender":{"country":"se","medals":[16,28,22,47,79,77,27,57,66,122,126,70,4,39,67,97,5,104,117,50,127],"zones":[25187,153992,94203,155390,139279,155391,25855],"pointsPerHour":21,"points":16669,"blocktime":21,"taken":19610,"name":"Turfsmurf","totalPoints":3356823,"rank":46,"id":6809,"place":1454,"uniqueZonesTaken":2846,"region":{"name":"Stockholm","id":141}},"time":"2021-10-11T12:16:18+0000","message":"erx007: min rygg är både blå och gul","region":{"name":"Stockholm","id":141},"type":"chat"},{"sender":{"country":"se","medals":[5,16,70,47,7,27,79,77,67,4,57,15,94,126,28,41,103,128],"zones":[84691,153988,222169,153993,117898,22063],"pointsPerHour":27,"points":29086,"blocktime":23,"taken":28646,"name":"erx007","totalPoints":7026424,"rank":52,"id":76576,"place":842,"uniqueZonesTaken":1300,"region":{"name":"Stockholm","id":141}},"time":"2021-10-11T12:15:43+0000","message":"Turfsmurf: risbyle är också gul 👍","region":{"name":"Stockholm","id":141},"type":"chat"},{"sender":{"country":"se","medals":[16,28,22,47,79,77,27,57,66,122,126,70,4,39,67,97,5,104,117,50,127],"zones":[25187,153992,94203,155390,139279,155391,25855],"pointsPerHour":21,"points":16668,"blocktime":21,"taken":19610,"name":"Turfsmurf","totalPoints":3356823,"rank":46,"id":6809,"place":1454,"uniqueZonesTaken":2846,"region":{"name":"Stockholm","id":141}},"time":"2021-10-11T12:15:29+0000","message":"erx007: blir bara roundbejk. och så serasstig på hemväg.","region":{"name":"Stockholm","id":141},"type":"chat"}]