[{"medal":84,"time":"2021-10-12T15:40:38+0000","type":"medal","user":{"country":"se","medals":[84],"zones":[92007,1928,21369],"pointsPerHour":0,"points":406,"blocktime":10,"taken":5,"name":"K.","totalPoints":873,"rank":3,"id":256435,"place":6443,"uniqueZonesTaken":4,"region":{"name":"Norrbotten","id":126}}},{"sender":{"country":"se","medals":[34,94,100,6,90,53,78,14,128],"zones":[28367,353706],"pointsPerHour":2,"points":12095,"blocktime":18,"taken":2278,"name":"MosterMysko","totalPoints":444653,"rank":32,"id":305441,"place":2000,"uniqueZonesTaken":530,"region":{"name":"Stockholm","id":141}},"time":"2021-10-12T15:38:13+0000","message":"wabbe65: assist?","region":{"name":"Stockholm","id":141},"type":"chat"},{"medal":85,"time":"2021-10-12T15:38:03+0000","type":"medal","user":{"country":"se","medals":[85],"zones":[84,88],"pointsPerHour":0,"points":1089,"blocktime":10,"taken":10,"name":"SammeV","totalPoints":1089,"rank":3,"id":347925,"place":6442,"uniqueZonesTaken":9,"region":{"name":"Östergötland","id":139}}},{"medal":127,"time":"2021-10-12T15:37:16+0000","type":"medal","user":{"country":"se","medals":[28,55,46,16,93,34,122,6,14,127],"zones":[10387,10388,15098,109659,109658,428,15101,109660,87726],"pointsPerHour":0,"points":28380,"blocktime":18,"taken":2104,"name":"LabRat","totalPoints":425611,"rank":32,"id":322776,"place":6442,"uniqueZonesTaken":561,"region":{"name":"Västra Götaland","id":132}}}]