[{"sender":{"country":"se","medals":[70,67,24,16,72,83,22,77,79,24,17,116,4,24,58,24,108,75,50,124,126,89,24,91,49,17,128],"zones":[19696,17554,22754,549,24166,2249,31977,63692,135788,34271],"pointsPerHour":81,"points":31139,"blocktime":23,"taken":65875,"name":"ami68","totalPoints":8839436,"rank":54,"id":167440,"place":820,"uniqueZonesTaken":4095,"region":{"name":"Västmanland","id":143}},"time":"2021-10-11T19:59:48+0000","message":"skäggfar: Nu sover du gott om nätterna 😴","region":{"name":"Västmanland","id":143},"type":"chat"},{"sender":{"country":"se","medals":[79,46,77,70,5,67,102,16,10,35,6,13,95,4,56,128],"zones":[156674,223810,24067,139274,87946,91597,62033,413522,413521,57180,59421,57181,122338,8421,179434,8424,28458,30892,410666,30893,8429,8431,28150,28151,42871,28152,28154,86075,154622],"pointsPerHour":87,"points":24438,"blocktime":19,"taken":3993,"name":"Vipervirus","totalPoints":970337,"rank":37,"id":280276,"place":1062,"uniqueZonesTaken":295,"region":{"name":"Stockholm","id":141}},"time":"2021-10-11T19:59:34+0000","message":"attrar: jag undrade vart du va 😁","region":{"name":"Stockholm","id":141},"type":"chat"},{"medal":84,"time":"2021-10-11T19:42:52+0000","type":"medal","user":{"country":"de","medals":[84],"zones":[388444],"pointsPerHour":0,"points":185,"blocktime":10,"taken":5,"name":"rosa_donut","totalPoints":972,"rank":3,"id":338214,"place":6449,"uniqueZonesTaken":5,"region":{"name":"Hamburg","id":439}}}]