[{"medal":31,"time":"2021-10-12T17:26:41+0000","type":"medal","user":{"country":"se","medals":[94,100,51,92,31],"zones":[22880,152242,22884,22885,95654,28360,92859,43676],"pointsPerHour":0,"points":4401,"blocktime":11,"taken":26,"name":"Joel09reb","totalPoints":4401,"rank":6,"id":349572,"place":6457,"uniqueZonesTaken":20,"region":{"name":"Skåne","id":135}}},{"medal":12,"time":"2021-10-12T17:23:28+0000","type":"medal","user":{"country":"se","medals":[94,52,32,102,10,12],"zones":[298535,43236],"pointsPerHour":0,"points":5168,"blocktime":13,"taken":185,"name":"akessonminna","totalPoints":33808,"rank":13,"id":297958,"place":6457,"uniqueZonesTaken":100,"region":{"name":"Kalmar","id":137}}},{"sender":{"country":"se","medals":[16,5,9,17,6,56,48,4,67,24,93,24,38,72,79,127,15,124,22,96,107],"zones":[],"pointsPerHour":0,"points":4592,"blocktime":20,"taken":13544,"name":"JDB","totalPoints":1673031,"rank":41,"id":33369,"place":3164,"uniqueZonesTaken":1528,"region":{"name":"Västmanland","id":143}},"time":"2021-10-12T17:21:35+0000","message":"FlitigaTobbe: själv äter jag ben n jerrys","region":{"name":"Västmanland","id":143},"type":"chat"}]