[{"medal":84,"time":"2021-10-11T06:09:49+0000","type":"medal","user":{"country":"se","medals":[84],"zones":[12184],"pointsPerHour":0,"points":1180,"blocktime":10,"taken":5,"name":"Filip_Smedman","totalPoints":1180,"rank":3,"id":348733,"place":6290,"uniqueZonesTaken":5,"region":{"name":"Dalarna","id":129}}},{"country":"fi","sender":{"country":"fi","medals":[93],"zones":[],"pointsPerHour":0,"points":1038,"blocktime":10,"taken":6,"name":"luce20201","totalPoints":1038,"rank":3,"id":348178,"place":4470,"uniqueZonesTaken":5,"region":{"name":"Etelä-Suomi","id":185}},"time":"2021-10-11T06:09:45+0000","message":"Cfc","type":"chat"},{"medal":84,"time":"2021-10-11T06:06:18+0000","type":"medal","user":{"country":"se","medals":[80,84],"zones":[481,8437,115860,33846,108956],"pointsPerHour":0,"points":507,"blocktime":10,"taken":5,"name":"SnurrUppsala","totalPoints":507,"rank":2,"id":349366,"place":6289,"uniqueZonesTaken":5,"region":{"name":"Uppsala","id":142}}},{"medal":80,"time":"2021-10-11T06:06:18+0000","type":"medal","user":{"country":"se","medals":[80,84],"zones":[481,8437,115860,33846,108956],"pointsPerHour":0,"points":507,"blocktime":10,"taken":5,"name":"SnurrUppsala","totalPoints":507,"rank":2,"id":349366,"place":6289,"uniqueZonesTaken":5,"region":{"name":"Uppsala","id":142}}},{"medal":128,"time":"2021-10-11T06:05:50+0000","type":"medal","user":{"country":"se","medals":[34,16,67,27,9,77,79,72,7,48,117,59,126,4,83,21,70,15,124,98,24,89,68,108,128],"zones":[90624,90626,11269,88967,11271,88966,88968,30348,138511,30349,138508,26894,30352,26898,356753,54550,356755,187418,44186,44188,319527,93738,29357,90928,179639,328370,134202,134201,29371,60732,29372,24765,29373,24766,24767,24769,24770,119618,431310,117713,285013,117714,26068,228055,26069,117716,22623,61796,56804,8164,107751,116075,116074,107758,107760,107763,107762,2292,54773,2295,4985,107768,2298,26747,90621,90623,90622],"pointsPerHour":0,"points":113788,"blocktime":23,"taken":54495,"name":"Boddington","totalPoints":9861027,"rank":55,"id":54556,"place":6289,"uniqueZonesTaken":1557,"region":{"name":"Östergötland","id":139}}},{"medal":84,"time":"2021-10-11T06:05:06+0000","type":"medal","user":{"country":"fi","medals":[95,97,84],"zones":[9841,61691],"pointsPerHour":0,"points":895,"blocktime":10,"taken":5,"name":"letti:)","totalPoints":895,"rank":3,"id":348263,"place":6289,"uniqueZonesTaken":5,"region":{"name":"Etelä-Suomi","id":185}}},{"medal":84,"time":"2021-10-11T06:03:47+0000","type":"medal","user":{"country":"fi","medals":[94,84],"zones":[9840,61693],"pointsPerHour":0,"points":1020,"blocktime":10,"taken":6,"name":"puffi","totalPoints":1020,"rank":3,"id":348268,"place":6288,"uniqueZonesTaken":5,"region":{"name":"Etelä-Suomi","id":185}}}]