[{"medal":31,"time":"2021-10-12T16:09:17+0000","type":"medal","user":{"country":"se","medals":[93,51,92,78,31],"zones":[11973,28359,23179,7117,27822,27823,27824,7121,1592,92859,104861,393754,393755,43677],"pointsPerHour":0,"points":4170,"blocktime":11,"taken":25,"name":"09arim","totalPoints":4170,"rank":6,"id":349606,"place":6447,"uniqueZonesTaken":17,"region":{"name":"Skåne","id":135}}},{"medal":52,"time":"2021-10-12T16:09:00+0000","type":"medal","user":{"country":"se","medals":[92,31,52],"zones":[91424,11686,49132,92236,25966,114191,114190,8912,114193,178323,114192,18771,114194,18292,43700,21751,185269,32921,26299,57087],"pointsPerHour":0,"points":6546,"blocktime":11,"taken":44,"name":"papaDon","totalPoints":6546,"rank":7,"id":349325,"place":6447,"uniqueZonesTaken":35,"region":{"name":"Västmanland","id":143}}},{"medal":93,"time":"2021-10-12T16:08:01+0000","type":"medal","user":{"country":"se","medals":[10,11,42,54,93],"zones":[],"pointsPerHour":0,"points":760,"blocktime":14,"taken":343,"name":"markgyver","totalPoints":82289,"rank":18,"id":120031,"place":6447,"uniqueZonesTaken":80,"region":{"name":"Skåne","id":135}}},{"medal":127,"time":"2021-10-12T16:07:09+0000","type":"medal","user":{"country":"se","medals":[16,55,46,28,79,4,77,67,100,94,66,38,126,15,127],"zones":[12097,32451,139463,33719,278574,8125,8126,21870,3151,8127],"pointsPerHour":0,"points":10631,"blocktime":21,"taken":12672,"name":"Redbit","totalPoints":3084444,"rank":46,"id":140991,"place":6447,"uniqueZonesTaken":1002,"region":{"name":"Norrbotten","id":126}}}]