[{"medal":38,"time":"2023-07-03T11:26:00+0000","type":"medal","user":{"country":"se","medals":[16,28,94,79,128,6,57,47,122,14,100,38],"zones":[96675,20642,519585,41705,21354,24268,563685,563686,29520,114801,29521,564955,41684,41685,139262,208764],"pointsPerHour":0,"points":11002,"blocktime":20,"taken":10000,"name":"Mtb+Mtb","totalPoints":2269220,"rank":43,"id":280653,"place":4147,"uniqueZonesTaken":535,"region":{"name":"Stockholm","id":141}}},{"sender":{"country":"se","medals":[93,79,28,46,127,34,57,13],"zones":[46560,61729,26049,31490,772,873,31724,95724,61966,56015,23931,23934,11646,11647],"pointsPerHour":33,"points":10503,"blocktime":17,"taken":1563,"name":"01Kenna","totalPoints":401641,"rank":31,"id":391161,"place":390,"uniqueZonesTaken":259,"region":{"name":"Jönköping","id":133}},"time":"2023-07-03T11:23:37+0000","message":"Provokatör: Ja det ger ju mycket mer än att bara äga dem.","region":{"name":"Jönköping","id":133},"type":"chat"}]