[{"medal":36,"time":"2023-07-04T13:45:20+0000","type":"medal","user":{"country":"se","medals":[16,46,7,4,13,94,77,79,127,72,103,56,36],"zones":[114931,97446,2952,204123,477578],"pointsPerHour":0,"points":19899,"blocktime":19,"taken":5000,"name":"Steepgrove","totalPoints":1047225,"rank":38,"id":75724,"place":4755,"uniqueZonesTaken":437,"region":{"name":"Jämtland","id":128}}},{"sender":{"country":"se","medals":[7,5,16,79,70,28,56,126,117,27,97,48,22,122,15,128,105,4,73],"zones":[222115,7456,42883,428867,222116,24105,24106,559107,221160,60440,84699,95290,7996,7997,7998,7999],"pointsPerHour":17,"points":3582,"blocktime":22,"taken":31760,"name":"Spikbebis75","totalPoints":6053051,"rank":51,"id":92852,"place":1661,"uniqueZonesTaken":1374,"region":{"name":"Stockholm","id":141}},"time":"2023-07-04T13:41:12+0000","message":"Bullmannen: du har karta vid parkeringen, jag har ingen app med kartorna över stigarna tyvärr","region":{"name":"Stockholm","id":141},"type":"chat"}]