[{"medal":128,"time":"2022-04-12T14:56:34+0000","type":"medal","user":{"country":"se","medals":[79,46,55,28,14,126,16,7,24,95,103,40,128],"zones":[47477,34487,2026,21070,42990],"pointsPerHour":0,"points":32399,"blocktime":21,"taken":20048,"name":"frigga7","totalPoints":3889532,"rank":47,"id":213117,"place":5479,"uniqueZonesTaken":760,"region":{"name":"Södermanland","id":140}}},{"sender":{"country":"se","medals":[46,10,54,14,66,94,102,78,127,39],"zones":[],"pointsPerHour":0,"points":519,"blocktime":20,"taken":15075,"name":"t80196","totalPoints":2056980,"rank":42,"id":55311,"place":4724,"uniqueZonesTaken":866,"region":{"name":"Stockholm","id":141}},"time":"2022-04-12T14:56:06+0000","message":"Resanne: var inte så blyg säg hej nästa gång👍","region":{"name":"Stockholm","id":141},"type":"chat"},{"sender":{"country":"se","medals":[67,70,27,21,16,68,15,2,68,60,4,72,68,69,68,75,79,77,83,112,7,126,117,89,123,131,110],"zones":[154178,117766,153931,16786,16789,29529,107608,25754,25756,29532,208733,222,47328,46946,224160,46948,203559,46949,23909,46951,46952,46953,46954,139304,115828,105787,139070],"pointsPerHour":119,"points":62267,"blocktime":24,"taken":67399,"name":"aivar","totalPoints":11240341,"rank":56,"id":123914,"place":233,"uniqueZonesTaken":2416,"region":{"name":"Stockholm","id":141}},"time":"2022-04-12T14:54:13+0000","message":"TheUrw: ja","region":{"name":"Stockholm","id":141},"type":"chat"},{"sender":{"country":"se","medals":[4,95,70,67,77,79,117,16,21,72,83,48,123,15,6,39,108,130,57],"zones":[12417,1891,34724,94120,7178,299,23663,9584,63987,37081,42169,49114,221],"pointsPerHour":95,"points":53811,"blocktime":21,"taken":19107,"name":"TheUrw","totalPoints":3046649,"rank":46,"id":282370,"place":305,"uniqueZonesTaken":1201,"region":{"name":"Stockholm","id":141}},"time":"2022-04-12T14:53:47+0000","message":"aivar: väntar du?","region":{"name":"Stockholm","id":141},"type":"chat"}]