[{"medal":13,"time":"2022-04-12T13:06:34+0000","type":"medal","user":{"country":"nl","medals":[80,95,10,71,7,33,104,13],"zones":[],"pointsPerHour":0,"points":2771,"blocktime":15,"taken":684,"name":"HusbilsNettan","totalPoints":129702,"rank":22,"id":278008,"place":5460,"uniqueZonesTaken":250,"region":{"name":"Zuid-Holland","id":118}}},{"medal":31,"time":"2022-04-12T13:01:50+0000","type":"medal","user":{"country":"se","medals":[92,52,31],"zones":[8609,323143,42086,153807,412439,208722,159696,208721,94069,29044,46420,29045,114779,135769,412440],"pointsPerHour":0,"points":5628,"blocktime":11,"taken":25,"name":"Ingridkristina","totalPoints":5628,"rank":7,"id":358001,"place":5460,"uniqueZonesTaken":25,"region":{"name":"Västra Götaland","id":132}}}]