[{"sender":{"country":"se","medals":[16,5,9,24,67,22,59,24,4,24,24,66,17,24,64,79,77,72,17,75,24,24,50,17,116,73,105,126,127,122],"zones":[485828,388646,26053,24712,484975,42092,180659,98293,29142,1654,29018,64283,222111,153916,229020],"pointsPerHour":18,"points":25371,"blocktime":23,"taken":34636,"name":"BirgitFriggebo","totalPoints":7379002,"rank":53,"id":36819,"place":2170,"uniqueZonesTaken":3549,"region":{"name":"Jönköping","id":133}},"time":"2022-03-28T17:23:40+0000","message":"Thiaz: https://issues.turfgame.com/","region":{"name":"Östergötland","id":139},"type":"chat"},{"medal":92,"time":"2022-03-28T17:23:16+0000","type":"medal","user":{"country":"se","medals":[51,85,90,92],"zones":[483431,178624,411557,99,74,23951,80,95760,23953,82,84,117108,36858,115066],"pointsPerHour":0,"points":1643,"blocktime":11,"taken":15,"name":"Juhuuu","totalPoints":1643,"rank":4,"id":329372,"place":6747,"uniqueZonesTaken":15,"region":{"name":"Östergötland","id":139}}},{"medal":80,"time":"2022-03-28T17:08:07+0000","type":"medal","user":{"country":"se","medals":[84,80],"zones":[33793,27107,28282,24415,23823],"pointsPerHour":0,"points":795,"blocktime":10,"taken":6,"name":"brundin","totalPoints":795,"rank":3,"id":357148,"place":6744,"uniqueZonesTaken":6,"region":{"name":"Uppsala","id":142}}}]