[{"sender":{"country":"se","medals":[79,77,95,22,67,16,117,72,48,123,126,5,15,6,102,57,24,131,41],"zones":[24193,11657,17551,144401,139669,32024,32032,32033,109472,109474,63652,552,61098,61099,13616,5427,31798,31799,31800,31801,43193,31802,701,703,44991,44097,92228,78535,5575,7752,5449,7114,5580,430025,31952,6097,31953,6098,31954,6099,42850,483,22759,491,11630,24175,24178,24179,24180,8951,64119,98296,24185],"pointsPerHour":359,"points":104086,"blocktime":21,"taken":25469,"name":"EddieS","totalPoints":3628473,"rank":47,"id":213768,"place":430,"uniqueZonesTaken":1111,"region":{"name":"Västmanland","id":143}},"time":"2022-03-28T12:59:43+0000","message":"turfink: 😁👍","region":{"name":"Västmanland","id":143},"type":"chat"},{"sender":{"country":"se","medals":[6,16,79,72,96,48,83,123,38,15,58,107],"zones":[],"pointsPerHour":0,"points":105259,"blocktime":20,"taken":14354,"name":"turfink","totalPoints":2167129,"rank":43,"id":299139,"place":419,"uniqueZonesTaken":1079,"region":{"name":"Västmanland","id":143}},"time":"2022-03-28T12:57:08+0000","message":"EddieS: bara Du och jag som tar blacktrack.","region":{"name":"Västmanland","id":143},"type":"chat"},{"medal":85,"time":"2022-03-28T12:51:14+0000","type":"medal","user":{"country":"se","medals":[85],"zones":[1298,6488,1103],"pointsPerHour":0,"points":1793,"blocktime":11,"taken":10,"name":"Halfdan","totalPoints":1793,"rank":4,"id":357088,"place":6729,"uniqueZonesTaken":6,"region":{"name":"Jönköping","id":133}}}]