[{"medal":85,"time":"2022-03-28T17:32:02+0000","type":"medal","user":{"country":"se","medals":[80,85],"zones":[33793,62369,27107,43737,28282,11500,30798,24415,23823],"pointsPerHour":0,"points":1220,"blocktime":11,"taken":10,"name":"brundin","totalPoints":1220,"rank":4,"id":357148,"place":6748,"uniqueZonesTaken":10,"region":{"name":"Uppsala","id":142}}},{"medal":84,"time":"2022-03-28T17:28:54+0000","type":"medal","user":{"country":"se","medals":[80,84],"zones":[80613,31319,20890,7180,7182],"pointsPerHour":0,"points":910,"blocktime":10,"taken":5,"name":"Ralmatinen","totalPoints":910,"rank":3,"id":357278,"place":6748,"uniqueZonesTaken":5,"region":{"name":"Halland","id":134}}},{"medal":80,"time":"2022-03-28T17:28:54+0000","type":"medal","user":{"country":"se","medals":[80,84],"zones":[80613,31319,20890,7180,7182],"pointsPerHour":0,"points":910,"blocktime":10,"taken":5,"name":"Ralmatinen","totalPoints":910,"rank":3,"id":357278,"place":6748,"uniqueZonesTaken":5,"region":{"name":"Halland","id":134}}}]