[{"sender":{"country":"se","medals":[78,70,6,14,94,24,90,46,117,55,101,131,38],"zones":[7937,25349,7048,96296,179432,36432,24048,11379,7061,91988,7062,7160,36446],"pointsPerHour":55,"points":117591,"blocktime":20,"taken":10097,"name":"Svensings","totalPoints":1996663,"rank":42,"id":288002,"place":369,"uniqueZonesTaken":667,"region":{"name":"Stockholm","id":141}},"time":"2022-03-29T16:20:37+0000","message":"JimmyAIK94: ja de verkar så. Får satsa nya friska nästa runda😎","region":{"name":"Stockholm","id":141},"type":"chat"},{"sender":{"country":"se","medals":[126,16,95,103,5,14,67,122,128,90,6,38,47,57],"zones":[],"pointsPerHour":0,"points":4887,"blocktime":20,"taken":12144,"name":"JimmyAIK94","totalPoints":2125326,"rank":43,"id":267637,"place":4003,"uniqueZonesTaken":793,"region":{"name":"Stockholm","id":141}},"time":"2022-03-29T16:18:21+0000","message":"Svensings: åker ut","region":{"name":"Stockholm","id":141},"type":"chat"},{"sender":{"country":"se","medals":[22,16,98,72,79,48,77,70,7,13,126,57,39,102,127],"zones":[66881,84672,25987,180678,21767,180677,21768,134218,23689,23690,23691,82378,23693,96209,22354,8341,96212,56662,56663,43224,2841,115099,2842,24731,443485,43228,43230,179805,361185,93732,484527,125225,93096,92522,26860,25773,12461,26861,942,24239,944,298751,223999],"pointsPerHour":140,"points":122480,"blocktime":21,"taken":19423,"name":"Maglurvet","totalPoints":3626537,"rank":47,"id":160028,"place":344,"uniqueZonesTaken":409,"region":{"name":"Kalmar","id":137}},"time":"2022-03-29T16:16:21+0000","message":"Snabbrunda, hockey snart ju men tack ändå","region":{"name":"Kalmar","id":137},"type":"chat"}]