[{"sender":{"country":"se","medals":[16,27,5,68,28,70,68,67,68,48,22,68,77,79,17,24,68,91,30,24,4,117,113,24,68,68,68,68,59,68,68,126,68,68,74,124,68,17,26,119,116,17,132,110],"zones":[21794,899,24036,28677,79012,5334,1367,374494,555220,28799],"pointsPerHour":23,"points":13421,"blocktime":24,"taken":113693,"name":"sumo","totalPoints":23241668,"rank":58,"id":66734,"place":248,"uniqueZonesTaken":6030,"region":{"name":"Halland","id":134}},"time":"2023-04-03T13:52:42+0000","message":"wikingen: Grattis till R, bra jobbat under det då rådande väglaget 👏🚴\u200d♂️💪","region":{"name":"Halland","id":134},"type":"chat"},{"medal":106,"time":"2023-04-03T13:52:17+0000","type":"medal","user":{"country":"se","medals":[67,4,70,5,7,95,16,79,15,124,68,82,72,68,39,75,22,129,3,68,106],"zones":[47744,361188,474405,37460,200390,37461,562958,42262,6156,29213,512792],"pointsPerHour":0,"points":8337,"blocktime":22,"taken":19731,"name":"rocadero","totalPoints":4386436,"rank":48,"id":142529,"place":3750,"uniqueZonesTaken":2371,"region":{"name":"Västmanland","id":143}}}]