[{"medal":84,"time":"2023-04-04T16:06:35+0000","type":"medal","user":{"country":"se","medals":[84],"zones":[138508],"pointsPerHour":0,"points":185,"blocktime":10,"taken":5,"name":"Laurisen","totalPoints":902,"rank":3,"id":387526,"place":4370,"uniqueZonesTaken":5,"region":{"name":"Östergötland","id":139}}},{"sender":{"country":"se","medals":[16,55,28,47,79,24,4,66,24,15,30,70,26,24,108,122,126,77,24,98,24,89,130,24],"zones":[29607,29608,47721,7769,31791],"pointsPerHour":18,"points":6437,"blocktime":23,"taken":56352,"name":"hillenhäxan","totalPoints":7926535,"rank":53,"id":119651,"place":1147,"uniqueZonesTaken":1660,"region":{"name":"Västmanland","id":143}},"time":"2023-04-04T16:05:40+0000","message":"gotofen: dags för lite påfyllning ser jag! 😋","region":{"name":"Västmanland","id":143},"type":"chat"},{"medal":101,"time":"2023-04-04T16:04:23+0000","type":"medal","user":{"country":"se","medals":[93,52,86,11,46,101],"zones":[69009],"pointsPerHour":0,"points":3890,"blocktime":12,"taken":73,"name":"jönsonligan","totalPoints":12819,"rank":9,"id":387569,"place":4369,"uniqueZonesTaken":51,"region":{"name":"Södermanland","id":140}}}]