[{"medal":21,"time":"2023-04-03T16:00:52+0000","type":"medal","user":{"country":"se","medals":[93,6,12,79,52,70,34,67,77,5,101,21],"zones":[565680,25032,12444],"pointsPerHour":0,"points":4082,"blocktime":16,"taken":1106,"name":"Gack","totalPoints":206017,"rank":26,"id":366840,"place":3886,"uniqueZonesTaken":218,"region":{"name":"Västra Götaland","id":132}}},{"medal":128,"time":"2023-04-03T15:59:22+0000","type":"medal","user":{"country":"se","medals":[126,93,7,70,77,10,71,57,16,46,35,4,14,27,128],"zones":[16864,64497,16866,61732,137531],"pointsPerHour":0,"points":1647,"blocktime":19,"taken":2890,"name":"Darcy","totalPoints":1019497,"rank":38,"id":60178,"place":3886,"uniqueZonesTaken":517,"region":{"name":"Jönköping","id":133}}},{"sender":{"country":"uk","medals":[54,35,13],"zones":[14722,14724,389283,14633,339305,479028,14676,479026,14679,14681,14682,321144,342360,321146,14686,512888],"pointsPerHour":50,"points":3306,"blocktime":19,"taken":3652,"name":"Ferry","totalPoints":932655,"rank":37,"id":302890,"place":1379,"uniqueZonesTaken":284,"region":{"name":"Scotland","id":200}},"time":"2023-04-03T15:42:11+0000","message":"Tandem: - Thanks for the info .","region":{"name":"Scotland","id":200},"type":"chat"}]