[{"sender":{"country":"se","medals":[78,16,13,34,54,128,117,101,94],"zones":[78433,31921,37410,7588],"pointsPerHour":13,"points":6463,"blocktime":17,"taken":1851,"name":"pasn","totalPoints":386387,"rank":31,"id":383655,"place":964,"uniqueZonesTaken":444,"region":{"name":"Stockholm","id":141}},"time":"2023-04-04T08:53:05+0000","message":"mummis: Hej!","region":{"name":"Stockholm","id":141},"type":"chat"},{"medal":84,"time":"2023-04-04T08:52:43+0000","type":"medal","user":{"country":"se","medals":[84],"zones":[20707,43125,20503,13261],"pointsPerHour":0,"points":896,"blocktime":10,"taken":5,"name":"Millac","totalPoints":896,"rank":3,"id":387751,"place":4113,"uniqueZonesTaken":5,"region":{"name":"Västra Götaland","id":132}}},{"medal":85,"time":"2023-04-04T08:52:15+0000","type":"medal","user":{"country":"se","medals":[80,85],"zones":[94080,20723,179126,1542,1543,20489,24394,220712],"pointsPerHour":0,"points":1674,"blocktime":11,"taken":10,"name":"Paboll24","totalPoints":1674,"rank":4,"id":387823,"place":4113,"uniqueZonesTaken":10,"region":{"name":"Västra Götaland","id":132}}},{"sender":{"country":"se","medals":[67,46,79,126,4,117,95,14,6,16,122,55,77,28,131,39,104],"zones":[92052,75037,37405],"pointsPerHour":10,"points":2937,"blocktime":21,"taken":19444,"name":"mummis","totalPoints":2877118,"rank":45,"id":229432,"place":1829,"uniqueZonesTaken":753,"region":{"name":"Stockholm","id":141}},"time":"2023-04-04T08:52:14+0000","message":"Pasn: hej hej","region":{"name":"Stockholm","id":141},"type":"chat"},{"medal":95,"time":"2023-04-04T08:49:07+0000","type":"medal","user":{"country":"fi","medals":[95],"zones":[],"pointsPerHour":0,"points":95,"blocktime":10,"taken":1,"name":"isaclfkkd","totalPoints":95,"rank":0,"id":387831,"place":4112,"uniqueZonesTaken":1,"region":{"name":"Åland","id":177}}},{"medal":95,"time":"2023-04-04T08:49:07+0000","type":"medal","user":{"country":"fi","medals":[95],"zones":[],"pointsPerHour":0,"points":95,"blocktime":10,"taken":1,"name":"TheUltraNOOB","totalPoints":95,"rank":0,"id":387830,"place":4112,"uniqueZonesTaken":1,"region":{"name":"Åland","id":177}}}]