[{"medal":85,"time":"2023-04-04T14:59:39+0000","type":"medal","user":{"country":"se","medals":[93,85],"zones":[433380,82387],"pointsPerHour":0,"points":1891,"blocktime":11,"taken":10,"name":"Smultron16","totalPoints":1891,"rank":4,"id":387721,"place":4338,"uniqueZonesTaken":9,"region":{"name":"Kalmar","id":137}}},{"medal":41,"time":"2023-04-04T14:58:39+0000","type":"medal","user":{"country":"se","medals":[5,46,28,16,7,94,79,57,27,67,126,102,15,117,4,22,70,132,77,41],"zones":[56512,474759,23873,11203,11204,559567,285069,80840,95375,138960,2515,11413,2517,2518,78172,19231,432228,64234,16044,64236,64240,444663,35890,64243,54900,15861,47482,176249,42748,42749],"pointsPerHour":0,"points":17526,"blocktime":22,"taken":25000,"name":"tbone","totalPoints":5674206,"rank":50,"id":95195,"place":4338,"uniqueZonesTaken":1111,"region":{"name":"Södermanland","id":140}}},{"medal":94,"time":"2023-04-04T14:52:49+0000","type":"medal","user":{"country":"se","medals":[52,32,78,90,12,94],"zones":[],"pointsPerHour":0,"points":65,"blocktime":13,"taken":161,"name":"crapto","totalPoints":28754,"rank":13,"id":109799,"place":4334,"uniqueZonesTaken":100,"region":{"name":"Västra Götaland","id":132}}}]