[{"medal":84,"time":"2023-04-04T11:59:28+0000","type":"medal","user":{"country":"se","medals":[84],"zones":[20725,41802,41804,13262],"pointsPerHour":0,"points":911,"blocktime":10,"taken":5,"name":"Albnin","totalPoints":911,"rank":3,"id":387843,"place":4233,"uniqueZonesTaken":5,"region":{"name":"Västra Götaland","id":132}}},{"medal":93,"time":"2023-04-04T11:59:28+0000","type":"medal","user":{"country":"se","medals":[93],"zones":[],"pointsPerHour":0,"points":170,"blocktime":10,"taken":1,"name":"Emro1111","totalPoints":170,"rank":0,"id":387750,"place":4233,"uniqueZonesTaken":1,"region":{"name":"Västra Götaland","id":132}}},{"medal":51,"time":"2023-04-04T11:58:31+0000","type":"medal","user":{"country":"se","medals":[85,51],"zones":[19203,20707,43124,20708,28998,20727,144568,1546,20637],"pointsPerHour":0,"points":1861,"blocktime":11,"taken":11,"name":"koffein","totalPoints":1861,"rank":4,"id":387810,"place":4233,"uniqueZonesTaken":10,"region":{"name":"Västra Götaland","id":132}}},{"medal":85,"time":"2023-04-04T11:55:53+0000","type":"medal","user":{"country":"se","medals":[80,85],"zones":[19203,20707,43124,20708,28998,20727,144568,1546,20637],"pointsPerHour":0,"points":1690,"blocktime":11,"taken":10,"name":"koffein","totalPoints":1690,"rank":4,"id":387810,"place":4232,"uniqueZonesTaken":9,"region":{"name":"Västra Götaland","id":132}}},{"medal":92,"time":"2023-04-04T11:54:37+0000","type":"medal","user":{"country":"uk","medals":[93,80,85,92],"zones":[115745,115747,115746,115749,115748,115750],"pointsPerHour":0,"points":1413,"blocktime":11,"taken":15,"name":"BigMamaAdam","totalPoints":5941,"rank":7,"id":386352,"place":4232,"uniqueZonesTaken":15,"region":{"name":"Scotland","id":200}}},{"medal":80,"time":"2023-04-04T11:50:26+0000","type":"medal","user":{"country":"se","medals":[84,80],"zones":[94080,41810,20707,41811,1542],"pointsPerHour":0,"points":792,"blocktime":10,"taken":5,"name":"Leen123","totalPoints":792,"rank":3,"id":387801,"place":4230,"uniqueZonesTaken":5,"region":{"name":"Västra Götaland","id":132}}}]