[{"medal":5,"time":"2023-04-03T00:16:46+0000","type":"medal","user":{"country":"se","medals":[93,11,127,67,10,53,100,42,77,5],"zones":[29697,29699,1315,91556,138501,408748,27627,22636,23343,136369,21429,1046,11481,91837,141503,15101,91551],"pointsPerHour":0,"points":4014,"blocktime":14,"taken":404,"name":"Gotrek_G","totalPoints":65850,"rank":17,"id":386755,"place":3057,"uniqueZonesTaken":93,"region":{"name":"Västra Götaland","id":132}}},{"medal":5,"time":"2023-04-03T00:11:04+0000","type":"medal","user":{"country":"se","medals":[93,100,6,12,79,52,70,34,67,77,5],"zones":[25031,27511,33639,25032,565680],"pointsPerHour":0,"points":1675,"blocktime":16,"taken":1087,"name":"Gack","totalPoints":203611,"rank":26,"id":366840,"place":3057,"uniqueZonesTaken":217,"region":{"name":"Västra Götaland","id":132}}}]