[{"medal":51,"time":"2022-11-29T09:50:07+0000","type":"medal","user":{"country":"se","medals":[51,85],"zones":[7697,46354,30229,33654,114551,138536,114555,7694,61982,474489],"pointsPerHour":0,"points":1345,"blocktime":660,"taken":10,"name":"drängen4","totalPoints":1345,"rank":4,"id":379380,"place":6294,"uniqueZonesTaken":10,"region":{"name":"Västerbotten","id":127}}},{"medal":85,"time":"2022-11-29T09:50:07+0000","type":"medal","user":{"country":"se","medals":[51,85],"zones":[7697,46354,30229,33654,114551,138536,114555,7694,61982,474489],"pointsPerHour":0,"points":1345,"blocktime":660,"taken":10,"name":"drängen4","totalPoints":1345,"rank":4,"id":379380,"place":6294,"uniqueZonesTaken":10,"region":{"name":"Västerbotten","id":127}}},{"medal":84,"time":"2022-11-29T09:46:02+0000","type":"medal","user":{"country":"se","medals":[93,84],"zones":[21533],"pointsPerHour":0,"points":80,"blocktime":645,"taken":5,"name":"Gralan","totalPoints":780,"rank":3,"id":352187,"place":6293,"uniqueZonesTaken":5,"region":{"name":"Stockholm","id":141}}},{"medal":85,"time":"2022-11-29T09:35:25+0000","type":"medal","user":{"country":"se","medals":[80,85],"zones":[62578],"pointsPerHour":0,"points":1057,"blocktime":645,"taken":10,"name":"whroom66","totalPoints":1057,"rank":3,"id":384135,"place":6293,"uniqueZonesTaken":7,"region":{"name":"Örebro","id":131}}}]