[{"medal":51,"time":"2022-11-29T15:03:14+0000","type":"medal","user":{"country":"se","medals":[93,100,85,92,51],"zones":[43889,36721,2882,62483,3365,43029,8329,21514,9532,42303],"pointsPerHour":0,"points":3332,"blocktime":675,"taken":22,"name":"Primuz","totalPoints":3332,"rank":5,"id":384108,"place":6324,"uniqueZonesTaken":15,"region":{"name":"Gävleborg","id":144}}},{"medal":33,"time":"2022-11-29T15:00:51+0000","type":"medal","user":{"country":"uk","medals":[55,12,127,10,33],"zones":[316612,316613,316614,350529,350531,316653,467798,467797,467732,467796,340382,351481],"pointsPerHour":0,"points":98194,"blocktime":915,"taken":500,"name":"thisisewan","totalPoints":114345,"rank":21,"id":383238,"place":6324,"uniqueZonesTaken":152,"region":{"name":"Scotland","id":200}}}]