[{"medal":85,"time":"2022-07-11T13:18:39+0000","type":"medal","user":{"country":"se","medals":[95,100,85],"zones":[7969,87846],"pointsPerHour":0,"points":1457,"blocktime":660,"taken":10,"name":"M__N__8","totalPoints":1457,"rank":4,"id":367664,"place":5899,"uniqueZonesTaken":8,"region":{"name":"Södermanland","id":140}}},{"medal":30,"time":"2022-07-11T13:18:20+0000","type":"medal","user":{"country":"se","medals":[47,16,57,70,122,68,72,94,22,77,79,67,68,14,105,131,38,4,66,30],"zones":[32385,323910,32386,6018,141057,5955,19016,10440,10441,11723,95564,115027,6420,6421,222229,222228,6423,26269,180002,9568,2465,6625,6498,6627,7459,6628,485282,180004,6631,31273,114987,5674,43243,31275,82285,141678,31276,141679,428905,141677,516912,180921,139513,141055],"pointsPerHour":0,"points":28488,"blocktime":1230,"taken":10955,"name":"Playmaker","totalPoints":1898210,"rank":42,"id":312774,"place":5899,"uniqueZonesTaken":781,"region":{"name":"Skåne","id":135}}},{"medal":32,"time":"2022-07-11T13:17:25+0000","type":"medal","user":{"country":"se","medals":[51,11,94,4,102,32],"zones":[21137,22322,154628,78759,154629,12383],"pointsPerHour":0,"points":4553,"blocktime":735,"taken":101,"name":"korvetten","totalPoints":14861,"rank":9,"id":367142,"place":5899,"uniqueZonesTaken":81,"region":{"name":"Västra Götaland","id":132}}},{"medal":106,"time":"2022-07-11T13:15:15+0000","type":"medal","user":{"country":"se","medals":[79,77,5,67,46,16,15,70,55,117,122,91,10,126,4,73,26,49,96,129,30,106],"zones":[145,37076],"pointsPerHour":0,"points":14636,"blocktime":1350,"taken":34180,"name":"MyZon","totalPoints":5548305,"rank":50,"id":179522,"place":5899,"uniqueZonesTaken":2196,"region":{"name":"Stockholm","id":141}}},{"medal":90,"time":"2022-07-11T13:14:01+0000","type":"medal","user":{"country":"se","medals":[95,11,6,102,51,42,90],"zones":[1058,42738,23862,28599,9671,54904,20376,78939,275321,9581,431976],"pointsPerHour":0,"points":6412,"blocktime":795,"taken":251,"name":"Bzata","totalPoints":33417,"rank":13,"id":353374,"place":5897,"uniqueZonesTaken":74,"region":{"name":"Södermanland","id":140}}},{"medal":84,"time":"2022-07-11T13:13:12+0000","type":"medal","user":{"country":"se","medals":[93,100,84],"zones":[1145],"pointsPerHour":0,"points":885,"blocktime":645,"taken":6,"name":"MiriamL","totalPoints":885,"rank":3,"id":367672,"place":5897,"uniqueZonesTaken":6,"region":{"name":"Kalmar","id":137}}}]