[{"sender":{"country":"se","medals":[16,24,21,67,70,17,3,68,79,20,83,75,4,17,116,27,72,24,82,1,69,68,68,68,68,24,17,1,69,68,24,24,77,68,91,68,108,24,123,120,24,24,126,17,68,24,68,68,17,119,24,24,129],"zones":[33315,146407,1576,3144,9737,3145,6988,623,8112,625,11890,8115,485108,508499,42390,347987,50907,191262,176734,41887],"pointsPerHour":109,"points":3354,"blocktime":1470,"taken":105811,"name":"Kygni","totalPoints":18248766,"rank":58,"id":105263,"place":879,"uniqueZonesTaken":9566,"region":{"name":"Norrbotten","id":126}},"time":"2022-12-05T10:58:33+0000","message":"Norrlandskotte: tja","region":{"name":"Norrbotten","id":126},"type":"chat"},{"sender":{"country":"uk","medals":[67,16,77,117,79,124,82,72,27,65,68,70,75,3,21,68,121,68,68,17,116,83,24,68,68,91,4,30,24,88,69,68,106,132,69,68],"zones":[323124,323125,323126,323123,321144],"pointsPerHour":8,"points":1283,"blocktime":1455,"taken":44229,"name":"FeTaTo","totalPoints":14602225,"rank":57,"id":310985,"place":1740,"uniqueZonesTaken":22925,"region":{"name":"Scotland","id":200}},"time":"2022-12-05T10:53:39+0000","message":"Drylaw13: you can blame sethdnt for setting me the challenge on my first visit to West Midlands.","region":{"name":"Scotland","id":200},"type":"chat"},{"sender":{"country":"se","medals":[70,24,16,48,67,57,24,27,24,21,5,68,9,17,66,24,24,24,72,79,77,17,24,4,50,17,116,117,107,122,89,131],"zones":[11623,28283],"pointsPerHour":9,"points":480,"blocktime":1410,"taken":53132,"name":"Zonetherapy","totalPoints":8983959,"rank":54,"id":30059,"place":2416,"uniqueZonesTaken":4065,"region":{"name":"Uppsala","id":142}},"time":"2022-12-05T10:50:59+0000","message":"edjur: Tyvärr åker jag hem på tisdag....","region":{"name":"Uppsala","id":142},"type":"chat"}]