[{"sender":{"country":"se","medals":[16,4,17,27,43,21,67,24,66,72,75,58,68,77,79,70,83,117,50,103,98,122,126,119,127],"zones":[43265],"pointsPerHour":4,"points":140,"blocktime":1470,"taken":107778,"name":"WikkeOWL","totalPoints":20078790,"rank":58,"id":18624,"place":3852,"uniqueZonesTaken":3174,"region":{"name":"Dalarna","id":129}},"time":"2022-12-06T16:04:44+0000","message":"Turfträff på Akropolis Ons kl. Vilka kommer?","region":{"name":"Dalarna","id":129},"type":"chat"},{"medal":84,"time":"2022-12-06T16:02:35+0000","type":"medal","user":{"country":"se","medals":[84],"zones":[18035,2830],"pointsPerHour":0,"points":638,"blocktime":630,"taken":5,"name":"stalinboy","totalPoints":638,"rank":2,"id":384325,"place":4158,"uniqueZonesTaken":4,"region":{"name":"Kalmar","id":137}}},{"sender":{"country":"se","medals":[70,5,16,67,77,79,17,112,24,68,22,68,91,117,27,26,72,48,125,126,124,106,89,74,82,132],"zones":[64095],"pointsPerHour":9,"points":9178,"blocktime":1410,"taken":55156,"name":"ventoux","totalPoints":8999917,"rank":54,"id":113809,"place":620,"uniqueZonesTaken":5439,"region":{"name":"Östergötland","id":139}},"time":"2022-12-06T15:59:38+0000","message":"Shivers: Yes! Tack för att du väntade 🙂","region":{"name":"Stockholm","id":141},"type":"chat"}]