[{"medal":90,"time":"2022-12-05T13:08:24+0000","type":"medal","user":{"country":"fi","medals":[93,85,100,90],"zones":[152883,179299,64125,64126],"pointsPerHour":0,"points":1031,"blocktime":660,"taken":18,"name":"mrLelle","totalPoints":1888,"rank":4,"id":380581,"place":3629,"uniqueZonesTaken":13,"region":{"name":"Åland","id":177}}},{"sender":{"country":"se","medals":[11,54,78,100,42,97,10,16,46],"zones":[230851,354309,517447,153987,157376,94213,154950,92293,153988,532431,153989,17034,408204,37578,37579,117898,176462,176463,1230,411796,411797,94421,20756,20757,295057,348765,96605,25183,25184,25185,228321,25186,117735,117734,96105,117737,22186,22187,21421,117742,22063,136245,178235,9467,94202],"pointsPerHour":139,"points":17196,"blocktime":870,"taken":360,"name":"KungKlint","totalPoints":75824,"rank":18,"id":382275,"place":97,"uniqueZonesTaken":95,"region":{"name":"Stockholm","id":141}},"time":"2022-12-05T13:07:44+0000","message":"erx007: Tackar 😀","region":{"name":"Stockholm","id":141},"type":"chat"},{"medal":100,"time":"2022-12-05T13:04:13+0000","type":"medal","user":{"country":"fi","medals":[93,85,100],"zones":[152883,64125,64126],"pointsPerHour":0,"points":806,"blocktime":660,"taken":16,"name":"mrLelle","totalPoints":1663,"rank":4,"id":380581,"place":3626,"uniqueZonesTaken":11,"region":{"name":"Åland","id":177}}},{"medal":7,"time":"2022-12-05T13:03:36+0000","type":"medal","user":{"country":"uk","medals":[16,27,79,77,70,5,67,13,122,8,47,95,22,117,100,35,81,68,68,72,68,131,7],"zones":[373916,5644],"pointsPerHour":0,"points":385,"blocktime":1245,"taken":4422,"name":"KingCogg","totalPoints":2123591,"rank":43,"id":302879,"place":3625,"uniqueZonesTaken":465,"region":{"name":"East of England","id":204}}}]