[{"zone":{"dateCreated":"2021-06-10T17:43:00+0000","dateLastTaken":"0002-12-02T00:00:00+0000","latitude":44.929974,"name":"CreekyMinney","id":427188,"totalTakeovers":0,"region":{"country":"us","name":"Minnesota","id":405},"pointsPerHour":1,"longitude":-93.3718,"takeoverPoints":185},"time":"2021-06-10T17:43:00+0000","type":"zone"},{"zone":{"dateCreated":"2021-06-10T17:42:31+0000","dateLastTaken":"0002-12-02T00:00:00+0000","latitude":44.929495,"name":"MinneCreeky","id":427187,"totalTakeovers":0,"region":{"country":"us","name":"Minnesota","id":405},"pointsPerHour":1,"longitude":-93.371559,"takeoverPoints":185},"time":"2021-06-10T17:42:31+0000","type":"zone"},{"zone":{"dateCreated":"2021-06-10T17:40:44+0000","dateLastTaken":"0002-12-02T00:00:00+0000","latitude":44.925292,"name":"UnterDen","id":427186,"totalTakeovers":0,"region":{"country":"us","name":"Minnesota","id":405},"pointsPerHour":1,"longitude":-93.321085,"takeoverPoints":185},"time":"2021-06-10T17:40:44+0000","type":"zone"},{"zone":{"dateCreated":"2021-06-10T17:39:28+0000","dateLastTaken":"0002-12-02T00:00:00+0000","latitude":44.928423,"name":"HarrietNorth","id":427185,"totalTakeovers":0,"region":{"country":"us","name":"Minnesota","id":405},"pointsPerHour":1,"longitude":-93.303239,"takeoverPoints":185},"time":"2021-06-10T17:39:28+0000","type":"zone"},{"zone":{"dateCreated":"2021-06-10T17:39:08+0000","dateLastTaken":"0002-12-02T00:00:00+0000","latitude":44.934228,"name":"RetroTurf","id":427184,"totalTakeovers":0,"region":{"country":"us","name":"Minnesota","id":405},"pointsPerHour":1,"longitude":-93.284534,"takeoverPoints":185},"time":"2021-06-10T17:39:08+0000","type":"zone"},{"zone":{"dateCreated":"2021-06-10T17:37:48+0000","dateLastTaken":"0002-12-02T00:00:00+0000","latitude":44.939758,"name":"RickGreen","id":427183,"totalTakeovers":0,"region":{"country":"us","name":"Minnesota","id":405},"pointsPerHour":1,"longitude":-93.27056,"takeoverPoints":185},"time":"2021-06-10T17:37:48+0000","type":"zone"},{"zone":{"dateCreated":"2021-06-10T17:33:29+0000","dateLastTaken":"0002-12-02T00:00:00+0000","latitude":44.926773,"name":"HolyBlood","id":427182,"totalTakeovers":0,"region":{"country":"us","name":"Minnesota","id":405},"pointsPerHour":1,"longitude":-93.159076,"takeoverPoints":185},"time":"2021-06-10T17:33:29+0000","type":"zone"},{"zone":{"dateCreated":"2021-06-10T17:31:42+0000","dateLastTaken":"0002-12-02T00:00:00+0000","latitude":44.950195,"name":"Aldine","id":427181,"totalTakeovers":0,"region":{"country":"us","name":"Minnesota","id":405},"pointsPerHour":1,"longitude":-93.17311,"takeoverPoints":185},"time":"2021-06-10T17:31:42+0000","type":"zone"},{"zone":{"dateCreated":"2021-06-10T17:30:01+0000","dateLastTaken":"0002-12-02T00:00:00+0000","latitude":44.935066,"name":"GrovelandP","id":427180,"totalTakeovers":0,"region":{"country":"us","name":"Minnesota","id":405},"pointsPerHour":1,"longitude":-93.182543,"takeoverPoints":185},"time":"2021-06-10T17:30:01+0000","type":"zone"},{"zone":{"dateCreated":"2021-06-10T17:29:05+0000","dateLastTaken":"0002-12-02T00:00:00+0000","latitude":44.894448,"name":"FunkyChicken","id":427179,"totalTakeovers":0,"region":{"country":"us","name":"Minnesota","id":405},"pointsPerHour":1,"longitude":-93.173383,"takeoverPoints":185},"time":"2021-06-10T17:29:05+0000","type":"zone"},{"zone":{"dateCreated":"2021-06-10T17:28:22+0000","dateLastTaken":"0002-12-02T00:00:00+0000","latitude":44.893991,"name":"DrunkenHorse","id":427178,"totalTakeovers":0,"region":{"country":"us","name":"Minnesota","id":405},"pointsPerHour":1,"longitude":-93.187687,"takeoverPoints":185},"time":"2021-06-10T17:28:22+0000","type":"zone"},{"zone":{"dateCreated":"2021-06-10T17:27:15+0000","dateLastTaken":"0002-12-02T00:00:00+0000","latitude":44.899815,"name":"PissI","id":427177,"totalTakeovers":0,"region":{"country":"us","name":"Minnesota","id":405},"pointsPerHour":1,"longitude":-93.190056,"takeoverPoints":185},"time":"2021-06-10T17:27:15+0000","type":"zone"},{"zone":{"dateCreated":"2021-06-10T17:26:44+0000","dateLastTaken":"0002-12-02T00:00:00+0000","latitude":44.904062,"name":"RampUp","id":427176,"totalTakeovers":0,"region":{"country":"us","name":"Minnesota","id":405},"pointsPerHour":1,"longitude":-93.190064,"takeoverPoints":185},"time":"2021-06-10T17:26:44+0000","type":"zone"},{"zone":{"dateCreated":"2021-06-10T17:26:15+0000","dateLastTaken":"0002-12-02T00:00:00+0000","latitude":44.905083,"name":"NoveltyFalls","id":427175,"totalTakeovers":0,"region":{"country":"us","name":"Minnesota","id":405},"pointsPerHour":1,"longitude":-93.194921,"takeoverPoints":185},"time":"2021-06-10T17:26:15+0000","type":"zone"},{"zone":{"dateCreated":"2021-06-10T17:23:52+0000","dateLastTaken":"0002-12-02T00:00:00+0000","latitude":44.897108,"name":"HowLowCanUGo","id":427174,"totalTakeovers":0,"region":{"country":"us","name":"Minnesota","id":405},"pointsPerHour":1,"longitude":-93.186319,"takeoverPoints":185},"time":"2021-06-10T17:23:52+0000","type":"zone"},{"zone":{"dateCreated":"2021-06-10T17:22:33+0000","dateLastTaken":"0002-12-02T00:00:00+0000","latitude":44.892966,"name":"SmellySnelly","id":427173,"totalTakeovers":0,"region":{"country":"us","name":"Minnesota","id":405},"pointsPerHour":1,"longitude":-93.18265,"takeoverPoints":185},"time":"2021-06-10T17:22:33+0000","type":"zone"},{"zone":{"dateCreated":"2021-06-10T17:15:19+0000","dateLastTaken":"0002-12-02T00:00:00+0000","latitude":60.372289,"name":"Olsok","id":427172,"totalTakeovers":0,"region":{"country":"no","name":"Vestlandet","id":181},"pointsPerHour":1,"longitude":5.292772,"takeoverPoints":185},"time":"2021-06-10T17:15:19+0000","type":"zone"},{"zone":{"dateCreated":"2021-06-10T17:14:31+0000","dateLastTaken":"0002-12-02T00:00:00+0000","latitude":60.380642,"name":"Småpudden","id":427171,"totalTakeovers":0,"region":{"country":"no","name":"Vestlandet","id":181},"pointsPerHour":1,"longitude":5.325524,"takeoverPoints":185},"time":"2021-06-10T17:14:31+0000","type":"zone"},{"zone":{"dateCreated":"2021-06-10T17:13:48+0000","dateLastTaken":"0002-12-02T00:00:00+0000","latitude":60.382418,"name":"Cornerkaffe","id":427170,"totalTakeovers":0,"region":{"country":"no","name":"Vestlandet","id":181},"pointsPerHour":1,"longitude":5.325844,"takeoverPoints":185},"time":"2021-06-10T17:13:48+0000","type":"zone"},{"zone":{"dateCreated":"2021-06-10T17:12:12+0000","dateLastTaken":"0002-12-02T00:00:00+0000","latitude":60.416939,"name":"Sandviksbatt","id":427169,"totalTakeovers":0,"region":{"country":"no","name":"Vestlandet","id":181},"pointsPerHour":1,"longitude":5.321271,"takeoverPoints":185},"time":"2021-06-10T17:12:12+0000","type":"zone"},{"zone":{"dateCreated":"2021-06-10T17:10:54+0000","dateLastTaken":"0002-12-02T00:00:00+0000","latitude":60.405866,"name":"Blåmanen","id":427168,"totalTakeovers":0,"region":{"country":"no","name":"Vestlandet","id":181},"pointsPerHour":1,"longitude":5.364299,"takeoverPoints":185},"time":"2021-06-10T17:10:54+0000","type":"zone"},{"zone":{"dateCreated":"2021-06-10T17:09:16+0000","dateLastTaken":"0002-12-02T00:00:00+0000","latitude":60.39802,"name":"Fløyvarden","id":427167,"totalTakeovers":0,"region":{"country":"no","name":"Vestlandet","id":181},"pointsPerHour":1,"longitude":5.344703,"takeoverPoints":185},"time":"2021-06-10T17:09:16+0000","type":"zone"},{"zone":{"dateCreated":"2021-06-10T17:07:29+0000","dateLastTaken":"0002-12-02T00:00:00+0000","latitude":60.391909,"name":"GoHurtigruten","id":427166,"totalTakeovers":0,"region":{"country":"no","name":"Vestlandet","id":181},"pointsPerHour":1,"longitude":5.311992,"takeoverPoints":185},"time":"2021-06-10T17:07:29+0000","type":"zone"},{"zone":{"dateCreated":"2021-06-10T15:30:00+0000","dateLastTaken":"0002-12-02T00:00:00+0000","latitude":55.554033,"name":"BillyBurger","id":424278,"totalTakeovers":0,"region":{"country":"se","name":"Skåne","id":135},"pointsPerHour":5,"longitude":12.98277,"takeoverPoints":125},"time":"2021-06-10T15:30:00+0000","type":"zone"},{"zone":{"dateCreated":"2021-06-10T15:30:00+0000","dateLastTaken":"0002-12-02T00:00:00+0000","latitude":55.550134,"name":"BabyMaybe","id":424277,"totalTakeovers":0,"region":{"country":"se","name":"Skåne","id":135},"pointsPerHour":5,"longitude":12.985875,"takeoverPoints":125},"time":"2021-06-10T15:30:00+0000","type":"zone"},{"zone":{"dateCreated":"2021-06-10T15:06:53+0000","dateLastTaken":"0002-12-02T00:00:00+0000","latitude":50.97228,"name":"Eckewart","id":427165,"totalTakeovers":0,"region":{"country":"de","name":"Nordrhein-Westfalen","id":445},"pointsPerHour":1,"longitude":6.948842,"takeoverPoints":185},"time":"2021-06-10T15:06:53+0000","type":"zone"},{"zone":{"dateCreated":"2021-06-10T15:04:56+0000","dateLastTaken":"0002-12-02T00:00:00+0000","latitude":50.971298,"name":"ToniSteingass","id":427164,"totalTakeovers":0,"region":{"country":"de","name":"Nordrhein-Westfalen","id":445},"pointsPerHour":1,"longitude":6.956356,"takeoverPoints":185},"time":"2021-06-10T15:04:56+0000","type":"zone"},{"zone":{"dateCreated":"2021-06-10T15:03:01+0000","dateLastTaken":"0002-12-02T00:00:00+0000","latitude":50.965981,"name":"Josefine","id":427163,"totalTakeovers":0,"region":{"country":"de","name":"Nordrhein-Westfalen","id":445},"pointsPerHour":2,"longitude":6.961024,"takeoverPoints":170},"time":"2021-06-10T15:03:01+0000","type":"zone"},{"zone":{"dateCreated":"2021-06-10T12:55:36+0000","dateLastTaken":"0002-12-02T00:00:00+0000","latitude":59.523962,"name":"LagensMän","id":409529,"totalTakeovers":0,"region":{"country":"se","name":"Stockholm","id":141},"pointsPerHour":3,"longitude":17.893166,"takeoverPoints":155},"time":"2021-06-10T12:55:36+0000","type":"zone"},{"zone":{"dateCreated":"2021-06-10T12:00:00+0000","dateLastTaken":"0002-12-02T00:00:00+0000","latitude":65.817326,"name":"Naturstig17","id":424999,"totalTakeovers":0,"region":{"country":"se","name":"Norrbotten","id":126},"pointsPerHour":1,"longitude":24.122555,"takeoverPoints":185},"time":"2021-06-10T12:00:00+0000","type":"zone"},{"zone":{"dateCreated":"2021-06-10T12:00:00+0000","dateLastTaken":"0002-12-02T00:00:00+0000","latitude":65.800632,"name":"GamlaUthamnen","id":425001,"totalTakeovers":0,"region":{"country":"se","name":"Norrbotten","id":126},"pointsPerHour":1,"longitude":24.015775,"takeoverPoints":185},"time":"2021-06-10T12:00:00+0000","type":"zone"},{"zone":{"dateCreated":"2021-06-10T12:00:00+0000","dateLastTaken":"0002-12-02T00:00:00+0000","latitude":65.817087,"name":"Riekkola","id":425000,"totalTakeovers":0,"region":{"country":"se","name":"Norrbotten","id":126},"pointsPerHour":1,"longitude":24.132828,"takeoverPoints":185},"time":"2021-06-10T12:00:00+0000","type":"zone"},{"zone":{"dateCreated":"2021-06-10T10:00:00+0000","dateLastTaken":"0002-12-02T00:00:00+0000","latitude":60.459166,"name":"MotSmäcken","id":418947,"totalTakeovers":0,"region":{"country":"se","name":"Dalarna","id":129},"pointsPerHour":2,"longitude":15.460208,"takeoverPoints":170},"time":"2021-06-10T10:00:00+0000","type":"zone"},{"zone":{"dateCreated":"2021-06-10T10:00:00+0000","dateLastTaken":"0002-12-02T00:00:00+0000","latitude":60.54223,"name":"BroTillHolmen","id":418977,"totalTakeovers":0,"region":{"country":"se","name":"Dalarna","id":129},"pointsPerHour":1,"longitude":15.407126,"takeoverPoints":185},"time":"2021-06-10T10:00:00+0000","type":"zone"},{"zone":{"dateCreated":"2021-06-10T10:00:00+0000","dateLastTaken":"0002-12-02T00:00:00+0000","latitude":60.521915,"name":"Amsbergsbanan","id":418964,"totalTakeovers":0,"region":{"country":"se","name":"Dalarna","id":129},"pointsPerHour":1,"longitude":15.361043,"takeoverPoints":185},"time":"2021-06-10T10:00:00+0000","type":"zone"},{"zone":{"dateCreated":"2021-06-10T10:00:00+0000","dateLastTaken":"0002-12-02T00:00:00+0000","latitude":59.672233,"name":"Kungssvängen","id":423818,"totalTakeovers":0,"region":{"country":"se","name":"Värmland","id":130},"pointsPerHour":1,"longitude":12.607878,"takeoverPoints":185},"time":"2021-06-10T10:00:00+0000","type":"zone"},{"zone":{"dateCreated":"2021-06-10T10:00:00+0000","dateLastTaken":"0002-12-02T00:00:00+0000","latitude":58.69674,"name":"Marieforsled","id":419035,"totalTakeovers":0,"region":{"country":"se","name":"Västra Götaland","id":132},"pointsPerHour":1,"longitude":13.855302,"takeoverPoints":185},"time":"2021-06-10T10:00:00+0000","type":"zone"},{"zone":{"dateCreated":"2021-06-10T10:00:00+0000","dateLastTaken":"0002-12-02T00:00:00+0000","latitude":59.679463,"name":"Djupdalsleden","id":423817,"totalTakeovers":0,"region":{"country":"se","name":"Värmland","id":130},"pointsPerHour":1,"longitude":12.715359,"takeoverPoints":185},"time":"2021-06-10T10:00:00+0000","type":"zone"},{"zone":{"dateCreated":"2021-06-10T10:00:00+0000","dateLastTaken":"0002-12-02T00:00:00+0000","latitude":56.295487,"name":"BarkåkraKyrka","id":419030,"totalTakeovers":0,"region":{"country":"se","name":"Skåne","id":135},"pointsPerHour":1,"longitude":12.834705,"takeoverPoints":185},"time":"2021-06-10T10:00:00+0000","type":"zone"},{"zone":{"dateCreated":"2021-06-10T10:00:00+0000","dateLastTaken":"0002-12-02T00:00:00+0000","latitude":58.717735,"name":"Gnejsskogen","id":419033,"totalTakeovers":0,"region":{"country":"se","name":"Västra Götaland","id":132},"pointsPerHour":1,"longitude":13.849835,"takeoverPoints":185},"time":"2021-06-10T10:00:00+0000","type":"zone"},{"zone":{"dateCreated":"2021-06-10T07:00:00+0000","dateLastTaken":"0002-12-02T00:00:00+0000","latitude":53.109193,"name":"FarmRoaches","id":422240,"totalTakeovers":0,"region":{"country":"gb","name":"West Midlands","id":208},"pointsPerHour":1,"longitude":-2.182776,"takeoverPoints":185},"time":"2021-06-10T07:00:00+0000","type":"zone"},{"zone":{"dateCreated":"2021-06-10T07:00:00+0000","dateLastTaken":"0002-12-02T00:00:00+0000","latitude":53.118761,"name":"LawtonMoor","id":422245,"totalTakeovers":0,"region":{"country":"gb","name":"West Midlands","id":208},"pointsPerHour":1,"longitude":-2.170771,"takeoverPoints":185},"time":"2021-06-10T07:00:00+0000","type":"zone"},{"zone":{"dateCreated":"2021-06-10T07:00:00+0000","dateLastTaken":"0002-12-02T00:00:00+0000","latitude":53.114917,"name":"RustInHell","id":422241,"totalTakeovers":0,"region":{"country":"gb","name":"West Midlands","id":208},"pointsPerHour":1,"longitude":-2.183545,"takeoverPoints":185},"time":"2021-06-10T07:00:00+0000","type":"zone"},{"zone":{"dateCreated":"2021-06-10T07:00:00+0000","dateLastTaken":"0002-12-02T00:00:00+0000","latitude":53.100316,"name":"CycleBell","id":422238,"totalTakeovers":0,"region":{"country":"gb","name":"West Midlands","id":208},"pointsPerHour":1,"longitude":-2.183263,"takeoverPoints":185},"time":"2021-06-10T07:00:00+0000","type":"zone"},{"zone":{"dateCreated":"2021-06-10T07:00:00+0000","dateLastTaken":"0002-12-02T00:00:00+0000","latitude":53.104609,"name":"WelshArea","id":422248,"totalTakeovers":0,"region":{"country":"gb","name":"West Midlands","id":208},"pointsPerHour":1,"longitude":-2.174591,"takeoverPoints":185},"time":"2021-06-10T07:00:00+0000","type":"zone"},{"zone":{"dateCreated":"2021-06-10T07:00:00+0000","dateLastTaken":"0002-12-02T00:00:00+0000","latitude":53.105063,"name":"RustyCars","id":422239,"totalTakeovers":0,"region":{"country":"gb","name":"West Midlands","id":208},"pointsPerHour":1,"longitude":-2.183059,"takeoverPoints":185},"time":"2021-06-10T07:00:00+0000","type":"zone"},{"zone":{"dateCreated":"2021-06-10T07:00:00+0000","dateLastTaken":"0002-12-02T00:00:00+0000","latitude":53.107338,"name":"SquirrelHayes","id":422249,"totalTakeovers":0,"region":{"country":"gb","name":"West Midlands","id":208},"pointsPerHour":1,"longitude":-2.164236,"takeoverPoints":185},"time":"2021-06-10T07:00:00+0000","type":"zone"},{"zone":{"dateCreated":"2021-06-10T07:00:00+0000","dateLastTaken":"0002-12-02T00:00:00+0000","latitude":53.101008,"name":"MillHayesRoad","id":422247,"totalTakeovers":0,"region":{"country":"gb","name":"West Midlands","id":208},"pointsPerHour":1,"longitude":-2.173443,"takeoverPoints":185},"time":"2021-06-10T07:00:00+0000","type":"zone"},{"zone":{"dateCreated":"2021-06-10T07:00:00+0000","dateLastTaken":"0002-12-02T00:00:00+0000","latitude":53.092357,"name":"NoBullsHere","id":422236,"totalTakeovers":0,"region":{"country":"gb","name":"West Midlands","id":208},"pointsPerHour":1,"longitude":-2.183299,"takeoverPoints":185},"time":"2021-06-10T07:00:00+0000","type":"zone"},{"zone":{"dateCreated":"2021-06-10T07:00:00+0000","dateLastTaken":"0002-12-02T00:00:00+0000","latitude":53.117811,"name":"BiddulphWar","id":422244,"totalTakeovers":0,"region":{"country":"gb","name":"West Midlands","id":208},"pointsPerHour":1,"longitude":-2.174234,"takeoverPoints":185},"time":"2021-06-10T07:00:00+0000","type":"zone"},{"zone":{"dateCreated":"2021-06-10T07:00:00+0000","dateLastTaken":"0002-12-02T00:00:00+0000","latitude":53.118205,"name":"RefuelNearby","id":422243,"totalTakeovers":0,"region":{"country":"gb","name":"West Midlands","id":208},"pointsPerHour":1,"longitude":-2.179266,"takeoverPoints":185},"time":"2021-06-10T07:00:00+0000","type":"zone"},{"zone":{"dateCreated":"2021-06-10T07:00:00+0000","dateLastTaken":"0002-12-02T00:00:00+0000","latitude":53.096599,"name":"QuickPhotos","id":422237,"totalTakeovers":0,"region":{"country":"gb","name":"West Midlands","id":208},"pointsPerHour":1,"longitude":-2.184706,"takeoverPoints":185},"time":"2021-06-10T07:00:00+0000","type":"zone"},{"zone":{"dateCreated":"2021-06-10T07:00:00+0000","dateLastTaken":"0002-12-02T00:00:00+0000","latitude":53.11246,"name":"BiddulphBloom","id":422246,"totalTakeovers":0,"region":{"country":"gb","name":"West Midlands","id":208},"pointsPerHour":1,"longitude":-2.163103,"takeoverPoints":185},"time":"2021-06-10T07:00:00+0000","type":"zone"},{"zone":{"dateCreated":"2021-06-09T22:51:28+0000","dateLastTaken":"0002-12-02T00:00:00+0000","latitude":59.92766,"name":"GunnarAtFlua","id":427122,"totalTakeovers":0,"region":{"country":"no","name":"Østlandet","id":179},"pointsPerHour":1,"longitude":10.732326,"takeoverPoints":185},"time":"2021-06-09T22:51:28+0000","type":"zone"},{"zone":{"dateCreated":"2021-06-09T22:45:20+0000","dateLastTaken":"0002-12-02T00:00:00+0000","latitude":52.234201,"name":"Eiland4","id":427121,"totalTakeovers":0,"region":{"country":"nl","name":"Utrecht","id":95},"pointsPerHour":1,"longitude":4.959556,"takeoverPoints":185},"time":"2021-06-09T22:45:20+0000","type":"zone"},{"zone":{"dateCreated":"2021-06-09T21:00:00+0000","dateLastTaken":"0002-12-02T00:00:00+0000","latitude":54.784323,"name":"Dorlinns","id":426493,"totalTakeovers":0,"region":{"name":"Ireland","id":266},"pointsPerHour":1,"longitude":-8.516917,"takeoverPoints":185},"time":"2021-06-09T21:00:00+0000","type":"zone"},{"zone":{"dateCreated":"2021-06-09T21:00:00+0000","dateLastTaken":"0002-12-02T00:00:00+0000","latitude":54.782278,"name":"Slipway","id":426492,"totalTakeovers":0,"region":{"name":"Ireland","id":266},"pointsPerHour":1,"longitude":-8.54117,"takeoverPoints":185},"time":"2021-06-09T21:00:00+0000","type":"zone"},{"zone":{"dateCreated":"2021-06-09T21:00:00+0000","dateLastTaken":"0002-12-02T00:00:00+0000","latitude":54.479583,"name":"OceanEyeZone","id":427043,"totalTakeovers":0,"region":{"name":"Ireland","id":266},"pointsPerHour":1,"longitude":-8.281833,"takeoverPoints":185},"time":"2021-06-09T21:00:00+0000","type":"zone"},{"zone":{"dateCreated":"2021-06-09T21:00:00+0000","dateLastTaken":"0002-12-02T00:00:00+0000","latitude":54.664436,"name":"SilverStrand","id":426490,"totalTakeovers":0,"region":{"name":"Ireland","id":266},"pointsPerHour":1,"longitude":-8.777476,"takeoverPoints":185},"time":"2021-06-09T21:00:00+0000","type":"zone"},{"zone":{"dateCreated":"2021-06-09T21:00:00+0000","dateLastTaken":"0002-12-02T00:00:00+0000","latitude":54.490411,"name":"FairyBridges","id":427026,"totalTakeovers":0,"region":{"name":"Ireland","id":266},"pointsPerHour":1,"longitude":-8.271588,"takeoverPoints":185},"time":"2021-06-09T21:00:00+0000","type":"zone"},{"zone":{"dateCreated":"2021-06-09T21:00:00+0000","dateLastTaken":"0002-12-02T00:00:00+0000","latitude":54.817573,"name":"Dolmen","id":426753,"totalTakeovers":0,"region":{"name":"Ireland","id":266},"pointsPerHour":1,"longitude":-8.433131,"takeoverPoints":185},"time":"2021-06-09T21:00:00+0000","type":"zone"},{"zone":{"dateCreated":"2021-06-09T21:00:00+0000","dateLastTaken":"0002-12-02T00:00:00+0000","latitude":54.766216,"name":"BeachLife","id":426494,"totalTakeovers":0,"region":{"name":"Ireland","id":266},"pointsPerHour":1,"longitude":-8.466913,"takeoverPoints":185},"time":"2021-06-09T21:00:00+0000","type":"zone"},{"zone":{"dateCreated":"2021-06-09T21:00:00+0000","dateLastTaken":"0002-12-02T00:00:00+0000","latitude":54.762645,"name":"StJohnsPier","id":426495,"totalTakeovers":0,"region":{"name":"Ireland","id":266},"pointsPerHour":1,"longitude":-8.425859,"takeoverPoints":185},"time":"2021-06-09T21:00:00+0000","type":"zone"},{"zone":{"dateCreated":"2021-06-09T21:00:00+0000","dateLastTaken":"0002-12-02T00:00:00+0000","latitude":54.552617,"name":"Rossnowlagh","id":427012,"totalTakeovers":0,"region":{"name":"Ireland","id":266},"pointsPerHour":1,"longitude":-8.210438,"takeoverPoints":185},"time":"2021-06-09T21:00:00+0000","type":"zone"},{"zone":{"dateCreated":"2021-06-09T21:00:00+0000","dateLastTaken":"0002-12-02T00:00:00+0000","latitude":55.382343,"name":"EireSign80","id":427075,"totalTakeovers":0,"region":{"name":"Ireland","id":266},"pointsPerHour":1,"longitude":-7.371691,"takeoverPoints":185},"time":"2021-06-09T21:00:00+0000","type":"zone"},{"zone":{"dateCreated":"2021-06-09T21:00:00+0000","dateLastTaken":"0002-12-02T00:00:00+0000","latitude":54.762306,"name":"ThreeFates","id":426497,"totalTakeovers":0,"region":{"name":"Ireland","id":266},"pointsPerHour":1,"longitude":-8.411501,"takeoverPoints":185},"time":"2021-06-09T21:00:00+0000","type":"zone"},{"zone":{"dateCreated":"2021-06-09T21:00:00+0000","dateLastTaken":"0002-12-02T00:00:00+0000","latitude":54.485119,"name":"RogueyWalk","id":427047,"totalTakeovers":0,"region":{"name":"Ireland","id":266},"pointsPerHour":1,"longitude":-8.279074,"takeoverPoints":185},"time":"2021-06-09T21:00:00+0000","type":"zone"},{"zone":{"dateCreated":"2021-06-09T20:30:17+0000","dateLastTaken":"0002-12-02T00:00:00+0000","latitude":59.176282,"name":"Svartsjön","id":427062,"totalTakeovers":0,"region":{"country":"se","name":"Stockholm","id":141},"pointsPerHour":1,"longitude":18.205514,"takeoverPoints":185},"time":"2021-06-09T20:30:17+0000","type":"zone"},{"zone":{"dateCreated":"2021-06-09T20:19:52+0000","dateLastTaken":"0002-12-02T00:00:00+0000","latitude":-32.405901,"name":"HalfChikan","id":427042,"totalTakeovers":0,"region":{"name":"Australia","id":222},"pointsPerHour":1,"longitude":115.773224,"takeoverPoints":185},"time":"2021-06-09T20:19:52+0000","type":"zone"},{"zone":{"dateCreated":"2021-06-09T20:17:04+0000","dateLastTaken":"0002-12-02T00:00:00+0000","latitude":-32.411134,"name":"BramstonColor","id":427037,"totalTakeovers":0,"region":{"name":"Australia","id":222},"pointsPerHour":1,"longitude":115.754136,"takeoverPoints":185},"time":"2021-06-09T20:17:04+0000","type":"zone"},{"zone":{"dateCreated":"2021-06-09T20:15:50+0000","dateLastTaken":"0002-12-02T00:00:00+0000","latitude":-32.425499,"name":"GoldenBay","id":427034,"totalTakeovers":0,"region":{"name":"Australia","id":222},"pointsPerHour":1,"longitude":115.74999,"takeoverPoints":185},"time":"2021-06-09T20:15:50+0000","type":"zone"},{"zone":{"dateCreated":"2021-06-09T20:14:53+0000","dateLastTaken":"0002-12-02T00:00:00+0000","latitude":-32.432065,"name":"BlueFinShade","id":427031,"totalTakeovers":0,"region":{"name":"Australia","id":222},"pointsPerHour":1,"longitude":115.75625,"takeoverPoints":185},"time":"2021-06-09T20:14:53+0000","type":"zone"},{"zone":{"dateCreated":"2021-06-09T20:13:05+0000","dateLastTaken":"0002-12-02T00:00:00+0000","latitude":-37.854151,"name":"BayTrailGym","id":427027,"totalTakeovers":0,"region":{"name":"Australia","id":222},"pointsPerHour":1,"longitude":144.961159,"takeoverPoints":185},"time":"2021-06-09T20:13:05+0000","type":"zone"},{"zone":{"dateCreated":"2021-06-09T20:11:52+0000","dateLastTaken":"0002-12-02T00:00:00+0000","latitude":-37.872378,"name":"SnakeHeadGate","id":427023,"totalTakeovers":0,"region":{"name":"Australia","id":222},"pointsPerHour":1,"longitude":144.983898,"takeoverPoints":185},"time":"2021-06-09T20:11:52+0000","type":"zone"},{"zone":{"dateCreated":"2021-06-09T20:10:26+0000","dateLastTaken":"0002-12-02T00:00:00+0000","latitude":-37.868422,"name":"StKildaTownH","id":427020,"totalTakeovers":0,"region":{"name":"Australia","id":222},"pointsPerHour":1,"longitude":144.988136,"takeoverPoints":185},"time":"2021-06-09T20:10:26+0000","type":"zone"},{"zone":{"dateCreated":"2021-06-09T20:06:37+0000","dateLastTaken":"0002-12-02T00:00:00+0000","latitude":-37.906198,"name":"BrightonDog","id":427016,"totalTakeovers":0,"region":{"name":"Australia","id":222},"pointsPerHour":1,"longitude":144.984905,"takeoverPoints":185},"time":"2021-06-09T20:06:37+0000","type":"zone"},{"zone":{"dateCreated":"2021-06-09T20:06:08+0000","dateLastTaken":"0002-12-02T00:00:00+0000","latitude":-37.909828,"name":"OvalBenches","id":427011,"totalTakeovers":0,"region":{"name":"Australia","id":222},"pointsPerHour":1,"longitude":144.992485,"takeoverPoints":185},"time":"2021-06-09T20:06:08+0000","type":"zone"},{"zone":{"dateCreated":"2021-06-09T19:55:12+0000","dateLastTaken":"0002-12-02T00:00:00+0000","latitude":59.114966,"name":"Kvaststopp","id":426496,"totalTakeovers":0,"region":{"country":"se","name":"Stockholm","id":141},"pointsPerHour":4,"longitude":18.11459,"takeoverPoints":140},"time":"2021-06-09T19:55:12+0000","type":"zone"},{"zone":{"dateCreated":"2021-06-09T18:37:00+0000","dateLastTaken":"0002-12-02T00:00:00+0000","latitude":60.245201,"name":"VäljRättVäg","id":408867,"totalTakeovers":0,"region":{"country":"fi","name":"Etelä-Suomi","id":185},"pointsPerHour":1,"longitude":25.063167,"takeoverPoints":185},"time":"2021-06-09T18:37:00+0000","type":"zone"},{"zone":{"dateCreated":"2021-06-09T17:08:51+0000","dateLastTaken":"0002-12-02T00:00:00+0000","latitude":57.580254,"name":"Pelaringången","id":413531,"totalTakeovers":0,"region":{"country":"se","name":"Västra Götaland","id":132},"pointsPerHour":2,"longitude":12.102963,"takeoverPoints":170},"time":"2021-06-09T17:08:51+0000","type":"zone"},{"zone":{"dateCreated":"2021-06-09T16:00:00+0000","dateLastTaken":"0002-12-02T00:00:00+0000","latitude":56.285892,"name":"Svängom","id":409178,"totalTakeovers":0,"region":{"country":"se","name":"Skåne","id":135},"pointsPerHour":1,"longitude":13.272702,"takeoverPoints":185},"time":"2021-06-09T16:00:00+0000","type":"zone"},{"zone":{"dateCreated":"2021-06-09T14:36:41+0000","dateLastTaken":"0002-12-02T00:00:00+0000","latitude":63.91552,"name":"Hajflötet","id":409216,"totalTakeovers":0,"region":{"country":"se","name":"Västerbotten","id":127},"pointsPerHour":1,"longitude":19.799077,"takeoverPoints":185},"time":"2021-06-09T14:36:41+0000","type":"zone"},{"zone":{"dateCreated":"2021-06-09T12:34:23+0000","dateLastTaken":"0002-12-02T00:00:00+0000","latitude":58.954477,"name":"Tisenö","id":409206,"totalTakeovers":0,"region":{"country":"se","name":"Östergötland","id":139},"pointsPerHour":1,"longitude":15.927446,"takeoverPoints":185},"time":"2021-06-09T12:34:23+0000","type":"zone"},{"zone":{"dateCreated":"2021-06-09T12:01:39+0000","dateLastTaken":"0002-12-02T00:00:00+0000","latitude":55.664872,"name":"QuarnBoule","id":409198,"totalTakeovers":0,"region":{"country":"se","name":"Skåne","id":135},"pointsPerHour":4,"longitude":13.363803,"takeoverPoints":140},"time":"2021-06-09T12:01:39+0000","type":"zone"},{"zone":{"dateCreated":"2021-06-09T11:35:05+0000","dateLastTaken":"0002-12-02T00:00:00+0000","latitude":59.507414,"name":"TakeATurn","id":409192,"totalTakeovers":0,"region":{"country":"se","name":"Västmanland","id":143},"pointsPerHour":3,"longitude":16.017114,"takeoverPoints":155},"time":"2021-06-09T11:35:05+0000","type":"zone"},{"zone":{"dateCreated":"2021-06-09T06:03:08+0000","dateLastTaken":"0002-12-02T00:00:00+0000","latitude":55.672551,"name":"Rökepipan","id":409199,"totalTakeovers":0,"region":{"country":"se","name":"Skåne","id":135},"pointsPerHour":4,"longitude":13.362818,"takeoverPoints":140},"time":"2021-06-09T06:03:08+0000","type":"zone"},{"zone":{"dateCreated":"2021-06-09T06:00:00+0000","dateLastTaken":"0002-12-02T00:00:00+0000","latitude":59.63808,"name":"Viltgryta","id":426322,"totalTakeovers":0,"region":{"country":"se","name":"Västmanland","id":143},"pointsPerHour":1,"longitude":16.546294,"takeoverPoints":185},"time":"2021-06-09T06:00:00+0000","type":"zone"},{"zone":{"dateCreated":"2021-06-09T05:00:00+0000","dateLastTaken":"0002-12-02T00:00:00+0000","latitude":57.200977,"name":"SlugganBridge","id":426400,"totalTakeovers":0,"region":{"country":"gb","name":"Scotland","id":200},"pointsPerHour":1,"longitude":-3.821803,"takeoverPoints":185},"time":"2021-06-09T05:00:00+0000","type":"zone"},{"zone":{"dateCreated":"2021-06-09T05:00:00+0000","dateLastTaken":"0002-12-02T00:00:00+0000","latitude":57.191952,"name":"Speyfaber","id":426403,"totalTakeovers":0,"region":{"country":"gb","name":"Scotland","id":200},"pointsPerHour":1,"longitude":-3.822259,"takeoverPoints":185},"time":"2021-06-09T05:00:00+0000","type":"zone"},{"zone":{"dateCreated":"2021-06-09T05:00:00+0000","dateLastTaken":"0002-12-02T00:00:00+0000","latitude":57.182844,"name":"Aviespey","id":426404,"totalTakeovers":0,"region":{"country":"gb","name":"Scotland","id":200},"pointsPerHour":1,"longitude":-3.829647,"takeoverPoints":185},"time":"2021-06-09T05:00:00+0000","type":"zone"},{"zone":{"dateCreated":"2021-06-09T05:00:00+0000","dateLastTaken":"0002-12-02T00:00:00+0000","latitude":57.187858,"name":"Craigellachie","id":426405,"totalTakeovers":0,"region":{"country":"gb","name":"Scotland","id":200},"pointsPerHour":1,"longitude":-3.85337,"takeoverPoints":185},"time":"2021-06-09T05:00:00+0000","type":"zone"},{"zone":{"dateCreated":"2021-06-09T05:00:00+0000","dateLastTaken":"0002-12-02T00:00:00+0000","latitude":57.205664,"name":"MrJohnston","id":426395,"totalTakeovers":0,"region":{"country":"gb","name":"Scotland","id":200},"pointsPerHour":1,"longitude":-3.82196,"takeoverPoints":185},"time":"2021-06-09T05:00:00+0000","type":"zone"},{"zone":{"dateCreated":"2021-06-09T05:00:00+0000","dateLastTaken":"0002-12-02T00:00:00+0000","latitude":57.200535,"name":"Burnfaber","id":426401,"totalTakeovers":0,"region":{"country":"gb","name":"Scotland","id":200},"pointsPerHour":1,"longitude":-3.823601,"takeoverPoints":185},"time":"2021-06-09T05:00:00+0000","type":"zone"},{"zone":{"dateCreated":"2021-06-09T05:00:00+0000","dateLastTaken":"0002-12-02T00:00:00+0000","latitude":57.185515,"name":"TrailAway","id":426408,"totalTakeovers":0,"region":{"country":"gb","name":"Scotland","id":200},"pointsPerHour":1,"longitude":-3.83605,"takeoverPoints":185},"time":"2021-06-09T05:00:00+0000","type":"zone"},{"zone":{"dateCreated":"2021-06-09T05:00:00+0000","dateLastTaken":"0002-12-02T00:00:00+0000","latitude":57.177225,"name":"ZoneOfTrees","id":426393,"totalTakeovers":0,"region":{"country":"gb","name":"Scotland","id":200},"pointsPerHour":1,"longitude":-3.819358,"takeoverPoints":185},"time":"2021-06-09T05:00:00+0000","type":"zone"},{"zone":{"dateCreated":"2021-06-09T05:00:00+0000","dateLastTaken":"0002-12-02T00:00:00+0000","latitude":57.162844,"name":"MorlichIsland","id":426413,"totalTakeovers":0,"region":{"country":"gb","name":"Scotland","id":200},"pointsPerHour":1,"longitude":-3.70414,"takeoverPoints":185},"time":"2021-06-09T05:00:00+0000","type":"zone"},{"zone":{"dateCreated":"2021-06-09T05:00:00+0000","dateLastTaken":"0002-12-02T00:00:00+0000","latitude":57.191253,"name":"SpeakSwedish","id":426409,"totalTakeovers":0,"region":{"country":"gb","name":"Scotland","id":200},"pointsPerHour":1,"longitude":-3.834265,"takeoverPoints":185},"time":"2021-06-09T05:00:00+0000","type":"zone"},{"zone":{"dateCreated":"2021-06-09T05:00:00+0000","dateLastTaken":"0002-12-02T00:00:00+0000","latitude":57.203427,"name":"HelloShieling","id":426396,"totalTakeovers":0,"region":{"country":"gb","name":"Scotland","id":200},"pointsPerHour":1,"longitude":-3.826632,"takeoverPoints":185},"time":"2021-06-09T05:00:00+0000","type":"zone"},{"zone":{"dateCreated":"2021-06-09T05:00:00+0000","dateLastTaken":"0002-12-02T00:00:00+0000","latitude":57.195538,"name":"MoreCraggan","id":426402,"totalTakeovers":0,"region":{"country":"gb","name":"Scotland","id":200},"pointsPerHour":1,"longitude":-3.820244,"takeoverPoints":185},"time":"2021-06-09T05:00:00+0000","type":"zone"}]