[{"medal":80,"time":"2022-03-28T17:08:07+0000","type":"medal","user":{"country":"se","medals":[84,80],"zones":[33793,27107,28282,24415,23823],"pointsPerHour":0,"points":795,"blocktime":645,"taken":6,"name":"brundin","totalPoints":795,"rank":3,"id":357148,"place":6744,"uniqueZonesTaken":6,"region":{"name":"Uppsala","id":142}}},{"medal":90,"time":"2022-03-28T17:07:55+0000","type":"medal","user":{"country":"se","medals":[51,85,90],"zones":[80,95760,23953,179424,178624,411557,84,74,36858,115066,23951],"pointsPerHour":0,"points":1138,"blocktime":645,"taken":11,"name":"Juhuuu","totalPoints":1138,"rank":3,"id":329372,"place":6744,"uniqueZonesTaken":11,"region":{"name":"Östergötland","id":139}}}]