[{"medal":85,"time":"2022-03-29T13:17:15+0000","type":"medal","user":{"country":"se","medals":[94,85],"zones":[42433],"pointsPerHour":0,"points":1678,"blocktime":660,"taken":10,"name":"Eldinnan","totalPoints":1678,"rank":4,"id":357211,"place":6778,"uniqueZonesTaken":3,"region":{"name":"Jämtland","id":128}}},{"sender":{"country":"se","medals":[4,70,91,68,58,126,77,16,79,22,28,123,117,5,67,107,96,64,48,27,50,39,131],"zones":[153570,142915,154691,153571,28742,143044,95471,8368,11953,482036,24691,5721,142204,143964,11935],"pointsPerHour":28,"points":67487,"blocktime":1290,"taken":18935,"name":"pellea64","totalPoints":3366524,"rank":46,"id":91681,"place":917,"uniqueZonesTaken":2923,"region":{"name":"Södermanland","id":140}},"time":"2022-03-29T13:15:23+0000","message":"Även ikväll ett litet turfevent för en annan grupp scouter vid Stalls backe, Katrineholm.","region":{"name":"Södermanland","id":140},"type":"chat"},{"medal":35,"time":"2022-03-29T13:12:53+0000","type":"medal","user":{"country":"se","medals":[53,10,7,95,78,103,16,14,35],"zones":[468727,95538,21460,207236,23959,310573,133279],"pointsPerHour":0,"points":29217,"blocktime":1080,"taken":2500,"name":"baarello","totalPoints":477474,"rank":32,"id":314058,"place":6778,"uniqueZonesTaken":620,"region":{"name":"Skåne","id":135}}}]