[{"sender":{"country":"se","medals":[34,16,67,27,9,77,79,72,7,48,117,59,126,4,83,21,70,15,124,98,24,89,68,108,68,129],"zones":[23954,2293,328370,907,60731,116074,26747],"pointsPerHour":36,"points":209485,"blocktime":23,"taken":59846,"name":"Boddington","totalPoints":10719169,"rank":55,"id":54556,"place":97,"uniqueZonesTaken":1561,"region":{"name":"Östergötland","id":139}},"time":"2021-11-30T14:15:02+0000","message":"Björke: Bara gratulera till ett verkligt hårt cyklande och miljonen pH👍💪💪💪","region":{"name":"Östergötland","id":139},"type":"chat"},{"medal":32,"time":"2021-11-30T14:08:48+0000","type":"medal","user":{"country":"se","medals":[51,92,32],"zones":[223812,7023],"pointsPerHour":0,"points":14138,"blocktime":12,"taken":100,"name":"NuDå","totalPoints":14138,"rank":9,"id":351834,"place":6302,"uniqueZonesTaken":17,"region":{"name":"Stockholm","id":141}}}]