[{"medal":12,"time":"2021-11-30T08:59:18+0000","type":"medal","user":{"country":"se","medals":[10,42,54,93,12],"zones":[1169,1171,1172,90775,96313,138,182088],"pointsPerHour":0,"points":3614,"blocktime":14,"taken":394,"name":"markgyver","totalPoints":90334,"rank":19,"id":120031,"place":6292,"uniqueZonesTaken":100,"region":{"name":"Skåne","id":135}}},{"sender":{"country":"se","medals":[46,126,16,55,95,103,5,14,67,122,128,90,6,38],"zones":[7138,17028,94117,45062,7145,91981,122477,176207,176205,91982,176210,176211,176208,176209,1012,7157,154548,410526,91421,7164,14430],"pointsPerHour":67,"points":143007,"blocktime":20,"taken":10213,"name":"JimmyAIK94","totalPoints":1756267,"rank":41,"id":267637,"place":233,"uniqueZonesTaken":707,"region":{"name":"Stockholm","id":141}},"time":"2021-11-30T08:57:29+0000","message":"Sunkisp: åkte du runt i Europa å tog zoner?","region":{"name":"Stockholm","id":141},"type":"chat"},{"medal":36,"time":"2021-11-30T08:53:45+0000","type":"medal","user":{"country":"uk","medals":[100,90,16,79,77,122,57,70,5,94,47,14,36],"zones":[296065,319386,296074],"pointsPerHour":0,"points":6386,"blocktime":19,"taken":5000,"name":"Beanjo","totalPoints":1204283,"rank":39,"id":296969,"place":6292,"uniqueZonesTaken":523,"region":{"name":"Scotland","id":200}}}]