[{"medal":80,"time":"2023-09-26T09:30:33+0000","type":"medal","user":{"country":"se","medals":[84,80],"zones":[1558,955,127293,57726,959],"pointsPerHour":0,"points":732,"blocktime":645,"taken":7,"name":"TildeSeiborg","totalPoints":732,"rank":3,"id":409677,"place":10304,"uniqueZonesTaken":7,"region":{"name":"Kronoberg","id":147}}},{"medal":93,"time":"2023-09-26T09:29:52+0000","type":"medal","user":{"country":"se","medals":[93],"zones":[],"pointsPerHour":0,"points":80,"blocktime":600,"taken":1,"name":"Julia0000","totalPoints":81,"rank":0,"id":376771,"place":10302,"uniqueZonesTaken":1,"region":{"name":"Västra Götaland","id":132}}},{"medal":93,"time":"2023-09-26T09:29:52+0000","type":"medal","user":{"country":"se","medals":[93],"zones":[],"pointsPerHour":0,"points":155,"blocktime":645,"taken":5,"name":"LeonMästare","totalPoints":921,"rank":3,"id":393731,"place":10302,"uniqueZonesTaken":4,"region":{"name":"Jönköping","id":133}}},{"medal":84,"time":"2023-09-26T09:27:51+0000","type":"medal","user":{"country":"se","medals":[84],"zones":[117728,36435,21403],"pointsPerHour":0,"points":646,"blocktime":630,"taken":5,"name":"Megawizzard","totalPoints":646,"rank":2,"id":410133,"place":10301,"uniqueZonesTaken":4,"region":{"name":"Stockholm","id":141}}},{"medal":80,"time":"2023-09-26T09:26:58+0000","type":"medal","user":{"country":"se","medals":[84,80],"zones":[24019,24020,5258,5259,5260],"pointsPerHour":0,"points":889,"blocktime":645,"taken":6,"name":"jonnanystrom","totalPoints":889,"rank":3,"id":409953,"place":10301,"uniqueZonesTaken":6,"region":{"name":"Kronoberg","id":147}}},{"medal":84,"time":"2023-09-26T09:26:40+0000","type":"medal","user":{"country":"se","medals":[93,84],"zones":[3040,49794],"pointsPerHour":0,"points":880,"blocktime":645,"taken":5,"name":"muhammedcan","totalPoints":880,"rank":3,"id":410163,"place":10301,"uniqueZonesTaken":5,"region":{"name":"Uppsala","id":142}}},{"medal":85,"time":"2023-09-26T09:25:47+0000","type":"medal","user":{"country":"se","medals":[80,85],"zones":[30784,516497,17863,17864,10971,957,30783],"pointsPerHour":0,"points":1482,"blocktime":660,"taken":10,"name":"Valtermartinss","totalPoints":1482,"rank":4,"id":410069,"place":10300,"uniqueZonesTaken":10,"region":{"name":"Kronoberg","id":147}}}]