[{"sender":{"country":"fi","medals":[],"zones":[111786],"pointsPerHour":6,"points":175,"blocktime":600,"taken":1,"name":"Lucassigmacool","totalPoints":175,"rank":0,"id":409442,"place":9135,"uniqueZonesTaken":1,"region":{"name":"Åland","id":177}},"time":"2023-09-25T06:00:08+0000","message":"d\nd\nd\n\ns\ns\ns\ns\ns\nd\nd\n\nde\nf","region":{"name":"Åland","id":177},"type":"chat"},{"sender":{"country":"fi","medals":[],"zones":[111786],"pointsPerHour":6,"points":175,"blocktime":600,"taken":1,"name":"Lucassigmacool","totalPoints":175,"rank":0,"id":409442,"place":9135,"uniqueZonesTaken":1,"region":{"name":"Åland","id":177}},"time":"2023-09-25T05:59:59+0000","message":"d","region":{"name":"Åland","id":177},"type":"chat"},{"sender":{"country":"fi","medals":[],"zones":[111786],"pointsPerHour":6,"points":175,"blocktime":600,"taken":1,"name":"Lucassigmacool","totalPoints":175,"rank":0,"id":409442,"place":9135,"uniqueZonesTaken":1,"region":{"name":"Åland","id":177}},"time":"2023-09-25T05:59:55+0000","message":"Birykow:","region":{"name":"Åland","id":177},"type":"chat"},{"sender":{"country":"fi","medals":[],"zones":[111786],"pointsPerHour":6,"points":175,"blocktime":600,"taken":1,"name":"Lucassigmacool","totalPoints":175,"rank":0,"id":409442,"place":9135,"uniqueZonesTaken":1,"region":{"name":"Åland","id":177}},"time":"2023-09-25T05:59:53+0000","message":".\n \ng\nf\nf\nf\nf","region":{"name":"Åland","id":177},"type":"chat"},{"sender":{"country":"fi","medals":[],"zones":[111786],"pointsPerHour":6,"points":175,"blocktime":600,"taken":1,"name":"Lucassigmacool","totalPoints":175,"rank":0,"id":409442,"place":9135,"uniqueZonesTaken":1,"region":{"name":"Åland","id":177}},"time":"2023-09-25T05:59:37+0000","message":"lycka till idag gänget!!!","region":{"name":"Åland","id":177},"type":"chat"},{"sender":{"country":"fi","medals":[],"zones":[111786],"pointsPerHour":6,"points":175,"blocktime":600,"taken":1,"name":"Lucassigmacool","totalPoints":175,"rank":0,"id":409442,"place":9134,"uniqueZonesTaken":1,"region":{"name":"Åland","id":177}},"time":"2023-09-25T05:59:25+0000","message":"förlåt mig!","region":{"name":"Åland","id":177},"type":"chat"},{"sender":{"country":"fi","medals":[],"zones":[111786],"pointsPerHour":6,"points":175,"blocktime":600,"taken":1,"name":"Lucassigmacool","totalPoints":175,"rank":0,"id":409442,"place":9134,"uniqueZonesTaken":1,"region":{"name":"Åland","id":177}},"time":"2023-09-25T05:59:17+0000","message":"tjenare tjejer","region":{"name":"Åland","id":177},"type":"chat"},{"medal":93,"time":"2023-09-25T05:55:05+0000","type":"medal","user":{"country":"fi","medals":[93],"zones":[130559,9839],"pointsPerHour":0,"points":495,"blocktime":630,"taken":3,"name":"RasRas.com","totalPoints":495,"rank":2,"id":409458,"place":9934,"uniqueZonesTaken":3,"region":{"name":"Etelä-Suomi","id":185}}}]