[{"medal":80,"time":"2023-09-26T09:20:34+0000","type":"medal","user":{"country":"se","medals":[84,80],"zones":[564059,24022,57726,654,7919],"pointsPerHour":0,"points":953,"blocktime":645,"taken":7,"name":"Bille1373&14","totalPoints":953,"rank":3,"id":410140,"place":10296,"uniqueZonesTaken":7,"region":{"name":"Kronoberg","id":147}}},{"medal":80,"time":"2023-09-26T09:20:34+0000","type":"medal","user":{"country":"se","medals":[84,80],"zones":[42401,480351,7929,954,655],"pointsPerHour":0,"points":858,"blocktime":645,"taken":6,"name":"salliedaviid","totalPoints":858,"rank":3,"id":410129,"place":10296,"uniqueZonesTaken":6,"region":{"name":"Kronoberg","id":147}}},{"medal":12,"time":"2023-09-26T09:19:52+0000","type":"medal","user":{"country":"se","medals":[93,100,10,53,33,12],"zones":[546,5572,96745,96746,31948,12012,31789,12013,12014,31759,33679,97297,33682,12404,9718,11224,518494,11610,31803],"pointsPerHour":0,"points":37415,"blocktime":900,"taken":731,"name":"ametli","totalPoints":106269,"rank":20,"id":391496,"place":10296,"uniqueZonesTaken":100,"region":{"name":"Västmanland","id":143}}},{"medal":84,"time":"2023-09-26T09:19:34+0000","type":"medal","user":{"country":"se","medals":[93,84],"zones":[24017,337233,17754,958],"pointsPerHour":0,"points":626,"blocktime":630,"taken":5,"name":"sevko","totalPoints":626,"rank":2,"id":409970,"place":10296,"uniqueZonesTaken":4,"region":{"name":"Kronoberg","id":147}}},{"medal":93,"time":"2023-09-26T09:16:36+0000","type":"medal","user":{"country":"se","medals":[93],"zones":[],"pointsPerHour":0,"points":251,"blocktime":615,"taken":2,"name":"juwbo","totalPoints":251,"rank":1,"id":410132,"place":10295,"uniqueZonesTaken":1,"region":{"name":"Stockholm","id":141}}},{"medal":84,"time":"2023-09-26T09:15:55+0000","type":"medal","user":{"country":"se","medals":[84],"zones":[42401,480351,954,655],"pointsPerHour":0,"points":687,"blocktime":630,"taken":5,"name":"salliedaviid","totalPoints":687,"rank":2,"id":410129,"place":10295,"uniqueZonesTaken":5,"region":{"name":"Kronoberg","id":147}}},{"medal":93,"time":"2023-09-26T09:15:49+0000","type":"medal","user":{"country":"se","medals":[93],"zones":[],"pointsPerHour":0,"points":281,"blocktime":615,"taken":2,"name":"Danny_saglamog","totalPoints":281,"rank":1,"id":410032,"place":10295,"uniqueZonesTaken":2,"region":{"name":"Kronoberg","id":147}}},{"medal":84,"time":"2023-09-26T09:15:49+0000","type":"medal","user":{"country":"se","medals":[84],"zones":[57726,7919],"pointsPerHour":0,"points":686,"blocktime":630,"taken":5,"name":"Bille1373&14","totalPoints":686,"rank":2,"id":410140,"place":10295,"uniqueZonesTaken":5,"region":{"name":"Kronoberg","id":147}}},{"medal":80,"time":"2023-09-26T09:13:27+0000","type":"medal","user":{"country":"se","medals":[95,84,80],"zones":[24017,24018,17754,9707,957],"pointsPerHour":0,"points":782,"blocktime":645,"taken":6,"name":"Annienilsson","totalPoints":782,"rank":3,"id":408776,"place":10295,"uniqueZonesTaken":6,"region":{"name":"Kronoberg","id":147}}}]