[{"sender":{"country":"se","medals":[5,28,16,24,47,24,57,17,79,15,113,70,17,126,130,17,116,17,122,109,91,40],"zones":[23124,90100,206],"pointsPerHour":27,"points":34615,"blocktime":1260,"taken":20829,"name":"LeiLarsson","totalPoints":2627249,"rank":44,"id":116656,"place":1826,"uniqueZonesTaken":1976,"region":{"name":"Stockholm","id":141}},"time":"2023-09-25T17:01:59+0000","message":"KingZing: ack, pratade telefon, så sig dig inte i tid :(","region":{"name":"Stockholm","id":141},"type":"chat"},{"sender":{"country":"se","medals":[67,79,77,16,72,83,70,27,117,95,60,21,15,6,124,132,73,75,104],"zones":[19333,21704,21706,34635,21707,486729,601927,44304,29137,179797,16729,9691,19359,42463,23072,2081,15585,15586,2852,50660,74419,74418,74421,122871,223996],"pointsPerHour":116,"points":244128,"blocktime":1380,"taken":32887,"name":"ovalfyrkant","totalPoints":6644311,"rank":52,"id":333844,"place":157,"uniqueZonesTaken":1630,"region":{"name":"Kalmar","id":137}},"time":"2023-09-25T16:59:04+0000","message":"Gallant: Faktiskt inte 😅","region":{"name":"Kalmar","id":137},"type":"chat"}]