[{"sender":{"country":"se","medals":[7,5,16,79,70,28,56,126,117,27,97,22,15,128,4,73,75,107,123,154],"zones":[13665,21890,155920,603835,1571,12244,60440,22186,95290,94202,67614],"pointsPerHour":50,"points":97949,"blocktime":1380,"taken":34813,"name":"Spikbebis75","totalPoints":6608591,"rank":52,"id":92852,"place":769,"uniqueZonesTaken":1723,"region":{"name":"Stockholm","id":141}},"time":"2023-10-30T17:41:20+0000","message":"MrMcFox: mmm hudcancer!","region":{"name":"Stockholm","id":141},"type":"chat"},{"sender":{"country":"se","medals":[79,4,28,47,7,103,16,57,122,117,129,70,15,39,24,99,153],"zones":[25184,1090,547213,165162,472588,115471,46576,45041,350103,20756,20759,136245,30847],"pointsPerHour":55,"points":69077,"blocktime":1275,"taken":16077,"name":"MrMcFox","totalPoints":2972537,"rank":45,"id":159564,"place":1150,"uniqueZonesTaken":1047,"region":{"name":"Stockholm","id":141}},"time":"2023-10-30T17:40:38+0000","message":"Spikbebis75: solen skiner i söder","region":{"name":"Stockholm","id":141},"type":"chat"},{"sender":{"country":"se","medals":[7,5,16,79,70,28,56,126,117,27,97,22,15,128,4,73,75,107,123,154],"zones":[13665,21890,155920,603835,1571,12244,60440,22186,95290,94202,67614],"pointsPerHour":50,"points":97947,"blocktime":1380,"taken":34813,"name":"Spikbebis75","totalPoints":6608589,"rank":52,"id":92852,"place":769,"uniqueZonesTaken":1723,"region":{"name":"Stockholm","id":141}},"time":"2023-10-30T17:39:34+0000","message":"MrMcFox: dito i regnet","region":{"name":"Stockholm","id":141},"type":"chat"},{"sender":{"country":"se","medals":[79,4,28,47,7,103,16,57,122,117,129,70,15,39,24,99,153],"zones":[25184,1090,547213,165162,472588,115471,46576,45041,350103,20756,20759,30847],"pointsPerHour":47,"points":68996,"blocktime":1275,"taken":16076,"name":"MrMcFox","totalPoints":2972455,"rank":45,"id":159564,"place":1151,"uniqueZonesTaken":1047,"region":{"name":"Stockholm","id":141}},"time":"2023-10-30T17:38:37+0000","message":"Spikbebis75: 👋","region":{"name":"Stockholm","id":141},"type":"chat"},{"medal":31,"time":"2023-10-30T17:36:22+0000","type":"medal","user":{"country":"gb","medals":[51,92,31],"zones":[14721,565002,350529,355660,400332,318927,371273,559577,486047,494587,316633,317049,316635,317051],"pointsPerHour":0,"points":6990,"blocktime":705,"taken":25,"name":"Angusfarm","totalPoints":6990,"rank":7,"id":415105,"place":8229,"uniqueZonesTaken":21,"region":{"name":"Scotland","id":200}}}]