[{"sender":{"country":"se","medals":[100,33,16,54,12,94,151],"zones":[43009,98160,62471,9545,33177],"pointsPerHour":7,"points":13353,"blocktime":1020,"taken":959,"name":"Nyarlathotep","totalPoints":251398,"rank":28,"id":382065,"place":3203,"uniqueZonesTaken":120,"region":{"name":"Gävleborg","id":144}},"time":"2023-10-31T19:01:55+0000","message":"AgentPower: stort grattis!","region":{"name":"Gävleborg","id":144},"type":"chat"},{"medal":80,"time":"2023-10-31T19:00:31+0000","type":"medal","user":{"country":"se","medals":[80,84],"zones":[143542,143543,488401,223066,154926],"pointsPerHour":0,"points":1019,"blocktime":645,"taken":5,"name":"jo_stromberg","totalPoints":1019,"rank":3,"id":415389,"place":8262,"uniqueZonesTaken":5,"region":{"name":"Kalmar","id":137}}},{"medal":84,"time":"2023-10-31T19:00:31+0000","type":"medal","user":{"country":"se","medals":[80,84],"zones":[143542,143543,488401,223066,154926],"pointsPerHour":0,"points":1019,"blocktime":645,"taken":5,"name":"jo_stromberg","totalPoints":1019,"rank":3,"id":415389,"place":8262,"uniqueZonesTaken":5,"region":{"name":"Kalmar","id":137}}}]