[{"medal":100,"time":"2022-12-06T07:37:04+0000","type":"medal","user":{"country":"se","medals":[51,85,93,92,100],"zones":[16342,9318,2331],"pointsPerHour":0,"points":1187,"blocktime":11,"taken":21,"name":"cany","totalPoints":3611,"rank":6,"id":384265,"place":3940,"uniqueZonesTaken":19,"region":{"name":"Värmland","id":130}}},{"sender":{"country":"se","medals":[16,67,24,9,21,58,68,70,24,24,24,72,24,75,24,17,24,77,113,24,24,79,117,66,24,50,24,24,4,24,126,83,124,24,115,17,109,24,24,24,132,89],"zones":[83555,1732,156420,156421,84632,14507,168222],"pointsPerHour":28,"points":7419,"blocktime":22,"taken":51152,"name":"inda7","totalPoints":6148170,"rank":51,"id":61103,"place":633,"uniqueZonesTaken":3445,"region":{"name":"Västerbotten","id":127}},"time":"2022-12-06T07:33:55+0000","message":"👍","region":{"name":"Västerbotten","id":127},"type":"chat"}]