[{"medal":14,"time":"2022-12-06T14:55:30+0000","type":"medal","user":{"country":"se","medals":[46,5,54,7,10,34,101,94,14],"zones":[7041,27682,117570,21411,21412,27812,92102,38151,38152,21416,42830,335,78450,11252,76634,27677],"pointsPerHour":0,"points":7048,"blocktime":17,"taken":1940,"name":"Askman&Glum","totalPoints":354567,"rank":31,"id":77595,"place":4129,"uniqueZonesTaken":500,"region":{"name":"Stockholm","id":141}}},{"medal":84,"time":"2022-12-06T14:54:31+0000","type":"medal","user":{"country":"se","medals":[84],"zones":[22534,7515],"pointsPerHour":0,"points":736,"blocktime":10,"taken":5,"name":"JTH90","totalPoints":736,"rank":3,"id":384290,"place":4127,"uniqueZonesTaken":5,"region":{"name":"Värmland","id":130}}},{"medal":84,"time":"2022-12-06T14:43:04+0000","type":"medal","user":{"country":"se","medals":[84],"zones":[2850,1752],"pointsPerHour":0,"points":606,"blocktime":10,"taken":5,"name":"hejpolis","totalPoints":606,"rank":2,"id":384326,"place":4123,"uniqueZonesTaken":3,"region":{"name":"Kalmar","id":137}}}]