[{"medal":101,"time":"2022-12-26T11:29:51+0000","type":"medal","user":{"country":"uk","medals":[90,93,57,79,33,13,6,101],"zones":[62851,62852,350784,392672,556935,381815,350783,392670,381817,381816,350776,350779,381818],"pointsPerHour":0,"points":5546,"blocktime":1050,"taken":838,"name":"Luthien","totalPoints":322010,"rank":30,"id":298093,"place":5654,"uniqueZonesTaken":317,"region":{"name":"North West England","id":201}}},{"sender":{"country":"se","medals":[16,67,27,9,77,79,72,7,48,117,59,126,4,83,21,70,15,124,98,24,68,68,109,68,68,118,68,132,68],"zones":[2292,507570,507568,2295,116075,116074,26747,60733,26749,24766],"pointsPerHour":49,"points":241440,"blocktime":1470,"taken":89995,"name":"Boddington","totalPoints":15979329,"rank":58,"id":54556,"place":46,"uniqueZonesTaken":1733,"region":{"name":"Östergötland","id":139}},"time":"2022-12-26T11:23:05+0000","message":"Kryos: Det samma önskar jag dig","region":{"name":"Östergötland","id":139},"type":"chat"}]