[{"medal":85,"time":"2022-12-26T14:24:38+0000","type":"medal","user":{"country":"se","medals":[80,85],"zones":[160,37233,162,8199,8200,78440,43579],"pointsPerHour":0,"points":1102,"blocktime":645,"taken":10,"name":"Feliciabett","totalPoints":1102,"rank":3,"id":384702,"place":5669,"uniqueZonesTaken":9,"region":{"name":"Stockholm","id":141}}},{"medal":100,"time":"2022-12-26T14:14:16+0000","type":"medal","user":{"country":"se","medals":[93,84,100],"zones":[552410,11622],"pointsPerHour":0,"points":2048,"blocktime":675,"taken":12,"name":"Immi","totalPoints":2048,"rank":5,"id":384564,"place":5669,"uniqueZonesTaken":9,"region":{"name":"Uppsala","id":142}}}]