[{"medal":51,"time":"2023-08-14T18:54:18+0000","type":"medal","user":{"country":"se","medals":[51,85],"zones":[138498,210,518965,919,64104,18714,188,21581,190,318],"pointsPerHour":0,"points":1149,"blocktime":645,"taken":10,"name":"sajmonrose","totalPoints":1149,"rank":3,"id":399927,"place":6241,"uniqueZonesTaken":10,"region":{"name":"Stockholm","id":141}}},{"medal":85,"time":"2023-08-14T18:54:18+0000","type":"medal","user":{"country":"se","medals":[51,85],"zones":[138498,210,518965,919,64104,18714,188,21581,190,318],"pointsPerHour":0,"points":1149,"blocktime":645,"taken":10,"name":"sajmonrose","totalPoints":1149,"rank":3,"id":399927,"place":6241,"uniqueZonesTaken":10,"region":{"name":"Stockholm","id":141}}},{"sender":{"country":"se","medals":[79,16,47,95,123,72,7,4,101,67,130,39,50,83,58],"zones":[11394,10183,64525,62285,64526,24090,570388,23644,30814,328539,15710,159,163,164,350048,44907,47979,37234,275318,80882,35892,55991,24568,519737,519736],"pointsPerHour":65,"points":70419,"blocktime":1305,"taken":19947,"name":"Zinky","totalPoints":3928529,"rank":47,"id":330825,"place":214,"uniqueZonesTaken":3034,"region":{"name":"Stockholm","id":141}},"time":"2023-08-14T18:47:18+0000","message":"Blabert: ålrajt happy turf!","region":{"name":"Stockholm","id":141},"type":"chat"}]