[{"medal":106,"time":"2023-03-28T08:55:02+0000","type":"medal","user":{"country":"uk","medals":[95,51,13,34,106],"zones":[348333,358941,348335,476444,348331,351018,358938],"pointsPerHour":0,"points":35504,"blocktime":1035,"taken":1163,"name":"elixir","totalPoints":265180,"rank":29,"id":368071,"place":6156,"uniqueZonesTaken":377,"region":{"name":"North West England","id":201}}},{"medal":80,"time":"2023-03-28T08:36:07+0000","type":"medal","user":{"country":"wd","medals":[84,80],"zones":[373541,143009,359906,359901,93611],"pointsPerHour":0,"points":1191,"blocktime":645,"taken":7,"name":"SamAnd","totalPoints":1191,"rank":3,"id":387561,"place":6156,"uniqueZonesTaken":5,"region":{"name":"Portugal","id":231}}}]