[{"medal":85,"time":"2023-03-28T09:27:38+0000","type":"medal","user":{"country":"gb","medals":[80,85],"zones":[427894,427895,559438,321459,427901,321551,356856,427897],"pointsPerHour":0,"points":1892,"blocktime":660,"taken":10,"name":"yomper54","totalPoints":1892,"rank":4,"id":387249,"place":6157,"uniqueZonesTaken":10,"region":{"name":"Scotland","id":200}}},{"medal":93,"time":"2023-03-28T09:22:15+0000","type":"medal","user":{"country":"wd","medals":[84,80,93],"zones":[373541,359901,93611],"pointsPerHour":0,"points":1366,"blocktime":660,"taken":8,"name":"SamAnd","totalPoints":1366,"rank":4,"id":387561,"place":6157,"uniqueZonesTaken":5,"region":{"name":"Portugal","id":231}}}]