[{"medal":80,"time":"2023-03-27T09:33:12+0000","type":"medal","user":{"country":"se","medals":[80,84],"zones":[127587,138868,17368,1529,1532],"pointsPerHour":0,"points":508,"blocktime":630,"taken":5,"name":"littlebeast","totalPoints":508,"rank":2,"id":387522,"place":6113,"uniqueZonesTaken":5,"region":{"name":"Södermanland","id":140}}},{"medal":84,"time":"2023-03-27T09:33:12+0000","type":"medal","user":{"country":"se","medals":[80,84],"zones":[127587,138868,17368,1529,1532],"pointsPerHour":0,"points":508,"blocktime":630,"taken":5,"name":"littlebeast","totalPoints":508,"rank":2,"id":387522,"place":6113,"uniqueZonesTaken":5,"region":{"name":"Södermanland","id":140}}},{"medal":92,"time":"2023-03-27T09:32:43+0000","type":"medal","user":{"country":"se","medals":[93,31,92],"zones":[204045],"pointsPerHour":0,"points":764,"blocktime":705,"taken":27,"name":"Ninnza","totalPoints":7877,"rank":7,"id":10715,"place":6113,"uniqueZonesTaken":15,"region":{"name":"Östergötland","id":139}}},{"medal":51,"time":"2023-03-27T09:24:49+0000","type":"medal","user":{"country":"se","medals":[31,92,51],"zones":[11472,465735,11793,1331,179814,478899,554000,155435,113482,1277],"pointsPerHour":0,"points":4377,"blocktime":720,"taken":42,"name":"norpis","totalPoints":11144,"rank":8,"id":10685,"place":6112,"uniqueZonesTaken":32,"region":{"name":"Östergötland","id":139}}}]