[{"medal":85,"time":"2023-03-27T15:19:08+0000","type":"medal","user":{"country":"se","medals":[85],"zones":[205],"pointsPerHour":0,"points":868,"blocktime":645,"taken":10,"name":"Anteng","totalPoints":868,"rank":3,"id":386991,"place":6134,"uniqueZonesTaken":3,"region":{"name":"Stockholm","id":141}}},{"sender":{"country":"se","medals":[70,77,79,16,67,4,22,59,72,83,48,91,102,24,99,123,74,126,27,68,127,73],"zones":[49250,556830,317213,558226,178408,343513,49245],"pointsPerHour":7,"points":46506,"blocktime":1380,"taken":34744,"name":"KaptenRc4","totalPoints":6844531,"rank":52,"id":140655,"place":1091,"uniqueZonesTaken":7134,"region":{"name":"Gävleborg","id":144}},"time":"2023-03-27T15:15:38+0000","message":"gusten1946: Kör! :)","region":{"name":"Gävleborg","id":144},"type":"chat"},{"medal":12,"time":"2023-03-27T14:59:31+0000","type":"medal","user":{"country":"uk","medals":[93,100,32,53,12],"zones":[393607,486849,393610,138252,393608,364241,392209,364240,369117,479325,479323,368600,389851,479320,368602,328295,47203,328294,557293,328291,328297,328296,328298,328499,551167,328509,351165,351164,486846,328511,486844],"pointsPerHour":0,"points":28733,"blocktime":870,"taken":247,"name":"ScubaPuffin","totalPoints":86115,"rank":18,"id":384955,"place":6133,"uniqueZonesTaken":100,"region":{"name":"Scotland","id":200}}},{"medal":31,"time":"2023-03-27T14:59:31+0000","type":"medal","user":{"country":"uk","medals":[80,93,92,31],"zones":[360070],"pointsPerHour":0,"points":185,"blocktime":705,"taken":25,"name":"PastaPrawns","totalPoints":8046,"rank":7,"id":385473,"place":6133,"uniqueZonesTaken":23,"region":{"name":"North West England","id":201}}}]