[{"medal":128,"time":"2021-12-06T16:08:59+0000","type":"medal","user":{"country":"uk","medals":[93,78,12,53,90,34,103,128],"zones":[328544,340963,340962,321455],"pointsPerHour":0,"points":2234,"blocktime":17,"taken":1870,"name":"SnickerDoodle","totalPoints":405898,"rank":31,"id":317356,"place":3783,"uniqueZonesTaken":195,"region":{"name":"Scotland","id":200}}},{"sender":{"country":"se","medals":[16,9,4,72,48,68,79,24,77,68,96,68,68,59,7,15,102,122,67,5,126,68,118],"zones":[23875,30819,32389,36684,37713,37714,8147,84693,8148,37717,8149,8150,8151,37720,20312,8152,20313,8153,37722,20314,8154,8155],"pointsPerHour":63,"points":6051,"blocktime":24,"taken":75087,"name":"Suzzo","totalPoints":17293842,"rank":58,"id":123234,"place":524,"uniqueZonesTaken":1329,"region":{"name":"Södermanland","id":140}},"time":"2021-12-06T16:05:02+0000","message":"Hallå alla turfare, känns som det vore läge för en Turfträff.\ntorsdag kl17 på  Grappa","region":{"name":"Södermanland","id":140},"type":"chat"}]