[{"medal":101,"time":"2023-01-10T12:51:12+0000","type":"medal","user":{"country":"se","medals":[93,127,16,13,122,58,47,34,10,68,101],"zones":[90338,200135,69927,80937,22730,139182,56975,87662,113454,184509],"pointsPerHour":0,"points":31870,"blocktime":18,"taken":1564,"name":"Ingplingis","totalPoints":415534,"rank":32,"id":346168,"place":5127,"uniqueZonesTaken":325,"region":{"name":"Jämtland","id":128}}},{"medal":92,"time":"2023-01-10T12:44:46+0000","type":"medal","user":{"country":"se","medals":[80,85,92],"zones":[46544,22800,46545,11638,600,14538,42940],"pointsPerHour":0,"points":3081,"blocktime":11,"taken":15,"name":"Myskott","totalPoints":3081,"rank":5,"id":384973,"place":5127,"uniqueZonesTaken":15,"region":{"name":"Västerbotten","id":127}}}]