[{"medal":130,"time":"2023-01-09T06:26:55+0000","type":"medal","user":{"country":"se","medals":[52,10,6,67,79,95,16,12,102,126,35,130],"zones":[28152,8424,28154,57180,481882],"pointsPerHour":0,"points":7058,"blocktime":19,"taken":4438,"name":"BillieBob","totalPoints":986415,"rank":38,"id":141301,"place":5173,"uniqueZonesTaken":140,"region":{"name":"Stockholm","id":141}}},{"medal":32,"time":"2023-01-09T06:11:34+0000","type":"medal","user":{"country":"se","medals":[94,101,80,11,32],"zones":[80145,34256,497,432178,306527,23821,8543],"pointsPerHour":0,"points":5759,"blocktime":12,"taken":100,"name":"Immi","totalPoints":14362,"rank":9,"id":384564,"place":5172,"uniqueZonesTaken":58,"region":{"name":"Uppsala","id":142}}}]