[{"sender":{"country":"se","medals":[79,77,28,24,16,17,5,67,70,27,48,21,68,126,4,124,117,59,108,24,17,116,91,49,26,74,132,45,30,25,125,24,118],"zones":[14786,208704,55236,30856,62347,17164,7245,11662,30862,30863,30800,109970,115861,10967,31383,297048,15582,9503,49120,31905,14499,49123,49127,179429,49129,24427,175849,24428,11632,32048,32049,33841,62387,418994,12406,64439,699,28283,2556,522106,522105,33791,522104],"pointsPerHour":139,"points":81662,"blocktime":24,"taken":75188,"name":"allinug","totalPoints":13233201,"rank":57,"id":227848,"place":99,"uniqueZonesTaken":5707,"region":{"name":"Uppsala","id":142}},"time":"2023-01-10T12:41:44+0000","message":"Haquin: Har bra dubbdäck. Du är tapper! Hoppa försiktigt! Dubbskor?","region":{"name":"Uppsala","id":142},"type":"chat"},{"medal":33,"time":"2023-01-10T12:41:26+0000","type":"medal","user":{"country":"se","medals":[51,93,11,33],"zones":[755,42997,47477,54904,9581],"pointsPerHour":0,"points":6600,"blocktime":14,"taken":500,"name":"marina4","totalPoints":94159,"rank":19,"id":368251,"place":5127,"uniqueZonesTaken":69,"region":{"name":"Södermanland","id":140}}},{"sender":{"country":"se","medals":[93,122,79,16,67,14,47,100,28,130,57,37],"zones":[],"pointsPerHour":0,"points":22298,"blocktime":20,"taken":7782,"name":"Haquin","totalPoints":1255791,"rank":40,"id":369259,"place":855,"uniqueZonesTaken":712,"region":{"name":"Uppsala","id":142}},"time":"2023-01-10T12:39:17+0000","message":"allinug: det är ju svin halt vid Eriksbergskolan? backe ner? jag hoppar runt ännu på kryckor!","region":{"name":"Uppsala","id":142},"type":"chat"},{"medal":35,"time":"2023-01-10T12:21:00+0000","type":"medal","user":{"country":"se","medals":[90,53,71,13,94,102,5,7,35],"zones":[7578],"pointsPerHour":0,"points":125,"blocktime":18,"taken":2500,"name":"Paxxxaralla","totalPoints":487854,"rank":33,"id":299323,"place":5125,"uniqueZonesTaken":423,"region":{"name":"Stockholm","id":141}}}]