[{"sender":{"country":"se","medals":[7,5,16,79,70,28,56,126,117,27,97,104,48,22,122,15,40,127],"zones":[1232,1571,246,136245],"pointsPerHour":30,"points":36468,"blocktime":1320,"taken":21433,"name":"Spikbebis75","totalPoints":4076306,"rank":48,"id":92852,"place":1288,"uniqueZonesTaken":1167,"region":{"name":"Stockholm","id":141}},"time":"2021-10-19T15:36:35+0000","message":"GottoBlandat: jag trodde du åkte förbi odis :/","region":{"name":"Stockholm","id":141},"type":"chat"},{"sender":{"country":"se","medals":[5,24,67,4,6,24,16,24,24,70,24,77,24,72,112,48,79,24,17,57,126,15,124,109,87,128],"zones":[57186,29172,7432],"pointsPerHour":24,"points":26423,"blocktime":1335,"taken":35849,"name":"Cyndix","totalPoints":4593785,"rank":49,"id":43268,"place":1703,"uniqueZonesTaken":1316,"region":{"name":"Västmanland","id":143}},"time":"2021-10-19T15:34:08+0000","message":"jeep43: när skäggfar behöver oss då hjälper vi till 😁","region":{"name":"Västmanland","id":143},"type":"chat"},{"sender":{"country":"se","medals":[78,47,93,122,6,27,16,28,77,57,4,22,14,100,117,36,128],"zones":[37440,143041,139073,296903,141574,139401,90447,20753,20754,20755,12243,152342,92308,12245,12246,114267,8412,138526,107612,8414,94815,141725,44575,67614,97826,12071,203564,465845,22194,22196,61045,226804,2425,37438,178365,37439],"pointsPerHour":197,"points":105720,"blocktime":1185,"taken":6684,"name":"Moi2021","totalPoints":1225300,"rank":39,"id":327456,"place":272,"uniqueZonesTaken":754,"region":{"name":"Stockholm","id":141}},"time":"2021-10-19T15:32:48+0000","message":"Gofika: det bra gjort 🤗","region":{"name":"Stockholm","id":141},"type":"chat"},{"sender":{"country":"se","medals":[16,67,24,70,77,24,79,4,24,83,24,62,17,116,57,48,117,24,72,24,24,17,107,27,66,50,123,24,126,21,24,89,24,128],"zones":[22193,94802,154151,430691,136126,196124,44318],"pointsPerHour":34,"points":44865,"blocktime":1410,"taken":51487,"name":"Gofika","totalPoints":8553887,"rank":54,"id":156402,"place":1046,"uniqueZonesTaken":3098,"region":{"name":"Stockholm","id":141}},"time":"2021-10-19T15:31:01+0000","message":"Moi2021: Gymnastikturf 💃","region":{"name":"Stockholm","id":141},"type":"chat"}]