[{"sender":{"country":"se","medals":[16,24,77,17,4,7,57,28,27,5,24,24,117,24,79,116,17,22,67,24,24,50,24,107,24,126,48,124,24,70,17,127,24,88],"zones":[55232,43044,37734,200132,1479,31913,350444,472587,92691,465844,207606,7318,7319,24279,42904,9593,42908],"pointsPerHour":51,"points":106647,"blocktime":1395,"taken":40236,"name":"Tålamodet","totalPoints":7307540,"rank":53,"id":188982,"place":239,"uniqueZonesTaken":4511,"region":{"name":"Stockholm","id":141}},"time":"2021-10-18T16:06:09+0000","message":"0beroff: yes, till godiset","region":{"name":"Stockholm","id":141},"type":"chat"},{"medal":84,"time":"2021-10-18T16:05:42+0000","type":"medal","user":{"country":"se","medals":[84],"zones":[154565],"pointsPerHour":0,"points":1087,"blocktime":645,"taken":5,"name":"kingenhugo","totalPoints":1087,"rank":3,"id":349357,"place":7257,"uniqueZonesTaken":3,"region":{"name":"Västra Götaland","id":132}}},{"sender":{"country":"se","medals":[70,67,21,16,77,79,27,72,24,66,117,83,75,4,24,17,115,50,82,2,68,124,1,69,68,126,26,24,3,68,68,68,68,64,118,108,2,69,68,128],"zones":[408774,94211,408210,92696,7162,251,22189,97836,91980],"pointsPerHour":52,"points":101938,"blocktime":1470,"taken":86457,"name":"0beroff","totalPoints":17254520,"rank":58,"id":80119,"place":259,"uniqueZonesTaken":4042,"region":{"name":"Stockholm","id":141}},"time":"2021-10-18T16:05:39+0000","message":"Tålamodet: 😂 aha den har flyttat - bra!","region":{"name":"Stockholm","id":141},"type":"chat"},{"medal":11,"time":"2021-10-18T16:04:37+0000","type":"medal","user":{"country":"se","medals":[51,86,11],"zones":[64753,233345,52996,2564,52997,50151,79014,1607,50153,475,6143],"pointsPerHour":0,"points":9211,"blocktime":720,"taken":65,"name":"Enji","totalPoints":9211,"rank":8,"id":336152,"place":7257,"uniqueZonesTaken":50,"region":{"name":"Uppsala","id":142}}}]