[{"medal":100,"time":"2021-10-18T12:10:50+0000","type":"medal","user":{"country":"fi","medals":[80,95,85,100],"zones":[9748,10745],"pointsPerHour":0,"points":5002,"blocktime":690,"taken":21,"name":"Gretahehe","totalPoints":5002,"rank":6,"id":349785,"place":7218,"uniqueZonesTaken":12,"region":{"name":"Etelä-Suomi","id":185}}},{"medal":42,"time":"2021-10-18T12:02:18+0000","type":"medal","user":{"country":"uk","medals":[92,52,42],"zones":[16515,17219,16516,387392,15974,16008,364556,17325,16367,17360,17361,361431,16020,361432,17279],"pointsPerHour":0,"points":9521,"blocktime":900,"taken":250,"name":"Mazza","totalPoints":112283,"rank":20,"id":316478,"place":7216,"uniqueZonesTaken":46,"region":{"name":"South West England","id":197}}}]