[{"medal":86,"time":"2022-01-11T12:15:35+0000","type":"medal","user":{"country":"se","medals":[51,92,86],"zones":[43861,44134,43862,166309,139563,113496,46362,47739,44462],"pointsPerHour":0,"points":9189,"blocktime":720,"taken":50,"name":"Wixtra","totalPoints":9189,"rank":8,"id":353476,"place":5280,"uniqueZonesTaken":28,"region":{"name":"Västmanland","id":143}}},{"medal":80,"time":"2022-01-11T12:14:50+0000","type":"medal","user":{"country":"se","medals":[85,80],"zones":[106741,615,7912,50905,620],"pointsPerHour":0,"points":1495,"blocktime":675,"taken":16,"name":"FrasseLisk","totalPoints":2587,"rank":5,"id":353220,"place":5280,"uniqueZonesTaken":12,"region":{"name":"Norrbotten","id":126}}},{"medal":51,"time":"2022-01-11T12:13:59+0000","type":"medal","user":{"country":"fi","medals":[93,85,92,51],"zones":[139474,353124,98323,29219,7189,194292,33371,33837,32175,12479],"pointsPerHour":0,"points":1742,"blocktime":660,"taken":16,"name":"Heija","totalPoints":1742,"rank":4,"id":353616,"place":5279,"uniqueZonesTaken":16,"region":{"name":"Åland","id":177}}},{"medal":92,"time":"2022-01-11T12:10:39+0000","type":"medal","user":{"country":"fi","medals":[93,80,85,92],"zones":[353124,98323,29219,7189,194292,33371,33837,32175,12479],"pointsPerHour":0,"points":1674,"blocktime":660,"taken":15,"name":"Heija","totalPoints":1674,"rank":4,"id":353616,"place":5279,"uniqueZonesTaken":15,"region":{"name":"Åland","id":177}}}]