[{"country":"se","sender":{"country":"se","medals":[46,126,16,55,95,103,5,14,67,122,128,90,6,38],"zones":[11648,351303,91843,94117,1253,37703,122477,333,91983,7057,7156,37108,410526,7161,36447],"pointsPerHour":63,"points":56254,"blocktime":1230,"taken":11232,"name":"JimmyAIK94","totalPoints":1963632,"rank":42,"id":267637,"place":216,"uniqueZonesTaken":743,"region":{"name":"Stockholm","id":141}},"time":"2022-01-10T20:13:38+0000","message":"turfink: kan du ta jontes zoner?","type":"chat"},{"country":"se","sender":{"country":"se","medals":[46,126,16,55,95,103,5,14,67,122,128,90,6,38],"zones":[11648,351303,91843,94117,1253,37703,122477,333,91983,7057,7156,37108,410526,7161,36447],"pointsPerHour":63,"points":56253,"blocktime":1230,"taken":11232,"name":"JimmyAIK94","totalPoints":1963631,"rank":42,"id":267637,"place":216,"uniqueZonesTaken":743,"region":{"name":"Stockholm","id":141}},"time":"2022-01-10T20:12:58+0000","message":"turfink: vänster??","type":"chat"},{"sender":{"country":"se","medals":[94,28,55,7,14,4,5,35,70,67,122,47,16,77,106,79,128],"zones":[74545,2289,29365,29366,475918,11577,180600,907],"pointsPerHour":28,"points":20854,"blocktime":1140,"taken":4867,"name":"IrenePanik","totalPoints":827215,"rank":36,"id":292165,"place":1045,"uniqueZonesTaken":753,"region":{"name":"Östergötland","id":139}},"time":"2022-01-10T20:11:42+0000","message":"recycling: 😂","region":{"name":"Östergötland","id":139},"type":"chat"},{"medal":36,"time":"2022-01-10T20:08:09+0000","type":"medal","user":{"country":"se","medals":[67,79,16,117,5,21,4,27,77,123,94,72,100,70,7,15,57,48,130,36],"zones":[46913,1171,1619,227,228,94826,135807,43535],"pointsPerHour":0,"points":2030,"blocktime":1140,"taken":5000,"name":"MonoMono","totalPoints":752812,"rank":36,"id":328075,"place":5243,"uniqueZonesTaken":1053,"region":{"name":"Stockholm","id":141}}}]