[{"medal":53,"time":"2022-01-11T14:19:09+0000","type":"medal","user":{"country":"uk","medals":[92,86,53],"zones":[351428,351431,351430,351427,392655,476439,392661,392660,392662,349523,349533,349532,349278,349534,348254,349529,349275,349531,349541,94177,349540,94179,94181,94180,393891,349539,94182,349538,94185,94184],"pointsPerHour":0,"points":12125,"blocktime":765,"taken":56,"name":"kendalman","totalPoints":17887,"rank":11,"id":353025,"place":5290,"uniqueZonesTaken":33,"region":{"name":"North West England","id":201}}},{"medal":100,"time":"2022-01-11T14:14:32+0000","type":"medal","user":{"country":"se","medals":[51,92,31,93,70,100],"zones":[],"pointsPerHour":0,"points":1169,"blocktime":705,"taken":39,"name":"Smetvald","totalPoints":7482,"rank":7,"id":255819,"place":0,"uniqueZonesTaken":31,"region":{"name":"Jönköping","id":133}}}]