[{"medal":37,"time":"2021-12-13T18:52:38+0000","type":"medal","user":{"country":"se","medals":[53,5,16,67,22,4,79,14,91,100,94,37],"zones":[31286,33736,113450],"pointsPerHour":0,"points":843,"blocktime":1170,"taken":7500,"name":"Solstrålenett","totalPoints":1093665,"rank":38,"id":93401,"place":4871,"uniqueZonesTaken":612,"region":{"name":"Värmland","id":130}}},{"sender":{"country":"se","medals":[47,16,28,79,77,57,14,70,95,73,110],"zones":[],"pointsPerHour":0,"points":6662,"blocktime":1335,"taken":34682,"name":"adde45","totalPoints":4748109,"rank":49,"id":128558,"place":2166,"uniqueZonesTaken":755,"region":{"name":"Värmland","id":130}},"time":"2021-12-13T18:43:36+0000","message":"Jomii: kämpa in zonerna","region":{"name":"Värmland","id":130},"type":"chat"}]