[{"medal":101,"time":"2023-04-10T10:27:27+0000","type":"medal","user":{"country":"se","medals":[94,127,12,53,34,90,78,101],"zones":[54211,222112,54212,80280],"pointsPerHour":0,"points":12517,"blocktime":1065,"taken":1942,"name":"JanBanan113","totalPoints":351729,"rank":31,"id":382074,"place":5577,"uniqueZonesTaken":163,"region":{"name":"Östergötland","id":139}}},{"medal":39,"time":"2023-04-10T10:21:43+0000","type":"medal","user":{"country":"se","medals":[5,4,57,22,16,67,10,47,70,7,15,79,124,24,117,77,27,97,132,104,39],"zones":[7032,185,335,1231,7023],"pointsPerHour":0,"points":20788,"blocktime":1260,"taken":15000,"name":"Mimikryp","totalPoints":2428381,"rank":44,"id":31546,"place":5576,"uniqueZonesTaken":2336,"region":{"name":"Stockholm","id":141}}}]