[{"medal":93,"time":"2022-04-05T05:45:40+0000","type":"medal","user":{"country":"se","medals":[51,92,42,93],"zones":[7023,62031],"pointsPerHour":0,"points":972,"blocktime":14,"taken":499,"name":"NuDå","totalPoints":68459,"rank":17,"id":351834,"place":3906,"uniqueZonesTaken":24,"region":{"name":"Stockholm","id":141}}},{"medal":84,"time":"2022-04-05T05:44:43+0000","type":"medal","user":{"country":"se","medals":[84],"zones":[7795],"pointsPerHour":0,"points":726,"blocktime":10,"taken":5,"name":"MARREONTHEROAD","totalPoints":726,"rank":3,"id":357604,"place":3905,"uniqueZonesTaken":4,"region":{"name":"Värmland","id":130}}},{"sender":{"country":"fi","medals":[78,16,77,68,83,72,4,70,67,7,114,126,68,58,75,15,123,22,118,111,131],"zones":[38336,15584,29219,177702,78949,34117,34118,12105,14761,33837,228108,32687,32175,182610,63856,72501,428049,33371,368633],"pointsPerHour":127,"points":20034,"blocktime":24,"taken":84060,"name":"Autumnman","totalPoints":11541927,"rank":56,"id":194327,"place":176,"uniqueZonesTaken":1271,"region":{"name":"Åland","id":177}},"time":"2022-04-05T05:38:45+0000","message":"Corellian: 😅 Jo håhå va snö","region":{"name":"Åland","id":177},"type":"chat"}]