[{"medal":88,"time":"2022-04-04T05:23:49+0000","type":"medal","user":{"country":"se","medals":[1,4,70,67,30,16,24,77,79,22,24,17,57,83,75,24,24,17,115,72,50,24,24,17,91,25,24,24,24,24,126,107,123,24,24,24,128,88],"zones":[22202,267,22203,37406],"pointsPerHour":0,"points":520,"blocktime":23,"taken":39999,"name":"Cekt","totalPoints":6871506,"rank":52,"id":2191,"place":3260,"uniqueZonesTaken":3191,"region":{"name":"Stockholm","id":141}}},{"medal":128,"time":"2022-04-04T05:15:19+0000","type":"medal","user":{"country":"se","medals":[126,79,16,28,47,13,17,115,70,77,7,104,36,56,122,128],"zones":[42738,47477,54904,21068,44815],"pointsPerHour":0,"points":2934,"blocktime":19,"taken":5438,"name":"F1DD3Z","totalPoints":980649,"rank":38,"id":57232,"place":3254,"uniqueZonesTaken":456,"region":{"name":"Södermanland","id":140}}}]