[{"sender":{"country":"se","medals":[94,77,70,16,28,79,66,126,117,5,122,15,127,58,39,105,47],"zones":[25025,401,34659,374497,26215,154683,33753,19631],"pointsPerHour":35,"points":1335,"blocktime":21,"taken":16679,"name":"annemunne","totalPoints":3044426,"rank":46,"id":93965,"place":2284,"uniqueZonesTaken":1567,"region":{"name":"Skåne","id":135}},"time":"2022-04-04T15:16:23+0000","message":"MrSpock: Tack. Hade lovat mig själv att inte hamna i det läget igen 🤣","region":{"name":"Skåne","id":135},"type":"chat"},{"medal":92,"time":"2022-04-04T15:12:46+0000","type":"medal","user":{"country":"se","medals":[80,85,92],"zones":[152866,3206,315550,24222,42382,42383,138893],"pointsPerHour":0,"points":1550,"blocktime":11,"taken":15,"name":"JETI","totalPoints":2782,"rank":5,"id":357235,"place":3751,"uniqueZonesTaken":15,"region":{"name":"Västmanland","id":143}}}]