[{"sender":{"country":"se","medals":[126,16,95,103,5,14,67,122,128,90,6,38,47,57],"zones":[7722,251],"pointsPerHour":18,"points":28206,"blocktime":1245,"taken":11857,"name":"JimmyAIK94","totalPoints":2073918,"rank":43,"id":267637,"place":842,"uniqueZonesTaken":783,"region":{"name":"Stockholm","id":141}},"time":"2022-02-15T18:26:04+0000","message":"sippa: skrev du jjimmy94?","region":{"name":"Stockholm","id":141},"type":"chat"},{"sender":{"country":"se","medals":[77,79,56,47,4,24,112,70,16,5,22,15,28,27,126,123,67,38,66,108,130],"zones":[],"pointsPerHour":0,"points":21096,"blocktime":1245,"taken":13971,"name":"HaidyL","totalPoints":2106487,"rank":43,"id":228972,"place":1174,"uniqueZonesTaken":1899,"region":{"name":"Uppsala","id":142}},"time":"2022-02-15T18:23:22+0000","message":"qivasa:...","region":{"name":"Uppsala","id":142},"type":"chat"},{"sender":{"country":"se","medals":[46,16,70,79,5,21,4,77,122,67,55,10,7,105,15,128,96,36],"zones":[56770,7474,882,63987,228,9593,94826,237,8238],"pointsPerHour":67,"points":25789,"blocktime":1140,"taken":5160,"name":"sippa","totalPoints":763501,"rank":36,"id":305999,"place":931,"uniqueZonesTaken":1492,"region":{"name":"Stockholm","id":141}},"time":"2022-02-15T18:23:00+0000","message":"har addat dig på snap nu vet ej om de är rätt 🤣","region":{"name":"Stockholm","id":141},"type":"chat"},{"sender":{"country":"se","medals":[77,79,56,47,4,24,112,70,16,5,22,15,28,27,126,123,67,38,66,108,130],"zones":[],"pointsPerHour":0,"points":21096,"blocktime":1245,"taken":13971,"name":"HaidyL","totalPoints":2106487,"rank":43,"id":228972,"place":1174,"uniqueZonesTaken":1899,"region":{"name":"Uppsala","id":142}},"time":"2022-02-15T18:22:43+0000","message":"quivasa: på väg norrut eller vänder de där?","region":{"name":"Uppsala","id":142},"type":"chat"},{"sender":{"country":"se","medals":[46,16,70,79,5,21,4,77,122,67,55,10,7,105,15,128,96,36],"zones":[56770,7474,882,63987,228,9593,94826,237,8238],"pointsPerHour":67,"points":25786,"blocktime":1140,"taken":5160,"name":"sippa","totalPoints":763498,"rank":36,"id":305999,"place":931,"uniqueZonesTaken":1492,"region":{"name":"Stockholm","id":141}},"time":"2022-02-15T18:20:29+0000","message":"JimmyAIK94 okej :-)","region":{"name":"Stockholm","id":141},"type":"chat"}]