[{"sender":{"country":"se","medals":[70,9,67,4,16,68,60,2,68,21,8,77,79,72,83,75,24,15,68,62,17,116,24,66,118,122,126,128,108],"zones":[155936,228032,136161,65611,43115,78541,17198,65614,43922,16051,138102,66905,180731,142648,78522,317497,134301],"pointsPerHour":43,"points":48403,"blocktime":1470,"taken":97610,"name":"Sagarmatha","totalPoints":17850076,"rank":58,"id":113595,"place":275,"uniqueZonesTaken":1724,"region":{"name":"Värmland","id":130}},"time":"2022-02-14T07:24:21+0000","message":"simpson:.z..\n. . mx.xx \n\n. \n\n\n x . x  z. z z z","region":{"name":"Värmland","id":130},"type":"chat"},{"sender":{"country":"uk","medals":[93,28,79,55,47,13,102,35,127],"zones":[389767,344167,392646,316605,392793,392648,350520,21615,349050],"pointsPerHour":25,"points":15943,"blocktime":1125,"taken":2692,"name":"lunesideSROC","totalPoints":703577,"rank":35,"id":302379,"place":1308,"uniqueZonesTaken":435,"region":{"name":"North West England","id":201}},"time":"2022-02-14T07:12:37+0000","message":"féarglas: thanks I'm just here for a few days. enjoying getting some Edinburgh turfs. I'll keep a look out for you happy to meet","region":{"name":"Scotland","id":200},"type":"chat"}]