[{"sender":{"country":"se","medals":[46,5,22,67,55,24,7,16,70,15,90,97,77,79,4,41,126,102],"zones":[382149,137536,180678,93732,21784,43229,25773,223998,179805,943],"pointsPerHour":54,"points":67689,"blocktime":1350,"taken":29492,"name":"Callet","totalPoints":5222944,"rank":50,"id":49038,"place":1326,"uniqueZonesTaken":2048,"region":{"name":"Kalmar","id":137}},"time":"2021-09-02T15:49:15+0000","message":"MariaDeje: hej på väg till Ernemar?","region":{"name":"Kalmar","id":137},"type":"chat"},{"medal":80,"time":"2021-09-02T15:46:34+0000","type":"medal","user":{"country":"se","medals":[84,80],"zones":[176358,176356,29016,152062,154716],"pointsPerHour":0,"points":1813,"blocktime":660,"taken":7,"name":"Gittan2012","totalPoints":1813,"rank":4,"id":338210,"place":8267,"uniqueZonesTaken":6,"region":{"name":"Västra Götaland","id":132}}},{"medal":39,"time":"2021-09-02T15:39:47+0000","type":"medal","user":{"country":"fi","medals":[72,4,13,122,16,126,96,78,75,59,83,67,105,39],"zones":[14592,179298,96133,228107,38248,14760,23656,19176,62537,22154,93643,7247,22036,62390,7192,79067,178393,42939,64125,62494,64126],"pointsPerHour":0,"points":133550,"blocktime":1245,"taken":14999,"name":"C3PO.","totalPoints":2270720,"rank":43,"id":265321,"place":8267,"uniqueZonesTaken":451,"region":{"name":"Åland","id":177}}}]