[{"sender":{"country":"se","medals":[5,10,46,54,7,14,16,4,79,126,36],"zones":[8424,179434,114058,30892,114060,8429,30893,114256,28150,42871,28151,28154,57180,154622],"pointsPerHour":36,"points":52521,"blocktime":1200,"taken":6650,"name":"gradiant","totalPoints":1456629,"rank":40,"id":20630,"place":1682,"uniqueZonesTaken":949,"region":{"name":"Stockholm","id":141}},"time":"2021-09-03T08:09:35+0000","message":"Vipervirus: ett långgrunt bad på södra sidan av Mälaren om jag minns rätt.","region":{"name":"Stockholm","id":141},"type":"chat"},{"medal":84,"time":"2021-09-03T08:08:03+0000","type":"medal","user":{"country":"se","medals":[84],"zones":[2291,115063,201380,22621],"pointsPerHour":0,"points":652,"blocktime":630,"taken":5,"name":"isak123456789","totalPoints":652,"rank":2,"id":338655,"place":8313,"uniqueZonesTaken":4,"region":{"name":"Östergötland","id":139}}},{"medal":93,"time":"2021-09-03T08:07:51+0000","type":"medal","user":{"country":"se","medals":[93],"zones":[10919],"pointsPerHour":0,"points":235,"blocktime":615,"taken":2,"name":"thea1919","totalPoints":235,"rank":1,"id":339212,"place":8313,"uniqueZonesTaken":2,"region":{"name":"Västra Götaland","id":132}}},{"medal":85,"time":"2021-09-03T08:02:59+0000","type":"medal","user":{"country":"se","medals":[80,85],"zones":[10388,62137,109660],"pointsPerHour":0,"points":1577,"blocktime":660,"taken":10,"name":"moanils","totalPoints":1577,"rank":4,"id":339114,"place":8310,"uniqueZonesTaken":10,"region":{"name":"Västra Götaland","id":132}}},{"medal":85,"time":"2021-09-03T08:02:59+0000","type":"medal","user":{"country":"se","medals":[80,85],"zones":[593,4978,136240,60723,17668,4984,22319],"pointsPerHour":0,"points":1204,"blocktime":660,"taken":10,"name":"Jessica08","totalPoints":1204,"rank":4,"id":338649,"place":8310,"uniqueZonesTaken":9,"region":{"name":"Östergötland","id":139}}}]