[{"medal":122,"time":"2021-09-02T13:03:46+0000","type":"medal","user":{"country":"se","medals":[71,93,46,28,4,55,34,14,122],"zones":[80193,1346,29699,29701,200196,29703,432270,208843,431311,12044,12045,115727,208844,7376,7377,7378,11477,11478,7382,10903,10905,27611,12444,1315,396773,91557,33637,91556,98023,27624,92008,29742,29743,29744,29748,29749,92023,235700,1399,91837,141503,296121,21437,43070],"pointsPerHour":0,"points":91898,"blocktime":1005,"taken":1138,"name":"Mewa","totalPoints":220654,"rank":27,"id":298510,"place":8236,"uniqueZonesTaken":529,"region":{"name":"Södermanland","id":140}}},{"medal":90,"time":"2021-09-02T13:03:28+0000","type":"medal","user":{"country":"se","medals":[80,85,90],"zones":[19216,21041,21042,42740,42741,21049],"pointsPerHour":0,"points":1115,"blocktime":645,"taken":10,"name":"AntonNyström","totalPoints":1115,"rank":3,"id":339056,"place":8236,"uniqueZonesTaken":10,"region":{"name":"Södermanland","id":140}}},{"medal":85,"time":"2021-09-02T13:03:28+0000","type":"medal","user":{"country":"se","medals":[80,85,90],"zones":[19216,21041,21042,42740,42741,21049],"pointsPerHour":0,"points":1115,"blocktime":645,"taken":10,"name":"AntonNyström","totalPoints":1115,"rank":3,"id":339056,"place":8236,"uniqueZonesTaken":10,"region":{"name":"Södermanland","id":140}}},{"medal":93,"time":"2021-09-02T13:02:35+0000","type":"medal","user":{"country":"se","medals":[93],"zones":[],"pointsPerHour":0,"points":140,"blocktime":600,"taken":1,"name":"Tengman","totalPoints":140,"rank":0,"id":338860,"place":8236,"uniqueZonesTaken":1,"region":{"name":"Västra Götaland","id":132}}},{"medal":84,"time":"2021-09-02T13:01:36+0000","type":"medal","user":{"country":"se","medals":[93,84],"zones":[220244],"pointsPerHour":0,"points":778,"blocktime":645,"taken":5,"name":"emme09","totalPoints":778,"rank":3,"id":338577,"place":8235,"uniqueZonesTaken":4,"region":{"name":"Örebro","id":131}}},{"sender":{"country":"se","medals":[22,16,98,72,79,48,77,70,7,13,126,101,57,39],"zones":[32119,25773,179805],"pointsPerHour":9,"points":11870,"blocktime":1290,"taken":17259,"name":"Maglurvet","totalPoints":3219848,"rank":46,"id":160028,"place":3602,"uniqueZonesTaken":403,"region":{"name":"Kalmar","id":137}},"time":"2021-09-02T13:01:21+0000","message":":Krejje:dabbo:Hallå där! Är ni intresserade av att delta i Lag Kalmar län i Regionskampen som startar på söndag?","region":{"name":"Kalmar","id":137},"type":"chat"},{"medal":84,"time":"2021-09-02T13:00:13+0000","type":"medal","user":{"country":"se","medals":[94,84],"zones":[7190,20887,20888,479],"pointsPerHour":0,"points":626,"blocktime":630,"taken":5,"name":"köttbullar6382","totalPoints":626,"rank":2,"id":339079,"place":8233,"uniqueZonesTaken":5,"region":{"name":"Halland","id":134}}},{"medal":84,"time":"2021-09-02T12:59:32+0000","type":"medal","user":{"country":"se","medals":[80,84],"zones":[1061,5433,5435,428957],"pointsPerHour":0,"points":447,"blocktime":630,"taken":5,"name":"dripkiller","totalPoints":447,"rank":2,"id":339087,"place":8233,"uniqueZonesTaken":5,"region":{"name":"Södermanland","id":140}}},{"medal":80,"time":"2021-09-02T12:59:32+0000","type":"medal","user":{"country":"se","medals":[80,84],"zones":[1061,5433,5435,428957],"pointsPerHour":0,"points":447,"blocktime":630,"taken":5,"name":"dripkiller","totalPoints":447,"rank":2,"id":339087,"place":8233,"uniqueZonesTaken":5,"region":{"name":"Södermanland","id":140}}},{"sender":{"country":"fi","medals":[95,46,126,28,55,13,5,36,104,16,6],"zones":[316564,406370,53620,324451,33608,33610,7195,65967,368634],"pointsPerHour":39,"points":28922,"blocktime":1185,"taken":7017,"name":"Klimke","totalPoints":1169381,"rank":39,"id":147275,"place":2505,"uniqueZonesTaken":303,"region":{"name":"Åland","id":177}},"time":"2021-09-02T12:58:56+0000","message":"Muminpappans: Nä! Hinner inte turfa så mycket nu.","region":{"name":"Åland","id":177},"type":"chat"}]