[{"medal":84,"time":"2021-09-03T06:38:06+0000","type":"medal","user":{"country":"se","medals":[80,84],"zones":[21136,22322,21112,37146,180652],"pointsPerHour":0,"points":493,"blocktime":630,"taken":5,"name":"Maskimilian69","totalPoints":493,"rank":2,"id":339190,"place":8293,"uniqueZonesTaken":5,"region":{"name":"Östergötland","id":139}}},{"medal":80,"time":"2021-09-03T06:38:06+0000","type":"medal","user":{"country":"se","medals":[80,84],"zones":[21136,22322,21112,37146,180652],"pointsPerHour":0,"points":493,"blocktime":630,"taken":5,"name":"Maskimilian69","totalPoints":493,"rank":2,"id":339190,"place":8293,"uniqueZonesTaken":5,"region":{"name":"Östergötland","id":139}}},{"medal":80,"time":"2021-09-03T06:38:00+0000","type":"medal","user":{"country":"se","medals":[80,84],"zones":[2292,2295,116074,26747,60733],"pointsPerHour":0,"points":628,"blocktime":630,"taken":5,"name":"sirisvamp","totalPoints":628,"rank":2,"id":339184,"place":8293,"uniqueZonesTaken":5,"region":{"name":"Östergötland","id":139}}},{"medal":84,"time":"2021-09-03T06:38:00+0000","type":"medal","user":{"country":"se","medals":[80,84],"zones":[2292,2295,116074,26747,60733],"pointsPerHour":0,"points":628,"blocktime":630,"taken":5,"name":"sirisvamp","totalPoints":628,"rank":2,"id":339184,"place":8293,"uniqueZonesTaken":5,"region":{"name":"Östergötland","id":139}}},{"medal":85,"time":"2021-09-03T06:36:57+0000","type":"medal","user":{"country":"se","medals":[80,85,10],"zones":[22320,593,95106,17668,17670,201380,37144,9514,22621],"pointsPerHour":0,"points":958,"blocktime":645,"taken":10,"name":"Signegronsak","totalPoints":958,"rank":3,"id":339169,"place":8293,"uniqueZonesTaken":10,"region":{"name":"Östergötland","id":139}}},{"medal":10,"time":"2021-09-03T06:36:57+0000","type":"medal","user":{"country":"se","medals":[80,85,10],"zones":[22320,593,95106,17668,17670,201380,37144,9514,22621],"pointsPerHour":0,"points":958,"blocktime":645,"taken":10,"name":"Signegronsak","totalPoints":958,"rank":3,"id":339169,"place":8293,"uniqueZonesTaken":10,"region":{"name":"Östergötland","id":139}}},{"medal":84,"time":"2021-09-03T06:27:29+0000","type":"medal","user":{"country":"se","medals":[80,84],"zones":[22320,115063,17670,201380,22621],"pointsPerHour":0,"points":551,"blocktime":630,"taken":5,"name":"Signegronsak","totalPoints":551,"rank":2,"id":339169,"place":8290,"uniqueZonesTaken":5,"region":{"name":"Östergötland","id":139}}},{"medal":80,"time":"2021-09-03T06:27:29+0000","type":"medal","user":{"country":"se","medals":[80,84],"zones":[22320,115063,17670,201380,22621],"pointsPerHour":0,"points":551,"blocktime":630,"taken":5,"name":"Signegronsak","totalPoints":551,"rank":2,"id":339169,"place":8290,"uniqueZonesTaken":5,"region":{"name":"Östergötland","id":139}}}]