[{"medal":84,"time":"2021-09-02T13:23:41+0000","type":"medal","user":{"country":"se","medals":[84],"zones":[115267,55846,7051,11485],"pointsPerHour":0,"points":463,"blocktime":630,"taken":5,"name":"blåvitt357375","totalPoints":463,"rank":2,"id":339102,"place":8255,"uniqueZonesTaken":5,"region":{"name":"Västra Götaland","id":132}}},{"medal":84,"time":"2021-09-02T13:22:48+0000","type":"medal","user":{"country":"se","medals":[93,84],"zones":[840,95080,23242,6059],"pointsPerHour":0,"points":762,"blocktime":645,"taken":5,"name":"williamblixt","totalPoints":762,"rank":3,"id":338858,"place":8254,"uniqueZonesTaken":5,"region":{"name":"Västra Götaland","id":132}}},{"medal":80,"time":"2021-09-02T13:22:07+0000","type":"medal","user":{"country":"se","medals":[84,80],"zones":[21056,42739,12004,20374,54905],"pointsPerHour":0,"points":671,"blocktime":630,"taken":6,"name":"Rutten","totalPoints":671,"rank":2,"id":339064,"place":8253,"uniqueZonesTaken":5,"region":{"name":"Södermanland","id":140}}},{"medal":80,"time":"2021-09-02T13:21:38+0000","type":"medal","user":{"country":"se","medals":[80,84],"zones":[864,865,95079,15958,377],"pointsPerHour":0,"points":658,"blocktime":630,"taken":5,"name":"Theahjalmar","totalPoints":658,"rank":2,"id":338893,"place":8253,"uniqueZonesTaken":5,"region":{"name":"Västra Götaland","id":132}}},{"medal":84,"time":"2021-09-02T13:21:38+0000","type":"medal","user":{"country":"se","medals":[80,84],"zones":[864,865,95079,15958,377],"pointsPerHour":0,"points":658,"blocktime":630,"taken":5,"name":"Theahjalmar","totalPoints":658,"rank":2,"id":338893,"place":8253,"uniqueZonesTaken":5,"region":{"name":"Västra Götaland","id":132}}},{"medal":14,"time":"2021-09-02T13:21:38+0000","type":"medal","user":{"country":"no","medals":[45,78,70,7,95,77,5,67,55,46,117,34,122,102,14],"zones":[41889,139974,9083,104685],"pointsPerHour":0,"points":3377,"blocktime":1050,"taken":1243,"name":"xtankgirl","totalPoints":337783,"rank":30,"id":241309,"place":8253,"uniqueZonesTaken":500,"region":{"name":"Vestlandet","id":181}}},{"medal":80,"time":"2021-09-02T13:20:39+0000","type":"medal","user":{"country":"se","medals":[80,84],"zones":[12453,43147,875,879,28399],"pointsPerHour":0,"points":761,"blocktime":645,"taken":5,"name":"Mohliin","totalPoints":761,"rank":3,"id":339093,"place":8253,"uniqueZonesTaken":5,"region":{"name":"Västra Götaland","id":132}}},{"medal":84,"time":"2021-09-02T13:20:39+0000","type":"medal","user":{"country":"se","medals":[80,84],"zones":[12453,43147,875,879,28399],"pointsPerHour":0,"points":761,"blocktime":645,"taken":5,"name":"Mohliin","totalPoints":761,"rank":3,"id":339093,"place":8253,"uniqueZonesTaken":5,"region":{"name":"Västra Götaland","id":132}}},{"medal":85,"time":"2021-09-02T13:20:33+0000","type":"medal","user":{"country":"se","medals":[94,80,85],"zones":[1506,3381,7190,20887,20888,62552,3390,1503],"pointsPerHour":0,"points":1142,"blocktime":645,"taken":10,"name":"köttbullar6382","totalPoints":1142,"rank":3,"id":339079,"place":8253,"uniqueZonesTaken":10,"region":{"name":"Halland","id":134}}},{"medal":78,"time":"2021-09-02T13:18:58+0000","type":"medal","user":{"country":"se","medals":[34,13,94,100,6,90,53,78],"zones":[8226,116,326,42169,28266,141609,171,9599],"pointsPerHour":0,"points":48328,"blocktime":1065,"taken":1940,"name":"MosterMysko","totalPoints":383514,"rank":31,"id":305441,"place":8253,"uniqueZonesTaken":468,"region":{"name":"Stockholm","id":141}}}]