[{"medal":6,"time":"2022-08-01T14:59:36+0000","type":"medal","user":{"country":"se","medals":[12,4,72,47,56,34,94,101,17,6],"zones":[517300],"pointsPerHour":0,"points":185,"blocktime":16,"taken":1477,"name":"BoatBiker","totalPoints":233338,"rank":27,"id":158714,"place":7638,"uniqueZonesTaken":191,"region":{"name":"Skåne","id":135}}},{"medal":51,"time":"2022-08-01T14:58:34+0000","type":"medal","user":{"country":"se","medals":[85,92,71,51],"zones":[97,98,9395,9396,148871,297052,104,36859,175247,69534],"pointsPerHour":0,"points":4205,"blocktime":11,"taken":22,"name":"Quardus","totalPoints":4205,"rank":6,"id":367936,"place":7638,"uniqueZonesTaken":20,"region":{"name":"Kalmar","id":137}}},{"sender":{"country":"se","medals":[67,22,5,4,47,16,78,28,17,116,57,30,70,17,104,50,126,122,66,77,127,40],"zones":[155025],"pointsPerHour":4,"points":26027,"blocktime":21,"taken":21785,"name":"MiaMilla","totalPoints":2838481,"rank":45,"id":53414,"place":2501,"uniqueZonesTaken":2741,"region":{"name":"Västmanland","id":143}},"time":"2022-08-01T14:55:15+0000","message":"mrAce: ja det är coolt o starkt gjort 😉","region":{"name":"Västmanland","id":143},"type":"chat"}]