[{"sender":{"country":"se","medals":[16,4,79,24,17,116,67,57,70,24,24,24,5,77,24,117,21,124,108,28,126,48,74,24,24,66,17,24,131,73,17,24],"zones":[29440,319334,105701,428483,429696,95110,429326,99849,99851,7274,154281,155438,20653,482216,409206,818,65075,311,295069,7642,324664,42077],"pointsPerHour":42,"points":84881,"blocktime":22,"taken":31490,"name":"Anniña","totalPoints":5701733,"rank":50,"id":207433,"place":1012,"uniqueZonesTaken":6956,"region":{"name":"Stockholm","id":141}},"time":"2022-08-01T10:40:24+0000","message":"Fexora: tack, det var hemskt o täckningen är kass här. Tack för tålamodet.","region":{"name":"Östergötland","id":139},"type":"chat"},{"sender":{"country":"se","medals":[4,6,79,46,28,14,126,17,116,34,107,127],"zones":[143970],"pointsPerHour":1,"points":30311,"blocktime":16,"taken":1217,"name":"zongrabbarn","totalPoints":212079,"rank":26,"id":241841,"place":2289,"uniqueZonesTaken":835,"region":{"name":"Kalmar","id":137}},"time":"2022-08-01T10:40:01+0000","message":"finns det någonstans i Oskarshamn där man kan köpa mobilhållare för cykel? helst x ram, eller en i silikon","region":{"name":"Kalmar","id":137},"type":"chat"},{"sender":{"country":"se","medals":[5,16,56,47,70,17,24,77,17,112,28,79,7,4,126,22,14,36,122,107,117,130],"zones":[50288,108691,60727,487167,571,20572,99852,92094],"pointsPerHour":25,"points":28529,"blocktime":19,"taken":6935,"name":"Fexora","totalPoints":1094797,"rank":38,"id":122328,"place":2361,"uniqueZonesTaken":697,"region":{"name":"Östergötland","id":139}},"time":"2022-08-01T10:39:15+0000","message":"Anniña: bra jobbat","region":{"name":"Östergötland","id":139},"type":"chat"},{"country":"is","sender":{"country":"is","medals":[70,16,77,79,72,58,83,22,67,48,4,14,7,24,103,122,126,40,138,133,131,24,99,24,137,133],"zones":[14084,61125,203663,114125,14094,14095,114128,203664,13332,13333,13334,8024,13336,13337,13342,61152,13345,140833,136033,61161,61162,13738,61163,61164,61165,61167,18737,61106,12530,61170,61107,14195,13428,61108,14393],"pointsPerHour":36,"points":16926,"blocktime":22,"taken":24597,"name":"TurfDanne","totalPoints":4049504,"rank":48,"id":151519,"place":3021,"uniqueZonesTaken":799,"region":{"name":"Reykjavík","id":192}},"time":"2022-08-01T10:33:37+0000","message":"takk Ísland","type":"chat"}]