[{"medal":36,"time":"2023-12-12T18:21:32+0000","type":"medal","user":{"country":"se","medals":[54,5,46,4,70,28,67,71,14,95,100,91,153,128,36],"zones":[349263,18123,44587,6924,44588,80398],"pointsPerHour":0,"points":17523,"blocktime":1140,"taken":5000,"name":"EPAdelDiablo","totalPoints":791791,"rank":36,"id":73329,"place":4996,"uniqueZonesTaken":806,"region":{"name":"Uppsala","id":142}}},{"medal":92,"time":"2023-12-12T18:18:38+0000","type":"medal","user":{"country":"se","medals":[80,85,92],"zones":[5624,17736],"pointsPerHour":0,"points":2738,"blocktime":675,"taken":17,"name":"Jossan01","totalPoints":2738,"rank":5,"id":416230,"place":4996,"uniqueZonesTaken":15,"region":{"name":"Västmanland","id":143}}}]