[{"medal":84,"time":"2022-09-20T07:40:13+0000","type":"medal","user":{"country":"se","medals":[84],"zones":[139461,179439],"pointsPerHour":0,"points":810,"blocktime":10,"taken":5,"name":"skola1","totalPoints":810,"rank":3,"id":374946,"place":8295,"uniqueZonesTaken":3,"region":{"name":"Västmanland","id":143}}},{"medal":95,"time":"2022-09-20T07:40:07+0000","type":"medal","user":{"country":"se","medals":[95],"zones":[],"pointsPerHour":0,"points":185,"blocktime":10,"taken":1,"name":"Adrian145","totalPoints":185,"rank":0,"id":375988,"place":8295,"uniqueZonesTaken":1,"region":{"name":"Uppsala","id":142}}},{"medal":95,"time":"2022-09-20T07:40:07+0000","type":"medal","user":{"country":"se","medals":[95],"zones":[],"pointsPerHour":0,"points":185,"blocktime":10,"taken":1,"name":"ninjakrigare","totalPoints":185,"rank":0,"id":375987,"place":8295,"uniqueZonesTaken":1,"region":{"name":"Uppsala","id":142}}},{"medal":95,"time":"2022-09-20T07:40:07+0000","type":"medal","user":{"country":"se","medals":[95],"zones":[],"pointsPerHour":0,"points":185,"blocktime":10,"taken":1,"name":"mm.54567","totalPoints":185,"rank":0,"id":375986,"place":8295,"uniqueZonesTaken":1,"region":{"name":"Uppsala","id":142}}},{"medal":56,"time":"2022-09-20T07:40:07+0000","type":"medal","user":{"country":"de","medals":[79,10,16,93,12,42,56],"zones":[516103,511878,516102,499973,516101,165248,516100,516099,511872,376716,393741,516106,516105,382356,414097,529298,393244,393243,418843,393753,381345,381344,44453,200357,381346,14250,200488,381353,425384,512822,512821,381363,381757,382008,387270,389696,387778,520271,520270,387285,520278,520277,520276,520272,318940,382173,382172,318941,382174,404954,382171,388582,382819,521967,403437,165231,381546,165234,493046,422389,511871,318972,165242,410495,388607,374271,396796,165241,499964,396797,374270,499963,511866,499962,165244],"pointsPerHour":0,"points":49720,"blocktime":14,"taken":315,"name":"foo77","totalPoints":96889,"rank":19,"id":367175,"place":8295,"uniqueZonesTaken":202,"region":{"name":"Berlin","id":440}}},{"medal":100,"time":"2022-09-20T07:39:55+0000","type":"medal","user":{"country":"se","medals":[97,100],"zones":[],"pointsPerHour":0,"points":1369,"blocktime":11,"taken":7,"name":"philip1230","totalPoints":1369,"rank":4,"id":372568,"place":8294,"uniqueZonesTaken":5,"region":{"name":"Skåne","id":135}}},{"medal":93,"time":"2022-09-20T07:35:12+0000","type":"medal","user":{"country":"se","medals":[93],"zones":[],"pointsPerHour":0,"points":170,"blocktime":10,"taken":1,"name":"Fresam0902","totalPoints":170,"rank":0,"id":375874,"place":8294,"uniqueZonesTaken":1,"region":{"name":"Västra Götaland","id":132}}}]