[{"medal":86,"time":"2022-09-20T09:12:27+0000","type":"medal","user":{"country":"se","medals":[92,52,86],"zones":[6996],"pointsPerHour":0,"points":1996,"blocktime":11,"taken":50,"name":"Syltburken","totalPoints":5930,"rank":7,"id":369783,"place":8346,"uniqueZonesTaken":24,"region":{"name":"Västerbotten","id":127}}},{"medal":32,"time":"2022-09-20T09:12:15+0000","type":"medal","user":{"country":"se","medals":[80,6,11,101,94,32],"zones":[63012],"pointsPerHour":0,"points":4108,"blocktime":12,"taken":100,"name":"Oh-Jay","totalPoints":21206,"rank":11,"id":368119,"place":8346,"uniqueZonesTaken":79,"region":{"name":"Östergötland","id":139}}},{"medal":93,"time":"2022-09-20T09:11:51+0000","type":"medal","user":{"country":"se","medals":[93],"zones":[],"pointsPerHour":0,"points":125,"blocktime":10,"taken":1,"name":"Assarr","totalPoints":125,"rank":0,"id":375890,"place":8345,"uniqueZonesTaken":1,"region":{"name":"Jämtland","id":128}}},{"medal":80,"time":"2022-09-20T09:07:49+0000","type":"medal","user":{"country":"se","medals":[93,84,80],"zones":[121712,1619,23124,94826,90127],"pointsPerHour":0,"points":598,"blocktime":10,"taken":7,"name":"VasaEEBI","totalPoints":598,"rank":2,"id":376094,"place":8342,"uniqueZonesTaken":7,"region":{"name":"Stockholm","id":141}}}]