[{"medal":94,"time":"2022-09-19T07:57:49+0000","type":"medal","user":{"country":"se","medals":[94],"zones":[],"pointsPerHour":0,"points":355,"blocktime":10,"taken":2,"name":"nattisss","totalPoints":355,"rank":1,"id":375571,"place":8095,"uniqueZonesTaken":2,"region":{"name":"Västmanland","id":143}}},{"medal":94,"time":"2022-09-19T07:57:49+0000","type":"medal","user":{"country":"se","medals":[94],"zones":[],"pointsPerHour":0,"points":185,"blocktime":10,"taken":1,"name":"Fagersta","totalPoints":185,"rank":0,"id":375664,"place":8095,"uniqueZonesTaken":1,"region":{"name":"Västmanland","id":143}}},{"sender":{"country":"se","medals":[67,16,70,77,22,83,27,7,48,72,79,57,117,14,95,122,126,89,104,132],"zones":[44226,78759,906,80781,22319,138512,22774,51543,4984,22776,12382,12383],"pointsPerHour":73,"points":41924,"blocktime":23,"taken":64947,"name":"Martahari","totalPoints":9728698,"rank":55,"id":143551,"place":1066,"uniqueZonesTaken":663,"region":{"name":"Östergötland","id":139}},"time":"2022-09-19T07:56:34+0000","message":"goka: Tack!😀","region":{"name":"Östergötland","id":139},"type":"chat"},{"sender":{"country":"se","medals":[67,16,70,77,22,83,27,7,48,72,79,57,117,14,95,122,126,89,104,132],"zones":[44226,78759,906,80781,22319,138512,22774,51543,4984,22776,12382,12383],"pointsPerHour":73,"points":41924,"blocktime":23,"taken":64947,"name":"Martahari","totalPoints":9728698,"rank":55,"id":143551,"place":1066,"uniqueZonesTaken":663,"region":{"name":"Östergötland","id":139}},"time":"2022-09-19T07:56:12+0000","message":"IrenePanik: tack 🤩","region":{"name":"Östergötland","id":139},"type":"chat"},{"sender":{"country":"se","medals":[67,16,70,77,22,83,27,7,48,72,79,57,117,14,95,122,126,89,104,132],"zones":[44226,78759,906,80781,22319,138512,22774,51543,4984,22776,12382,12383],"pointsPerHour":73,"points":41923,"blocktime":23,"taken":64947,"name":"Martahari","totalPoints":9728697,"rank":55,"id":143551,"place":1066,"uniqueZonesTaken":663,"region":{"name":"Östergötland","id":139}},"time":"2022-09-19T07:55:46+0000","message":"Kryos: tackar 🙏","region":{"name":"Östergötland","id":139},"type":"chat"},{"medal":35,"time":"2022-09-19T07:55:00+0000","type":"medal","user":{"country":"se","medals":[16,13,55,10,7,35],"zones":[111109,6789,374496,115015,411264,19014,95561,223848,464907,1709,115024,11731,11732,1780,208566,91031,2265,2266,2268,28348,28349,478841,1215],"pointsPerHour":0,"points":31342,"blocktime":18,"taken":2500,"name":"jockmocksulla","totalPoints":630205,"rank":34,"id":20778,"place":8094,"uniqueZonesTaken":357,"region":{"name":"Skåne","id":135}}},{"medal":80,"time":"2022-09-19T07:52:30+0000","type":"medal","user":{"country":"se","medals":[93,84,80],"zones":[152865,3205,64120,24221,431960],"pointsPerHour":0,"points":1433,"blocktime":11,"taken":8,"name":"fiskmacka","totalPoints":1433,"rank":4,"id":375501,"place":8093,"uniqueZonesTaken":6,"region":{"name":"Västmanland","id":143}}}]