[{"medal":85,"time":"2022-09-20T07:52:26+0000","type":"medal","user":{"country":"se","medals":[80,85],"zones":[29840,29841,121715,29842,1227,78430],"pointsPerHour":0,"points":1221,"blocktime":11,"taken":10,"name":"Phebe,Frida","totalPoints":1221,"rank":4,"id":375944,"place":8301,"uniqueZonesTaken":10,"region":{"name":"Stockholm","id":141}}},{"medal":84,"time":"2022-09-20T07:52:19+0000","type":"medal","user":{"country":"se","medals":[95,84],"zones":[486177,49208,21130,21131],"pointsPerHour":0,"points":880,"blocktime":10,"taken":5,"name":"Adrian145","totalPoints":880,"rank":3,"id":375988,"place":8301,"uniqueZonesTaken":5,"region":{"name":"Uppsala","id":142}}},{"medal":80,"time":"2022-09-20T07:52:19+0000","type":"medal","user":{"country":"se","medals":[84,80],"zones":[42385,482325,42386,3207,35898],"pointsPerHour":0,"points":1524,"blocktime":11,"taken":9,"name":"BergenTurf","totalPoints":1524,"rank":4,"id":375574,"place":8301,"uniqueZonesTaken":9,"region":{"name":"Västmanland","id":143}}},{"medal":84,"time":"2022-09-20T07:51:50+0000","type":"medal","user":{"country":"se","medals":[84],"zones":[20701],"pointsPerHour":0,"points":626,"blocktime":10,"taken":5,"name":"FredrikE","totalPoints":937,"rank":3,"id":369724,"place":8301,"uniqueZonesTaken":3,"region":{"name":"Stockholm","id":141}}},{"medal":85,"time":"2022-09-20T07:50:52+0000","type":"medal","user":{"country":"se","medals":[80,85],"zones":[29521,24268],"pointsPerHour":0,"points":280,"blocktime":11,"taken":10,"name":"Malte72MNO","totalPoints":2028,"rank":5,"id":282574,"place":8300,"uniqueZonesTaken":9,"region":{"name":"Stockholm","id":141}}},{"medal":84,"time":"2022-09-20T07:48:49+0000","type":"medal","user":{"country":"se","medals":[80,84],"zones":[29744,235700,1399,1400,204184],"pointsPerHour":0,"points":792,"blocktime":10,"taken":5,"name":"fidlju0723","totalPoints":792,"rank":3,"id":375973,"place":8300,"uniqueZonesTaken":5,"region":{"name":"Västra Götaland","id":132}}},{"medal":80,"time":"2022-09-20T07:48:49+0000","type":"medal","user":{"country":"se","medals":[80,84],"zones":[29744,235700,1399,1400,204184],"pointsPerHour":0,"points":792,"blocktime":10,"taken":5,"name":"fidlju0723","totalPoints":792,"rank":3,"id":375973,"place":8300,"uniqueZonesTaken":5,"region":{"name":"Västra Götaland","id":132}}}]