[{"sender":{"country":"se","medals":[94,90,24,79,46,126,108,66,122,55,16,37,127,15],"zones":[11440,22529,12098,12100,431618,23799,431165,43099,93786,431163,18350],"pointsPerHour":26,"points":19770,"blocktime":20,"taken":9489,"name":"Elibra","totalPoints":2223375,"rank":43,"id":192040,"place":1958,"uniqueZonesTaken":1021,"region":{"name":"Värmland","id":130}},"time":"2022-09-19T13:52:37+0000","message":"Gridkeeper:","region":{"name":"Värmland","id":130},"type":"chat"},{"medal":34,"time":"2022-09-19T13:50:42+0000","type":"medal","user":{"country":"se","medals":[92,100,94,51,34],"zones":[473236,20685,20686],"pointsPerHour":0,"points":12271,"blocktime":16,"taken":1000,"name":"Moa_St","totalPoints":210243,"rank":26,"id":351204,"place":8194,"uniqueZonesTaken":45,"region":{"name":"Västerbotten","id":127}}},{"sender":{"country":"se","medals":[28,47,16,57,7,77,83,79,98,105,4,126,122,15,27,130,73,70,67],"zones":[315398,145025,418945,649,57161,200778,15370,15372,1740,15373,155020,9685,21144,23901,12064,21155,1508,483682,21158,21159,1512,7984,113456,37937,28855,28856,81599],"pointsPerHour":108,"points":77036,"blocktime":22,"taken":31814,"name":"spirit303","totalPoints":5809219,"rank":51,"id":46566,"place":527,"uniqueZonesTaken":1148,"region":{"name":"Dalarna","id":129}},"time":"2022-09-19T13:44:22+0000","message":"Turf_S: Ny omgång den 2/10 kl 12. 🙃","region":{"name":"Dalarna","id":129},"type":"chat"}]