[{"sender":{"country":"se","medals":[46,126,16,55,95,103,37,5,14,67,122,128,90,6],"zones":[25344,22209,91843,45062,176206,11277,176207,176204,44687,176205,176210,45073,176211,176208,176209,45143,45144,45145,23643,23644,14430,226658,37093,45039,44657,154548,138165,44666,251,15614,7166,15615],"pointsPerHour":68,"points":55964,"blocktime":20,"taken":9809,"name":"JimmyAIK94","totalPoints":1669225,"rank":41,"id":267637,"place":326,"uniqueZonesTaken":703,"region":{"name":"Stockholm","id":141}},"time":"2021-11-16T16:29:21+0000","message":"0beroff: hallå jag e här","region":{"name":"Stockholm","id":141},"type":"chat"},{"sender":{"country":"se","medals":[16,24,5,67,47,70,64,21,4,28,57,24,77,14,98,7,24,126,122,79,40,106,129],"zones":[18032,18033,154150,154149,1735,3000,23900,18031],"pointsPerHour":27,"points":12620,"blocktime":21,"taken":22776,"name":"tantorange","totalPoints":3797699,"rank":47,"id":106649,"place":1831,"uniqueZonesTaken":860,"region":{"name":"Västerbotten","id":127}},"time":"2021-11-16T16:26:27+0000","message":"TommyH: kyrkan?","region":{"name":"Västerbotten","id":127},"type":"chat"},{"sender":{"country":"se","medals":[101,70,16,79,126,47,28,55,6,94,77,5,117,36,27,13,129],"zones":[422768,2903,423802,57981],"pointsPerHour":23,"points":22598,"blocktime":20,"taken":6648,"name":"TommyH","totalPoints":1333242,"rank":40,"id":264839,"place":1145,"uniqueZonesTaken":277,"region":{"name":"Västerbotten","id":127}},"time":"2021-11-16T16:26:13+0000","message":"tantorange: Tyvärr, jag är på väg åt ett annat håll :)","region":{"name":"Västerbotten","id":127},"type":"chat"},{"sender":{"country":"se","medals":[16,67,24,70,77,24,79,4,24,83,24,62,17,116,57,48,117,24,72,24,24,17,107,27,66,50,123,24,126,21,24,89,24,129],"zones":[138419,97826,13668,114805,430691,27957,43177,114266,97839],"pointsPerHour":47,"points":25802,"blocktime":23,"taken":51903,"name":"Gofika","totalPoints":8623415,"rank":54,"id":156402,"place":998,"uniqueZonesTaken":3098,"region":{"name":"Stockholm","id":141}},"time":"2021-11-16T16:26:06+0000","message":"JimmyAIK94: Struntar i ligatramset, har inte koll","region":{"name":"Stockholm","id":141},"type":"chat"},{"sender":{"country":"se","medals":[67,79,16,122,28,14,4,48,57,103,77,68,39,95,129,6],"zones":[27105,33796,1573,228425,6926,7246,33711,689,467,371,11668,468,399121,47001,12409,475,476,28892,79516,79518],"pointsPerHour":163,"points":25881,"blocktime":20,"taken":16663,"name":"mattihp","totalPoints":2174096,"rank":43,"id":10151,"place":995,"uniqueZonesTaken":907,"region":{"name":"Uppsala","id":142}},"time":"2021-11-16T16:25:32+0000","message":"Gedackt: aaarghh","region":{"name":"Uppsala","id":142},"type":"chat"},{"sender":{"country":"se","medals":[16,24,5,67,47,70,64,21,4,28,57,24,77,14,98,7,24,126,122,79,40,106,129],"zones":[18032,18033,154150,154149,1735,3000,18031],"pointsPerHour":19,"points":12539,"blocktime":21,"taken":22775,"name":"tantorange","totalPoints":3797618,"rank":47,"id":106649,"place":1838,"uniqueZonesTaken":860,"region":{"name":"Västerbotten","id":127}},"time":"2021-11-16T16:24:03+0000","message":"TommyH: assist Oden?","region":{"name":"Västerbotten","id":127},"type":"chat"}]