[{"medal":86,"time":"2021-11-16T16:04:08+0000","type":"medal","user":{"country":"se","medals":[94,92,90,101,86],"zones":[179635],"pointsPerHour":0,"points":4276,"blocktime":11,"taken":50,"name":"joyfromph","totalPoints":4276,"rank":6,"id":351854,"place":0,"uniqueZonesTaken":44,"region":{"name":"Västmanland","id":143}}},{"medal":51,"time":"2021-11-16T16:02:11+0000","type":"medal","user":{"country":"se","medals":[92,86,51],"zones":[21904,233584,12421,63990,92694,116009,1480,409151,108699,139308],"pointsPerHour":0,"points":5108,"blocktime":12,"taken":75,"name":"NotYou!","totalPoints":12201,"rank":9,"id":121251,"place":5651,"uniqueZonesTaken":48,"region":{"name":"Stockholm","id":141}}},{"medal":84,"time":"2021-11-16T15:45:38+0000","type":"medal","user":{"country":"se","medals":[80,84],"zones":[705,43591,14602,21356,23662],"pointsPerHour":0,"points":343,"blocktime":10,"taken":5,"name":"Pe11erin","totalPoints":343,"rank":1,"id":351981,"place":5649,"uniqueZonesTaken":5,"region":{"name":"Västmanland","id":143}}},{"medal":80,"time":"2021-11-16T15:45:38+0000","type":"medal","user":{"country":"se","medals":[80,84],"zones":[705,43591,14602,21356,23662],"pointsPerHour":0,"points":343,"blocktime":10,"taken":5,"name":"Pe11erin","totalPoints":343,"rank":1,"id":351981,"place":5649,"uniqueZonesTaken":5,"region":{"name":"Västmanland","id":143}}}]