[{"medal":128,"time":"2021-11-15T07:10:23+0000","type":"medal","user":{"country":"se","medals":[126,78,16,10,55,102,95,14,47,67,7,36,128],"zones":[28372,149,21894,150,138469,46889,43577,21533,22223],"pointsPerHour":0,"points":13090,"blocktime":19,"taken":5104,"name":"Hellex","totalPoints":762171,"rank":36,"id":138650,"place":5503,"uniqueZonesTaken":689,"region":{"name":"Stockholm","id":141}}},{"medal":86,"time":"2021-11-15T07:07:19+0000","type":"medal","user":{"country":"se","medals":[93,100,92,51,86],"zones":[412482,7193,23965,7215,66110],"pointsPerHour":0,"points":7463,"blocktime":12,"taken":50,"name":"ola209","totalPoints":9504,"rank":8,"id":337164,"place":5503,"uniqueZonesTaken":21,"region":{"name":"Skåne","id":135}}},{"medal":37,"time":"2021-11-15T06:59:38+0000","type":"medal","user":{"country":"se","medals":[16,79,47,6,28,122,70,83,57,67,77,14,94,96,127,102,37],"zones":[22305,22306,136352,29378,29379,138246,17572,9358,558,79,2992,11921,562,11923,91,7260,92],"pointsPerHour":0,"points":41644,"blocktime":20,"taken":7500,"name":"Ola8","totalPoints":1254417,"rank":40,"id":312322,"place":5500,"uniqueZonesTaken":580,"region":{"name":"Östergötland","id":139}}}]