[{"sender":{"country":"se","medals":[11,24,4,28,77,79,94,15,17,66,55,104,46,16,126,127,39],"zones":[10752,130560,62595,10756,9861,139275,179469,61714,9748,169815,24151,24152,9753,9754,61726,9824,9826,9828,62443,10414,10415,9840,9843,179194,61691,61692,61693],"pointsPerHour":87,"points":18357,"blocktime":21,"taken":15041,"name":"Cosinus","totalPoints":2509484,"rank":44,"id":47727,"place":1286,"uniqueZonesTaken":1700,"region":{"name":"Västmanland","id":143}},"time":"2021-11-15T21:08:18+0000","message":"FilleFilur: Fin stad att turfa i. Tack för att jag fick låna några zoner.","region":{"name":"Etelä-Suomi","id":185},"type":"chat"},{"medal":92,"time":"2021-11-15T21:06:40+0000","type":"medal","user":{"country":"se","medals":[5,32,92],"zones":[7180],"pointsPerHour":0,"points":170,"blocktime":13,"taken":153,"name":"Malajo","totalPoints":34519,"rank":13,"id":175,"place":5588,"uniqueZonesTaken":33,"region":{"name":"Halland","id":134}}}]