[{"medal":84,"time":"2021-11-16T13:41:43+0000","type":"medal","user":{"country":"se","medals":[84],"zones":[21938,278594],"pointsPerHour":0,"points":863,"blocktime":10,"taken":5,"name":"veera","totalPoints":863,"rank":3,"id":351944,"place":5632,"uniqueZonesTaken":5,"region":{"name":"Värmland","id":130}}},{"medal":16,"time":"2021-11-16T13:34:59+0000","type":"medal","user":{"country":"uk","medals":[11,56,68,42,16],"zones":[79361,360903,154592,79362,154593,79365,154596,224296,360904,360916,154582,154583,360915,154581,154584,79386,360921,360920,360922,79358],"pointsPerHour":0,"points":4713,"blocktime":16,"taken":252,"name":"Smitty","totalPoints":198192,"rank":25,"id":335883,"place":5632,"uniqueZonesTaken":99,"region":{"name":"Northern Ireland","id":206}}}]