[{"medal":92,"time":"2021-11-15T12:46:11+0000","type":"medal","user":{"country":"uk","medals":[51,85,92],"zones":[348901,348900,348897,20234,431594,140828],"pointsPerHour":0,"points":2032,"blocktime":12,"taken":21,"name":"monkey1966","totalPoints":13642,"rank":9,"id":348157,"place":0,"uniqueZonesTaken":15,"region":{"name":"South West England","id":197}}},{"medal":6,"time":"2021-11-15T12:46:11+0000","type":"medal","user":{"country":"uk","medals":[52,77,94,100,79,12,33,96,6],"zones":[394585],"pointsPerHour":0,"points":2099,"blocktime":15,"taken":690,"name":"DianaVilliers","totalPoints":141837,"rank":23,"id":280921,"place":0,"uniqueZonesTaken":169,"region":{"name":"Scotland","id":200}}}]