[{"sender":{"country":"se","medals":[51,11,32],"zones":[289,20706,35956,26104,42460],"pointsPerHour":28,"points":714,"blocktime":795,"taken":144,"name":"eldmannen","totalPoints":31400,"rank":13,"id":325913,"place":2926,"uniqueZonesTaken":65,"region":{"name":"Stockholm","id":141}},"time":"2023-09-04T14:08:43+0000","message":"Nu fick jag en zon!","region":{"name":"Stockholm","id":141},"type":"chat"},{"medal":35,"time":"2023-09-04T14:08:29+0000","type":"medal","user":{"country":"se","medals":[46,28,7,100,71,14,95,55,5,70,35],"zones":[63009,1570,119701,90101,122455,1626],"pointsPerHour":0,"points":1136,"blocktime":1065,"taken":2500,"name":"skitidetdu","totalPoints":400461,"rank":31,"id":38629,"place":4746,"uniqueZonesTaken":553,"region":{"name":"Stockholm","id":141}}},{"sender":{"country":"se","medals":[51,11,32],"zones":[289,20706,35956,26104,42460],"pointsPerHour":28,"points":713,"blocktime":795,"taken":144,"name":"eldmannen","totalPoints":31400,"rank":13,"id":325913,"place":2926,"uniqueZonesTaken":65,"region":{"name":"Stockholm","id":141}},"time":"2023-09-04T14:06:53+0000","message":"Jag har inte fått någon zon en.","region":{"name":"Stockholm","id":141},"type":"chat"},{"sender":{"country":"se","medals":[70,79,16,47,122,56,77,126,98,4,24,103,15,127,28,37,66,22],"zones":[24775,24777,154509,96849,319444,96848,96850,23957,319443,224664,154141,115047,418990,110507,418989,80684,1327,93297,559871,147192,223807,203775,203774,223805,223804,604982],"pointsPerHour":40,"points":11787,"blocktime":1260,"taken":8487,"name":"RoJo","totalPoints":2465291,"rank":44,"id":211984,"place":499,"uniqueZonesTaken":1790,"region":{"name":"Östergötland","id":139}},"time":"2023-09-04T13:58:23+0000","message":"Teijman: Tack själva, kul o kunna guida er lite. Tack Kryos! Får inget mess när nån skriver till mig..🙄","region":{"name":"Östergötland","id":139},"type":"chat"}]