[{"medal":95,"time":"2023-09-05T07:56:33+0000","type":"medal","user":{"country":"se","medals":[84,95],"zones":[12779,11343],"pointsPerHour":0,"points":1117,"blocktime":645,"taken":9,"name":"tadas.deniusis","totalPoints":1117,"rank":3,"id":404126,"place":5147,"uniqueZonesTaken":7,"region":{"name":"Västra Götaland","id":132}}},{"medal":95,"time":"2023-09-05T07:56:33+0000","type":"medal","user":{"country":"se","medals":[95],"zones":[874],"pointsPerHour":0,"points":820,"blocktime":645,"taken":5,"name":"Rumba","totalPoints":820,"rank":3,"id":404128,"place":5147,"uniqueZonesTaken":5,"region":{"name":"Västra Götaland","id":132}}},{"medal":95,"time":"2023-09-05T07:56:33+0000","type":"medal","user":{"country":"se","medals":[80,84,95],"zones":[484151,26322,23225,12812],"pointsPerHour":0,"points":995,"blocktime":645,"taken":6,"name":"TheoHenriksson","totalPoints":995,"rank":3,"id":404133,"place":5147,"uniqueZonesTaken":6,"region":{"name":"Västra Götaland","id":132}}},{"medal":95,"time":"2023-09-05T07:56:33+0000","type":"medal","user":{"country":"se","medals":[95],"zones":[878],"pointsPerHour":0,"points":595,"blocktime":630,"taken":5,"name":"ahmednuur","totalPoints":595,"rank":2,"id":404137,"place":5147,"uniqueZonesTaken":5,"region":{"name":"Västra Götaland","id":132}}},{"medal":55,"time":"2023-09-05T07:54:01+0000","type":"medal","user":{"country":"se","medals":[28,12,42,46,55],"zones":[221443,221442,155648,92676,568325,36750,69007,31631,36753,42771,133270,7956,31636,42772,136343,42773,42774,42775,7962,7963,7964,87846,46762,46764,222127,46765,46766,43950,46767,43952,46769,43953,43954,27717,23877,84689,96855,79320,94818,432227,30187,30188,30190,444662,203895,37493,33783,285052,33785,285051],"pointsPerHour":0,"points":9473,"blocktime":840,"taken":291,"name":"Lakritssnus","totalPoints":58817,"rank":16,"id":383672,"place":5144,"uniqueZonesTaken":121,"region":{"name":"Södermanland","id":140}}},{"medal":93,"time":"2023-09-05T07:53:43+0000","type":"medal","user":{"country":"se","medals":[93],"zones":[],"pointsPerHour":0,"points":110,"blocktime":600,"taken":1,"name":"Gusjak10","totalPoints":110,"rank":0,"id":402639,"place":5143,"uniqueZonesTaken":1,"region":{"name":"Stockholm","id":141}}},{"medal":84,"time":"2023-09-05T07:53:31+0000","type":"medal","user":{"country":"se","medals":[94,84],"zones":[208758],"pointsPerHour":0,"points":641,"blocktime":630,"taken":5,"name":"Erik241","totalPoints":641,"rank":2,"id":404122,"place":5143,"uniqueZonesTaken":4,"region":{"name":"Västra Götaland","id":132}}},{"medal":85,"time":"2023-09-05T07:53:31+0000","type":"medal","user":{"country":"se","medals":[85],"zones":[115207,178105],"pointsPerHour":0,"points":1423,"blocktime":660,"taken":10,"name":"Chedin","totalPoints":1764,"rank":4,"id":403075,"place":5143,"uniqueZonesTaken":4,"region":{"name":"Dalarna","id":129}}},{"sender":{"country":"se","medals":[],"zones":[27025,78466],"pointsPerHour":9,"points":266,"blocktime":615,"taken":2,"name":"marcellSN","totalPoints":266,"rank":1,"id":404147,"place":4113,"uniqueZonesTaken":2,"region":{"name":"Stockholm","id":141}},"time":"2023-09-05T07:48:28+0000","message":"Ta mina turfar och jag kommer knulla farfar","region":{"name":"Stockholm","id":141},"type":"chat"}]