[{"medal":90,"time":"2023-09-05T16:28:11+0000","type":"medal","user":{"country":"de","medals":[11,56,32,68,93,77,79,90],"zones":[203591,203590,203589,200843,203592,203599,203602,203634,203601,203633,200854,203604,201053,201052],"pointsPerHour":0,"points":3292,"blocktime":945,"taken":225,"name":"ol0n0lo","totalPoints":141310,"rank":23,"id":398392,"place":5481,"uniqueZonesTaken":97,"region":{"name":"Sachsen-Anhalt","id":453}}},{"medal":100,"time":"2023-09-05T16:26:35+0000","type":"medal","user":{"country":"se","medals":[93,85,80,100],"zones":[21664,44532,78475,78474,11756],"pointsPerHour":0,"points":1406,"blocktime":675,"taken":13,"name":"lottisen","totalPoints":2114,"rank":5,"id":403594,"place":5481,"uniqueZonesTaken":13,"region":{"name":"Gotland","id":138}}},{"medal":93,"time":"2023-09-05T16:23:39+0000","type":"medal","user":{"country":"se","medals":[92,51,86,93],"zones":[1922,517698,92007,1928,348105],"pointsPerHour":0,"points":928,"blocktime":720,"taken":56,"name":"Ninnisa","totalPoints":10060,"rank":8,"id":400276,"place":5481,"uniqueZonesTaken":29,"region":{"name":"Norrbotten","id":126}}}]