[{"sender":{"country":"se","medals":[],"zones":[],"pointsPerHour":0,"points":158,"blocktime":600,"taken":1,"name":"forreliam1337","totalPoints":158,"rank":0,"id":403785,"place":4536,"uniqueZonesTaken":1,"region":{"name":"Jönköping","id":133}},"time":"2023-09-05T10:16:16+0000","message":"tungt pass idag med mycket poäng!","region":{"name":"Jönköping","id":133},"type":"chat"},{"medal":77,"time":"2023-09-05T10:13:51+0000","type":"medal","user":{"country":"se","medals":[46,53,79,12,96,101,22,33,28,128,6,77],"zones":[198,35912,119215,113905,37233,78512,78713,275327,43579,410522,157,82879,159,82878],"pointsPerHour":0,"points":4576,"blocktime":900,"taken":782,"name":"turfnylle","totalPoints":112259,"rank":20,"id":399973,"place":5229,"uniqueZonesTaken":212,"region":{"name":"Stockholm","id":141}}},{"medal":127,"time":"2023-09-05T10:13:21+0000","type":"medal","user":{"country":"se","medals":[51,90,100,94,32,11,127],"zones":[37730,7579,7581,80702,97438],"pointsPerHour":0,"points":3788,"blocktime":780,"taken":160,"name":"kollisbörje","totalPoints":24741,"rank":12,"id":400807,"place":5229,"uniqueZonesTaken":52,"region":{"name":"Stockholm","id":141}}},{"medal":84,"time":"2023-09-05T10:10:39+0000","type":"medal","user":{"country":"se","medals":[80,84],"zones":[507570,116075,116074,26747,26749],"pointsPerHour":0,"points":611,"blocktime":630,"taken":5,"name":"Mattis09","totalPoints":611,"rank":2,"id":404216,"place":5223,"uniqueZonesTaken":5,"region":{"name":"Östergötland","id":139}}},{"medal":80,"time":"2023-09-05T10:10:39+0000","type":"medal","user":{"country":"se","medals":[80,84],"zones":[507570,116075,116074,26747,26749],"pointsPerHour":0,"points":611,"blocktime":630,"taken":5,"name":"Mattis09","totalPoints":611,"rank":2,"id":404216,"place":5223,"uniqueZonesTaken":5,"region":{"name":"Östergötland","id":139}}}]