[{"medal":86,"time":"2023-09-04T15:38:12+0000","type":"medal","user":{"country":"us","medals":[96,100,92,51,86],"zones":[10240,10065,10067,10037,10041,10063],"pointsPerHour":0,"points":2134,"blocktime":750,"taken":50,"name":"turf_troll","totalPoints":16517,"rank":10,"id":400426,"place":4836,"uniqueZonesTaken":32,"region":{"name":"California","id":190}}},{"medal":102,"time":"2023-09-04T15:37:17+0000","type":"medal","user":{"country":"se","medals":[94,11,90,32,53,102],"zones":[189922,33859,33861,407934,222138,347214,43358],"pointsPerHour":0,"points":1631,"blocktime":810,"taken":186,"name":"Helga1966","totalPoints":43623,"rank":14,"id":401092,"place":4835,"uniqueZonesTaken":90,"region":{"name":"Jönköping","id":133}}},{"medal":84,"time":"2023-09-04T15:34:59+0000","type":"medal","user":{"country":"se","medals":[84],"zones":[525435,5416],"pointsPerHour":0,"points":250,"blocktime":645,"taken":5,"name":"ingfor","totalPoints":876,"rank":3,"id":401244,"place":4835,"uniqueZonesTaken":5,"region":{"name":"Halland","id":134}}}]