[{"medal":93,"time":"2023-09-05T07:04:31+0000","type":"medal","user":{"country":"se","medals":[93],"zones":[27025],"pointsPerHour":0,"points":391,"blocktime":615,"taken":3,"name":"leahbea6:3","totalPoints":391,"rank":1,"id":404073,"place":5097,"uniqueZonesTaken":3,"region":{"name":"Stockholm","id":141}}},{"medal":93,"time":"2023-09-05T07:04:02+0000","type":"medal","user":{"country":"se","medals":[93],"zones":[],"pointsPerHour":0,"points":125,"blocktime":600,"taken":1,"name":"Willjam6.3","totalPoints":125,"rank":0,"id":404121,"place":5097,"uniqueZonesTaken":1,"region":{"name":"Stockholm","id":141}}},{"medal":93,"time":"2023-09-05T07:01:52+0000","type":"medal","user":{"country":"se","medals":[93],"zones":[20317],"pointsPerHour":0,"points":220,"blocktime":615,"taken":2,"name":"alvastromberg","totalPoints":220,"rank":1,"id":404042,"place":5094,"uniqueZonesTaken":2,"region":{"name":"Södermanland","id":140}}},{"sender":{"country":"de","medals":[93,67,16,13,58,28,47,128,6,38,100,68,79],"zones":[410535,565451,565549,475298,556942,403713,480782,428044,428042,468778,468777,474228,402899,200501,484638,432347],"pointsPerHour":19,"points":6105,"blocktime":1320,"taken":13858,"name":"ringoingo","totalPoints":4206354,"rank":48,"id":320503,"place":1258,"uniqueZonesTaken":490,"region":{"name":"Nordrhein-Westfalen","id":445}},"time":"2023-09-05T06:59:47+0000","message":"@joask legst ja richtig los. wenn es etwas frei räumen gilt, dann melde dich","region":{"name":"Nordrhein-Westfalen","id":445},"type":"chat"},{"medal":84,"time":"2023-09-05T06:59:12+0000","type":"medal","user":{"country":"se","medals":[84],"zones":[19203,568140,28998,1546],"pointsPerHour":0,"points":807,"blocktime":645,"taken":5,"name":"Matilda37","totalPoints":808,"rank":3,"id":392961,"place":5090,"uniqueZonesTaken":4,"region":{"name":"Västra Götaland","id":132}}}]