[{"medal":85,"time":"2021-11-08T11:45:55+0000","type":"medal","user":{"country":"se","medals":[93,80,85],"zones":[22576,110309,28004,110308,441,1321,141496,22575],"pointsPerHour":0,"points":1361,"blocktime":660,"taken":10,"name":"gbgmax","totalPoints":1361,"rank":4,"id":351640,"place":4021,"uniqueZonesTaken":10,"region":{"name":"Västra Götaland","id":132}}},{"medal":46,"time":"2021-11-08T11:45:26+0000","type":"medal","user":{"country":"uk","medals":[93,11,55,10,16,32,79,46],"zones":[361797,361796,361798,361793,361794,365589,362133,361813,362132,361812,362135,361815,362134,361814,362131,361811,362130,361810,361821,361820,94043,362142,361817,362136,361816,94044,361819,94047,94048,358893,358894,358889,358897,358896],"pointsPerHour":0,"points":11507,"blocktime":810,"taken":125,"name":"sparkyspice","totalPoints":39794,"rank":14,"id":336293,"place":4021,"uniqueZonesTaken":63,"region":{"name":"South East England","id":205}}},{"medal":84,"time":"2021-11-08T11:39:47+0000","type":"medal","user":{"country":"se","medals":[93,84],"zones":[93740,20686,20687],"pointsPerHour":0,"points":486,"blocktime":645,"taken":5,"name":"Moa_St","totalPoints":782,"rank":3,"id":351204,"place":4016,"uniqueZonesTaken":4,"region":{"name":"Västerbotten","id":127}}}]