[{"sender":{"country":"se","medals":[78,16,47,122,94,14,58,102,35,6,98,5,28,70],"zones":[11424,11426,11428,143014,134695,428302,105036,114924,156437,154683,24635,473243,473242,7550],"pointsPerHour":53,"points":2925,"blocktime":1155,"taken":4361,"name":"KingenMalmö","totalPoints":912154,"rank":37,"id":318345,"place":1289,"uniqueZonesTaken":699,"region":{"name":"Skåne","id":135}},"time":"2021-11-08T13:37:58+0000","message":"Király: din gamla Trävaruhusrumlare!!!","region":{"name":"Skåne","id":135},"type":"chat"}]