[{"sender":{"country":"se","medals":[94,28,16,47,122,7,14,56,127,104,70,79,83,35],"zones":[56130,142279,550,486,2249,715,139405,12016,9681,31763,31764,18197,18679,150650,7257,138171,7770,828,63710],"pointsPerHour":154,"points":10167,"blocktime":1050,"taken":2738,"name":"Ghardar","totalPoints":320836,"rank":30,"id":336206,"place":510,"uniqueZonesTaken":695,"region":{"name":"Västmanland","id":143}},"time":"2021-11-09T06:11:51+0000","message":"Anthi: äh du kom med sån fart att jag inte vågade ta den 😉","region":{"name":"Västmanland","id":143},"type":"chat"}]