[{"medal":52,"time":"2022-01-04T16:12:37+0000","type":"medal","user":{"country":"se","medals":[92,90,86,52],"zones":[1408,25025,17889,15522,136129,34659,15524,27845,15526,26215,26216,43247,43248,34552,23961,222233,114941,25021,223838,1407],"pointsPerHour":0,"points":6679,"blocktime":12,"taken":79,"name":"ynit0","totalPoints":10094,"rank":8,"id":353150,"place":4235,"uniqueZonesTaken":39,"region":{"name":"Skåne","id":135}}},{"medal":80,"time":"2022-01-04T16:05:29+0000","type":"medal","user":{"country":"uk","medals":[93,84,80],"zones":[319575,320605,320606,319561,318923],"pointsPerHour":0,"points":1543,"blocktime":11,"taken":9,"name":"lyndsmc","totalPoints":2179,"rank":5,"id":294497,"place":4235,"uniqueZonesTaken":8,"region":{"name":"Scotland","id":200}}},{"medal":100,"time":"2022-01-04T16:05:29+0000","type":"medal","user":{"country":"uk","medals":[53,86,93,11,100],"zones":[319560,319562,319563],"pointsPerHour":0,"points":1480,"blocktime":13,"taken":71,"name":"serpiepe","totalPoints":28342,"rank":13,"id":57195,"place":4235,"uniqueZonesTaken":53,"region":{"name":"Scotland","id":200}}},{"medal":130,"time":"2022-01-04T16:05:29+0000","type":"medal","user":{"country":"se","medals":[70,24,4,6,77,14,47,56,107,72,24,24,99,126,78,122,37,130],"zones":[178387,46529,46531,2436,240822,2439,139341],"pointsPerHour":0,"points":6729,"blocktime":19,"taken":8395,"name":"Winterburn","totalPoints":1039388,"rank":38,"id":204071,"place":4235,"uniqueZonesTaken":829,"region":{"name":"Västerbotten","id":127}}}]