[{"medal":105,"time":"2022-01-04T15:11:59+0000","type":"medal","user":{"country":"se","medals":[5,16,9,48,4,27,24,22,59,67,24,15,24,70,43,7,24,68,77,112,72,24,68,79,123,24,126,88,117,130,105],"zones":[46545,46529,107911,204651,47627,9086],"pointsPerHour":0,"points":4852,"blocktime":23,"taken":46804,"name":"MrDinco","totalPoints":7015969,"rank":52,"id":11189,"place":4215,"uniqueZonesTaken":1959,"region":{"name":"Västerbotten","id":127}}},{"medal":31,"time":"2022-01-04T15:11:18+0000","type":"medal","user":{"country":"se","medals":[80,92,31],"zones":[89121,59345,351456,114120,208714,476828,22059,22060],"pointsPerHour":0,"points":4138,"blocktime":11,"taken":25,"name":"Sillkungen","totalPoints":4886,"rank":6,"id":353266,"place":4215,"uniqueZonesTaken":19,"region":{"name":"Skåne","id":135}}},{"medal":127,"time":"2022-01-04T15:10:40+0000","type":"medal","user":{"country":"se","medals":[95,51,90,102,11,32,46,127],"zones":[84,17671,10811,31501,20574],"pointsPerHour":0,"points":6028,"blocktime":12,"taken":132,"name":"Shadow89","totalPoints":20060,"rank":11,"id":353122,"place":4215,"uniqueZonesTaken":64,"region":{"name":"Östergötland","id":139}}},{"sender":{"country":"se","medals":[70,4,24,79,7,24,22,67,24,16,126,83,15,123,77,72,59,75,24,17,115,38,24,130,109],"zones":[6085],"pointsPerHour":3,"points":4479,"blocktime":20,"taken":10764,"name":"L@rry","totalPoints":1615692,"rank":41,"id":230299,"place":1517,"uniqueZonesTaken":2305,"region":{"name":"Dalarna","id":129}},"time":"2022-01-04T15:09:04+0000","message":"Qoc: Ta den så ses vi strax","region":{"name":"Dalarna","id":129},"type":"chat"},{"medal":32,"time":"2022-01-04T15:03:41+0000","type":"medal","user":{"country":"se","medals":[52,11,32],"zones":[122337,193,22725,7717,7721,22222,22736,7472,25395,25396,91701,9591,187416,47322,47323,15356,7709],"pointsPerHour":0,"points":8969,"blocktime":12,"taken":100,"name":"Bajen120","totalPoints":13747,"rank":9,"id":353263,"place":4213,"uniqueZonesTaken":54,"region":{"name":"Stockholm","id":141}}}]