[{"sender":{"country":"uk","medals":[93,16,67,122,6,27,79,72,14,58,48,36,103,129],"zones":[479082,479081],"pointsPerHour":2,"points":461,"blocktime":20,"taken":7306,"name":"DoodleDad","totalPoints":2005079,"rank":42,"id":311442,"place":2997,"uniqueZonesTaken":762,"region":{"name":"Scotland","id":200}},"time":"2022-01-03T13:28:45+0000","message":"Fashven: top turfing 🦾","region":{"name":"Scotland","id":200},"type":"chat"},{"sender":{"country":"se","medals":[5,4,57,22,16,67,10,47,70,7,15,79,93,124,24,117,77,35,100,130,27],"zones":[27810,27814,223812,64015,1231,335,62031,7023,236210,27377,27387,117566],"pointsPerHour":78,"points":7511,"blocktime":19,"taken":4679,"name":"Mimikryp","totalPoints":845092,"rank":36,"id":31546,"place":527,"uniqueZonesTaken":1424,"region":{"name":"Stockholm","id":141}},"time":"2022-01-03T13:28:00+0000","message":"NuDå: Ja ja. 🙂","region":{"name":"Stockholm","id":141},"type":"chat"},{"sender":{"country":"se","medals":[51,92,32],"zones":[34546,34557,27391],"pointsPerHour":14,"points":853,"blocktime":13,"taken":221,"name":"NuDå","totalPoints":31411,"rank":13,"id":351834,"place":2564,"uniqueZonesTaken":17,"region":{"name":"Stockholm","id":141}},"time":"2022-01-03T13:22:20+0000","message":"Mimikryp den tar jag tillbaka snart😆","region":{"name":"Stockholm","id":141},"type":"chat"}]