[{"medal":85,"time":"2022-01-04T13:19:55+0000","type":"medal","user":{"country":"se","medals":[80,85],"zones":[29011,116869,214597,116871,141482,92268],"pointsPerHour":0,"points":1848,"blocktime":11,"taken":10,"name":"Knotten","totalPoints":1848,"rank":4,"id":353354,"place":4153,"uniqueZonesTaken":7,"region":{"name":"Västra Götaland","id":132}}},{"medal":92,"time":"2022-01-04T13:18:30+0000","type":"medal","user":{"country":"se","medals":[85,51,92],"zones":[177698,177697,7971,64869,7976,42952,26034,93171,145111,1048,1049,1053,1054],"pointsPerHour":0,"points":3275,"blocktime":11,"taken":17,"name":"Thelinskan","totalPoints":3275,"rank":5,"id":353092,"place":3666,"uniqueZonesTaken":15,"region":{"name":"Dalarna","id":129}}},{"medal":33,"time":"2022-01-04T13:17:32+0000","type":"medal","user":{"country":"uk","medals":[53,90,12,6,16,33],"zones":[321975,355598,321978,321979],"pointsPerHour":0,"points":1573,"blocktime":15,"taken":500,"name":"taysidefrog","totalPoints":134818,"rank":22,"id":334921,"place":3666,"uniqueZonesTaken":201,"region":{"name":"Scotland","id":200}}}]