[{"zone":{"previousOwner":{"name":"stinabus","id":93156},"dateCreated":"2014-09-19T16:00:00+0000","dateLastTaken":"2021-06-19T00:40:15+0000","latitude":58.403986,"currentOwner":{"name":"Ola8","id":312322},"name":"Atlasgatan","id":36859,"totalTakeovers":11416,"region":{"country":"se","name":"Östergötland","id":139},"pointsPerHour":7,"longitude":15.636078,"takeoverPoints":95},"latitude":58.403986,"currentOwner":{"name":"Ola8","id":312322},"time":"2021-06-19T00:40:15+0000","type":"takeover","longitude":15.636078},{"zone":{"previousOwner":{"name":"anesys","id":31573},"dateLastTaken":"2021-06-19T00:39:59+0000","latitude":59.060553,"totalTakeovers":3950,"pointsPerHour":4,"takeoverPoints":140,"dateCreated":"2014-02-26T11:00:00+0000","currentOwner":{"name":"goran62","id":174994},"name":"HallsbergGolf","id":26112,"region":{"country":"se","name":"Örebro","id":131},"longitude":15.098138},"latitude":59.060553,"currentOwner":{"name":"goran62","id":174994},"time":"2021-06-19T00:39:59+0000","type":"takeover","longitude":15.098138},{"zone":{"previousOwner":{"name":"Dadeee","id":327379},"dateCreated":"2010-09-02T00:00:00+0000","dateLastTaken":"2021-06-19T00:39:57+0000","latitude":57.697299,"currentOwner":{"name":"MrJokerit","id":81469},"name":"LiseMount","id":460,"totalTakeovers":22478,"region":{"country":"se","name":"Västra Götaland","id":132},"pointsPerHour":9,"longitude":11.98762,"takeoverPoints":65},"latitude":57.697299,"currentOwner":{"name":"MrJokerit","id":81469},"time":"2021-06-19T00:39:57+0000","type":"takeover","longitude":11.98762},{"zone":{"previousOwner":{"name":"Pyramid","id":289405},"dateCreated":"2020-10-05T09:30:00+0000","dateLastTaken":"2021-06-19T00:39:56+0000","latitude":55.92386,"currentOwner":{"name":"féarglas","id":280861},"name":"3DTurf","id":339217,"totalTakeovers":425,"region":{"country":"gb","name":"Scotland","id":200},"pointsPerHour":6,"longitude":-3.248786,"takeoverPoints":110},"latitude":55.92386,"currentOwner":{"name":"féarglas","id":280861},"time":"2021-06-19T00:39:56+0000","type":"takeover","longitude":-3.248786},{"zone":{"previousOwner":{"name":"GW007","id":77704},"dateCreated":"2013-06-08T10:31:22+0000","dateLastTaken":"2021-06-19T00:39:43+0000","latitude":56.669604,"currentOwner":{"name":"PastaPutin","id":148021},"name":"DriveSchool","id":19315,"totalTakeovers":14722,"region":{"country":"se","name":"Kalmar","id":137},"pointsPerHour":7,"longitude":16.352537,"takeoverPoints":95},"latitude":56.669604,"currentOwner":{"name":"PastaPutin","id":148021},"time":"2021-06-19T00:39:43+0000","type":"takeover","longitude":16.352537},{"zone":{"previousOwner":{"name":"Király","id":169417},"dateCreated":"2013-05-14T20:46:38+0000","dateLastTaken":"2021-06-19T00:39:23+0000","latitude":55.586423,"currentOwner":{"name":"TuonoV4","id":280997},"name":"SunHill","id":18317,"totalTakeovers":3247,"region":{"country":"se","name":"Skåne","id":135},"pointsPerHour":5,"longitude":12.973472,"takeoverPoints":125},"latitude":55.586423,"currentOwner":{"name":"TuonoV4","id":280997},"time":"2021-06-19T00:39:23+0000","type":"takeover","longitude":12.973472},{"zone":{"previousOwner":{"name":"FunkyKringel","id":48817},"dateCreated":"2012-04-11T21:33:38+0000","dateLastTaken":"2021-06-19T00:39:18+0000","latitude":63.82398,"currentOwner":{"name":"Cykeltalibanen","id":267525},"name":"EastOreStreet","id":8072,"totalTakeovers":29321,"region":{"country":"se","name":"Västerbotten","id":127},"pointsPerHour":9,"longitude":20.286336,"takeoverPoints":65},"latitude":63.82398,"currentOwner":{"name":"Cykeltalibanen","id":267525},"time":"2021-06-19T00:39:18+0000","type":"takeover","longitude":20.286336},{"zone":{"previousOwner":{"name":"Qwicke","id":190350},"dateCreated":"2020-04-09T14:16:05+0000","dateLastTaken":"2021-06-19T00:39:10+0000","latitude":57.694941,"currentOwner":{"name":"MrJokerit","id":81469},"name":"Multiversum","id":233679,"totalTakeovers":1621,"region":{"country":"se","name":"Västra Götaland","id":132},"pointsPerHour":7,"longitude":11.989175,"takeoverPoints":95},"latitude":57.694941,"currentOwner":{"name":"MrJokerit","id":81469},"time":"2021-06-19T00:39:10+0000","type":"takeover","longitude":11.989175},{"zone":{"previousOwner":{"name":"theMoffe","id":278042},"dateCreated":"2016-12-21T23:22:33+0000","dateLastTaken":"2021-06-19T00:39:00+0000","latitude":59.454571,"currentOwner":{"name":"HeyJune!","id":254091},"name":"EllaElleLa","id":93200,"totalTakeovers":1619,"region":{"country":"se","name":"Stockholm","id":141},"pointsPerHour":5,"longitude":18.036752,"takeoverPoints":125},"latitude":59.454571,"currentOwner":{"name":"HeyJune!","id":254091},"time":"2021-06-19T00:39:00+0000","type":"takeover","longitude":18.036752},{"zone":{"previousOwner":{"name":"0beroff","id":80119},"dateLastTaken":"2021-06-19T00:38:52+0000","latitude":59.330405,"totalTakeovers":51863,"pointsPerHour":9,"takeoverPoints":65,"dateCreated":"2010-09-14T00:00:00+0000","currentOwner":{"name":"Aicar","id":74956},"name":"CentralZone","id":882,"region":{"country":"se","name":"Stockholm","id":141},"longitude":18.05868},"latitude":59.330405,"currentOwner":{"name":"Aicar","id":74956},"time":"2021-06-19T00:38:52+0000","type":"takeover","longitude":18.05868},{"zone":{"previousOwner":{"name":"Hblom09","id":305896},"dateCreated":"2014-09-08T16:00:38+0000","dateLastTaken":"2021-06-19T00:38:50+0000","latitude":60.067498,"currentOwner":{"name":"Corellian","id":264701},"name":"Stallet","id":34727,"totalTakeovers":5650,"region":{"country":"fi","name":"Åland","id":177},"pointsPerHour":6,"longitude":19.957814,"takeoverPoints":110},"latitude":60.067498,"currentOwner":{"name":"Corellian","id":264701},"time":"2021-06-19T00:38:50+0000","type":"takeover","longitude":19.957814},{"zone":{"previousOwner":{"name":"GW007","id":77704},"dateCreated":"2012-07-16T00:50:03+0000","dateLastTaken":"2021-06-19T00:38:29+0000","latitude":56.670693,"currentOwner":{"name":"PastaPutin","id":148021},"name":"NorthBishop","id":9703,"totalTakeovers":14177,"region":{"country":"se","name":"Kalmar","id":137},"pointsPerHour":7,"longitude":16.34864,"takeoverPoints":95},"latitude":56.670693,"currentOwner":{"name":"PastaPutin","id":148021},"time":"2021-06-19T00:38:29+0000","type":"takeover","longitude":16.34864},{"zone":{"previousOwner":{"name":"ulrikase","id":67171},"dateLastTaken":"2021-06-19T00:38:29+0000","latitude":58.403825,"totalTakeovers":13911,"pointsPerHour":8,"takeoverPoints":80,"dateCreated":"2010-08-03T00:00:00+0000","currentOwner":{"name":"Ola8","id":312322},"name":"Pumpbron","id":97,"region":{"country":"se","name":"Östergötland","id":139},"longitude":15.640692},"latitude":58.403825,"currentOwner":{"name":"Ola8","id":312322},"time":"2021-06-19T00:38:29+0000","type":"takeover","longitude":15.640692},{"zone":{"previousOwner":{"name":"FunkyKringel","id":48817},"dateCreated":"2014-04-06T10:00:00+0000","dateLastTaken":"2021-06-19T00:38:12+0000","latitude":63.822838,"currentOwner":{"name":"Cykeltalibanen","id":267525},"name":"BlueUnderpass","id":27906,"totalTakeovers":25329,"region":{"country":"se","name":"Västerbotten","id":127},"pointsPerHour":9,"longitude":20.289529,"takeoverPoints":65},"latitude":63.822838,"currentOwner":{"name":"Cykeltalibanen","id":267525},"time":"2021-06-19T00:38:12+0000","type":"takeover","longitude":20.289529},{"zone":{"previousOwner":{"name":"forelle","id":318976},"dateLastTaken":"2021-06-19T00:38:01+0000","latitude":50.985483,"totalTakeovers":55,"pointsPerHour":1,"takeoverPoints":185,"dateCreated":"2021-05-11T10:51:56+0000","currentOwner":{"name":"JoasK","id":303577},"name":"Niehlerbrücke","id":410535,"region":{"country":"de","name":"Nordrhein-Westfalen","id":445},"longitude":6.968655},"latitude":50.985483,"currentOwner":{"name":"JoasK","id":303577},"time":"2021-06-19T00:38:01+0000","type":"takeover","longitude":6.968655},{"zone":{"previousOwner":{"name":"anesys","id":31573},"dateCreated":"2020-12-24T12:01:13+0000","dateLastTaken":"2021-06-19T00:37:57+0000","latitude":59.063124,"currentOwner":{"name":"goran62","id":174994},"name":"HallsbergAlle","id":357473,"totalTakeovers":310,"region":{"country":"se","name":"Örebro","id":131},"pointsPerHour":4,"longitude":15.097539,"takeoverPoints":140},"latitude":59.063124,"currentOwner":{"name":"goran62","id":174994},"time":"2021-06-19T00:37:57+0000","type":"takeover","longitude":15.097539},{"zone":{"previousOwner":{"name":"Qwicke","id":190350},"dateCreated":"2013-02-19T07:50:22+0000","dateLastTaken":"2021-06-19T00:37:54+0000","latitude":57.691934,"currentOwner":{"name":"MrJokerit","id":81469},"name":"LisebergSyd","id":15096,"totalTakeovers":8716,"region":{"country":"se","name":"Västra Götaland","id":132},"pointsPerHour":7,"longitude":11.992481,"takeoverPoints":95},"latitude":57.691934,"currentOwner":{"name":"MrJokerit","id":81469},"time":"2021-06-19T00:37:54+0000","type":"takeover","longitude":11.992481},{"zone":{"previousOwner":{"name":"rozaliona","id":73379},"dateCreated":"2014-09-08T16:02:22+0000","dateLastTaken":"2021-06-19T00:37:28+0000","latitude":60.069623,"currentOwner":{"name":"Corellian","id":264701},"name":"DalenCrop","id":34728,"totalTakeovers":5534,"region":{"country":"fi","name":"Åland","id":177},"pointsPerHour":6,"longitude":19.955366,"takeoverPoints":110},"latitude":60.069623,"currentOwner":{"name":"Corellian","id":264701},"time":"2021-06-19T00:37:28+0000","type":"takeover","longitude":19.955366},{"zone":{"previousOwner":{"name":"Pyramid","id":289405},"dateLastTaken":"2021-06-19T00:37:27+0000","latitude":55.921538,"totalTakeovers":198,"pointsPerHour":4,"takeoverPoints":140,"dateCreated":"2020-12-13T09:56:10+0000","currentOwner":{"name":"féarglas","id":280861},"name":"HolyLock","id":352822,"region":{"country":"gb","name":"Scotland","id":200},"longitude":-3.242652},"latitude":55.921538,"currentOwner":{"name":"féarglas","id":280861},"time":"2021-06-19T00:37:27+0000","type":"takeover","longitude":-3.242652},{"zone":{"previousOwner":{"name":"Király","id":169417},"dateCreated":"2014-04-18T06:42:09+0000","dateLastTaken":"2021-06-19T00:37:25+0000","latitude":55.584484,"currentOwner":{"name":"TuonoV4","id":280997},"name":"Bellepark","id":28325,"totalTakeovers":3069,"region":{"country":"se","name":"Skåne","id":135},"pointsPerHour":5,"longitude":12.971276,"takeoverPoints":125},"latitude":55.584484,"currentOwner":{"name":"TuonoV4","id":280997},"time":"2021-06-19T00:37:25+0000","type":"takeover","longitude":12.971276},{"zone":{"previousOwner":{"name":"GW007","id":77704},"dateCreated":"2012-12-28T18:22:58+0000","dateLastTaken":"2021-06-19T00:37:12+0000","latitude":56.668934,"currentOwner":{"name":"PastaPutin","id":148021},"name":"Jenny","id":12487,"totalTakeovers":19200,"region":{"country":"se","name":"Kalmar","id":137},"pointsPerHour":7,"longitude":16.347302,"takeoverPoints":95},"latitude":56.668934,"currentOwner":{"name":"PastaPutin","id":148021},"time":"2021-06-19T00:37:12+0000","type":"takeover","longitude":16.347302},{"zone":{"previousOwner":{"name":"FunkyKringel","id":48817},"dateCreated":"2016-03-23T21:00:00+0000","dateLastTaken":"2021-06-19T00:36:59+0000","latitude":63.822403,"currentOwner":{"name":"Cykeltalibanen","id":267525},"name":"Umeå500","id":64697,"totalTakeovers":20562,"region":{"country":"se","name":"Västerbotten","id":127},"pointsPerHour":9,"longitude":20.28544,"takeoverPoints":65},"latitude":63.822403,"currentOwner":{"name":"Cykeltalibanen","id":267525},"time":"2021-06-19T00:36:59+0000","type":"takeover","longitude":20.28544},{"zone":{"previousOwner":{"name":"0beroff","id":80119},"dateCreated":"2016-01-22T19:00:21+0000","dateLastTaken":"2021-06-19T00:36:57+0000","latitude":59.333459,"currentOwner":{"name":"Aicar","id":74956},"name":"OldBridge","id":63009,"totalTakeovers":15444,"region":{"country":"se","name":"Stockholm","id":141},"pointsPerHour":8,"longitude":18.057971,"takeoverPoints":80},"latitude":59.333459,"currentOwner":{"name":"Aicar","id":74956},"time":"2021-06-19T00:36:57+0000","type":"takeover","longitude":18.057971},{"zone":{"previousOwner":{"name":"Qwicke","id":190350},"dateCreated":"2010-09-01T00:00:00+0000","dateLastTaken":"2021-06-19T00:36:29+0000","latitude":57.687533,"currentOwner":{"name":"MrJokerit","id":81469},"name":"ElmDale","id":423,"totalTakeovers":6571,"region":{"country":"se","name":"Västra Götaland","id":132},"pointsPerHour":7,"longitude":11.996167,"takeoverPoints":95},"latitude":57.687533,"currentOwner":{"name":"MrJokerit","id":81469},"time":"2021-06-19T00:36:29+0000","type":"takeover","longitude":11.996167},{"zone":{"previousOwner":{"name":"anesys","id":31573},"dateLastTaken":"2021-06-19T00:36:27+0000","latitude":59.064882,"totalTakeovers":6254,"pointsPerHour":5,"takeoverPoints":125,"dateCreated":"2015-02-28T06:00:00+0000","currentOwner":{"name":"goran62","id":174994},"name":"TredjeAdvent","id":44854,"region":{"country":"se","name":"Örebro","id":131},"longitude":15.10069},"latitude":59.064882,"currentOwner":{"name":"goran62","id":174994},"time":"2021-06-19T00:36:27+0000","type":"takeover","longitude":15.10069},{"zone":{"previousOwner":{"name":"rozaliona","id":73379},"dateCreated":"2020-11-21T10:00:00+0000","dateLastTaken":"2021-06-19T00:36:14+0000","latitude":60.071339,"currentOwner":{"name":"Corellian","id":264701},"name":"Morotslotteri","id":350447,"totalTakeovers":754,"region":{"country":"fi","name":"Åland","id":177},"pointsPerHour":6,"longitude":19.957034,"takeoverPoints":110},"latitude":60.071339,"currentOwner":{"name":"Corellian","id":264701},"time":"2021-06-19T00:36:14+0000","type":"takeover","longitude":19.957034},{"zone":{"previousOwner":{"name":"Király","id":169417},"dateCreated":"2010-09-04T14:41:37+0000","dateLastTaken":"2021-06-19T00:36:13+0000","latitude":55.582898,"currentOwner":{"name":"TuonoV4","id":280997},"name":"BellevueZone","id":397,"totalTakeovers":4122,"region":{"country":"se","name":"Skåne","id":135},"pointsPerHour":6,"longitude":12.973496,"takeoverPoints":110},"latitude":55.582898,"currentOwner":{"name":"TuonoV4","id":280997},"time":"2021-06-19T00:36:13+0000","type":"takeover","longitude":12.973496},{"zone":{"previousOwner":{"name":"Zoke","id":242075},"dateCreated":"2012-06-07T06:45:40+0000","dateLastTaken":"2021-06-19T00:36:11+0000","latitude":58.40639,"currentOwner":{"name":"Ola8","id":312322},"name":"StångYang","id":9395,"totalTakeovers":4978,"region":{"country":"se","name":"Östergötland","id":139},"pointsPerHour":5,"longitude":15.635756,"takeoverPoints":125},"latitude":58.40639,"currentOwner":{"name":"Ola8","id":312322},"time":"2021-06-19T00:36:11+0000","type":"takeover","longitude":15.635756},{"zone":{"previousOwner":{"name":"theMoffe","id":278042},"dateCreated":"2017-10-23T21:17:26+0000","dateLastTaken":"2021-06-19T00:35:59+0000","latitude":59.452893,"currentOwner":{"name":"HeyJune!","id":254091},"name":"BaryTenor","id":135789,"totalTakeovers":1220,"region":{"country":"se","name":"Stockholm","id":141},"pointsPerHour":5,"longitude":18.040208,"takeoverPoints":125},"latitude":59.452893,"currentOwner":{"name":"HeyJune!","id":254091},"time":"2021-06-19T00:35:59+0000","type":"takeover","longitude":18.040208},{"zone":{"previousOwner":{"name":"GW007","id":77704},"dateCreated":"2015-04-30T16:43:55+0000","dateLastTaken":"2021-06-19T00:35:54+0000","latitude":56.670729,"currentOwner":{"name":"PastaPutin","id":148021},"name":"Kagg","id":50662,"totalTakeovers":9772,"region":{"country":"se","name":"Kalmar","id":137},"pointsPerHour":7,"longitude":16.344567,"takeoverPoints":95},"latitude":56.670729,"currentOwner":{"name":"PastaPutin","id":148021},"time":"2021-06-19T00:35:54+0000","type":"takeover","longitude":16.344567},{"zone":{"previousOwner":{"name":"FunkyKringel","id":48817},"dateCreated":"2011-05-31T00:00:00+0000","dateLastTaken":"2021-06-19T00:35:49+0000","latitude":63.820699,"currentOwner":{"name":"Cykeltalibanen","id":267525},"name":"Misterzone","id":1724,"totalTakeovers":27078,"region":{"country":"se","name":"Västerbotten","id":127},"pointsPerHour":9,"longitude":20.28525,"takeoverPoints":65},"latitude":63.820699,"currentOwner":{"name":"Cykeltalibanen","id":267525},"time":"2021-06-19T00:35:49+0000","type":"takeover","longitude":20.28525},{"zone":{"previousOwner":{"name":"Tdgc52","id":227396},"dateCreated":"2016-10-14T04:00:00+0000","dateLastTaken":"2021-06-19T00:35:46+0000","latitude":57.689352,"currentOwner":{"name":"MrJokerit","id":81469},"name":"ÄreVörtDe","id":87727,"totalTakeovers":4829,"region":{"country":"se","name":"Västra Götaland","id":132},"pointsPerHour":7,"longitude":11.995119,"takeoverPoints":95},"latitude":57.689352,"currentOwner":{"name":"MrJokerit","id":81469},"time":"2021-06-19T00:35:46+0000","type":"takeover","longitude":11.995119},{"zone":{"previousOwner":{"name":"Király","id":169417},"dateLastTaken":"2021-06-19T00:35:12+0000","latitude":55.581464,"totalTakeovers":1570,"pointsPerHour":6,"takeoverPoints":110,"dateCreated":"2020-01-12T20:36:33+0000","currentOwner":{"name":"TuonoV4","id":280997},"name":"Király010","id":225435,"region":{"country":"se","name":"Skåne","id":135},"longitude":12.977187},"latitude":55.581464,"currentOwner":{"name":"TuonoV4","id":280997},"time":"2021-06-19T00:35:12+0000","type":"takeover","longitude":12.977187},{"zone":{"previousOwner":{"name":"swebear","id":21548},"dateLastTaken":"2021-06-19T00:35:04+0000","latitude":59.335185,"totalTakeovers":19862,"pointsPerHour":8,"takeoverPoints":80,"dateCreated":"2010-07-17T00:00:00+0000","currentOwner":{"name":"Aicar","id":74956},"name":"BrantingZone","id":235,"region":{"country":"se","name":"Stockholm","id":141},"longitude":18.05457},"latitude":59.335185,"currentOwner":{"name":"Aicar","id":74956},"time":"2021-06-19T00:35:04+0000","type":"takeover","longitude":18.05457},{"zone":{"previousOwner":{"name":"anesys","id":31573},"dateCreated":"2019-05-12T10:30:00+0000","dateLastTaken":"2021-06-19T00:35:04+0000","latitude":59.065223,"currentOwner":{"name":"goran62","id":174994},"name":"MountThroat","id":193372,"totalTakeovers":4012,"region":{"country":"se","name":"Örebro","id":131},"pointsPerHour":6,"longitude":15.10557,"takeoverPoints":110},"latitude":59.065223,"currentOwner":{"name":"goran62","id":174994},"time":"2021-06-19T00:35:04+0000","type":"takeover","longitude":15.10557},{"zone":{"previousOwner":{"name":"GW007","id":77704},"dateCreated":"2014-05-10T22:02:06+0000","dateLastTaken":"2021-06-19T00:34:42+0000","latitude":56.671862,"currentOwner":{"name":"PastaPutin","id":148021},"name":"PolisSquare","id":29136,"totalTakeovers":14263,"region":{"country":"se","name":"Kalmar","id":137},"pointsPerHour":7,"longitude":16.34066,"takeoverPoints":95},"latitude":56.671862,"currentOwner":{"name":"PastaPutin","id":148021},"time":"2021-06-19T00:34:42+0000","type":"takeover","longitude":16.34066},{"zone":{"previousOwner":{"name":"Lindhardt","id":212850},"dateCreated":"2017-08-20T17:47:58+0000","dateLastTaken":"2021-06-19T00:34:32+0000","latitude":57.692832,"currentOwner":{"name":"MrJokerit","id":81469},"name":"BallaBalder","id":117520,"totalTakeovers":2183,"region":{"country":"se","name":"Västra Götaland","id":132},"pointsPerHour":4,"longitude":11.997219,"takeoverPoints":140},"latitude":57.692832,"currentOwner":{"name":"MrJokerit","id":81469},"time":"2021-06-19T00:34:32+0000","type":"takeover","longitude":11.997219},{"zone":{"previousOwner":{"name":"rozaliona","id":73379},"dateLastTaken":"2021-06-19T00:34:26+0000","latitude":60.074657,"totalTakeovers":6134,"pointsPerHour":6,"takeoverPoints":110,"dateCreated":"2015-01-06T15:32:40+0000","currentOwner":{"name":"Corellian","id":264701},"name":"RozalionMill","id":43589,"region":{"country":"fi","name":"Åland","id":177},"longitude":19.952918},"latitude":60.074657,"currentOwner":{"name":"Corellian","id":264701},"time":"2021-06-19T00:34:26+0000","type":"takeover","longitude":19.952918},{"zone":{"previousOwner":{"name":"Király","id":169417},"dateCreated":"2013-07-06T17:30:00+0000","dateLastTaken":"2021-06-19T00:34:10+0000","latitude":55.580099,"currentOwner":{"name":"TuonoV4","id":280997},"name":"PeaIsletZone","id":20530,"totalTakeovers":5411,"region":{"country":"se","name":"Skåne","id":135},"pointsPerHour":6,"longitude":12.981518,"takeoverPoints":110},"latitude":55.580099,"currentOwner":{"name":"TuonoV4","id":280997},"time":"2021-06-19T00:34:10+0000","type":"takeover","longitude":12.981518},{"zone":{"previousOwner":{"name":"CattisB","id":113958},"dateCreated":"2017-09-02T10:00:21+0000","dateLastTaken":"2021-06-19T00:34:09+0000","latitude":59.335896,"currentOwner":{"name":"Aicar","id":74956},"name":"PanCosmicus","id":119214,"totalTakeovers":4597,"region":{"country":"se","name":"Stockholm","id":141},"pointsPerHour":8,"longitude":18.051301,"takeoverPoints":80},"latitude":59.335896,"currentOwner":{"name":"Aicar","id":74956},"time":"2021-06-19T00:34:09+0000","type":"takeover","longitude":18.051301},{"zone":{"previousOwner":{"name":"Dusty","id":7188},"dateLastTaken":"2021-06-19T00:34:08+0000","latitude":65.312164,"totalTakeovers":26,"pointsPerHour":1,"takeoverPoints":185,"dateCreated":"2018-10-21T16:00:00+0000","currentOwner":{"name":"Promenada","id":17576},"name":"GargnäsKyrka","id":176514,"region":{"country":"se","name":"Västerbotten","id":127},"longitude":17.962414},"latitude":65.312164,"currentOwner":{"name":"Promenada","id":17576},"time":"2021-06-19T00:34:08+0000","type":"takeover","longitude":17.962414},{"zone":{"previousOwner":{"name":"anesys","id":31573},"dateCreated":"2016-03-24T06:00:00+0000","dateLastTaken":"2021-06-19T00:34:06+0000","latitude":59.065804,"currentOwner":{"name":"goran62","id":174994},"name":"Citytorget","id":63838,"totalTakeovers":10490,"region":{"country":"se","name":"Örebro","id":131},"pointsPerHour":7,"longitude":15.108986,"takeoverPoints":95},"latitude":59.065804,"currentOwner":{"name":"goran62","id":174994},"time":"2021-06-19T00:34:06+0000","type":"takeover","longitude":15.108986},{"zone":{"previousOwner":{"name":"Paddington","id":74108},"dateLastTaken":"2021-06-19T00:34:04+0000","latitude":58.40982,"totalTakeovers":14748,"pointsPerHour":8,"takeoverPoints":80,"dateCreated":"2010-08-03T00:00:00+0000","currentOwner":{"name":"Ola8","id":312322},"name":"Drottbridge","id":98,"region":{"country":"se","name":"Östergötland","id":139},"longitude":15.633614},"latitude":58.40982,"currentOwner":{"name":"Ola8","id":312322},"time":"2021-06-19T00:34:04+0000","type":"takeover","longitude":15.633614},{"zone":{"previousOwner":{"name":"Roland1891","id":240693},"dateLastTaken":"2021-06-19T00:33:46+0000","latitude":67.131008,"totalTakeovers":3182,"pointsPerHour":3,"takeoverPoints":155,"dateCreated":"2014-12-24T11:00:00+0000","currentOwner":{"name":"NixQ2","id":76139},"name":"Ettöreskyrkan","id":42324,"region":{"country":"se","name":"Norrbotten","id":126},"longitude":20.651646},"latitude":67.131008,"currentOwner":{"name":"NixQ2","id":76139},"time":"2021-06-19T00:33:46+0000","type":"takeover","longitude":20.651646},{"zone":{"previousOwner":{"name":"pica42","id":34131},"dateLastTaken":"2021-06-19T00:33:44+0000","latitude":58.737034,"totalTakeovers":209,"pointsPerHour":1,"takeoverPoints":185,"dateCreated":"2012-12-02T10:00:00+0000","currentOwner":{"name":"Imit42","id":281573},"name":"BryneRiver","id":11910,"region":{"country":"no","name":"Vestlandet","id":181},"longitude":5.651598},"latitude":58.737034,"currentOwner":{"name":"Imit42","id":281573},"time":"2021-06-19T00:33:44+0000","type":"takeover","longitude":5.651598},{"zone":{"previousOwner":{"name":"Jokkmokken","id":275781},"dateLastTaken":"2021-06-19T00:33:35+0000","latitude":63.817373,"totalTakeovers":18158,"pointsPerHour":9,"takeoverPoints":65,"dateCreated":"2014-12-20T23:07:55+0000","currentOwner":{"name":"Cykeltalibanen","id":267525},"name":"UmeÖ","id":42938,"region":{"country":"se","name":"Västerbotten","id":127},"longitude":20.293751},"latitude":63.817373,"currentOwner":{"name":"Cykeltalibanen","id":267525},"time":"2021-06-19T00:33:35+0000","type":"takeover","longitude":20.293751},{"zone":{"previousOwner":{"name":"GW007","id":77704},"dateCreated":"2012-11-27T20:15:35+0000","dateLastTaken":"2021-06-19T00:33:30+0000","latitude":56.671977,"currentOwner":{"name":"PastaPutin","id":148021},"name":"Sheriffen","id":12061,"totalTakeovers":11187,"region":{"country":"se","name":"Kalmar","id":137},"pointsPerHour":6,"longitude":16.335976,"takeoverPoints":110},"latitude":56.671977,"currentOwner":{"name":"PastaPutin","id":148021},"time":"2021-06-19T00:33:30+0000","type":"takeover","longitude":16.335976},{"zone":{"previousOwner":{"name":"Király","id":169417},"dateCreated":"2014-04-18T06:42:09+0000","dateLastTaken":"2021-06-19T00:33:10+0000","latitude":55.580639,"currentOwner":{"name":"TuonoV4","id":280997},"name":"Athletes","id":28323,"totalTakeovers":5427,"region":{"country":"se","name":"Skåne","id":135},"pointsPerHour":6,"longitude":12.984876,"takeoverPoints":110},"latitude":55.580639,"currentOwner":{"name":"TuonoV4","id":280997},"time":"2021-06-19T00:33:10+0000","type":"takeover","longitude":12.984876},{"zone":{"previousOwner":{"name":"rozaliona","id":73379},"dateCreated":"2014-08-27T18:55:16+0000","dateLastTaken":"2021-06-19T00:33:08+0000","latitude":60.076717,"currentOwner":{"name":"Corellian","id":264701},"name":"EastNoseRoad","id":33835,"totalTakeovers":11592,"region":{"country":"fi","name":"Åland","id":177},"pointsPerHour":8,"longitude":19.951625,"takeoverPoints":80},"latitude":60.076717,"currentOwner":{"name":"Corellian","id":264701},"time":"2021-06-19T00:33:08+0000","type":"takeover","longitude":19.951625},{"zone":{"previousOwner":{"name":"markuse1","id":314402},"dateCreated":"2018-05-22T12:20:31+0000","dateLastTaken":"2021-06-19T00:33:00+0000","latitude":58.767909,"currentOwner":{"name":"turftraskaren","id":327717},"name":"Tazetten","id":150992,"totalTakeovers":598,"region":{"country":"se","name":"Södermanland","id":140},"pointsPerHour":4,"longitude":17.03206,"takeoverPoints":140},"latitude":58.767909,"currentOwner":{"name":"turftraskaren","id":327717},"time":"2021-06-19T00:33:00+0000","type":"takeover","longitude":17.03206},{"zone":{"previousOwner":{"name":"Reprobus","id":166965},"dateLastTaken":"2021-06-19T00:32:58+0000","latitude":59.067305,"totalTakeovers":20312,"pointsPerHour":8,"takeoverPoints":80,"dateCreated":"2012-03-27T06:10:07+0000","currentOwner":{"name":"goran62","id":174994},"name":"HallsbergRail","id":7469,"region":{"country":"se","name":"Örebro","id":131},"longitude":15.111343},"latitude":59.067305,"currentOwner":{"name":"goran62","id":174994},"time":"2021-06-19T00:32:58+0000","type":"takeover","longitude":15.111343},{"zone":{"previousOwner":{"name":"forelle","id":318976},"dateCreated":"2021-05-17T15:19:59+0000","dateLastTaken":"2021-06-19T00:32:41+0000","latitude":50.979901,"currentOwner":{"name":"JoasK","id":303577},"name":"RheinparkKöln","id":412431,"totalTakeovers":30,"region":{"country":"de","name":"Nordrhein-Westfalen","id":445},"pointsPerHour":1,"longitude":6.983831,"takeoverPoints":185},"latitude":50.979901,"currentOwner":{"name":"JoasK","id":303577},"time":"2021-06-19T00:32:41+0000","type":"takeover","longitude":6.983831},{"zone":{"previousOwner":{"name":"Dadeee","id":327379},"dateCreated":"2013-02-19T08:04:52+0000","dateLastTaken":"2021-06-19T00:32:26+0000","latitude":57.69714,"currentOwner":{"name":"MrJokerit","id":81469},"name":"LisebergNord","id":15097,"totalTakeovers":12851,"region":{"country":"se","name":"Västra Götaland","id":132},"pointsPerHour":7,"longitude":11.991598,"takeoverPoints":95},"latitude":57.69714,"currentOwner":{"name":"MrJokerit","id":81469},"time":"2021-06-19T00:32:26+0000","type":"takeover","longitude":11.991598},{"zone":{"previousOwner":{"name":"Ita","id":145707},"dateCreated":"2011-01-30T11:03:04+0000","dateLastTaken":"2021-06-19T00:32:24+0000","latitude":55.72362,"currentOwner":{"name":"Idacb","id":334484},"name":"Pilhäckringen","id":1401,"totalTakeovers":9510,"region":{"country":"se","name":"Skåne","id":135},"pointsPerHour":7,"longitude":13.213964,"takeoverPoints":95},"latitude":55.72362,"currentOwner":{"name":"Idacb","id":334484},"time":"2021-06-19T00:32:24+0000","type":"takeover","longitude":13.213964},{"zone":{"previousOwner":{"name":"theAce","id":5183},"dateLastTaken":"2021-06-19T00:32:24+0000","latitude":58.408293,"totalTakeovers":10328,"pointsPerHour":8,"takeoverPoints":80,"dateCreated":"2016-05-03T16:00:00+0000","currentOwner":{"name":"Ola8","id":312322},"name":"Tinnerbron","id":69534,"region":{"country":"se","name":"Östergötland","id":139},"longitude":15.634426},"latitude":58.408293,"currentOwner":{"name":"Ola8","id":312322},"time":"2021-06-19T00:32:24+0000","type":"takeover","longitude":15.634426},{"zone":{"previousOwner":{"name":"FunkyKringel","id":48817},"dateCreated":"2012-03-24T00:16:37+0000","dateLastTaken":"2021-06-19T00:32:02+0000","latitude":63.81728,"currentOwner":{"name":"Cykeltalibanen","id":267525},"name":"SunBayLane","id":7363,"totalTakeovers":23855,"region":{"country":"se","name":"Västerbotten","id":127},"pointsPerHour":9,"longitude":20.287235,"takeoverPoints":65},"latitude":63.81728,"currentOwner":{"name":"Cykeltalibanen","id":267525},"time":"2021-06-19T00:32:02+0000","type":"takeover","longitude":20.287235},{"zone":{"previousOwner":{"name":"Pyramid","id":289405},"dateCreated":"2020-06-14T16:00:00+0000","dateLastTaken":"2021-06-19T00:31:45+0000","latitude":55.920539,"currentOwner":{"name":"féarglas","id":280861},"name":"GlenAndCraig","id":316607,"totalTakeovers":204,"region":{"country":"gb","name":"Scotland","id":200},"pointsPerHour":4,"longitude":-3.235748,"takeoverPoints":140},"latitude":55.920539,"currentOwner":{"name":"féarglas","id":280861},"time":"2021-06-19T00:31:45+0000","type":"takeover","longitude":-3.235748},{"zone":{"previousOwner":{"name":"Birykow","id":264072},"dateCreated":"2020-10-09T16:00:00+0000","dateLastTaken":"2021-06-19T00:31:40+0000","latitude":60.07818,"currentOwner":{"name":"Corellian","id":264701},"name":"Suggestions","id":343081,"totalTakeovers":1589,"region":{"country":"fi","name":"Åland","id":177},"pointsPerHour":7,"longitude":19.956046,"takeoverPoints":95},"latitude":60.07818,"currentOwner":{"name":"Corellian","id":264701},"time":"2021-06-19T00:31:40+0000","type":"takeover","longitude":19.956046},{"zone":{"previousOwner":{"name":"GW007","id":77704},"dateCreated":"2011-08-28T00:00:00+0000","dateLastTaken":"2021-06-19T00:31:39+0000","latitude":56.669485,"currentOwner":{"name":"PastaPutin","id":148021},"name":"Giraffen","id":2851,"totalTakeovers":10742,"region":{"country":"se","name":"Kalmar","id":137},"pointsPerHour":6,"longitude":16.335913,"takeoverPoints":110},"latitude":56.669485,"currentOwner":{"name":"PastaPutin","id":148021},"time":"2021-06-19T00:31:39+0000","type":"takeover","longitude":16.335913},{"zone":{"previousOwner":{"name":"anesys","id":31573},"dateCreated":"2017-02-05T00:00:00+0000","dateLastTaken":"2021-06-19T00:31:38+0000","latitude":59.065233,"currentOwner":{"name":"goran62","id":174994},"name":"HattFnatt","id":94137,"totalTakeovers":9937,"region":{"country":"se","name":"Örebro","id":131},"pointsPerHour":7,"longitude":15.112484,"takeoverPoints":95},"latitude":59.065233,"currentOwner":{"name":"goran62","id":174994},"time":"2021-06-19T00:31:38+0000","type":"takeover","longitude":15.112484},{"zone":{"previousOwner":{"name":"markuse1","id":314402},"dateCreated":"2014-03-30T19:49:06+0000","dateLastTaken":"2021-06-19T00:31:34+0000","latitude":58.766013,"currentOwner":{"name":"turftraskaren","id":327717},"name":"Buketten","id":27711,"totalTakeovers":1037,"region":{"country":"se","name":"Södermanland","id":140},"pointsPerHour":4,"longitude":17.02939,"takeoverPoints":140},"latitude":58.766013,"currentOwner":{"name":"turftraskaren","id":327717},"time":"2021-06-19T00:31:34+0000","type":"takeover","longitude":17.02939},{"zone":{"previousOwner":{"name":"CattisB","id":113958},"dateCreated":"2016-12-09T06:42:22+0000","dateLastTaken":"2021-06-19T00:31:30+0000","latitude":59.336805,"currentOwner":{"name":"Aicar","id":74956},"name":"BonnArtZone","id":90128,"totalTakeovers":3429,"region":{"country":"se","name":"Stockholm","id":141},"pointsPerHour":7,"longitude":18.043736,"takeoverPoints":95},"latitude":59.336805,"currentOwner":{"name":"Aicar","id":74956},"time":"2021-06-19T00:31:30+0000","type":"takeover","longitude":18.043736},{"zone":{"previousOwner":{"name":"stinabus","id":93156},"dateCreated":"2010-09-27T17:56:18+0000","dateLastTaken":"2021-06-19T00:31:13+0000","latitude":58.407713,"currentOwner":{"name":"Ola8","id":312322},"name":"Sportcenter","id":920,"totalTakeovers":20359,"region":{"country":"se","name":"Östergötland","id":139},"pointsPerHour":8,"longitude":15.630343,"takeoverPoints":80},"latitude":58.407713,"currentOwner":{"name":"Ola8","id":312322},"time":"2021-06-19T00:31:13+0000","type":"takeover","longitude":15.630343},{"zone":{"previousOwner":{"name":"FunkyKringel","id":48817},"dateCreated":"2016-09-09T09:09:09+0000","dateLastTaken":"2021-06-19T00:31:10+0000","latitude":63.8186,"currentOwner":{"name":"Cykeltalibanen","id":267525},"name":"InklämdKaj","id":83253,"totalTakeovers":16931,"region":{"country":"se","name":"Västerbotten","id":127},"pointsPerHour":9,"longitude":20.283691,"takeoverPoints":65},"latitude":63.8186,"currentOwner":{"name":"Cykeltalibanen","id":267525},"time":"2021-06-19T00:31:10+0000","type":"takeover","longitude":20.283691},{"zone":{"previousOwner":{"name":"Dadeee","id":327379},"dateCreated":"2011-01-30T11:03:04+0000","dateLastTaken":"2021-06-19T00:31:10+0000","latitude":57.698069,"currentOwner":{"name":"MrJokerit","id":81469},"name":"Grytörat","id":1390,"totalTakeovers":11172,"region":{"country":"se","name":"Västra Götaland","id":132},"pointsPerHour":8,"longitude":11.996078,"takeoverPoints":80},"latitude":57.698069,"currentOwner":{"name":"MrJokerit","id":81469},"time":"2021-06-19T00:31:10+0000","type":"takeover","longitude":11.996078},{"zone":{"previousOwner":{"name":"busdriver","id":21002},"dateCreated":"2017-10-23T20:35:12+0000","dateLastTaken":"2021-06-19T00:31:07+0000","latitude":55.576814,"currentOwner":{"name":"TuonoV4","id":280997},"name":"Hyllievång","id":135787,"totalTakeovers":1940,"region":{"country":"se","name":"Skåne","id":135},"pointsPerHour":5,"longitude":12.977888,"takeoverPoints":125},"latitude":55.576814,"currentOwner":{"name":"TuonoV4","id":280997},"time":"2021-06-19T00:31:07+0000","type":"takeover","longitude":12.977888},{"zone":{"previousOwner":{"name":"anesys","id":31573},"dateCreated":"2019-03-17T11:30:00+0000","dateLastTaken":"2021-06-19T00:30:23+0000","latitude":59.064375,"currentOwner":{"name":"goran62","id":174994},"name":"LångaÄngsbarn","id":180648,"totalTakeovers":3857,"region":{"country":"se","name":"Örebro","id":131},"pointsPerHour":6,"longitude":15.115746,"takeoverPoints":110},"latitude":59.064375,"currentOwner":{"name":"goran62","id":174994},"time":"2021-06-19T00:30:23+0000","type":"takeover","longitude":15.115746},{"zone":{"previousOwner":{"name":"Dadeee","id":327379},"dateCreated":"2015-03-06T12:00:00+0000","dateLastTaken":"2021-06-19T00:30:17+0000","latitude":57.699209,"currentOwner":{"name":"MrJokerit","id":81469},"name":"Underåsen","id":45662,"totalTakeovers":8357,"region":{"country":"se","name":"Västra Götaland","id":132},"pointsPerHour":7,"longitude":11.993279,"takeoverPoints":95},"latitude":57.699209,"currentOwner":{"name":"MrJokerit","id":81469},"time":"2021-06-19T00:30:17+0000","type":"takeover","longitude":11.993279},{"zone":{"previousOwner":{"name":"FunkyKringel","id":48817},"dateCreated":"2011-05-31T00:00:00+0000","dateLastTaken":"2021-06-19T00:30:13+0000","latitude":63.819656,"currentOwner":{"name":"Cykeltalibanen","id":267525},"name":"Klädnypan","id":1725,"totalTakeovers":25807,"region":{"country":"se","name":"Västerbotten","id":127},"pointsPerHour":9,"longitude":20.279522,"takeoverPoints":65},"latitude":63.819656,"currentOwner":{"name":"Cykeltalibanen","id":267525},"time":"2021-06-19T00:30:13+0000","type":"takeover","longitude":20.279522},{"zone":{"previousOwner":{"name":"busdriver","id":21002},"dateCreated":"2021-04-03T23:00:00+0000","dateLastTaken":"2021-06-19T00:30:11+0000","latitude":55.574736,"currentOwner":{"name":"TuonoV4","id":280997},"name":"VågigaPlanen","id":394644,"totalTakeovers":189,"region":{"country":"se","name":"Skåne","id":135},"pointsPerHour":5,"longitude":12.977337,"takeoverPoints":125},"latitude":55.574736,"currentOwner":{"name":"TuonoV4","id":280997},"time":"2021-06-19T00:30:11+0000","type":"takeover","longitude":12.977337},{"zone":{"previousOwner":{"name":"GW007","id":77704},"dateCreated":"2012-11-27T20:12:41+0000","dateLastTaken":"2021-06-19T00:29:54+0000","latitude":56.669241,"currentOwner":{"name":"PastaPutin","id":148021},"name":"ThorSauce","id":12059,"totalTakeovers":7750,"region":{"country":"se","name":"Kalmar","id":137},"pointsPerHour":5,"longitude":16.329645,"takeoverPoints":125},"latitude":56.669241,"currentOwner":{"name":"PastaPutin","id":148021},"time":"2021-06-19T00:29:54+0000","type":"takeover","longitude":16.329645},{"zone":{"previousOwner":{"name":"CattisB","id":113958},"dateCreated":"2010-07-14T00:00:00+0000","dateLastTaken":"2021-06-19T00:29:42+0000","latitude":59.339251,"currentOwner":{"name":"Aicar","id":74956},"name":"TorZone","id":229,"totalTakeovers":12522,"region":{"country":"se","name":"Stockholm","id":141},"pointsPerHour":8,"longitude":18.040396,"takeoverPoints":80},"latitude":59.339251,"currentOwner":{"name":"Aicar","id":74956},"time":"2021-06-19T00:29:42+0000","type":"takeover","longitude":18.040396},{"zone":{"previousOwner":{"name":"Roland1891","id":240693},"dateLastTaken":"2021-06-19T00:29:41+0000","latitude":67.132835,"totalTakeovers":3579,"pointsPerHour":4,"takeoverPoints":140,"dateCreated":"2013-05-01T00:00:00+0000","currentOwner":{"name":"NixQ2","id":76139},"name":"MotAndraSidan","id":17538,"region":{"country":"se","name":"Norrbotten","id":126},"longitude":20.647579},"latitude":67.132835,"currentOwner":{"name":"NixQ2","id":76139},"time":"2021-06-19T00:29:41+0000","type":"takeover","longitude":20.647579},{"zone":{"previousOwner":{"name":"rozaliona","id":73379},"dateCreated":"2014-08-15T20:37:36+0000","dateLastTaken":"2021-06-19T00:29:32+0000","latitude":60.077025,"currentOwner":{"name":"Corellian","id":264701},"name":"PlayWithTurf","id":33619,"totalTakeovers":10496,"region":{"country":"fi","name":"Åland","id":177},"pointsPerHour":7,"longitude":19.957385,"takeoverPoints":95},"latitude":60.077025,"currentOwner":{"name":"Corellian","id":264701},"time":"2021-06-19T00:29:32+0000","type":"takeover","longitude":19.957385},{"zone":{"previousOwner":{"name":"FunkyKringel","id":48817},"dateCreated":"2011-05-31T00:00:00+0000","dateLastTaken":"2021-06-19T00:29:20+0000","latitude":63.820366,"currentOwner":{"name":"Cykeltalibanen","id":267525},"name":"UmeåArt","id":1726,"totalTakeovers":25560,"region":{"country":"se","name":"Västerbotten","id":127},"pointsPerHour":9,"longitude":20.27548,"takeoverPoints":65},"latitude":63.820366,"currentOwner":{"name":"Cykeltalibanen","id":267525},"time":"2021-06-19T00:29:20+0000","type":"takeover","longitude":20.27548},{"zone":{"previousOwner":{"name":"pica42","id":34131},"dateCreated":"2020-11-24T10:37:33+0000","dateLastTaken":"2021-06-19T00:29:13+0000","latitude":58.734256,"currentOwner":{"name":"Imit42","id":281573},"name":"KirstenBryne","id":353487,"totalTakeovers":40,"region":{"country":"no","name":"Vestlandet","id":181},"pointsPerHour":1,"longitude":5.653323,"takeoverPoints":185},"latitude":58.734256,"currentOwner":{"name":"Imit42","id":281573},"time":"2021-06-19T00:29:13+0000","type":"takeover","longitude":5.653323},{"zone":{"previousOwner":{"name":"Dadeee","id":327379},"dateCreated":"2012-11-23T20:55:51+0000","dateLastTaken":"2021-06-19T00:29:12+0000","latitude":57.702607,"currentOwner":{"name":"MrJokerit","id":81469},"name":"ValhallaIP","id":12044,"totalTakeovers":12606,"region":{"country":"se","name":"Västra Götaland","id":132},"pointsPerHour":8,"longitude":11.990857,"takeoverPoints":80},"latitude":57.702607,"currentOwner":{"name":"MrJokerit","id":81469},"time":"2021-06-19T00:29:12+0000","type":"takeover","longitude":11.990857},{"zone":{"previousOwner":{"name":"pewi","id":329381},"dateCreated":"2016-10-09T18:45:00+0000","dateLastTaken":"2021-06-19T00:29:06+0000","latitude":59.211851,"currentOwner":{"name":"skallra","id":161676},"name":"GudåDamn","id":90163,"totalTakeovers":3188,"region":{"country":"se","name":"Stockholm","id":141},"pointsPerHour":7,"longitude":18.212745,"takeoverPoints":95},"latitude":59.211851,"currentOwner":{"name":"skallra","id":161676},"time":"2021-06-19T00:29:06+0000","type":"takeover","longitude":18.212745},{"zone":{"previousOwner":{"name":"anesys","id":31573},"dateLastTaken":"2021-06-19T00:29:03+0000","latitude":59.066083,"totalTakeovers":8362,"pointsPerHour":6,"takeoverPoints":110,"dateCreated":"2016-02-01T10:58:11+0000","currentOwner":{"name":"goran62","id":174994},"name":"Puttlabron","id":63198,"region":{"country":"se","name":"Örebro","id":131},"longitude":15.11702},"latitude":59.066083,"currentOwner":{"name":"goran62","id":174994},"time":"2021-06-19T00:29:03+0000","type":"takeover","longitude":15.11702},{"zone":{"previousOwner":{"name":"senne","id":13298},"dateCreated":"2010-08-03T00:00:00+0000","dateLastTaken":"2021-06-19T00:28:57+0000","latitude":58.410229,"currentOwner":{"name":"Ola8","id":312322},"name":"LillaTorget","id":81,"totalTakeovers":36341,"region":{"country":"se","name":"Östergötland","id":139},"pointsPerHour":9,"longitude":15.626568,"takeoverPoints":65},"latitude":58.410229,"currentOwner":{"name":"Ola8","id":312322},"time":"2021-06-19T00:28:57+0000","type":"takeover","longitude":15.626568},{"zone":{"previousOwner":{"name":"GW007","id":77704},"dateCreated":"2014-09-06T23:40:02+0000","dateLastTaken":"2021-06-19T00:28:56+0000","latitude":56.67008,"currentOwner":{"name":"PastaPutin","id":148021},"name":"CalmareYards","id":34628,"totalTakeovers":5675,"region":{"country":"se","name":"Kalmar","id":137},"pointsPerHour":5,"longitude":16.325424,"takeoverPoints":125},"latitude":56.67008,"currentOwner":{"name":"PastaPutin","id":148021},"time":"2021-06-19T00:28:56+0000","type":"takeover","longitude":16.325424},{"zone":{"previousOwner":{"name":"Dadeee","id":327379},"dateCreated":"2014-12-24T08:00:00+0000","dateLastTaken":"2021-06-19T00:28:46+0000","latitude":57.704594,"currentOwner":{"name":"MrJokerit","id":81469},"name":"LevLevzon","id":43070,"totalTakeovers":13540,"region":{"country":"se","name":"Västra Götaland","id":132},"pointsPerHour":8,"longitude":11.99001,"takeoverPoints":80},"latitude":57.704594,"currentOwner":{"name":"MrJokerit","id":81469},"time":"2021-06-19T00:28:46+0000","type":"takeover","longitude":11.99001},{"zone":{"previousOwner":{"name":"rozaliona","id":73379},"dateLastTaken":"2021-06-19T00:28:36+0000","latitude":60.075208,"totalTakeovers":11499,"pointsPerHour":8,"takeoverPoints":80,"dateCreated":"2014-09-09T20:45:32+0000","currentOwner":{"name":"Corellian","id":264701},"name":"RozalionPoint","id":35908,"region":{"country":"fi","name":"Åland","id":177},"longitude":19.957736},"latitude":60.075208,"currentOwner":{"name":"Corellian","id":264701},"time":"2021-06-19T00:28:36+0000","type":"takeover","longitude":19.957736},{"zone":{"previousOwner":{"name":"theMoffe","id":278042},"dateCreated":"2021-06-04T18:21:48+0000","dateLastTaken":"2021-06-19T00:28:33+0000","latitude":59.44459,"currentOwner":{"name":"HeyJune!","id":254091},"name":"EllasBlomster","id":425675,"totalTakeovers":49,"region":{"country":"se","name":"Stockholm","id":141},"pointsPerHour":5,"longitude":18.043787,"takeoverPoints":125},"latitude":59.44459,"currentOwner":{"name":"HeyJune!","id":254091},"time":"2021-06-19T00:28:33+0000","type":"takeover","longitude":18.043787},{"zone":{"previousOwner":{"name":"forelle","id":318976},"dateCreated":"2021-05-11T10:48:21+0000","dateLastTaken":"2021-06-19T00:28:25+0000","latitude":50.971475,"currentOwner":{"name":"JoasK","id":303577},"name":"Molenkopf","id":410534,"totalTakeovers":59,"region":{"country":"de","name":"Nordrhein-Westfalen","id":445},"pointsPerHour":1,"longitude":6.992127,"takeoverPoints":185},"latitude":50.971475,"currentOwner":{"name":"JoasK","id":303577},"time":"2021-06-19T00:28:25+0000","type":"takeover","longitude":6.992127},{"zone":{"previousOwner":{"name":"ESOCJeneral","id":281606},"dateCreated":"2020-06-14T16:00:00+0000","dateLastTaken":"2021-06-19T00:28:05+0000","latitude":55.918441,"currentOwner":{"name":"féarglas","id":280861},"name":"Napier","id":316595,"totalTakeovers":236,"region":{"country":"gb","name":"Scotland","id":200},"pointsPerHour":4,"longitude":-3.239063,"takeoverPoints":140},"latitude":55.918441,"currentOwner":{"name":"féarglas","id":280861},"time":"2021-06-19T00:28:05+0000","type":"takeover","longitude":-3.239063},{"zone":{"previousOwner":{"name":"Dadeee","id":327379},"dateLastTaken":"2021-06-19T00:28:04+0000","latitude":57.706804,"totalTakeovers":19598,"pointsPerHour":9,"takeoverPoints":65,"dateCreated":"2012-11-23T20:58:51+0000","currentOwner":{"name":"MrJokerit","id":81469},"name":"UlleBridge","id":12045,"region":{"country":"se","name":"Västra Götaland","id":132},"longitude":11.989684},"latitude":57.706804,"currentOwner":{"name":"MrJokerit","id":81469},"time":"2021-06-19T00:28:04+0000","type":"takeover","longitude":11.989684},{"zone":{"previousOwner":{"name":"senne","id":13298},"dateCreated":"2010-08-03T00:00:00+0000","dateLastTaken":"2021-06-19T00:27:59+0000","latitude":58.409614,"currentOwner":{"name":"Ola8","id":312322},"name":"TrädSquare","id":78,"totalTakeovers":37079,"region":{"country":"se","name":"Östergötland","id":139},"pointsPerHour":8,"longitude":15.624386,"takeoverPoints":80},"latitude":58.409614,"currentOwner":{"name":"Ola8","id":312322},"time":"2021-06-19T00:27:59+0000","type":"takeover","longitude":15.624386},{"zone":{"previousOwner":{"name":"Jokkmokken","id":275781},"dateCreated":"2013-04-15T12:35:06+0000","dateLastTaken":"2021-06-19T00:27:57+0000","latitude":63.822209,"currentOwner":{"name":"Cykeltalibanen","id":267525},"name":"Kyrkbrinken","id":15393,"totalTakeovers":23642,"region":{"country":"se","name":"Västerbotten","id":127},"pointsPerHour":9,"longitude":20.268788,"takeoverPoints":65},"latitude":63.822209,"currentOwner":{"name":"Cykeltalibanen","id":267525},"time":"2021-06-19T00:27:57+0000","type":"takeover","longitude":20.268788},{"zone":{"previousOwner":{"name":"markuse1","id":314402},"dateCreated":"2014-06-17T06:00:00+0000","dateLastTaken":"2021-06-19T00:27:54+0000","latitude":58.766992,"currentOwner":{"name":"turftraskaren","id":327717},"name":"Brandkärr","id":31639,"totalTakeovers":1390,"region":{"country":"se","name":"Södermanland","id":140},"pointsPerHour":4,"longitude":17.02223,"takeoverPoints":140},"latitude":58.766992,"currentOwner":{"name":"turftraskaren","id":327717},"time":"2021-06-19T00:27:54+0000","type":"takeover","longitude":17.02223},{"zone":{"previousOwner":{"name":"GW007","id":77704},"dateLastTaken":"2021-06-19T00:27:51+0000","latitude":56.669922,"totalTakeovers":9956,"pointsPerHour":6,"takeoverPoints":110,"dateCreated":"2012-07-16T00:30:52+0000","currentOwner":{"name":"PastaPutin","id":148021},"name":"TågKalle","id":9694,"region":{"country":"se","name":"Kalmar","id":137},"longitude":16.320587},"latitude":56.669922,"currentOwner":{"name":"PastaPutin","id":148021},"time":"2021-06-19T00:27:51+0000","type":"takeover","longitude":16.320587},{"zone":{"previousOwner":{"name":"Király","id":169417},"dateCreated":"2010-09-04T14:41:37+0000","dateLastTaken":"2021-06-19T00:27:50+0000","latitude":55.576041,"currentOwner":{"name":"TuonoV4","id":280997},"name":"Peazone","id":528,"totalTakeovers":2737,"region":{"country":"se","name":"Skåne","id":135},"pointsPerHour":6,"longitude":12.984105,"takeoverPoints":110},"latitude":55.576041,"currentOwner":{"name":"TuonoV4","id":280997},"time":"2021-06-19T00:27:50+0000","type":"takeover","longitude":12.984105},{"zone":{"previousOwner":{"name":"Polle-Pedit","id":159903},"dateCreated":"2013-11-20T12:15:57+0000","dateLastTaken":"2021-06-19T00:27:38+0000","latitude":59.339649,"currentOwner":{"name":"Aicar","id":74956},"name":"Filadelfia","id":23124,"totalTakeovers":18254,"region":{"country":"se","name":"Stockholm","id":141},"pointsPerHour":9,"longitude":18.034772,"takeoverPoints":65},"latitude":59.339649,"currentOwner":{"name":"Aicar","id":74956},"time":"2021-06-19T00:27:38+0000","type":"takeover","longitude":18.034772},{"zone":{"previousOwner":{"name":"anesys","id":31573},"dateCreated":"2015-03-27T06:00:00+0000","dateLastTaken":"2021-06-19T00:27:36+0000","latitude":59.065289,"currentOwner":{"name":"goran62","id":174994},"name":"HahahaZone","id":44852,"totalTakeovers":6630,"region":{"country":"se","name":"Örebro","id":131},"pointsPerHour":5,"longitude":15.12257,"takeoverPoints":125},"latitude":59.065289,"currentOwner":{"name":"goran62","id":174994},"time":"2021-06-19T00:27:36+0000","type":"takeover","longitude":15.12257},{"zone":{"previousOwner":{"name":"rozaliona","id":73379},"dateLastTaken":"2021-06-19T00:27:31+0000","latitude":60.073271,"totalTakeovers":5934,"pointsPerHour":7,"takeoverPoints":95,"dateCreated":"2014-10-08T18:34:49+0000","currentOwner":{"name":"Corellian","id":264701},"name":"RozalionPath","id":37938,"region":{"country":"fi","name":"Åland","id":177},"longitude":19.957069},"latitude":60.073271,"currentOwner":{"name":"Corellian","id":264701},"time":"2021-06-19T00:27:31+0000","type":"takeover","longitude":19.957069},{"zone":{"previousOwner":{"name":"theMoffe","id":278042},"dateCreated":"2017-03-18T07:00:00+0000","dateLastTaken":"2021-06-19T00:26:59+0000","latitude":59.446485,"currentOwner":{"name":"HeyJune!","id":254091},"name":"DarthsFruga","id":95831,"totalTakeovers":1538,"region":{"country":"se","name":"Stockholm","id":141},"pointsPerHour":6,"longitude":18.043427,"takeoverPoints":110},"latitude":59.446485,"currentOwner":{"name":"HeyJune!","id":254091},"time":"2021-06-19T00:26:59+0000","type":"takeover","longitude":18.043427},{"zone":{"previousOwner":{"name":"Jokkmokken","id":275781},"dateCreated":"2010-10-06T00:00:00+0000","dateLastTaken":"2021-06-19T00:26:59+0000","latitude":63.823166,"currentOwner":{"name":"Cykeltalibanen","id":267525},"name":"TreeGarden","id":600,"totalTakeovers":28426,"region":{"country":"se","name":"Västerbotten","id":127},"pointsPerHour":9,"longitude":20.264946,"takeoverPoints":65},"latitude":63.823166,"currentOwner":{"name":"Cykeltalibanen","id":267525},"time":"2021-06-19T00:26:59+0000","type":"takeover","longitude":20.264946},{"zone":{"previousOwner":{"name":"Shino","id":175787},"dateLastTaken":"2021-06-19T00:26:53+0000","latitude":57.708399,"totalTakeovers":15982,"pointsPerHour":8,"takeoverPoints":80,"dateCreated":"2012-03-19T23:33:47+0000","currentOwner":{"name":"MrJokerit","id":81469},"name":"Stampens","id":7059,"region":{"country":"se","name":"Västra Götaland","id":132},"longitude":11.987261},"latitude":57.708399,"currentOwner":{"name":"MrJokerit","id":81469},"time":"2021-06-19T00:26:53+0000","type":"takeover","longitude":11.987261},{"zone":{"previousOwner":{"name":"senne","id":13298},"dateLastTaken":"2021-06-19T00:26:34+0000","latitude":58.410839,"totalTakeovers":38040,"pointsPerHour":9,"takeoverPoints":65,"dateCreated":"2010-08-03T00:00:00+0000","currentOwner":{"name":"Ola8","id":312322},"name":"FolkeFilbyter","id":71,"region":{"country":"se","name":"Östergötland","id":139},"longitude":15.621597},"latitude":58.410839,"currentOwner":{"name":"Ola8","id":312322},"time":"2021-06-19T00:26:34+0000","type":"takeover","longitude":15.621597},{"zone":{"previousOwner":{"name":"anesys","id":31573},"dateLastTaken":"2021-06-19T00:26:33+0000","latitude":59.063072,"totalTakeovers":6961,"pointsPerHour":5,"takeoverPoints":125,"dateCreated":"2015-02-19T06:00:00+0000","currentOwner":{"name":"goran62","id":174994},"name":"Hallsbro","id":44851,"region":{"country":"se","name":"Örebro","id":131},"longitude":15.122752},"latitude":59.063072,"currentOwner":{"name":"goran62","id":174994},"time":"2021-06-19T00:26:33+0000","type":"takeover","longitude":15.122752},{"zone":{"previousOwner":{"name":"xhunter","id":56590},"dateLastTaken":"2021-06-19T00:26:26+0000","latitude":55.576503,"totalTakeovers":554,"pointsPerHour":6,"takeoverPoints":110,"dateCreated":"2021-01-08T21:54:56+0000","currentOwner":{"name":"TuonoV4","id":280997},"name":"Király014","id":364119,"region":{"country":"se","name":"Skåne","id":135},"longitude":12.987438},"latitude":55.576503,"currentOwner":{"name":"TuonoV4","id":280997},"time":"2021-06-19T00:26:26+0000","type":"takeover","longitude":12.987438},{"zone":{"previousOwner":{"name":"GW007","id":77704},"dateCreated":"2011-07-23T11:19:47+0000","dateLastTaken":"2021-06-19T00:26:16+0000","latitude":56.668395,"currentOwner":{"name":"PastaPutin","id":148021},"name":"JungZone","id":2080,"totalTakeovers":8140,"region":{"country":"se","name":"Kalmar","id":137},"pointsPerHour":5,"longitude":16.319257,"takeoverPoints":125},"latitude":56.668395,"currentOwner":{"name":"PastaPutin","id":148021},"time":"2021-06-19T00:26:16+0000","type":"takeover","longitude":16.319257},{"zone":{"previousOwner":{"name":"forelle","id":318976},"dateCreated":"2021-05-17T15:24:37+0000","dateLastTaken":"2021-06-19T00:26:13+0000","latitude":50.967163,"currentOwner":{"name":"JoasK","id":303577},"name":"RheinaueBike","id":412433,"totalTakeovers":48,"region":{"country":"de","name":"Nordrhein-Westfalen","id":445},"pointsPerHour":1,"longitude":6.991853,"takeoverPoints":185},"latitude":50.967163,"currentOwner":{"name":"JoasK","id":303577},"time":"2021-06-19T00:26:13+0000","type":"takeover","longitude":6.991853},{"zone":{"previousOwner":{"name":"markuse1","id":314402},"dateCreated":"2017-02-20T10:00:00+0000","dateLastTaken":"2021-06-19T00:26:10+0000","latitude":58.764178,"currentOwner":{"name":"turftraskaren","id":327717},"name":"StockholmsOrt","id":95660,"totalTakeovers":1431,"region":{"country":"se","name":"Södermanland","id":140},"pointsPerHour":5,"longitude":17.022476,"takeoverPoints":125},"latitude":58.764178,"currentOwner":{"name":"turftraskaren","id":327717},"time":"2021-06-19T00:26:10+0000","type":"takeover","longitude":17.022476},{"zone":{"previousOwner":{"name":"Jokkmokken","id":275781},"dateCreated":"2014-12-20T23:28:19+0000","dateLastTaken":"2021-06-19T00:26:08+0000","latitude":63.824065,"currentOwner":{"name":"Cykeltalibanen","id":267525},"name":"VävenÄven","id":42940,"totalTakeovers":24587,"region":{"country":"se","name":"Västerbotten","id":127},"pointsPerHour":9,"longitude":20.261085,"takeoverPoints":65},"latitude":63.824065,"currentOwner":{"name":"Cykeltalibanen","id":267525},"time":"2021-06-19T00:26:08+0000","type":"takeover","longitude":20.261085},{"zone":{"previousOwner":{"name":"Roland1891","id":240693},"dateCreated":"2020-10-19T07:05:26+0000","dateLastTaken":"2021-06-19T00:25:58+0000","latitude":67.13126,"currentOwner":{"name":"NixQ2","id":76139},"name":"Barnhemmet","id":346946,"totalTakeovers":518,"region":{"country":"se","name":"Norrbotten","id":126},"pointsPerHour":4,"longitude":20.643814,"takeoverPoints":140},"latitude":67.13126,"currentOwner":{"name":"NixQ2","id":76139},"time":"2021-06-19T00:25:58+0000","type":"takeover","longitude":20.643814},{"zone":{"previousOwner":{"name":"schnitzer","id":323222},"dateCreated":"2016-06-03T23:02:21+0000","dateLastTaken":"2021-06-19T00:25:51+0000","latitude":59.211279,"currentOwner":{"name":"gordini","id":212039},"name":"Gränsfall","id":78292,"totalTakeovers":5021,"region":{"country":"se","name":"Stockholm","id":141},"pointsPerHour":7,"longitude":18.208824,"takeoverPoints":95},"latitude":59.211279,"currentOwner":{"name":"gordini","id":212039},"time":"2021-06-19T00:25:51+0000","type":"takeover","longitude":18.208824},{"zone":{"previousOwner":{"name":"Shino","id":175787},"dateCreated":"2018-03-04T01:29:46+0000","dateLastTaken":"2021-06-19T00:25:48+0000","latitude":57.709106,"currentOwner":{"name":"MrJokerit","id":81469},"name":"GåVidEnÅ","id":141502,"totalTakeovers":7379,"region":{"country":"se","name":"Västra Götaland","id":132},"pointsPerHour":8,"longitude":11.990513,"takeoverPoints":80},"latitude":57.709106,"currentOwner":{"name":"MrJokerit","id":81469},"time":"2021-06-19T00:25:48+0000","type":"takeover","longitude":11.990513},{"zone":{"previousOwner":{"name":"Vento101","id":78248},"dateLastTaken":"2021-06-19T00:25:48+0000","latitude":55.792843,"totalTakeovers":633,"pointsPerHour":3,"takeoverPoints":155,"dateCreated":"2018-06-17T19:44:15+0000","currentOwner":{"name":"KPD","id":34508},"name":"KorsbackaKa","id":154286,"region":{"country":"se","name":"Skåne","id":135},"longitude":13.106185},"latitude":55.792843,"currentOwner":{"name":"KPD","id":34508},"time":"2021-06-19T00:25:48+0000","type":"takeover","longitude":13.106185},{"zone":{"previousOwner":{"name":"Polle-Pedit","id":159903},"dateLastTaken":"2021-06-19T00:25:42+0000","latitude":59.337672,"totalTakeovers":23649,"pointsPerHour":9,"takeoverPoints":65,"dateCreated":"2010-07-17T00:00:00+0000","currentOwner":{"name":"Aicar","id":74956},"name":"EriksBridge","id":206,"region":{"country":"se","name":"Stockholm","id":141},"longitude":18.035098},"latitude":59.337672,"currentOwner":{"name":"Aicar","id":74956},"time":"2021-06-19T00:25:42+0000","type":"takeover","longitude":18.035098},{"zone":{"previousOwner":{"name":"Király","id":169417},"dateLastTaken":"2021-06-19T00:25:27+0000","latitude":55.57815,"totalTakeovers":787,"pointsPerHour":7,"takeoverPoints":95,"dateCreated":"2021-01-08T21:59:08+0000","currentOwner":{"name":"TuonoV4","id":280997},"name":"Király015","id":364123,"region":{"country":"se","name":"Skåne","id":135},"longitude":12.989848},"latitude":55.57815,"currentOwner":{"name":"TuonoV4","id":280997},"time":"2021-06-19T00:25:27+0000","type":"takeover","longitude":12.989848},{"zone":{"previousOwner":{"name":"Hblom09","id":305896},"dateCreated":"2014-09-08T15:57:51+0000","dateLastTaken":"2021-06-19T00:25:26+0000","latitude":60.071168,"currentOwner":{"name":"Corellian","id":264701},"name":"DalenWoods","id":34725,"totalTakeovers":5759,"region":{"country":"fi","name":"Åland","id":177},"pointsPerHour":6,"longitude":19.962777,"takeoverPoints":110},"latitude":60.071168,"currentOwner":{"name":"Corellian","id":264701},"time":"2021-06-19T00:25:26+0000","type":"takeover","longitude":19.962777},{"zone":{"previousOwner":{"name":"Shino","id":175787},"dateCreated":"2016-08-05T04:00:00+0000","dateLastTaken":"2021-06-19T00:25:17+0000","latitude":57.710713,"currentOwner":{"name":"MrJokerit","id":81469},"name":"Ringlinien","id":80193,"totalTakeovers":10245,"region":{"country":"se","name":"Västra Götaland","id":132},"pointsPerHour":8,"longitude":11.992314,"takeoverPoints":80},"latitude":57.710713,"currentOwner":{"name":"MrJokerit","id":81469},"time":"2021-06-19T00:25:17+0000","type":"takeover","longitude":11.992314}]