[{"zone":{"dateCreated":"2021-06-19T10:00:00+0000","dateLastTaken":"0002-12-02T00:00:00+0000","latitude":60.314292,"name":"Tällholmsvy","id":406372,"totalTakeovers":0,"region":{"country":"fi","name":"Åland","id":177},"pointsPerHour":1,"longitude":20.374245,"takeoverPoints":185},"time":"2021-06-19T10:00:00+0000","type":"zone"},{"zone":{"dateCreated":"2021-06-19T10:00:00+0000","dateLastTaken":"0002-12-02T00:00:00+0000","latitude":60.268346,"name":"SandösundSand","id":406373,"totalTakeovers":0,"region":{"country":"fi","name":"Åland","id":177},"pointsPerHour":1,"longitude":20.393998,"takeoverPoints":185},"time":"2021-06-19T10:00:00+0000","type":"zone"},{"zone":{"dateCreated":"2021-06-19T10:00:00+0000","dateLastTaken":"0002-12-02T00:00:00+0000","latitude":60.347549,"name":"AnniMajaZone","id":406370,"totalTakeovers":0,"region":{"country":"fi","name":"Åland","id":177},"pointsPerHour":1,"longitude":20.330366,"takeoverPoints":185},"time":"2021-06-19T10:00:00+0000","type":"zone"},{"zone":{"dateCreated":"2021-06-19T10:00:00+0000","dateLastTaken":"0002-12-02T00:00:00+0000","latitude":60.224909,"name":"Hummelvik","id":406374,"totalTakeovers":0,"region":{"country":"fi","name":"Åland","id":177},"pointsPerHour":1,"longitude":20.413265,"takeoverPoints":185},"time":"2021-06-19T10:00:00+0000","type":"zone"},{"zone":{"dateCreated":"2021-06-19T10:00:00+0000","dateLastTaken":"0002-12-02T00:00:00+0000","latitude":60.320412,"name":"Vattungsrevet","id":406371,"totalTakeovers":0,"region":{"country":"fi","name":"Åland","id":177},"pointsPerHour":1,"longitude":20.373008,"takeoverPoints":185},"time":"2021-06-19T10:00:00+0000","type":"zone"},{"zone":{"dateCreated":"2021-06-19T07:23:02+0000","dateLastTaken":"0002-12-02T00:00:00+0000","latitude":59.415688,"name":"Skogsarealen","id":411806,"totalTakeovers":0,"region":{"country":"se","name":"Stockholm","id":141},"pointsPerHour":4,"longitude":17.780432,"takeoverPoints":140},"time":"2021-06-19T07:23:02+0000","type":"zone"},{"zone":{"dateCreated":"2021-06-18T17:09:59+0000","dateLastTaken":"0002-12-02T00:00:00+0000","latitude":27.948619,"name":"TAWaterfront","id":428190,"totalTakeovers":0,"region":{"country":"us","name":"Florida","id":226},"pointsPerHour":1,"longitude":-82.462316,"takeoverPoints":185},"time":"2021-06-18T17:09:59+0000","type":"zone"},{"zone":{"dateCreated":"2021-06-18T17:08:30+0000","dateLastTaken":"0002-12-02T00:00:00+0000","latitude":27.944104,"name":"FloridaAqua","id":428207,"totalTakeovers":0,"region":{"country":"us","name":"Florida","id":226},"pointsPerHour":1,"longitude":-82.445385,"takeoverPoints":185},"time":"2021-06-18T17:08:30+0000","type":"zone"},{"zone":{"dateCreated":"2021-06-18T17:06:55+0000","dateLastTaken":"0002-12-02T00:00:00+0000","latitude":27.960477,"name":"E7thAve","id":428205,"totalTakeovers":0,"region":{"country":"us","name":"Florida","id":226},"pointsPerHour":1,"longitude":-82.441647,"takeoverPoints":185},"time":"2021-06-18T17:06:55+0000","type":"zone"},{"zone":{"dateCreated":"2021-06-18T17:06:43+0000","dateLastTaken":"0002-12-02T00:00:00+0000","latitude":27.942242,"name":"USFPark","id":428193,"totalTakeovers":0,"region":{"country":"us","name":"Florida","id":226},"pointsPerHour":1,"longitude":-82.45805,"takeoverPoints":185},"time":"2021-06-18T17:06:43+0000","type":"zone"},{"zone":{"dateCreated":"2021-06-18T17:06:33+0000","dateLastTaken":"0002-12-02T00:00:00+0000","latitude":27.793084,"name":"ApolloBeach","id":428195,"totalTakeovers":0,"region":{"country":"us","name":"Florida","id":226},"pointsPerHour":1,"longitude":-82.418241,"takeoverPoints":185},"time":"2021-06-18T17:06:33+0000","type":"zone"},{"zone":{"dateCreated":"2021-06-18T17:06:12+0000","dateLastTaken":"0002-12-02T00:00:00+0000","latitude":27.974694,"name":"Buccaneers","id":428055,"totalTakeovers":0,"region":{"country":"us","name":"Florida","id":226},"pointsPerHour":1,"longitude":-82.503369,"takeoverPoints":185},"time":"2021-06-18T17:06:12+0000","type":"zone"},{"zone":{"dateCreated":"2021-06-18T17:05:14+0000","dateLastTaken":"0002-12-02T00:00:00+0000","latitude":27.941139,"name":"Cotanchobee","id":428192,"totalTakeovers":0,"region":{"country":"us","name":"Florida","id":226},"pointsPerHour":1,"longitude":-82.45215,"takeoverPoints":185},"time":"2021-06-18T17:05:14+0000","type":"zone"},{"zone":{"dateCreated":"2021-06-18T17:03:47+0000","dateLastTaken":"0002-12-02T00:00:00+0000","latitude":28.033046,"name":"BuschGardens","id":428206,"totalTakeovers":0,"region":{"country":"us","name":"Florida","id":226},"pointsPerHour":1,"longitude":-82.421013,"takeoverPoints":185},"time":"2021-06-18T17:03:47+0000","type":"zone"},{"zone":{"dateCreated":"2021-06-18T17:03:03+0000","dateLastTaken":"0002-12-02T00:00:00+0000","latitude":27.954564,"name":"LaurelBridge","id":428208,"totalTakeovers":0,"region":{"country":"us","name":"Florida","id":226},"pointsPerHour":1,"longitude":-82.464854,"takeoverPoints":185},"time":"2021-06-18T17:03:03+0000","type":"zone"},{"zone":{"dateCreated":"2021-06-18T17:02:40+0000","dateLastTaken":"0002-12-02T00:00:00+0000","latitude":28.013101,"name":"TampaZoo","id":428204,"totalTakeovers":0,"region":{"country":"us","name":"Florida","id":226},"pointsPerHour":1,"longitude":-82.469518,"takeoverPoints":185},"time":"2021-06-18T17:02:40+0000","type":"zone"},{"zone":{"dateCreated":"2021-06-18T17:01:56+0000","dateLastTaken":"0002-12-02T00:00:00+0000","latitude":27.946691,"name":"SticksOfFire","id":428191,"totalTakeovers":0,"region":{"country":"us","name":"Florida","id":226},"pointsPerHour":1,"longitude":-82.463,"takeoverPoints":185},"time":"2021-06-18T17:01:56+0000","type":"zone"},{"zone":{"dateCreated":"2021-06-18T17:00:26+0000","dateLastTaken":"0002-12-02T00:00:00+0000","latitude":27.979286,"name":"TampaAir","id":428194,"totalTakeovers":0,"region":{"country":"us","name":"Florida","id":226},"pointsPerHour":1,"longitude":-82.534703,"takeoverPoints":185},"time":"2021-06-18T17:00:26+0000","type":"zone"},{"zone":{"dateCreated":"2021-06-18T15:00:00+0000","dateLastTaken":"0002-12-02T00:00:00+0000","latitude":60.474764,"name":"ItsNotUnusual","id":423212,"totalTakeovers":0,"region":{"country":"fi","name":"Lounais-Suomi","id":184},"pointsPerHour":1,"longitude":22.312909,"takeoverPoints":185},"time":"2021-06-18T15:00:00+0000","type":"zone"},{"zone":{"dateCreated":"2021-06-18T12:05:42+0000","dateLastTaken":"0002-12-02T00:00:00+0000","latitude":59.588645,"name":"HåboTibble","id":428036,"totalTakeovers":0,"region":{"country":"se","name":"Stockholm","id":141},"pointsPerHour":3,"longitude":17.660895,"takeoverPoints":155},"time":"2021-06-18T12:05:42+0000","type":"zone"},{"zone":{"dateCreated":"2021-06-18T12:03:13+0000","dateLastTaken":"0002-12-02T00:00:00+0000","latitude":59.485501,"name":"Ådöbadet","id":428035,"totalTakeovers":0,"region":{"country":"se","name":"Stockholm","id":141},"pointsPerHour":2,"longitude":17.604472,"takeoverPoints":170},"time":"2021-06-18T12:03:13+0000","type":"zone"},{"zone":{"dateCreated":"2021-06-18T12:00:40+0000","dateLastTaken":"0002-12-02T00:00:00+0000","latitude":59.205358,"name":"Brakmaren","id":428034,"totalTakeovers":0,"region":{"country":"se","name":"Stockholm","id":141},"pointsPerHour":3,"longitude":18.316222,"takeoverPoints":155},"time":"2021-06-18T12:00:40+0000","type":"zone"},{"zone":{"dateCreated":"2021-06-18T12:00:07+0000","dateLastTaken":"0002-12-02T00:00:00+0000","latitude":59.232269,"name":"Hästskostigen","id":428033,"totalTakeovers":0,"region":{"country":"se","name":"Stockholm","id":141},"pointsPerHour":3,"longitude":18.22069,"takeoverPoints":155},"time":"2021-06-18T12:00:07+0000","type":"zone"},{"zone":{"dateCreated":"2021-06-18T12:00:03+0000","dateLastTaken":"0002-12-02T00:00:00+0000","latitude":57.957102,"name":"Hestra","id":428037,"totalTakeovers":0,"region":{"country":"se","name":"Östergötland","id":139},"pointsPerHour":2,"longitude":15.069337,"takeoverPoints":170},"time":"2021-06-18T12:00:03+0000","type":"zone"},{"zone":{"dateCreated":"2021-06-18T11:30:00+0000","dateLastTaken":"0002-12-02T00:00:00+0000","latitude":57.161057,"name":"WesternHill","id":427401,"totalTakeovers":0,"region":{"country":"gb","name":"Scotland","id":200},"pointsPerHour":1,"longitude":-2.29434,"takeoverPoints":185},"time":"2021-06-18T11:30:00+0000","type":"zone"},{"zone":{"dateCreated":"2021-06-18T10:00:00+0000","dateLastTaken":"0002-12-02T00:00:00+0000","latitude":55.847056,"name":"Dunlossite","id":428197,"totalTakeovers":0,"region":{"country":"gb","name":"Scotland","id":200},"pointsPerHour":1,"longitude":-6.109333,"takeoverPoints":185},"time":"2021-06-18T10:00:00+0000","type":"zone"},{"zone":{"dateCreated":"2021-06-18T10:00:00+0000","dateLastTaken":"0002-12-02T00:00:00+0000","latitude":55.715294,"name":"LagganPoint","id":428203,"totalTakeovers":0,"region":{"country":"gb","name":"Scotland","id":200},"pointsPerHour":1,"longitude":-6.331927,"takeoverPoints":185},"time":"2021-06-18T10:00:00+0000","type":"zone"},{"zone":{"dateCreated":"2021-06-18T10:00:00+0000","dateLastTaken":"0002-12-02T00:00:00+0000","latitude":55.620215,"name":"CarraigFhada","id":428198,"totalTakeovers":0,"region":{"country":"gb","name":"Scotland","id":200},"pointsPerHour":1,"longitude":-6.211628,"takeoverPoints":185},"time":"2021-06-18T10:00:00+0000","type":"zone"},{"zone":{"dateCreated":"2021-06-18T10:00:00+0000","dateLastTaken":"0002-12-02T00:00:00+0000","latitude":55.783041,"name":"MachirBay","id":428199,"totalTakeovers":0,"region":{"country":"gb","name":"Scotland","id":200},"pointsPerHour":1,"longitude":-6.456814,"takeoverPoints":185},"time":"2021-06-18T10:00:00+0000","type":"zone"},{"zone":{"dateCreated":"2021-06-18T10:00:00+0000","dateLastTaken":"0002-12-02T00:00:00+0000","latitude":55.835522,"name":"Finlaggan","id":428202,"totalTakeovers":0,"region":{"country":"gb","name":"Scotland","id":200},"pointsPerHour":1,"longitude":-6.172176,"takeoverPoints":185},"time":"2021-06-18T10:00:00+0000","type":"zone"},{"zone":{"dateCreated":"2021-06-18T10:00:00+0000","dateLastTaken":"0002-12-02T00:00:00+0000","latitude":55.936227,"name":"Ruvaal","id":428201,"totalTakeovers":0,"region":{"country":"gb","name":"Scotland","id":200},"pointsPerHour":1,"longitude":-6.123196,"takeoverPoints":185},"time":"2021-06-18T10:00:00+0000","type":"zone"},{"zone":{"dateCreated":"2021-06-18T10:00:00+0000","dateLastTaken":"0002-12-02T00:00:00+0000","latitude":55.806606,"name":"Ferray","id":428196,"totalTakeovers":0,"region":{"country":"gb","name":"Scotland","id":200},"pointsPerHour":1,"longitude":-5.4825,"takeoverPoints":185},"time":"2021-06-18T10:00:00+0000","type":"zone"},{"zone":{"dateCreated":"2021-06-18T10:00:00+0000","dateLastTaken":"0002-12-02T00:00:00+0000","latitude":55.854045,"name":"TonMhor","id":428200,"totalTakeovers":0,"region":{"country":"gb","name":"Scotland","id":200},"pointsPerHour":1,"longitude":-6.418298,"takeoverPoints":185},"time":"2021-06-18T10:00:00+0000","type":"zone"},{"zone":{"dateCreated":"2021-06-18T09:19:58+0000","dateLastTaken":"0002-12-02T00:00:00+0000","latitude":58.374376,"name":"Växthusbacken","id":428064,"totalTakeovers":0,"region":{"country":"se","name":"Västra Götaland","id":132},"pointsPerHour":1,"longitude":12.290418,"takeoverPoints":185},"time":"2021-06-18T09:19:58+0000","type":"zone"},{"zone":{"dateCreated":"2021-06-17T22:04:02+0000","dateLastTaken":"0002-12-02T00:00:00+0000","latitude":65.968681,"name":"Juobmovare","id":427893,"totalTakeovers":0,"region":{"country":"se","name":"Västerbotten","id":127},"pointsPerHour":1,"longitude":16.094177,"takeoverPoints":185},"time":"2021-06-17T22:04:02+0000","type":"zone"},{"zone":{"dateCreated":"2021-06-17T22:01:15+0000","dateLastTaken":"0002-12-02T00:00:00+0000","latitude":65.964206,"name":"Tjulträsk","id":427892,"totalTakeovers":0,"region":{"country":"se","name":"Västerbotten","id":127},"pointsPerHour":1,"longitude":16.04571,"takeoverPoints":185},"time":"2021-06-17T22:01:15+0000","type":"zone"},{"zone":{"dateCreated":"2021-06-17T20:25:23+0000","dateLastTaken":"0002-12-02T00:00:00+0000","latitude":59.172567,"name":"SvartaHörnet","id":427053,"totalTakeovers":0,"region":{"country":"se","name":"Stockholm","id":141},"pointsPerHour":4,"longitude":18.200552,"takeoverPoints":140},"time":"2021-06-17T20:25:23+0000","type":"zone"},{"zone":{"dateCreated":"2021-06-17T19:14:17+0000","dateLastTaken":"0002-12-02T00:00:00+0000","latitude":65.587383,"name":"Jaktlyckan","id":419025,"totalTakeovers":0,"region":{"country":"se","name":"Norrbotten","id":126},"pointsPerHour":3,"longitude":22.24826,"takeoverPoints":155},"time":"2021-06-17T19:14:17+0000","type":"zone"},{"zone":{"dateCreated":"2021-06-17T18:26:51+0000","dateLastTaken":"0002-12-02T00:00:00+0000","latitude":53.526905,"name":"KiplingPark","id":428076,"totalTakeovers":0,"region":{"country":"gb","name":"North West England","id":201},"pointsPerHour":1,"longitude":-2.6485,"takeoverPoints":185},"time":"2021-06-17T18:26:51+0000","type":"zone"},{"zone":{"dateCreated":"2021-06-17T18:24:36+0000","dateLastTaken":"0002-12-02T00:00:00+0000","latitude":53.525306,"name":"WiganFlashes","id":428075,"totalTakeovers":0,"region":{"country":"gb","name":"North West England","id":201},"pointsPerHour":1,"longitude":-2.636726,"takeoverPoints":185},"time":"2021-06-17T18:24:36+0000","type":"zone"},{"zone":{"dateCreated":"2021-06-17T18:23:36+0000","dateLastTaken":"0002-12-02T00:00:00+0000","latitude":53.524856,"name":"MossBridge","id":428074,"totalTakeovers":0,"region":{"country":"gb","name":"North West England","id":201},"pointsPerHour":1,"longitude":-2.63016,"takeoverPoints":185},"time":"2021-06-17T18:23:36+0000","type":"zone"},{"zone":{"dateCreated":"2021-06-17T18:17:14+0000","dateLastTaken":"0002-12-02T00:00:00+0000","latitude":56.125338,"name":"FårViTurfaHär","id":412488,"totalTakeovers":0,"region":{"country":"se","name":"Skåne","id":135},"pointsPerHour":1,"longitude":13.405327,"takeoverPoints":185},"time":"2021-06-17T18:17:14+0000","type":"zone"},{"zone":{"dateCreated":"2021-06-17T18:15:25+0000","dateLastTaken":"0002-12-02T00:00:00+0000","latitude":56.169044,"name":"Gärdesbrinken","id":412487,"totalTakeovers":0,"region":{"country":"se","name":"Skåne","id":135},"pointsPerHour":1,"longitude":13.797002,"takeoverPoints":185},"time":"2021-06-17T18:15:25+0000","type":"zone"},{"zone":{"dateCreated":"2021-06-17T18:09:15+0000","dateLastTaken":"0002-12-02T00:00:00+0000","latitude":55.918604,"name":"Busskuren","id":412481,"totalTakeovers":0,"region":{"country":"se","name":"Skåne","id":135},"pointsPerHour":1,"longitude":12.816724,"takeoverPoints":185},"time":"2021-06-17T18:09:15+0000","type":"zone"},{"zone":{"dateCreated":"2021-06-17T18:00:23+0000","dateLastTaken":"0002-12-02T00:00:00+0000","latitude":57.111994,"name":"Badklippor","id":412471,"totalTakeovers":0,"region":{"country":"se","name":"Halland","id":134},"pointsPerHour":1,"longitude":12.213981,"takeoverPoints":185},"time":"2021-06-17T18:00:23+0000","type":"zone"},{"zone":{"dateCreated":"2021-06-17T17:51:44+0000","dateLastTaken":"0002-12-02T00:00:00+0000","latitude":57.489073,"name":"Säröcykelled","id":412463,"totalTakeovers":0,"region":{"country":"se","name":"Halland","id":134},"pointsPerHour":1,"longitude":12.051905,"takeoverPoints":185},"time":"2021-06-17T17:51:44+0000","type":"zone"},{"zone":{"dateCreated":"2021-06-17T17:29:54+0000","dateLastTaken":"0002-12-02T00:00:00+0000","latitude":58.429385,"name":"Brödträdet","id":412452,"totalTakeovers":0,"region":{"country":"se","name":"Västra Götaland","id":132},"pointsPerHour":1,"longitude":14.186419,"takeoverPoints":185},"time":"2021-06-17T17:29:54+0000","type":"zone"},{"zone":{"dateCreated":"2021-06-17T16:59:56+0000","dateLastTaken":"0002-12-02T00:00:00+0000","latitude":57.510962,"name":"Gökgården","id":412437,"totalTakeovers":0,"region":{"country":"se","name":"Västra Götaland","id":132},"pointsPerHour":1,"longitude":12.694675,"takeoverPoints":185},"time":"2021-06-17T16:59:56+0000","type":"zone"},{"zone":{"dateCreated":"2021-06-17T16:21:29+0000","dateLastTaken":"0002-12-02T00:00:00+0000","latitude":55.645155,"name":"SwirlZone","id":428071,"totalTakeovers":0,"region":{"country":"se","name":"Skåne","id":135},"pointsPerHour":3,"longitude":13.071552,"takeoverPoints":155},"time":"2021-06-17T16:21:29+0000","type":"zone"},{"zone":{"dateCreated":"2021-06-17T15:00:00+0000","dateLastTaken":"0002-12-02T00:00:00+0000","latitude":65.668626,"name":"HundRace","id":425231,"totalTakeovers":0,"region":{"country":"se","name":"Norrbotten","id":126},"pointsPerHour":1,"longitude":20.96086,"takeoverPoints":185},"time":"2021-06-17T15:00:00+0000","type":"zone"},{"zone":{"dateCreated":"2021-06-17T15:00:00+0000","dateLastTaken":"0002-12-02T00:00:00+0000","latitude":65.666915,"name":"TillKanis","id":425230,"totalTakeovers":0,"region":{"country":"se","name":"Norrbotten","id":126},"pointsPerHour":1,"longitude":20.968628,"takeoverPoints":185},"time":"2021-06-17T15:00:00+0000","type":"zone"},{"zone":{"dateCreated":"2021-06-17T15:00:00+0000","dateLastTaken":"0002-12-02T00:00:00+0000","latitude":65.661836,"name":"KanisTopp","id":425232,"totalTakeovers":0,"region":{"country":"se","name":"Norrbotten","id":126},"pointsPerHour":1,"longitude":20.951156,"takeoverPoints":185},"time":"2021-06-17T15:00:00+0000","type":"zone"},{"zone":{"dateCreated":"2021-06-17T12:37:52+0000","dateLastTaken":"0002-12-02T00:00:00+0000","latitude":55.639614,"name":"HolyTottarp","id":428072,"totalTakeovers":0,"region":{"country":"se","name":"Skåne","id":135},"pointsPerHour":2,"longitude":13.153215,"takeoverPoints":170},"time":"2021-06-17T12:37:52+0000","type":"zone"},{"zone":{"dateCreated":"2021-06-17T10:01:25+0000","dateLastTaken":"2021-06-17T11:52:29+0000","latitude":64.737679,"currentOwner":{"name":"Evil_B","id":42658},"name":"Batterihöjden","id":423802,"totalTakeovers":1,"region":{"country":"se","name":"Västerbotten","id":127},"pointsPerHour":1,"longitude":21.072231,"takeoverPoints":185},"time":"2021-06-17T10:01:25+0000","type":"zone"},{"zone":{"dateCreated":"2021-06-17T09:56:59+0000","latitude":57.684752,"name":"HitEllerDit","id":408748,"totalTakeovers":0,"region":{"country":"se","name":"Västra Götaland","id":132},"pointsPerHour":1,"longitude":12.033629,"takeoverPoints":185},"time":"2021-06-17T09:56:59+0000","type":"zone"},{"zone":{"dateCreated":"2021-06-17T09:33:18+0000","latitude":57.847094,"name":"DubbelSjövy","id":428067,"totalTakeovers":0,"region":{"country":"se","name":"Jönköping","id":133},"pointsPerHour":1,"longitude":14.321041,"takeoverPoints":185},"time":"2021-06-17T09:33:18+0000","type":"zone"},{"zone":{"dateCreated":"2021-06-17T09:22:15+0000","latitude":58.348268,"name":"Stolpskott","id":428065,"totalTakeovers":0,"region":{"country":"se","name":"Västra Götaland","id":132},"pointsPerHour":1,"longitude":12.319821,"takeoverPoints":185},"time":"2021-06-17T09:22:15+0000","type":"zone"},{"zone":{"dateCreated":"2021-06-17T09:18:12+0000","dateLastTaken":"2021-06-17T11:22:56+0000","latitude":58.363626,"currentOwner":{"name":"kingpear","id":30417},"name":"Oxelpilgrop","id":428063,"totalTakeovers":1,"region":{"country":"se","name":"Västra Götaland","id":132},"pointsPerHour":1,"longitude":12.351067,"takeoverPoints":185},"time":"2021-06-17T09:18:12+0000","type":"zone"},{"zone":{"dateCreated":"2021-06-17T08:03:31+0000","latitude":57.809999,"name":"Skallebad","id":428062,"totalTakeovers":0,"region":{"country":"se","name":"Västra Götaland","id":132},"pointsPerHour":1,"longitude":13.006736,"takeoverPoints":185},"time":"2021-06-17T08:03:31+0000","type":"zone"},{"zone":{"dateCreated":"2021-06-17T07:58:31+0000","latitude":57.705768,"name":"PickeUdde","id":428061,"totalTakeovers":0,"region":{"country":"se","name":"Västra Götaland","id":132},"pointsPerHour":1,"longitude":12.883838,"takeoverPoints":185},"time":"2021-06-17T07:58:31+0000","type":"zone"},{"zone":{"dateCreated":"2021-06-17T07:41:12+0000","latitude":57.704791,"name":"Kaggsböjen","id":428057,"totalTakeovers":0,"region":{"country":"se","name":"Västra Götaland","id":132},"pointsPerHour":1,"longitude":12.946951,"takeoverPoints":185},"time":"2021-06-17T07:41:12+0000","type":"zone"},{"zone":{"dateCreated":"2021-06-17T07:33:58+0000","latitude":57.720443,"name":"Saffrangången","id":428056,"totalTakeovers":0,"region":{"country":"se","name":"Västra Götaland","id":132},"pointsPerHour":2,"longitude":12.99691,"takeoverPoints":170},"time":"2021-06-17T07:33:58+0000","type":"zone"},{"zone":{"dateCreated":"2021-06-17T04:17:04+0000","dateLastTaken":"2021-06-17T12:21:17+0000","latitude":59.311227,"currentOwner":{"name":"Bubblan","id":35443},"name":"FlixFloxFlax","id":410522,"totalTakeovers":7,"region":{"country":"se","name":"Stockholm","id":141},"pointsPerHour":7,"longitude":18.042988,"takeoverPoints":95},"time":"2021-06-17T04:17:04+0000","type":"zone"},{"zone":{"dateCreated":"2021-06-16T21:58:38+0000","latitude":53.684614,"name":"CloughOasis","id":428054,"totalTakeovers":0,"region":{"country":"gb","name":"Yorkshire & The Humber","id":202},"pointsPerHour":1,"longitude":-2.137742,"takeoverPoints":185},"time":"2021-06-16T21:58:38+0000","type":"zone"},{"zone":{"dateCreated":"2021-06-16T21:54:24+0000","latitude":53.693294,"name":"TroughEdge","id":428053,"totalTakeovers":0,"region":{"country":"gb","name":"Yorkshire & The Humber","id":202},"pointsPerHour":1,"longitude":-2.143651,"takeoverPoints":185},"time":"2021-06-16T21:54:24+0000","type":"zone"},{"zone":{"dateCreated":"2021-06-16T21:52:46+0000","latitude":53.679356,"name":"RoughHill","id":428052,"totalTakeovers":0,"region":{"country":"gb","name":"North West England","id":201},"pointsPerHour":1,"longitude":-2.132772,"takeoverPoints":185},"time":"2021-06-16T21:52:46+0000","type":"zone"},{"zone":{"dateCreated":"2021-06-16T21:52:02+0000","latitude":53.689981,"name":"Coolam","id":428051,"totalTakeovers":0,"region":{"country":"gb","name":"Yorkshire & The Humber","id":202},"pointsPerHour":1,"longitude":-2.136315,"takeoverPoints":185},"time":"2021-06-16T21:52:02+0000","type":"zone"},{"zone":{"dateCreated":"2021-06-16T19:14:22+0000","dateLastTaken":"2021-06-17T12:22:24+0000","latitude":59.293118,"currentOwner":{"name":"Deppen","id":195631},"name":"Tappströmmen","id":410519,"totalTakeovers":3,"region":{"country":"se","name":"Stockholm","id":141},"pointsPerHour":2,"longitude":17.804194,"takeoverPoints":170},"time":"2021-06-16T19:14:22+0000","type":"zone"},{"zone":{"dateCreated":"2021-06-16T18:40:57+0000","dateLastTaken":"2021-06-16T19:20:05+0000","latitude":59.543293,"currentOwner":{"name":"EbbaB","id":97823},"name":"Grindhålet","id":409194,"totalTakeovers":1,"region":{"country":"se","name":"Västmanland","id":143},"pointsPerHour":1,"longitude":15.924124,"takeoverPoints":185},"time":"2021-06-16T18:40:57+0000","type":"zone"},{"zone":{"dateCreated":"2021-06-16T18:24:46+0000","latitude":60.219637,"name":"Dragonparken","id":408853,"totalTakeovers":0,"region":{"country":"fi","name":"Etelä-Suomi","id":185},"pointsPerHour":1,"longitude":24.802185,"takeoverPoints":185},"time":"2021-06-16T18:24:46+0000","type":"zone"},{"zone":{"dateCreated":"2021-06-16T17:02:16+0000","dateLastTaken":"2021-06-17T11:05:10+0000","latitude":59.439945,"currentOwner":{"name":"GoSt","id":37199},"name":"TröttaBen","id":411793,"totalTakeovers":3,"region":{"country":"se","name":"Stockholm","id":141},"pointsPerHour":2,"longitude":17.984826,"takeoverPoints":170},"time":"2021-06-16T17:02:16+0000","type":"zone"},{"zone":{"dateCreated":"2021-06-16T16:54:57+0000","dateLastTaken":"2021-06-16T20:17:55+0000","latitude":50.924793,"currentOwner":{"name":"JoasK","id":303577},"name":"UniPark","id":428048,"totalTakeovers":1,"region":{"country":"de","name":"Nordrhein-Westfalen","id":445},"pointsPerHour":1,"longitude":6.935711,"takeoverPoints":185},"time":"2021-06-16T16:54:57+0000","type":"zone"},{"zone":{"dateCreated":"2021-06-16T16:52:21+0000","dateLastTaken":"2021-06-17T12:15:09+0000","latitude":50.943014,"currentOwner":{"name":"forelle","id":318976},"name":"Stadtgarten","id":428047,"totalTakeovers":2,"region":{"country":"de","name":"Nordrhein-Westfalen","id":445},"pointsPerHour":2,"longitude":6.93465,"takeoverPoints":170},"time":"2021-06-16T16:52:21+0000","type":"zone"},{"zone":{"dateCreated":"2021-06-16T16:50:29+0000","dateLastTaken":"2021-06-17T12:16:58+0000","latitude":50.94483,"currentOwner":{"name":"forelle","id":318976},"name":"SpichernGrün","id":428046,"totalTakeovers":2,"region":{"country":"de","name":"Nordrhein-Westfalen","id":445},"pointsPerHour":2,"longitude":6.938009,"takeoverPoints":170},"time":"2021-06-16T16:50:29+0000","type":"zone"},{"zone":{"dateCreated":"2021-06-16T16:47:13+0000","dateLastTaken":"2021-06-17T05:29:21+0000","latitude":50.957253,"currentOwner":{"name":"forelle","id":318976},"name":"Routenauswahl","id":428045,"totalTakeovers":2,"region":{"country":"de","name":"Nordrhein-Westfalen","id":445},"pointsPerHour":2,"longitude":6.968728,"takeoverPoints":170},"time":"2021-06-16T16:47:13+0000","type":"zone"},{"zone":{"dateCreated":"2021-06-16T16:43:10+0000","dateLastTaken":"2021-06-17T05:38:53+0000","latitude":50.956989,"currentOwner":{"name":"forelle","id":318976},"name":"FortX","id":428044,"totalTakeovers":2,"region":{"country":"de","name":"Nordrhein-Westfalen","id":445},"pointsPerHour":2,"longitude":6.961553,"takeoverPoints":170},"time":"2021-06-16T16:43:10+0000","type":"zone"},{"zone":{"dateCreated":"2021-06-16T14:43:45+0000","latitude":64.176378,"name":"Killingaand","id":409219,"totalTakeovers":0,"region":{"country":"se","name":"Västerbotten","id":127},"pointsPerHour":1,"longitude":21.039143,"takeoverPoints":185},"time":"2021-06-16T14:43:45+0000","type":"zone"},{"zone":{"dateCreated":"2021-06-16T13:05:21+0000","dateLastTaken":"2021-06-16T17:54:10+0000","latitude":59.482088,"currentOwner":{"name":"gradiant","id":20630},"name":"Orkidémalva","id":410666,"totalTakeovers":2,"region":{"country":"se","name":"Stockholm","id":141},"pointsPerHour":1,"longitude":18.309965,"takeoverPoints":185},"time":"2021-06-16T13:05:21+0000","type":"zone"},{"zone":{"dateCreated":"2021-06-16T11:30:00+0000","dateLastTaken":"2021-06-17T12:08:51+0000","latitude":57.148633,"currentOwner":{"name":"Strac","id":302230},"name":"Brodiach","id":427400,"totalTakeovers":2,"region":{"country":"gb","name":"Scotland","id":200},"pointsPerHour":1,"longitude":-2.265488,"takeoverPoints":185},"time":"2021-06-16T11:30:00+0000","type":"zone"},{"zone":{"dateCreated":"2021-06-16T09:30:00+0000","latitude":56.018529,"name":"Härsnäs","id":409189,"totalTakeovers":0,"region":{"country":"se","name":"Skåne","id":135},"pointsPerHour":1,"longitude":13.250337,"takeoverPoints":185},"time":"2021-06-16T09:30:00+0000","type":"zone"},{"zone":{"dateCreated":"2021-06-16T09:00:00+0000","dateLastTaken":"2021-06-17T06:00:10+0000","latitude":60.266924,"currentOwner":{"name":"snickaren","id":56625},"name":"Gyntesbostig","id":428043,"totalTakeovers":2,"region":{"country":"se","name":"Dalarna","id":129},"pointsPerHour":2,"longitude":15.998843,"takeoverPoints":170},"time":"2021-06-16T09:00:00+0000","type":"zone"},{"zone":{"dateCreated":"2021-06-16T07:43:39+0000","dateLastTaken":"2021-06-17T07:57:27+0000","latitude":57.667524,"currentOwner":{"name":"Vuolleriebme","id":166514},"name":"Lassetornet","id":411822,"totalTakeovers":3,"region":{"country":"se","name":"Västra Götaland","id":132},"pointsPerHour":2,"longitude":12.040278,"takeoverPoints":170},"time":"2021-06-16T07:43:39+0000","type":"zone"},{"zone":{"dateCreated":"2021-06-16T07:22:03+0000","dateLastTaken":"2021-06-17T10:30:05+0000","latitude":59.410524,"currentOwner":{"name":"Bele","id":95952},"name":"Skulpturkrok","id":411805,"totalTakeovers":7,"region":{"country":"se","name":"Stockholm","id":141},"pointsPerHour":1,"longitude":17.784298,"takeoverPoints":185},"time":"2021-06-16T07:22:03+0000","type":"zone"},{"zone":{"dateCreated":"2021-06-16T07:00:00+0000","latitude":51.420455,"name":"BeardySphinx","id":427998,"totalTakeovers":0,"region":{"country":"gb","name":"Greater London","id":207},"pointsPerHour":1,"longitude":-0.075734,"takeoverPoints":185},"time":"2021-06-16T07:00:00+0000","type":"zone"},{"zone":{"dateCreated":"2021-06-16T07:00:00+0000","latitude":51.421055,"name":"PaxtonSeesYou","id":427999,"totalTakeovers":0,"region":{"country":"gb","name":"Greater London","id":207},"pointsPerHour":1,"longitude":-0.070641,"takeoverPoints":185},"time":"2021-06-16T07:00:00+0000","type":"zone"},{"zone":{"dateCreated":"2021-06-16T07:00:00+0000","latitude":51.423632,"name":"GipsyHill","id":427997,"totalTakeovers":0,"region":{"country":"gb","name":"Greater London","id":207},"pointsPerHour":1,"longitude":-0.082718,"takeoverPoints":185},"time":"2021-06-16T07:00:00+0000","type":"zone"},{"zone":{"dateCreated":"2021-06-16T07:00:00+0000","latitude":51.416726,"name":"WestowPark","id":428006,"totalTakeovers":0,"region":{"country":"gb","name":"Greater London","id":207},"pointsPerHour":1,"longitude":-0.085199,"takeoverPoints":185},"time":"2021-06-16T07:00:00+0000","type":"zone"},{"zone":{"dateCreated":"2021-06-16T07:00:00+0000","latitude":51.416761,"name":"UpperNorwood","id":428007,"totalTakeovers":0,"region":{"country":"gb","name":"Greater London","id":207},"pointsPerHour":1,"longitude":-0.090191,"takeoverPoints":185},"time":"2021-06-16T07:00:00+0000","type":"zone"},{"zone":{"dateCreated":"2021-06-16T07:00:00+0000","latitude":51.435231,"name":"BaxtersSocks","id":428004,"totalTakeovers":0,"region":{"country":"gb","name":"Greater London","id":207},"pointsPerHour":1,"longitude":-0.061407,"takeoverPoints":185},"time":"2021-06-16T07:00:00+0000","type":"zone"},{"zone":{"dateCreated":"2021-06-16T07:00:00+0000","latitude":51.43102,"name":"JR","id":428005,"totalTakeovers":0,"region":{"country":"gb","name":"Greater London","id":207},"pointsPerHour":1,"longitude":-0.062577,"takeoverPoints":185},"time":"2021-06-16T07:00:00+0000","type":"zone"},{"zone":{"dateCreated":"2021-06-16T07:00:00+0000","latitude":51.428063,"name":"WellsPark","id":428002,"totalTakeovers":0,"region":{"country":"gb","name":"Greater London","id":207},"pointsPerHour":1,"longitude":-0.067481,"takeoverPoints":185},"time":"2021-06-16T07:00:00+0000","type":"zone"},{"zone":{"dateCreated":"2021-06-16T07:00:00+0000","latitude":51.424258,"name":"ChulsaHeights","id":428003,"totalTakeovers":0,"region":{"country":"gb","name":"Greater London","id":207},"pointsPerHour":1,"longitude":-0.062273,"takeoverPoints":185},"time":"2021-06-16T07:00:00+0000","type":"zone"},{"zone":{"dateCreated":"2021-06-16T07:00:00+0000","latitude":51.420945,"name":"LawriePark","id":428000,"totalTakeovers":0,"region":{"country":"gb","name":"Greater London","id":207},"pointsPerHour":1,"longitude":-0.06068,"takeoverPoints":185},"time":"2021-06-16T07:00:00+0000","type":"zone"},{"zone":{"dateCreated":"2021-06-16T07:00:00+0000","latitude":51.417357,"name":"PengeWest","id":428014,"totalTakeovers":0,"region":{"country":"gb","name":"Greater London","id":207},"pointsPerHour":1,"longitude":-0.060797,"takeoverPoints":185},"time":"2021-06-16T07:00:00+0000","type":"zone"},{"zone":{"dateCreated":"2021-06-16T07:00:00+0000","latitude":51.4058,"name":"BehaveSocial","id":428015,"totalTakeovers":0,"region":{"country":"gb","name":"Greater London","id":207},"pointsPerHour":1,"longitude":-0.081849,"takeoverPoints":185},"time":"2021-06-16T07:00:00+0000","type":"zone"},{"zone":{"dateCreated":"2021-06-16T07:00:00+0000","latitude":51.415791,"name":"MrsMaple","id":428012,"totalTakeovers":0,"region":{"country":"gb","name":"Greater London","id":207},"pointsPerHour":1,"longitude":-0.056648,"takeoverPoints":185},"time":"2021-06-16T07:00:00+0000","type":"zone"},{"zone":{"dateCreated":"2021-06-16T07:00:00+0000","latitude":51.414287,"name":"AyeMate","id":428013,"totalTakeovers":0,"region":{"country":"gb","name":"Greater London","id":207},"pointsPerHour":1,"longitude":-0.068565,"takeoverPoints":185},"time":"2021-06-16T07:00:00+0000","type":"zone"},{"zone":{"dateCreated":"2021-06-16T07:00:00+0000","latitude":51.411348,"name":"RiseOfNZ","id":428010,"totalTakeovers":0,"region":{"country":"gb","name":"Greater London","id":207},"pointsPerHour":1,"longitude":-0.083023,"takeoverPoints":185},"time":"2021-06-16T07:00:00+0000","type":"zone"},{"zone":{"dateCreated":"2021-06-16T07:00:00+0000","latitude":51.414485,"name":"FoxHillGreen","id":428011,"totalTakeovers":0,"region":{"country":"gb","name":"Greater London","id":207},"pointsPerHour":1,"longitude":-0.076095,"takeoverPoints":185},"time":"2021-06-16T07:00:00+0000","type":"zone"}]