[{"sender":{"country":"se","medals":[5,16,24,67,24,27,70,7,43,28,47,24,17,15,101,78,116,17,117,122,59,68,126,4,127,73],"zones":[316583,179654,14983,51623,44615,179653,355177,66924,429417,45109,96980,45110,286162,47734,45111,286163,76857,154202,15801,179800,136191,93375,34175],"pointsPerHour":31,"points":102347,"blocktime":1395,"taken":30021,"name":"geoturfwera","totalPoints":7756240,"rank":53,"id":32963,"place":236,"uniqueZonesTaken":1605,"region":{"name":"Jönköping","id":133}},"time":"2021-11-22T21:35:49+0000","message":"Game-Over: som vanligt🤗","region":{"name":"Jönköping","id":133},"type":"chat"},{"sender":{"country":"se","medals":[70,28,24,55,6,5,78,77,16,47,107,17,116,24,67,14,126,41],"zones":[995],"pointsPerHour":8,"points":4029,"blocktime":1275,"taken":27603,"name":"Bluethunder","totalPoints":2989940,"rank":45,"id":198646,"place":3633,"uniqueZonesTaken":527,"region":{"name":"Västerbotten","id":127}},"time":"2021-11-22T21:35:31+0000","message":"PaltN: hur gick de för dig i kylan i grössjön :)","region":{"name":"Västerbotten","id":127},"type":"chat"},{"sender":{"country":"se","medals":[70,16,28,63,78,77,14,57,48,83,67,17,115,24,36,4,126,7,105],"zones":[9088,109699,11282,11283,6932,8261,5405,8253,8590],"pointsPerHour":59,"points":13365,"blocktime":1170,"taken":7060,"name":"PaltN","totalPoints":1040593,"rank":38,"id":205446,"place":2382,"uniqueZonesTaken":735,"region":{"name":"Västerbotten","id":127}},"time":"2021-11-22T21:07:49+0000","message":"PelSjo: tack Pelle 😄🌟","region":{"name":"Västerbotten","id":127},"type":"chat"}]