[{"sender":{"country":"se","medals":[5,67,56,70,14,10,79,77,47,95,117,6,122,103,73,126],"zones":[2560,43744,2563,33796,17156,1572,37126,1607,37128,4557,8462,11663,559,474485,24787,341,470,473,475,2558,8543],"pointsPerHour":172,"points":29224,"blocktime":22,"taken":34452,"name":"scorp","totalPoints":4407888,"rank":48,"id":45470,"place":2042,"uniqueZonesTaken":762,"region":{"name":"Uppsala","id":142}},"time":"2022-05-23T23:43:12+0000","message":"Elwoodblues: Hej! 👋","region":{"name":"Uppsala","id":142},"type":"chat"}]