[{"sender":{"country":"se","medals":[5,9,16,17,70,67,46,22,15,103,77,28,91,55,98,126,4,39,127,79],"zones":[37126,64680],"pointsPerHour":17,"points":25175,"blocktime":21,"taken":16951,"name":"nucleus","totalPoints":2936606,"rank":45,"id":18831,"place":2294,"uniqueZonesTaken":1733,"region":{"name":"Stockholm","id":141}},"time":"2022-05-24T15:12:26+0000","message":"Spelfel: hehe måste ju passa. Blev blockad framför näsan så fick ta annat:)","region":{"name":"Uppsala","id":142},"type":"chat"},{"medal":85,"time":"2022-05-24T15:09:58+0000","type":"medal","user":{"country":"se","medals":[80,85],"zones":[15393,109700,9705,1722,47613],"pointsPerHour":0,"points":934,"blocktime":10,"taken":10,"name":"Powpow","totalPoints":934,"rank":3,"id":362144,"place":8708,"uniqueZonesTaken":10,"region":{"name":"Västerbotten","id":127}}},{"sender":{"country":"se","medals":[7,126,94,14,35,53,28,103,78],"zones":[497,32051,64680],"pointsPerHour":17,"points":29317,"blocktime":19,"taken":4597,"name":"Spelfel","totalPoints":759524,"rank":36,"id":242989,"place":2081,"uniqueZonesTaken":755,"region":{"name":"Östergötland","id":139}},"time":"2022-05-24T15:06:28+0000","message":"@nucleus, noppar du min zon va ;-) synd att vi inte hann ses!","region":{"name":"Uppsala","id":142},"type":"chat"}]