[{"medal":92,"time":"2023-11-06T15:02:24+0000","type":"medal","user":{"country":"se","medals":[80,93,85,92],"zones":[29353,431309,22319],"pointsPerHour":0,"points":1759,"blocktime":660,"taken":16,"name":"dahlin1973","totalPoints":1759,"rank":4,"id":415457,"place":4281,"uniqueZonesTaken":15,"region":{"name":"Östergötland","id":139}}},{"medal":16,"time":"2023-11-06T14:59:10+0000","type":"medal","user":{"country":"uk","medals":[71,93,32,153,12,55,16],"zones":[382530,333845,333844,333847,333846,64404,649820,333843,333853,333852,333855,333854,333849,333848,333851,333850,333860,333857,333859,333858,333864,517174,342327,342329,342328,342330],"pointsPerHour":0,"points":6183,"blocktime":870,"taken":177,"name":"BarbaraB","totalPoints":77446,"rank":18,"id":411820,"place":4279,"uniqueZonesTaken":104,"region":{"name":"Scotland","id":200}}},{"medal":80,"time":"2023-11-06T14:57:31+0000","type":"medal","user":{"country":"se","medals":[80,84],"zones":[180690,3252,34548,606735,136237],"pointsPerHour":0,"points":816,"blocktime":645,"taken":5,"name":"LinuzJ","totalPoints":816,"rank":3,"id":415045,"place":4279,"uniqueZonesTaken":5,"region":{"name":"Skåne","id":135}}},{"medal":84,"time":"2023-11-06T14:57:31+0000","type":"medal","user":{"country":"se","medals":[80,84],"zones":[180690,3252,34548,606735,136237],"pointsPerHour":0,"points":816,"blocktime":645,"taken":5,"name":"LinuzJ","totalPoints":816,"rank":3,"id":415045,"place":4279,"uniqueZonesTaken":5,"region":{"name":"Skåne","id":135}}}]