[{"medal":128,"time":"2023-11-06T08:28:45+0000","type":"medal","user":{"country":"se","medals":[4,24,16,70,67,22,24,24,77,79,72,83,15,112,17,7,58,48,68,122,126,89,103,17,153,128],"zones":[24176,31798,32024,702,24175],"pointsPerHour":0,"points":1066,"blocktime":1410,"taken":63898,"name":"Stoke","totalPoints":8605079,"rank":54,"id":57980,"place":3948,"uniqueZonesTaken":1420,"region":{"name":"Västmanland","id":143}}},{"medal":86,"time":"2023-11-06T08:13:30+0000","type":"medal","user":{"country":"se","medals":[51,92,86],"zones":[605422,16839,6999,4344,3081,28956,28957,344331,28958,3535],"pointsPerHour":0,"points":1782,"blocktime":720,"taken":50,"name":"photonisse","totalPoints":10097,"rank":8,"id":415334,"place":3931,"uniqueZonesTaken":44,"region":{"name":"Västernorrland","id":145}}}]