[{"medal":86,"time":"2023-11-06T05:28:21+0000","type":"medal","user":{"country":"se","medals":[51,92,151,86],"zones":[24404,125227],"pointsPerHour":0,"points":630,"blocktime":720,"taken":50,"name":"Sahaha","totalPoints":11590,"rank":8,"id":415362,"place":3739,"uniqueZonesTaken":34,"region":{"name":"Uppsala","id":142}}},{"sender":{"country":"se","medals":[16,4,79,24,17,116,67,57,70,24,24,24,5,77,24,117,21,124,126,48,24,24,66,17,24,131,17,24,72,109,26,120,24,24,24,88,155],"zones":[41697,138496,36698,1917,486504],"pointsPerHour":22,"points":1008,"blocktime":1380,"taken":40289,"name":"Anniña","totalPoints":7155650,"rank":52,"id":207433,"place":1865,"uniqueZonesTaken":8151,"region":{"name":"Stockholm","id":141}},"time":"2023-11-06T05:25:25+0000","message":"Heureka: Godmorgon! Trevlig turf vecka.","region":{"name":"Stockholm","id":141},"type":"chat"}]