[{"sender":{"country":"se","medals":[16,67,21,4,24,27,68,70,15,7,68,17,72,60,77,17,112,38,75,83,79,122,101],"zones":[79395,429867,429864,429865,655,7860,1557,1558,496831,1561,17754,127293,429338,57726,429337],"pointsPerHour":68,"points":4159,"blocktime":1290,"taken":12903,"name":"tamaltor","totalPoints":3398123,"rank":46,"id":48385,"place":4427,"uniqueZonesTaken":2342,"region":{"name":"Kronoberg","id":147}},"time":"2023-07-25T12:27:48+0000","message":"är till fots","region":{"name":"Kronoberg","id":147},"type":"chat"},{"sender":{"country":"se","medals":[16,67,21,4,24,27,68,70,15,7,68,17,72,60,77,17,112,38,75,83,79,122,101],"zones":[79395,429867,429864,429865,655,7860,1557,1558,496831,1561,17754,127293,429338,57726,429337],"pointsPerHour":68,"points":4158,"blocktime":1290,"taken":12903,"name":"tamaltor","totalPoints":3398122,"rank":46,"id":48385,"place":4427,"uniqueZonesTaken":2342,"region":{"name":"Kronoberg","id":147}},"time":"2023-07-25T12:27:33+0000","message":"Henkutt:","region":{"name":"Kronoberg","id":147},"type":"chat"},{"sender":{"country":"se","medals":[16,67,21,4,24,27,68,70,15,7,68,17,72,60,77,17,112,38,75,83,79,122,101],"zones":[79395,429867,429864,429865,655,7860,1557,1558,496831,1561,17754,127293,429338,57726,429337],"pointsPerHour":68,"points":4158,"blocktime":1290,"taken":12903,"name":"tamaltor","totalPoints":3398122,"rank":46,"id":48385,"place":4427,"uniqueZonesTaken":2342,"region":{"name":"Kronoberg","id":147}},"time":"2023-07-25T12:27:20+0000","message":"henkutt:","region":{"name":"Kronoberg","id":147},"type":"chat"},{"sender":{"country":"se","medals":[16,67,21,4,24,27,68,70,15,7,68,17,72,60,77,17,112,38,75,83,79,122,101],"zones":[79395,429867,429864,429865,655,7860,1557,1558,496831,1561,17754,127293,429338,57726,429337],"pointsPerHour":68,"points":4158,"blocktime":1290,"taken":12903,"name":"tamaltor","totalPoints":3398122,"rank":46,"id":48385,"place":4427,"uniqueZonesTaken":2342,"region":{"name":"Kronoberg","id":147}},"time":"2023-07-25T12:27:11+0000","message":"om jag rusar på till oxaträan så kan vi ses där @henkutt","region":{"name":"Kronoberg","id":147},"type":"chat"},{"medal":92,"time":"2023-07-25T12:23:34+0000","type":"medal","user":{"country":"de","medals":[85,51,92],"zones":[576552,576589,200356,403436,578276,381545,403434,396521,393751,516018,565982,393752,318971,422393],"pointsPerHour":0,"points":4252,"blocktime":690,"taken":18,"name":"CHLJ","totalPoints":4252,"rank":6,"id":399223,"place":7525,"uniqueZonesTaken":15,"region":{"name":"Berlin","id":440}}},{"medal":80,"time":"2023-07-25T12:23:16+0000","type":"medal","user":{"country":"se","medals":[93,84,80],"zones":[180007,2278,481232,80219,80220],"pointsPerHour":0,"points":1573,"blocktime":660,"taken":9,"name":"OstGrabben","totalPoints":1573,"rank":4,"id":399766,"place":7525,"uniqueZonesTaken":9,"region":{"name":"Skåne","id":135}}}]