[{"medal":31,"time":"2023-07-24T19:25:55+0000","type":"medal","user":{"country":"fi","medals":[80,92,31],"zones":[10624,175859,566396,63766,9814,116121],"pointsPerHour":0,"points":4466,"blocktime":690,"taken":25,"name":"TheBouillaBoss","totalPoints":4466,"rank":6,"id":399583,"place":7499,"uniqueZonesTaken":16,"region":{"name":"Lounais-Suomi","id":184}}},{"medal":34,"time":"2023-07-24T19:19:37+0000","type":"medal","user":{"country":"se","medals":[93,53,12,6,104,71,34],"zones":[481874,22022,224020,7355],"pointsPerHour":0,"points":10850,"blocktime":990,"taken":1005,"name":"smurf66","totalPoints":209378,"rank":26,"id":384757,"place":7498,"uniqueZonesTaken":138,"region":{"name":"Stockholm","id":141}}}]