[{"medal":92,"time":"2021-06-21T18:05:37+0000","type":"medal","user":{"country":"gb","medals":[51,85,92],"zones":[319378,352819,324588,389772,316637,316638,316639,316601,316633],"pointsPerHour":0,"points":5095,"blocktime":11,"taken":22,"name":"JammyDognut","totalPoints":5095,"rank":6,"id":334739,"place":6811,"uniqueZonesTaken":15,"region":{"name":"Scotland","id":200}}},{"medal":85,"time":"2021-06-21T18:04:53+0000","type":"medal","user":{"country":"se","medals":[80,85],"zones":[33665,1349,14199,27512,424,28873,9481,139816,14635],"pointsPerHour":0,"points":960,"blocktime":10,"taken":10,"name":"Qaphsiel","totalPoints":960,"rank":3,"id":334880,"place":6692,"uniqueZonesTaken":10,"region":{"name":"Västra Götaland","id":132}}},{"sender":{"country":"uk","medals":[78,47,58,14,123,35,103,72,96,16],"zones":[359940,389319,359942,381697,381696,381699,392354,389325,389326,393166,359976,389323,389303,389302,392349],"pointsPerHour":18,"points":65041,"blocktime":19,"taken":3711,"name":"forestgrump","totalPoints":1038832,"rank":38,"id":306268,"place":648,"uniqueZonesTaken":714,"region":{"name":"Scotland","id":200}},"time":"2021-06-21T18:00:27+0000","message":"LangTouner: No worries 😃","region":{"name":"Scotland","id":200},"type":"chat"},{"sender":{"country":"uk","medals":[78,47,58,14,123,35,103,72,96,16],"zones":[359940,389319,359942,381697,381696,381699,392354,389325,389326,393166,359976,389323,389303,389302,392349],"pointsPerHour":18,"points":65039,"blocktime":19,"taken":3711,"name":"forestgrump","totalPoints":1038831,"rank":38,"id":306268,"place":648,"uniqueZonesTaken":714,"region":{"name":"Scotland","id":200}},"time":"2021-06-21T18:00:26+0000","message":"LangTouner: No worries 😃","region":{"name":"Scotland","id":200},"type":"chat"}]