[{"country":"se","sender":{"country":"se","medals":[],"zones":[],"pointsPerHour":0,"points":0,"blocktime":600,"taken":0,"name":"JohanSjölund","totalPoints":0,"rank":0,"id":394150,"place":6814,"uniqueZonesTaken":0},"time":"2023-05-16T08:47:09+0000","message":"Jävla snopp","type":"chat"},{"medal":85,"time":"2023-05-16T08:45:33+0000","type":"medal","user":{"country":"se","medals":[85],"zones":[21893,215],"pointsPerHour":0,"points":175,"blocktime":660,"taken":10,"name":"N?","totalPoints":1704,"rank":4,"id":388120,"place":6814,"uniqueZonesTaken":8,"region":{"name":"Stockholm","id":141}}},{"medal":80,"time":"2023-05-16T08:44:06+0000","type":"medal","user":{"country":"se","medals":[93,84,80],"zones":[9702,74407,21687,1753],"pointsPerHour":0,"points":951,"blocktime":645,"taken":8,"name":"b230losabrudar","totalPoints":951,"rank":3,"id":394196,"place":6814,"uniqueZonesTaken":8,"region":{"name":"Kalmar","id":137}}},{"country":"se","sender":{"country":"se","medals":[],"zones":[],"pointsPerHour":0,"points":0,"blocktime":615,"taken":2,"name":"Heitenburg","totalPoints":365,"rank":1,"id":94050,"place":6814,"uniqueZonesTaken":1},"time":"2023-05-16T08:43:38+0000","message":"kör hårt!! 💪","type":"chat"},{"country":"se","sender":{"country":"se","medals":[],"zones":[],"pointsPerHour":0,"points":0,"blocktime":615,"taken":2,"name":"Heitenburg","totalPoints":365,"rank":1,"id":94050,"place":6814,"uniqueZonesTaken":1},"time":"2023-05-16T08:43:19+0000","message":"är det en klocka är den låst en liten stund","type":"chat"},{"country":"se","sender":{"country":"se","medals":[],"zones":[],"pointsPerHour":0,"points":0,"blocktime":615,"taken":2,"name":"Heitenburg","totalPoints":365,"rank":1,"id":94050,"place":6814,"uniqueZonesTaken":1},"time":"2023-05-16T08:42:55+0000","message":"röda zoner går att ta över.","type":"chat"},{"medal":127,"time":"2023-05-16T08:40:31+0000","type":"medal","user":{"country":"se","medals":[46,6,53,28,94,126,78,13,101,39,127],"zones":[19697,24164,115380,47654,24166,26297,7758,34271],"pointsPerHour":0,"points":18924,"blocktime":1215,"taken":16855,"name":"kerstin","totalPoints":1695666,"rank":41,"id":72919,"place":6810,"uniqueZonesTaken":276,"region":{"name":"Västmanland","id":143}}}]