[{"medal":84,"time":"2023-05-16T11:58:22+0000","type":"medal","user":{"country":"se","medals":[93,84],"zones":[482,23791],"pointsPerHour":0,"points":449,"blocktime":630,"taken":5,"name":"Lavinj","totalPoints":449,"rank":2,"id":394329,"place":6876,"uniqueZonesTaken":5,"region":{"name":"Örebro","id":131}}},{"medal":35,"time":"2023-05-16T11:56:08+0000","type":"medal","user":{"country":"se","medals":[127,93,6,13,53,35],"zones":[60290,94514,84677,221301,30887,61496,109704,42827,11677],"pointsPerHour":0,"points":10289,"blocktime":1110,"taken":2500,"name":"Anubis","totalPoints":646349,"rank":34,"id":326925,"place":6876,"uniqueZonesTaken":258,"region":{"name":"Stockholm","id":141}}}]