[{"country":"se","sender":{"country":"se","medals":[79,90,53,34,7,95,103,14],"zones":[525436],"pointsPerHour":1,"points":3951,"blocktime":1110,"taken":2316,"name":"FantasticZoner","totalPoints":625242,"rank":34,"id":211741,"place":3322,"uniqueZonesTaken":504,"region":{"name":"Halland","id":134}},"time":"2023-05-15T14:29:18+0000","message":"Király: Bra kämpat med Kungsbacka och Fjärås idag! Stanna gärna förbi frillesås igen på vägen hem igen så ska jag se till att rensa alla åt","type":"chat"},{"medal":92,"time":"2023-05-15T14:25:25+0000","type":"medal","user":{"country":"se","medals":[51,85,92],"zones":[523975,569771,516003,141671,115431,565551,353930,328564,7570,97171,7571,7572,152245,154683,11867],"pointsPerHour":0,"points":3008,"blocktime":675,"taken":15,"name":"Micke_Kl","totalPoints":3008,"rank":5,"id":393612,"place":6651,"uniqueZonesTaken":15,"region":{"name":"Skåne","id":135}}}]