[{"sender":{"country":"se","medals":[127,94,51,104,11,42],"zones":[],"pointsPerHour":0,"points":7919,"blocktime":840,"taken":495,"name":"pensionär.se","totalPoints":63755,"rank":16,"id":384980,"place":2638,"uniqueZonesTaken":55,"region":{"name":"Stockholm","id":141}},"time":"2023-05-16T17:13:30+0000","message":"Var är Bull familjen i dag ?","region":{"name":"Stockholm","id":141},"type":"chat"},{"medal":51,"time":"2023-05-16T17:11:47+0000","type":"medal","user":{"country":"se","medals":[51,85],"zones":[23985,2082,43235,408069,19340,134254,134255,44303,34719,66926],"pointsPerHour":0,"points":1646,"blocktime":660,"taken":10,"name":"JonasKulspruta","totalPoints":1646,"rank":4,"id":394385,"place":6918,"uniqueZonesTaken":10,"region":{"name":"Kalmar","id":137}}},{"medal":85,"time":"2023-05-16T17:11:47+0000","type":"medal","user":{"country":"se","medals":[51,85],"zones":[23985,2082,43235,408069,19340,134254,134255,44303,34719,66926],"pointsPerHour":0,"points":1646,"blocktime":660,"taken":10,"name":"JonasKulspruta","totalPoints":1646,"rank":4,"id":394385,"place":6918,"uniqueZonesTaken":10,"region":{"name":"Kalmar","id":137}}}]