[{"sender":{"country":"se","medals":[5,16,27,58,43,67,64,22,62,17,24,4,8,70,68,17,24,48,24,24,17,26,50,24,72,24,77,91,24,17,113,24,79,17,116,24,117,119,17,24,122,24,24,126,24,17,24,17,132,110,24],"zones":[82352,3218,62642,11285,14517,126255],"pointsPerHour":32,"points":67993,"blocktime":1470,"taken":188616,"name":"LeiLar","totalPoints":23540827,"rank":58,"id":34920,"place":283,"uniqueZonesTaken":4055,"region":{"name":"Västerbotten","id":127}},"time":"2023-05-16T10:11:25+0000","message":"RAGTAG: Läs mer på https://www.turfvasterbotten.se/","region":{"name":"Västerbotten","id":127},"type":"chat"}]