[{"medal":90,"time":"2023-05-16T09:17:11+0000","type":"medal","user":{"country":"uk","medals":[52,94,12,33,103,90],"zones":[422230,421847,556908,355216,355548,355215,361647,355214,411181,355546],"pointsPerHour":0,"points":3249,"blocktime":1005,"taken":807,"name":"yaryar","totalPoints":228613,"rank":27,"id":299297,"place":6821,"uniqueZonesTaken":225,"region":{"name":"West Midlands","id":208}}},{"medal":93,"time":"2023-05-16T09:16:25+0000","type":"medal","user":{"country":"se","medals":[93],"zones":[],"pointsPerHour":0,"points":185,"blocktime":600,"taken":1,"name":"Ella9a","totalPoints":185,"rank":0,"id":394278,"place":6821,"uniqueZonesTaken":1,"region":{"name":"Västra Götaland","id":132}}},{"sender":{"country":"se","medals":[67,5,22,16,93,28,47,79,56,4,14,103,127,66,73],"zones":[139106,139105,55688,22824,22555,24846,25006,80190],"pointsPerHour":25,"points":30536,"blocktime":1365,"taken":33270,"name":"Livorno","totalPoints":6034264,"rank":51,"id":165719,"place":941,"uniqueZonesTaken":705,"region":{"name":"Västra Götaland","id":132}},"time":"2023-05-16T09:10:53+0000","message":"cre8or: yes","region":{"name":"Västra Götaland","id":132},"type":"chat"}]