[{"medal":80,"time":"2023-05-16T15:14:59+0000","type":"medal","user":{"country":"se","medals":[84,80],"zones":[416,42455,138507,415,18319],"pointsPerHour":0,"points":631,"blocktime":630,"taken":5,"name":"BurntToast0550","totalPoints":631,"rank":2,"id":394352,"place":6902,"uniqueZonesTaken":5,"region":{"name":"Skåne","id":135}}},{"medal":84,"time":"2023-05-16T15:14:53+0000","type":"medal","user":{"country":"se","medals":[84],"zones":[416,42455,138507,415,18319],"pointsPerHour":0,"points":631,"blocktime":630,"taken":5,"name":"BurntToast0550","totalPoints":631,"rank":2,"id":394352,"place":6902,"uniqueZonesTaken":5,"region":{"name":"Skåne","id":135}}},{"medal":7,"time":"2023-05-16T15:14:04+0000","type":"medal","user":{"country":"uk","medals":[12,103,52,71,10,46,95,34,7],"zones":[48899,351025,449897],"pointsPerHour":0,"points":628,"blocktime":945,"taken":1146,"name":"BJOKIN","totalPoints":154122,"rank":23,"id":254119,"place":6902,"uniqueZonesTaken":182,"region":{"name":"North West England","id":201}}},{"sender":{"country":"se","medals":[16,5,67,27,48,4,72,66,70,79,14,98,77,126,21,89,122,59,132,107],"zones":[139333,88970,564067,93741,18028,11981,20721,1490,12118,2906,23898,3163],"pointsPerHour":59,"points":57570,"blocktime":1425,"taken":65999,"name":"zido","totalPoints":10974658,"rank":55,"id":32646,"place":401,"uniqueZonesTaken":792,"region":{"name":"Västerbotten","id":127}},"time":"2023-05-16T15:14:02+0000","message":"robin_ftw: 👍","region":{"name":"Västerbotten","id":127},"type":"chat"},{"sender":{"country":"se","medals":[28,55,46,103,6,79,98,131,13,16,37],"zones":[20720,138529,47622,148708,510224,1735,23900],"pointsPerHour":46,"points":44527,"blocktime":1200,"taken":8930,"name":"robin_ftw","totalPoints":1400676,"rank":40,"id":352153,"place":594,"uniqueZonesTaken":341,"region":{"name":"Västerbotten","id":127}},"time":"2023-05-16T15:13:16+0000","message":"zido: fröbussen?","region":{"name":"Västerbotten","id":127},"type":"chat"},{"sender":{"country":"se","medals":[22,67,4,24,70,16,57,27,83,72,79,99,66,24,126,124,24,119,108,75,50,131],"zones":[32032,26850,47652,18309,47653,41738,24170,7757,152876,41745,18200,8312,15961,228120,15963,135932],"pointsPerHour":98,"points":97033,"blocktime":1470,"taken":118042,"name":"FlitigaTobbe","totalPoints":19966117,"rank":58,"id":48872,"place":142,"uniqueZonesTaken":2648,"region":{"name":"Västmanland","id":143}},"time":"2023-05-16T15:09:41+0000","message":"GhrytaBhoy: jag med. hem så fort dom möjligt.","region":{"name":"Västmanland","id":143},"type":"chat"}]