[{"medal":16,"time":"2023-05-16T14:26:20+0000","type":"medal","user":{"country":"uk","medals":[93,6,127,33,103,13,55,16],"zones":[18944,18950,217988,318147,13833,18954,18955,18956,12560,564251,19543,328285,19544,374111,21531,484444,179996,328283,318171,15013,389408,516642,357741,568417,357742,516648,86323,86322,214327,214326,86324,19063,13817,359103,357759,359099,18943],"pointsPerHour":0,"points":29594,"blocktime":1005,"taken":854,"name":"corsicana","totalPoints":233629,"rank":27,"id":380348,"place":6899,"uniqueZonesTaken":381,"region":{"name":"Scotland","id":200}}},{"medal":80,"time":"2023-05-16T14:22:49+0000","type":"medal","user":{"country":"se","medals":[80,84],"zones":[11844,11846,570690,21098,28607],"pointsPerHour":0,"points":761,"blocktime":645,"taken":5,"name":"Darus","totalPoints":761,"rank":3,"id":394389,"place":6898,"uniqueZonesTaken":5,"region":{"name":"Södermanland","id":140}}},{"medal":84,"time":"2023-05-16T14:22:49+0000","type":"medal","user":{"country":"se","medals":[80,84],"zones":[11844,11846,570690,21098,28607],"pointsPerHour":0,"points":761,"blocktime":645,"taken":5,"name":"Darus","totalPoints":761,"rank":3,"id":394389,"place":6898,"uniqueZonesTaken":5,"region":{"name":"Södermanland","id":140}}}]