[{"medal":51,"time":"2023-05-16T17:11:47+0000","type":"medal","user":{"country":"se","medals":[51,85],"zones":[23985,2082,43235,408069,19340,134254,134255,44303,34719,66926],"pointsPerHour":0,"points":1646,"blocktime":660,"taken":10,"name":"JonasKulspruta","totalPoints":1646,"rank":4,"id":394385,"place":6918,"uniqueZonesTaken":10,"region":{"name":"Kalmar","id":137}}},{"medal":85,"time":"2023-05-16T17:11:47+0000","type":"medal","user":{"country":"se","medals":[51,85],"zones":[23985,2082,43235,408069,19340,134254,134255,44303,34719,66926],"pointsPerHour":0,"points":1646,"blocktime":660,"taken":10,"name":"JonasKulspruta","totalPoints":1646,"rank":4,"id":394385,"place":6918,"uniqueZonesTaken":10,"region":{"name":"Kalmar","id":137}}},{"medal":52,"time":"2023-05-16T17:09:19+0000","type":"medal","user":{"country":"se","medals":[86,10,11,52],"zones":[24161,10947,10948,32109,32110,115857,31440,31441,32114,31442,32115,32116,202391,31444,7766,26295,33367,26296,33368,13625],"pointsPerHour":0,"points":3350,"blocktime":720,"taken":81,"name":"mazoo","totalPoints":10678,"rank":8,"id":358205,"place":6918,"uniqueZonesTaken":51,"region":{"name":"Västmanland","id":143}}},{"medal":11,"time":"2023-05-16T17:08:03+0000","type":"medal","user":{"country":"se","medals":[51,86,10,11],"zones":[24161,10947,10948,32109,32110,115857,31440,31441,32114,32115,32116,202391,31444,7766,26295,33367,26296,33368,13625],"pointsPerHour":0,"points":3253,"blocktime":720,"taken":80,"name":"mazoo","totalPoints":10581,"rank":8,"id":358205,"place":6918,"uniqueZonesTaken":50,"region":{"name":"Västmanland","id":143}}}]