[{"sender":{"country":"se","medals":[46,16,70,79,5,21,4,77,67,10,7,117,123,130,17,116,107,50,56,38,151],"zones":[11648,351303,17028,1253,91981,122477,22221,336,114482,7156,37108,7159,30807,7160,7161,3098,36446,25342],"pointsPerHour":88,"points":14713,"blocktime":1245,"taken":14398,"name":"sippa","totalPoints":2188828,"rank":43,"id":305999,"place":316,"uniqueZonesTaken":3251,"region":{"name":"Stockholm","id":141}},"time":"2023-10-02T21:00:43+0000","message":"Svensings: hej","region":{"name":"Stockholm","id":141},"type":"chat"},{"sender":{"country":"se","medals":[70,24,90,46,117,5,102,67,77,132,56,15,79,95,40,7,122],"zones":[7937,7075,25349,114599,179432,96298,316552,17037,36431,24048,36432,91988,63989,7062,6073,25371,62462,6110,7134],"pointsPerHour":78,"points":9824,"blocktime":1335,"taken":23449,"name":"Svensings","totalPoints":4863588,"rank":49,"id":288002,"place":589,"uniqueZonesTaken":1306,"region":{"name":"Stockholm","id":141}},"time":"2023-10-02T20:55:46+0000","message":"JimmyAIK94: 👍","region":{"name":"Stockholm","id":141},"type":"chat"},{"sender":{"country":"se","medals":[126,16,5,67,122,128,47,57,79,28,24,39,15,96,7,107,4],"zones":[7083,36429,91983,91982,36447],"pointsPerHour":26,"points":2021,"blocktime":1290,"taken":19904,"name":"JimmyAIK94","totalPoints":3397326,"rank":46,"id":267637,"place":2105,"uniqueZonesTaken":1173,"region":{"name":"Stockholm","id":141}},"time":"2023-10-02T20:55:31+0000","message":"Svensings: kom dit","region":{"name":"Stockholm","id":141},"type":"chat"}]