[{"medal":6,"time":"2022-08-09T09:05:31+0000","type":"medal","user":{"country":"se","medals":[84,6],"zones":[74],"pointsPerHour":0,"points":278,"blocktime":11,"taken":9,"name":"Robbankalmar","totalPoints":1743,"rank":4,"id":368550,"place":4541,"uniqueZonesTaken":7,"region":{"name":"Jönköping","id":133}}},{"medal":93,"time":"2022-08-09T09:05:31+0000","type":"medal","user":{"country":"se","medals":[84,93],"zones":[],"pointsPerHour":0,"points":357,"blocktime":10,"taken":7,"name":"z1ggan","totalPoints":939,"rank":3,"id":368538,"place":4541,"uniqueZonesTaken":5,"region":{"name":"Östergötland","id":139}}},{"medal":77,"time":"2022-08-09T09:05:01+0000","type":"medal","user":{"country":"se","medals":[6,5,100,79,56,16,94,47,72,126,13,127,37,77],"zones":[486183,152099,139683,43399,21479,509673,119310,23471,21423,25265,23473,23477,23478,44854,25271,94137,222970,55643,63198],"pointsPerHour":0,"points":3624,"blocktime":20,"taken":7578,"name":"Lenkan","totalPoints":1880016,"rank":42,"id":69631,"place":4541,"uniqueZonesTaken":369,"region":{"name":"Örebro","id":131}}},{"medal":93,"time":"2022-08-09T09:04:36+0000","type":"medal","user":{"country":"se","medals":[93],"zones":[29177],"pointsPerHour":0,"points":190,"blocktime":10,"taken":2,"name":"EliseÄrCool","totalPoints":190,"rank":0,"id":368948,"place":4540,"uniqueZonesTaken":2,"region":{"name":"Västmanland","id":143}}},{"medal":86,"time":"2022-08-09T09:04:12+0000","type":"medal","user":{"country":"se","medals":[93,92,80,86],"zones":[1478],"pointsPerHour":0,"points":185,"blocktime":12,"taken":50,"name":"Polkagrisen","totalPoints":10461,"rank":8,"id":240772,"place":4539,"uniqueZonesTaken":22,"region":{"name":"Stockholm","id":141}}},{"medal":13,"time":"2022-08-09T09:03:30+0000","type":"medal","user":{"country":"se","medals":[94,6,10,46,16,55,42,103,13],"zones":[154882,154883,431363,517390,64652,173452,175245,224791,224790,97175,224792,228134,180010,22185,476844,476843,476842,204845,201267,328500,15537,90933,476849,139322,180664,7739,7740,105788,7741,7742,477881,477880,139331,153029,374472,154447,62287,481239,62289,64596,64597,64598,135771,484316,296280,296281,21469,154850,154851,374500,154344,204143,355185,24310,24311,20603,20605],"pointsPerHour":0,"points":27547,"blocktime":14,"taken":263,"name":"Azoo-Lina","totalPoints":56439,"rank":16,"id":367684,"place":4539,"uniqueZonesTaken":250,"region":{"name":"Skåne","id":135}}},{"sender":{"country":"se","medals":[94,22,6,127,101,35,52,90,13],"zones":[11860,54661,11644],"pointsPerHour":23,"points":936,"blocktime":17,"taken":3388,"name":"Kråka","totalPoints":359553,"rank":31,"id":281929,"place":3119,"uniqueZonesTaken":275,"region":{"name":"Västerbotten","id":127}},"time":"2022-08-09T08:54:58+0000","message":"Tack, det fungerar att starta om.","region":{"name":"Västerbotten","id":127},"type":"chat"}]