[{"medal":51,"time":"2022-08-08T09:16:05+0000","type":"medal","user":{"country":"se","medals":[85,51],"zones":[16945,430708,235825,16947,235879,2789,481743,20537,154056,26061],"pointsPerHour":0,"points":2526,"blocktime":11,"taken":12,"name":"gÅSAktig","totalPoints":2526,"rank":5,"id":368877,"place":3802,"uniqueZonesTaken":11,"region":{"name":"Jönköping","id":133}}},{"medal":80,"time":"2022-08-08T09:15:24+0000","type":"medal","user":{"country":"se","medals":[93,84,80],"zones":[139027,22069,153989,24041,24042],"pointsPerHour":0,"points":922,"blocktime":10,"taken":7,"name":"Pastorn73","totalPoints":1017,"rank":3,"id":368793,"place":3800,"uniqueZonesTaken":7,"region":{"name":"Stockholm","id":141}}}]