[{"medal":85,"time":"2022-08-09T09:36:36+0000","type":"medal","user":{"country":"se","medals":[93,80,85],"zones":[21763,8312,29177,138171,63709],"pointsPerHour":0,"points":828,"blocktime":10,"taken":10,"name":"EliseÄrCool","totalPoints":828,"rank":3,"id":368948,"place":4564,"uniqueZonesTaken":10,"region":{"name":"Västmanland","id":143}}},{"medal":104,"time":"2022-08-09T09:36:36+0000","type":"medal","user":{"country":"se","medals":[94,12,48,4,42,72,79,53,104],"zones":[56130,549,18310,29176,31434,29178,29180,29181,63710],"pointsPerHour":0,"points":15389,"blocktime":13,"taken":441,"name":"Manbabanesco","totalPoints":48330,"rank":15,"id":368372,"place":4564,"uniqueZonesTaken":211,"region":{"name":"Västmanland","id":143}}},{"sender":{"country":"se","medals":[55,15,79,28,112,7,47,24,77,123,126,104,130,87],"zones":[705,708,18309,475522,710,7752,14602,7756,114195,114197,114196,14871,31767,228120,136162,89895,89896,24170,21357,152876,44718,24174,19694,23662,29169,480050,281714],"pointsPerHour":209,"points":10642,"blocktime":22,"taken":37854,"name":"carinn","totalPoints":4454588,"rank":48,"id":117795,"place":731,"uniqueZonesTaken":2107,"region":{"name":"Västmanland","id":143}},"time":"2022-08-09T09:36:13+0000","message":"VÄDUREN: Äsch nu hade jag dålig koll","region":{"name":"Västmanland","id":143},"type":"chat"},{"sender":{"country":"se","medals":[5,16,27,9,67,47,28,57,77,7,14,94,130,78,101,40],"zones":[204547,3456,3457,42305,47041,1924,7364,227078,68109,406738,22741,8028,2781,8029,190364,8030,96736,151270,89130,115370,49517,21869,12339,285239,141750,21367,38270],"pointsPerHour":115,"points":26505,"blocktime":22,"taken":20459,"name":"Uffeärextrem","totalPoints":4526660,"rank":49,"id":13458,"place":168,"uniqueZonesTaken":671,"region":{"name":"Norrbotten","id":126}},"time":"2022-08-09T09:35:51+0000","message":"Redstone: tar du kajrundan?","region":{"name":"Norrbotten","id":126},"type":"chat"},{"sender":{"country":"se","medals":[67,9,16,24,22,57,48,24,72,79,77,24,66,26,24,17,116,83,117,24,24,50,24,17,4,24,111,24,27,124,126,118,17,130,17],"zones":[546,62306,96745,22760,63754,96746,31344,12404,54772,9718,11224,518494,8313,11610,31803,31804,138172],"pointsPerHour":143,"points":14017,"blocktime":24,"taken":97787,"name":"VÄDUREN","totalPoints":12175643,"rank":56,"id":92950,"place":514,"uniqueZonesTaken":4147,"region":{"name":"Västmanland","id":143}},"time":"2022-08-09T09:35:15+0000","message":"carinn: jag kommer","region":{"name":"Västmanland","id":143},"type":"chat"},{"medal":7,"time":"2022-08-09T09:33:35+0000","type":"medal","user":{"country":"se","medals":[51,12,101,95,34,7],"zones":[],"pointsPerHour":0,"points":155,"blocktime":15,"taken":1002,"name":"karatekakan","totalPoints":150872,"rank":23,"id":229024,"place":4561,"uniqueZonesTaken":200,"region":{"name":"Södermanland","id":140}}},{"sender":{"country":"se","medals":[70,67,28,83,79,22,16,77,27,61,124,126,4,117,62,74,89,48,59,68,131,105,98],"zones":[94115,91843,55592,475071,43579],"pointsPerHour":28,"points":16255,"blocktime":24,"taken":69951,"name":"Deppen","totalPoints":12623293,"rank":56,"id":195631,"place":414,"uniqueZonesTaken":5369,"region":{"name":"Stockholm","id":141}},"time":"2022-08-09T09:32:30+0000","message":"Zudo: såg cyklar knappt dig","region":{"name":"Stockholm","id":141},"type":"chat"}]