[{"medal":31,"time":"2022-08-09T08:37:45+0000","type":"medal","user":{"country":"se","medals":[94,31],"zones":[64498],"pointsPerHour":0,"points":295,"blocktime":11,"taken":25,"name":"KBM1","totalPoints":4768,"rank":6,"id":367243,"place":4525,"uniqueZonesTaken":5,"region":{"name":"Gotland","id":138}}},{"sender":{"country":"se","medals":[94,22,6,127,101,35,52,90,13],"zones":[11860,54661,11644],"pointsPerHour":23,"points":929,"blocktime":17,"taken":3388,"name":"Kråka","totalPoints":359545,"rank":31,"id":281929,"place":3113,"uniqueZonesTaken":275,"region":{"name":"Västerbotten","id":127}},"time":"2022-08-09T08:35:15+0000","message":"League 9 blev nyss osynligt för mig. Har ni andra samma problem att ligorna försvunnit?","region":{"name":"Västerbotten","id":127},"type":"chat"},{"sender":{"country":"se","medals":[5,67,64,16,47,22,24,4,17,72,79,77,15,27,66,26,57,126,123,88,103,129,116,17],"zones":[283843,26861,942,22351,515575,26864,8337,455922,54294,34649,90872,235417,34652,464762,515576],"pointsPerHour":67,"points":8892,"blocktime":23,"taken":44718,"name":"MariaDeje","totalPoints":8706800,"rank":54,"id":41536,"place":887,"uniqueZonesTaken":2201,"region":{"name":"Kalmar","id":137}},"time":"2022-08-09T08:34:06+0000","message":"Sisyfos: Välkommen till Oskarshamn! Fin turftur! 👍 🚴\u200d♂️💨","region":{"name":"Kalmar","id":137},"type":"chat"},{"medal":93,"time":"2022-08-09T08:32:31+0000","type":"medal","user":{"country":"se","medals":[93],"zones":[],"pointsPerHour":0,"points":185,"blocktime":10,"taken":1,"name":"walkwalk","totalPoints":185,"rank":0,"id":368898,"place":4523,"uniqueZonesTaken":1,"region":{"name":"Jönköping","id":133}}}]