[{"medal":86,"time":"2022-08-09T04:52:28+0000","type":"medal","user":{"country":"fi","medals":[93,51,92,86],"zones":[63464],"pointsPerHour":0,"points":464,"blocktime":12,"taken":50,"name":"Pattlena","totalPoints":11782,"rank":8,"id":367426,"place":4443,"uniqueZonesTaken":29,"region":{"name":"Åland","id":177}}},{"medal":92,"time":"2022-08-09T04:51:59+0000","type":"medal","user":{"country":"se","medals":[80,85,92],"zones":[69848,138952,48458,203791,7644],"pointsPerHour":0,"points":1016,"blocktime":11,"taken":23,"name":"RS_","totalPoints":4049,"rank":6,"id":368552,"place":4442,"uniqueZonesTaken":15,"region":{"name":"Jönköping","id":133}}},{"sender":{"country":"se","medals":[53,71,6,100,10,126,13,38,94],"zones":[],"pointsPerHour":0,"points":161,"blocktime":21,"taken":12056,"name":"Lemonad","totalPoints":2797459,"rank":45,"id":76368,"place":4139,"uniqueZonesTaken":288,"region":{"name":"Gotland","id":138}},"time":"2022-08-09T04:40:32+0000","message":"🙂","region":{"name":"Gotland","id":138},"type":"chat"}]