[{"sender":{"country":"se","medals":[78,70,6,14,94,24,90,46,117,55,131,38,5,102,67,77],"zones":[24048,1282,11379,91972,91988,25350,114599,7048,7160,17037,36446],"pointsPerHour":47,"points":6577,"blocktime":21,"taken":13359,"name":"Svensings","totalPoints":2645540,"rank":44,"id":288002,"place":1037,"uniqueZonesTaken":808,"region":{"name":"Stockholm","id":141}},"time":"2022-08-08T20:18:36+0000","message":"JimmyAIK94: 😬","region":{"name":"Stockholm","id":141},"type":"chat"},{"sender":{"country":"se","medals":[126,16,95,5,14,67,122,128,6,38,47,57,104,79,28],"zones":[],"pointsPerHour":0,"points":5933,"blocktime":21,"taken":14346,"name":"JimmyAIK94","totalPoints":2524851,"rank":44,"id":267637,"place":1153,"uniqueZonesTaken":890,"region":{"name":"Stockholm","id":141}},"time":"2022-08-08T20:17:35+0000","message":"Svensings: överallt","region":{"name":"Stockholm","id":141},"type":"chat"},{"sender":{"country":"se","medals":[78,70,6,14,94,24,90,46,117,55,131,38,5,102,67,77],"zones":[24048,1282,11379,91972,91988,25350,114599,7048,7160,17037,36446],"pointsPerHour":47,"points":6576,"blocktime":21,"taken":13359,"name":"Svensings","totalPoints":2645539,"rank":44,"id":288002,"place":1038,"uniqueZonesTaken":808,"region":{"name":"Stockholm","id":141}},"time":"2022-08-08T20:17:27+0000","message":"JimmyAIK94: vadåra vart är du påväg?","region":{"name":"Stockholm","id":141},"type":"chat"},{"sender":{"country":"se","medals":[126,16,95,5,14,67,122,128,6,38,47,57,104,79,28],"zones":[],"pointsPerHour":0,"points":5933,"blocktime":21,"taken":14346,"name":"JimmyAIK94","totalPoints":2524851,"rank":44,"id":267637,"place":1153,"uniqueZonesTaken":890,"region":{"name":"Stockholm","id":141}},"time":"2022-08-08T20:16:58+0000","message":"Svensings: neeeeej fan. Okej","region":{"name":"Stockholm","id":141},"type":"chat"},{"sender":{"country":"se","medals":[78,70,6,14,94,24,90,46,117,55,131,38,5,102,67,77],"zones":[24048,1282,11379,91972,91988,25350,114599,7048,7160,17037,36446],"pointsPerHour":47,"points":6576,"blocktime":21,"taken":13359,"name":"Svensings","totalPoints":2645538,"rank":44,"id":288002,"place":1038,"uniqueZonesTaken":808,"region":{"name":"Stockholm","id":141}},"time":"2022-08-08T20:16:41+0000","message":"JimmyAIK94: ironoak o västerut😎","region":{"name":"Stockholm","id":141},"type":"chat"}]