[{"medal":92,"time":"2022-08-08T05:08:21+0000","type":"medal","user":{"country":"fi","medals":[94,85,100,92],"zones":[24667,205676],"pointsPerHour":0,"points":1131,"blocktime":11,"taken":15,"name":"Werewolf","totalPoints":2625,"rank":5,"id":368563,"place":3544,"uniqueZonesTaken":15,"region":{"name":"Lounais-Suomi","id":184}}},{"medal":100,"time":"2022-08-08T04:55:04+0000","type":"medal","user":{"country":"fi","medals":[94,85,100],"zones":[205676],"pointsPerHour":0,"points":789,"blocktime":11,"taken":13,"name":"Werewolf","totalPoints":2283,"rank":5,"id":368563,"place":3532,"uniqueZonesTaken":13,"region":{"name":"Lounais-Suomi","id":184}}}]