[{"sender":{"country":"se","medals":[70,7,4,77,16,15,72,83,67,21,48,27,126,79,60,124,105,38,128,116,17],"zones":[],"pointsPerHour":0,"points":0,"blocktime":21,"taken":13320,"name":"Turfsnaggy","totalPoints":2913017,"rank":45,"id":109494,"place":82,"uniqueZonesTaken":2025,"region":{"name":"Dalarna","id":129}},"time":"2022-08-08T09:24:29+0000","message":"Mach1: Regionskamp?","region":{"name":"Dalarna","id":129},"type":"chat"},{"medal":51,"time":"2022-08-08T09:16:05+0000","type":"medal","user":{"country":"se","medals":[85,51],"zones":[16945,430708,235825,16947,235879,2789,481743,20537,154056,26061],"pointsPerHour":0,"points":2526,"blocktime":11,"taken":12,"name":"gÅSAktig","totalPoints":2526,"rank":5,"id":368877,"place":3802,"uniqueZonesTaken":11,"region":{"name":"Jönköping","id":133}}}]