[{"medal":31,"time":"2023-12-26T13:23:44+0000","type":"medal","user":{"country":"se","medals":[100,94,31],"zones":[547432,153659],"pointsPerHour":0,"points":3344,"blocktime":11,"taken":25,"name":"AoV","totalPoints":3920,"rank":6,"id":411400,"place":5709,"uniqueZonesTaken":6,"region":{"name":"Stockholm","id":141}}},{"sender":{"country":"se","medals":[79,16,77,67,70,72,83,75,21,3,68,4,113,68,17,116,66,24,24,24,68,17,27,124,68,121,126,107,24,17,68,131,118,68,68,17,24,82,24,24,26,24,155],"zones":[19346,58278,478641,21402,600871,154621],"pointsPerHour":18,"points":49267,"blocktime":24,"taken":90030,"name":"peterspirea","totalPoints":18856226,"rank":58,"id":175379,"place":863,"uniqueZonesTaken":17105,"region":{"name":"Stockholm","id":141}},"time":"2023-12-26T13:14:49+0000","message":"Kygni: Välkommen till Storstan! 😍","region":{"name":"Stockholm","id":141},"type":"chat"}]