[{"medal":95,"time":"2023-12-25T12:35:06+0000","type":"medal","user":{"country":"no","medals":[92,100,52,86,95],"zones":[],"pointsPerHour":0,"points":185,"blocktime":12,"taken":61,"name":"Elliotsuper","totalPoints":20476,"rank":11,"id":398828,"place":5634,"uniqueZonesTaken":37,"region":{"name":"Østlandet","id":179}}},{"medal":95,"time":"2023-12-25T12:35:06+0000","type":"medal","user":{"country":"no","medals":[85,95],"zones":[],"pointsPerHour":0,"points":185,"blocktime":11,"taken":11,"name":"brownie8216","totalPoints":2230,"rank":5,"id":403623,"place":5634,"uniqueZonesTaken":3,"region":{"name":"Østlandet","id":179}}},{"medal":95,"time":"2023-12-25T12:35:06+0000","type":"medal","user":{"country":"no","medals":[5,16,101,46,34,6,56,13,28,153,95],"zones":[220227,178114,296005,96131,29894,296014,42061,58894,296010,17745,137488,57046,57048,295972,60512,295973,114025,9193,9194,204333,9198,95216,64443,178111,178108,480121],"pointsPerHour":0,"points":33697,"blocktime":18,"taken":1880,"name":"Pepperrot","totalPoints":721627,"rank":35,"id":380596,"place":5634,"uniqueZonesTaken":293,"region":{"name":"Østlandet","id":179}}},{"medal":51,"time":"2023-12-25T12:30:42+0000","type":"medal","user":{"country":"se","medals":[51,85,90],"zones":[159696,8691,46420,568893,42086,46422,94071,8605,525174,412441],"pointsPerHour":0,"points":1732,"blocktime":11,"taken":10,"name":"VDG","totalPoints":1732,"rank":4,"id":416438,"place":5634,"uniqueZonesTaken":10,"region":{"name":"Västra Götaland","id":132}}},{"medal":85,"time":"2023-12-25T12:30:42+0000","type":"medal","user":{"country":"se","medals":[51,85,90],"zones":[159696,8691,46420,568893,42086,46422,94071,8605,525174,412441],"pointsPerHour":0,"points":1732,"blocktime":11,"taken":10,"name":"VDG","totalPoints":1732,"rank":4,"id":416438,"place":5634,"uniqueZonesTaken":10,"region":{"name":"Västra Götaland","id":132}}},{"medal":90,"time":"2023-12-25T12:30:42+0000","type":"medal","user":{"country":"se","medals":[51,85,90],"zones":[159696,8691,46420,568893,42086,46422,94071,8605,525174,412441],"pointsPerHour":0,"points":1732,"blocktime":11,"taken":10,"name":"VDG","totalPoints":1732,"rank":4,"id":416438,"place":5634,"uniqueZonesTaken":10,"region":{"name":"Västra Götaland","id":132}}}]