[{"medal":67,"time":"2023-12-26T03:39:29+0000","type":"medal","user":{"country":"se","medals":[28,5,7,79,103,55,16,95,47,38,15,152,67],"zones":[994,34627,12307,22359,8072,582672,8587,12222],"pointsPerHour":0,"points":25327,"blocktime":21,"taken":13717,"name":"sampeh","totalPoints":2466771,"rank":44,"id":145380,"place":5672,"uniqueZonesTaken":1039,"region":{"name":"Kronoberg","id":147}}},{"medal":152,"time":"2023-12-26T03:27:40+0000","type":"medal","user":{"country":"se","medals":[28,5,7,79,103,55,16,95,47,38,15,152],"zones":[994,34627,12307,22359,8072,582672],"pointsPerHour":0,"points":25070,"blocktime":21,"taken":13715,"name":"sampeh","totalPoints":2466514,"rank":44,"id":145380,"place":5672,"uniqueZonesTaken":1039,"region":{"name":"Kronoberg","id":147}}}]