[{"medal":85,"time":"2023-05-02T10:16:58+0000","type":"medal","user":{"country":"se","medals":[80,85],"zones":[474726,42690,62322,42402,190246,348338,42681,653,17854],"pointsPerHour":0,"points":2282,"blocktime":11,"taken":10,"name":"Fredde812","totalPoints":2282,"rank":5,"id":391327,"place":8604,"uniqueZonesTaken":9,"region":{"name":"Kronoberg","id":147}}},{"medal":92,"time":"2023-05-02T10:04:58+0000","type":"medal","user":{"country":"gb","medals":[51,85,92],"zones":[355693,321032,568806,321035,487735,317045,317047,324599,564988,316624,316625,317052,477981,324600],"pointsPerHour":0,"points":2911,"blocktime":11,"taken":15,"name":"Ganga","totalPoints":2911,"rank":5,"id":391380,"place":8604,"uniqueZonesTaken":15,"region":{"name":"Scotland","id":200}}}]