[{"medal":128,"time":"2023-05-01T13:40:59+0000","type":"medal","user":{"country":"se","medals":[67,10,53,77,5,21,12,33,79,6,94,101,46,128],"zones":[90273,29699,91557,372,91556,91837,15101,141503],"pointsPerHour":0,"points":81823,"blocktime":15,"taken":921,"name":"Gotrek_G","totalPoints":143659,"rank":23,"id":386755,"place":8521,"uniqueZonesTaken":228,"region":{"name":"Västra Götaland","id":132}}},{"medal":100,"time":"2023-05-01T13:39:32+0000","type":"medal","user":{"country":"se","medals":[95,51,90,31,100],"zones":[221441,2294,26745,117711,117390,519864],"pointsPerHour":0,"points":4174,"blocktime":11,"taken":30,"name":"pandiz427","totalPoints":4174,"rank":6,"id":391357,"place":8521,"uniqueZonesTaken":12,"region":{"name":"Östergötland","id":139}}},{"medal":85,"time":"2023-05-01T13:37:13+0000","type":"medal","user":{"country":"nl","medals":[80,85],"zones":[562955,78130,1955,1956,2183,63853],"pointsPerHour":0,"points":1862,"blocktime":11,"taken":10,"name":"murmeldjur.K","totalPoints":1862,"rank":4,"id":390949,"place":8521,"uniqueZonesTaken":9,"region":{"name":"Noord-Holland","id":117}}},{"medal":52,"time":"2023-05-01T13:36:15+0000","type":"medal","user":{"country":"uk","medals":[93,92,100,31,52],"zones":[364452,381188,373377,373376,381187,351373,351375,351374,364456,364459,351380,351383,351376,351379,351378,351388,373374,389945,351385,389944],"pointsPerHour":0,"points":6844,"blocktime":11,"taken":26,"name":"Arnsturf#","totalPoints":6844,"rank":7,"id":384278,"place":8521,"uniqueZonesTaken":26,"region":{"name":"Scotland","id":200}}},{"medal":86,"time":"2023-05-01T13:33:14+0000","type":"medal","user":{"country":"se","medals":[93,92,52,86],"zones":[8066,26051,154977,21316,61732,430496,21737,16874,33451,16877,2285,255729,1299,1654,348349,824,137531,26046],"pointsPerHour":0,"points":11279,"blocktime":12,"taken":50,"name":"SwedishSinatra","totalPoints":11279,"rank":8,"id":388452,"place":8521,"uniqueZonesTaken":36,"region":{"name":"Jönköping","id":133}}}]