[{"medal":93,"time":"2023-05-02T08:21:30+0000","type":"medal","user":{"country":"se","medals":[93],"zones":[],"pointsPerHour":0,"points":155,"blocktime":10,"taken":1,"name":"ilian17","totalPoints":155,"rank":0,"id":391479,"place":8584,"uniqueZonesTaken":1,"region":{"name":"Stockholm","id":141}}},{"medal":93,"time":"2023-05-02T08:12:44+0000","type":"medal","user":{"country":"se","medals":[93],"zones":[],"pointsPerHour":0,"points":65,"blocktime":10,"taken":1,"name":"v,a,h,j","totalPoints":65,"rank":0,"id":391484,"place":8577,"uniqueZonesTaken":1,"region":{"name":"Uppsala","id":142}}}]