[{"sender":{"country":"se","medals":[17,16,17,79,24,17,116,47,27,56,4,77,117,28,24,126,22,24,15,5,122,110,89,131,66,30],"zones":[152354,141568,429410,25382,25387,179823,29299,29302,109079,246,24567,8377,29307,167742,278618],"pointsPerHour":60,"points":51816,"blocktime":23,"taken":55748,"name":"krokodilen","totalPoints":9591532,"rank":55,"id":45356,"place":486,"uniqueZonesTaken":1201,"region":{"name":"Stockholm","id":141}},"time":"2022-12-20T11:03:02+0000","message":"alligatorn 1:a klar🤣","region":{"name":"Stockholm","id":141},"type":"chat"},{"medal":11,"time":"2022-12-20T10:59:57+0000","type":"medal","user":{"country":"se","medals":[52,32,11],"zones":[65329,359408,485952,141482,92267,890,116014,176301],"pointsPerHour":0,"points":24351,"blocktime":13,"taken":185,"name":"kaalesweef","totalPoints":44439,"rank":15,"id":383910,"place":5297,"uniqueZonesTaken":50,"region":{"name":"Västra Götaland","id":132}}},{"sender":{"country":"se","medals":[27,16,79,77,30,68,22,76,91,48,82,69,68,124,126,24,89,74,111,131,24,72,99,24],"zones":[114119,17671,117130,8141,8144,12057,44124,22301,20574,17567,104738,22311,22312,20332,20910,2926,320683,2992,319479,532541,565,555199,113974,36858,36860],"pointsPerHour":121,"points":42451,"blocktime":24,"taken":60023,"name":"nesse","totalPoints":12225146,"rank":56,"id":74358,"place":662,"uniqueZonesTaken":6034,"region":{"name":"Östergötland","id":139}},"time":"2022-12-20T10:52:22+0000","message":"Så akta Er , bitvis ligger punkteringskrosset under isen trots tövädret","region":{"name":"Östergötland","id":139},"type":"chat"}]