[{"medal":71,"time":"2022-08-30T12:37:05+0000","type":"medal","user":{"country":"se","medals":[93,51,32,7,102,12,71],"zones":[],"pointsPerHour":0,"points":530,"blocktime":13,"taken":203,"name":"Duchess","totalPoints":41430,"rank":14,"id":201184,"place":7648,"uniqueZonesTaken":117,"region":{"name":"Västra Götaland","id":132}}},{"sender":{"country":"se","medals":[78,70,6,14,94,24,90,46,117,55,131,38,5,102,67,77],"zones":[7075,12132,138471,114599,7083,316552,36428,84525,36429,36431,37103,36432,11379,114482,91988,97844,7158,7160,25342],"pointsPerHour":93,"points":113687,"blocktime":21,"taken":13912,"name":"Svensings","totalPoints":2752649,"rank":45,"id":288002,"place":544,"uniqueZonesTaken":853,"region":{"name":"Stockholm","id":141}},"time":"2022-08-30T12:35:14+0000","message":"JimmyAIK94: kanske tur för dig nu regnar det☔️","region":{"name":"Stockholm","id":141},"type":"chat"}]