[{"medal":80,"time":"2022-08-29T04:57:41+0000","type":"medal","user":{"country":"se","medals":[84,80],"zones":[114489,23514,22522,381928,24655],"pointsPerHour":0,"points":1269,"blocktime":11,"taken":9,"name":"TrueGuy","totalPoints":1269,"rank":4,"id":370484,"place":7435,"uniqueZonesTaken":6,"region":{"name":"Örebro","id":131}}},{"sender":{"country":"se","medals":[4,16,64,17,22,48,57,9,24,67,24,17,24,24,24,70,72,83,24,50,77,24,17,116,26,79,24,91,24,119,126,122,24,24,104,131],"zones":[115857,44723,221462,515785],"pointsPerHour":18,"points":63667,"blocktime":24,"taken":125198,"name":"Westeras","totalPoints":17282768,"rank":58,"id":4233,"place":1041,"uniqueZonesTaken":3590,"region":{"name":"Västmanland","id":143}},"time":"2022-08-29T04:56:18+0000","message":"Daily-∞: English in world chat","type":"chat"},{"medal":84,"time":"2022-08-29T04:44:37+0000","type":"medal","user":{"country":"se","medals":[84],"zones":[61056,61063,24298],"pointsPerHour":0,"points":1022,"blocktime":10,"taken":5,"name":"Cim89","totalPoints":1022,"rank":3,"id":370152,"place":7434,"uniqueZonesTaken":5,"region":{"name":"Skåne","id":135}}}]