[{"medal":90,"time":"2021-08-27T18:20:15+0000","type":"medal","user":{"country":"se","medals":[92,31,52,90],"zones":[95106,17670,906,117712,595,54550,187418,37145,228056,22621,107751,936,9514,22320,90929,146483,107763,2290,136240,4978,60723,4980,115063,90621],"pointsPerHour":0,"points":5410,"blocktime":11,"taken":34,"name":"pratrikm","totalPoints":5410,"rank":6,"id":337868,"place":7578,"uniqueZonesTaken":30,"region":{"name":"Östergötland","id":139}}},{"medal":100,"time":"2021-08-27T18:16:52+0000","type":"medal","user":{"country":"se","medals":[93,70,90,52,32,7,12,100],"zones":[409175,114613,28983,189980],"pointsPerHour":0,"points":8743,"blocktime":13,"taken":190,"name":"Smulf","totalPoints":47003,"rank":15,"id":196497,"place":7578,"uniqueZonesTaken":155,"region":{"name":"Stockholm","id":141}}}]