[{"medal":80,"time":"2023-05-22T07:13:59+0000","type":"medal","user":{"country":"se","medals":[78,84,80],"zones":[754,9579,9580,9581,1646],"pointsPerHour":0,"points":519,"blocktime":630,"taken":6,"name":"Vyy","totalPoints":519,"rank":2,"id":394951,"place":7469,"uniqueZonesTaken":6,"region":{"name":"Södermanland","id":140}}},{"medal":80,"time":"2023-05-22T07:13:43+0000","type":"medal","user":{"country":"se","medals":[84,80],"zones":[231399,139284,216475,525153,181039],"pointsPerHour":0,"points":1260,"blocktime":660,"taken":8,"name":"EdvinO123","totalPoints":1260,"rank":4,"id":394843,"place":7469,"uniqueZonesTaken":6,"region":{"name":"Stockholm","id":141}}},{"medal":80,"time":"2023-05-22T07:13:20+0000","type":"medal","user":{"country":"se","medals":[84,80],"zones":[33328,33330,170697,11755,1628],"pointsPerHour":0,"points":613,"blocktime":645,"taken":7,"name":"Neomi.D","totalPoints":812,"rank":3,"id":375555,"place":7469,"uniqueZonesTaken":7,"region":{"name":"Gotland","id":138}}},{"medal":93,"time":"2023-05-22T07:13:20+0000","type":"medal","user":{"country":"se","medals":[93],"zones":[93756],"pointsPerHour":0,"points":265,"blocktime":615,"taken":2,"name":"Miralice","totalPoints":265,"rank":1,"id":394971,"place":7469,"uniqueZonesTaken":2,"region":{"name":"Gotland","id":138}}},{"medal":80,"time":"2023-05-22T07:10:55+0000","type":"medal","user":{"country":"se","medals":[80,84],"zones":[1060,54902,20375,3214,9582],"pointsPerHour":0,"points":470,"blocktime":630,"taken":5,"name":"Emiliaasta","totalPoints":470,"rank":2,"id":394955,"place":7468,"uniqueZonesTaken":5,"region":{"name":"Södermanland","id":140}}},{"medal":84,"time":"2023-05-22T07:10:55+0000","type":"medal","user":{"country":"se","medals":[80,84],"zones":[1060,54902,20375,3214,9582],"pointsPerHour":0,"points":470,"blocktime":630,"taken":5,"name":"Emiliaasta","totalPoints":470,"rank":2,"id":394955,"place":7468,"uniqueZonesTaken":5,"region":{"name":"Södermanland","id":140}}},{"medal":80,"time":"2023-05-22T07:10:21+0000","type":"medal","user":{"country":"se","medals":[80,84],"zones":[481382,476436,15091,512799,155448],"pointsPerHour":0,"points":733,"blocktime":645,"taken":5,"name":"rafael1","totalPoints":733,"rank":3,"id":394887,"place":7467,"uniqueZonesTaken":5,"region":{"name":"Stockholm","id":141}}},{"medal":84,"time":"2023-05-22T07:10:21+0000","type":"medal","user":{"country":"se","medals":[80,84],"zones":[481382,476436,15091,512799,155448],"pointsPerHour":0,"points":733,"blocktime":645,"taken":5,"name":"rafael1","totalPoints":733,"rank":3,"id":394887,"place":7467,"uniqueZonesTaken":5,"region":{"name":"Stockholm","id":141}}},{"medal":51,"time":"2023-05-22T07:07:09+0000","type":"medal","user":{"country":"se","medals":[92,32,51],"zones":[29537,154375,135819,139080,154376,64429,7309,64430,90222,25359],"pointsPerHour":0,"points":8280,"blocktime":825,"taken":173,"name":"vildas","totalPoints":45645,"rank":15,"id":385910,"place":7463,"uniqueZonesTaken":23,"region":{"name":"Stockholm","id":141}}}]