[{"medal":80,"time":"2023-05-22T16:50:05+0000","type":"medal","user":{"country":"se","medals":[93,84,80],"zones":[2934,2935,136346,36856,115067],"pointsPerHour":0,"points":1016,"blocktime":645,"taken":9,"name":"vifr1","totalPoints":1016,"rank":3,"id":394388,"place":7608,"uniqueZonesTaken":9,"region":{"name":"Östergötland","id":139}}},{"medal":80,"time":"2023-05-22T16:49:59+0000","type":"medal","user":{"country":"se","medals":[93,84,80],"zones":[492774,468725,92216,85005,105004],"pointsPerHour":0,"points":1784,"blocktime":660,"taken":9,"name":"ÄnSusarSkogen","totalPoints":1784,"rank":4,"id":394835,"place":7608,"uniqueZonesTaken":9,"region":{"name":"Skåne","id":135}}},{"medal":84,"time":"2023-05-22T16:37:10+0000","type":"medal","user":{"country":"se","medals":[93,84],"zones":[22167,136346,223801],"pointsPerHour":0,"points":587,"blocktime":630,"taken":5,"name":"vifr1","totalPoints":587,"rank":2,"id":394388,"place":7599,"uniqueZonesTaken":5,"region":{"name":"Östergötland","id":139}}}]