[{"medal":32,"time":"2023-05-23T11:06:56+0000","type":"medal","user":{"country":"se","medals":[51,67,32,11],"zones":[571594,564427,154807,28152,98138],"pointsPerHour":0,"points":1700,"blocktime":780,"taken":100,"name":"Charmeuren","totalPoints":23982,"rank":12,"id":129027,"place":7747,"uniqueZonesTaken":50,"region":{"name":"Stockholm","id":141}}},{"medal":11,"time":"2023-05-23T11:06:56+0000","type":"medal","user":{"country":"se","medals":[51,67,32,11],"zones":[571594,564427,154807,28152,98138],"pointsPerHour":0,"points":1700,"blocktime":780,"taken":100,"name":"Charmeuren","totalPoints":23982,"rank":12,"id":129027,"place":7747,"uniqueZonesTaken":50,"region":{"name":"Stockholm","id":141}}},{"medal":95,"time":"2023-05-23T10:44:18+0000","type":"medal","user":{"country":"se","medals":[95],"zones":[20158],"pointsPerHour":0,"points":160,"blocktime":600,"taken":2,"name":"David_Lundmark","totalPoints":160,"rank":0,"id":395409,"place":7741,"uniqueZonesTaken":2,"region":{"name":"Örebro","id":131}}}]