[{"medal":86,"time":"2023-05-22T17:25:29+0000","type":"medal","user":{"country":"se","medals":[51,92,93,86],"zones":[394276,1094,203540],"pointsPerHour":0,"points":8462,"blocktime":720,"taken":50,"name":"Portis","totalPoints":8462,"rank":8,"id":393438,"place":7613,"uniqueZonesTaken":24,"region":{"name":"Uppsala","id":142}}},{"medal":51,"time":"2023-05-22T17:17:46+0000","type":"medal","user":{"country":"se","medals":[51,85],"zones":[171570,18352,12338,486724,141477,12330,12332,136236,12334,26687],"pointsPerHour":0,"points":1722,"blocktime":660,"taken":10,"name":"KeepRagingG","totalPoints":1722,"rank":4,"id":395179,"place":7612,"uniqueZonesTaken":10,"region":{"name":"Värmland","id":130}}},{"medal":85,"time":"2023-05-22T17:17:46+0000","type":"medal","user":{"country":"se","medals":[51,85],"zones":[171570,18352,12338,486724,141477,12330,12332,136236,12334,26687],"pointsPerHour":0,"points":1722,"blocktime":660,"taken":10,"name":"KeepRagingG","totalPoints":1722,"rank":4,"id":395179,"place":7612,"uniqueZonesTaken":10,"region":{"name":"Värmland","id":130}}}]