[{"medal":122,"time":"2023-05-23T11:16:08+0000","type":"medal","user":{"country":"se","medals":[94,47,78,57,16,13,34,127,28,6,122],"zones":[96773,25861,96775,206857,113421,517643,84877,84876,37774,154636,154641,350226,37784,37787,139678,514074,285,25757,224796,25761,432175,511022,7730,308,309,310,311,313,64314,565683,139070,136127,64320,37829,155332,96071,37832,82381,37841,29532,222174,555222,319843,134632,196975,490472,7664,2418,2421,2423,57079,57081,221310,29439],"pointsPerHour":0,"points":150990,"blocktime":1050,"taken":1532,"name":"Tur-fan58","totalPoints":324399,"rank":30,"id":387560,"place":7750,"uniqueZonesTaken":323,"region":{"name":"Stockholm","id":141}}},{"sender":{"country":"se","medals":[4,28,47,55,16,5,67,21,27,7,79,77,126,95,128,117,103,15,122,41],"zones":[481954,22489],"pointsPerHour":11,"points":42686,"blocktime":1335,"taken":25236,"name":"raz","totalPoints":4664327,"rank":49,"id":2949,"place":1137,"uniqueZonesTaken":1141,"region":{"name":"Örebro","id":131}},"time":"2023-05-23T11:15:00+0000","message":"Kaptenzon: vart ska du?","region":{"name":"Örebro","id":131},"type":"chat"},{"medal":80,"time":"2023-05-23T11:14:40+0000","type":"medal","user":{"country":"se","medals":[84,80],"zones":[169299,95012,51670,84667,141724],"pointsPerHour":0,"points":1246,"blocktime":660,"taken":8,"name":"Fellagan","totalPoints":1246,"rank":4,"id":395146,"place":7750,"uniqueZonesTaken":7,"region":{"name":"Västerbotten","id":127}}},{"medal":32,"time":"2023-05-23T11:06:56+0000","type":"medal","user":{"country":"se","medals":[51,67,32,11],"zones":[571594,564427,154807,28152,98138],"pointsPerHour":0,"points":1700,"blocktime":780,"taken":100,"name":"Charmeuren","totalPoints":23982,"rank":12,"id":129027,"place":7747,"uniqueZonesTaken":50,"region":{"name":"Stockholm","id":141}}},{"medal":11,"time":"2023-05-23T11:06:56+0000","type":"medal","user":{"country":"se","medals":[51,67,32,11],"zones":[571594,564427,154807,28152,98138],"pointsPerHour":0,"points":1700,"blocktime":780,"taken":100,"name":"Charmeuren","totalPoints":23982,"rank":12,"id":129027,"place":7747,"uniqueZonesTaken":50,"region":{"name":"Stockholm","id":141}}}]