[{"medal":80,"time":"2023-05-23T11:54:00+0000","type":"medal","user":{"country":"se","medals":[80,84],"zones":[233584,92694,116009,164831,139308],"pointsPerHour":0,"points":776,"blocktime":645,"taken":5,"name":"Pengaper","totalPoints":776,"rank":3,"id":395463,"place":7762,"uniqueZonesTaken":5,"region":{"name":"Stockholm","id":141}}},{"medal":84,"time":"2023-05-23T11:54:00+0000","type":"medal","user":{"country":"se","medals":[80,84],"zones":[233584,92694,116009,164831,139308],"pointsPerHour":0,"points":776,"blocktime":645,"taken":5,"name":"Pengaper","totalPoints":776,"rank":3,"id":395463,"place":7762,"uniqueZonesTaken":5,"region":{"name":"Stockholm","id":141}}},{"medal":84,"time":"2023-05-23T11:52:39+0000","type":"medal","user":{"country":"se","medals":[93,84],"zones":[22224,22740,215,33099],"pointsPerHour":0,"points":432,"blocktime":630,"taken":5,"name":"oliboli","totalPoints":432,"rank":2,"id":395428,"place":7762,"uniqueZonesTaken":4,"region":{"name":"Stockholm","id":141}}},{"medal":84,"time":"2023-05-23T11:51:42+0000","type":"medal","user":{"country":"se","medals":[84],"zones":[11233,200113,45218,24093],"pointsPerHour":0,"points":584,"blocktime":630,"taken":5,"name":"elvirabäst","totalPoints":584,"rank":2,"id":395425,"place":7762,"uniqueZonesTaken":5,"region":{"name":"Stockholm","id":141}}}]