[{"medal":85,"time":"2023-05-22T13:53:12+0000","type":"medal","user":{"country":"se","medals":[85],"zones":[34661,433356,433357,25999],"pointsPerHour":0,"points":1816,"blocktime":660,"taken":10,"name":"Naturräkan","totalPoints":1816,"rank":4,"id":394797,"place":7580,"uniqueZonesTaken":7,"region":{"name":"Örebro","id":131}}},{"medal":84,"time":"2023-05-22T13:50:55+0000","type":"medal","user":{"country":"se","medals":[94,84],"zones":[9622],"pointsPerHour":0,"points":780,"blocktime":645,"taken":5,"name":"leahbarmano","totalPoints":780,"rank":3,"id":394562,"place":7580,"uniqueZonesTaken":5,"region":{"name":"Jönköping","id":133}}},{"medal":39,"time":"2023-05-22T13:46:18+0000","type":"medal","user":{"country":"fi","medals":[95,126,28,55,13,5,16,128,79,47,105,7,39],"zones":[8192,66119,21705,358543,33610,152979,152980,512336,406370,590445,406371,83559,324451,404908,177768,404909,177769,178473,324456,119469,343092,64819,53620,479282,53623,177982,53630],"pointsPerHour":0,"points":57383,"blocktime":1260,"taken":15000,"name":"Klimke","totalPoints":2533269,"rank":44,"id":147275,"place":7580,"uniqueZonesTaken":412,"region":{"name":"Åland","id":177}}}]