[{"medal":51,"time":"2021-06-13T08:23:01+0000","type":"medal","user":{"country":"se","medals":[85,93,51],"zones":[28722,43698,171649,43699,99861,8005,12501,152971,11579,159513],"pointsPerHour":0,"points":3051,"blocktime":675,"taken":13,"name":"WilleL","totalPoints":3051,"rank":5,"id":322304,"place":11676,"uniqueZonesTaken":13,"region":{"name":"Värmland","id":130}}},{"sender":{"country":"se","medals":[27,16,67,43,24,70,4,48,72,22,7,77,68,79,24,24,83,113,24,17,116,24,17,24,82,24,24,126,124,50,118,105,24],"zones":[166218,166219,166221,81872,101975,101974,41815,170778,168220,168221,23903,21857,21858,21860,11494,83561,26090,26091,11180,25329,43508,82356,172926,175231,172927],"pointsPerHour":124,"points":30082,"blocktime":1455,"taken":78333,"name":"ZoneBanger","totalPoints":14281669,"rank":57,"id":144163,"place":681,"uniqueZonesTaken":2510,"region":{"name":"Västerbotten","id":127}},"time":"2021-06-13T08:22:52+0000","message":"Stort tack till de som på olika sätt gjorde Turf VB Midnight Classic till ett bra event. Många zoner och Tyst minut  kl 00.00 för lisha63. 👏","region":{"name":"Västerbotten","id":127},"type":"chat"},{"medal":80,"time":"2021-06-13T08:16:02+0000","type":"medal","user":{"country":"se","medals":[94,84,80],"zones":[138643,61457,61458,23301,81134],"pointsPerHour":0,"points":980,"blocktime":645,"taken":6,"name":"Sc0rp1on","totalPoints":980,"rank":3,"id":334422,"place":6233,"uniqueZonesTaken":6,"region":{"name":"Dalarna","id":129}}}]