[{"medal":51,"time":"2021-06-13T16:06:08+0000","type":"medal","user":{"country":"se","medals":[93,85,51],"zones":[7904,24145,22389,7897,204617,7898,33899,50908,7900,50909],"pointsPerHour":0,"points":1427,"blocktime":675,"taken":13,"name":"doyoueventurf?","totalPoints":2371,"rank":5,"id":287886,"place":6344,"uniqueZonesTaken":13,"region":{"name":"Norrbotten","id":126}}},{"medal":92,"time":"2021-06-13T16:02:25+0000","type":"medal","user":{"country":"gb","medals":[85,51,92],"zones":[396970,27471,397001,27472,397015,396983,27473,396980,396981,395573,396978,396977,397016],"pointsPerHour":0,"points":3415,"blocktime":675,"taken":18,"name":"Andy14","totalPoints":3415,"rank":5,"id":334234,"place":6343,"uniqueZonesTaken":15,"region":{"name":"South East England","id":205}}}]