[{"sender":{"country":"se","medals":[70,4,95,24,99,79,7,24,22,67,24,16,126,83,15,123,77,108,72,59,75,37,24],"zones":[207507],"pointsPerHour":2,"points":81939,"blocktime":1200,"taken":9512,"name":"L@rry","totalPoints":1413984,"rank":40,"id":230299,"place":88,"uniqueZonesTaken":2070,"region":{"name":"Stockholm","id":141}},"time":"2021-06-12T22:51:41+0000","message":"NisseNasse: Tack för support! Cialar va helt slut efter den här dagen. Nu blir det sova och nya tag imorgon! 👍","region":{"name":"Stockholm","id":141},"type":"chat"},{"sender":{"country":"se","medals":[16,67,17,70,4,27,24,15,44,72,77,79,83,24,48,112,21,66,117,103,17,116,58,24,118,123,126],"zones":[37232,28373,229,230,297,204,15357],"pointsPerHour":55,"points":44848,"blocktime":1455,"taken":90515,"name":"NisseNasse","totalPoints":13561172,"rank":57,"id":54085,"place":345,"uniqueZonesTaken":2135,"region":{"name":"Stockholm","id":141}},"time":"2021-06-12T22:12:37+0000","message":"Cialar: Heja, heja! Men tur du har L@rry med dig nu.","region":{"name":"Stockholm","id":141},"type":"chat"}]