[{"sender":{"country":"se","medals":[16,67,24,70,77,24,79,4,24,83,24,62,17,116,57,48,117,24,72,24,24,17,107,27,66,50,123,24,88,126,21,24],"zones":[22215,139401,109072,12243,193877,354002,114266,139036,139037,138973,1056,13665,97826,13668,151268,43177,97839,50160,138419,50161,50162,114805,27957,24252],"pointsPerHour":138,"points":30930,"blocktime":1410,"taken":49336,"name":"Gofika","totalPoints":8198700,"rank":54,"id":156402,"place":798,"uniqueZonesTaken":2999,"region":{"name":"Stockholm","id":141}},"time":"2021-06-14T08:44:36+0000","message":"Larsovegus: GustafsSlott är väl värt ett besök!","region":{"name":"Stockholm","id":141},"type":"chat"},{"medal":84,"time":"2021-06-14T08:44:15+0000","type":"medal","user":{"country":"uk","medals":[84],"zones":[358260],"pointsPerHour":0,"points":170,"blocktime":645,"taken":5,"name":"bestdancecrazy","totalPoints":944,"rank":3,"id":329477,"place":6443,"uniqueZonesTaken":3,"region":{"name":"Scotland","id":200}}}]