[{"medal":80,"time":"2022-12-26T21:42:40+0000","type":"medal","user":{"country":"se","medals":[80,84],"zones":[517618,24024,26872,27145,6062],"pointsPerHour":0,"points":762,"blocktime":645,"taken":5,"name":"Lillbrorsan","totalPoints":762,"rank":3,"id":384718,"place":5687,"uniqueZonesTaken":5,"region":{"name":"Kronoberg","id":147}}},{"medal":84,"time":"2022-12-26T21:42:40+0000","type":"medal","user":{"country":"se","medals":[80,84],"zones":[517618,24024,26872,27145,6062],"pointsPerHour":0,"points":762,"blocktime":645,"taken":5,"name":"Lillbrorsan","totalPoints":762,"rank":3,"id":384718,"place":5687,"uniqueZonesTaken":5,"region":{"name":"Kronoberg","id":147}}}]