[{"medal":42,"time":"2022-12-26T10:35:23+0000","type":"medal","user":{"country":"se","medals":[94,10,100,53,12,46,42],"zones":[28209,45650,285056,44340,285057,45653,479202,481935,62285],"pointsPerHour":0,"points":38136,"blocktime":825,"taken":250,"name":"Jer333","totalPoints":53583,"rank":15,"id":383967,"place":5644,"uniqueZonesTaken":108,"region":{"name":"Blekinge","id":136}}},{"medal":11,"time":"2022-12-26T10:30:46+0000","type":"medal","user":{"country":"se","medals":[52,86,46,11],"zones":[30337,63009,21538,181192,235,8237,14606,115,1622,139066,38236,38239,126590],"pointsPerHour":0,"points":8210,"blocktime":720,"taken":54,"name":"pavementchaser","totalPoints":8210,"rank":8,"id":384675,"place":5644,"uniqueZonesTaken":50,"region":{"name":"Stockholm","id":141}}},{"medal":14,"time":"2022-12-26T10:29:53+0000","type":"medal","user":{"country":"se","medals":[47,5,28,16,67,9,77,79,24,57,17,104,114,17,4,40,126,7,127,14],"zones":[7287,48251,48252,48254],"pointsPerHour":0,"points":2154,"blocktime":1290,"taken":21310,"name":"laynus","totalPoints":3041711,"rank":46,"id":74713,"place":5644,"uniqueZonesTaken":500,"region":{"name":"Uppsala","id":142}}}]