[{"medal":151,"time":"2023-10-02T08:13:19+0000","type":"medal","user":{"country":"se","medals":[22,5,16,27,9,47,67,68,68,28,70,4,26,79,77,68,91,24,74,117,17,116,60,126,124,119,130,110,151],"zones":[49792,49793,446727,49794,319232,23879,446732,588056,605019,489491,488083,3035,154015,488857,3038,21600,3041,154017,316514,223209,44269,44270,44271,44272,64752,94195,32051],"pointsPerHour":0,"points":10125,"blocktime":24,"taken":124451,"name":"edeby","totalPoints":31693485,"rank":59,"id":21042,"place":3505,"uniqueZonesTaken":7426,"region":{"name":"Uppsala","id":142}}},{"sender":{"country":"se","medals":[67,46,79,126,4,117,95,14,6,16,122,55,77,28,131,104,40],"zones":[7584,37410,37411,464879,322775,91698,114901,502448,22204,37404,75037,37405,55231],"pointsPerHour":64,"points":6606,"blocktime":21,"taken":23493,"name":"mummis","totalPoints":3518335,"rank":47,"id":229432,"place":566,"uniqueZonesTaken":811,"region":{"name":"Stockholm","id":141}},"time":"2023-10-02T08:13:19+0000","message":"norpas: såg att 👻 härjar runt","region":{"name":"Stockholm","id":141},"type":"chat"},{"medal":93,"time":"2023-10-02T08:13:01+0000","type":"medal","user":{"country":"se","medals":[93],"zones":[],"pointsPerHour":0,"points":205,"blocktime":10,"taken":1,"name":"idriss","totalPoints":205,"rank":1,"id":411895,"place":3505,"uniqueZonesTaken":1,"region":{"name":"Västra Götaland","id":132}}},{"medal":84,"time":"2023-10-02T08:12:49+0000","type":"medal","user":{"country":"se","medals":[80,84],"zones":[21744,34001,12470,21742,7871],"pointsPerHour":0,"points":777,"blocktime":10,"taken":5,"name":"twix123","totalPoints":777,"rank":3,"id":411888,"place":3503,"uniqueZonesTaken":5,"region":{"name":"Jönköping","id":133}}},{"medal":80,"time":"2023-10-02T08:12:49+0000","type":"medal","user":{"country":"se","medals":[80,84],"zones":[21744,34001,12470,21742,7871],"pointsPerHour":0,"points":777,"blocktime":10,"taken":5,"name":"twix123","totalPoints":777,"rank":3,"id":411888,"place":3503,"uniqueZonesTaken":5,"region":{"name":"Jönköping","id":133}}},{"sender":{"country":"se","medals":[16,117,94,10,47,79,131,56,15,103,123,37],"zones":[7585,7588,315545,7295],"pointsPerHour":26,"points":821,"blocktime":20,"taken":7602,"name":"norpas","totalPoints":1392739,"rank":40,"id":383655,"place":2237,"uniqueZonesTaken":1154,"region":{"name":"Stockholm","id":141}},"time":"2023-10-02T08:11:58+0000","message":"mummis: Godmorgon. Tack så mycket. Mötte 👻 förut. 😄","region":{"name":"Stockholm","id":141},"type":"chat"},{"sender":{"country":"se","medals":[67,46,79,126,4,117,95,14,6,16,122,55,77,28,131,104,40],"zones":[7584,37410,37411,464879,322775,91698,114901,502448,22204,37404,75037,37405,55231],"pointsPerHour":64,"points":6602,"blocktime":21,"taken":23493,"name":"mummis","totalPoints":3518331,"rank":47,"id":229432,"place":566,"uniqueZonesTaken":811,"region":{"name":"Stockholm","id":141}},"time":"2023-10-02T08:09:30+0000","message":"norpas:  Godmorgon grattis till uppflyttning till femman 😃","region":{"name":"Stockholm","id":141},"type":"chat"},{"medal":151,"time":"2023-10-02T08:07:34+0000","type":"medal","user":{"country":"de","medals":[79,4,16,100,117,126,47,77,27,30,60,74,22,124,91,125,132,87,72,94,151],"zones":[382020,165248,165249,565645,565646,493391,565635,565636,414155,387285,318940,318941,387807,103645,103644,414119,44450,318944,318945,409187,387808,318957,14250,396524,318958,604967,318955,499959,612923,612922,550395,550396,389361,550397,45178,565876,492795,492794,565622,318970],"pointsPerHour":0,"points":10117,"blocktime":23,"taken":36383,"name":"King_RAH","totalPoints":9557323,"rank":55,"id":170508,"place":3493,"uniqueZonesTaken":6786,"region":{"name":"Berlin","id":440}}}]