[{"medal":104,"time":"2023-10-03T16:54:57+0000","type":"medal","user":{"country":"se","medals":[79,28,47,13,122,128,94,35,57,104],"zones":[42689,51667,2891,1005],"pointsPerHour":0,"points":3489,"blocktime":17,"taken":3138,"name":"Turis_","totalPoints":347968,"rank":30,"id":401039,"place":4673,"uniqueZonesTaken":320,"region":{"name":"Västerbotten","id":127}}},{"medal":66,"time":"2023-10-03T16:54:39+0000","type":"medal","user":{"country":"is","medals":[78,16,46,28,54,64,130,94,14,103,37,66],"zones":[61153,13763,14195,136033,13342,14094,13439],"pointsPerHour":0,"points":1878,"blocktime":20,"taken":9429,"name":"Baddis","totalPoints":1975073,"rank":42,"id":253630,"place":4673,"uniqueZonesTaken":599,"region":{"name":"Reykjavík","id":192}}},{"medal":151,"time":"2023-10-03T16:53:59+0000","type":"medal","user":{"country":"se","medals":[79,77,16,47,7,56,28,27,70,126,117,5,128,14,101,24,94,41,151],"zones":[525213,2251],"pointsPerHour":0,"points":10070,"blocktime":22,"taken":25106,"name":"Jonas_L","totalPoints":5789655,"rank":51,"id":202630,"place":4673,"uniqueZonesTaken":972,"region":{"name":"Västmanland","id":143}}},{"sender":{"country":"se","medals":[70,67,24,16,72,83,22,77,79,24,17,116,4,24,58,24,75,124,126,24,91,49,17,24,17,109,26,118,132,24,17,74,151],"zones":[56130,94789,33478,18310,78534,44295,17736,7754,31434,413197,63693,9550,7758,7759,34130,17554,426322,63710,549,24165,486,24166,47657,31977,492,13620,115380,5624,5625,138171,115962,24187],"pointsPerHour":238,"points":15845,"blocktime":24,"taken":93652,"name":"ami68","totalPoints":12501302,"rank":56,"id":167440,"place":436,"uniqueZonesTaken":5133,"region":{"name":"Västmanland","id":143}},"time":"2023-10-03T16:53:56+0000","message":"Awonzap: Grattis t kronan 💪","region":{"name":"Västmanland","id":143},"type":"chat"},{"medal":151,"time":"2023-10-03T16:51:31+0000","type":"medal","user":{"country":"se","medals":[16,9,27,43,22,4,67,68,68,68,70,68,48,58,68,68,68,72,68,77,79,68,68,68,83,68,6,13,68,68,68,68,68,126,89,127,151],"zones":[21729,32018,31394,31395,26279,47672,21725,21726],"pointsPerHour":0,"points":11123,"blocktime":24,"taken":50968,"name":"HaraldTH","totalPoints":12513739,"rank":56,"id":23712,"place":4673,"uniqueZonesTaken":337,"region":{"name":"Blekinge","id":136}}}]