[{"medal":85,"time":"2021-09-29T08:48:40+0000","type":"medal","user":{"country":"se","medals":[94,80,85],"zones":[20160,23872,11204,54900,54901,11414,198857,96751,5439],"pointsPerHour":0,"points":1326,"blocktime":11,"taken":10,"name":"AntonNA21","totalPoints":1326,"rank":4,"id":347482,"place":9715,"uniqueZonesTaken":10,"region":{"name":"Södermanland","id":140}}},{"medal":84,"time":"2021-09-29T08:47:16+0000","type":"medal","user":{"country":"se","medals":[80,84],"zones":[592,771,44421,11431,56014],"pointsPerHour":0,"points":792,"blocktime":10,"taken":5,"name":"lär3a","totalPoints":792,"rank":3,"id":347491,"place":9715,"uniqueZonesTaken":5,"region":{"name":"Jönköping","id":133}}},{"medal":80,"time":"2021-09-29T08:47:16+0000","type":"medal","user":{"country":"se","medals":[80,84],"zones":[592,771,44421,11431,56014],"pointsPerHour":0,"points":792,"blocktime":10,"taken":5,"name":"lär3a","totalPoints":792,"rank":3,"id":347491,"place":9715,"uniqueZonesTaken":5,"region":{"name":"Jönköping","id":133}}},{"medal":77,"time":"2021-09-29T08:46:37+0000","type":"medal","user":{"country":"se","medals":[93,100,32,70,12,55,77],"zones":[139014,222103,222102,18202,795,8091,429853,18205,79521,154787,675,51620,154788,24364,204847,24365,24366,24367,24368,24369,29235,4533,227382,203717,95305,11215,11984,240595,11985,64724,430302,345,64730,64731,178401,299233,117478,117480,190312,64109,4718,367,4722,6645,1143,344317,317564,138111,360954],"pointsPerHour":0,"points":47818,"blocktime":13,"taken":226,"name":"springKH","totalPoints":47818,"rank":15,"id":342990,"place":9715,"uniqueZonesTaken":110,"region":{"name":"Västernorrland","id":145}}},{"medal":93,"time":"2021-09-29T08:44:32+0000","type":"medal","user":{"country":"se","medals":[93],"zones":[7890],"pointsPerHour":0,"points":250,"blocktime":10,"taken":2,"name":"AWN","totalPoints":250,"rank":1,"id":347490,"place":9715,"uniqueZonesTaken":2,"region":{"name":"Jönköping","id":133}}}]