[{"sender":{"country":"se","medals":[94,28,55,7,14,4,5,35,70,67,122,47,16,77,106,79,127],"zones":[96337,56803],"pointsPerHour":2,"points":73929,"blocktime":18,"taken":3996,"name":"IrenePanik","totalPoints":677444,"rank":35,"id":292165,"place":945,"uniqueZonesTaken":725,"region":{"name":"Östergötland","id":139}},"time":"2021-09-28T16:18:41+0000","message":"Bra kämpat av er andra! 💪","region":{"name":"Östergötland","id":139},"type":"chat"},{"sender":{"country":"se","medals":[94,28,55,7,14,4,5,35,70,67,122,47,16,77,106,79,127],"zones":[96337,56803],"pointsPerHour":2,"points":73929,"blocktime":18,"taken":3996,"name":"IrenePanik","totalPoints":677444,"rank":35,"id":292165,"place":945,"uniqueZonesTaken":725,"region":{"name":"Östergötland","id":139}},"time":"2021-09-28T16:18:10+0000","message":"Försökte hänga med lite genom att bla satsa på unika , men blev mest en stress.  😣","region":{"name":"Östergötland","id":139},"type":"chat"},{"sender":{"country":"se","medals":[94,28,55,7,14,4,5,35,70,67,122,47,16,77,106,79,127],"zones":[96337,56803],"pointsPerHour":2,"points":73928,"blocktime":18,"taken":3996,"name":"IrenePanik","totalPoints":677444,"rank":35,"id":292165,"place":945,"uniqueZonesTaken":725,"region":{"name":"Östergötland","id":139}},"time":"2021-09-28T16:16:53+0000","message":"Jag är ledsen att jag inte bidrar nåt till kampen, men jag hinner verkligen inte med turf nu. Är mitt uppe i flytt\u2026.","region":{"name":"Östergötland","id":139},"type":"chat"},{"medal":104,"time":"2021-09-28T16:14:23+0000","type":"medal","user":{"country":"se","medals":[52,46,79,6,13,33,127,95,77,28,104],"zones":[140706,21344,411783,11809,12449,115267,115266,21445,55846,115057,115056,186358,109653,11805,11485,11486,9342,45663],"pointsPerHour":0,"points":64796,"blocktime":15,"taken":873,"name":"Sporttejp","totalPoints":131376,"rank":22,"id":337047,"place":9659,"uniqueZonesTaken":352,"region":{"name":"Västra Götaland","id":132}}},{"sender":{"country":"se","medals":[46,126,16,55,95,103,37,5,14,127,67,122],"zones":[94981,203558,92100,69348,76647,28168,1578,138409,91982,150253,23313,23570,78451,23572,92085,58230,25370,29564,1213,28157,62462,138045],"pointsPerHour":74,"points":99016,"blocktime":20,"taken":8262,"name":"JimmyAIK","totalPoints":1373525,"rank":40,"id":267637,"place":668,"uniqueZonesTaken":566,"region":{"name":"Stockholm","id":141}},"time":"2021-09-28T16:13:39+0000","message":"Mimikryp: ska du sno alla mina nu? :p","region":{"name":"Stockholm","id":141},"type":"chat"}]