[{"medal":84,"time":"2021-09-29T06:22:59+0000","type":"medal","user":{"country":"se","medals":[94,96,84],"zones":[78714],"pointsPerHour":0,"points":722,"blocktime":10,"taken":7,"name":"vuxenleksaker","totalPoints":722,"rank":3,"id":344817,"place":9673,"uniqueZonesTaken":5,"region":{"name":"Stockholm","id":141}}},{"medal":84,"time":"2021-09-29T06:21:12+0000","type":"medal","user":{"country":"se","medals":[93,84],"zones":[109664,141498],"pointsPerHour":0,"points":286,"blocktime":10,"taken":5,"name":"Josef2","totalPoints":589,"rank":2,"id":339255,"place":9673,"uniqueZonesTaken":5,"region":{"name":"Västra Götaland","id":132}}},{"sender":{"country":"se","medals":[93,12,52,33,100,127],"zones":[78289,2416,57074,78290,21894,46889],"pointsPerHour":22,"points":26610,"blocktime":15,"taken":838,"name":"sofo-pete","totalPoints":101548,"rank":20,"id":335280,"place":2194,"uniqueZonesTaken":120,"region":{"name":"Stockholm","id":141}},"time":"2021-09-29T06:16:14+0000","message":"AnnSch:","region":{"name":"Stockholm","id":141},"type":"chat"}]