[{"medal":6,"time":"2023-08-28T12:30:36+0000","type":"medal","user":{"country":"se","medals":[94,16,47,28,71,105,130,56,13,70,22,5,37,6],"zones":[425382,24816,24817,54899,115205,2516,11413,116660,54901,408528,198857],"pointsPerHour":0,"points":121280,"blocktime":20,"taken":8484,"name":"Happy53","totalPoints":1440279,"rank":40,"id":372750,"place":7914,"uniqueZonesTaken":366,"region":{"name":"Örebro","id":131}}},{"sender":{"country":"se","medals":[67,16,57,4,24,22,27,70,48,24,17,77,28,83,24,17,116,117,79,17,126,122,24,106,50,24,66,17,88,132],"zones":[114065,61968,7012,222182,42903,489487,489486,516126,22714,115439,218012],"pointsPerHour":34,"points":48093,"blocktime":23,"taken":40918,"name":"Veronicafe","totalPoints":8600519,"rank":54,"id":117091,"place":1342,"uniqueZonesTaken":2771,"region":{"name":"Stockholm","id":141}},"time":"2023-08-28T12:30:07+0000","message":"Granbrott: Regionskampen?","region":{"name":"Stockholm","id":141},"type":"chat"},{"medal":80,"time":"2023-08-28T12:28:47+0000","type":"medal","user":{"country":"se","medals":[84,80],"zones":[44720,44721,5106,315399,18597],"pointsPerHour":0,"points":841,"blocktime":10,"taken":6,"name":"Melitia","totalPoints":841,"rank":3,"id":402214,"place":7914,"uniqueZonesTaken":5,"region":{"name":"Värmland","id":130}}},{"medal":84,"time":"2023-08-28T12:26:52+0000","type":"medal","user":{"country":"se","medals":[84],"zones":[44720,44721,5106,18597],"pointsPerHour":0,"points":731,"blocktime":10,"taken":5,"name":"Melitia","totalPoints":731,"rank":3,"id":402214,"place":7914,"uniqueZonesTaken":4,"region":{"name":"Värmland","id":130}}},{"sender":{"country":"se","medals":[9,16,47,57,24,67,17,4,27,17,70,21,77,79,72,24,117,24,7,17,116,24,24,24,24,126,24,123,24,17,130,74,24,17,83,24,89,24,109,17],"zones":[52097,20818,12514,24339,18920],"pointsPerHour":14,"points":35136,"blocktime":23,"taken":52942,"name":"ReggaeHasse","totalPoints":9702352,"rank":55,"id":27507,"place":1748,"uniqueZonesTaken":6332,"region":{"name":"Stockholm","id":141}},"time":"2023-08-28T12:23:26+0000","message":"peterspirea: beror nog på att det är längre norrut","region":{"name":"Stockholm","id":141},"type":"chat"}]