[{"medal":84,"time":"2023-08-29T13:07:12+0000","type":"medal","user":{"country":"se","medals":[80,84],"zones":[22224,21893,215,33099,35918],"pointsPerHour":0,"points":495,"blocktime":10,"taken":5,"name":"blåbanan","totalPoints":495,"rank":2,"id":402752,"place":8009,"uniqueZonesTaken":5,"region":{"name":"Stockholm","id":141}}},{"medal":80,"time":"2023-08-29T13:07:12+0000","type":"medal","user":{"country":"se","medals":[80,84],"zones":[22224,21893,215,33099,35918],"pointsPerHour":0,"points":495,"blocktime":10,"taken":5,"name":"blåbanan","totalPoints":495,"rank":2,"id":402752,"place":8009,"uniqueZonesTaken":5,"region":{"name":"Stockholm","id":141}}},{"medal":103,"time":"2023-08-29T13:06:14+0000","type":"medal","user":{"country":"uk","medals":[129,12,10,53,78,34,95,103],"zones":[374518,381064,381034],"pointsPerHour":0,"points":30335,"blocktime":17,"taken":1546,"name":"flyingcat45","totalPoints":374697,"rank":31,"id":350741,"place":8009,"uniqueZonesTaken":204,"region":{"name":"Scotland","id":200}}},{"medal":94,"time":"2023-08-29T13:04:17+0000","type":"medal","user":{"country":"se","medals":[94],"zones":[478639,35919],"pointsPerHour":0,"points":345,"blocktime":10,"taken":3,"name":"Orcangel","totalPoints":345,"rank":1,"id":402753,"place":8009,"uniqueZonesTaken":3,"region":{"name":"Stockholm","id":141}}},{"medal":94,"time":"2023-08-29T13:04:17+0000","type":"medal","user":{"country":"se","medals":[94],"zones":[],"pointsPerHour":0,"points":345,"blocktime":10,"taken":3,"name":"Teoman1","totalPoints":345,"rank":1,"id":402755,"place":8009,"uniqueZonesTaken":3,"region":{"name":"Stockholm","id":141}}},{"medal":13,"time":"2023-08-29T13:03:25+0000","type":"medal","user":{"country":"se","medals":[10,53,93,42,7,13],"zones":[11361,28194,21827,556834,139662,1006,139661,28335,28336,24562,1365,115224,114936,114938,17915],"pointsPerHour":0,"points":9167,"blocktime":14,"taken":383,"name":"lorris","totalPoints":81707,"rank":18,"id":398235,"place":8007,"uniqueZonesTaken":250,"region":{"name":"Västerbotten","id":127}}},{"medal":85,"time":"2023-08-29T12:58:23+0000","type":"medal","user":{"country":"se","medals":[51,85],"zones":[722,47747,319408,319409,33478,319410,38247,24187,29180,555175],"pointsPerHour":0,"points":1429,"blocktime":11,"taken":10,"name":"lurkburk","totalPoints":1429,"rank":4,"id":402677,"place":8007,"uniqueZonesTaken":10,"region":{"name":"Västmanland","id":143}}},{"medal":51,"time":"2023-08-29T12:58:23+0000","type":"medal","user":{"country":"se","medals":[51,85],"zones":[722,47747,319408,319409,33478,319410,38247,24187,29180,555175],"pointsPerHour":0,"points":1429,"blocktime":11,"taken":10,"name":"lurkburk","totalPoints":1429,"rank":4,"id":402677,"place":8007,"uniqueZonesTaken":10,"region":{"name":"Västmanland","id":143}}}]