[{"sender":{"country":"se","medals":[79,77,70,67,16,6,4,103,47,27,130,122,8,96,24,83,38,72,15,58],"zones":[563211,98123,154633,114253,114255,114066,601629,413522,413521,443483,207518,59422,340519,568811,141604,178469,8423,179434,479596,107759,586296,409526,115440,8498,28150,28151,525168,525169,525170,431482],"pointsPerHour":99,"points":79778,"blocktime":21,"taken":11677,"name":"Vipervirus","totalPoints":2497467,"rank":44,"id":280276,"place":826,"uniqueZonesTaken":1128,"region":{"name":"Stockholm","id":141}},"time":"2023-08-28T13:36:52+0000","message":"AlvarHeterJag: hej hej o välkommen till turf 😁 va inte rädd att stoppa mig om du vill snacka 😅","region":{"name":"Stockholm","id":141},"type":"chat"},{"medal":93,"time":"2023-08-28T13:30:49+0000","type":"medal","user":{"country":"se","medals":[93],"zones":[],"pointsPerHour":0,"points":155,"blocktime":10,"taken":1,"name":"Noa1337","totalPoints":155,"rank":0,"id":402395,"place":7921,"uniqueZonesTaken":1,"region":{"name":"Skåne","id":135}}}]