[{"medal":14,"time":"2023-08-28T11:22:38+0000","type":"medal","user":{"country":"se","medals":[28,55,24,99,4,47,103,83,71,35,66,14],"zones":[63008,92849,322,323,230,122472,54666,14606,119214],"pointsPerHour":0,"points":38418,"blocktime":17,"taken":3604,"name":"Emilskaya","totalPoints":383670,"rank":31,"id":209355,"place":7909,"uniqueZonesTaken":500,"region":{"name":"Västerbotten","id":127}}},{"medal":31,"time":"2023-08-28T11:14:49+0000","type":"medal","user":{"country":"se","medals":[80,92,93,31],"zones":[3123,33171,451603,559009,20959],"pointsPerHour":0,"points":1515,"blocktime":11,"taken":25,"name":"juliaärbäst11","totalPoints":5035,"rank":6,"id":373560,"place":7909,"uniqueZonesTaken":19,"region":{"name":"Örebro","id":131}}}]