[{"medal":100,"time":"2023-01-03T10:08:04+0000","type":"medal","user":{"country":"uk","medals":[54,32,12,68,6,93,100],"zones":[],"pointsPerHour":0,"points":130,"blocktime":885,"taken":228,"name":"anreilly","totalPoints":93222,"rank":19,"id":353161,"place":4299,"uniqueZonesTaken":145,"region":{"name":"Scotland","id":200}}},{"sender":{"country":"se","medals":[5,70,16,28,56,47,79,7,67,98,77,15,122,126,104,130,87],"zones":[7153,97843,37705,92296,48057,37706,7150,22191],"pointsPerHour":42,"points":8975,"blocktime":1350,"taken":36841,"name":"Hyrax","totalPoints":5533730,"rank":50,"id":180515,"place":543,"uniqueZonesTaken":1605,"region":{"name":"Stockholm","id":141}},"time":"2023-01-03T10:07:58+0000","message":"TheCat: mot jobbiga backen","region":{"name":"Stockholm","id":141},"type":"chat"},{"sender":{"country":"se","medals":[16,9,4,24,67,27,17,17,70,21,77,79,24,57,117,24,24,17,116,72,24,66,24,24,24,124,126,89,24,75,24,17,131,24,17,121,83,24,110,24],"zones":[7296,12240,12241,64100,20822,8343,179509,12247,47769,1309],"pointsPerHour":43,"points":6707,"blocktime":1455,"taken":72311,"name":"TheCat","totalPoints":13171391,"rank":57,"id":35712,"place":793,"uniqueZonesTaken":10316,"region":{"name":"Stockholm","id":141}},"time":"2023-01-03T10:06:55+0000","message":"Hyrax: mot Huvudsaken? vi väntar!","region":{"name":"Stockholm","id":141},"type":"chat"},{"medal":32,"time":"2023-01-03T10:04:15+0000","type":"medal","user":{"country":"se","medals":[52,93,67,100,11,32],"zones":[111809,27681,3538,519701,95719,21514,8490,23597,24351],"pointsPerHour":0,"points":7078,"blocktime":765,"taken":101,"name":"Rydda64?","totalPoints":20974,"rank":11,"id":384752,"place":4296,"uniqueZonesTaken":50,"region":{"name":"Gävleborg","id":144}}}]