[{"sender":{"country":"se","medals":[16,67,27,21,24,17,4,30,9,68,68,70,64,68,72,24,60,75,77,79,24,83,91,17,116,117,17,126,124,74,118,104,17,130,26],"zones":[2882,8325,8326,8328,8329,14484,62997,205524,481951,33178,603,563926,97185,323879,1445,21798,21800,21801,116008,43883,23600,36721,545777,9532,6140],"pointsPerHour":120,"points":9677,"blocktime":1470,"taken":87019,"name":"Wheelstream","totalPoints":17018773,"rank":58,"id":40570,"place":669,"uniqueZonesTaken":5812,"region":{"name":"Gävleborg","id":144}},"time":"2023-01-03T19:21:32+0000","message":"Halloj Kygni: Välkommen till Gävle 😊","region":{"name":"Gävleborg","id":144},"type":"chat"},{"medal":35,"time":"2023-01-03T19:18:32+0000","type":"medal","user":{"country":"se","medals":[28,94,47,122,58,16,128,14,103,35],"zones":[496805,28460,28461,105036,28462,28463,98163,125394,98167,98166,26137,7550,44287],"pointsPerHour":0,"points":24307,"blocktime":1110,"taken":2501,"name":"magma1447","totalPoints":591363,"rank":34,"id":368985,"place":4512,"uniqueZonesTaken":698,"region":{"name":"Skåne","id":135}}},{"medal":80,"time":"2023-01-03T19:11:37+0000","type":"medal","user":{"country":"se","medals":[80,84],"zones":[514511,17912,1080,117259,34558],"pointsPerHour":0,"points":674,"blocktime":630,"taken":5,"name":"tungmetal","totalPoints":674,"rank":2,"id":384904,"place":4512,"uniqueZonesTaken":5,"region":{"name":"Skåne","id":135}}},{"medal":84,"time":"2023-01-03T19:11:37+0000","type":"medal","user":{"country":"se","medals":[80,84],"zones":[514511,17912,1080,117259,34558],"pointsPerHour":0,"points":674,"blocktime":630,"taken":5,"name":"tungmetal","totalPoints":674,"rank":2,"id":384904,"place":4512,"uniqueZonesTaken":5,"region":{"name":"Skåne","id":135}}}]