[{"medal":51,"time":"2022-05-23T16:20:12+0000","type":"medal","user":{"country":"se","medals":[92,31,51],"zones":[37090,114482,97844,3093,7158,7175,7159,7145,36428,114540],"pointsPerHour":0,"points":4679,"blocktime":690,"taken":29,"name":"Vattenme1on","totalPoints":4679,"rank":6,"id":363598,"place":8614,"uniqueZonesTaken":20,"region":{"name":"Stockholm","id":141}}},{"medal":80,"time":"2022-05-23T16:12:09+0000","type":"medal","user":{"country":"se","medals":[80,84],"zones":[160610,154119,61065,154120,61066],"pointsPerHour":0,"points":975,"blocktime":645,"taken":5,"name":"getdunkedon","totalPoints":975,"rank":3,"id":365063,"place":8614,"uniqueZonesTaken":5,"region":{"name":"Skåne","id":135}}},{"medal":84,"time":"2022-05-23T16:12:09+0000","type":"medal","user":{"country":"se","medals":[80,84],"zones":[160610,154119,61065,154120,61066],"pointsPerHour":0,"points":975,"blocktime":645,"taken":5,"name":"getdunkedon","totalPoints":975,"rank":3,"id":365063,"place":8614,"uniqueZonesTaken":5,"region":{"name":"Skåne","id":135}}}]