[{"medal":103,"time":"2023-08-07T09:20:57+0000","type":"medal","user":{"country":"se","medals":[16,6,95,47,128,4,72,57,70,35,5,13,68,103],"zones":[48736,11524,11750,593666,299370,11759,18192,66897,411573,154230,48821,48822,45149,115262],"pointsPerHour":0,"points":4079,"blocktime":18,"taken":2726,"name":"Kerille","totalPoints":547939,"rank":33,"id":397110,"place":4073,"uniqueZonesTaken":267,"region":{"name":"Gotland","id":138}}},{"sender":{"country":"se","medals":[126,22,16,79,104,7,14,57,96,122,70,72,77,36,129,48],"zones":[61189,9423,64850,139408,139409,24723,9683,570140,17749,8919,397598,518940,94109,94108,443438,31592,31785,31786,9643,484651,9644,92015,133356,7279,31600,7280,7281,9649,31607,140153],"pointsPerHour":130,"points":25668,"blocktime":19,"taken":5237,"name":"BlabJR","totalPoints":900481,"rank":37,"id":228860,"place":36,"uniqueZonesTaken":657,"region":{"name":"Dalarna","id":129}},"time":"2023-08-07T09:20:48+0000","message":"Koster.jr: fick el staminatore!","region":{"name":"Dalarna","id":129},"type":"chat"},{"medal":12,"time":"2023-08-07T09:20:44+0000","type":"medal","user":{"country":"se","medals":[93,90,101,53,32,12],"zones":[74414],"pointsPerHour":0,"points":95,"blocktime":13,"taken":126,"name":"Svik","totalPoints":27691,"rank":13,"id":399862,"place":4071,"uniqueZonesTaken":100,"region":{"name":"Kalmar","id":137}}},{"medal":40,"time":"2023-08-07T09:20:44+0000","type":"medal","user":{"country":"se","medals":[70,16,77,67,4,126,27,59,15,21,24,79,72,132,7,123,24,117,17,115,24,24,83,110,48,40],"zones":[428903,3464,475919,141582,54253,203660,101719,101718,393789,204446,155453,139645],"pointsPerHour":0,"points":10790,"blocktime":22,"taken":20006,"name":"HakSme","totalPoints":6473119,"rank":51,"id":235104,"place":4071,"uniqueZonesTaken":1471,"region":{"name":"Norrbotten","id":126}}},{"medal":48,"time":"2023-08-07T09:19:10+0000","type":"medal","user":{"country":"se","medals":[126,22,16,79,104,7,14,57,96,122,70,72,77,36,129,48],"zones":[61189,9423,64850,139408,139409,24723,9683,570140,17749,8919,397598,518940,94109,94108,443438,31592,31785,31786,9643,484651,9644,92015,133356,7279,31600,7280,7281,9649,31607,140153],"pointsPerHour":0,"points":25664,"blocktime":19,"taken":5237,"name":"BlabJR","totalPoints":900478,"rank":37,"id":228860,"place":4071,"uniqueZonesTaken":657,"region":{"name":"Dalarna","id":129}}},{"sender":{"country":"se","medals":[16,6,95,47,128,4,102,72,57,70,35,5,13,68],"zones":[48736,11524,11750,593666,299370,11759,18192,66897,411573,154230,48821,48822,45149,115262],"pointsPerHour":73,"points":3892,"blocktime":18,"taken":2725,"name":"Kerille","totalPoints":547752,"rank":33,"id":397110,"place":908,"uniqueZonesTaken":267,"region":{"name":"Gotland","id":138}},"time":"2023-08-07T09:16:21+0000","message":"Kerille: du vände?? 😅","region":{"name":"Gotland","id":138},"type":"chat"},{"medal":85,"time":"2023-08-07T09:15:49+0000","type":"medal","user":{"country":"se","medals":[93,80,85],"zones":[168787,155093,487100],"pointsPerHour":0,"points":1737,"blocktime":11,"taken":10,"name":"g_karlsson","totalPoints":1737,"rank":4,"id":400323,"place":4061,"uniqueZonesTaken":8,"region":{"name":"Jämtland","id":128}}},{"sender":{"country":"se","medals":[16,28,57,6,79,48,27,98,117,22,5,15,126,108,4,122,128,87],"zones":[33329,11522,1635,155601,583055,36759,514876,170697,299369,58285],"pointsPerHour":49,"points":3473,"blocktime":23,"taken":36363,"name":"GeileZone","totalPoints":6714510,"rank":52,"id":166716,"place":990,"uniqueZonesTaken":1397,"region":{"name":"Gotland","id":138}},"time":"2023-08-07T09:14:36+0000","message":"Kerille: ok","region":{"name":"Gotland","id":138},"type":"chat"}]