[{"sender":{"country":"se","medals":[16,4,17,27,43,21,67,24,66,72,75,58,68,77,79,70,83,117,50,103,98,122,126,119,127],"zones":[43265],"pointsPerHour":5,"points":148,"blocktime":24,"taken":111309,"name":"WikkeOWL","totalPoints":20834519,"rank":58,"id":18624,"place":3317,"uniqueZonesTaken":3408,"region":{"name":"Dalarna","id":129}},"time":"2023-08-07T11:46:44+0000","message":"Turfträff på Akropolis Borlänge On kl 18. Välkomna!","region":{"name":"Dalarna","id":129},"type":"chat"},{"medal":91,"time":"2023-08-07T11:45:02+0000","type":"medal","user":{"country":"de","medals":[4,26,79,47,57,16,24,99,126,104,70,15,36,5,28,91],"zones":[200499,403015,355686,427957,565165,565983,488959,200507,355902,356059],"pointsPerHour":0,"points":5426,"blocktime":19,"taken":5564,"name":"GurraHarry","totalPoints":1228013,"rank":39,"id":105184,"place":4226,"uniqueZonesTaken":1334,"region":{"name":"Nordrhein-Westfalen","id":445}}}]