[{"medal":53,"time":"2023-08-07T14:53:40+0000","type":"medal","user":{"country":"se","medals":[92,31,90,53],"zones":[46336,7619,21316,16900,44422,76743,44426,21194,36427,29132,44429,44433,92050,29143,44440,29017,2972,11932,355,2982,486766,2986,33451,2989,525820,41716,12469,24888,29054,8062],"pointsPerHour":0,"points":6161,"blocktime":12,"taken":39,"name":"mawrik","totalPoints":8170,"rank":8,"id":322340,"place":4441,"uniqueZonesTaken":32,"region":{"name":"Jönköping","id":133}}},{"medal":92,"time":"2023-08-07T14:53:28+0000","type":"medal","user":{"country":"se","medals":[93,80,85,92],"zones":[154614,41653,41654,145012,154613],"pointsPerHour":0,"points":3206,"blocktime":11,"taken":18,"name":"FelixOhman","totalPoints":3392,"rank":5,"id":399427,"place":4441,"uniqueZonesTaken":15,"region":{"name":"Jämtland","id":128}}},{"medal":31,"time":"2023-08-07T14:53:28+0000","type":"medal","user":{"country":"se","medals":[90,92,52,31],"zones":[7904,463110,84560,22389,516959,409260,33899,7902],"pointsPerHour":0,"points":5065,"blocktime":11,"taken":25,"name":"Jzk","totalPoints":5065,"rank":6,"id":400105,"place":4441,"uniqueZonesTaken":25,"region":{"name":"Norrbotten","id":126}}},{"medal":94,"time":"2023-08-07T14:46:06+0000","type":"medal","user":{"country":"uk","medals":[100,90,86,11,53,94],"zones":[],"pointsPerHour":0,"points":336,"blocktime":12,"taken":75,"name":"mustang1234","totalPoints":14795,"rank":9,"id":400119,"place":4433,"uniqueZonesTaken":65,"region":{"name":"Scotland","id":200}}},{"medal":94,"time":"2023-08-07T14:46:06+0000","type":"medal","user":{"country":"gb","medals":[51,85,94],"zones":[321252,342353,342352,342355,321251,342354,479023,479022,479020,344798,479019],"pointsPerHour":0,"points":2124,"blocktime":11,"taken":13,"name":"ST3V3NB3LL","totalPoints":2124,"rank":5,"id":400450,"place":4433,"uniqueZonesTaken":13,"region":{"name":"Scotland","id":200}}}]