[{"sender":{"country":"se","medals":[16,28,70,64,77,79,126,58,48,4,68,123,66,17,115,107,50,26,39,117,83,130],"zones":[2881,5426,135841,8276,564876,64629,30901,43030,17958,42312,21516],"pointsPerHour":71,"points":1773,"blocktime":21,"taken":17218,"name":"Lemshimmer","totalPoints":3168396,"rank":46,"id":104604,"place":1293,"uniqueZonesTaken":3718,"region":{"name":"Gävleborg","id":144}},"time":"2023-08-07T05:27:07+0000","message":"Nyarlathotep: prova forumet! Turf.forum. Det blir alltid sett där, men man kan  aldrig veta hur lång tid det tar innan det blir sett","region":{"name":"Gävleborg","id":144},"type":"chat"},{"medal":31,"time":"2023-08-07T05:22:03+0000","type":"medal","user":{"country":"se","medals":[51,92,31],"zones":[680],"pointsPerHour":0,"points":420,"blocktime":11,"taken":25,"name":"Agameofyou","totalPoints":4220,"rank":6,"id":400345,"place":3818,"uniqueZonesTaken":22,"region":{"name":"Uppsala","id":142}}}]