[{"medal":5,"time":"2023-06-12T00:07:15+0000","type":"medal","user":{"country":"se","medals":[93,85,5],"zones":[136373,346,9342,21454],"pointsPerHour":0,"points":1205,"blocktime":660,"taken":12,"name":"bullomaniak","totalPoints":1205,"rank":4,"id":398231,"place":6125,"uniqueZonesTaken":11,"region":{"name":"Västra Götaland","id":132}}},{"medal":85,"time":"2023-06-12T00:00:56+0000","type":"medal","user":{"country":"se","medals":[93,85],"zones":[136373,9342],"pointsPerHour":0,"points":1072,"blocktime":645,"taken":10,"name":"bullomaniak","totalPoints":1072,"rank":3,"id":398231,"place":6125,"uniqueZonesTaken":9,"region":{"name":"Västra Götaland","id":132}}}]