[{"medal":10,"time":"2023-06-13T08:07:41+0000","type":"medal","user":{"country":"se","medals":[54,93,4,12,34,10],"zones":[47041,8194,47042,115397,115396,204549,115398,55945,80872,89131,21869,6991,68466,111093,20852,141750,318194,484529,111094,476574],"pointsPerHour":0,"points":8618,"blocktime":1050,"taken":1326,"name":"Meagneta","totalPoints":341726,"rank":30,"id":359436,"place":6259,"uniqueZonesTaken":116,"region":{"name":"Norrbotten","id":126}}},{"medal":51,"time":"2023-06-13T08:07:12+0000","type":"medal","user":{"country":"se","medals":[93,85,51],"zones":[525819,41716,2982,9622,2968,16904,7868,226814,36414,7870],"pointsPerHour":0,"points":1886,"blocktime":660,"taken":12,"name":"litenhanduk69","totalPoints":1886,"rank":4,"id":360586,"place":6259,"uniqueZonesTaken":12,"region":{"name":"Jönköping","id":133}}},{"medal":85,"time":"2023-06-13T08:06:43+0000","type":"medal","user":{"country":"se","medals":[80,85],"zones":[2976,8451,16903,21740,226814,21741,29135],"pointsPerHour":0,"points":1382,"blocktime":660,"taken":10,"name":"Melwindooo","totalPoints":1382,"rank":4,"id":398319,"place":6259,"uniqueZonesTaken":10,"region":{"name":"Jönköping","id":133}}},{"medal":80,"time":"2023-06-13T08:06:20+0000","type":"medal","user":{"country":"se","medals":[84,80],"zones":[428294,9649,154154,484650,9518],"pointsPerHour":0,"points":1113,"blocktime":645,"taken":7,"name":"camomercy","totalPoints":1113,"rank":3,"id":398254,"place":6259,"uniqueZonesTaken":6,"region":{"name":"Dalarna","id":129}}},{"medal":31,"time":"2023-06-13T08:04:59+0000","type":"medal","user":{"country":"se","medals":[92,51,31],"zones":[2981,29015,2972],"pointsPerHour":0,"points":1177,"blocktime":690,"taken":25,"name":"ToMaJoLi","totalPoints":5309,"rank":6,"id":360572,"place":6259,"uniqueZonesTaken":18,"region":{"name":"Jönköping","id":133}}},{"medal":85,"time":"2023-06-13T08:00:14+0000","type":"medal","user":{"country":"se","medals":[93,80,85],"zones":[525819,41716,2982,9622,2968,7868,36414],"pointsPerHour":0,"points":1603,"blocktime":660,"taken":10,"name":"litenhanduk69","totalPoints":1603,"rank":4,"id":360586,"place":6258,"uniqueZonesTaken":10,"region":{"name":"Jönköping","id":133}}}]