[{"medal":6,"time":"2023-06-12T14:41:34+0000","type":"medal","user":{"country":"se","medals":[16,90,78,42,93,70,77,53,12,127,6],"zones":[44930,44931,115465,542595,24844,627,44948,44949,44950,80887,55991,55992,84888,433375,394874],"pointsPerHour":0,"points":17663,"blocktime":915,"taken":461,"name":"darkninja85","totalPoints":114666,"rank":21,"id":387946,"place":6179,"uniqueZonesTaken":115,"region":{"name":"Blekinge","id":136}}},{"sender":{"country":"se","medals":[7,5,16,79,70,28,56,126,117,27,97,48,22,122,15,128,105,4,73],"zones":[46576,155920,157376,25186],"pointsPerHour":8,"points":26069,"blocktime":1365,"taken":31341,"name":"Spikbebis75","totalPoints":5974621,"rank":51,"id":92852,"place":1051,"uniqueZonesTaken":1370,"region":{"name":"Stockholm","id":141}},"time":"2023-06-12T14:39:00+0000","message":"Thant:ska du taOsquarzone ?","region":{"name":"Stockholm","id":141},"type":"chat"},{"medal":31,"time":"2023-06-12T14:37:17+0000","type":"medal","user":{"country":"se","medals":[51,92,31],"zones":[11975,152331],"pointsPerHour":0,"points":5098,"blocktime":690,"taken":25,"name":"Frassebussss","totalPoints":5098,"rank":6,"id":397876,"place":6179,"uniqueZonesTaken":17,"region":{"name":"Östergötland","id":139}}}]