[{"medal":28,"time":"2023-06-13T14:09:34+0000","type":"medal","user":{"country":"se","medals":[126,12,93,33,7,54,46,28],"zones":[80704,274,37731,110873,7576,7577,37402,7578,122461,80701,80703],"pointsPerHour":0,"points":6261,"blocktime":945,"taken":779,"name":"Serilda","totalPoints":146779,"rank":23,"id":263161,"place":6297,"uniqueZonesTaken":222,"region":{"name":"Stockholm","id":141}}},{"medal":90,"time":"2023-06-13T14:08:35+0000","type":"medal","user":{"country":"se","medals":[52,93,34,12,6,90],"zones":[16835,7604,7605,358,16840,16841,16842,16843,117482,4349,799],"pointsPerHour":0,"points":1495,"blocktime":1080,"taken":2043,"name":"gebeg","totalPoints":449391,"rank":32,"id":318916,"place":6297,"uniqueZonesTaken":126,"region":{"name":"Västernorrland","id":145}}},{"medal":92,"time":"2023-06-13T14:06:30+0000","type":"medal","user":{"country":"se","medals":[93,80,85,92],"zones":[355317,430784],"pointsPerHour":0,"points":340,"blocktime":690,"taken":18,"name":"IIZZAA07","totalPoints":4708,"rank":6,"id":387563,"place":6296,"uniqueZonesTaken":15,"region":{"name":"Jönköping","id":133}}},{"medal":80,"time":"2023-06-13T13:55:05+0000","type":"medal","user":{"country":"se","medals":[80,84],"zones":[28770,178368,45043,42868,1087],"pointsPerHour":0,"points":838,"blocktime":645,"taken":5,"name":"brizagella","totalPoints":838,"rank":3,"id":398345,"place":6295,"uniqueZonesTaken":5,"region":{"name":"Stockholm","id":141}}},{"medal":84,"time":"2023-06-13T13:55:05+0000","type":"medal","user":{"country":"se","medals":[80,84],"zones":[28770,178368,45043,42868,1087],"pointsPerHour":0,"points":838,"blocktime":645,"taken":5,"name":"brizagella","totalPoints":838,"rank":3,"id":398345,"place":6295,"uniqueZonesTaken":5,"region":{"name":"Stockholm","id":141}}}]