[{"sender":{"country":"se","medals":[48,16,72,83,67,21,78,70,57,77,6,117,4,27,126,123,15,119,17,116,111,132],"zones":[],"pointsPerHour":0,"points":11143,"blocktime":1470,"taken":122105,"name":"Espingen","totalPoints":17482194,"rank":58,"id":166882,"place":410,"uniqueZonesTaken":1097,"region":{"name":"Kalmar","id":137}},"time":"2023-02-07T09:16:36+0000","message":"Västerviksturfare afterturf imorgon onsdag 18:00 på restaurang Rubinen välkomna.","region":{"name":"Kalmar","id":137},"type":"chat"},{"medal":85,"time":"2023-02-07T09:09:09+0000","type":"medal","user":{"country":"se","medals":[93,85],"zones":[483772],"pointsPerHour":0,"points":205,"blocktime":645,"taken":11,"name":"hebbes","totalPoints":1146,"rank":3,"id":381506,"place":4334,"uniqueZonesTaken":10,"region":{"name":"Västmanland","id":143}}}]