[{"sender":{"country":"se","medals":[28,16,5,4,21,17,17,9,24,67,17,7,48,24,24,24,24,24,62,24,24,24,17,116,15,79,24,24,57,126,24,40,107,123,128,24],"zones":[],"pointsPerHour":0,"points":9646,"blocktime":1290,"taken":24561,"name":"JimVoi","totalPoints":3202117,"rank":46,"id":8026,"place":2960,"uniqueZonesTaken":1730,"region":{"name":"Västmanland","id":143}},"time":"2022-06-21T15:29:07+0000","message":"jag går.","region":{"name":"Västmanland","id":143},"type":"chat"},{"medal":92,"time":"2022-06-21T15:28:48+0000","type":"medal","user":{"country":"se","medals":[93,80,31,92],"zones":[28339,17908,95226,281849],"pointsPerHour":0,"points":2779,"blocktime":675,"taken":26,"name":"ElvineK","totalPoints":2779,"rank":5,"id":366763,"place":6768,"uniqueZonesTaken":15,"region":{"name":"Skåne","id":135}}},{"sender":{"country":"se","medals":[16,77,79,70,24,6,15,22,67,72,83,124,108,24,112,131,88,59,75],"zones":[44098,706,24163,24164,24166,18310,89896,24171,63693,44718,7759,19695,21359,12016,6097,31763,5428,37241,138171,63710,31070,34271],"pointsPerHour":171,"points":197304,"blocktime":1350,"taken":43863,"name":"anthi","totalPoints":5643848,"rank":50,"id":285613,"place":73,"uniqueZonesTaken":2071,"region":{"name":"Västmanland","id":143}},"time":"2022-06-21T15:28:38+0000","message":"JimVoi: du kan ju voia överallt👍","region":{"name":"Västmanland","id":143},"type":"chat"},{"sender":{"country":"se","medals":[28,16,5,4,21,17,17,9,24,67,17,7,48,24,24,24,24,24,62,24,24,24,17,116,15,79,24,24,57,126,24,40,107,123,128,24],"zones":[],"pointsPerHour":0,"points":9646,"blocktime":1290,"taken":24561,"name":"JimVoi","totalPoints":3202117,"rank":46,"id":8026,"place":2960,"uniqueZonesTaken":1730,"region":{"name":"Västmanland","id":143}},"time":"2022-06-21T15:27:46+0000","message":"anthi och acnafets Ni är överallt ju. .","region":{"name":"Västmanland","id":143},"type":"chat"},{"medal":10,"time":"2022-06-21T15:24:13+0000","type":"medal","user":{"country":"se","medals":[93,92,101,51,32,10],"zones":[199078,316673,199077,139396,319171,135784,80074,62253,121717,1364,1366,82326,430332,1402,95546,34655,177437],"pointsPerHour":0,"points":14888,"blocktime":735,"taken":107,"name":"Poolan","totalPoints":14888,"rank":9,"id":366464,"place":6767,"uniqueZonesTaken":47,"region":{"name":"Skåne","id":135}}},{"medal":31,"time":"2022-06-21T15:23:14+0000","type":"medal","user":{"country":"se","medals":[93,80,31],"zones":[17908,95226,281849],"pointsPerHour":0,"points":2652,"blocktime":675,"taken":25,"name":"ElvineK","totalPoints":2652,"rank":5,"id":366763,"place":6767,"uniqueZonesTaken":14,"region":{"name":"Skåne","id":135}}}]