[{"medal":80,"time":"2022-06-20T19:29:48+0000","type":"medal","user":{"country":"gb","medals":[80,84],"zones":[14165,14121,14217,14220,14110],"pointsPerHour":0,"points":1175,"blocktime":645,"taken":5,"name":"Chimchimeney","totalPoints":1175,"rank":3,"id":366847,"place":6721,"uniqueZonesTaken":5,"region":{"name":"North East England","id":199}}},{"medal":84,"time":"2022-06-20T19:29:48+0000","type":"medal","user":{"country":"gb","medals":[80,84],"zones":[14165,14121,14217,14220,14110],"pointsPerHour":0,"points":1175,"blocktime":645,"taken":5,"name":"Chimchimeney","totalPoints":1175,"rank":3,"id":366847,"place":6721,"uniqueZonesTaken":5,"region":{"name":"North East England","id":199}}}]