[{"medal":92,"time":"2022-06-20T06:12:22+0000","type":"medal","user":{"country":"se","medals":[116,6,101,92],"zones":[],"pointsPerHour":0,"points":850,"blocktime":675,"taken":25,"name":"timeout","totalPoints":2090,"rank":5,"id":357960,"place":6651,"uniqueZonesTaken":15,"region":{"name":"Stockholm","id":141}}},{"medal":86,"time":"2022-06-20T06:10:02+0000","type":"medal","user":{"country":"se","medals":[93,92,80,101,86],"zones":[945,90775],"pointsPerHour":0,"points":7610,"blocktime":705,"taken":60,"name":"FruLila","totalPoints":7610,"rank":7,"id":366523,"place":6651,"uniqueZonesTaken":42,"region":{"name":"Skåne","id":135}}},{"sender":{"country":"se","medals":[28,16,4,9,24,24,24,24,24,24,22,67,48,24,17,24,79,77,24,17,30,24,56,17,116,26,91,24,5,17,24,50,122,108,126,88,24,127,17],"zones":[486869,31090,444660,96228,31989],"pointsPerHour":13,"points":38808,"blocktime":1350,"taken":44738,"name":"Fiona","totalPoints":5569781,"rank":50,"id":36959,"place":1160,"uniqueZonesTaken":2923,"region":{"name":"Östergötland","id":139}},"time":"2022-06-20T06:06:09+0000","message":"Måndag den 20 juni kl. 18.00 vid zonen GardenOfEden. Alla är välkomna, ingen\n\nanmälan!","region":{"name":"Östergötland","id":139},"type":"chat"}]