[{"medal":7,"time":"2022-06-20T08:24:08+0000","type":"medal","user":{"country":"se","medals":[52,90,12,70,103,17,116,4,42,7],"zones":[93766,51626,270],"pointsPerHour":0,"points":4647,"blocktime":840,"taken":254,"name":"Emmeth","totalPoints":55766,"rank":16,"id":32403,"place":6660,"uniqueZonesTaken":177,"region":{"name":"Östergötland","id":139}}},{"medal":100,"time":"2022-06-20T08:23:09+0000","type":"medal","user":{"country":"se","medals":[55,93,12,4,33,79,90,128,100],"zones":[25152,286145,42886,1478,42887,42888,42889,42894,42896,56979,29525,24277,116695,25815,280,373465,154653,91746,91051,28203,28204,228210,353713,27640],"pointsPerHour":0,"points":44026,"blocktime":1020,"taken":950,"name":"lokmannen","totalPoints":260569,"rank":28,"id":357997,"place":6660,"uniqueZonesTaken":248,"region":{"name":"Stockholm","id":141}}}]