[{"medal":31,"time":"2022-06-21T15:23:14+0000","type":"medal","user":{"country":"se","medals":[93,80,31],"zones":[17908,95226,281849],"pointsPerHour":0,"points":2652,"blocktime":675,"taken":25,"name":"ElvineK","totalPoints":2652,"rank":5,"id":366763,"place":6767,"uniqueZonesTaken":14,"region":{"name":"Skåne","id":135}}},{"medal":10,"time":"2022-06-21T15:21:50+0000","type":"medal","user":{"country":"se","medals":[93,46,100,12,55,33,10],"zones":[3200,62338,224512,835,116871,24458,23242,24459,11343,50582,203611,203610,515420,443736,458021,116005,189674,95080,141481,12779,6060,6061,80879,488502,146224,475314,23224,28218,306494,23226,152056,51835,484152],"pointsPerHour":0,"points":56707,"blocktime":975,"taken":909,"name":"Porterstek","totalPoints":196065,"rank":25,"id":358060,"place":6767,"uniqueZonesTaken":169,"region":{"name":"Västra Götaland","id":132}}},{"sender":{"country":"se","medals":[67,22,5,4,47,16,78,28,17,116,57,30,70,17,104,50,126,122,66,77,127,40],"zones":[90448,155025,154214,91060,715,27292,479947,20717],"pointsPerHour":28,"points":33564,"blocktime":1275,"taken":21338,"name":"MiaMilla","totalPoints":2780635,"rank":45,"id":53414,"place":1436,"uniqueZonesTaken":2732,"region":{"name":"Västmanland","id":143}},"time":"2022-06-21T15:18:57+0000","message":"anthi: ajdå ;)","region":{"name":"Västmanland","id":143},"type":"chat"}]