[{"sender":{"country":"se","medals":[4,16,67,9,17,24,26,70,49,24,17,24,8,65,60,64,69,21,30,68,45,24,17,27,24,25,91,79,77,24,29,17,83,24,113,24,17,116,24,72,68,17,24,124,126,89,121,108,75,24,68,17,131,24,24,24,24],"zones":[48449,74989,18028,486121,206348,6992,42960,20721,44566,422768,2903,30232,3449,378,154137,299226],"pointsPerHour":81,"points":129637,"blocktime":1440,"taken":74735,"name":"stefanx46","totalPoints":12909126,"rank":56,"id":36563,"place":196,"uniqueZonesTaken":12373,"region":{"name":"Västerbotten","id":127}},"time":"2022-06-20T05:17:17+0000","message":"nokiakarin: jajamen. vaknade tidigt. inget på teven. kan lika gärna ge sig ut. givetvis är man blockad på första zonen 😎","region":{"name":"Västerbotten","id":127},"type":"chat"},{"medal":71,"time":"2022-06-20T05:15:12+0000","type":"medal","user":{"country":"se","medals":[92,51,90,86,71],"zones":[109665,11813,92039,361,11474,105298,33683,62134,117272,349276,11451,11453],"pointsPerHour":0,"points":6771,"blocktime":705,"taken":51,"name":"rexgreen","totalPoints":6771,"rank":7,"id":366527,"place":6651,"uniqueZonesTaken":37,"region":{"name":"Västra Götaland","id":132}}},{"sender":{"country":"se","medals":[16,10,55,70,5,64,47,71,6,13,4,98,104,131,41],"zones":[12416,62160,184227,1494,1735,1737,47625,8650,23900,81868,20719],"pointsPerHour":78,"points":50243,"blocktime":1305,"taken":25536,"name":"nokiakarin","totalPoints":3836528,"rank":47,"id":86233,"place":872,"uniqueZonesTaken":384,"region":{"name":"Västerbotten","id":127}},"time":"2022-06-20T05:13:53+0000","message":"stefanx46: Gomorron, va tidig du är idag 😊","region":{"name":"Västerbotten","id":127},"type":"chat"},{"medal":86,"time":"2022-06-20T05:12:52+0000","type":"medal","user":{"country":"se","medals":[92,51,90,86],"zones":[11474,105298,33683,11813,92039,62134,361,117272,349276,11451,11453],"pointsPerHour":0,"points":6673,"blocktime":705,"taken":50,"name":"rexgreen","totalPoints":6673,"rank":7,"id":366527,"place":6651,"uniqueZonesTaken":36,"region":{"name":"Västra Götaland","id":132}}}]