[{"medal":31,"time":"2022-06-21T09:22:56+0000","type":"medal","user":{"country":"se","medals":[80,31],"zones":[113552,102278],"pointsPerHour":0,"points":2211,"blocktime":690,"taken":25,"name":"fl4cken","totalPoints":5123,"rank":6,"id":362206,"place":6736,"uniqueZonesTaken":12,"region":{"name":"Västra Götaland","id":132}}},{"medal":31,"time":"2022-06-21T09:18:35+0000","type":"medal","user":{"country":"se","medals":[93,100,90,92,80,31],"zones":[515654,95008,8498,42869,94199,489489],"pointsPerHour":0,"points":3513,"blocktime":690,"taken":25,"name":"emmbaman","totalPoints":4097,"rank":6,"id":360110,"place":6734,"uniqueZonesTaken":22,"region":{"name":"Stockholm","id":141}}}]