[{"medal":80,"time":"2022-06-21T05:38:14+0000","type":"medal","user":{"country":"no","medals":[80,84],"zones":[89297,89296,139892,139893,8618],"pointsPerHour":0,"points":1403,"blocktime":660,"taken":5,"name":"Behber","totalPoints":1403,"rank":4,"id":366640,"place":6729,"uniqueZonesTaken":5,"region":{"name":"Østlandet","id":179}}},{"medal":84,"time":"2022-06-21T05:38:14+0000","type":"medal","user":{"country":"no","medals":[80,84],"zones":[89297,89296,139892,139893,8618],"pointsPerHour":0,"points":1403,"blocktime":660,"taken":5,"name":"Behber","totalPoints":1403,"rank":4,"id":366640,"place":6729,"uniqueZonesTaken":5,"region":{"name":"Østlandet","id":179}}},{"medal":102,"time":"2022-06-21T05:32:56+0000","type":"medal","user":{"country":"se","medals":[52,77,93,12,33,71,6,102],"zones":[],"pointsPerHour":0,"points":190,"blocktime":960,"taken":848,"name":"tlaj","totalPoints":165921,"rank":24,"id":137825,"place":6729,"uniqueZonesTaken":149,"region":{"name":"Gotland","id":138}}}]