[{"medal":35,"time":"2023-07-11T12:09:12+0000","type":"medal","user":{"country":"se","medals":[95,100,4,6,16,128,55,13,35],"zones":[260,473264,321212,228317],"pointsPerHour":0,"points":3698,"blocktime":18,"taken":2500,"name":"diobio","totalPoints":530441,"rank":33,"id":369960,"place":6210,"uniqueZonesTaken":352,"region":{"name":"Stockholm","id":141}}},{"medal":11,"time":"2023-07-11T12:07:54+0000","type":"medal","user":{"country":"se","medals":[93,51,32,11],"zones":[241,30353,242,92308,138148,7430,278610,152344,92699,97994,519801],"pointsPerHour":0,"points":8323,"blocktime":12,"taken":104,"name":"Polkagrisen","totalPoints":21263,"rank":11,"id":240772,"place":6209,"uniqueZonesTaken":50,"region":{"name":"Stockholm","id":141}}},{"sender":{"country":"se","medals":[16,77,79,70,24,6,15,22,67,72,83,124,108,24,112,59,75,4,24,132,89,24],"zones":[24178,32115,47722,19214,430937],"pointsPerHour":21,"points":58836,"blocktime":23,"taken":60749,"name":"anthi","totalPoints":7852820,"rank":53,"id":285613,"place":375,"uniqueZonesTaken":2300,"region":{"name":"Västmanland","id":143}},"time":"2023-07-11T12:07:35+0000","message":"ripe😊:","region":{"name":"Västmanland","id":143},"type":"chat"},{"sender":{"country":"se","medals":[77,79,16,22,124,48,24,112,50,72,109,24,60,68,66,129,87],"zones":[579,44294,9288,63694,139405,7760,17553,12370,31764,525213,18197,31765,7257,47654,21359,19696,179635,576060,115380,26295,26296,26297,13625,115964],"pointsPerHour":181,"points":27632,"blocktime":22,"taken":37502,"name":"ripe","totalPoints":6017425,"rank":51,"id":298893,"place":1007,"uniqueZonesTaken":4780,"region":{"name":"Västmanland","id":143}},"time":"2023-07-11T12:07:08+0000","message":"anthi: in mot shopping centrat","region":{"name":"Västmanland","id":143},"type":"chat"},{"sender":{"country":"se","medals":[16,77,79,70,24,6,15,22,67,72,83,124,108,24,112,59,75,4,24,132,89,24],"zones":[24178,32115,47722,19214,430937],"pointsPerHour":21,"points":58835,"blocktime":23,"taken":60749,"name":"anthi","totalPoints":7852820,"rank":53,"id":285613,"place":375,"uniqueZonesTaken":2300,"region":{"name":"Västmanland","id":143}},"time":"2023-07-11T12:06:11+0000","message":"ripe:Såg dig inte ...vart ska du","region":{"name":"Västmanland","id":143},"type":"chat"}]