[{"medal":84,"time":"2023-04-17T19:58:43+0000","type":"medal","user":{"country":"se","medals":[84],"zones":[206866,723,12387,22726],"pointsPerHour":0,"points":524,"blocktime":630,"taken":5,"name":"henningblom","totalPoints":524,"rank":2,"id":373996,"place":6617,"uniqueZonesTaken":5,"region":{"name":"Örebro","id":131}}},{"sender":{"country":"gb","medals":[85,51],"zones":[337189,389180,337183,389178],"pointsPerHour":4,"points":3281,"blocktime":675,"taken":17,"name":"EmeraldWolf","totalPoints":3280,"rank":5,"id":388403,"place":4057,"uniqueZonesTaken":14,"region":{"name":"Scotland","id":200}},"time":"2023-04-17T19:43:19+0000","message":"horseyj - it was fun dodging you round Winchburgh today! you nearly caught me on main street!","region":{"name":"Scotland","id":200},"type":"chat"}]