[{"sender":{"country":"se","medals":[55,15,79,28,112,7,47,24,77,123,126,104,130,88],"zones":[24161,10947,10948,32109,32110,31440,31441,90448,32114,32115,31444,7765,27542,7766,7767,33367,33368,7770,31453,34269],"pointsPerHour":111,"points":49721,"blocktime":1335,"taken":41210,"name":"carinn","totalPoints":4858376,"rank":49,"id":117795,"place":817,"uniqueZonesTaken":2163,"region":{"name":"Västmanland","id":143}},"time":"2023-04-18T10:08:25+0000","message":"trucken: Tack! Nu ger jag mig för idag. Nordanvinden upp mot Cornway känns inte så lockande","region":{"name":"Västmanland","id":143},"type":"chat"},{"sender":{"country":"se","medals":[7,17,79,56,15,16,48,123,72,126,89,96,132,109],"zones":[32033,552,61098,61099,17548,12012,12013,12014,719,119697,24176,13617,24179,31796,26165,31797,31798,32024,31801,702],"pointsPerHour":125,"points":87462,"blocktime":1425,"taken":74002,"name":"trucken","totalPoints":10894486,"rank":55,"id":22692,"place":382,"uniqueZonesTaken":2406,"region":{"name":"Västmanland","id":143}},"time":"2023-04-18T10:07:25+0000","message":"carinn: bra jobbat 😀","region":{"name":"Västmanland","id":143},"type":"chat"},{"sender":{"country":"se","medals":[55,15,79,28,112,7,47,24,77,123,126,104,130,88],"zones":[24161,10947,10948,32109,32110,31440,31441,90448,32114,32115,31444,7765,27542,7766,7767,33367,33368,7770,31453,34269],"pointsPerHour":111,"points":49718,"blocktime":1335,"taken":41210,"name":"carinn","totalPoints":4858373,"rank":49,"id":117795,"place":817,"uniqueZonesTaken":2163,"region":{"name":"Västmanland","id":143}},"time":"2023-04-18T10:06:31+0000","message":"scarymom: Tack detsamma! Hälsa Trucken att jag sliter med Bakvända","region":{"name":"Västmanland","id":143},"type":"chat"},{"sender":{"country":"se","medals":[46,16,53,28,7,15,79,96,128,109,40],"zones":[281782],"pointsPerHour":2,"points":33563,"blocktime":1290,"taken":23096,"name":"scarymom","totalPoints":3067004,"rank":46,"id":212980,"place":1265,"uniqueZonesTaken":1613,"region":{"name":"Västmanland","id":143}},"time":"2023-04-18T10:05:47+0000","message":"carinn: ha en fortsatt fin dag 😎","region":{"name":"Västmanland","id":143},"type":"chat"},{"medal":80,"time":"2023-04-18T09:59:40+0000","type":"medal","user":{"country":"se","medals":[80,84],"zones":[14147,22579,139816,44828,224668],"pointsPerHour":0,"points":690,"blocktime":630,"taken":5,"name":"Ivryxia","totalPoints":690,"rank":2,"id":389059,"place":6741,"uniqueZonesTaken":5,"region":{"name":"Västra Götaland","id":132}}},{"medal":84,"time":"2023-04-18T09:59:40+0000","type":"medal","user":{"country":"se","medals":[80,84],"zones":[14147,22579,139816,44828,224668],"pointsPerHour":0,"points":690,"blocktime":630,"taken":5,"name":"Ivryxia","totalPoints":690,"rank":2,"id":389059,"place":6741,"uniqueZonesTaken":5,"region":{"name":"Västra Götaland","id":132}}}]