[{"medal":84,"time":"2023-04-17T10:09:09+0000","type":"medal","user":{"country":"se","medals":[84],"zones":[41684,96677,21354,563686],"pointsPerHour":0,"points":778,"blocktime":645,"taken":5,"name":"cumball","totalPoints":778,"rank":3,"id":388654,"place":6477,"uniqueZonesTaken":5,"region":{"name":"Stockholm","id":141}}},{"medal":35,"time":"2023-04-17T10:06:40+0000","type":"medal","user":{"country":"se","medals":[55,12,47,94,28,16,101,5,77,70,130,35],"zones":[7696,113554,52836,134214,570685,61981,141724,474489],"pointsPerHour":0,"points":19747,"blocktime":1080,"taken":2500,"name":"punkapys","totalPoints":459933,"rank":32,"id":371122,"place":6477,"uniqueZonesTaken":163,"region":{"name":"Västerbotten","id":127}}}]