[{"medal":84,"time":"2023-04-17T14:09:38+0000","type":"medal","user":{"country":"se","medals":[84],"zones":[36451,20741,117725],"pointsPerHour":0,"points":720,"blocktime":645,"taken":5,"name":"Bob98","totalPoints":720,"rank":3,"id":388839,"place":6590,"uniqueZonesTaken":4,"region":{"name":"Stockholm","id":141}}},{"medal":31,"time":"2023-04-17T14:09:20+0000","type":"medal","user":{"country":"se","medals":[93,51,90,92,31],"zones":[138115,97861,203812,22407,476847,493166,115595,493165,564217,12730,61149,43231],"pointsPerHour":0,"points":4823,"blocktime":690,"taken":25,"name":"Aze","totalPoints":4823,"rank":6,"id":388461,"place":6590,"uniqueZonesTaken":17,"region":{"name":"Kalmar","id":137}}},{"medal":42,"time":"2023-04-17T14:08:55+0000","type":"medal","user":{"country":"us","medals":[16,11,6,5,51,42],"zones":[23635,21612],"pointsPerHour":0,"points":2636,"blocktime":825,"taken":250,"name":"SWiden","totalPoints":50163,"rank":15,"id":16317,"place":6590,"uniqueZonesTaken":89,"region":{"name":"New York","id":210}}},{"medal":84,"time":"2023-04-17T14:02:54+0000","type":"medal","user":{"country":"se","medals":[96,77,100,84],"zones":[361,1500],"pointsPerHour":0,"points":606,"blocktime":630,"taken":7,"name":"OrangeJuliaE","totalPoints":606,"rank":2,"id":388857,"place":6590,"uniqueZonesTaken":7,"region":{"name":"Västra Götaland","id":132}}}]