[{"medal":22,"time":"2022-03-07T17:14:04+0000","type":"medal","user":{"country":"se","medals":[93,77,46,12,79,27,10,16,54,127,33,22],"zones":[45154,179169,20963,743,746,5419,747,50284,24591,320373,47762,21650,21652,725,31446,43414,47767,41851,31452,24573,136349],"pointsPerHour":0,"points":5245,"blocktime":930,"taken":554,"name":"gowir22","totalPoints":130168,"rank":22,"id":351718,"place":4308,"uniqueZonesTaken":176,"region":{"name":"Örebro","id":131}}},{"sender":{"country":"se","medals":[5,16,28,22,55,67,70,14,79,77,95,7,126,108,122,47,87,131],"zones":[7444,60710,89255,34621],"pointsPerHour":22,"points":5886,"blocktime":1335,"taken":36354,"name":"RosaPantern78","totalPoints":4742981,"rank":49,"id":28845,"place":909,"uniqueZonesTaken":974,"region":{"name":"Östergötland","id":139}},"time":"2022-03-07T17:11:55+0000","message":"zoke: du kunde ju tagit zonen med mig","region":{"name":"Östergötland","id":139},"type":"chat"}]