[{"country":"dk","sender":{"country":"dk","medals":[16,90,46,127,6,13,34,59,122,69,68],"zones":[34465,5682,34162,5683,431237,34156,34157],"pointsPerHour":12,"points":1792,"blocktime":18,"taken":1313,"name":"Fodtusserne","totalPoints":716796,"rank":35,"id":367064,"place":1390,"uniqueZonesTaken":406,"region":{"name":"Hovedstaden","id":172}},"time":"2023-01-02T07:28:17+0000","message":"Ha ha - ja der er åbenbart en del \u2018gamle damer\u2019 herinde ;-) Godt nytår til alle og god jagt :-)","type":"chat"}]