[{"medal":93,"time":"2022-10-17T15:37:54+0000","type":"medal","user":{"country":"de","medals":[93],"zones":[],"pointsPerHour":0,"points":185,"blocktime":10,"taken":1,"name":"Blackdemon","totalPoints":185,"rank":0,"id":381762,"place":7253,"uniqueZonesTaken":1,"region":{"name":"Brandenburg","id":441}}},{"medal":100,"time":"2022-10-17T15:33:37+0000","type":"medal","user":{"country":"gb","medals":[90,46,79,32,12,56,4,94,100],"zones":[328007,217990,318167,216470,516956,517863,389861,389860,389863,389862,15012,426413,42540,317032,389864,479401,317035,478455,478454,317040,347056,329854,371262,346744,138559],"pointsPerHour":0,"points":38724,"blocktime":13,"taken":146,"name":"hamster75","totalPoints":38724,"rank":14,"id":381350,"place":7253,"uniqueZonesTaken":138,"region":{"name":"Scotland","id":200}}}]