[{"medal":90,"time":"2022-08-29T16:35:27+0000","type":"medal","user":{"country":"se","medals":[51,85,90],"zones":[474054,31785,484650,133356,7279,7280,9649,7281,64850,24723,8919,8920,518940,318747],"pointsPerHour":0,"points":1684,"blocktime":11,"taken":14,"name":"iswink","totalPoints":1684,"rank":4,"id":370635,"place":7525,"uniqueZonesTaken":14,"region":{"name":"Dalarna","id":129}}},{"medal":90,"time":"2022-08-29T16:33:50+0000","type":"medal","user":{"country":"se","medals":[93,7,70,79,13,52,33,101,90],"zones":[130337,2785,430784,33832,154347,95306,382377,47950,355317,95730,20536,322975,225112,478748,76798],"pointsPerHour":0,"points":21941,"blocktime":15,"taken":562,"name":"Kullen2","totalPoints":125124,"rank":21,"id":312770,"place":7525,"uniqueZonesTaken":334,"region":{"name":"Gävleborg","id":144}}},{"medal":90,"time":"2022-08-29T16:31:59+0000","type":"medal","user":{"country":"se","medals":[94,100,6,92,31,90],"zones":[12401,33826,179320],"pointsPerHour":0,"points":6662,"blocktime":11,"taken":35,"name":"FlossyHampe","totalPoints":6957,"rank":7,"id":313568,"place":7525,"uniqueZonesTaken":32,"region":{"name":"Jönköping","id":133}}},{"sender":{"country":"se","medals":[16,67,4,70,24,24,48,79,24,17,77,28,57,83,24,24,17,116,21,117,24,17,91,24,24,107,126,26,74,124,24,88,24,128,17,24],"zones":[418944,649,154281,11691,15373,25293,128655,25294,5102,15375,17042,24631,15575,24632,23321,28857,114904,24255],"pointsPerHour":75,"points":81975,"blocktime":23,"taken":48642,"name":"AnnSch","totalPoints":9672274,"rank":55,"id":77198,"place":795,"uniqueZonesTaken":6222,"region":{"name":"Stockholm","id":141}},"time":"2022-08-29T16:31:33+0000","message":"PeterSpirea: välkommen, vilket finbesök! 😀","region":{"name":"Stockholm","id":141},"type":"chat"},{"medal":84,"time":"2022-08-29T16:31:09+0000","type":"medal","user":{"country":"se","medals":[84],"zones":[22078],"pointsPerHour":0,"points":568,"blocktime":10,"taken":5,"name":"nivdem","totalPoints":568,"rank":2,"id":370477,"place":7525,"uniqueZonesTaken":5,"region":{"name":"Örebro","id":131}}}]