[{"sender":{"country":"se","medals":[95,84,100],"zones":[28618],"pointsPerHour":1,"points":1480,"blocktime":11,"taken":8,"name":"GINGERBRO","totalPoints":1480,"rank":4,"id":370552,"place":5346,"uniqueZonesTaken":7,"region":{"name":"Skåne","id":135}},"time":"2022-08-29T09:20:15+0000","message":"Hej","region":{"name":"Skåne","id":135},"type":"chat"},{"medal":84,"time":"2022-08-29T09:16:07+0000","type":"medal","user":{"country":"se","medals":[95,84],"zones":[28619],"pointsPerHour":0,"points":925,"blocktime":10,"taken":5,"name":"Bollar69","totalPoints":925,"rank":3,"id":370544,"place":7471,"uniqueZonesTaken":4,"region":{"name":"Skåne","id":135}}},{"medal":96,"time":"2022-08-29T09:15:38+0000","type":"medal","user":{"country":"se","medals":[96],"zones":[28909],"pointsPerHour":0,"points":925,"blocktime":10,"taken":5,"name":"jcbgubben","totalPoints":925,"rank":3,"id":370538,"place":7471,"uniqueZonesTaken":5,"region":{"name":"Skåne","id":135}}},{"medal":100,"time":"2022-08-29T09:15:38+0000","type":"medal","user":{"country":"se","medals":[96,100],"zones":[],"pointsPerHour":0,"points":925,"blocktime":10,"taken":5,"name":"max091109","totalPoints":925,"rank":3,"id":370548,"place":7471,"uniqueZonesTaken":5,"region":{"name":"Skåne","id":135}}}]