[{"sender":{"country":"se","medals":[16,48,70,67,22,9,72,4,79,24,77,17,24,27,17,117,59,24,24,24,26,17,116,74,91,123,126,83,118,110,128],"zones":[429318,153666,55968,43745,111143,3046,79014,317260,12424,12425,1226,22186,369,55966],"pointsPerHour":77,"points":116633,"blocktime":24,"taken":76363,"name":"xelryz","totalPoints":11185546,"rank":56,"id":37514,"place":414,"uniqueZonesTaken":6705,"region":{"name":"Uppsala","id":142}},"time":"2021-10-26T16:16:30+0000","message":"KingOfTheSlope: 👍","region":{"name":"Uppsala","id":142},"type":"chat"},{"sender":{"country":"se","medals":[16,17,21,27,9,4,67,24,17,58,68,70,17,72,45,79,91,77,30,26,83,17,115,117,75,17,120,119,124,126,110,17,128],"zones":[24261,30887,204846,41839,33840,35953,413748,35954,41842,98066,78457,12125],"pointsPerHour":23,"points":108813,"blocktime":24,"taken":121776,"name":"KingOfTheSlope","totalPoints":17075058,"rank":58,"id":30780,"place":480,"uniqueZonesTaken":9712,"region":{"name":"Uppsala","id":142}},"time":"2021-10-26T16:16:21+0000","message":"xelryz: gärna 😊","region":{"name":"Uppsala","id":142},"type":"chat"},{"sender":{"country":"se","medals":[16,48,70,67,22,9,72,4,79,24,77,17,24,27,17,117,59,24,24,24,26,17,116,74,91,123,126,83,118,110,128],"zones":[429318,153666,55968,43745,111143,3046,79014,317260,12424,12425,1226,22186,369,55966],"pointsPerHour":77,"points":116633,"blocktime":24,"taken":76363,"name":"xelryz","totalPoints":11185545,"rank":56,"id":37514,"place":414,"uniqueZonesTaken":6705,"region":{"name":"Uppsala","id":142}},"time":"2021-10-26T16:16:03+0000","message":"Kingoftheslope:assist?","region":{"name":"Uppsala","id":142},"type":"chat"},{"medal":92,"time":"2021-10-26T16:15:55+0000","type":"medal","user":{"country":"se","medals":[93,80,85,92],"zones":[47744,6154],"pointsPerHour":0,"points":2514,"blocktime":11,"taken":15,"name":"Casper_chonk","totalPoints":2514,"rank":5,"id":350132,"place":7918,"uniqueZonesTaken":15,"region":{"name":"Västmanland","id":143}}},{"sender":{"country":"se","medals":[5,16,27,28,57,6,47,94,117,71,104,126,14,118,128],"zones":[51299,12388,224073,27947,179405,24213,421456,8570,8474,65979,8477,143964,224509],"pointsPerHour":72,"points":126070,"blocktime":24,"taken":79401,"name":"m3tr0","totalPoints":16690233,"rank":58,"id":9931,"place":362,"uniqueZonesTaken":510,"region":{"name":"Södermanland","id":140}},"time":"2021-10-26T16:11:57+0000","message":"pellea64:","region":{"name":"Södermanland","id":140},"type":"chat"},{"medal":102,"time":"2021-10-26T16:08:20+0000","type":"medal","user":{"country":"se","medals":[55,47,28,79,94,14,40,66,102],"zones":[62306,5570,29700,17548,18674,13618,9714,18675,9716,18676,9717,202388,41817,8313,79290],"pointsPerHour":0,"points":28290,"blocktime":21,"taken":24691,"name":"Bokper","totalPoints":3457816,"rank":46,"id":49394,"place":7917,"uniqueZonesTaken":647,"region":{"name":"Västmanland","id":143}}}]