[{"medal":92,"time":"2021-10-25T18:52:14+0000","type":"medal","user":{"country":"uk","medals":[51,85,92],"zones":[358469,358340,381037,374332,392268,374330],"pointsPerHour":0,"points":1183,"blocktime":11,"taken":19,"name":"Elchine1","totalPoints":3617,"rank":6,"id":301998,"place":7871,"uniqueZonesTaken":15,"region":{"name":"Scotland","id":200}}},{"sender":{"country":"se","medals":[47,16,28,79,77,57,14,70,95,73,110],"zones":[],"pointsPerHour":0,"points":20556,"blocktime":22,"taken":34477,"name":"adde45","totalPoints":4719626,"rank":49,"id":128558,"place":2414,"uniqueZonesTaken":754,"region":{"name":"Värmland","id":130}},"time":"2021-10-25T18:51:27+0000","message":"Jomii: mal zoner","region":{"name":"Värmland","id":130},"type":"chat"},{"sender":{"country":"se","medals":[16,27,28,4,67,48,70,21,93,83,79,77,7,117,104,15,58,122,73,127],"zones":[],"pointsPerHour":0,"points":106936,"blocktime":23,"taken":34606,"name":"skinnet5","totalPoints":10891169,"rank":55,"id":37833,"place":466,"uniqueZonesTaken":1295,"region":{"name":"Östergötland","id":139}},"time":"2021-10-25T18:49:40+0000","message":"miawita: det har du rätt i 👊","region":{"name":"Östergötland","id":139},"type":"chat"}]