[{"medal":131,"time":"2022-06-27T09:51:02+0000","type":"medal","user":{"country":"fi","medals":[94,6,55,28,47,126,5,14,108,77,38,67,70,131],"zones":[17783,12104,34728,178472,11147,343081],"pointsPerHour":0,"points":30245,"blocktime":1215,"taken":11293,"name":"Rödjas","totalPoints":1573177,"rank":41,"id":228822,"place":7155,"uniqueZonesTaken":555,"region":{"name":"Åland","id":177}}},{"medal":6,"time":"2022-06-27T09:50:56+0000","type":"medal","user":{"country":"se","medals":[70,28,5,21,16,77,67,95,48,79,57,122,14,37,104,6],"zones":[835],"pointsPerHour":0,"points":175,"blocktime":1200,"taken":8771,"name":"FredFlinta","totalPoints":1425961,"rank":40,"id":234160,"place":7155,"uniqueZonesTaken":589,"region":{"name":"Västra Götaland","id":132}}},{"medal":6,"time":"2022-06-27T09:39:25+0000","type":"medal","user":{"country":"se","medals":[51,11,33,6],"zones":[879],"pointsPerHour":0,"points":24322,"blocktime":855,"taken":508,"name":"samLat","totalPoints":66575,"rank":17,"id":310046,"place":7153,"uniqueZonesTaken":98,"region":{"name":"Uppsala","id":142}}}]