[{"medal":11,"time":"2022-06-27T08:13:09+0000","type":"medal","user":{"country":"se","medals":[93,86,51,11],"zones":[69936,10890,9483,92670],"pointsPerHour":0,"points":11518,"blocktime":750,"taken":81,"name":"Annanasan","totalPoints":17147,"rank":10,"id":365228,"place":7144,"uniqueZonesTaken":50,"region":{"name":"Västra Götaland","id":132}}},{"medal":84,"time":"2022-06-27T08:12:46+0000","type":"medal","user":{"country":"wd","medals":[84],"zones":[483701,452891],"pointsPerHour":0,"points":470,"blocktime":675,"taken":5,"name":"Sophienz","totalPoints":2282,"rank":5,"id":364030,"place":7144,"uniqueZonesTaken":3,"region":{"name":"New Zealand","id":250}}},{"medal":131,"time":"2022-06-27T08:11:30+0000","type":"medal","user":{"country":"se","medals":[93,28,6,46,16,100,54,37,13,131],"zones":[481318,431044,5443,318881,80838,178223,491785,142801,176247,154842,220379,154843,119355,113501,18591,113502],"pointsPerHour":0,"points":52120,"blocktime":1230,"taken":9247,"name":"Sanson","totalPoints":2036356,"rank":42,"id":253033,"place":7144,"uniqueZonesTaken":301,"region":{"name":"Södermanland","id":140}}},{"medal":84,"time":"2022-06-27T08:04:42+0000","type":"medal","user":{"country":"se","medals":[84],"zones":[16046],"pointsPerHour":0,"points":140,"blocktime":660,"taken":5,"name":"Sropvimstan","totalPoints":1554,"rank":4,"id":281328,"place":7144,"uniqueZonesTaken":5,"region":{"name":"Södermanland","id":140}}}]