[{"medal":35,"time":"2021-11-08T20:03:44+0000","type":"medal","user":{"country":"se","medals":[100,6,90,53,78,14,128,95,35],"zones":[7842,21586,21588,21590,18921,94810,46798,22207],"pointsPerHour":0,"points":5275,"blocktime":1095,"taken":2500,"name":"MosterMysko","totalPoints":488177,"rank":33,"id":305441,"place":4331,"uniqueZonesTaken":540,"region":{"name":"Stockholm","id":141}}},{"medal":10,"time":"2021-11-08T19:50:03+0000","type":"medal","user":{"country":"se","medals":[92,52,32,10],"zones":[12032,55970,223191,95652,29222,23864,8907,325567,32668,32669,12031],"pointsPerHour":0,"points":8093,"blocktime":780,"taken":159,"name":"Bussqvintus","totalPoints":25840,"rank":12,"id":351078,"place":4330,"uniqueZonesTaken":47,"region":{"name":"Jämtland","id":128}}}]