[{"medal":31,"time":"2021-11-09T12:00:32+0000","type":"medal","user":{"country":"se","medals":[51,92,31],"zones":[1472,955,57726],"pointsPerHour":0,"points":1821,"blocktime":705,"taken":25,"name":"Queenie6","totalPoints":5874,"rank":7,"id":351209,"place":4481,"uniqueZonesTaken":21,"region":{"name":"Kalmar","id":137}}},{"sender":{"country":"se","medals":[28,126,55,95,6,71,47,14,38,105,128],"zones":[],"pointsPerHour":0,"points":4812,"blocktime":1200,"taken":11969,"name":"GhrytaBhoy","totalPoints":1421082,"rank":40,"id":255523,"place":1304,"uniqueZonesTaken":640,"region":{"name":"Västmanland","id":143}},"time":"2021-11-09T11:50:06+0000","message":"FlitigaTobbe: Jag väntar itunneln","region":{"name":"Västmanland","id":143},"type":"chat"}]