[{"medal":84,"time":"2021-11-08T18:20:19+0000","type":"medal","user":{"country":"se","medals":[84],"zones":[117724],"pointsPerHour":0,"points":95,"blocktime":660,"taken":5,"name":"GungHo","totalPoints":1487,"rank":4,"id":337886,"place":4302,"uniqueZonesTaken":5,"region":{"name":"Stockholm","id":141}}},{"sender":{"country":"se","medals":[67,5,22,16,93,28,47,79,7,56,4,14,40,103,127],"zones":[139106,24898,139105,55688,25003,25006],"pointsPerHour":16,"points":2779,"blocktime":1320,"taken":24829,"name":"Livorno","totalPoints":4421160,"rank":48,"id":165719,"place":1567,"uniqueZonesTaken":668,"region":{"name":"Västra Götaland","id":132}},"time":"2021-11-08T18:16:10+0000","message":"LabRat: 👍","region":{"name":"Västra Götaland","id":132},"type":"chat"},{"sender":{"country":"se","medals":[16,79,70,24,68,5,72,17,116,22,4,27,66,75,24,68,67,77,68,68,68,45,24,81,2,69,68,68,68,119,124,68,111,126,117,3,68,68,68,17,74,129,68],"zones":[95041,36805,26694,36806,26695,43403,31443,92821,193429,11165,11166,47204,114532,92518,139690,32425,32428,24878,185324,206197,206196,23480,350975,165689,350971,145597,153597],"pointsPerHour":61,"points":30200,"blocktime":1470,"taken":150365,"name":"floramcml","totalPoints":23289647,"rank":58,"id":175148,"place":34,"uniqueZonesTaken":5217,"region":{"name":"Örebro","id":131}},"time":"2021-11-08T18:13:18+0000","message":"LowTechLenny: Tackar! 😊👍","region":{"name":"Örebro","id":131},"type":"chat"}]