[{"medal":117,"time":"2021-11-08T07:39:53+0000","type":"medal","user":{"country":"se","medals":[5,70,16,22,27,4,79,48,77,104,72,58,7,124,98,126,67,74,73,129,117],"zones":[7298,7842,37736,24249,7722,126587,281806,15357],"pointsPerHour":0,"points":7993,"blocktime":1380,"taken":33507,"name":"microblaze","totalPoints":6759983,"rank":52,"id":165353,"place":3763,"uniqueZonesTaken":5382,"region":{"name":"Stockholm","id":141}}},{"medal":128,"time":"2021-11-08T07:35:40+0000","type":"medal","user":{"country":"se","medals":[126,4,95,24,103,46,53,7,36,14,10,128],"zones":[9682,228123,7434,28795,828],"pointsPerHour":0,"points":527,"blocktime":1125,"taken":6312,"name":"acn71","totalPoints":733889,"rank":35,"id":274269,"place":3758,"uniqueZonesTaken":516,"region":{"name":"Västmanland","id":143}}},{"medal":129,"time":"2021-11-08T07:09:15+0000","type":"medal","user":{"country":"se","medals":[7,46,126,22,14,107,28,79,55,77,70,98,39,129],"zones":[48450,318438,12119,12120,33658,81869],"pointsPerHour":0,"points":1212,"blocktime":1245,"taken":16827,"name":"eplkurt","totalPoints":2321529,"rank":43,"id":32644,"place":3726,"uniqueZonesTaken":670,"region":{"name":"Västerbotten","id":127}}}]