[{"sender":{"country":"se","medals":[5,4,57,22,16,67,10,47,70,7,15,79,124,24,117,77,27,36,94,131,102],"zones":[53633,322,80098,63012,8916,97831,238],"pointsPerHour":43,"points":25970,"blocktime":1185,"taken":6777,"name":"Mimikryp","totalPoints":1199329,"rank":39,"id":31546,"place":455,"uniqueZonesTaken":1579,"region":{"name":"Stockholm","id":141}},"time":"2022-04-08T15:13:19+0000","message":"Buzd: Ingen brådska! 🙂 Rött ljus just nu.","region":{"name":"Stockholm","id":141},"type":"chat"},{"sender":{"country":"se","medals":[28,47,16,77,79,57,15,4,124,107,37,95,7,131],"zones":[323,82413],"pointsPerHour":14,"points":4859,"blocktime":1200,"taken":9779,"name":"Buzd","totalPoints":1454347,"rank":40,"id":317315,"place":2225,"uniqueZonesTaken":1776,"region":{"name":"Stockholm","id":141}},"time":"2022-04-08T15:12:49+0000","message":"Mimikryp: då går jag så fort jag kan😀","region":{"name":"Stockholm","id":141},"type":"chat"},{"sender":{"country":"se","medals":[5,4,57,22,16,67,10,47,70,7,15,79,124,24,117,77,27,36,94,131,102],"zones":[53633,322,80098,63012,8916,97831,238],"pointsPerHour":43,"points":25969,"blocktime":1185,"taken":6777,"name":"Mimikryp","totalPoints":1199328,"rank":39,"id":31546,"place":455,"uniqueZonesTaken":1579,"region":{"name":"Stockholm","id":141}},"time":"2022-04-08T15:12:15+0000","message":"Buzd: Jag kommer med bussen!  😀","region":{"name":"Stockholm","id":141},"type":"chat"},{"sender":{"country":"se","medals":[28,47,16,77,79,57,15,4,124,107,37,95,7,131],"zones":[323,82413],"pointsPerHour":14,"points":4859,"blocktime":1200,"taken":9779,"name":"Buzd","totalPoints":1454347,"rank":40,"id":317315,"place":2225,"uniqueZonesTaken":1776,"region":{"name":"Stockholm","id":141}},"time":"2022-04-08T15:11:56+0000","message":"Mimikryp: gärna!","region":{"name":"Stockholm","id":141},"type":"chat"},{"sender":{"country":"se","medals":[5,4,57,22,16,67,10,47,70,7,15,79,124,24,117,77,27,36,94,131,102],"zones":[53633,322,80098,63012,8916,97831,238],"pointsPerHour":43,"points":25968,"blocktime":1185,"taken":6777,"name":"Mimikryp","totalPoints":1199327,"rank":39,"id":31546,"place":455,"uniqueZonesTaken":1579,"region":{"name":"Stockholm","id":141}},"time":"2022-04-08T15:11:41+0000","message":"Buzd: Assist på HardRock?","region":{"name":"Stockholm","id":141},"type":"chat"},{"sender":{"country":"se","medals":[7,5,98,16,15,46,79,122,70,57,126,10,39,130,107],"zones":[28034,29828,80775,227076,197898,117514,29836,296265,221198,24401,154769,318738,139803,323364,22561,323365,323366,323367,323362,22890,323368,323369,154095,26926,154093,26928,26929,26930,136368,7220,7221,7222,114807,91577,7226,91578,431353,94974],"pointsPerHour":76,"points":26149,"blocktime":1335,"taken":16861,"name":"Dalbon","totalPoints":4743924,"rank":49,"id":129205,"place":447,"uniqueZonesTaken":2051,"region":{"name":"Västra Götaland","id":132}},"time":"2022-04-08T15:08:40+0000","message":"Lindhardt: på väg hem är jag","region":{"name":"Västra Götaland","id":132},"type":"chat"},{"medal":39,"time":"2022-04-08T15:07:00+0000","type":"medal","user":{"country":"se","medals":[79,46,6,94,13,16,101,28,24,22,54,128,39],"zones":[98,114498,349265,31509,103,136346,223801,228319],"pointsPerHour":0,"points":19262,"blocktime":1230,"taken":15000,"name":"Ullabella","totalPoints":1944927,"rank":42,"id":253128,"place":4795,"uniqueZonesTaken":402,"region":{"name":"Östergötland","id":139}}}]