[{"sender":{"country":"se","medals":[5,16,46,70,67,57,10,79,17,37,17,116,7,107,126,15,122],"zones":[20316],"pointsPerHour":6,"points":5762,"blocktime":20,"taken":9793,"name":"Ellis88","totalPoints":1771412,"rank":42,"id":64983,"place":2809,"uniqueZonesTaken":1044,"region":{"name":"Örebro","id":131}},"time":"2021-06-14T11:39:48+0000","message":"Ja ger upp vi får ta de en anan dag ha de bäst allihopa","region":{"name":"Södermanland","id":140},"type":"chat"},{"medal":86,"time":"2021-06-14T11:39:47+0000","type":"medal","user":{"country":"se","medals":[80,92,86],"zones":[3269,381730,116057,56777,48746,20924],"pointsPerHour":0,"points":4654,"blocktime":12,"taken":50,"name":"Makra","totalPoints":12664,"rank":9,"id":331179,"place":6492,"uniqueZonesTaken":40,"region":{"name":"Gotland","id":138}}},{"sender":{"country":"se","medals":[16,67,27,70,4,24,21,68,8,24,24,75,30,72,61,68,49,91,79,77,83,2,68,24,68,45,24,68,113,25,76,82,1,69,68,24,68,65,68,50,17,116,24,117,68,113,1,69,68,64,24,119,1,69,68,1,69,68,17,29,24,68,26,24,108,124,24,24,126,1,69,68,24],"zones":[52929,30211,47619,1732,54661,15113,179979,8905,27914,42318,46351,46352,46353,3218,7700,8596,11285,9304,168221,306535,995,9572,57828,350051,9382,224548,9383,226859,9384,1003,409258,1004,55788,126255,122863,8944,43378,179128,64701],"pointsPerHour":313,"points":64469,"blocktime":24,"taken":146237,"name":"Bont","totalPoints":21328234,"rank":58,"id":90307,"place":243,"uniqueZonesTaken":4634,"region":{"name":"Västerbotten","id":127}},"time":"2021-06-14T11:39:32+0000","message":"ggc: om du går medurs runt sjukhuset så hoppar jag de zonerna","region":{"name":"Västerbotten","id":127},"type":"chat"},{"medal":100,"time":"2021-06-14T11:39:12+0000","type":"medal","user":{"country":"se","medals":[93,100],"zones":[],"pointsPerHour":0,"points":430,"blocktime":10,"taken":5,"name":"Mandisen07","totalPoints":430,"rank":2,"id":307822,"place":6491,"uniqueZonesTaken":5,"region":{"name":"Stockholm","id":141}}},{"sender":{"country":"se","medals":[22,70,16,79,77,47,7,4,15,24,112,5,72,123,126,107,39,27,57],"zones":[18112,33797,296257,18118,33801,24393,22092,22093,80398,18127,24404,46804,62360,7066,87723,44591,44594,44595,44596,44599,44600,31480,33721,49786,49787,33724,18109,18110,18111,23871],"pointsPerHour":121,"points":32492,"blocktime":21,"taken":17673,"name":"pemel","totalPoints":2906047,"rank":45,"id":165631,"place":762,"uniqueZonesTaken":1792,"region":{"name":"Uppsala","id":142}},"time":"2021-06-14T11:36:53+0000","message":"vretalund: Det fanns ju en neutral också. 😀","region":{"name":"Uppsala","id":142},"type":"chat"}]