[{"medal":84,"time":"2022-09-14T08:57:20+0000","type":"medal","user":{"country":"se","medals":[84],"zones":[25986,25987,224797],"pointsPerHour":0,"points":732,"blocktime":10,"taken":5,"name":"klaraNa22","totalPoints":732,"rank":3,"id":374628,"place":7164,"uniqueZonesTaken":5,"region":{"name":"Kalmar","id":137}}},{"medal":93,"time":"2022-09-14T08:56:10+0000","type":"medal","user":{"country":"se","medals":[80,84,93],"zones":[96209,137536,93732,26855,939,22349,22350],"pointsPerHour":0,"points":1011,"blocktime":10,"taken":9,"name":"joonnaa006","totalPoints":1011,"rank":3,"id":374616,"place":7162,"uniqueZonesTaken":9,"region":{"name":"Kalmar","id":137}}},{"medal":84,"time":"2022-09-14T08:54:59+0000","type":"medal","user":{"country":"se","medals":[84],"zones":[382149,23992,23688,943],"pointsPerHour":0,"points":600,"blocktime":10,"taken":5,"name":"AliceWahl","totalPoints":600,"rank":2,"id":374642,"place":7162,"uniqueZonesTaken":5,"region":{"name":"Kalmar","id":137}}},{"medal":84,"time":"2022-09-14T08:48:54+0000","type":"medal","user":{"country":"se","medals":[93,80,84],"zones":[23687,23688,223999,43229,24239],"pointsPerHour":0,"points":769,"blocktime":10,"taken":6,"name":"Affe6969","totalPoints":769,"rank":3,"id":374611,"place":7161,"uniqueZonesTaken":6,"region":{"name":"Kalmar","id":137}}},{"medal":80,"time":"2022-09-14T08:48:54+0000","type":"medal","user":{"country":"se","medals":[93,80,84],"zones":[23687,23688,223999,43229,24239],"pointsPerHour":0,"points":769,"blocktime":10,"taken":6,"name":"Affe6969","totalPoints":769,"rank":3,"id":374611,"place":7161,"uniqueZonesTaken":6,"region":{"name":"Kalmar","id":137}}}]