[{"medal":80,"time":"2022-09-13T10:49:20+0000","type":"medal","user":{"country":"se","medals":[84,80],"zones":[11344,488501,517836,12779,11343],"pointsPerHour":0,"points":984,"blocktime":10,"taken":7,"name":"gustafffsson","totalPoints":984,"rank":3,"id":374453,"place":6994,"uniqueZonesTaken":7,"region":{"name":"Västra Götaland","id":132}}},{"medal":86,"time":"2022-09-13T10:46:22+0000","type":"medal","user":{"country":"se","medals":[51,92,86],"zones":[204178,3382,525222],"pointsPerHour":0,"points":9521,"blocktime":12,"taken":50,"name":"Matastyle","totalPoints":11508,"rank":8,"id":370743,"place":6994,"uniqueZonesTaken":29,"region":{"name":"Halland","id":134}}},{"medal":85,"time":"2022-09-13T10:41:34+0000","type":"medal","user":{"country":"se","medals":[80,85],"zones":[146226,12112,16966,6060],"pointsPerHour":0,"points":1542,"blocktime":11,"taken":10,"name":"Karlaz","totalPoints":1542,"rank":4,"id":374290,"place":6994,"uniqueZonesTaken":10,"region":{"name":"Västra Götaland","id":132}}},{"medal":85,"time":"2022-09-13T10:41:34+0000","type":"medal","user":{"country":"se","medals":[80,85],"zones":[11346,26323,12819,43147,23243],"pointsPerHour":0,"points":1420,"blocktime":11,"taken":10,"name":"Mishkin","totalPoints":1420,"rank":4,"id":374235,"place":6994,"uniqueZonesTaken":10,"region":{"name":"Västra Götaland","id":132}}}]