[{"medal":93,"time":"2023-05-02T08:12:44+0000","type":"medal","user":{"country":"se","medals":[93],"zones":[],"pointsPerHour":0,"points":65,"blocktime":600,"taken":1,"name":"v,a,h,j","totalPoints":65,"rank":0,"id":391484,"place":8577,"uniqueZonesTaken":1,"region":{"name":"Uppsala","id":142}}},{"sender":{"country":"no","medals":[94,10,27,16,4,55,6,79,127,77,70,12,117,33,100],"zones":[],"pointsPerHour":0,"points":9184,"blocktime":1005,"taken":623,"name":"LordNorth","totalPoints":238658,"rank":27,"id":362178,"place":3733,"uniqueZonesTaken":117,"region":{"name":"Vestlandet","id":181}},"time":"2023-05-02T08:07:52+0000","message":"North_Wing: 🫡","region":{"name":"Vestlandet","id":181},"type":"chat"}]