[{"medal":84,"time":"2022-09-27T08:18:29+0000","type":"medal","user":{"country":"se","medals":[94,84],"zones":[1557,480351,954],"pointsPerHour":0,"points":581,"blocktime":630,"taken":5,"name":"Marko12345","totalPoints":581,"rank":2,"id":377953,"place":9457,"uniqueZonesTaken":5,"region":{"name":"Kronoberg","id":147}}},{"medal":84,"time":"2022-09-27T08:18:23+0000","type":"medal","user":{"country":"se","medals":[84],"zones":[24022,654,959,7919],"pointsPerHour":0,"points":627,"blocktime":630,"taken":5,"name":"moltasgr","totalPoints":627,"rank":2,"id":377550,"place":9457,"uniqueZonesTaken":5,"region":{"name":"Kronoberg","id":147}}},{"medal":84,"time":"2022-09-27T08:18:23+0000","type":"medal","user":{"country":"se","medals":[94,84],"zones":[7861,5257,57726],"pointsPerHour":0,"points":581,"blocktime":630,"taken":5,"name":"Joshua.Beaver","totalPoints":581,"rank":2,"id":377719,"place":9457,"uniqueZonesTaken":5,"region":{"name":"Kronoberg","id":147}}},{"medal":85,"time":"2022-09-27T08:17:53+0000","type":"medal","user":{"country":"se","medals":[80,85,90],"zones":[42400,12307,7863,480351,7929,115400,1114],"pointsPerHour":0,"points":1377,"blocktime":660,"taken":10,"name":"Hugorodriguez","totalPoints":1377,"rank":4,"id":377941,"place":9456,"uniqueZonesTaken":10,"region":{"name":"Kronoberg","id":147}}},{"medal":90,"time":"2022-09-27T08:17:53+0000","type":"medal","user":{"country":"se","medals":[80,85,90],"zones":[42400,12307,7863,480351,7929,115400,1114],"pointsPerHour":0,"points":1377,"blocktime":660,"taken":10,"name":"Hugorodriguez","totalPoints":1377,"rank":4,"id":377941,"place":9456,"uniqueZonesTaken":10,"region":{"name":"Kronoberg","id":147}}},{"medal":130,"time":"2022-09-27T08:17:47+0000","type":"medal","user":{"country":"se","medals":[51,94,12,105,17,35,6,10,130],"zones":[60690,88418,43735,25992,45944,45946,179849],"pointsPerHour":0,"points":33093,"blocktime":1095,"taken":3445,"name":"MormorBjo","totalPoints":509556,"rank":33,"id":350561,"place":9456,"uniqueZonesTaken":185,"region":{"name":"Kalmar","id":137}}},{"medal":84,"time":"2022-09-27T08:17:35+0000","type":"medal","user":{"country":"se","medals":[84],"zones":[24017,79395,17754,9707],"pointsPerHour":0,"points":627,"blocktime":630,"taken":5,"name":"GustavFälth","totalPoints":627,"rank":2,"id":377758,"place":9456,"uniqueZonesTaken":5,"region":{"name":"Kronoberg","id":147}}},{"medal":51,"time":"2022-09-27T08:16:59+0000","type":"medal","user":{"country":"se","medals":[93,100,92,90,31,51],"zones":[172739,319169,856,22872,1033,22858,80859,119628,95052,516360],"pointsPerHour":0,"points":1768,"blocktime":720,"taken":40,"name":"Pappadino","totalPoints":8673,"rank":8,"id":335200,"place":9455,"uniqueZonesTaken":33,"region":{"name":"Västra Götaland","id":132}}},{"medal":84,"time":"2022-09-27T08:16:47+0000","type":"medal","user":{"country":"se","medals":[84],"zones":[56721,24018,957],"pointsPerHour":0,"points":628,"blocktime":630,"taken":5,"name":"Oskar12345321","totalPoints":628,"rank":2,"id":377756,"place":9455,"uniqueZonesTaken":5,"region":{"name":"Kronoberg","id":147}}},{"medal":80,"time":"2022-09-27T08:16:41+0000","type":"medal","user":{"country":"se","medals":[84,80],"zones":[78759,22776,4984,12383,22319],"pointsPerHour":0,"points":721,"blocktime":645,"taken":7,"name":"Narges12316","totalPoints":721,"rank":3,"id":377764,"place":9455,"uniqueZonesTaken":5,"region":{"name":"Östergötland","id":139}}},{"medal":84,"time":"2022-09-27T08:16:16+0000","type":"medal","user":{"country":"se","medals":[84],"zones":[22326,22327,178267,127294],"pointsPerHour":0,"points":925,"blocktime":645,"taken":5,"name":"liambp","totalPoints":925,"rank":3,"id":377795,"place":9455,"uniqueZonesTaken":5,"region":{"name":"Kronoberg","id":147}}},{"medal":6,"time":"2022-09-27T08:15:33+0000","type":"medal","user":{"country":"se","medals":[16,67,72,13,48,126,71,58,104,127,95,88,83,6],"zones":[28419,28421,94603,95147,25772,91535,86414,79342,7152,95376,24215,111353,344671,2426,298527,344670,298522,298523],"pointsPerHour":0,"points":164800,"blocktime":1425,"taken":44141,"name":"Helge70","totalPoints":10228849,"rank":55,"id":108710,"place":9455,"uniqueZonesTaken":424,"region":{"name":"Kalmar","id":137}}},{"medal":84,"time":"2022-09-27T08:15:15+0000","type":"medal","user":{"country":"se","medals":[84],"zones":[17863,1116,127292],"pointsPerHour":0,"points":836,"blocktime":645,"taken":5,"name":"FolkeWaldén","totalPoints":836,"rank":3,"id":377779,"place":9454,"uniqueZonesTaken":5,"region":{"name":"Kronoberg","id":147}}},{"medal":94,"time":"2022-09-27T08:15:15+0000","type":"medal","user":{"country":"se","medals":[94],"zones":[],"pointsPerHour":0,"points":155,"blocktime":600,"taken":1,"name":"sallyaltgard","totalPoints":155,"rank":0,"id":377930,"place":9454,"uniqueZonesTaken":1,"region":{"name":"Kronoberg","id":147}}},{"medal":94,"time":"2022-09-27T08:15:15+0000","type":"medal","user":{"country":"se","medals":[94],"zones":[17864,958],"pointsPerHour":0,"points":420,"blocktime":630,"taken":3,"name":"aallebasii","totalPoints":420,"rank":2,"id":377931,"place":9454,"uniqueZonesTaken":3,"region":{"name":"Kronoberg","id":147}}},{"medal":80,"time":"2022-09-27T08:15:03+0000","type":"medal","user":{"country":"se","medals":[84,80],"zones":[12306,24020,224011,178267,513514],"pointsPerHour":0,"points":1102,"blocktime":645,"taken":7,"name":"@lbin1337","totalPoints":1102,"rank":3,"id":377782,"place":9454,"uniqueZonesTaken":7,"region":{"name":"Kronoberg","id":147}}},{"country":"se","sender":{"country":"se","medals":[],"zones":[],"pointsPerHour":0,"points":1,"blocktime":600,"taken":0,"name":"maxv09","totalPoints":1,"rank":0,"id":377040,"place":9454,"uniqueZonesTaken":0},"time":"2022-09-27T08:14:51+0000","message":"Tjo","type":"chat"},{"sender":{"country":"uk","medals":[79,67,77,27,16,70,94,117,14,21,82,3,3,48,72,123,83,2,69,68,3,68,69,68,101,132,2,69,68,88],"zones":[321540,321543,321537,321538,321548,321549,321550,321551,321544,321545,321546,321547,321556,321557,321558,321552,321554,321555,331805,331804,331806,331808,481334,514110,514109,514108,514107,514106,418887,418894,418893,418890,418891,418888,350305,350306,373877,373876,373879,373878,373885,373881,373880,373883,373892,373889,373891,373890,320655,320660,320661,320662,320663,320656,320657,320658,320659,320668,320669,320670,320671,320664,320665,320666,320667,320676,320672,320673,320674,320675,354493,354492,354495,354494,354501,354500,354502,354497,354496,354499,354498,365775,354505,354504,365780,488661,488660,488659,365776,365779,365778,365790,365785,365784,365799,365793,365804,365801,374005,374004,374007,374006,374001,374003,374002,374013,374012,374014,374009,374008,374011,381189,381188,381191,381190,368897,368896,381187,368898,381197,381196,381199,381198,381193,381192,381195,381194,381205,381204,381207,381206,381201,381200,381203,381202,381208,320807,320812,320813,320814,320815,320808,320809,320810,320811,320816,487753,487752,320854,320855,48469,48472,320860,48473,320861,320862,320863,320856,320857,320858,320859,381295,320879,320885,320886,320887,320880,320892,320893,320894,320895,320889,320890,470393,320891,320900,320901,320902,320903,320896,320899,320905,320906,381383,361941,361940,361937,361936,361939,361938,328157,328159,513511,320996,513510,328164,320997,513509,328167,320998,513508,320999,513507,328161,513506,328160,328163,328162,328173,328172,328175,328174,328168,328171,513513,328170,513512,356852,356855,515572,356854,515571,328177,328176,356851,328179,328178,356860,513534,338428,356863,513533,356862,513532,356857,513531,356856,356859,338427,356865,356864,393742,393743,393750,362004,362007,393748,393749,393746,393747,362002,393745,362015,362008,362010,362021,362017,513599,513598,513605,409152,409153,513600,373380,373383,373382,483971,373384,513703,513706,513705,513704,484023,408244,408243,408252,408253,408251,487151,356076,356079,356074,515845,515843,515841,515840,515853,515861,515860,515859,515856,478007,478006,478005,478009,478008,478039,478038,478037,479061,478036,478035,478034,479058,478033,479057,479056,478041,478040,479064,479079,479087,479086,479085,479084,479083,479082,479081,427894,427895,479094,479091,479090,479088,427902,350077,479103,350076,350079,427900,479101,427901,350078,427898,427899,427896,479111,515975,515974,515973,479109,515972,515971,350081,350080,350083,479105,350082,515976,418718,418719,480164,418725,418722,418723,418720,418721,321454,321455,321460,321462,321456,321457,321458,321459,321469,321465,365509,345031,365510,345030,321473,365507,321484,365516,321485,365518,321487,345033,345032,321481,365515,345035,345034,321483,321492,400342,365525,321493,400343,400340,400341,365526,321488,365521,321489,321490,365523,321491,321500,321502,321503,321496,321497,400347,321498,400344,321499,321508,321509,321510,321511,321505,321506,321507,321519,321513,321514,321515,321524,324596,324597,321527,321520,321521,321522,321523,324595,321532,321533,365564,321528,321529,321531],"pointsPerHour":917,"points":824515,"blocktime":1425,"taken":40104,"name":"Drylaw13","totalPoints":10530764,"rank":55,"id":336548,"place":4,"uniqueZonesTaken":793,"region":{"name":"Scotland","id":200}},"time":"2022-09-27T08:14:17+0000","message":"CardiffSoulCru: 👍","region":{"name":"Scotland","id":200},"type":"chat"}]