[{"sender":{"country":"se","medals":[5,77,99,24,79,16,126,70,72,47,24,6,122,14,106,38,57,24],"zones":[46531,2437,114951,2439,85766,9418,9419,114956,169298,178387,154192,3443,7706,193277],"pointsPerHour":40,"points":64537,"blocktime":1230,"taken":13706,"name":"EQ","totalPoints":2052309,"rank":42,"id":200915,"place":591,"uniqueZonesTaken":688,"region":{"name":"Västerbotten","id":127}},"time":"2022-03-22T12:50:07+0000","message":"Klättra = lära","region":{"name":"Västerbotten","id":127},"type":"chat"},{"sender":{"country":"se","medals":[5,77,99,24,79,16,126,70,72,47,24,6,122,14,106,38,57,24],"zones":[46531,2437,114951,2439,85766,9418,9419,114956,169298,178387,154192,3443,7706,193277],"pointsPerHour":40,"points":64537,"blocktime":1230,"taken":13706,"name":"EQ","totalPoints":2052308,"rank":42,"id":200915,"place":591,"uniqueZonesTaken":688,"region":{"name":"Västerbotten","id":127}},"time":"2022-03-22T12:49:32+0000","message":"Då får du samma felmarginal hela tiden och kan klättra dig var exakt zonerna är. Stäng även av wifi när du turfar.","region":{"name":"Västerbotten","id":127},"type":"chat"},{"sender":{"country":"se","medals":[5,77,99,24,79,16,126,70,72,47,24,6,122,14,106,38,57,24],"zones":[46531,2437,114951,2439,85766,9418,9419,114956,169298,178387,154192,3443,7706,193277],"pointsPerHour":40,"points":64536,"blocktime":1230,"taken":13706,"name":"EQ","totalPoints":2052307,"rank":42,"id":200915,"place":591,"uniqueZonesTaken":688,"region":{"name":"Västerbotten","id":127}},"time":"2022-03-22T12:48:24+0000","message":"piggelin90: starta alltid turf på samma ställe, gärna öppen plats utan hus nära.","region":{"name":"Västerbotten","id":127},"type":"chat"}]