[{"medal":10,"time":"2022-03-22T15:38:39+0000","type":"medal","user":{"country":"se","medals":[94,100,80,31,92,10],"zones":[92036,394643,136005,93672,1437],"pointsPerHour":0,"points":5554,"blocktime":705,"taken":41,"name":"jipe","totalPoints":5554,"rank":7,"id":356813,"place":6295,"uniqueZonesTaken":29,"region":{"name":"Skåne","id":135}}},{"medal":85,"time":"2022-03-22T15:37:15+0000","type":"medal","user":{"country":"se","medals":[80,93,85,10],"zones":[33984,28256,516,11415,11416,28331,11419,139438],"pointsPerHour":0,"points":1405,"blocktime":660,"taken":10,"name":"desendiac","totalPoints":1405,"rank":4,"id":356923,"place":6295,"uniqueZonesTaken":10,"region":{"name":"Skåne","id":135}}},{"medal":10,"time":"2022-03-22T15:37:15+0000","type":"medal","user":{"country":"se","medals":[80,93,85,10],"zones":[33984,28256,516,11415,11416,28331,11419,139438],"pointsPerHour":0,"points":1405,"blocktime":660,"taken":10,"name":"desendiac","totalPoints":1405,"rank":4,"id":356923,"place":6295,"uniqueZonesTaken":10,"region":{"name":"Skåne","id":135}}},{"medal":93,"time":"2022-03-22T15:30:23+0000","type":"medal","user":{"country":"se","medals":[80,84,93],"zones":[33984,28256,11415,11416,139438],"pointsPerHour":0,"points":841,"blocktime":645,"taken":6,"name":"desendiac","totalPoints":841,"rank":3,"id":356923,"place":6293,"uniqueZonesTaken":6,"region":{"name":"Skåne","id":135}}}]