[{"medal":106,"time":"2023-11-21T20:56:06+0000","type":"medal","user":{"country":"se","medals":[51,79,97,90,4,12,34,5,106],"zones":[94518],"pointsPerHour":0,"points":4844,"blocktime":17,"taken":1642,"name":"MrsHippie","totalPoints":289891,"rank":29,"id":211147,"place":5937,"uniqueZonesTaken":158,"region":{"name":"Stockholm","id":141}}},{"medal":51,"time":"2023-11-21T20:52:09+0000","type":"medal","user":{"country":"se","medals":[85,51],"zones":[43891,36820,521987,36821,36822,36824,486507,8333,208749,36815],"pointsPerHour":0,"points":2353,"blocktime":11,"taken":15,"name":"mästerfiskaren","totalPoints":2353,"rank":5,"id":415886,"place":5937,"uniqueZonesTaken":11,"region":{"name":"Gävleborg","id":144}}}]