[{"medal":100,"time":"2023-11-20T13:58:32+0000","type":"medal","user":{"country":"se","medals":[93,80,92,151,42,100],"zones":[20810,7855],"pointsPerHour":0,"points":10620,"blocktime":13,"taken":258,"name":"Sonjac","totalPoints":43904,"rank":15,"id":406893,"place":5860,"uniqueZonesTaken":25,"region":{"name":"Stockholm","id":141}}},{"medal":28,"time":"2023-11-20T13:53:29+0000","type":"medal","user":{"country":"se","medals":[77,46,154,16,55,33,70,128,13,28],"zones":[20544,51584,316673,319171,62671,21460,90775,82326,514512,590417,11353,222233,34655,177437,11360,11362,320870,199078,17899,17901,62253,62511,570746,95539,17908,28340,121717,114932,542910,430332,1402,1406],"pointsPerHour":0,"points":87415,"blocktime":16,"taken":787,"name":"IndoorsyHermit","totalPoints":164607,"rank":24,"id":410695,"place":5860,"uniqueZonesTaken":263,"region":{"name":"Skåne","id":135}}},{"medal":80,"time":"2023-11-20T13:23:31+0000","type":"medal","user":{"country":"se","medals":[84,80],"zones":[31328,11505,403601,30858,605031],"pointsPerHour":0,"points":975,"blocktime":10,"taken":7,"name":"Pekks","totalPoints":975,"rank":3,"id":415868,"place":5858,"uniqueZonesTaken":7,"region":{"name":"Uppsala","id":142}}}]