[{"medal":85,"time":"2023-11-20T18:46:33+0000","type":"medal","user":{"country":"dk","medals":[51,85],"zones":[5716,33956,140150,5717,33957,34517,34524,5709,34525,568277],"pointsPerHour":0,"points":2597,"blocktime":11,"taken":10,"name":"Bornfeta","totalPoints":2597,"rank":5,"id":415851,"place":5875,"uniqueZonesTaken":10,"region":{"name":"Hovedstaden","id":172}}},{"medal":51,"time":"2023-11-20T18:46:33+0000","type":"medal","user":{"country":"dk","medals":[51,85],"zones":[5716,33956,140150,5717,33957,34517,34524,5709,34525,568277],"pointsPerHour":0,"points":2597,"blocktime":11,"taken":10,"name":"Bornfeta","totalPoints":2597,"rank":5,"id":415851,"place":5875,"uniqueZonesTaken":10,"region":{"name":"Hovedstaden","id":172}}},{"sender":{"country":"se","medals":[70,24,90,46,117,5,67,77,132,56,15,79,95,40,7,122,103,155],"zones":[7937,91843,1282,138471,114599,17030,281804,179432,17037,96300,36432,91988,7062,36446],"pointsPerHour":51,"points":64902,"blocktime":22,"taken":24410,"name":"Svensings","totalPoints":5076182,"rank":50,"id":288002,"place":496,"uniqueZonesTaken":1325,"region":{"name":"Stockholm","id":141}},"time":"2023-11-20T18:42:18+0000","message":"JimmyAIK94: bara ta jag tar tillbaka på hemvägen 😎","region":{"name":"Stockholm","id":141},"type":"chat"}]