[{"medal":33,"time":"2021-09-02T10:42:10+0000","type":"medal","user":{"country":"se","medals":[78,52,11,6,33],"zones":[99761,27634,24278,152277,281,42890,20682,30877,7950,30878],"pointsPerHour":0,"points":28839,"blocktime":15,"taken":500,"name":"Ivar.Mektin","totalPoints":145079,"rank":23,"id":317364,"place":8162,"uniqueZonesTaken":91,"region":{"name":"Stockholm","id":141}}},{"medal":84,"time":"2021-09-02T10:41:52+0000","type":"medal","user":{"country":"se","medals":[84],"zones":[51544],"pointsPerHour":0,"points":651,"blocktime":10,"taken":5,"name":"moppepalle3.0","totalPoints":651,"rank":2,"id":337038,"place":8162,"uniqueZonesTaken":5,"region":{"name":"Västmanland","id":143}}},{"medal":84,"time":"2021-09-02T10:41:34+0000","type":"medal","user":{"country":"se","medals":[80,84],"zones":[382149,93732,937,22349,22350],"pointsPerHour":0,"points":582,"blocktime":10,"taken":5,"name":"Ra_hman4649","totalPoints":582,"rank":2,"id":338995,"place":8162,"uniqueZonesTaken":5,"region":{"name":"Kalmar","id":137}}},{"medal":80,"time":"2021-09-02T10:41:34+0000","type":"medal","user":{"country":"se","medals":[80,84],"zones":[382149,93732,937,22349,22350],"pointsPerHour":0,"points":582,"blocktime":10,"taken":5,"name":"Ra_hman4649","totalPoints":582,"rank":2,"id":338995,"place":8162,"uniqueZonesTaken":5,"region":{"name":"Kalmar","id":137}}},{"medal":93,"time":"2021-09-02T10:41:04+0000","type":"medal","user":{"country":"se","medals":[93],"zones":[],"pointsPerHour":0,"points":80,"blocktime":10,"taken":1,"name":"Saraastalberg","totalPoints":80,"rank":0,"id":338981,"place":8162,"uniqueZonesTaken":1,"region":{"name":"Örebro","id":131}}},{"medal":84,"time":"2021-09-02T10:40:22+0000","type":"medal","user":{"country":"se","medals":[80,84],"zones":[340516,429665,36010,139288,30891],"pointsPerHour":0,"points":881,"blocktime":10,"taken":5,"name":"MasterFlixen","totalPoints":881,"rank":3,"id":335268,"place":8161,"uniqueZonesTaken":5,"region":{"name":"Stockholm","id":141}}},{"medal":80,"time":"2021-09-02T10:40:22+0000","type":"medal","user":{"country":"se","medals":[80,84],"zones":[340516,429665,36010,139288,30891],"pointsPerHour":0,"points":881,"blocktime":10,"taken":5,"name":"MasterFlixen","totalPoints":881,"rank":3,"id":335268,"place":8161,"uniqueZonesTaken":5,"region":{"name":"Stockholm","id":141}}},{"medal":93,"time":"2021-09-02T10:39:45+0000","type":"medal","user":{"country":"se","medals":[93],"zones":[21344],"pointsPerHour":0,"points":175,"blocktime":10,"taken":2,"name":"Claria05","totalPoints":175,"rank":0,"id":339003,"place":8160,"uniqueZonesTaken":2,"region":{"name":"Västra Götaland","id":132}}},{"medal":93,"time":"2021-09-02T10:38:51+0000","type":"medal","user":{"country":"se","medals":[93],"zones":[],"pointsPerHour":0,"points":80,"blocktime":10,"taken":1,"name":"Juliaaaaaa","totalPoints":80,"rank":0,"id":338983,"place":8159,"uniqueZonesTaken":1,"region":{"name":"Örebro","id":131}}},{"sender":{"country":"se","medals":[94],"zones":[],"pointsPerHour":0,"points":126,"blocktime":10,"taken":1,"name":"73wookash","totalPoints":126,"rank":0,"id":339002,"place":8008,"uniqueZonesTaken":1,"region":{"name":"Kalmar","id":137}},"time":"2021-09-02T10:35:32+0000","message":"hahahha","region":{"name":"Kalmar","id":137},"type":"chat"}]