[{"medal":96,"time":"2021-09-02T06:22:41+0000","type":"medal","user":{"country":"se","medals":[93,51,92,31,100,96],"zones":[],"pointsPerHour":0,"points":185,"blocktime":12,"taken":41,"name":"Learn4you2","totalPoints":8518,"rank":8,"id":189569,"place":8100,"uniqueZonesTaken":27,"region":{"name":"Västra Götaland","id":132}}},{"medal":96,"time":"2021-09-02T06:22:41+0000","type":"medal","user":{"country":"se","medals":[96],"zones":[],"pointsPerHour":0,"points":185,"blocktime":10,"taken":1,"name":"yara.kamil","totalPoints":185,"rank":0,"id":338625,"place":8100,"uniqueZonesTaken":1,"region":{"name":"Västra Götaland","id":132}}},{"medal":96,"time":"2021-09-02T06:22:41+0000","type":"medal","user":{"country":"se","medals":[96],"zones":[],"pointsPerHour":0,"points":185,"blocktime":10,"taken":1,"name":"Basmalah06","totalPoints":185,"rank":0,"id":338628,"place":8100,"uniqueZonesTaken":1,"region":{"name":"Västra Götaland","id":132}}},{"medal":96,"time":"2021-09-02T06:22:41+0000","type":"medal","user":{"country":"se","medals":[96],"zones":[],"pointsPerHour":0,"points":185,"blocktime":10,"taken":1,"name":"Fridabw06","totalPoints":185,"rank":0,"id":338890,"place":8100,"uniqueZonesTaken":1,"region":{"name":"Västra Götaland","id":132}}},{"medal":100,"time":"2021-09-02T06:22:41+0000","type":"medal","user":{"country":"se","medals":[93,51,92,31,100,96],"zones":[],"pointsPerHour":0,"points":185,"blocktime":12,"taken":41,"name":"Learn4you2","totalPoints":8518,"rank":8,"id":189569,"place":8100,"uniqueZonesTaken":27,"region":{"name":"Västra Götaland","id":132}}},{"medal":96,"time":"2021-09-02T06:22:41+0000","type":"medal","user":{"country":"se","medals":[96],"zones":[],"pointsPerHour":0,"points":185,"blocktime":10,"taken":1,"name":"irma31","totalPoints":185,"rank":0,"id":338656,"place":8100,"uniqueZonesTaken":1,"region":{"name":"Västra Götaland","id":132}}},{"medal":96,"time":"2021-09-02T06:22:41+0000","type":"medal","user":{"country":"se","medals":[96],"zones":[],"pointsPerHour":0,"points":185,"blocktime":10,"taken":1,"name":"molly024","totalPoints":185,"rank":0,"id":338640,"place":8100,"uniqueZonesTaken":1,"region":{"name":"Västra Götaland","id":132}}},{"sender":{"country":"se","medals":[16,5,9,4,27,48,22,67,70,26,79,72,77,91,99,30,59,89,24,117,74,122,126,104],"zones":[179510,96678,20397],"pointsPerHour":12,"points":105368,"blocktime":24,"taken":74725,"name":"kato","totalPoints":12797046,"rank":56,"id":3206,"place":794,"uniqueZonesTaken":6621,"region":{"name":"Skåne","id":135}},"time":"2021-09-02T06:22:23+0000","message":"Király: stort grattis! Vill säga \u201dbra kämpat!\u201d Men det låter futtigt i sammanhanget. Helt otroligt","region":{"name":"Skåne","id":135},"type":"chat"},{"medal":84,"time":"2021-09-02T06:21:03+0000","type":"medal","user":{"country":"uk","medals":[80,84],"zones":[365814,350003,392893,19610,361019],"pointsPerHour":0,"points":969,"blocktime":10,"taken":5,"name":"N1N","totalPoints":969,"rank":3,"id":338844,"place":8098,"uniqueZonesTaken":5,"region":{"name":"East of England","id":204}}},{"medal":80,"time":"2021-09-02T06:21:03+0000","type":"medal","user":{"country":"uk","medals":[80,84],"zones":[365814,350003,392893,19610,361019],"pointsPerHour":0,"points":969,"blocktime":10,"taken":5,"name":"N1N","totalPoints":969,"rank":3,"id":338844,"place":8098,"uniqueZonesTaken":5,"region":{"name":"East of England","id":204}}},{"sender":{"country":"se","medals":[46,126,13,16,55,95,103,37],"zones":[226658,114597,37093,91844,7157,332,11277,36461,1917,7165,62462],"pointsPerHour":63,"points":70870,"blocktime":20,"taken":7688,"name":"JimmyAIK","totalPoints":1266579,"rank":40,"id":267637,"place":1256,"uniqueZonesTaken":482,"region":{"name":"Stockholm","id":141}},"time":"2021-09-02T06:08:05+0000","message":"Svinbådan: väntar du på bussen e framme så jag får assist? 😊 station","region":{"name":"Stockholm","id":141},"type":"chat"}]