[{"sender":{"country":"se","medals":[5,67,16,79,15,22,28,4,58,48,7,17,116,24,70,126,107,123,73],"zones":[24096,37073,138496,114485,78453,1621,55592,139064],"pointsPerHour":58,"points":66084,"blocktime":22,"taken":30010,"name":"Giftorm","totalPoints":4741863,"rank":49,"id":141696,"place":1395,"uniqueZonesTaken":2003,"region":{"name":"Stockholm","id":141}},"time":"2021-09-03T15:25:55+0000","message":"Rymprak: Dags att komma med i Stockholms Slayers 🌞 Regionkampen häls 🐍?","region":{"name":"Stockholm","id":141},"type":"chat"}]