[{"medal":90,"time":"2021-09-03T17:05:13+0000","type":"medal","user":{"country":"se","medals":[95,100,85,80,92,90],"zones":[42963,360984,8255],"pointsPerHour":0,"points":2256,"blocktime":11,"taken":25,"name":"lilltaren11","totalPoints":2563,"rank":5,"id":296320,"place":8424,"uniqueZonesTaken":16,"region":{"name":"Västerbotten","id":127}}},{"sender":{"country":"se","medals":[9,5,55,16,67,4,47,14,24,66,28,22,126,39,103,95],"zones":[139634,154753,95685,96023,185338,81291,33962,310574,404925,318761],"pointsPerHour":19,"points":71516,"blocktime":21,"taken":16926,"name":"karatemuffin","totalPoints":2917281,"rank":45,"id":13052,"place":1293,"uniqueZonesTaken":905,"region":{"name":"Skåne","id":135}},"time":"2021-09-03T17:04:57+0000","message":"It_is_mine: jobbat färdigt nu ja","region":{"name":"Skåne","id":135},"type":"chat"},{"medal":84,"time":"2021-09-03T17:03:32+0000","type":"medal","user":{"country":"gb","medals":[84],"zones":[368767,388713],"pointsPerHour":0,"points":769,"blocktime":10,"taken":5,"name":"Kat_Io","totalPoints":769,"rank":3,"id":338521,"place":8424,"uniqueZonesTaken":4,"region":{"name":"Scotland","id":200}}},{"medal":92,"time":"2021-09-03T17:03:20+0000","type":"medal","user":{"country":"se","medals":[95,100,85,80,92],"zones":[42963,360984,8255],"pointsPerHour":0,"points":2176,"blocktime":11,"taken":24,"name":"lilltaren11","totalPoints":2483,"rank":5,"id":296320,"place":8424,"uniqueZonesTaken":15,"region":{"name":"Västerbotten","id":127}}},{"medal":100,"time":"2021-09-03T17:03:20+0000","type":"medal","user":{"country":"se","medals":[80,95,85,90,100],"zones":[109700,22360],"pointsPerHour":0,"points":1837,"blocktime":11,"taken":18,"name":"Arre#009","totalPoints":2017,"rank":5,"id":296096,"place":8424,"uniqueZonesTaken":12,"region":{"name":"Västerbotten","id":127}}},{"sender":{"country":"se","medals":[4,16,67,9,17,24,26,70,49,24,17,24,8,65,60,64,69,21,30,68,45,24,17,27,24,25,91,79,77,24,29,17,83,24,113,24,17,116,24,72,68,17,24,124,126,89,121,108,75,24,68],"zones":[222082,148707,13665,226752,18435,18436,23590,48746,43403,11179,46892,21613,152364,155600,31443,11539,2901,224340,30232,2906,21371,12028,11165],"pointsPerHour":91,"points":167174,"blocktime":24,"taken":64286,"name":"stefanx46","totalPoints":11225598,"rank":56,"id":36563,"place":446,"uniqueZonesTaken":11387,"region":{"name":"Uppsala","id":142}},"time":"2021-09-03T17:02:57+0000","message":"GolfDelta: åkulleparken?","region":{"name":"Örebro","id":131},"type":"chat"},{"medal":95,"time":"2021-09-03T17:02:03+0000","type":"medal","user":{"country":"se","medals":[16,72,83,14,126,71,82,123,69,68,38,104,67,22,75,6,95],"zones":[],"pointsPerHour":0,"points":2270,"blocktime":21,"taken":11119,"name":"RoboKop","totalPoints":3297697,"rank":46,"id":266384,"place":8424,"uniqueZonesTaken":745,"region":{"name":"Skåne","id":135}}},{"sender":{"country":"se","medals":[],"zones":[95683,226001,409198,80267],"pointsPerHour":14,"points":600,"blocktime":10,"taken":4,"name":"Iamsonja12","totalPoints":600,"rank":2,"id":339416,"place":6947,"uniqueZonesTaken":4,"region":{"name":"Skåne","id":135}},"time":"2021-09-03T17:01:32+0000","message":"Haha Jepp!😛","region":{"name":"Skåne","id":135},"type":"chat"},{"country":"se","sender":{"country":"se","medals":[5,67,16,79,15,22,28,4,58,48,7,17,116,24,70,126,107,123,73],"zones":[37073,114485,78453,1621,55592,139064],"pointsPerHour":43,"points":66345,"blocktime":22,"taken":30012,"name":"Giftorm","totalPoints":4742124,"rank":49,"id":141696,"place":1393,"uniqueZonesTaken":2003,"region":{"name":"Stockholm","id":141}},"time":"2021-09-03T17:00:38+0000","message":"Ollals: Monals: Ska ni inte hänga på Slayers? Dags att anmäla sig. I need you! Och laget. Ha en fin bonanza häls 🐍","type":"chat"}]