[{"medal":42,"time":"2023-02-20T15:38:51+0000","type":"medal","user":{"country":"se","medals":[10,93,102,16,53,12,42],"zones":[28352,17846,139432,28349,11726],"pointsPerHour":0,"points":26857,"blocktime":840,"taken":270,"name":"cade_se","totalPoints":59719,"rank":16,"id":385036,"place":5931,"uniqueZonesTaken":108,"region":{"name":"Skåne","id":135}}},{"medal":90,"time":"2023-02-20T15:37:29+0000","type":"medal","user":{"country":"se","medals":[93,51,11,79,6,32,90],"zones":[1317,14630,138149,361,22220,22221,343563,105298,62134,117272,12123,11451,11452,11453,1117,350],"pointsPerHour":0,"points":14016,"blocktime":735,"taken":106,"name":"Sandet","totalPoints":14016,"rank":9,"id":386120,"place":5931,"uniqueZonesTaken":80,"region":{"name":"Stockholm","id":141}}},{"sender":{"country":"se","medals":[21,16,64,27,44,17,48,4,59,24,17,28,68,17,67,70,24,79,17,116,77,24,17,30,91,83,24,121,124,126,17,118,24,17,111,132],"zones":[11233,479556,21667,43044,64100,565952,139080,115403,505739,515657,489513,515656,43503,303,43504,23920,16786,489490,37079,111350,25178],"pointsPerHour":95,"points":59016,"blocktime":1470,"taken":87257,"name":"embeoo","totalPoints":15106376,"rank":58,"id":23906,"place":539,"uniqueZonesTaken":16674,"region":{"name":"Stockholm","id":141}},"time":"2023-02-20T15:30:47+0000","message":"EBz:jag hälsade via L men nu kan jag göra det själv!","region":{"name":"Stockholm","id":141},"type":"chat"}]