[{"sender":{"country":"uk","medals":[77,70,5,79,67,93,100,16,57,122,72,47,35,127,14],"zones":[321828,321766,488399,389460,400341,387664,320659,320669,320670,321758,320863,320634,320667,321755],"pointsPerHour":34,"points":18956,"blocktime":19,"taken":4424,"name":"TheInquisitor","totalPoints":1121704,"rank":39,"id":303322,"place":1358,"uniqueZonesTaken":797,"region":{"name":"Scotland","id":200}},"time":"2022-06-13T17:02:17+0000","message":"ElsieSpanner: pretty sure arniston big goes months without a take yet somehow I lost it in less than 8 hours! 😂","region":{"name":"Scotland","id":200},"type":"chat"},{"medal":92,"time":"2022-06-13T17:01:33+0000","type":"medal","user":{"country":"se","medals":[85,51,92],"zones":[28385,33665,33666,22634,23722,22635,14635,128657,92851,128658,68470,180634,409,14140],"pointsPerHour":0,"points":1927,"blocktime":11,"taken":15,"name":"GurraHurra","totalPoints":1927,"rank":5,"id":366611,"place":6050,"uniqueZonesTaken":15,"region":{"name":"Västra Götaland","id":132}}},{"sender":{"country":"se","medals":[7,5,16,79,70,28,56,126,117,27,97,48,22,122,15,40,128,105],"zones":[230851,21890,354311,8418,13668,8420,12424,22186,20750,1230,12239,138419,155920,14546,60440,25176,15897,114266,94202,148607,97982],"pointsPerHour":97,"points":29689,"blocktime":22,"taken":24895,"name":"Spikbebis75","totalPoints":4741094,"rank":49,"id":92852,"place":881,"uniqueZonesTaken":1217,"region":{"name":"Stockholm","id":141}},"time":"2022-06-13T17:00:38+0000","message":"MrMcFox: lite kreativt","region":{"name":"Stockholm","id":141},"type":"chat"},{"sender":{"country":"se","medals":[79,4,28,47,94,7,103,16,14,57,122,117,38,128],"zones":[25184,481509,25186,25182],"pointsPerHour":16,"points":7479,"blocktime":20,"taken":11103,"name":"MrMcFox","totalPoints":1930552,"rank":42,"id":159564,"place":2485,"uniqueZonesTaken":819,"region":{"name":"Stockholm","id":141}},"time":"2022-06-13T16:59:17+0000","message":"Spikbebis75: gäller att smurfa med stil!","region":{"name":"Stockholm","id":141},"type":"chat"},{"medal":93,"time":"2022-06-13T16:58:04+0000","type":"medal","user":{"country":"de","medals":[54,11,32,93],"zones":[362337,362234],"pointsPerHour":0,"points":1231,"blocktime":15,"taken":173,"name":"ich","totalPoints":103250,"rank":20,"id":240475,"place":6049,"uniqueZonesTaken":74,"region":{"name":"Sachsen","id":452}}},{"sender":{"country":"se","medals":[7,5,16,79,70,28,56,126,117,27,97,48,22,122,15,40,128,105],"zones":[21890,354311,8418,13668,8420,12424,22186,20750,1230,12239,138419,155920,14546,60440,25176,15897,114266,94202,148607,97982],"pointsPerHour":94,"points":29528,"blocktime":22,"taken":24894,"name":"Spikbebis75","totalPoints":4740933,"rank":49,"id":92852,"place":886,"uniqueZonesTaken":1217,"region":{"name":"Stockholm","id":141}},"time":"2022-06-13T16:56:47+0000","message":"MrMcFox: hm fick möte i zonen... moppebil","region":{"name":"Stockholm","id":141},"type":"chat"}]