[{"sender":{"country":"se","medals":[5,12,93,16,79,57,27,72,75,68,70,68,41,128,103],"zones":[202403,24226,47748,11397,11400,14540,31821,45713,45715,45719,116502,45720,29182,482328],"pointsPerHour":33,"points":78058,"blocktime":22,"taken":27879,"name":"MrSpinning","totalPoints":5655292,"rank":50,"id":279725,"place":279,"uniqueZonesTaken":193,"region":{"name":"Västmanland","id":143}},"time":"2023-03-20T06:17:19+0000","message":"marypoppins: Då måste jag köra fort till 52. :)","region":{"name":"Västmanland","id":143},"type":"chat"},{"sender":{"country":"se","medals":[5,12,93,16,79,57,27,72,75,68,70,68,41,128,103],"zones":[202403,24226,47748,11397,11400,14540,31821,45713,45715,45719,116502,45720,31064,29182,482328],"pointsPerHour":39,"points":78057,"blocktime":22,"taken":27879,"name":"MrSpinning","totalPoints":5655291,"rank":50,"id":279725,"place":279,"uniqueZonesTaken":193,"region":{"name":"Västmanland","id":143}},"time":"2023-03-20T06:16:06+0000","message":"marypoppins: Tänkte att jag skulle ta mig upp till lever 51 för det var rätt nära, men samtidigt vill man inte vara Turf Tsar i dessa tider.","region":{"name":"Västmanland","id":143},"type":"chat"},{"sender":{"country":"se","medals":[28,67,16,24,5,70,9,22,57,48,4,27,112,79,7,77,117,105,122,15,118,130],"zones":[29184,92321,31810,31811,281831,11396,7110,42854,11404,44111,22770,22771,17941,116503,220405,62009,31069],"pointsPerHour":54,"points":72564,"blocktime":24,"taken":80172,"name":"marypoppins","totalPoints":13544824,"rank":57,"id":48730,"place":316,"uniqueZonesTaken":1233,"region":{"name":"Västmanland","id":143}},"time":"2023-03-20T06:13:27+0000","message":"MrSpinning: 👍","region":{"name":"Västmanland","id":143},"type":"chat"}]