[{"medal":80,"time":"2022-06-07T06:23:36+0000","type":"medal","user":{"country":"se","medals":[80,84],"zones":[43040,37459,21758,512792,93902],"pointsPerHour":0,"points":718,"blocktime":645,"taken":5,"name":"Emilie08","totalPoints":718,"rank":3,"id":366279,"place":4574,"uniqueZonesTaken":5,"region":{"name":"Västmanland","id":143}}},{"medal":84,"time":"2022-06-07T06:23:36+0000","type":"medal","user":{"country":"se","medals":[80,84],"zones":[43040,37459,21758,512792,93902],"pointsPerHour":0,"points":718,"blocktime":645,"taken":5,"name":"Emilie08","totalPoints":718,"rank":3,"id":366279,"place":4574,"uniqueZonesTaken":5,"region":{"name":"Västmanland","id":143}}},{"medal":86,"time":"2022-06-07T06:14:46+0000","type":"medal","user":{"country":"se","medals":[93,80,86],"zones":[47480,474751],"pointsPerHour":0,"points":419,"blocktime":720,"taken":50,"name":"Buzmil","totalPoints":10759,"rank":8,"id":361900,"place":4565,"uniqueZonesTaken":10,"region":{"name":"Södermanland","id":140}}}]