[{"medal":12,"time":"2022-06-06T09:20:47+0000","type":"medal","user":{"country":"se","medals":[54,32,96,90,101,12],"zones":[14788],"pointsPerHour":0,"points":5230,"blocktime":795,"taken":159,"name":"HellaOne","totalPoints":28382,"rank":13,"id":364521,"place":3889,"uniqueZonesTaken":100,"region":{"name":"Uppsala","id":142}}},{"medal":34,"time":"2022-06-06T09:20:22+0000","type":"medal","user":{"country":"uk","medals":[93,12,53,129,34],"zones":[408196,14002,328310,392721,486850,14453,484385,13879,13852,14012],"pointsPerHour":0,"points":2781,"blocktime":1050,"taken":1000,"name":"Rallycat","totalPoints":330441,"rank":30,"id":348766,"place":3888,"uniqueZonesTaken":176,"region":{"name":"Scotland","id":200}}},{"medal":80,"time":"2022-06-06T09:19:25+0000","type":"medal","user":{"country":"se","medals":[80,84],"zones":[3185,9409,147205,389634,28207],"pointsPerHour":0,"points":941,"blocktime":645,"taken":5,"name":"TinierDancer","totalPoints":941,"rank":3,"id":366144,"place":3887,"uniqueZonesTaken":5,"region":{"name":"Blekinge","id":136}}},{"medal":84,"time":"2022-06-06T09:19:25+0000","type":"medal","user":{"country":"se","medals":[80,84],"zones":[3185,9409,147205,389634,28207],"pointsPerHour":0,"points":941,"blocktime":645,"taken":5,"name":"TinierDancer","totalPoints":941,"rank":3,"id":366144,"place":3887,"uniqueZonesTaken":5,"region":{"name":"Blekinge","id":136}}},{"medal":53,"time":"2022-06-06T09:04:07+0000","type":"medal","user":{"country":"se","medals":[94,100,10,86,11,53],"zones":[9731,9732,111560,55629,55630,224147,43729,54289,54290,54292,221015,45717,63894,34710,297053,297054,204188,224544,361184,297057,155882,509486,94961,204144,94962,18037,90871,455921,43705,84669],"pointsPerHour":0,"points":4895,"blocktime":705,"taken":61,"name":"floki","totalPoints":7528,"rank":7,"id":365448,"place":3881,"uniqueZonesTaken":53,"region":{"name":"Kalmar","id":137}}}]