[{"sender":{"country":"se","medals":[28,77,79,16,57,6,22,108,124,48,24,112,128,50,40],"zones":[44464,44465,44466,42376,8440],"pointsPerHour":7,"points":6563,"blocktime":1305,"taken":22970,"name":"Fåret_Shaun","totalPoints":3573234,"rank":47,"id":298893,"place":781,"uniqueZonesTaken":3170,"region":{"name":"Västmanland","id":143}},"time":"2022-06-06T13:32:37+0000","message":"KrilleB: tack för hjälpen","region":{"name":"Västmanland","id":143},"type":"chat"},{"medal":80,"time":"2022-06-06T13:28:46+0000","type":"medal","user":{"country":"se","medals":[93,80,85],"zones":[44829,23981,44830,23982,44703],"pointsPerHour":0,"points":1661,"blocktime":660,"taken":11,"name":"ValterLind","totalPoints":1803,"rank":4,"id":365183,"place":4179,"uniqueZonesTaken":6,"region":{"name":"Kalmar","id":137}}},{"medal":85,"time":"2022-06-06T13:28:46+0000","type":"medal","user":{"country":"se","medals":[93,80,85],"zones":[44829,23981,44830,23982,44703],"pointsPerHour":0,"points":1661,"blocktime":660,"taken":11,"name":"ValterLind","totalPoints":1803,"rank":4,"id":365183,"place":4179,"uniqueZonesTaken":6,"region":{"name":"Kalmar","id":137}}},{"medal":93,"time":"2022-06-06T13:26:56+0000","type":"medal","user":{"country":"se","medals":[84,93],"zones":[44829,23981,44830,23982],"pointsPerHour":0,"points":1519,"blocktime":660,"taken":10,"name":"ValterLind","totalPoints":1661,"rank":4,"id":365183,"place":4175,"uniqueZonesTaken":5,"region":{"name":"Kalmar","id":137}}}]