[{"medal":32,"time":"2022-11-08T15:30:20+0000","type":"medal","user":{"country":"se","medals":[93,80,71,102,11,32],"zones":[],"pointsPerHour":0,"points":140,"blocktime":765,"taken":107,"name":"smolen","totalPoints":18133,"rank":11,"id":368349,"place":4173,"uniqueZonesTaken":50,"region":{"name":"Stockholm","id":141}}},{"medal":84,"time":"2022-11-08T15:25:09+0000","type":"medal","user":{"country":"se","medals":[84],"zones":[1397],"pointsPerHour":0,"points":717,"blocktime":645,"taken":5,"name":"vargman","totalPoints":717,"rank":3,"id":383405,"place":4172,"uniqueZonesTaken":5,"region":{"name":"Västra Götaland","id":132}}}]