[{"medal":130,"time":"2022-11-08T05:12:29+0000","type":"medal","user":{"country":"se","medals":[5,67,48,70,4,9,72,78,16,94,15,89,122,126,66,57,103,130],"zones":[6163,54661,11862,999,11644,519722,168221],"pointsPerHour":0,"points":7825,"blocktime":1410,"taken":74690,"name":"MrBungle","totalPoints":9402693,"rank":54,"id":44781,"place":3905,"uniqueZonesTaken":1783,"region":{"name":"Västerbotten","id":127}}},{"sender":{"country":"se","medals":[24,112,52,70,90,34,6,13,103,126,67,78],"zones":[],"pointsPerHour":0,"points":0,"blocktime":1050,"taken":1512,"name":"Rainboweyes","totalPoints":330572,"rank":30,"id":77318,"place":3905,"uniqueZonesTaken":381,"region":{"name":"Jönköping","id":133}},"time":"2022-11-08T05:01:09+0000","message":"geoturfwera: Viket jobb du gjort. Klart du får min röst ❤️ Heja dig. Lycka till från en annan VV medlem","region":{"name":"Jönköping","id":133},"type":"chat"}]