[{"sender":{"country":"se","medals":[78,70,6,14,94,24,90,46,117,55,5,102,67,77,132,39],"zones":[1282,7074,138471,17030,7047,7083,316552,96300,36429,24048,36433,114482,7061,91988,7160,1213,36446,25342,532535,94206],"pointsPerHour":117,"points":6741,"blocktime":1290,"taken":15577,"name":"Svensings","totalPoints":3101547,"rank":46,"id":288002,"place":779,"uniqueZonesTaken":954,"region":{"name":"Stockholm","id":141}},"time":"2022-11-07T22:22:48+0000","message":"JimmyAIK94: 😎sista två😅","region":{"name":"Stockholm","id":141},"type":"chat"},{"sender":{"country":"se","medals":[126,16,95,5,14,67,122,128,6,47,57,104,79,28,24,39],"zones":[34112,7170,37704,91981,22221,92687,91982,1615,180755,91989,3093,11605,114263,25367,103641,6110,7134,27811,1253,1578,484585,78450,409523,7159,34111],"pointsPerHour":143,"points":15593,"blocktime":1275,"taken":15777,"name":"JimmyAIK94","totalPoints":2770105,"rank":45,"id":267637,"place":255,"uniqueZonesTaken":943,"region":{"name":"Stockholm","id":141}},"time":"2022-11-07T22:21:07+0000","message":"Svensings: påväg i regnet?","region":{"name":"Stockholm","id":141},"type":"chat"},{"sender":{"country":"se","medals":[9,16,4,6,3,27,3,64,48,24,1,67,24,68,24,68,70,24,68,68,68,2,68,24,68,61,72,79,77,3,68,62,68,17,112,68,60,2,68,83,24,22,17,119,68,68,15,68,68,68,68,68,68,68,68,68,126,122,105,127],"zones":[],"pointsPerHour":0,"points":0,"blocktime":1485,"taken":164491,"name":"MadMajk","totalPoints":33016637,"rank":59,"id":18954,"place":3897,"uniqueZonesTaken":1221,"region":{"name":"Jönköping","id":133}},"time":"2022-11-07T22:04:14+0000","message":"geoturfwera: röstat såklart, jäklar va du har kämpat,stort GRATTIS för allt du åstadkommit 💪❤️","region":{"name":"Jönköping","id":133},"type":"chat"}]