[{"sender":{"country":"se","medals":[16,24,21,67,70,17,3,68,79,20,83,75,4,17,116,27,72,24,82,1,69,68,68,68,68,24,17,1,69,68,24,24,77,68,91,68,24,24,24,126,17,68,24,68,68,17,119,24,24,129,24,121,124,24,1,69,68,17,24,24,24,24,68,109,160],"zones":[],"pointsPerHour":0,"points":149146,"blocktime":1470,"taken":123523,"name":"Kygni","totalPoints":21932960,"rank":58,"id":105263,"place":188,"uniqueZonesTaken":11222,"region":{"name":"Norrbotten","id":126}},"time":"2023-11-27T12:54:13+0000","message":"försökte lite grann där vecka 2 :) men du körde väldigt tungt då :)","region":{"name":"Norrbotten","id":126},"type":"chat"}]