[{"medal":34,"time":"2023-11-27T12:15:42+0000","type":"medal","user":{"country":"se","medals":[94,10,128,53,12,101,79,153,34],"zones":[37730,37075,353318,8614,7577,7580,7581,75039,80703,61487,80702],"pointsPerHour":0,"points":55364,"blocktime":960,"taken":1000,"name":"kollisbörje","totalPoints":171348,"rank":24,"id":400807,"place":6150,"uniqueZonesTaken":238,"region":{"name":"Stockholm","id":141}}},{"medal":85,"time":"2023-11-27T12:10:24+0000","type":"medal","user":{"country":"se","medals":[93,85],"zones":[161863],"pointsPerHour":0,"points":1864,"blocktime":660,"taken":10,"name":"Sökofinn","totalPoints":1864,"rank":4,"id":416050,"place":6150,"uniqueZonesTaken":6,"region":{"name":"Västra Götaland","id":132}}}]