[{"medal":153,"time":"2023-11-27T10:16:22+0000","type":"medal","user":{"country":"se","medals":[46,54,10,78,12,16,95,127,7,38,103,153],"zones":[474758,11203,42757,30821,42758,285068,31721,16046,54899,2516,8245,54901,8246,182132,2520,224573],"pointsPerHour":0,"points":51307,"blocktime":1275,"taken":14093,"name":"NitaG","totalPoints":2920995,"rank":45,"id":313528,"place":6145,"uniqueZonesTaken":237,"region":{"name":"Södermanland","id":140}}},{"medal":84,"time":"2023-11-27T10:14:57+0000","type":"medal","user":{"country":"se","medals":[84],"zones":[7906,873,2285,11647],"pointsPerHour":0,"points":648,"blocktime":630,"taken":5,"name":"goodshit","totalPoints":648,"rank":2,"id":414816,"place":6145,"uniqueZonesTaken":5,"region":{"name":"Jönköping","id":133}}},{"sender":{"country":"se","medals":[16,67,22,79,4,24,1,69,68,7,77,75,2,68,83,1,69,68,126,68,117,1,69,68,15,119,69,68,72,123,68,107,3,69,68,131,68,116,17,24,81,1,69,68,153],"zones":[155008,116877,46319,98289,14449,78931,78932,23349,225365,90168,64186,140152],"pointsPerHour":35,"points":37040,"blocktime":1485,"taken":151543,"name":"KRALJICA","totalPoints":26007935,"rank":59,"id":185762,"place":1403,"uniqueZonesTaken":1859,"region":{"name":"Skåne","id":135}},"time":"2023-11-27T10:14:19+0000","message":"AnneliCH: ❤","region":{"name":"Skåne","id":135},"type":"chat"},{"medal":151,"time":"2023-11-27T10:06:38+0000","type":"medal","user":{"country":"se","medals":[95,28,53,117,12,33,6,104,151],"zones":[8133,143962,30908],"pointsPerHour":0,"points":10032,"blocktime":930,"taken":725,"name":"MelissaNy","totalPoints":135427,"rank":22,"id":167494,"place":6145,"uniqueZonesTaken":166,"region":{"name":"Gävleborg","id":144}}}]