[{"medal":91,"time":"2023-05-02T15:08:54+0000","type":"medal","user":{"country":"uk","medals":[79,77,70,83,67,16,22,72,124,117,75,3,4,82,68,96,69,68,65,128,2,69,68,27,73,120,107,91],"zones":[515042,319779,515053,2106,344344,84524],"pointsPerHour":0,"points":8239,"blocktime":23,"taken":32456,"name":"Cruachan","totalPoints":9397126,"rank":54,"id":304571,"place":8626,"uniqueZonesTaken":7532,"region":{"name":"Scotland","id":200}}},{"medal":92,"time":"2023-05-02T15:05:58+0000","type":"medal","user":{"country":"se","medals":[93,51,31,92],"zones":[21384,115196],"pointsPerHour":0,"points":6078,"blocktime":11,"taken":28,"name":"themary","totalPoints":6078,"rank":7,"id":390689,"place":8625,"uniqueZonesTaken":15,"region":{"name":"Kalmar","id":137}}},{"medal":85,"time":"2023-05-02T15:02:26+0000","type":"medal","user":{"country":"no","medals":[51,85],"zones":[9153,18306,92530,296007,139931,114056,9068,296009,178111,178108],"pointsPerHour":0,"points":1841,"blocktime":11,"taken":10,"name":"wegu","totalPoints":1841,"rank":4,"id":391315,"place":8625,"uniqueZonesTaken":10,"region":{"name":"Østlandet","id":179}}},{"medal":51,"time":"2023-05-02T15:02:26+0000","type":"medal","user":{"country":"no","medals":[51,85],"zones":[9153,18306,92530,296007,139931,114056,9068,296009,178111,178108],"pointsPerHour":0,"points":1841,"blocktime":11,"taken":10,"name":"wegu","totalPoints":1841,"rank":4,"id":391315,"place":8625,"uniqueZonesTaken":10,"region":{"name":"Østlandet","id":179}}}]