[{"sender":{"country":"se","medals":[5,16,46,70,67,57,10,79,17,17,116,7,107,126,15,122,38,127],"zones":[],"pointsPerHour":0,"points":1651,"blocktime":20,"taken":10224,"name":"Ellis88","totalPoints":1847892,"rank":42,"id":64983,"place":5605,"uniqueZonesTaken":1064,"region":{"name":"Södermanland","id":140}},"time":"2023-05-01T06:37:47+0000","message":"Glad första maj på er alla 😊","region":{"name":"Södermanland","id":140},"type":"chat"},{"sender":{"country":"se","medals":[16,17,24,5,24,17,72,67,22,48,91,24,18,79,17,116,58,17,77,24,126,124,4,109,89,132,74,30,24],"zones":[83553,37072,257,78439,126589],"pointsPerHour":30,"points":71422,"blocktime":23,"taken":57313,"name":"WombaWomba","totalPoints":7249268,"rank":52,"id":74035,"place":1053,"uniqueZonesTaken":5427,"region":{"name":"Västerbotten","id":127}},"time":"2023-05-01T06:21:36+0000","message":"Stockholm! Glöm inte att skicka en delegation till Bonanza-baketten - för visst vill ni vinna \"regionskampen - bonanza edition\"!?","region":{"name":"Stockholm","id":141},"type":"chat"}]