[{"zone":{"previousOwner":{"name":"JingsCrivens","id":302372},"dateLastTaken":"2021-07-25T04:48:15+0000","latitude":55.948507,"totalTakeovers":1401,"pointsPerHour":6,"takeoverPoints":110,"dateCreated":"2013-06-15T08:00:00+0000","currentOwner":{"name":"kjtindall","id":292775},"name":"StookieGreek","id":14682,"region":{"country":"gb","name":"Scotland","id":200},"longitude":-3.212299},"latitude":55.948507,"currentOwner":{"name":"kjtindall","id":292775},"time":"2021-07-25T04:48:15+0000","type":"takeover","longitude":-3.212299},{"zone":{"previousOwner":{"name":"frem","id":66465},"dateLastTaken":"2021-07-25T04:48:04+0000","latitude":60.451199,"totalTakeovers":315,"pointsPerHour":1,"takeoverPoints":185,"dateCreated":"2018-12-24T11:00:00+0000","currentOwner":{"name":"Uralstrix","id":92422},"name":"Tunaåsbro","id":178352,"region":{"country":"se","name":"Dalarna","id":129},"longitude":15.463197},"latitude":60.451199,"currentOwner":{"name":"Uralstrix","id":92422},"time":"2021-07-25T04:48:04+0000","type":"takeover","longitude":15.463197},{"zone":{"previousOwner":{"name":"Teezle_breeze","id":304761},"dateCreated":"2021-02-23T23:25:44+0000","dateLastTaken":"2021-07-25T04:48:03+0000","latitude":51.890359,"currentOwner":{"name":"NobodySpecial","id":310018},"name":"ImGoingUnder","id":387792,"totalTakeovers":133,"region":{"country":"gb","name":"East of England","id":204},"pointsPerHour":2,"longitude":0.83284,"takeoverPoints":170},"latitude":51.890359,"currentOwner":{"name":"NobodySpecial","id":310018},"time":"2021-07-25T04:48:03+0000","type":"takeover","longitude":0.83284},{"zone":{"previousOwner":{"name":"FlitigaTobbe","id":48872},"dateCreated":"2014-06-16T09:30:01+0000","dateLastTaken":"2021-07-25T04:47:57+0000","latitude":59.63648,"currentOwner":{"name":"Ferna","id":55488},"name":"SoccerFields","id":31474,"totalTakeovers":4325,"region":{"country":"se","name":"Västmanland","id":143},"pointsPerHour":6,"longitude":16.526312,"takeoverPoints":110},"latitude":59.63648,"currentOwner":{"name":"Ferna","id":55488},"time":"2021-07-25T04:47:57+0000","type":"takeover","longitude":16.526312},{"zone":{"previousOwner":{"name":"Pilot","id":239724},"dateCreated":"2010-09-05T00:00:00+0000","dateLastTaken":"2021-07-25T04:47:52+0000","latitude":59.613258,"currentOwner":{"name":"Latteböna","id":144350},"name":"WithoutZone","id":485,"totalTakeovers":35576,"region":{"country":"se","name":"Västmanland","id":143},"pointsPerHour":9,"longitude":16.552816,"takeoverPoints":65},"latitude":59.613258,"currentOwner":{"name":"Latteböna","id":144350},"time":"2021-07-25T04:47:52+0000","type":"takeover","longitude":16.552816},{"zone":{"previousOwner":{"name":"Game-Over","id":77006},"dateCreated":"2018-06-15T07:10:11+0000","dateLastTaken":"2021-07-25T04:47:49+0000","latitude":57.907591,"currentOwner":{"name":"kustbolotta","id":212644},"name":"Ljungringen","id":154204,"totalTakeovers":281,"region":{"country":"se","name":"Jönköping","id":133},"pointsPerHour":1,"longitude":13.890647,"takeoverPoints":185},"latitude":57.907591,"currentOwner":{"name":"kustbolotta","id":212644},"time":"2021-07-25T04:47:49+0000","type":"takeover","longitude":13.890647},{"zone":{"previousOwner":{"name":"jompe","id":110837},"dateLastTaken":"2021-07-25T04:47:45+0000","latitude":59.366746,"totalTakeovers":14478,"pointsPerHour":8,"takeoverPoints":80,"dateCreated":"2010-11-08T19:46:15+0000","currentOwner":{"name":"takamine","id":281213},"name":"RudeBridge","id":1058,"region":{"country":"se","name":"Södermanland","id":140},"longitude":16.517089},"latitude":59.366746,"currentOwner":{"name":"takamine","id":281213},"time":"2021-07-25T04:47:45+0000","type":"takeover","longitude":16.517089},{"zone":{"previousOwner":{"name":"Jonte67","id":284492},"dateCreated":"2014-04-28T08:00:00+0000","dateLastTaken":"2021-07-25T04:47:43+0000","latitude":55.601232,"currentOwner":{"name":"cloudwalker","id":137961},"name":"Korvpaus","id":28626,"totalTakeovers":5598,"region":{"country":"se","name":"Skåne","id":135},"pointsPerHour":5,"longitude":12.963666,"takeoverPoints":125},"latitude":55.601232,"currentOwner":{"name":"cloudwalker","id":137961},"time":"2021-07-25T04:47:43+0000","type":"takeover","longitude":12.963666},{"zone":{"previousOwner":{"name":"boyTURFER","id":247070},"dateCreated":"2011-06-19T08:52:24+0000","dateLastTaken":"2021-07-25T04:47:41+0000","latitude":60.146132,"currentOwner":{"name":"Fredrik72","id":269714},"name":"LuddPark","id":1826,"totalTakeovers":2397,"region":{"country":"se","name":"Dalarna","id":129},"pointsPerHour":3,"longitude":15.186132,"takeoverPoints":155},"latitude":60.146132,"currentOwner":{"name":"Fredrik72","id":269714},"time":"2021-07-25T04:47:41+0000","type":"takeover","longitude":15.186132},{"zone":{"previousOwner":{"name":"Mando","id":311237},"dateCreated":"2020-11-05T19:49:05+0000","dateLastTaken":"2021-07-25T04:47:36+0000","latitude":53.694012,"currentOwner":{"name":"HarRóiMa","id":310572},"name":"BetweenBrooks","id":350026,"totalTakeovers":71,"region":{"country":"gb","name":"North West England","id":201},"pointsPerHour":1,"longitude":-2.338533,"takeoverPoints":185},"latitude":53.694012,"currentOwner":{"name":"HarRóiMa","id":310572},"time":"2021-07-25T04:47:36+0000","type":"takeover","longitude":-2.338533},{"zone":{"previousOwner":{"name":"Engdod","id":300976},"dateCreated":"2020-06-30T18:35:43+0000","dateLastTaken":"2021-07-25T04:47:33+0000","latitude":58.749706,"currentOwner":{"name":"AudioPelle","id":63238},"name":"Tessinsvängen","id":285031,"totalTakeovers":961,"region":{"country":"se","name":"Södermanland","id":140},"pointsPerHour":6,"longitude":17.030867,"takeoverPoints":110},"latitude":58.749706,"currentOwner":{"name":"AudioPelle","id":63238},"time":"2021-07-25T04:47:33+0000","type":"takeover","longitude":17.030867},{"zone":{"previousOwner":{"name":"PEKOMON","id":184856},"dateCreated":"2011-08-20T08:44:11+0000","dateLastTaken":"2021-07-25T04:47:27+0000","latitude":56.202098,"currentOwner":{"name":"sadrac","id":285034},"name":"KnutHahns","id":2771,"totalTakeovers":1437,"region":{"country":"se","name":"Blekinge","id":136},"pointsPerHour":1,"longitude":15.273808,"takeoverPoints":185},"latitude":56.202098,"currentOwner":{"name":"sadrac","id":285034},"time":"2021-07-25T04:47:27+0000","type":"takeover","longitude":15.273808},{"zone":{"previousOwner":{"name":"trollmor68","id":131397},"dateCreated":"2011-08-08T09:07:59+0000","dateLastTaken":"2021-07-25T04:47:21+0000","latitude":59.38134,"currentOwner":{"name":"NitaG","id":313528},"name":"Visholmen","id":2520,"totalTakeovers":3080,"region":{"country":"se","name":"Södermanland","id":140},"pointsPerHour":5,"longitude":17.023193,"takeoverPoints":125},"latitude":59.38134,"currentOwner":{"name":"NitaG","id":313528},"time":"2021-07-25T04:47:21+0000","type":"takeover","longitude":17.023193},{"zone":{"previousOwner":{"name":"SUPERIOЯ","id":122085},"dateCreated":"2018-08-23T06:54:26+0000","dateLastTaken":"2021-07-25T04:47:21+0000","latitude":59.488815,"currentOwner":{"name":"Sucuriju","id":334898},"name":"RawLamb","id":157377,"totalTakeovers":692,"region":{"country":"se","name":"Stockholm","id":141},"pointsPerHour":4,"longitude":17.750499,"takeoverPoints":140},"latitude":59.488815,"currentOwner":{"name":"Sucuriju","id":334898},"time":"2021-07-25T04:47:21+0000","type":"takeover","longitude":17.750499},{"zone":{"previousOwner":{"name":"bacchus_","id":225941},"dateLastTaken":"2021-07-25T04:47:18+0000","latitude":59.603857,"totalTakeovers":31690,"pointsPerHour":9,"takeoverPoints":65,"dateCreated":"2012-01-09T03:58:23+0000","currentOwner":{"name":"boki","id":208220},"name":"HarborBridge","id":5579,"region":{"country":"se","name":"Västmanland","id":143},"longitude":16.5542},"latitude":59.603857,"currentOwner":{"name":"boki","id":208220},"time":"2021-07-25T04:47:18+0000","type":"takeover","longitude":16.5542},{"zone":{"previousOwner":{"name":"simpson","id":71440},"dateCreated":"2015-02-15T06:00:00+0000","dateLastTaken":"2021-07-25T04:47:10+0000","latitude":59.383249,"currentOwner":{"name":"Ruff","id":103063},"name":"Tingvallastad","id":44360,"totalTakeovers":18478,"region":{"country":"se","name":"Värmland","id":130},"pointsPerHour":8,"longitude":13.502802,"takeoverPoints":80},"latitude":59.383249,"currentOwner":{"name":"Ruff","id":103063},"time":"2021-07-25T04:47:10+0000","type":"takeover","longitude":13.502802},{"zone":{"previousOwner":{"name":"Naima","id":60670},"dateCreated":"2015-02-15T06:00:00+0000","dateLastTaken":"2021-07-25T04:46:54+0000","latitude":59.319445,"currentOwner":{"name":"Vintentina","id":60202},"name":"Stjärnsfors","id":43958,"totalTakeovers":7356,"region":{"country":"se","name":"Värmland","id":130},"pointsPerHour":4,"longitude":13.461913,"takeoverPoints":140},"latitude":59.319445,"currentOwner":{"name":"Vintentina","id":60202},"time":"2021-07-25T04:46:54+0000","type":"takeover","longitude":13.461913},{"zone":{"previousOwner":{"name":"Erk-Gbg","id":255770},"dateLastTaken":"2021-07-25T04:46:46+0000","latitude":57.726304,"totalTakeovers":5262,"pointsPerHour":4,"takeoverPoints":140,"dateCreated":"2013-02-06T07:22:57+0000","currentOwner":{"name":"MrJokerit","id":81469},"name":"BrunnsbosBro","id":14655,"region":{"country":"se","name":"Västra Götaland","id":132},"longitude":11.970095},"latitude":57.726304,"currentOwner":{"name":"MrJokerit","id":81469},"time":"2021-07-25T04:46:46+0000","type":"takeover","longitude":11.970095},{"zone":{"previousOwner":{"name":"Sweper","id":166969},"dateCreated":"2017-07-25T14:01:34+0000","dateLastTaken":"2021-07-25T04:46:33+0000","latitude":59.422821,"currentOwner":{"name":"Ysing","id":333760},"name":"Saunapromenad","id":114896,"totalTakeovers":1377,"region":{"country":"se","name":"Stockholm","id":141},"pointsPerHour":5,"longitude":18.10206,"takeoverPoints":125},"latitude":59.422821,"currentOwner":{"name":"Ysing","id":333760},"time":"2021-07-25T04:46:33+0000","type":"takeover","longitude":18.10206},{"zone":{"previousOwner":{"name":"aYa","id":48114},"dateCreated":"2018-12-24T12:00:00+0000","dateLastTaken":"2021-07-25T04:46:14+0000","latitude":59.637055,"currentOwner":{"name":"Ferna","id":55488},"name":"Nordapan","id":178353,"totalTakeovers":4154,"region":{"country":"se","name":"Västmanland","id":143},"pointsPerHour":7,"longitude":16.531091,"takeoverPoints":95},"latitude":59.637055,"currentOwner":{"name":"Ferna","id":55488},"time":"2021-07-25T04:46:14+0000","type":"takeover","longitude":16.531091},{"zone":{"previousOwner":{"name":"Engdod","id":300976},"dateCreated":"2012-11-23T10:00:00+0000","dateLastTaken":"2021-07-25T04:46:13+0000","latitude":58.751532,"currentOwner":{"name":"AudioPelle","id":63238},"name":"Tessinis","id":12021,"totalTakeovers":8360,"region":{"country":"se","name":"Södermanland","id":140},"pointsPerHour":6,"longitude":17.032023,"takeoverPoints":110},"latitude":58.751532,"currentOwner":{"name":"AudioPelle","id":63238},"time":"2021-07-25T04:46:13+0000","type":"takeover","longitude":17.032023},{"zone":{"previousOwner":{"name":"Geronimo","id":317364},"dateLastTaken":"2021-07-25T04:46:12+0000","latitude":59.316825,"totalTakeovers":1248,"pointsPerHour":4,"takeoverPoints":140,"dateCreated":"2017-08-19T07:00:00+0000","currentOwner":{"name":"episode666","id":137501},"name":"Masprällen","id":115859,"region":{"country":"se","name":"Stockholm","id":141},"longitude":18.272256},"latitude":59.316825,"currentOwner":{"name":"episode666","id":137501},"time":"2021-07-25T04:46:12+0000","type":"takeover","longitude":18.272256},{"zone":{"previousOwner":{"name":"North_Wing","id":314262},"dateLastTaken":"2021-07-25T04:46:08+0000","latitude":55.949258,"totalTakeovers":1081,"pointsPerHour":6,"takeoverPoints":110,"dateCreated":"2018-09-22T11:36:24+0000","currentOwner":{"name":"kjtindall","id":292775},"name":"StCuthbert","id":169157,"region":{"country":"gb","name":"Scotland","id":200},"longitude":-3.206122},"latitude":55.949258,"currentOwner":{"name":"kjtindall","id":292775},"time":"2021-07-25T04:46:08+0000","type":"takeover","longitude":-3.206122},{"zone":{"previousOwner":{"name":"Jonte67","id":284492},"dateCreated":"2010-09-01T00:00:00+0000","dateLastTaken":"2021-07-25T04:46:04+0000","latitude":55.603638,"currentOwner":{"name":"cloudwalker","id":137961},"name":"GetWet","id":640,"totalTakeovers":6408,"region":{"country":"se","name":"Skåne","id":135},"pointsPerHour":6,"longitude":12.966748,"takeoverPoints":110},"latitude":55.603638,"currentOwner":{"name":"cloudwalker","id":137961},"time":"2021-07-25T04:46:04+0000","type":"takeover","longitude":12.966748},{"zone":{"previousOwner":{"name":"Hvalle","id":75468},"dateCreated":"2013-04-23T12:00:00+0000","dateLastTaken":"2021-07-25T04:46:02+0000","latitude":59.364392,"currentOwner":{"name":"takamine","id":281213},"name":"Eskilsparken","id":17373,"totalTakeovers":8531,"region":{"country":"se","name":"Södermanland","id":140},"pointsPerHour":7,"longitude":16.520289,"takeoverPoints":95},"latitude":59.364392,"currentOwner":{"name":"takamine","id":281213},"time":"2021-07-25T04:46:02+0000","type":"takeover","longitude":16.520289},{"zone":{"previousOwner":{"name":"SUPERIOЯ","id":122085},"dateCreated":"2014-03-02T10:49:29+0000","dateLastTaken":"2021-07-25T04:45:50+0000","latitude":59.487889,"currentOwner":{"name":"Sucuriju","id":334898},"name":"Rankhuset","id":26172,"totalTakeovers":1503,"region":{"country":"se","name":"Stockholm","id":141},"pointsPerHour":4,"longitude":17.756099,"takeoverPoints":140},"latitude":59.487889,"currentOwner":{"name":"Sucuriju","id":334898},"time":"2021-07-25T04:45:50+0000","type":"takeover","longitude":17.756099},{"zone":{"previousOwner":{"name":"norrkturf","id":308657},"dateCreated":"2013-08-03T20:10:50+0000","dateLastTaken":"2021-07-25T04:45:40+0000","latitude":58.593247,"currentOwner":{"name":"chippo","id":330212},"name":"NorthStroll","id":21136,"totalTakeovers":8299,"region":{"country":"se","name":"Östergötland","id":139},"pointsPerHour":6,"longitude":16.166267,"takeoverPoints":110},"latitude":58.593247,"currentOwner":{"name":"chippo","id":330212},"time":"2021-07-25T04:45:40+0000","type":"takeover","longitude":16.166267},{"zone":{"previousOwner":{"name":"HoltAnn","id":60066},"dateCreated":"2014-10-04T08:32:27+0000","dateLastTaken":"2021-07-25T04:45:39+0000","latitude":59.358758,"currentOwner":{"name":"jompe","id":110837},"name":"Gillberga","id":37495,"totalTakeovers":5380,"region":{"country":"se","name":"Södermanland","id":140},"pointsPerHour":5,"longitude":16.492243,"takeoverPoints":125},"latitude":59.358758,"currentOwner":{"name":"jompe","id":110837},"time":"2021-07-25T04:45:39+0000","type":"takeover","longitude":16.492243},{"zone":{"previousOwner":{"name":"Mando","id":311237},"dateCreated":"2020-11-05T19:47:21+0000","dateLastTaken":"2021-07-25T04:45:34+0000","latitude":53.689606,"currentOwner":{"name":"HarRóiMa","id":310572},"name":"TextileMuseum","id":350024,"totalTakeovers":84,"region":{"country":"gb","name":"North West England","id":201},"pointsPerHour":2,"longitude":-2.336832,"takeoverPoints":170},"latitude":53.689606,"currentOwner":{"name":"HarRóiMa","id":310572},"time":"2021-07-25T04:45:34+0000","type":"takeover","longitude":-2.336832},{"zone":{"previousOwner":{"name":"EnZonTill","id":216808},"dateCreated":"2014-08-28T15:19:52+0000","dateLastTaken":"2021-07-25T04:45:32+0000","latitude":57.298889,"currentOwner":{"name":"EnZonTill","id":216808},"name":"UnderWater","id":33864,"totalTakeovers":2778,"region":{"country":"se","name":"Jönköping","id":133},"pointsPerHour":3,"longitude":13.529522,"takeoverPoints":155},"latitude":57.298889,"currentOwner":{"name":"EnZonTill","id":216808},"time":"2021-07-25T04:45:32+0000","type":"takeover","longitude":13.529522},{"zone":{"previousOwner":{"name":"Sweper","id":166969},"dateCreated":"2018-07-20T05:00:00+0000","dateLastTaken":"2021-07-25T04:45:31+0000","latitude":59.424554,"currentOwner":{"name":"Ysing","id":333760},"name":"PlantLake","id":154932,"totalTakeovers":1202,"region":{"country":"se","name":"Stockholm","id":141},"pointsPerHour":5,"longitude":18.103756,"takeoverPoints":125},"latitude":59.424554,"currentOwner":{"name":"Ysing","id":333760},"time":"2021-07-25T04:45:31+0000","type":"takeover","longitude":18.103756},{"zone":{"previousOwner":{"name":"frem","id":66465},"dateCreated":"2013-06-19T21:10:25+0000","dateLastTaken":"2021-07-25T04:45:29+0000","latitude":60.45623,"currentOwner":{"name":"Uralstrix","id":92422},"name":"Tunakurvan","id":20399,"totalTakeovers":1666,"region":{"country":"se","name":"Dalarna","id":129},"pointsPerHour":3,"longitude":15.462565,"takeoverPoints":155},"latitude":60.45623,"currentOwner":{"name":"Uralstrix","id":92422},"time":"2021-07-25T04:45:29+0000","type":"takeover","longitude":15.462565},{"zone":{"previousOwner":{"name":"skäggfar","id":159086},"dateCreated":"2014-06-09T14:11:42+0000","dateLastTaken":"2021-07-25T04:45:28+0000","latitude":59.614877,"currentOwner":{"name":"Latteböna","id":144350},"name":"SantoLi","id":31339,"totalTakeovers":17879,"region":{"country":"se","name":"Västmanland","id":143},"pointsPerHour":8,"longitude":16.557658,"takeoverPoints":80},"latitude":59.614877,"currentOwner":{"name":"Latteböna","id":144350},"time":"2021-07-25T04:45:28+0000","type":"takeover","longitude":16.557658},{"zone":{"previousOwner":{"name":"Promethus","id":201400},"dateCreated":"2013-03-06T20:56:58+0000","dateLastTaken":"2021-07-25T04:45:22+0000","latitude":59.845271,"currentOwner":{"name":"Fnurk","id":104546},"name":"Rudbecklabbet","id":15579,"totalTakeovers":15260,"region":{"country":"se","name":"Uppsala","id":142},"pointsPerHour":8,"longitude":17.639509,"takeoverPoints":80},"latitude":59.845271,"currentOwner":{"name":"Fnurk","id":104546},"time":"2021-07-25T04:45:22+0000","type":"takeover","longitude":17.639509},{"zone":{"previousOwner":{"name":"Teezle_breeze","id":304761},"dateCreated":"2021-02-23T23:27:21+0000","dateLastTaken":"2021-07-25T04:45:21+0000","latitude":51.892749,"currentOwner":{"name":"NobodySpecial","id":310018},"name":"ToIronLatch","id":387793,"totalTakeovers":134,"region":{"country":"gb","name":"East of England","id":204},"pointsPerHour":2,"longitude":0.839022,"takeoverPoints":170},"latitude":51.892749,"currentOwner":{"name":"NobodySpecial","id":310018},"time":"2021-07-25T04:45:21+0000","type":"takeover","longitude":0.839022},{"zone":{"previousOwner":{"name":"Siggekotten","id":115887},"dateCreated":"2017-08-24T20:16:30+0000","dateLastTaken":"2021-07-25T04:45:20+0000","latitude":64.168286,"currentOwner":{"name":"Ikaros7H","id":60941},"name":"TövaLite","id":117849,"totalTakeovers":710,"region":{"country":"se","name":"Västerbotten","id":127},"pointsPerHour":4,"longitude":20.925644,"takeoverPoints":140},"latitude":64.168286,"currentOwner":{"name":"Ikaros7H","id":60941},"time":"2021-07-25T04:45:20+0000","type":"takeover","longitude":20.925644},{"zone":{"previousOwner":{"name":"Engdod","id":300976},"dateCreated":"2014-09-17T10:25:06+0000","dateLastTaken":"2021-07-25T04:45:12+0000","latitude":58.751912,"currentOwner":{"name":"AudioPelle","id":63238},"name":"Lennings","id":36742,"totalTakeovers":7677,"region":{"country":"se","name":"Södermanland","id":140},"pointsPerHour":6,"longitude":17.035881,"takeoverPoints":110},"latitude":58.751912,"currentOwner":{"name":"AudioPelle","id":63238},"time":"2021-07-25T04:45:12+0000","type":"takeover","longitude":17.035881},{"zone":{"previousOwner":{"name":"fluffen9","id":59392},"dateCreated":"2014-06-26T20:16:10+0000","dateLastTaken":"2021-07-25T04:45:03+0000","latitude":59.31823,"currentOwner":{"name":"Vintentina","id":60202},"name":"Boatfieldzone","id":31970,"totalTakeovers":8977,"region":{"country":"se","name":"Värmland","id":130},"pointsPerHour":5,"longitude":13.457809,"takeoverPoints":125},"latitude":59.31823,"currentOwner":{"name":"Vintentina","id":60202},"time":"2021-07-25T04:45:03+0000","type":"takeover","longitude":13.457809},{"zone":{"previousOwner":{"name":"MrNiceGuy","id":108848},"dateLastTaken":"2021-07-25T04:44:45+0000","latitude":58.469456,"totalTakeovers":238,"pointsPerHour":1,"takeoverPoints":185,"dateCreated":"2016-08-19T17:00:00+0000","currentOwner":{"name":"MrNiceGuy","id":108848},"name":"KacklandeGäss","id":80778,"region":{"country":"se","name":"Östergötland","id":139},"longitude":15.640415},"latitude":58.469456,"currentOwner":{"name":"MrNiceGuy","id":108848},"time":"2021-07-25T04:44:45+0000","type":"takeover","longitude":15.640415},{"zone":{"previousOwner":{"name":"pompa","id":278095},"dateCreated":"2016-02-22T17:00:00+0000","dateLastTaken":"2021-07-25T04:44:45+0000","latitude":59.602892,"currentOwner":{"name":"boki","id":208220},"name":"Elbakajen","id":63754,"totalTakeovers":14078,"region":{"country":"se","name":"Västmanland","id":143},"pointsPerHour":9,"longitude":16.550225,"takeoverPoints":65},"latitude":59.602892,"currentOwner":{"name":"boki","id":208220},"time":"2021-07-25T04:44:45+0000","type":"takeover","longitude":16.550225},{"zone":{"previousOwner":{"name":"chippo","id":330212},"dateCreated":"2014-03-09T16:18:15+0000","dateLastTaken":"2021-07-25T04:44:41+0000","latitude":58.586563,"currentOwner":{"name":"Harley1","id":203410},"name":"SanktPers","id":26528,"totalTakeovers":18885,"region":{"country":"se","name":"Östergötland","id":139},"pointsPerHour":8,"longitude":16.191742,"takeoverPoints":80},"latitude":58.586563,"currentOwner":{"name":"Harley1","id":203410},"time":"2021-07-25T04:44:41+0000","type":"takeover","longitude":16.191742},{"zone":{"previousOwner":{"name":"Jonte67","id":284492},"dateCreated":"2014-04-28T08:00:00+0000","dateLastTaken":"2021-07-25T04:44:39+0000","latitude":55.602541,"currentOwner":{"name":"cloudwalker","id":137961},"name":"PennyPonds","id":28625,"totalTakeovers":5822,"region":{"country":"se","name":"Skåne","id":135},"pointsPerHour":5,"longitude":12.970898,"takeoverPoints":125},"latitude":55.602541,"currentOwner":{"name":"cloudwalker","id":137961},"time":"2021-07-25T04:44:39+0000","type":"takeover","longitude":12.970898},{"zone":{"previousOwner":{"name":"Hvalle","id":75468},"dateCreated":"2012-07-14T11:00:00+0000","dateLastTaken":"2021-07-25T04:44:35+0000","latitude":59.362382,"currentOwner":{"name":"takamine","id":281213},"name":"BilliZone","id":9673,"totalTakeovers":7056,"region":{"country":"se","name":"Södermanland","id":140},"pointsPerHour":6,"longitude":16.52078,"takeoverPoints":110},"latitude":59.362382,"currentOwner":{"name":"takamine","id":281213},"time":"2021-07-25T04:44:35+0000","type":"takeover","longitude":16.52078},{"zone":{"previousOwner":{"name":"Mimikryp","id":31546},"dateCreated":"2017-08-27T03:00:00+0000","dateLastTaken":"2021-07-25T04:44:30+0000","latitude":59.485619,"currentOwner":{"name":"Sucuriju","id":334898},"name":"ISkugganAvNio","id":117544,"totalTakeovers":1117,"region":{"country":"se","name":"Stockholm","id":141},"pointsPerHour":4,"longitude":17.754625,"takeoverPoints":140},"latitude":59.485619,"currentOwner":{"name":"Sucuriju","id":334898},"time":"2021-07-25T04:44:30+0000","type":"takeover","longitude":17.754625},{"zone":{"previousOwner":{"name":"PEKOMON","id":184856},"dateCreated":"2017-02-03T18:26:41+0000","dateLastTaken":"2021-07-25T04:44:25+0000","latitude":56.202603,"currentOwner":{"name":"sadrac","id":285034},"name":"Madelungen","id":95063,"totalTakeovers":523,"region":{"country":"se","name":"Blekinge","id":136},"pointsPerHour":2,"longitude":15.279272,"takeoverPoints":170},"latitude":56.202603,"currentOwner":{"name":"sadrac","id":285034},"time":"2021-07-25T04:44:25+0000","type":"takeover","longitude":15.279272},{"zone":{"previousOwner":{"name":"ElsieSpanner","id":309195},"dateCreated":"2013-06-15T08:00:00+0000","dateLastTaken":"2021-07-25T04:44:23+0000","latitude":55.947079,"currentOwner":{"name":"kjtindall","id":292775},"name":"GrandSquare","id":14639,"totalTakeovers":1295,"region":{"country":"gb","name":"Scotland","id":200},"pointsPerHour":6,"longitude":-3.206477,"takeoverPoints":110},"latitude":55.947079,"currentOwner":{"name":"kjtindall","id":292775},"time":"2021-07-25T04:44:23+0000","type":"takeover","longitude":-3.206477},{"zone":{"previousOwner":{"name":"TNT","id":226957},"dateCreated":"2014-11-15T22:10:00+0000","dateLastTaken":"2021-07-25T04:44:22+0000","latitude":57.766199,"currentOwner":{"name":"Dropkick","id":226955},"name":"TerapiZone","id":42093,"totalTakeovers":3235,"region":{"country":"se","name":"Jönköping","id":133},"pointsPerHour":5,"longitude":14.199838,"takeoverPoints":125},"latitude":57.766199,"currentOwner":{"name":"Dropkick","id":226955},"time":"2021-07-25T04:44:22+0000","type":"takeover","longitude":14.199838},{"zone":{"previousOwner":{"name":"Sweper","id":166969},"dateCreated":"2011-05-06T16:39:05+0000","dateLastTaken":"2021-07-25T04:44:19+0000","latitude":59.426275,"currentOwner":{"name":"Ysing","id":333760},"name":"Noseville","id":1660,"totalTakeovers":2353,"region":{"country":"se","name":"Stockholm","id":141},"pointsPerHour":5,"longitude":18.105699,"takeoverPoints":125},"latitude":59.426275,"currentOwner":{"name":"Ysing","id":333760},"time":"2021-07-25T04:44:19+0000","type":"takeover","longitude":18.105699},{"zone":{"previousOwner":{"name":"svegus1","id":278638},"dateCreated":"2013-06-14T10:46:13+0000","dateLastTaken":"2021-07-25T04:44:17+0000","latitude":59.381878,"currentOwner":{"name":"NitaG","id":313528},"name":"Mälarlunden","id":20160,"totalTakeovers":2476,"region":{"country":"se","name":"Södermanland","id":140},"pointsPerHour":4,"longitude":17.019069,"takeoverPoints":140},"latitude":59.381878,"currentOwner":{"name":"NitaG","id":313528},"time":"2021-07-25T04:44:17+0000","type":"takeover","longitude":17.019069},{"zone":{"previousOwner":{"name":"Grannbar","id":77953},"dateCreated":"2012-03-19T21:58:59+0000","dateLastTaken":"2021-07-25T04:44:11+0000","latitude":60.148829,"currentOwner":{"name":"Fredrik72","id":269714},"name":"FredsStreet","id":7014,"totalTakeovers":4597,"region":{"country":"se","name":"Dalarna","id":129},"pointsPerHour":5,"longitude":15.187311,"takeoverPoints":125},"latitude":60.148829,"currentOwner":{"name":"Fredrik72","id":269714},"time":"2021-07-25T04:44:11+0000","type":"takeover","longitude":15.187311},{"zone":{"previousOwner":{"name":"giggiyd","id":281282},"dateCreated":"2012-03-29T20:23:47+0000","dateLastTaken":"2021-07-25T04:44:09+0000","latitude":57.906369,"currentOwner":{"name":"kustbolotta","id":212644},"name":"MullSeaRoad","id":7663,"totalTakeovers":1186,"region":{"country":"se","name":"Jönköping","id":133},"pointsPerHour":1,"longitude":13.883745,"takeoverPoints":185},"latitude":57.906369,"currentOwner":{"name":"kustbolotta","id":212644},"time":"2021-07-25T04:44:09+0000","type":"takeover","longitude":13.883745},{"zone":{"previousOwner":{"name":"aYa","id":48114},"dateCreated":"2012-07-14T11:00:00+0000","dateLastTaken":"2021-07-25T04:44:06+0000","latitude":59.616783,"currentOwner":{"name":"Latteböna","id":144350},"name":"MetalZone","id":9674,"totalTakeovers":24117,"region":{"country":"se","name":"Västmanland","id":143},"pointsPerHour":9,"longitude":16.557344,"takeoverPoints":65},"latitude":59.616783,"currentOwner":{"name":"Latteböna","id":144350},"time":"2021-07-25T04:44:06+0000","type":"takeover","longitude":16.557344},{"zone":{"previousOwner":{"name":"Teezle_breeze","id":304761},"dateLastTaken":"2021-07-25T04:43:57+0000","latitude":51.894856,"totalTakeovers":124,"pointsPerHour":2,"takeoverPoints":170,"dateCreated":"2021-03-08T20:56:02+0000","currentOwner":{"name":"NobodySpecial","id":310018},"name":"IronRidge","id":392051,"region":{"country":"gb","name":"East of England","id":204},"longitude":0.837861},"latitude":51.894856,"currentOwner":{"name":"NobodySpecial","id":310018},"time":"2021-07-25T04:43:57+0000","type":"takeover","longitude":0.837861},{"zone":{"previousOwner":{"name":"WarriorOne","id":335337},"dateCreated":"2021-06-10T10:00:00+0000","dateLastTaken":"2021-07-25T04:43:54+0000","latitude":60.459166,"currentOwner":{"name":"Uralstrix","id":92422},"name":"MotSmäcken","id":418947,"totalTakeovers":46,"region":{"country":"se","name":"Dalarna","id":129},"pointsPerHour":2,"longitude":15.460208,"takeoverPoints":170},"latitude":60.459166,"currentOwner":{"name":"Uralstrix","id":92422},"time":"2021-07-25T04:43:54+0000","type":"takeover","longitude":15.460208},{"zone":{"previousOwner":{"name":"FlitigaTobbe","id":48872},"dateCreated":"2013-02-10T00:00:00+0000","dateLastTaken":"2021-07-25T04:43:54+0000","latitude":59.639548,"currentOwner":{"name":"Ferna","id":55488},"name":"SouthPot","id":14873,"totalTakeovers":15838,"region":{"country":"se","name":"Västmanland","id":143},"pointsPerHour":8,"longitude":16.534415,"takeoverPoints":80},"latitude":59.639548,"currentOwner":{"name":"Ferna","id":55488},"time":"2021-07-25T04:43:54+0000","type":"takeover","longitude":16.534415},{"zone":{"previousOwner":{"name":"skrubbel","id":226950},"dateCreated":"2014-12-07T14:38:59+0000","dateLastTaken":"2021-07-25T04:43:49+0000","latitude":58.313932,"currentOwner":{"name":"Mstar","id":118531},"name":"EntréSanna","id":42449,"totalTakeovers":451,"region":{"country":"se","name":"Västra Götaland","id":132},"pointsPerHour":1,"longitude":14.300798,"takeoverPoints":185},"latitude":58.313932,"currentOwner":{"name":"Mstar","id":118531},"time":"2021-07-25T04:43:49+0000","type":"takeover","longitude":14.300798},{"zone":{"previousOwner":{"name":"simpson","id":71440},"dateLastTaken":"2021-07-25T04:43:47+0000","latitude":59.383643,"totalTakeovers":16212,"pointsPerHour":8,"takeoverPoints":80,"dateCreated":"2014-06-05T14:01:36+0000","currentOwner":{"name":"Ruff","id":103063},"name":"VeCCC","id":31286,"region":{"country":"se","name":"Värmland","id":130},"longitude":13.507747},"latitude":59.383643,"currentOwner":{"name":"Ruff","id":103063},"time":"2021-07-25T04:43:47+0000","type":"takeover","longitude":13.507747},{"zone":{"previousOwner":{"name":"Kygni","id":105263},"dateCreated":"2014-09-25T16:00:00+0000","dateLastTaken":"2021-07-25T04:43:32+0000","latitude":59.846913,"currentOwner":{"name":"Fnurk","id":104546},"name":"SickHouseRoad","id":37129,"totalTakeovers":15087,"region":{"country":"se","name":"Uppsala","id":142},"pointsPerHour":8,"longitude":17.6414,"takeoverPoints":80},"latitude":59.846913,"currentOwner":{"name":"Fnurk","id":104546},"time":"2021-07-25T04:43:32+0000","type":"takeover","longitude":17.6414},{"zone":{"previousOwner":{"name":"Jonte67","id":284492},"dateLastTaken":"2021-07-25T04:43:29+0000","latitude":55.603745,"totalTakeovers":6234,"pointsPerHour":6,"takeoverPoints":110,"dateCreated":"2014-04-06T12:40:17+0000","currentOwner":{"name":"cloudwalker","id":137961},"name":"Ribersborg","id":27830,"region":{"country":"se","name":"Skåne","id":135},"longitude":12.974245},"latitude":55.603745,"currentOwner":{"name":"cloudwalker","id":137961},"time":"2021-07-25T04:43:29+0000","type":"takeover","longitude":12.974245},{"zone":{"previousOwner":{"name":"Engdod","id":300976},"dateCreated":"2018-10-25T07:21:07+0000","dateLastTaken":"2021-07-25T04:43:21+0000","latitude":58.756986,"currentOwner":{"name":"AudioPelle","id":63238},"name":"Stenkullakors","id":176250,"totalTakeovers":1533,"region":{"country":"se","name":"Södermanland","id":140},"pointsPerHour":5,"longitude":17.03345,"takeoverPoints":125},"latitude":58.756986,"currentOwner":{"name":"AudioPelle","id":63238},"time":"2021-07-25T04:43:21+0000","type":"takeover","longitude":17.03345}]