[{"zone":{"previousOwner":{"name":"HaAnd","id":52242},"dateCreated":"2012-03-27T13:52:00+0000","dateLastTaken":"2021-07-26T23:57:38+0000","latitude":62.370999,"currentOwner":{"name":"OneCashKing","id":278914},"name":"Droppen","id":7470,"totalTakeovers":2776,"region":{"country":"se","name":"Västernorrland","id":145},"pointsPerHour":4,"longitude":17.348139,"takeoverPoints":140},"latitude":62.370999,"currentOwner":{"name":"OneCashKing","id":278914},"time":"2021-07-26T23:57:38+0000","type":"takeover","longitude":17.348139},{"zone":{"previousOwner":{"name":"grock","id":189790},"dateCreated":"2017-05-13T06:29:54+0000","dateLastTaken":"2021-07-26T23:57:17+0000","latitude":65.588249,"currentOwner":{"name":"DrAcula","id":42118},"name":"Kallbadet","id":106741,"totalTakeovers":5915,"region":{"country":"se","name":"Norrbotten","id":126},"pointsPerHour":7,"longitude":22.128554,"takeoverPoints":95},"latitude":65.588249,"currentOwner":{"name":"DrAcula","id":42118},"time":"2021-07-26T23:57:17+0000","type":"takeover","longitude":22.128554},{"zone":{"previousOwner":{"name":"Bullmannen","id":4168},"dateCreated":"2017-05-25T11:02:26+0000","dateLastTaken":"2021-07-26T23:57:07+0000","latitude":59.433707,"currentOwner":{"name":"JulyMyFriend?","id":254091},"name":"Kunskapstörst","id":109453,"totalTakeovers":2844,"region":{"country":"se","name":"Stockholm","id":141},"pointsPerHour":5,"longitude":18.078408,"takeoverPoints":125},"latitude":59.433707,"currentOwner":{"name":"JulyMyFriend?","id":254091},"time":"2021-07-26T23:57:07+0000","type":"takeover","longitude":18.078408},{"zone":{"previousOwner":{"name":"topten","id":17328},"dateCreated":"2017-06-06T10:00:00+0000","dateLastTaken":"2021-07-26T23:56:22+0000","latitude":59.374918,"currentOwner":{"name":"Pajje","id":283572},"name":"Tuppstugan","id":113820,"totalTakeovers":4627,"region":{"country":"se","name":"Stockholm","id":141},"pointsPerHour":6,"longitude":17.952727,"takeoverPoints":110},"latitude":59.374918,"currentOwner":{"name":"Pajje","id":283572},"time":"2021-07-26T23:56:22+0000","type":"takeover","longitude":17.952727},{"zone":{"previousOwner":{"name":"stefanx46","id":36563},"dateCreated":"2012-05-06T20:12:47+0000","dateLastTaken":"2021-07-26T23:56:15+0000","latitude":64.76181,"currentOwner":{"name":"piggelin90","id":202858},"name":"SingingValley","id":8651,"totalTakeovers":1515,"region":{"country":"se","name":"Västerbotten","id":127},"pointsPerHour":5,"longitude":20.936703,"takeoverPoints":125},"latitude":64.76181,"currentOwner":{"name":"piggelin90","id":202858},"time":"2021-07-26T23:56:15+0000","type":"takeover","longitude":20.936703},{"zone":{"previousOwner":{"name":"Bullmannen","id":4168},"dateCreated":"2017-05-15T11:00:51+0000","dateLastTaken":"2021-07-26T23:55:54+0000","latitude":59.43183,"currentOwner":{"name":"JulyMyFriend?","id":254091},"name":"Eremitfalken","id":109452,"totalTakeovers":2636,"region":{"country":"se","name":"Stockholm","id":141},"pointsPerHour":5,"longitude":18.076595,"takeoverPoints":125},"latitude":59.43183,"currentOwner":{"name":"JulyMyFriend?","id":254091},"time":"2021-07-26T23:55:54+0000","type":"takeover","longitude":18.076595},{"zone":{"previousOwner":{"name":"grock","id":189790},"dateCreated":"2010-09-04T14:41:37+0000","dateLastTaken":"2021-07-26T23:55:39+0000","latitude":65.587516,"currentOwner":{"name":"DrAcula","id":42118},"name":"Gültzau","id":615,"totalTakeovers":8111,"region":{"country":"se","name":"Norrbotten","id":126},"pointsPerHour":7,"longitude":22.124792,"takeoverPoints":95},"latitude":65.587516,"currentOwner":{"name":"DrAcula","id":42118},"time":"2021-07-26T23:55:39+0000","type":"takeover","longitude":22.124792},{"zone":{"previousOwner":{"name":"madmax","id":14296},"dateCreated":"2014-11-16T19:34:00+0000","dateLastTaken":"2021-07-26T23:55:25+0000","latitude":62.375985,"currentOwner":{"name":"OneCashKing","id":278914},"name":"HärstaWood","id":42097,"totalTakeovers":1896,"region":{"country":"se","name":"Västernorrland","id":145},"pointsPerHour":3,"longitude":17.336849,"takeoverPoints":155},"latitude":62.375985,"currentOwner":{"name":"OneCashKing","id":278914},"time":"2021-07-26T23:55:25+0000","type":"takeover","longitude":17.336849},{"zone":{"previousOwner":{"name":"grock","id":189790},"dateCreated":"2015-04-30T16:43:55+0000","dateLastTaken":"2021-07-26T23:54:25+0000","latitude":65.585735,"currentOwner":{"name":"DrAcula","id":42118},"name":"Gyltsahill","id":50905,"totalTakeovers":7774,"region":{"country":"se","name":"Norrbotten","id":126},"pointsPerHour":7,"longitude":22.126242,"takeoverPoints":95},"latitude":65.585735,"currentOwner":{"name":"DrAcula","id":42118},"time":"2021-07-26T23:54:25+0000","type":"takeover","longitude":22.126242},{"zone":{"previousOwner":{"name":"Bullmannen","id":4168},"dateCreated":"2012-04-25T21:09:12+0000","dateLastTaken":"2021-07-26T23:54:05+0000","latitude":59.432279,"currentOwner":{"name":"JulyMyFriend?","id":254091},"name":"NäsbyAllé","id":8393,"totalTakeovers":4543,"region":{"country":"se","name":"Stockholm","id":141},"pointsPerHour":5,"longitude":18.072563,"takeoverPoints":125},"latitude":59.432279,"currentOwner":{"name":"JulyMyFriend?","id":254091},"time":"2021-07-26T23:54:05+0000","type":"takeover","longitude":18.072563},{"zone":{"previousOwner":{"name":"grock","id":189790},"dateCreated":"2012-04-02T21:44:16+0000","dateLastTaken":"2021-07-26T23:53:14+0000","latitude":65.583494,"currentOwner":{"name":"DrAcula","id":42118},"name":"RopeHitEnd","id":7913,"totalTakeovers":9754,"region":{"country":"se","name":"Norrbotten","id":126},"pointsPerHour":7,"longitude":22.126608,"takeoverPoints":95},"latitude":65.583494,"currentOwner":{"name":"DrAcula","id":42118},"time":"2021-07-26T23:53:14+0000","type":"takeover","longitude":22.126608},{"zone":{"previousOwner":{"name":"NixQ2","id":76139},"dateCreated":"2019-01-23T19:41:34+0000","dateLastTaken":"2021-07-26T23:53:12+0000","latitude":67.138508,"currentOwner":{"name":"NixQ2","id":76139},"name":"Hedtrappen","id":179192,"totalTakeovers":2069,"region":{"country":"se","name":"Norrbotten","id":126},"pointsPerHour":4,"longitude":20.668639,"takeoverPoints":140},"latitude":67.138508,"currentOwner":{"name":"NixQ2","id":76139},"time":"2021-07-26T23:53:12+0000","type":"takeover","longitude":20.668639},{"zone":{"previousOwner":{"name":"0beroff","id":80119},"dateCreated":"2021-05-07T22:30:00+0000","dateLastTaken":"2021-07-26T23:53:12+0000","latitude":59.376624,"currentOwner":{"name":"Pajje","id":283572},"name":"Rissnestråket","id":409151,"totalTakeovers":233,"region":{"country":"se","name":"Stockholm","id":141},"pointsPerHour":6,"longitude":17.954805,"takeoverPoints":110},"latitude":59.376624,"currentOwner":{"name":"Pajje","id":283572},"time":"2021-07-26T23:53:12+0000","type":"takeover","longitude":17.954805},{"zone":{"previousOwner":{"name":"Kix","id":19744},"dateCreated":"2012-06-21T09:39:56+0000","dateLastTaken":"2021-07-26T23:52:17+0000","latitude":63.847562,"currentOwner":{"name":"Nocturne","id":227285},"name":"Björnbroarna","id":9470,"totalTakeovers":14704,"region":{"country":"se","name":"Västerbotten","id":127},"pointsPerHour":8,"longitude":20.327181,"takeoverPoints":80},"latitude":63.847562,"currentOwner":{"name":"Nocturne","id":227285},"time":"2021-07-26T23:52:17+0000","type":"takeover","longitude":20.327181}]