[{"zone":{"previousOwner":{"name":"FunkyKringel","id":48817},"dateCreated":"2015-05-02T17:26:38+0000","dateLastTaken":"2021-07-27T23:50:13+0000","latitude":63.684874,"currentOwner":{"name":"bengtbbb","id":64627},"name":"Vägstumpen","id":51652,"totalTakeovers":2682,"region":{"country":"se","name":"Västerbotten","id":127},"pointsPerHour":4,"longitude":20.34088,"takeoverPoints":140},"latitude":63.684874,"currentOwner":{"name":"bengtbbb","id":64627},"time":"2021-07-27T23:50:13+0000","type":"takeover","longitude":20.34088},{"zone":{"previousOwner":{"name":"Lazycat","id":59545},"dateCreated":"2011-01-07T10:18:04+0000","dateLastTaken":"2021-07-27T23:49:53+0000","latitude":62.447653,"currentOwner":{"name":"OneCashKing","id":278914},"name":"Timmer","id":1291,"totalTakeovers":3550,"region":{"country":"se","name":"Västernorrland","id":145},"pointsPerHour":4,"longitude":17.329953,"takeoverPoints":140},"latitude":62.447653,"currentOwner":{"name":"OneCashKing","id":278914},"time":"2021-07-27T23:49:53+0000","type":"takeover","longitude":17.329953},{"zone":{"previousOwner":{"name":"Pope","id":167233},"dateCreated":"2015-08-30T19:07:49+0000","dateLastTaken":"2021-07-27T23:49:29+0000","latitude":59.448678,"currentOwner":{"name":"JulyMyFriend?","id":254091},"name":"IngenBäverHär","id":56794,"totalTakeovers":1377,"region":{"country":"se","name":"Stockholm","id":141},"pointsPerHour":4,"longitude":18.062268,"takeoverPoints":140},"latitude":59.448678,"currentOwner":{"name":"JulyMyFriend?","id":254091},"time":"2021-07-27T23:49:29+0000","type":"takeover","longitude":18.062268},{"zone":{"previousOwner":{"name":"trucken","id":22692},"dateCreated":"2013-02-10T00:00:00+0000","dateLastTaken":"2021-07-27T23:49:19+0000","latitude":59.606689,"currentOwner":{"name":"Caisesiume","id":40432},"name":"VetterZone","id":13617,"totalTakeovers":7134,"region":{"country":"se","name":"Västmanland","id":143},"pointsPerHour":5,"longitude":16.512346,"takeoverPoints":125},"latitude":59.606689,"currentOwner":{"name":"Caisesiume","id":40432},"time":"2021-07-27T23:49:19+0000","type":"takeover","longitude":16.512346},{"zone":{"previousOwner":{"name":"AlnöErik","id":334638},"dateCreated":"2013-05-11T12:00:00+0000","dateLastTaken":"2021-07-27T23:48:18+0000","latitude":62.44612,"currentOwner":{"name":"OneCashKing","id":278914},"name":"ForemanCross","id":18203,"totalTakeovers":2471,"region":{"country":"se","name":"Västernorrland","id":145},"pointsPerHour":4,"longitude":17.319844,"takeoverPoints":140},"latitude":62.44612,"currentOwner":{"name":"OneCashKing","id":278914},"time":"2021-07-27T23:48:18+0000","type":"takeover","longitude":17.319844},{"zone":{"previousOwner":{"name":"bengtbbb","id":64627},"dateCreated":"2012-09-24T22:33:47+0000","dateLastTaken":"2021-07-27T23:48:02+0000","latitude":63.691953,"currentOwner":{"name":"bengtbbb","id":64627},"name":"Oljestenarna","id":11495,"totalTakeovers":2366,"region":{"country":"se","name":"Västerbotten","id":127},"pointsPerHour":4,"longitude":20.35146,"takeoverPoints":140},"latitude":63.691953,"currentOwner":{"name":"bengtbbb","id":64627},"time":"2021-07-27T23:48:02+0000","type":"takeover","longitude":20.35146},{"zone":{"previousOwner":{"name":"trucken","id":22692},"dateCreated":"2017-04-01T19:30:10+0000","dateLastTaken":"2021-07-27T23:47:38+0000","latitude":59.606475,"currentOwner":{"name":"Caisesiume","id":40432},"name":"Narvazon","id":97297,"totalTakeovers":6200,"region":{"country":"se","name":"Västmanland","id":143},"pointsPerHour":7,"longitude":16.507839,"takeoverPoints":95},"latitude":59.606475,"currentOwner":{"name":"Caisesiume","id":40432},"time":"2021-07-27T23:47:38+0000","type":"takeover","longitude":16.507839},{"zone":{"previousOwner":{"name":"J_Böös","id":142163},"dateCreated":"2010-09-05T00:00:00+0000","dateLastTaken":"2021-07-27T23:46:09+0000","latitude":59.609276,"currentOwner":{"name":"Caisesiume","id":40432},"name":"Vetterstorp","id":714,"totalTakeovers":9909,"region":{"country":"se","name":"Västmanland","id":143},"pointsPerHour":7,"longitude":16.507103,"takeoverPoints":95},"latitude":59.609276,"currentOwner":{"name":"Caisesiume","id":40432},"time":"2021-07-27T23:46:09+0000","type":"takeover","longitude":16.507103},{"zone":{"previousOwner":{"name":"JulyMyFriend?","id":254091},"dateCreated":"2014-07-07T07:06:19+0000","dateLastTaken":"2021-07-27T23:45:15+0000","latitude":59.453675,"currentOwner":{"name":"JulyMyFriend?","id":254091},"name":"Enstation","id":32190,"totalTakeovers":1470,"region":{"country":"se","name":"Stockholm","id":141},"pointsPerHour":4,"longitude":18.065317,"takeoverPoints":140},"latitude":59.453675,"currentOwner":{"name":"JulyMyFriend?","id":254091},"time":"2021-07-27T23:45:15+0000","type":"takeover","longitude":18.065317}]