[{"medal":94,"time":"2021-07-23T19:09:29+0000","type":"medal","user":{"country":"wd","medals":[80,100,31,94],"zones":[],"pointsPerHour":0,"points":1730,"blocktime":12,"taken":40,"name":"SofoTurf","totalPoints":13406,"rank":9,"id":272451,"place":7120,"uniqueZonesTaken":13,"region":{"name":"Georgia","id":323}}},{"medal":93,"time":"2021-07-23T19:08:36+0000","type":"medal","user":{"country":"se","medals":[85,80,93],"zones":[41685,159509],"pointsPerHour":0,"points":2563,"blocktime":11,"taken":15,"name":"snigeln76","totalPoints":2563,"rank":5,"id":335839,"place":7120,"uniqueZonesTaken":10,"region":{"name":"Stockholm","id":141}}},{"medal":80,"time":"2021-07-23T19:06:11+0000","type":"medal","user":{"country":"se","medals":[80,84],"zones":[44723,31763,709,79288,115964],"pointsPerHour":0,"points":379,"blocktime":10,"taken":5,"name":"xXLokacrushXx","totalPoints":379,"rank":1,"id":336141,"place":7120,"uniqueZonesTaken":5,"region":{"name":"Västmanland","id":143}}},{"medal":84,"time":"2021-07-23T19:06:11+0000","type":"medal","user":{"country":"se","medals":[80,84],"zones":[44723,31763,709,79288,115964],"pointsPerHour":0,"points":379,"blocktime":10,"taken":5,"name":"xXLokacrushXx","totalPoints":379,"rank":1,"id":336141,"place":7120,"uniqueZonesTaken":5,"region":{"name":"Västmanland","id":143}}},{"medal":28,"time":"2021-07-23T19:01:13+0000","type":"medal","user":{"country":"se","medals":[93,46,42,12,55,102,78,28],"zones":[1729,54663,54664,30217,2889,8589,8461,93781,6165,22360,141721,15136,15008,9761,43369,9705,9577,9706,43375,62194,2998,1722,1723,47613,17919],"pointsPerHour":0,"points":50556,"blocktime":14,"taken":488,"name":"IrrarRunt","totalPoints":55205,"rank":16,"id":335134,"place":7119,"uniqueZonesTaken":158,"region":{"name":"Västerbotten","id":127}}}]