[{"zone":{"previousOwner":{"name":"Kaktus-Mats","id":61706},"dateCreated":"2013-02-08T21:21:53+0000","dateLastTaken":"2021-07-25T19:35:15+0000","latitude":59.856307,"currentOwner":{"name":"åsanna","id":259883},"name":"StoneWood","id":14782,"totalTakeovers":3569,"region":{"country":"se","name":"Uppsala","id":142},"pointsPerHour":5,"longitude":17.553391,"takeoverPoints":125},"latitude":59.856307,"currentOwner":{"name":"åsanna","id":259883},"time":"2021-07-25T19:35:15+0000","type":"takeover","longitude":17.553391},{"zone":{"previousOwner":{"name":"Åsku","id":166469},"dateCreated":"2012-04-01T14:22:43+0000","dateLastTaken":"2021-07-25T19:35:14+0000","latitude":59.628436,"currentOwner":{"name":"CRUSAIDER","id":168025},"name":"IndianaZone","id":7758,"totalTakeovers":21499,"region":{"country":"se","name":"Västmanland","id":143},"pointsPerHour":8,"longitude":16.595877,"takeoverPoints":80},"latitude":59.628436,"currentOwner":{"name":"CRUSAIDER","id":168025},"time":"2021-07-25T19:35:14+0000","type":"takeover","longitude":16.595877},{"zone":{"previousOwner":{"name":"SpökTfräcke","id":204322},"dateCreated":"2017-06-17T07:00:00+0000","dateLastTaken":"2021-07-25T19:35:12+0000","latitude":63.810776,"currentOwner":{"name":"linkaz","id":101631},"name":"Otw2IKSU","id":114029,"totalTakeovers":4638,"region":{"country":"se","name":"Västerbotten","id":127},"pointsPerHour":8,"longitude":20.252181,"takeoverPoints":80},"latitude":63.810776,"currentOwner":{"name":"linkaz","id":101631},"time":"2021-07-25T19:35:12+0000","type":"takeover","longitude":20.252181},{"zone":{"previousOwner":{"name":"Badbalja","id":44507},"dateCreated":"2014-03-28T14:00:00+0000","dateLastTaken":"2021-07-25T19:35:12+0000","latitude":57.685064,"currentOwner":{"name":"Skräddaren_","id":242130},"name":"Kallebäckis","id":27627,"totalTakeovers":2509,"region":{"country":"se","name":"Västra Götaland","id":132},"pointsPerHour":4,"longitude":12.005297,"takeoverPoints":140},"latitude":57.685064,"currentOwner":{"name":"Skräddaren_","id":242130},"time":"2021-07-25T19:35:12+0000","type":"takeover","longitude":12.005297},{"zone":{"previousOwner":{"name":"Gåsen","id":75543},"dateCreated":"2015-04-26T09:58:34+0000","dateLastTaken":"2021-07-25T19:35:10+0000","latitude":58.499697,"currentOwner":{"name":"SunnivaA","id":254819},"name":"PromeneraMera","id":50291,"totalTakeovers":1292,"region":{"country":"se","name":"Östergötland","id":139},"pointsPerHour":2,"longitude":15.51338,"takeoverPoints":170},"latitude":58.499697,"currentOwner":{"name":"SunnivaA","id":254819},"time":"2021-07-25T19:35:10+0000","type":"takeover","longitude":15.51338},{"zone":{"previousOwner":{"name":"Mazarin","id":26774},"dateCreated":"2017-05-11T17:16:00+0000","dateLastTaken":"2021-07-25T19:35:02+0000","latitude":58.392645,"currentOwner":{"name":"Bergfogden","id":228864},"name":"MtCollegium","id":108694,"totalTakeovers":4262,"region":{"country":"se","name":"Östergötland","id":139},"pointsPerHour":5,"longitude":15.563829,"takeoverPoints":125},"latitude":58.392645,"currentOwner":{"name":"Bergfogden","id":228864},"time":"2021-07-25T19:35:02+0000","type":"takeover","longitude":15.563829},{"zone":{"previousOwner":{"name":"tilverturf","id":166033},"dateCreated":"2014-08-21T20:00:00+0000","dateLastTaken":"2021-07-25T19:35:02+0000","latitude":59.864251,"currentOwner":{"name":"throkk","id":16063},"name":"StPersBot","id":33684,"totalTakeovers":14698,"region":{"country":"se","name":"Uppsala","id":142},"pointsPerHour":8,"longitude":17.647225,"takeoverPoints":80},"latitude":59.864251,"currentOwner":{"name":"throkk","id":16063},"time":"2021-07-25T19:35:02+0000","type":"takeover","longitude":17.647225},{"zone":{"previousOwner":{"name":"BiW","id":60033},"dateCreated":"2011-09-15T10:00:00+0000","dateLastTaken":"2021-07-25T19:35:01+0000","latitude":62.391377,"currentOwner":{"name":"pellea64","id":91681},"name":"SundPool","id":3360,"totalTakeovers":12911,"region":{"country":"se","name":"Västernorrland","id":145},"pointsPerHour":7,"longitude":17.295735,"takeoverPoints":95},"latitude":62.391377,"currentOwner":{"name":"pellea64","id":91681},"time":"2021-07-25T19:35:01+0000","type":"takeover","longitude":17.295735},{"zone":{"previousOwner":{"name":"Lukashenko98","id":317943},"dateCreated":"2017-05-26T20:51:56+0000","dateLastTaken":"2021-07-25T19:35:00+0000","latitude":60.120767,"currentOwner":{"name":"Tompaj","id":74138},"name":"SpringFlower","id":111787,"totalTakeovers":4865,"region":{"country":"fi","name":"Åland","id":177},"pointsPerHour":6,"longitude":19.956281,"takeoverPoints":110},"latitude":60.120767,"currentOwner":{"name":"Tompaj","id":74138},"time":"2021-07-25T19:35:00+0000","type":"takeover","longitude":19.956281},{"zone":{"previousOwner":{"name":"erpen","id":155024},"dateCreated":"2017-07-15T07:00:00+0000","dateLastTaken":"2021-07-25T19:34:58+0000","latitude":63.806783,"currentOwner":{"name":"Cykeltalibanen","id":267525},"name":"Ööö","id":114026,"totalTakeovers":2340,"region":{"country":"se","name":"Västerbotten","id":127},"pointsPerHour":7,"longitude":20.287544,"takeoverPoints":95},"latitude":63.806783,"currentOwner":{"name":"Cykeltalibanen","id":267525},"time":"2021-07-25T19:34:58+0000","type":"takeover","longitude":20.287544},{"zone":{"previousOwner":{"name":"vindturf","id":118672},"dateCreated":"2013-11-29T14:55:20+0000","dateLastTaken":"2021-07-25T19:34:56+0000","latitude":58.987837,"currentOwner":{"name":"vinzon","id":187615},"name":"Laggarhult","id":23526,"totalTakeovers":3546,"region":{"country":"se","name":"Södermanland","id":140},"pointsPerHour":4,"longitude":16.237629,"takeoverPoints":140},"latitude":58.987837,"currentOwner":{"name":"vinzon","id":187615},"time":"2021-07-25T19:34:56+0000","type":"takeover","longitude":16.237629},{"zone":{"previousOwner":{"name":"Katebo","id":176989},"dateCreated":"2014-11-01T09:00:00+0000","dateLastTaken":"2021-07-25T19:34:55+0000","latitude":59.169797,"currentOwner":{"name":"Rod_Polsan","id":129152},"name":"TheTwoTowers","id":41698,"totalTakeovers":4698,"region":{"country":"se","name":"Stockholm","id":141},"pointsPerHour":6,"longitude":18.152221,"takeoverPoints":110},"latitude":59.169797,"currentOwner":{"name":"Rod_Polsan","id":129152},"time":"2021-07-25T19:34:55+0000","type":"takeover","longitude":18.152221},{"zone":{"previousOwner":{"name":"derdlim","id":117540},"dateLastTaken":"2021-07-25T19:34:54+0000","latitude":58.751681,"totalTakeovers":12211,"pointsPerHour":7,"takeoverPoints":95,"dateCreated":"2013-08-01T10:00:00+0000","currentOwner":{"name":"markuse1","id":314402},"name":"Folkungabron","id":21092,"region":{"country":"se","name":"Södermanland","id":140},"longitude":17.012068},"latitude":58.751681,"currentOwner":{"name":"markuse1","id":314402},"time":"2021-07-25T19:34:54+0000","type":"takeover","longitude":17.012068},{"zone":{"previousOwner":{"name":"Zchnetterhorn","id":86761},"dateLastTaken":"2021-07-25T19:34:53+0000","latitude":59.294412,"totalTakeovers":12552,"pointsPerHour":9,"takeoverPoints":65,"dateCreated":"2015-12-24T13:59:00+0000","currentOwner":{"name":"HelGran","id":177241},"name":"Globetrotter","id":61489,"region":{"country":"se","name":"Stockholm","id":141},"longitude":18.084766},"latitude":59.294412,"currentOwner":{"name":"HelGran","id":177241},"time":"2021-07-25T19:34:53+0000","type":"takeover","longitude":18.084766},{"zone":{"previousOwner":{"name":"Alfa123","id":43024},"dateCreated":"2014-09-15T20:43:23+0000","dateLastTaken":"2021-07-25T19:34:53+0000","latitude":59.313815,"currentOwner":{"name":"immi","id":193940},"name":"Boängäng","id":36711,"totalTakeovers":5722,"region":{"country":"se","name":"Örebro","id":131},"pointsPerHour":6,"longitude":14.51405,"takeoverPoints":110},"latitude":59.313815,"currentOwner":{"name":"immi","id":193940},"time":"2021-07-25T19:34:53+0000","type":"takeover","longitude":14.51405},{"zone":{"previousOwner":{"name":"JankaO","id":317586},"dateLastTaken":"2021-07-25T19:34:48+0000","latitude":60.615322,"totalTakeovers":14954,"pointsPerHour":7,"takeoverPoints":95,"dateCreated":"2012-07-12T13:17:44+0000","currentOwner":{"name":"MoraIK","id":158799},"name":"Kvarnbron","id":9648,"region":{"country":"se","name":"Dalarna","id":129},"longitude":15.61902},"latitude":60.615322,"currentOwner":{"name":"MoraIK","id":158799},"time":"2021-07-25T19:34:48+0000","type":"takeover","longitude":15.61902},{"zone":{"previousOwner":{"name":"Moi2021","id":327456},"dateCreated":"2012-03-20T22:33:12+0000","dateLastTaken":"2021-07-25T19:34:48+0000","latitude":59.371383,"currentOwner":{"name":"DrBengt","id":228134},"name":"Råstasjön","id":7168,"totalTakeovers":12141,"region":{"country":"se","name":"Stockholm","id":141},"pointsPerHour":8,"longitude":17.982716,"takeoverPoints":80},"latitude":59.371383,"currentOwner":{"name":"DrBengt","id":228134},"time":"2021-07-25T19:34:48+0000","type":"takeover","longitude":17.982716},{"zone":{"previousOwner":{"name":"VirulfKiller1","id":305900},"dateLastTaken":"2021-07-25T19:34:47+0000","latitude":59.330405,"totalTakeovers":52283,"pointsPerHour":9,"takeoverPoints":65,"dateCreated":"2010-09-14T00:00:00+0000","currentOwner":{"name":"greenmary","id":327111},"name":"CentralZone","id":882,"region":{"country":"se","name":"Stockholm","id":141},"longitude":18.05868},"latitude":59.330405,"currentOwner":{"name":"greenmary","id":327111},"time":"2021-07-25T19:34:47+0000","type":"takeover","longitude":18.05868},{"zone":{"previousOwner":{"name":"Tyr","id":62692},"dateCreated":"2017-11-30T08:38:22+0000","dateLastTaken":"2021-07-25T19:34:46+0000","latitude":55.568915,"currentOwner":{"name":"Tompa_65","id":160985},"name":"SpelaAllan","id":138730,"totalTakeovers":2380,"region":{"country":"se","name":"Skåne","id":135},"pointsPerHour":4,"longitude":12.987843,"takeoverPoints":140},"latitude":55.568915,"currentOwner":{"name":"Tompa_65","id":160985},"time":"2021-07-25T19:34:46+0000","type":"takeover","longitude":12.987843},{"zone":{"previousOwner":{"name":"Knoblauch","id":70153},"dateCreated":"2013-04-28T09:00:00+0000","dateLastTaken":"2021-07-25T19:34:46+0000","latitude":58.391798,"currentOwner":{"name":"lgfal","id":139649},"name":"ModerSvea","id":17570,"totalTakeovers":14944,"region":{"country":"se","name":"Östergötland","id":139},"pointsPerHour":7,"longitude":15.638381,"takeoverPoints":95},"latitude":58.391798,"currentOwner":{"name":"lgfal","id":139649},"time":"2021-07-25T19:34:46+0000","type":"takeover","longitude":15.638381},{"zone":{"previousOwner":{"name":"bonna","id":254021},"dateCreated":"2014-03-11T13:00:00+0000","dateLastTaken":"2021-07-25T19:34:43+0000","latitude":57.752829,"currentOwner":{"name":"bonna","id":254021},"name":"Kalendervägen","id":26677,"totalTakeovers":2745,"region":{"country":"se","name":"Västra Götaland","id":132},"pointsPerHour":4,"longitude":12.038611,"takeoverPoints":140},"latitude":57.752829,"currentOwner":{"name":"bonna","id":254021},"time":"2021-07-25T19:34:43+0000","type":"takeover","longitude":12.038611},{"zone":{"previousOwner":{"name":"JKJE","id":106165},"dateCreated":"2020-12-26T21:42:10+0000","dateLastTaken":"2021-07-25T19:34:42+0000","latitude":41.694255,"currentOwner":{"name":"JKJE","id":106165},"name":"PushkinPark","id":359147,"totalTakeovers":11,"region":{"name":"Georgia","id":323},"pointsPerHour":1,"longitude":44.801634,"takeoverPoints":185},"latitude":41.694255,"currentOwner":{"name":"JKJE","id":106165},"time":"2021-07-25T19:34:42+0000","type":"takeover","longitude":44.801634},{"zone":{"previousOwner":{"name":"applepip","id":305326},"dateCreated":"2021-01-28T18:00:00+0000","dateLastTaken":"2021-07-25T19:34:39+0000","latitude":57.652667,"currentOwner":{"name":"kcal","id":303236},"name":"ZiggyZag","id":374092,"totalTakeovers":154,"region":{"country":"gb","name":"Scotland","id":200},"pointsPerHour":2,"longitude":-3.331278,"takeoverPoints":170},"latitude":57.652667,"currentOwner":{"name":"kcal","id":303236},"time":"2021-07-25T19:34:39+0000","type":"takeover","longitude":-3.331278},{"zone":{"previousOwner":{"name":"recycling","id":79989},"dateLastTaken":"2021-07-25T19:34:39+0000","latitude":59.506695,"totalTakeovers":7598,"pointsPerHour":5,"takeoverPoints":125,"dateCreated":"2011-09-14T19:47:09+0000","currentOwner":{"name":"BjörnBel","id":205132},"name":"BuyStation","id":3301,"region":{"country":"se","name":"Västmanland","id":143},"longitude":16.005135},"latitude":59.506695,"currentOwner":{"name":"BjörnBel","id":205132},"time":"2021-07-25T19:34:39+0000","type":"takeover","longitude":16.005135},{"zone":{"previousOwner":{"name":"Hansdsf","id":97604},"dateCreated":"2018-06-15T06:25:47+0000","dateLastTaken":"2021-07-25T19:34:38+0000","latitude":59.240612,"currentOwner":{"name":"Turfarmor","id":166232},"name":"Stolpträff","id":154195,"totalTakeovers":2721,"region":{"country":"se","name":"Örebro","id":131},"pointsPerHour":5,"longitude":14.445131,"takeoverPoints":125},"latitude":59.240612,"currentOwner":{"name":"Turfarmor","id":166232},"time":"2021-07-25T19:34:38+0000","type":"takeover","longitude":14.445131},{"zone":{"previousOwner":{"name":"Wedvin","id":235017},"dateCreated":"2015-04-25T13:25:31+0000","dateLastTaken":"2021-07-25T19:34:37+0000","latitude":58.721793,"currentOwner":{"name":"Wedvin","id":235017},"name":"Bastuban","id":50174,"totalTakeovers":390,"region":{"country":"se","name":"Östergötland","id":139},"pointsPerHour":1,"longitude":15.634231,"takeoverPoints":185},"latitude":58.721793,"currentOwner":{"name":"Wedvin","id":235017},"time":"2021-07-25T19:34:37+0000","type":"takeover","longitude":15.634231},{"zone":{"previousOwner":{"name":"tur(f)gor","id":144328},"dateCreated":"2012-05-05T19:26:47+0000","dateLastTaken":"2021-07-25T19:34:37+0000","latitude":63.816607,"currentOwner":{"name":"chargern","id":177035},"name":"Fruktfältet","id":8589,"totalTakeovers":12551,"region":{"country":"se","name":"Västerbotten","id":127},"pointsPerHour":7,"longitude":20.207144,"takeoverPoints":95},"latitude":63.816607,"currentOwner":{"name":"chargern","id":177035},"time":"2021-07-25T19:34:37+0000","type":"takeover","longitude":20.207144},{"zone":{"previousOwner":{"name":"Winis","id":141921},"dateCreated":"2013-12-24T11:00:00+0000","dateLastTaken":"2021-07-25T19:34:36+0000","latitude":57.654507,"currentOwner":{"name":"ABBE14","id":200186},"name":"EklandaHage","id":24390,"totalTakeovers":3689,"region":{"country":"se","name":"Västra Götaland","id":132},"pointsPerHour":5,"longitude":11.964279,"takeoverPoints":125},"latitude":57.654507,"currentOwner":{"name":"ABBE14","id":200186},"time":"2021-07-25T19:34:36+0000","type":"takeover","longitude":11.964279},{"zone":{"previousOwner":{"name":"Celsius","id":271715},"dateCreated":"2017-12-24T09:00:00+0000","dateLastTaken":"2021-07-25T19:34:34+0000","latitude":56.027248,"currentOwner":{"name":"mini","id":12436},"name":"Kanalstigen","id":139426,"totalTakeovers":797,"region":{"country":"se","name":"Skåne","id":135},"pointsPerHour":4,"longitude":14.16513,"takeoverPoints":140},"latitude":56.027248,"currentOwner":{"name":"mini","id":12436},"time":"2021-07-25T19:34:34+0000","type":"takeover","longitude":14.16513},{"zone":{"previousOwner":{"name":"Vakentimmar","id":95957},"dateCreated":"2015-03-10T13:50:45+0000","dateLastTaken":"2021-07-25T19:34:33+0000","latitude":57.812911,"currentOwner":{"name":"Dadeee","id":327379},"name":"Hyltornabadet","id":46548,"totalTakeovers":470,"region":{"country":"se","name":"Västra Götaland","id":132},"pointsPerHour":1,"longitude":12.370246,"takeoverPoints":185},"latitude":57.812911,"currentOwner":{"name":"Dadeee","id":327379},"time":"2021-07-25T19:34:33+0000","type":"takeover","longitude":12.370246},{"zone":{"previousOwner":{"name":"MoraIK","id":158799},"dateCreated":"2016-11-26T04:00:00+0000","dateLastTaken":"2021-07-25T19:34:30+0000","latitude":60.622656,"currentOwner":{"name":"JankaO","id":317586},"name":"Herrhagar","id":92016,"totalTakeovers":4273,"region":{"country":"se","name":"Dalarna","id":129},"pointsPerHour":6,"longitude":15.608198,"takeoverPoints":110},"latitude":60.622656,"currentOwner":{"name":"JankaO","id":317586},"time":"2021-07-25T19:34:30+0000","type":"takeover","longitude":15.608198},{"zone":{"previousOwner":{"name":"Fe4sen","id":138381},"dateCreated":"2015-02-16T20:00:00+0000","dateLastTaken":"2021-07-25T19:34:26+0000","latitude":59.817229,"currentOwner":{"name":"lordangus","id":154103},"name":"LinnaeusVägus","id":44795,"totalTakeovers":4404,"region":{"country":"se","name":"Uppsala","id":142},"pointsPerHour":6,"longitude":17.697636,"takeoverPoints":110},"latitude":59.817229,"currentOwner":{"name":"lordangus","id":154103},"time":"2021-07-25T19:34:26+0000","type":"takeover","longitude":17.697636},{"zone":{"previousOwner":{"name":"Konoplyanka","id":164372},"dateCreated":"2017-03-21T06:00:00+0000","dateLastTaken":"2021-07-25T19:34:24+0000","latitude":56.055723,"currentOwner":{"name":"Konoplyanka","id":164372},"name":"Landborgzgång","id":95625,"totalTakeovers":639,"region":{"country":"se","name":"Skåne","id":135},"pointsPerHour":2,"longitude":12.686999,"takeoverPoints":170},"latitude":56.055723,"currentOwner":{"name":"Konoplyanka","id":164372},"time":"2021-07-25T19:34:24+0000","type":"takeover","longitude":12.686999},{"zone":{"previousOwner":{"name":"Fenrisulven","id":14493},"dateCreated":"2016-04-15T04:25:15+0000","dateLastTaken":"2021-07-25T19:34:23+0000","latitude":58.423946,"currentOwner":{"name":"Bath","id":57990},"name":"VästOmTidan","id":65181,"totalTakeovers":1945,"region":{"country":"se","name":"Västra Götaland","id":132},"pointsPerHour":2,"longitude":14.14146,"takeoverPoints":170},"latitude":58.423946,"currentOwner":{"name":"Bath","id":57990},"time":"2021-07-25T19:34:23+0000","type":"takeover","longitude":14.14146},{"zone":{"previousOwner":{"name":"Claric","id":312993},"dateCreated":"2017-07-26T11:00:55+0000","dateLastTaken":"2021-07-25T19:34:22+0000","latitude":57.719301,"currentOwner":{"name":"JensMartin","id":94622},"name":"Ljungkullen","id":115822,"totalTakeovers":2804,"region":{"country":"se","name":"Västra Götaland","id":132},"pointsPerHour":5,"longitude":12.068549,"takeoverPoints":125},"latitude":57.719301,"currentOwner":{"name":"JensMartin","id":94622},"time":"2021-07-25T19:34:22+0000","type":"takeover","longitude":12.068549},{"zone":{"previousOwner":{"name":"Cykeltoken","id":227739},"dateCreated":"2012-11-09T19:29:24+0000","dateLastTaken":"2021-07-25T19:34:21+0000","latitude":63.805779,"currentOwner":{"name":"IrrarRunt","id":335134},"name":"PalletDå","id":11863,"totalTakeovers":5654,"region":{"country":"se","name":"Västerbotten","id":127},"pointsPerHour":5,"longitude":20.176846,"takeoverPoints":125},"latitude":63.805779,"currentOwner":{"name":"IrrarRunt","id":335134},"time":"2021-07-25T19:34:21+0000","type":"takeover","longitude":20.176846},{"zone":{"previousOwner":{"name":"vuuv","id":312612},"dateCreated":"2010-09-02T00:00:00+0000","dateLastTaken":"2021-07-25T19:34:20+0000","latitude":55.6074,"currentOwner":{"name":"vuuv","id":312612},"name":"Bulltofta","id":520,"totalTakeovers":3621,"region":{"country":"se","name":"Skåne","id":135},"pointsPerHour":6,"longitude":13.03191,"takeoverPoints":110},"latitude":55.6074,"currentOwner":{"name":"vuuv","id":312612},"time":"2021-07-25T19:34:20+0000","type":"takeover","longitude":13.03191},{"zone":{"previousOwner":{"name":"hubbe53","id":181838},"dateCreated":"2013-03-15T14:00:00+0000","dateLastTaken":"2021-07-25T19:34:20+0000","latitude":62.031219,"currentOwner":{"name":"timmer","id":175583},"name":"Svegishallen","id":15856,"totalTakeovers":673,"region":{"country":"se","name":"Jämtland","id":128},"pointsPerHour":2,"longitude":14.360954,"takeoverPoints":170},"latitude":62.031219,"currentOwner":{"name":"timmer","id":175583},"time":"2021-07-25T19:34:20+0000","type":"takeover","longitude":14.360954},{"zone":{"previousOwner":{"name":"tinariwen","id":64077},"dateCreated":"2013-10-17T12:00:00+0000","dateLastTaken":"2021-07-25T19:34:18+0000","latitude":59.275766,"currentOwner":{"name":"Eskimonika","id":41336},"name":"TengVallmo","id":22238,"totalTakeovers":13216,"region":{"country":"se","name":"Örebro","id":131},"pointsPerHour":6,"longitude":15.190377,"takeoverPoints":110},"latitude":59.275766,"currentOwner":{"name":"Eskimonika","id":41336},"time":"2021-07-25T19:34:18+0000","type":"takeover","longitude":15.190377},{"zone":{"previousOwner":{"name":"friper","id":116273},"dateCreated":"2014-05-31T19:35:41+0000","dateLastTaken":"2021-07-25T19:34:18+0000","latitude":59.365938,"currentOwner":{"name":"simpson","id":71440},"name":"VänerView","id":30084,"totalTakeovers":6652,"region":{"country":"se","name":"Värmland","id":130},"pointsPerHour":6,"longitude":13.560167,"takeoverPoints":110},"latitude":59.365938,"currentOwner":{"name":"simpson","id":71440},"time":"2021-07-25T19:34:18+0000","type":"takeover","longitude":13.560167},{"zone":{"previousOwner":{"name":"MtkaHek","id":303521},"dateLastTaken":"2021-07-25T19:34:18+0000","latitude":44.932388,"totalTakeovers":17,"pointsPerHour":1,"takeoverPoints":185,"dateCreated":"2021-07-10T06:18:13+0000","currentOwner":{"name":"FiberFairy","id":315857},"name":"Hwy7Bridge","id":429829,"region":{"country":"us","name":"Minnesota","id":405},"longitude":-93.424616},"latitude":44.932388,"currentOwner":{"name":"FiberFairy","id":315857},"time":"2021-07-25T19:34:18+0000","type":"takeover","longitude":-93.424616},{"zone":{"previousOwner":{"name":"kromamazon","id":211986},"dateCreated":"2017-07-26T10:39:57+0000","dateLastTaken":"2021-07-25T19:34:17+0000","latitude":56.837724,"currentOwner":{"name":"Stålblå","id":300091},"name":"Förhjort","id":115818,"totalTakeovers":2092,"region":{"country":"se","name":"Kronoberg","id":147},"pointsPerHour":3,"longitude":13.948348,"takeoverPoints":155},"latitude":56.837724,"currentOwner":{"name":"Stålblå","id":300091},"time":"2021-07-25T19:34:17+0000","type":"takeover","longitude":13.948348},{"zone":{"previousOwner":{"name":"Pellegrina","id":54031},"dateCreated":"2012-11-08T09:36:15+0000","dateLastTaken":"2021-07-25T19:34:17+0000","latitude":59.57874,"currentOwner":{"name":"steken","id":144169},"name":"AirshowZone","id":11854,"totalTakeovers":2609,"region":{"country":"se","name":"Västmanland","id":143},"pointsPerHour":2,"longitude":16.511651,"takeoverPoints":170},"latitude":59.57874,"currentOwner":{"name":"steken","id":144169},"time":"2021-07-25T19:34:17+0000","type":"takeover","longitude":16.511651},{"zone":{"previousOwner":{"name":"trevlig","id":278167},"dateCreated":"2013-12-24T17:00:00+0000","dateLastTaken":"2021-07-25T19:34:16+0000","latitude":59.600206,"currentOwner":{"name":"Jonte.r","id":262453},"name":"TailorZone","id":24183,"totalTakeovers":12798,"region":{"country":"se","name":"Västmanland","id":143},"pointsPerHour":7,"longitude":16.456142,"takeoverPoints":95},"latitude":59.600206,"currentOwner":{"name":"Jonte.r","id":262453},"time":"2021-07-25T19:34:16+0000","type":"takeover","longitude":16.456142},{"zone":{"previousOwner":{"name":"Cykeltalibanen","id":267525},"dateCreated":"2014-12-20T23:28:19+0000","dateLastTaken":"2021-07-25T19:34:09+0000","latitude":63.824065,"currentOwner":{"name":"tur(f)gor","id":144328},"name":"VävenÄven","id":42940,"totalTakeovers":25103,"region":{"country":"se","name":"Västerbotten","id":127},"pointsPerHour":9,"longitude":20.261085,"takeoverPoints":65},"latitude":63.824065,"currentOwner":{"name":"tur(f)gor","id":144328},"time":"2021-07-25T19:34:09+0000","type":"takeover","longitude":20.261085},{"zone":{"previousOwner":{"name":"ulrikase","id":67171},"dateCreated":"2011-02-09T15:43:01+0000","dateLastTaken":"2021-07-25T19:34:08+0000","latitude":58.416557,"currentOwner":{"name":"Suddagumman","id":328783},"name":"Chocopoles","id":1475,"totalTakeovers":13069,"region":{"country":"se","name":"Östergötland","id":139},"pointsPerHour":8,"longitude":15.635734,"takeoverPoints":80},"latitude":58.416557,"currentOwner":{"name":"Suddagumman","id":328783},"time":"2021-07-25T19:34:08+0000","type":"takeover","longitude":15.635734},{"zone":{"previousOwner":{"name":"Uncouth","id":74248},"dateLastTaken":"2021-07-25T19:34:07+0000","latitude":59.837197,"totalTakeovers":8928,"pointsPerHour":8,"takeoverPoints":80,"dateCreated":"2012-04-27T10:55:43+0000","currentOwner":{"name":"sorensan","id":25980},"name":"GamlaVindbron","id":8437,"region":{"country":"se","name":"Uppsala","id":142},"longitude":17.657265},"latitude":59.837197,"currentOwner":{"name":"sorensan","id":25980},"time":"2021-07-25T19:34:07+0000","type":"takeover","longitude":17.657265},{"zone":{"previousOwner":{"name":"KK77","id":105178},"dateCreated":"2010-08-04T00:00:00+0000","dateLastTaken":"2021-07-25T19:34:07+0000","latitude":59.276583,"currentOwner":{"name":"MFFTurf2","id":105844},"name":"BagiZone","id":220,"totalTakeovers":7866,"region":{"country":"se","name":"Stockholm","id":141},"pointsPerHour":6,"longitude":18.131311,"takeoverPoints":110},"latitude":59.276583,"currentOwner":{"name":"MFFTurf2","id":105844},"time":"2021-07-25T19:34:07+0000","type":"takeover","longitude":18.131311},{"zone":{"previousOwner":{"name":"clalin","id":202674},"dateCreated":"2016-06-11T04:00:00+0000","dateLastTaken":"2021-07-25T19:34:00+0000","latitude":59.514826,"currentOwner":{"name":"MICKE456","id":306246},"name":"Livgardet","id":78471,"totalTakeovers":636,"region":{"country":"se","name":"Stockholm","id":141},"pointsPerHour":3,"longitude":17.768307,"takeoverPoints":155},"latitude":59.514826,"currentOwner":{"name":"MICKE456","id":306246},"time":"2021-07-25T19:34:00+0000","type":"takeover","longitude":17.768307},{"zone":{"previousOwner":{"name":"cloudwalker","id":137961},"dateCreated":"2018-08-10T05:00:00+0000","dateLastTaken":"2021-07-25T19:33:59+0000","latitude":55.432905,"currentOwner":{"name":"GoodyCao","id":167849},"name":"Tennissplitt","id":154899,"totalTakeovers":509,"region":{"country":"se","name":"Skåne","id":135},"pointsPerHour":1,"longitude":13.794032,"takeoverPoints":185},"latitude":55.432905,"currentOwner":{"name":"GoodyCao","id":167849},"time":"2021-07-25T19:33:59+0000","type":"takeover","longitude":13.794032},{"zone":{"previousOwner":{"name":"erpen","id":155024},"dateCreated":"2014-04-06T10:00:00+0000","dateLastTaken":"2021-07-25T19:33:53+0000","latitude":63.812666,"currentOwner":{"name":"linkaz","id":101631},"name":"OldHawk","id":27909,"totalTakeovers":8112,"region":{"country":"se","name":"Västerbotten","id":127},"pointsPerHour":8,"longitude":20.257785,"takeoverPoints":80},"latitude":63.812666,"currentOwner":{"name":"linkaz","id":101631},"time":"2021-07-25T19:33:53+0000","type":"takeover","longitude":20.257785},{"zone":{"previousOwner":{"name":"anyontherun","id":185814},"dateCreated":"2012-04-15T22:42:08+0000","dateLastTaken":"2021-07-25T19:33:53+0000","latitude":63.807491,"currentOwner":{"name":"Cykeltalibanen","id":267525},"name":"Hälsokällan","id":8258,"totalTakeovers":5494,"region":{"country":"se","name":"Västerbotten","id":127},"pointsPerHour":7,"longitude":20.291917,"takeoverPoints":95},"latitude":63.807491,"currentOwner":{"name":"Cykeltalibanen","id":267525},"time":"2021-07-25T19:33:53+0000","type":"takeover","longitude":20.291917},{"zone":{"previousOwner":{"name":"leniv","id":133303},"dateCreated":"2012-10-28T21:28:10+0000","dateLastTaken":"2021-07-25T19:33:47+0000","latitude":56.041904,"currentOwner":{"name":"Chrissie78","id":335667},"name":"EneborgZone","id":11733,"totalTakeovers":2795,"region":{"country":"se","name":"Skåne","id":135},"pointsPerHour":3,"longitude":12.712205,"takeoverPoints":155},"latitude":56.041904,"currentOwner":{"name":"Chrissie78","id":335667},"time":"2021-07-25T19:33:47+0000","type":"takeover","longitude":12.712205},{"zone":{"previousOwner":{"name":"stefanx46","id":36563},"dateCreated":"2013-05-08T23:05:00+0000","dateLastTaken":"2021-07-25T19:33:46+0000","latitude":64.752563,"currentOwner":{"name":"ChronoZ","id":229192},"name":"MoröBacke","id":18025,"totalTakeovers":2503,"region":{"country":"se","name":"Västerbotten","id":127},"pointsPerHour":4,"longitude":21.027474,"takeoverPoints":140},"latitude":64.752563,"currentOwner":{"name":"ChronoZ","id":229192},"time":"2021-07-25T19:33:46+0000","type":"takeover","longitude":21.027474},{"zone":{"previousOwner":{"name":"mammaengel","id":334712},"dateCreated":"2014-06-19T08:32:47+0000","dateLastTaken":"2021-07-25T19:33:44+0000","latitude":59.900732,"currentOwner":{"name":"tilverturf","id":166033},"name":"Disagården","id":31809,"totalTakeovers":2574,"region":{"country":"se","name":"Uppsala","id":142},"pointsPerHour":6,"longitude":17.628699,"takeoverPoints":110},"latitude":59.900732,"currentOwner":{"name":"tilverturf","id":166033},"time":"2021-07-25T19:33:44+0000","type":"takeover","longitude":17.628699},{"zone":{"previousOwner":{"name":"stinabus","id":93156},"dateCreated":"2013-04-28T09:00:00+0000","dateLastTaken":"2021-07-25T19:33:38+0000","latitude":58.390872,"currentOwner":{"name":"LindaP73","id":254776},"name":"Rävstigen","id":17565,"totalTakeovers":10013,"region":{"country":"se","name":"Östergötland","id":139},"pointsPerHour":6,"longitude":15.659847,"takeoverPoints":110},"latitude":58.390872,"currentOwner":{"name":"LindaP73","id":254776},"time":"2021-07-25T19:33:38+0000","type":"takeover","longitude":15.659847},{"zone":{"previousOwner":{"name":"Superelak","id":126940},"dateCreated":"2012-03-30T19:17:55+0000","dateLastTaken":"2021-07-25T19:33:35+0000","latitude":63.82041,"currentOwner":{"name":"Bitterman","id":115759},"name":"TechnoHouse","id":7700,"totalTakeovers":33210,"region":{"country":"se","name":"Västerbotten","id":127},"pointsPerHour":9,"longitude":20.310951,"takeoverPoints":65},"latitude":63.82041,"currentOwner":{"name":"Bitterman","id":115759},"time":"2021-07-25T19:33:35+0000","type":"takeover","longitude":20.310951},{"zone":{"previousOwner":{"name":"Jomii","id":63235},"dateCreated":"2019-06-19T10:30:00+0000","dateLastTaken":"2021-07-25T19:33:35+0000","latitude":59.043749,"currentOwner":{"name":"Jebbe","id":281775},"name":"ÖnneEd","id":193534,"totalTakeovers":135,"region":{"country":"se","name":"Västra Götaland","id":132},"pointsPerHour":2,"longitude":12.705844,"takeoverPoints":170},"latitude":59.043749,"currentOwner":{"name":"Jebbe","id":281775},"time":"2021-07-25T19:33:35+0000","type":"takeover","longitude":12.705844},{"zone":{"previousOwner":{"name":"Limaja","id":206647},"dateCreated":"2017-05-26T20:50:08+0000","dateLastTaken":"2021-07-25T19:33:34+0000","latitude":60.123979,"currentOwner":{"name":"Tompaj","id":74138},"name":"PriestZone","id":111786,"totalTakeovers":4472,"region":{"country":"fi","name":"Åland","id":177},"pointsPerHour":6,"longitude":19.958313,"takeoverPoints":110},"latitude":60.123979,"currentOwner":{"name":"Tompaj","id":74138},"time":"2021-07-25T19:33:34+0000","type":"takeover","longitude":19.958313},{"zone":{"previousOwner":{"name":"Heva","id":54046},"dateCreated":"2012-04-04T21:46:29+0000","dateLastTaken":"2021-07-25T19:33:33+0000","latitude":61.005052,"currentOwner":{"name":"Heva","id":54046},"name":"MillåkerZone","id":7976,"totalTakeovers":2290,"region":{"country":"se","name":"Dalarna","id":129},"pointsPerHour":3,"longitude":14.532756,"takeoverPoints":155},"latitude":61.005052,"currentOwner":{"name":"Heva","id":54046},"time":"2021-07-25T19:33:33+0000","type":"takeover","longitude":14.532756},{"zone":{"previousOwner":{"name":"R@W","id":15754},"dateCreated":"2010-09-04T14:41:37+0000","dateLastTaken":"2021-07-25T19:33:32+0000","latitude":55.594442,"currentOwner":{"name":"tremorbalk","id":16690},"name":"MajorZone","id":415,"totalTakeovers":8381,"region":{"country":"se","name":"Skåne","id":135},"pointsPerHour":6,"longitude":12.976848,"takeoverPoints":110},"latitude":55.594442,"currentOwner":{"name":"tremorbalk","id":16690},"time":"2021-07-25T19:33:32+0000","type":"takeover","longitude":12.976848},{"zone":{"previousOwner":{"name":"Moi2021","id":327456},"dateCreated":"2016-06-05T14:30:06+0000","dateLastTaken":"2021-07-25T19:33:32+0000","latitude":59.370902,"currentOwner":{"name":"DrBengt","id":228134},"name":"RåstaSyd","id":78448,"totalTakeovers":7689,"region":{"country":"se","name":"Stockholm","id":141},"pointsPerHour":8,"longitude":17.987427,"takeoverPoints":80},"latitude":59.370902,"currentOwner":{"name":"DrBengt","id":228134},"time":"2021-07-25T19:33:32+0000","type":"takeover","longitude":17.987427},{"zone":{"previousOwner":{"name":"ChronoZ","id":229192},"dateCreated":"2015-06-24T06:00:00+0000","dateLastTaken":"2021-07-25T19:33:30+0000","latitude":64.750601,"currentOwner":{"name":"Sledge","id":241272},"name":"SkellRida","id":54918,"totalTakeovers":1125,"region":{"country":"se","name":"Västerbotten","id":127},"pointsPerHour":3,"longitude":21.046782,"takeoverPoints":155},"latitude":64.750601,"currentOwner":{"name":"Sledge","id":241272},"time":"2021-07-25T19:33:30+0000","type":"takeover","longitude":21.046782},{"zone":{"previousOwner":{"name":"MariaDeje","id":41536},"dateCreated":"2019-12-26T11:30:00+0000","dateLastTaken":"2021-07-25T19:33:29+0000","latitude":57.256484,"currentOwner":{"name":"Chokladtårtan","id":59083},"name":"Granåsa","id":223999,"totalTakeovers":781,"region":{"country":"se","name":"Kalmar","id":137},"pointsPerHour":3,"longitude":16.458676,"takeoverPoints":155},"latitude":57.256484,"currentOwner":{"name":"Chokladtårtan","id":59083},"time":"2021-07-25T19:33:29+0000","type":"takeover","longitude":16.458676},{"zone":{"previousOwner":{"name":"Badbalja","id":44507},"dateCreated":"2020-05-03T07:00:00+0000","dateLastTaken":"2021-07-25T19:33:27+0000","latitude":55.559026,"currentOwner":{"name":"AutoBot","id":206818},"name":"StoreBengt","id":281860,"totalTakeovers":191,"region":{"country":"se","name":"Skåne","id":135},"pointsPerHour":2,"longitude":14.348223,"takeoverPoints":170},"latitude":55.559026,"currentOwner":{"name":"AutoBot","id":206818},"time":"2021-07-25T19:33:27+0000","type":"takeover","longitude":14.348223},{"zone":{"previousOwner":{"name":"Tyr","id":62692},"dateCreated":"2013-07-06T17:30:00+0000","dateLastTaken":"2021-07-25T19:33:21+0000","latitude":55.57145,"currentOwner":{"name":"Tompa_65","id":160985},"name":"Kullakullen","id":20619,"totalTakeovers":2829,"region":{"country":"se","name":"Skåne","id":135},"pointsPerHour":4,"longitude":12.988619,"takeoverPoints":140},"latitude":55.57145,"currentOwner":{"name":"Tompa_65","id":160985},"time":"2021-07-25T19:33:21+0000","type":"takeover","longitude":12.988619},{"zone":{"previousOwner":{"name":"larsovegus","id":125816},"dateLastTaken":"2021-07-25T19:33:19+0000","latitude":62.630951,"totalTakeovers":3885,"pointsPerHour":4,"takeoverPoints":140,"dateCreated":"2011-08-27T08:36:59+0000","currentOwner":{"name":"nucleus","id":18831},"name":"HereChurch","id":2853,"region":{"country":"se","name":"Västernorrland","id":145},"longitude":17.942342},"latitude":62.630951,"currentOwner":{"name":"nucleus","id":18831},"time":"2021-07-25T19:33:19+0000","type":"takeover","longitude":17.942342},{"zone":{"previousOwner":{"name":"kingpear","id":30417},"dateLastTaken":"2021-07-25T19:33:17+0000","latitude":57.665463,"totalTakeovers":2980,"pointsPerHour":3,"takeoverPoints":155,"dateCreated":"2016-04-23T09:00:00+0000","currentOwner":{"name":"Hallon16","id":174632},"name":"HolyVimmerby","id":66877,"region":{"country":"se","name":"Kalmar","id":137},"longitude":15.857968},"latitude":57.665463,"currentOwner":{"name":"Hallon16","id":174632},"time":"2021-07-25T19:33:17+0000","type":"takeover","longitude":15.857968},{"zone":{"previousOwner":{"name":"Mr__Noodle","id":55355},"dateCreated":"2010-08-09T00:00:00+0000","dateLastTaken":"2021-07-25T19:33:16+0000","latitude":59.30689,"currentOwner":{"name":"Rymprak","id":228698},"name":"Winterzone","id":153,"totalTakeovers":6069,"region":{"country":"se","name":"Stockholm","id":141},"pointsPerHour":6,"longitude":18.059784,"takeoverPoints":110},"latitude":59.30689,"currentOwner":{"name":"Rymprak","id":228698},"time":"2021-07-25T19:33:16+0000","type":"takeover","longitude":18.059784},{"zone":{"previousOwner":{"name":"recycling","id":79989},"dateCreated":"2014-08-04T10:24:58+0000","dateLastTaken":"2021-07-25T19:33:15+0000","latitude":59.508013,"currentOwner":{"name":"BjörnBel","id":205132},"name":"Gårdspumpen","id":33323,"totalTakeovers":4584,"region":{"country":"se","name":"Västmanland","id":143},"pointsPerHour":5,"longitude":16.000748,"takeoverPoints":125},"latitude":59.508013,"currentOwner":{"name":"BjörnBel","id":205132},"time":"2021-07-25T19:33:15+0000","type":"takeover","longitude":16.000748},{"zone":{"previousOwner":{"name":"sadelgnidaren","id":202931},"dateCreated":"2017-03-18T07:00:00+0000","dateLastTaken":"2021-07-25T19:33:14+0000","latitude":55.582687,"currentOwner":{"name":"Jonte67","id":284492},"name":"Krageibal","id":95746,"totalTakeovers":1653,"region":{"country":"se","name":"Skåne","id":135},"pointsPerHour":4,"longitude":12.964464,"takeoverPoints":140},"latitude":55.582687,"currentOwner":{"name":"Jonte67","id":284492},"time":"2021-07-25T19:33:14+0000","type":"takeover","longitude":12.964464},{"zone":{"previousOwner":{"name":"TurfPiggies","id":335975},"dateCreated":"2013-09-16T14:27:41+0000","dateLastTaken":"2021-07-25T19:33:14+0000","latitude":59.322885,"currentOwner":{"name":"Anniña","id":207433},"name":"GamlaStanT","id":21667,"totalTakeovers":28642,"region":{"country":"se","name":"Stockholm","id":141},"pointsPerHour":9,"longitude":18.067775,"takeoverPoints":65},"latitude":59.322885,"currentOwner":{"name":"Anniña","id":207433},"time":"2021-07-25T19:33:14+0000","type":"takeover","longitude":18.067775},{"zone":{"previousOwner":{"name":"-SORTSIUS-","id":333084},"dateCreated":"2014-06-09T15:30:22+0000","dateLastTaken":"2021-07-25T19:33:13+0000","latitude":59.564562,"currentOwner":{"name":"Unny76","id":223097},"name":"Enhagsudden","id":31341,"totalTakeovers":3649,"region":{"country":"se","name":"Västmanland","id":143},"pointsPerHour":4,"longitude":16.538195,"takeoverPoints":140},"latitude":59.564562,"currentOwner":{"name":"Unny76","id":223097},"time":"2021-07-25T19:33:13+0000","type":"takeover","longitude":16.538195},{"zone":{"previousOwner":{"name":"aYa","id":48114},"dateLastTaken":"2021-07-25T19:33:12+0000","latitude":59.607263,"totalTakeovers":17436,"pointsPerHour":9,"takeoverPoints":65,"dateCreated":"2016-11-29T13:22:34+0000","currentOwner":{"name":"bedvard50","id":236755},"name":"Spårbarheten","id":92224,"region":{"country":"se","name":"Västmanland","id":143},"longitude":16.552582},"latitude":59.607263,"currentOwner":{"name":"bedvard50","id":236755},"time":"2021-07-25T19:33:12+0000","type":"takeover","longitude":16.552582},{"zone":{"previousOwner":{"name":"JankaO","id":317586},"dateCreated":"2012-05-09T10:06:33+0000","dateLastTaken":"2021-07-25T19:33:06+0000","latitude":60.617455,"currentOwner":{"name":"MoraIK","id":158799},"name":"EastRiverBath","id":8763,"totalTakeovers":9024,"region":{"country":"se","name":"Dalarna","id":129},"pointsPerHour":6,"longitude":15.615857,"takeoverPoints":110},"latitude":60.617455,"currentOwner":{"name":"MoraIK","id":158799},"time":"2021-07-25T19:33:06+0000","type":"takeover","longitude":15.615857},{"zone":{"previousOwner":{"name":"jösses...då","id":113416},"dateCreated":"2013-05-28T20:13:15+0000","dateLastTaken":"2021-07-25T19:33:04+0000","latitude":57.658578,"currentOwner":{"name":"pawik","id":210314},"name":"BakomRödingen","id":18895,"totalTakeovers":5287,"region":{"country":"se","name":"Västra Götaland","id":132},"pointsPerHour":6,"longitude":11.871632,"takeoverPoints":110},"latitude":57.658578,"currentOwner":{"name":"pawik","id":210314},"time":"2021-07-25T19:33:04+0000","type":"takeover","longitude":11.871632},{"zone":{"previousOwner":{"name":"tinariwen","id":64077},"dateCreated":"2016-08-14T03:00:00+0000","dateLastTaken":"2021-07-25T19:33:04+0000","latitude":59.275128,"currentOwner":{"name":"Eskimonika","id":41336},"name":"Slåtter","id":80296,"totalTakeovers":9090,"region":{"country":"se","name":"Örebro","id":131},"pointsPerHour":6,"longitude":15.193751,"takeoverPoints":110},"latitude":59.275128,"currentOwner":{"name":"Eskimonika","id":41336},"time":"2021-07-25T19:33:04+0000","type":"takeover","longitude":15.193751},{"zone":{"previousOwner":{"name":"Tonny","id":257155},"dateLastTaken":"2021-07-25T19:33:02+0000","latitude":60.57023,"totalTakeovers":730,"pointsPerHour":2,"takeoverPoints":170,"dateCreated":"2013-12-24T11:00:00+0000","currentOwner":{"name":"fotominne","id":273615},"name":"Dalälven","id":24423,"region":{"country":"se","name":"Uppsala","id":142},"longitude":17.443258},"latitude":60.57023,"currentOwner":{"name":"fotominne","id":273615},"time":"2021-07-25T19:33:02+0000","type":"takeover","longitude":17.443258},{"zone":{"previousOwner":{"name":"aake.f","id":133484},"dateCreated":"2011-01-30T11:03:04+0000","dateLastTaken":"2021-07-25T19:33:02+0000","latitude":57.719862,"currentOwner":{"name":"JensMartin","id":94622},"name":"Vallhamra","id":1397,"totalTakeovers":6394,"region":{"country":"se","name":"Västra Götaland","id":132},"pointsPerHour":5,"longitude":12.072256,"takeoverPoints":125},"latitude":57.719862,"currentOwner":{"name":"JensMartin","id":94622},"time":"2021-07-25T19:33:02+0000","type":"takeover","longitude":12.072256},{"zone":{"previousOwner":{"name":"Hällakakan","id":228868},"dateCreated":"2018-08-28T11:28:00+0000","dateLastTaken":"2021-07-25T19:32:59+0000","latitude":63.174396,"currentOwner":{"name":"ripsoller","id":175625},"name":"SjukaHuset","id":158441,"totalTakeovers":486,"region":{"country":"se","name":"Västernorrland","id":145},"pointsPerHour":2,"longitude":17.23579,"takeoverPoints":170},"latitude":63.174396,"currentOwner":{"name":"ripsoller","id":175625},"time":"2021-07-25T19:32:59+0000","type":"takeover","longitude":17.23579},{"zone":{"previousOwner":{"name":"Celsius","id":271715},"dateCreated":"2014-04-16T15:20:53+0000","dateLastTaken":"2021-07-25T19:32:57+0000","latitude":56.027737,"currentOwner":{"name":"mini","id":12436},"name":"Snapphanarna","id":28314,"totalTakeovers":1346,"region":{"country":"se","name":"Skåne","id":135},"pointsPerHour":4,"longitude":14.169629,"takeoverPoints":140},"latitude":56.027737,"currentOwner":{"name":"mini","id":12436},"time":"2021-07-25T19:32:57+0000","type":"takeover","longitude":14.169629},{"zone":{"previousOwner":{"name":"derdlim","id":117540},"dateLastTaken":"2021-07-25T19:32:56+0000","latitude":58.752808,"totalTakeovers":13871,"pointsPerHour":6,"takeoverPoints":110,"dateCreated":"2012-11-20T11:04:46+0000","currentOwner":{"name":"markuse1","id":314402},"name":"Kvarnen","id":12006,"region":{"country":"se","name":"Södermanland","id":140},"longitude":17.014935},"latitude":58.752808,"currentOwner":{"name":"markuse1","id":314402},"time":"2021-07-25T19:32:56+0000","type":"takeover","longitude":17.014935},{"zone":{"previousOwner":{"name":"trevlig","id":278167},"dateCreated":"2012-07-19T19:36:34+0000","dateLastTaken":"2021-07-25T19:32:56+0000","latitude":59.596949,"currentOwner":{"name":"Jonte.r","id":262453},"name":"ReasonVillage","id":9712,"totalTakeovers":15617,"region":{"country":"se","name":"Västmanland","id":143},"pointsPerHour":7,"longitude":16.45911,"takeoverPoints":95},"latitude":59.596949,"currentOwner":{"name":"Jonte.r","id":262453},"time":"2021-07-25T19:32:56+0000","type":"takeover","longitude":16.45911},{"zone":{"previousOwner":{"name":"TSFinreir","id":297519},"dateLastTaken":"2021-07-25T19:32:55+0000","latitude":55.651071,"totalTakeovers":319,"pointsPerHour":4,"takeoverPoints":140,"dateCreated":"2020-08-21T12:00:00+0000","currentOwner":{"name":"squirrelnutkin","id":315523},"name":"FirstTweed","id":320640,"region":{"country":"gb","name":"Scotland","id":200},"longitude":-3.20512},"latitude":55.651071,"currentOwner":{"name":"squirrelnutkin","id":315523},"time":"2021-07-25T19:32:55+0000","type":"takeover","longitude":-3.20512},{"zone":{"previousOwner":{"name":"SunYour","id":7781},"dateCreated":"2014-12-24T12:00:00+0000","dateLastTaken":"2021-07-25T19:32:51+0000","latitude":59.655916,"currentOwner":{"name":"BirgittaS","id":31552},"name":"MotSkultuna","id":43179,"totalTakeovers":3976,"region":{"country":"se","name":"Västmanland","id":143},"pointsPerHour":5,"longitude":16.492483,"takeoverPoints":125},"latitude":59.655916,"currentOwner":{"name":"BirgittaS","id":31552},"time":"2021-07-25T19:32:51+0000","type":"takeover","longitude":16.492483},{"zone":{"previousOwner":{"name":"vindturf","id":118672},"dateCreated":"2018-07-24T07:00:00+0000","dateLastTaken":"2021-07-25T19:32:47+0000","latitude":58.985796,"currentOwner":{"name":"vinzon","id":187615},"name":"HellRing","id":154994,"totalTakeovers":2511,"region":{"country":"se","name":"Södermanland","id":140},"pointsPerHour":4,"longitude":16.233068,"takeoverPoints":140},"latitude":58.985796,"currentOwner":{"name":"vinzon","id":187615},"time":"2021-07-25T19:32:47+0000","type":"takeover","longitude":16.233068},{"zone":{"previousOwner":{"name":"Cykeltalibanen","id":267525},"dateCreated":"2013-11-07T10:13:43+0000","dateLastTaken":"2021-07-25T19:32:43+0000","latitude":63.824879,"currentOwner":{"name":"tur(f)gor","id":144328},"name":"NästanIÄlven","id":22800,"totalTakeovers":23707,"region":{"country":"se","name":"Västerbotten","id":127},"pointsPerHour":9,"longitude":20.256217,"takeoverPoints":65},"latitude":63.824879,"currentOwner":{"name":"tur(f)gor","id":144328},"time":"2021-07-25T19:32:43+0000","type":"takeover","longitude":20.256217},{"zone":{"previousOwner":{"name":"lhcper","id":2733},"dateCreated":"2019-01-15T10:30:00+0000","dateLastTaken":"2021-07-25T19:32:42+0000","latitude":58.39102,"currentOwner":{"name":"lgfal","id":139649},"name":"Huvudvärken","id":178625,"totalTakeovers":3942,"region":{"country":"se","name":"Östergötland","id":139},"pointsPerHour":7,"longitude":15.644745,"takeoverPoints":95},"latitude":58.39102,"currentOwner":{"name":"lgfal","id":139649},"time":"2021-07-25T19:32:42+0000","type":"takeover","longitude":15.644745},{"zone":{"previousOwner":{"name":"INTKirky","id":289726},"dateCreated":"2021-03-03T10:30:00+0000","dateLastTaken":"2021-07-25T19:32:42+0000","latitude":56.130847,"currentOwner":{"name":"LangTouner","id":302846},"name":"DepressedLawn","id":388786,"totalTakeovers":13,"region":{"country":"gb","name":"Scotland","id":200},"pointsPerHour":1,"longitude":-3.17909,"takeoverPoints":185},"latitude":56.130847,"currentOwner":{"name":"LangTouner","id":302846},"time":"2021-07-25T19:32:42+0000","type":"takeover","longitude":-3.17909},{"zone":{"previousOwner":{"name":"friper","id":116273},"dateCreated":"2015-04-30T10:00:00+0000","dateLastTaken":"2021-07-25T19:32:38+0000","latitude":59.365195,"currentOwner":{"name":"B4RK","id":312893},"name":"Gippa","id":47516,"totalTakeovers":6380,"region":{"country":"se","name":"Värmland","id":130},"pointsPerHour":6,"longitude":13.554862,"takeoverPoints":110},"latitude":59.365195,"currentOwner":{"name":"B4RK","id":312893},"time":"2021-07-25T19:32:38+0000","type":"takeover","longitude":13.554862},{"zone":{"previousOwner":{"name":"tosse64","id":116361},"dateCreated":"2010-12-11T10:28:37+0000","dateLastTaken":"2021-07-25T19:32:37+0000","latitude":58.395636,"currentOwner":{"name":"Bergfogden","id":228864},"name":"Theringsix","id":1157,"totalTakeovers":11738,"region":{"country":"se","name":"Östergötland","id":139},"pointsPerHour":6,"longitude":15.565298,"takeoverPoints":110},"latitude":58.395636,"currentOwner":{"name":"Bergfogden","id":228864},"time":"2021-07-25T19:32:37+0000","type":"takeover","longitude":15.565298},{"zone":{"previousOwner":{"name":"Tdgc52","id":227396},"dateCreated":"2010-11-22T20:11:28+0000","dateLastTaken":"2021-07-25T19:32:37+0000","latitude":58.343682,"currentOwner":{"name":"acin","id":65385},"name":"Uddeplan","id":1112,"totalTakeovers":794,"region":{"country":"se","name":"Västra Götaland","id":132},"pointsPerHour":1,"longitude":11.927109,"takeoverPoints":185},"latitude":58.343682,"currentOwner":{"name":"acin","id":65385},"time":"2021-07-25T19:32:37+0000","type":"takeover","longitude":11.927109},{"zone":{"previousOwner":{"name":"erpen","id":155024},"dateCreated":"2011-08-29T16:09:45+0000","dateLastTaken":"2021-07-25T19:32:36+0000","latitude":63.812403,"currentOwner":{"name":"linkaz","id":101631},"name":"LongZone","id":2886,"totalTakeovers":9178,"region":{"country":"se","name":"Västerbotten","id":127},"pointsPerHour":8,"longitude":20.264372,"takeoverPoints":80},"latitude":63.812403,"currentOwner":{"name":"linkaz","id":101631},"time":"2021-07-25T19:32:36+0000","type":"takeover","longitude":20.264372},{"zone":{"previousOwner":{"name":"pimjoh","id":293884},"dateCreated":"2014-07-26T12:00:00+0000","dateLastTaken":"2021-07-25T19:32:36+0000","latitude":63.177527,"currentOwner":{"name":"Susmumriken","id":254357},"name":"TorgetVidSjön","id":32684,"totalTakeovers":7091,"region":{"country":"se","name":"Jämtland","id":128},"pointsPerHour":7,"longitude":14.630443,"takeoverPoints":95},"latitude":63.177527,"currentOwner":{"name":"Susmumriken","id":254357},"time":"2021-07-25T19:32:36+0000","type":"takeover","longitude":14.630443},{"zone":{"previousOwner":{"name":"Målisen","id":241002},"dateLastTaken":"2021-07-25T19:32:34+0000","latitude":67.849123,"totalTakeovers":725,"pointsPerHour":1,"takeoverPoints":185,"dateCreated":"2011-09-07T17:53:47+0000","currentOwner":{"name":"glider66","id":324593},"name":"WickmanKapell","id":3154,"region":{"country":"se","name":"Norrbotten","id":126},"longitude":20.280716},"latitude":67.849123,"currentOwner":{"name":"glider66","id":324593},"time":"2021-07-25T19:32:34+0000","type":"takeover","longitude":20.280716},{"zone":{"previousOwner":{"name":"Dalbykingen","id":279337},"dateCreated":"2016-08-05T04:00:00+0000","dateLastTaken":"2021-07-25T19:32:34+0000","latitude":55.6613,"currentOwner":{"name":"Dalbykingen","id":279337},"name":"PourElectric","id":80268,"totalTakeovers":1183,"region":{"country":"se","name":"Skåne","id":135},"pointsPerHour":3,"longitude":13.350581,"takeoverPoints":155},"latitude":55.6613,"currentOwner":{"name":"Dalbykingen","id":279337},"time":"2021-07-25T19:32:34+0000","type":"takeover","longitude":13.350581},{"zone":{"previousOwner":{"name":"aYa","id":48114},"dateCreated":"2012-01-09T03:55:23+0000","dateLastTaken":"2021-07-25T19:32:33+0000","latitude":59.612817,"currentOwner":{"name":"asil","id":48947},"name":"JakobPlayPark","id":5575,"totalTakeovers":9694,"region":{"country":"se","name":"Västmanland","id":143},"pointsPerHour":6,"longitude":16.526541,"takeoverPoints":110},"latitude":59.612817,"currentOwner":{"name":"asil","id":48947},"time":"2021-07-25T19:32:33+0000","type":"takeover","longitude":16.526541},{"zone":{"previousOwner":{"name":"Kingslayer","id":23543},"dateCreated":"2020-08-30T18:23:01+0000","dateLastTaken":"2021-07-25T19:32:33+0000","latitude":56.006387,"currentOwner":{"name":"Klabbarparen","id":186029},"name":"Knähaket","id":323253,"totalTakeovers":134,"region":{"country":"se","name":"Skåne","id":135},"pointsPerHour":3,"longitude":12.71869,"takeoverPoints":155},"latitude":56.006387,"currentOwner":{"name":"Klabbarparen","id":186029},"time":"2021-07-25T19:32:33+0000","type":"takeover","longitude":12.71869},{"zone":{"previousOwner":{"name":"Cruachan","id":304571},"dateLastTaken":"2021-07-25T19:32:29+0000","latitude":55.950062,"totalTakeovers":500,"pointsPerHour":5,"takeoverPoints":125,"dateCreated":"2013-06-15T08:00:00+0000","currentOwner":{"name":"bythesea","id":289445},"name":"StPhilips","id":15009,"region":{"country":"gb","name":"Scotland","id":200},"longitude":-3.102893},"latitude":55.950062,"currentOwner":{"name":"bythesea","id":289445},"time":"2021-07-25T19:32:29+0000","type":"takeover","longitude":-3.102893},{"zone":{"previousOwner":{"name":"LiLott","id":243858},"dateLastTaken":"2021-07-25T19:32:28+0000","latitude":58.652897,"totalTakeovers":892,"pointsPerHour":3,"takeoverPoints":155,"dateCreated":"2017-05-20T07:00:00+0000","currentOwner":{"name":"LiLott","id":243858},"name":"VonKrusenväg","id":107761,"region":{"country":"se","name":"Östergötland","id":139},"longitude":16.185848},"latitude":58.652897,"currentOwner":{"name":"LiLott","id":243858},"time":"2021-07-25T19:32:28+0000","type":"takeover","longitude":16.185848},{"zone":{"previousOwner":{"name":"tramsig","id":182662},"dateLastTaken":"2021-07-25T19:32:27+0000","latitude":59.172158,"totalTakeovers":5868,"pointsPerHour":6,"takeoverPoints":110,"dateCreated":"2013-12-24T11:00:00+0000","currentOwner":{"name":"Rod_Polsan","id":129152},"name":"DalaröIller","id":24272,"region":{"country":"se","name":"Stockholm","id":141},"longitude":18.147946},"latitude":59.172158,"currentOwner":{"name":"Rod_Polsan","id":129152},"time":"2021-07-25T19:32:27+0000","type":"takeover","longitude":18.147946},{"zone":{"previousOwner":{"name":"MrCoolWat.","id":227290},"dateCreated":"2013-11-01T22:45:27+0000","dateLastTaken":"2021-07-25T19:32:20+0000","latitude":60.124592,"currentOwner":{"name":"Tompaj","id":74138},"name":"HutZone","id":22626,"totalTakeovers":6046,"region":{"country":"fi","name":"Åland","id":177},"pointsPerHour":6,"longitude":19.954179,"takeoverPoints":110},"latitude":60.124592,"currentOwner":{"name":"Tompaj","id":74138},"time":"2021-07-25T19:32:20+0000","type":"takeover","longitude":19.954179},{"zone":{"previousOwner":{"name":"susatorn","id":51861},"dateCreated":"2012-07-20T00:12:11+0000","dateLastTaken":"2021-07-25T19:32:20+0000","latitude":56.174873,"currentOwner":{"name":"Toms6131","id":51860},"name":"CityGate","id":9725,"totalTakeovers":962,"region":{"country":"se","name":"Blekinge","id":136},"pointsPerHour":2,"longitude":14.858053,"takeoverPoints":170},"latitude":56.174873,"currentOwner":{"name":"Toms6131","id":51860},"time":"2021-07-25T19:32:20+0000","type":"takeover","longitude":14.858053},{"zone":{"previousOwner":{"name":"Moi2021","id":327456},"dateCreated":"2014-10-13T14:00:00+0000","dateLastTaken":"2021-07-25T19:32:17+0000","latitude":59.370129,"currentOwner":{"name":"DrBengt","id":228134},"name":"ReadySteadyGo","id":37707,"totalTakeovers":10214,"region":{"country":"se","name":"Stockholm","id":141},"pointsPerHour":8,"longitude":17.991316,"takeoverPoints":80},"latitude":59.370129,"currentOwner":{"name":"DrBengt","id":228134},"time":"2021-07-25T19:32:17+0000","type":"takeover","longitude":17.991316},{"zone":{"previousOwner":{"name":"Pilgrim","id":60557},"dateCreated":"2015-03-13T13:00:00+0000","dateLastTaken":"2021-07-25T19:32:16+0000","latitude":57.810185,"currentOwner":{"name":"Dadeee","id":327379},"name":"SkogensKung","id":46559,"totalTakeovers":469,"region":{"country":"se","name":"Västra Götaland","id":132},"pointsPerHour":1,"longitude":12.371621,"takeoverPoints":185},"latitude":57.810185,"currentOwner":{"name":"Dadeee","id":327379},"time":"2021-07-25T19:32:16+0000","type":"takeover","longitude":12.371621},{"zone":{"previousOwner":{"name":"mattihp","id":10151},"dateLastTaken":"2021-07-25T19:32:14+0000","latitude":59.898149,"totalTakeovers":5590,"pointsPerHour":7,"takeoverPoints":95,"dateCreated":"2010-09-04T14:41:37+0000","currentOwner":{"name":"tilverturf","id":166033},"name":"Kungshögarna","id":499,"region":{"country":"se","name":"Uppsala","id":142},"longitude":17.62895},"latitude":59.898149,"currentOwner":{"name":"tilverturf","id":166033},"time":"2021-07-25T19:32:14+0000","type":"takeover","longitude":17.62895},{"zone":{"previousOwner":{"name":"markuse1","id":314402},"dateCreated":"2012-07-14T11:00:00+0000","dateLastTaken":"2021-07-25T19:32:12+0000","latitude":58.752595,"currentOwner":{"name":"Turftanten","id":60356},"name":"SportsWay","id":9663,"totalTakeovers":8061,"region":{"country":"se","name":"Södermanland","id":140},"pointsPerHour":6,"longitude":17.042988,"takeoverPoints":110},"latitude":58.752595,"currentOwner":{"name":"Turftanten","id":60356},"time":"2021-07-25T19:32:12+0000","type":"takeover","longitude":17.042988},{"zone":{"previousOwner":{"name":"Madde68","id":100575},"dateCreated":"2017-02-05T00:00:00+0000","dateLastTaken":"2021-07-25T19:32:07+0000","latitude":59.065233,"currentOwner":{"name":"Reprobus","id":166965},"name":"HattFnatt","id":94137,"totalTakeovers":10157,"region":{"country":"se","name":"Örebro","id":131},"pointsPerHour":7,"longitude":15.112484,"takeoverPoints":95},"latitude":59.065233,"currentOwner":{"name":"Reprobus","id":166965},"time":"2021-07-25T19:32:07+0000","type":"takeover","longitude":15.112484},{"zone":{"previousOwner":{"name":"solidsnail","id":324576},"dateCreated":"2014-12-28T21:01:13+0000","dateLastTaken":"2021-07-25T19:32:06+0000","latitude":59.316713,"currentOwner":{"name":"immi","id":193940},"name":"Lasarettbron","id":43388,"totalTakeovers":3235,"region":{"country":"se","name":"Örebro","id":131},"pointsPerHour":6,"longitude":14.511052,"takeoverPoints":110},"latitude":59.316713,"currentOwner":{"name":"immi","id":193940},"time":"2021-07-25T19:32:06+0000","type":"takeover","longitude":14.511052},{"zone":{"previousOwner":{"name":"Heureka","id":89635},"dateCreated":"2012-03-22T00:30:03+0000","dateLastTaken":"2021-07-25T19:32:05+0000","latitude":59.290056,"currentOwner":{"name":"HelGran","id":177241},"name":"BlowOutT","id":7317,"totalTakeovers":10911,"region":{"country":"se","name":"Stockholm","id":141},"pointsPerHour":7,"longitude":18.0908,"takeoverPoints":95},"latitude":59.290056,"currentOwner":{"name":"HelGran","id":177241},"time":"2021-07-25T19:32:05+0000","type":"takeover","longitude":18.0908},{"zone":{"previousOwner":{"name":"death","id":75687},"dateCreated":"2010-09-04T14:41:37+0000","dateLastTaken":"2021-07-25T19:32:02+0000","latitude":56.836271,"currentOwner":{"name":"Stålblå","id":300091},"name":"Ljungpark","id":821,"totalTakeovers":4774,"region":{"country":"se","name":"Kronoberg","id":147},"pointsPerHour":5,"longitude":13.942581,"takeoverPoints":125},"latitude":56.836271,"currentOwner":{"name":"Stålblå","id":300091},"time":"2021-07-25T19:32:02+0000","type":"takeover","longitude":13.942581},{"zone":{"previousOwner":{"name":"Rooffiddler","id":188291},"dateCreated":"2017-12-24T12:00:00+0000","dateLastTaken":"2021-07-25T19:31:59+0000","latitude":59.029016,"currentOwner":{"name":"ps860","id":198380},"name":"BengtsTorg","id":139458,"totalTakeovers":703,"region":{"country":"se","name":"Västra Götaland","id":132},"pointsPerHour":2,"longitude":12.22569,"takeoverPoints":170},"latitude":59.029016,"currentOwner":{"name":"ps860","id":198380},"time":"2021-07-25T19:31:59+0000","type":"takeover","longitude":12.22569},{"zone":{"previousOwner":{"name":"stefanx46","id":36563},"dateCreated":"2015-10-02T10:00:00+0000","dateLastTaken":"2021-07-25T19:31:59+0000","latitude":64.754196,"currentOwner":{"name":"ChronoZ","id":229192},"name":"Moröbacken","id":59679,"totalTakeovers":2336,"region":{"country":"se","name":"Västerbotten","id":127},"pointsPerHour":4,"longitude":21.018174,"takeoverPoints":140},"latitude":64.754196,"currentOwner":{"name":"ChronoZ","id":229192},"time":"2021-07-25T19:31:59+0000","type":"takeover","longitude":21.018174},{"zone":{"previousOwner":{"name":"Ludovico","id":27680},"dateCreated":"2014-02-13T22:50:25+0000","dateLastTaken":"2021-07-25T19:31:58+0000","latitude":59.411947,"currentOwner":{"name":"microblaze","id":165353},"name":"SödraSidan","id":25372,"totalTakeovers":3520,"region":{"country":"se","name":"Stockholm","id":141},"pointsPerHour":6,"longitude":17.842176,"takeoverPoints":110},"latitude":59.411947,"currentOwner":{"name":"microblaze","id":165353},"time":"2021-07-25T19:31:58+0000","type":"takeover","longitude":17.842176},{"zone":{"previousOwner":{"name":"Uncouth","id":74248},"dateCreated":"2014-08-29T20:00:00+0000","dateLastTaken":"2021-07-25T19:31:57+0000","latitude":59.840887,"currentOwner":{"name":"sorensan","id":25980},"name":"LillaUllallén","id":33846,"totalTakeovers":10157,"region":{"country":"se","name":"Uppsala","id":142},"pointsPerHour":8,"longitude":17.655524,"takeoverPoints":80},"latitude":59.840887,"currentOwner":{"name":"sorensan","id":25980},"time":"2021-07-25T19:31:57+0000","type":"takeover","longitude":17.655524},{"zone":{"previousOwner":{"name":"TriggerHappy","id":30307},"dateCreated":"2013-12-21T00:25:53+0000","dateLastTaken":"2021-07-25T19:31:57+0000","latitude":59.308067,"currentOwner":{"name":"Krussidullen","id":74555},"name":"Alphyddan","id":24093,"totalTakeovers":1025,"region":{"country":"se","name":"Stockholm","id":141},"pointsPerHour":3,"longitude":18.122483,"takeoverPoints":155},"latitude":59.308067,"currentOwner":{"name":"Krussidullen","id":74555},"time":"2021-07-25T19:31:57+0000","type":"takeover","longitude":18.122483},{"zone":{"previousOwner":{"name":"trevlig","id":278167},"dateCreated":"2014-06-20T08:24:54+0000","dateLastTaken":"2021-07-25T19:31:56+0000","latitude":59.595259,"currentOwner":{"name":"Jonte.r","id":262453},"name":"Tunnbrödet","id":31806,"totalTakeovers":13657,"region":{"country":"se","name":"Västmanland","id":143},"pointsPerHour":7,"longitude":16.461269,"takeoverPoints":95},"latitude":59.595259,"currentOwner":{"name":"Jonte.r","id":262453},"time":"2021-07-25T19:31:56+0000","type":"takeover","longitude":16.461269},{"zone":{"previousOwner":{"name":"Millan73","id":298077},"dateCreated":"2017-06-06T10:00:00+0000","dateLastTaken":"2021-07-25T19:31:54+0000","latitude":55.375638,"currentOwner":{"name":"Deneva","id":68382},"name":"TrelleTupp","id":113989,"totalTakeovers":1570,"region":{"country":"se","name":"Skåne","id":135},"pointsPerHour":4,"longitude":13.15564,"takeoverPoints":140},"latitude":55.375638,"currentOwner":{"name":"Deneva","id":68382},"time":"2021-07-25T19:31:54+0000","type":"takeover","longitude":13.15564},{"zone":{"previousOwner":{"name":"KK77","id":105178},"dateCreated":"2015-12-24T13:59:00+0000","dateLastTaken":"2021-07-25T19:31:49+0000","latitude":59.278222,"currentOwner":{"name":"MFFTurf2","id":105844},"name":"IntlDayPark","id":61492,"totalTakeovers":3282,"region":{"country":"se","name":"Stockholm","id":141},"pointsPerHour":5,"longitude":18.125877,"takeoverPoints":125},"latitude":59.278222,"currentOwner":{"name":"MFFTurf2","id":105844},"time":"2021-07-25T19:31:49+0000","type":"takeover","longitude":18.125877},{"zone":{"previousOwner":{"name":"Cykeltoken","id":227739},"dateCreated":"2014-12-28T18:19:09+0000","dateLastTaken":"2021-07-25T19:31:48+0000","latitude":63.80747,"currentOwner":{"name":"IrrarRunt","id":335134},"name":"Sönkmyra","id":43376,"totalTakeovers":5894,"region":{"country":"se","name":"Västerbotten","id":127},"pointsPerHour":6,"longitude":20.183795,"takeoverPoints":110},"latitude":63.80747,"currentOwner":{"name":"IrrarRunt","id":335134},"time":"2021-07-25T19:31:48+0000","type":"takeover","longitude":20.183795},{"zone":{"previousOwner":{"name":"gå-for-it","id":48607},"dateCreated":"2013-07-23T19:54:58+0000","dateLastTaken":"2021-07-25T19:31:46+0000","latitude":63.57536,"currentOwner":{"name":"praktikus","id":64871},"name":"Rödviken","id":20894,"totalTakeovers":731,"region":{"country":"se","name":"Västerbotten","id":127},"pointsPerHour":2,"longitude":19.457685,"takeoverPoints":170},"latitude":63.57536,"currentOwner":{"name":"praktikus","id":64871},"time":"2021-07-25T19:31:46+0000","type":"takeover","longitude":19.457685},{"zone":{"previousOwner":{"name":"AllaCalle","id":321000},"dateCreated":"2014-10-17T06:00:00+0000","dateLastTaken":"2021-07-25T19:31:42+0000","latitude":59.274926,"currentOwner":{"name":"bilgur","id":199900},"name":"SvedmyraPark","id":37733,"totalTakeovers":5031,"region":{"country":"se","name":"Stockholm","id":141},"pointsPerHour":7,"longitude":18.075969,"takeoverPoints":95},"latitude":59.274926,"currentOwner":{"name":"bilgur","id":199900},"time":"2021-07-25T19:31:42+0000","type":"takeover","longitude":18.075969},{"zone":{"previousOwner":{"name":"anyontherun","id":185814},"dateCreated":"2013-10-26T12:00:00+0000","dateLastTaken":"2021-07-25T19:31:39+0000","latitude":63.812358,"currentOwner":{"name":"Cykeltalibanen","id":267525},"name":"IslandCross","id":22356,"totalTakeovers":5628,"region":{"country":"se","name":"Västerbotten","id":127},"pointsPerHour":7,"longitude":20.285336,"takeoverPoints":95},"latitude":63.812358,"currentOwner":{"name":"Cykeltalibanen","id":267525},"time":"2021-07-25T19:31:39+0000","type":"takeover","longitude":20.285336},{"zone":{"previousOwner":{"name":"Fe4sen","id":138381},"dateCreated":"2013-06-18T07:35:07+0000","dateLastTaken":"2021-07-25T19:31:39+0000","latitude":59.820294,"currentOwner":{"name":"lordangus","id":154103},"name":"SävjaZone","id":20339,"totalTakeovers":9534,"region":{"country":"se","name":"Uppsala","id":142},"pointsPerHour":6,"longitude":17.694983,"takeoverPoints":110},"latitude":59.820294,"currentOwner":{"name":"lordangus","id":154103},"time":"2021-07-25T19:31:39+0000","type":"takeover","longitude":17.694983},{"zone":{"previousOwner":{"name":"R@W","id":15754},"dateLastTaken":"2021-07-25T19:31:35+0000","latitude":55.595222,"totalTakeovers":3639,"pointsPerHour":6,"takeoverPoints":110,"dateCreated":"2019-03-14T18:00:00+0000","currentOwner":{"name":"tremorbalk","id":16690},"name":"TXL","id":180699,"region":{"country":"se","name":"Skåne","id":135},"longitude":12.979921},"latitude":55.595222,"currentOwner":{"name":"tremorbalk","id":16690},"time":"2021-07-25T19:31:35+0000","type":"takeover","longitude":12.979921},{"zone":{"previousOwner":{"name":"mattis2001se","id":139059},"dateCreated":"2010-09-04T14:41:37+0000","dateLastTaken":"2021-07-25T19:31:27+0000","latitude":57.70412,"currentOwner":{"name":"MacHell","id":335878},"name":"Vallgraven","id":815,"totalTakeovers":18765,"region":{"country":"se","name":"Västra Götaland","id":132},"pointsPerHour":8,"longitude":11.972665,"takeoverPoints":80},"latitude":57.70412,"currentOwner":{"name":"MacHell","id":335878},"time":"2021-07-25T19:31:27+0000","type":"takeover","longitude":11.972665},{"zone":{"previousOwner":{"name":"Kaktus-Mats","id":61706},"dateCreated":"2012-05-23T21:25:48+0000","dateLastTaken":"2021-07-25T19:31:26+0000","latitude":59.850664,"currentOwner":{"name":"Alexiz","id":335215},"name":"DinoZone","id":9300,"totalTakeovers":25531,"region":{"country":"se","name":"Uppsala","id":142},"pointsPerHour":8,"longitude":17.626099,"takeoverPoints":80},"latitude":59.850664,"currentOwner":{"name":"Alexiz","id":335215},"time":"2021-07-25T19:31:26+0000","type":"takeover","longitude":17.626099},{"zone":{"previousOwner":{"name":"MagnusGra","id":322750},"dateCreated":"2011-08-08T18:57:36+0000","dateLastTaken":"2021-07-25T19:31:24+0000","latitude":59.63309,"currentOwner":{"name":"Montecristo","id":53455},"name":"OneBuyCoop","id":2571,"totalTakeovers":21419,"region":{"country":"se","name":"Uppsala","id":142},"pointsPerHour":8,"longitude":17.083045,"takeoverPoints":80},"latitude":59.63309,"currentOwner":{"name":"Montecristo","id":53455},"time":"2021-07-25T19:31:24+0000","type":"takeover","longitude":17.083045},{"zone":{"previousOwner":{"name":"MrNiceGuy","id":108848},"dateCreated":"2014-09-06T20:15:29+0000","dateLastTaken":"2021-07-25T19:31:24+0000","latitude":58.388874,"currentOwner":{"name":"LindaP73","id":254776},"name":"PoppelPath","id":34622,"totalTakeovers":10122,"region":{"country":"se","name":"Östergötland","id":139},"pointsPerHour":7,"longitude":15.654272,"takeoverPoints":95},"latitude":58.388874,"currentOwner":{"name":"LindaP73","id":254776},"time":"2021-07-25T19:31:24+0000","type":"takeover","longitude":15.654272},{"zone":{"previousOwner":{"name":"Zlas","id":241014},"dateCreated":"2017-08-15T21:50:09+0000","dateLastTaken":"2021-07-25T19:31:22+0000","latitude":65.666015,"currentOwner":{"name":"Ully","id":322015},"name":"Gammelzon","id":117391,"totalTakeovers":176,"region":{"country":"se","name":"Norrbotten","id":126},"pointsPerHour":2,"longitude":21.032084,"takeoverPoints":170},"latitude":65.666015,"currentOwner":{"name":"Ully","id":322015},"time":"2021-07-25T19:31:22+0000","type":"takeover","longitude":21.032084},{"zone":{"previousOwner":{"name":"ulrikase","id":67171},"dateCreated":"2017-06-29T16:23:10+0000","dateLastTaken":"2021-07-25T19:31:22+0000","latitude":58.415215,"currentOwner":{"name":"Pellepennan","id":328784},"name":"Moppehäng","id":115067,"totalTakeovers":7501,"region":{"country":"se","name":"Östergötland","id":139},"pointsPerHour":8,"longitude":15.639417,"takeoverPoints":80},"latitude":58.415215,"currentOwner":{"name":"Pellepennan","id":328784},"time":"2021-07-25T19:31:22+0000","type":"takeover","longitude":15.639417},{"zone":{"previousOwner":{"name":"bussragnar","id":181795},"dateCreated":"2014-02-19T15:00:00+0000","dateLastTaken":"2021-07-25T19:31:21+0000","latitude":59.295142,"currentOwner":{"name":"Mack_Lobell","id":287573},"name":"SandbackaTee","id":25977,"totalTakeovers":2034,"region":{"country":"se","name":"Örebro","id":131},"pointsPerHour":4,"longitude":15.150481,"takeoverPoints":140},"latitude":59.295142,"currentOwner":{"name":"Mack_Lobell","id":287573},"time":"2021-07-25T19:31:21+0000","type":"takeover","longitude":15.150481},{"zone":{"previousOwner":{"name":"Sucuriju","id":334898},"dateCreated":"2016-06-08T04:00:00+0000","dateLastTaken":"2021-07-25T19:31:21+0000","latitude":59.512733,"currentOwner":{"name":"MICKE456","id":306246},"name":"Nytryckt","id":78468,"totalTakeovers":1325,"region":{"country":"se","name":"Stockholm","id":141},"pointsPerHour":4,"longitude":17.754864,"takeoverPoints":140},"latitude":59.512733,"currentOwner":{"name":"MICKE456","id":306246},"time":"2021-07-25T19:31:21+0000","type":"takeover","longitude":17.754864},{"zone":{"previousOwner":{"name":"tinariwen","id":64077},"dateCreated":"2010-09-04T14:41:37+0000","dateLastTaken":"2021-07-25T19:31:20+0000","latitude":59.276652,"currentOwner":{"name":"Eskimonika","id":41336},"name":"Karlaparken","id":723,"totalTakeovers":18528,"region":{"country":"se","name":"Örebro","id":131},"pointsPerHour":7,"longitude":15.197849,"takeoverPoints":95},"latitude":59.276652,"currentOwner":{"name":"Eskimonika","id":41336},"time":"2021-07-25T19:31:20+0000","type":"takeover","longitude":15.197849},{"zone":{"previousOwner":{"name":"aake.f","id":133484},"dateCreated":"2010-09-04T14:41:37+0000","dateLastTaken":"2021-07-25T19:31:19+0000","latitude":57.720984,"currentOwner":{"name":"Claric","id":312993},"name":"EastSick","id":434,"totalTakeovers":4053,"region":{"country":"se","name":"Västra Götaland","id":132},"pointsPerHour":5,"longitude":12.056051,"takeoverPoints":125},"latitude":57.720984,"currentOwner":{"name":"Claric","id":312993},"time":"2021-07-25T19:31:19+0000","type":"takeover","longitude":12.056051},{"zone":{"previousOwner":{"name":"Getengullfia","id":134423},"dateCreated":"2012-07-01T21:51:01+0000","dateLastTaken":"2021-07-25T19:31:18+0000","latitude":59.347525,"currentOwner":{"name":"CharlottaR","id":326682},"name":"VästraSkogenT","id":9585,"totalTakeovers":9303,"region":{"country":"se","name":"Stockholm","id":141},"pointsPerHour":6,"longitude":18.00351,"takeoverPoints":110},"latitude":59.347525,"currentOwner":{"name":"CharlottaR","id":326682},"time":"2021-07-25T19:31:18+0000","type":"takeover","longitude":18.00351},{"zone":{"previousOwner":{"name":"heartbeat","id":236630},"dateCreated":"2013-12-24T01:05:00+0000","dateLastTaken":"2021-07-25T19:31:17+0000","latitude":63.815253,"currentOwner":{"name":"linkaz","id":101631},"name":"Sjukhemmet","id":23905,"totalTakeovers":12993,"region":{"country":"se","name":"Västerbotten","id":127},"pointsPerHour":8,"longitude":20.264783,"takeoverPoints":80},"latitude":63.815253,"currentOwner":{"name":"linkaz","id":101631},"time":"2021-07-25T19:31:17+0000","type":"takeover","longitude":20.264783},{"zone":{"previousOwner":{"name":"MoraIK","id":158799},"dateLastTaken":"2021-07-25T19:31:16+0000","latitude":60.62462,"totalTakeovers":6619,"pointsPerHour":6,"takeoverPoints":110,"dateCreated":"2012-05-12T19:33:08+0000","currentOwner":{"name":"JankaO","id":317586},"name":"Östanforsbron","id":8922,"region":{"country":"se","name":"Dalarna","id":129},"longitude":15.607647},"latitude":60.62462,"currentOwner":{"name":"JankaO","id":317586},"time":"2021-07-25T19:31:16+0000","type":"takeover","longitude":15.607647},{"zone":{"previousOwner":{"name":"kenyjan","id":165434},"dateLastTaken":"2021-07-25T19:31:13+0000","latitude":60.15113,"totalTakeovers":6176,"pointsPerHour":5,"takeoverPoints":125,"dateCreated":"2010-12-22T21:20:46+0000","currentOwner":{"name":"Normic","id":174166},"name":"AvestaCross","id":1221,"region":{"country":"se","name":"Dalarna","id":129},"longitude":16.16731},"latitude":60.15113,"currentOwner":{"name":"Normic","id":174166},"time":"2021-07-25T19:31:13+0000","type":"takeover","longitude":16.16731},{"zone":{"previousOwner":{"name":"Fenrisulven","id":14493},"dateCreated":"2013-12-25T22:16:34+0000","dateLastTaken":"2021-07-25T19:31:11+0000","latitude":58.426258,"currentOwner":{"name":"Bath","id":57990},"name":"DenGamleKvarn","id":24438,"totalTakeovers":3745,"region":{"country":"se","name":"Västra Götaland","id":132},"pointsPerHour":2,"longitude":14.147135,"takeoverPoints":170},"latitude":58.426258,"currentOwner":{"name":"Bath","id":57990},"time":"2021-07-25T19:31:11+0000","type":"takeover","longitude":14.147135},{"zone":{"previousOwner":{"name":"Cykeltalibanen","id":267525},"dateCreated":"2013-03-08T10:38:04+0000","dateLastTaken":"2021-07-25T19:31:10+0000","latitude":63.826019,"currentOwner":{"name":"tur(f)gor","id":144328},"name":"Broparken","id":15577,"totalTakeovers":26483,"region":{"country":"se","name":"Västerbotten","id":127},"pointsPerHour":9,"longitude":20.25088,"takeoverPoints":65},"latitude":63.826019,"currentOwner":{"name":"tur(f)gor","id":144328},"time":"2021-07-25T19:31:10+0000","type":"takeover","longitude":20.25088},{"zone":{"previousOwner":{"name":"carinn","id":117795},"dateLastTaken":"2021-07-25T19:31:10+0000","latitude":59.600854,"totalTakeovers":18115,"pointsPerHour":9,"takeoverPoints":65,"dateCreated":"2015-01-06T20:00:00+0000","currentOwner":{"name":"dipiel","id":191859},"name":"Squirrelpark","id":43591,"region":{"country":"se","name":"Västmanland","id":143},"longitude":16.577318},"latitude":59.600854,"currentOwner":{"name":"dipiel","id":191859},"time":"2021-07-25T19:31:10+0000","type":"takeover","longitude":16.577318},{"zone":{"previousOwner":{"name":"cloudwalker","id":137961},"dateCreated":"2016-10-17T11:00:00+0000","dateLastTaken":"2021-07-25T19:31:09+0000","latitude":55.434269,"currentOwner":{"name":"GoodyCao","id":167849},"name":"Möbelzon","id":90349,"totalTakeovers":825,"region":{"country":"se","name":"Skåne","id":135},"pointsPerHour":2,"longitude":13.798263,"takeoverPoints":170},"latitude":55.434269,"currentOwner":{"name":"GoodyCao","id":167849},"time":"2021-07-25T19:31:09+0000","type":"takeover","longitude":13.798263},{"zone":{"previousOwner":{"name":"JankaO","id":317586},"dateCreated":"2017-04-23T11:49:15+0000","dateLastTaken":"2021-07-25T19:31:09+0000","latitude":60.619825,"currentOwner":{"name":"MoraIK","id":158799},"name":"Korvstoppet","id":99924,"totalTakeovers":6866,"region":{"country":"se","name":"Dalarna","id":129},"pointsPerHour":7,"longitude":15.61901,"takeoverPoints":95},"latitude":60.619825,"currentOwner":{"name":"MoraIK","id":158799},"time":"2021-07-25T19:31:09+0000","type":"takeover","longitude":15.61901},{"zone":{"previousOwner":{"name":"-SORTSIUS-","id":333084},"dateCreated":"2014-06-12T07:50:38+0000","dateLastTaken":"2021-07-25T19:31:09+0000","latitude":59.566438,"currentOwner":{"name":"Unny76","id":223097},"name":"AlnusLitore","id":31377,"totalTakeovers":3525,"region":{"country":"se","name":"Västmanland","id":143},"pointsPerHour":4,"longitude":16.538623,"takeoverPoints":140},"latitude":59.566438,"currentOwner":{"name":"Unny76","id":223097},"time":"2021-07-25T19:31:09+0000","type":"takeover","longitude":16.538623},{"zone":{"previousOwner":{"name":"Carl_Englund","id":336209},"dateLastTaken":"2021-07-25T19:31:07+0000","latitude":60.345495,"totalTakeovers":3391,"pointsPerHour":3,"takeoverPoints":155,"dateCreated":"2011-09-05T18:34:23+0000","currentOwner":{"name":"GreenLight","id":141280},"name":"TierpCity","id":3052,"region":{"country":"se","name":"Uppsala","id":142},"longitude":17.513436},"latitude":60.345495,"currentOwner":{"name":"GreenLight","id":141280},"time":"2021-07-25T19:31:07+0000","type":"takeover","longitude":17.513436},{"zone":{"previousOwner":{"name":"fanniesuraunt","id":320035},"dateCreated":"2021-01-18T12:30:00+0000","dateLastTaken":"2021-07-25T19:31:05+0000","latitude":57.477986,"currentOwner":{"name":"T.Reznor","id":310821},"name":"ToOldPerth","id":368760,"totalTakeovers":60,"region":{"country":"gb","name":"Scotland","id":200},"pointsPerHour":2,"longitude":-4.200627,"takeoverPoints":170},"latitude":57.477986,"currentOwner":{"name":"T.Reznor","id":310821},"time":"2021-07-25T19:31:05+0000","type":"takeover","longitude":-4.200627},{"zone":{"previousOwner":{"name":"Celsius","id":271715},"dateCreated":"2017-03-18T07:00:00+0000","dateLastTaken":"2021-07-25T19:31:05+0000","latitude":56.029727,"currentOwner":{"name":"mini","id":12436},"name":"HealingPrisma","id":95777,"totalTakeovers":1023,"region":{"country":"se","name":"Skåne","id":135},"pointsPerHour":3,"longitude":14.174747,"takeoverPoints":155},"latitude":56.029727,"currentOwner":{"name":"mini","id":12436},"time":"2021-07-25T19:31:05+0000","type":"takeover","longitude":14.174747},{"zone":{"previousOwner":{"name":"mattihp","id":10151},"dateCreated":"2019-04-30T17:19:19+0000","dateLastTaken":"2021-07-25T19:31:04+0000","latitude":59.8962,"currentOwner":{"name":"tilverturf","id":166033},"name":"Walpurgis","id":189855,"totalTakeovers":2198,"region":{"country":"se","name":"Uppsala","id":142},"pointsPerHour":7,"longitude":17.627905,"takeoverPoints":95},"latitude":59.8962,"currentOwner":{"name":"tilverturf","id":166033},"time":"2021-07-25T19:31:04+0000","type":"takeover","longitude":17.627905},{"zone":{"previousOwner":{"name":"BiW","id":60033},"dateCreated":"2010-09-01T00:00:00+0000","dateLastTaken":"2021-07-25T19:31:04+0000","latitude":62.390814,"currentOwner":{"name":"BiW","id":60033},"name":"DomsagaZone","id":677,"totalTakeovers":13139,"region":{"country":"se","name":"Västernorrland","id":145},"pointsPerHour":7,"longitude":17.291146,"takeoverPoints":95},"latitude":62.390814,"currentOwner":{"name":"BiW","id":60033},"time":"2021-07-25T19:31:04+0000","type":"takeover","longitude":17.291146},{"zone":{"previousOwner":{"name":"Moi2021","id":327456},"dateCreated":"2017-12-05T11:40:24+0000","dateLastTaken":"2021-07-25T19:31:01+0000","latitude":59.370014,"currentOwner":{"name":"DrBengt","id":228134},"name":"RåstasjönsIP","id":138973,"totalTakeovers":5925,"region":{"country":"se","name":"Stockholm","id":141},"pointsPerHour":8,"longitude":17.995389,"takeoverPoints":80},"latitude":59.370014,"currentOwner":{"name":"DrBengt","id":228134},"time":"2021-07-25T19:31:01+0000","type":"takeover","longitude":17.995389},{"zone":{"previousOwner":{"name":"Dannohoj","id":333059},"dateCreated":"2017-08-26T07:00:00+0000","dateLastTaken":"2021-07-25T19:31:00+0000","latitude":59.603203,"currentOwner":{"name":"-SORTSIUS-","id":333084},"name":"Sjuttonhundra","id":117052,"totalTakeovers":5708,"region":{"country":"se","name":"Västmanland","id":143},"pointsPerHour":7,"longitude":16.515404,"takeoverPoints":95},"latitude":59.603203,"currentOwner":{"name":"-SORTSIUS-","id":333084},"time":"2021-07-25T19:31:00+0000","type":"takeover","longitude":16.515404},{"zone":{"previousOwner":{"name":"airwolf","id":153838},"dateCreated":"2020-09-14T19:01:40+0000","dateLastTaken":"2021-07-25T19:30:58+0000","latitude":59.756454,"currentOwner":{"name":"Pebbles","id":105378},"name":"Bastugranen","id":325570,"totalTakeovers":297,"region":{"country":"se","name":"Stockholm","id":141},"pointsPerHour":5,"longitude":18.719365,"takeoverPoints":125},"latitude":59.756454,"currentOwner":{"name":"Pebbles","id":105378},"time":"2021-07-25T19:30:58+0000","type":"takeover","longitude":18.719365},{"zone":{"previousOwner":{"name":"Tyr","id":62692},"dateCreated":"2019-10-03T19:48:38+0000","dateLastTaken":"2021-07-25T19:30:57+0000","latitude":55.570885,"currentOwner":{"name":"Tompa_65","id":160985},"name":"StigLindeborg","id":219384,"totalTakeovers":1621,"region":{"country":"se","name":"Skåne","id":135},"pointsPerHour":4,"longitude":12.995099,"takeoverPoints":140},"latitude":55.570885,"currentOwner":{"name":"Tompa_65","id":160985},"time":"2021-07-25T19:30:57+0000","type":"takeover","longitude":12.995099},{"zone":{"previousOwner":{"name":"Dräängen","id":182267},"dateCreated":"2016-10-08T21:22:15+0000","dateLastTaken":"2021-07-25T19:30:57+0000","latitude":58.397234,"currentOwner":{"name":"Bergfogden","id":228864},"name":"Kalvfärs","id":90121,"totalTakeovers":5237,"region":{"country":"se","name":"Östergötland","id":139},"pointsPerHour":6,"longitude":15.562599,"takeoverPoints":110},"latitude":58.397234,"currentOwner":{"name":"Bergfogden","id":228864},"time":"2021-07-25T19:30:57+0000","type":"takeover","longitude":15.562599},{"zone":{"previousOwner":{"name":"derdlim","id":117540},"dateLastTaken":"2021-07-25T19:30:53+0000","latitude":58.751544,"totalTakeovers":13850,"pointsPerHour":7,"takeoverPoints":95,"dateCreated":"2012-05-28T14:20:32+0000","currentOwner":{"name":"korpan84","id":318118},"name":"AllSaintsZone","id":9329,"region":{"country":"se","name":"Södermanland","id":140},"longitude":17.015601},"latitude":58.751544,"currentOwner":{"name":"korpan84","id":318118},"time":"2021-07-25T19:30:53+0000","type":"takeover","longitude":17.015601},{"zone":{"previousOwner":{"name":"vindturf","id":118672},"dateCreated":"2012-05-02T10:00:00+0000","dateLastTaken":"2021-07-25T19:30:51+0000","latitude":58.984007,"currentOwner":{"name":"vinzon","id":187615},"name":"CatRidge","id":8477,"totalTakeovers":2262,"region":{"country":"se","name":"Södermanland","id":140},"pointsPerHour":4,"longitude":16.228799,"takeoverPoints":140},"latitude":58.984007,"currentOwner":{"name":"vinzon","id":187615},"time":"2021-07-25T19:30:51+0000","type":"takeover","longitude":16.228799},{"zone":{"previousOwner":{"name":"aake.f","id":133484},"dateCreated":"2017-03-18T07:00:00+0000","dateLastTaken":"2021-07-25T19:30:50+0000","latitude":57.72003,"currentOwner":{"name":"JensMartin","id":94622},"name":"Långåkern","id":96204,"totalTakeovers":3289,"region":{"country":"se","name":"Västra Götaland","id":132},"pointsPerHour":5,"longitude":12.078431,"takeoverPoints":125},"latitude":57.72003,"currentOwner":{"name":"JensMartin","id":94622},"time":"2021-07-25T19:30:50+0000","type":"takeover","longitude":12.078431},{"zone":{"previousOwner":{"name":"kepsen","id":51326},"dateCreated":"2014-05-12T07:41:22+0000","dateLastTaken":"2021-07-25T19:30:50+0000","latitude":59.654043,"currentOwner":{"name":"BirgittaS","id":31552},"name":"TheEndOfRowan","id":29162,"totalTakeovers":7434,"region":{"country":"se","name":"Västmanland","id":143},"pointsPerHour":6,"longitude":16.501136,"takeoverPoints":110},"latitude":59.654043,"currentOwner":{"name":"BirgittaS","id":31552},"time":"2021-07-25T19:30:50+0000","type":"takeover","longitude":16.501136},{"zone":{"previousOwner":{"name":"MrTJ","id":51633},"dateCreated":"2014-04-06T10:00:00+0000","dateLastTaken":"2021-07-25T19:30:50+0000","latitude":63.830014,"currentOwner":{"name":"LivingLeaf","id":58163},"name":"EastPrince","id":27910,"totalTakeovers":14521,"region":{"country":"se","name":"Västerbotten","id":127},"pointsPerHour":8,"longitude":20.237126,"takeoverPoints":80},"latitude":63.830014,"currentOwner":{"name":"LivingLeaf","id":58163},"time":"2021-07-25T19:30:50+0000","type":"takeover","longitude":20.237126},{"zone":{"previousOwner":{"name":"Heureka","id":89635},"dateCreated":"2017-04-08T08:00:00+0000","dateLastTaken":"2021-07-25T19:30:49+0000","latitude":59.256702,"currentOwner":{"name":"VARG82","id":242351},"name":"Starrmyran","id":97440,"totalTakeovers":5831,"region":{"country":"se","name":"Stockholm","id":141},"pointsPerHour":7,"longitude":18.092056,"takeoverPoints":95},"latitude":59.256702,"currentOwner":{"name":"VARG82","id":242351},"time":"2021-07-25T19:30:49+0000","type":"takeover","longitude":18.092056},{"zone":{"previousOwner":{"name":"kingpear","id":30417},"dateCreated":"2017-08-27T03:00:00+0000","dateLastTaken":"2021-07-25T19:30:49+0000","latitude":57.666146,"currentOwner":{"name":"Hallon16","id":174632},"name":"Vimmerby","id":116885,"totalTakeovers":1896,"region":{"country":"se","name":"Kalmar","id":137},"pointsPerHour":2,"longitude":15.861187,"takeoverPoints":170},"latitude":57.666146,"currentOwner":{"name":"Hallon16","id":174632},"time":"2021-07-25T19:30:49+0000","type":"takeover","longitude":15.861187},{"zone":{"previousOwner":{"name":"kofand","id":230558},"dateCreated":"2014-06-09T12:00:00+0000","dateLastTaken":"2021-07-25T19:30:48+0000","latitude":59.857544,"currentOwner":{"name":"åsanna","id":259883},"name":"Stenhagskola","id":31325,"totalTakeovers":3508,"region":{"country":"se","name":"Uppsala","id":142},"pointsPerHour":5,"longitude":17.562686,"takeoverPoints":125},"latitude":59.857544,"currentOwner":{"name":"åsanna","id":259883},"time":"2021-07-25T19:30:48+0000","type":"takeover","longitude":17.562686},{"zone":{"previousOwner":{"name":"MrCoolWat.","id":227290},"dateCreated":"2017-12-24T12:02:46+0000","dateLastTaken":"2021-07-25T19:30:47+0000","latitude":60.127405,"currentOwner":{"name":"Tompaj","id":74138},"name":"XmasTree17","id":139468,"totalTakeovers":2200,"region":{"country":"fi","name":"Åland","id":177},"pointsPerHour":5,"longitude":19.953546,"takeoverPoints":125},"latitude":60.127405,"currentOwner":{"name":"Tompaj","id":74138},"time":"2021-07-25T19:30:47+0000","type":"takeover","longitude":19.953546},{"zone":{"previousOwner":{"name":"Mi035","id":242299},"dateCreated":"2017-08-03T16:14:17+0000","dateLastTaken":"2021-07-25T19:30:46+0000","latitude":59.494623,"currentOwner":{"name":"recycling","id":79989},"name":"IngenLinbana","id":113494,"totalTakeovers":321,"region":{"country":"se","name":"Västmanland","id":143},"pointsPerHour":1,"longitude":16.028031,"takeoverPoints":185},"latitude":59.494623,"currentOwner":{"name":"recycling","id":79989},"time":"2021-07-25T19:30:46+0000","type":"takeover","longitude":16.028031},{"zone":{"previousOwner":{"name":"markuse1","id":314402},"dateCreated":"2014-12-24T08:12:46+0000","dateLastTaken":"2021-07-25T19:30:46+0000","latitude":58.753769,"currentOwner":{"name":"Turftanten","id":60356},"name":"Andan","id":42769,"totalTakeovers":6472,"region":{"country":"se","name":"Södermanland","id":140},"pointsPerHour":5,"longitude":17.040027,"takeoverPoints":125},"latitude":58.753769,"currentOwner":{"name":"Turftanten","id":60356},"time":"2021-07-25T19:30:46+0000","type":"takeover","longitude":17.040027},{"zone":{"previousOwner":{"name":"Scott63","id":207476},"dateCreated":"2021-06-25T16:55:24+0000","dateLastTaken":"2021-07-25T19:30:44+0000","latitude":58.349825,"currentOwner":{"name":"MrJokerit","id":81469},"name":"Fossum","id":428815,"totalTakeovers":4,"region":{"country":"se","name":"Västra Götaland","id":132},"pointsPerHour":1,"longitude":11.970669,"takeoverPoints":185},"latitude":58.349825,"currentOwner":{"name":"MrJokerit","id":81469},"time":"2021-07-25T19:30:44+0000","type":"takeover","longitude":11.970669},{"zone":{"previousOwner":{"name":"R@W","id":15754},"dateCreated":"2013-07-06T17:30:00+0000","dateLastTaken":"2021-07-25T19:30:43+0000","latitude":55.585749,"currentOwner":{"name":"Jonte67","id":284492},"name":"MiddleEarth","id":20516,"totalTakeovers":3520,"region":{"country":"se","name":"Skåne","id":135},"pointsPerHour":5,"longitude":12.964413,"takeoverPoints":125},"latitude":55.585749,"currentOwner":{"name":"Jonte67","id":284492},"time":"2021-07-25T19:30:43+0000","type":"takeover","longitude":12.964413},{"zone":{"previousOwner":{"name":"MagnusGra","id":322750},"dateCreated":"2014-05-31T21:12:34+0000","dateLastTaken":"2021-07-25T19:30:41+0000","latitude":59.636435,"currentOwner":{"name":"Ucka","id":74558},"name":"Öriket","id":30915,"totalTakeovers":10925,"region":{"country":"se","name":"Uppsala","id":142},"pointsPerHour":6,"longitude":17.06947,"takeoverPoints":110},"latitude":59.636435,"currentOwner":{"name":"Ucka","id":74558},"time":"2021-07-25T19:30:41+0000","type":"takeover","longitude":17.06947},{"zone":{"previousOwner":{"name":"Mas-Clas","id":333693},"dateLastTaken":"2021-07-25T19:30:39+0000","latitude":59.813823,"totalTakeovers":1834,"pointsPerHour":4,"takeoverPoints":140,"dateCreated":"2013-09-09T20:44:23+0000","currentOwner":{"name":"allinug","id":227848},"name":"AnimalBridge","id":21606,"region":{"country":"se","name":"Uppsala","id":142},"longitude":17.604715},"latitude":59.813823,"currentOwner":{"name":"allinug","id":227848},"time":"2021-07-25T19:30:39+0000","type":"takeover","longitude":17.604715},{"zone":{"previousOwner":{"name":"Pinarello","id":48749},"dateCreated":"2012-09-14T10:00:00+0000","dateLastTaken":"2021-07-25T19:30:39+0000","latitude":59.316642,"currentOwner":{"name":"immi","id":193940},"name":"KGSickhouse","id":11323,"totalTakeovers":15504,"region":{"country":"se","name":"Örebro","id":131},"pointsPerHour":8,"longitude":14.504073,"takeoverPoints":80},"latitude":59.316642,"currentOwner":{"name":"immi","id":193940},"time":"2021-07-25T19:30:39+0000","type":"takeover","longitude":14.504073},{"zone":{"previousOwner":{"name":"applepip","id":305326},"dateCreated":"2021-03-24T17:00:00+0000","dateLastTaken":"2021-07-25T19:30:34+0000","latitude":57.650613,"currentOwner":{"name":"kcal","id":303236},"name":"MorayRugby","id":394094,"totalTakeovers":74,"region":{"country":"gb","name":"Scotland","id":200},"pointsPerHour":2,"longitude":-3.328532,"takeoverPoints":170},"latitude":57.650613,"currentOwner":{"name":"kcal","id":303236},"time":"2021-07-25T19:30:34+0000","type":"takeover","longitude":-3.328532},{"zone":{"previousOwner":{"name":"Uncouth","id":74248},"dateCreated":"2017-08-19T07:00:00+0000","dateLastTaken":"2021-07-25T19:30:33+0000","latitude":59.842952,"currentOwner":{"name":"sorensan","id":25980},"name":"UnstableZone","id":115860,"totalTakeovers":5638,"region":{"country":"se","name":"Uppsala","id":142},"pointsPerHour":8,"longitude":17.65417,"takeoverPoints":80},"latitude":59.842952,"currentOwner":{"name":"sorensan","id":25980},"time":"2021-07-25T19:30:33+0000","type":"takeover","longitude":17.65417},{"zone":{"previousOwner":{"name":"trevlig","id":278167},"dateCreated":"2013-12-24T16:00:00+0000","dateLastTaken":"2021-07-25T19:30:32+0000","latitude":59.594892,"currentOwner":{"name":"Jonte.r","id":262453},"name":"Brödkorgen","id":24182,"totalTakeovers":13708,"region":{"country":"se","name":"Västmanland","id":143},"pointsPerHour":7,"longitude":16.455087,"takeoverPoints":95},"latitude":59.594892,"currentOwner":{"name":"Jonte.r","id":262453},"time":"2021-07-25T19:30:32+0000","type":"takeover","longitude":16.455087},{"zone":{"previousOwner":{"name":"Tonny","id":257155},"dateCreated":"2019-07-06T22:53:03+0000","dateLastTaken":"2021-07-25T19:30:29+0000","latitude":60.573287,"currentOwner":{"name":"fotominne","id":273615},"name":"Älvbrinken","id":204050,"totalTakeovers":309,"region":{"country":"se","name":"Uppsala","id":142},"pointsPerHour":2,"longitude":17.443413,"takeoverPoints":170},"latitude":60.573287,"currentOwner":{"name":"fotominne","id":273615},"time":"2021-07-25T19:30:29+0000","type":"takeover","longitude":17.443413},{"zone":{"previousOwner":{"name":"Dalbykingen","id":279337},"dateCreated":"2020-02-10T11:30:00+0000","dateLastTaken":"2021-07-25T19:30:25+0000","latitude":55.66512,"currentOwner":{"name":"DuPont76","id":297825},"name":"Polispusslet","id":226001,"totalTakeovers":811,"region":{"country":"se","name":"Skåne","id":135},"pointsPerHour":3,"longitude":13.357599,"takeoverPoints":155},"latitude":55.66512,"currentOwner":{"name":"DuPont76","id":297825},"time":"2021-07-25T19:30:25+0000","type":"takeover","longitude":13.357599},{"zone":{"previousOwner":{"name":"ChronoZ","id":229192},"dateCreated":"2014-08-19T22:26:56+0000","dateLastTaken":"2021-07-25T19:30:20+0000","latitude":64.748021,"currentOwner":{"name":"Sledge","id":241272},"name":"Svedjezon","id":33659,"totalTakeovers":1427,"region":{"country":"se","name":"Västerbotten","id":127},"pointsPerHour":4,"longitude":21.035924,"takeoverPoints":140},"latitude":64.748021,"currentOwner":{"name":"Sledge","id":241272},"time":"2021-07-25T19:30:20+0000","type":"takeover","longitude":21.035924},{"zone":{"previousOwner":{"name":"Pilgrim","id":60557},"dateCreated":"2020-05-19T10:30:00+0000","dateLastTaken":"2021-07-25T19:30:17+0000","latitude":57.806777,"currentOwner":{"name":"Dadeee","id":327379},"name":"Novazonen","id":246959,"totalTakeovers":53,"region":{"country":"se","name":"Västra Götaland","id":132},"pointsPerHour":1,"longitude":12.37359,"takeoverPoints":185},"latitude":57.806777,"currentOwner":{"name":"Dadeee","id":327379},"time":"2021-07-25T19:30:17+0000","type":"takeover","longitude":12.37359},{"zone":{"previousOwner":{"name":"Ingisdsf","id":253034},"dateCreated":"2013-07-29T16:00:00+0000","dateLastTaken":"2021-07-25T19:30:15+0000","latitude":59.238486,"currentOwner":{"name":"Turfarmor","id":166232},"name":"StoraValla","id":20949,"totalTakeovers":4195,"region":{"country":"se","name":"Örebro","id":131},"pointsPerHour":5,"longitude":14.440297,"takeoverPoints":125},"latitude":59.238486,"currentOwner":{"name":"Turfarmor","id":166232},"time":"2021-07-25T19:30:15+0000","type":"takeover","longitude":14.440297},{"zone":{"previousOwner":{"name":"anyontherun","id":185814},"dateCreated":"2015-02-07T18:36:24+0000","dateLastTaken":"2021-07-25T19:30:15+0000","latitude":63.813672,"currentOwner":{"name":"Cykeltalibanen","id":267525},"name":"NabbZone","id":44535,"totalTakeovers":4756,"region":{"country":"se","name":"Västerbotten","id":127},"pointsPerHour":7,"longitude":20.278053,"takeoverPoints":95},"latitude":63.813672,"currentOwner":{"name":"Cykeltalibanen","id":267525},"time":"2021-07-25T19:30:15+0000","type":"takeover","longitude":20.278053},{"zone":{"previousOwner":{"name":"kepsen","id":51326},"dateCreated":"2015-04-03T06:00:00+0000","dateLastTaken":"2021-07-25T19:30:15+0000","latitude":59.629545,"currentOwner":{"name":"MrSnyten","id":271110},"name":"Gruvlave","id":47720,"totalTakeovers":8349,"region":{"country":"se","name":"Västmanland","id":143},"pointsPerHour":7,"longitude":16.479843,"takeoverPoints":95},"latitude":59.629545,"currentOwner":{"name":"MrSnyten","id":271110},"time":"2021-07-25T19:30:15+0000","type":"takeover","longitude":16.479843},{"zone":{"previousOwner":{"name":"Kaktus-Mats","id":61706},"dateCreated":"2012-09-24T22:41:36+0000","dateLastTaken":"2021-07-25T19:30:14+0000","latitude":59.875252,"currentOwner":{"name":"Uncouth","id":74248},"name":"FyrisWalk","id":11499,"totalTakeovers":11421,"region":{"country":"se","name":"Uppsala","id":142},"pointsPerHour":8,"longitude":17.607319,"takeoverPoints":80},"latitude":59.875252,"currentOwner":{"name":"Uncouth","id":74248},"time":"2021-07-25T19:30:14+0000","type":"takeover","longitude":17.607319},{"zone":{"previousOwner":{"name":"death","id":75687},"dateCreated":"2013-05-09T15:45:07+0000","dateLastTaken":"2021-07-25T19:30:12+0000","latitude":56.834951,"currentOwner":{"name":"Stålblå","id":300091},"name":"Ågårdszon","id":18069,"totalTakeovers":4810,"region":{"country":"se","name":"Kronoberg","id":147},"pointsPerHour":4,"longitude":13.946065,"takeoverPoints":140},"latitude":56.834951,"currentOwner":{"name":"Stålblå","id":300091},"time":"2021-07-25T19:30:12+0000","type":"takeover","longitude":13.946065},{"zone":{"previousOwner":{"name":"Katebo","id":176989},"dateCreated":"2014-11-01T09:00:00+0000","dateLastTaken":"2021-07-25T19:30:12+0000","latitude":59.17549,"currentOwner":{"name":"Rod_Polsan","id":129152},"name":"AragornZone","id":41699,"totalTakeovers":3238,"region":{"country":"se","name":"Stockholm","id":141},"pointsPerHour":4,"longitude":18.152043,"takeoverPoints":140},"latitude":59.17549,"currentOwner":{"name":"Rod_Polsan","id":129152},"time":"2021-07-25T19:30:12+0000","type":"takeover","longitude":18.152043}]