[{"zone":{"dateCreated":"2021-07-24T22:51:20+0000","dateLastTaken":"0002-12-02T00:00:00+0000","latitude":57.902193,"name":"MellonUdrigle","id":430543,"totalTakeovers":0,"region":{"country":"gb","name":"Scotland","id":200},"pointsPerHour":1,"longitude":-5.559724,"takeoverPoints":185},"time":"2021-07-24T22:51:20+0000","type":"zone"},{"zone":{"dateCreated":"2021-07-24T22:49:45+0000","dateLastTaken":"0002-12-02T00:00:00+0000","latitude":58.153264,"name":"LochinverWar","id":430542,"totalTakeovers":0,"region":{"country":"gb","name":"Scotland","id":200},"pointsPerHour":1,"longitude":-5.240766,"takeoverPoints":185},"time":"2021-07-24T22:49:45+0000","type":"zone"},{"zone":{"dateCreated":"2021-07-24T19:00:00+0000","dateLastTaken":"0002-12-02T00:00:00+0000","latitude":51.573196,"name":"NorthwickPark","id":430502,"totalTakeovers":0,"region":{"country":"gb","name":"Greater London","id":207},"pointsPerHour":1,"longitude":-0.3105,"takeoverPoints":185},"time":"2021-07-24T19:00:00+0000","type":"zone"},{"zone":{"dateCreated":"2021-07-24T19:00:00+0000","dateLastTaken":"0002-12-02T00:00:00+0000","latitude":51.559166,"name":"ElmsTriangle","id":430512,"totalTakeovers":0,"region":{"country":"gb","name":"Greater London","id":207},"pointsPerHour":1,"longitude":-0.321529,"takeoverPoints":185},"time":"2021-07-24T19:00:00+0000","type":"zone"},{"zone":{"dateCreated":"2021-07-24T19:00:00+0000","dateLastTaken":"0002-12-02T00:00:00+0000","latitude":51.562464,"name":"SudburyHill","id":430510,"totalTakeovers":0,"region":{"country":"gb","name":"Greater London","id":207},"pointsPerHour":1,"longitude":-0.324006,"takeoverPoints":185},"time":"2021-07-24T19:00:00+0000","type":"zone"},{"zone":{"dateCreated":"2021-07-24T19:00:00+0000","dateLastTaken":"0002-12-02T00:00:00+0000","latitude":51.572115,"name":"KeepToPath","id":430507,"totalTakeovers":0,"region":{"country":"gb","name":"Greater London","id":207},"pointsPerHour":1,"longitude":-0.327604,"takeoverPoints":185},"time":"2021-07-24T19:00:00+0000","type":"zone"},{"zone":{"dateCreated":"2021-07-24T19:00:00+0000","dateLastTaken":"0002-12-02T00:00:00+0000","latitude":51.570873,"name":"RailChoice","id":430501,"totalTakeovers":0,"region":{"country":"gb","name":"Greater London","id":207},"pointsPerHour":1,"longitude":-0.308328,"takeoverPoints":185},"time":"2021-07-24T19:00:00+0000","type":"zone"},{"zone":{"dateCreated":"2021-07-24T19:00:00+0000","dateLastTaken":"0002-12-02T00:00:00+0000","latitude":51.552252,"name":"DistrictStars","id":430518,"totalTakeovers":0,"region":{"country":"gb","name":"Greater London","id":207},"pointsPerHour":1,"longitude":-0.319376,"takeoverPoints":185},"time":"2021-07-24T19:00:00+0000","type":"zone"},{"zone":{"dateCreated":"2021-07-24T19:00:00+0000","dateLastTaken":"0002-12-02T00:00:00+0000","latitude":51.566686,"name":"PebworthCres","id":430509,"totalTakeovers":0,"region":{"country":"gb","name":"Greater London","id":207},"pointsPerHour":1,"longitude":-0.328375,"takeoverPoints":185},"time":"2021-07-24T19:00:00+0000","type":"zone"},{"zone":{"dateCreated":"2021-07-24T19:00:00+0000","dateLastTaken":"0002-12-02T00:00:00+0000","latitude":51.574439,"name":"DuckerPath","id":430506,"totalTakeovers":0,"region":{"country":"gb","name":"Greater London","id":207},"pointsPerHour":1,"longitude":-0.323579,"takeoverPoints":185},"time":"2021-07-24T19:00:00+0000","type":"zone"},{"zone":{"dateCreated":"2021-07-24T19:00:00+0000","dateLastTaken":"0002-12-02T00:00:00+0000","latitude":51.573772,"name":"SweetSong","id":430505,"totalTakeovers":0,"region":{"country":"gb","name":"Greater London","id":207},"pointsPerHour":1,"longitude":-0.31608,"takeoverPoints":185},"time":"2021-07-24T19:00:00+0000","type":"zone"},{"zone":{"dateCreated":"2021-07-24T19:00:00+0000","dateLastTaken":"0002-12-02T00:00:00+0000","latitude":51.561285,"name":"AspenDrive","id":430511,"totalTakeovers":0,"region":{"country":"gb","name":"Greater London","id":207},"pointsPerHour":1,"longitude":-0.320629,"takeoverPoints":185},"time":"2021-07-24T19:00:00+0000","type":"zone"},{"zone":{"dateCreated":"2021-07-24T19:00:00+0000","dateLastTaken":"0002-12-02T00:00:00+0000","latitude":51.556267,"name":"ThrowDownThe","id":430516,"totalTakeovers":0,"region":{"country":"gb","name":"Greater London","id":207},"pointsPerHour":1,"longitude":-0.320663,"takeoverPoints":185},"time":"2021-07-24T19:00:00+0000","type":"zone"},{"zone":{"dateCreated":"2021-07-24T19:00:00+0000","dateLastTaken":"0002-12-02T00:00:00+0000","latitude":51.569241,"name":"ToffAlert","id":430508,"totalTakeovers":0,"region":{"country":"gb","name":"Greater London","id":207},"pointsPerHour":1,"longitude":-0.328451,"takeoverPoints":185},"time":"2021-07-24T19:00:00+0000","type":"zone"},{"zone":{"dateCreated":"2021-07-24T19:00:00+0000","dateLastTaken":"0002-12-02T00:00:00+0000","latitude":51.55643,"name":"ButlersGreen","id":430514,"totalTakeovers":0,"region":{"country":"gb","name":"Greater London","id":207},"pointsPerHour":1,"longitude":-0.317487,"takeoverPoints":185},"time":"2021-07-24T19:00:00+0000","type":"zone"},{"zone":{"dateCreated":"2021-07-24T19:00:00+0000","dateLastTaken":"0002-12-02T00:00:00+0000","latitude":51.553286,"name":"PiccadilyBrig","id":430517,"totalTakeovers":0,"region":{"country":"gb","name":"Greater London","id":207},"pointsPerHour":1,"longitude":-0.321983,"takeoverPoints":185},"time":"2021-07-24T19:00:00+0000","type":"zone"},{"zone":{"dateCreated":"2021-07-24T19:00:00+0000","dateLastTaken":"0002-12-02T00:00:00+0000","latitude":51.577746,"name":"ProyersPath","id":430504,"totalTakeovers":0,"region":{"country":"gb","name":"Greater London","id":207},"pointsPerHour":1,"longitude":-0.317785,"takeoverPoints":185},"time":"2021-07-24T19:00:00+0000","type":"zone"},{"zone":{"dateCreated":"2021-07-24T19:00:00+0000","dateLastTaken":"0002-12-02T00:00:00+0000","latitude":51.558858,"name":"GeorgeHarrow","id":430513,"totalTakeovers":0,"region":{"country":"gb","name":"Greater London","id":207},"pointsPerHour":1,"longitude":-0.325642,"takeoverPoints":185},"time":"2021-07-24T19:00:00+0000","type":"zone"},{"zone":{"dateCreated":"2021-07-24T19:00:00+0000","dateLastTaken":"0002-12-02T00:00:00+0000","latitude":51.554529,"name":"FishersPerkin","id":430515,"totalTakeovers":0,"region":{"country":"gb","name":"Greater London","id":207},"pointsPerHour":1,"longitude":-0.318166,"takeoverPoints":185},"time":"2021-07-24T19:00:00+0000","type":"zone"}]