[{"zone":{"previousOwner":{"name":"throkk","id":16063},"dateCreated":"2013-02-25T22:09:34+0000","dateLastTaken":"2021-07-25T23:55:32+0000","latitude":59.86913,"currentOwner":{"name":"fotominne","id":273615},"name":"Portalen","id":15359,"totalTakeovers":12182,"region":{"country":"se","name":"Uppsala","id":142},"pointsPerHour":7,"longitude":17.636083,"takeoverPoints":95},"latitude":59.86913,"currentOwner":{"name":"fotominne","id":273615},"time":"2021-07-25T23:55:32+0000","type":"takeover","longitude":17.636083},{"zone":{"previousOwner":{"name":"0beroff","id":80119},"dateLastTaken":"2021-07-25T23:55:21+0000","latitude":59.333186,"totalTakeovers":12012,"pointsPerHour":8,"takeoverPoints":80,"dateCreated":"2013-02-04T23:26:28+0000","currentOwner":{"name":"newgirl76","id":335633},"name":"OscarsKyrka","id":14607,"region":{"country":"se","name":"Stockholm","id":141},"longitude":18.093424},"latitude":59.333186,"currentOwner":{"name":"newgirl76","id":335633},"time":"2021-07-25T23:55:21+0000","type":"takeover","longitude":18.093424},{"zone":{"previousOwner":{"name":"flädern:-)","id":69001},"dateCreated":"2012-09-19T07:32:14+0000","dateLastTaken":"2021-07-25T23:55:17+0000","latitude":59.922324,"currentOwner":{"name":"Caisesiume","id":40432},"name":"KingsCorner","id":11400,"totalTakeovers":12477,"region":{"country":"se","name":"Västmanland","id":143},"pointsPerHour":6,"longitude":16.604208,"takeoverPoints":110},"latitude":59.922324,"currentOwner":{"name":"Caisesiume","id":40432},"time":"2021-07-25T23:55:17+0000","type":"takeover","longitude":16.604208},{"zone":{"previousOwner":{"name":"TommyH","id":264839},"dateCreated":"2014-05-16T21:49:52+0000","dateLastTaken":"2021-07-25T23:54:47+0000","latitude":67.134887,"currentOwner":{"name":"NixQ2","id":76139},"name":"Sjökanten","id":29345,"totalTakeovers":5015,"region":{"country":"se","name":"Norrbotten","id":126},"pointsPerHour":5,"longitude":20.670889,"takeoverPoints":125},"latitude":67.134887,"currentOwner":{"name":"NixQ2","id":76139},"time":"2021-07-25T23:54:47+0000","type":"takeover","longitude":20.670889},{"zone":{"previousOwner":{"name":"missturfcam","id":256836},"dateLastTaken":"2021-07-25T23:54:08+0000","latitude":59.865529,"totalTakeovers":21145,"pointsPerHour":9,"takeoverPoints":65,"dateCreated":"2012-10-09T23:06:35+0000","currentOwner":{"name":"fotominne","id":273615},"name":"RåaBron","id":11664,"region":{"country":"se","name":"Uppsala","id":142},"longitude":17.636346},"latitude":59.865529,"currentOwner":{"name":"fotominne","id":273615},"time":"2021-07-25T23:54:08+0000","type":"takeover","longitude":17.636346},{"zone":{"previousOwner":{"name":"bedvard50","id":236755},"dateLastTaken":"2021-07-25T23:53:56+0000","latitude":59.925184,"totalTakeovers":13329,"pointsPerHour":7,"takeoverPoints":95,"dateCreated":"2011-01-07T10:05:01+0000","currentOwner":{"name":"Caisesiume","id":40432},"name":"SalaStation","id":1283,"region":{"country":"se","name":"Västmanland","id":143},"longitude":16.60618},"latitude":59.925184,"currentOwner":{"name":"Caisesiume","id":40432},"time":"2021-07-25T23:53:56+0000","type":"takeover","longitude":16.60618},{"zone":{"previousOwner":{"name":"TommyH","id":264839},"dateCreated":"2011-04-28T12:36:38+0000","dateLastTaken":"2021-07-25T23:53:07+0000","latitude":67.137079,"currentOwner":{"name":"NixQ2","id":76139},"name":"PoppyZone","id":1640,"totalTakeovers":4068,"region":{"country":"se","name":"Norrbotten","id":126},"pointsPerHour":4,"longitude":20.672705,"takeoverPoints":140},"latitude":67.137079,"currentOwner":{"name":"NixQ2","id":76139},"time":"2021-07-25T23:53:07+0000","type":"takeover","longitude":20.672705},{"zone":{"previousOwner":{"name":"0beroff","id":80119},"dateCreated":"2015-01-31T13:15:00+0000","dateLastTaken":"2021-07-25T23:52:40+0000","latitude":59.349049,"currentOwner":{"name":"0beroff","id":80119},"name":"RödaBerget","id":44275,"totalTakeovers":5135,"region":{"country":"se","name":"Stockholm","id":141},"pointsPerHour":7,"longitude":18.042949,"takeoverPoints":95},"latitude":59.349049,"currentOwner":{"name":"0beroff","id":80119},"time":"2021-07-25T23:52:40+0000","type":"takeover","longitude":18.042949},{"zone":{"previousOwner":{"name":"flädern:-)","id":69001},"dateCreated":"2014-06-03T10:14:17+0000","dateLastTaken":"2021-07-25T23:52:37+0000","latitude":59.924053,"currentOwner":{"name":"Caisesiume","id":40432},"name":"SalaShady","id":31064,"totalTakeovers":9494,"region":{"country":"se","name":"Västmanland","id":143},"pointsPerHour":6,"longitude":16.600982,"takeoverPoints":110},"latitude":59.924053,"currentOwner":{"name":"Caisesiume","id":40432},"time":"2021-07-25T23:52:37+0000","type":"takeover","longitude":16.600982},{"zone":{"previousOwner":{"name":"missturfcam","id":256836},"dateCreated":"2014-05-06T15:30:00+0000","dateLastTaken":"2021-07-25T23:52:21+0000","latitude":59.863451,"currentOwner":{"name":"fotominne","id":273615},"name":"ÖsterplanII","id":28892,"totalTakeovers":22121,"region":{"country":"se","name":"Uppsala","id":142},"pointsPerHour":9,"longitude":17.638676,"takeoverPoints":65},"latitude":59.863451,"currentOwner":{"name":"fotominne","id":273615},"time":"2021-07-25T23:52:21+0000","type":"takeover","longitude":17.638676},{"zone":{"previousOwner":{"name":"Fenrisulven","id":14493},"dateCreated":"2020-08-22T19:28:36+0000","dateLastTaken":"2021-07-25T23:52:13+0000","latitude":58.386106,"currentOwner":{"name":"Paavi","id":141708},"name":"VallaAxet","id":319169,"totalTakeovers":210,"region":{"country":"se","name":"Västra Götaland","id":132},"pointsPerHour":4,"longitude":13.45062,"takeoverPoints":140},"latitude":58.386106,"currentOwner":{"name":"Paavi","id":141708},"time":"2021-07-25T23:52:13+0000","type":"takeover","longitude":13.45062},{"zone":{"previousOwner":{"name":"flädern:-)","id":69001},"dateLastTaken":"2021-07-25T23:51:39+0000","latitude":59.922504,"totalTakeovers":10725,"pointsPerHour":6,"takeoverPoints":110,"dateCreated":"2012-09-19T07:17:16+0000","currentOwner":{"name":"Caisesiume","id":40432},"name":"Footbridge","id":11395,"region":{"country":"se","name":"Västmanland","id":143},"longitude":16.600318},"latitude":59.922504,"currentOwner":{"name":"Caisesiume","id":40432},"time":"2021-07-25T23:51:39+0000","type":"takeover","longitude":16.600318},{"zone":{"previousOwner":{"name":"TurfPiggies","id":335975},"dateCreated":"2012-04-15T22:02:29+0000","dateLastTaken":"2021-07-25T23:51:35+0000","latitude":59.347002,"currentOwner":{"name":"0beroff","id":80119},"name":"Västeråsgatan","id":8238,"totalTakeovers":10379,"region":{"country":"se","name":"Stockholm","id":141},"pointsPerHour":8,"longitude":18.044161,"takeoverPoints":80},"latitude":59.347002,"currentOwner":{"name":"0beroff","id":80119},"time":"2021-07-25T23:51:35+0000","type":"takeover","longitude":18.044161},{"zone":{"previousOwner":{"name":"P3TTER","id":124570},"dateCreated":"2012-10-03T01:05:17+0000","dateLastTaken":"2021-07-25T23:51:07+0000","latitude":59.946967,"currentOwner":{"name":"mammaengel","id":334712},"name":"Preben","id":11624,"totalTakeovers":3391,"region":{"country":"se","name":"Uppsala","id":142},"pointsPerHour":2,"longitude":17.537847,"takeoverPoints":170},"latitude":59.946967,"currentOwner":{"name":"mammaengel","id":334712},"time":"2021-07-25T23:51:07+0000","type":"takeover","longitude":17.537847},{"zone":{"previousOwner":{"name":"missturfcam","id":256836},"dateCreated":"2012-03-21T08:47:54+0000","dateLastTaken":"2021-07-25T23:50:44+0000","latitude":59.861915,"currentOwner":{"name":"fotominne","id":273615},"name":"Österplan","id":7246,"totalTakeovers":30078,"region":{"country":"se","name":"Uppsala","id":142},"pointsPerHour":9,"longitude":17.641397,"takeoverPoints":65},"latitude":59.861915,"currentOwner":{"name":"fotominne","id":273615},"time":"2021-07-25T23:50:44+0000","type":"takeover","longitude":17.641397},{"zone":{"previousOwner":{"name":"TurfPiggies","id":335975},"dateCreated":"2015-08-28T15:53:20+0000","dateLastTaken":"2021-07-25T23:50:28+0000","latitude":59.345929,"currentOwner":{"name":"0beroff","id":80119},"name":"Enkehusparken","id":56770,"totalTakeovers":6488,"region":{"country":"se","name":"Stockholm","id":141},"pointsPerHour":8,"longitude":18.046649,"takeoverPoints":80},"latitude":59.345929,"currentOwner":{"name":"0beroff","id":80119},"time":"2021-07-25T23:50:28+0000","type":"takeover","longitude":18.046649}]