[{"medal":31,"time":"2021-07-24T11:11:24+0000","type":"medal","user":{"country":"uk","medals":[51,92,31],"zones":[400535,347060,138561,400546,347057,398400,347059,347058,296094],"pointsPerHour":0,"points":6685,"blocktime":11,"taken":25,"name":"taysidefrog","totalPoints":6685,"rank":7,"id":334921,"place":7143,"uniqueZonesTaken":21,"region":{"name":"Scotland","id":200}}},{"medal":33,"time":"2021-07-24T11:11:06+0000","type":"medal","user":{"country":"se","medals":[52,90,71,93,13,33],"zones":[27716,23877,27718,45065,45068,31628,31629,36750,45070,69007,149201,16532,136342,42965,42966,96854,7962,7963,7964,7968,7969,54882,94818,30188,22772,138106,178232,285051],"pointsPerHour":0,"points":22752,"blocktime":14,"taken":500,"name":"Mewa","totalPoints":91695,"rank":19,"id":298510,"place":7143,"uniqueZonesTaken":350,"region":{"name":"Södermanland","id":140}}},{"sender":{"country":"se","medals":[16,9,67,56,70,27,4,24,7,24,94,79,97,48,126,123,15,107,72,41,83],"zones":[8080,42688,8082,1730,27908,11637,11638,28845,7695,122862],"pointsPerHour":58,"points":152624,"blocktime":22,"taken":27202,"name":"MrTJ","totalPoints":4732444,"rank":49,"id":51633,"place":225,"uniqueZonesTaken":1044,"region":{"name":"Västerbotten","id":127}},"time":"2021-07-24T11:05:11+0000","message":"bore: Har du kommit över trippel B:s manus😂","region":{"name":"Västerbotten","id":127},"type":"chat"}]