[{"zone":{"previousOwner":{"name":"Snabelanna","id":27629},"dateCreated":"2013-12-24T11:00:00+0000","dateLastTaken":"2021-07-24T17:47:35+0000","latitude":56.711715,"currentOwner":{"name":"Froda","id":74168},"name":"OnYourWay","id":24198,"totalTakeovers":3760,"region":{"country":"se","name":"Kalmar","id":137},"pointsPerHour":5,"longitude":16.316249,"takeoverPoints":125},"latitude":56.711715,"currentOwner":{"name":"Froda","id":74168},"time":"2021-07-24T17:47:35+0000","type":"takeover","longitude":16.316249},{"zone":{"previousOwner":{"name":"Assa1","id":192673},"dateCreated":"2020-05-21T00:53:19+0000","dateLastTaken":"2021-07-24T17:47:33+0000","latitude":56.670981,"currentOwner":{"name":"westervik","id":112443},"name":"Svaneberg","id":298527,"totalTakeovers":515,"region":{"country":"se","name":"Kalmar","id":137},"pointsPerHour":4,"longitude":16.312749,"takeoverPoints":140},"latitude":56.670981,"currentOwner":{"name":"westervik","id":112443},"time":"2021-07-24T17:47:33+0000","type":"takeover","longitude":16.312749},{"zone":{"previousOwner":{"name":"TheBigBopper","id":51999},"dateCreated":"2017-12-24T13:59:00+0000","dateLastTaken":"2021-07-24T17:47:29+0000","latitude":56.667525,"currentOwner":{"name":"Stmf","id":311799},"name":"Julpromenaden","id":138514,"totalTakeovers":1885,"region":{"country":"se","name":"Halland","id":134},"pointsPerHour":5,"longitude":12.857456,"takeoverPoints":125},"latitude":56.667525,"currentOwner":{"name":"Stmf","id":311799},"time":"2021-07-24T17:47:29+0000","type":"takeover","longitude":12.857456},{"zone":{"previousOwner":{"name":"Ruotsi","id":253387},"dateCreated":"2018-05-12T21:28:30+0000","dateLastTaken":"2021-07-24T17:47:28+0000","latitude":59.694501,"currentOwner":{"name":"Ruotsi","id":253387},"name":"ClockCottage","id":148857,"totalTakeovers":1150,"region":{"country":"se","name":"Västmanland","id":143},"pointsPerHour":3,"longitude":16.231507,"takeoverPoints":155},"latitude":59.694501,"currentOwner":{"name":"Ruotsi","id":253387},"time":"2021-07-24T17:47:28+0000","type":"takeover","longitude":16.231507},{"zone":{"previousOwner":{"name":"VildeVik","id":102408},"dateCreated":"2015-07-09T15:20:00+0000","dateLastTaken":"2021-07-24T17:47:28+0000","latitude":59.338204,"currentOwner":{"name":"Blodgivare","id":263729},"name":"Fjärilsudden","id":55676,"totalTakeovers":5637,"region":{"country":"se","name":"Örebro","id":131},"pointsPerHour":5,"longitude":14.536691,"takeoverPoints":125},"latitude":59.338204,"currentOwner":{"name":"Blodgivare","id":263729},"time":"2021-07-24T17:47:28+0000","type":"takeover","longitude":14.536691},{"zone":{"previousOwner":{"name":"Mr.Strike","id":111064},"dateCreated":"2014-01-29T23:00:00+0000","dateLastTaken":"2021-07-24T17:47:28+0000","latitude":59.062775,"currentOwner":{"name":"Masken68","id":227013},"name":"HallsEgnahem","id":25258,"totalTakeovers":2718,"region":{"country":"se","name":"Örebro","id":131},"pointsPerHour":4,"longitude":15.091552,"takeoverPoints":140},"latitude":59.062775,"currentOwner":{"name":"Masken68","id":227013},"time":"2021-07-24T17:47:28+0000","type":"takeover","longitude":15.091552},{"zone":{"previousOwner":{"name":"cloudwalker","id":137961},"dateCreated":"2016-12-04T07:00:00+0000","dateLastTaken":"2021-07-24T17:47:28+0000","latitude":55.429715,"currentOwner":{"name":"alsawe30","id":305201},"name":"NavyZone","id":91850,"totalTakeovers":983,"region":{"country":"se","name":"Skåne","id":135},"pointsPerHour":3,"longitude":13.799367,"takeoverPoints":155},"latitude":55.429715,"currentOwner":{"name":"alsawe30","id":305201},"time":"2021-07-24T17:47:28+0000","type":"takeover","longitude":13.799367},{"zone":{"previousOwner":{"name":"Ludovico","id":27680},"dateCreated":"2017-08-22T19:29:58+0000","dateLastTaken":"2021-07-24T17:47:27+0000","latitude":59.378389,"currentOwner":{"name":"stassa83","id":166344},"name":"Björnboda","id":117728,"totalTakeovers":3156,"region":{"country":"se","name":"Stockholm","id":141},"pointsPerHour":5,"longitude":17.848961,"takeoverPoints":125},"latitude":59.378389,"currentOwner":{"name":"stassa83","id":166344},"time":"2021-07-24T17:47:27+0000","type":"takeover","longitude":17.848961},{"zone":{"previousOwner":{"name":"Moi2021","id":327456},"dateCreated":"2017-04-06T11:00:00+0000","dateLastTaken":"2021-07-24T17:47:23+0000","latitude":59.401056,"currentOwner":{"name":"0beroff","id":80119},"name":"TorsHus","id":97839,"totalTakeovers":3089,"region":{"country":"se","name":"Stockholm","id":141},"pointsPerHour":5,"longitude":17.967253,"takeoverPoints":125},"latitude":59.401056,"currentOwner":{"name":"0beroff","id":80119},"time":"2021-07-24T17:47:23+0000","type":"takeover","longitude":17.967253},{"zone":{"previousOwner":{"name":"Blodgivare","id":263729},"dateCreated":"2013-10-30T15:00:00+0000","dateLastTaken":"2021-07-24T17:47:20+0000","latitude":59.332569,"currentOwner":{"name":"VildeVik","id":102408},"name":"BergmanBastu","id":22517,"totalTakeovers":8662,"region":{"country":"se","name":"Örebro","id":131},"pointsPerHour":6,"longitude":14.525185,"takeoverPoints":110},"latitude":59.332569,"currentOwner":{"name":"VildeVik","id":102408},"time":"2021-07-24T17:47:20+0000","type":"takeover","longitude":14.525185},{"zone":{"previousOwner":{"name":"bacchus_","id":225941},"dateCreated":"2014-08-20T16:00:00+0000","dateLastTaken":"2021-07-24T17:47:19+0000","latitude":59.578197,"currentOwner":{"name":"-SORTSIUS-","id":333084},"name":"KulIMotvind","id":33682,"totalTakeovers":5458,"region":{"country":"se","name":"Västmanland","id":143},"pointsPerHour":6,"longitude":16.517698,"takeoverPoints":110},"latitude":59.578197,"currentOwner":{"name":"-SORTSIUS-","id":333084},"time":"2021-07-24T17:47:19+0000","type":"takeover","longitude":16.517698},{"zone":{"previousOwner":{"name":"Cookie75","id":57237},"dateCreated":"2014-05-31T21:00:00+0000","dateLastTaken":"2021-07-24T17:47:17+0000","latitude":59.757462,"currentOwner":{"name":"capri","id":186499},"name":"Societeten","id":30894,"totalTakeovers":2065,"region":{"country":"se","name":"Stockholm","id":141},"pointsPerHour":6,"longitude":18.709433,"takeoverPoints":110},"latitude":59.757462,"currentOwner":{"name":"capri","id":186499},"time":"2021-07-24T17:47:17+0000","type":"takeover","longitude":18.709433},{"zone":{"previousOwner":{"name":"Chrillewille","id":273241},"dateCreated":"2016-02-21T18:40:13+0000","dateLastTaken":"2021-07-24T17:47:14+0000","latitude":59.595498,"currentOwner":{"name":"bacchus_","id":225941},"name":"Bajenrampen","id":63743,"totalTakeovers":8512,"region":{"country":"se","name":"Västmanland","id":143},"pointsPerHour":7,"longitude":16.502928,"takeoverPoints":95},"latitude":59.595498,"currentOwner":{"name":"bacchus_","id":225941},"time":"2021-07-24T17:47:14+0000","type":"takeover","longitude":16.502928},{"zone":{"previousOwner":{"name":"Alcam","id":297726},"dateCreated":"2021-03-16T15:16:20+0000","dateLastTaken":"2021-07-24T17:47:14+0000","latitude":58.98196,"currentOwner":{"name":"Rooffiddler","id":188291},"name":"Billingepark","id":393251,"totalTakeovers":49,"region":{"country":"se","name":"Västra Götaland","id":132},"pointsPerHour":1,"longitude":12.241291,"takeoverPoints":185},"latitude":58.98196,"currentOwner":{"name":"Rooffiddler","id":188291},"time":"2021-07-24T17:47:14+0000","type":"takeover","longitude":12.241291},{"zone":{"previousOwner":{"name":"Mr.Wilson","id":240644},"dateCreated":"2017-07-10T12:18:44+0000","dateLastTaken":"2021-07-24T17:47:14+0000","latitude":55.37935,"currentOwner":{"name":"sara","id":67927},"name":"Syllen","id":115331,"totalTakeovers":541,"region":{"country":"se","name":"Skåne","id":135},"pointsPerHour":2,"longitude":13.185651,"takeoverPoints":170},"latitude":55.37935,"currentOwner":{"name":"sara","id":67927},"time":"2021-07-24T17:47:14+0000","type":"takeover","longitude":13.185651},{"zone":{"previousOwner":{"name":"Ramsey11","id":115036},"dateLastTaken":"2021-07-24T17:47:13+0000","latitude":55.608109,"totalTakeovers":12289,"pointsPerHour":6,"takeoverPoints":110,"dateCreated":"2010-09-30T22:00:02+0000","currentOwner":{"name":"R@W","id":15754},"name":"TullBridge","id":987,"region":{"country":"se","name":"Skåne","id":135},"longitude":13.013241},"latitude":55.608109,"currentOwner":{"name":"R@W","id":15754},"time":"2021-07-24T17:47:13+0000","type":"takeover","longitude":13.013241},{"zone":{"previousOwner":{"name":"Fe4sen","id":138381},"dateCreated":"2013-06-18T07:32:55+0000","dateLastTaken":"2021-07-24T17:47:11+0000","latitude":59.817141,"currentOwner":{"name":"andraannanaser","id":304705},"name":"AntWalkZone","id":20338,"totalTakeovers":10684,"region":{"country":"se","name":"Uppsala","id":142},"pointsPerHour":6,"longitude":17.689045,"takeoverPoints":110},"latitude":59.817141,"currentOwner":{"name":"andraannanaser","id":304705},"time":"2021-07-24T17:47:11+0000","type":"takeover","longitude":17.689045},{"zone":{"previousOwner":{"name":"Trazze","id":128599},"dateCreated":"2014-12-14T20:00:00+0000","dateLastTaken":"2021-07-24T17:47:06+0000","latitude":57.913328,"currentOwner":{"name":"AnneliCH","id":186304},"name":"HaboSlätt","id":42728,"totalTakeovers":1552,"region":{"country":"se","name":"Jönköping","id":133},"pointsPerHour":2,"longitude":14.097252,"takeoverPoints":170},"latitude":57.913328,"currentOwner":{"name":"AnneliCH","id":186304},"time":"2021-07-24T17:47:06+0000","type":"takeover","longitude":14.097252},{"zone":{"previousOwner":{"name":"Holmkil","id":252224},"dateCreated":"2021-05-09T21:01:43+0000","dateLastTaken":"2021-07-24T17:47:06+0000","latitude":58.425369,"currentOwner":{"name":"recycling","id":79989},"name":"LedMigHem","id":409329,"totalTakeovers":130,"region":{"country":"se","name":"Östergötland","id":139},"pointsPerHour":4,"longitude":15.559774,"takeoverPoints":140},"latitude":58.425369,"currentOwner":{"name":"recycling","id":79989},"time":"2021-07-24T17:47:06+0000","type":"takeover","longitude":15.559774},{"zone":{"previousOwner":{"name":"vildapeln","id":317420},"dateLastTaken":"2021-07-24T17:47:05+0000","latitude":57.714612,"totalTakeovers":1476,"pointsPerHour":7,"takeoverPoints":95,"dateCreated":"2019-11-21T13:34:50+0000","currentOwner":{"name":"Badbalja","id":44507},"name":"Gravallvar","id":223197,"region":{"country":"se","name":"Västra Götaland","id":132},"longitude":12.007345},"latitude":57.714612,"currentOwner":{"name":"Badbalja","id":44507},"time":"2021-07-24T17:47:05+0000","type":"takeover","longitude":12.007345},{"zone":{"previousOwner":{"name":"bacchus_","id":225941},"dateCreated":"2015-08-16T20:00:00+0000","dateLastTaken":"2021-07-24T17:46:58+0000","latitude":59.598374,"currentOwner":{"name":"carinn","id":117795},"name":"SliceOFish","id":56147,"totalTakeovers":9283,"region":{"country":"se","name":"Västmanland","id":143},"pointsPerHour":7,"longitude":16.609689,"takeoverPoints":95},"latitude":59.598374,"currentOwner":{"name":"carinn","id":117795},"time":"2021-07-24T17:46:58+0000","type":"takeover","longitude":16.609689},{"zone":{"previousOwner":{"name":"Blodgivare","id":263729},"dateCreated":"2013-07-29T16:00:00+0000","dateLastTaken":"2021-07-24T17:46:57+0000","latitude":59.325008,"currentOwner":{"name":"Packo","id":8147},"name":"FolketsSkoga","id":20950,"totalTakeovers":13987,"region":{"country":"se","name":"Örebro","id":131},"pointsPerHour":7,"longitude":14.517828,"takeoverPoints":95},"latitude":59.325008,"currentOwner":{"name":"Packo","id":8147},"time":"2021-07-24T17:46:57+0000","type":"takeover","longitude":14.517828},{"zone":{"previousOwner":{"name":"öebbutten","id":67070},"dateCreated":"2011-01-07T10:06:16+0000","dateLastTaken":"2021-07-24T17:46:57+0000","latitude":59.920623,"currentOwner":{"name":"gregga","id":232882},"name":"Lundbergs","id":1284,"totalTakeovers":11567,"region":{"country":"se","name":"Västmanland","id":143},"pointsPerHour":6,"longitude":16.599159,"takeoverPoints":110},"latitude":59.920623,"currentOwner":{"name":"gregga","id":232882},"time":"2021-07-24T17:46:57+0000","type":"takeover","longitude":16.599159},{"zone":{"previousOwner":{"name":"Snabelanna","id":27629},"dateCreated":"2014-12-24T14:00:00+0000","dateLastTaken":"2021-07-24T17:46:56+0000","latitude":56.665623,"currentOwner":{"name":"GW007","id":77704},"name":"Vesholm","id":42465,"totalTakeovers":5768,"region":{"country":"se","name":"Kalmar","id":137},"pointsPerHour":6,"longitude":16.316084,"takeoverPoints":110},"latitude":56.665623,"currentOwner":{"name":"GW007","id":77704},"time":"2021-07-24T17:46:56+0000","type":"takeover","longitude":16.316084},{"zone":{"previousOwner":{"name":"Bitterman","id":115759},"dateCreated":"2010-10-12T00:00:00+0000","dateLastTaken":"2021-07-24T17:46:51+0000","latitude":63.820727,"currentOwner":{"name":"LeiLar","id":34920},"name":"BehindTrees","id":1002,"totalTakeovers":31044,"region":{"country":"se","name":"Västerbotten","id":127},"pointsPerHour":9,"longitude":20.304897,"takeoverPoints":65},"latitude":63.820727,"currentOwner":{"name":"LeiLar","id":34920},"time":"2021-07-24T17:46:51+0000","type":"takeover","longitude":20.304897},{"zone":{"previousOwner":{"name":"DrDope","id":297817},"dateCreated":"2017-01-28T09:00:02+0000","dateLastTaken":"2021-07-24T17:46:46+0000","latitude":57.444935,"currentOwner":{"name":"Topsyturfy","id":298314},"name":"Dufftown","id":94921,"totalTakeovers":45,"region":{"country":"gb","name":"Scotland","id":200},"pointsPerHour":1,"longitude":-3.12841,"takeoverPoints":185},"latitude":57.444935,"currentOwner":{"name":"Topsyturfy","id":298314},"time":"2021-07-24T17:46:46+0000","type":"takeover","longitude":-3.12841},{"zone":{"previousOwner":{"name":"Engdod","id":300976},"dateCreated":"2013-04-23T10:49:25+0000","dateLastTaken":"2021-07-24T17:46:44+0000","latitude":58.752122,"currentOwner":{"name":"galax","id":57332},"name":"NykWalk","id":17368,"totalTakeovers":15639,"region":{"country":"se","name":"Södermanland","id":140},"pointsPerHour":8,"longitude":17.005188,"takeoverPoints":80},"latitude":58.752122,"currentOwner":{"name":"galax","id":57332},"time":"2021-07-24T17:46:44+0000","type":"takeover","longitude":17.005188},{"zone":{"previousOwner":{"name":"Katebo","id":176989},"dateCreated":"2014-11-01T09:00:00+0000","dateLastTaken":"2021-07-24T17:46:44+0000","latitude":59.16935,"currentOwner":{"name":"Jaderäven","id":132318},"name":"SarumanZone","id":41695,"totalTakeovers":6155,"region":{"country":"se","name":"Stockholm","id":141},"pointsPerHour":5,"longitude":18.147254,"takeoverPoints":125},"latitude":59.16935,"currentOwner":{"name":"Jaderäven","id":132318},"time":"2021-07-24T17:46:44+0000","type":"takeover","longitude":18.147254},{"zone":{"previousOwner":{"name":"vinzon","id":187615},"dateCreated":"2016-04-13T20:30:06+0000","dateLastTaken":"2021-07-24T17:46:43+0000","latitude":58.996379,"currentOwner":{"name":"vindturf","id":118672},"name":"Högmossezon","id":65975,"totalTakeovers":1883,"region":{"country":"se","name":"Södermanland","id":140},"pointsPerHour":3,"longitude":16.174795,"takeoverPoints":155},"latitude":58.996379,"currentOwner":{"name":"vindturf","id":118672},"time":"2021-07-24T17:46:43+0000","type":"takeover","longitude":16.174795},{"zone":{"previousOwner":{"name":"legal","id":75820},"dateCreated":"2020-07-28T14:29:18+0000","dateLastTaken":"2021-07-24T17:46:43+0000","latitude":63.159295,"currentOwner":{"name":"Pappamogge","id":93779},"name":"Odenkorset","id":318444,"totalTakeovers":1195,"region":{"country":"se","name":"Jämtland","id":128},"pointsPerHour":6,"longitude":14.685063,"takeoverPoints":110},"latitude":63.159295,"currentOwner":{"name":"Pappamogge","id":93779},"time":"2021-07-24T17:46:43+0000","type":"takeover","longitude":14.685063},{"zone":{"previousOwner":{"name":"North_Wing","id":314262},"dateCreated":"2020-08-24T07:00:00+0000","dateLastTaken":"2021-07-24T17:46:41+0000","latitude":56.059001,"currentOwner":{"name":"DoodleDad","id":311442},"name":"MilseyBay","id":321459,"totalTakeovers":435,"region":{"country":"gb","name":"Scotland","id":200},"pointsPerHour":3,"longitude":-2.713708,"takeoverPoints":155},"latitude":56.059001,"currentOwner":{"name":"DoodleDad","id":311442},"time":"2021-07-24T17:46:41+0000","type":"takeover","longitude":-2.713708},{"zone":{"previousOwner":{"name":"Sn0trik","id":301404},"dateCreated":"2019-11-15T08:00:00+0000","dateLastTaken":"2021-07-24T17:46:34+0000","latitude":67.149384,"currentOwner":{"name":"Sn0trik","id":301404},"name":"Triangelvägen","id":223152,"totalTakeovers":507,"region":{"country":"se","name":"Norrbotten","id":126},"pointsPerHour":3,"longitude":20.646898,"takeoverPoints":155},"latitude":67.149384,"currentOwner":{"name":"Sn0trik","id":301404},"time":"2021-07-24T17:46:34+0000","type":"takeover","longitude":20.646898},{"zone":{"previousOwner":{"name":"TheBigBopper","id":51999},"dateCreated":"2013-07-21T18:12:10+0000","dateLastTaken":"2021-07-24T17:46:31+0000","latitude":56.669517,"currentOwner":{"name":"Stmf","id":311799},"name":"StrawByWater","id":20885,"totalTakeovers":4806,"region":{"country":"se","name":"Halland","id":134},"pointsPerHour":5,"longitude":12.857684,"takeoverPoints":125},"latitude":56.669517,"currentOwner":{"name":"Stmf","id":311799},"time":"2021-07-24T17:46:31+0000","type":"takeover","longitude":12.857684},{"zone":{"previousOwner":{"name":"TompaBoy51","id":65370},"dateCreated":"2019-08-09T10:30:00+0000","dateLastTaken":"2021-07-24T17:46:28+0000","latitude":57.734804,"currentOwner":{"name":"Standard","id":124526},"name":"Backhopparen","id":204188,"totalTakeovers":1344,"region":{"country":"se","name":"Kalmar","id":137},"pointsPerHour":4,"longitude":16.643645,"takeoverPoints":140},"latitude":57.734804,"currentOwner":{"name":"Standard","id":124526},"time":"2021-07-24T17:46:28+0000","type":"takeover","longitude":16.643645},{"zone":{"previousOwner":{"name":"karham","id":311208},"dateCreated":"2013-07-02T20:43:29+0000","dateLastTaken":"2021-07-24T17:46:26+0000","latitude":58.512489,"currentOwner":{"name":"SunnivaA","id":254819},"name":"Chokladparken","id":20573,"totalTakeovers":1807,"region":{"country":"se","name":"Östergötland","id":139},"pointsPerHour":3,"longitude":15.501236,"takeoverPoints":155},"latitude":58.512489,"currentOwner":{"name":"SunnivaA","id":254819},"time":"2021-07-24T17:46:26+0000","type":"takeover","longitude":15.501236},{"zone":{"previousOwner":{"name":"VNV_Legion","id":69470},"dateCreated":"2014-08-25T18:35:00+0000","dateLastTaken":"2021-07-24T17:46:25+0000","latitude":60.89238,"currentOwner":{"name":"Mach1","id":69871},"name":"Ängsåszon","id":33761,"totalTakeovers":1233,"region":{"country":"se","name":"Dalarna","id":129},"pointsPerHour":1,"longitude":15.12822,"takeoverPoints":185},"latitude":60.89238,"currentOwner":{"name":"Mach1","id":69871},"time":"2021-07-24T17:46:25+0000","type":"takeover","longitude":15.12822},{"zone":{"previousOwner":{"name":"CycloConverter","id":169861},"dateLastTaken":"2021-07-24T17:46:19+0000","latitude":59.598428,"totalTakeovers":2880,"pointsPerHour":6,"takeoverPoints":110,"dateCreated":"2013-09-18T15:00:00+0000","currentOwner":{"name":"ami68","id":167440},"name":"IrstaChurch","id":21751,"region":{"country":"se","name":"Västmanland","id":143},"longitude":16.705912},"latitude":59.598428,"currentOwner":{"name":"ami68","id":167440},"time":"2021-07-24T17:46:19+0000","type":"takeover","longitude":16.705912},{"zone":{"previousOwner":{"name":"Pellonen73","id":243217},"dateCreated":"2014-05-29T22:22:40+0000","dateLastTaken":"2021-07-24T17:46:18+0000","latitude":59.850791,"currentOwner":{"name":"Kaktus-Mats","id":61706},"name":"VemSkrek","id":30800,"totalTakeovers":5540,"region":{"country":"se","name":"Uppsala","id":142},"pointsPerHour":5,"longitude":17.590148,"takeoverPoints":125},"latitude":59.850791,"currentOwner":{"name":"Kaktus-Mats","id":61706},"time":"2021-07-24T17:46:18+0000","type":"takeover","longitude":17.590148},{"zone":{"previousOwner":{"name":"lönnen","id":174989},"dateCreated":"2018-04-26T05:00:00+0000","dateLastTaken":"2021-07-24T17:46:17+0000","latitude":58.495219,"currentOwner":{"name":"mmajjalish","id":53117},"name":"SöderSol","id":145045,"totalTakeovers":836,"region":{"country":"se","name":"Västra Götaland","id":132},"pointsPerHour":4,"longitude":13.157421,"takeoverPoints":140},"latitude":58.495219,"currentOwner":{"name":"mmajjalish","id":53117},"time":"2021-07-24T17:46:17+0000","type":"takeover","longitude":13.157421},{"zone":{"previousOwner":{"name":"GCN","id":95999},"dateCreated":"2013-10-30T15:00:00+0000","dateLastTaken":"2021-07-24T17:46:15+0000","latitude":59.342996,"currentOwner":{"name":"AnanasPåPizza","id":336080},"name":"Gunillaboll","id":22519,"totalTakeovers":2384,"region":{"country":"se","name":"Örebro","id":131},"pointsPerHour":4,"longitude":14.567126,"takeoverPoints":140},"latitude":59.342996,"currentOwner":{"name":"AnanasPåPizza","id":336080},"time":"2021-07-24T17:46:15+0000","type":"takeover","longitude":14.567126},{"zone":{"previousOwner":{"name":"mer","id":168036},"dateCreated":"2017-07-26T13:31:59+0000","dateLastTaken":"2021-07-24T17:46:14+0000","latitude":56.910302,"currentOwner":{"name":"OldKing","id":153344},"name":"Falkagård","id":115737,"totalTakeovers":506,"region":{"country":"se","name":"Halland","id":134},"pointsPerHour":1,"longitude":12.477391,"takeoverPoints":185},"latitude":56.910302,"currentOwner":{"name":"OldKing","id":153344},"time":"2021-07-24T17:46:14+0000","type":"takeover","longitude":12.477391},{"zone":{"previousOwner":{"name":"vuuv","id":312612},"dateCreated":"2014-04-18T06:42:09+0000","dateLastTaken":"2021-07-24T17:46:13+0000","latitude":55.608146,"currentOwner":{"name":"R@W","id":15754},"name":"TheQueen","id":28330,"totalTakeovers":12190,"region":{"country":"se","name":"Skåne","id":135},"pointsPerHour":7,"longitude":13.009915,"takeoverPoints":95},"latitude":55.608146,"currentOwner":{"name":"R@W","id":15754},"time":"2021-07-24T17:46:13+0000","type":"takeover","longitude":13.009915},{"zone":{"previousOwner":{"name":"aYa","id":48114},"dateCreated":"2020-01-31T12:26:26+0000","dateLastTaken":"2021-07-24T17:46:11+0000","latitude":59.620499,"currentOwner":{"name":"Kaisu","id":225108},"name":"WellCottage","id":226774,"totalTakeovers":1993,"region":{"country":"se","name":"Västmanland","id":143},"pointsPerHour":6,"longitude":16.493001,"takeoverPoints":110},"latitude":59.620499,"currentOwner":{"name":"Kaisu","id":225108},"time":"2021-07-24T17:46:11+0000","type":"takeover","longitude":16.493001},{"zone":{"previousOwner":{"name":"BRIANPFO","id":298521},"dateLastTaken":"2021-07-24T17:46:10+0000","latitude":53.692827,"totalTakeovers":174,"pointsPerHour":1,"takeoverPoints":185,"dateCreated":"2020-11-13T06:56:24+0000","currentOwner":{"name":"HarRóiMa","id":310572},"name":"NewchurchKirk","id":350813,"region":{"country":"gb","name":"North West England","id":201},"longitude":-2.255261},"latitude":53.692827,"currentOwner":{"name":"HarRóiMa","id":310572},"time":"2021-07-24T17:46:10+0000","type":"takeover","longitude":-2.255261},{"zone":{"previousOwner":{"name":"Chrillewille","id":273241},"dateCreated":"2012-05-15T22:00:00+0000","dateLastTaken":"2021-07-24T17:46:08+0000","latitude":59.596362,"currentOwner":{"name":"bacchus_","id":225941},"name":"CoachmanZone","id":8949,"totalTakeovers":16464,"region":{"country":"se","name":"Västmanland","id":143},"pointsPerHour":8,"longitude":16.507834,"takeoverPoints":80},"latitude":59.596362,"currentOwner":{"name":"bacchus_","id":225941},"time":"2021-07-24T17:46:08+0000","type":"takeover","longitude":16.507834},{"zone":{"previousOwner":{"name":"hösjön","id":257146},"dateLastTaken":"2021-07-24T17:46:07+0000","latitude":60.447095,"totalTakeovers":290,"pointsPerHour":2,"takeoverPoints":170,"dateCreated":"2016-03-24T23:52:21+0000","currentOwner":{"name":"Zoombiey","id":57655},"name":"Västlandia","id":64770,"region":{"country":"se","name":"Uppsala","id":142},"longitude":17.613864},"latitude":60.447095,"currentOwner":{"name":"Zoombiey","id":57655},"time":"2021-07-24T17:46:07+0000","type":"takeover","longitude":17.613864},{"zone":{"previousOwner":{"name":"Metal666","id":36737},"dateCreated":"2012-09-12T18:42:50+0000","dateLastTaken":"2021-07-24T17:46:05+0000","latitude":58.664766,"currentOwner":{"name":"BajenOnTheRun","id":36507},"name":"ÅbySquare","id":11271,"totalTakeovers":1670,"region":{"country":"se","name":"Östergötland","id":139},"pointsPerHour":4,"longitude":16.181113,"takeoverPoints":140},"latitude":58.664766,"currentOwner":{"name":"BajenOnTheRun","id":36507},"time":"2021-07-24T17:46:05+0000","type":"takeover","longitude":16.181113},{"zone":{"previousOwner":{"name":"inda7","id":61103},"dateCreated":"2013-03-03T10:55:00+0000","dateLastTaken":"2021-07-24T17:46:04+0000","latitude":63.831595,"currentOwner":{"name":"stefanx46","id":36563},"name":"Dragonen","id":15391,"totalTakeovers":19491,"region":{"country":"se","name":"Västerbotten","id":127},"pointsPerHour":9,"longitude":20.250721,"takeoverPoints":65},"latitude":63.831595,"currentOwner":{"name":"stefanx46","id":36563},"time":"2021-07-24T17:46:04+0000","type":"takeover","longitude":20.250721},{"zone":{"previousOwner":{"name":"AllaCalle","id":321000},"dateCreated":"2018-12-24T18:11:51+0000","dateLastTaken":"2021-07-24T17:46:03+0000","latitude":59.658501,"currentOwner":{"name":"XDMarcusdaboyO","id":335966},"name":"KöpEnMiddag","id":178323,"totalTakeovers":560,"region":{"country":"se","name":"Uppsala","id":142},"pointsPerHour":4,"longitude":17.077309,"takeoverPoints":140},"latitude":59.658501,"currentOwner":{"name":"XDMarcusdaboyO","id":335966},"time":"2021-07-24T17:46:03+0000","type":"takeover","longitude":17.077309},{"zone":{"previousOwner":{"name":"Ludovico","id":27680},"dateCreated":"2012-10-02T12:00:00+0000","dateLastTaken":"2021-07-24T17:46:02+0000","latitude":59.380495,"currentOwner":{"name":"stassa83","id":166344},"name":"Kälvesta","id":11605,"totalTakeovers":7898,"region":{"country":"se","name":"Stockholm","id":141},"pointsPerHour":6,"longitude":17.85407,"takeoverPoints":110},"latitude":59.380495,"currentOwner":{"name":"stassa83","id":166344},"time":"2021-07-24T17:46:02+0000","type":"takeover","longitude":17.85407},{"zone":{"previousOwner":{"name":"Snabelanna","id":27629},"dateCreated":"2013-12-24T11:00:00+0000","dateLastTaken":"2021-07-24T17:46:00+0000","latitude":56.708618,"currentOwner":{"name":"Froda","id":74168},"name":"ChinaFail","id":23986,"totalTakeovers":4512,"region":{"country":"se","name":"Kalmar","id":137},"pointsPerHour":5,"longitude":16.319216,"takeoverPoints":125},"latitude":56.708618,"currentOwner":{"name":"Froda","id":74168},"time":"2021-07-24T17:46:00+0000","type":"takeover","longitude":16.319216},{"zone":{"previousOwner":{"name":"silludden","id":63445},"dateCreated":"2021-05-14T12:00:00+0000","dateLastTaken":"2021-07-24T17:46:00+0000","latitude":55.78926,"currentOwner":{"name":"Vento101","id":78248},"name":"Trastflora","id":411253,"totalTakeovers":29,"region":{"country":"se","name":"Skåne","id":135},"pointsPerHour":3,"longitude":13.094954,"takeoverPoints":155},"latitude":55.78926,"currentOwner":{"name":"Vento101","id":78248},"time":"2021-07-24T17:46:00+0000","type":"takeover","longitude":13.094954},{"zone":{"previousOwner":{"name":"emmeri","id":335925},"dateCreated":"2015-08-07T06:00:00+0000","dateLastTaken":"2021-07-24T17:45:54+0000","latitude":59.337689,"currentOwner":{"name":"Blodgivare","id":263729},"name":"WayToBirch","id":56016,"totalTakeovers":6267,"region":{"country":"se","name":"Örebro","id":131},"pointsPerHour":6,"longitude":14.532983,"takeoverPoints":110},"latitude":59.337689,"currentOwner":{"name":"Blodgivare","id":263729},"time":"2021-07-24T17:45:54+0000","type":"takeover","longitude":14.532983},{"zone":{"previousOwner":{"name":"trexker","id":335855},"dateCreated":"2017-04-03T18:16:26+0000","dateLastTaken":"2021-07-24T17:45:54+0000","latitude":65.823095,"currentOwner":{"name":"Abacus","id":110951},"name":"GörEnVanheden","id":97023,"totalTakeovers":848,"region":{"country":"se","name":"Norrbotten","id":126},"pointsPerHour":3,"longitude":21.668783,"takeoverPoints":155},"latitude":65.823095,"currentOwner":{"name":"Abacus","id":110951},"time":"2021-07-24T17:45:54+0000","type":"takeover","longitude":21.668783},{"zone":{"previousOwner":{"name":"Cruachan","id":304571},"dateCreated":"2020-08-29T13:00:00+0000","dateLastTaken":"2021-07-24T17:45:54+0000","latitude":55.868272,"currentOwner":{"name":"RebelScum","id":306102},"name":"WelfarePark","id":321785,"totalTakeovers":137,"region":{"country":"gb","name":"Scotland","id":200},"pointsPerHour":2,"longitude":-3.065808,"takeoverPoints":170},"latitude":55.868272,"currentOwner":{"name":"RebelScum","id":306102},"time":"2021-07-24T17:45:54+0000","type":"takeover","longitude":-3.065808},{"zone":{"previousOwner":{"name":"millroy","id":95378},"dateCreated":"2019-10-07T10:08:20+0000","dateLastTaken":"2021-07-24T17:45:50+0000","latitude":61.819827,"currentOwner":{"name":"LöparLars","id":79455},"name":"Brokojan","id":219912,"totalTakeovers":33,"region":{"country":"se","name":"Gävleborg","id":144},"pointsPerHour":1,"longitude":14.837191,"takeoverPoints":185},"latitude":61.819827,"currentOwner":{"name":"LöparLars","id":79455},"time":"2021-07-24T17:45:50+0000","type":"takeover","longitude":14.837191},{"zone":{"previousOwner":{"name":"Munin","id":62408},"dateCreated":"2019-03-16T07:00:00+0000","dateLastTaken":"2021-07-24T17:45:50+0000","latitude":59.301951,"currentOwner":{"name":"VNV_Legion","id":69470},"name":"DuvnäsPromis","id":180732,"totalTakeovers":330,"region":{"country":"se","name":"Stockholm","id":141},"pointsPerHour":3,"longitude":18.212169,"takeoverPoints":155},"latitude":59.301951,"currentOwner":{"name":"VNV_Legion","id":69470},"time":"2021-07-24T17:45:50+0000","type":"takeover","longitude":18.212169},{"zone":{"previousOwner":{"name":"vinzon","id":187615},"dateCreated":"2013-11-27T22:33:07+0000","dateLastTaken":"2021-07-24T17:45:48+0000","latitude":58.99497,"currentOwner":{"name":"m3tr0","id":9931},"name":"Kulan","id":23459,"totalTakeovers":3419,"region":{"country":"se","name":"Södermanland","id":140},"pointsPerHour":3,"longitude":16.197291,"takeoverPoints":155},"latitude":58.99497,"currentOwner":{"name":"m3tr0","id":9931},"time":"2021-07-24T17:45:48+0000","type":"takeover","longitude":16.197291},{"zone":{"previousOwner":{"name":"mossoen","id":142458},"dateCreated":"2016-12-04T09:13:21+0000","dateLastTaken":"2021-07-24T17:45:46+0000","latitude":55.664167,"currentOwner":{"name":"isvatten","id":44430},"name":"NorraHuvudet","id":92533,"totalTakeovers":187,"region":{"country":"se","name":"Skåne","id":135},"pointsPerHour":1,"longitude":14.272641,"takeoverPoints":185},"latitude":55.664167,"currentOwner":{"name":"isvatten","id":44430},"time":"2021-07-24T17:45:46+0000","type":"takeover","longitude":14.272641},{"zone":{"previousOwner":{"name":"TNT","id":226957},"dateCreated":"2014-05-08T16:30:00+0000","dateLastTaken":"2021-07-24T17:45:46+0000","latitude":57.78511,"currentOwner":{"name":"alligatorn","id":26497},"name":"Pier2Pier","id":29017,"totalTakeovers":4927,"region":{"country":"se","name":"Jönköping","id":133},"pointsPerHour":5,"longitude":14.169859,"takeoverPoints":125},"latitude":57.78511,"currentOwner":{"name":"alligatorn","id":26497},"time":"2021-07-24T17:45:46+0000","type":"takeover","longitude":14.169859},{"zone":{"previousOwner":{"name":"folkölen","id":21362},"dateCreated":"2014-03-02T10:00:00+0000","dateLastTaken":"2021-07-24T17:45:46+0000","latitude":56.671065,"currentOwner":{"name":"westervik","id":112443},"name":"MittISmeten","id":25769,"totalTakeovers":2257,"region":{"country":"se","name":"Kalmar","id":137},"pointsPerHour":5,"longitude":16.305834,"takeoverPoints":125},"latitude":56.671065,"currentOwner":{"name":"westervik","id":112443},"time":"2021-07-24T17:45:46+0000","type":"takeover","longitude":16.305834},{"zone":{"previousOwner":{"name":"gilla","id":58846},"dateCreated":"2010-08-02T00:00:00+0000","dateLastTaken":"2021-07-24T17:45:45+0000","latitude":62.387489,"currentOwner":{"name":"malpal","id":245172},"name":"Sundzone","id":338,"totalTakeovers":11525,"region":{"country":"se","name":"Västernorrland","id":145},"pointsPerHour":6,"longitude":17.298075,"takeoverPoints":110},"latitude":62.387489,"currentOwner":{"name":"malpal","id":245172},"time":"2021-07-24T17:45:45+0000","type":"takeover","longitude":17.298075},{"zone":{"previousOwner":{"name":"jösses...då","id":113416},"dateCreated":"2012-03-20T23:03:50+0000","dateLastTaken":"2021-07-24T17:45:44+0000","latitude":57.479461,"currentOwner":{"name":"Has","id":281981},"name":"KingsHigh","id":7201,"totalTakeovers":2398,"region":{"country":"se","name":"Halland","id":134},"pointsPerHour":3,"longitude":12.076561,"takeoverPoints":155},"latitude":57.479461,"currentOwner":{"name":"Has","id":281981},"time":"2021-07-24T17:45:44+0000","type":"takeover","longitude":12.076561},{"zone":{"previousOwner":{"name":"spirit303","id":46566},"dateCreated":"2012-07-16T00:05:33+0000","dateLastTaken":"2021-07-24T17:45:42+0000","latitude":60.491885,"currentOwner":{"name":"WarriorOne","id":335337},"name":"Skogsfrun","id":9689,"totalTakeovers":3305,"region":{"country":"se","name":"Dalarna","id":129},"pointsPerHour":4,"longitude":15.395281,"takeoverPoints":140},"latitude":60.491885,"currentOwner":{"name":"WarriorOne","id":335337},"time":"2021-07-24T17:45:42+0000","type":"takeover","longitude":15.395281},{"zone":{"previousOwner":{"name":"0beroff","id":80119},"dateCreated":"2015-01-03T06:00:00+0000","dateLastTaken":"2021-07-24T17:45:40+0000","latitude":59.337276,"currentOwner":{"name":"Knasmasken","id":309744},"name":"Ladugårdshöjd","id":43497,"totalTakeovers":1724,"region":{"country":"se","name":"Stockholm","id":141},"pointsPerHour":5,"longitude":18.114106,"takeoverPoints":125},"latitude":59.337276,"currentOwner":{"name":"Knasmasken","id":309744},"time":"2021-07-24T17:45:40+0000","type":"takeover","longitude":18.114106},{"zone":{"previousOwner":{"name":"linkaz","id":101631},"dateCreated":"2012-03-30T19:16:42+0000","dateLastTaken":"2021-07-24T17:45:33+0000","latitude":63.818614,"currentOwner":{"name":"LeiLar","id":34920},"name":"BioMedHouse","id":7699,"totalTakeovers":28559,"region":{"country":"se","name":"Västerbotten","id":127},"pointsPerHour":9,"longitude":20.30354,"takeoverPoints":65},"latitude":63.818614,"currentOwner":{"name":"LeiLar","id":34920},"time":"2021-07-24T17:45:33+0000","type":"takeover","longitude":20.30354},{"zone":{"previousOwner":{"name":"Åkersbo","id":208414},"dateCreated":"2012-03-20T14:29:43+0000","dateLastTaken":"2021-07-24T17:45:33+0000","latitude":59.919194,"currentOwner":{"name":"gregga","id":232882},"name":"MineBridge","id":7110,"totalTakeovers":7893,"region":{"country":"se","name":"Västmanland","id":143},"pointsPerHour":5,"longitude":16.59386,"takeoverPoints":125},"latitude":59.919194,"currentOwner":{"name":"gregga","id":232882},"time":"2021-07-24T17:45:33+0000","type":"takeover","longitude":16.59386},{"zone":{"previousOwner":{"name":"lgfal","id":139649},"dateLastTaken":"2021-07-24T17:45:31+0000","latitude":58.387426,"totalTakeovers":10596,"pointsPerHour":6,"takeoverPoints":110,"dateCreated":"2013-10-23T15:16:28+0000","currentOwner":{"name":"Fadec","id":139403},"name":"Mipzon","id":22318,"region":{"country":"se","name":"Östergötland","id":139},"longitude":15.63469},"latitude":58.387426,"currentOwner":{"name":"Fadec","id":139403},"time":"2021-07-24T17:45:31+0000","type":"takeover","longitude":15.63469},{"zone":{"previousOwner":{"name":"bacchus_","id":225941},"dateLastTaken":"2021-07-24T17:45:31+0000","latitude":59.600722,"totalTakeovers":11788,"pointsPerHour":8,"takeoverPoints":80,"dateCreated":"2014-06-03T08:19:07+0000","currentOwner":{"name":"carinn","id":117795},"name":"HamreCreek","id":31072,"region":{"country":"se","name":"Västmanland","id":143},"longitude":16.609543},"latitude":59.600722,"currentOwner":{"name":"carinn","id":117795},"time":"2021-07-24T17:45:31+0000","type":"takeover","longitude":16.609543},{"zone":{"previousOwner":{"name":"ManUtd50","id":92949},"dateLastTaken":"2021-07-24T17:45:31+0000","latitude":57.673911,"totalTakeovers":1306,"pointsPerHour":1,"takeoverPoints":185,"dateCreated":"2014-05-03T06:34:07+0000","currentOwner":{"name":"Bobmarley","id":275887},"name":"Dackebron","id":28789,"region":{"country":"se","name":"Jönköping","id":133},"longitude":14.961633},"latitude":57.673911,"currentOwner":{"name":"Bobmarley","id":275887},"time":"2021-07-24T17:45:31+0000","type":"takeover","longitude":14.961633},{"zone":{"previousOwner":{"name":"Nissepurjo","id":326821},"dateCreated":"2017-06-24T19:30:52+0000","dateLastTaken":"2021-07-24T17:45:27+0000","latitude":59.663422,"currentOwner":{"name":"Lill-Johan","id":52459},"name":"FurusundFärja","id":114845,"totalTakeovers":292,"region":{"country":"se","name":"Stockholm","id":141},"pointsPerHour":3,"longitude":18.923447,"takeoverPoints":155},"latitude":59.663422,"currentOwner":{"name":"Lill-Johan","id":52459},"time":"2021-07-24T17:45:27+0000","type":"takeover","longitude":18.923447},{"zone":{"previousOwner":{"name":"Mr.Strike","id":111064},"dateCreated":"2020-12-24T12:01:13+0000","dateLastTaken":"2021-07-24T17:45:26+0000","latitude":59.063124,"currentOwner":{"name":"Masken68","id":227013},"name":"HallsbergAlle","id":357473,"totalTakeovers":367,"region":{"country":"se","name":"Örebro","id":131},"pointsPerHour":4,"longitude":15.097539,"takeoverPoints":140},"latitude":59.063124,"currentOwner":{"name":"Masken68","id":227013},"time":"2021-07-24T17:45:26+0000","type":"takeover","longitude":15.097539},{"zone":{"previousOwner":{"name":"vildapeln","id":317420},"dateLastTaken":"2021-07-24T17:45:26+0000","latitude":57.715117,"totalTakeovers":5642,"pointsPerHour":6,"takeoverPoints":110,"dateCreated":"2010-09-03T00:00:00+0000","currentOwner":{"name":"Badbalja","id":44507},"name":"GraveZone","id":779,"region":{"country":"se","name":"Västra Götaland","id":132},"longitude":12.015404},"latitude":57.715117,"currentOwner":{"name":"Badbalja","id":44507},"time":"2021-07-24T17:45:26+0000","type":"takeover","longitude":12.015404},{"zone":{"previousOwner":{"name":"GopherTea60","id":302844},"dateLastTaken":"2021-07-24T17:45:25+0000","latitude":54.60461,"totalTakeovers":11,"pointsPerHour":1,"takeoverPoints":185,"dateCreated":"2013-06-15T08:00:00+0000","currentOwner":{"name":"FeTaTo","id":310985},"name":"StormontZone","id":18960,"region":{"country":"gb","name":"Northern Ireland","id":206},"longitude":-5.832439},"latitude":54.60461,"currentOwner":{"name":"FeTaTo","id":310985},"time":"2021-07-24T17:45:25+0000","type":"takeover","longitude":-5.832439},{"zone":{"previousOwner":{"name":"StorEken","id":278833},"dateCreated":"2019-09-08T21:56:36+0000","dateLastTaken":"2021-07-24T17:45:25+0000","latitude":55.57471,"currentOwner":{"name":"TuffaTyra","id":279232},"name":"EttSköntSorl","id":208986,"totalTakeovers":865,"region":{"country":"se","name":"Skåne","id":135},"pointsPerHour":5,"longitude":12.966405,"takeoverPoints":125},"latitude":55.57471,"currentOwner":{"name":"TuffaTyra","id":279232},"time":"2021-07-24T17:45:25+0000","type":"takeover","longitude":12.966405},{"zone":{"previousOwner":{"name":"Snabelanna","id":27629},"dateCreated":"2015-04-30T16:43:55+0000","dateLastTaken":"2021-07-24T17:45:23+0000","latitude":56.666018,"currentOwner":{"name":"GW007","id":77704},"name":"Åbranden","id":50898,"totalTakeovers":5235,"region":{"country":"se","name":"Kalmar","id":137},"pointsPerHour":6,"longitude":16.319919,"takeoverPoints":110},"latitude":56.666018,"currentOwner":{"name":"GW007","id":77704},"time":"2021-07-24T17:45:23+0000","type":"takeover","longitude":16.319919},{"zone":{"previousOwner":{"name":"Engdod","id":300976},"dateCreated":"2010-09-04T14:41:37+0000","dateLastTaken":"2021-07-24T17:45:22+0000","latitude":58.753029,"currentOwner":{"name":"galax","id":57332},"name":"NewSquare","id":664,"totalTakeovers":15840,"region":{"country":"se","name":"Södermanland","id":140},"pointsPerHour":7,"longitude":17.008485,"takeoverPoints":95},"latitude":58.753029,"currentOwner":{"name":"galax","id":57332},"time":"2021-07-24T17:45:22+0000","type":"takeover","longitude":17.008485},{"zone":{"previousOwner":{"name":"snakespeare","id":314361},"dateCreated":"2021-02-21T23:53:09+0000","dateLastTaken":"2021-07-24T17:45:18+0000","latitude":44.895768,"currentOwner":{"name":"Tinman","id":324199},"name":"TwoRivers","id":387505,"totalTakeovers":24,"region":{"country":"us","name":"Minnesota","id":405},"pointsPerHour":1,"longitude":-93.178772,"takeoverPoints":185},"latitude":44.895768,"currentOwner":{"name":"Tinman","id":324199},"time":"2021-07-24T17:45:18+0000","type":"takeover","longitude":-93.178772},{"zone":{"previousOwner":{"name":"oskar92","id":233114},"dateCreated":"2016-04-28T20:02:08+0000","dateLastTaken":"2021-07-24T17:45:15+0000","latitude":59.263937,"currentOwner":{"name":"edeby","id":21042},"name":"Bärbuskarna","id":68234,"totalTakeovers":754,"region":{"country":"se","name":"Södermanland","id":140},"pointsPerHour":1,"longitude":17.222052,"takeoverPoints":185},"latitude":59.263937,"currentOwner":{"name":"edeby","id":21042},"time":"2021-07-24T17:45:15+0000","type":"takeover","longitude":17.222052},{"zone":{"previousOwner":{"name":"Svepet","id":299128},"dateCreated":"2017-02-24T06:00:00+0000","dateLastTaken":"2021-07-24T17:45:15+0000","latitude":55.606138,"currentOwner":{"name":"R@W","id":15754},"name":"UtanJerry","id":95225,"totalTakeovers":6415,"region":{"country":"se","name":"Skåne","id":135},"pointsPerHour":6,"longitude":13.009824,"takeoverPoints":110},"latitude":55.606138,"currentOwner":{"name":"R@W","id":15754},"time":"2021-07-24T17:45:15+0000","type":"takeover","longitude":13.009824},{"zone":{"previousOwner":{"name":"jompe","id":110837},"dateCreated":"2014-04-25T00:54:03+0000","dateLastTaken":"2021-07-24T17:45:14+0000","latitude":59.352667,"currentOwner":{"name":"Lejfis","id":158950},"name":"VIPlounge","id":28602,"totalTakeovers":437,"region":{"country":"se","name":"Södermanland","id":140},"pointsPerHour":1,"longitude":16.531542,"takeoverPoints":185},"latitude":59.352667,"currentOwner":{"name":"Lejfis","id":158950},"time":"2021-07-24T17:45:14+0000","type":"takeover","longitude":16.531542},{"zone":{"previousOwner":{"name":"ollals","id":97064},"dateCreated":"2015-08-03T18:57:19+0000","dateLastTaken":"2021-07-24T17:45:14+0000","latitude":63.011708,"currentOwner":{"name":"Bobjojörornon","id":65121},"name":"Ullångerzon","id":56008,"totalTakeovers":410,"region":{"country":"se","name":"Västernorrland","id":145},"pointsPerHour":1,"longitude":18.190221,"takeoverPoints":185},"latitude":63.011708,"currentOwner":{"name":"Bobjojörornon","id":65121},"time":"2021-07-24T17:45:14+0000","type":"takeover","longitude":18.190221},{"zone":{"previousOwner":{"name":"nilbir","id":182660},"dateCreated":"2014-06-05T14:01:36+0000","dateLastTaken":"2021-07-24T17:45:11+0000","latitude":59.388593,"currentOwner":{"name":"Weeturfarn","id":63172},"name":"Hedenhös","id":31284,"totalTakeovers":8776,"region":{"country":"se","name":"Värmland","id":130},"pointsPerHour":7,"longitude":13.560735,"takeoverPoints":95},"latitude":59.388593,"currentOwner":{"name":"Weeturfarn","id":63172},"time":"2021-07-24T17:45:11+0000","type":"takeover","longitude":13.560735},{"zone":{"previousOwner":{"name":"Alfa123","id":43024},"dateCreated":"2013-10-09T06:03:49+0000","dateLastTaken":"2021-07-24T17:45:07+0000","latitude":59.323938,"currentOwner":{"name":"Packo","id":8147},"name":"Kulturskola","id":22072,"totalTakeovers":12461,"region":{"country":"se","name":"Örebro","id":131},"pointsPerHour":7,"longitude":14.514784,"takeoverPoints":95},"latitude":59.323938,"currentOwner":{"name":"Packo","id":8147},"time":"2021-07-24T17:45:07+0000","type":"takeover","longitude":14.514784},{"zone":{"previousOwner":{"name":"gunron","id":181189},"dateCreated":"2014-02-28T23:00:00+0000","dateLastTaken":"2021-07-24T17:45:06+0000","latitude":63.162666,"currentOwner":{"name":"Pappamogge","id":93779},"name":"Odenskog","id":26113,"totalTakeovers":6349,"region":{"country":"se","name":"Jämtland","id":128},"pointsPerHour":7,"longitude":14.683721,"takeoverPoints":95},"latitude":63.162666,"currentOwner":{"name":"Pappamogge","id":93779},"time":"2021-07-24T17:45:06+0000","type":"takeover","longitude":14.683721},{"zone":{"previousOwner":{"name":"Millan73","id":298077},"dateLastTaken":"2021-07-24T17:45:05+0000","latitude":55.372025,"totalTakeovers":2975,"pointsPerHour":5,"takeoverPoints":125,"dateCreated":"2016-08-31T11:33:17+0000","currentOwner":{"name":"Deneva","id":68382},"name":"TrelleTrain","id":82284,"region":{"country":"se","name":"Skåne","id":135},"longitude":13.158965},"latitude":55.372025,"currentOwner":{"name":"Deneva","id":68382},"time":"2021-07-24T17:45:05+0000","type":"takeover","longitude":13.158965},{"zone":{"previousOwner":{"name":"TheBigBopper","id":51999},"dateLastTaken":"2021-07-24T17:45:01+0000","latitude":56.671596,"totalTakeovers":6251,"pointsPerHour":6,"takeoverPoints":110,"dateCreated":"2012-03-20T22:52:17+0000","currentOwner":{"name":"Stmf","id":311799},"name":"StrawCastle","id":7188,"region":{"country":"se","name":"Halland","id":134},"longitude":12.857605},"latitude":56.671596,"currentOwner":{"name":"Stmf","id":311799},"time":"2021-07-24T17:45:01+0000","type":"takeover","longitude":12.857605},{"zone":{"previousOwner":{"name":"mats_66","id":38410},"dateCreated":"2014-09-30T21:00:00+0000","dateLastTaken":"2021-07-24T17:45:00+0000","latitude":59.692465,"currentOwner":{"name":"Ruotsi","id":253387},"name":"MusicIsLife","id":37456,"totalTakeovers":2046,"region":{"country":"se","name":"Västmanland","id":143},"pointsPerHour":3,"longitude":16.23828,"takeoverPoints":155},"latitude":59.692465,"currentOwner":{"name":"Ruotsi","id":253387},"time":"2021-07-24T17:45:00+0000","type":"takeover","longitude":16.23828},{"zone":{"previousOwner":{"name":"JimmyAIK","id":267637},"dateCreated":"2016-12-19T06:00:00+0000","dateLastTaken":"2021-07-24T17:44:59+0000","latitude":59.364276,"currentOwner":{"name":"Svensings","id":288002},"name":"VällingbyÄng","id":91989,"totalTakeovers":3081,"region":{"country":"se","name":"Stockholm","id":141},"pointsPerHour":6,"longitude":17.884957,"takeoverPoints":110},"latitude":59.364276,"currentOwner":{"name":"Svensings","id":288002},"time":"2021-07-24T17:44:59+0000","type":"takeover","longitude":17.884957},{"zone":{"previousOwner":{"name":"Dadeee","id":327379},"dateCreated":"2013-02-06T07:39:00+0000","dateLastTaken":"2021-07-24T17:44:55+0000","latitude":57.68673,"currentOwner":{"name":"SweetJane","id":134130},"name":"SödraFästet","id":14657,"totalTakeovers":5248,"region":{"country":"se","name":"Västra Götaland","id":132},"pointsPerHour":5,"longitude":11.903436,"takeoverPoints":125},"latitude":57.68673,"currentOwner":{"name":"SweetJane","id":134130},"time":"2021-07-24T17:44:55+0000","type":"takeover","longitude":11.903436},{"zone":{"previousOwner":{"name":"North_Wing","id":314262},"dateCreated":"2020-08-24T07:00:00+0000","dateLastTaken":"2021-07-24T17:44:55+0000","latitude":56.056545,"currentOwner":{"name":"DoodleDad","id":311442},"name":"TheTennisView","id":321469,"totalTakeovers":473,"region":{"country":"gb","name":"Scotland","id":200},"pointsPerHour":4,"longitude":-2.711475,"takeoverPoints":140},"latitude":56.056545,"currentOwner":{"name":"DoodleDad","id":311442},"time":"2021-07-24T17:44:55+0000","type":"takeover","longitude":-2.711475},{"zone":{"previousOwner":{"name":"Toranagasama","id":97301},"dateCreated":"2020-10-12T13:50:39+0000","dateLastTaken":"2021-07-24T17:44:50+0000","latitude":56.632772,"currentOwner":{"name":"ramblerboy","id":33153},"name":"RasslarTill","id":344675,"totalTakeovers":581,"region":{"country":"se","name":"Kalmar","id":137},"pointsPerHour":3,"longitude":15.563659,"takeoverPoints":155},"latitude":56.632772,"currentOwner":{"name":"ramblerboy","id":33153},"time":"2021-07-24T17:44:50+0000","type":"takeover","longitude":15.563659},{"zone":{"previousOwner":{"name":"Chrillewille","id":273241},"dateCreated":"2017-09-17T07:30:58+0000","dateLastTaken":"2021-07-24T17:44:49+0000","latitude":59.5985,"currentOwner":{"name":"bacchus_","id":225941},"name":"SigfridMedLie","id":125311,"totalTakeovers":5194,"region":{"country":"se","name":"Västmanland","id":143},"pointsPerHour":7,"longitude":16.51068,"takeoverPoints":95},"latitude":59.5985,"currentOwner":{"name":"bacchus_","id":225941},"time":"2021-07-24T17:44:49+0000","type":"takeover","longitude":16.51068},{"zone":{"previousOwner":{"name":"BRIANPFO","id":298521},"dateCreated":"2020-11-13T06:43:52+0000","dateLastTaken":"2021-07-24T17:44:49+0000","latitude":53.693187,"currentOwner":{"name":"HarRóiMa","id":310572},"name":"CentrePlay","id":350804,"totalTakeovers":197,"region":{"country":"gb","name":"North West England","id":201},"pointsPerHour":2,"longitude":-2.251754,"takeoverPoints":170},"latitude":53.693187,"currentOwner":{"name":"HarRóiMa","id":310572},"time":"2021-07-24T17:44:49+0000","type":"takeover","longitude":-2.251754},{"zone":{"previousOwner":{"name":"GoodyCao","id":167849},"dateLastTaken":"2021-07-24T17:44:49+0000","latitude":57.162493,"totalTakeovers":300,"pointsPerHour":1,"takeoverPoints":185,"dateCreated":"2015-04-05T22:56:33+0000","currentOwner":{"name":"eleKtroFish","id":280461},"name":"ForsChurch","id":47933,"region":{"country":"se","name":"Jönköping","id":133},"longitude":13.827165},"latitude":57.162493,"currentOwner":{"name":"eleKtroFish","id":280461},"time":"2021-07-24T17:44:49+0000","type":"takeover","longitude":13.827165},{"zone":{"previousOwner":{"name":"WildWest","id":256604},"dateCreated":"2014-04-06T10:00:00+0000","dateLastTaken":"2021-07-24T17:44:48+0000","latitude":63.838189,"currentOwner":{"name":"67milla","id":73107},"name":"BomHissZone","id":27907,"totalTakeovers":9112,"region":{"country":"se","name":"Västerbotten","id":127},"pointsPerHour":7,"longitude":20.249462,"takeoverPoints":95},"latitude":63.838189,"currentOwner":{"name":"67milla","id":73107},"time":"2021-07-24T17:44:48+0000","type":"takeover","longitude":20.249462},{"zone":{"previousOwner":{"name":"TompaBoy51","id":65370},"dateCreated":"2016-10-30T10:49:03+0000","dateLastTaken":"2021-07-24T17:44:45+0000","latitude":57.737739,"currentOwner":{"name":"Standard","id":124526},"name":"Tomteslingan","id":90871,"totalTakeovers":2942,"region":{"country":"se","name":"Kalmar","id":137},"pointsPerHour":4,"longitude":16.643573,"takeoverPoints":140},"latitude":57.737739,"currentOwner":{"name":"Standard","id":124526},"time":"2021-07-24T17:44:45+0000","type":"takeover","longitude":16.643573},{"zone":{"previousOwner":{"name":"alicubi","id":53215},"dateCreated":"2014-12-24T06:00:00+0000","dateLastTaken":"2021-07-24T17:44:44+0000","latitude":59.403817,"currentOwner":{"name":"0beroff","id":80119},"name":"Byggskolan","id":43177,"totalTakeovers":9150,"region":{"country":"se","name":"Stockholm","id":141},"pointsPerHour":7,"longitude":17.96244,"takeoverPoints":95},"latitude":59.403817,"currentOwner":{"name":"0beroff","id":80119},"time":"2021-07-24T17:44:44+0000","type":"takeover","longitude":17.96244},{"zone":{"previousOwner":{"name":"Snabelanna","id":27629},"dateCreated":"2017-10-26T08:01:22+0000","dateLastTaken":"2021-07-24T17:44:44+0000","latitude":56.705963,"currentOwner":{"name":"Froda","id":74168},"name":"NordligKraft","id":135942,"totalTakeovers":1759,"region":{"country":"se","name":"Kalmar","id":137},"pointsPerHour":6,"longitude":16.321695,"takeoverPoints":110},"latitude":56.705963,"currentOwner":{"name":"Froda","id":74168},"time":"2021-07-24T17:44:44+0000","type":"takeover","longitude":16.321695},{"zone":{"previousOwner":{"name":"MtkaHek","id":303521},"dateLastTaken":"2021-07-24T17:44:43+0000","latitude":44.971377,"totalTakeovers":2,"pointsPerHour":1,"takeoverPoints":185,"dateCreated":"2021-07-10T06:08:45+0000","currentOwner":{"name":"MtkaHek","id":303521},"name":"WayzataSpan","id":429823,"region":{"country":"us","name":"Minnesota","id":405},"longitude":-93.36508},"latitude":44.971377,"currentOwner":{"name":"MtkaHek","id":303521},"time":"2021-07-24T17:44:43+0000","type":"takeover","longitude":-93.36508},{"zone":{"previousOwner":{"name":"srocmikej","id":310566},"dateCreated":"2021-03-22T19:13:09+0000","dateLastTaken":"2021-07-24T17:44:43+0000","latitude":54.010448,"currentOwner":{"name":"srocmikej","id":310566},"name":"MSixTrail","id":393906,"totalTakeovers":83,"region":{"country":"gb","name":"North West England","id":201},"pointsPerHour":3,"longitude":-2.781816,"takeoverPoints":155},"latitude":54.010448,"currentOwner":{"name":"srocmikej","id":310566},"time":"2021-07-24T17:44:43+0000","type":"takeover","longitude":-2.781816},{"zone":{"previousOwner":{"name":"mysten","id":253492},"dateCreated":"2014-12-24T08:12:46+0000","dateLastTaken":"2021-07-24T17:44:42+0000","latitude":59.359595,"currentOwner":{"name":"Hvalle","id":75468},"name":"Jernslingan","id":42992,"totalTakeovers":5081,"region":{"country":"se","name":"Södermanland","id":140},"pointsPerHour":6,"longitude":16.523907,"takeoverPoints":110},"latitude":59.359595,"currentOwner":{"name":"Hvalle","id":75468},"time":"2021-07-24T17:44:42+0000","type":"takeover","longitude":16.523907},{"zone":{"previousOwner":{"name":"MacTobb","id":97132},"dateCreated":"2011-09-15T10:00:00+0000","dateLastTaken":"2021-07-24T17:44:39+0000","latitude":62.391377,"currentOwner":{"name":"BiW","id":60033},"name":"SundPool","id":3360,"totalTakeovers":12909,"region":{"country":"se","name":"Västernorrland","id":145},"pointsPerHour":7,"longitude":17.295735,"takeoverPoints":95},"latitude":62.391377,"currentOwner":{"name":"BiW","id":60033},"time":"2021-07-24T17:44:39+0000","type":"takeover","longitude":17.295735},{"zone":{"previousOwner":{"name":"Fe4sen","id":138381},"dateCreated":"2019-02-02T22:10:58+0000","dateLastTaken":"2021-07-24T17:44:38+0000","latitude":59.817207,"currentOwner":{"name":"andraannanaser","id":304705},"name":"EnVävAvZoner","id":179428,"totalTakeovers":3691,"region":{"country":"se","name":"Uppsala","id":142},"pointsPerHour":7,"longitude":17.68363,"takeoverPoints":95},"latitude":59.817207,"currentOwner":{"name":"andraannanaser","id":304705},"time":"2021-07-24T17:44:38+0000","type":"takeover","longitude":17.68363},{"zone":{"previousOwner":{"name":"Jimpan76","id":100958},"dateLastTaken":"2021-07-24T17:44:36+0000","latitude":59.127164,"totalTakeovers":4119,"pointsPerHour":5,"takeoverPoints":125,"dateCreated":"2014-12-28T21:23:39+0000","currentOwner":{"name":"zaph","id":52694},"name":"2aSidanÄrNi","id":43393,"region":{"country":"se","name":"Örebro","id":131},"longitude":15.152453},"latitude":59.127164,"currentOwner":{"name":"zaph","id":52694},"time":"2021-07-24T17:44:36+0000","type":"takeover","longitude":15.152453},{"zone":{"previousOwner":{"name":"gå-for-it","id":48607},"dateCreated":"2016-12-30T06:00:00+0000","dateLastTaken":"2021-07-24T17:44:35+0000","latitude":59.383713,"currentOwner":{"name":"stassa83","id":166344},"name":"Sörgårdz","id":91971,"totalTakeovers":4724,"region":{"country":"se","name":"Stockholm","id":141},"pointsPerHour":6,"longitude":17.855562,"takeoverPoints":110},"latitude":59.383713,"currentOwner":{"name":"stassa83","id":166344},"time":"2021-07-24T17:44:35+0000","type":"takeover","longitude":17.855562},{"zone":{"previousOwner":{"name":"MorUggla","id":48858},"dateCreated":"2017-07-06T13:53:43+0000","dateLastTaken":"2021-07-24T17:44:33+0000","latitude":61.87673,"currentOwner":{"name":"NonneNoel08","id":276255},"name":"IdreDalen","id":115191,"totalTakeovers":202,"region":{"country":"se","name":"Dalarna","id":129},"pointsPerHour":1,"longitude":12.83764,"takeoverPoints":185},"latitude":61.87673,"currentOwner":{"name":"NonneNoel08","id":276255},"time":"2021-07-24T17:44:33+0000","type":"takeover","longitude":12.83764},{"zone":{"previousOwner":{"name":"Masken68","id":227013},"dateCreated":"2016-03-24T06:00:00+0000","dateLastTaken":"2021-07-24T17:44:32+0000","latitude":59.065804,"currentOwner":{"name":"Mr.Strike","id":111064},"name":"Citytorget","id":63838,"totalTakeovers":10650,"region":{"country":"se","name":"Örebro","id":131},"pointsPerHour":6,"longitude":15.108986,"takeoverPoints":110},"latitude":59.065804,"currentOwner":{"name":"Mr.Strike","id":111064},"time":"2021-07-24T17:44:32+0000","type":"takeover","longitude":15.108986},{"zone":{"previousOwner":{"name":"Elsa","id":67849},"dateCreated":"2014-12-24T12:00:00+0000","dateLastTaken":"2021-07-24T17:44:30+0000","latitude":59.917495,"currentOwner":{"name":"gregga","id":232882},"name":"JakobMats","id":42853,"totalTakeovers":6447,"region":{"country":"se","name":"Västmanland","id":143},"pointsPerHour":6,"longitude":16.591454,"takeoverPoints":110},"latitude":59.917495,"currentOwner":{"name":"gregga","id":232882},"time":"2021-07-24T17:44:30+0000","type":"takeover","longitude":16.591454},{"zone":{"previousOwner":{"name":"Mr.Wilson","id":240644},"dateCreated":"2014-05-27T10:06:52+0000","dateLastTaken":"2021-07-24T17:44:29+0000","latitude":55.376965,"currentOwner":{"name":"DrWho","id":68581},"name":"Pinewood","id":30269,"totalTakeovers":1501,"region":{"country":"se","name":"Skåne","id":135},"pointsPerHour":3,"longitude":13.181599,"takeoverPoints":155},"latitude":55.376965,"currentOwner":{"name":"DrWho","id":68581},"time":"2021-07-24T17:44:29+0000","type":"takeover","longitude":13.181599},{"zone":{"previousOwner":{"name":"Snabelanna","id":27629},"dateCreated":"2014-02-11T21:52:02+0000","dateLastTaken":"2021-07-24T17:44:27+0000","latitude":56.664395,"currentOwner":{"name":"GW007","id":77704},"name":"VesholmStåt","id":25765,"totalTakeovers":8721,"region":{"country":"se","name":"Kalmar","id":137},"pointsPerHour":7,"longitude":16.318827,"takeoverPoints":95},"latitude":56.664395,"currentOwner":{"name":"GW007","id":77704},"time":"2021-07-24T17:44:27+0000","type":"takeover","longitude":16.318827},{"zone":{"previousOwner":{"name":"MrNiceGuy","id":108848},"dateCreated":"2013-10-13T19:44:22+0000","dateLastTaken":"2021-07-24T17:44:27+0000","latitude":58.409911,"currentOwner":{"name":"senne","id":13298},"name":"LPIView","id":22168,"totalTakeovers":5861,"region":{"country":"se","name":"Östergötland","id":139},"pointsPerHour":4,"longitude":15.653306,"takeoverPoints":140},"latitude":58.409911,"currentOwner":{"name":"senne","id":13298},"time":"2021-07-24T17:44:27+0000","type":"takeover","longitude":15.653306},{"zone":{"previousOwner":{"name":"sls_prog","id":85323},"dateCreated":"2012-01-29T10:50:00+0000","dateLastTaken":"2021-07-24T17:44:25+0000","latitude":58.392742,"currentOwner":{"name":"vac_malfun","id":199596},"name":"ArenaPlaza","id":6059,"totalTakeovers":4616,"region":{"country":"se","name":"Västra Götaland","id":132},"pointsPerHour":4,"longitude":13.839273,"takeoverPoints":140},"latitude":58.392742,"currentOwner":{"name":"vac_malfun","id":199596},"time":"2021-07-24T17:44:25+0000","type":"takeover","longitude":13.839273},{"zone":{"previousOwner":{"name":"cloudwalker","id":137961},"dateCreated":"2019-04-24T08:00:00+0000","dateLastTaken":"2021-07-24T17:44:24+0000","latitude":55.427171,"currentOwner":{"name":"alsawe30","id":305201},"name":"Pantzarzone","id":186584,"totalTakeovers":548,"region":{"country":"se","name":"Skåne","id":135},"pointsPerHour":2,"longitude":13.799169,"takeoverPoints":170},"latitude":55.427171,"currentOwner":{"name":"alsawe30","id":305201},"time":"2021-07-24T17:44:24+0000","type":"takeover","longitude":13.799169},{"zone":{"previousOwner":{"name":"jeppe1","id":187874},"dateCreated":"2018-06-02T16:00:00+0000","dateLastTaken":"2021-07-24T17:44:20+0000","latitude":65.542693,"currentOwner":{"name":"PelSjo","id":183576},"name":"Sorselegården","id":152028,"totalTakeovers":116,"region":{"country":"se","name":"Västerbotten","id":127},"pointsPerHour":2,"longitude":17.541784,"takeoverPoints":170},"latitude":65.542693,"currentOwner":{"name":"PelSjo","id":183576},"time":"2021-07-24T17:44:20+0000","type":"takeover","longitude":17.541784},{"zone":{"previousOwner":{"name":"miawita","id":63874},"dateCreated":"2012-08-15T15:03:26+0000","dateLastTaken":"2021-07-24T17:44:19+0000","latitude":58.470113,"currentOwner":{"name":"GrodTurf","id":327156},"name":"SöderStröm","id":10522,"totalTakeovers":630,"region":{"country":"se","name":"Östergötland","id":139},"pointsPerHour":4,"longitude":16.323953,"takeoverPoints":140},"latitude":58.470113,"currentOwner":{"name":"GrodTurf","id":327156},"time":"2021-07-24T17:44:19+0000","type":"takeover","longitude":16.323953},{"zone":{"previousOwner":{"name":"MegaWalkers","id":93724},"dateCreated":"2020-03-15T19:54:44+0000","dateLastTaken":"2021-07-24T17:44:17+0000","latitude":58.628515,"currentOwner":{"name":"sina49","id":228650},"name":"SöckeGrottor","id":228665,"totalTakeovers":39,"region":{"country":"se","name":"Västra Götaland","id":132},"pointsPerHour":1,"longitude":13.387078,"takeoverPoints":185},"latitude":58.628515,"currentOwner":{"name":"sina49","id":228650},"time":"2021-07-24T17:44:17+0000","type":"takeover","longitude":13.387078},{"zone":{"previousOwner":{"name":"linkaz","id":101631},"dateCreated":"2015-03-07T11:12:48+0000","dateLastTaken":"2021-07-24T17:44:16+0000","latitude":63.816688,"currentOwner":{"name":"LeiLar","id":34920},"name":"Kökszon","id":46353,"totalTakeovers":21103,"region":{"country":"se","name":"Västerbotten","id":127},"pointsPerHour":9,"longitude":20.304575,"takeoverPoints":65},"latitude":63.816688,"currentOwner":{"name":"LeiLar","id":34920},"time":"2021-07-24T17:44:16+0000","type":"takeover","longitude":20.304575},{"zone":{"previousOwner":{"name":"nilbir","id":182660},"dateCreated":"2015-01-18T11:00:00+0000","dateLastTaken":"2021-07-24T17:44:12+0000","latitude":59.388937,"currentOwner":{"name":"Weeturfarn","id":63172},"name":"BakomStrömmen","id":43909,"totalTakeovers":8634,"region":{"country":"se","name":"Värmland","id":130},"pointsPerHour":7,"longitude":13.556771,"takeoverPoints":95},"latitude":59.388937,"currentOwner":{"name":"Weeturfarn","id":63172},"time":"2021-07-24T17:44:12+0000","type":"takeover","longitude":13.556771},{"zone":{"previousOwner":{"name":"lgfal","id":139649},"dateCreated":"2013-08-26T19:58:05+0000","dateLastTaken":"2021-07-24T17:44:11+0000","latitude":58.384863,"currentOwner":{"name":"Ola8","id":312322},"name":"LinkView","id":21392,"totalTakeovers":1259,"region":{"country":"se","name":"Östergötland","id":139},"pointsPerHour":3,"longitude":15.611977,"takeoverPoints":155},"latitude":58.384863,"currentOwner":{"name":"Ola8","id":312322},"time":"2021-07-24T17:44:11+0000","type":"takeover","longitude":15.611977},{"zone":{"previousOwner":{"name":"Lord_Leviathan","id":16663},"dateCreated":"2019-07-16T10:30:00+0000","dateLastTaken":"2021-07-24T17:44:11+0000","latitude":58.497594,"currentOwner":{"name":"mmajjalish","id":53117},"name":"LidandeZon","id":204129,"totalTakeovers":942,"region":{"country":"se","name":"Västra Götaland","id":132},"pointsPerHour":4,"longitude":13.155376,"takeoverPoints":140},"latitude":58.497594,"currentOwner":{"name":"mmajjalish","id":53117},"time":"2021-07-24T17:44:11+0000","type":"takeover","longitude":13.155376},{"zone":{"previousOwner":{"name":"Nira","id":141199},"dateCreated":"2017-12-31T08:56:05+0000","dateLastTaken":"2021-07-24T17:44:09+0000","latitude":59.615209,"currentOwner":{"name":"Bibsan66","id":334042},"name":"Ox","id":139568,"totalTakeovers":1005,"region":{"country":"se","name":"Västmanland","id":143},"pointsPerHour":3,"longitude":16.201803,"takeoverPoints":155},"latitude":59.615209,"currentOwner":{"name":"Bibsan66","id":334042},"time":"2021-07-24T17:44:09+0000","type":"takeover","longitude":16.201803},{"zone":{"dateCreated":"2014-09-04T20:00:00+0000","dateLastTaken":"2021-07-24T17:44:01+0000","latitude":55.613031,"currentOwner":{"name":"King_RAH","id":170508},"name":"SexZone","id":34399,"totalTakeovers":33,"region":{"country":"dk","name":"Hovedstaden","id":172},"pointsPerHour":1,"longitude":12.38895,"takeoverPoints":185},"latitude":55.613031,"currentOwner":{"name":"King_RAH","id":170508},"time":"2021-07-24T17:44:01+0000","type":"takeover","longitude":12.38895},{"zone":{"previousOwner":{"name":"feliciaa","id":226343},"dateCreated":"2014-11-08T06:24:31+0000","dateLastTaken":"2021-07-24T17:44:00+0000","latitude":59.264568,"currentOwner":{"name":"edeby","id":21042},"name":"Nypet","id":41884,"totalTakeovers":1105,"region":{"country":"se","name":"Södermanland","id":140},"pointsPerHour":1,"longitude":17.225845,"takeoverPoints":185},"latitude":59.264568,"currentOwner":{"name":"edeby","id":21042},"time":"2021-07-24T17:44:00+0000","type":"takeover","longitude":17.225845},{"zone":{"previousOwner":{"name":"emmeri","id":335925},"dateCreated":"2013-10-29T15:00:00+0000","dateLastTaken":"2021-07-24T17:43:59+0000","latitude":59.334617,"currentOwner":{"name":"Blodgivare","id":263729},"name":"Nobelparken","id":22512,"totalTakeovers":4855,"region":{"country":"se","name":"Örebro","id":131},"pointsPerHour":5,"longitude":14.533689,"takeoverPoints":125},"latitude":59.334617,"currentOwner":{"name":"Blodgivare","id":263729},"time":"2021-07-24T17:43:59+0000","type":"takeover","longitude":14.533689},{"zone":{"previousOwner":{"name":"VincentVega","id":58769},"dateCreated":"2013-07-06T17:30:00+0000","dateLastTaken":"2021-07-24T17:43:59+0000","latitude":55.605484,"currentOwner":{"name":"R@W","id":15754},"name":"SouthEastWalk","id":20634,"totalTakeovers":9452,"region":{"country":"se","name":"Skåne","id":135},"pointsPerHour":6,"longitude":13.013913,"takeoverPoints":110},"latitude":55.605484,"currentOwner":{"name":"R@W","id":15754},"time":"2021-07-24T17:43:59+0000","type":"takeover","longitude":13.013913},{"zone":{"previousOwner":{"name":"bacchus_","id":225941},"dateCreated":"2014-06-12T08:07:47+0000","dateLastTaken":"2021-07-24T17:43:56+0000","latitude":59.582279,"currentOwner":{"name":"-SORTSIUS-","id":333084},"name":"MansionPath","id":31380,"totalTakeovers":4679,"region":{"country":"se","name":"Västmanland","id":143},"pointsPerHour":7,"longitude":16.512933,"takeoverPoints":95},"latitude":59.582279,"currentOwner":{"name":"-SORTSIUS-","id":333084},"time":"2021-07-24T17:43:56+0000","type":"takeover","longitude":16.512933},{"zone":{"previousOwner":{"name":"Kennedy10","id":219798},"dateLastTaken":"2021-07-24T17:43:55+0000","latitude":60.097093,"totalTakeovers":22733,"pointsPerHour":8,"takeoverPoints":80,"dateCreated":"2015-03-16T21:48:40+0000","currentOwner":{"name":"NOback","id":228819},"name":"HolyCircle","id":46837,"region":{"country":"fi","name":"Åland","id":177},"longitude":19.934877},"latitude":60.097093,"currentOwner":{"name":"NOback","id":228819},"time":"2021-07-24T17:43:55+0000","type":"takeover","longitude":19.934877},{"zone":{"previousOwner":{"name":"hookturf","id":73461},"dateCreated":"2011-09-03T19:00:00+0000","dateLastTaken":"2021-07-24T17:43:55+0000","latitude":58.424716,"currentOwner":{"name":"recycling","id":79989},"name":"NewFarmZone","id":2940,"totalTakeovers":7050,"region":{"country":"se","name":"Östergötland","id":139},"pointsPerHour":5,"longitude":15.571399,"takeoverPoints":125},"latitude":58.424716,"currentOwner":{"name":"recycling","id":79989},"time":"2021-07-24T17:43:55+0000","type":"takeover","longitude":15.571399},{"zone":{"previousOwner":{"name":"Cookie75","id":57237},"dateLastTaken":"2021-07-24T17:43:54+0000","latitude":59.759053,"totalTakeovers":2816,"pointsPerHour":4,"takeoverPoints":140,"dateCreated":"2010-09-01T00:00:00+0000","currentOwner":{"name":"capri","id":186499},"name":"NorthChurch","id":667,"region":{"country":"se","name":"Stockholm","id":141},"longitude":18.705319},"latitude":59.759053,"currentOwner":{"name":"capri","id":186499},"time":"2021-07-24T17:43:54+0000","type":"takeover","longitude":18.705319},{"zone":{"previousOwner":{"name":"bacchus_","id":225941},"dateLastTaken":"2021-07-24T17:43:45+0000","latitude":59.599939,"totalTakeovers":13127,"pointsPerHour":8,"takeoverPoints":80,"dateCreated":"2014-06-03T08:21:16+0000","currentOwner":{"name":"carinn","id":117795},"name":"BridgeHamer","id":31073,"region":{"country":"se","name":"Västmanland","id":143},"longitude":16.604408},"latitude":59.599939,"currentOwner":{"name":"carinn","id":117795},"time":"2021-07-24T17:43:45+0000","type":"takeover","longitude":16.604408},{"zone":{"previousOwner":{"name":"hsskberra","id":57540},"dateCreated":"2013-11-04T12:44:19+0000","dateLastTaken":"2021-07-24T17:43:40+0000","latitude":59.299307,"currentOwner":{"name":"BoggieXL","id":25775},"name":"Linktaket","id":22737,"totalTakeovers":3519,"region":{"country":"se","name":"Stockholm","id":141},"pointsPerHour":5,"longitude":18.100866,"takeoverPoints":125},"latitude":59.299307,"currentOwner":{"name":"BoggieXL","id":25775},"time":"2021-07-24T17:43:40+0000","type":"takeover","longitude":18.100866},{"zone":{"previousOwner":{"name":"mysten","id":253492},"dateCreated":"2013-06-07T10:00:00+0000","dateLastTaken":"2021-07-24T17:43:38+0000","latitude":59.359535,"currentOwner":{"name":"Hvalle","id":75468},"name":"EskilsVasa","id":19225,"totalTakeovers":5960,"region":{"country":"se","name":"Södermanland","id":140},"pointsPerHour":6,"longitude":16.520515,"takeoverPoints":110},"latitude":59.359535,"currentOwner":{"name":"Hvalle","id":75468},"time":"2021-07-24T17:43:38+0000","type":"takeover","longitude":16.520515},{"zone":{"previousOwner":{"name":"trexker","id":335855},"dateCreated":"2018-05-18T13:06:12+0000","dateLastTaken":"2021-07-24T17:43:36+0000","latitude":65.8219,"currentOwner":{"name":"Abacus","id":110951},"name":"Apelpaus","id":145889,"totalTakeovers":462,"region":{"country":"se","name":"Norrbotten","id":126},"pointsPerHour":3,"longitude":21.673374,"takeoverPoints":155},"latitude":65.8219,"currentOwner":{"name":"Abacus","id":110951},"time":"2021-07-24T17:43:36+0000","type":"takeover","longitude":21.673374},{"zone":{"previousOwner":{"name":"KenzieB","id":335935},"dateCreated":"2010-10-01T00:00:00+0000","dateLastTaken":"2021-07-24T17:43:36+0000","latitude":59.849672,"currentOwner":{"name":"Kaktus-Mats","id":61706},"name":"Sernander","id":472,"totalTakeovers":12838,"region":{"country":"se","name":"Uppsala","id":142},"pointsPerHour":6,"longitude":17.59463,"takeoverPoints":110},"latitude":59.849672,"currentOwner":{"name":"Kaktus-Mats","id":61706},"time":"2021-07-24T17:43:36+0000","type":"takeover","longitude":17.59463},{"zone":{"previousOwner":{"name":"GopherTea60","id":302844},"dateLastTaken":"2021-07-24T17:43:34+0000","latitude":54.602721,"totalTakeovers":10,"pointsPerHour":1,"takeoverPoints":185,"dateCreated":"2021-01-26T13:29:02+0000","currentOwner":{"name":"FeTaTo","id":310985},"name":"EdwardCarson","id":373702,"region":{"country":"gb","name":"Northern Ireland","id":206},"longitude":-5.834023},"latitude":54.602721,"currentOwner":{"name":"FeTaTo","id":310985},"time":"2021-07-24T17:43:34+0000","type":"takeover","longitude":-5.834023},{"zone":{"previousOwner":{"name":"DaHunter","id":95577},"dateCreated":"2014-05-31T21:00:00+0000","dateLastTaken":"2021-07-24T17:43:33+0000","latitude":59.4276,"currentOwner":{"name":"NoaNosen","id":335955},"name":"Görvälnsbadet","id":30843,"totalTakeovers":1196,"region":{"country":"se","name":"Stockholm","id":141},"pointsPerHour":4,"longitude":17.771003,"takeoverPoints":140},"latitude":59.4276,"currentOwner":{"name":"NoaNosen","id":335955},"time":"2021-07-24T17:43:33+0000","type":"takeover","longitude":17.771003},{"zone":{"previousOwner":{"name":"Katebo","id":176989},"dateLastTaken":"2021-07-24T17:43:30+0000","latitude":59.172158,"totalTakeovers":5866,"pointsPerHour":6,"takeoverPoints":110,"dateCreated":"2013-12-24T11:00:00+0000","currentOwner":{"name":"Jaderäven","id":132318},"name":"DalaröIller","id":24272,"region":{"country":"se","name":"Stockholm","id":141},"longitude":18.147946},"latitude":59.172158,"currentOwner":{"name":"Jaderäven","id":132318},"time":"2021-07-24T17:43:30+0000","type":"takeover","longitude":18.147946},{"zone":{"previousOwner":{"name":"LMA","id":59101},"dateCreated":"2016-02-01T11:07:30+0000","dateLastTaken":"2021-07-24T17:43:29+0000","latitude":59.323653,"currentOwner":{"name":"Packo","id":8147},"name":"InteSåSjuk","id":63201,"totalTakeovers":5396,"region":{"country":"se","name":"Örebro","id":131},"pointsPerHour":6,"longitude":14.519573,"takeoverPoints":110},"latitude":59.323653,"currentOwner":{"name":"Packo","id":8147},"time":"2021-07-24T17:43:29+0000","type":"takeover","longitude":14.519573},{"zone":{"previousOwner":{"name":"Clipperton","id":161073},"dateCreated":"2019-10-25T10:30:00+0000","dateLastTaken":"2021-07-24T17:43:28+0000","latitude":63.162229,"currentOwner":{"name":"Pappamogge","id":93779},"name":"FolkEllerHäst","id":220956,"totalTakeovers":2235,"region":{"country":"se","name":"Jämtland","id":128},"pointsPerHour":7,"longitude":14.676611,"takeoverPoints":95},"latitude":63.162229,"currentOwner":{"name":"Pappamogge","id":93779},"time":"2021-07-24T17:43:28+0000","type":"takeover","longitude":14.676611},{"zone":{"previousOwner":{"name":"DocterD","id":124758},"dateCreated":"2021-02-28T23:01:06+0000","dateLastTaken":"2021-07-24T17:43:28+0000","latitude":57.762384,"currentOwner":{"name":"Livorno","id":165719},"name":"Tuveraset","id":388434,"totalTakeovers":100,"region":{"country":"se","name":"Västra Götaland","id":132},"pointsPerHour":3,"longitude":11.932984,"takeoverPoints":155},"latitude":57.762384,"currentOwner":{"name":"Livorno","id":165719},"time":"2021-07-24T17:43:28+0000","type":"takeover","longitude":11.932984},{"zone":{"previousOwner":{"name":"Snabelanna","id":27629},"dateCreated":"2014-12-24T14:00:00+0000","dateLastTaken":"2021-07-24T17:43:27+0000","latitude":56.663016,"currentOwner":{"name":"GW007","id":77704},"name":"KalmarSkate","id":42464,"totalTakeovers":4921,"region":{"country":"se","name":"Kalmar","id":137},"pointsPerHour":5,"longitude":16.316314,"takeoverPoints":125},"latitude":56.663016,"currentOwner":{"name":"GW007","id":77704},"time":"2021-07-24T17:43:27+0000","type":"takeover","longitude":16.316314},{"zone":{"previousOwner":{"name":"Nattuggla","id":165442},"dateLastTaken":"2021-07-24T17:43:26+0000","latitude":59.918499,"totalTakeovers":8589,"pointsPerHour":5,"takeoverPoints":125,"dateCreated":"2013-12-24T15:00:00+0000","currentOwner":{"name":"gregga","id":232882},"name":"PennyBridge","id":24228,"region":{"country":"se","name":"Västmanland","id":143},"longitude":16.587327},"latitude":59.918499,"currentOwner":{"name":"gregga","id":232882},"time":"2021-07-24T17:43:26+0000","type":"takeover","longitude":16.587327},{"zone":{"previousOwner":{"name":"WildWest","id":256604},"dateCreated":"2012-07-24T20:55:51+0000","dateLastTaken":"2021-07-24T17:43:25+0000","latitude":63.836885,"currentOwner":{"name":"67milla","id":73107},"name":"UmeDrakZon","id":9762,"totalTakeovers":11221,"region":{"country":"se","name":"Västerbotten","id":127},"pointsPerHour":7,"longitude":20.252737,"takeoverPoints":95},"latitude":63.836885,"currentOwner":{"name":"67milla","id":73107},"time":"2021-07-24T17:43:25+0000","type":"takeover","longitude":20.252737},{"zone":{"previousOwner":{"name":"silludden","id":63445},"dateCreated":"2020-05-29T11:52:45+0000","dateLastTaken":"2021-07-24T17:43:25+0000","latitude":55.79093,"currentOwner":{"name":"Vento101","id":78248},"name":"OrtensSon","id":296896,"totalTakeovers":204,"region":{"country":"se","name":"Skåne","id":135},"pointsPerHour":3,"longitude":13.097592,"takeoverPoints":155},"latitude":55.79093,"currentOwner":{"name":"Vento101","id":78248},"time":"2021-07-24T17:43:25+0000","type":"takeover","longitude":13.097592},{"zone":{"previousOwner":{"name":"Munin","id":62408},"dateCreated":"2014-02-25T16:13:01+0000","dateLastTaken":"2021-07-24T17:43:21+0000","latitude":59.300567,"currentOwner":{"name":"VNV_Legion","id":69470},"name":"SaltaDufvan","id":25810,"totalTakeovers":4538,"region":{"country":"se","name":"Stockholm","id":141},"pointsPerHour":6,"longitude":18.198725,"takeoverPoints":110},"latitude":59.300567,"currentOwner":{"name":"VNV_Legion","id":69470},"time":"2021-07-24T17:43:21+0000","type":"takeover","longitude":18.198725},{"zone":{"previousOwner":{"name":"NixQ2","id":76139},"dateCreated":"2016-09-12T20:11:14+0000","dateLastTaken":"2021-07-24T17:43:20+0000","latitude":67.14764,"currentOwner":{"name":"Sn0trik","id":301404},"name":"Thud","id":84884,"totalTakeovers":1546,"region":{"country":"se","name":"Norrbotten","id":126},"pointsPerHour":4,"longitude":20.654346,"takeoverPoints":140},"latitude":67.14764,"currentOwner":{"name":"Sn0trik","id":301404},"time":"2021-07-24T17:43:20+0000","type":"takeover","longitude":20.654346},{"zone":{"previousOwner":{"name":"BRIANPFO","id":298521},"dateCreated":"2020-11-13T06:41:21+0000","dateLastTaken":"2021-07-24T17:43:20+0000","latitude":53.695996,"currentOwner":{"name":"HarRóiMa","id":310572},"name":"Tricketts","id":350802,"totalTakeovers":153,"region":{"country":"gb","name":"North West England","id":201},"pointsPerHour":1,"longitude":-2.250682,"takeoverPoints":185},"latitude":53.695996,"currentOwner":{"name":"HarRóiMa","id":310572},"time":"2021-07-24T17:43:20+0000","type":"takeover","longitude":-2.250682},{"zone":{"dateCreated":"2020-10-28T19:54:00+0000","dateLastTaken":"2021-07-24T17:43:18+0000","latitude":51.259709,"currentOwner":{"name":"Cheers666+1","id":314683},"name":"Londlandes","id":348771,"totalTakeovers":5,"region":{"country":"gb","name":"South East England","id":205},"pointsPerHour":1,"longitude":-0.853198,"takeoverPoints":185},"latitude":51.259709,"currentOwner":{"name":"Cheers666+1","id":314683},"time":"2021-07-24T17:43:18+0000","type":"takeover","longitude":-0.853198},{"zone":{"previousOwner":{"name":"crvenazvezda91","id":223981},"dateLastTaken":"2021-07-24T17:43:18+0000","latitude":55.71528,"totalTakeovers":4117,"pointsPerHour":6,"takeoverPoints":110,"dateCreated":"2013-12-24T11:00:00+0000","currentOwner":{"name":"bastena","id":327438},"name":"NorraFriden","id":23960,"region":{"country":"se","name":"Skåne","id":135},"longitude":13.194672},"latitude":55.71528,"currentOwner":{"name":"bastena","id":327438},"time":"2021-07-24T17:43:18+0000","type":"takeover","longitude":13.194672},{"zone":{"previousOwner":{"name":"North_Wing","id":314262},"dateCreated":"2020-08-24T07:00:00+0000","dateLastTaken":"2021-07-24T17:43:16+0000","latitude":56.057636,"currentOwner":{"name":"DoodleDad","id":311442},"name":"TantallonRest","id":321458,"totalTakeovers":433,"region":{"country":"gb","name":"Scotland","id":200},"pointsPerHour":3,"longitude":-2.707379,"takeoverPoints":155},"latitude":56.057636,"currentOwner":{"name":"DoodleDad","id":311442},"time":"2021-07-24T17:43:16+0000","type":"takeover","longitude":-2.707379},{"zone":{"previousOwner":{"name":"inda7","id":61103},"dateCreated":"2015-03-29T18:54:18+0000","dateLastTaken":"2021-07-24T17:43:14+0000","latitude":63.834517,"currentOwner":{"name":"WildWest","id":256604},"name":"Galoppzon","id":47614,"totalTakeovers":13881,"region":{"country":"se","name":"Västerbotten","id":127},"pointsPerHour":8,"longitude":20.235518,"takeoverPoints":80},"latitude":63.834517,"currentOwner":{"name":"WildWest","id":256604},"time":"2021-07-24T17:43:14+0000","type":"takeover","longitude":20.235518},{"zone":{"previousOwner":{"name":"Chrillewille","id":273241},"dateCreated":"2014-04-03T07:21:22+0000","dateLastTaken":"2021-07-24T17:43:13+0000","latitude":59.597489,"currentOwner":{"name":"bacchus_","id":225941},"name":"TigrisZone","id":27802,"totalTakeovers":12078,"region":{"country":"se","name":"Västmanland","id":143},"pointsPerHour":8,"longitude":16.514022,"takeoverPoints":80},"latitude":59.597489,"currentOwner":{"name":"bacchus_","id":225941},"time":"2021-07-24T17:43:13+0000","type":"takeover","longitude":16.514022},{"zone":{"previousOwner":{"name":"CycloConverter","id":169861},"dateCreated":"2015-09-06T00:41:13+0000","dateLastTaken":"2021-07-24T17:43:13+0000","latitude":59.600831,"currentOwner":{"name":"mrAce","id":168289},"name":"Muncktells","id":57188,"totalTakeovers":2208,"region":{"country":"se","name":"Västmanland","id":143},"pointsPerHour":5,"longitude":16.698624,"takeoverPoints":125},"latitude":59.600831,"currentOwner":{"name":"mrAce","id":168289},"time":"2021-07-24T17:43:13+0000","type":"takeover","longitude":16.698624},{"zone":{"previousOwner":{"name":"Fe4sen","id":138381},"dateCreated":"2014-08-04T04:00:00+0000","dateLastTaken":"2021-07-24T17:43:11+0000","latitude":59.815164,"currentOwner":{"name":"andraannanaser","id":304705},"name":"NåntunasFält","id":33262,"totalTakeovers":3425,"region":{"country":"se","name":"Uppsala","id":142},"pointsPerHour":6,"longitude":17.679653,"takeoverPoints":110},"latitude":59.815164,"currentOwner":{"name":"andraannanaser","id":304705},"time":"2021-07-24T17:43:11+0000","type":"takeover","longitude":17.679653},{"zone":{"previousOwner":{"name":"DamageKnä","id":321908},"dateCreated":"2014-10-10T19:48:09+0000","dateLastTaken":"2021-07-24T17:43:03+0000","latitude":59.695278,"currentOwner":{"name":"Ruotsi","id":253387},"name":"RodCottage","id":38241,"totalTakeovers":1994,"region":{"country":"se","name":"Västmanland","id":143},"pointsPerHour":3,"longitude":16.238506,"takeoverPoints":155},"latitude":59.695278,"currentOwner":{"name":"Ruotsi","id":253387},"time":"2021-07-24T17:43:03+0000","type":"takeover","longitude":16.238506},{"zone":{"previousOwner":{"name":"Helge70","id":108710},"dateCreated":"2020-05-27T01:00:00+0000","dateLastTaken":"2021-07-24T17:43:00+0000","latitude":56.670849,"currentOwner":{"name":"westervik","id":112443},"name":"GamlaMuren","id":298523,"totalTakeovers":522,"region":{"country":"se","name":"Kalmar","id":137},"pointsPerHour":4,"longitude":16.295347,"takeoverPoints":140},"latitude":56.670849,"currentOwner":{"name":"westervik","id":112443},"time":"2021-07-24T17:43:00+0000","type":"takeover","longitude":16.295347},{"zone":{"previousOwner":{"name":"nilbir","id":182660},"dateCreated":"2014-12-24T09:00:00+0000","dateLastTaken":"2021-07-24T17:43:00+0000","latitude":59.388407,"currentOwner":{"name":"Weeturfarn","id":63172},"name":"BeaverNest","id":43109,"totalTakeovers":7612,"region":{"country":"se","name":"Värmland","id":130},"pointsPerHour":7,"longitude":13.550722,"takeoverPoints":95},"latitude":59.388407,"currentOwner":{"name":"Weeturfarn","id":63172},"time":"2021-07-24T17:43:00+0000","type":"takeover","longitude":13.550722},{"zone":{"previousOwner":{"name":"derdlim","id":117540},"dateLastTaken":"2021-07-24T17:42:57+0000","latitude":58.751681,"totalTakeovers":12205,"pointsPerHour":7,"takeoverPoints":95,"dateCreated":"2013-08-01T10:00:00+0000","currentOwner":{"name":"galax","id":57332},"name":"Folkungabron","id":21092,"region":{"country":"se","name":"Södermanland","id":140},"longitude":17.012068},"latitude":58.751681,"currentOwner":{"name":"galax","id":57332},"time":"2021-07-24T17:42:57+0000","type":"takeover","longitude":17.012068},{"zone":{"previousOwner":{"name":"cloudwalker","id":137961},"dateCreated":"2010-12-22T13:17:01+0000","dateLastTaken":"2021-07-24T17:42:55+0000","latitude":55.429483,"currentOwner":{"name":"eiisaapeittää","id":167218},"name":"YCitySquare","id":1187,"totalTakeovers":4489,"region":{"country":"se","name":"Skåne","id":135},"pointsPerHour":7,"longitude":13.819999,"takeoverPoints":95},"latitude":55.429483,"currentOwner":{"name":"eiisaapeittää","id":167218},"time":"2021-07-24T17:42:55+0000","type":"takeover","longitude":13.819999},{"zone":{"previousOwner":{"name":"fisken021","id":274406},"dateCreated":"2017-01-27T21:09:13+0000","dateLastTaken":"2021-07-24T17:42:54+0000","latitude":59.606591,"currentOwner":{"name":"elGatoDeFiesta","id":164215},"name":"Sjömärket","id":94913,"totalTakeovers":11721,"region":{"country":"se","name":"Västmanland","id":143},"pointsPerHour":8,"longitude":16.560926,"takeoverPoints":80},"latitude":59.606591,"currentOwner":{"name":"elGatoDeFiesta","id":164215},"time":"2021-07-24T17:42:54+0000","type":"takeover","longitude":16.560926},{"zone":{"previousOwner":{"name":"Granbero","id":113364},"dateCreated":"2015-06-08T06:00:00+0000","dateLastTaken":"2021-07-24T17:42:54+0000","latitude":57.736296,"currentOwner":{"name":"Standard","id":124526},"name":"Stickstigen","id":54290,"totalTakeovers":3693,"region":{"country":"se","name":"Kalmar","id":137},"pointsPerHour":5,"longitude":16.648731,"takeoverPoints":125},"latitude":57.736296,"currentOwner":{"name":"Standard","id":124526},"time":"2021-07-24T17:42:54+0000","type":"takeover","longitude":16.648731},{"zone":{"previousOwner":{"name":"Lulle1","id":334708},"dateCreated":"2012-03-19T21:17:27+0000","dateLastTaken":"2021-07-24T17:42:52+0000","latitude":59.245128,"currentOwner":{"name":"Vintercykel","id":326113},"name":"HiddenCliff","id":7006,"totalTakeovers":884,"region":{"country":"se","name":"Stockholm","id":141},"pointsPerHour":3,"longitude":18.003643,"takeoverPoints":155},"latitude":59.245128,"currentOwner":{"name":"Vintercykel","id":326113},"time":"2021-07-24T17:42:52+0000","type":"takeover","longitude":18.003643},{"zone":{"previousOwner":{"name":"hookturf","id":73461},"dateCreated":"2013-11-12T21:20:21+0000","dateLastTaken":"2021-07-24T17:42:45+0000","latitude":58.422848,"currentOwner":{"name":"recycling","id":79989},"name":"SörgårdZone","id":22853,"totalTakeovers":5637,"region":{"country":"se","name":"Östergötland","id":139},"pointsPerHour":4,"longitude":15.57452,"takeoverPoints":140},"latitude":58.422848,"currentOwner":{"name":"recycling","id":79989},"time":"2021-07-24T17:42:45+0000","type":"takeover","longitude":15.57452},{"zone":{"previousOwner":{"name":"WarriorOne","id":335337},"dateCreated":"2010-09-04T14:41:37+0000","dateLastTaken":"2021-07-24T17:42:45+0000","latitude":60.484528,"currentOwner":{"name":"corp","id":46166},"name":"Borlanche","id":648,"totalTakeovers":16661,"region":{"country":"se","name":"Dalarna","id":129},"pointsPerHour":6,"longitude":15.430339,"takeoverPoints":110},"latitude":60.484528,"currentOwner":{"name":"corp","id":46166},"time":"2021-07-24T17:42:45+0000","type":"takeover","longitude":15.430339},{"zone":{"previousOwner":{"name":"VincentVega","id":58769},"dateLastTaken":"2021-07-24T17:42:44+0000","latitude":55.604036,"totalTakeovers":11542,"pointsPerHour":7,"takeoverPoints":95,"dateCreated":"2014-04-06T12:40:17+0000","currentOwner":{"name":"R@W","id":15754},"name":"Paulibron","id":27829,"region":{"country":"se","name":"Skåne","id":135},"longitude":13.010813},"latitude":55.604036,"currentOwner":{"name":"R@W","id":15754},"time":"2021-07-24T17:42:44+0000","type":"takeover","longitude":13.010813},{"zone":{"previousOwner":{"name":"MyZon","id":179522},"dateCreated":"2017-10-06T05:00:00+0000","dateLastTaken":"2021-07-24T17:42:44+0000","latitude":59.307741,"currentOwner":{"name":"albee","id":96946},"name":"Kanalvägspark","id":122329,"totalTakeovers":7060,"region":{"country":"se","name":"Stockholm","id":141},"pointsPerHour":8,"longitude":18.109629,"takeoverPoints":80},"latitude":59.307741,"currentOwner":{"name":"albee","id":96946},"time":"2021-07-24T17:42:44+0000","type":"takeover","longitude":18.109629},{"zone":{"previousOwner":{"name":"jösses...då","id":113416},"dateCreated":"2016-03-24T17:00:00+0000","dateLastTaken":"2021-07-24T17:42:39+0000","latitude":57.479195,"currentOwner":{"name":"Has","id":281981},"name":"Hallå-Hallå","id":64601,"totalTakeovers":1796,"region":{"country":"se","name":"Halland","id":134},"pointsPerHour":3,"longitude":12.073202,"takeoverPoints":155},"latitude":57.479195,"currentOwner":{"name":"Has","id":281981},"time":"2021-07-24T17:42:39+0000","type":"takeover","longitude":12.073202},{"zone":{"previousOwner":{"name":"RogerG","id":305042},"dateCreated":"2021-02-01T09:00:00+0000","dateLastTaken":"2021-07-24T17:42:37+0000","latitude":56.19252,"currentOwner":{"name":"whit1001","id":304319},"name":"RamoyleLink","id":374349,"totalTakeovers":320,"region":{"country":"gb","name":"Scotland","id":200},"pointsPerHour":2,"longitude":-3.96307,"takeoverPoints":170},"latitude":56.19252,"currentOwner":{"name":"whit1001","id":304319},"time":"2021-07-24T17:42:37+0000","type":"takeover","longitude":-3.96307},{"zone":{"previousOwner":{"name":"V12","id":241798},"dateCreated":"2012-08-12T21:13:47+0000","dateLastTaken":"2021-07-24T17:42:36+0000","latitude":56.282749,"currentOwner":{"name":"Zpennis_ZT","id":39482},"name":"MölleHarbor","id":10439,"totalTakeovers":805,"region":{"country":"se","name":"Skåne","id":135},"pointsPerHour":2,"longitude":12.494061,"takeoverPoints":170},"latitude":56.282749,"currentOwner":{"name":"Zpennis_ZT","id":39482},"time":"2021-07-24T17:42:36+0000","type":"takeover","longitude":12.494061},{"zone":{"previousOwner":{"name":"spirit303","id":46566},"dateCreated":"2020-02-07T23:41:19+0000","dateLastTaken":"2021-07-24T17:42:35+0000","latitude":60.493661,"currentOwner":{"name":"WarriorOne","id":335337},"name":"TjänaTjärna","id":227245,"totalTakeovers":958,"region":{"country":"se","name":"Dalarna","id":129},"pointsPerHour":5,"longitude":15.399362,"takeoverPoints":125},"latitude":60.493661,"currentOwner":{"name":"WarriorOne","id":335337},"time":"2021-07-24T17:42:35+0000","type":"takeover","longitude":15.399362},{"zone":{"previousOwner":{"name":"Mr.Strike","id":111064},"dateLastTaken":"2021-07-24T17:42:34+0000","latitude":59.060553,"totalTakeovers":4001,"pointsPerHour":5,"takeoverPoints":125,"dateCreated":"2014-02-26T11:00:00+0000","currentOwner":{"name":"Masken68","id":227013},"name":"HallsbergGolf","id":26112,"region":{"country":"se","name":"Örebro","id":131},"longitude":15.098138},"latitude":59.060553,"currentOwner":{"name":"Masken68","id":227013},"time":"2021-07-24T17:42:34+0000","type":"takeover","longitude":15.098138},{"zone":{"dateCreated":"2019-07-20T18:51:55+0000","dateLastTaken":"2021-07-24T17:42:33+0000","latitude":59.794054,"currentOwner":{"name":"Kygni","id":105263},"name":"Laggagrottan","id":204182,"totalTakeovers":36,"region":{"country":"se","name":"Uppsala","id":142},"pointsPerHour":1,"longitude":17.837488,"takeoverPoints":185},"latitude":59.794054,"currentOwner":{"name":"Kygni","id":105263},"time":"2021-07-24T17:42:33+0000","type":"takeover","longitude":17.837488},{"zone":{"previousOwner":{"name":"TheHellion","id":21797},"dateCreated":"2012-05-12T18:58:21+0000","dateLastTaken":"2021-07-24T17:42:33+0000","latitude":63.167232,"currentOwner":{"name":"evalin","id":120753},"name":"LillaBryggan","id":8907,"totalTakeovers":5380,"region":{"country":"se","name":"Jämtland","id":128},"pointsPerHour":6,"longitude":14.703157,"takeoverPoints":110},"latitude":63.167232,"currentOwner":{"name":"evalin","id":120753},"time":"2021-07-24T17:42:33+0000","type":"takeover","longitude":14.703157},{"zone":{"previousOwner":{"name":"Bflod","id":253072},"dateCreated":"2014-07-14T06:00:00+0000","dateLastTaken":"2021-07-24T17:42:32+0000","latitude":59.265902,"currentOwner":{"name":"edeby","id":21042},"name":"MariesHammare","id":32403,"totalTakeovers":1007,"region":{"country":"se","name":"Södermanland","id":140},"pointsPerHour":1,"longitude":17.228559,"takeoverPoints":185},"latitude":59.265902,"currentOwner":{"name":"edeby","id":21042},"time":"2021-07-24T17:42:32+0000","type":"takeover","longitude":17.228559},{"zone":{"previousOwner":{"name":"bacchus_","id":225941},"dateCreated":"2014-09-02T08:22:23+0000","dateLastTaken":"2021-07-24T17:42:32+0000","latitude":59.582718,"currentOwner":{"name":"-SORTSIUS-","id":333084},"name":"Sextirakan","id":34121,"totalTakeovers":4385,"region":{"country":"se","name":"Västmanland","id":143},"pointsPerHour":7,"longitude":16.508256,"takeoverPoints":95},"latitude":59.582718,"currentOwner":{"name":"-SORTSIUS-","id":333084},"time":"2021-07-24T17:42:32+0000","type":"takeover","longitude":16.508256}]