[{"zone":{"previousOwner":{"name":"MrNiceGuy","id":108848},"dateCreated":"2014-09-19T16:00:00+0000","dateLastTaken":"2021-07-24T02:05:34+0000","latitude":58.410054,"currentOwner":{"name":"Chianti","id":198600},"name":"VästÖstgöta","id":36858,"totalTakeovers":12222,"region":{"country":"se","name":"Östergötland","id":139},"pointsPerHour":8,"longitude":15.609641,"takeoverPoints":80},"latitude":58.410054,"currentOwner":{"name":"Chianti","id":198600},"time":"2021-07-24T02:05:34+0000","type":"takeover","longitude":15.609641},{"zone":{"previousOwner":{"name":"Scott63","id":207476},"dateCreated":"2015-04-12T20:50:53+0000","dateLastTaken":"2021-07-24T02:05:10+0000","latitude":63.818638,"currentOwner":{"name":"inda7","id":61103},"name":"NorraEntrén","id":48443,"totalTakeovers":33153,"region":{"country":"se","name":"Västerbotten","id":127},"pointsPerHour":9,"longitude":20.297771,"takeoverPoints":65},"latitude":63.818638,"currentOwner":{"name":"inda7","id":61103},"time":"2021-07-24T02:05:10+0000","type":"takeover","longitude":20.297771},{"zone":{"previousOwner":{"name":"haneses","id":198046},"dateCreated":"2012-02-10T20:33:17+0000","dateLastTaken":"2021-07-24T02:04:39+0000","latitude":55.456488,"currentOwner":{"name":"Sille1979","id":97486},"name":"NordhavnsVej","id":6195,"totalTakeovers":259,"region":{"country":"dk","name":"Sjælland","id":173},"pointsPerHour":1,"longitude":12.190219,"takeoverPoints":185},"latitude":55.456488,"currentOwner":{"name":"Sille1979","id":97486},"time":"2021-07-24T02:04:39+0000","type":"takeover","longitude":12.190219},{"zone":{"previousOwner":{"name":"nessi","id":178661},"dateCreated":"2014-06-30T18:00:00+0000","dateLastTaken":"2021-07-24T02:02:53+0000","latitude":58.413016,"currentOwner":{"name":"Chianti","id":198600},"name":"Hunnepark","id":31508,"totalTakeovers":16254,"region":{"country":"se","name":"Östergötland","id":139},"pointsPerHour":8,"longitude":15.608448,"takeoverPoints":80},"latitude":58.413016,"currentOwner":{"name":"Chianti","id":198600},"time":"2021-07-24T02:02:53+0000","type":"takeover","longitude":15.608448},{"zone":{"previousOwner":{"name":"Superelak","id":126940},"dateCreated":"2014-08-17T18:01:02+0000","dateLastTaken":"2021-07-24T02:02:43+0000","latitude":63.822128,"currentOwner":{"name":"inda7","id":61103},"name":"AxtorpZone","id":33640,"totalTakeovers":25688,"region":{"country":"se","name":"Västerbotten","id":127},"pointsPerHour":9,"longitude":20.300833,"takeoverPoints":65},"latitude":63.822128,"currentOwner":{"name":"inda7","id":61103},"time":"2021-07-24T02:02:43+0000","type":"takeover","longitude":20.300833},{"zone":{"previousOwner":{"name":"Scott63","id":207476},"dateCreated":"2010-10-12T00:00:00+0000","dateLastTaken":"2021-07-24T02:01:07+0000","latitude":63.820727,"currentOwner":{"name":"inda7","id":61103},"name":"BehindTrees","id":1002,"totalTakeovers":31038,"region":{"country":"se","name":"Västerbotten","id":127},"pointsPerHour":9,"longitude":20.304897,"takeoverPoints":65},"latitude":63.820727,"currentOwner":{"name":"inda7","id":61103},"time":"2021-07-24T02:01:07+0000","type":"takeover","longitude":20.304897},{"zone":{"previousOwner":{"name":"haneses","id":198046},"dateCreated":"2012-02-10T20:27:23+0000","dateLastTaken":"2021-07-24T02:00:50+0000","latitude":55.456617,"currentOwner":{"name":"Sille1979","id":97486},"name":"KøgeTorv","id":6190,"totalTakeovers":588,"region":{"country":"dk","name":"Sjælland","id":173},"pointsPerHour":1,"longitude":12.181369,"takeoverPoints":185},"latitude":55.456617,"currentOwner":{"name":"Sille1979","id":97486},"time":"2021-07-24T02:00:50+0000","type":"takeover","longitude":12.181369},{"zone":{"previousOwner":{"name":"elmakatt","id":241529},"dateCreated":"2011-01-13T21:58:26+0000","dateLastTaken":"2021-07-24T02:00:37+0000","latitude":58.415845,"currentOwner":{"name":"Chianti","id":198600},"name":"BerzeliusZone","id":1322,"totalTakeovers":13031,"region":{"country":"se","name":"Östergötland","id":139},"pointsPerHour":7,"longitude":15.609502,"takeoverPoints":95},"latitude":58.415845,"currentOwner":{"name":"Chianti","id":198600},"time":"2021-07-24T02:00:37+0000","type":"takeover","longitude":15.609502}]