[{"zone":{"previousOwner":{"name":"topten","id":17328},"dateCreated":"2017-09-25T05:00:00+0000","dateLastTaken":"2021-07-27T06:48:31+0000","latitude":59.365638,"currentOwner":{"name":"Silversmurfen","id":2380},"name":"PåTvärsan","id":119702,"totalTakeovers":2484,"region":{"country":"se","name":"Stockholm","id":141},"pointsPerHour":6,"longitude":17.978662,"takeoverPoints":110},"latitude":59.365638,"currentOwner":{"name":"Silversmurfen","id":2380},"time":"2021-07-27T06:48:31+0000","type":"takeover","longitude":17.978662},{"zone":{"previousOwner":{"name":"Seafi","id":329537},"dateCreated":"2018-06-23T11:52:22+0000","dateLastTaken":"2021-07-27T06:48:30+0000","latitude":57.172746,"currentOwner":{"name":"Seafi","id":329537},"name":"VärnaVattnet","id":154226,"totalTakeovers":267,"region":{"country":"se","name":"Jönköping","id":133},"pointsPerHour":1,"longitude":14.020712,"takeoverPoints":185},"latitude":57.172746,"currentOwner":{"name":"Seafi","id":329537},"time":"2021-07-27T06:48:30+0000","type":"takeover","longitude":14.020712},{"zone":{"previousOwner":{"name":"GillianPFO","id":310947},"dateCreated":"2021-02-13T08:00:00+0000","dateLastTaken":"2021-07-27T06:48:30+0000","latitude":53.753135,"currentOwner":{"name":"HarRóiMa","id":310572},"name":"ClowPathMeet","id":382290,"totalTakeovers":78,"region":{"country":"gb","name":"North West England","id":201},"pointsPerHour":1,"longitude":-2.249139,"takeoverPoints":185},"latitude":53.753135,"currentOwner":{"name":"HarRóiMa","id":310572},"time":"2021-07-27T06:48:30+0000","type":"takeover","longitude":-2.249139},{"zone":{"previousOwner":{"name":"Gammelsmurf","id":44307},"dateCreated":"2017-09-18T08:00:00+0000","dateLastTaken":"2021-07-27T06:48:28+0000","latitude":57.753767,"currentOwner":{"name":"TompaBoy51","id":65370},"name":"Djupet","id":125751,"totalTakeovers":7502,"region":{"country":"se","name":"Kalmar","id":137},"pointsPerHour":6,"longitude":16.620604,"takeoverPoints":110},"latitude":57.753767,"currentOwner":{"name":"TompaBoy51","id":65370},"time":"2021-07-27T06:48:28+0000","type":"takeover","longitude":16.620604},{"zone":{"previousOwner":{"name":"Scott63","id":207476},"dateLastTaken":"2021-07-27T06:48:24+0000","latitude":63.823598,"totalTakeovers":30629,"pointsPerHour":9,"takeoverPoints":65,"dateCreated":"2010-10-12T00:00:00+0000","currentOwner":{"name":"Eliza","id":242724},"name":"Stadskyrkan","id":993,"region":{"country":"se","name":"Västerbotten","id":127},"longitude":20.268712},"latitude":63.823598,"currentOwner":{"name":"Eliza","id":242724},"time":"2021-07-27T06:48:24+0000","type":"takeover","longitude":20.268712},{"zone":{"previousOwner":{"name":"SEBontheway","id":334608},"dateCreated":"2010-08-02T00:00:00+0000","dateLastTaken":"2021-07-27T06:48:19+0000","latitude":62.387489,"currentOwner":{"name":"pellea64","id":91681},"name":"Sundzone","id":338,"totalTakeovers":11531,"region":{"country":"se","name":"Västernorrland","id":145},"pointsPerHour":6,"longitude":17.298075,"takeoverPoints":110},"latitude":62.387489,"currentOwner":{"name":"pellea64","id":91681},"time":"2021-07-27T06:48:19+0000","type":"takeover","longitude":17.298075},{"zone":{"previousOwner":{"name":"CanC","id":240542},"dateCreated":"2019-08-14T07:56:01+0000","dateLastTaken":"2021-07-27T06:48:15+0000","latitude":60.432008,"currentOwner":{"name":"Welshman","id":305225},"name":"Tähkäpuisto","id":204622,"totalTakeovers":341,"region":{"country":"fi","name":"Lounais-Suomi","id":184},"pointsPerHour":3,"longitude":22.297724,"takeoverPoints":155},"latitude":60.432008,"currentOwner":{"name":"Welshman","id":305225},"time":"2021-07-27T06:48:15+0000","type":"takeover","longitude":22.297724},{"zone":{"previousOwner":{"name":"CulDeSac","id":123337},"dateCreated":"2015-03-08T06:00:00+0000","dateLastTaken":"2021-07-27T06:48:15+0000","latitude":59.505428,"currentOwner":{"name":"recycling","id":79989},"name":"Woolwelane","id":44103,"totalTakeovers":3065,"region":{"country":"se","name":"Västmanland","id":143},"pointsPerHour":3,"longitude":15.981783,"takeoverPoints":155},"latitude":59.505428,"currentOwner":{"name":"recycling","id":79989},"time":"2021-07-27T06:48:15+0000","type":"takeover","longitude":15.981783},{"zone":{"previousOwner":{"name":"Nilleville","id":49668},"dateCreated":"2014-08-02T16:16:48+0000","dateLastTaken":"2021-07-27T06:48:15+0000","latitude":60.673085,"currentOwner":{"name":"cave","id":37068},"name":"SeSåDeSimmar","id":33182,"totalTakeovers":6503,"region":{"country":"se","name":"Gävleborg","id":144},"pointsPerHour":7,"longitude":17.120101,"takeoverPoints":95},"latitude":60.673085,"currentOwner":{"name":"cave","id":37068},"time":"2021-07-27T06:48:15+0000","type":"takeover","longitude":17.120101},{"zone":{"previousOwner":{"name":"Pecpec","id":240549},"dateCreated":"2017-05-19T12:34:43+0000","dateLastTaken":"2021-07-27T06:48:15+0000","latitude":60.474961,"currentOwner":{"name":"Xtrmrunner","id":305266},"name":"Toppå","id":110482,"totalTakeovers":260,"region":{"country":"fi","name":"Lounais-Suomi","id":184},"pointsPerHour":1,"longitude":22.324178,"takeoverPoints":185},"latitude":60.474961,"currentOwner":{"name":"Xtrmrunner","id":305266},"time":"2021-07-27T06:48:15+0000","type":"takeover","longitude":22.324178},{"zone":{"previousOwner":{"name":"tynnered","id":105908},"dateLastTaken":"2021-07-27T06:48:14+0000","latitude":59.380292,"totalTakeovers":14415,"pointsPerHour":8,"takeoverPoints":80,"dateCreated":"2014-08-23T22:36:30+0000","currentOwner":{"name":"nilbir","id":182660},"name":"Tågabron","id":33737,"region":{"country":"se","name":"Värmland","id":130},"longitude":13.485921},"latitude":59.380292,"currentOwner":{"name":"nilbir","id":182660},"time":"2021-07-27T06:48:14+0000","type":"takeover","longitude":13.485921},{"zone":{"previousOwner":{"name":"Jonte67","id":284492},"dateCreated":"2012-03-27T22:50:12+0000","dateLastTaken":"2021-07-27T06:48:13+0000","latitude":55.577079,"currentOwner":{"name":"sadelgnidaren","id":202931},"name":"GlueStoneZone","id":7486,"totalTakeovers":3144,"region":{"country":"se","name":"Skåne","id":135},"pointsPerHour":5,"longitude":12.930964,"takeoverPoints":125},"latitude":55.577079,"currentOwner":{"name":"sadelgnidaren","id":202931},"time":"2021-07-27T06:48:13+0000","type":"takeover","longitude":12.930964},{"zone":{"previousOwner":{"name":"Spike_L","id":119955},"dateLastTaken":"2021-07-27T06:48:12+0000","latitude":60.112519,"totalTakeovers":17105,"pointsPerHour":8,"takeoverPoints":80,"dateCreated":"2013-10-05T12:57:06+0000","currentOwner":{"name":"Autumnman","id":194327},"name":"AndvareWoods1","id":22036,"region":{"country":"fi","name":"Åland","id":177},"longitude":19.936209},"latitude":60.112519,"currentOwner":{"name":"Autumnman","id":194327},"time":"2021-07-27T06:48:12+0000","type":"takeover","longitude":19.936209},{"zone":{"previousOwner":{"name":"Rauken68","id":281089},"dateCreated":"2011-12-24T11:21:59+0000","dateLastTaken":"2021-07-27T06:48:11+0000","latitude":59.275607,"currentOwner":{"name":"sina49","id":228650},"name":"CharlesWood","id":5321,"totalTakeovers":2916,"region":{"country":"se","name":"Örebro","id":131},"pointsPerHour":3,"longitude":15.145859,"takeoverPoints":155},"latitude":59.275607,"currentOwner":{"name":"sina49","id":228650},"time":"2021-07-27T06:48:11+0000","type":"takeover","longitude":15.145859},{"zone":{"previousOwner":{"name":"gim","id":137351},"dateCreated":"2012-03-26T11:21:44+0000","dateLastTaken":"2021-07-27T06:48:11+0000","latitude":57.672078,"currentOwner":{"name":"jösses...då","id":113416},"name":"GoldCoinZone","id":7423,"totalTakeovers":9361,"region":{"country":"se","name":"Västra Götaland","id":132},"pointsPerHour":7,"longitude":11.927514,"takeoverPoints":95},"latitude":57.672078,"currentOwner":{"name":"jösses...då","id":113416},"time":"2021-07-27T06:48:11+0000","type":"takeover","longitude":11.927514},{"zone":{"previousOwner":{"name":"tynnered","id":105908},"dateCreated":"2014-08-23T22:48:38+0000","dateLastTaken":"2021-07-27T06:48:08+0000","latitude":59.381369,"currentOwner":{"name":"B4RK","id":312893},"name":"Klarälvszon","id":33741,"totalTakeovers":13639,"region":{"country":"se","name":"Värmland","id":130},"pointsPerHour":7,"longitude":13.49248,"takeoverPoints":95},"latitude":59.381369,"currentOwner":{"name":"B4RK","id":312893},"time":"2021-07-27T06:48:08+0000","type":"takeover","longitude":13.49248},{"zone":{"previousOwner":{"name":"Lurvert","id":247917},"dateCreated":"2015-07-15T06:00:00+0000","dateLastTaken":"2021-07-27T06:48:07+0000","latitude":59.045642,"currentOwner":{"name":"Masken68","id":227013},"name":"Gramsgrotta","id":55636,"totalTakeovers":439,"region":{"country":"se","name":"Örebro","id":131},"pointsPerHour":1,"longitude":15.111962,"takeoverPoints":185},"latitude":59.045642,"currentOwner":{"name":"Masken68","id":227013},"time":"2021-07-27T06:48:07+0000","type":"takeover","longitude":15.111962},{"zone":{"previousOwner":{"name":"Krussidullen","id":74555},"dateLastTaken":"2021-07-27T06:48:05+0000","latitude":59.330405,"totalTakeovers":52298,"pointsPerHour":9,"takeoverPoints":65,"dateCreated":"2010-09-14T00:00:00+0000","currentOwner":{"name":"Heureka","id":89635},"name":"CentralZone","id":882,"region":{"country":"se","name":"Stockholm","id":141},"longitude":18.05868},"latitude":59.330405,"currentOwner":{"name":"Heureka","id":89635},"time":"2021-07-27T06:48:05+0000","type":"takeover","longitude":18.05868},{"zone":{"previousOwner":{"name":"Gusmasen","id":45475},"dateCreated":"2013-03-18T07:46:42+0000","dateLastTaken":"2021-07-27T06:48:05+0000","latitude":59.647299,"currentOwner":{"name":"Ferna","id":55488},"name":"PotPower","id":15961,"totalTakeovers":13344,"region":{"country":"se","name":"Västmanland","id":143},"pointsPerHour":7,"longitude":16.559527,"takeoverPoints":95},"latitude":59.647299,"currentOwner":{"name":"Ferna","id":55488},"time":"2021-07-27T06:48:05+0000","type":"takeover","longitude":16.559527},{"zone":{"previousOwner":{"name":"Munin","id":62408},"dateCreated":"2020-04-05T10:19:35+0000","dateLastTaken":"2021-07-27T06:48:05+0000","latitude":59.888857,"currentOwner":{"name":"mattihp","id":10151},"name":"Fylkingsplan","id":233343,"totalTakeovers":1420,"region":{"country":"se","name":"Uppsala","id":142},"pointsPerHour":6,"longitude":17.636434,"takeoverPoints":110},"latitude":59.888857,"currentOwner":{"name":"mattihp","id":10151},"time":"2021-07-27T06:48:05+0000","type":"takeover","longitude":17.636434},{"zone":{"previousOwner":{"name":"Erk-Gbg","id":255770},"dateLastTaken":"2021-07-27T06:48:02+0000","latitude":57.267259,"totalTakeovers":10435,"pointsPerHour":6,"takeoverPoints":110,"dateCreated":"2013-12-08T19:22:09+0000","currentOwner":{"name":"Miknor","id":278187},"name":"FabriksSkepp","id":23686,"region":{"country":"se","name":"Kalmar","id":137},"longitude":16.450801},"latitude":57.267259,"currentOwner":{"name":"Miknor","id":278187},"time":"2021-07-27T06:48:02+0000","type":"takeover","longitude":16.450801},{"zone":{"previousOwner":{"name":"Hundhedningen","id":327476},"dateCreated":"2012-04-25T20:33:02+0000","dateLastTaken":"2021-07-27T06:48:01+0000","latitude":59.399269,"currentOwner":{"name":"Tnegil","id":283579},"name":"Rondellzonen","id":8386,"totalTakeovers":2227,"region":{"country":"se","name":"Stockholm","id":141},"pointsPerHour":6,"longitude":18.055203,"takeoverPoints":110},"latitude":59.399269,"currentOwner":{"name":"Tnegil","id":283579},"time":"2021-07-27T06:48:01+0000","type":"takeover","longitude":18.055203},{"zone":{"previousOwner":{"name":"Jaktfalk","id":20160},"dateCreated":"2010-10-15T00:00:00+0000","dateLastTaken":"2021-07-27T06:47:58+0000","latitude":63.818501,"currentOwner":{"name":"Grack","id":7893},"name":"Farmerzone","id":1003,"totalTakeovers":31012,"region":{"country":"se","name":"Västerbotten","id":127},"pointsPerHour":9,"longitude":20.31442,"takeoverPoints":65},"latitude":63.818501,"currentOwner":{"name":"Grack","id":7893},"time":"2021-07-27T06:47:58+0000","type":"takeover","longitude":20.31442},{"zone":{"previousOwner":{"name":"viðvarandi","id":110642},"dateCreated":"2014-11-27T23:12:29+0000","dateLastTaken":"2021-07-27T06:47:57+0000","latitude":63.836197,"currentOwner":{"name":"U-V","id":117410},"name":"GökenKallar","id":42319,"totalTakeovers":6129,"region":{"country":"se","name":"Västerbotten","id":127},"pointsPerHour":7,"longitude":20.322273,"takeoverPoints":95},"latitude":63.836197,"currentOwner":{"name":"U-V","id":117410},"time":"2021-07-27T06:47:57+0000","type":"takeover","longitude":20.322273},{"zone":{"previousOwner":{"name":"ami68","id":167440},"dateCreated":"2012-03-21T22:49:39+0000","dateLastTaken":"2021-07-27T06:47:56+0000","latitude":60.61404,"currentOwner":{"name":"Rykken_vettu","id":225752},"name":"FaluCampus","id":7279,"totalTakeovers":5053,"region":{"country":"se","name":"Dalarna","id":129},"pointsPerHour":6,"longitude":15.652752,"takeoverPoints":110},"latitude":60.61404,"currentOwner":{"name":"Rykken_vettu","id":225752},"time":"2021-07-27T06:47:56+0000","type":"takeover","longitude":15.652752},{"zone":{"previousOwner":{"name":"mattihp","id":10151},"dateCreated":"2014-05-06T15:30:00+0000","dateLastTaken":"2021-07-27T06:47:55+0000","latitude":59.863451,"currentOwner":{"name":"tilverturf","id":166033},"name":"ÖsterplanII","id":28892,"totalTakeovers":22133,"region":{"country":"se","name":"Uppsala","id":142},"pointsPerHour":9,"longitude":17.638676,"takeoverPoints":65},"latitude":59.863451,"currentOwner":{"name":"tilverturf","id":166033},"time":"2021-07-27T06:47:55+0000","type":"takeover","longitude":17.638676},{"zone":{"previousOwner":{"name":"Krappis","id":155974},"dateLastTaken":"2021-07-27T06:47:54+0000","latitude":56.629678,"totalTakeovers":8984,"pointsPerHour":5,"takeoverPoints":125,"dateCreated":"2011-08-27T09:17:08+0000","currentOwner":{"name":"Toranagasama","id":97301},"name":"EmmaStation","id":2860,"region":{"country":"se","name":"Kalmar","id":137},"longitude":15.536374},"latitude":56.629678,"currentOwner":{"name":"Toranagasama","id":97301},"time":"2021-07-27T06:47:54+0000","type":"takeover","longitude":15.536374},{"zone":{"previousOwner":{"name":"egmondir","id":176939},"dateCreated":"2013-09-12T23:06:38+0000","dateLastTaken":"2021-07-27T06:47:52+0000","latitude":59.302943,"currentOwner":{"name":"froskand","id":230537},"name":"Dubbelskansen","id":21534,"totalTakeovers":12826,"region":{"country":"se","name":"Stockholm","id":141},"pointsPerHour":9,"longitude":18.079872,"takeoverPoints":65},"latitude":59.302943,"currentOwner":{"name":"froskand","id":230537},"time":"2021-07-27T06:47:52+0000","type":"takeover","longitude":18.079872},{"zone":{"previousOwner":{"name":"sadelgnidaren","id":202931},"dateCreated":"2017-11-30T08:38:22+0000","dateLastTaken":"2021-07-27T06:47:48+0000","latitude":55.568915,"currentOwner":{"name":"Piba","id":334220},"name":"SpelaAllan","id":138730,"totalTakeovers":2386,"region":{"country":"se","name":"Skåne","id":135},"pointsPerHour":4,"longitude":12.987843,"takeoverPoints":140},"latitude":55.568915,"currentOwner":{"name":"Piba","id":334220},"time":"2021-07-27T06:47:48+0000","type":"takeover","longitude":12.987843},{"zone":{"previousOwner":{"name":"Zwonko","id":239832},"dateCreated":"2013-11-01T02:39:58+0000","dateLastTaken":"2021-07-27T06:47:48+0000","latitude":57.697405,"currentOwner":{"name":"DocterD","id":124758},"name":"Kranen","id":22578,"totalTakeovers":7136,"region":{"country":"se","name":"Västra Götaland","id":132},"pointsPerHour":6,"longitude":11.910093,"takeoverPoints":110},"latitude":57.697405,"currentOwner":{"name":"DocterD","id":124758},"time":"2021-07-27T06:47:48+0000","type":"takeover","longitude":11.910093},{"zone":{"previousOwner":{"name":"PumbaSwede","id":24792},"dateCreated":"2013-02-10T00:00:00+0000","dateLastTaken":"2021-07-27T06:47:44+0000","latitude":62.404141,"currentOwner":{"name":"Lindhardt","id":212850},"name":"LundLiving","id":14488,"totalTakeovers":3045,"region":{"country":"se","name":"Västernorrland","id":145},"pointsPerHour":4,"longitude":17.264727,"takeoverPoints":140},"latitude":62.404141,"currentOwner":{"name":"Lindhardt","id":212850},"time":"2021-07-27T06:47:44+0000","type":"takeover","longitude":17.264727},{"zone":{"previousOwner":{"name":"Marpii2004","id":265339},"dateCreated":"2020-11-21T10:00:00+0000","dateLastTaken":"2021-07-27T06:47:44+0000","latitude":60.071339,"currentOwner":{"name":"Birykow","id":264072},"name":"Morotslotteri","id":350447,"totalTakeovers":845,"region":{"country":"fi","name":"Åland","id":177},"pointsPerHour":6,"longitude":19.957034,"takeoverPoints":110},"latitude":60.071339,"currentOwner":{"name":"Birykow","id":264072},"time":"2021-07-27T06:47:44+0000","type":"takeover","longitude":19.957034},{"zone":{"previousOwner":{"name":"Malleman","id":277109},"dateCreated":"2015-08-16T20:00:00+0000","dateLastTaken":"2021-07-27T06:47:44+0000","latitude":59.595801,"currentOwner":{"name":"boki","id":208220},"name":"SalmoTrutta","id":56148,"totalTakeovers":9502,"region":{"country":"se","name":"Västmanland","id":143},"pointsPerHour":7,"longitude":16.609056,"takeoverPoints":95},"latitude":59.595801,"currentOwner":{"name":"boki","id":208220},"time":"2021-07-27T06:47:44+0000","type":"takeover","longitude":16.609056},{"zone":{"previousOwner":{"name":"Marcus_P","id":311804},"dateCreated":"2021-03-27T08:00:00+0000","dateLastTaken":"2021-07-27T06:47:42+0000","latitude":53.558903,"currentOwner":{"name":"Veit","id":317382},"name":"Alsterkurve","id":393791,"totalTakeovers":97,"region":{"country":"de","name":"Hamburg","id":439},"pointsPerHour":3,"longitude":9.995614,"takeoverPoints":155},"latitude":53.558903,"currentOwner":{"name":"Veit","id":317382},"time":"2021-07-27T06:47:42+0000","type":"takeover","longitude":9.995614},{"zone":{"previousOwner":{"name":"Robboy","id":253605},"dateCreated":"2014-05-12T07:56:02+0000","dateLastTaken":"2021-07-27T06:47:37+0000","latitude":59.650779,"currentOwner":{"name":"Gusmasen","id":45475},"name":"Hoppstigen","id":29168,"totalTakeovers":7504,"region":{"country":"se","name":"Västmanland","id":143},"pointsPerHour":6,"longitude":16.516904,"takeoverPoints":110},"latitude":59.650779,"currentOwner":{"name":"Gusmasen","id":45475},"time":"2021-07-27T06:47:37+0000","type":"takeover","longitude":16.516904},{"zone":{"previousOwner":{"name":"Erk-Gbg","id":255770},"dateCreated":"2013-12-08T19:38:05+0000","dateLastTaken":"2021-07-27T06:47:37+0000","latitude":57.261938,"currentOwner":{"name":"Lindzter","id":275351},"name":"Sjösättning","id":23693,"totalTakeovers":4011,"region":{"country":"se","name":"Kalmar","id":137},"pointsPerHour":4,"longitude":16.465035,"takeoverPoints":140},"latitude":57.261938,"currentOwner":{"name":"Lindzter","id":275351},"time":"2021-07-27T06:47:37+0000","type":"takeover","longitude":16.465035},{"zone":{"previousOwner":{"name":"Buzd","id":317315},"dateCreated":"2014-10-06T06:00:00+0000","dateLastTaken":"2021-07-27T06:47:36+0000","latitude":59.3397,"currentOwner":{"name":"SmillaVanilla","id":77974},"name":"KarlbergKanal","id":37127,"totalTakeovers":5100,"region":{"country":"se","name":"Stockholm","id":141},"pointsPerHour":8,"longitude":18.017418,"takeoverPoints":80},"latitude":59.3397,"currentOwner":{"name":"SmillaVanilla","id":77974},"time":"2021-07-27T06:47:36+0000","type":"takeover","longitude":18.017418},{"zone":{"previousOwner":{"name":"Naset","id":156696},"dateLastTaken":"2021-07-27T06:47:36+0000","latitude":60.675928,"totalTakeovers":17869,"pointsPerHour":8,"takeoverPoints":80,"dateCreated":"2011-02-07T11:33:36+0000","currentOwner":{"name":"Röste","id":107099},"name":"GefleTrain","id":1445,"region":{"country":"se","name":"Gävleborg","id":144},"longitude":17.151576},"latitude":60.675928,"currentOwner":{"name":"Röste","id":107099},"time":"2021-07-27T06:47:36+0000","type":"takeover","longitude":17.151576},{"zone":{"previousOwner":{"name":"cotten","id":30036},"dateCreated":"2010-10-15T00:00:00+0000","dateLastTaken":"2021-07-27T06:47:34+0000","latitude":63.813978,"currentOwner":{"name":"Jaktfalk","id":20160},"name":"Profezone","id":1004,"totalTakeovers":30488,"region":{"country":"se","name":"Västerbotten","id":127},"pointsPerHour":9,"longitude":20.312431,"takeoverPoints":65},"latitude":63.813978,"currentOwner":{"name":"Jaktfalk","id":20160},"time":"2021-07-27T06:47:34+0000","type":"takeover","longitude":20.312431},{"zone":{"previousOwner":{"name":"Gölin","id":46121},"dateCreated":"2017-06-05T21:40:16+0000","dateLastTaken":"2021-07-27T06:47:31+0000","latitude":59.313051,"currentOwner":{"name":"Rymprak","id":228698},"name":"Västgöten","id":113895,"totalTakeovers":7827,"region":{"country":"se","name":"Stockholm","id":141},"pointsPerHour":8,"longitude":18.071265,"takeoverPoints":80},"latitude":59.313051,"currentOwner":{"name":"Rymprak","id":228698},"time":"2021-07-27T06:47:31+0000","type":"takeover","longitude":18.071265},{"zone":{"previousOwner":{"name":"Engdod","id":300976},"dateCreated":"2013-04-23T10:49:25+0000","dateLastTaken":"2021-07-27T06:47:27+0000","latitude":58.752122,"currentOwner":{"name":"PEKOMON","id":184856},"name":"NykWalk","id":17368,"totalTakeovers":15656,"region":{"country":"se","name":"Södermanland","id":140},"pointsPerHour":8,"longitude":17.005188,"takeoverPoints":80},"latitude":58.752122,"currentOwner":{"name":"PEKOMON","id":184856},"time":"2021-07-27T06:47:27+0000","type":"takeover","longitude":17.005188},{"zone":{"previousOwner":{"name":"Spirit","id":242887},"dateCreated":"2013-12-31T23:00:00+0000","dateLastTaken":"2021-07-27T06:47:27+0000","latitude":59.267457,"currentOwner":{"name":"Dritzz","id":235697},"name":"Birgittaplan","id":24591,"totalTakeovers":15098,"region":{"country":"se","name":"Örebro","id":131},"pointsPerHour":7,"longitude":15.228632,"takeoverPoints":95},"latitude":59.267457,"currentOwner":{"name":"Dritzz","id":235697},"time":"2021-07-27T06:47:27+0000","type":"takeover","longitude":15.228632},{"zone":{"previousOwner":{"name":"Uralstrix","id":92422},"dateCreated":"2011-07-28T22:46:34+0000","dateLastTaken":"2021-07-27T06:47:27+0000","latitude":60.481861,"currentOwner":{"name":"corp","id":46166},"name":"NorthGyll","id":2336,"totalTakeovers":9599,"region":{"country":"se","name":"Dalarna","id":129},"pointsPerHour":5,"longitude":15.438665,"takeoverPoints":125},"latitude":60.481861,"currentOwner":{"name":"corp","id":46166},"time":"2021-07-27T06:47:27+0000","type":"takeover","longitude":15.438665},{"zone":{"previousOwner":{"name":"Swogge70","id":100494},"dateCreated":"2020-08-25T19:30:05+0000","dateLastTaken":"2021-07-27T06:47:25+0000","latitude":64.837023,"currentOwner":{"name":"Swogge70","id":100494},"name":"KågeBoll","id":318439,"totalTakeovers":122,"region":{"country":"se","name":"Västerbotten","id":127},"pointsPerHour":2,"longitude":20.975115,"takeoverPoints":170},"latitude":64.837023,"currentOwner":{"name":"Swogge70","id":100494},"time":"2021-07-27T06:47:25+0000","type":"takeover","longitude":20.975115},{"zone":{"previousOwner":{"name":"boki","id":208220},"dateLastTaken":"2021-07-27T06:47:25+0000","latitude":59.60426,"totalTakeovers":24462,"pointsPerHour":9,"takeoverPoints":65,"dateCreated":"2013-12-08T07:00:00+0000","currentOwner":{"name":"Sallan","id":65032},"name":"SquirrelZone","id":23662,"region":{"country":"se","name":"Västmanland","id":143},"longitude":16.562374},"latitude":59.60426,"currentOwner":{"name":"Sallan","id":65032},"time":"2021-07-27T06:47:25+0000","type":"takeover","longitude":16.562374},{"zone":{"previousOwner":{"name":"HarRóiMa","id":310572},"dateCreated":"2020-11-14T09:31:35+0000","dateLastTaken":"2021-07-27T06:47:16+0000","latitude":53.690816,"currentOwner":{"name":"Mando","id":311237},"name":"TunnelLover","id":351051,"totalTakeovers":112,"region":{"country":"gb","name":"North West England","id":201},"pointsPerHour":1,"longitude":-2.246031,"takeoverPoints":185},"latitude":53.690816,"currentOwner":{"name":"Mando","id":311237},"time":"2021-07-27T06:47:16+0000","type":"takeover","longitude":-2.246031},{"zone":{"previousOwner":{"name":"CanC","id":240542},"dateLastTaken":"2021-07-27T06:47:13+0000","latitude":60.433549,"totalTakeovers":640,"pointsPerHour":3,"takeoverPoints":155,"dateCreated":"2015-11-16T10:00:00+0000","currentOwner":{"name":"Welshman","id":305225},"name":"HenriksChurch","id":61218,"region":{"country":"fi","name":"Lounais-Suomi","id":184},"longitude":22.295488},"latitude":60.433549,"currentOwner":{"name":"Welshman","id":305225},"time":"2021-07-27T06:47:13+0000","type":"takeover","longitude":22.295488},{"zone":{"previousOwner":{"name":"Xtrmrunner","id":305266},"dateCreated":"2012-08-09T20:19:14+0000","dateLastTaken":"2021-07-27T06:47:12+0000","latitude":60.450298,"currentOwner":{"name":"OKK","id":271361},"name":"SpareZone","id":10339,"totalTakeovers":4505,"region":{"country":"fi","name":"Lounais-Suomi","id":184},"pointsPerHour":5,"longitude":22.260425,"takeoverPoints":125},"latitude":60.450298,"currentOwner":{"name":"OKK","id":271361},"time":"2021-07-27T06:47:12+0000","type":"takeover","longitude":22.260425},{"zone":{"previousOwner":{"name":"féarglas","id":280861},"dateCreated":"2021-03-17T13:00:00+0000","dateLastTaken":"2021-07-27T06:47:11+0000","latitude":55.928601,"currentOwner":{"name":"ElsieSpanner","id":309195},"name":"Relugas","id":389931,"totalTakeovers":170,"region":{"country":"gb","name":"Scotland","id":200},"pointsPerHour":5,"longitude":-3.183149,"takeoverPoints":125},"latitude":55.928601,"currentOwner":{"name":"ElsieSpanner","id":309195},"time":"2021-07-27T06:47:11+0000","type":"takeover","longitude":-3.183149},{"zone":{"previousOwner":{"name":"CulDeSac","id":123337},"dateCreated":"2015-02-14T06:00:00+0000","dateLastTaken":"2021-07-27T06:47:07+0000","latitude":59.505325,"currentOwner":{"name":"recycling","id":79989},"name":"TruckerZone","id":44099,"totalTakeovers":2967,"region":{"country":"se","name":"Västmanland","id":143},"pointsPerHour":3,"longitude":15.98574,"takeoverPoints":155},"latitude":59.505325,"currentOwner":{"name":"recycling","id":79989},"time":"2021-07-27T06:47:07+0000","type":"takeover","longitude":15.98574},{"zone":{"previousOwner":{"name":"Kruse","id":23306},"dateCreated":"2013-10-09T06:00:21+0000","dateLastTaken":"2021-07-27T06:47:05+0000","latitude":59.314536,"currentOwner":{"name":"LMA","id":59101},"name":"BaggSkranta","id":22071,"totalTakeovers":11663,"region":{"country":"se","name":"Örebro","id":131},"pointsPerHour":6,"longitude":14.493849,"takeoverPoints":110},"latitude":59.314536,"currentOwner":{"name":"LMA","id":59101},"time":"2021-07-27T06:47:05+0000","type":"takeover","longitude":14.493849},{"zone":{"previousOwner":{"name":"RunPeak","id":279510},"dateLastTaken":"2021-07-27T06:47:05+0000","latitude":57.930447,"totalTakeovers":6276,"pointsPerHour":4,"takeoverPoints":140,"dateCreated":"2012-09-28T09:49:55+0000","currentOwner":{"name":"ostfia","id":280449},"name":"DödMetallbro","id":11583,"region":{"country":"se","name":"Västra Götaland","id":132},"longitude":12.519608},"latitude":57.930447,"currentOwner":{"name":"ostfia","id":280449},"time":"2021-07-27T06:47:05+0000","type":"takeover","longitude":12.519608},{"zone":{"previousOwner":{"name":"kentwall","id":112020},"dateCreated":"2018-10-04T08:18:52+0000","dateLastTaken":"2021-07-27T06:47:02+0000","latitude":60.905326,"currentOwner":{"name":"Oxid","id":200662},"name":"GömdIGrönt","id":169873,"totalTakeovers":112,"region":{"country":"se","name":"Gävleborg","id":144},"pointsPerHour":2,"longitude":16.726549,"takeoverPoints":170},"latitude":60.905326,"currentOwner":{"name":"Oxid","id":200662},"time":"2021-07-27T06:47:02+0000","type":"takeover","longitude":16.726549},{"zone":{"previousOwner":{"name":"kingenin","id":17546},"dateLastTaken":"2021-07-27T06:47:02+0000","latitude":60.15252,"totalTakeovers":6039,"pointsPerHour":6,"takeoverPoints":110,"dateCreated":"2011-03-16T19:10:40+0000","currentOwner":{"name":"Allwar","id":213605},"name":"PonyZone","id":1574,"region":{"country":"se","name":"Dalarna","id":129},"longitude":16.200454},"latitude":60.15252,"currentOwner":{"name":"Allwar","id":213605},"time":"2021-07-27T06:47:02+0000","type":"takeover","longitude":16.200454},{"zone":{"previousOwner":{"name":"GCN","id":95999},"dateCreated":"2019-02-03T19:01:12+0000","dateLastTaken":"2021-07-27T06:47:01+0000","latitude":59.335986,"currentOwner":{"name":"Turfarmor","id":166232},"name":"Knektåsen","id":179172,"totalTakeovers":1318,"region":{"country":"se","name":"Örebro","id":131},"pointsPerHour":4,"longitude":14.558341,"takeoverPoints":140},"latitude":59.335986,"currentOwner":{"name":"Turfarmor","id":166232},"time":"2021-07-27T06:47:01+0000","type":"takeover","longitude":14.558341},{"zone":{"previousOwner":{"name":"RiddervanMyyl","id":94662},"dateCreated":"2012-11-20T09:22:52+0000","dateLastTaken":"2021-07-27T06:46:59+0000","latitude":59.36263,"currentOwner":{"name":"Leifons","id":158367},"name":"Kruthusbacken","id":11988,"totalTakeovers":6470,"region":{"country":"se","name":"Stockholm","id":141},"pointsPerHour":7,"longitude":18.004378,"takeoverPoints":95},"latitude":59.36263,"currentOwner":{"name":"Leifons","id":158367},"time":"2021-07-27T06:46:59+0000","type":"takeover","longitude":18.004378},{"zone":{"previousOwner":{"name":"ordoman","id":254762},"dateCreated":"2012-04-01T20:14:44+0000","dateLastTaken":"2021-07-27T06:46:59+0000","latitude":59.388834,"currentOwner":{"name":"karmor","id":232514},"name":"GenvägenZone","id":7801,"totalTakeovers":9825,"region":{"country":"se","name":"Värmland","id":130},"pointsPerHour":6,"longitude":13.530866,"takeoverPoints":110},"latitude":59.388834,"currentOwner":{"name":"karmor","id":232514},"time":"2021-07-27T06:46:59+0000","type":"takeover","longitude":13.530866},{"zone":{"previousOwner":{"name":"CSL","id":55768},"dateLastTaken":"2021-07-27T06:46:57+0000","latitude":55.97712,"totalTakeovers":371,"pointsPerHour":3,"takeoverPoints":155,"dateCreated":"2020-08-28T10:00:00+0000","currentOwner":{"name":"Wullie","id":323178},"name":"AProperSquare","id":322529,"region":{"country":"gb","name":"Scotland","id":200},"longitude":-3.600501},"latitude":55.97712,"currentOwner":{"name":"Wullie","id":323178},"time":"2021-07-27T06:46:57+0000","type":"takeover","longitude":-3.600501},{"zone":{"previousOwner":{"name":"tynnered","id":105908},"dateCreated":"2014-09-08T20:50:00+0000","dateLastTaken":"2021-07-27T06:46:56+0000","latitude":59.382654,"currentOwner":{"name":"B4RK","id":312893},"name":"Våxnäspark","id":34908,"totalTakeovers":15791,"region":{"country":"se","name":"Värmland","id":130},"pointsPerHour":8,"longitude":13.492532,"takeoverPoints":80},"latitude":59.382654,"currentOwner":{"name":"B4RK","id":312893},"time":"2021-07-27T06:46:56+0000","type":"takeover","longitude":13.492532},{"zone":{"previousOwner":{"name":"tynnered","id":105908},"dateCreated":"2015-02-15T06:00:00+0000","dateLastTaken":"2021-07-27T06:46:55+0000","latitude":59.38189,"currentOwner":{"name":"nilbir","id":182660},"name":"Idala","id":43938,"totalTakeovers":15507,"region":{"country":"se","name":"Värmland","id":130},"pointsPerHour":8,"longitude":13.483704,"takeoverPoints":80},"latitude":59.38189,"currentOwner":{"name":"nilbir","id":182660},"time":"2021-07-27T06:46:55+0000","type":"takeover","longitude":13.483704},{"zone":{"previousOwner":{"name":"Gammelsmurf","id":44307},"dateCreated":"2015-01-12T15:13:19+0000","dateLastTaken":"2021-07-27T06:46:53+0000","latitude":57.755933,"currentOwner":{"name":"TompaBoy51","id":65370},"name":"AbbesRaka","id":43732,"totalTakeovers":12908,"region":{"country":"se","name":"Kalmar","id":137},"pointsPerHour":7,"longitude":16.623026,"takeoverPoints":95},"latitude":57.755933,"currentOwner":{"name":"TompaBoy51","id":65370},"time":"2021-07-27T06:46:53+0000","type":"takeover","longitude":16.623026},{"zone":{"previousOwner":{"name":"Marcus_P","id":311804},"dateCreated":"2019-07-25T19:15:00+0000","dateLastTaken":"2021-07-27T06:46:52+0000","latitude":53.557752,"currentOwner":{"name":"Veit","id":317382},"name":"Kennedybrücke","id":200414,"totalTakeovers":169,"region":{"country":"de","name":"Hamburg","id":439},"pointsPerHour":2,"longitude":9.997939,"takeoverPoints":170},"latitude":53.557752,"currentOwner":{"name":"Veit","id":317382},"time":"2021-07-27T06:46:52+0000","type":"takeover","longitude":9.997939},{"zone":{"previousOwner":{"name":"Yvonne58","id":242951},"dateCreated":"2013-09-02T09:00:00+0000","dateLastTaken":"2021-07-27T06:46:51+0000","latitude":59.132876,"currentOwner":{"name":"LillaTuss","id":130166},"name":"Hagaskolan","id":21484,"totalTakeovers":7408,"region":{"country":"se","name":"Örebro","id":131},"pointsPerHour":5,"longitude":15.13939,"takeoverPoints":125},"latitude":59.132876,"currentOwner":{"name":"LillaTuss","id":130166},"time":"2021-07-27T06:46:51+0000","type":"takeover","longitude":15.13939},{"zone":{"previousOwner":{"name":"cotten","id":30036},"dateCreated":"2012-03-30T19:17:55+0000","dateLastTaken":"2021-07-27T06:46:51+0000","latitude":63.82041,"currentOwner":{"name":"Grack","id":7893},"name":"TechnoHouse","id":7700,"totalTakeovers":33226,"region":{"country":"se","name":"Västerbotten","id":127},"pointsPerHour":9,"longitude":20.310951,"takeoverPoints":65},"latitude":63.82041,"currentOwner":{"name":"Grack","id":7893},"time":"2021-07-27T06:46:51+0000","type":"takeover","longitude":20.310951},{"zone":{"previousOwner":{"name":"chippo","id":330212},"dateLastTaken":"2021-07-27T06:46:48+0000","latitude":58.594281,"totalTakeovers":9330,"pointsPerHour":7,"takeoverPoints":95,"dateCreated":"2014-09-25T16:00:00+0000","currentOwner":{"name":"Arbor","id":47203},"name":"Hamnbron","id":37144,"region":{"country":"se","name":"Östergötland","id":139},"longitude":16.193638},"latitude":58.594281,"currentOwner":{"name":"Arbor","id":47203},"time":"2021-07-27T06:46:48+0000","type":"takeover","longitude":16.193638},{"zone":{"previousOwner":{"name":"Zac","id":279684},"dateCreated":"2012-11-27T20:15:35+0000","dateLastTaken":"2021-07-27T06:46:46+0000","latitude":56.671977,"currentOwner":{"name":"Tvarvigg","id":106982},"name":"Sheriffen","id":12061,"totalTakeovers":11280,"region":{"country":"se","name":"Kalmar","id":137},"pointsPerHour":6,"longitude":16.335976,"takeoverPoints":110},"latitude":56.671977,"currentOwner":{"name":"Tvarvigg","id":106982},"time":"2021-07-27T06:46:46+0000","type":"takeover","longitude":16.335976},{"zone":{"previousOwner":{"name":"MaxRaabe","id":171624},"dateCreated":"2019-10-24T15:00:00+0000","dateLastTaken":"2021-07-27T06:46:45+0000","latitude":59.32955,"currentOwner":{"name":"Anniña","id":207433},"name":"NorrOmEkedal","id":221306,"totalTakeovers":758,"region":{"country":"se","name":"Stockholm","id":141},"pointsPerHour":4,"longitude":18.378044,"takeoverPoints":140},"latitude":59.32955,"currentOwner":{"name":"Anniña","id":207433},"time":"2021-07-27T06:46:45+0000","type":"takeover","longitude":18.378044},{"zone":{"previousOwner":{"name":"Munin","id":62408},"dateCreated":"2012-05-13T21:42:33+0000","dateLastTaken":"2021-07-27T06:46:44+0000","latitude":59.890881,"currentOwner":{"name":"mattihp","id":10151},"name":"YrsaZone","id":8942,"totalTakeovers":5726,"region":{"country":"se","name":"Uppsala","id":142},"pointsPerHour":6,"longitude":17.636514,"takeoverPoints":110},"latitude":59.890881,"currentOwner":{"name":"mattihp","id":10151},"time":"2021-07-27T06:46:44+0000","type":"takeover","longitude":17.636514},{"zone":{"previousOwner":{"name":"Pecpec","id":240549},"dateCreated":"2020-06-23T04:32:39+0000","dateLastTaken":"2021-07-27T06:46:44+0000","latitude":60.473206,"currentOwner":{"name":"Xtrmrunner","id":305266},"name":"Nuntius","id":317842,"totalTakeovers":104,"region":{"country":"fi","name":"Lounais-Suomi","id":184},"pointsPerHour":2,"longitude":22.317363,"takeoverPoints":170},"latitude":60.473206,"currentOwner":{"name":"Xtrmrunner","id":305266},"time":"2021-07-27T06:46:44+0000","type":"takeover","longitude":22.317363},{"zone":{"previousOwner":{"name":"viðvarandi","id":110642},"dateCreated":"2011-12-12T22:00:00+0000","dateLastTaken":"2021-07-27T06:46:39+0000","latitude":63.836216,"currentOwner":{"name":"erpen","id":155024},"name":"UmeBeach","id":5408,"totalTakeovers":9768,"region":{"country":"se","name":"Västerbotten","id":127},"pointsPerHour":8,"longitude":20.339766,"takeoverPoints":80},"latitude":63.836216,"currentOwner":{"name":"erpen","id":155024},"time":"2021-07-27T06:46:39+0000","type":"takeover","longitude":20.339766},{"zone":{"previousOwner":{"name":"Brompton","id":252870},"dateCreated":"2014-07-02T06:00:00+0000","dateLastTaken":"2021-07-27T06:46:36+0000","latitude":60.262854,"currentOwner":{"name":"TarDINzon","id":198942},"name":"Edsparken","id":32051,"totalTakeovers":553,"region":{"country":"se","name":"Uppsala","id":142},"pointsPerHour":2,"longitude":18.371298,"takeoverPoints":170},"latitude":60.262854,"currentOwner":{"name":"TarDINzon","id":198942},"time":"2021-07-27T06:46:36+0000","type":"takeover","longitude":18.371298},{"zone":{"previousOwner":{"name":"Grönjäveln","id":117520},"dateCreated":"2010-09-04T14:41:37+0000","dateLastTaken":"2021-07-27T06:46:34+0000","latitude":58.753029,"currentOwner":{"name":"PEKOMON","id":184856},"name":"NewSquare","id":664,"totalTakeovers":15852,"region":{"country":"se","name":"Södermanland","id":140},"pointsPerHour":7,"longitude":17.008485,"takeoverPoints":95},"latitude":58.753029,"currentOwner":{"name":"PEKOMON","id":184856},"time":"2021-07-27T06:46:34+0000","type":"takeover","longitude":17.008485},{"zone":{"previousOwner":{"name":"Liza46","id":105797},"dateCreated":"2020-10-20T13:00:00+0000","dateLastTaken":"2021-07-27T06:46:34+0000","latitude":57.652633,"currentOwner":{"name":"basketfigge","id":335703},"name":"Fiskargäri","id":346724,"totalTakeovers":513,"region":{"country":"se","name":"Jönköping","id":133},"pointsPerHour":4,"longitude":14.685506,"takeoverPoints":140},"latitude":57.652633,"currentOwner":{"name":"basketfigge","id":335703},"time":"2021-07-27T06:46:34+0000","type":"takeover","longitude":14.685506},{"zone":{"previousOwner":{"name":"SkippyB","id":312877},"dateCreated":"2015-12-24T21:59:58+0000","dateLastTaken":"2021-07-27T06:46:30+0000","latitude":60.111764,"currentOwner":{"name":"Autumnman","id":194327},"name":"Xmas15","id":62386,"totalTakeovers":8169,"region":{"country":"fi","name":"Åland","id":177},"pointsPerHour":7,"longitude":19.930043,"takeoverPoints":95},"latitude":60.111764,"currentOwner":{"name":"Autumnman","id":194327},"time":"2021-07-27T06:46:30+0000","type":"takeover","longitude":19.930043},{"zone":{"previousOwner":{"name":"mattihp","id":10151},"dateLastTaken":"2021-07-27T06:46:26+0000","latitude":59.865529,"totalTakeovers":21156,"pointsPerHour":9,"takeoverPoints":65,"dateCreated":"2012-10-09T23:06:35+0000","currentOwner":{"name":"tilverturf","id":166033},"name":"RåaBron","id":11664,"region":{"country":"se","name":"Uppsala","id":142},"longitude":17.636346},"latitude":59.865529,"currentOwner":{"name":"tilverturf","id":166033},"time":"2021-07-27T06:46:26+0000","type":"takeover","longitude":17.636346},{"zone":{"previousOwner":{"name":"Dominion","id":243721},"dateCreated":"2015-01-12T17:00:00+0000","dateLastTaken":"2021-07-27T06:46:24+0000","latitude":59.642401,"currentOwner":{"name":"Dudu","id":264635},"name":"Ripskogen","id":43728,"totalTakeovers":2670,"region":{"country":"se","name":"Uppsala","id":142},"pointsPerHour":2,"longitude":17.058728,"takeoverPoints":170},"latitude":59.642401,"currentOwner":{"name":"Dudu","id":264635},"time":"2021-07-27T06:46:24+0000","type":"takeover","longitude":17.058728},{"zone":{"previousOwner":{"name":"Optimus","id":10207},"dateCreated":"2017-05-20T07:00:00+0000","dateLastTaken":"2021-07-27T06:46:23+0000","latitude":59.621632,"currentOwner":{"name":"popeye","id":22678},"name":"CarlStream","id":109474,"totalTakeovers":9537,"region":{"country":"se","name":"Västmanland","id":143},"pointsPerHour":8,"longitude":16.537144,"takeoverPoints":80},"latitude":59.621632,"currentOwner":{"name":"popeye","id":22678},"time":"2021-07-27T06:46:23+0000","type":"takeover","longitude":16.537144},{"zone":{"previousOwner":{"name":"ESOCWoody","id":281407},"dateCreated":"2020-09-13T15:00:00+0000","dateLastTaken":"2021-07-27T06:46:22+0000","latitude":55.953054,"currentOwner":{"name":"INTKirky","id":289726},"name":"SwedishPotato","id":328191,"totalTakeovers":198,"region":{"country":"gb","name":"Scotland","id":200},"pointsPerHour":2,"longitude":-3.411005,"takeoverPoints":170},"latitude":55.953054,"currentOwner":{"name":"INTKirky","id":289726},"time":"2021-07-27T06:46:22+0000","type":"takeover","longitude":-3.411005},{"zone":{"previousOwner":{"name":"nosen13p","id":335965},"dateCreated":"2015-01-16T14:16:16+0000","dateLastTaken":"2021-07-27T06:46:19+0000","latitude":57.271148,"currentOwner":{"name":"dabbo","id":166306},"name":"Pelvis","id":43799,"totalTakeovers":4453,"region":{"country":"se","name":"Kalmar","id":137},"pointsPerHour":4,"longitude":16.406278,"takeoverPoints":140},"latitude":57.271148,"currentOwner":{"name":"dabbo","id":166306},"time":"2021-07-27T06:46:19+0000","type":"takeover","longitude":16.406278},{"zone":{"previousOwner":{"name":"Spirit","id":242887},"dateCreated":"2011-12-24T12:10:09+0000","dateLastTaken":"2021-07-27T06:46:18+0000","latitude":59.269574,"currentOwner":{"name":"Dritzz","id":235697},"name":"OscarSquare","id":5417,"totalTakeovers":24617,"region":{"country":"se","name":"Örebro","id":131},"pointsPerHour":7,"longitude":15.226316,"takeoverPoints":95},"latitude":59.269574,"currentOwner":{"name":"Dritzz","id":235697},"time":"2021-07-27T06:46:18+0000","type":"takeover","longitude":15.226316},{"zone":{"previousOwner":{"name":"INTKirky","id":289726},"dateCreated":"2020-08-23T10:00:00+0000","dateLastTaken":"2021-07-27T06:46:18+0000","latitude":55.983787,"currentOwner":{"name":"Furryback","id":303056},"name":"Tennisferry","id":321145,"totalTakeovers":228,"region":{"country":"gb","name":"Scotland","id":200},"pointsPerHour":2,"longitude":-3.385656,"takeoverPoints":170},"latitude":55.983787,"currentOwner":{"name":"Furryback","id":303056},"time":"2021-07-27T06:46:18+0000","type":"takeover","longitude":-3.385656},{"zone":{"previousOwner":{"name":"Tompaj","id":74138},"dateLastTaken":"2021-07-27T06:46:17+0000","latitude":60.111488,"totalTakeovers":8484,"pointsPerHour":6,"takeoverPoints":110,"dateCreated":"2012-10-28T18:02:31+0000","currentOwner":{"name":"SkippyB","id":312877},"name":"Båtnabben","id":11715,"region":{"country":"fi","name":"Åland","id":177},"longitude":19.952065},"latitude":60.111488,"currentOwner":{"name":"SkippyB","id":312877},"time":"2021-07-27T06:46:17+0000","type":"takeover","longitude":19.952065},{"zone":{"previousOwner":{"name":"PumbaSwede","id":24792},"dateCreated":"2020-05-25T06:22:29+0000","dateLastTaken":"2021-07-27T06:46:15+0000","latitude":62.40575,"currentOwner":{"name":"Lindhardt","id":212850},"name":"Torsten","id":299232,"totalTakeovers":1102,"region":{"country":"se","name":"Västernorrland","id":145},"pointsPerHour":5,"longitude":17.261482,"takeoverPoints":125},"latitude":62.40575,"currentOwner":{"name":"Lindhardt","id":212850},"time":"2021-07-27T06:46:15+0000","type":"takeover","longitude":17.261482},{"zone":{"previousOwner":{"name":"viðvarandi","id":110642},"dateCreated":"2012-03-19T20:01:15+0000","dateLastTaken":"2021-07-27T06:46:13+0000","latitude":63.834187,"currentOwner":{"name":"U-V","id":117410},"name":"CloseLivs","id":6993,"totalTakeovers":15948,"region":{"country":"se","name":"Västerbotten","id":127},"pointsPerHour":8,"longitude":20.327639,"takeoverPoints":80},"latitude":63.834187,"currentOwner":{"name":"U-V","id":117410},"time":"2021-07-27T06:46:13+0000","type":"takeover","longitude":20.327639},{"zone":{"previousOwner":{"name":"HarRóiMa","id":310572},"dateCreated":"2020-11-02T21:35:51+0000","dateLastTaken":"2021-07-27T06:46:04+0000","latitude":53.691524,"currentOwner":{"name":"Mando","id":311237},"name":"Bricktunnel","id":349768,"totalTakeovers":164,"region":{"country":"gb","name":"North West England","id":201},"pointsPerHour":1,"longitude":-2.248924,"takeoverPoints":185},"latitude":53.691524,"currentOwner":{"name":"Mando","id":311237},"time":"2021-07-27T06:46:04+0000","type":"takeover","longitude":-2.248924},{"zone":{"previousOwner":{"name":"stinabus","id":93156},"dateLastTaken":"2021-07-27T06:45:59+0000","latitude":58.384156,"totalTakeovers":8038,"pointsPerHour":6,"takeoverPoints":110,"dateCreated":"2012-03-26T12:52:29+0000","currentOwner":{"name":"Fröknäcke","id":107360},"name":"HackeBridge","id":7447,"region":{"country":"se","name":"Östergötland","id":139},"longitude":15.698785},"latitude":58.384156,"currentOwner":{"name":"Fröknäcke","id":107360},"time":"2021-07-27T06:45:59+0000","type":"takeover","longitude":15.698785},{"zone":{"previousOwner":{"name":"B4RK","id":312893},"dateLastTaken":"2021-07-27T06:45:58+0000","latitude":59.383748,"totalTakeovers":3533,"pointsPerHour":7,"takeoverPoints":95,"dateCreated":"2020-01-07T20:59:12+0000","currentOwner":{"name":"nilbir","id":182660},"name":"Våxtrand","id":224820,"region":{"country":"se","name":"Värmland","id":130},"longitude":13.482277},"latitude":59.383748,"currentOwner":{"name":"nilbir","id":182660},"time":"2021-07-27T06:45:58+0000","type":"takeover","longitude":13.482277},{"zone":{"previousOwner":{"name":"Uralstrix","id":92422},"dateCreated":"2016-04-01T07:00:00+0000","dateLastTaken":"2021-07-27T06:45:55+0000","latitude":60.480197,"currentOwner":{"name":"corp","id":46166},"name":"IlaVidare","id":64864,"totalTakeovers":4273,"region":{"country":"se","name":"Dalarna","id":129},"pointsPerHour":5,"longitude":15.442239,"takeoverPoints":125},"latitude":60.480197,"currentOwner":{"name":"corp","id":46166},"time":"2021-07-27T06:45:55+0000","type":"takeover","longitude":15.442239},{"zone":{"previousOwner":{"name":"0beroff","id":80119},"dateCreated":"2012-04-15T20:42:35+0000","dateLastTaken":"2021-07-27T06:45:54+0000","latitude":59.328877,"currentOwner":{"name":"Pirata","id":285622},"name":"Atterstupan","id":8227,"totalTakeovers":3854,"region":{"country":"se","name":"Stockholm","id":141},"pointsPerHour":6,"longitude":18.001242,"takeoverPoints":110},"latitude":59.328877,"currentOwner":{"name":"Pirata","id":285622},"time":"2021-07-27T06:45:54+0000","type":"takeover","longitude":18.001242},{"zone":{"previousOwner":{"name":"cotten","id":30036},"dateCreated":"2010-10-16T00:00:00+0000","dateLastTaken":"2021-07-27T06:45:54+0000","latitude":63.8108,"currentOwner":{"name":"Jaktfalk","id":20160},"name":"TheoryZone","id":995,"totalTakeovers":30464,"region":{"country":"se","name":"Västerbotten","id":127},"pointsPerHour":9,"longitude":20.313158,"takeoverPoints":65},"latitude":63.8108,"currentOwner":{"name":"Jaktfalk","id":20160},"time":"2021-07-27T06:45:54+0000","type":"takeover","longitude":20.313158},{"zone":{"previousOwner":{"name":"tynnered","id":105908},"dateCreated":"2011-07-28T22:34:36+0000","dateLastTaken":"2021-07-27T06:45:50+0000","latitude":59.382753,"currentOwner":{"name":"B4RK","id":312893},"name":"BrewerZone","id":2331,"totalTakeovers":18968,"region":{"country":"se","name":"Värmland","id":130},"pointsPerHour":8,"longitude":13.495359,"takeoverPoints":80},"latitude":59.382753,"currentOwner":{"name":"B4RK","id":312893},"time":"2021-07-27T06:45:50+0000","type":"takeover","longitude":13.495359},{"zone":{"previousOwner":{"name":"Robboy","id":253605},"dateCreated":"2014-05-12T07:36:28+0000","dateLastTaken":"2021-07-27T06:45:43+0000","latitude":59.64972,"currentOwner":{"name":"Gusmasen","id":45475},"name":"Släggkastaren","id":29160,"totalTakeovers":10033,"region":{"country":"se","name":"Västmanland","id":143},"pointsPerHour":6,"longitude":16.508915,"takeoverPoints":110},"latitude":59.64972,"currentOwner":{"name":"Gusmasen","id":45475},"time":"2021-07-27T06:45:43+0000","type":"takeover","longitude":16.508915},{"zone":{"previousOwner":{"name":"Jonte67","id":284492},"dateCreated":"2014-05-27T10:06:52+0000","dateLastTaken":"2021-07-27T06:45:39+0000","latitude":55.576213,"currentOwner":{"name":"sadelgnidaren","id":202931},"name":"SoccerGlue","id":30293,"totalTakeovers":2245,"region":{"country":"se","name":"Skåne","id":135},"pointsPerHour":5,"longitude":12.936867,"takeoverPoints":125},"latitude":55.576213,"currentOwner":{"name":"sadelgnidaren","id":202931},"time":"2021-07-27T06:45:39+0000","type":"takeover","longitude":12.936867},{"zone":{"previousOwner":{"name":"Rauken68","id":281089},"dateCreated":"2015-04-03T21:59:59+0000","dateLastTaken":"2021-07-27T06:45:37+0000","latitude":59.272701,"currentOwner":{"name":"sina49","id":228650},"name":"RideEmCowboy","id":47762,"totalTakeovers":3058,"region":{"country":"se","name":"Örebro","id":131},"pointsPerHour":6,"longitude":15.146437,"takeoverPoints":110},"latitude":59.272701,"currentOwner":{"name":"sina49","id":228650},"time":"2021-07-27T06:45:37+0000","type":"takeover","longitude":15.146437},{"zone":{"previousOwner":{"name":"Kingslayer","id":23543},"dateLastTaken":"2021-07-27T06:45:37+0000","latitude":56.240718,"totalTakeovers":2228,"pointsPerHour":3,"takeoverPoints":155,"dateCreated":"2017-05-07T12:00:00+0000","currentOwner":{"name":"bemerx","id":240455},"name":"Vattenhusbron","id":104858,"region":{"country":"se","name":"Skåne","id":135},"longitude":12.860642},"latitude":56.240718,"currentOwner":{"name":"bemerx","id":240455},"time":"2021-07-27T06:45:37+0000","type":"takeover","longitude":12.860642},{"zone":{"previousOwner":{"name":"viðvarandi","id":110642},"dateCreated":"2010-10-12T00:00:00+0000","dateLastTaken":"2021-07-27T06:45:36+0000","latitude":63.820727,"currentOwner":{"name":"Grack","id":7893},"name":"BehindTrees","id":1002,"totalTakeovers":31064,"region":{"country":"se","name":"Västerbotten","id":127},"pointsPerHour":9,"longitude":20.304897,"takeoverPoints":65},"latitude":63.820727,"currentOwner":{"name":"Grack","id":7893},"time":"2021-07-27T06:45:36+0000","type":"takeover","longitude":20.304897},{"zone":{"previousOwner":{"name":"Grönjäveln","id":117520},"dateCreated":"2012-05-28T13:38:27+0000","dateLastTaken":"2021-07-27T06:45:36+0000","latitude":58.754138,"currentOwner":{"name":"PEKOMON","id":184856},"name":"BorgareKlocka","id":9327,"totalTakeovers":8615,"region":{"country":"se","name":"Södermanland","id":140},"pointsPerHour":5,"longitude":17.006627,"takeoverPoints":125},"latitude":58.754138,"currentOwner":{"name":"PEKOMON","id":184856},"time":"2021-07-27T06:45:36+0000","type":"takeover","longitude":17.006627},{"zone":{"previousOwner":{"name":"Naset","id":156696},"dateLastTaken":"2021-07-27T06:45:36+0000","latitude":60.674566,"totalTakeovers":18807,"pointsPerHour":8,"takeoverPoints":80,"dateCreated":"2014-12-25T11:00:00+0000","currentOwner":{"name":"Röste","id":107099},"name":"AnkarBridge","id":42301,"region":{"country":"se","name":"Gävleborg","id":144},"longitude":17.150414},"latitude":60.674566,"currentOwner":{"name":"Röste","id":107099},"time":"2021-07-27T06:45:36+0000","type":"takeover","longitude":17.150414},{"zone":{"previousOwner":{"name":"Hundpromenad","id":179276},"dateCreated":"2016-01-22T18:24:52+0000","dateLastTaken":"2021-07-27T06:45:34+0000","latitude":59.183948,"currentOwner":{"name":"KyrkYlvis","id":178829},"name":"Kärrspiran","id":63003,"totalTakeovers":782,"region":{"country":"se","name":"Stockholm","id":141},"pointsPerHour":2,"longitude":17.807037,"takeoverPoints":170},"latitude":59.183948,"currentOwner":{"name":"KyrkYlvis","id":178829},"time":"2021-07-27T06:45:34+0000","type":"takeover","longitude":17.807037},{"zone":{"previousOwner":{"name":"Ita","id":145707},"dateCreated":"2013-04-23T12:00:00+0000","dateLastTaken":"2021-07-27T06:45:34+0000","latitude":63.176369,"currentOwner":{"name":"evalin","id":120753},"name":"ÖstersundWalk","id":17369,"totalTakeovers":10971,"region":{"country":"se","name":"Jämtland","id":128},"pointsPerHour":8,"longitude":14.637145,"takeoverPoints":80},"latitude":63.176369,"currentOwner":{"name":"evalin","id":120753},"time":"2021-07-27T06:45:34+0000","type":"takeover","longitude":14.637145},{"zone":{"previousOwner":{"name":"VildeVik","id":102408},"dateCreated":"2013-10-02T18:58:30+0000","dateLastTaken":"2021-07-27T06:45:32+0000","latitude":59.333817,"currentOwner":{"name":"Turfarmor","id":166232},"name":"Draksmeden","id":21952,"totalTakeovers":4862,"region":{"country":"se","name":"Örebro","id":131},"pointsPerHour":5,"longitude":14.558472,"takeoverPoints":125},"latitude":59.333817,"currentOwner":{"name":"Turfarmor","id":166232},"time":"2021-07-27T06:45:32+0000","type":"takeover","longitude":14.558472},{"zone":{"previousOwner":{"name":"devongrove","id":303727},"dateLastTaken":"2021-07-27T06:45:32+0000","latitude":56.163434,"totalTakeovers":302,"pointsPerHour":2,"takeoverPoints":170,"dateCreated":"2021-01-04T11:24:45+0000","currentOwner":{"name":"castledweller","id":313087},"name":"GreatJames","id":361771,"region":{"country":"gb","name":"Scotland","id":200},"longitude":-3.679565},"latitude":56.163434,"currentOwner":{"name":"castledweller","id":313087},"time":"2021-07-27T06:45:32+0000","type":"takeover","longitude":-3.679565},{"zone":{"previousOwner":{"name":"Ruotsi","id":253387},"dateCreated":"2013-09-18T15:00:00+0000","dateLastTaken":"2021-07-27T06:45:29+0000","latitude":59.772934,"currentOwner":{"name":"Costa","id":75137},"name":"CircuitZone","id":21761,"totalTakeovers":1394,"region":{"country":"se","name":"Västmanland","id":143},"pointsPerHour":2,"longitude":16.201691,"takeoverPoints":170},"latitude":59.772934,"currentOwner":{"name":"Costa","id":75137},"time":"2021-07-27T06:45:29+0000","type":"takeover","longitude":16.201691},{"zone":{"previousOwner":{"name":"Pecpec","id":240549},"dateLastTaken":"2021-07-27T06:45:29+0000","latitude":60.472908,"totalTakeovers":59,"pointsPerHour":3,"takeoverPoints":155,"dateCreated":"2021-06-19T14:00:00+0000","currentOwner":{"name":"Xtrmrunner","id":305266},"name":"ShesALady","id":428209,"region":{"country":"fi","name":"Lounais-Suomi","id":184},"longitude":22.312718},"latitude":60.472908,"currentOwner":{"name":"Xtrmrunner","id":305266},"time":"2021-07-27T06:45:29+0000","type":"takeover","longitude":22.312718},{"zone":{"previousOwner":{"name":"Erk-Gbg","id":255770},"dateLastTaken":"2021-07-27T06:45:24+0000","latitude":57.259838,"totalTakeovers":6570,"pointsPerHour":5,"takeoverPoints":125,"dateCreated":"2014-12-24T07:35:54+0000","currentOwner":{"name":"Lindzter","id":275351},"name":"GröndalBridge","id":43229,"region":{"country":"se","name":"Kalmar","id":137},"longitude":16.460311},"latitude":57.259838,"currentOwner":{"name":"Lindzter","id":275351},"time":"2021-07-27T06:45:24+0000","type":"takeover","longitude":16.460311},{"zone":{"previousOwner":{"name":"Optimus","id":10207},"dateCreated":"2018-04-19T17:00:00+0000","dateLastTaken":"2021-07-27T06:45:24+0000","latitude":59.620058,"currentOwner":{"name":"popeye","id":22678},"name":"Bonanza2018","id":144401,"totalTakeovers":8072,"region":{"country":"se","name":"Västmanland","id":143},"pointsPerHour":9,"longitude":16.538569,"takeoverPoints":65},"latitude":59.620058,"currentOwner":{"name":"popeye","id":22678},"time":"2021-07-27T06:45:24+0000","type":"takeover","longitude":16.538569},{"zone":{"previousOwner":{"name":"PumbaSwede","id":24792},"dateCreated":"2011-11-04T09:00:00+0000","dateLastTaken":"2021-07-27T06:45:17+0000","latitude":62.407055,"currentOwner":{"name":"Lindhardt","id":212850},"name":"VikingGrove","id":4527,"totalTakeovers":3661,"region":{"country":"se","name":"Västernorrland","id":145},"pointsPerHour":4,"longitude":17.258295,"takeoverPoints":140},"latitude":62.407055,"currentOwner":{"name":"Lindhardt","id":212850},"time":"2021-07-27T06:45:17+0000","type":"takeover","longitude":17.258295},{"zone":{"previousOwner":{"name":"Spirit","id":242887},"dateCreated":"2011-12-24T11:14:54+0000","dateLastTaken":"2021-07-27T06:45:17+0000","latitude":59.27148,"currentOwner":{"name":"Dritzz","id":235697},"name":"OreGarden","id":5320,"totalTakeovers":19758,"region":{"country":"se","name":"Örebro","id":131},"pointsPerHour":8,"longitude":15.227313,"takeoverPoints":80},"latitude":59.27148,"currentOwner":{"name":"Dritzz","id":235697},"time":"2021-07-27T06:45:17+0000","type":"takeover","longitude":15.227313},{"zone":{"previousOwner":{"name":"Allebazi","id":78724},"dateCreated":"2021-04-03T10:00:00+0000","dateLastTaken":"2021-07-27T06:45:16+0000","latitude":60.072242,"currentOwner":{"name":"Birykow","id":264072},"name":"DjurPåBete","id":392186,"totalTakeovers":379,"region":{"country":"fi","name":"Åland","id":177},"pointsPerHour":6,"longitude":19.953783,"takeoverPoints":110},"latitude":60.072242,"currentOwner":{"name":"Birykow","id":264072},"time":"2021-07-27T06:45:16+0000","type":"takeover","longitude":19.953783},{"zone":{"previousOwner":{"name":"GW007","id":77704},"dateCreated":"2014-05-10T22:02:06+0000","dateLastTaken":"2021-07-27T06:45:15+0000","latitude":56.671862,"currentOwner":{"name":"Tvarvigg","id":106982},"name":"PolisSquare","id":29136,"totalTakeovers":14457,"region":{"country":"se","name":"Kalmar","id":137},"pointsPerHour":8,"longitude":16.34066,"takeoverPoints":80},"latitude":56.671862,"currentOwner":{"name":"Tvarvigg","id":106982},"time":"2021-07-27T06:45:15+0000","type":"takeover","longitude":16.34066},{"zone":{"previousOwner":{"name":"MrNiceGuy","id":108848},"dateCreated":"2013-06-17T22:21:25+0000","dateLastTaken":"2021-07-27T06:45:12+0000","latitude":58.418178,"currentOwner":{"name":"BlackRider","id":48354},"name":"SödraOskar","id":20335,"totalTakeovers":11447,"region":{"country":"se","name":"Östergötland","id":139},"pointsPerHour":8,"longitude":15.623568,"takeoverPoints":80},"latitude":58.418178,"currentOwner":{"name":"BlackRider","id":48354},"time":"2021-07-27T06:45:12+0000","type":"takeover","longitude":15.623568},{"zone":{"previousOwner":{"name":"timetraveller","id":310792},"dateCreated":"2011-09-15T10:00:00+0000","dateLastTaken":"2021-07-27T06:45:12+0000","latitude":59.405435,"currentOwner":{"name":"Gnällspiken","id":70708},"name":"DontBeRud","id":3550,"totalTakeovers":7919,"region":{"country":"se","name":"Värmland","id":130},"pointsPerHour":6,"longitude":13.51994,"takeoverPoints":110},"latitude":59.405435,"currentOwner":{"name":"Gnällspiken","id":70708},"time":"2021-07-27T06:45:12+0000","type":"takeover","longitude":13.51994},{"zone":{"previousOwner":{"name":"JonX","id":284847},"dateCreated":"2021-07-24T15:00:00+0000","dateLastTaken":"2021-07-27T06:45:09+0000","latitude":57.895516,"currentOwner":{"name":"ESOCAli","id":272710},"name":"HereGoToLewis","id":430500,"totalTakeovers":13,"region":{"country":"gb","name":"Scotland","id":200},"pointsPerHour":1,"longitude":-5.159484,"takeoverPoints":185},"latitude":57.895516,"currentOwner":{"name":"ESOCAli","id":272710},"time":"2021-07-27T06:45:09+0000","type":"takeover","longitude":-5.159484},{"zone":{"previousOwner":{"name":"Åkemjuk","id":248304},"dateCreated":"2017-09-02T07:00:00+0000","dateLastTaken":"2021-07-27T06:45:09+0000","latitude":59.615859,"currentOwner":{"name":"Aldo","id":120009},"name":"WoodWood","id":117057,"totalTakeovers":2593,"region":{"country":"se","name":"Västmanland","id":143},"pointsPerHour":5,"longitude":16.488654,"takeoverPoints":125},"latitude":59.615859,"currentOwner":{"name":"Aldo","id":120009},"time":"2021-07-27T06:45:09+0000","type":"takeover","longitude":16.488654},{"zone":{"previousOwner":{"name":"IrrarRunt","id":335134},"dateCreated":"2017-06-17T07:00:00+0000","dateLastTaken":"2021-07-27T06:45:09+0000","latitude":63.79273,"currentOwner":{"name":"morfarpappan49","id":212388},"name":"Galgbacke","id":114027,"totalTakeovers":1755,"region":{"country":"se","name":"Västerbotten","id":127},"pointsPerHour":5,"longitude":20.203963,"takeoverPoints":125},"latitude":63.79273,"currentOwner":{"name":"morfarpappan49","id":212388},"time":"2021-07-27T06:45:09+0000","type":"takeover","longitude":20.203963},{"zone":{"previousOwner":{"name":"CanC","id":240542},"dateCreated":"2017-10-26T11:30:22+0000","dateLastTaken":"2021-07-27T06:45:09+0000","latitude":60.436116,"currentOwner":{"name":"Welshman","id":305225},"name":"ÄxäRisteys","id":135997,"totalTakeovers":726,"region":{"country":"fi","name":"Lounais-Suomi","id":184},"pointsPerHour":3,"longitude":22.295276,"takeoverPoints":155},"latitude":60.436116,"currentOwner":{"name":"Welshman","id":305225},"time":"2021-07-27T06:45:09+0000","type":"takeover","longitude":22.295276},{"zone":{"previousOwner":{"name":"Mr__Noodle","id":55355},"dateCreated":"2013-12-25T00:35:30+0000","dateLastTaken":"2021-07-27T06:45:09+0000","latitude":59.2995,"currentOwner":{"name":"froskand","id":230537},"name":"Bajenbacken","id":24096,"totalTakeovers":6777,"region":{"country":"se","name":"Stockholm","id":141},"pointsPerHour":7,"longitude":18.087168,"takeoverPoints":95},"latitude":59.2995,"currentOwner":{"name":"froskand","id":230537},"time":"2021-07-27T06:45:09+0000","type":"takeover","longitude":18.087168},{"zone":{"previousOwner":{"name":"Hodge","id":282118},"dateCreated":"2021-03-05T07:00:00+0000","dateLastTaken":"2021-07-27T06:45:08+0000","latitude":55.830205,"currentOwner":{"name":"Aibo","id":282953},"name":"RullionBus","id":389459,"totalTakeovers":415,"region":{"country":"gb","name":"Scotland","id":200},"pointsPerHour":3,"longitude":-3.245441,"takeoverPoints":155},"latitude":55.830205,"currentOwner":{"name":"Aibo","id":282953},"time":"2021-07-27T06:45:08+0000","type":"takeover","longitude":-3.245441},{"zone":{"previousOwner":{"name":"chippo","id":330212},"dateCreated":"2017-06-29T14:53:54+0000","dateLastTaken":"2021-07-27T06:45:07+0000","latitude":58.59294,"currentOwner":{"name":"Arbor","id":47203},"name":"StyrmansTre","id":115064,"totalTakeovers":6203,"region":{"country":"se","name":"Östergötland","id":139},"pointsPerHour":7,"longitude":16.196189,"takeoverPoints":95},"latitude":58.59294,"currentOwner":{"name":"Arbor","id":47203},"time":"2021-07-27T06:45:07+0000","type":"takeover","longitude":16.196189},{"zone":{"previousOwner":{"name":"boki","id":208220},"dateCreated":"2017-01-27T21:09:13+0000","dateLastTaken":"2021-07-27T06:45:04+0000","latitude":59.606591,"currentOwner":{"name":"Kartago","id":232934},"name":"Sjömärket","id":94913,"totalTakeovers":11738,"region":{"country":"se","name":"Västmanland","id":143},"pointsPerHour":8,"longitude":16.560926,"takeoverPoints":80},"latitude":59.606591,"currentOwner":{"name":"Kartago","id":232934},"time":"2021-07-27T06:45:04+0000","type":"takeover","longitude":16.560926},{"zone":{"previousOwner":{"name":"Dux","id":62157},"dateCreated":"2011-08-25T20:05:24+0000","dateLastTaken":"2021-07-27T06:45:01+0000","latitude":57.269824,"currentOwner":{"name":"Miknor","id":278187},"name":"OskarOldTower","id":2840,"totalTakeovers":2748,"region":{"country":"se","name":"Kalmar","id":137},"pointsPerHour":2,"longitude":16.442578,"takeoverPoints":170},"latitude":57.269824,"currentOwner":{"name":"Miknor","id":278187},"time":"2021-07-27T06:45:01+0000","type":"takeover","longitude":16.442578},{"zone":{"previousOwner":{"name":"JonAnna","id":60419},"dateCreated":"2013-12-24T15:00:00+0000","dateLastTaken":"2021-07-27T06:44:59+0000","latitude":59.598239,"currentOwner":{"name":"algo","id":287934},"name":"IronworksZone","id":24181,"totalTakeovers":12467,"region":{"country":"se","name":"Västmanland","id":143},"pointsPerHour":7,"longitude":16.463656,"takeoverPoints":95},"latitude":59.598239,"currentOwner":{"name":"algo","id":287934},"time":"2021-07-27T06:44:59+0000","type":"takeover","longitude":16.463656},{"zone":{"previousOwner":{"name":"CS1871","id":247411},"dateLastTaken":"2021-07-27T06:44:54+0000","latitude":59.334431,"totalTakeovers":2366,"pointsPerHour":5,"takeoverPoints":125,"dateCreated":"2017-06-20T13:00:00+0000","currentOwner":{"name":"~Sisyfos~","id":64357},"name":"VitaAnskarii","id":114521,"region":{"country":"se","name":"Stockholm","id":141},"longitude":17.97833},"latitude":59.334431,"currentOwner":{"name":"~Sisyfos~","id":64357},"time":"2021-07-27T06:44:54+0000","type":"takeover","longitude":17.97833},{"zone":{"previousOwner":{"name":"mattihp","id":10151},"dateCreated":"2013-02-25T22:09:34+0000","dateLastTaken":"2021-07-27T06:44:53+0000","latitude":59.86913,"currentOwner":{"name":"tilverturf","id":166033},"name":"Portalen","id":15359,"totalTakeovers":12188,"region":{"country":"se","name":"Uppsala","id":142},"pointsPerHour":7,"longitude":17.636083,"takeoverPoints":95},"latitude":59.86913,"currentOwner":{"name":"tilverturf","id":166033},"time":"2021-07-27T06:44:53+0000","type":"takeover","longitude":17.636083},{"zone":{"previousOwner":{"name":"snattarn","id":141073},"dateCreated":"2014-06-20T06:56:39+0000","dateLastTaken":"2021-07-27T06:44:51+0000","latitude":59.62432,"currentOwner":{"name":"olds425","id":317608},"name":"Orren","id":31741,"totalTakeovers":5392,"region":{"country":"se","name":"Västmanland","id":143},"pointsPerHour":5,"longitude":16.246252,"takeoverPoints":125},"latitude":59.62432,"currentOwner":{"name":"olds425","id":317608},"time":"2021-07-27T06:44:51+0000","type":"takeover","longitude":16.246252},{"zone":{"previousOwner":{"name":"Nilleville","id":49668},"dateCreated":"2010-10-10T00:00:00+0000","dateLastTaken":"2021-07-27T06:44:47+0000","latitude":60.674838,"currentOwner":{"name":"cave","id":37068},"name":"CityGarden","id":961,"totalTakeovers":11051,"region":{"country":"se","name":"Gävleborg","id":144},"pointsPerHour":7,"longitude":17.125978,"takeoverPoints":95},"latitude":60.674838,"currentOwner":{"name":"cave","id":37068},"time":"2021-07-27T06:44:47+0000","type":"takeover","longitude":17.125978},{"zone":{"previousOwner":{"name":"gim","id":137351},"dateCreated":"2013-09-13T18:34:06+0000","dateLastTaken":"2021-07-27T06:44:46+0000","latitude":57.667157,"currentOwner":{"name":"jösses...då","id":113416},"name":"Tunnlandet","id":21637,"totalTakeovers":6278,"region":{"country":"se","name":"Västra Götaland","id":132},"pointsPerHour":5,"longitude":11.928521,"takeoverPoints":125},"latitude":57.667157,"currentOwner":{"name":"jösses...då","id":113416},"time":"2021-07-27T06:44:46+0000","type":"takeover","longitude":11.928521},{"zone":{"previousOwner":{"name":"Lindzter","id":275351},"dateCreated":"2014-03-15T08:02:36+0000","dateLastTaken":"2021-07-27T06:44:45+0000","latitude":57.250484,"currentOwner":{"name":"Erk-Gbg","id":255770},"name":"ByTheTracks","id":26861,"totalTakeovers":4110,"region":{"country":"se","name":"Kalmar","id":137},"pointsPerHour":4,"longitude":16.456096,"takeoverPoints":140},"latitude":57.250484,"currentOwner":{"name":"Erk-Gbg","id":255770},"time":"2021-07-27T06:44:45+0000","type":"takeover","longitude":16.456096},{"zone":{"previousOwner":{"name":"Swogge70","id":100494},"dateLastTaken":"2021-07-27T06:44:44+0000","latitude":64.834344,"totalTakeovers":1355,"pointsPerHour":1,"takeoverPoints":185,"dateCreated":"2013-02-03T21:54:45+0000","currentOwner":{"name":"Swogge70","id":100494},"name":"KågeBro","id":14533,"region":{"country":"se","name":"Västerbotten","id":127},"longitude":20.974967},"latitude":64.834344,"currentOwner":{"name":"Swogge70","id":100494},"time":"2021-07-27T06:44:44+0000","type":"takeover","longitude":20.974967},{"zone":{"previousOwner":{"name":"Gusmasen","id":45475},"dateCreated":"2010-09-04T14:41:37+0000","dateLastTaken":"2021-07-27T06:44:43+0000","latitude":59.650226,"currentOwner":{"name":"Ferna","id":55488},"name":"NorthCattle","id":710,"totalTakeovers":14786,"region":{"country":"se","name":"Västmanland","id":143},"pointsPerHour":6,"longitude":16.545748,"takeoverPoints":110},"latitude":59.650226,"currentOwner":{"name":"Ferna","id":55488},"time":"2021-07-27T06:44:43+0000","type":"takeover","longitude":16.545748},{"zone":{"previousOwner":{"name":"PFOWitch","id":297475},"dateCreated":"2021-05-25T21:18:22+0000","dateLastTaken":"2021-07-27T06:44:43+0000","latitude":53.755384,"currentOwner":{"name":"HarRóiMa","id":310572},"name":"DunnockBeak","id":422253,"totalTakeovers":14,"region":{"country":"gb","name":"North West England","id":201},"pointsPerHour":2,"longitude":-2.246615,"takeoverPoints":170},"latitude":53.755384,"currentOwner":{"name":"HarRóiMa","id":310572},"time":"2021-07-27T06:44:43+0000","type":"takeover","longitude":-2.246615},{"zone":{"previousOwner":{"name":"MrMyagi","id":175994},"dateCreated":"2013-11-24T14:19:23+0000","dateLastTaken":"2021-07-27T06:44:39+0000","latitude":60.15687,"currentOwner":{"name":"Allwar","id":213605},"name":"GetJohanna","id":23286,"totalTakeovers":3848,"region":{"country":"se","name":"Dalarna","id":129},"pointsPerHour":5,"longitude":16.196515,"takeoverPoints":125},"latitude":60.15687,"currentOwner":{"name":"Allwar","id":213605},"time":"2021-07-27T06:44:39+0000","type":"takeover","longitude":16.196515},{"zone":{"previousOwner":{"name":"Pecpec","id":240549},"dateCreated":"2019-01-09T13:21:43+0000","dateLastTaken":"2021-07-27T06:44:39+0000","latitude":60.471966,"currentOwner":{"name":"Xtrmrunner","id":305266},"name":"EmmausCafé","id":178895,"totalTakeovers":353,"region":{"country":"fi","name":"Lounais-Suomi","id":184},"pointsPerHour":2,"longitude":22.309167,"takeoverPoints":170},"latitude":60.471966,"currentOwner":{"name":"Xtrmrunner","id":305266},"time":"2021-07-27T06:44:39+0000","type":"takeover","longitude":22.309167},{"zone":{"previousOwner":{"name":"Gugelhupf","id":148516},"dateLastTaken":"2021-07-27T06:44:38+0000","latitude":59.067305,"totalTakeovers":20563,"pointsPerHour":8,"takeoverPoints":80,"dateCreated":"2012-03-27T06:10:07+0000","currentOwner":{"name":"Reprobus","id":166965},"name":"HallsbergRail","id":7469,"region":{"country":"se","name":"Örebro","id":131},"longitude":15.111343},"latitude":59.067305,"currentOwner":{"name":"Reprobus","id":166965},"time":"2021-07-27T06:44:38+0000","type":"takeover","longitude":15.111343},{"zone":{"previousOwner":{"name":"ordoman","id":254762},"dateCreated":"2013-03-15T14:00:00+0000","dateLastTaken":"2021-07-27T06:44:35+0000","latitude":59.390526,"currentOwner":{"name":"karmor","id":232514},"name":"Kroppkärrsbad","id":15851,"totalTakeovers":13897,"region":{"country":"se","name":"Värmland","id":130},"pointsPerHour":7,"longitude":13.534435,"takeoverPoints":95},"latitude":59.390526,"currentOwner":{"name":"karmor","id":232514},"time":"2021-07-27T06:44:35+0000","type":"takeover","longitude":13.534435},{"zone":{"previousOwner":{"name":"CulDeSac","id":123337},"dateCreated":"2013-06-27T10:00:00+0000","dateLastTaken":"2021-07-27T06:44:35+0000","latitude":59.510206,"currentOwner":{"name":"recycling","id":79989},"name":"HummelZone","id":20476,"totalTakeovers":5240,"region":{"country":"se","name":"Västmanland","id":143},"pointsPerHour":4,"longitude":15.99256,"takeoverPoints":140},"latitude":59.510206,"currentOwner":{"name":"recycling","id":79989},"time":"2021-07-27T06:44:35+0000","type":"takeover","longitude":15.99256},{"zone":{"previousOwner":{"name":"Optimus","id":10207},"dateCreated":"2010-09-04T14:41:37+0000","dateLastTaken":"2021-07-27T06:44:34+0000","latitude":59.618912,"currentOwner":{"name":"popeye","id":22678},"name":"MDHZone","id":491,"totalTakeovers":20807,"region":{"country":"se","name":"Västmanland","id":143},"pointsPerHour":8,"longitude":16.540192,"takeoverPoints":80},"latitude":59.618912,"currentOwner":{"name":"popeye","id":22678},"time":"2021-07-27T06:44:34+0000","type":"takeover","longitude":16.540192},{"zone":{"previousOwner":{"name":"Malleman","id":277109},"dateCreated":"2014-07-18T09:07:00+0000","dateLastTaken":"2021-07-27T06:44:33+0000","latitude":59.594604,"currentOwner":{"name":"boki","id":208220},"name":"Eskaden","id":32111,"totalTakeovers":5847,"region":{"country":"se","name":"Västmanland","id":143},"pointsPerHour":6,"longitude":16.613536,"takeoverPoints":110},"latitude":59.594604,"currentOwner":{"name":"boki","id":208220},"time":"2021-07-27T06:44:33+0000","type":"takeover","longitude":16.613536},{"zone":{"previousOwner":{"name":"LadyNinja","id":97533},"dateCreated":"2015-04-20T11:00:00+0000","dateLastTaken":"2021-07-27T06:44:31+0000","latitude":57.953221,"currentOwner":{"name":"eweone","id":95764},"name":"LautersHamn","id":48744,"totalTakeovers":283,"region":{"country":"se","name":"Gotland","id":138},"pointsPerHour":1,"longitude":19.080219,"takeoverPoints":185},"latitude":57.953221,"currentOwner":{"name":"eweone","id":95764},"time":"2021-07-27T06:44:31+0000","type":"takeover","longitude":19.080219},{"zone":{"previousOwner":{"name":"Pudeltuva","id":159152},"dateCreated":"2012-03-30T19:16:42+0000","dateLastTaken":"2021-07-27T06:44:30+0000","latitude":63.818614,"currentOwner":{"name":"Grack","id":7893},"name":"BioMedHouse","id":7699,"totalTakeovers":28583,"region":{"country":"se","name":"Västerbotten","id":127},"pointsPerHour":9,"longitude":20.30354,"takeoverPoints":65},"latitude":63.818614,"currentOwner":{"name":"Grack","id":7893},"time":"2021-07-27T06:44:30+0000","type":"takeover","longitude":20.30354},{"zone":{"previousOwner":{"name":"R@W","id":15754},"dateCreated":"2020-03-10T11:30:00+0000","dateLastTaken":"2021-07-27T06:44:28+0000","latitude":55.569246,"currentOwner":{"name":"Piba","id":334220},"name":"TurfSetMatch","id":228112,"totalTakeovers":601,"region":{"country":"se","name":"Skåne","id":135},"pointsPerHour":4,"longitude":12.973986,"takeoverPoints":140},"latitude":55.569246,"currentOwner":{"name":"Piba","id":334220},"time":"2021-07-27T06:44:28+0000","type":"takeover","longitude":12.973986},{"zone":{"previousOwner":{"name":"Fjällräv","id":181098},"dateCreated":"2013-07-04T12:00:00+0000","dateLastTaken":"2021-07-27T06:44:27+0000","latitude":63.163918,"currentOwner":{"name":"monica64","id":303264},"name":"Jämttrav","id":20578,"totalTakeovers":10425,"region":{"country":"se","name":"Jämtland","id":128},"pointsPerHour":7,"longitude":14.671763,"takeoverPoints":95},"latitude":63.163918,"currentOwner":{"name":"monica64","id":303264},"time":"2021-07-27T06:44:27+0000","type":"takeover","longitude":14.671763},{"zone":{"previousOwner":{"name":"Uralstrix","id":92422},"dateCreated":"2012-04-04T22:22:03+0000","dateLastTaken":"2021-07-27T06:44:24+0000","latitude":60.478017,"currentOwner":{"name":"corp","id":46166},"name":"SouthGyll","id":7993,"totalTakeovers":6404,"region":{"country":"se","name":"Dalarna","id":129},"pointsPerHour":5,"longitude":15.443227,"takeoverPoints":125},"latitude":60.478017,"currentOwner":{"name":"corp","id":46166},"time":"2021-07-27T06:44:24+0000","type":"takeover","longitude":15.443227},{"zone":{"previousOwner":{"name":"tynnered","id":105908},"dateCreated":"2015-01-09T19:30:00+0000","dateLastTaken":"2021-07-27T06:44:24+0000","latitude":59.38448,"currentOwner":{"name":"B4RK","id":312893},"name":"Ljudlöst","id":43650,"totalTakeovers":12128,"region":{"country":"se","name":"Värmland","id":130},"pointsPerHour":7,"longitude":13.493646,"takeoverPoints":95},"latitude":59.38448,"currentOwner":{"name":"B4RK","id":312893},"time":"2021-07-27T06:44:24+0000","type":"takeover","longitude":13.493646},{"zone":{"previousOwner":{"name":"Uncouth","id":74248},"dateCreated":"2016-11-04T04:00:00+0000","dateLastTaken":"2021-07-27T06:44:21+0000","latitude":59.890336,"currentOwner":{"name":"mattihp","id":10151},"name":"LiteStolpigt","id":90450,"totalTakeovers":2655,"region":{"country":"se","name":"Uppsala","id":142},"pointsPerHour":6,"longitude":17.628231,"takeoverPoints":110},"latitude":59.890336,"currentOwner":{"name":"mattihp","id":10151},"time":"2021-07-27T06:44:21+0000","type":"takeover","longitude":17.628231},{"zone":{"previousOwner":{"name":"Pilgrim","id":60557},"dateCreated":"2015-02-13T13:31:00+0000","dateLastTaken":"2021-07-27T06:44:21+0000","latitude":57.694468,"currentOwner":{"name":"DocterD","id":124758},"name":"KarlsStrand","id":44652,"totalTakeovers":2113,"region":{"country":"se","name":"Västra Götaland","id":132},"pointsPerHour":5,"longitude":11.903802,"takeoverPoints":125},"latitude":57.694468,"currentOwner":{"name":"DocterD","id":124758},"time":"2021-07-27T06:44:21+0000","type":"takeover","longitude":11.903802},{"zone":{"previousOwner":{"name":"Movemania","id":22813},"dateCreated":"2014-03-29T13:00:00+0000","dateLastTaken":"2021-07-27T06:44:19+0000","latitude":57.6571,"currentOwner":{"name":"Hafs57","id":285605},"name":"Kvarnbyskolan","id":27642,"totalTakeovers":6210,"region":{"country":"se","name":"Västra Götaland","id":132},"pointsPerHour":6,"longitude":12.020662,"takeoverPoints":110},"latitude":57.6571,"currentOwner":{"name":"Hafs57","id":285605},"time":"2021-07-27T06:44:19+0000","type":"takeover","longitude":12.020662},{"zone":{"previousOwner":{"name":"Marcus_P","id":311804},"dateCreated":"2019-07-25T19:15:00+0000","dateLastTaken":"2021-07-27T06:44:15+0000","latitude":53.557197,"currentOwner":{"name":"Veit","id":317382},"name":"Binnenalster","id":200409,"totalTakeovers":183,"region":{"country":"de","name":"Hamburg","id":439},"pointsPerHour":2,"longitude":9.994141,"takeoverPoints":170},"latitude":53.557197,"currentOwner":{"name":"Veit","id":317382},"time":"2021-07-27T06:44:15+0000","type":"takeover","longitude":9.994141},{"zone":{"previousOwner":{"name":"P-BodaMicke","id":52945},"dateCreated":"2017-02-08T11:00:00+0000","dateLastTaken":"2021-07-27T06:44:14+0000","latitude":58.630719,"currentOwner":{"name":"Mani","id":27227},"name":"BigBadaBoom","id":94857,"totalTakeovers":230,"region":{"country":"se","name":"Östergötland","id":139},"pointsPerHour":2,"longitude":15.310362,"takeoverPoints":170},"latitude":58.630719,"currentOwner":{"name":"Mani","id":27227},"time":"2021-07-27T06:44:14+0000","type":"takeover","longitude":15.310362},{"zone":{"previousOwner":{"name":"Grönjäveln","id":117520},"dateCreated":"2013-04-03T16:00:00+0000","dateLastTaken":"2021-07-27T06:44:11+0000","latitude":58.754864,"currentOwner":{"name":"PEKOMON","id":184856},"name":"Nykteatern","id":16535,"totalTakeovers":7866,"region":{"country":"se","name":"Södermanland","id":140},"pointsPerHour":6,"longitude":17.010781,"takeoverPoints":110},"latitude":58.754864,"currentOwner":{"name":"PEKOMON","id":184856},"time":"2021-07-27T06:44:11+0000","type":"takeover","longitude":17.010781},{"zone":{"previousOwner":{"name":"microblaze","id":165353},"dateCreated":"2012-09-15T17:12:15+0000","dateLastTaken":"2021-07-27T06:44:10+0000","latitude":62.033032,"currentOwner":{"name":"timmer","id":175583},"name":"SvegDowntown","id":11350,"totalTakeovers":2486,"region":{"country":"se","name":"Jämtland","id":128},"pointsPerHour":3,"longitude":14.359169,"takeoverPoints":155},"latitude":62.033032,"currentOwner":{"name":"timmer","id":175583},"time":"2021-07-27T06:44:10+0000","type":"takeover","longitude":14.359169},{"zone":{"previousOwner":{"name":"Ferna","id":55488},"dateCreated":"2014-05-12T07:43:32+0000","dateLastTaken":"2021-07-27T06:44:09+0000","latitude":59.646181,"currentOwner":{"name":"Gusmasen","id":45475},"name":"Slutkastat","id":29163,"totalTakeovers":16920,"region":{"country":"se","name":"Västmanland","id":143},"pointsPerHour":7,"longitude":16.50928,"takeoverPoints":95},"latitude":59.646181,"currentOwner":{"name":"Gusmasen","id":45475},"time":"2021-07-27T06:44:09+0000","type":"takeover","longitude":16.50928},{"zone":{"previousOwner":{"name":"tomentjohoo","id":75212},"dateCreated":"2012-08-27T20:48:24+0000","dateLastTaken":"2021-07-27T06:44:09+0000","latitude":63.837594,"currentOwner":{"name":"U-V","id":117410},"name":"Morkullan","id":11123,"totalTakeovers":16023,"region":{"country":"se","name":"Västerbotten","id":127},"pointsPerHour":8,"longitude":20.331938,"takeoverPoints":80},"latitude":63.837594,"currentOwner":{"name":"U-V","id":117410},"time":"2021-07-27T06:44:09+0000","type":"takeover","longitude":20.331938},{"zone":{"previousOwner":{"name":"BigBender","id":95323},"dateCreated":"2015-02-08T10:00:00+0000","dateLastTaken":"2021-07-27T06:44:07+0000","latitude":59.952403,"currentOwner":{"name":"elra","id":315560},"name":"OdlaALot","id":44593,"totalTakeovers":2651,"region":{"country":"se","name":"Uppsala","id":142},"pointsPerHour":3,"longitude":17.683509,"takeoverPoints":155},"latitude":59.952403,"currentOwner":{"name":"elra","id":315560},"time":"2021-07-27T06:44:07+0000","type":"takeover","longitude":17.683509},{"zone":{"previousOwner":{"name":"INTKirky","id":289726},"dateCreated":"2020-08-23T10:00:00+0000","dateLastTaken":"2021-07-27T06:44:04+0000","latitude":55.98076,"currentOwner":{"name":"Furryback","id":303056},"name":"DimmaPark","id":321245,"totalTakeovers":196,"region":{"country":"gb","name":"Scotland","id":200},"pointsPerHour":2,"longitude":-3.379903,"takeoverPoints":170},"latitude":55.98076,"currentOwner":{"name":"Furryback","id":303056},"time":"2021-07-27T06:44:04+0000","type":"takeover","longitude":-3.379903},{"zone":{"previousOwner":{"name":"RiddervanMyyl","id":94662},"dateLastTaken":"2021-07-27T06:44:04+0000","latitude":59.363599,"totalTakeovers":1141,"pointsPerHour":8,"takeoverPoints":80,"dateCreated":"2020-12-01T03:50:34+0000","currentOwner":{"name":"Leifons","id":158367},"name":"Tvärstoppet","id":354000,"region":{"country":"se","name":"Stockholm","id":141},"longitude":18.007955},"latitude":59.363599,"currentOwner":{"name":"Leifons","id":158367},"time":"2021-07-27T06:44:04+0000","type":"takeover","longitude":18.007955},{"zone":{"previousOwner":{"name":"Krappis","id":155974},"dateCreated":"2016-12-24T10:00:00+0000","dateLastTaken":"2021-07-27T06:44:04+0000","latitude":56.625763,"currentOwner":{"name":"Toranagasama","id":97301},"name":"MellanEmma","id":93097,"totalTakeovers":4904,"region":{"country":"se","name":"Kalmar","id":137},"pointsPerHour":3,"longitude":15.535864,"takeoverPoints":155},"latitude":56.625763,"currentOwner":{"name":"Toranagasama","id":97301},"time":"2021-07-27T06:44:04+0000","type":"takeover","longitude":15.535864},{"zone":{"previousOwner":{"name":"SkippyB","id":312877},"dateLastTaken":"2021-07-27T06:44:02+0000","latitude":60.108608,"totalTakeovers":3638,"pointsPerHour":5,"takeoverPoints":125,"dateCreated":"2016-06-27T15:00:00+0000","currentOwner":{"name":"Autumnman","id":194327},"name":"Captainashore","id":78949,"region":{"country":"fi","name":"Åland","id":177},"longitude":19.927033},"latitude":60.108608,"currentOwner":{"name":"Autumnman","id":194327},"time":"2021-07-27T06:44:02+0000","type":"takeover","longitude":19.927033},{"zone":{"previousOwner":{"name":"cotten","id":30036},"dateCreated":"2019-01-23T06:05:10+0000","dateLastTaken":"2021-07-27T06:43:56+0000","latitude":63.808543,"currentOwner":{"name":"Jaktfalk","id":20160},"name":"Ålidhemcirkel","id":179128,"totalTakeovers":8740,"region":{"country":"se","name":"Västerbotten","id":127},"pointsPerHour":8,"longitude":20.316384,"takeoverPoints":80},"latitude":63.808543,"currentOwner":{"name":"Jaktfalk","id":20160},"time":"2021-07-27T06:43:56+0000","type":"takeover","longitude":20.316384},{"zone":{"previousOwner":{"name":"Spike_L","id":119955},"dateCreated":"2014-11-29T22:22:33+0000","dateLastTaken":"2021-07-27T06:43:54+0000","latitude":60.114699,"currentOwner":{"name":"SkippyB","id":312877},"name":"DogBoneZone","id":42331,"totalTakeovers":11878,"region":{"country":"fi","name":"Åland","id":177},"pointsPerHour":7,"longitude":19.949647,"takeoverPoints":95},"latitude":60.114699,"currentOwner":{"name":"SkippyB","id":312877},"time":"2021-07-27T06:43:54+0000","type":"takeover","longitude":19.949647},{"zone":{"previousOwner":{"name":"Hallon16","id":174632},"dateCreated":"2018-04-01T10:30:00+0000","dateLastTaken":"2021-07-27T06:43:53+0000","latitude":57.669545,"currentOwner":{"name":"Sol2012","id":222227},"name":"AstridsVila","id":141520,"totalTakeovers":1378,"region":{"country":"se","name":"Kalmar","id":137},"pointsPerHour":2,"longitude":15.8534,"takeoverPoints":170},"latitude":57.669545,"currentOwner":{"name":"Sol2012","id":222227},"time":"2021-07-27T06:43:53+0000","type":"takeover","longitude":15.8534},{"zone":{"previousOwner":{"name":"mrAce","id":168289},"dateCreated":"2012-03-21T22:55:47+0000","dateLastTaken":"2021-07-27T06:43:52+0000","latitude":60.613774,"currentOwner":{"name":"Rykken_vettu","id":225752},"name":"LugnaVägen","id":7280,"totalTakeovers":4669,"region":{"country":"se","name":"Dalarna","id":129},"pointsPerHour":5,"longitude":15.657733,"takeoverPoints":125},"latitude":60.613774,"currentOwner":{"name":"Rykken_vettu","id":225752},"time":"2021-07-27T06:43:52+0000","type":"takeover","longitude":15.657733},{"zone":{"previousOwner":{"name":"B4RK","id":312893},"dateCreated":"2015-01-30T06:00:00+0000","dateLastTaken":"2021-07-27T06:43:50+0000","latitude":59.386104,"currentOwner":{"name":"nilbir","id":182660},"name":"TingvallaHall","id":43937,"totalTakeovers":11866,"region":{"country":"se","name":"Värmland","id":130},"pointsPerHour":7,"longitude":13.484432,"takeoverPoints":95},"latitude":59.386104,"currentOwner":{"name":"nilbir","id":182660},"time":"2021-07-27T06:43:50+0000","type":"takeover","longitude":13.484432},{"zone":{"previousOwner":{"name":"Spirit","id":242887},"dateCreated":"2015-07-15T06:00:00+0000","dateLastTaken":"2021-07-27T06:43:46+0000","latitude":59.272731,"currentOwner":{"name":"Dritzz","id":235697},"name":"Wadköping","id":55678,"totalTakeovers":10084,"region":{"country":"se","name":"Örebro","id":131},"pointsPerHour":8,"longitude":15.231731,"takeoverPoints":80},"latitude":59.272731,"currentOwner":{"name":"Dritzz","id":235697},"time":"2021-07-27T06:43:46+0000","type":"takeover","longitude":15.231731},{"zone":{"previousOwner":{"name":"ESOCWoody","id":281407},"dateCreated":"2020-09-13T15:00:00+0000","dateLastTaken":"2021-07-27T06:43:46+0000","latitude":55.955122,"currentOwner":{"name":"INTKirky","id":289726},"name":"TheWilderness","id":328190,"totalTakeovers":173,"region":{"country":"gb","name":"Scotland","id":200},"pointsPerHour":2,"longitude":-3.415384,"takeoverPoints":170},"latitude":55.955122,"currentOwner":{"name":"INTKirky","id":289726},"time":"2021-07-27T06:43:46+0000","type":"takeover","longitude":-3.415384},{"zone":{"previousOwner":{"name":"utflykten1","id":61279},"dateCreated":"2016-12-07T06:00:00+0000","dateLastTaken":"2021-07-27T06:43:44+0000","latitude":59.338643,"currentOwner":{"name":"s73686","id":327692},"name":"Ulvsunda","id":91967,"totalTakeovers":1819,"region":{"country":"se","name":"Stockholm","id":141},"pointsPerHour":5,"longitude":17.969625,"takeoverPoints":125},"latitude":59.338643,"currentOwner":{"name":"s73686","id":327692},"time":"2021-07-27T06:43:44+0000","type":"takeover","longitude":17.969625},{"zone":{"previousOwner":{"name":"HarRóiMa","id":310572},"dateCreated":"2020-11-13T06:43:52+0000","dateLastTaken":"2021-07-27T06:43:37+0000","latitude":53.693187,"currentOwner":{"name":"Mando","id":311237},"name":"CentrePlay","id":350804,"totalTakeovers":200,"region":{"country":"gb","name":"North West England","id":201},"pointsPerHour":2,"longitude":-2.251754,"takeoverPoints":170},"latitude":53.693187,"currentOwner":{"name":"Mando","id":311237},"time":"2021-07-27T06:43:37+0000","type":"takeover","longitude":-2.251754},{"zone":{"previousOwner":{"name":"Autumnman","id":194327},"dateLastTaken":"2021-07-27T06:43:37+0000","latitude":60.074657,"totalTakeovers":6242,"pointsPerHour":6,"takeoverPoints":110,"dateCreated":"2015-01-06T15:32:40+0000","currentOwner":{"name":"Birykow","id":264072},"name":"RozalionMill","id":43589,"region":{"country":"fi","name":"Åland","id":177},"longitude":19.952918},"latitude":60.074657,"currentOwner":{"name":"Birykow","id":264072},"time":"2021-07-27T06:43:37+0000","type":"takeover","longitude":19.952918},{"zone":{"previousOwner":{"name":"Oxid","id":200662},"dateCreated":"2019-10-08T13:53:54+0000","dateLastTaken":"2021-07-27T06:43:34+0000","latitude":60.90565,"currentOwner":{"name":"Oxid","id":200662},"name":"Byleden","id":220208,"totalTakeovers":58,"region":{"country":"se","name":"Gävleborg","id":144},"pointsPerHour":1,"longitude":16.715607,"takeoverPoints":185},"latitude":60.90565,"currentOwner":{"name":"Oxid","id":200662},"time":"2021-07-27T06:43:34+0000","type":"takeover","longitude":16.715607},{"zone":{"previousOwner":{"name":"CattisB","id":113958},"dateLastTaken":"2021-07-27T06:43:33+0000","latitude":59.340738,"totalTakeovers":18533,"pointsPerHour":9,"takeoverPoints":65,"dateCreated":"2010-07-17T00:00:00+0000","currentOwner":{"name":"SmillaVanilla","id":77974},"name":"EkelundZone","id":209,"region":{"country":"se","name":"Stockholm","id":141},"longitude":18.012967},"latitude":59.340738,"currentOwner":{"name":"SmillaVanilla","id":77974},"time":"2021-07-27T06:43:33+0000","type":"takeover","longitude":18.012967},{"zone":{"previousOwner":{"name":"Krockodrillo","id":55582},"dateCreated":"2014-01-01T15:00:00+0000","dateLastTaken":"2021-07-27T06:43:31+0000","latitude":59.33338,"currentOwner":{"name":"Turfarmor","id":166232},"name":"Rosendal","id":24649,"totalTakeovers":5363,"region":{"country":"se","name":"Örebro","id":131},"pointsPerHour":4,"longitude":14.552916,"takeoverPoints":140},"latitude":59.33338,"currentOwner":{"name":"Turfarmor","id":166232},"time":"2021-07-27T06:43:31+0000","type":"takeover","longitude":14.552916},{"zone":{"previousOwner":{"name":"CanC","id":240542},"dateCreated":"2017-02-22T08:28:12+0000","dateLastTaken":"2021-07-27T06:43:31+0000","latitude":60.436363,"currentOwner":{"name":"Welshman","id":305225},"name":"Dragonroad","id":95699,"totalTakeovers":827,"region":{"country":"fi","name":"Lounais-Suomi","id":184},"pointsPerHour":3,"longitude":22.301288,"takeoverPoints":155},"latitude":60.436363,"currentOwner":{"name":"Welshman","id":305225},"time":"2021-07-27T06:43:31+0000","type":"takeover","longitude":22.301288},{"zone":{"previousOwner":{"name":"CulDeSac","id":123337},"dateCreated":"2015-03-27T06:00:00+0000","dateLastTaken":"2021-07-27T06:43:31+0000","latitude":59.507672,"currentOwner":{"name":"recycling","id":79989},"name":"PVRoad","id":44469,"totalTakeovers":2470,"region":{"country":"se","name":"Västmanland","id":143},"pointsPerHour":3,"longitude":15.994202,"takeoverPoints":155},"latitude":59.507672,"currentOwner":{"name":"recycling","id":79989},"time":"2021-07-27T06:43:31+0000","type":"takeover","longitude":15.994202},{"zone":{"previousOwner":{"name":"TurfanatorSROC","id":304618},"dateLastTaken":"2021-07-27T06:43:30+0000","latitude":54.068401,"totalTakeovers":306,"pointsPerHour":4,"takeoverPoints":140,"dateCreated":"2020-10-10T18:48:31+0000","currentOwner":{"name":"banhowlSROC","id":305666},"name":"LuneAqueduct","id":344234,"region":{"country":"gb","name":"North West England","id":201},"longitude":-2.789357},"latitude":54.068401,"currentOwner":{"name":"banhowlSROC","id":305666},"time":"2021-07-27T06:43:30+0000","type":"takeover","longitude":-2.789357},{"zone":{"previousOwner":{"name":"shadowbe","id":211434},"dateLastTaken":"2021-07-27T06:43:28+0000","latitude":58.41621,"totalTakeovers":24515,"pointsPerHour":9,"takeoverPoints":65,"dateCreated":"2010-08-03T00:00:00+0000","currentOwner":{"name":"BlackRider","id":48354},"name":"Resecentrum","id":83,"region":{"country":"se","name":"Östergötland","id":139},"longitude":15.626087},"latitude":58.41621,"currentOwner":{"name":"BlackRider","id":48354},"time":"2021-07-27T06:43:28+0000","type":"takeover","longitude":15.626087}]