[{"sender":{"country":"se","medals":[79,67,77,94,16,28,83,75,21,4,57,7,24,99,126,107,39,124,61,62,117,70,50],"zones":[92611,11714,155015,24198,28615,24199,134218,66891,151642,78936,50649,16729,151641,50651,24732,9692,1889,12459,228141,951,21687,95227,34620,20414],"pointsPerHour":102,"points":105180,"blocktime":1305,"taken":19910,"name":"Cissiliana","totalPoints":3598237,"rank":47,"id":233012,"place":546,"uniqueZonesTaken":2649,"region":{"name":"Uppsala","id":142}},"time":"2021-06-29T19:20:09+0000","message":"Kaktus-Mats: hur många blev det idag?","region":{"name":"Kalmar","id":137},"type":"chat"},{"medal":51,"time":"2021-06-29T19:11:48+0000","type":"medal","user":{"country":"se","medals":[93,92,31,51],"zones":[181,138469,7545,187416,91707,43579,22222,82878,22223,95006],"pointsPerHour":0,"points":4238,"blocktime":690,"taken":27,"name":"HuggaOrmen","totalPoints":4238,"rank":6,"id":334636,"place":7435,"uniqueZonesTaken":20,"region":{"name":"Stockholm","id":141}}}]