[{"sender":{"country":"se","medals":[16,67,27,21,24,17,4,30,9,68,68,70,64,68,72,24,60,75,77,79,24,83,91,17,116,117,17,126,124,74,118,104,17,26,131,155],"zones":[428612,12356,21801,43882,8331,46802,565502,2039,12088,12089,33178,545778,354846,33182],"pointsPerHour":74,"points":17161,"blocktime":24,"taken":94817,"name":"Wheelstream","totalPoints":18407172,"rank":58,"id":40570,"place":124,"uniqueZonesTaken":6232,"region":{"name":"Gävleborg","id":144}},"time":"2023-11-06T11:03:38+0000","message":"gebejo: gick det bra att komma under E4 nu? igår var det översvämning","region":{"name":"Gävleborg","id":144},"type":"chat"}]