[{"sender":{"country":"se","medals":[79,70,77,28,5,67,16,15,22,130,47,17,115,7,57,123,106,39,155],"zones":[233586,233585,23555,84101,246731,228666,63689,474315],"pointsPerHour":17,"points":2444,"blocktime":21,"taken":17742,"name":"evaskol","totalPoints":2441836,"rank":44,"id":353482,"place":1838,"uniqueZonesTaken":1846,"region":{"name":"Västerbotten","id":127}},"time":"2023-11-06T21:47:18+0000","message":"linkaz: jag kommer till allsrar","region":{"name":"Västerbotten","id":127},"type":"chat"},{"sender":{"country":"se","medals":[16,62,64,22,67,24,4,68,24,24,59,68,24,9,24,72,68,75,24,79,77,83,24,113,89,70,3,68,24,7,17,116,24,15,24,104,24,24,126,24,24,24,17,122,152],"zones":[],"pointsPerHour":0,"points":0,"blocktime":23,"taken":64620,"name":"MasterJoDa","totalPoints":7561520,"rank":53,"id":41346,"place":925,"uniqueZonesTaken":1131,"region":{"name":"Västerbotten","id":127}},"time":"2023-11-06T21:43:19+0000","message":"MarresmacK: 👍🏻","region":{"name":"Västerbotten","id":127},"type":"chat"},{"sender":{"country":"se","medals":[28,5,7,16,46,14,55,35,4,71,94,127],"zones":[146484,146485,10523],"pointsPerHour":5,"points":781,"blocktime":19,"taken":4162,"name":"vonscheele","totalPoints":980107,"rank":38,"id":8799,"place":2900,"uniqueZonesTaken":859,"region":{"name":"Östergötland","id":139}},"time":"2023-11-06T21:40:40+0000","message":"Yay, new rank.","region":{"name":"Östergötland","id":139},"type":"chat"}]