[{"sender":{"country":"se","medals":[21,16,64,27,44,17,48,4,59,24,17,28,68,17,67,70,24,79,17,116,77,24,17,30,91,83,24,121,124,126,17,118,24,17,111,132,26,49,24,155],"zones":[113,16786,64100,1415,111350,216,115403,78287,33102,303,13503],"pointsPerHour":86,"points":6601,"blocktime":24,"taken":94986,"name":"embeoo","totalPoints":16525835,"rank":58,"id":23906,"place":728,"uniqueZonesTaken":17892,"region":{"name":"Stockholm","id":141}},"time":"2023-11-06T15:17:57+0000","message":"jolle227: för polarna kan en av er bli  supporter. då kan den göra en egen topplista för er i appen.","region":{"name":"Stockholm","id":141},"type":"chat"},{"medal":42,"time":"2023-11-06T15:17:00+0000","type":"medal","user":{"country":"se","medals":[93,11,55,153,78,42],"zones":[637120,56748,513527,12466,296919,154677,43067,28763,28764,3420,28765,28766,481080],"pointsPerHour":0,"points":3006,"blocktime":14,"taken":250,"name":"Jonathan987","totalPoints":67609,"rank":17,"id":409733,"place":4290,"uniqueZonesTaken":79,"region":{"name":"Halland","id":134}}},{"sender":{"country":"se","medals":[21,16,64,27,44,17,48,4,59,24,17,28,68,17,67,70,24,79,17,116,77,24,17,30,91,83,24,121,124,126,17,118,24,17,111,132,26,49,24,155],"zones":[113,16786,64100,1415,111350,216,115403,78287,33102,13503],"pointsPerHour":77,"points":6533,"blocktime":24,"taken":94985,"name":"embeoo","totalPoints":16525767,"rank":58,"id":23906,"place":730,"uniqueZonesTaken":17892,"region":{"name":"Stockholm","id":141}},"time":"2023-11-06T15:16:03+0000","message":"jolle227: teams är mest för företag tänker jag, där pengarna finns.","region":{"name":"Stockholm","id":141},"type":"chat"},{"sender":{"country":"se","medals":[22,16,62,67,5,70,4,79,77,66,72,75,104,59,95,122,120,126,26,89,153],"zones":[41828,19205,26645,19206,26441,8601,8603],"pointsPerHour":41,"points":2216,"blocktime":23,"taken":53335,"name":"Deffler","totalPoints":8732776,"rank":54,"id":10458,"place":1690,"uniqueZonesTaken":7745,"region":{"name":"Värmland","id":130}},"time":"2023-11-06T15:12:53+0000","message":"Maqqan: bråttom till förskolan 😊","region":{"name":"Värmland","id":130},"type":"chat"}]