[{"medal":77,"time":"2021-07-12T08:30:07+0000","type":"medal","user":{"country":"se","medals":[54,46,5,90,24,70,34,22,126,4,95,104,14,24,77],"zones":[69010,361,1500,50270],"pointsPerHour":0,"points":6618,"blocktime":18,"taken":2220,"name":"Rasmus_turfare","totalPoints":417767,"rank":32,"id":255651,"place":0,"uniqueZonesTaken":530,"region":{"name":"Västra Götaland","id":132}}},{"medal":77,"time":"2021-07-12T08:30:07+0000","type":"medal","user":{"country":"se","medals":[5,70,24,79,22,126,46,4,95,14,105,28,55,35,7,24,77],"zones":[92720,221145,18906,20731,323823,18907,18909],"pointsPerHour":0,"points":7120,"blocktime":18,"taken":2592,"name":"Fartygspodden","totalPoints":483382,"rank":33,"id":255305,"place":5900,"uniqueZonesTaken":741,"region":{"name":"Västra Götaland","id":132}}}]