[{"medal":46,"time":"2021-07-12T05:07:46+0000","type":"medal","user":{"country":"se","medals":[52,86,6,11,90,46],"zones":[63009,882,155025,78759,64310,138,1530,25371,237,12382],"pointsPerHour":0,"points":11186,"blocktime":12,"taken":82,"name":"klosterboss","totalPoints":11186,"rank":8,"id":335487,"place":5884,"uniqueZonesTaken":76,"region":{"name":"Östergötland","id":139}}},{"sender":{"country":"se","medals":[51,92,42],"zones":[306,150641,22843,96668,138525],"pointsPerHour":19,"points":6146,"blocktime":14,"taken":423,"name":"Mitzi","totalPoints":74026,"rank":17,"id":277077,"place":2532,"uniqueZonesTaken":41,"region":{"name":"Stockholm","id":141}},"time":"2021-07-12T04:59:33+0000","message":"JimmyAIK:","region":{"name":"Stockholm","id":141},"type":"chat"}]