[{"medal":6,"time":"2021-07-12T10:04:02+0000","type":"medal","user":{"country":"se","medals":[46,94,101,54,10,78,12,16,35,6],"zones":[],"pointsPerHour":0,"points":36397,"blocktime":18,"taken":2883,"name":"NitaG","totalPoints":564129,"rank":34,"id":313528,"place":5923,"uniqueZonesTaken":122,"region":{"name":"Södermanland","id":140}}},{"sender":{"country":"se","medals":[79,16,77,67,70,72,83,75,21,60,3,68,4,113,68,17,116,66,24,24,24,68,17,27,89,124,68,121,126,107,24],"zones":[154752,50306,427458,111812,427459,247237,176453,427457,264,968,154379,177803,11977,247112,37133,152335,154380,37134,50319,222161,203798,200345,200351,200285,36448,281703,43172,96167,96166,51626,51627,51628,177711,51629,51630,27054,51632,160627,413748,427454,60475,60476,355193,141564,154621],"pointsPerHour":59,"points":100094,"blocktime":24,"taken":66403,"name":"peterspirea","totalPoints":13641876,"rank":57,"id":175379,"place":87,"uniqueZonesTaken":12026,"region":{"name":"Stockholm","id":141}},"time":"2021-07-12T10:01:42+0000","message":"JulyMyFriend?: I win every time!...","type":"chat"},{"medal":84,"time":"2021-07-12T09:58:47+0000","type":"medal","user":{"country":"se","medals":[80,84],"zones":[298535,23066,23067,23069,23071],"pointsPerHour":0,"points":821,"blocktime":10,"taken":5,"name":"momaroriag","totalPoints":821,"rank":3,"id":335718,"place":5920,"uniqueZonesTaken":5,"region":{"name":"Kalmar","id":137}}},{"medal":80,"time":"2021-07-12T09:58:47+0000","type":"medal","user":{"country":"se","medals":[80,84],"zones":[298535,23066,23067,23069,23071],"pointsPerHour":0,"points":821,"blocktime":10,"taken":5,"name":"momaroriag","totalPoints":821,"rank":3,"id":335718,"place":5920,"uniqueZonesTaken":5,"region":{"name":"Kalmar","id":137}}}]