[{"medal":80,"time":"2023-04-24T12:01:01+0000","type":"medal","user":{"country":"se","medals":[80,84],"zones":[17908,138580,199077,23960,281849],"pointsPerHour":0,"points":584,"blocktime":630,"taken":5,"name":"wlc","totalPoints":584,"rank":2,"id":390198,"place":7681,"uniqueZonesTaken":5,"region":{"name":"Skåne","id":135}}},{"medal":84,"time":"2023-04-24T12:01:01+0000","type":"medal","user":{"country":"se","medals":[80,84],"zones":[17908,138580,199077,23960,281849],"pointsPerHour":0,"points":584,"blocktime":630,"taken":5,"name":"wlc","totalPoints":584,"rank":2,"id":390198,"place":7681,"uniqueZonesTaken":5,"region":{"name":"Skåne","id":135}}},{"medal":80,"time":"2023-04-24T12:01:01+0000","type":"medal","user":{"country":"se","medals":[80,84],"zones":[17319,374460,27835,224717,27839],"pointsPerHour":0,"points":703,"blocktime":645,"taken":5,"name":"benim12354","totalPoints":703,"rank":3,"id":390195,"place":7681,"uniqueZonesTaken":5,"region":{"name":"Skåne","id":135}}},{"medal":84,"time":"2023-04-24T12:01:01+0000","type":"medal","user":{"country":"se","medals":[80,84],"zones":[17319,374460,27835,224717,27839],"pointsPerHour":0,"points":703,"blocktime":645,"taken":5,"name":"benim12354","totalPoints":703,"rank":3,"id":390195,"place":7681,"uniqueZonesTaken":5,"region":{"name":"Skåne","id":135}}},{"medal":80,"time":"2023-04-24T11:55:26+0000","type":"medal","user":{"country":"se","medals":[84,80],"zones":[24243,111830,8203,142,25455],"pointsPerHour":0,"points":540,"blocktime":630,"taken":5,"name":"talalala","totalPoints":540,"rank":2,"id":390192,"place":7679,"uniqueZonesTaken":5,"region":{"name":"Stockholm","id":141}}}]