[{"medal":93,"time":"2023-04-24T12:32:19+0000","type":"medal","user":{"country":"se","medals":[93],"zones":[],"pointsPerHour":0,"points":185,"blocktime":600,"taken":1,"name":"Vivvi09","totalPoints":185,"rank":0,"id":390244,"place":7689,"uniqueZonesTaken":1,"region":{"name":"Västra Götaland","id":132}}},{"sender":{"country":"se","medals":[67,72,79,16,70,48,57,27,6,83,68,103,128,13,122,38,96],"zones":[44112,24229],"pointsPerHour":6,"points":92262,"blocktime":1245,"taken":11498,"name":"Ghrimms","totalPoints":2082722,"rank":43,"id":121215,"place":569,"uniqueZonesTaken":451,"region":{"name":"Västmanland","id":143}},"time":"2023-04-24T12:30:41+0000","message":"marypoppins: Inga probs, går idag, punka 😢","region":{"name":"Västmanland","id":143},"type":"chat"},{"sender":{"country":"se","medals":[9,5,53,42,12],"zones":[113,167,169,64095],"pointsPerHour":34,"points":3380,"blocktime":840,"taken":364,"name":"MrBenjamenta","totalPoints":57609,"rank":16,"id":44042,"place":4454,"uniqueZonesTaken":114,"region":{"name":"Stockholm","id":141}},"time":"2023-04-24T12:29:44+0000","message":"Svar: vänta till sommaren eller bli kompis med Örnelid.","region":{"name":"Stockholm","id":141},"type":"chat"},{"sender":{"country":"se","medals":[],"zones":[14141],"pointsPerHour":5,"points":125,"blocktime":600,"taken":1,"name":"TLC_Prince.NT","totalPoints":125,"rank":0,"id":390230,"place":7558,"uniqueZonesTaken":1,"region":{"name":"Västra Götaland","id":132}},"time":"2023-04-24T12:25:53+0000","message":"Hdh du","region":{"name":"Västra Götaland","id":132},"type":"chat"}]