[{"medal":85,"time":"2023-04-24T07:15:32+0000","type":"medal","user":{"country":"se","medals":[85],"zones":[50228,50231,50232,27736],"pointsPerHour":0,"points":1751,"blocktime":660,"taken":10,"name":"Evve&Natacha","totalPoints":1751,"rank":4,"id":388559,"place":7617,"uniqueZonesTaken":7,"region":{"name":"Östergötland","id":139}}},{"sender":{"country":"se","medals":[10,11,32,100,94,46,54,127],"zones":[19696,7760,706,152977,24164,24168,109752,9434,135788],"pointsPerHour":47,"points":27713,"blocktime":795,"taken":217,"name":"Heriin","totalPoints":27712,"rank":13,"id":388356,"place":1965,"uniqueZonesTaken":80,"region":{"name":"Västmanland","id":143}},"time":"2023-04-24T07:08:50+0000","message":"Squirrel: Rackarna vad du kör på! Snygg runda! :)","region":{"name":"Västmanland","id":143},"type":"chat"}]