[{"medal":80,"time":"2023-04-25T12:47:56+0000","type":"medal","user":{"country":"se","medals":[84,80],"zones":[119701,1269,122455,1626,8220],"pointsPerHour":0,"points":532,"blocktime":630,"taken":6,"name":"Klibitiklaban","totalPoints":532,"rank":2,"id":390513,"place":7865,"uniqueZonesTaken":6,"region":{"name":"Stockholm","id":141}}},{"medal":84,"time":"2023-04-25T12:43:47+0000","type":"medal","user":{"country":"se","medals":[84],"zones":[119701,122455,1626,8220],"pointsPerHour":0,"points":450,"blocktime":630,"taken":5,"name":"Klibitiklaban","totalPoints":450,"rank":2,"id":390513,"place":7864,"uniqueZonesTaken":5,"region":{"name":"Stockholm","id":141}}}]