[{"sender":{"country":"se","medals":[93,84],"zones":[],"pointsPerHour":0,"points":1111,"blocktime":645,"taken":6,"name":"theAdmin","totalPoints":1111,"rank":3,"id":390542,"place":5784,"uniqueZonesTaken":4,"region":{"name":"Östergötland","id":139}},"time":"2023-04-25T17:53:19+0000","message":"n00b","region":{"name":"Östergötland","id":139},"type":"chat"},{"medal":93,"time":"2023-04-25T17:51:47+0000","type":"medal","user":{"country":"se","medals":[84,93],"zones":[],"pointsPerHour":0,"points":110,"blocktime":660,"taken":8,"name":"Paula73","totalPoints":1266,"rank":4,"id":354626,"place":7904,"uniqueZonesTaken":6,"region":{"name":"Östergötland","id":139}}},{"medal":34,"time":"2023-04-25T17:49:51+0000","type":"medal","user":{"country":"se","medals":[10,51,12,6,104,4,95,34],"zones":[7570,207233,138865,7571,317895,7572,152246,115431,115430,353930],"pointsPerHour":0,"points":25026,"blocktime":1020,"taken":1000,"name":"Boho","totalPoints":252572,"rank":28,"id":254369,"place":7903,"uniqueZonesTaken":248,"region":{"name":"Skåne","id":135}}}]