[{"medal":51,"time":"2023-04-25T09:24:14+0000","type":"medal","user":{"country":"se","medals":[85,51],"zones":[7184,66112,2274,95603,95625,95624,95560,96682,587,91034],"pointsPerHour":0,"points":1942,"blocktime":675,"taken":12,"name":"MM22B2","totalPoints":1942,"rank":5,"id":390402,"place":7809,"uniqueZonesTaken":12,"region":{"name":"Skåne","id":135}}},{"medal":31,"time":"2023-04-25T09:17:04+0000","type":"medal","user":{"country":"se","medals":[93,80,31],"zones":[50227,27736],"pointsPerHour":0,"points":4236,"blocktime":690,"taken":25,"name":"churizard","totalPoints":4421,"rank":6,"id":317099,"place":7809,"uniqueZonesTaken":6,"region":{"name":"Östergötland","id":139}}},{"medal":85,"time":"2023-04-25T09:17:04+0000","type":"medal","user":{"country":"se","medals":[80,85],"zones":[7184,66112,2274,95603,95625,95624,96682,587],"pointsPerHour":0,"points":1674,"blocktime":660,"taken":10,"name":"MM22B2","totalPoints":1674,"rank":4,"id":390402,"place":7809,"uniqueZonesTaken":10,"region":{"name":"Skåne","id":135}}}]