[{"medal":85,"time":"2023-04-24T06:18:32+0000","type":"medal","user":{"country":"gb","medals":[80,85],"zones":[361604,388706,496377,393497],"pointsPerHour":0,"points":1960,"blocktime":675,"taken":10,"name":"R&G","totalPoints":1960,"rank":5,"id":389281,"place":7611,"uniqueZonesTaken":8,"region":{"name":"Scotland","id":200}}},{"medal":32,"time":"2023-04-24T06:16:25+0000","type":"medal","user":{"country":"se","medals":[92,80,32],"zones":[165223,7423],"pointsPerHour":0,"points":4113,"blocktime":735,"taken":100,"name":"ElectroCat89","totalPoints":13178,"rank":9,"id":382878,"place":7611,"uniqueZonesTaken":47,"region":{"name":"Västra Götaland","id":132}}}]