[{"medal":85,"time":"2022-03-22T13:16:16+0000","type":"medal","user":{"country":"gb","medals":[80,85],"zones":[361028,361396,480403,480402,480401,381625,381624],"pointsPerHour":0,"points":2209,"blocktime":675,"taken":10,"name":"ace_mcgraw","totalPoints":2209,"rank":5,"id":356321,"place":6268,"uniqueZonesTaken":9,"region":{"name":"East of England","id":204}}},{"medal":80,"time":"2022-03-22T13:11:49+0000","type":"medal","user":{"country":"se","medals":[84,80],"zones":[8147,54213,8149,37720,37722],"pointsPerHour":0,"points":1403,"blocktime":660,"taken":7,"name":"Blomrika","totalPoints":1403,"rank":4,"id":353899,"place":6268,"uniqueZonesTaken":5,"region":{"name":"Södermanland","id":140}}}]