[{"sender":{"country":"se","medals":[4,95,70,67,77,79,117,16,21,72,83,48,123,15,6,39,108,130,57],"zones":[7178,135790,22188,9584,337,209,92848,1618,92306,119701,30804,90101,90100,122455,49114,1626,48059,109471],"pointsPerHour":131,"points":88861,"blocktime":1275,"taken":18322,"name":"TheUrw","totalPoints":2936204,"rank":45,"id":282370,"place":316,"uniqueZonesTaken":1201,"region":{"name":"Stockholm","id":141}},"time":"2022-03-22T09:08:13+0000","message":"NisseNasse: toppen 🤣 du kan det här 🤩","region":{"name":"Stockholm","id":141},"type":"chat"},{"sender":{"country":"se","medals":[16,67,17,70,4,27,24,15,44,72,77,79,83,24,48,21,66,117,17,116,58,24,123,126,104,130,119],"zones":[326,134,200,203,23122,224784,1620,16790,94234,64094,1891,166,298,31914,171,59820,113,100083,78453,37238,42169,139064,43579,9599],"pointsPerHour":185,"points":118655,"blocktime":1470,"taken":103000,"name":"NisseNasse","totalPoints":15455788,"rank":58,"id":54085,"place":180,"uniqueZonesTaken":2251,"region":{"name":"Stockholm","id":141}},"time":"2022-03-22T09:06:17+0000","message":"TheUrw: 😁 behövs inte. Jag har 3-4 alternativa vägar varje dag. Nä, fler förresten. Men brukar bli via nån unik turfare.","region":{"name":"Stockholm","id":141},"type":"chat"}]