[{"sender":{"country":"uk","medals":[16,67,122,6,27,79,72,14,58,48,103,129,37,94],"zones":[358342,409153,323880,25582],"pointsPerHour":6,"points":114140,"blocktime":1245,"taken":7853,"name":"DoodleDad","totalPoints":2118758,"rank":43,"id":311442,"place":315,"uniqueZonesTaken":780,"region":{"name":"Scotland","id":200}},"time":"2022-01-25T07:11:00+0000","message":"Drylaw13: I\u2019m going out with dog to clear some zones if you want to retake?","region":{"name":"Scotland","id":200},"type":"chat"}]