[{"medal":84,"time":"2022-01-25T12:34:47+0000","type":"medal","user":{"country":"se","medals":[84],"zones":[18677,2246,139416,6843],"pointsPerHour":0,"points":361,"blocktime":615,"taken":5,"name":"ViktorP04","totalPoints":361,"rank":1,"id":354472,"place":6529,"uniqueZonesTaken":5,"region":{"name":"Västmanland","id":143}}},{"medal":100,"time":"2022-01-25T12:33:28+0000","type":"medal","user":{"country":"se","medals":[95,84,100],"zones":[109472,44097],"pointsPerHour":0,"points":583,"blocktime":630,"taken":8,"name":"aspect","totalPoints":583,"rank":2,"id":354411,"place":6529,"uniqueZonesTaken":7,"region":{"name":"Västmanland","id":143}}},{"medal":80,"time":"2022-01-25T12:33:28+0000","type":"medal","user":{"country":"se","medals":[94,84,80],"zones":[483,484,5431,488,11630],"pointsPerHour":0,"points":655,"blocktime":630,"taken":9,"name":"Theomir","totalPoints":655,"rank":2,"id":354455,"place":6529,"uniqueZonesTaken":8,"region":{"name":"Västmanland","id":143}}},{"medal":35,"time":"2022-01-25T12:33:23+0000","type":"medal","user":{"country":"uk","medals":[94,101,55,46,16,28,13,79,35],"zones":[48003,374342,62870,374345,359386,374346],"pointsPerHour":0,"points":20784,"blocktime":1125,"taken":2500,"name":"BearInTheWoods","totalPoints":674292,"rank":35,"id":306063,"place":6529,"uniqueZonesTaken":367,"region":{"name":"Scotland","id":200}}},{"medal":80,"time":"2022-01-25T12:32:25+0000","type":"medal","user":{"country":"se","medals":[93,84,80],"zones":[64417,9586,8196,43578,410522],"pointsPerHour":0,"points":912,"blocktime":645,"taken":8,"name":"Henrylor","totalPoints":912,"rank":3,"id":354412,"place":6529,"uniqueZonesTaken":8,"region":{"name":"Stockholm","id":141}}},{"medal":51,"time":"2022-01-25T12:31:56+0000","type":"medal","user":{"country":"se","medals":[51,85],"zones":[1364,17909,34551,355180,1403,224718,185359,20542,28190,1135],"pointsPerHour":0,"points":1395,"blocktime":660,"taken":10,"name":"magda_narin","totalPoints":1395,"rank":4,"id":354390,"place":6529,"uniqueZonesTaken":10,"region":{"name":"Skåne","id":135}}},{"medal":85,"time":"2022-01-25T12:31:56+0000","type":"medal","user":{"country":"se","medals":[51,85],"zones":[1364,17909,34551,355180,1403,224718,185359,20542,28190,1135],"pointsPerHour":0,"points":1395,"blocktime":660,"taken":10,"name":"magda_narin","totalPoints":1395,"rank":4,"id":354390,"place":6529,"uniqueZonesTaken":10,"region":{"name":"Skåne","id":135}}},{"medal":13,"time":"2022-01-25T12:31:22+0000","type":"medal","user":{"country":"se","medals":[54,46,100,10,71,42,94,7,13],"zones":[544,24570,61259,365,430875,11374],"pointsPerHour":0,"points":3641,"blocktime":945,"taken":459,"name":"Angelinita","totalPoints":147449,"rank":23,"id":256020,"place":6529,"uniqueZonesTaken":250,"region":{"name":"Örebro","id":131}}}]