[{"medal":51,"time":"2021-10-04T09:10:32+0000","type":"medal","user":{"country":"se","medals":[93,10,101,86,46,11,51],"zones":[9680,90448,24161,32115,22756,11652,22757,5429,7770,44108],"pointsPerHour":0,"points":1413,"blocktime":11,"taken":79,"name":"anpe65","totalPoints":7229,"rank":7,"id":347742,"place":4018,"uniqueZonesTaken":60,"region":{"name":"Västmanland","id":143}}},{"medal":128,"time":"2021-10-04T09:10:04+0000","type":"medal","user":{"country":"se","medals":[16,9,67,56,70,27,4,24,7,24,79,97,48,126,123,15,107,72,41,83,128],"zones":[47616,42688,1730,66898,20695,51660,47614],"pointsPerHour":0,"points":1803,"blocktime":22,"taken":29883,"name":"MrTJ","totalPoints":5076363,"rank":50,"id":51633,"place":4015,"uniqueZonesTaken":1081,"region":{"name":"Västerbotten","id":127}}},{"medal":128,"time":"2021-10-04T09:09:29+0000","type":"medal","user":{"country":"fi","medals":[4,69,68,16,27,67,69,68,44,69,68,68,69,68,24,69,68,70,68,69,68,21,17,69,68,8,64,62,69,68,68,17,72,30,15,66,60,75,3,69,68,77,69,68,79,107,83,17,115,126,119,123,128],"zones":[37938,35908,34727,350447,392174],"pointsPerHour":0,"points":981,"blocktime":24,"taken":107832,"name":"rozaliona","totalPoints":16277069,"rank":58,"id":73379,"place":4015,"uniqueZonesTaken":1866,"region":{"name":"Åland","id":177}}},{"medal":128,"time":"2021-10-04T09:09:07+0000","type":"medal","user":{"country":"se","medals":[16,27,4,48,9,67,60,68,68,21,68,24,64,70,24,62,17,72,66,26,77,79,83,17,112,111,117,74,113,123,118,126,128],"zones":[29139,29140,50653,44701,50655],"pointsPerHour":0,"points":10137,"blocktime":24,"taken":87175,"name":"k_tjing","totalPoints":14034679,"rank":57,"id":37123,"place":4015,"uniqueZonesTaken":6238,"region":{"name":"Kalmar","id":137}}},{"medal":128,"time":"2021-10-04T09:08:32+0000","type":"medal","user":{"country":"se","medals":[93,46,28,16,126,77,117,27,14,56,100,36,128],"zones":[95012,134213,114955,409259,42958,96494,44559,30229,51670,51671,114555,114554,176505,179129],"pointsPerHour":0,"points":5240,"blocktime":19,"taken":5159,"name":"Scott124","totalPoints":1158157,"rank":39,"id":267595,"place":4015,"uniqueZonesTaken":646,"region":{"name":"Västerbotten","id":127}}},{"sender":{"country":"fi","medals":[93,31,100],"zones":[33608,368634],"pointsPerHour":15,"points":257,"blocktime":11,"taken":48,"name":"Godbyormen","totalPoints":5832,"rank":7,"id":320835,"place":2953,"uniqueZonesTaken":9,"region":{"name":"Åland","id":177}},"time":"2021-10-04T09:05:45+0000","message":"Hej","region":{"name":"Åland","id":177},"type":"chat"}]