[{"medal":51,"time":"2021-10-04T11:20:09+0000","type":"medal","user":{"country":"se","medals":[85,92,51],"zones":[208849,21461,246965,21464,141546,201274,141545,21771,21772,154876],"pointsPerHour":0,"points":1997,"blocktime":11,"taken":18,"name":"FredrikS","totalPoints":4169,"rank":6,"id":346223,"place":4178,"uniqueZonesTaken":18,"region":{"name":"Skåne","id":135}}},{"medal":128,"time":"2021-10-04T11:19:08+0000","type":"medal","user":{"country":"se","medals":[22,16,70,72,4,67,27,24,79,77,17,58,24,24,50,75,17,115,83,30,113,17,91,24,126,123,119,24,110,128],"zones":[22304,17569,22306,22307,101,64650,586,972,973,97909,86,12378,923,36860,22301,95],"pointsPerHour":0,"points":5156,"blocktime":24,"taken":109312,"name":"Dumblydore","totalPoints":17733170,"rank":58,"id":137368,"place":4177,"uniqueZonesTaken":4427,"region":{"name":"Östergötland","id":139}}},{"medal":94,"time":"2021-10-04T11:16:29+0000","type":"medal","user":{"country":"se","medals":[94],"zones":[],"pointsPerHour":0,"points":170,"blocktime":10,"taken":1,"name":"stairwaytoåke","totalPoints":170,"rank":0,"id":348401,"place":4173,"uniqueZonesTaken":1,"region":{"name":"Västra Götaland","id":132}}},{"medal":94,"time":"2021-10-04T11:16:29+0000","type":"medal","user":{"country":"se","medals":[94],"zones":[],"pointsPerHour":0,"points":170,"blocktime":10,"taken":1,"name":"elsacarlen08","totalPoints":170,"rank":0,"id":348398,"place":4173,"uniqueZonesTaken":1,"region":{"name":"Västra Götaland","id":132}}},{"medal":128,"time":"2021-10-04T11:15:56+0000","type":"medal","user":{"country":"se","medals":[46,16,57,28,7,4,126,22,15,71,95,122,106,37,128],"zones":[58209,433422,955,57726,7919,959],"pointsPerHour":0,"points":1705,"blocktime":20,"taken":7670,"name":"Madutt","totalPoints":1774276,"rank":42,"id":139330,"place":4172,"uniqueZonesTaken":1217,"region":{"name":"Kronoberg","id":147}}}]