[{"medal":93,"time":"2021-10-04T08:53:59+0000","type":"medal","user":{"country":"fi","medals":[93],"zones":[],"pointsPerHour":0,"points":80,"blocktime":10,"taken":3,"name":"Godbysnoken","totalPoints":333,"rank":1,"id":347080,"place":4001,"uniqueZonesTaken":3,"region":{"name":"Åland","id":177}}},{"sender":{"country":"se","medals":[16,77,79,48,57,70,24,6,15,22,67,72,107,83,98,41,124,128],"zones":[32929,431972,32932,32934,32936,181227,152872,2122,31339,55820,33324,55821,7021,154701,43221,2811,78941],"pointsPerHour":55,"points":11461,"blocktime":21,"taken":26910,"name":"anthi","totalPoints":3398173,"rank":46,"id":285613,"place":229,"uniqueZonesTaken":1756,"region":{"name":"Södermanland","id":140}},"time":"2021-10-04T08:50:55+0000","message":"anpe65: Heja heja 😁","region":{"name":"Västmanland","id":143},"type":"chat"},{"medal":128,"time":"2021-10-04T08:49:00+0000","type":"medal","user":{"country":"se","medals":[27,7,77,16,99,79,4,47,67,28,56,22,108,15,123,126,73,24,128],"zones":[20913,20914,20915,90118,178252],"pointsPerHour":0,"points":1592,"blocktime":22,"taken":33378,"name":"Borgan","totalPoints":6415474,"rank":51,"id":143895,"place":3998,"uniqueZonesTaken":1120,"region":{"name":"Östergötland","id":139}}}]