[{"sender":{"country":"fi","medals":[67,16,5,21,70,69,68,68,69,9,27,69,68,17,4,69,68,64,3,69,68,77,75,72,81,3,69,68,62,69,68,24,49,91,79,50,122,126,109,89,17,131,17,116],"zones":[139474,38336,85571,516957,38335,12479],"pointsPerHour":43,"points":18744,"blocktime":1425,"taken":57786,"name":"KråkanKrax","totalPoints":9858664,"rank":55,"id":120751,"place":2218,"uniqueZonesTaken":3196,"region":{"name":"Åland","id":177}},"time":"2022-08-23T02:30:18+0000","message":"Pilgrim:","type":"chat"},{"sender":{"country":"fi","medals":[67,16,5,21,70,69,68,68,69,9,27,69,68,17,4,69,68,64,3,69,68,77,75,72,81,3,69,68,62,69,68,24,49,91,79,50,122,126,109,89,17,131,17,116],"zones":[139474,85571,516957,38335,12479],"pointsPerHour":36,"points":18649,"blocktime":1425,"taken":57786,"name":"KråkanKrax","totalPoints":9858568,"rank":55,"id":120751,"place":2225,"uniqueZonesTaken":3196,"region":{"name":"Åland","id":177}},"time":"2022-08-23T02:30:17+0000","message":"ebjonyq:","type":"chat"},{"sender":{"country":"fi","medals":[67,16,5,21,70,69,68,68,69,9,27,69,68,17,4,69,68,64,3,69,68,77,75,72,81,3,69,68,62,69,68,24,49,91,79,50,122,126,109,89,17,131,17,116],"zones":[139474,85571,516957,38335,12479],"pointsPerHour":36,"points":18649,"blocktime":1425,"taken":57786,"name":"KråkanKrax","totalPoints":9858568,"rank":55,"id":120751,"place":2225,"uniqueZonesTaken":3196,"region":{"name":"Åland","id":177}},"time":"2022-08-23T02:30:17+0000","message":"Daily-∞:","type":"chat"},{"sender":{"country":"fi","medals":[67,16,5,21,70,69,68,68,69,9,27,69,68,17,4,69,68,64,3,69,68,77,75,72,81,3,69,68,62,69,68,24,49,91,79,50,122,126,109,89,17,131,17,116],"zones":[139474,85571,516957,38335,12479],"pointsPerHour":36,"points":18649,"blocktime":1425,"taken":57786,"name":"KråkanKrax","totalPoints":9858568,"rank":55,"id":120751,"place":2225,"uniqueZonesTaken":3196,"region":{"name":"Åland","id":177}},"time":"2022-08-23T02:30:17+0000","message":"Daily-∞:","type":"chat"},{"sender":{"country":"fi","medals":[67,16,5,21,70,69,68,68,69,9,27,69,68,17,4,69,68,64,3,69,68,77,75,72,81,3,69,68,62,69,68,24,49,91,79,50,122,126,109,89,17,131,17,116],"zones":[139474,85571,516957,38335,12479],"pointsPerHour":36,"points":18649,"blocktime":1425,"taken":57786,"name":"KråkanKrax","totalPoints":9858568,"rank":55,"id":120751,"place":2225,"uniqueZonesTaken":3196,"region":{"name":"Åland","id":177}},"time":"2022-08-23T02:30:17+0000","message":"Autumnman:    s. mw","type":"chat"},{"sender":{"country":"fi","medals":[67,16,5,21,70,69,68,68,69,9,27,69,68,17,4,69,68,64,3,69,68,77,75,72,81,3,69,68,62,69,68,24,49,91,79,50,122,126,109,89,17,131,17,116],"zones":[139474,85571,516957,38335,12479],"pointsPerHour":36,"points":18647,"blocktime":1425,"taken":57785,"name":"KråkanKrax","totalPoints":9858567,"rank":55,"id":120751,"place":2225,"uniqueZonesTaken":3196,"region":{"name":"Åland","id":177}},"time":"2022-08-23T02:27:40+0000","message":"Autumnman:","region":{"name":"Åland","id":177},"type":"chat"},{"sender":{"country":"fi","medals":[67,16,5,21,70,69,68,68,69,9,27,69,68,17,4,69,68,64,3,69,68,77,75,72,81,3,69,68,62,69,68,24,49,91,79,50,122,126,109,89,17,131,17,116],"zones":[139474,85571,516957,38335,12479],"pointsPerHour":36,"points":18647,"blocktime":1425,"taken":57785,"name":"KråkanKrax","totalPoints":9858567,"rank":55,"id":120751,"place":2225,"uniqueZonesTaken":3196,"region":{"name":"Åland","id":177}},"time":"2022-08-23T02:27:24+0000","message":"? ..  .....l  z   f.x\n\n\n\n\n\n\n\n\n\n\n\n\n\n\n\n\n\n\n\n\n\n\n\n\n\n...\n\n...  ...        NLLK  K     KLKLILIK          S       N    , ..\n\n\n\n\n\n\n\n\n..\n\n.\n\n\n\n\n...mm","region":{"name":"Åland","id":177},"type":"chat"}]