[{"medal":84,"time":"2022-09-20T05:34:51+0000","type":"medal","user":{"country":"se","medals":[84],"zones":[11880,19321,12460],"pointsPerHour":0,"points":671,"blocktime":630,"taken":5,"name":"caroo","totalPoints":672,"rank":2,"id":367700,"place":8238,"uniqueZonesTaken":5,"region":{"name":"Kalmar","id":137}}},{"sender":{"country":"se","medals":[5,67,27,70,16,93,57,28,4,47,122,79,14,77,41,100,132],"zones":[157378,95297,319302,515652,148618,153674,141577,425675,8399,8400,93200,223824,111124,95831,56793,175515,56794,425692,517721,432230,37537,1579,135789,154290,107447,32187,32188,32191],"pointsPerHour":130,"points":72092,"blocktime":1365,"taken":27032,"name":"Daily-∞","totalPoints":6008253,"rank":51,"id":254091,"place":592,"uniqueZonesTaken":569,"region":{"name":"Stockholm","id":141}},"time":"2022-09-20T05:32:40+0000","message":"Berörd: är det rentav du som är byråkratin, som fördröjer allt på riktigt viktigt?","region":{"name":"Stockholm","id":141},"type":"chat"},{"country":"se","sender":{"country":"se","medals":[93,100,80,31,92],"zones":[],"pointsPerHour":0,"points":0,"blocktime":705,"taken":38,"name":"Ivar2.0","totalPoints":6839,"rank":7,"id":309191,"place":8238,"uniqueZonesTaken":20},"time":"2022-09-20T05:30:35+0000","message":".   ..   .  ...    . .   ...","type":"chat"},{"sender":{"country":"se","medals":[5,67,27,70,16,93,57,28,4,47,122,79,14,77,41,100,132],"zones":[157378,95297,319302,515652,148618,153674,141577,425675,8399,8400,93200,223824,111124,95831,56793,175515,56794,425692,517721,432230,37537,1579,135789,154290,107447,32187,32188,32191],"pointsPerHour":130,"points":72079,"blocktime":1365,"taken":27032,"name":"Daily-∞","totalPoints":6008241,"rank":51,"id":254091,"place":592,"uniqueZonesTaken":569,"region":{"name":"Stockholm","id":141}},"time":"2022-09-20T05:27:01+0000","message":"Berörd: Familj, jobb och heltids-Turf är den ultimata livstidsmixen?","region":{"name":"Stockholm","id":141},"type":"chat"}]