[{"medal":93,"time":"2022-09-20T10:32:39+0000","type":"medal","user":{"country":"se","medals":[93],"zones":[],"pointsPerHour":0,"points":110,"blocktime":600,"taken":1,"name":"Yova","totalPoints":110,"rank":0,"id":375877,"place":8385,"uniqueZonesTaken":1,"region":{"name":"Uppsala","id":142}}},{"medal":84,"time":"2022-09-20T10:32:08+0000","type":"medal","user":{"country":"se","medals":[84],"zones":[28210,12086,1192],"pointsPerHour":0,"points":761,"blocktime":645,"taken":5,"name":"Graje.Patrik","totalPoints":761,"rank":3,"id":375537,"place":8385,"uniqueZonesTaken":4,"region":{"name":"Blekinge","id":136}}},{"medal":86,"time":"2022-09-20T10:31:00+0000","type":"medal","user":{"country":"se","medals":[51,92,86],"zones":[154212,154213,78459,97978,26171,27612,78461,30844,30845,3103],"pointsPerHour":0,"points":8274,"blocktime":720,"taken":50,"name":"Tobias77","totalPoints":8274,"rank":8,"id":370448,"place":8384,"uniqueZonesTaken":29,"region":{"name":"Stockholm","id":141}}},{"medal":86,"time":"2022-09-20T10:29:52+0000","type":"medal","user":{"country":"se","medals":[80,86],"zones":[30905],"pointsPerHour":0,"points":2059,"blocktime":705,"taken":50,"name":"Tina-Lotta","totalPoints":7238,"rank":7,"id":368820,"place":8384,"uniqueZonesTaken":11,"region":{"name":"Gävleborg","id":144}}}]