[{"medal":35,"time":"2022-03-15T16:24:26+0000","type":"medal","user":{"country":"se","medals":[6,53,12,10,71,127,16,35],"zones":[835,839,874,12812],"pointsPerHour":0,"points":16065,"blocktime":1095,"taken":2500,"name":"Ztina","totalPoints":552902,"rank":33,"id":312699,"place":5706,"uniqueZonesTaken":172,"region":{"name":"Västra Götaland","id":132}}},{"sender":{"country":"se","medals":[16,4,5,22,46,30,25,56,17,28,70,67,15,91,77,99,24,79,45,26,76,17,24,49,27,126,108,73,128],"zones":[64353,64357,54885,262,28198,21350,28199,476427,45197,89422,111150,476822,47505,47506,47507,150641,47508,47509,22843,14620],"pointsPerHour":50,"points":39773,"blocktime":1365,"taken":32297,"name":"yrla","totalPoints":5973811,"rank":51,"id":36811,"place":550,"uniqueZonesTaken":2224,"region":{"name":"Stockholm","id":141}},"time":"2022-03-15T16:22:46+0000","message":"Jaderäven: hejhej 😉","region":{"name":"Stockholm","id":141},"type":"chat"},{"sender":{"country":"se","medals":[70,28,16,79,14,5,122,48,67,117,40,24,95,127,58,102],"zones":[22835,27814,23911,139099,135817,203583,1614,62031],"pointsPerHour":29,"points":9976,"blocktime":1335,"taken":23883,"name":"molex","totalPoints":4777823,"rank":49,"id":240222,"place":2295,"uniqueZonesTaken":934,"region":{"name":"Stockholm","id":141}},"time":"2022-03-15T16:19:23+0000","message":"Mimikryp: 👍","region":{"name":"Stockholm","id":141},"type":"chat"}]