[{"zone":{"previousOwner":{"name":"Vintentina","id":60202},"dateCreated":"2015-01-30T06:00:00+0000","dateLastTaken":"2021-08-15T03:21:08+0000","latitude":59.392844,"currentOwner":{"name":"camry","id":189115},"name":"RullaVidare","id":43905,"totalTakeovers":5341,"region":{"area":{"name":"Karlstads kommun","id":1827},"country":"se","name":"Värmland","id":130},"pointsPerHour":5,"longitude":13.571832,"takeoverPoints":125},"latitude":59.392844,"currentOwner":{"name":"camry","id":189115},"time":"2021-08-15T03:21:08+0000","type":"takeover","longitude":13.571832},{"zone":{"previousOwner":{"name":"belsebub","id":307271},"dateCreated":"2018-06-25T17:54:06+0000","dateLastTaken":"2021-08-15T03:19:53+0000","latitude":60.910957,"currentOwner":{"name":"Bamse65","id":75652},"name":"Vikpizza","id":154091,"totalTakeovers":899,"region":{"area":{"name":"Rättviks kommun","id":1877},"country":"se","name":"Dalarna","id":129},"pointsPerHour":4,"longitude":15.014831,"takeoverPoints":140},"latitude":60.910957,"currentOwner":{"name":"Bamse65","id":75652},"time":"2021-08-15T03:19:53+0000","type":"takeover","longitude":15.014831},{"zone":{"previousOwner":{"name":"Vintentina","id":60202},"dateCreated":"2015-01-18T09:47:53+0000","dateLastTaken":"2021-08-15T03:19:36+0000","latitude":59.393532,"currentOwner":{"name":"camry","id":189115},"name":"Välsleden","id":43904,"totalTakeovers":5160,"region":{"area":{"name":"Karlstads kommun","id":1827},"country":"se","name":"Värmland","id":130},"pointsPerHour":5,"longitude":13.578313,"takeoverPoints":125},"latitude":59.393532,"currentOwner":{"name":"camry","id":189115},"time":"2021-08-15T03:19:36+0000","type":"takeover","longitude":13.578313},{"zone":{"previousOwner":{"name":"ShahofBlah","id":325964},"dateCreated":"2011-02-09T15:57:43+0000","dateLastTaken":"2021-08-15T03:19:15+0000","latitude":59.372358,"currentOwner":{"name":"Pajje","id":283572},"name":"LootLake","id":1481,"totalTakeovers":7797,"region":{"area":{"name":"Sundbybergs kommun","id":1889},"country":"se","name":"Stockholm","id":141},"pointsPerHour":6,"longitude":17.965647,"takeoverPoints":110},"latitude":59.372358,"currentOwner":{"name":"Pajje","id":283572},"time":"2021-08-15T03:19:15+0000","type":"takeover","longitude":17.965647},{"zone":{"previousOwner":{"name":"Sagarmatha","id":113595},"dateCreated":"2012-11-26T12:34:43+0000","dateLastTaken":"2021-08-15T03:17:56+0000","latitude":59.395944,"currentOwner":{"name":"camry","id":189115},"name":"Välsviken","id":12051,"totalTakeovers":9692,"region":{"area":{"name":"Karlstads kommun","id":1827},"country":"se","name":"Värmland","id":130},"pointsPerHour":7,"longitude":13.580264,"takeoverPoints":95},"latitude":59.395944,"currentOwner":{"name":"camry","id":189115},"time":"2021-08-15T03:17:56+0000","type":"takeover","longitude":13.580264},{"zone":{"previousOwner":{"name":"ckrohn","id":107812},"dateCreated":"2015-02-15T06:00:00+0000","dateLastTaken":"2021-08-15T03:15:58+0000","latitude":59.397637,"currentOwner":{"name":"camry","id":189115},"name":"VälsvikWoods","id":43934,"totalTakeovers":5740,"region":{"area":{"name":"Karlstads kommun","id":1827},"country":"se","name":"Värmland","id":130},"pointsPerHour":5,"longitude":13.572274,"takeoverPoints":125},"latitude":59.397637,"currentOwner":{"name":"camry","id":189115},"time":"2021-08-15T03:15:58+0000","type":"takeover","longitude":13.572274}]