[{"medal":85,"time":"2021-08-12T11:31:28+0000","type":"medal","user":{"country":"se","medals":[80,85],"zones":[29040,7409,29041,7410,175985,27651,235695,430666,29037],"pointsPerHour":0,"points":2047,"blocktime":675,"taken":10,"name":"Essab","totalPoints":2047,"rank":5,"id":335523,"place":6546,"uniqueZonesTaken":10,"region":{"name":"Västra Götaland","id":132}}},{"medal":52,"time":"2021-08-12T11:28:18+0000","type":"medal","user":{"country":"uk","medals":[92,31,52],"zones":[154594,360903,154592,154593,79364,224296,360904,397800,360906,360916,154582,154583,360915,154581,79386,154585,360921,360920,79359,79358],"pointsPerHour":0,"points":7227,"blocktime":720,"taken":36,"name":"Smitty","totalPoints":11735,"rank":8,"id":335883,"place":6546,"uniqueZonesTaken":28,"region":{"name":"Northern Ireland","id":206}}},{"medal":51,"time":"2021-08-12T11:26:49+0000","type":"medal","user":{"country":"se","medals":[92,94,78,90,86,51],"zones":[12450,69010,105298,388,62134,23894,62135,361,21452,1117],"pointsPerHour":0,"points":6535,"blocktime":705,"taken":51,"name":"Vildhav","totalPoints":6535,"rank":7,"id":336593,"place":6546,"uniqueZonesTaken":41,"region":{"name":"Västra Götaland","id":132}}}]