[{"zone":{"previousOwner":{"name":"Frekke","id":281584},"dateCreated":"2016-06-05T00:53:05+0000","dateLastTaken":"2021-08-13T19:08:37+0000","latitude":59.318191,"currentOwner":{"name":"iTurf","id":38915},"name":"ReimersMitt","id":78440,"totalTakeovers":2514,"region":{"area":{"name":"Stockholms kommun","id":1828},"country":"se","name":"Stockholm","id":141},"pointsPerHour":4,"longitude":18.021663,"takeoverPoints":140},"latitude":59.318191,"currentOwner":{"name":"iTurf","id":38915},"time":"2021-08-13T19:08:37+0000","type":"takeover","longitude":18.021663},{"zone":{"previousOwner":{"name":"Wullie","id":323178},"dateCreated":"2020-12-14T19:50:00+0000","dateLastTaken":"2021-08-13T19:08:34+0000","latitude":55.89565,"currentOwner":{"name":"Artful","id":302131},"name":"Bathville","id":356545,"totalTakeovers":89,"region":{"area":{"name":"West Lothian","id":2781},"country":"gb","name":"Scotland","id":200},"pointsPerHour":2,"longitude":-3.680179,"takeoverPoints":170},"latitude":55.89565,"currentOwner":{"name":"Artful","id":302131},"time":"2021-08-13T19:08:34+0000","type":"takeover","longitude":-3.680179},{"zone":{"previousOwner":{"name":"Pepe65","id":226825},"dateLastTaken":"2021-08-13T19:08:34+0000","latitude":55.564903,"totalTakeovers":5831,"type":{"name":"Bridge","id":8},"pointsPerHour":5,"takeoverPoints":125,"dateCreated":"2014-04-06T12:40:17+0000","currentOwner":{"name":"Tompa_65","id":160985},"name":"CarPeek","id":27834,"region":{"area":{"name":"Malmö kommun","id":1898},"country":"se","name":"Skåne","id":135},"longitude":13.001787},"latitude":55.564903,"currentOwner":{"name":"Tompa_65","id":160985},"time":"2021-08-13T19:08:34+0000","type":"takeover","longitude":13.001787},{"zone":{"previousOwner":{"name":"Biorach","id":302584},"dateCreated":"2020-09-02T12:00:00+0000","dateLastTaken":"2021-08-13T19:08:33+0000","latitude":55.816888,"currentOwner":{"name":"Cubist","id":320037},"name":"Lubnaig","id":323319,"totalTakeovers":255,"region":{"area":{"name":"Glasgow City","id":2778},"country":"gb","name":"Scotland","id":200},"pointsPerHour":3,"longitude":-4.282051,"takeoverPoints":155},"assists":[{"name":"MerrymaKer","id":322026}],"latitude":55.816888,"currentOwner":{"name":"Cubist","id":320037},"time":"2021-08-13T19:08:33+0000","type":"takeover","longitude":-4.282051},{"zone":{"previousOwner":{"name":"DrG","id":302459},"dateLastTaken":"2021-08-13T19:08:30+0000","latitude":55.934294,"totalTakeovers":243,"type":{"name":"Bridge","id":8},"pointsPerHour":3,"takeoverPoints":155,"dateCreated":"2020-10-14T09:30:00+0000","currentOwner":{"name":"bythesea","id":289445},"name":"EskIsland","id":344714,"region":{"area":{"name":"East Lothian","id":2786},"country":"gb","name":"Scotland","id":200},"longitude":-3.060007},"latitude":55.934294,"currentOwner":{"name":"bythesea","id":289445},"time":"2021-08-13T19:08:30+0000","type":"takeover","longitude":-3.060007},{"zone":{"previousOwner":{"name":"Ignavus","id":62439},"dateCreated":"2013-10-30T15:00:00+0000","dateLastTaken":"2021-08-13T19:08:29+0000","latitude":59.109998,"currentOwner":{"name":"Jimpan76","id":100958},"name":"Svedjegatan","id":22525,"totalTakeovers":7504,"region":{"area":{"name":"Kumla kommun","id":1816},"country":"se","name":"Örebro","id":131},"pointsPerHour":5,"longitude":15.155326,"takeoverPoints":125},"latitude":59.109998,"currentOwner":{"name":"Jimpan76","id":100958},"time":"2021-08-13T19:08:29+0000","type":"takeover","longitude":15.155326},{"zone":{"previousOwner":{"name":"Funky","id":149372},"dateCreated":"2012-09-23T06:16:13+0000","dateLastTaken":"2021-08-13T19:08:28+0000","latitude":57.711564,"currentOwner":{"name":"Sporttejp","id":337047},"name":"GothOpera","id":11452,"totalTakeovers":15562,"region":{"area":{"name":"Göteborgs kommun","id":1885},"country":"se","name":"Västra Götaland","id":132},"pointsPerHour":8,"longitude":11.96368,"takeoverPoints":80},"assists":[{"name":"MargoB","id":336695}],"latitude":57.711564,"currentOwner":{"name":"Sporttejp","id":337047},"time":"2021-08-13T19:08:28+0000","type":"takeover","longitude":11.96368},{"zone":{"dateCreated":"2021-04-13T21:05:06+0000","dateLastTaken":"2021-08-13T19:08:28+0000","latitude":51.627416,"currentOwner":{"name":"BiggusVikus","id":329911},"name":"FirsRelax","id":398406,"totalTakeovers":6,"region":{"area":{"name":"London","id":2708},"country":"gb","name":"Greater London","id":207},"pointsPerHour":1,"longitude":-0.084849,"takeoverPoints":185},"latitude":51.627416,"currentOwner":{"name":"BiggusVikus","id":329911},"time":"2021-08-13T19:08:28+0000","type":"takeover","longitude":-0.084849},{"zone":{"previousOwner":{"name":"godders","id":302263},"dateLastTaken":"2021-08-13T19:08:19+0000","latitude":56.162029,"totalTakeovers":341,"type":{"name":"Bridge","id":8},"pointsPerHour":2,"takeoverPoints":170,"dateCreated":"2020-12-28T23:16:24+0000","currentOwner":{"name":"godders","id":302263},"name":"DewarBridge","id":360039,"region":{"area":{"name":"Clackmannanshire","id":3993},"country":"gb","name":"Scotland","id":200},"longitude":-3.671052},"latitude":56.162029,"currentOwner":{"name":"godders","id":302263},"time":"2021-08-13T19:08:19+0000","type":"takeover","longitude":-3.671052},{"zone":{"previousOwner":{"name":"Steffo75","id":186246},"dateLastTaken":"2021-08-13T19:08:18+0000","latitude":57.108607,"totalTakeovers":7631,"type":{"name":"Bridge","id":8},"pointsPerHour":8,"takeoverPoints":80,"dateCreated":"2010-09-30T22:00:02+0000","currentOwner":{"name":"Truplu","id":74109},"name":"KallMahal","id":896,"region":{"area":{"name":"Varbergs kommun","id":1984},"country":"se","name":"Halland","id":134},"longitude":12.24162},"latitude":57.108607,"currentOwner":{"name":"Truplu","id":74109},"time":"2021-08-13T19:08:18+0000","type":"takeover","longitude":12.24162},{"zone":{"previousOwner":{"name":"Vento101","id":78248},"dateCreated":"2016-08-31T14:30:51+0000","dateLastTaken":"2021-08-13T19:08:16+0000","latitude":55.698426,"currentOwner":{"name":"vuuv","id":312612},"name":"GetAFew","id":82330,"totalTakeovers":374,"region":{"area":{"name":"Lomma kommun","id":1966},"country":"se","name":"Skåne","id":135},"pointsPerHour":1,"longitude":13.049986,"takeoverPoints":185},"latitude":55.698426,"currentOwner":{"name":"vuuv","id":312612},"time":"2021-08-13T19:08:16+0000","type":"takeover","longitude":13.049986},{"zone":{"previousOwner":{"name":"Anhau","id":257005},"dateCreated":"2010-09-04T14:41:37+0000","dateLastTaken":"2021-08-13T19:08:14+0000","latitude":56.666893,"currentOwner":{"name":"HappyF","id":23836},"name":"FoxPlay","id":657,"totalTakeovers":11131,"region":{"area":{"name":"Kalmar kommun","id":2015},"country":"se","name":"Kalmar","id":137},"pointsPerHour":6,"longitude":16.364185,"takeoverPoints":110},"assists":[{"name":"Gusi","id":26240}],"latitude":56.666893,"currentOwner":{"name":"HappyF","id":23836},"time":"2021-08-13T19:08:14+0000","type":"takeover","longitude":16.364185},{"zone":{"previousOwner":{"name":"rozaliona","id":73379},"dateLastTaken":"2021-08-13T19:08:10+0000","latitude":60.098822,"totalTakeovers":8266,"type":{"name":"Winner Zone","id":6},"pointsPerHour":6,"takeoverPoints":110,"dateCreated":"2017-03-11T22:06:22+0000","currentOwner":{"name":"C3PO.","id":265321},"name":"RozalionPier","id":96133,"region":{"area":{"name":"Mariehamn","id":2176},"country":"fi","name":"Åland","id":177},"longitude":19.948023},"latitude":60.098822,"currentOwner":{"name":"C3PO.","id":265321},"time":"2021-08-13T19:08:10+0000","type":"takeover","longitude":19.948023},{"zone":{"previousOwner":{"name":"Fnark","id":105350},"dateCreated":"2011-08-05T20:16:13+0000","dateLastTaken":"2021-08-13T19:08:04+0000","latitude":62.383382,"currentOwner":{"name":"HaAnd","id":52242},"name":"SödraAllén","id":2440,"totalTakeovers":4143,"region":{"area":{"name":"Sundsvalls kommun","id":2056},"country":"se","name":"Västernorrland","id":145},"pointsPerHour":4,"longitude":17.289407,"takeoverPoints":140},"latitude":62.383382,"currentOwner":{"name":"HaAnd","id":52242},"time":"2021-08-13T19:08:04+0000","type":"takeover","longitude":17.289407},{"zone":{"previousOwner":{"name":"McDaddy","id":241765},"dateCreated":"2011-05-30T18:39:07+0000","dateLastTaken":"2021-08-13T19:08:01+0000","latitude":58.157585,"currentOwner":{"name":"McDaddy","id":241765},"name":"MayorZone","id":1767,"totalTakeovers":537,"region":{"area":{"name":"Falköpings kommun","id":1914},"country":"se","name":"Västra Götaland","id":132},"pointsPerHour":2,"longitude":13.55798,"takeoverPoints":170},"latitude":58.157585,"currentOwner":{"name":"McDaddy","id":241765},"time":"2021-08-13T19:08:01+0000","type":"takeover","longitude":13.55798},{"zone":{"previousOwner":{"name":"Annisen","id":282293},"dateCreated":"2015-10-18T18:53:37+0000","dateLastTaken":"2021-08-13T19:07:57+0000","latitude":59.562642,"currentOwner":{"name":"Gubbvaden","id":47726},"name":"KryddZone","id":60434,"totalTakeovers":1681,"region":{"area":{"name":"Västerås","id":1807},"country":"se","name":"Västmanland","id":143},"pointsPerHour":3,"longitude":16.46845,"takeoverPoints":155},"latitude":59.562642,"currentOwner":{"name":"Gubbvaden","id":47726},"time":"2021-08-13T19:07:57+0000","type":"takeover","longitude":16.46845},{"zone":{"previousOwner":{"name":"JessicaWM","id":322165},"dateCreated":"2014-05-31T21:00:00+0000","dateLastTaken":"2021-08-13T19:07:56+0000","latitude":56.910456,"currentOwner":{"name":"Kaj-scout","id":170651},"name":"Vallmästaren","id":30788,"totalTakeovers":2671,"region":{"area":{"name":"Växjö kommun","id":1995},"country":"se","name":"Kronoberg","id":147},"pointsPerHour":5,"longitude":14.793536,"takeoverPoints":125},"latitude":56.910456,"currentOwner":{"name":"Kaj-scout","id":170651},"time":"2021-08-13T19:07:56+0000","type":"takeover","longitude":14.793536},{"zone":{"previousOwner":{"name":"ro3r","id":73689},"dateCreated":"2012-07-01T19:34:30+0000","dateLastTaken":"2021-08-13T19:07:56+0000","latitude":63.803031,"currentOwner":{"name":"Bont","id":90307},"name":"NyaTomtevägen","id":9572,"totalTakeovers":15567,"region":{"area":{"name":"Umeå kommun","id":2064},"country":"se","name":"Västerbotten","id":127},"pointsPerHour":8,"longitude":20.352337,"takeoverPoints":80},"latitude":63.803031,"currentOwner":{"name":"Bont","id":90307},"time":"2021-08-13T19:07:56+0000","type":"takeover","longitude":20.352337},{"zone":{"previousOwner":{"name":"Lindhardt","id":212850},"dateCreated":"2012-11-23T20:54:55+0000","dateLastTaken":"2021-08-13T19:07:53+0000","latitude":57.700251,"currentOwner":{"name":"XDMarcusdaboyO","id":335966},"name":"Hedenizer","id":12043,"totalTakeovers":16007,"region":{"area":{"name":"Göteborgs kommun","id":1885},"country":"se","name":"Västra Götaland","id":132},"pointsPerHour":8,"longitude":11.979396,"takeoverPoints":80},"latitude":57.700251,"currentOwner":{"name":"XDMarcusdaboyO","id":335966},"time":"2021-08-13T19:07:53+0000","type":"takeover","longitude":11.979396},{"zone":{"previousOwner":{"name":"jonnaa","id":251376},"dateCreated":"2014-05-12T08:08:00+0000","dateLastTaken":"2021-08-13T19:07:50+0000","latitude":59.608671,"currentOwner":{"name":"Cyndix","id":43268},"name":"SoldierPath","id":29172,"totalTakeovers":14191,"region":{"area":{"name":"Västerås","id":1807},"country":"se","name":"Västmanland","id":143},"pointsPerHour":8,"longitude":16.580121,"takeoverPoints":80},"assists":[{"name":"ibanezlespaul","id":15227}],"latitude":59.608671,"currentOwner":{"name":"Cyndix","id":43268},"time":"2021-08-13T19:07:50+0000","type":"takeover","longitude":16.580121},{"zone":{"previousOwner":{"name":"Skywalker65","id":11790},"dateCreated":"2010-09-04T00:00:00+0000","dateLastTaken":"2021-08-13T19:07:49+0000","latitude":57.651595,"currentOwner":{"name":"Völund","id":26984},"name":"Tomrulle","id":450,"totalTakeovers":7281,"region":{"area":{"name":"Mölndals kommun","id":1886},"country":"se","name":"Västra Götaland","id":132},"pointsPerHour":4,"longitude":11.956227,"takeoverPoints":140},"latitude":57.651595,"currentOwner":{"name":"Völund","id":26984},"time":"2021-08-13T19:07:49+0000","type":"takeover","longitude":11.956227},{"zone":{"previousOwner":{"name":"pawik","id":210314},"dateCreated":"2013-12-24T11:00:00+0000","dateLastTaken":"2021-08-13T19:07:48+0000","latitude":57.651927,"currentOwner":{"name":"jösses...då","id":113416},"name":"Melonzon","id":23897,"totalTakeovers":6576,"region":{"area":{"name":"Göteborgs kommun","id":1885},"country":"se","name":"Västra Götaland","id":132},"pointsPerHour":5,"longitude":11.878811,"takeoverPoints":125},"latitude":57.651927,"currentOwner":{"name":"jösses...då","id":113416},"time":"2021-08-13T19:07:48+0000","type":"takeover","longitude":11.878811},{"zone":{"previousOwner":{"name":"heap","id":201414},"dateLastTaken":"2021-08-13T19:07:47+0000","latitude":58.590029,"totalTakeovers":8078,"type":{"name":"Holy","id":9},"pointsPerHour":7,"takeoverPoints":95,"dateCreated":"2013-10-23T17:41:33+0000","currentOwner":{"name":"Räkan.S","id":42946},"name":"DragStreet","id":22322,"region":{"area":{"name":"Norrköpings kommun","id":1853},"country":"se","name":"Östergötland","id":139},"longitude":16.170086},"assists":[{"name":"Flippr","id":209935}],"latitude":58.590029,"currentOwner":{"name":"Räkan.S","id":42946},"time":"2021-08-13T19:07:47+0000","type":"takeover","longitude":16.170086},{"zone":{"previousOwner":{"name":"CySu","id":323779},"dateLastTaken":"2021-08-13T19:07:45+0000","latitude":55.420761,"totalTakeovers":245,"type":{"name":"Ruins/Ancient Remains","id":16},"pointsPerHour":3,"takeoverPoints":155,"dateCreated":"2016-10-30T11:07:50+0000","currentOwner":{"name":"Applekingen","id":129739},"name":"SkanörsBorg","id":90873,"region":{"area":{"name":"Vellinge kommun","id":1958},"country":"se","name":"Skåne","id":135},"longitude":12.84929},"latitude":55.420761,"currentOwner":{"name":"Applekingen","id":129739},"time":"2021-08-13T19:07:45+0000","type":"takeover","longitude":12.84929},{"zone":{"previousOwner":{"name":"Orginator","id":178112},"dateCreated":"2017-05-23T13:58:15+0000","dateLastTaken":"2021-08-13T19:07:45+0000","latitude":59.457842,"currentOwner":{"name":"Doktorn","id":3263},"name":"SveasKurva","id":111126,"totalTakeovers":1565,"region":{"area":{"name":"Täby kommun","id":1841},"country":"se","name":"Stockholm","id":141},"pointsPerHour":5,"longitude":18.091616,"takeoverPoints":125},"latitude":59.457842,"currentOwner":{"name":"Doktorn","id":3263},"time":"2021-08-13T19:07:45+0000","type":"takeover","longitude":18.091616},{"zone":{"previousOwner":{"name":"Lucke","id":61664},"dateCreated":"2012-03-20T22:00:47+0000","dateLastTaken":"2021-08-13T19:07:40+0000","latitude":59.371192,"currentOwner":{"name":"Buzd","id":317315},"name":"PigeonZone","id":7148,"totalTakeovers":7068,"region":{"area":{"name":"Sundbybergs kommun","id":1889},"country":"se","name":"Stockholm","id":141},"pointsPerHour":6,"longitude":17.953966,"takeoverPoints":110},"assists":[{"name":"clalin","id":202674}],"latitude":59.371192,"currentOwner":{"name":"Buzd","id":317315},"time":"2021-08-13T19:07:40+0000","type":"takeover","longitude":17.953966},{"zone":{"previousOwner":{"name":"Tompa_65","id":160985},"dateCreated":"2010-09-04T14:41:37+0000","dateLastTaken":"2021-08-13T19:07:36+0000","latitude":55.563497,"currentOwner":{"name":"Tompa_65","id":160985},"name":"Kvartett","id":517,"totalTakeovers":5790,"region":{"area":{"name":"Malmö kommun","id":1898},"country":"se","name":"Skåne","id":135},"pointsPerHour":5,"longitude":13.004294,"takeoverPoints":125},"latitude":55.563497,"currentOwner":{"name":"Tompa_65","id":160985},"time":"2021-08-13T19:07:36+0000","type":"takeover","longitude":13.004294},{"zone":{"previousOwner":{"name":"lgfal","id":139649},"dateCreated":"2016-08-12T22:58:18+0000","dateLastTaken":"2021-08-13T19:07:31+0000","latitude":62.827914,"currentOwner":{"name":"microblaze","id":165353},"name":"Hoverberget","id":80586,"totalTakeovers":66,"region":{"area":{"name":"Bergs kommun","id":2052},"country":"se","name":"Jämtland","id":128},"pointsPerHour":1,"longitude":14.431592,"takeoverPoints":185},"latitude":62.827914,"currentOwner":{"name":"microblaze","id":165353},"time":"2021-08-13T19:07:31+0000","type":"takeover","longitude":14.431592},{"zone":{"previousOwner":{"name":"Eliza","id":242724},"dateCreated":"2011-09-15T10:00:00+0000","dateLastTaken":"2021-08-13T19:07:16+0000","latitude":65.589313,"currentOwner":{"name":"grock","id":189790},"name":"BastuZone","id":3459,"totalTakeovers":12018,"region":{"area":{"name":"Luleå kommun","id":1798},"country":"se","name":"Norrbotten","id":126},"pointsPerHour":7,"longitude":22.149181,"takeoverPoints":95},"latitude":65.589313,"currentOwner":{"name":"grock","id":189790},"time":"2021-08-13T19:07:16+0000","type":"takeover","longitude":22.149181},{"zone":{"previousOwner":{"name":"Topsyturfy","id":298314},"dateCreated":"2020-12-21T19:38:24+0000","dateLastTaken":"2021-08-13T19:07:15+0000","latitude":57.146368,"currentOwner":{"name":"Strac","id":302230},"name":"AlienEvent","id":358014,"totalTakeovers":289,"region":{"area":{"name":"Aberdeenshire","id":2792},"country":"gb","name":"Scotland","id":200},"pointsPerHour":3,"longitude":-2.302363,"takeoverPoints":155},"latitude":57.146368,"currentOwner":{"name":"Strac","id":302230},"time":"2021-08-13T19:07:15+0000","type":"takeover","longitude":-2.302363},{"zone":{"previousOwner":{"name":"Wullie","id":323178},"dateCreated":"2020-12-14T19:50:00+0000","dateLastTaken":"2021-08-13T19:07:15+0000","latitude":55.897169,"currentOwner":{"name":"Artful","id":302131},"name":"MallaceWoods","id":356546,"totalTakeovers":89,"region":{"area":{"name":"West Lothian","id":2781},"country":"gb","name":"Scotland","id":200},"pointsPerHour":2,"longitude":-3.678989,"takeoverPoints":170},"latitude":55.897169,"currentOwner":{"name":"Artful","id":302131},"time":"2021-08-13T19:07:15+0000","type":"takeover","longitude":-3.678989},{"zone":{"previousOwner":{"name":"fixarn","id":233156},"dateCreated":"2020-05-25T06:22:29+0000","dateLastTaken":"2021-08-13T19:07:13+0000","latitude":62.40575,"currentOwner":{"name":"madmax","id":14296},"name":"Torsten","id":299232,"totalTakeovers":1151,"region":{"area":{"name":"Sundsvalls kommun","id":2056},"country":"se","name":"Västernorrland","id":145},"pointsPerHour":4,"longitude":17.261482,"takeoverPoints":140},"latitude":62.40575,"currentOwner":{"name":"madmax","id":14296},"time":"2021-08-13T19:07:13+0000","type":"takeover","longitude":17.261482},{"zone":{"previousOwner":{"name":"Herbie","id":318595},"dateCreated":"2020-12-28T01:00:00+0000","dateLastTaken":"2021-08-13T19:07:10+0000","latitude":53.194667,"currentOwner":{"name":"benjisevens","id":305921},"name":"GeorgesPocket","id":358542,"totalTakeovers":16,"region":{"area":{"name":"Cheshire West and Chester","id":2844},"country":"gb","name":"North West England","id":201},"pointsPerHour":1,"longitude":-2.891981,"takeoverPoints":185},"latitude":53.194667,"currentOwner":{"name":"benjisevens","id":305921},"time":"2021-08-13T19:07:10+0000","type":"takeover","longitude":-2.891981},{"zone":{"previousOwner":{"name":"kaagn","id":189372},"dateLastTaken":"2021-08-13T19:07:10+0000","latitude":63.30212,"totalTakeovers":3293,"type":{"name":"Train Station","id":13},"pointsPerHour":4,"takeoverPoints":140,"dateCreated":"2014-10-06T14:00:00+0000","currentOwner":{"name":"Hälsan","id":329550},"name":"ÖvikNorra","id":37549,"region":{"area":{"name":"Örnsköldsviks kommun","id":2058},"country":"se","name":"Västernorrland","id":145},"longitude":18.714898},"latitude":63.30212,"currentOwner":{"name":"Hälsan","id":329550},"time":"2021-08-13T19:07:10+0000","type":"takeover","longitude":18.714898},{"zone":{"previousOwner":{"name":"nesse","id":74358},"dateCreated":"2017-05-24T12:00:00+0000","dateLastTaken":"2021-08-13T19:07:10+0000","latitude":55.932136,"currentOwner":{"name":"nettanplettan","id":212637},"name":"Krokskogen","id":111119,"totalTakeovers":230,"region":{"area":{"name":"Höörs kommun","id":1959},"country":"se","name":"Skåne","id":135},"pointsPerHour":2,"longitude":13.557558,"takeoverPoints":170},"latitude":55.932136,"currentOwner":{"name":"nettanplettan","id":212637},"time":"2021-08-13T19:07:10+0000","type":"takeover","longitude":13.557558},{"zone":{"previousOwner":{"name":"Cykeltanten","id":165416},"dateCreated":"2014-07-01T08:00:00+0000","dateLastTaken":"2021-08-13T19:07:06+0000","latitude":59.621351,"currentOwner":{"name":"Kronvrak","id":128938},"name":"Nyckelspinn","id":31904,"totalTakeovers":5030,"region":{"area":{"name":"Enköpings kommun","id":1944},"country":"se","name":"Uppsala","id":142},"pointsPerHour":4,"longitude":17.115673,"takeoverPoints":140},"latitude":59.621351,"currentOwner":{"name":"Kronvrak","id":128938},"time":"2021-08-13T19:07:06+0000","type":"takeover","longitude":17.115673},{"zone":{"dateCreated":"2020-09-02T12:00:00+0000","dateLastTaken":"2021-08-13T19:07:06+0000","latitude":55.825696,"currentOwner":{"name":"Fashven","id":297782},"name":"Kerrylamont","id":323704,"totalTakeovers":13,"region":{"area":{"name":"Glasgow City","id":2778},"country":"gb","name":"Scotland","id":200},"pointsPerHour":1,"longitude":-4.234857,"takeoverPoints":185},"latitude":55.825696,"currentOwner":{"name":"Fashven","id":297782},"time":"2021-08-13T19:07:06+0000","type":"takeover","longitude":-4.234857},{"zone":{"previousOwner":{"name":"aake.f","id":133484},"dateCreated":"2013-12-24T11:00:00+0000","dateLastTaken":"2021-08-13T19:07:00+0000","latitude":57.71495,"currentOwner":{"name":"hans.-hans","id":97495},"name":"Stabbetorget","id":23895,"totalTakeovers":3239,"region":{"area":{"name":"Göteborgs kommun","id":1885},"country":"se","name":"Västra Götaland","id":132},"pointsPerHour":5,"longitude":12.047291,"takeoverPoints":125},"latitude":57.71495,"currentOwner":{"name":"hans.-hans","id":97495},"time":"2021-08-13T19:07:00+0000","type":"takeover","longitude":12.047291},{"zone":{"previousOwner":{"name":"makaber","id":292898},"dateCreated":"2013-06-08T13:12:35+0000","dateLastTaken":"2021-08-13T19:06:59+0000","latitude":56.678433,"currentOwner":{"name":"kingenin","id":17546},"name":"Oxenstierna","id":19333,"totalTakeovers":11678,"region":{"area":{"name":"Kalmar kommun","id":2015},"country":"se","name":"Kalmar","id":137},"pointsPerHour":6,"longitude":16.340327,"takeoverPoints":110},"latitude":56.678433,"currentOwner":{"name":"kingenin","id":17546},"time":"2021-08-13T19:06:59+0000","type":"takeover","longitude":16.340327},{"zone":{"previousOwner":{"name":"Yoko","id":74587},"dateCreated":"2015-04-03T06:00:00+0000","dateLastTaken":"2021-08-13T19:06:58+0000","latitude":59.629545,"currentOwner":{"name":"MrSnyten","id":271110},"name":"Gruvlave","id":47720,"totalTakeovers":8423,"region":{"area":{"name":"Västerås","id":1807},"country":"se","name":"Västmanland","id":143},"pointsPerHour":7,"longitude":16.479843,"takeoverPoints":95},"latitude":59.629545,"currentOwner":{"name":"MrSnyten","id":271110},"time":"2021-08-13T19:06:58+0000","type":"takeover","longitude":16.479843},{"zone":{"previousOwner":{"name":"Gurkha","id":233328},"dateLastTaken":"2021-08-13T19:06:57+0000","latitude":59.930784,"totalTakeovers":2,"type":{"name":"Winner Zone","id":6},"pointsPerHour":1,"takeoverPoints":185,"dateCreated":"2021-07-28T22:40:16+0000","currentOwner":{"name":"Lofter","id":42167},"name":"Begynner2Flua","id":430720,"region":{"area":{"name":"Oslo","id":2417},"country":"no","name":"Østlandet","id":179},"longitude":10.731755},"latitude":59.930784,"currentOwner":{"name":"Lofter","id":42167},"time":"2021-08-13T19:06:57+0000","type":"takeover","longitude":10.731755},{"zone":{"previousOwner":{"name":"iwannarock123","id":304645},"dateCreated":"2012-09-15T20:57:37+0000","dateLastTaken":"2021-08-13T19:06:57+0000","latitude":55.708865,"currentOwner":{"name":"Dalbykingen","id":279337},"name":"EastTowerPark","id":11357,"totalTakeovers":7322,"region":{"area":{"name":"Lunds kommun","id":1948},"country":"se","name":"Skåne","id":135},"pointsPerHour":6,"longitude":13.234754,"takeoverPoints":110},"assists":[{"name":"Scoutlukas05","id":279335}],"latitude":55.708865,"currentOwner":{"name":"Dalbykingen","id":279337},"time":"2021-08-13T19:06:57+0000","type":"takeover","longitude":13.234754},{"zone":{"previousOwner":{"name":"PumbaSwede","id":24792},"dateCreated":"2011-09-15T10:00:00+0000","dateLastTaken":"2021-08-13T19:06:56+0000","latitude":62.38479,"currentOwner":{"name":"HaAnd","id":52242},"name":"TinZone","id":3358,"totalTakeovers":4152,"region":{"area":{"name":"Sundsvalls kommun","id":2056},"country":"se","name":"Västernorrland","id":145},"pointsPerHour":4,"longitude":17.29036,"takeoverPoints":140},"latitude":62.38479,"currentOwner":{"name":"HaAnd","id":52242},"time":"2021-08-13T19:06:56+0000","type":"takeover","longitude":17.29036},{"zone":{"previousOwner":{"name":"tilverturf","id":166033},"dateCreated":"2016-02-21T22:23:36+0000","dateLastTaken":"2021-08-13T19:06:55+0000","latitude":59.858176,"currentOwner":{"name":"eliar","id":283027},"name":"ApelBiker","id":63747,"totalTakeovers":16205,"region":{"area":{"name":"Uppsala kommun","id":1977},"country":"se","name":"Uppsala","id":142},"pointsPerHour":8,"longitude":17.671105,"takeoverPoints":80},"latitude":59.858176,"currentOwner":{"name":"eliar","id":283027},"time":"2021-08-13T19:06:55+0000","type":"takeover","longitude":17.671105},{"zone":{"previousOwner":{"name":"Ni_ki_ta","id":233048},"dateCreated":"2018-06-22T10:13:48+0000","dateLastTaken":"2021-08-13T19:06:52+0000","latitude":62.525715,"currentOwner":{"name":"Piiier","id":280170},"name":"Tången","id":154465,"totalTakeovers":109,"region":{"area":{"name":"Ånge kommun","id":2062},"country":"se","name":"Västernorrland","id":145},"pointsPerHour":2,"longitude":15.689666,"takeoverPoints":170},"latitude":62.525715,"currentOwner":{"name":"Piiier","id":280170},"time":"2021-08-13T19:06:52+0000","type":"takeover","longitude":15.689666},{"zone":{"previousOwner":{"name":"annilin","id":42445},"dateCreated":"2015-11-19T08:44:14+0000","dateLastTaken":"2021-08-13T19:06:51+0000","latitude":59.265142,"currentOwner":{"name":"VanaTallinn","id":230828},"name":"SödraInfarten","id":61259,"totalTakeovers":10293,"region":{"area":{"name":"Örebro kommun","id":1819},"country":"se","name":"Örebro","id":131},"pointsPerHour":6,"longitude":15.2007,"takeoverPoints":110},"assists":[{"name":"Lagavulin8","id":229860}],"latitude":59.265142,"currentOwner":{"name":"VanaTallinn","id":230828},"time":"2021-08-13T19:06:51+0000","type":"takeover","longitude":15.2007},{"zone":{"previousOwner":{"name":"Bele","id":95952},"dateCreated":"2014-09-05T21:47:57+0000","dateLastTaken":"2021-08-13T19:06:46+0000","latitude":59.405545,"currentOwner":{"name":"filcar","id":297656},"name":"Tröskeln","id":34565,"totalTakeovers":8019,"region":{"area":{"name":"Järfälla kommun","id":1835},"country":"se","name":"Stockholm","id":141},"pointsPerHour":5,"longitude":17.796504,"takeoverPoints":125},"assists":[{"name":"Fillefilur12","id":335283}],"latitude":59.405545,"currentOwner":{"name":"filcar","id":297656},"time":"2021-08-13T19:06:46+0000","type":"takeover","longitude":17.796504},{"zone":{"previousOwner":{"name":"snyggast","id":262361},"dateCreated":"2013-05-30T09:14:24+0000","dateLastTaken":"2021-08-13T19:06:45+0000","latitude":59.340904,"currentOwner":{"name":"StarGhost","id":116881},"name":"Svartviken","id":18711,"totalTakeovers":2702,"region":{"area":{"name":"Stockholms kommun","id":1828},"country":"se","name":"Stockholm","id":141},"pointsPerHour":5,"longitude":17.98627,"takeoverPoints":125},"latitude":59.340904,"currentOwner":{"name":"StarGhost","id":116881},"time":"2021-08-13T19:06:45+0000","type":"takeover","longitude":17.98627},{"zone":{"previousOwner":{"name":"Aibo","id":282953},"dateCreated":"2021-03-05T07:00:00+0000","dateLastTaken":"2021-08-13T19:06:40+0000","latitude":55.832788,"currentOwner":{"name":"Hodge","id":282118},"name":"TwoCrawsZone","id":389457,"totalTakeovers":430,"region":{"area":{"name":"Midlothian","id":2802},"country":"gb","name":"Scotland","id":200},"pointsPerHour":3,"longitude":-3.240503,"takeoverPoints":155},"latitude":55.832788,"currentOwner":{"name":"Hodge","id":282118},"time":"2021-08-13T19:06:40+0000","type":"takeover","longitude":-3.240503},{"zone":{"previousOwner":{"name":"R@W","id":15754},"dateCreated":"2016-10-30T10:30:30+0000","dateLastTaken":"2021-08-13T19:06:39+0000","latitude":55.585685,"currentOwner":{"name":"Jonte67","id":284492},"name":"LimhamnMarina","id":90870,"totalTakeovers":1960,"region":{"area":{"name":"Malmö kommun","id":1898},"country":"se","name":"Skåne","id":135},"pointsPerHour":5,"longitude":12.924553,"takeoverPoints":125},"latitude":55.585685,"currentOwner":{"name":"Jonte67","id":284492},"time":"2021-08-13T19:06:39+0000","type":"takeover","longitude":12.924553},{"zone":{"previousOwner":{"name":"Orginator","id":178112},"dateCreated":"2014-10-06T05:00:00+0000","dateLastTaken":"2021-08-13T19:06:37+0000","latitude":59.460204,"currentOwner":{"name":"Doktorn","id":3263},"name":"Gribbfield","id":37540,"totalTakeovers":1778,"region":{"area":{"name":"Täby kommun","id":1841},"country":"se","name":"Stockholm","id":141},"pointsPerHour":4,"longitude":18.090746,"takeoverPoints":140},"latitude":59.460204,"currentOwner":{"name":"Doktorn","id":3263},"time":"2021-08-13T19:06:37+0000","type":"takeover","longitude":18.090746},{"zone":{"previousOwner":{"name":"swebear","id":21548},"dateCreated":"2013-12-24T11:00:52+0000","dateLastTaken":"2021-08-13T19:06:29+0000","latitude":59.333508,"currentOwner":{"name":"ParkMan","id":58815},"name":"Norrmalmstorg","id":24069,"totalTakeovers":18097,"region":{"area":{"name":"Stockholms kommun","id":1828},"country":"se","name":"Stockholm","id":141},"pointsPerHour":8,"longitude":18.072658,"takeoverPoints":80},"latitude":59.333508,"currentOwner":{"name":"ParkMan","id":58815},"time":"2021-08-13T19:06:29+0000","type":"takeover","longitude":18.072658},{"zone":{"previousOwner":{"name":"fanniesuraunt","id":320035},"dateCreated":"0002-12-02T00:00:00+0000","dateLastTaken":"2021-08-13T19:06:26+0000","latitude":57.454178,"currentOwner":{"name":"T.Reznor","id":310821},"name":"NotSoFarAway","id":361057,"totalTakeovers":84,"region":{"area":{"name":"Highland","id":2784},"country":"gb","name":"Scotland","id":200},"pointsPerHour":2,"longitude":-4.261374,"takeoverPoints":170},"latitude":57.454178,"currentOwner":{"name":"T.Reznor","id":310821},"time":"2021-08-13T19:06:26+0000","type":"takeover","longitude":-4.261374},{"zone":{"previousOwner":{"name":"dabbo","id":166306},"dateCreated":"2012-12-11T11:00:00+0000","dateLastTaken":"2021-08-13T19:06:22+0000","latitude":62.036577,"currentOwner":{"name":"Nrgve","id":143951},"name":"Svegrondell","id":12213,"totalTakeovers":1534,"region":{"area":{"name":"Härjedalens kommun","id":2051},"country":"se","name":"Jämtland","id":128},"pointsPerHour":3,"longitude":14.358362,"takeoverPoints":155},"latitude":62.036577,"currentOwner":{"name":"Nrgve","id":143951},"time":"2021-08-13T19:06:22+0000","type":"takeover","longitude":14.358362},{"zone":{"previousOwner":{"name":"ro3r","id":73689},"dateCreated":"2015-05-21T11:54:48+0000","dateLastTaken":"2021-08-13T19:06:20+0000","latitude":63.804641,"currentOwner":{"name":"Bont","id":90307},"name":"VidBergetsFot","id":52929,"totalTakeovers":3212,"region":{"area":{"name":"Umeå kommun","id":2064},"country":"se","name":"Västerbotten","id":127},"pointsPerHour":6,"longitude":20.359228,"takeoverPoints":110},"latitude":63.804641,"currentOwner":{"name":"Bont","id":90307},"time":"2021-08-13T19:06:20+0000","type":"takeover","longitude":20.359228},{"zone":{"previousOwner":{"name":"AndersVå","id":229715},"dateLastTaken":"2021-08-13T19:06:20+0000","latitude":56.031544,"totalTakeovers":5673,"type":{"name":"Holy","id":9},"pointsPerHour":7,"takeoverPoints":95,"dateCreated":"2010-09-04T14:41:37+0000","currentOwner":{"name":"Frekke","id":281584},"name":"HolyZone","id":780,"region":{"area":{"name":"Kristianstads kommun","id":1950},"country":"se","name":"Skåne","id":135},"longitude":14.152614},"latitude":56.031544,"currentOwner":{"name":"Frekke","id":281584},"time":"2021-08-13T19:06:20+0000","type":"takeover","longitude":14.152614},{"zone":{"previousOwner":{"name":"Calmare1","id":77612},"dateLastTaken":"2021-08-13T19:06:19+0000","latitude":56.666346,"totalTakeovers":8186,"type":{"name":"Winner Zone","id":6},"pointsPerHour":7,"takeoverPoints":95,"dateCreated":"2015-12-06T14:00:04+0000","currentOwner":{"name":"Gusi","id":26240},"name":"KingeninPenta","id":61775,"region":{"area":{"name":"Kalmar kommun","id":2015},"country":"se","name":"Kalmar","id":137},"longitude":16.360827},"assists":[{"name":"HappyF","id":23836}],"latitude":56.666346,"currentOwner":{"name":"Gusi","id":26240},"time":"2021-08-13T19:06:19+0000","type":"takeover","longitude":16.360827},{"zone":{"previousOwner":{"name":"rons","id":14764},"dateCreated":"2015-04-12T12:10:59+0000","dateLastTaken":"2021-08-13T19:06:14+0000","latitude":60.143807,"currentOwner":{"name":"enelle","id":134514},"name":"Bärkegården","id":48190,"totalTakeovers":1392,"region":{"area":{"name":"Smedjebackens kommun","id":1875},"country":"se","name":"Dalarna","id":129},"pointsPerHour":3,"longitude":15.428722,"takeoverPoints":155},"latitude":60.143807,"currentOwner":{"name":"enelle","id":134514},"time":"2021-08-13T19:06:14+0000","type":"takeover","longitude":15.428722},{"zone":{"previousOwner":{"name":"Spirit","id":242887},"dateCreated":"2010-09-04T14:41:37+0000","dateLastTaken":"2021-08-13T19:06:13+0000","latitude":59.275984,"currentOwner":{"name":"Nilleville","id":49668},"name":"HouseSquare","id":729,"totalTakeovers":19692,"region":{"area":{"name":"Örebro kommun","id":1819},"country":"se","name":"Örebro","id":131},"pointsPerHour":7,"longitude":15.220845,"takeoverPoints":95},"latitude":59.275984,"currentOwner":{"name":"Nilleville","id":49668},"time":"2021-08-13T19:06:13+0000","type":"takeover","longitude":15.220845},{"zone":{"previousOwner":{"name":"tremorbalk","id":16690},"dateCreated":"2014-04-06T12:40:17+0000","dateLastTaken":"2021-08-13T19:06:13+0000","latitude":55.592355,"currentOwner":{"name":"Király","id":169417},"name":"Pildammen","id":27831,"totalTakeovers":9991,"region":{"area":{"name":"Malmö kommun","id":1898},"country":"se","name":"Skåne","id":135},"pointsPerHour":8,"longitude":12.996422,"takeoverPoints":80},"latitude":55.592355,"currentOwner":{"name":"Király","id":169417},"time":"2021-08-13T19:06:13+0000","type":"takeover","longitude":12.996422},{"zone":{"previousOwner":{"name":"pauis","id":336403},"dateCreated":"2010-09-01T00:00:00+0000","dateLastTaken":"2021-08-13T19:06:10+0000","latitude":57.684851,"currentOwner":{"name":"Scand","id":239481},"name":"NyaVarvet","id":777,"totalTakeovers":5952,"region":{"area":{"name":"Göteborgs kommun","id":1885},"country":"se","name":"Västra Götaland","id":132},"pointsPerHour":6,"longitude":11.891784,"takeoverPoints":110},"latitude":57.684851,"currentOwner":{"name":"Scand","id":239481},"time":"2021-08-13T19:06:10+0000","type":"takeover","longitude":11.891784},{"zone":{"previousOwner":{"name":"senne","id":13298},"dateLastTaken":"2021-08-13T19:06:08+0000","latitude":58.424926,"totalTakeovers":795,"type":{"name":"Winner Zone","id":6},"pointsPerHour":6,"takeoverPoints":110,"dateCreated":"2020-10-16T16:20:00+0000","currentOwner":{"name":"recycling","id":79989},"name":"Retorning","id":346493,"region":{"area":{"name":"Linköpings kommun","id":1852},"country":"se","name":"Östergötland","id":139},"longitude":15.614804},"latitude":58.424926,"currentOwner":{"name":"recycling","id":79989},"time":"2021-08-13T19:06:08+0000","type":"takeover","longitude":15.614804},{"zone":{"previousOwner":{"name":"Eliza","id":242724},"dateCreated":"2014-11-07T19:11:32+0000","dateLastTaken":"2021-08-13T19:06:07+0000","latitude":65.589809,"currentOwner":{"name":"grock","id":189790},"name":"GammelstaKung","id":41887,"totalTakeovers":10976,"region":{"area":{"name":"Luleå kommun","id":1798},"country":"se","name":"Norrbotten","id":126},"pointsPerHour":7,"longitude":22.154302,"takeoverPoints":95},"latitude":65.589809,"currentOwner":{"name":"grock","id":189790},"time":"2021-08-13T19:06:07+0000","type":"takeover","longitude":22.154302},{"zone":{"previousOwner":{"name":"Ignavus","id":62439},"dateLastTaken":"2021-08-13T19:06:06+0000","latitude":59.106399,"totalTakeovers":1380,"type":{"name":"Bridge","id":8},"pointsPerHour":4,"takeoverPoints":140,"dateCreated":"2020-02-17T19:52:05+0000","currentOwner":{"name":"Jimpan76","id":100958},"name":"Riksväg52","id":227885,"region":{"area":{"name":"Kumla kommun","id":1816},"country":"se","name":"Örebro","id":131},"longitude":15.151326},"latitude":59.106399,"currentOwner":{"name":"Jimpan76","id":100958},"time":"2021-08-13T19:06:06+0000","type":"takeover","longitude":15.151326},{"zone":{"previousOwner":{"name":"GottoBlandat","id":280990},"dateLastTaken":"2021-08-13T19:06:04+0000","latitude":59.318505,"totalTakeovers":14061,"type":{"name":"Bridge","id":8},"pointsPerHour":8,"takeoverPoints":80,"dateCreated":"2010-07-18T00:00:00+0000","currentOwner":{"name":"iTurf","id":38915},"name":"ReimerBridge","id":161,"region":{"area":{"name":"Stockholms kommun","id":1828},"country":"se","name":"Stockholm","id":141},"longitude":18.026088},"latitude":59.318505,"currentOwner":{"name":"iTurf","id":38915},"time":"2021-08-13T19:06:04+0000","type":"takeover","longitude":18.026088},{"zone":{"previousOwner":{"name":"Tompa_65","id":160985},"dateCreated":"2016-12-03T20:15:00+0000","dateLastTaken":"2021-08-13T19:06:00+0000","latitude":55.565894,"currentOwner":{"name":"Tompa_65","id":160985},"name":"PilZone","id":92525,"totalTakeovers":6078,"region":{"area":{"name":"Malmö kommun","id":1898},"country":"se","name":"Skåne","id":135},"pointsPerHour":4,"longitude":13.004694,"takeoverPoints":140},"latitude":55.565894,"currentOwner":{"name":"Tompa_65","id":160985},"time":"2021-08-13T19:06:00+0000","type":"takeover","longitude":13.004694},{"zone":{"previousOwner":{"name":"Wullie","id":323178},"dateCreated":"2020-12-14T19:50:00+0000","dateLastTaken":"2021-08-13T19:05:49+0000","latitude":55.899088,"currentOwner":{"name":"Artful","id":302131},"name":"WhatsHumming","id":356547,"totalTakeovers":86,"region":{"area":{"name":"West Lothian","id":2781},"country":"gb","name":"Scotland","id":200},"pointsPerHour":2,"longitude":-3.682508,"takeoverPoints":170},"latitude":55.899088,"currentOwner":{"name":"Artful","id":302131},"time":"2021-08-13T19:05:49+0000","type":"takeover","longitude":-3.682508},{"zone":{"previousOwner":{"name":"Naset","id":156696},"dateCreated":"2011-07-22T21:22:42+0000","dateLastTaken":"2021-08-13T19:05:45+0000","latitude":60.67001,"currentOwner":{"name":"sonjas","id":217520},"name":"WellZone","id":2036,"totalTakeovers":20524,"region":{"area":{"name":"Gävle kommun","id":1895},"country":"se","name":"Gävleborg","id":144},"pointsPerHour":8,"longitude":17.148187,"takeoverPoints":80},"assists":[{"name":"cyklisteva","id":144274}],"latitude":60.67001,"currentOwner":{"name":"sonjas","id":217520},"time":"2021-08-13T19:05:45+0000","type":"takeover","longitude":17.148187},{"zone":{"dateCreated":"2021-04-20T19:43:00+0000","dateLastTaken":"2021-08-13T19:05:43+0000","latitude":51.62486,"currentOwner":{"name":"BiggusVikus","id":329911},"name":"RainbowCross","id":401251,"totalTakeovers":6,"region":{"area":{"name":"London","id":2708},"country":"gb","name":"Greater London","id":207},"pointsPerHour":1,"longitude":-0.082288,"takeoverPoints":185},"latitude":51.62486,"currentOwner":{"name":"BiggusVikus","id":329911},"time":"2021-08-13T19:05:43+0000","type":"takeover","longitude":-0.082288},{"zone":{"previousOwner":{"name":"Pitepalten","id":109931},"dateCreated":"2015-07-29T18:00:00+0000","dateLastTaken":"2021-08-13T19:05:42+0000","latitude":65.335737,"currentOwner":{"name":"snowbob","id":109707},"name":"Sheepish","id":55946,"totalTakeovers":3644,"region":{"area":{"name":"Piteå kommun","id":1797},"country":"se","name":"Norrbotten","id":126},"pointsPerHour":4,"longitude":21.487201,"takeoverPoints":140},"latitude":65.335737,"currentOwner":{"name":"snowbob","id":109707},"time":"2021-08-13T19:05:42+0000","type":"takeover","longitude":21.487201},{"zone":{"previousOwner":{"name":"Jonte.r","id":262453},"dateCreated":"2020-09-27T21:15:14+0000","dateLastTaken":"2021-08-13T19:05:40+0000","latitude":59.59385,"currentOwner":{"name":"Bäckby","id":31427},"name":"BesstaDraget","id":337249,"totalTakeovers":2283,"region":{"area":{"name":"Västerås","id":1807},"country":"se","name":"Västmanland","id":143},"pointsPerHour":7,"longitude":16.474111,"takeoverPoints":95},"latitude":59.59385,"currentOwner":{"name":"Bäckby","id":31427},"time":"2021-08-13T19:05:40+0000","type":"takeover","longitude":16.474111},{"zone":{"previousOwner":{"name":"LarsH","id":292167},"dateCreated":"2013-01-11T14:54:36+0000","dateLastTaken":"2021-08-13T19:05:38+0000","latitude":59.309876,"currentOwner":{"name":"DrROGER","id":327458},"name":"Rundilen","id":13296,"totalTakeovers":17128,"region":{"area":{"name":"Stockholms kommun","id":1828},"country":"se","name":"Stockholm","id":141},"pointsPerHour":8,"longitude":18.027726,"takeoverPoints":80},"latitude":59.309876,"currentOwner":{"name":"DrROGER","id":327458},"time":"2021-08-13T19:05:38+0000","type":"takeover","longitude":18.027726},{"zone":{"previousOwner":{"name":"tilverturf","id":166033},"dateCreated":"2017-02-25T08:00:00+0000","dateLastTaken":"2021-08-13T19:05:27+0000","latitude":59.859711,"currentOwner":{"name":"eliar","id":283027},"name":"FålarFem","id":94542,"totalTakeovers":14070,"region":{"area":{"name":"Uppsala kommun","id":1977},"country":"se","name":"Uppsala","id":142},"pointsPerHour":8,"longitude":17.670164,"takeoverPoints":80},"latitude":59.859711,"currentOwner":{"name":"eliar","id":283027},"time":"2021-08-13T19:05:27+0000","type":"takeover","longitude":17.670164},{"zone":{"previousOwner":{"name":"pawik","id":210314},"dateCreated":"2014-04-09T20:56:20+0000","dateLastTaken":"2021-08-13T19:05:26+0000","latitude":57.648747,"currentOwner":{"name":"jösses...då","id":113416},"name":"Hallstenshage","id":28009,"totalTakeovers":3426,"region":{"area":{"name":"Göteborgs kommun","id":1885},"country":"se","name":"Västra Götaland","id":132},"pointsPerHour":3,"longitude":11.88357,"takeoverPoints":155},"latitude":57.648747,"currentOwner":{"name":"jösses...då","id":113416},"time":"2021-08-13T19:05:26+0000","type":"takeover","longitude":11.88357},{"zone":{"previousOwner":{"name":"Marulken","id":254269},"dateCreated":"2012-01-28T09:00:44+0000","dateLastTaken":"2021-08-13T19:05:21+0000","latitude":59.381616,"currentOwner":{"name":"RunOlofRun","id":159132},"name":"Middlegarden","id":6073,"totalTakeovers":6972,"region":{"area":{"name":"Stockholms kommun","id":1828},"country":"se","name":"Stockholm","id":141},"pointsPerHour":5,"longitude":17.878699,"takeoverPoints":125},"latitude":59.381616,"currentOwner":{"name":"RunOlofRun","id":159132},"time":"2021-08-13T19:05:21+0000","type":"takeover","longitude":17.878699},{"zone":{"previousOwner":{"name":"fluffen9","id":59392},"dateCreated":"2017-04-15T08:00:00+0000","dateLastTaken":"2021-08-13T19:05:20+0000","latitude":59.342705,"currentOwner":{"name":"Badbalja","id":44507},"name":"HurMycket","id":96851,"totalTakeovers":4777,"region":{"area":{"name":"Hammarö kommun","id":2029},"country":"se","name":"Värmland","id":130},"pointsPerHour":5,"longitude":13.503888,"takeoverPoints":125},"latitude":59.342705,"currentOwner":{"name":"Badbalja","id":44507},"time":"2021-08-13T19:05:20+0000","type":"takeover","longitude":13.503888},{"zone":{"previousOwner":{"name":"Lucke","id":61664},"dateCreated":"2012-03-20T22:25:51+0000","dateLastTaken":"2021-08-13T19:05:19+0000","latitude":59.367439,"currentOwner":{"name":"Buzd","id":317315},"name":"RailwayStreet","id":7162,"totalTakeovers":6401,"region":{"area":{"name":"Sundbybergs kommun","id":1889},"country":"se","name":"Stockholm","id":141},"pointsPerHour":6,"longitude":17.950405,"takeoverPoints":110},"assists":[{"name":"clalin","id":202674}],"latitude":59.367439,"currentOwner":{"name":"Buzd","id":317315},"time":"2021-08-13T19:05:19+0000","type":"takeover","longitude":17.950405},{"zone":{"previousOwner":{"name":"Skywalker65","id":11790},"dateCreated":"2011-01-30T11:03:04+0000","dateLastTaken":"2021-08-13T19:05:19+0000","latitude":57.65026,"currentOwner":{"name":"Völund","id":26984},"name":"Erlanderzon","id":1357,"totalTakeovers":10679,"region":{"area":{"name":"Göteborgs kommun","id":1885},"country":"se","name":"Västra Götaland","id":132},"pointsPerHour":6,"longitude":11.945858,"takeoverPoints":110},"latitude":57.65026,"currentOwner":{"name":"Völund","id":26984},"time":"2021-08-13T19:05:19+0000","type":"takeover","longitude":11.945858},{"zone":{"previousOwner":{"name":"Jonte.r","id":262453},"dateCreated":"2011-12-24T12:30:50+0000","dateLastTaken":"2021-08-13T19:05:15+0000","latitude":59.613774,"currentOwner":{"name":"Kaisu","id":225108},"name":"SunBerg","id":5430,"totalTakeovers":4837,"region":{"area":{"name":"Västerås","id":1807},"country":"se","name":"Västmanland","id":143},"pointsPerHour":4,"longitude":16.50219,"takeoverPoints":140},"latitude":59.613774,"currentOwner":{"name":"Kaisu","id":225108},"time":"2021-08-13T19:05:15+0000","type":"takeover","longitude":16.50219},{"zone":{"previousOwner":{"name":"ivkapivka","id":72246},"dateCreated":"2010-09-04T14:41:37+0000","dateLastTaken":"2021-08-13T19:05:07+0000","latitude":59.263086,"currentOwner":{"name":"VanaTallinn","id":230828},"name":"Gustavsvikz","id":544,"totalTakeovers":14375,"region":{"area":{"name":"Örebro kommun","id":1819},"country":"se","name":"Örebro","id":131},"pointsPerHour":6,"longitude":15.196648,"takeoverPoints":110},"assists":[{"name":"Lagavulin8","id":229860}],"latitude":59.263086,"currentOwner":{"name":"VanaTallinn","id":230828},"time":"2021-08-13T19:05:07+0000","type":"takeover","longitude":15.196648},{"zone":{"previousOwner":{"name":"Cykeltanten","id":165416},"dateCreated":"2017-06-17T07:00:00+0000","dateLastTaken":"2021-08-13T19:05:07+0000","latitude":59.621564,"currentOwner":{"name":"Kronvrak","id":128938},"name":"Ängslyckan","id":111366,"totalTakeovers":1598,"region":{"area":{"name":"Enköpings kommun","id":1944},"country":"se","name":"Uppsala","id":142},"pointsPerHour":3,"longitude":17.121332,"takeoverPoints":155},"latitude":59.621564,"currentOwner":{"name":"Kronvrak","id":128938},"time":"2021-08-13T19:05:07+0000","type":"takeover","longitude":17.121332},{"zone":{"previousOwner":{"name":"Eliza","id":242724},"dateLastTaken":"2021-08-13T19:05:04+0000","latitude":65.591221,"totalTakeovers":10452,"type":{"name":"Holy","id":9},"pointsPerHour":7,"takeoverPoints":95,"dateCreated":"2014-08-03T22:02:22+0000","currentOwner":{"name":"grock","id":189790},"name":"LuleåCemetery","id":33315,"region":{"area":{"name":"Luleå kommun","id":1798},"country":"se","name":"Norrbotten","id":126},"longitude":22.15728},"latitude":65.591221,"currentOwner":{"name":"grock","id":189790},"time":"2021-08-13T19:05:04+0000","type":"takeover","longitude":22.15728},{"zone":{"previousOwner":{"name":"Boinkaboinka","id":133017},"dateLastTaken":"2021-08-13T19:05:00+0000","latitude":59.858651,"totalTakeovers":37273,"type":{"name":"Bridge","id":8},"pointsPerHour":9,"takeoverPoints":65,"dateCreated":"2010-08-09T00:00:00+0000","currentOwner":{"name":"esranda","id":43212},"name":"Valvzone","id":341,"region":{"area":{"name":"Uppsala kommun","id":1977},"country":"se","name":"Uppsala","id":142},"longitude":17.635952},"latitude":59.858651,"currentOwner":{"name":"esranda","id":43212},"time":"2021-08-13T19:05:00+0000","type":"takeover","longitude":17.635952},{"zone":{"previousOwner":{"name":"Ignavus","id":62439},"dateCreated":"2016-12-24T12:00:00+0000","dateLastTaken":"2021-08-13T19:04:55+0000","latitude":59.108141,"currentOwner":{"name":"Jimpan76","id":100958},"name":"FallingDown","id":93150,"totalTakeovers":4325,"region":{"area":{"name":"Kumla kommun","id":1816},"country":"se","name":"Örebro","id":131},"pointsPerHour":5,"longitude":15.151175,"takeoverPoints":125},"latitude":59.108141,"currentOwner":{"name":"Jimpan76","id":100958},"time":"2021-08-13T19:04:55+0000","type":"takeover","longitude":15.151175},{"zone":{"previousOwner":{"name":"Deppen","id":195631},"dateCreated":"2017-12-31T09:00:00+0000","dateLastTaken":"2021-08-13T19:04:49+0000","latitude":59.316292,"currentOwner":{"name":"iTurf","id":38915},"name":"Bergsunds","id":139026,"totalTakeovers":6275,"region":{"area":{"name":"Stockholms kommun","id":1828},"country":"se","name":"Stockholm","id":141},"pointsPerHour":8,"longitude":18.026849,"takeoverPoints":80},"latitude":59.316292,"currentOwner":{"name":"iTurf","id":38915},"time":"2021-08-13T19:04:49+0000","type":"takeover","longitude":18.026849},{"zone":{"previousOwner":{"name":"Yoko","id":74587},"dateCreated":"2014-06-20T06:54:22+0000","dateLastTaken":"2021-08-13T19:04:48+0000","latitude":59.632998,"currentOwner":{"name":"MrSnyten","id":271110},"name":"Lillhärad","id":31792,"totalTakeovers":9257,"region":{"area":{"name":"Västerås","id":1807},"country":"se","name":"Västmanland","id":143},"pointsPerHour":7,"longitude":16.482965,"takeoverPoints":95},"latitude":59.632998,"currentOwner":{"name":"MrSnyten","id":271110},"time":"2021-08-13T19:04:48+0000","type":"takeover","longitude":16.482965},{"zone":{"previousOwner":{"name":"chris838","id":175272},"dateCreated":"2011-09-05T09:26:14+0000","dateLastTaken":"2021-08-13T19:04:48+0000","latitude":62.385366,"currentOwner":{"name":"HaAnd","id":52242},"name":"SteepZone","id":3025,"totalTakeovers":5471,"region":{"area":{"name":"Sundsvalls kommun","id":2056},"country":"se","name":"Västernorrland","id":145},"pointsPerHour":4,"longitude":17.296687,"takeoverPoints":140},"latitude":62.385366,"currentOwner":{"name":"HaAnd","id":52242},"time":"2021-08-13T19:04:48+0000","type":"takeover","longitude":17.296687},{"zone":{"previousOwner":{"name":"JessicaWM","id":322165},"dateCreated":"2012-01-29T10:50:00+0000","dateLastTaken":"2021-08-13T19:04:47+0000","latitude":56.912945,"currentOwner":{"name":"Kaj-scout","id":170651},"name":"ParadeZone","id":6062,"totalTakeovers":3611,"region":{"area":{"name":"Växjö kommun","id":1995},"country":"se","name":"Kronoberg","id":147},"pointsPerHour":4,"longitude":14.793214,"takeoverPoints":140},"latitude":56.912945,"currentOwner":{"name":"Kaj-scout","id":170651},"time":"2021-08-13T19:04:47+0000","type":"takeover","longitude":14.793214},{"zone":{"previousOwner":{"name":"applepip","id":305326},"dateLastTaken":"2021-08-13T19:04:47+0000","latitude":57.550491,"totalTakeovers":39,"type":{"name":"Bridge","id":8},"pointsPerHour":1,"takeoverPoints":185,"dateCreated":"2021-02-04T05:30:00+0000","currentOwner":{"name":"Strax","id":310662},"name":"BoatOBrig","id":381102,"region":{"area":{"name":"Moray","id":2798},"country":"gb","name":"Scotland","id":200},"longitude":-3.140568},"latitude":57.550491,"currentOwner":{"name":"Strax","id":310662},"time":"2021-08-13T19:04:47+0000","type":"takeover","longitude":-3.140568},{"zone":{"previousOwner":{"name":"Lindhardt","id":212850},"dateCreated":"2017-06-06T21:47:03+0000","dateLastTaken":"2021-08-13T19:04:46+0000","latitude":57.701338,"currentOwner":{"name":"XDMarcusdaboyO","id":335966},"name":"StenEngel","id":109663,"totalTakeovers":7485,"region":{"area":{"name":"Göteborgs kommun","id":1885},"country":"se","name":"Västra Götaland","id":132},"pointsPerHour":8,"longitude":11.982549,"takeoverPoints":80},"latitude":57.701338,"currentOwner":{"name":"XDMarcusdaboyO","id":335966},"time":"2021-08-13T19:04:46+0000","type":"takeover","longitude":11.982549},{"zone":{"previousOwner":{"name":"tremorbalk","id":16690},"dateCreated":"2012-11-09T22:42:32+0000","dateLastTaken":"2021-08-13T19:04:42+0000","latitude":55.590052,"currentOwner":{"name":"Király","id":169417},"name":"ArrowCorner","id":11873,"totalTakeovers":7978,"region":{"area":{"name":"Malmö kommun","id":1898},"country":"se","name":"Skåne","id":135},"pointsPerHour":7,"longitude":12.996482,"takeoverPoints":95},"latitude":55.590052,"currentOwner":{"name":"Király","id":169417},"time":"2021-08-13T19:04:42+0000","type":"takeover","longitude":12.996482},{"zone":{"previousOwner":{"name":"Bernie27","id":304959},"dateCreated":"2020-12-29T19:44:14+0000","dateLastTaken":"2021-08-13T19:04:40+0000","latitude":51.634028,"currentOwner":{"name":"Newcomer","id":304723},"name":"ToweridgeLn","id":360342,"totalTakeovers":49,"region":{"area":{"name":"Buckinghamshire","id":2706},"country":"gb","name":"South East England","id":205},"pointsPerHour":1,"longitude":-0.798187,"takeoverPoints":185},"latitude":51.634028,"currentOwner":{"name":"Newcomer","id":304723},"time":"2021-08-13T19:04:40+0000","type":"takeover","longitude":-0.798187},{"zone":{"dateCreated":"2020-09-13T11:14:21+0000","dateLastTaken":"2021-08-13T19:04:38+0000","latitude":55.822995,"currentOwner":{"name":"Fashven","id":297782},"name":"MontyCurtis","id":328247,"totalTakeovers":14,"region":{"area":{"name":"South Lanarkshire","id":2801},"country":"gb","name":"Scotland","id":200},"pointsPerHour":1,"longitude":-4.232552,"takeoverPoints":185},"latitude":55.822995,"currentOwner":{"name":"Fashven","id":297782},"time":"2021-08-13T19:04:38+0000","type":"takeover","longitude":-4.232552},{"zone":{"previousOwner":{"name":"Orginator","id":178112},"dateLastTaken":"2021-08-13T19:04:36+0000","latitude":59.462382,"totalTakeovers":1352,"type":{"name":"Holy","id":9},"pointsPerHour":4,"takeoverPoints":140,"dateCreated":"2017-06-10T10:53:48+0000","currentOwner":{"name":"Doktorn","id":3263},"name":"Gribbylund","id":107746,"region":{"area":{"name":"Täby kommun","id":1841},"country":"se","name":"Stockholm","id":141},"longitude":18.087123},"latitude":59.462382,"currentOwner":{"name":"Doktorn","id":3263},"time":"2021-08-13T19:04:36+0000","type":"takeover","longitude":18.087123},{"zone":{"previousOwner":{"name":"turdus","id":5997},"dateCreated":"2013-12-24T11:00:05+0000","dateLastTaken":"2021-08-13T19:04:33+0000","latitude":59.539467,"currentOwner":{"name":"explorer3000","id":312564},"name":"MuraTegel","id":23919,"totalTakeovers":1700,"region":{"area":{"name":"Vallentuna kommun","id":1892},"country":"se","name":"Stockholm","id":141},"pointsPerHour":4,"longitude":18.085825,"takeoverPoints":140},"latitude":59.539467,"currentOwner":{"name":"explorer3000","id":312564},"time":"2021-08-13T19:04:33+0000","type":"takeover","longitude":18.085825},{"zone":{"previousOwner":{"name":"JammyDognut","id":334739},"dateCreated":"2020-06-14T16:00:00+0000","dateLastTaken":"2021-08-13T19:04:33+0000","latitude":55.917829,"currentOwner":{"name":"ElsieSpanner","id":309195},"name":"CraighillWest","id":316596,"totalTakeovers":85,"region":{"area":{"name":"City of Edinburgh","id":2780},"country":"gb","name":"Scotland","id":200},"pointsPerHour":1,"longitude":-3.232363,"takeoverPoints":185},"latitude":55.917829,"currentOwner":{"name":"ElsieSpanner","id":309195},"time":"2021-08-13T19:04:33+0000","type":"takeover","longitude":-3.232363},{"zone":{"previousOwner":{"name":"Jonte.r","id":262453},"dateCreated":"2021-06-07T12:45:36+0000","dateLastTaken":"2021-08-13T19:04:31+0000","latitude":59.607154,"currentOwner":{"name":"Flake66","id":336698},"name":"Bergsröret","id":425954,"totalTakeovers":208,"region":{"area":{"name":"Västerås","id":1807},"country":"se","name":"Västmanland","id":143},"pointsPerHour":6,"longitude":16.467625,"takeoverPoints":110},"latitude":59.607154,"currentOwner":{"name":"Flake66","id":336698},"time":"2021-08-13T19:04:31+0000","type":"takeover","longitude":16.467625},{"zone":{"previousOwner":{"name":"TurfNeta","id":204152},"dateCreated":"2011-09-15T10:00:00+0000","dateLastTaken":"2021-08-13T19:04:30+0000","latitude":58.500516,"currentOwner":{"name":"TurfJonny","id":204238},"name":"LidGarden","id":3438,"totalTakeovers":4868,"region":{"area":{"name":"Lidköpings kommun","id":1906},"country":"se","name":"Västra Götaland","id":132},"pointsPerHour":5,"longitude":13.155317,"takeoverPoints":125},"latitude":58.500516,"currentOwner":{"name":"TurfJonny","id":204238},"time":"2021-08-13T19:04:30+0000","type":"takeover","longitude":13.155317},{"zone":{"previousOwner":{"name":"Wave","id":53963},"dateCreated":"2010-09-27T12:09:14+0000","dateLastTaken":"2021-08-13T19:04:30+0000","latitude":58.589494,"currentOwner":{"name":"Flippr","id":209935},"name":"Broadway","id":929,"totalTakeovers":8120,"region":{"area":{"name":"Norrköpings kommun","id":1853},"country":"se","name":"Östergötland","id":139},"pointsPerHour":6,"longitude":16.173777,"takeoverPoints":110},"assists":[{"name":"Räkan.S","id":42946}],"latitude":58.589494,"currentOwner":{"name":"Flippr","id":209935},"time":"2021-08-13T19:04:30+0000","type":"takeover","longitude":16.173777},{"zone":{"previousOwner":{"name":"IRONMAN11","id":28781},"dateCreated":"2011-09-23T07:03:54+0000","dateLastTaken":"2021-08-13T19:04:27+0000","latitude":60.167493,"currentOwner":{"name":"chakire3","id":183621},"name":"Esplanadzon","id":3337,"totalTakeovers":4058,"region":{"area":{"name":"Helsinki","id":2199},"country":"fi","name":"Etelä-Suomi","id":185},"pointsPerHour":2,"longitude":24.947636,"takeoverPoints":170},"assists":[{"name":"chakire","id":116597}],"latitude":60.167493,"currentOwner":{"name":"chakire3","id":183621},"time":"2021-08-13T19:04:27+0000","type":"takeover","longitude":24.947636},{"zone":{"previousOwner":{"name":"ro3r","id":73689},"dateCreated":"2012-05-05T23:37:02+0000","dateLastTaken":"2021-08-13T19:04:23+0000","latitude":63.800852,"currentOwner":{"name":"Bont","id":90307},"name":"Skogsrån","id":8596,"totalTakeovers":11080,"region":{"area":{"name":"Umeå kommun","id":2064},"country":"se","name":"Västerbotten","id":127},"pointsPerHour":7,"longitude":20.358956,"takeoverPoints":95},"latitude":63.800852,"currentOwner":{"name":"Bont","id":90307},"time":"2021-08-13T19:04:23+0000","type":"takeover","longitude":20.358956},{"zone":{"previousOwner":{"name":"Gurkha","id":233328},"dateCreated":"2012-05-17T22:06:02+0000","dateLastTaken":"2021-08-13T19:04:16+0000","latitude":59.932738,"currentOwner":{"name":"Lofter","id":42167},"name":"Adamstuen","id":9178,"totalTakeovers":524,"region":{"area":{"name":"Oslo","id":2417},"country":"no","name":"Østlandet","id":179},"pointsPerHour":1,"longitude":10.734381,"takeoverPoints":185},"latitude":59.932738,"currentOwner":{"name":"Lofter","id":42167},"time":"2021-08-13T19:04:16+0000","type":"takeover","longitude":10.734381},{"zone":{"previousOwner":{"name":"Fartygspodden","id":255305},"dateCreated":"2016-12-24T06:00:00+0000","dateLastTaken":"2021-08-13T19:04:12+0000","latitude":59.333769,"currentOwner":{"name":"ParkMan","id":58815},"name":"Taldramatik","id":92699,"totalTakeovers":9792,"region":{"area":{"name":"Stockholms kommun","id":1828},"country":"se","name":"Stockholm","id":141},"pointsPerHour":8,"longitude":18.076581,"takeoverPoints":80},"latitude":59.333769,"currentOwner":{"name":"ParkMan","id":58815},"time":"2021-08-13T19:04:12+0000","type":"takeover","longitude":18.076581},{"zone":{"previousOwner":{"name":"Calmare1","id":77612},"dateLastTaken":"2021-08-13T19:04:08+0000","latitude":56.675012,"totalTakeovers":9898,"type":{"name":"Holy","id":9},"pointsPerHour":5,"takeoverPoints":125,"dateCreated":"2011-05-30T16:28:17+0000","currentOwner":{"name":"MasterOfTurf","id":26906},"name":"CalmStones","id":1754,"region":{"area":{"name":"Kalmar kommun","id":2015},"country":"se","name":"Kalmar","id":137},"longitude":16.344816},"assists":[{"name":"kingenin","id":17546}],"latitude":56.675012,"currentOwner":{"name":"MasterOfTurf","id":26906},"time":"2021-08-13T19:04:08+0000","type":"takeover","longitude":16.344816},{"zone":{"previousOwner":{"name":"captHaddock","id":136973},"dateCreated":"2015-09-05T14:31:45+0000","dateLastTaken":"2021-08-13T19:04:05+0000","latitude":59.247908,"currentOwner":{"name":"Kekkonen","id":35384},"name":"MartaZone","id":57081,"totalTakeovers":4433,"region":{"area":{"name":"Tyresö kommun","id":1843},"country":"se","name":"Stockholm","id":141},"pointsPerHour":4,"longitude":18.222552,"takeoverPoints":140},"latitude":59.247908,"currentOwner":{"name":"Kekkonen","id":35384},"time":"2021-08-13T19:04:05+0000","type":"takeover","longitude":18.222552},{"zone":{"previousOwner":{"name":"Evaka","id":134048},"dateCreated":"2010-08-04T00:00:00+0000","dateLastTaken":"2021-08-13T19:04:04+0000","latitude":57.707999,"currentOwner":{"name":"Anitschen","id":210731},"name":"QueensPark","id":346,"totalTakeovers":45923,"region":{"area":{"name":"Göteborgs kommun","id":1885},"country":"se","name":"Västra Götaland","id":132},"pointsPerHour":9,"longitude":11.973434,"takeoverPoints":65},"latitude":57.707999,"currentOwner":{"name":"Anitschen","id":210731},"time":"2021-08-13T19:04:04+0000","type":"takeover","longitude":11.973434},{"zone":{"previousOwner":{"name":"MajaPiraya","id":256965},"dateCreated":"2012-03-20T23:16:48+0000","dateLastTaken":"2021-08-13T19:04:03+0000","latitude":57.655874,"currentOwner":{"name":"Movemania","id":22813},"name":"MölnSquare","id":7210,"totalTakeovers":12211,"region":{"area":{"name":"Mölndals kommun","id":1886},"country":"se","name":"Västra Götaland","id":132},"pointsPerHour":7,"longitude":12.015093,"takeoverPoints":95},"latitude":57.655874,"currentOwner":{"name":"Movemania","id":22813},"time":"2021-08-13T19:04:03+0000","type":"takeover","longitude":12.015093},{"zone":{"previousOwner":{"name":"tilverturf","id":166033},"dateCreated":"2010-09-12T11:50:41+0000","dateLastTaken":"2021-08-13T19:04:02+0000","latitude":59.860816,"currentOwner":{"name":"eliar","id":283027},"name":"TychoHedén","id":860,"totalTakeovers":16585,"region":{"area":{"name":"Uppsala kommun","id":1977},"country":"se","name":"Uppsala","id":142},"pointsPerHour":8,"longitude":17.673,"takeoverPoints":80},"latitude":59.860816,"currentOwner":{"name":"eliar","id":283027},"time":"2021-08-13T19:04:02+0000","type":"takeover","longitude":17.673},{"zone":{"previousOwner":{"name":"jonnaa","id":251376},"dateCreated":"2013-06-21T13:00:00+0000","dateLastTaken":"2021-08-13T19:04:02+0000","latitude":59.626173,"currentOwner":{"name":"Åsku","id":166469},"name":"MalmabergZone","id":19697,"totalTakeovers":11895,"region":{"area":{"name":"Västerås","id":1807},"country":"se","name":"Västmanland","id":143},"pointsPerHour":6,"longitude":16.59537,"takeoverPoints":110},"latitude":59.626173,"currentOwner":{"name":"Åsku","id":166469},"time":"2021-08-13T19:04:02+0000","type":"takeover","longitude":16.59537},{"zone":{"previousOwner":{"name":"McDaddy","id":241765},"dateCreated":"2017-08-27T03:00:00+0000","dateLastTaken":"2021-08-13T19:04:00+0000","latitude":58.160245,"currentOwner":{"name":"McDaddy","id":241765},"name":"Fallén","id":116868,"totalTakeovers":332,"region":{"area":{"name":"Falköpings kommun","id":1914},"country":"se","name":"Västra Götaland","id":132},"pointsPerHour":2,"longitude":13.55756,"takeoverPoints":170},"latitude":58.160245,"currentOwner":{"name":"McDaddy","id":241765},"time":"2021-08-13T19:04:00+0000","type":"takeover","longitude":13.55756},{"zone":{"dateCreated":"2021-02-03T19:59:27+0000","dateLastTaken":"2021-08-13T19:03:58+0000","latitude":51.906403,"currentOwner":{"name":"AlexMathie","id":327356},"name":"MylandCross","id":381159,"totalTakeovers":21,"region":{"area":{"name":"Essex","id":2688},"country":"gb","name":"East of England","id":204},"pointsPerHour":1,"longitude":0.922248,"takeoverPoints":185},"latitude":51.906403,"currentOwner":{"name":"AlexMathie","id":327356},"time":"2021-08-13T19:03:58+0000","type":"takeover","longitude":0.922248},{"zone":{"previousOwner":{"name":"Tofsmes","id":201416},"dateCreated":"2017-07-31T17:54:09+0000","dateLastTaken":"2021-08-13T19:03:57+0000","latitude":59.401296,"currentOwner":{"name":"Iros","id":72531},"name":"Söderhamnen","id":116059,"totalTakeovers":1925,"region":{"area":{"name":"Vaxholms kommun","id":1890},"country":"se","name":"Stockholm","id":141},"pointsPerHour":7,"longitude":18.350061,"takeoverPoints":95},"latitude":59.401296,"currentOwner":{"name":"Iros","id":72531},"time":"2021-08-13T19:03:57+0000","type":"takeover","longitude":18.350061},{"zone":{"previousOwner":{"name":"mrAce","id":168289},"dateCreated":"2014-07-26T13:59:27+0000","dateLastTaken":"2021-08-13T19:03:55+0000","latitude":59.623581,"currentOwner":{"name":"pandamamma","id":72373},"name":"Rockringen","id":31954,"totalTakeovers":11097,"region":{"area":{"name":"Västerås","id":1807},"country":"se","name":"Västmanland","id":143},"pointsPerHour":8,"longitude":16.530999,"takeoverPoints":80},"latitude":59.623581,"currentOwner":{"name":"pandamamma","id":72373},"time":"2021-08-13T19:03:55+0000","type":"takeover","longitude":16.530999},{"zone":{"previousOwner":{"name":"godders","id":302263},"dateCreated":"2020-12-28T21:01:35+0000","dateLastTaken":"2021-08-13T19:03:55+0000","latitude":56.159769,"currentOwner":{"name":"godders","id":302263},"name":"DevonWay","id":359927,"totalTakeovers":303,"region":{"area":{"name":"Clackmannanshire","id":3993},"country":"gb","name":"Scotland","id":200},"pointsPerHour":2,"longitude":-3.670377,"takeoverPoints":170},"latitude":56.159769,"currentOwner":{"name":"godders","id":302263},"time":"2021-08-13T19:03:55+0000","type":"takeover","longitude":-3.670377},{"zone":{"previousOwner":{"name":"kjtindall","id":292775},"dateCreated":"2020-08-28T12:00:00+0000","dateLastTaken":"2021-08-13T19:03:54+0000","latitude":56.042471,"currentOwner":{"name":"152munros","id":312757},"name":"BeerOClock","id":322201,"totalTakeovers":167,"region":{"area":{"name":"Fife","id":2795},"country":"gb","name":"Scotland","id":200},"pointsPerHour":3,"longitude":-3.413063,"takeoverPoints":155},"latitude":56.042471,"currentOwner":{"name":"152munros","id":312757},"time":"2021-08-13T19:03:54+0000","type":"takeover","longitude":-3.413063},{"zone":{"previousOwner":{"name":"Ingefang","id":322025},"dateCreated":"2016-08-29T21:24:50+0000","dateLastTaken":"2021-08-13T19:03:52+0000","latitude":63.838607,"currentOwner":{"name":"Cykelmasen","id":225050},"name":"Hagmarkszon","id":81870,"totalTakeovers":5201,"region":{"area":{"name":"Umeå kommun","id":2064},"country":"se","name":"Västerbotten","id":127},"pointsPerHour":8,"longitude":20.276588,"takeoverPoints":80},"latitude":63.838607,"currentOwner":{"name":"Cykelmasen","id":225050},"time":"2021-08-13T19:03:52+0000","type":"takeover","longitude":20.276588},{"zone":{"previousOwner":{"name":"ingbra","id":280407},"dateCreated":"2012-04-11T23:18:07+0000","dateLastTaken":"2021-08-13T19:03:49+0000","latitude":63.157596,"currentOwner":{"name":"Pappamogge","id":93779},"name":"SlåtterZone","id":8105,"totalTakeovers":6197,"region":{"area":{"name":"Östersunds kommun","id":2050},"country":"se","name":"Jämtland","id":128},"pointsPerHour":6,"longitude":14.681661,"takeoverPoints":110},"latitude":63.157596,"currentOwner":{"name":"Pappamogge","id":93779},"time":"2021-08-13T19:03:49+0000","type":"takeover","longitude":14.681661},{"zone":{"previousOwner":{"name":"Lagavulin8","id":229860},"dateCreated":"2015-04-03T21:59:59+0000","dateLastTaken":"2021-08-13T19:03:48+0000","latitude":59.258756,"currentOwner":{"name":"Kerch_II","id":70837},"name":"Ekäng","id":47763,"totalTakeovers":7707,"region":{"area":{"name":"Örebro kommun","id":1819},"country":"se","name":"Örebro","id":131},"pointsPerHour":5,"longitude":15.212669,"takeoverPoints":125},"latitude":59.258756,"currentOwner":{"name":"Kerch_II","id":70837},"time":"2021-08-13T19:03:48+0000","type":"takeover","longitude":15.212669},{"zone":{"previousOwner":{"name":"Aibo","id":282953},"dateCreated":"2020-08-20T12:00:00+0000","dateLastTaken":"2021-08-13T19:03:46+0000","latitude":55.831065,"currentOwner":{"name":"Hodge","id":282118},"name":"Cornbank","id":320630,"totalTakeovers":898,"region":{"area":{"name":"Midlothian","id":2802},"country":"gb","name":"Scotland","id":200},"pointsPerHour":3,"longitude":-3.241895,"takeoverPoints":155},"latitude":55.831065,"currentOwner":{"name":"Hodge","id":282118},"time":"2021-08-13T19:03:46+0000","type":"takeover","longitude":-3.241895},{"zone":{"previousOwner":{"name":"Sluggo_","id":92621},"dateCreated":"2019-05-15T19:47:11+0000","dateLastTaken":"2021-08-13T19:03:43+0000","latitude":59.261138,"currentOwner":{"name":"VanaTallinn","id":230828},"name":"HittaLotten","id":196125,"totalTakeovers":2837,"region":{"area":{"name":"Örebro kommun","id":1819},"country":"se","name":"Örebro","id":131},"pointsPerHour":6,"longitude":15.192574,"takeoverPoints":110},"assists":[{"name":"Lagavulin8","id":229860}],"latitude":59.261138,"currentOwner":{"name":"VanaTallinn","id":230828},"time":"2021-08-13T19:03:43+0000","type":"takeover","longitude":15.192574},{"zone":{"previousOwner":{"name":"Wullie","id":323178},"dateCreated":"2020-12-14T19:50:00+0000","dateLastTaken":"2021-08-13T19:03:38+0000","latitude":55.896743,"currentOwner":{"name":"Artful","id":302131},"name":"GraciesZone","id":356548,"totalTakeovers":84,"region":{"area":{"name":"West Lothian","id":2781},"country":"gb","name":"Scotland","id":200},"pointsPerHour":2,"longitude":-3.686811,"takeoverPoints":170},"latitude":55.896743,"currentOwner":{"name":"Artful","id":302131},"time":"2021-08-13T19:03:38+0000","type":"takeover","longitude":-3.686811},{"zone":{"previousOwner":{"name":"Lucke","id":61664},"dateCreated":"2016-11-09T18:00:00+0000","dateLastTaken":"2021-08-13T19:03:37+0000","latitude":59.368303,"currentOwner":{"name":"Buzd","id":317315},"name":"Dalsänkan","id":91421,"totalTakeovers":4945,"region":{"area":{"name":"Sundbybergs kommun","id":1889},"country":"se","name":"Stockholm","id":141},"pointsPerHour":5,"longitude":17.954327,"takeoverPoints":125},"assists":[{"name":"clalin","id":202674}],"latitude":59.368303,"currentOwner":{"name":"Buzd","id":317315},"time":"2021-08-13T19:03:37+0000","type":"takeover","longitude":17.954327},{"zone":{"previousOwner":{"name":"poisme","id":227090},"dateCreated":"2013-12-11T21:25:57+0000","dateLastTaken":"2021-08-13T19:03:31+0000","latitude":59.110457,"currentOwner":{"name":"Jimpan76","id":100958},"name":"Utmarkerna","id":23747,"totalTakeovers":8875,"region":{"area":{"name":"Kumla kommun","id":1816},"country":"se","name":"Örebro","id":131},"pointsPerHour":6,"longitude":15.149434,"takeoverPoints":110},"latitude":59.110457,"currentOwner":{"name":"Jimpan76","id":100958},"time":"2021-08-13T19:03:31+0000","type":"takeover","longitude":15.149434}]