[{"medal":4,"time":"2021-07-12T18:04:21+0000","type":"medal","user":{"country":"uk","medals":[93,32,11,54,101,4],"zones":[224660,394683],"pointsPerHour":0,"points":800,"blocktime":855,"taken":195,"name":"limonetrick","totalPoints":68914,"rank":17,"id":311451,"place":6029,"uniqueZonesTaken":78,"region":{"name":"Scotland","id":200}}},{"medal":101,"time":"2021-07-12T18:03:07+0000","type":"medal","user":{"country":"nl","medals":[93,85,80,92,101],"zones":[387644,63967],"pointsPerHour":0,"points":7893,"blocktime":720,"taken":38,"name":"DrKlavan","totalPoints":8473,"rank":8,"id":335357,"place":6029,"uniqueZonesTaken":28,"region":{"name":"Noord-Holland","id":117}}},{"medal":86,"time":"2021-07-12T18:02:42+0000","type":"medal","user":{"country":"se","medals":[93,100,92,51,90,86],"zones":[9571,52840,54667,97327],"pointsPerHour":0,"points":5806,"blocktime":705,"taken":50,"name":"Xpexial","totalPoints":5806,"rank":7,"id":335611,"place":6029,"uniqueZonesTaken":23,"region":{"name":"Västerbotten","id":127}}},{"medal":31,"time":"2021-07-12T18:00:53+0000","type":"medal","user":{"country":"se","medals":[94,80,92,31],"zones":[143043,6086,200756,56392,56394,142969,24685],"pointsPerHour":0,"points":4983,"blocktime":690,"taken":25,"name":"Feurst2","totalPoints":4983,"rank":6,"id":335534,"place":6029,"uniqueZonesTaken":15,"region":{"name":"Dalarna","id":129}}}]