[{"medal":80,"time":"2021-07-12T13:00:54+0000","type":"medal","user":{"country":"fi","medals":[80,84],"zones":[10755,10756,10758,134965,146460],"pointsPerHour":0,"points":925,"blocktime":645,"taken":5,"name":"helboy","totalPoints":925,"rank":3,"id":335731,"place":5964,"uniqueZonesTaken":5,"region":{"name":"Etelä-Suomi","id":185}}},{"medal":84,"time":"2021-07-12T13:00:54+0000","type":"medal","user":{"country":"fi","medals":[80,84],"zones":[10755,10756,10758,134965,146460],"pointsPerHour":0,"points":925,"blocktime":645,"taken":5,"name":"helboy","totalPoints":925,"rank":3,"id":335731,"place":5964,"uniqueZonesTaken":5,"region":{"name":"Etelä-Suomi","id":185}}},{"sender":{"country":"se","medals":[4,55,7,70,95,77,104,14,79,36,10,126],"zones":[14472,109738,142974,93756,47470,96750],"pointsPerHour":21,"points":5758,"blocktime":1230,"taken":7000,"name":"Veganvarg","totalPoints":1894780,"rank":42,"id":188106,"place":2686,"uniqueZonesTaken":848,"region":{"name":"Gotland","id":138}},"time":"2021-07-12T12:55:16+0000","message":"ZonerX: Missade den zonen.","region":{"name":"Gotland","id":138},"type":"chat"}]