[{"medal":84,"time":"2021-07-13T13:05:59+0000","type":"medal","user":{"country":"se","medals":[84],"zones":[160609,22180,22181,22184],"pointsPerHour":0,"points":1004,"blocktime":645,"taken":5,"name":"oddboy","totalPoints":1004,"rank":3,"id":335714,"place":6111,"uniqueZonesTaken":4,"region":{"name":"Skåne","id":135}}},{"medal":11,"time":"2021-07-13T12:58:05+0000","type":"medal","user":{"country":"se","medals":[93,51,79,100,32,11,90],"zones":[9088,23905,109699,11283,11284,360984,8253,8254,246732,8255,3167],"pointsPerHour":0,"points":4032,"blocktime":735,"taken":104,"name":"Moneybunny","totalPoints":12200,"rank":9,"id":317895,"place":6110,"uniqueZonesTaken":50,"region":{"name":"Västerbotten","id":127}}},{"medal":90,"time":"2021-07-13T12:58:05+0000","type":"medal","user":{"country":"se","medals":[93,51,79,100,32,11,90],"zones":[9088,23905,109699,11283,11284,360984,8253,8254,246732,8255,3167],"pointsPerHour":0,"points":4032,"blocktime":735,"taken":104,"name":"Moneybunny","totalPoints":12200,"rank":9,"id":317895,"place":6110,"uniqueZonesTaken":50,"region":{"name":"Västerbotten","id":127}}}]