[{"medal":12,"time":"2021-07-13T16:00:47+0000","type":"medal","user":{"country":"se","medals":[51,93,101,42,12],"zones":[],"pointsPerHour":0,"points":2688,"blocktime":810,"taken":267,"name":"CocoSiberia","totalPoints":35337,"rank":14,"id":326294,"place":6138,"uniqueZonesTaken":100,"region":{"name":"Stockholm","id":141}}},{"medal":51,"time":"2021-07-13T15:59:25+0000","type":"medal","user":{"country":"se","medals":[85,51],"zones":[91989,3093,63989,7142,114263,114599,7143,7159,7134],"pointsPerHour":0,"points":1225,"blocktime":660,"taken":11,"name":"Råckstars","totalPoints":1225,"rank":4,"id":274240,"place":6138,"uniqueZonesTaken":11,"region":{"name":"Stockholm","id":141}}},{"sender":{"country":"uk","medals":[79,46,12,57,16,93,77,34],"zones":[80481,80480,352882,80473,80479,418696,80478],"pointsPerHour":7,"points":1706,"blocktime":1095,"taken":1183,"name":"BCountrySoul","totalPoints":546491,"rank":33,"id":303998,"place":4083,"uniqueZonesTaken":157,"region":{"name":"South East England","id":205}},"time":"2021-07-13T15:55:53+0000","message":"It says contact an administrator if having issues logging in. But nowhere to contact them? 🤷\u200d♂️","region":{"name":"South East England","id":205},"type":"chat"}]