[{"medal":92,"time":"2022-06-20T06:12:22+0000","type":"medal","user":{"country":"se","medals":[116,6,101,92],"zones":[],"pointsPerHour":0,"points":850,"blocktime":675,"taken":25,"name":"timeout","totalPoints":2090,"rank":5,"id":357960,"place":6651,"uniqueZonesTaken":15,"region":{"name":"Stockholm","id":141}}},{"medal":86,"time":"2022-06-20T06:10:02+0000","type":"medal","user":{"country":"se","medals":[93,92,80,101,86],"zones":[945,90775],"pointsPerHour":0,"points":7610,"blocktime":705,"taken":60,"name":"FruLila","totalPoints":7610,"rank":7,"id":366523,"place":6651,"uniqueZonesTaken":42,"region":{"name":"Skåne","id":135}}}]