[{"medal":31,"time":"2022-06-20T18:42:36+0000","type":"medal","user":{"country":"se","medals":[93,31],"zones":[465931],"pointsPerHour":0,"points":4447,"blocktime":690,"taken":26,"name":"EHR","totalPoints":4818,"rank":6,"id":365460,"place":6716,"uniqueZonesTaken":10,"region":{"name":"Halland","id":134}}},{"sender":{"country":"se","medals":[70,67,21,16,77,79,27,72,24,66,117,83,75,4,24,17,115,50,82,2,68,124,1,69,68,126,26,24,3,68,68,68,68,64,118,108,2,69,68,131,24],"zones":[12240,430967,278609,24058],"pointsPerHour":14,"points":79666,"blocktime":1470,"taken":92732,"name":"0beroff","totalPoints":18518968,"rank":58,"id":80119,"place":497,"uniqueZonesTaken":4160,"region":{"name":"Stockholm","id":141}},"time":"2022-06-20T18:42:05+0000","message":"Gofika: kajakturf på min ära!","region":{"name":"Stockholm","id":141},"type":"chat"},{"medal":92,"time":"2022-06-20T18:35:14+0000","type":"medal","user":{"country":"se","medals":[51,31,92],"zones":[176038,28886,43753,16890,76749],"pointsPerHour":0,"points":7388,"blocktime":705,"taken":30,"name":"petwolf","totalPoints":7388,"rank":7,"id":366491,"place":6715,"uniqueZonesTaken":15,"region":{"name":"Jönköping","id":133}}}]