[{"medal":84,"time":"2022-06-21T18:15:40+0000","type":"medal","user":{"country":"uk","medals":[84],"zones":[63450],"pointsPerHour":0,"points":727,"blocktime":660,"taken":5,"name":"Nelf","totalPoints":1608,"rank":4,"id":365385,"place":6778,"uniqueZonesTaken":5,"region":{"name":"Scotland","id":200}}},{"medal":34,"time":"2022-06-21T18:12:07+0000","type":"medal","user":{"country":"se","medals":[127,52,13,93,34],"zones":[11856,95008,355041,44647,26231,26232,221289,30890,443482,138527],"pointsPerHour":0,"points":27647,"blocktime":1005,"taken":1000,"name":"Bamsesfar","totalPoints":238242,"rank":27,"id":327010,"place":6778,"uniqueZonesTaken":402,"region":{"name":"Stockholm","id":141}}}]