[{"medal":85,"time":"2022-12-05T07:19:16+0000","type":"medal","user":{"country":"de","medals":[80,85],"zones":[477556,484643,484642,474226,484641,477613,477612,477611,477610],"pointsPerHour":0,"points":2257,"blocktime":675,"taken":10,"name":"saerdnaff","totalPoints":2468,"rank":5,"id":384255,"place":3306,"uniqueZonesTaken":9,"region":{"name":"Nordrhein-Westfalen","id":445}}},{"sender":{"country":"se","medals":[5,16,70,47,7,27,79,77,67,4,57,15,94,126,28,103,73,132],"zones":[107913,115853,228014],"pointsPerHour":19,"points":1551,"blocktime":1410,"taken":33436,"name":"erx007","totalPoints":8187327,"rank":54,"id":76576,"place":1333,"uniqueZonesTaken":1408,"region":{"name":"Stockholm","id":141}},"time":"2022-12-05T06:19:34+0000","message":"Kungklint: välkommen till VäsbyTurf! Ha en fin turftur !!","region":{"name":"Stockholm","id":141},"type":"chat"}]