[{"sender":{"country":"uk","medals":[16,79,27,77,82,70,83,67,21,75,124,117,99,3,72,50,1,69,68,128,108,87],"zones":[169170,323078,62914,323079,14644,344802,323080,323081,323083],"pointsPerHour":24,"points":2154,"blocktime":1425,"taken":35019,"name":"Artful","totalPoints":10335986,"rank":55,"id":302131,"place":1843,"uniqueZonesTaken":3901,"region":{"name":"Scotland","id":200}},"time":"2022-12-06T08:18:19+0000","message":"ZulaTheAlien:): Sorry phone in pocket!","region":{"name":"Scotland","id":200},"type":"chat"},{"medal":6,"time":"2022-12-06T08:15:39+0000","type":"medal","user":{"country":"se","medals":[92,93,86,6],"zones":[109663],"pointsPerHour":0,"points":80,"blocktime":720,"taken":70,"name":"emmgus","totalPoints":11987,"rank":8,"id":357361,"place":3950,"uniqueZonesTaken":23,"region":{"name":"Västra Götaland","id":132}}}]