[{"sender":{"country":"wd","medals":[16,79,28,57,17,116,66,77,4,70,107,48,22,50,24,123,126,88,129],"zones":[73079,73080,559350,559351],"pointsPerHour":9,"points":838,"blocktime":1410,"taken":49000,"name":"elgurro","totalPoints":9047581,"rank":54,"id":110186,"place":2191,"uniqueZonesTaken":3833,"region":{"name":"Spain","id":211}},"time":"2022-12-05T12:45:09+0000","message":"zonen TorreBlanca hade smak av svensk mullezon","region":{"name":"Spain","id":211},"type":"chat"},{"medal":93,"time":"2022-12-05T12:44:20+0000","type":"medal","user":{"country":"fi","medals":[84,93],"zones":[],"pointsPerHour":0,"points":80,"blocktime":645,"taken":9,"name":"mrLelle","totalPoints":937,"rank":3,"id":380581,"place":3611,"uniqueZonesTaken":4,"region":{"name":"Åland","id":177}}},{"sender":{"country":"se","medals":[16,3,68,4,3,68,67,21,70,27,68,2,1,69,68,1,69,68,17,64,77,72,75,68,79,7,83,81,1,69,68,117,126,3,68,123,2,68,24,15,119,2,69,68,68,68,68,131,106,116,17,2,68],"zones":[22272,22273,22274,221441,95107,95109,475010,95108,30345,28811,907,28812,21135,21136,26896,26897,21138,316561,37144,69535,927,928,929,201380,73389,73388,29360,90929,29361,29362,29363,29364,507570,29367,29368,29369,29373,60733,119615,431309,84685,84687,117711,84686,486870,285015,208984,61791,8159,61792,8160,8161,8162,8163,116069,116071,116070,116072,116075,116074,4979,2292,2294,2295,2296,26747,26748,26749],"pointsPerHour":258,"points":21754,"blocktime":1470,"taken":124929,"name":"Björke","totalPoints":24537666,"rank":58,"id":107132,"place":51,"uniqueZonesTaken":1069,"region":{"name":"Östergötland","id":139}},"time":"2022-12-05T12:42:23+0000","message":"goka: ska ut på F13 och fota förbjudsskyltarna 🙂","region":{"name":"Östergötland","id":139},"type":"chat"},{"medal":42,"time":"2022-12-05T12:42:22+0000","type":"medal","user":{"country":"se","medals":[51,6,93,11,42],"zones":[468,399121,12409,47001,6926],"pointsPerHour":0,"points":1256,"blocktime":810,"taken":250,"name":"Jowanse","totalPoints":37868,"rank":14,"id":369091,"place":3610,"uniqueZonesTaken":64,"region":{"name":"Uppsala","id":142}}},{"medal":80,"time":"2022-12-05T12:39:43+0000","type":"medal","user":{"country":"se","medals":[80,84],"zones":[235879,481746,62423,20507,76810],"pointsPerHour":0,"points":898,"blocktime":645,"taken":5,"name":"roua2","totalPoints":898,"rank":3,"id":384324,"place":3610,"uniqueZonesTaken":5,"region":{"name":"Jönköping","id":133}}},{"medal":84,"time":"2022-12-05T12:39:43+0000","type":"medal","user":{"country":"se","medals":[80,84],"zones":[235879,481746,62423,20507,76810],"pointsPerHour":0,"points":898,"blocktime":645,"taken":5,"name":"roua2","totalPoints":898,"rank":3,"id":384324,"place":3610,"uniqueZonesTaken":5,"region":{"name":"Jönköping","id":133}}}]