[{"sender":{"country":"se","medals":[16,3,68,4,3,68,67,21,70,27,68,2,1,69,68,1,69,68,17,64,77,72,75,68,79,7,83,81,1,69,68,117,126,3,68,123,2,68,24,15,119,2,69,68,68,68,68,131,106,116,17,2,68],"zones":[97794,429696,61798,476776,117390,482216,54773,356755,2295,60727,487167,60730,93628,64254,519864],"pointsPerHour":32,"points":71925,"blocktime":1470,"taken":125133,"name":"Björke","totalPoints":24587837,"rank":58,"id":107132,"place":85,"uniqueZonesTaken":1070,"region":{"name":"Östergötland","id":139}},"time":"2022-12-12T03:28:22+0000","message":"Dumblydore: Poäng då är det fokus på att hela tiden äga så många som möjligt, då är det mycket irriterande om en med bil sänker dig.","region":{"name":"Östergötland","id":139},"type":"chat"},{"sender":{"country":"se","medals":[16,3,68,4,3,68,67,21,70,27,68,2,1,69,68,1,69,68,17,64,77,72,75,68,79,7,83,81,1,69,68,117,126,3,68,123,2,68,24,15,119,2,69,68,68,68,68,131,106,116,17,2,68],"zones":[97794,429696,61798,476776,117390,482216,54773,356755,2295,60727,487167,60730,93628,64254,519864],"pointsPerHour":32,"points":71923,"blocktime":1470,"taken":125133,"name":"Björke","totalPoints":24587835,"rank":58,"id":107132,"place":85,"uniqueZonesTaken":1070,"region":{"name":"Östergötland","id":139}},"time":"2022-12-12T03:24:57+0000","message":"Dumblydore: Jagar man silvret så ser man saken med andra ögon, då kan det vara detta som får dig att tappa en plats, då räknas varje PPH","region":{"name":"Östergötland","id":139},"type":"chat"}]