[{"sender":{"country":"se","medals":[67,4,68,21,16,27,68,70,24,17,74,72,79,83,77,68,26,75,68,17,49,82,2,68,121,68,117,68,91,30,68,68,116,17,107,119,124,126,24,17,17,132],"zones":[9664,142803,517392],"pointsPerHour":5,"points":19097,"blocktime":1470,"taken":124509,"name":"canon","totalPoints":24671597,"rank":58,"id":66935,"place":936,"uniqueZonesTaken":18890,"region":{"name":"Södermanland","id":140}},"time":"2022-12-13T00:55:51+0000","message":"Hallå! Finns det någon zon med fyra bokstäver i Nyk-Oxd området? Det är till dagens lucka i Örebroturfers adventskalender.","region":{"name":"Södermanland","id":140},"type":"chat"}]