[{"sender":{"country":"se","medals":[94,47,16,28,66,4,5,15,56,122,126,79,26,105,130,73,77],"zones":[11200,11201,11202,138528,47651,29187,29188,29189,114599,41767,41768,44296,41769,296909,10924,46991,114193,20496,17555,26163,38419,29176],"pointsPerHour":84,"points":20046,"blocktime":1350,"taken":33104,"name":"Åkersbo","totalPoints":5025268,"rank":50,"id":208414,"place":802,"uniqueZonesTaken":2062,"region":{"name":"Västmanland","id":143}},"time":"2022-12-12T10:50:47+0000","message":"RestlessSwen: ok, jag förstod det. Det här räcker för mig, lite kallt🤗","region":{"name":"Västmanland","id":143},"type":"chat"},{"sender":{"country":"se","medals":[32,11,67,4,24,16,70,9,21,72,27,77,99,79,59,75,68,24,17,83,50,24,66,24,108,126,123,89,24,24,131,24],"zones":[29186,47650,109476,38412,60716,38413,38414,11519],"pointsPerHour":24,"points":24023,"blocktime":1440,"taken":63469,"name":"RestlessSwen","totalPoints":12005617,"rank":56,"id":59864,"place":641,"uniqueZonesTaken":4415,"region":{"name":"Västmanland","id":143}},"time":"2022-12-12T10:49:43+0000","message":"Åkersbo: ok, sorry för block men mitt i lunchlöpet :)","region":{"name":"Västmanland","id":143},"type":"chat"},{"sender":{"country":"se","medals":[94,47,16,28,66,4,5,15,56,122,126,79,26,105,130,73,77],"zones":[11200,11201,11202,138528,47651,29187,29188,29189,114599,41767,41768,44296,41769,296909,46991,114193,20496,17555,26163,38419,29176],"pointsPerHour":80,"points":19904,"blocktime":1350,"taken":33103,"name":"Åkersbo","totalPoints":5025126,"rank":50,"id":208414,"place":807,"uniqueZonesTaken":2062,"region":{"name":"Västmanland","id":143}},"time":"2022-12-12T10:48:59+0000","message":"RestlessSwen: tack,  men jag vänder hemåt","region":{"name":"Västmanland","id":143},"type":"chat"},{"sender":{"country":"se","medals":[32,11,67,4,24,16,70,9,21,72,27,77,99,79,59,75,68,24,17,83,50,24,66,24,108,126,123,89,24,24,131,24],"zones":[29186,47650,109476,38412,60716,10924,38413,38414,11519],"pointsPerHour":28,"points":24022,"blocktime":1440,"taken":63469,"name":"RestlessSwen","totalPoints":12005615,"rank":56,"id":59864,"place":641,"uniqueZonesTaken":4415,"region":{"name":"Västmanland","id":143}},"time":"2022-12-12T10:47:32+0000","message":"Åkersbo: assist på maintaintrain?","region":{"name":"Västmanland","id":143},"type":"chat"},{"sender":{"country":"se","medals":[94,47,16,28,66,4,5,15,56,122,126,79,26,105,130,73,77],"zones":[11200,11201,11202,138528,47651,29187,29188,29189,114599,41767,41768,44296,41769,296909,46991,114193,20496,17555,26163,38419,29176],"pointsPerHour":80,"points":19901,"blocktime":1350,"taken":33103,"name":"Åkersbo","totalPoints":5025123,"rank":50,"id":208414,"place":807,"uniqueZonesTaken":2062,"region":{"name":"Västmanland","id":143}},"time":"2022-12-12T10:46:54+0000","message":"RestlessSwen: tackar, det blir bra","region":{"name":"Västmanland","id":143},"type":"chat"},{"sender":{"country":"se","medals":[32,11,67,4,24,16,70,9,21,72,27,77,99,79,59,75,68,24,17,83,50,24,66,24,108,126,123,89,24,24,131,24],"zones":[20496,47650,109476,38412,60716,10924,38413,38414,11519],"pointsPerHour":27,"points":23882,"blocktime":1440,"taken":63468,"name":"RestlessSwen","totalPoints":12005475,"rank":56,"id":59864,"place":644,"uniqueZonesTaken":4415,"region":{"name":"Västmanland","id":143}},"time":"2022-12-12T10:45:49+0000","message":"Åkersbo: jag lämnar de västra zonerna","region":{"name":"Västmanland","id":143},"type":"chat"}]