[{"sender":{"country":"se","medals":[],"zones":[],"pointsPerHour":0,"points":140,"blocktime":600,"taken":1,"name":"BenjaminBoy","totalPoints":140,"rank":0,"id":342579,"place":7281,"uniqueZonesTaken":1,"region":{"name":"Stockholm","id":141}},"time":"2021-09-17T10:17:27+0000","message":"Tack","region":{"name":"Stockholm","id":141},"type":"chat"},{"sender":{"country":"se","medals":[],"zones":[],"pointsPerHour":0,"points":140,"blocktime":600,"taken":1,"name":"BenjaminBoy","totalPoints":140,"rank":0,"id":342579,"place":7281,"uniqueZonesTaken":1,"region":{"name":"Stockholm","id":141}},"time":"2021-09-17T10:17:19+0000","message":"Nej","region":{"name":"Stockholm","id":141},"type":"chat"},{"country":"se","sender":{"country":"se","medals":[],"zones":[],"pointsPerHour":0,"points":0,"blocktime":600,"taken":0,"name":"chrisChris1","totalPoints":0,"rank":0,"id":342542,"place":7502,"uniqueZonesTaken":0},"time":"2021-09-17T10:14:50+0000","message":"Hej nior vi är också nior","type":"chat"},{"medal":85,"time":"2021-09-17T10:05:58+0000","type":"medal","user":{"country":"se","medals":[80,85],"zones":[4537,8089,345,153960,153951,24367],"pointsPerHour":0,"points":1722,"blocktime":660,"taken":10,"name":"springKH","totalPoints":1722,"rank":4,"id":342990,"place":7499,"uniqueZonesTaken":10,"region":{"name":"Västernorrland","id":145}}}]