[{"sender":{"country":"se","medals":[28,126,16,79,77,55,6,123,70,117,107,24,38,67,15,5,96,48,127],"zones":[11650,62306,337249,47720,712,47721,47722,10923,93901,12013,31759,102065,18674,31795,18675,97301,11223,202388,27800,125311,138172,155869,63743],"pointsPerHour":132,"points":145454,"blocktime":1230,"taken":13947,"name":"Tjosan78","totalPoints":1831406,"rank":42,"id":271006,"place":140,"uniqueZonesTaken":1234,"region":{"name":"Västmanland","id":143}},"time":"2021-09-18T09:06:05+0000","message":"CRUSAIDER: 🙌🏻🙌🏻","region":{"name":"Västmanland","id":143},"type":"chat"},{"sender":{"country":"se","medals":[70,67,77,16,83,79,72,75,68,24,17,116,15,22,68,4,66,59,107,89,126,124,127],"zones":[19697,5428,31765,7765,115964],"pointsPerHour":38,"points":152460,"blocktime":1425,"taken":67970,"name":"CRUSAIDER","totalPoints":9654625,"rank":55,"id":168025,"place":116,"uniqueZonesTaken":2119,"region":{"name":"Västmanland","id":143}},"time":"2021-09-18T09:05:46+0000","message":"Tjosan78:heja heja","region":{"name":"Västmanland","id":143},"type":"chat"},{"medal":85,"time":"2021-09-18T09:02:42+0000","type":"medal","user":{"country":"se","medals":[94,85],"zones":[34545],"pointsPerHour":0,"points":1508,"blocktime":660,"taken":10,"name":"Lilljott","totalPoints":1508,"rank":4,"id":342450,"place":7619,"uniqueZonesTaken":5,"region":{"name":"Stockholm","id":141}}},{"sender":{"country":"se","medals":[70,67,77,16,83,79,72,75,68,24,17,116,15,22,68,4,66,59,107,89,126,124,127],"zones":[19697,5428,31765,7765,115964],"pointsPerHour":38,"points":152458,"blocktime":1425,"taken":67970,"name":"CRUSAIDER","totalPoints":9654623,"rank":55,"id":168025,"place":116,"uniqueZonesTaken":2119,"region":{"name":"Västmanland","id":143}},"time":"2021-09-18T09:02:32+0000","message":"MrSnyten: snuggt","region":{"name":"Västmanland","id":143},"type":"chat"},{"medal":31,"time":"2021-09-18T09:01:25+0000","type":"medal","user":{"country":"se","medals":[93,100,90,80,92,31],"zones":[90448,18679,79288,228120,7757,19694],"pointsPerHour":0,"points":2253,"blocktime":675,"taken":28,"name":"Clifs","totalPoints":2253,"rank":5,"id":335724,"place":7619,"uniqueZonesTaken":28,"region":{"name":"Västmanland","id":143}}}]