[{"medal":14,"time":"2022-10-24T19:10:31+0000","type":"medal","user":{"country":"se","medals":[95,46,78,6,34,127,22,77,54,103,14],"zones":[24099,202,92848,119701,90101,30804,28373,37237,1269,8218,64093,122463,1055],"pointsPerHour":0,"points":31769,"blocktime":18,"taken":2490,"name":"Botilada","totalPoints":477019,"rank":32,"id":310698,"place":7793,"uniqueZonesTaken":500,"region":{"name":"Stockholm","id":141}}},{"sender":{"country":"se","medals":[70,93,79,77,100,46,90,14,122,55,5,66,129,35],"zones":[33796,1573,341,4557],"pointsPerHour":36,"points":1646,"blocktime":18,"taken":2757,"name":"Zacly","totalPoints":563392,"rank":34,"id":327470,"place":5085,"uniqueZonesTaken":935,"region":{"name":"Uppsala","id":142}},"time":"2022-10-24T18:59:03+0000","message":"Mans_katten: assist österplan?","region":{"name":"Uppsala","id":142},"type":"chat"}]