[{"medal":78,"time":"2022-10-24T13:39:30+0000","type":"medal","user":{"country":"uk","medals":[94,12,33,52,103,127,78],"zones":[321028,321029,477982,355695,317048,317049,317051],"pointsPerHour":0,"points":36221,"blocktime":16,"taken":833,"name":"ChemiesR","totalPoints":185483,"rank":25,"id":362310,"place":7781,"uniqueZonesTaken":193,"region":{"name":"Scotland","id":200}}},{"medal":90,"time":"2022-10-24T13:35:55+0000","type":"medal","user":{"country":"se","medals":[93,85,51,92,90],"zones":[43970,63203,80295,33161,224072,33167,517256,62230,138964,25750,28055,62231,43385,20956,85788,45727],"pointsPerHour":0,"points":2563,"blocktime":11,"taken":19,"name":"whroom","totalPoints":2563,"rank":5,"id":382632,"place":7781,"uniqueZonesTaken":16,"region":{"name":"Örebro","id":131}}},{"medal":100,"time":"2022-10-24T13:34:49+0000","type":"medal","user":{"country":"se","medals":[93,92,77,90,53,70,16,32,100],"zones":[],"pointsPerHour":0,"points":7548,"blocktime":13,"taken":106,"name":"ㅤkukenㅤ","totalPoints":36497,"rank":14,"id":369599,"place":7781,"uniqueZonesTaken":34,"region":{"name":"Skåne","id":135}}}]