[{"sender":{"country":"se","medals":[9,16,47,57,24,67,17,4,27,17,70,21,77,79,72,24,117,24,7,17,116,24,24,24,24,126,24,123,108,88,24,17,130,74,24,17,83],"zones":[7841,91715,7842,204544,185349,7849,18921,138504,7850,20811,203922,46903,27932,92701,12252,7837],"pointsPerHour":63,"points":60511,"blocktime":23,"taken":49063,"name":"ReggaeHasse","totalPoints":9018526,"rank":54,"id":27507,"place":980,"uniqueZonesTaken":5738,"region":{"name":"Stockholm","id":141}},"time":"2022-10-24T16:04:16+0000","message":"MosterMysko: tack! ja jag såg att du väntade men min gubbe hade ingen att hoppa in i zonen","region":{"name":"Stockholm","id":141},"type":"chat"},{"medal":66,"time":"2022-10-24T16:02:01+0000","type":"medal","user":{"country":"se","medals":[28,55,24,99,4,13,47,103,83,71,35,66],"zones":[46385],"pointsPerHour":0,"points":125,"blocktime":17,"taken":3272,"name":"Emilskaya","totalPoints":344768,"rank":30,"id":209355,"place":7789,"uniqueZonesTaken":457,"region":{"name":"Blekinge","id":136}}},{"sender":{"country":"se","medals":[90,53,78,14,95,35,130,101,7],"zones":[7296,37744,182432,21590,64103,248,28378,24250,14605,6109,7838],"pointsPerHour":67,"points":24057,"blocktime":19,"taken":4707,"name":"MosterMysko","totalPoints":886893,"rank":37,"id":305441,"place":2139,"uniqueZonesTaken":694,"region":{"name":"Stockholm","id":141}},"time":"2022-10-24T16:01:41+0000","message":"ReggaeHasse: Jag tror minsann vi var på samma tåg! Jag väntade artigt en stund vid Westcroft men när du åkte iväg tog jag den!","region":{"name":"Stockholm","id":141},"type":"chat"},{"medal":12,"time":"2022-10-24T15:56:30+0000","type":"medal","user":{"country":"se","medals":[52,95,102,128,33,12],"zones":[349233,30187],"pointsPerHour":0,"points":44990,"blocktime":15,"taken":593,"name":"mino80","totalPoints":109332,"rank":20,"id":361967,"place":7788,"uniqueZonesTaken":100,"region":{"name":"Södermanland","id":140}}}]