[{"medal":33,"time":"2022-10-24T10:40:38+0000","type":"medal","user":{"country":"fi","medals":[93,51,100,11,33],"zones":[7712,59969,132035,24083,84725],"pointsPerHour":0,"points":21730,"blocktime":14,"taken":500,"name":"Lima45","totalPoints":93884,"rank":19,"id":357345,"place":7760,"uniqueZonesTaken":93,"region":{"name":"Lounais-Suomi","id":184}}},{"sender":{"country":"se","medals":[79,90,53,34,13,7,95,103],"zones":[525436,153716,542911,396780,107450,154671],"pointsPerHour":8,"points":10075,"blocktime":18,"taken":2147,"name":"FantasticZoner","totalPoints":571325,"rank":34,"id":211741,"place":3170,"uniqueZonesTaken":495,"region":{"name":"Halland","id":134}},"time":"2022-10-24T10:20:14+0000","message":"Tanån: Hej","region":{"name":"Halland","id":134},"type":"chat"}]