[{"medal":32,"time":"2022-10-24T08:12:26+0000","type":"medal","user":{"country":"se","medals":[51,92,32],"zones":[139280],"pointsPerHour":0,"points":16452,"blocktime":13,"taken":100,"name":"IcecreamQueen","totalPoints":22571,"rank":12,"id":371139,"place":7751,"uniqueZonesTaken":29,"region":{"name":"Stockholm","id":141}}},{"medal":86,"time":"2022-10-24T08:07:43+0000","type":"medal","user":{"country":"se","medals":[92,51,86],"zones":[2560,37124,79014,64680,33262,47934],"pointsPerHour":0,"points":8298,"blocktime":12,"taken":50,"name":"HärÄrJagNu","totalPoints":8298,"rank":8,"id":382349,"place":7751,"uniqueZonesTaken":37,"region":{"name":"Uppsala","id":142}}}]