[{"medal":33,"time":"2022-08-01T04:56:58+0000","type":"medal","user":{"country":"se","medals":[95,90,52,12,6,127,103,33],"zones":[95538,319171,599,23959,1402],"pointsPerHour":0,"points":50417,"blocktime":870,"taken":500,"name":"FruLila","totalPoints":82595,"rank":18,"id":366523,"place":7595,"uniqueZonesTaken":187,"region":{"name":"Skåne","id":135}}},{"medal":38,"time":"2022-08-01T04:53:03+0000","type":"medal","user":{"country":"se","medals":[126,7,28,46,16,95,13,131,104,55,38],"zones":[44192,7041,354308,340516,117568,514500,26884,26885,27813,236197,29736,29738,27055,42831,154001,138966,98295,222171,57183],"pointsPerHour":0,"points":126347,"blocktime":1230,"taken":9999,"name":"Tessla","totalPoints":1798626,"rank":42,"id":272993,"place":7595,"uniqueZonesTaken":414,"region":{"name":"Stockholm","id":141}}}]