[{"medal":72,"time":"2022-08-02T19:10:02+0000","type":"medal","user":{"country":"se","medals":[16,78,70,67,77,128,5,47,7,57,14,17,116,36,4,22,103,27,122,72],"zones":[24036,476770,55847,76619,76618,95085,95084,61038,12464,26961,24114,33011,50260,1140,33012,50264,33080,50265,93754,16956,28798],"pointsPerHour":0,"points":158436,"blocktime":1200,"taken":5938,"name":"Simkungen1","totalPoints":1362412,"rank":40,"id":229678,"place":7728,"uniqueZonesTaken":750,"region":{"name":"Halland","id":134}}},{"medal":80,"time":"2022-08-02T19:02:24+0000","type":"medal","user":{"country":"se","medals":[84,80],"zones":[28240,413526,21591,14683,353706],"pointsPerHour":0,"points":1432,"blocktime":660,"taken":8,"name":"Pjox","totalPoints":1432,"rank":4,"id":368579,"place":7728,"uniqueZonesTaken":7,"region":{"name":"Stockholm","id":141}}}]