[{"sender":{"country":"se","medals":[24,16,17,17,24,24,24,24,27,79,7,24,28,17,116,47,15,4,77,117,24,89,126,22,110,24,57],"zones":[94218,11407,109077,109076,109078,30871,109080,139042,26529,152353,21541,25382,25384,44715,25387,119220,92343,8374,8378,167742,8382,139581,154947,29253,136519,56775,7367,29255,7369,29258,29260,78286,78293,179799,278620,91996,115427,115429,115428,202347,76649,76648,76651,76650,76653,179823,29294,76655,76654,76657,8304,76656,8305,29299,21492,29302,248,29307,9597,254,9598,141565],"pointsPerHour":233,"points":104837,"blocktime":23,"taken":65860,"name":"alligatorn","totalPoints":10999419,"rank":55,"id":26497,"place":137,"uniqueZonesTaken":1252,"region":{"name":"Stockholm","id":141}},"time":"2021-09-14T12:43:27+0000","message":"gäss😍","region":{"name":"Stockholm","id":141},"type":"chat"},{"medal":127,"time":"2021-09-14T12:42:52+0000","type":"medal","user":{"country":"se","medals":[67,24,16,24,27,24,70,4,24,77,17,24,79,24,30,57,17,116,24,117,91,25,72,83,47,21,24,76,17,24,24,24,108,24,123,126,74,125,26,40,24,24,17,127],"zones":[7392,451,10918,7399,17168,232978,17170,17171,26675,26676,115893,26677],"pointsPerHour":0,"points":25889,"blocktime":22,"taken":21674,"name":"Gusi","totalPoints":5123830,"rank":50,"id":26240,"place":6913,"uniqueZonesTaken":6716,"region":{"name":"Västra Götaland","id":132}}},{"sender":{"country":"se","medals":[42,17,16,17,79,7,24,17,116,47,27,56,4,77,117,28,109,24,126,22,88,24,15,5],"zones":[152354,141568,24068,429410,44711,44712,44713,61609,134958,155348,109079,8377,8379,278618],"pointsPerHour":53,"points":53739,"blocktime":23,"taken":46635,"name":"krokodilen","totalPoints":8069476,"rank":54,"id":45356,"place":487,"uniqueZonesTaken":1009,"region":{"name":"Stockholm","id":141}},"time":"2021-09-14T12:42:48+0000","message":"alligatorn på väg 😊","region":{"name":"Stockholm","id":141},"type":"chat"},{"medal":84,"time":"2021-09-14T12:42:28+0000","type":"medal","user":{"country":"se","medals":[84],"zones":[11361,26212,12329,33743],"pointsPerHour":0,"points":449,"blocktime":10,"taken":5,"name":"valerievera","totalPoints":449,"rank":2,"id":342087,"place":6913,"uniqueZonesTaken":5,"region":{"name":"Skåne","id":135}}},{"medal":90,"time":"2021-09-14T12:41:45+0000","type":"medal","user":{"country":"se","medals":[93,80,85,90],"zones":[51585,1362,598,15529,31882,28189,27853],"pointsPerHour":0,"points":914,"blocktime":10,"taken":10,"name":"drsWideOpen","totalPoints":914,"rank":3,"id":342092,"place":6912,"uniqueZonesTaken":10,"region":{"name":"Skåne","id":135}}},{"medal":85,"time":"2021-09-14T12:41:45+0000","type":"medal","user":{"country":"se","medals":[93,80,85,90],"zones":[51585,1362,598,15529,31882,28189,27853],"pointsPerHour":0,"points":914,"blocktime":10,"taken":10,"name":"drsWideOpen","totalPoints":914,"rank":3,"id":342092,"place":6912,"uniqueZonesTaken":10,"region":{"name":"Skåne","id":135}}},{"medal":84,"time":"2021-09-14T12:40:38+0000","type":"medal","user":{"country":"se","medals":[84],"zones":[45714,18038,23995],"pointsPerHour":0,"points":602,"blocktime":10,"taken":5,"name":"Hubbe2","totalPoints":602,"rank":2,"id":341788,"place":6911,"uniqueZonesTaken":4,"region":{"name":"Kalmar","id":137}}},{"sender":{"country":"se","medals":[100,97,12,10,54,6,35],"zones":[42736,1266,8099,8100,8101,155461,8103,154042,159416,109502],"pointsPerHour":42,"points":19832,"blocktime":18,"taken":2843,"name":"magnefikdoja","totalPoints":506647,"rank":33,"id":291803,"place":1421,"uniqueZonesTaken":234,"region":{"name":"Jämtland","id":128}},"time":"2021-09-14T12:39:37+0000","message":"räknas de nya medaljerna från den 5 eller den 6 september?jag har tagit minst 8 Turfar varje dag har inte fått någon medalj idag","region":{"name":"Jämtland","id":128},"type":"chat"},{"medal":10,"time":"2021-09-14T12:39:31+0000","type":"medal","user":{"country":"se","medals":[94,78,11,52,42,10],"zones":[1317,92039,360,361,221165,80816,433,105298,62134,128662,117272,11451,11452,11453,76636,14143],"pointsPerHour":0,"points":9370,"blocktime":13,"taken":264,"name":"Vildhav","totalPoints":37567,"rank":14,"id":336593,"place":6911,"uniqueZonesTaken":98,"region":{"name":"Västra Götaland","id":132}}},{"medal":10,"time":"2021-09-14T12:39:01+0000","type":"medal","user":{"country":"se","medals":[80,85,10],"zones":[25024,31889,90773,15529,1006,33742],"pointsPerHour":0,"points":900,"blocktime":10,"taken":10,"name":"Valterkingen","totalPoints":900,"rank":3,"id":342091,"place":6911,"uniqueZonesTaken":10,"region":{"name":"Skåne","id":135}}},{"medal":85,"time":"2021-09-14T12:39:01+0000","type":"medal","user":{"country":"se","medals":[80,85,10],"zones":[25024,31889,90773,15529,1006,33742],"pointsPerHour":0,"points":900,"blocktime":10,"taken":10,"name":"Valterkingen","totalPoints":900,"rank":3,"id":342091,"place":6911,"uniqueZonesTaken":10,"region":{"name":"Skåne","id":135}}},{"medal":84,"time":"2021-09-14T12:38:37+0000","type":"medal","user":{"country":"se","medals":[84],"zones":[139396,355180,135784,1403],"pointsPerHour":0,"points":523,"blocktime":10,"taken":5,"name":"ElielSamuel","totalPoints":523,"rank":2,"id":342088,"place":0,"uniqueZonesTaken":5,"region":{"name":"Skåne","id":135}}},{"medal":127,"time":"2021-09-14T12:38:06+0000","type":"medal","user":{"country":"se","medals":[51,12,93,6,38,101,127],"zones":[118711,22217,250,208744,115084],"pointsPerHour":0,"points":12663,"blocktime":20,"taken":11160,"name":"Cinderella","totalPoints":1486882,"rank":40,"id":143885,"place":6911,"uniqueZonesTaken":237,"region":{"name":"Stockholm","id":141}}}]