[{"sender":{"country":"fi","medals":[16,27,69,68,69,68,67,56,70,48,5,4,71,7,77,72,64,62,114,126,41,14,106,127],"zones":[85571,96133,228107,62537,34128,139474,7187,34131,7192,42328,15583,39842,29219,177702,14760,38248,33837,32175,62386,46837,62390,141044,38334,38335,12479],"pointsPerHour":201,"points":115787,"blocktime":21,"taken":25959,"name":"mooler","totalPoints":3409205,"rank":46,"id":67496,"place":146,"uniqueZonesTaken":507,"region":{"name":"Åland","id":177}},"time":"2021-09-15T15:11:33+0000","message":"Autumnman: lusse?","region":{"name":"Åland","id":177},"type":"chat"},{"medal":31,"time":"2021-09-15T15:09:35+0000","type":"medal","user":{"country":"se","medals":[51,92,31],"zones":[11842,139044,47063,44840,154202,47065,46874,359561,33805,96223,33807],"pointsPerHour":0,"points":5500,"blocktime":11,"taken":25,"name":"Thiaz","totalPoints":5500,"rank":7,"id":341369,"place":6629,"uniqueZonesTaken":21,"region":{"name":"Jönköping","id":133}}},{"sender":{"country":"se","medals":[5,4,57,22,16,67,10,47,34,70,7,15,79,93,124,127],"zones":[],"pointsPerHour":0,"points":30546,"blocktime":17,"taken":1781,"name":"Mimikryp","totalPoints":351170,"rank":31,"id":31546,"place":1062,"uniqueZonesTaken":1190,"region":{"name":"Stockholm","id":141}},"time":"2021-09-15T15:05:55+0000","message":"JimmyAIK: Ja, några stycken. 🙂 Men nu har jag inte en enda. 😒 Jag har inte haft så mycket tid att turfa idag. 🙁","region":{"name":"Stockholm","id":141},"type":"chat"}]