[{"medal":102,"time":"2021-09-15T16:40:43+0000","type":"medal","user":{"country":"se","medals":[7,22,16,79,10,77,55,47,14,126,94,122,38,97,102],"zones":[349265,7445,29382,29383,29384,29386,210808,29388,9421,154333],"pointsPerHour":0,"points":39257,"blocktime":20,"taken":12107,"name":"becks86","totalPoints":1788450,"rank":42,"id":117843,"place":7286,"uniqueZonesTaken":839,"region":{"name":"Östergötland","id":139}}},{"medal":97,"time":"2021-09-15T16:40:43+0000","type":"medal","user":{"country":"se","medals":[5,67,47,79,56,13,100,122,16,94,35,28,6,97],"zones":[54211,582,165765,78630,56744,78632,21392,80277,31990,80278,31991,31992,31993,56634,31995],"pointsPerHour":0,"points":85869,"blocktime":18,"taken":4155,"name":"Ute&cyklar","totalPoints":678537,"rank":35,"id":326415,"place":7286,"uniqueZonesTaken":459,"region":{"name":"Östergötland","id":139}}},{"medal":13,"time":"2021-09-15T16:38:38+0000","type":"medal","user":{"country":"se","medals":[94,51,42,6,103,13],"zones":[198,156],"pointsPerHour":0,"points":3859,"blocktime":14,"taken":463,"name":"tappatrodret","totalPoints":76596,"rank":18,"id":329714,"place":7285,"uniqueZonesTaken":250,"region":{"name":"Stockholm","id":141}}},{"sender":{"country":"se","medals":[28,47,5,34,13,55,16,96,102,127],"zones":[],"pointsPerHour":0,"points":88045,"blocktime":17,"taken":2226,"name":"novan","totalPoints":307021,"rank":30,"id":210843,"place":273,"uniqueZonesTaken":338,"region":{"name":"Västmanland","id":143}},"time":"2021-09-15T16:38:00+0000","message":"JDB Hejja vad du kör!! :)","region":{"name":"Västmanland","id":143},"type":"chat"},{"medal":31,"time":"2021-09-15T16:35:51+0000","type":"medal","user":{"country":"se","medals":[51,92,31],"zones":[179163,203932],"pointsPerHour":0,"points":8687,"blocktime":12,"taken":25,"name":"teamborgen","totalPoints":11382,"rank":8,"id":338207,"place":7285,"uniqueZonesTaken":19,"region":{"name":"Västra Götaland","id":132}}}]