[{"sender":{"country":"se","medals":[70,67,77,16,83,79,72,75,68,24,17,116,15,22,68,4,66,59,107,89,126,124,127],"zones":[704,281824,709,17736,2249,62698,9676,492,6157,408427,17552,19697,26162,31765,224539,79288,115962,93148,115964],"pointsPerHour":129,"points":118631,"blocktime":23,"taken":67702,"name":"CRUSAIDER","totalPoints":9620796,"rank":55,"id":168025,"place":116,"uniqueZonesTaken":2119,"region":{"name":"Västmanland","id":143}},"time":"2021-09-15T04:45:08+0000","message":"Gusmasen:👍heja","region":{"name":"Västmanland","id":143},"type":"chat"},{"medal":127,"time":"2021-09-15T04:41:35+0000","type":"medal","user":{"country":"se","medals":[10,71,55,47,12,33,6,93,100,127],"zones":[180674,30918,200392,11899,11901,47006,432169],"pointsPerHour":0,"points":13108,"blocktime":15,"taken":983,"name":"SojaKorven","totalPoints":137520,"rank":22,"id":164991,"place":6966,"uniqueZonesTaken":237,"region":{"name":"Uppsala","id":142}}},{"sender":{"country":"se","medals":[24,22,67,28,17,4,24,24,24,16,7,24,24,14,79,48,24,17,5,57,24,105,41,95,127],"zones":[711,490,10922,2252,7756,92239,29167,80112,29169,97298,14869,14870,13622,15959,14873,139261],"pointsPerHour":117,"points":105379,"blocktime":21,"taken":29418,"name":"Frökenbok","totalPoints":3583945,"rank":47,"id":45345,"place":165,"uniqueZonesTaken":649,"region":{"name":"Västmanland","id":143}},"time":"2021-09-15T03:30:08+0000","message":"Popet: 😻","region":{"name":"Västmanland","id":143},"type":"chat"}]