[{"medal":84,"time":"2021-09-14T12:33:03+0000","type":"medal","user":{"country":"se","medals":[93,84],"zones":[51585,139396,1403,28189,27853],"pointsPerHour":0,"points":574,"blocktime":10,"taken":6,"name":"drsWideOpen","totalPoints":574,"rank":2,"id":342092,"place":6910,"uniqueZonesTaken":6,"region":{"name":"Skåne","id":135}}},{"medal":93,"time":"2021-09-14T12:31:39+0000","type":"medal","user":{"country":"se","medals":[93],"zones":[51585,139396,1403,28189],"pointsPerHour":0,"points":491,"blocktime":10,"taken":5,"name":"drsWideOpen","totalPoints":491,"rank":2,"id":342092,"place":6910,"uniqueZonesTaken":5,"region":{"name":"Skåne","id":135}}},{"medal":31,"time":"2021-09-14T12:30:52+0000","type":"medal","user":{"country":"se","medals":[93,31],"zones":[44793,44794,44797],"pointsPerHour":0,"points":3184,"blocktime":11,"taken":25,"name":"AlphaEmil","totalPoints":3184,"rank":5,"id":340961,"place":6910,"uniqueZonesTaken":7,"region":{"name":"Uppsala","id":142}}},{"sender":{"country":"se","medals":[16,5,9,17,6,56,48,14,4,67,24,93,24,95,38,72,103,79,123,127],"zones":[704,11397,44294,9676,5581,139405,31954,144401,92116,7257,62303,24225,109474,281831,550,486,491,281832,22770,18679,64119,150650,505,37241,62010,701,703],"pointsPerHour":191,"points":133937,"blocktime":20,"taken":11025,"name":"JDB","totalPoints":1361882,"rank":40,"id":33369,"place":68,"uniqueZonesTaken":874,"region":{"name":"Västmanland","id":143}},"time":"2021-09-14T12:30:47+0000","message":"BirgittaS: 🤠","region":{"name":"Västmanland","id":143},"type":"chat"},{"medal":127,"time":"2021-09-14T12:30:23+0000","type":"medal","user":{"country":"se","medals":[16,54,97,6,77,47,34,28,13,105,127],"zones":[89249,25988,92089,50648],"pointsPerHour":0,"points":15772,"blocktime":17,"taken":1668,"name":"MisterC","totalPoints":261855,"rank":28,"id":311227,"place":6910,"uniqueZonesTaken":287,"region":{"name":"Kalmar","id":137}}},{"medal":12,"time":"2021-09-14T12:28:52+0000","type":"medal","user":{"country":"se","medals":[6,51,32,94,102,46,21,12],"zones":[360935,224058],"pointsPerHour":0,"points":1486,"blocktime":13,"taken":181,"name":"bjdriver","totalPoints":38953,"rank":14,"id":267678,"place":6908,"uniqueZonesTaken":100,"region":{"name":"Skåne","id":135}}},{"medal":127,"time":"2021-09-14T12:28:16+0000","type":"medal","user":{"country":"se","medals":[95,22,57,66,70,15,122,24,79,107,126,39,28,4,47,127],"zones":[23553,5411,46357,1734,11496,43371],"pointsPerHour":0,"points":34029,"blocktime":21,"taken":16224,"name":"superkont","totalPoints":3342579,"rank":46,"id":215040,"place":6908,"uniqueZonesTaken":2088,"region":{"name":"Västerbotten","id":127}}}]