[{"medal":80,"time":"2021-11-02T12:47:36+0000","type":"medal","user":{"country":"se","medals":[6,94,85,80,92],"zones":[3297,179126,1543,20489,24394],"pointsPerHour":0,"points":1614,"blocktime":720,"taken":24,"name":"borssie","totalPoints":9805,"rank":8,"id":128014,"place":8297,"uniqueZonesTaken":15,"region":{"name":"Västra Götaland","id":132}}},{"medal":92,"time":"2021-11-02T12:47:36+0000","type":"medal","user":{"country":"se","medals":[6,94,85,80,92],"zones":[3297,179126,1543,20489,24394],"pointsPerHour":0,"points":1614,"blocktime":720,"taken":24,"name":"borssie","totalPoints":9805,"rank":8,"id":128014,"place":8297,"uniqueZonesTaken":15,"region":{"name":"Västra Götaland","id":132}}},{"medal":53,"time":"2021-11-02T12:46:51+0000","type":"medal","user":{"country":"se","medals":[93,33,12,127,78,53],"zones":[1344,431311,95051,358155,208844,7377,11474,11475,105298,7382,117272,62174,350,1118,396773,1317,29741,29742,815,14128,235699,14129,1009,372,62134,11451,11452,11453,446,21502],"pointsPerHour":0,"points":58799,"blocktime":960,"taken":861,"name":"gogubben","totalPoints":178510,"rank":24,"id":320630,"place":8297,"uniqueZonesTaken":126,"region":{"name":"Västra Götaland","id":132}}},{"medal":84,"time":"2021-11-02T12:43:06+0000","type":"medal","user":{"country":"se","medals":[93,84],"zones":[13504,37079,1415,217],"pointsPerHour":0,"points":535,"blocktime":630,"taken":6,"name":"loolo","totalPoints":535,"rank":2,"id":351389,"place":8297,"uniqueZonesTaken":6,"region":{"name":"Stockholm","id":141}}}]