[{"sender":{"country":"se","medals":[72,77,123,58,70,83,67,21,16,126,68,4,97,75,105,27,117,79,68,15,66,39,128],"zones":[],"pointsPerHour":0,"points":44476,"blocktime":1290,"taken":16097,"name":"Hdaskydrone","totalPoints":3141756,"rank":46,"id":262563,"place":1726,"uniqueZonesTaken":1465,"region":{"name":"Dalarna","id":129}},"time":"2021-11-01T17:21:18+0000","message":"AlphaCMa: Du har ju 14 av snickaren zoo att ta..","region":{"name":"Dalarna","id":129},"type":"chat"},{"medal":34,"time":"2021-11-01T17:15:40+0000","type":"medal","user":{"country":"uk","medals":[79,77,98,16,46,55,13,122,34],"zones":[430758,15392,349220,13032,14633,318057,47504,15377,18962,381719,14644,14933,13178,15387,16989],"pointsPerHour":0,"points":36015,"blocktime":990,"taken":1000,"name":"EsocNora","totalPoints":215731,"rank":26,"id":335082,"place":8265,"uniqueZonesTaken":336,"region":{"name":"Scotland","id":200}}}]