[{"medal":92,"time":"2021-11-02T14:46:19+0000","type":"medal","user":{"country":"se","medals":[93,85,80,92],"zones":[203682,203681,5443,228135,224069,220379,176248,119355,232974],"pointsPerHour":0,"points":2770,"blocktime":675,"taken":16,"name":"Leviz","totalPoints":2770,"rank":5,"id":350936,"place":8307,"uniqueZonesTaken":15,"region":{"name":"Södermanland","id":140}}},{"medal":32,"time":"2021-11-02T14:45:45+0000","type":"medal","user":{"country":"se","medals":[80,95,102,11,32],"zones":[42944],"pointsPerHour":0,"points":16887,"blocktime":765,"taken":124,"name":"Lights","totalPoints":20765,"rank":11,"id":346629,"place":8307,"uniqueZonesTaken":55,"region":{"name":"Dalarna","id":129}}},{"medal":11,"time":"2021-11-02T14:44:20+0000","type":"medal","user":{"country":"se","medals":[80,86,94,101,11],"zones":[91722,37532],"pointsPerHour":0,"points":3891,"blocktime":750,"taken":91,"name":"KingB","totalPoints":15394,"rank":10,"id":331307,"place":8307,"uniqueZonesTaken":50,"region":{"name":"Stockholm","id":141}}},{"medal":101,"time":"2021-11-02T14:41:58+0000","type":"medal","user":{"country":"se","medals":[93,92,51,32,101],"zones":[55648,94963,34712,60217],"pointsPerHour":0,"points":17183,"blocktime":750,"taken":110,"name":"MormorBjo","totalPoints":17183,"rank":10,"id":350561,"place":8307,"uniqueZonesTaken":35,"region":{"name":"Kalmar","id":137}}}]