[{"sender":{"country":"se","medals":[16,4,79,24,17,116,67,57,70,24,24,24,5,77,24,117,21,124,108,28,126,48,74,24,24,66,41,17,24,128],"zones":[25346,22211,37100,230316,121713,35987,3091,91861,37112,91961,36889,224024,115260,23646],"pointsPerHour":31,"points":80052,"blocktime":1350,"taken":27378,"name":"Anniña","totalPoints":5001761,"rank":50,"id":207433,"place":1010,"uniqueZonesTaken":6440,"region":{"name":"Stockholm","id":141}},"time":"2021-11-01T17:09:24+0000","message":"Gaborize: tack","region":{"name":"Stockholm","id":141},"type":"chat"},{"sender":{"country":"se","medals":[79,16,22,77,24,99,15,124,126,57,75,72,24,38,83,6,108,128],"zones":[337,37746,91986,11381,24054,94537,114537,33131,332,37117,31919],"pointsPerHour":44,"points":91276,"blocktime":1245,"taken":14010,"name":"Gaborize","totalPoints":2236344,"rank":43,"id":256606,"place":868,"uniqueZonesTaken":1852,"region":{"name":"Stockholm","id":141}},"time":"2021-11-01T17:09:12+0000","message":"Anniña: ingen fara��","region":{"name":"Stockholm","id":141},"type":"chat"},{"sender":{"country":"se","medals":[16,4,79,24,17,116,67,57,70,24,24,24,5,77,24,117,21,124,108,28,126,48,74,24,24,66,41,17,24,128],"zones":[25346,22211,37100,230316,121713,35987,3091,91861,37112,91961,36889,224024,115260,23646],"pointsPerHour":31,"points":80051,"blocktime":1350,"taken":27378,"name":"Anniña","totalPoints":5001760,"rank":50,"id":207433,"place":1010,"uniqueZonesTaken":6440,"region":{"name":"Stockholm","id":141}},"time":"2021-11-01T17:07:57+0000","message":"Gaborize: se ovan. sorry","region":{"name":"Stockholm","id":141},"type":"chat"},{"sender":{"country":"se","medals":[16,4,79,24,17,116,67,57,70,24,24,24,5,77,24,117,21,124,108,28,126,48,74,24,24,66,41,17,24,128],"zones":[25346,22211,37100,230316,121713,35987,3091,91861,37112,91961,36889,224024,115260,23646],"pointsPerHour":31,"points":80050,"blocktime":1350,"taken":27378,"name":"Anniña","totalPoints":5001759,"rank":50,"id":207433,"place":1010,"uniqueZonesTaken":6440,"region":{"name":"Stockholm","id":141}},"time":"2021-11-01T17:06:06+0000","message":"Goborize: förlåt är ute o plockar unika så kommer gå svans på dig.","region":{"name":"Stockholm","id":141},"type":"chat"}]