[{"medal":85,"time":"2021-11-01T09:19:50+0000","type":"medal","user":{"country":"se","medals":[85],"zones":[155650,152566,94191,154844],"pointsPerHour":0,"points":1905,"blocktime":675,"taken":10,"name":"BlackPuma","totalPoints":1905,"rank":5,"id":351266,"place":8224,"uniqueZonesTaken":6,"region":{"name":"Uppsala","id":142}}},{"medal":84,"time":"2021-11-01T09:19:22+0000","type":"medal","user":{"country":"se","medals":[93,84],"zones":[7713,7317,1100],"pointsPerHour":0,"points":661,"blocktime":630,"taken":7,"name":"ärtan2.0","totalPoints":661,"rank":2,"id":351331,"place":8223,"uniqueZonesTaken":7,"region":{"name":"Stockholm","id":141}}},{"medal":31,"time":"2021-11-01T09:18:43+0000","type":"medal","user":{"country":"gb","medals":[51,92,31],"zones":[319376,352819,316636,324588],"pointsPerHour":0,"points":9100,"blocktime":720,"taken":25,"name":"akirchin","totalPoints":9100,"rank":8,"id":349593,"place":8222,"uniqueZonesTaken":18,"region":{"name":"Scotland","id":200}}},{"medal":128,"time":"2021-11-01T09:13:05+0000","type":"medal","user":{"country":"se","medals":[95,79,77,6,13,90,107,38,53,46,128],"zones":[1350,136373,46314,28395,21454],"pointsPerHour":0,"points":62872,"blocktime":1230,"taken":13718,"name":"Ember","totalPoints":1956878,"rank":42,"id":200223,"place":8221,"uniqueZonesTaken":325,"region":{"name":"Västra Götaland","id":132}}}]