[{"medal":128,"time":"2021-11-01T12:35:53+0000","type":"medal","user":{"country":"se","medals":[22,16,70,24,4,5,6,77,14,107,24,36,24,99,126,48,72,122,79,57,128],"zones":[135747,46530,57731,2437,9765,114951,2439,114953,114955,204649,8944,178387,6994,240816,93781,240822,418716,428858,193278,64701],"pointsPerHour":0,"points":217896,"blocktime":1155,"taken":6836,"name":"MoiRune","totalPoints":946454,"rank":37,"id":202527,"place":8247,"uniqueZonesTaken":766,"region":{"name":"Västerbotten","id":127}}},{"medal":127,"time":"2021-11-01T12:35:19+0000","type":"medal","user":{"country":"se","medals":[67,28,48,68,16,100,94,13,70,83,117,4,79,57,27,126,66,88,127],"zones":[3202,98147,22771,17940,202404,62009,176201,31068,44111],"pointsPerHour":0,"points":103033,"blocktime":1395,"taken":40623,"name":"CBD416","totalPoints":7311929,"rank":53,"id":82266,"place":8247,"uniqueZonesTaken":375,"region":{"name":"Västmanland","id":143}}},{"medal":90,"time":"2021-11-01T12:33:15+0000","type":"medal","user":{"country":"se","medals":[93,92,51,78,86,90],"zones":[465845,22194,139073,296903,12243,12245,12246,139401,138526,37438],"pointsPerHour":0,"points":8662,"blocktime":720,"taken":72,"name":"wongback","totalPoints":8778,"rank":8,"id":348098,"place":8246,"uniqueZonesTaken":34,"region":{"name":"Stockholm","id":141}}},{"sender":{"country":"se","medals":[28,5,7,16,46,14,55,35,4,71,94,127],"zones":[22160,114691,97787],"pointsPerHour":6,"points":35142,"blocktime":1155,"taken":3928,"name":"vonscheele","totalPoints":916842,"rank":37,"id":8799,"place":2020,"uniqueZonesTaken":840,"region":{"name":"Östergötland","id":139}},"time":"2021-11-01T12:32:59+0000","message":"Oh, jag har visst jubileum idag! 🥳","region":{"name":"Östergötland","id":139},"type":"chat"},{"medal":92,"time":"2021-11-01T12:30:57+0000","type":"medal","user":{"country":"se","medals":[51,85,92],"zones":[296114,57687,57688,139272,114186,32332],"pointsPerHour":0,"points":3216,"blocktime":675,"taken":17,"name":"Bergslufsaren","totalPoints":3216,"rank":5,"id":351303,"place":8245,"uniqueZonesTaken":15,"region":{"name":"Östergötland","id":139}}}]