[{"medal":85,"time":"2021-09-22T14:39:33+0000","type":"medal","user":{"country":"fi","medals":[96,100,85],"zones":[246693,155893],"pointsPerHour":0,"points":1270,"blocktime":660,"taken":10,"name":"bubis","totalPoints":1270,"rank":4,"id":345135,"place":8536,"uniqueZonesTaken":7,"region":{"name":"Åland","id":177}}},{"medal":127,"time":"2021-09-22T14:39:21+0000","type":"medal","user":{"country":"se","medals":[67,28,16,79,36,46,14,93,122,57,91,127],"zones":[230659,94976,430784,219396,63048,12233,278541,84552,11785,47948,96140,47951,52497,2784,27104,2786,327974,110501,33829,33830,33831,33832,62312,198700,355317,111794,410800,155067,143544,47741,155069,15807],"pointsPerHour":0,"points":58968,"blocktime":1245,"taken":7011,"name":"Roeders","totalPoints":2068824,"rank":43,"id":41106,"place":8536,"uniqueZonesTaken":771,"region":{"name":"Jönköping","id":133}}},{"sender":{"country":"se","medals":[67,5,22,16,93,28,47,79,7,56,4,14,40,103,127],"zones":[139106,139104,28386,24898,22822,22823,55688,25003,461,45910,14652,233692],"pointsPerHour":40,"points":33184,"blocktime":1320,"taken":24304,"name":"Livorno","totalPoints":4296802,"rank":48,"id":165719,"place":1520,"uniqueZonesTaken":657,"region":{"name":"Västra Götaland","id":132}},"time":"2021-09-22T14:38:58+0000","message":"Megaman53: Bra Motion du fick😉","region":{"name":"Västra Götaland","id":132},"type":"chat"},{"medal":85,"time":"2021-09-22T14:37:03+0000","type":"medal","user":{"country":"se","medals":[80,85],"zones":[33175,359,1065,990,190317],"pointsPerHour":0,"points":1596,"blocktime":660,"taken":10,"name":"RogerGab","totalPoints":1596,"rank":4,"id":344676,"place":8536,"uniqueZonesTaken":9,"region":{"name":"Västernorrland","id":145}}},{"medal":127,"time":"2021-09-22T14:35:26+0000","type":"medal","user":{"country":"se","medals":[78,47,95,28,16,57,5,7,70,14,4,117,104,122,38,126,24,77,127],"zones":[37568,1073,37571,150166,21417,43177,24045,37567],"pointsPerHour":0,"points":33224,"blocktime":1260,"taken":14789,"name":"Vilse!","totalPoints":2588065,"rank":44,"id":200010,"place":8536,"uniqueZonesTaken":823,"region":{"name":"Stockholm","id":141}}}]