[{"medal":127,"time":"2021-09-21T17:18:54+0000","type":"medal","user":{"country":"de","medals":[16,11,55,117,90,93,100,68,34,127],"zones":[381568,394723,393996,393994,413451,387691,392458,430902,382358,429202,404316,381567,430908,408825],"pointsPerHour":0,"points":44739,"blocktime":1065,"taken":1292,"name":"Goldesel","totalPoints":394061,"rank":31,"id":314272,"place":0,"uniqueZonesTaken":98,"region":{"name":"Niedersachsen","id":444}}},{"sender":{"country":"se","medals":[70,67,77,16,83,79,72,75,68,24,17,116,15,22,68,4,66,59,107,89,126,124,127],"zones":[79393,19697,413197],"pointsPerHour":18,"points":177999,"blocktime":1425,"taken":68174,"name":"CRUSAIDER","totalPoints":9680164,"rank":55,"id":168025,"place":146,"uniqueZonesTaken":2121,"region":{"name":"Västmanland","id":143}},"time":"2021-09-21T17:17:49+0000","message":"novan: heja heja","region":{"name":"Västmanland","id":143},"type":"chat"},{"medal":12,"time":"2021-09-21T17:17:09+0000","type":"medal","user":{"country":"se","medals":[93,100,54,33,10,12],"zones":[1748,95540,114932,20550,153945,33756,180556],"pointsPerHour":0,"points":28137,"blocktime":960,"taken":833,"name":"a1t1","totalPoints":167360,"rank":24,"id":329772,"place":8243,"uniqueZonesTaken":100,"region":{"name":"Skåne","id":135}}},{"sender":{"country":"uk","medals":[16,67,27,22,79,5,48,59,77,14,28,38,123,96,102],"zones":[321524,321525,321542,321526,365776,365523,374002,418890,418889],"pointsPerHour":15,"points":203514,"blocktime":1305,"taken":13562,"name":"CardiffGreenC","totalPoints":3675958,"rank":47,"id":302121,"place":91,"uniqueZonesTaken":756,"region":{"name":"Scotland","id":200}},"time":"2021-09-21T17:16:00+0000","message":"Drylaw13: Might have to...managed to take 5 Haddington zones from you...took about an hour though😀","region":{"name":"Scotland","id":200},"type":"chat"},{"medal":85,"time":"2021-09-21T17:14:43+0000","type":"medal","user":{"country":"se","medals":[80,85],"zones":[22499,22500,22502,30094],"pointsPerHour":0,"points":1955,"blocktime":675,"taken":10,"name":"hotdogdragon","totalPoints":1955,"rank":5,"id":343868,"place":8243,"uniqueZonesTaken":9,"region":{"name":"Örebro","id":131}}},{"medal":93,"time":"2021-09-21T17:14:43+0000","type":"medal","user":{"country":"se","medals":[80,85,93],"zones":[110739,30095],"pointsPerHour":0,"points":1723,"blocktime":660,"taken":12,"name":"LasseS!","totalPoints":1723,"rank":4,"id":343821,"place":8243,"uniqueZonesTaken":12,"region":{"name":"Örebro","id":131}}},{"medal":93,"time":"2021-09-21T17:10:39+0000","type":"medal","user":{"country":"se","medals":[80,85,93],"zones":[],"pointsPerHour":0,"points":1016,"blocktime":660,"taken":11,"name":"TurfHunter2000","totalPoints":1701,"rank":4,"id":244678,"place":0,"uniqueZonesTaken":9,"region":{"name":"Västra Götaland","id":132}}},{"medal":42,"time":"2021-09-21T17:10:39+0000","type":"medal","user":{"country":"se","medals":[92,93,51,42],"zones":[1747,28343,17929],"pointsPerHour":0,"points":11223,"blocktime":810,"taken":250,"name":"Mangolier","totalPoints":42263,"rank":14,"id":331032,"place":8241,"uniqueZonesTaken":41,"region":{"name":"Skåne","id":135}}}]