[{"medal":73,"time":"2023-01-16T17:28:07+0000","type":"medal","user":{"country":"se","medals":[67,5,46,4,28,53,45,16,26,91,77,30,14,22,79,95,107,127,73],"zones":[8546,8547,2563,33257,64681,684,860,477,94542],"pointsPerHour":0,"points":8395,"blocktime":22,"taken":30000,"name":"Lill-stina","totalPoints":4456450,"rank":48,"id":73476,"place":5622,"uniqueZonesTaken":847,"region":{"name":"Uppsala","id":142}}},{"medal":127,"time":"2023-01-16T17:23:31+0000","type":"medal","user":{"country":"se","medals":[92,86,52,127],"zones":[319171,80073,310573,80072,80075,7339,80074,105007,468727,95538,153940,514513,514512,23959,92217,1469,430331,25023],"pointsPerHour":0,"points":20776,"blocktime":12,"taken":86,"name":"Harran","totalPoints":20776,"rank":11,"id":384930,"place":5622,"uniqueZonesTaken":34,"region":{"name":"Skåne","id":135}}}]