[{"sender":{"country":"se","medals":[28,6,16,14,77,78,47,102,56,36,123,132,95],"zones":[4982],"pointsPerHour":7,"points":6800,"blocktime":19,"taken":5936,"name":"TeamGrim","totalPoints":1043486,"rank":38,"id":336584,"place":2957,"uniqueZonesTaken":961,"region":{"name":"Östergötland","id":139}},"time":"2023-01-17T06:36:34+0000","message":"Björke: sorry","region":{"name":"Östergötland","id":139},"type":"chat"},{"medal":85,"time":"2023-01-17T06:30:33+0000","type":"medal","user":{"country":"se","medals":[80,85],"zones":[11987],"pointsPerHour":0,"points":1175,"blocktime":10,"taken":10,"name":"Evam2e","totalPoints":1175,"rank":3,"id":385103,"place":5638,"uniqueZonesTaken":8,"region":{"name":"Stockholm","id":141}}}]