[{"sender":{"country":"se","medals":[67,5,16,22,70,77,24,7,27,17,28,79,57,47,117,15,98,122,126,108,88,131],"zones":[36722,9539,36723,2045,26191],"pointsPerHour":25,"points":25426,"blocktime":23,"taken":42305,"name":"cyklisteva","totalPoints":7035971,"rank":52,"id":144274,"place":1805,"uniqueZonesTaken":1242,"region":{"name":"Gävleborg","id":144}},"time":"2022-08-22T20:31:28+0000","message":"Sunshine!: Bara kul med en sån tuffing som du! Vi har nog aldrig haft nån som ligger på bronsplats i Sverigeligan förr! Nattpoängen är 👍","region":{"name":"Gävleborg","id":144},"type":"chat"},{"sender":{"country":"se","medals":[94,79,28,16,48,123,68,22,68,68,67,15,70,58,5,68,104,68,6,68,128,41],"zones":[8320,2880,448,961,8321,8322,428612,33028,3591,152521,432267,27470,62479,6095,3538,46802,62995,14483,429333,8276,519697,225433,17946,33179,604,481945,33182,228124,1444,17958,43880,2089,127594,136361,23598,93233,174961,36724,2036,43894,12088,12089,20922,2042,13627,9534,8319],"pointsPerHour":275,"points":53914,"blocktime":22,"taken":26488,"name":"Losthhh","totalPoints":5055485,"rank":50,"id":280108,"place":903,"uniqueZonesTaken":1237,"region":{"name":"Gävleborg","id":144}},"time":"2022-08-22T20:30:49+0000","message":"Sunshine!: Du gör allt rätt och det är fantastiskt att se dig kämpa! Fortsätt så och du kommer att nå ända längst upp i toppen!","region":{"name":"Gävleborg","id":144},"type":"chat"},{"sender":{"country":"se","medals":[93,51,79,100,67,33,11],"zones":[7358],"pointsPerHour":8,"points":7370,"blocktime":15,"taken":912,"name":"Tangen1970","totalPoints":114879,"rank":21,"id":285679,"place":3341,"uniqueZonesTaken":59,"region":{"name":"Stockholm","id":141}},"time":"2022-08-22T20:23:13+0000","message":"molex: starkt jobbat idag","region":{"name":"Stockholm","id":141},"type":"chat"}]