[{"medal":93,"time":"2022-08-22T10:53:52+0000","type":"medal","user":{"country":"se","medals":[93],"zones":[505],"pointsPerHour":0,"points":145,"blocktime":10,"taken":2,"name":"TBSlinnéa","totalPoints":145,"rank":0,"id":369685,"place":6684,"uniqueZonesTaken":2,"region":{"name":"Västmanland","id":143}}},{"medal":80,"time":"2022-08-22T10:50:25+0000","type":"medal","user":{"country":"se","medals":[93,84,80],"zones":[1317,117272,11451,11452,11453],"pointsPerHour":0,"points":442,"blocktime":10,"taken":6,"name":"Kexarna","totalPoints":442,"rank":2,"id":369651,"place":6682,"uniqueZonesTaken":5,"region":{"name":"Västra Götaland","id":132}}}]