[{"medal":86,"time":"2022-08-22T13:15:53+0000","type":"medal","user":{"country":"se","medals":[80,92,86],"zones":[8097,23612],"pointsPerHour":0,"points":764,"blocktime":12,"taken":50,"name":"Drakmakerskan","totalPoints":8499,"rank":8,"id":366590,"place":6741,"uniqueZonesTaken":30,"region":{"name":"Jämtland","id":128}}},{"medal":84,"time":"2022-08-22T13:15:11+0000","type":"medal","user":{"country":"se","medals":[84],"zones":[22338,569,139416],"pointsPerHour":0,"points":360,"blocktime":10,"taken":5,"name":"TBSTergel","totalPoints":360,"rank":1,"id":369755,"place":6741,"uniqueZonesTaken":5,"region":{"name":"Västmanland","id":143}}},{"medal":31,"time":"2022-08-22T13:10:32+0000","type":"medal","user":{"country":"se","medals":[51,92,31],"zones":[33809,27090,139046,96223],"pointsPerHour":0,"points":6076,"blocktime":11,"taken":25,"name":"Jeffovski","totalPoints":6076,"rank":7,"id":369207,"place":6741,"uniqueZonesTaken":23,"region":{"name":"Jönköping","id":133}}}]