[{"medal":12,"time":"2023-12-04T16:14:56+0000","type":"medal","user":{"country":"se","medals":[53,79,10,77,93,151,33,12],"zones":[1573],"pointsPerHour":0,"points":449,"blocktime":14,"taken":502,"name":"Aviaroc","totalPoints":77393,"rank":18,"id":261185,"place":3747,"uniqueZonesTaken":100,"region":{"name":"Uppsala","id":142}}},{"sender":{"country":"se","medals":[77,5,93,127,54,16,100,34,13,79,10],"zones":[28359,1592,22879],"pointsPerHour":11,"points":642,"blocktime":18,"taken":1582,"name":"Bärfiz","totalPoints":503815,"rank":33,"id":335544,"place":2368,"uniqueZonesTaken":312,"region":{"name":"Skåne","id":135}},"time":"2023-12-04T16:04:54+0000","message":"cillai: 👋","region":{"name":"Skåne","id":135},"type":"chat"}]