[{"medal":101,"time":"2023-12-04T12:42:07+0000","type":"medal","user":{"country":"se","medals":[84,93,92,101],"zones":[],"pointsPerHour":0,"points":5735,"blocktime":11,"taken":33,"name":"clock","totalPoints":7140,"rank":7,"id":416046,"place":3611,"uniqueZonesTaken":29,"region":{"name":"Örebro","id":131}}},{"medal":86,"time":"2023-12-04T12:33:31+0000","type":"medal","user":{"country":"se","medals":[93,92,101,51,86],"zones":[98017,154195,62339,11315,20947,178406,116708,20949,136366,180623,21485],"pointsPerHour":0,"points":3988,"blocktime":11,"taken":50,"name":"Klanghammare","totalPoints":7968,"rank":7,"id":416185,"place":3606,"uniqueZonesTaken":40,"region":{"name":"Västra Götaland","id":132}}}]