[{"zone":{"previousOwner":{"name":"tilverturf","id":166033},"dateCreated":"2012-05-03T22:59:23+0000","dateLastTaken":"2021-06-28T03:08:30+0000","latitude":59.863842,"currentOwner":{"name":"Bamse65","id":75652},"name":"TorkelZone","id":8547,"totalTakeovers":18559,"region":{"area":{"name":"Uppsala kommun","id":1977},"country":"se","name":"Uppsala","id":142},"pointsPerHour":8,"longitude":17.65348,"takeoverPoints":80},"latitude":59.863842,"currentOwner":{"name":"Bamse65","id":75652},"time":"2021-06-28T03:08:30+0000","type":"takeover","longitude":17.65348},{"zone":{"previousOwner":{"name":"DjedovaGora","id":197147},"dateCreated":"2011-02-09T15:54:16+0000","dateLastTaken":"2021-06-28T03:07:41+0000","latitude":59.375828,"currentOwner":{"name":"Pajje","id":283572},"name":"Dragonplane","id":1479,"totalTakeovers":13274,"region":{"area":{"name":"Sundbybergs kommun","id":1889},"country":"se","name":"Stockholm","id":141},"pointsPerHour":7,"longitude":17.939716,"takeoverPoints":95},"latitude":59.375828,"currentOwner":{"name":"Pajje","id":283572},"time":"2021-06-28T03:07:41+0000","type":"takeover","longitude":17.939716},{"zone":{"previousOwner":{"name":"Grongard","id":22871},"dateCreated":"2014-12-28T18:22:13+0000","dateLastTaken":"2021-06-28T03:07:39+0000","latitude":63.797114,"currentOwner":{"name":"MrBungle","id":44781},"name":"GiMoMahZone","id":43377,"totalTakeovers":9471,"region":{"area":{"name":"Umeå kommun","id":2064},"country":"se","name":"Västerbotten","id":127},"pointsPerHour":8,"longitude":20.311833,"takeoverPoints":80},"latitude":63.797114,"currentOwner":{"name":"MrBungle","id":44781},"time":"2021-06-28T03:07:39+0000","type":"takeover","longitude":20.311833},{"zone":{"previousOwner":{"name":"YotH","id":136726},"dateLastTaken":"2021-06-28T03:07:26+0000","latitude":60.098822,"totalTakeovers":8085,"type":{"name":"Winner Zone","id":6},"pointsPerHour":8,"takeoverPoints":80,"dateCreated":"2017-03-11T22:06:22+0000","currentOwner":{"name":"GrusiDojan","id":118132},"name":"RozalionPier","id":96133,"region":{"area":{"name":"Mariehamn","id":2176},"country":"fi","name":"Åland","id":177},"longitude":19.948023},"latitude":60.098822,"currentOwner":{"name":"GrusiDojan","id":118132},"time":"2021-06-28T03:07:26+0000","type":"takeover","longitude":19.948023},{"zone":{"previousOwner":{"name":"klabbeochjossa","id":72829},"dateCreated":"2015-02-17T06:00:00+0000","dateLastTaken":"2021-06-28T03:06:50+0000","latitude":59.33648,"currentOwner":{"name":"kyssen","id":212606},"name":"Medbacken","id":44816,"totalTakeovers":1433,"region":{"area":{"name":"Eskilstuna kommun","id":1848},"country":"se","name":"Södermanland","id":140},"pointsPerHour":3,"longitude":16.47952,"takeoverPoints":155},"latitude":59.33648,"currentOwner":{"name":"kyssen","id":212606},"time":"2021-06-28T03:06:50+0000","type":"takeover","longitude":16.47952},{"zone":{"previousOwner":{"name":"Clouds","id":335115},"dateLastTaken":"2021-06-28T03:06:16+0000","latitude":63.798807,"totalTakeovers":22092,"type":{"name":"Holy","id":9},"pointsPerHour":8,"takeoverPoints":80,"dateCreated":"2011-12-12T21:12:02+0000","currentOwner":{"name":"MrBungle","id":44781},"name":"CarlsChurch","id":5391,"region":{"area":{"name":"Umeå kommun","id":2064},"country":"se","name":"Västerbotten","id":127},"longitude":20.314689},"latitude":63.798807,"currentOwner":{"name":"MrBungle","id":44781},"time":"2021-06-28T03:06:16+0000","type":"takeover","longitude":20.314689},{"zone":{"previousOwner":{"name":"tilverturf","id":166033},"dateCreated":"2015-03-22T11:00:00+0000","dateLastTaken":"2021-06-28T03:05:14+0000","latitude":59.865391,"currentOwner":{"name":"Bamse65","id":75652},"name":"HejOchHallå","id":46892,"totalTakeovers":13240,"region":{"area":{"name":"Uppsala kommun","id":1977},"country":"se","name":"Uppsala","id":142},"pointsPerHour":8,"longitude":17.655059,"takeoverPoints":80},"latitude":59.865391,"currentOwner":{"name":"Bamse65","id":75652},"time":"2021-06-28T03:05:14+0000","type":"takeover","longitude":17.655059},{"zone":{"previousOwner":{"name":"Grongard","id":22871},"dateCreated":"2017-10-30T12:36:57+0000","dateLastTaken":"2021-06-28T03:05:04+0000","latitude":63.798313,"currentOwner":{"name":"MrBungle","id":44781},"name":"Marmorcykel","id":134401,"totalTakeovers":8017,"region":{"area":{"name":"Umeå kommun","id":2064},"country":"se","name":"Västerbotten","id":127},"pointsPerHour":8,"longitude":20.319998,"takeoverPoints":80},"latitude":63.798313,"currentOwner":{"name":"MrBungle","id":44781},"time":"2021-06-28T03:05:04+0000","type":"takeover","longitude":20.319998},{"zone":{"previousOwner":{"name":"klabbeochjossa","id":72829},"dateCreated":"2015-02-17T06:00:00+0000","dateLastTaken":"2021-06-28T03:04:42+0000","latitude":59.339119,"currentOwner":{"name":"kyssen","id":212606},"name":"EskilsInfo","id":44815,"totalTakeovers":3024,"region":{"area":{"name":"Eskilstuna kommun","id":1848},"country":"se","name":"Södermanland","id":140},"pointsPerHour":4,"longitude":16.484222,"takeoverPoints":140},"latitude":59.339119,"currentOwner":{"name":"kyssen","id":212606},"time":"2021-06-28T03:04:42+0000","type":"takeover","longitude":16.484222},{"zone":{"previousOwner":{"name":"DjedovaGora","id":197147},"dateCreated":"2017-06-06T10:00:00+0000","dateLastTaken":"2021-06-28T03:04:21+0000","latitude":59.377646,"currentOwner":{"name":"Pajje","id":283572},"name":"MjölnerTrappa","id":113833,"totalTakeovers":2101,"region":{"area":{"name":"Sundbybergs kommun","id":1889},"country":"se","name":"Stockholm","id":141},"pointsPerHour":4,"longitude":17.937875,"takeoverPoints":140},"latitude":59.377646,"currentOwner":{"name":"Pajje","id":283572},"time":"2021-06-28T03:04:21+0000","type":"takeover","longitude":17.937875},{"zone":{"previousOwner":{"name":"Chairman","id":30779},"dateCreated":"2017-07-26T20:16:00+0000","dateLastTaken":"2021-06-28T03:03:56+0000","latitude":59.640493,"currentOwner":{"name":"xerxes99","id":325857},"name":"Gusselby","id":115198,"totalTakeovers":153,"region":{"area":{"name":"Lindesbergs kommun","id":1817},"country":"se","name":"Örebro","id":131},"pointsPerHour":2,"longitude":15.22388,"takeoverPoints":170},"latitude":59.640493,"currentOwner":{"name":"xerxes99","id":325857},"time":"2021-06-28T03:03:56+0000","type":"takeover","longitude":15.22388},{"zone":{"previousOwner":{"name":"Krockodrillo","id":55582},"dateCreated":"2014-01-14T12:00:00+0000","dateLastTaken":"2021-06-28T03:03:24+0000","latitude":59.331107,"currentOwner":{"name":".Y.","id":74646},"name":"RosendalUnder","id":24867,"totalTakeovers":8305,"region":{"area":{"name":"Karlskoga kommun","id":1818},"country":"se","name":"Örebro","id":131},"pointsPerHour":6,"longitude":14.549587,"takeoverPoints":110},"latitude":59.331107,"currentOwner":{"name":".Y.","id":74646},"time":"2021-06-28T03:03:24+0000","type":"takeover","longitude":14.549587}]