[{"zone":{"previousOwner":{"name":"Promenada","id":17576},"dateCreated":"2015-12-24T14:00:00+0000","dateLastTaken":"2021-06-29T20:17:17+0000","latitude":65.103001,"currentOwner":{"name":"Dusty","id":7188},"name":"MellanSjöar","id":62158,"totalTakeovers":506,"region":{"area":{"name":"Storumans kommun","id":2066},"country":"se","name":"Västerbotten","id":127},"pointsPerHour":2,"longitude":17.111924,"takeoverPoints":170},"latitude":65.103001,"currentOwner":{"name":"Dusty","id":7188},"time":"2021-06-29T20:17:17+0000","type":"takeover","longitude":17.111924},{"zone":{"previousOwner":{"name":"HogSquare","id":35124},"dateLastTaken":"2021-06-29T20:17:16+0000","latitude":59.94988,"totalTakeovers":942,"type":{"name":"Holy","id":9},"pointsPerHour":3,"takeoverPoints":155,"dateCreated":"2014-11-05T12:00:00+0000","currentOwner":{"name":"bocklingen","id":66138},"name":"RasboKyrka","id":41862,"region":{"area":{"name":"Uppsala kommun","id":1977},"country":"se","name":"Uppsala","id":142},"longitude":17.879623},"latitude":59.94988,"currentOwner":{"name":"bocklingen","id":66138},"time":"2021-06-29T20:17:16+0000","type":"takeover","longitude":17.879623},{"zone":{"previousOwner":{"name":"Brainar","id":11930},"dateCreated":"2019-10-18T18:38:49+0000","dateLastTaken":"2021-06-29T20:17:14+0000","latitude":59.573657,"currentOwner":{"name":"Tarak","id":262443},"name":"Fasansfullt","id":220856,"totalTakeovers":649,"region":{"area":{"name":"Håbo","id":1980},"country":"se","name":"Uppsala","id":142},"pointsPerHour":3,"longitude":17.502363,"takeoverPoints":155},"latitude":59.573657,"currentOwner":{"name":"Tarak","id":262443},"time":"2021-06-29T20:17:14+0000","type":"takeover","longitude":17.502363},{"zone":{"previousOwner":{"name":"Superelak","id":126940},"dateCreated":"2012-03-30T19:17:55+0000","dateLastTaken":"2021-06-29T20:17:11+0000","latitude":63.82041,"currentOwner":{"name":"MrDinco","id":11189},"name":"TechnoHouse","id":7700,"totalTakeovers":32951,"region":{"area":{"name":"Umeå kommun","id":2064},"country":"se","name":"Västerbotten","id":127},"pointsPerHour":9,"longitude":20.310951,"takeoverPoints":65},"latitude":63.82041,"currentOwner":{"name":"MrDinco","id":11189},"time":"2021-06-29T20:17:11+0000","type":"takeover","longitude":20.310951},{"zone":{"previousOwner":{"name":"unic","id":121277},"dateCreated":"2017-03-26T15:30:00+0000","dateLastTaken":"2021-06-29T20:17:10+0000","latitude":57.504562,"currentOwner":{"name":"embeoo","id":23906},"name":"Sabelstigen","id":96856,"totalTakeovers":235,"region":{"area":{"name":"Hultsfreds kommun","id":2024},"country":"se","name":"Kalmar","id":137},"pointsPerHour":1,"longitude":15.856289,"takeoverPoints":185},"assists":[{"name":"albee","id":96946}],"latitude":57.504562,"currentOwner":{"name":"embeoo","id":23906},"time":"2021-06-29T20:17:10+0000","type":"takeover","longitude":15.856289},{"zone":{"previousOwner":{"name":"Lauraloll","id":312759},"dateCreated":"2021-03-01T08:00:00+0000","dateLastTaken":"2021-06-29T20:17:08+0000","latitude":57.436635,"currentOwner":{"name":"tribalray","id":320035},"name":"Duda","id":382734,"totalTakeovers":50,"region":{"area":{"name":"Highland","id":2784},"country":"gb","name":"Scotland","id":200},"pointsPerHour":2,"longitude":-4.286754,"takeoverPoints":170},"latitude":57.436635,"currentOwner":{"name":"tribalray","id":320035},"time":"2021-06-29T20:17:08+0000","type":"takeover","longitude":-4.286754},{"zone":{"previousOwner":{"name":"Slåttermannen","id":241987},"dateCreated":"2017-04-15T08:19:09+0000","dateLastTaken":"2021-06-29T20:17:08+0000","latitude":59.51367,"currentOwner":{"name":"AnnikaAnnika","id":297465},"name":"Apertins","id":95486,"totalTakeovers":512,"region":{"area":{"name":"Kils kommun","id":2035},"country":"se","name":"Värmland","id":130},"pointsPerHour":2,"longitude":13.337202,"takeoverPoints":170},"latitude":59.51367,"currentOwner":{"name":"AnnikaAnnika","id":297465},"time":"2021-06-29T20:17:08+0000","type":"takeover","longitude":13.337202},{"zone":{"previousOwner":{"name":"Stålblå","id":300091},"dateLastTaken":"2021-06-29T20:17:03+0000","latitude":59.387504,"totalTakeovers":3375,"type":{"name":"Bridge","id":8},"pointsPerHour":8,"takeoverPoints":80,"dateCreated":"2017-05-20T07:00:00+0000","currentOwner":{"name":"Aicar","id":74956},"name":"Överjärvigt","id":107913,"region":{"area":{"name":"Solna kommun","id":1845},"country":"se","name":"Stockholm","id":141},"longitude":18.001866},"latitude":59.387504,"currentOwner":{"name":"Aicar","id":74956},"time":"2021-06-29T20:17:03+0000","type":"takeover","longitude":18.001866},{"zone":{"previousOwner":{"name":"MtkaHek","id":303521},"dateLastTaken":"2021-06-29T20:16:59+0000","latitude":44.940896,"totalTakeovers":55,"type":{"name":"Bridge","id":8},"pointsPerHour":1,"takeoverPoints":185,"dateCreated":"2021-02-22T00:10:10+0000","currentOwner":{"name":"HypnoToad","id":312175},"name":"BurwellBridge","id":387512,"region":{"area":{"name":"Hennepin County","id":4063},"country":"us","name":"Minnesota","id":405},"longitude":-93.448421},"latitude":44.940896,"currentOwner":{"name":"HypnoToad","id":312175},"time":"2021-06-29T20:16:59+0000","type":"takeover","longitude":-93.448421},{"zone":{"previousOwner":{"name":"Fozzie","id":315729},"dateCreated":"2021-03-26T07:00:00+0000","dateLastTaken":"2021-06-29T20:16:55+0000","latitude":51.428033,"currentOwner":{"name":"Fozzie","id":315729},"name":"DogSchool","id":394393,"totalTakeovers":12,"region":{"area":{"name":"Bracknell Forest","id":2703},"country":"gb","name":"South East England","id":205},"pointsPerHour":1,"longitude":-0.75807,"takeoverPoints":185},"latitude":51.428033,"currentOwner":{"name":"Fozzie","id":315729},"time":"2021-06-29T20:16:55+0000","type":"takeover","longitude":-0.75807},{"zone":{"previousOwner":{"name":"Jordskott","id":105177},"dateCreated":"2014-08-29T20:00:00+0000","dateLastTaken":"2021-06-29T20:16:52+0000","latitude":59.627344,"currentOwner":{"name":"Kronvrak","id":128938},"name":"Eldsoppan","id":33730,"totalTakeovers":8996,"region":{"area":{"name":"Enköpings kommun","id":1944},"country":"se","name":"Uppsala","id":142},"pointsPerHour":5,"longitude":17.121503,"takeoverPoints":125},"latitude":59.627344,"currentOwner":{"name":"Kronvrak","id":128938},"time":"2021-06-29T20:16:52+0000","type":"takeover","longitude":17.121503},{"zone":{"previousOwner":{"name":"TurfanatorSROC","id":304618},"dateCreated":"2020-10-29T20:49:26+0000","dateLastTaken":"2021-06-29T20:16:47+0000","latitude":54.027456,"currentOwner":{"name":"FoxRedLab","id":316178},"name":"HalaSquare","id":349096,"totalTakeovers":337,"region":{"area":{"name":"Lancashire","id":2805},"country":"gb","name":"North West England","id":201},"pointsPerHour":3,"longitude":-2.790584,"takeoverPoints":155},"latitude":54.027456,"currentOwner":{"name":"FoxRedLab","id":316178},"time":"2021-06-29T20:16:47+0000","type":"takeover","longitude":-2.790584},{"zone":{"previousOwner":{"name":"FeTaTo","id":310985},"dateCreated":"2020-12-21T21:30:15+0000","dateLastTaken":"2021-06-29T20:16:41+0000","latitude":55.795967,"currentOwner":{"name":"chimpto","id":303406},"name":"SouthCalder","id":358097,"totalTakeovers":11,"region":{"area":{"name":"North Lanarkshire","id":2790},"country":"gb","name":"Scotland","id":200},"pointsPerHour":1,"longitude":-3.982999,"takeoverPoints":185},"latitude":55.795967,"currentOwner":{"name":"chimpto","id":303406},"time":"2021-06-29T20:16:41+0000","type":"takeover","longitude":-3.982999},{"zone":{"previousOwner":{"name":"Birykow","id":264072},"dateCreated":"2018-12-15T08:00:00+0000","dateLastTaken":"2021-06-29T20:16:31+0000","latitude":60.088633,"currentOwner":{"name":"Corellian","id":264701},"name":"SkeppOhoj","id":177701,"totalTakeovers":4343,"region":{"area":{"name":"Mariehamn","id":2176},"country":"fi","name":"Åland","id":177},"pointsPerHour":7,"longitude":19.957652,"takeoverPoints":95},"latitude":60.088633,"currentOwner":{"name":"Corellian","id":264701},"time":"2021-06-29T20:16:31+0000","type":"takeover","longitude":19.957652},{"zone":{"previousOwner":{"name":"qivasaa","id":37264},"dateCreated":"2014-08-27T20:00:00+0000","dateLastTaken":"2021-06-29T20:16:27+0000","latitude":59.859791,"currentOwner":{"name":"åsanna","id":259883},"name":"TiundasBak","id":33794,"totalTakeovers":10246,"region":{"area":{"name":"Uppsala kommun","id":1977},"country":"se","name":"Uppsala","id":142},"pointsPerHour":8,"longitude":17.612582,"takeoverPoints":80},"latitude":59.859791,"currentOwner":{"name":"åsanna","id":259883},"time":"2021-06-29T20:16:27+0000","type":"takeover","longitude":17.612582},{"zone":{"previousOwner":{"name":"Orinoko","id":303384},"dateCreated":"2013-06-15T08:00:00+0000","dateLastTaken":"2021-06-29T20:16:26+0000","latitude":55.960892,"currentOwner":{"name":"edinfolks","id":320390},"name":"HibernianFC","id":14688,"totalTakeovers":471,"region":{"area":{"name":"City of Edinburgh","id":2780},"country":"gb","name":"Scotland","id":200},"pointsPerHour":5,"longitude":-3.165034,"takeoverPoints":125},"latitude":55.960892,"currentOwner":{"name":"edinfolks","id":320390},"time":"2021-06-29T20:16:26+0000","type":"takeover","longitude":-3.165034},{"zone":{"previousOwner":{"name":"ERROR-R","id":167761},"dateCreated":"2011-05-30T16:16:05+0000","dateLastTaken":"2021-06-29T20:16:22+0000","latitude":55.717753,"currentOwner":{"name":"TuonoV4","id":280997},"name":"Freshwater","id":1747,"totalTakeovers":14776,"region":{"area":{"name":"Lunds kommun","id":1948},"country":"se","name":"Skåne","id":135},"pointsPerHour":7,"longitude":13.226632,"takeoverPoints":95},"latitude":55.717753,"currentOwner":{"name":"TuonoV4","id":280997},"time":"2021-06-29T20:16:22+0000","type":"takeover","longitude":13.226632},{"zone":{"previousOwner":{"name":"Slóðbrótari","id":91564},"dateCreated":"2016-05-04T09:15:59+0000","dateLastTaken":"2021-06-29T20:16:15+0000","latitude":56.670376,"currentOwner":{"name":"Skräddaren_","id":242130},"name":"Baksidan","id":69844,"totalTakeovers":2440,"region":{"area":{"name":"Halmstads kommun","id":1979},"country":"se","name":"Halland","id":134},"pointsPerHour":4,"longitude":12.865774,"takeoverPoints":140},"latitude":56.670376,"currentOwner":{"name":"Skräddaren_","id":242130},"time":"2021-06-29T20:16:15+0000","type":"takeover","longitude":12.865774},{"zone":{"previousOwner":{"name":"féarglas","id":280861},"dateCreated":"2020-05-20T14:00:00+0000","dateLastTaken":"2021-06-29T20:16:15+0000","latitude":55.966799,"currentOwner":{"name":"katlesoc","id":286065},"name":"SilverKnows","id":296094,"totalTakeovers":247,"region":{"area":{"name":"City of Edinburgh","id":2780},"country":"gb","name":"Scotland","id":200},"pointsPerHour":4,"longitude":-3.269895,"takeoverPoints":140},"latitude":55.966799,"currentOwner":{"name":"katlesoc","id":286065},"time":"2021-06-29T20:16:15+0000","type":"takeover","longitude":-3.269895},{"zone":{"previousOwner":{"name":"Uralstrix","id":92422},"dateLastTaken":"2021-06-29T20:16:13+0000","latitude":60.51394,"totalTakeovers":305,"type":{"name":"Bridge","id":8},"pointsPerHour":1,"takeoverPoints":185,"dateCreated":"2017-09-03T05:34:01+0000","currentOwner":{"name":"Bigbang","id":106128},"name":"Tjärnabron","id":117440,"region":{"area":{"name":"Borlänge kommun","id":1871},"country":"se","name":"Dalarna","id":129},"longitude":15.377559},"latitude":60.51394,"currentOwner":{"name":"Bigbang","id":106128},"time":"2021-06-29T20:16:13+0000","type":"takeover","longitude":15.377559},{"zone":{"previousOwner":{"name":"Glasskamp","id":23066},"dateCreated":"2012-05-23T21:28:13+0000","dateLastTaken":"2021-06-29T20:16:11+0000","latitude":59.831661,"currentOwner":{"name":"SandraBN","id":332619},"name":"Vindbryggan","id":9301,"totalTakeovers":10584,"region":{"area":{"name":"Uppsala kommun","id":1977},"country":"se","name":"Uppsala","id":142},"pointsPerHour":9,"longitude":17.661274,"takeoverPoints":65},"latitude":59.831661,"currentOwner":{"name":"SandraBN","id":332619},"time":"2021-06-29T20:16:11+0000","type":"takeover","longitude":17.661274},{"zone":{"previousOwner":{"name":"InMaPocket","id":316011},"dateLastTaken":"2021-06-29T20:16:09+0000","latitude":55.941462,"totalTakeovers":176,"type":{"name":"Train Station","id":13},"pointsPerHour":2,"takeoverPoints":170,"dateCreated":"2020-10-31T13:35:41+0000","currentOwner":{"name":"IRD","id":298055},"name":"MilngavieSt","id":349498,"region":{"area":{"name":"East Dunbartonshire","id":2797},"country":"gb","name":"Scotland","id":200},"longitude":-4.314593},"latitude":55.941462,"currentOwner":{"name":"IRD","id":298055},"time":"2021-06-29T20:16:09+0000","type":"takeover","longitude":-4.314593},{"zone":{"previousOwner":{"name":"Charlies","id":257090},"dateCreated":"2010-07-13T00:00:00+0000","dateLastTaken":"2021-06-29T20:16:07+0000","latitude":59.32748,"currentOwner":{"name":"Hundhedningen","id":327476},"name":"Norrstrand","id":202,"totalTakeovers":15602,"region":{"area":{"name":"Stockholms kommun","id":1828},"country":"se","name":"Stockholm","id":141},"pointsPerHour":9,"longitude":18.034303,"takeoverPoints":65},"latitude":59.32748,"currentOwner":{"name":"Hundhedningen","id":327476},"time":"2021-06-29T20:16:07+0000","type":"takeover","longitude":18.034303},{"zone":{"previousOwner":{"name":"NightOwl","id":186746},"dateCreated":"2019-03-04T10:08:22+0000","dateLastTaken":"2021-06-29T20:16:07+0000","latitude":60.456622,"currentOwner":{"name":"Welshman","id":305225},"name":"Jaaninpelto","id":180619,"totalTakeovers":359,"region":{"area":{"name":"Turku","id":2201},"country":"fi","name":"Lounais-Suomi","id":184},"pointsPerHour":2,"longitude":22.338637,"takeoverPoints":170},"latitude":60.456622,"currentOwner":{"name":"Welshman","id":305225},"time":"2021-06-29T20:16:07+0000","type":"takeover","longitude":22.338637},{"zone":{"previousOwner":{"name":"BambamGranit","id":94232},"dateCreated":"2014-09-23T06:00:00+0000","dateLastTaken":"2021-06-29T20:16:06+0000","latitude":59.39765,"currentOwner":{"name":"Barrysoff","id":30378},"name":"Backlura","id":36439,"totalTakeovers":3152,"region":{"area":{"name":"Stockholms kommun","id":1828},"country":"se","name":"Stockholm","id":141},"pointsPerHour":5,"longitude":17.815196,"takeoverPoints":125},"latitude":59.39765,"currentOwner":{"name":"Barrysoff","id":30378},"time":"2021-06-29T20:16:06+0000","type":"takeover","longitude":17.815196},{"zone":{"previousOwner":{"name":"skäggfar","id":159086},"dateCreated":"2016-10-05T21:14:31+0000","dateLastTaken":"2021-06-29T20:16:05+0000","latitude":59.616709,"currentOwner":{"name":"mrAce","id":168289},"name":"LivetsMitt","id":89896,"totalTakeovers":10994,"region":{"area":{"name":"Västerås","id":1807},"country":"se","name":"Västmanland","id":143},"pointsPerHour":8,"longitude":16.604806,"takeoverPoints":80},"latitude":59.616709,"currentOwner":{"name":"mrAce","id":168289},"time":"2021-06-29T20:16:05+0000","type":"takeover","longitude":16.604806},{"zone":{"previousOwner":{"name":"gingerbreadman","id":52404},"dateCreated":"2010-09-04T14:41:37+0000","dateLastTaken":"2021-06-29T20:16:03+0000","latitude":59.621274,"currentOwner":{"name":"DrGryta","id":78765},"name":"BlasboZone","id":703,"totalTakeovers":14561,"region":{"area":{"name":"Västerås","id":1807},"country":"se","name":"Västmanland","id":143},"pointsPerHour":8,"longitude":16.533993,"takeoverPoints":80},"latitude":59.621274,"currentOwner":{"name":"DrGryta","id":78765},"time":"2021-06-29T20:16:03+0000","type":"takeover","longitude":16.533993},{"zone":{"previousOwner":{"name":"krokodilen","id":45356},"dateLastTaken":"2021-06-29T20:15:58+0000","latitude":59.360742,"totalTakeovers":5304,"type":{"name":"Bridge","id":8},"pointsPerHour":5,"takeoverPoints":125,"dateCreated":"2012-07-01T22:27:34+0000","currentOwner":{"name":"0beroff","id":80119},"name":"OldPainBridge","id":9597,"region":{"area":{"name":"Stockholms kommun","id":1828},"country":"se","name":"Stockholm","id":141},"longitude":18.109862},"latitude":59.360742,"currentOwner":{"name":"0beroff","id":80119},"time":"2021-06-29T20:15:58+0000","type":"takeover","longitude":18.109862},{"zone":{"previousOwner":{"name":"0beroff","id":80119},"dateCreated":"2015-07-14T10:52:52+0000","dateLastTaken":"2021-06-29T20:15:44+0000","latitude":59.378853,"currentOwner":{"name":"Stålblå","id":300091},"name":"UnderMjölner","id":55774,"totalTakeovers":6635,"region":{"area":{"name":"Sundbybergs kommun","id":1889},"country":"se","name":"Stockholm","id":141},"pointsPerHour":7,"longitude":17.933232,"takeoverPoints":95},"latitude":59.378853,"currentOwner":{"name":"Stålblå","id":300091},"time":"2021-06-29T20:15:44+0000","type":"takeover","longitude":17.933232},{"zone":{"previousOwner":{"name":"madpuppy","id":66782},"dateCreated":"2015-01-31T09:00:00+0000","dateLastTaken":"2021-06-29T20:15:44+0000","latitude":59.951912,"currentOwner":{"name":"bocklingen","id":66138},"name":"ExtraCheese","id":44268,"totalTakeovers":1136,"region":{"area":{"name":"Uppsala kommun","id":1977},"country":"se","name":"Uppsala","id":142},"pointsPerHour":3,"longitude":17.875989,"takeoverPoints":155},"latitude":59.951912,"currentOwner":{"name":"bocklingen","id":66138},"time":"2021-06-29T20:15:44+0000","type":"takeover","longitude":17.875989},{"zone":{"previousOwner":{"name":"Superelak","id":126940},"dateCreated":"2010-10-12T00:00:00+0000","dateLastTaken":"2021-06-29T20:15:39+0000","latitude":63.820727,"currentOwner":{"name":"MrDinco","id":11189},"name":"BehindTrees","id":1002,"totalTakeovers":30801,"region":{"area":{"name":"Umeå kommun","id":2064},"country":"se","name":"Västerbotten","id":127},"pointsPerHour":9,"longitude":20.304897,"takeoverPoints":65},"latitude":63.820727,"currentOwner":{"name":"MrDinco","id":11189},"time":"2021-06-29T20:15:39+0000","type":"takeover","longitude":20.304897},{"zone":{"previousOwner":{"name":"Promenada","id":17576},"dateCreated":"2012-04-08T22:25:04+0000","dateLastTaken":"2021-06-29T20:15:34+0000","latitude":65.10537,"currentOwner":{"name":"Dusty","id":7188},"name":"BigOldHarbour","id":8052,"totalTakeovers":1135,"region":{"area":{"name":"Storumans kommun","id":2066},"country":"se","name":"Västerbotten","id":127},"pointsPerHour":1,"longitude":17.113358,"takeoverPoints":185},"latitude":65.10537,"currentOwner":{"name":"Dusty","id":7188},"time":"2021-06-29T20:15:34+0000","type":"takeover","longitude":17.113358},{"zone":{"previousOwner":{"name":"Gladiator","id":28192},"dateCreated":"2017-08-19T07:00:00+0000","dateLastTaken":"2021-06-29T20:15:31+0000","latitude":58.396822,"currentOwner":{"name":"lhcper","id":2733},"name":"AhhVisse","id":117109,"totalTakeovers":6031,"region":{"area":{"name":"Linköpings kommun","id":1852},"country":"se","name":"Östergötland","id":139},"pointsPerHour":7,"longitude":15.640161,"takeoverPoints":95},"latitude":58.396822,"currentOwner":{"name":"lhcper","id":2733},"time":"2021-06-29T20:15:31+0000","type":"takeover","longitude":15.640161},{"zone":{"previousOwner":{"name":"Jordskott","id":105177},"dateCreated":"2013-05-29T18:29:00+0000","dateLastTaken":"2021-06-29T20:15:29+0000","latitude":59.628132,"currentOwner":{"name":"Kronvrak","id":128938},"name":"StensoppZone","id":18773,"totalTakeovers":12849,"region":{"area":{"name":"Enköpings kommun","id":1944},"country":"se","name":"Uppsala","id":142},"pointsPerHour":5,"longitude":17.116007,"takeoverPoints":125},"latitude":59.628132,"currentOwner":{"name":"Kronvrak","id":128938},"time":"2021-06-29T20:15:29+0000","type":"takeover","longitude":17.116007},{"zone":{"previousOwner":{"name":"WhiteNinja","id":7032},"dateCreated":"2013-05-21T00:07:02+0000","dateLastTaken":"2021-06-29T20:15:26+0000","latitude":63.879242,"currentOwner":{"name":"praktikus","id":64871},"name":"YourFarm","id":18617,"totalTakeovers":3670,"region":{"area":{"name":"Umeå kommun","id":2064},"country":"se","name":"Västerbotten","id":127},"pointsPerHour":6,"longitude":20.319566,"takeoverPoints":110},"latitude":63.879242,"currentOwner":{"name":"praktikus","id":64871},"time":"2021-06-29T20:15:26+0000","type":"takeover","longitude":20.319566},{"zone":{"previousOwner":{"name":"ZonerX","id":64544},"dateCreated":"2014-07-07T07:02:10+0000","dateLastTaken":"2021-06-29T20:15:25+0000","latitude":59.463904,"currentOwner":{"name":"HeyJune!","id":254091},"name":"EriksLunden","id":32189,"totalTakeovers":1080,"region":{"area":{"name":"Täby kommun","id":1841},"country":"se","name":"Stockholm","id":141},"pointsPerHour":3,"longitude":18.048062,"takeoverPoints":155},"latitude":59.463904,"currentOwner":{"name":"HeyJune!","id":254091},"time":"2021-06-29T20:15:25+0000","type":"takeover","longitude":18.048062},{"zone":{"previousOwner":{"name":"EBz","id":75122},"dateLastTaken":"2021-06-29T20:15:11+0000","latitude":59.318817,"totalTakeovers":19305,"type":{"name":"Holy","id":9},"pointsPerHour":8,"takeoverPoints":80,"dateCreated":"2010-08-07T00:00:00+0000","currentOwner":{"name":"Krussidullen","id":74555},"name":"MariaMKyrkZone","id":301,"region":{"area":{"name":"Stockholms kommun","id":1828},"country":"se","name":"Stockholm","id":141},"longitude":18.066212},"assists":[{"name":"Bakläxa","id":295365},{"name":"mackan05","id":301770}],"latitude":59.318817,"currentOwner":{"name":"Krussidullen","id":74555},"time":"2021-06-29T20:15:11+0000","type":"takeover","longitude":18.066212},{"zone":{"previousOwner":{"name":"JosseB","id":329873},"dateCreated":"2015-06-22T06:00:00+0000","dateLastTaken":"2021-06-29T20:15:07+0000","latitude":64.75538,"currentOwner":{"name":"tantorange","id":106649},"name":"Kaplankors","id":54917,"totalTakeovers":3997,"region":{"area":{"name":"Skellefteå kommun","id":2065},"country":"se","name":"Västerbotten","id":127},"pointsPerHour":6,"longitude":20.925057,"takeoverPoints":110},"latitude":64.75538,"currentOwner":{"name":"tantorange","id":106649},"time":"2021-06-29T20:15:07+0000","type":"takeover","longitude":20.925057},{"zone":{"previousOwner":{"name":"Kimber","id":294087},"dateCreated":"2017-03-17T11:38:46+0000","dateLastTaken":"2021-06-29T20:14:58+0000","latitude":60.458793,"currentOwner":{"name":"Welshman","id":305225},"name":"JaaninHylly","id":96447,"totalTakeovers":690,"region":{"area":{"name":"Turku","id":2201},"country":"fi","name":"Lounais-Suomi","id":184},"pointsPerHour":3,"longitude":22.335771,"takeoverPoints":155},"latitude":60.458793,"currentOwner":{"name":"Welshman","id":305225},"time":"2021-06-29T20:14:58+0000","type":"takeover","longitude":22.335771},{"zone":{"previousOwner":{"name":"unic","id":121277},"dateCreated":"2020-01-13T08:56:00+0000","dateLastTaken":"2021-06-29T20:14:58+0000","latitude":57.505639,"currentOwner":{"name":"albee","id":96946},"name":"FöreDam","id":223070,"totalTakeovers":104,"region":{"area":{"name":"Hultsfreds kommun","id":2024},"country":"se","name":"Kalmar","id":137},"pointsPerHour":1,"longitude":15.860032,"takeoverPoints":185},"assists":[{"name":"embeoo","id":23906}],"latitude":57.505639,"currentOwner":{"name":"albee","id":96946},"time":"2021-06-29T20:14:58+0000","type":"takeover","longitude":15.860032},{"zone":{"previousOwner":{"name":"TurfanatorSROC","id":304618},"dateCreated":"2021-03-14T12:16:10+0000","dateLastTaken":"2021-06-29T20:14:58+0000","latitude":54.029659,"currentOwner":{"name":"FoxRedLab","id":316178},"name":"LentworthPark","id":392809,"totalTakeovers":105,"region":{"area":{"name":"Lancashire","id":2805},"country":"gb","name":"North West England","id":201},"pointsPerHour":3,"longitude":-2.791692,"takeoverPoints":155},"latitude":54.029659,"currentOwner":{"name":"FoxRedLab","id":316178},"time":"2021-06-29T20:14:58+0000","type":"takeover","longitude":-2.791692},{"zone":{"previousOwner":{"name":"Fåret_Shaun","id":298893},"dateCreated":"2015-11-10T20:32:46+0000","dateLastTaken":"2021-06-29T20:14:57+0000","latitude":59.611425,"currentOwner":{"name":"Marina","id":69977},"name":"Mimertorget","id":61103,"totalTakeovers":23693,"region":{"area":{"name":"Västerås","id":1807},"country":"se","name":"Västmanland","id":143},"pointsPerHour":9,"longitude":16.552967,"takeoverPoints":65},"latitude":59.611425,"currentOwner":{"name":"Marina","id":69977},"time":"2021-06-29T20:14:57+0000","type":"takeover","longitude":16.552967},{"zone":{"previousOwner":{"name":"DarkTurfer","id":102906},"dateCreated":"2017-05-20T07:00:00+0000","dateLastTaken":"2021-06-29T20:14:57+0000","latitude":59.833533,"currentOwner":{"name":"SandraBN","id":332619},"name":"Slirren","id":108956,"totalTakeovers":6543,"region":{"area":{"name":"Uppsala kommun","id":1977},"country":"se","name":"Uppsala","id":142},"pointsPerHour":9,"longitude":17.659222,"takeoverPoints":65},"latitude":59.833533,"currentOwner":{"name":"SandraBN","id":332619},"time":"2021-06-29T20:14:57+0000","type":"takeover","longitude":17.659222},{"zone":{"previousOwner":{"name":"gingerbreadman","id":52404},"dateCreated":"2017-05-20T07:00:00+0000","dateLastTaken":"2021-06-29T20:14:51+0000","latitude":59.621632,"currentOwner":{"name":"DrGryta","id":78765},"name":"CarlStream","id":109474,"totalTakeovers":9375,"region":{"area":{"name":"Västerås","id":1807},"country":"se","name":"Västmanland","id":143},"pointsPerHour":9,"longitude":16.537144,"takeoverPoints":65},"latitude":59.621632,"currentOwner":{"name":"DrGryta","id":78765},"time":"2021-06-29T20:14:51+0000","type":"takeover","longitude":16.537144},{"zone":{"previousOwner":{"name":"Eva65","id":232306},"dateCreated":"2015-03-26T19:58:21+0000","dateLastTaken":"2021-06-29T20:14:47+0000","latitude":58.900853,"currentOwner":{"name":"Jopt","id":146507},"name":"Svandammen","id":47428,"totalTakeovers":2878,"region":{"area":{"name":"Nynäshamns kommun","id":1842},"country":"se","name":"Stockholm","id":141},"pointsPerHour":4,"longitude":17.947241,"takeoverPoints":140},"latitude":58.900853,"currentOwner":{"name":"Jopt","id":146507},"time":"2021-06-29T20:14:47+0000","type":"takeover","longitude":17.947241},{"zone":{"previousOwner":{"name":"JH1","id":333052},"dateCreated":"2010-08-03T00:00:00+0000","dateLastTaken":"2021-06-29T20:14:46+0000","latitude":59.359378,"currentOwner":{"name":"TheUrw","id":282370},"name":"Skyttezone","id":250,"totalTakeovers":9872,"region":{"area":{"name":"Solna kommun","id":1845},"country":"se","name":"Stockholm","id":141},"pointsPerHour":6,"longitude":17.99822,"takeoverPoints":110},"latitude":59.359378,"currentOwner":{"name":"TheUrw","id":282370},"time":"2021-06-29T20:14:46+0000","type":"takeover","longitude":17.99822},{"zone":{"previousOwner":{"name":"\u2022tahini\u2022","id":324607},"dateLastTaken":"2021-06-29T20:14:43+0000","latitude":55.837616,"totalTakeovers":64,"type":{"name":"Train Station","id":13},"pointsPerHour":2,"takeoverPoints":170,"dateCreated":"2017-11-19T09:38:13+0000","currentOwner":{"name":"\u2022tahini\u2022","id":324607},"name":"PollocksW","id":138270,"region":{"area":{"name":"Glasgow City","id":2778},"country":"gb","name":"Scotland","id":200},"longitude":-4.276226},"latitude":55.837616,"currentOwner":{"name":"\u2022tahini\u2022","id":324607},"time":"2021-06-29T20:14:43+0000","type":"takeover","longitude":-4.276226},{"zone":{"previousOwner":{"name":"Mr@","id":135604},"dateCreated":"2016-09-16T09:09:09+0000","dateLastTaken":"2021-06-29T20:14:43+0000","latitude":63.766631,"currentOwner":{"name":"alfaerik","id":43357},"name":"KollaPåPippi","id":83555,"totalTakeovers":1933,"region":{"area":{"name":"Umeå kommun","id":2064},"country":"se","name":"Västerbotten","id":127},"pointsPerHour":4,"longitude":20.272129,"takeoverPoints":140},"latitude":63.766631,"currentOwner":{"name":"alfaerik","id":43357},"time":"2021-06-29T20:14:43+0000","type":"takeover","longitude":20.272129},{"zone":{"previousOwner":{"name":"nilbir","id":182660},"dateCreated":"2013-12-11T21:22:13+0000","dateLastTaken":"2021-06-29T20:14:42+0000","latitude":59.374672,"currentOwner":{"name":"PappaTurf","id":55428},"name":"Mariebergvik","id":23746,"totalTakeovers":15914,"region":{"area":{"name":"Karlstads kommun","id":1827},"country":"se","name":"Värmland","id":130},"pointsPerHour":8,"longitude":13.49706,"takeoverPoints":80},"latitude":59.374672,"currentOwner":{"name":"PappaTurf","id":55428},"time":"2021-06-29T20:14:42+0000","type":"takeover","longitude":13.49706},{"zone":{"previousOwner":{"name":"Promenada","id":17576},"dateCreated":"2018-12-25T14:11:49+0000","dateLastTaken":"2021-06-29T20:14:40+0000","latitude":65.106895,"currentOwner":{"name":"Dusty","id":7188},"name":"StrandWalk","id":178379,"totalTakeovers":191,"region":{"area":{"name":"Storumans kommun","id":2066},"country":"se","name":"Västerbotten","id":127},"pointsPerHour":1,"longitude":17.115938,"takeoverPoints":185},"latitude":65.106895,"currentOwner":{"name":"Dusty","id":7188},"time":"2021-06-29T20:14:40+0000","type":"takeover","longitude":17.115938},{"zone":{"previousOwner":{"name":"jeep43","id":62564},"dateCreated":"2012-07-14T11:00:00+0000","dateLastTaken":"2021-06-29T20:14:31+0000","latitude":59.615406,"currentOwner":{"name":"mrAce","id":168289},"name":"BugPlayground","id":9681,"totalTakeovers":17585,"region":{"area":{"name":"Västerås","id":1807},"country":"se","name":"Västmanland","id":143},"pointsPerHour":8,"longitude":16.598002,"takeoverPoints":80},"latitude":59.615406,"currentOwner":{"name":"mrAce","id":168289},"time":"2021-06-29T20:14:31+0000","type":"takeover","longitude":16.598002},{"zone":{"previousOwner":{"name":"Trekfan","id":124924},"dateCreated":"2017-08-14T17:58:13+0000","dateLastTaken":"2021-06-29T20:14:30+0000","latitude":60.091051,"currentOwner":{"name":"Corellian","id":264701},"name":"GreenCape","id":117137,"totalTakeovers":7688,"region":{"area":{"name":"Mariehamn","id":2176},"country":"fi","name":"Åland","id":177},"pointsPerHour":8,"longitude":19.953632,"takeoverPoints":80},"latitude":60.091051,"currentOwner":{"name":"Corellian","id":264701},"time":"2021-06-29T20:14:30+0000","type":"takeover","longitude":19.953632},{"zone":{"previousOwner":{"name":"Jordskott","id":105177},"dateCreated":"2015-01-12T17:00:00+0000","dateLastTaken":"2021-06-29T20:14:29+0000","latitude":59.629576,"currentOwner":{"name":"Kronvrak","id":128938},"name":"MindTheGap","id":43714,"totalTakeovers":8349,"region":{"area":{"name":"Enköpings kommun","id":1944},"country":"se","name":"Uppsala","id":142},"pointsPerHour":5,"longitude":17.113283,"takeoverPoints":125},"latitude":59.629576,"currentOwner":{"name":"Kronvrak","id":128938},"time":"2021-06-29T20:14:29+0000","type":"takeover","longitude":17.113283},{"zone":{"previousOwner":{"name":"Dadeee","id":327379},"dateCreated":"2012-11-23T20:54:55+0000","dateLastTaken":"2021-06-29T20:14:23+0000","latitude":57.700251,"currentOwner":{"name":"ALLO","id":144703},"name":"Hedenizer","id":12043,"totalTakeovers":15819,"region":{"area":{"name":"Göteborgs kommun","id":1885},"country":"se","name":"Västra Götaland","id":132},"pointsPerHour":8,"longitude":11.979396,"takeoverPoints":80},"latitude":57.700251,"currentOwner":{"name":"ALLO","id":144703},"time":"2021-06-29T20:14:23+0000","type":"takeover","longitude":11.979396},{"zone":{"previousOwner":{"name":"snobben64","id":56737},"dateCreated":"2016-06-14T22:23:19+0000","dateLastTaken":"2021-06-29T20:14:19+0000","latitude":59.383591,"currentOwner":{"name":"Aicar","id":74956},"name":"Gunnarbo","id":78700,"totalTakeovers":3743,"region":{"area":{"name":"Solna kommun","id":1845},"country":"se","name":"Stockholm","id":141},"pointsPerHour":6,"longitude":17.996437,"takeoverPoints":110},"latitude":59.383591,"currentOwner":{"name":"Aicar","id":74956},"time":"2021-06-29T20:14:19+0000","type":"takeover","longitude":17.996437},{"zone":{"previousOwner":{"name":"cloudwalker","id":137961},"dateCreated":"2010-09-02T00:00:00+0000","dateLastTaken":"2021-06-29T20:14:18+0000","latitude":55.60637,"currentOwner":{"name":"Sadakodrummer","id":56657},"name":"NorraVallen","id":402,"totalTakeovers":9155,"region":{"area":{"name":"Malmö kommun","id":1898},"country":"se","name":"Skåne","id":135},"pointsPerHour":7,"longitude":12.992588,"takeoverPoints":95},"latitude":55.60637,"currentOwner":{"name":"Sadakodrummer","id":56657},"time":"2021-06-29T20:14:18+0000","type":"takeover","longitude":12.992588},{"zone":{"previousOwner":{"name":"Superelak","id":126940},"dateCreated":"2014-08-17T18:01:02+0000","dateLastTaken":"2021-06-29T20:14:13+0000","latitude":63.822128,"currentOwner":{"name":"MrDinco","id":11189},"name":"AxtorpZone","id":33640,"totalTakeovers":25437,"region":{"area":{"name":"Umeå kommun","id":2064},"country":"se","name":"Västerbotten","id":127},"pointsPerHour":9,"longitude":20.300833,"takeoverPoints":65},"latitude":63.822128,"currentOwner":{"name":"MrDinco","id":11189},"time":"2021-06-29T20:14:13+0000","type":"takeover","longitude":20.300833},{"zone":{"previousOwner":{"name":"Uralstrix","id":92422},"dateCreated":"2014-05-05T11:37:44+0000","dateLastTaken":"2021-06-29T20:14:13+0000","latitude":60.506921,"currentOwner":{"name":"Bigbang","id":106128},"name":"WreckedBridge","id":28857,"totalTakeovers":2018,"region":{"area":{"name":"Borlänge kommun","id":1871},"country":"se","name":"Dalarna","id":129},"pointsPerHour":3,"longitude":15.386932,"takeoverPoints":155},"latitude":60.506921,"currentOwner":{"name":"Bigbang","id":106128},"time":"2021-06-29T20:14:13+0000","type":"takeover","longitude":15.386932},{"zone":{"previousOwner":{"name":"TurfanatorSROC","id":304618},"dateCreated":"2021-03-22T19:15:14+0000","dateLastTaken":"2021-06-29T20:14:12+0000","latitude":54.015142,"currentOwner":{"name":"srocmikej","id":310566},"name":"HealthCamp","id":393909,"totalTakeovers":98,"region":{"area":{"name":"Lancashire","id":2805},"country":"gb","name":"North West England","id":201},"pointsPerHour":3,"longitude":-2.791213,"takeoverPoints":155},"latitude":54.015142,"currentOwner":{"name":"srocmikej","id":310566},"time":"2021-06-29T20:14:12+0000","type":"takeover","longitude":-2.791213},{"zone":{"previousOwner":{"name":"IRD","id":298055},"dateCreated":"2020-10-31T13:49:15+0000","dateLastTaken":"2021-06-29T20:14:11+0000","latitude":55.948061,"currentOwner":{"name":"thistle2","id":304166},"name":"EdgeOfTannoch","id":349510,"totalTakeovers":114,"region":{"area":{"name":"East Dunbartonshire","id":2797},"country":"gb","name":"Scotland","id":200},"pointsPerHour":1,"longitude":-4.31474,"takeoverPoints":185},"latitude":55.948061,"currentOwner":{"name":"thistle2","id":304166},"time":"2021-06-29T20:14:11+0000","type":"takeover","longitude":-4.31474},{"zone":{"previousOwner":{"name":"Kimber","id":294087},"dateCreated":"2018-10-11T07:57:27+0000","dateLastTaken":"2021-06-29T20:14:09+0000","latitude":60.460866,"currentOwner":{"name":"Welshman","id":305225},"name":"JahnsLabyrint","id":175856,"totalTakeovers":624,"region":{"area":{"name":"Turku","id":2201},"country":"fi","name":"Lounais-Suomi","id":184},"pointsPerHour":3,"longitude":22.333877,"takeoverPoints":155},"latitude":60.460866,"currentOwner":{"name":"Welshman","id":305225},"time":"2021-06-29T20:14:09+0000","type":"takeover","longitude":22.333877},{"zone":{"previousOwner":{"name":"qivasaa","id":37264},"dateCreated":"2020-10-30T18:55:52+0000","dateLastTaken":"2021-06-29T20:14:01+0000","latitude":59.862203,"currentOwner":{"name":"åsanna","id":259883},"name":"Ssslingret","id":349237,"totalTakeovers":2016,"region":{"area":{"name":"Uppsala kommun","id":1977},"country":"se","name":"Uppsala","id":142},"pointsPerHour":8,"longitude":17.617683,"takeoverPoints":80},"latitude":59.862203,"currentOwner":{"name":"åsanna","id":259883},"time":"2021-06-29T20:14:01+0000","type":"takeover","longitude":17.617683},{"zone":{"previousOwner":{"name":"eddyueue","id":16},"dateCreated":"2010-07-13T00:00:00+0000","dateLastTaken":"2021-06-29T20:13:58+0000","latitude":59.326616,"currentOwner":{"name":"Hundhedningen","id":327476},"name":"Squaretrees","id":201,"totalTakeovers":19846,"region":{"area":{"name":"Stockholms kommun","id":1828},"country":"se","name":"Stockholm","id":141},"pointsPerHour":9,"longitude":18.040746,"takeoverPoints":65},"latitude":59.326616,"currentOwner":{"name":"Hundhedningen","id":327476},"time":"2021-06-29T20:13:58+0000","type":"takeover","longitude":18.040746},{"zone":{"previousOwner":{"name":"WarfieldBoy","id":334198},"dateCreated":"2021-03-26T07:00:00+0000","dateLastTaken":"2021-06-29T20:13:58+0000","latitude":51.431347,"currentOwner":{"name":"Fozzie","id":315729},"name":"TheSquiggles","id":394390,"totalTakeovers":13,"region":{"area":{"name":"Bracknell Forest","id":2703},"country":"gb","name":"South East England","id":205},"pointsPerHour":1,"longitude":-0.75678,"takeoverPoints":185},"latitude":51.431347,"currentOwner":{"name":"Fozzie","id":315729},"time":"2021-06-29T20:13:58+0000","type":"takeover","longitude":-0.75678},{"zone":{"previousOwner":{"name":"PrästFest","id":241756},"dateCreated":"2012-07-01T22:28:27+0000","dateLastTaken":"2021-06-29T20:13:55+0000","latitude":59.357314,"currentOwner":{"name":"0beroff","id":80119},"name":"ShoutStoneT","id":9598,"totalTakeovers":11059,"region":{"area":{"name":"Stockholms kommun","id":1828},"country":"se","name":"Stockholm","id":141},"pointsPerHour":5,"longitude":18.102981,"takeoverPoints":125},"latitude":59.357314,"currentOwner":{"name":"0beroff","id":80119},"time":"2021-06-29T20:13:55+0000","type":"takeover","longitude":18.102981},{"zone":{"previousOwner":{"name":"Toubkal","id":24982},"dateLastTaken":"2021-06-29T20:13:53+0000","latitude":57.790851,"totalTakeovers":1749,"type":{"name":"Holy","id":9},"pointsPerHour":2,"takeoverPoints":170,"dateCreated":"2012-09-20T21:36:00+0000","currentOwner":{"name":"tramsig","id":182662},"name":"BymarksKyrka","id":11435,"region":{"area":{"name":"Jönköpings kommun","id":1897},"country":"se","name":"Jönköping","id":133},"longitude":14.141035},"assists":[{"name":"Heureka","id":89635}],"latitude":57.790851,"currentOwner":{"name":"tramsig","id":182662},"time":"2021-06-29T20:13:53+0000","type":"takeover","longitude":14.141035},{"zone":{"previousOwner":{"name":"gingerbreadman","id":52404},"dateCreated":"2018-04-19T17:00:00+0000","dateLastTaken":"2021-06-29T20:13:48+0000","latitude":59.620058,"currentOwner":{"name":"DrGryta","id":78765},"name":"Bonanza2018","id":144401,"totalTakeovers":7905,"region":{"area":{"name":"Västerås","id":1807},"country":"se","name":"Västmanland","id":143},"pointsPerHour":9,"longitude":16.538569,"takeoverPoints":65},"latitude":59.620058,"currentOwner":{"name":"DrGryta","id":78765},"time":"2021-06-29T20:13:48+0000","type":"takeover","longitude":16.538569},{"zone":{"previousOwner":{"name":"WhiteNinja","id":7032},"dateCreated":"2015-02-07T21:15:09+0000","dateLastTaken":"2021-06-29T20:13:41+0000","latitude":63.884206,"currentOwner":{"name":"praktikus","id":64871},"name":"YourZone","id":44555,"totalTakeovers":2951,"region":{"area":{"name":"Umeå kommun","id":2064},"country":"se","name":"Västerbotten","id":127},"pointsPerHour":6,"longitude":20.321257,"takeoverPoints":110},"latitude":63.884206,"currentOwner":{"name":"praktikus","id":64871},"time":"2021-06-29T20:13:41+0000","type":"takeover","longitude":20.321257},{"zone":{"previousOwner":{"name":"Promenada","id":17576},"dateCreated":"2014-08-17T18:29:40+0000","dateLastTaken":"2021-06-29T20:13:39+0000","latitude":65.105128,"currentOwner":{"name":"Dusty","id":7188},"name":"Frälsarzon","id":33644,"totalTakeovers":1354,"region":{"area":{"name":"Storumans kommun","id":2066},"country":"se","name":"Västerbotten","id":127},"pointsPerHour":2,"longitude":17.118144,"takeoverPoints":170},"latitude":65.105128,"currentOwner":{"name":"Dusty","id":7188},"time":"2021-06-29T20:13:39+0000","type":"takeover","longitude":17.118144},{"zone":{"previousOwner":{"name":"tantorange","id":106649},"dateCreated":"2012-12-03T08:24:56+0000","dateLastTaken":"2021-06-29T20:13:36+0000","latitude":64.737522,"currentOwner":{"name":"Bont","id":90307},"name":"TreeAlley","id":12119,"totalTakeovers":7860,"region":{"area":{"name":"Skellefteå kommun","id":2065},"country":"se","name":"Västerbotten","id":127},"pointsPerHour":7,"longitude":20.96927,"takeoverPoints":95},"latitude":64.737522,"currentOwner":{"name":"Bont","id":90307},"time":"2021-06-29T20:13:36+0000","type":"takeover","longitude":20.96927},{"zone":{"previousOwner":{"name":"Lauraloll","id":312759},"dateCreated":"2021-03-01T08:00:00+0000","dateLastTaken":"2021-06-29T20:13:35+0000","latitude":57.461024,"currentOwner":{"name":"Lauraloll","id":312759},"name":"Zampogna","id":382743,"totalTakeovers":47,"region":{"area":{"name":"Highland","id":2784},"country":"gb","name":"Scotland","id":200},"pointsPerHour":2,"longitude":-4.24669,"takeoverPoints":170},"latitude":57.461024,"currentOwner":{"name":"Lauraloll","id":312759},"time":"2021-06-29T20:13:35+0000","type":"takeover","longitude":-4.24669},{"zone":{"previousOwner":{"name":"Pallas","id":297431},"dateCreated":"2020-12-22T22:47:42+0000","dateLastTaken":"2021-06-29T20:13:32+0000","latitude":51.471039,"currentOwner":{"name":"northstar","id":295161},"name":"LoveWalk","id":358336,"totalTakeovers":46,"region":{"area":{"name":"London","id":2708},"country":"gb","name":"Greater London","id":207},"pointsPerHour":1,"longitude":-0.09153,"takeoverPoints":185},"latitude":51.471039,"currentOwner":{"name":"northstar","id":295161},"time":"2021-06-29T20:13:32+0000","type":"takeover","longitude":-0.09153},{"zone":{"previousOwner":{"name":"AiNeko","id":202734},"dateCreated":"2011-09-11T16:13:21+0000","dateLastTaken":"2021-06-29T20:13:31+0000","latitude":56.140785,"currentOwner":{"name":"AiNeko","id":202734},"name":"PersPark","id":3259,"totalTakeovers":942,"region":{"area":{"name":"Perstorps kommun","id":1954},"country":"se","name":"Skåne","id":135},"pointsPerHour":1,"longitude":13.394386,"takeoverPoints":185},"latitude":56.140785,"currentOwner":{"name":"AiNeko","id":202734},"time":"2021-06-29T20:13:31+0000","type":"takeover","longitude":13.394386},{"zone":{"previousOwner":{"name":"Gladiator","id":28192},"dateCreated":"2013-12-24T08:51:08+0000","dateLastTaken":"2021-06-29T20:13:30+0000","latitude":58.394266,"currentOwner":{"name":"lhcper","id":2733},"name":"Vistvägen","id":23958,"totalTakeovers":10863,"region":{"area":{"name":"Linköpings kommun","id":1852},"country":"se","name":"Östergötland","id":139},"pointsPerHour":6,"longitude":15.643929,"takeoverPoints":110},"latitude":58.394266,"currentOwner":{"name":"lhcper","id":2733},"time":"2021-06-29T20:13:30+0000","type":"takeover","longitude":15.643929},{"zone":{"previousOwner":{"name":"Trekfan","id":124924},"dateLastTaken":"2021-06-29T20:13:30+0000","latitude":60.092981,"totalTakeovers":12678,"type":{"name":"Winner Zone","id":6},"pointsPerHour":8,"takeoverPoints":80,"dateCreated":"2013-04-11T11:51:35+0000","currentOwner":{"name":"Corellian","id":264701},"name":"WalkingCannon","id":16914,"region":{"area":{"name":"Mariehamn","id":2176},"country":"fi","name":"Åland","id":177},"longitude":19.950997},"latitude":60.092981,"currentOwner":{"name":"Corellian","id":264701},"time":"2021-06-29T20:13:30+0000","type":"takeover","longitude":19.950997},{"zone":{"previousOwner":{"name":"cambla","id":302813},"dateLastTaken":"2021-06-29T20:13:24+0000","latitude":57.195662,"totalTakeovers":12,"type":{"name":"Monument","id":21},"pointsPerHour":1,"takeoverPoints":185,"dateCreated":"2021-06-09T05:00:00+0000","currentOwner":{"name":"OchilWomble","id":303074},"name":"Aviemoral","id":426410,"region":{"area":{"name":"Highland","id":2784},"country":"gb","name":"Scotland","id":200},"longitude":-3.828754},"latitude":57.195662,"currentOwner":{"name":"OchilWomble","id":303074},"time":"2021-06-29T20:13:24+0000","type":"takeover","longitude":-3.828754},{"zone":{"previousOwner":{"name":"Westeras","id":4233},"dateCreated":"2013-06-21T13:00:00+0000","dateLastTaken":"2021-06-29T20:13:14+0000","latitude":59.614327,"currentOwner":{"name":"mrAce","id":168289},"name":"OakStockRoad","id":19693,"totalTakeovers":19204,"region":{"area":{"name":"Västerås","id":1807},"country":"se","name":"Västmanland","id":143},"pointsPerHour":8,"longitude":16.593484,"takeoverPoints":80},"latitude":59.614327,"currentOwner":{"name":"mrAce","id":168289},"time":"2021-06-29T20:13:14+0000","type":"takeover","longitude":16.593484},{"zone":{"previousOwner":{"name":"Kimber","id":294087},"dateCreated":"2017-03-17T11:23:28+0000","dateLastTaken":"2021-06-29T20:13:13+0000","latitude":60.463204,"currentOwner":{"name":"Welshman","id":305225},"name":"Kurala","id":96429,"totalTakeovers":703,"region":{"area":{"name":"Turku","id":2201},"country":"fi","name":"Lounais-Suomi","id":184},"pointsPerHour":3,"longitude":22.332779,"takeoverPoints":155},"latitude":60.463204,"currentOwner":{"name":"Welshman","id":305225},"time":"2021-06-29T20:13:13+0000","type":"takeover","longitude":22.332779},{"zone":{"previousOwner":{"name":"thelinkan","id":30983},"dateCreated":"2018-06-13T21:41:17+0000","dateLastTaken":"2021-06-29T20:13:08+0000","latitude":59.631482,"currentOwner":{"name":"Kronvrak","id":128938},"name":"GultGuld","id":153953,"totalTakeovers":4022,"region":{"area":{"name":"Enköpings kommun","id":1944},"country":"se","name":"Uppsala","id":142},"pointsPerHour":5,"longitude":17.112848,"takeoverPoints":125},"latitude":59.631482,"currentOwner":{"name":"Kronvrak","id":128938},"time":"2021-06-29T20:13:08+0000","type":"takeover","longitude":17.112848},{"zone":{"previousOwner":{"name":"mattihp","id":10151},"dateCreated":"2014-09-04T20:00:00+0000","dateLastTaken":"2021-06-29T20:13:07+0000","latitude":59.837268,"currentOwner":{"name":"SandraBN","id":332619},"name":"GammalBro","id":33839,"totalTakeovers":4417,"region":{"area":{"name":"Uppsala kommun","id":1977},"country":"se","name":"Uppsala","id":142},"pointsPerHour":8,"longitude":17.658195,"takeoverPoints":80},"latitude":59.837268,"currentOwner":{"name":"SandraBN","id":332619},"time":"2021-06-29T20:13:07+0000","type":"takeover","longitude":17.658195},{"zone":{"previousOwner":{"name":"Superelak","id":126940},"dateCreated":"2012-03-30T19:19:47+0000","dateLastTaken":"2021-06-29T20:13:03+0000","latitude":63.822169,"currentOwner":{"name":"MrDinco","id":11189},"name":"FlitensLampa","id":7702,"totalTakeovers":32350,"region":{"area":{"name":"Umeå kommun","id":2064},"country":"se","name":"Västerbotten","id":127},"pointsPerHour":9,"longitude":20.305615,"takeoverPoints":65},"latitude":63.822169,"currentOwner":{"name":"MrDinco","id":11189},"time":"2021-06-29T20:13:03+0000","type":"takeover","longitude":20.305615},{"zone":{"previousOwner":{"name":"gaelgirl","id":302231},"dateLastTaken":"2021-06-29T20:13:00+0000","latitude":55.960724,"totalTakeovers":534,"type":{"name":"Bridge","id":8},"pointsPerHour":5,"takeoverPoints":125,"dateCreated":"2013-06-15T08:00:00+0000","currentOwner":{"name":"edinfolks","id":320390},"name":"Albionbridge","id":14971,"region":{"area":{"name":"City of Edinburgh","id":2780},"country":"gb","name":"Scotland","id":200},"longitude":-3.168496},"latitude":55.960724,"currentOwner":{"name":"edinfolks","id":320390},"time":"2021-06-29T20:13:00+0000","type":"takeover","longitude":-3.168496},{"zone":{"previousOwner":{"name":"gingerbreadman","id":52404},"dateCreated":"2010-09-04T14:41:37+0000","dateLastTaken":"2021-06-29T20:12:57+0000","latitude":59.618912,"currentOwner":{"name":"DrGryta","id":78765},"name":"MDHZone","id":491,"totalTakeovers":20657,"region":{"area":{"name":"Västerås","id":1807},"country":"se","name":"Västmanland","id":143},"pointsPerHour":9,"longitude":16.540192,"takeoverPoints":65},"latitude":59.618912,"currentOwner":{"name":"DrGryta","id":78765},"time":"2021-06-29T20:12:57+0000","type":"takeover","longitude":16.540192},{"zone":{"previousOwner":{"name":"Echo-Seven","id":304229},"dateLastTaken":"2021-06-29T20:12:54+0000","latitude":55.941053,"totalTakeovers":129,"type":{"name":"Monument","id":21},"pointsPerHour":2,"takeoverPoints":170,"dateCreated":"2020-10-31T13:39:37+0000","currentOwner":{"name":"IRD","id":298055},"name":"Fraser","id":349501,"region":{"area":{"name":"East Dunbartonshire","id":2797},"country":"gb","name":"Scotland","id":200},"longitude":-4.31806},"latitude":55.941053,"currentOwner":{"name":"IRD","id":298055},"time":"2021-06-29T20:12:54+0000","type":"takeover","longitude":-4.31806},{"zone":{"previousOwner":{"name":"Brainar","id":11930},"dateCreated":"2013-12-24T11:00:00+0000","dateLastTaken":"2021-06-29T20:12:51+0000","latitude":59.57578,"currentOwner":{"name":"Tarak","id":262443},"name":"Hägerskogen","id":23808,"totalTakeovers":2348,"region":{"area":{"name":"Håbo","id":1980},"country":"se","name":"Uppsala","id":142},"pointsPerHour":4,"longitude":17.502993,"takeoverPoints":140},"latitude":59.57578,"currentOwner":{"name":"Tarak","id":262443},"time":"2021-06-29T20:12:51+0000","type":"takeover","longitude":17.502993},{"zone":{"previousOwner":{"name":"stomell","id":72303},"dateCreated":"2014-07-12T09:30:00+0000","dateLastTaken":"2021-06-29T20:12:48+0000","latitude":59.161349,"currentOwner":{"name":"EwaC","id":100350},"name":"OdensKornbod","id":32333,"totalTakeovers":785,"region":{"area":{"name":"Örebro kommun","id":1819},"country":"se","name":"Örebro","id":131},"pointsPerHour":2,"longitude":15.518284,"takeoverPoints":170},"latitude":59.161349,"currentOwner":{"name":"EwaC","id":100350},"time":"2021-06-29T20:12:48+0000","type":"takeover","longitude":15.518284},{"zone":{"previousOwner":{"name":"JosseB","id":329873},"dateCreated":"2011-08-29T21:07:18+0000","dateLastTaken":"2021-06-29T20:12:43+0000","latitude":64.757587,"currentOwner":{"name":"tantorange","id":106649},"name":"CopField","id":2907,"totalTakeovers":2825,"region":{"area":{"name":"Skellefteå kommun","id":2065},"country":"se","name":"Västerbotten","id":127},"pointsPerHour":5,"longitude":20.919188,"takeoverPoints":125},"latitude":64.757587,"currentOwner":{"name":"tantorange","id":106649},"time":"2021-06-29T20:12:43+0000","type":"takeover","longitude":20.919188},{"zone":{"previousOwner":{"name":"snobben64","id":56737},"dateLastTaken":"2021-06-29T20:12:42+0000","latitude":59.381074,"totalTakeovers":15415,"type":{"name":"Train Station","id":13},"pointsPerHour":8,"takeoverPoints":80,"dateCreated":"2013-07-11T13:34:59+0000","currentOwner":{"name":"Aicar","id":74956},"name":"Bagartunneln","id":20737,"region":{"area":{"name":"Solna kommun","id":1845},"country":"se","name":"Stockholm","id":141},"longitude":18.000255},"latitude":59.381074,"currentOwner":{"name":"Aicar","id":74956},"time":"2021-06-29T20:12:42+0000","type":"takeover","longitude":18.000255},{"zone":{"previousOwner":{"name":"Strawberries","id":325538},"dateCreated":"2020-12-22T12:57:01+0000","dateLastTaken":"2021-06-29T20:12:40+0000","latitude":56.969203,"currentOwner":{"name":"blueindo","id":333968},"name":"StonePool","id":358253,"totalTakeovers":298,"region":{"area":{"name":"Aberdeenshire","id":2792},"country":"gb","name":"Scotland","id":200},"pointsPerHour":4,"longitude":-2.204943,"takeoverPoints":140},"latitude":56.969203,"currentOwner":{"name":"blueindo","id":333968},"time":"2021-06-29T20:12:40+0000","type":"takeover","longitude":-2.204943},{"zone":{"previousOwner":{"name":"qivasaa","id":37264},"dateCreated":"2013-12-24T11:00:00+0000","dateLastTaken":"2021-06-29T20:12:38+0000","latitude":59.862502,"currentOwner":{"name":"åsanna","id":259883},"name":"WindyHome","id":23823,"totalTakeovers":17017,"region":{"area":{"name":"Uppsala kommun","id":1977},"country":"se","name":"Uppsala","id":142},"pointsPerHour":8,"longitude":17.620927,"takeoverPoints":80},"latitude":59.862502,"currentOwner":{"name":"åsanna","id":259883},"time":"2021-06-29T20:12:38+0000","type":"takeover","longitude":17.620927},{"zone":{"previousOwner":{"name":"nilbir","id":182660},"dateCreated":"2014-06-05T14:01:36+0000","dateLastTaken":"2021-06-29T20:12:34+0000","latitude":59.371802,"currentOwner":{"name":"PappaTurf","id":55428},"name":"Tullhuset","id":31287,"totalTakeovers":11996,"region":{"area":{"name":"Karlstads kommun","id":1827},"country":"se","name":"Värmland","id":130},"pointsPerHour":7,"longitude":13.499889,"takeoverPoints":95},"latitude":59.371802,"currentOwner":{"name":"PappaTurf","id":55428},"time":"2021-06-29T20:12:34+0000","type":"takeover","longitude":13.499889},{"zone":{"previousOwner":{"name":"eddyueue","id":16},"dateCreated":"2016-04-23T03:00:00+0000","dateLastTaken":"2021-06-29T20:12:33+0000","latitude":59.326323,"currentOwner":{"name":"Hundhedningen","id":327476},"name":"Norrmälarhamn","id":64093,"totalTakeovers":11638,"region":{"area":{"name":"Stockholms kommun","id":1828},"country":"se","name":"Stockholm","id":141},"pointsPerHour":9,"longitude":18.04452,"takeoverPoints":65},"latitude":59.326323,"currentOwner":{"name":"Hundhedningen","id":327476},"time":"2021-06-29T20:12:33+0000","type":"takeover","longitude":18.04452},{"zone":{"previousOwner":{"name":"vitdom","id":130203},"dateCreated":"2010-07-18T00:00:00+0000","dateLastTaken":"2021-06-29T20:12:32+0000","latitude":59.318207,"currentOwner":{"name":"mackan05","id":301770},"name":"Mariatorget","id":131,"totalTakeovers":24813,"region":{"area":{"name":"Stockholms kommun","id":1828},"country":"se","name":"Stockholm","id":141},"pointsPerHour":9,"longitude":18.062839,"takeoverPoints":65},"assists":[{"name":"Krussidullen","id":74555}],"latitude":59.318207,"currentOwner":{"name":"mackan05","id":301770},"time":"2021-06-29T20:12:32+0000","type":"takeover","longitude":18.062839},{"zone":{"previousOwner":{"name":"MtkaHek","id":303521},"dateCreated":"2021-02-22T00:09:12+0000","dateLastTaken":"2021-06-29T20:12:32+0000","latitude":44.952713,"currentOwner":{"name":"HypnoToad","id":312175},"name":"MeadowPrk","id":387511,"totalTakeovers":53,"region":{"area":{"name":"Hennepin County","id":4063},"country":"us","name":"Minnesota","id":405},"pointsPerHour":1,"longitude":-93.449307,"takeoverPoints":185},"latitude":44.952713,"currentOwner":{"name":"HypnoToad","id":312175},"time":"2021-06-29T20:12:32+0000","type":"takeover","longitude":-93.449307},{"zone":{"previousOwner":{"name":"0beroff","id":80119},"dateCreated":"2012-03-20T00:22:31+0000","dateLastTaken":"2021-06-29T20:12:28+0000","latitude":59.380011,"currentOwner":{"name":"Stålblå","id":300091},"name":"KrullZone","id":7087,"totalTakeovers":8207,"region":{"area":{"name":"Sundbybergs kommun","id":1889},"country":"se","name":"Stockholm","id":141},"pointsPerHour":6,"longitude":17.936342,"takeoverPoints":110},"latitude":59.380011,"currentOwner":{"name":"Stålblå","id":300091},"time":"2021-06-29T20:12:28+0000","type":"takeover","longitude":17.936342},{"zone":{"previousOwner":{"name":"Westeras","id":4233},"dateCreated":"2012-04-01T14:31:11+0000","dateLastTaken":"2021-06-29T20:12:24+0000","latitude":59.614808,"currentOwner":{"name":"mrAce","id":168289},"name":"OhBehave","id":7762,"totalTakeovers":25334,"region":{"area":{"name":"Västerås","id":1807},"country":"se","name":"Västmanland","id":143},"pointsPerHour":8,"longitude":16.589058,"takeoverPoints":80},"latitude":59.614808,"currentOwner":{"name":"mrAce","id":168289},"time":"2021-06-29T20:12:24+0000","type":"takeover","longitude":16.589058},{"zone":{"previousOwner":{"name":"Fåret_Shaun","id":298893},"dateCreated":"2010-09-04T14:41:37+0000","dateLastTaken":"2021-06-29T20:12:20+0000","latitude":59.610305,"currentOwner":{"name":"Marina","id":69977},"name":"SkrapanZone","id":483,"totalTakeovers":49526,"region":{"area":{"name":"Västerås","id":1807},"country":"se","name":"Västmanland","id":143},"pointsPerHour":9,"longitude":16.550374,"takeoverPoints":65},"latitude":59.610305,"currentOwner":{"name":"Marina","id":69977},"time":"2021-06-29T20:12:20+0000","type":"takeover","longitude":16.550374}]