[{"zone":{"previousOwner":{"name":"Jomii","id":63235},"dateCreated":"2010-10-17T15:23:41+0000","dateLastTaken":"2021-07-01T21:37:48+0000","latitude":59.379697,"currentOwner":{"name":"nilbir","id":182660},"name":"Klaraborg","id":1024,"totalTakeovers":20122,"region":{"area":{"name":"Karlstads kommun","id":1827},"country":"se","name":"Värmland","id":130},"pointsPerHour":8,"longitude":13.489687,"takeoverPoints":80},"latitude":59.379697,"currentOwner":{"name":"nilbir","id":182660},"time":"2021-07-01T21:37:48+0000","type":"takeover","longitude":13.489687},{"zone":{"previousOwner":{"name":"Choko","id":229364},"dateCreated":"2012-12-02T17:43:33+0000","dateLastTaken":"2021-07-01T21:37:46+0000","latitude":60.099173,"currentOwner":{"name":"Corellian","id":264701},"name":"Lyceum","id":12105,"totalTakeovers":20366,"region":{"area":{"name":"Mariehamn","id":2176},"country":"fi","name":"Åland","id":177},"pointsPerHour":8,"longitude":19.93438,"takeoverPoints":80},"latitude":60.099173,"currentOwner":{"name":"Corellian","id":264701},"time":"2021-07-01T21:37:46+0000","type":"takeover","longitude":19.93438},{"zone":{"previousOwner":{"name":"Snabelanna","id":27629},"dateCreated":"2012-11-27T20:21:38+0000","dateLastTaken":"2021-07-01T21:37:36+0000","latitude":56.663734,"currentOwner":{"name":"GW007","id":77704},"name":"ParkForPeople","id":12063,"totalTakeovers":13218,"region":{"area":{"name":"Kalmar kommun","id":2015},"country":"se","name":"Kalmar","id":137},"pointsPerHour":6,"longitude":16.334031,"takeoverPoints":110},"latitude":56.663734,"currentOwner":{"name":"GW007","id":77704},"time":"2021-07-01T21:37:36+0000","type":"takeover","longitude":16.334031},{"zone":{"previousOwner":{"name":"AnneliCH","id":186304},"dateCreated":"2010-09-04T14:41:37+0000","dateLastTaken":"2021-07-01T21:37:33+0000","latitude":55.590765,"currentOwner":{"name":"TuonoV4","id":280997},"name":"ÅhhCarlGustaf","id":627,"totalTakeovers":11075,"region":{"area":{"name":"Malmö kommun","id":1898},"country":"se","name":"Skåne","id":135},"pointsPerHour":7,"longitude":12.999555,"takeoverPoints":95},"latitude":55.590765,"currentOwner":{"name":"TuonoV4","id":280997},"time":"2021-07-01T21:37:33+0000","type":"takeover","longitude":12.999555},{"zone":{"previousOwner":{"name":"VanVliet","id":314298},"dateCreated":"2021-01-17T11:06:04+0000","dateLastTaken":"2021-07-01T21:37:29+0000","latitude":57.115975,"currentOwner":{"name":"VanVliet","id":314298},"name":"CairnHeap","id":368595,"totalTakeovers":97,"region":{"area":{"name":"Aberdeen City","id":2742},"country":"gb","name":"Scotland","id":200},"pointsPerHour":2,"longitude":-2.194218,"takeoverPoints":170},"latitude":57.115975,"currentOwner":{"name":"VanVliet","id":314298},"time":"2021-07-01T21:37:29+0000","type":"takeover","longitude":-2.194218},{"zone":{"previousOwner":{"name":"kjtindall","id":292775},"dateCreated":"2021-06-30T10:54:55+0000","dateLastTaken":"2021-07-01T21:37:25+0000","latitude":57.201141,"currentOwner":{"name":"cambla","id":302813},"name":"SpeyCraigWay","id":429064,"totalTakeovers":5,"region":{"area":{"name":"Highland","id":2784},"country":"gb","name":"Scotland","id":200},"pointsPerHour":1,"longitude":-3.82742,"takeoverPoints":185},"latitude":57.201141,"currentOwner":{"name":"cambla","id":302813},"time":"2021-07-01T21:37:25+0000","type":"takeover","longitude":-3.82742},{"zone":{"previousOwner":{"name":"FinnishHymn","id":72837},"dateCreated":"2017-04-01T20:30:09+0000","dateLastTaken":"2021-07-01T21:37:25+0000","latitude":63.810026,"currentOwner":{"name":"praktikus","id":64871},"name":"CityLimitZone","id":97336,"totalTakeovers":3897,"region":{"area":{"name":"Umeå kommun","id":2064},"country":"se","name":"Västerbotten","id":127},"pointsPerHour":5,"longitude":20.383103,"takeoverPoints":125},"latitude":63.810026,"currentOwner":{"name":"praktikus","id":64871},"time":"2021-07-01T21:37:25+0000","type":"takeover","longitude":20.383103},{"zone":{"previousOwner":{"name":"Svaale","id":161076},"dateCreated":"2020-06-06T06:06:06+0000","dateLastTaken":"2021-07-01T21:37:24+0000","latitude":65.609535,"currentOwner":{"name":"grock","id":189790},"name":"Bilskrotskog","id":278576,"totalTakeovers":607,"region":{"area":{"name":"Luleå kommun","id":1798},"country":"se","name":"Norrbotten","id":126},"pointsPerHour":5,"longitude":22.144167,"takeoverPoints":125},"latitude":65.609535,"currentOwner":{"name":"grock","id":189790},"time":"2021-07-01T21:37:24+0000","type":"takeover","longitude":22.144167},{"zone":{"previousOwner":{"name":"Gusmasen","id":45475},"dateCreated":"2013-02-10T00:00:00+0000","dateLastTaken":"2021-07-01T21:37:23+0000","latitude":59.638192,"currentOwner":{"name":"Frökenathena","id":240979},"name":"MultiCross","id":13622,"totalTakeovers":16711,"region":{"area":{"name":"Västerås","id":1807},"country":"se","name":"Västmanland","id":143},"pointsPerHour":8,"longitude":16.521008,"takeoverPoints":80},"latitude":59.638192,"currentOwner":{"name":"Frökenathena","id":240979},"time":"2021-07-01T21:37:23+0000","type":"takeover","longitude":16.521008},{"zone":{"previousOwner":{"name":"Pellepennan","id":328784},"dateCreated":"2018-11-22T10:30:00+0000","dateLastTaken":"2021-07-01T21:37:11+0000","latitude":58.420172,"currentOwner":{"name":"Fridolf","id":69016},"name":"TechnicalAche","id":177438,"totalTakeovers":2061,"region":{"area":{"name":"Linköpings kommun","id":1852},"country":"se","name":"Östergötland","id":139},"pointsPerHour":7,"longitude":15.63252,"takeoverPoints":95},"latitude":58.420172,"currentOwner":{"name":"Fridolf","id":69016},"time":"2021-07-01T21:37:11+0000","type":"takeover","longitude":15.63252},{"zone":{"previousOwner":{"name":"Muminpappans","id":199952},"dateCreated":"2016-04-13T17:59:36+0000","dateLastTaken":"2021-07-01T21:36:50+0000","latitude":60.228586,"currentOwner":{"name":"Klimke","id":147275},"name":"Adventure","id":65967,"totalTakeovers":6744,"region":{"area":{"name":"Finström","id":2181},"country":"fi","name":"Åland","id":177},"pointsPerHour":7,"longitude":19.983677,"takeoverPoints":95},"latitude":60.228586,"currentOwner":{"name":"Klimke","id":147275},"time":"2021-07-01T21:36:50+0000","type":"takeover","longitude":19.983677},{"zone":{"previousOwner":{"name":"MrCoolWat.","id":227290},"dateCreated":"2020-10-09T16:00:00+0000","dateLastTaken":"2021-07-01T21:36:46+0000","latitude":60.201914,"currentOwner":{"name":"MrCoolWat","id":335259},"name":"Zone7","id":342650,"totalTakeovers":101,"region":{"area":{"name":"Finström","id":2181},"country":"fi","name":"Åland","id":177},"pointsPerHour":2,"longitude":19.868644,"takeoverPoints":170},"latitude":60.201914,"currentOwner":{"name":"MrCoolWat","id":335259},"time":"2021-07-01T21:36:46+0000","type":"takeover","longitude":19.868644},{"zone":{"previousOwner":{"name":"kner","id":180526},"dateCreated":"2013-08-03T20:17:15+0000","dateLastTaken":"2021-07-01T21:36:45+0000","latitude":58.581055,"currentOwner":{"name":"CykologenCOM","id":122322},"name":"SwartsPark","id":21139,"totalTakeovers":5294,"region":{"area":{"name":"Norrköpings kommun","id":1853},"country":"se","name":"Östergötland","id":139},"pointsPerHour":6,"longitude":16.183769,"takeoverPoints":110},"latitude":58.581055,"currentOwner":{"name":"CykologenCOM","id":122322},"time":"2021-07-01T21:36:45+0000","type":"takeover","longitude":16.183769},{"zone":{"previousOwner":{"name":"Torben","id":300370},"dateCreated":"2012-03-19T23:35:24+0000","dateLastTaken":"2021-07-01T21:36:40+0000","latitude":59.384044,"currentOwner":{"name":"NightDriver","id":279433},"name":"Enforcement","id":7061,"totalTakeovers":5090,"region":{"area":{"name":"Stockholms kommun","id":1828},"country":"se","name":"Stockholm","id":141},"pointsPerHour":6,"longitude":17.893412,"takeoverPoints":110},"latitude":59.384044,"currentOwner":{"name":"NightDriver","id":279433},"time":"2021-07-01T21:36:40+0000","type":"takeover","longitude":17.893412},{"zone":{"previousOwner":{"name":"Skottfint","id":38465},"dateCreated":"2017-05-07T20:33:45+0000","dateLastTaken":"2021-07-01T21:36:34+0000","latitude":57.704826,"currentOwner":{"name":"jösses...då","id":113416},"name":"VarkenEller","id":105298,"totalTakeovers":10289,"region":{"area":{"name":"Göteborgs kommun","id":1885},"country":"se","name":"Västra Götaland","id":132},"pointsPerHour":9,"longitude":11.955969,"takeoverPoints":65},"latitude":57.704826,"currentOwner":{"name":"jösses...då","id":113416},"time":"2021-07-01T21:36:34+0000","type":"takeover","longitude":11.955969},{"zone":{"previousOwner":{"name":"vontratt","id":228655},"dateLastTaken":"2021-07-01T21:36:31+0000","latitude":60.099785,"totalTakeovers":13730,"type":{"name":"Winner Zone","id":6},"pointsPerHour":8,"takeoverPoints":80,"dateCreated":"2014-08-05T15:40:46+0000","currentOwner":{"name":"Corellian","id":264701},"name":"MoolersTurf","id":33371,"region":{"area":{"name":"Mariehamn","id":2176},"country":"fi","name":"Åland","id":177},"longitude":19.929861},"latitude":60.099785,"currentOwner":{"name":"Corellian","id":264701},"time":"2021-07-01T21:36:31+0000","type":"takeover","longitude":19.929861},{"zone":{"previousOwner":{"name":"AnneliCH","id":186304},"dateLastTaken":"2021-07-01T21:36:27+0000","latitude":55.592105,"totalTakeovers":9882,"type":{"name":"Train Station","id":13},"pointsPerHour":8,"takeoverPoints":80,"dateCreated":"2017-02-08T12:26:03+0000","currentOwner":{"name":"TuonoV4","id":280997},"name":"TriangelnSyd","id":95224,"region":{"area":{"name":"Malmö kommun","id":1898},"country":"se","name":"Skåne","id":135},"longitude":13.001856},"latitude":55.592105,"currentOwner":{"name":"TuonoV4","id":280997},"time":"2021-07-01T21:36:27+0000","type":"takeover","longitude":13.001856},{"zone":{"previousOwner":{"name":"Snabelanna","id":27629},"dateCreated":"2014-09-06T20:19:15+0000","dateLastTaken":"2021-07-01T21:36:26+0000","latitude":56.664028,"currentOwner":{"name":"GW007","id":77704},"name":"GasJacob","id":34624,"totalTakeovers":8480,"region":{"area":{"name":"Kalmar kommun","id":2015},"country":"se","name":"Kalmar","id":137},"pointsPerHour":6,"longitude":16.33792,"takeoverPoints":110},"latitude":56.664028,"currentOwner":{"name":"GW007","id":77704},"time":"2021-07-01T21:36:26+0000","type":"takeover","longitude":16.33792},{"zone":{"previousOwner":{"name":"cambla","id":302813},"dateCreated":"2017-03-25T10:22:20+0000","dateLastTaken":"2021-07-01T21:36:22+0000","latitude":57.459509,"currentOwner":{"name":"T.Reznor","id":310821},"name":"DrummondsZone","id":96831,"totalTakeovers":205,"region":{"area":{"name":"Highland","id":2784},"country":"gb","name":"Scotland","id":200},"pointsPerHour":2,"longitude":-4.225307,"takeoverPoints":170},"latitude":57.459509,"currentOwner":{"name":"T.Reznor","id":310821},"time":"2021-07-01T21:36:22+0000","type":"takeover","longitude":-4.225307},{"zone":{"previousOwner":{"name":"lejonet","id":35751},"dateCreated":"2021-05-05T16:38:14+0000","dateLastTaken":"2021-07-01T21:36:12+0000","latitude":59.352505,"currentOwner":{"name":"0beroff","id":80119},"name":"GKS","id":408536,"totalTakeovers":370,"region":{"area":{"name":"Solna kommun","id":1845},"country":"se","name":"Stockholm","id":141},"pointsPerHour":5,"longitude":18.032288,"takeoverPoints":125},"latitude":59.352505,"currentOwner":{"name":"0beroff","id":80119},"time":"2021-07-01T21:36:12+0000","type":"takeover","longitude":18.032288},{"zone":{"previousOwner":{"name":"Karamella","id":158664},"dateCreated":"2013-02-03T20:50:26+0000","dateLastTaken":"2021-07-01T21:36:11+0000","latitude":61.121813,"currentOwner":{"name":"Dheri","id":13482},"name":"GreenCircle","id":14493,"totalTakeovers":519,"region":{"area":{"name":"Orsa kommun","id":1869},"country":"se","name":"Dalarna","id":129},"pointsPerHour":2,"longitude":14.619967,"takeoverPoints":170},"latitude":61.121813,"currentOwner":{"name":"Dheri","id":13482},"time":"2021-07-01T21:36:11+0000","type":"takeover","longitude":14.619967},{"zone":{"previousOwner":{"name":"tollbott","id":122133},"dateCreated":"2015-05-23T06:00:00+0000","dateLastTaken":"2021-07-01T21:35:58+0000","latitude":57.755195,"currentOwner":{"name":"Doppe","id":209368},"name":"Sidospår","id":52992,"totalTakeovers":2075,"region":{"area":{"name":"Västerviks kommun","id":2022},"country":"se","name":"Kalmar","id":137},"pointsPerHour":2,"longitude":16.591853,"takeoverPoints":170},"latitude":57.755195,"currentOwner":{"name":"Doppe","id":209368},"time":"2021-07-01T21:35:58+0000","type":"takeover","longitude":16.591853},{"zone":{"previousOwner":{"name":"mossoen","id":142458},"dateLastTaken":"2021-07-01T21:35:55+0000","latitude":59.86788,"totalTakeovers":16615,"type":{"name":"Holy","id":9},"pointsPerHour":8,"takeoverPoints":80,"dateCreated":"2012-10-29T10:48:02+0000","currentOwner":{"name":"tilverturf","id":166033},"name":"PerrasPlats","id":11761,"region":{"area":{"name":"Uppsala kommun","id":1977},"country":"se","name":"Uppsala","id":142},"longitude":17.649574},"latitude":59.86788,"currentOwner":{"name":"tilverturf","id":166033},"time":"2021-07-01T21:35:55+0000","type":"takeover","longitude":17.649574},{"zone":{"previousOwner":{"name":"Lindhardt","id":212850},"dateCreated":"2016-04-01T04:04:01+0000","dateLastTaken":"2021-07-01T21:35:54+0000","latitude":59.379104,"currentOwner":{"name":"nilbir","id":182660},"name":"Busstazon","id":64902,"totalTakeovers":14609,"region":{"area":{"name":"Karlstads kommun","id":1827},"country":"se","name":"Värmland","id":130},"pointsPerHour":8,"longitude":13.493451,"takeoverPoints":80},"latitude":59.379104,"currentOwner":{"name":"nilbir","id":182660},"time":"2021-07-01T21:35:54+0000","type":"takeover","longitude":13.493451},{"zone":{"previousOwner":{"name":"Svaale","id":161076},"dateCreated":"2012-04-12T08:54:15+0000","dateLastTaken":"2021-07-01T21:35:39+0000","latitude":65.609646,"currentOwner":{"name":"grock","id":189790},"name":"TillDepån","id":8112,"totalTakeovers":4757,"region":{"area":{"name":"Luleå kommun","id":1798},"country":"se","name":"Norrbotten","id":126},"pointsPerHour":6,"longitude":22.137407,"takeoverPoints":110},"latitude":65.609646,"currentOwner":{"name":"grock","id":189790},"time":"2021-07-01T21:35:39+0000","type":"takeover","longitude":22.137407},{"zone":{"previousOwner":{"name":"Paddington","id":74108},"dateCreated":"2011-02-09T15:41:25+0000","dateLastTaken":"2021-07-01T21:35:36+0000","latitude":58.419751,"currentOwner":{"name":"Fridolf","id":69016},"name":"RodIsland","id":1474,"totalTakeovers":4745,"region":{"area":{"name":"Linköpings kommun","id":1852},"country":"se","name":"Östergötland","id":139},"pointsPerHour":6,"longitude":15.63087,"takeoverPoints":110},"latitude":58.419751,"currentOwner":{"name":"Fridolf","id":69016},"time":"2021-07-01T21:35:36+0000","type":"takeover","longitude":15.63087},{"zone":{"previousOwner":{"name":"Muminpappans","id":199952},"dateCreated":"2021-01-17T14:52:37+0000","dateLastTaken":"2021-07-01T21:35:32+0000","latitude":60.226351,"currentOwner":{"name":"Klimke","id":147275},"name":"LångKallesZon","id":368634,"totalTakeovers":797,"region":{"area":{"name":"Finström","id":2181},"country":"fi","name":"Åland","id":177},"pointsPerHour":6,"longitude":19.984873,"takeoverPoints":110},"latitude":60.226351,"currentOwner":{"name":"Klimke","id":147275},"time":"2021-07-01T21:35:32+0000","type":"takeover","longitude":19.984873},{"zone":{"previousOwner":{"name":"FinnishHymn","id":72837},"dateCreated":"2014-12-28T16:47:23+0000","dateLastTaken":"2021-07-01T21:35:28+0000","latitude":63.81046,"currentOwner":{"name":"praktikus","id":64871},"name":"MotSkogn","id":43362,"totalTakeovers":5369,"region":{"area":{"name":"Umeå kommun","id":2064},"country":"se","name":"Västerbotten","id":127},"pointsPerHour":5,"longitude":20.393223,"takeoverPoints":125},"latitude":63.81046,"currentOwner":{"name":"praktikus","id":64871},"time":"2021-07-01T21:35:28+0000","type":"takeover","longitude":20.393223},{"zone":{"previousOwner":{"name":"kato","id":3206},"dateLastTaken":"2021-07-01T21:35:14+0000","latitude":55.594213,"totalTakeovers":15646,"type":{"name":"Holy","id":9},"pointsPerHour":8,"takeoverPoints":80,"dateCreated":"2013-06-24T13:00:00+0000","currentOwner":{"name":"TuonoV4","id":280997},"name":"Triangeln","id":20397,"region":{"area":{"name":"Malmö kommun","id":1898},"country":"se","name":"Skåne","id":135},"longitude":13.000849},"latitude":55.594213,"currentOwner":{"name":"TuonoV4","id":280997},"time":"2021-07-01T21:35:14+0000","type":"takeover","longitude":13.000849},{"zone":{"previousOwner":{"name":"Tveskägg","id":50274},"dateCreated":"2017-07-07T07:30:00+0000","dateLastTaken":"2021-07-01T21:35:11+0000","latitude":55.722369,"currentOwner":{"name":"PastaPutin","id":148021},"name":"Korsstygnet","id":114944,"totalTakeovers":3363,"region":{"area":{"name":"Lunds kommun","id":1948},"country":"se","name":"Skåne","id":135},"pointsPerHour":6,"longitude":13.21926,"takeoverPoints":110},"latitude":55.722369,"currentOwner":{"name":"PastaPutin","id":148021},"time":"2021-07-01T21:35:11+0000","type":"takeover","longitude":13.21926},{"zone":{"previousOwner":{"name":"Snabelanna","id":27629},"dateCreated":"2018-05-10T21:34:26+0000","dateLastTaken":"2021-07-01T21:35:11+0000","latitude":56.663194,"currentOwner":{"name":"GW007","id":77704},"name":"Fyllerimaskin","id":148710,"totalTakeovers":4235,"region":{"area":{"name":"Kalmar kommun","id":2015},"country":"se","name":"Kalmar","id":137},"pointsPerHour":6,"longitude":16.342079,"takeoverPoints":110},"latitude":56.663194,"currentOwner":{"name":"GW007","id":77704},"time":"2021-07-01T21:35:11+0000","type":"takeover","longitude":16.342079},{"zone":{"previousOwner":{"name":"Helenaviktoria","id":107467},"dateLastTaken":"2021-07-01T21:35:10+0000","latitude":57.706489,"totalTakeovers":21931,"type":{"name":"Bridge","id":8},"pointsPerHour":9,"takeoverPoints":65,"dateCreated":"2010-08-04T00:00:00+0000","currentOwner":{"name":"jösses...då","id":113416},"name":"Sluthyvlat","id":361,"region":{"area":{"name":"Göteborgs kommun","id":1885},"country":"se","name":"Västra Götaland","id":132},"longitude":11.958837},"latitude":57.706489,"currentOwner":{"name":"jösses...då","id":113416},"time":"2021-07-01T21:35:10+0000","type":"takeover","longitude":11.958837},{"zone":{"previousOwner":{"name":"MrsSlayerrr","id":185906},"dateCreated":"2014-05-13T20:02:54+0000","dateLastTaken":"2021-07-01T21:35:07+0000","latitude":60.102635,"currentOwner":{"name":"Corellian","id":264701},"name":"ÅlandHigh","id":29219,"totalTakeovers":8552,"region":{"area":{"name":"Mariehamn","id":2176},"country":"fi","name":"Åland","id":177},"pointsPerHour":7,"longitude":19.928139,"takeoverPoints":95},"latitude":60.102635,"currentOwner":{"name":"Corellian","id":264701},"time":"2021-07-01T21:35:07+0000","type":"takeover","longitude":19.928139},{"zone":{"previousOwner":{"name":"svenlutte","id":62695},"dateLastTaken":"2021-07-01T21:35:04+0000","latitude":59.273945,"totalTakeovers":35915,"type":{"name":"Bridge","id":8},"pointsPerHour":9,"takeoverPoints":65,"dateCreated":"2010-08-10T00:00:00+0000","currentOwner":{"name":"Possanzini","id":20410},"name":"BigBridge","id":354,"region":{"area":{"name":"Örebro kommun","id":1819},"country":"se","name":"Örebro","id":131},"longitude":15.213368},"latitude":59.273945,"currentOwner":{"name":"Possanzini","id":20410},"time":"2021-07-01T21:35:04+0000","type":"takeover","longitude":15.213368},{"zone":{"previousOwner":{"name":"kjtindall","id":292775},"dateLastTaken":"2021-07-01T21:35:02+0000","latitude":57.195662,"totalTakeovers":18,"type":{"name":"Monument","id":21},"pointsPerHour":1,"takeoverPoints":185,"dateCreated":"2021-06-09T05:00:00+0000","currentOwner":{"name":"cambla","id":302813},"name":"Aviemoral","id":426410,"region":{"area":{"name":"Highland","id":2784},"country":"gb","name":"Scotland","id":200},"longitude":-3.828754},"latitude":57.195662,"currentOwner":{"name":"cambla","id":302813},"time":"2021-07-01T21:35:02+0000","type":"takeover","longitude":-3.828754},{"zone":{"previousOwner":{"name":"Entertainer","id":63823},"dateCreated":"2015-06-04T11:00:00+0000","dateLastTaken":"2021-07-01T21:34:44+0000","latitude":68.35842,"currentOwner":{"name":"Florence","id":70365},"name":"AbiskoTourist","id":54254,"totalTakeovers":669,"region":{"area":{"name":"Kiruna kommun","id":1800},"country":"se","name":"Norrbotten","id":126},"pointsPerHour":1,"longitude":18.783025,"takeoverPoints":185},"latitude":68.35842,"currentOwner":{"name":"Florence","id":70365},"time":"2021-07-01T21:34:44+0000","type":"takeover","longitude":18.783025},{"zone":{"previousOwner":{"name":"Jomii","id":63235},"dateCreated":"2013-12-24T11:00:11+0000","dateLastTaken":"2021-07-01T21:34:37+0000","latitude":59.380299,"currentOwner":{"name":"nilbir","id":182660},"name":"Älvgatan","id":23796,"totalTakeovers":17345,"region":{"area":{"name":"Karlstads kommun","id":1827},"country":"se","name":"Värmland","id":130},"pointsPerHour":8,"longitude":13.495235,"takeoverPoints":80},"latitude":59.380299,"currentOwner":{"name":"nilbir","id":182660},"time":"2021-07-01T21:34:37+0000","type":"takeover","longitude":13.495235},{"zone":{"previousOwner":{"name":"mossoen","id":142458},"dateCreated":"2018-05-10T05:00:00+0000","dateLastTaken":"2021-07-01T21:34:26+0000","latitude":59.868344,"currentOwner":{"name":"tilverturf","id":166033},"name":"Kvarngärde","id":144403,"totalTakeovers":6585,"region":{"area":{"name":"Uppsala kommun","id":1977},"country":"se","name":"Uppsala","id":142},"pointsPerHour":8,"longitude":17.653163,"takeoverPoints":80},"latitude":59.868344,"currentOwner":{"name":"tilverturf","id":166033},"time":"2021-07-01T21:34:26+0000","type":"takeover","longitude":17.653163},{"zone":{"previousOwner":{"name":"Gusmasen","id":45475},"dateCreated":"2013-02-10T00:00:00+0000","dateLastTaken":"2021-07-01T21:34:25+0000","latitude":59.637836,"currentOwner":{"name":"Frökenathena","id":240979},"name":"RidgePasture","id":14908,"totalTakeovers":15961,"region":{"area":{"name":"Västerås","id":1807},"country":"se","name":"Västmanland","id":143},"pointsPerHour":8,"longitude":16.513814,"takeoverPoints":80},"latitude":59.637836,"currentOwner":{"name":"Frökenathena","id":240979},"time":"2021-07-01T21:34:25+0000","type":"takeover","longitude":16.513814},{"zone":{"previousOwner":{"name":"wabbe65","id":55204},"dateCreated":"2014-01-27T22:35:00+0000","dateLastTaken":"2021-07-01T21:34:21+0000","latitude":59.378454,"currentOwner":{"name":"HeyJune!","id":254091},"name":"Åbergssons","id":25176,"totalTakeovers":6550,"region":{"area":{"name":"Solna kommun","id":1845},"country":"se","name":"Stockholm","id":141},"pointsPerHour":8,"longitude":18.035035,"takeoverPoints":80},"latitude":59.378454,"currentOwner":{"name":"HeyJune!","id":254091},"time":"2021-07-01T21:34:21+0000","type":"takeover","longitude":18.035035},{"zone":{"previousOwner":{"name":"mossoen","id":142458},"dateCreated":"2010-09-04T14:41:37+0000","dateLastTaken":"2021-07-01T21:34:12+0000","latitude":59.864824,"currentOwner":{"name":"Uncouth","id":74248},"name":"BirdPaddock","id":477,"totalTakeovers":16584,"region":{"area":{"name":"Uppsala kommun","id":1977},"country":"se","name":"Uppsala","id":142},"pointsPerHour":8,"longitude":17.662874,"takeoverPoints":80},"latitude":59.864824,"currentOwner":{"name":"Uncouth","id":74248},"time":"2021-07-01T21:34:12+0000","type":"takeover","longitude":17.662874},{"zone":{"previousOwner":{"name":"Ramfall","id":121985},"dateLastTaken":"2021-07-01T21:34:11+0000","latitude":63.710659,"totalTakeovers":3785,"type":{"name":"Bridge","id":8},"pointsPerHour":5,"takeoverPoints":125,"dateCreated":"2014-11-04T23:44:19+0000","currentOwner":{"name":"bengtbbb","id":64627},"name":"BlåBro","id":41815,"region":{"area":{"name":"Umeå kommun","id":2064},"country":"se","name":"Västerbotten","id":127},"longitude":20.335546},"latitude":63.710659,"currentOwner":{"name":"bengtbbb","id":64627},"time":"2021-07-01T21:34:11+0000","type":"takeover","longitude":20.335546},{"zone":{"previousOwner":{"name":"kato","id":3206},"dateCreated":"2014-04-06T12:40:17+0000","dateLastTaken":"2021-07-01T21:34:07+0000","latitude":55.596221,"currentOwner":{"name":"TuonoV4","id":280997},"name":"Operapark","id":27827,"totalTakeovers":10572,"region":{"area":{"name":"Malmö kommun","id":1898},"country":"se","name":"Skåne","id":135},"pointsPerHour":8,"longitude":12.998086,"takeoverPoints":80},"latitude":55.596221,"currentOwner":{"name":"TuonoV4","id":280997},"time":"2021-07-01T21:34:07+0000","type":"takeover","longitude":12.998086},{"zone":{"previousOwner":{"name":"iste","id":295223},"dateCreated":"2014-07-15T19:57:22+0000","dateLastTaken":"2021-07-01T21:33:53+0000","latitude":60.349937,"currentOwner":{"name":"Gammelturfen","id":9109},"name":"SportSäter","id":32485,"totalTakeovers":1370,"region":{"area":{"name":"Säters kommun","id":1876},"country":"se","name":"Dalarna","id":129},"pointsPerHour":1,"longitude":15.740474,"takeoverPoints":185},"latitude":60.349937,"currentOwner":{"name":"Gammelturfen","id":9109},"time":"2021-07-01T21:33:53+0000","type":"takeover","longitude":15.740474},{"zone":{"previousOwner":{"name":"Mossetomten","id":301020},"dateLastTaken":"2021-07-01T21:33:52+0000","latitude":56.665036,"totalTakeovers":10158,"type":{"name":"Bridge","id":8},"pointsPerHour":6,"takeoverPoints":110,"dateCreated":"2012-11-12T19:19:39+0000","currentOwner":{"name":"GW007","id":77704},"name":"Bragebron","id":11882,"region":{"area":{"name":"Kalmar kommun","id":2015},"country":"se","name":"Kalmar","id":137},"longitude":16.341339},"latitude":56.665036,"currentOwner":{"name":"GW007","id":77704},"time":"2021-07-01T21:33:52+0000","type":"takeover","longitude":16.341339},{"zone":{"previousOwner":{"name":"cambla","id":302813},"dateCreated":"2020-12-20T18:11:36+0000","dateLastTaken":"2021-07-01T21:33:49+0000","latitude":57.455012,"currentOwner":{"name":"T.Reznor","id":310821},"name":"FluffyUnicorn","id":357833,"totalTakeovers":278,"region":{"area":{"name":"Highland","id":2784},"country":"gb","name":"Scotland","id":200},"pointsPerHour":2,"longitude":-4.232769,"takeoverPoints":170},"latitude":57.455012,"currentOwner":{"name":"T.Reznor","id":310821},"time":"2021-07-01T21:33:49+0000","type":"takeover","longitude":-4.232769},{"zone":{"previousOwner":{"name":"RalfTurfSmurf","id":21003},"dateCreated":"2016-11-26T18:46:22+0000","dateLastTaken":"2021-07-01T21:33:43+0000","latitude":59.413583,"currentOwner":{"name":"Mr_Kvarne","id":186603},"name":"Drakparken","id":92086,"totalTakeovers":2648,"region":{"area":{"name":"Järfälla kommun","id":1835},"country":"se","name":"Stockholm","id":141},"pointsPerHour":6,"longitude":17.865408,"takeoverPoints":110},"latitude":59.413583,"currentOwner":{"name":"Mr_Kvarne","id":186603},"time":"2021-07-01T21:33:43+0000","type":"takeover","longitude":17.865408},{"zone":{"previousOwner":{"name":"Choko","id":229364},"dateLastTaken":"2021-07-01T21:33:42+0000","latitude":60.101103,"totalTakeovers":12529,"type":{"name":"Winner Zone","id":6},"pointsPerHour":7,"takeoverPoints":95,"dateCreated":"2014-07-06T18:48:17+0000","currentOwner":{"name":"Corellian","id":264701},"name":"ÖhsFtw","id":32175,"region":{"area":{"name":"Mariehamn","id":2176},"country":"fi","name":"Åland","id":177},"longitude":19.931576},"latitude":60.101103,"currentOwner":{"name":"Corellian","id":264701},"time":"2021-07-01T21:33:42+0000","type":"takeover","longitude":19.931576},{"zone":{"previousOwner":{"name":"Paddington","id":74108},"dateCreated":"2012-03-19T20:39:47+0000","dateLastTaken":"2021-07-01T21:33:38+0000","latitude":58.423501,"currentOwner":{"name":"Fridolf","id":69016},"name":"BesideWater","id":7000,"totalTakeovers":5151,"region":{"area":{"name":"Linköpings kommun","id":1852},"country":"se","name":"Östergötland","id":139},"pointsPerHour":6,"longitude":15.629991,"takeoverPoints":110},"latitude":58.423501,"currentOwner":{"name":"Fridolf","id":69016},"time":"2021-07-01T21:33:38+0000","type":"takeover","longitude":15.629991},{"zone":{"previousOwner":{"name":"tartu13","id":335305},"dateLastTaken":"2021-07-01T21:33:38+0000","latitude":58.379202,"totalTakeovers":43,"type":{"name":"World Heritage","id":15},"pointsPerHour":1,"takeoverPoints":185,"dateCreated":"2015-02-26T14:54:42+0000","currentOwner":{"name":"tartu14","id":335307},"name":"StruvesArc","id":45146,"region":{"name":"Estonia","id":218},"longitude":26.720138},"latitude":58.379202,"currentOwner":{"name":"tartu14","id":335307},"time":"2021-07-01T21:33:38+0000","type":"takeover","longitude":26.720138},{"zone":{"previousOwner":{"name":"Redbit","id":140991},"dateCreated":"2012-04-12T09:02:24+0000","dateLastTaken":"2021-07-01T21:33:37+0000","latitude":65.612976,"currentOwner":{"name":"grock","id":189790},"name":"Torpslingan","id":8115,"totalTakeovers":5088,"region":{"area":{"name":"Luleå kommun","id":1798},"country":"se","name":"Norrbotten","id":126},"pointsPerHour":6,"longitude":22.137962,"takeoverPoints":110},"latitude":65.612976,"currentOwner":{"name":"grock","id":189790},"time":"2021-07-01T21:33:37+0000","type":"takeover","longitude":22.137962},{"zone":{"previousOwner":{"name":"MisterC","id":311227},"dateCreated":"2015-05-23T06:00:00+0000","dateLastTaken":"2021-07-01T21:33:34+0000","latitude":57.759899,"currentOwner":{"name":"Doppe","id":209368},"name":"Traverklamp","id":52991,"totalTakeovers":1839,"region":{"area":{"name":"Västerviks kommun","id":2022},"country":"se","name":"Kalmar","id":137},"pointsPerHour":2,"longitude":16.590825,"takeoverPoints":170},"latitude":57.759899,"currentOwner":{"name":"Doppe","id":209368},"time":"2021-07-01T21:33:34+0000","type":"takeover","longitude":16.590825},{"zone":{"previousOwner":{"name":"svenlutte","id":62695},"dateCreated":"2013-10-17T12:00:00+0000","dateLastTaken":"2021-07-01T21:33:32+0000","latitude":59.274917,"currentOwner":{"name":"Possanzini","id":20410},"name":"Frimurarholme","id":22239,"totalTakeovers":21944,"region":{"area":{"name":"Örebro kommun","id":1819},"country":"se","name":"Örebro","id":131},"pointsPerHour":8,"longitude":15.210497,"takeoverPoints":80},"latitude":59.274917,"currentOwner":{"name":"Possanzini","id":20410},"time":"2021-07-01T21:33:32+0000","type":"takeover","longitude":15.210497},{"zone":{"previousOwner":{"name":"Gofika","id":156402},"dateCreated":"2017-04-06T11:00:00+0000","dateLastTaken":"2021-07-01T21:33:30+0000","latitude":59.349655,"currentOwner":{"name":"0beroff","id":80119},"name":"Astrid","id":97842,"totalTakeovers":3232,"region":{"area":{"name":"Solna kommun","id":1845},"country":"se","name":"Stockholm","id":141},"pointsPerHour":8,"longitude":18.031417,"takeoverPoints":80},"latitude":59.349655,"currentOwner":{"name":"0beroff","id":80119},"time":"2021-07-01T21:33:30+0000","type":"takeover","longitude":18.031417},{"zone":{"previousOwner":{"name":"147","id":133657},"dateCreated":"2021-05-17T18:23:03+0000","dateLastTaken":"2021-07-01T21:33:29+0000","latitude":56.131754,"currentOwner":{"name":"S.T.","id":189276},"name":"MeraBoule","id":412492,"totalTakeovers":24,"region":{"area":{"name":"Åstorps kommun","id":1956},"country":"se","name":"Skåne","id":135},"pointsPerHour":2,"longitude":12.925232,"takeoverPoints":170},"latitude":56.131754,"currentOwner":{"name":"S.T.","id":189276},"time":"2021-07-01T21:33:29+0000","type":"takeover","longitude":12.925232},{"zone":{"previousOwner":{"name":"kjtindall","id":292775},"dateLastTaken":"2021-07-01T21:33:27+0000","latitude":57.198759,"totalTakeovers":18,"type":{"name":"Ruins/Ancient Remains","id":16},"pointsPerHour":1,"takeoverPoints":185,"dateCreated":"2021-06-09T05:00:00+0000","currentOwner":{"name":"cambla","id":302813},"name":"TheStones","id":426392,"region":{"area":{"name":"Highland","id":2784},"country":"gb","name":"Scotland","id":200},"longitude":-3.827391},"latitude":57.198759,"currentOwner":{"name":"cambla","id":302813},"time":"2021-07-01T21:33:27+0000","type":"takeover","longitude":-3.827391},{"zone":{"previousOwner":{"name":"FinnishHymn","id":72837},"dateLastTaken":"2021-07-01T21:33:24+0000","latitude":63.812349,"totalTakeovers":7596,"type":{"name":"Bridge","id":8},"pointsPerHour":5,"takeoverPoints":125,"dateCreated":"2014-12-28T16:39:10+0000","currentOwner":{"name":"praktikus","id":64871},"name":"VickenTavle","id":43361,"region":{"area":{"name":"Umeå kommun","id":2064},"country":"se","name":"Västerbotten","id":127},"longitude":20.401699},"latitude":63.812349,"currentOwner":{"name":"praktikus","id":64871},"time":"2021-07-01T21:33:24+0000","type":"takeover","longitude":20.401699},{"zone":{"previousOwner":{"name":"harald_legner","id":302918},"dateCreated":"2021-04-25T07:00:00+0000","dateLastTaken":"2021-07-01T21:33:15+0000","latitude":53.594567,"currentOwner":{"name":"harald_legner","id":302918},"name":"Lüderspfad","id":399749,"totalTakeovers":37,"region":{"area":{"name":"Hamburg","id":3816},"country":"de","name":"Hamburg","id":439},"pointsPerHour":1,"longitude":9.88398,"takeoverPoints":185},"latitude":53.594567,"currentOwner":{"name":"harald_legner","id":302918},"time":"2021-07-01T21:33:15+0000","type":"takeover","longitude":9.88398},{"zone":{"previousOwner":{"name":"solstrålenn","id":274493},"dateLastTaken":"2021-07-01T21:33:14+0000","latitude":59.331237,"totalTakeovers":11768,"type":{"name":"Bridge","id":8},"pointsPerHour":9,"takeoverPoints":65,"dateCreated":"2016-04-30T16:00:00+0000","currentOwner":{"name":"CharlotteT","id":51295},"name":"Djurgårdsbron","id":64014,"region":{"area":{"name":"Stockholms kommun","id":1828},"country":"se","name":"Stockholm","id":141},"longitude":18.093669},"latitude":59.331237,"currentOwner":{"name":"CharlotteT","id":51295},"time":"2021-07-01T21:33:14+0000","type":"takeover","longitude":18.093669},{"zone":{"previousOwner":{"name":"mossoen","id":142458},"dateCreated":"2010-09-04T14:41:37+0000","dateLastTaken":"2021-07-01T21:32:58+0000","latitude":59.870322,"currentOwner":{"name":"tilverturf","id":166033},"name":"Thunman","id":679,"totalTakeovers":16616,"region":{"area":{"name":"Uppsala kommun","id":1977},"country":"se","name":"Uppsala","id":142},"pointsPerHour":8,"longitude":17.65384,"takeoverPoints":80},"latitude":59.870322,"currentOwner":{"name":"tilverturf","id":166033},"time":"2021-07-01T21:32:58+0000","type":"takeover","longitude":17.65384},{"zone":{"previousOwner":{"name":"Muminpappans","id":199952},"dateCreated":"2020-09-05T10:00:00+0000","dateLastTaken":"2021-07-01T21:32:55+0000","latitude":60.22758,"currentOwner":{"name":"Klimke","id":147275},"name":"Goodrest","id":324451,"totalTakeovers":1718,"region":{"area":{"name":"Finström","id":2181},"country":"fi","name":"Åland","id":177},"pointsPerHour":6,"longitude":19.977486,"takeoverPoints":110},"latitude":60.22758,"currentOwner":{"name":"Klimke","id":147275},"time":"2021-07-01T21:32:55+0000","type":"takeover","longitude":19.977486},{"zone":{"previousOwner":{"name":"AnneliCH","id":186304},"dateCreated":"2010-09-01T00:00:00+0000","dateLastTaken":"2021-07-01T21:32:53+0000","latitude":55.596963,"currentOwner":{"name":"TuonoV4","id":280997},"name":"MidMalmoe","id":398,"totalTakeovers":11959,"region":{"area":{"name":"Malmö kommun","id":1898},"country":"se","name":"Skåne","id":135},"pointsPerHour":8,"longitude":13.001525,"takeoverPoints":80},"latitude":55.596963,"currentOwner":{"name":"TuonoV4","id":280997},"time":"2021-07-01T21:32:53+0000","type":"takeover","longitude":13.001525},{"zone":{"previousOwner":{"name":"Skottfint","id":38465},"dateCreated":"2012-09-23T06:14:20+0000","dateLastTaken":"2021-07-01T21:32:44+0000","latitude":57.708113,"currentOwner":{"name":"jösses...då","id":113416},"name":"GotNoAnchor","id":11451,"totalTakeovers":14366,"region":{"area":{"name":"Göteborgs kommun","id":1885},"country":"se","name":"Västra Götaland","id":132},"pointsPerHour":8,"longitude":11.960628,"takeoverPoints":80},"latitude":57.708113,"currentOwner":{"name":"jösses...då","id":113416},"time":"2021-07-01T21:32:44+0000","type":"takeover","longitude":11.960628}]