[{"zone":{"previousOwner":{"name":"PerS","id":123305},"dateCreated":"2014-04-06T11:40:17+0000","dateLastTaken":"2021-07-03T19:37:56+0000","latitude":55.709164,"currentOwner":{"name":"ERROR-R","id":167761},"name":"TychosTuna","id":27837,"totalTakeovers":5108,"region":{"area":{"name":"Lunds kommun","id":1948},"country":"se","name":"Skåne","id":135},"pointsPerHour":7,"longitude":13.213145,"takeoverPoints":95},"latitude":55.709164,"currentOwner":{"name":"ERROR-R","id":167761},"time":"2021-07-03T19:37:56+0000","type":"takeover","longitude":13.213145},{"zone":{"previousOwner":{"name":"öebbutten","id":67070},"dateCreated":"2017-08-30T07:17:12+0000","dateLastTaken":"2021-07-03T19:37:54+0000","latitude":59.943134,"currentOwner":{"name":"öebbutten","id":67070},"name":"Salagolfen","id":117972,"totalTakeovers":272,"region":{"area":{"name":"Sala kommun","id":1809},"country":"se","name":"Västmanland","id":143},"pointsPerHour":2,"longitude":16.717059,"takeoverPoints":170},"assists":[{"name":"Elsa","id":67849}],"latitude":59.943134,"currentOwner":{"name":"öebbutten","id":67070},"time":"2021-07-03T19:37:54+0000","type":"takeover","longitude":16.717059},{"zone":{"previousOwner":{"name":"JonasfromHell","id":72077},"dateCreated":"2017-08-28T06:55:42+0000","dateLastTaken":"2021-07-03T19:37:54+0000","latitude":57.727955,"currentOwner":{"name":"bonna","id":254021},"name":"Gamlestaden","id":117901,"totalTakeovers":6211,"region":{"area":{"name":"Göteborgs kommun","id":1885},"country":"se","name":"Västra Götaland","id":132},"pointsPerHour":8,"longitude":12.004238,"takeoverPoints":80},"latitude":57.727955,"currentOwner":{"name":"bonna","id":254021},"time":"2021-07-03T19:37:54+0000","type":"takeover","longitude":12.004238},{"zone":{"previousOwner":{"name":"stefanx46","id":36563},"dateCreated":"2017-07-12T15:42:14+0000","dateLastTaken":"2021-07-03T19:37:51+0000","latitude":67.844573,"currentOwner":{"name":"TommyH","id":264839},"name":"Pejling","id":115378,"totalTakeovers":174,"region":{"area":{"name":"Kiruna kommun","id":1800},"country":"se","name":"Norrbotten","id":126},"pointsPerHour":1,"longitude":20.264441,"takeoverPoints":185},"latitude":67.844573,"currentOwner":{"name":"TommyH","id":264839},"time":"2021-07-03T19:37:51+0000","type":"takeover","longitude":20.264441},{"zone":{"previousOwner":{"name":"panika","id":109527},"dateCreated":"2021-05-01T20:59:29+0000","dateLastTaken":"2021-07-03T19:37:50+0000","latitude":59.388188,"currentOwner":{"name":"Adrian1233","id":330001},"name":"KaptenSillben","id":406474,"totalTakeovers":208,"region":{"area":{"name":"Karlstads kommun","id":1827},"country":"se","name":"Värmland","id":130},"pointsPerHour":6,"longitude":13.433812,"takeoverPoints":110},"latitude":59.388188,"currentOwner":{"name":"Adrian1233","id":330001},"time":"2021-07-03T19:37:50+0000","type":"takeover","longitude":13.433812},{"zone":{"previousOwner":{"name":"JimmyAIK","id":267637},"dateCreated":"2014-10-06T06:00:00+0000","dateLastTaken":"2021-07-03T19:37:48+0000","latitude":59.357756,"currentOwner":{"name":"maZmo","id":151499},"name":"Beckomberga","id":37103,"totalTakeovers":9395,"region":{"area":{"name":"Stockholms kommun","id":1828},"country":"se","name":"Stockholm","id":141},"pointsPerHour":7,"longitude":17.902114,"takeoverPoints":95},"latitude":59.357756,"currentOwner":{"name":"maZmo","id":151499},"time":"2021-07-03T19:37:48+0000","type":"takeover","longitude":17.902114},{"zone":{"previousOwner":{"name":"Pumac","id":137209},"dateCreated":"2020-09-04T13:30:00+0000","dateLastTaken":"2021-07-03T19:37:47+0000","latitude":57.810589,"currentOwner":{"name":"Dalbon","id":129205},"name":"Turfmysteriet","id":323361,"totalTakeovers":226,"region":{"area":{"name":"Göteborgs kommun","id":1885},"country":"se","name":"Västra Götaland","id":132},"pointsPerHour":4,"longitude":11.996756,"takeoverPoints":140},"latitude":57.810589,"currentOwner":{"name":"Dalbon","id":129205},"time":"2021-07-03T19:37:47+0000","type":"takeover","longitude":11.996756},{"zone":{"previousOwner":{"name":"MrDent","id":50092},"dateCreated":"2010-12-22T21:35:14+0000","dateLastTaken":"2021-07-03T19:37:46+0000","latitude":59.409602,"currentOwner":{"name":"Aicar","id":74956},"name":"Helenezone","id":1228,"totalTakeovers":13427,"region":{"area":{"name":"Sollentuna kommun","id":1840},"country":"se","name":"Stockholm","id":141},"pointsPerHour":7,"longitude":17.960838,"takeoverPoints":95},"latitude":59.409602,"currentOwner":{"name":"Aicar","id":74956},"time":"2021-07-03T19:37:46+0000","type":"takeover","longitude":17.960838},{"zone":{"previousOwner":{"name":"cloudwalker","id":137961},"dateCreated":"2017-02-26T11:00:00+0000","dateLastTaken":"2021-07-03T19:37:45+0000","latitude":55.429907,"currentOwner":{"name":"MackoMoto","id":335383},"name":"Kommendörszon","id":95099,"totalTakeovers":795,"region":{"area":{"name":"Ystads kommun","id":1953},"country":"se","name":"Skåne","id":135},"pointsPerHour":3,"longitude":13.786531,"takeoverPoints":155},"latitude":55.429907,"currentOwner":{"name":"MackoMoto","id":335383},"time":"2021-07-03T19:37:45+0000","type":"takeover","longitude":13.786531},{"zone":{"previousOwner":{"name":"Tarturfe","id":327555},"dateCreated":"2011-02-13T00:00:00+0000","dateLastTaken":"2021-07-03T19:37:44+0000","latitude":64.749474,"currentOwner":{"name":"Sledge","id":241272},"name":"Skellpark","id":1489,"totalTakeovers":20332,"region":{"area":{"name":"Skellefteå kommun","id":2065},"country":"se","name":"Västerbotten","id":127},"pointsPerHour":8,"longitude":20.951454,"takeoverPoints":80},"latitude":64.749474,"currentOwner":{"name":"Sledge","id":241272},"time":"2021-07-03T19:37:44+0000","type":"takeover","longitude":20.951454},{"zone":{"previousOwner":{"name":"0beroff","id":80119},"dateCreated":"2020-01-19T07:52:04+0000","dateLastTaken":"2021-07-03T19:37:44+0000","latitude":59.459019,"currentOwner":{"name":"theMoffe","id":278042},"name":"StoppIBacken","id":223826,"totalTakeovers":774,"region":{"area":{"name":"Täby kommun","id":1841},"country":"se","name":"Stockholm","id":141},"pointsPerHour":5,"longitude":18.064553,"takeoverPoints":125},"latitude":59.459019,"currentOwner":{"name":"theMoffe","id":278042},"time":"2021-07-03T19:37:44+0000","type":"takeover","longitude":18.064553},{"zone":{"previousOwner":{"name":"CRUSAIDER","id":168025},"dateCreated":"2017-08-19T07:00:00+0000","dateLastTaken":"2021-07-03T19:37:41+0000","latitude":59.623631,"currentOwner":{"name":"Ironhorse","id":46186},"name":"Björbjugg","id":115964,"totalTakeovers":11559,"region":{"area":{"name":"Västerås","id":1807},"country":"se","name":"Västmanland","id":143},"pointsPerHour":8,"longitude":16.590868,"takeoverPoints":80},"latitude":59.623631,"currentOwner":{"name":"Ironhorse","id":46186},"time":"2021-07-03T19:37:41+0000","type":"takeover","longitude":16.590868},{"zone":{"previousOwner":{"name":"fotominne","id":273615},"dateCreated":"2013-12-24T11:00:00+0000","dateLastTaken":"2021-07-03T19:37:36+0000","latitude":59.862502,"currentOwner":{"name":"ESTiMate","id":231138},"name":"WindyHome","id":23823,"totalTakeovers":17052,"region":{"area":{"name":"Uppsala kommun","id":1977},"country":"se","name":"Uppsala","id":142},"pointsPerHour":8,"longitude":17.620927,"takeoverPoints":80},"latitude":59.862502,"currentOwner":{"name":"ESTiMate","id":231138},"time":"2021-07-03T19:37:36+0000","type":"takeover","longitude":17.620927},{"zone":{"previousOwner":{"name":"TurfTom","id":230867},"dateCreated":"2016-12-08T06:00:00+0000","dateLastTaken":"2021-07-03T19:37:29+0000","latitude":59.33675,"currentOwner":{"name":"TheUrw","id":282370},"name":"ElersFlycht","id":92698,"totalTakeovers":5948,"region":{"area":{"name":"Stockholms kommun","id":1828},"country":"se","name":"Stockholm","id":141},"pointsPerHour":8,"longitude":18.00463,"takeoverPoints":80},"latitude":59.33675,"currentOwner":{"name":"TheUrw","id":282370},"time":"2021-07-03T19:37:29+0000","type":"takeover","longitude":18.00463},{"zone":{"previousOwner":{"name":"Jowan","id":42787},"dateCreated":"2012-04-02T19:03:50+0000","dateLastTaken":"2021-07-03T19:37:28+0000","latitude":59.277783,"currentOwner":{"name":"Jowan","id":42787},"name":"MoundPath","id":7854,"totalTakeovers":1633,"region":{"area":{"name":"Huddinge kommun","id":1830},"country":"se","name":"Stockholm","id":141},"pointsPerHour":3,"longitude":17.925898,"takeoverPoints":155},"latitude":59.277783,"currentOwner":{"name":"Jowan","id":42787},"time":"2021-07-03T19:37:28+0000","type":"takeover","longitude":17.925898},{"zone":{"previousOwner":{"name":"Turfis","id":17586},"dateCreated":"2020-06-06T19:25:43+0000","dateLastTaken":"2021-07-03T19:37:27+0000","latitude":58.413634,"currentOwner":{"name":"Bath","id":57990},"name":"BirdBayJoint","id":296270,"totalTakeovers":977,"region":{"area":{"name":"Tibro","id":1936},"country":"se","name":"Västra Götaland","id":132},"pointsPerHour":4,"longitude":14.163756,"takeoverPoints":140},"latitude":58.413634,"currentOwner":{"name":"Bath","id":57990},"time":"2021-07-03T19:37:27+0000","type":"takeover","longitude":14.163756},{"zone":{"previousOwner":{"name":"Xoff","id":103201},"dateCreated":"2013-10-14T18:20:48+0000","dateLastTaken":"2021-07-03T19:37:26+0000","latitude":59.294137,"currentOwner":{"name":"Monals","id":97063},"name":"Pungmakarn","id":22197,"totalTakeovers":1175,"region":{"area":{"name":"Stockholms kommun","id":1828},"country":"se","name":"Stockholm","id":141},"pointsPerHour":3,"longitude":17.949279,"takeoverPoints":155},"assists":[{"name":"ollals","id":97064}],"latitude":59.294137,"currentOwner":{"name":"Monals","id":97063},"time":"2021-07-03T19:37:26+0000","type":"takeover","longitude":17.949279},{"zone":{"previousOwner":{"name":"PelSjo","id":183576},"dateCreated":"2014-12-11T23:09:03+0000","dateLastTaken":"2021-07-03T19:37:24+0000","latitude":63.846168,"currentOwner":{"name":"MrDinco","id":11189},"name":"GråbenÄrNära","id":42686,"totalTakeovers":9426,"region":{"area":{"name":"Umeå kommun","id":2064},"country":"se","name":"Västerbotten","id":127},"pointsPerHour":8,"longitude":20.306202,"takeoverPoints":80},"latitude":63.846168,"currentOwner":{"name":"MrDinco","id":11189},"time":"2021-07-03T19:37:24+0000","type":"takeover","longitude":20.306202},{"zone":{"previousOwner":{"name":"schnappi.jr","id":202503},"dateCreated":"2012-12-07T00:33:13+0000","dateLastTaken":"2021-07-03T19:37:22+0000","latitude":60.5962,"currentOwner":{"name":"MoraIK","id":158799},"name":"RundaGalgen","id":12184,"totalTakeovers":5360,"region":{"area":{"name":"Falu kommun","id":1865},"country":"se","name":"Dalarna","id":129},"pointsPerHour":5,"longitude":15.621206,"takeoverPoints":125},"latitude":60.5962,"currentOwner":{"name":"MoraIK","id":158799},"time":"2021-07-03T19:37:22+0000","type":"takeover","longitude":15.621206},{"zone":{"previousOwner":{"name":"JuanOlé","id":48153},"dateCreated":"2012-11-21T07:09:32+0000","dateLastTaken":"2021-07-03T19:37:22+0000","latitude":59.627995,"currentOwner":{"name":"mrAce","id":168289},"name":"ZeroTennis","id":12016,"totalTakeovers":25724,"region":{"area":{"name":"Västerås","id":1807},"country":"se","name":"Västmanland","id":143},"pointsPerHour":8,"longitude":16.584181,"takeoverPoints":80},"latitude":59.627995,"currentOwner":{"name":"mrAce","id":168289},"time":"2021-07-03T19:37:22+0000","type":"takeover","longitude":16.584181},{"zone":{"previousOwner":{"name":"BetulaAlba","id":80722},"dateCreated":"2013-06-07T10:00:00+0000","dateLastTaken":"2021-07-03T19:37:20+0000","latitude":59.375521,"currentOwner":{"name":"Roundhead","id":233054},"name":"Estrand","id":19223,"totalTakeovers":7949,"region":{"area":{"name":"Eskilstuna kommun","id":1848},"country":"se","name":"Södermanland","id":140},"pointsPerHour":7,"longitude":16.514365,"takeoverPoints":95},"latitude":59.375521,"currentOwner":{"name":"Roundhead","id":233054},"time":"2021-07-03T19:37:20+0000","type":"takeover","longitude":16.514365},{"zone":{"previousOwner":{"name":"LysMara","id":281315},"dateCreated":"2013-12-24T10:00:00+0000","dateLastTaken":"2021-07-03T19:37:18+0000","latitude":52.544332,"currentOwner":{"name":"paardenmeisje","id":280059},"name":"EsdoornZone","id":24167,"totalTakeovers":155,"region":{"area":{"name":"Kampen","id":2396},"country":"nl","name":"Overijssel","id":115},"pointsPerHour":1,"longitude":5.920649,"takeoverPoints":185},"latitude":52.544332,"currentOwner":{"name":"paardenmeisje","id":280059},"time":"2021-07-03T19:37:18+0000","type":"takeover","longitude":5.920649},{"zone":{"previousOwner":{"name":"lönnen","id":174989},"dateCreated":"2021-05-13T20:00:00+0000","dateLastTaken":"2021-07-03T19:37:16+0000","latitude":65.611418,"currentOwner":{"name":"grock","id":189790},"name":"Ormblomman","id":411259,"totalTakeovers":172,"region":{"area":{"name":"Luleå kommun","id":1798},"country":"se","name":"Norrbotten","id":126},"pointsPerHour":5,"longitude":22.178921,"takeoverPoints":125},"latitude":65.611418,"currentOwner":{"name":"grock","id":189790},"time":"2021-07-03T19:37:16+0000","type":"takeover","longitude":22.178921},{"zone":{"previousOwner":{"name":"Teglo","id":122590},"dateCreated":"2012-04-25T20:36:17+0000","dateLastTaken":"2021-07-03T19:37:14+0000","latitude":59.439722,"currentOwner":{"name":"Rok","id":311285},"name":"GrindtorpZone","id":8387,"totalTakeovers":4878,"region":{"area":{"name":"Täby kommun","id":1841},"country":"se","name":"Stockholm","id":141},"pointsPerHour":7,"longitude":18.071477,"takeoverPoints":95},"latitude":59.439722,"currentOwner":{"name":"Rok","id":311285},"time":"2021-07-03T19:37:14+0000","type":"takeover","longitude":18.071477},{"zone":{"previousOwner":{"name":"lewik","id":22938},"dateCreated":"2014-12-28T21:13:15+0000","dateLastTaken":"2021-07-03T19:37:12+0000","latitude":59.330264,"currentOwner":{"name":"Pinarello","id":48749},"name":"BussenMotStan","id":43391,"totalTakeovers":6088,"region":{"area":{"name":"Karlskoga kommun","id":1818},"country":"se","name":"Örebro","id":131},"pointsPerHour":5,"longitude":14.557717,"takeoverPoints":125},"latitude":59.330264,"currentOwner":{"name":"Pinarello","id":48749},"time":"2021-07-03T19:37:12+0000","type":"takeover","longitude":14.557717},{"zone":{"previousOwner":{"name":"Polleke","id":333092},"dateCreated":"2018-07-13T12:00:00+0000","dateLastTaken":"2021-07-03T19:37:10+0000","latitude":63.316062,"currentOwner":{"name":"Polleke","id":333092},"name":"Mosjön","id":154676,"totalTakeovers":256,"region":{"area":{"name":"Örnsköldsviks kommun","id":2058},"country":"se","name":"Västernorrland","id":145},"pointsPerHour":1,"longitude":19.011402,"takeoverPoints":185},"latitude":63.316062,"currentOwner":{"name":"Polleke","id":333092},"time":"2021-07-03T19:37:10+0000","type":"takeover","longitude":19.011402},{"zone":{"previousOwner":{"name":"MictheGreat","id":60301},"dateCreated":"2012-03-26T10:30:34+0000","dateLastTaken":"2021-07-03T19:37:08+0000","latitude":57.766754,"currentOwner":{"name":"miapian","id":96749},"name":"AspenLake","id":7400,"totalTakeovers":1037,"region":{"area":{"name":"Lerums kommun","id":3046},"country":"se","name":"Västra Götaland","id":132},"pointsPerHour":2,"longitude":12.251372,"takeoverPoints":170},"latitude":57.766754,"currentOwner":{"name":"miapian","id":96749},"time":"2021-07-03T19:37:08+0000","type":"takeover","longitude":12.251372},{"zone":{"previousOwner":{"name":"TrePungKulor","id":267588},"dateCreated":"2017-07-10T07:30:00+0000","dateLastTaken":"2021-07-03T19:37:07+0000","latitude":55.87281,"currentOwner":{"name":"peterbajbaj","id":335298},"name":"Dammhagspark","id":114121,"totalTakeovers":1074,"region":{"area":{"name":"Landskrona kommun","id":1951},"country":"se","name":"Skåne","id":135},"pointsPerHour":3,"longitude":12.839932,"takeoverPoints":155},"latitude":55.87281,"currentOwner":{"name":"peterbajbaj","id":335298},"time":"2021-07-03T19:37:07+0000","type":"takeover","longitude":12.839932},{"zone":{"previousOwner":{"name":"Marpii2004","id":265339},"dateCreated":"2014-09-08T16:04:18+0000","dateLastTaken":"2021-07-03T19:37:07+0000","latitude":60.062308,"currentOwner":{"name":"Corellian","id":264701},"name":"Griffin","id":34729,"totalTakeovers":3927,"region":{"area":{"name":"Mariehamn","id":2176},"country":"fi","name":"Åland","id":177},"pointsPerHour":6,"longitude":19.961564,"takeoverPoints":110},"latitude":60.062308,"currentOwner":{"name":"Corellian","id":264701},"time":"2021-07-03T19:37:07+0000","type":"takeover","longitude":19.961564},{"zone":{"previousOwner":{"name":"Foppstar","id":170597},"dateCreated":"2015-08-28T16:00:00+0000","dateLastTaken":"2021-07-03T19:37:05+0000","latitude":59.423449,"currentOwner":{"name":"NightDriver","id":279433},"name":"LateNight","id":56597,"totalTakeovers":2432,"region":{"area":{"name":"Järfälla kommun","id":1835},"country":"se","name":"Stockholm","id":141},"pointsPerHour":4,"longitude":17.804118,"takeoverPoints":140},"latitude":59.423449,"currentOwner":{"name":"NightDriver","id":279433},"time":"2021-07-03T19:37:05+0000","type":"takeover","longitude":17.804118},{"zone":{"previousOwner":{"name":"iTurf","id":38915},"dateCreated":"2010-07-18T00:00:00+0000","dateLastTaken":"2021-07-03T19:36:58+0000","latitude":59.316423,"currentOwner":{"name":"strober","id":1981},"name":"LindvallZone","id":160,"totalTakeovers":13076,"region":{"area":{"name":"Stockholms kommun","id":1828},"country":"se","name":"Stockholm","id":141},"pointsPerHour":8,"longitude":18.028943,"takeoverPoints":80},"latitude":59.316423,"currentOwner":{"name":"strober","id":1981},"time":"2021-07-03T19:36:58+0000","type":"takeover","longitude":18.028943},{"zone":{"previousOwner":{"name":"Nomadatlife","id":280566},"dateCreated":"2012-05-23T21:25:48+0000","dateLastTaken":"2021-07-03T19:36:58+0000","latitude":59.850664,"currentOwner":{"name":"ZoneTherapist","id":76854},"name":"DinoZone","id":9300,"totalTakeovers":25350,"region":{"area":{"name":"Uppsala kommun","id":1977},"country":"se","name":"Uppsala","id":142},"pointsPerHour":9,"longitude":17.626099,"takeoverPoints":65},"latitude":59.850664,"currentOwner":{"name":"ZoneTherapist","id":76854},"time":"2021-07-03T19:36:58+0000","type":"takeover","longitude":17.626099},{"zone":{"previousOwner":{"name":"nagotnice","id":312000},"dateCreated":"2020-04-28T19:19:46+0000","dateLastTaken":"2021-07-03T19:36:57+0000","latitude":59.361235,"currentOwner":{"name":"RiddervanMyyl","id":94662},"name":"Riktändring","id":278606,"totalTakeovers":1326,"region":{"area":{"name":"Solna kommun","id":1845},"country":"se","name":"Stockholm","id":141},"pointsPerHour":6,"longitude":17.983852,"takeoverPoints":110},"latitude":59.361235,"currentOwner":{"name":"RiddervanMyyl","id":94662},"time":"2021-07-03T19:36:57+0000","type":"takeover","longitude":17.983852},{"zone":{"previousOwner":{"name":"Börnstein","id":335003},"dateCreated":"2021-02-07T13:15:15+0000","dateLastTaken":"2021-07-03T19:36:57+0000","latitude":53.324473,"currentOwner":{"name":"Kleiner","id":334769},"name":"AmKattenberge","id":381571,"totalTakeovers":60,"region":{"area":{"name":"Landkreis Harburg","id":4160},"country":"de","name":"Niedersachsen","id":444},"pointsPerHour":1,"longitude":9.84208,"takeoverPoints":185},"latitude":53.324473,"currentOwner":{"name":"Kleiner","id":334769},"time":"2021-07-03T19:36:57+0000","type":"takeover","longitude":9.84208},{"zone":{"previousOwner":{"name":"Espingen","id":166882},"dateCreated":"2011-08-05T00:00:00+0000","dateLastTaken":"2021-07-03T19:36:56+0000","latitude":57.752103,"currentOwner":{"name":"BarbieDoll","id":227806},"name":"Espingen","id":2441,"totalTakeovers":17431,"region":{"area":{"name":"Västerviks kommun","id":2022},"country":"se","name":"Kalmar","id":137},"pointsPerHour":7,"longitude":16.640957,"takeoverPoints":95},"latitude":57.752103,"currentOwner":{"name":"BarbieDoll","id":227806},"time":"2021-07-03T19:36:56+0000","type":"takeover","longitude":16.640957},{"zone":{"previousOwner":{"name":"MolnetsBroder","id":61062},"dateCreated":"2021-02-03T15:26:48+0000","dateLastTaken":"2021-07-03T19:36:56+0000","latitude":55.634413,"currentOwner":{"name":"Gooseson","id":46962},"name":"Sommarbyn","id":381067,"totalTakeovers":36,"region":{"area":{"name":"Sjöbo kommun","id":1964},"country":"se","name":"Skåne","id":135},"pointsPerHour":2,"longitude":13.656046,"takeoverPoints":170},"latitude":55.634413,"currentOwner":{"name":"Gooseson","id":46962},"time":"2021-07-03T19:36:56+0000","type":"takeover","longitude":13.656046},{"zone":{"previousOwner":{"name":"mrAce","id":168289},"dateCreated":"2014-06-09T15:30:22+0000","dateLastTaken":"2021-07-03T19:36:55+0000","latitude":59.589441,"currentOwner":{"name":"Chrillewille","id":273241},"name":"EnZon","id":31344,"totalTakeovers":6132,"region":{"area":{"name":"Västerås","id":1807},"country":"se","name":"Västmanland","id":143},"pointsPerHour":7,"longitude":16.502391,"takeoverPoints":95},"latitude":59.589441,"currentOwner":{"name":"Chrillewille","id":273241},"time":"2021-07-03T19:36:55+0000","type":"takeover","longitude":16.502391},{"zone":{"previousOwner":{"name":"etsijä","id":239340},"dateCreated":"2011-03-20T00:00:00+0000","dateLastTaken":"2021-07-03T19:36:55+0000","latitude":59.367597,"currentOwner":{"name":"timetraveller","id":310792},"name":"VarvZone","id":1134,"totalTakeovers":5603,"region":{"area":{"name":"Karlstads kommun","id":1827},"country":"se","name":"Värmland","id":130},"pointsPerHour":5,"longitude":13.512918,"takeoverPoints":125},"latitude":59.367597,"currentOwner":{"name":"timetraveller","id":310792},"time":"2021-07-03T19:36:55+0000","type":"takeover","longitude":13.512918},{"zone":{"previousOwner":{"name":"Boinkaboinka","id":133017},"dateCreated":"2017-01-14T08:00:00+0000","dateLastTaken":"2021-07-03T19:36:48+0000","latitude":59.862031,"currentOwner":{"name":"tur","id":148395},"name":"Salladskrydda","id":94124,"totalTakeovers":6213,"region":{"area":{"name":"Uppsala kommun","id":1977},"country":"se","name":"Uppsala","id":142},"pointsPerHour":8,"longitude":17.697162,"takeoverPoints":80},"latitude":59.862031,"currentOwner":{"name":"tur","id":148395},"time":"2021-07-03T19:36:48+0000","type":"takeover","longitude":17.697162},{"zone":{"previousOwner":{"name":"kikärta","id":49048},"dateCreated":"2016-11-25T05:00:00+0000","dateLastTaken":"2021-07-03T19:36:47+0000","latitude":59.619821,"currentOwner":{"name":"olds425","id":317608},"name":"Hallstafolkan","id":91975,"totalTakeovers":7371,"region":{"area":{"name":"Hallstahammars kommun","id":1811},"country":"se","name":"Västmanland","id":143},"pointsPerHour":7,"longitude":16.233016,"takeoverPoints":95},"latitude":59.619821,"currentOwner":{"name":"olds425","id":317608},"time":"2021-07-03T19:36:47+0000","type":"takeover","longitude":16.233016},{"zone":{"previousOwner":{"name":"Pan_Pijak","id":59442},"dateLastTaken":"2021-07-03T19:36:44+0000","latitude":57.68022,"totalTakeovers":3168,"type":{"name":"Bridge","id":8},"pointsPerHour":3,"takeoverPoints":155,"dateCreated":"2012-11-03T18:02:48+0000","currentOwner":{"name":"jösses...då","id":113416},"name":"Högsboleden","id":11818,"region":{"area":{"name":"Göteborgs kommun","id":1885},"country":"se","name":"Västra Götaland","id":132},"longitude":11.909284},"latitude":57.68022,"currentOwner":{"name":"jösses...då","id":113416},"time":"2021-07-03T19:36:44+0000","type":"takeover","longitude":11.909284},{"zone":{"previousOwner":{"name":"TuonoV4","id":280997},"dateLastTaken":"2021-07-03T19:36:43+0000","latitude":55.612622,"totalTakeovers":8312,"type":{"name":"Bridge","id":8},"pointsPerHour":6,"takeoverPoints":110,"dateCreated":"2011-01-14T00:00:00+0000","currentOwner":{"name":"Jonte67","id":284492},"name":"Varvbridge","id":1302,"region":{"area":{"name":"Malmö kommun","id":1898},"country":"se","name":"Skåne","id":135},"longitude":12.993679},"latitude":55.612622,"currentOwner":{"name":"Jonte67","id":284492},"time":"2021-07-03T19:36:43+0000","type":"takeover","longitude":12.993679},{"zone":{"previousOwner":{"name":"Jalik52","id":165267},"dateCreated":"2016-05-20T19:16:05+0000","dateLastTaken":"2021-07-03T19:36:41+0000","latitude":56.675217,"currentOwner":{"name":"albee","id":96946},"name":"TrångaTorpet","id":74411,"totalTakeovers":3806,"region":{"area":{"name":"Kalmar kommun","id":2015},"country":"se","name":"Kalmar","id":137},"pointsPerHour":5,"longitude":16.322325,"takeoverPoints":125},"assists":[{"name":"embeoo","id":23906}],"latitude":56.675217,"currentOwner":{"name":"albee","id":96946},"time":"2021-07-03T19:36:41+0000","type":"takeover","longitude":16.322325},{"zone":{"previousOwner":{"name":"larsovegus","id":125816},"dateCreated":"2016-02-29T22:55:00+0000","dateLastTaken":"2021-07-03T19:36:40+0000","latitude":62.628646,"currentOwner":{"name":"maggan51","id":331276},"name":"Mellanholmen","id":63920,"totalTakeovers":1150,"region":{"area":{"name":"Härnösands kommun","id":2057},"country":"se","name":"Västernorrland","id":145},"pointsPerHour":2,"longitude":17.936615,"takeoverPoints":170},"latitude":62.628646,"currentOwner":{"name":"maggan51","id":331276},"time":"2021-07-03T19:36:40+0000","type":"takeover","longitude":17.936615},{"zone":{"previousOwner":{"name":"Tosan","id":122350},"dateCreated":"2015-04-19T10:00:00+0000","dateLastTaken":"2021-07-03T19:36:38+0000","latitude":60.61979,"currentOwner":{"name":"Turfersurfer2","id":102344},"name":"KillerHill","id":49198,"totalTakeovers":424,"region":{"area":{"name":"Älvkarleby kommun","id":1988},"country":"se","name":"Uppsala","id":142},"pointsPerHour":2,"longitude":17.429188,"takeoverPoints":170},"latitude":60.61979,"currentOwner":{"name":"Turfersurfer2","id":102344},"time":"2021-07-03T19:36:38+0000","type":"takeover","longitude":17.429188},{"zone":{"previousOwner":{"name":"swemil","id":178140},"dateCreated":"2014-05-30T10:00:00+0000","dateLastTaken":"2021-07-03T19:36:31+0000","latitude":59.663741,"currentOwner":{"name":"laxman","id":113841},"name":"TownHallPark","id":29565,"totalTakeovers":87,"region":{"area":{"name":"Ås","id":2475},"country":"no","name":"Østlandet","id":179},"pointsPerHour":1,"longitude":10.789832,"takeoverPoints":185},"latitude":59.663741,"currentOwner":{"name":"laxman","id":113841},"time":"2021-07-03T19:36:31+0000","type":"takeover","longitude":10.789832},{"zone":{"previousOwner":{"name":"Tinman","id":324199},"dateCreated":"2021-02-05T21:12:03+0000","dateLastTaken":"2021-07-03T19:36:30+0000","latitude":44.95041,"currentOwner":{"name":"fluteswedie","id":303502},"name":"SooGarden","id":381374,"totalTakeovers":162,"region":{"area":{"name":"Hennepin County","id":4063},"country":"us","name":"Minnesota","id":405},"pointsPerHour":3,"longitude":-93.286036,"takeoverPoints":155},"latitude":44.95041,"currentOwner":{"name":"fluteswedie","id":303502},"time":"2021-07-03T19:36:30+0000","type":"takeover","longitude":-93.286036},{"zone":{"previousOwner":{"name":"mmajjalish","id":53117},"dateCreated":"2017-02-09T10:01:41+0000","dateLastTaken":"2021-07-03T19:36:29+0000","latitude":58.184173,"currentOwner":{"name":"SteLin","id":36408},"name":"NosseHäst","id":95267,"totalTakeovers":145,"region":{"area":{"name":"Essunga kommun","id":1943},"country":"se","name":"Västra Götaland","id":132},"pointsPerHour":1,"longitude":12.724208,"takeoverPoints":185},"latitude":58.184173,"currentOwner":{"name":"SteLin","id":36408},"time":"2021-07-03T19:36:29+0000","type":"takeover","longitude":12.724208},{"zone":{"previousOwner":{"name":"Röste","id":107099},"dateCreated":"2013-05-11T12:00:00+0000","dateLastTaken":"2021-07-03T19:36:25+0000","latitude":61.345944,"currentOwner":{"name":"millroy","id":95378},"name":"SquarePier","id":17965,"totalTakeovers":5579,"region":{"area":{"name":"Bollnäs kommun","id":2048},"country":"se","name":"Gävleborg","id":144},"pointsPerHour":5,"longitude":16.395153,"takeoverPoints":125},"latitude":61.345944,"currentOwner":{"name":"millroy","id":95378},"time":"2021-07-03T19:36:25+0000","type":"takeover","longitude":16.395153},{"zone":{"previousOwner":{"name":"PelSjo","id":183576},"dateCreated":"2011-09-07T18:38:57+0000","dateLastTaken":"2021-07-03T19:36:23+0000","latitude":63.844911,"currentOwner":{"name":"MrDinco","id":11189},"name":"UmePlay","id":3165,"totalTakeovers":12772,"region":{"area":{"name":"Umeå kommun","id":2064},"country":"se","name":"Västerbotten","id":127},"pointsPerHour":8,"longitude":20.308965,"takeoverPoints":80},"latitude":63.844911,"currentOwner":{"name":"MrDinco","id":11189},"time":"2021-07-03T19:36:23+0000","type":"takeover","longitude":20.308965},{"zone":{"previousOwner":{"name":"Granbrott","id":17421},"dateCreated":"2020-02-27T07:01:23+0000","dateLastTaken":"2021-07-03T19:36:23+0000","latitude":59.237108,"currentOwner":{"name":"Lulle1","id":334708},"name":"Klottergröt","id":224279,"totalTakeovers":1341,"region":{"area":{"name":"Huddinge kommun","id":1830},"country":"se","name":"Stockholm","id":141},"pointsPerHour":7,"longitude":17.994835,"takeoverPoints":95},"latitude":59.237108,"currentOwner":{"name":"Lulle1","id":334708},"time":"2021-07-03T19:36:23+0000","type":"takeover","longitude":17.994835},{"zone":{"previousOwner":{"name":"Foppstar","id":170597},"dateCreated":"2013-11-12T12:33:26+0000","dateLastTaken":"2021-07-03T19:36:22+0000","latitude":59.40347,"currentOwner":{"name":"alicubi","id":53215},"name":"Saldodungen","id":22848,"totalTakeovers":3638,"region":{"area":{"name":"Järfälla kommun","id":1835},"country":"se","name":"Stockholm","id":141},"pointsPerHour":5,"longitude":17.851213,"takeoverPoints":125},"latitude":59.40347,"currentOwner":{"name":"alicubi","id":53215},"time":"2021-07-03T19:36:22+0000","type":"takeover","longitude":17.851213},{"zone":{"previousOwner":{"name":"MrDent","id":50092},"dateCreated":"2020-10-28T17:21:50+0000","dateLastTaken":"2021-07-03T19:36:21+0000","latitude":59.410387,"currentOwner":{"name":"Aicar","id":74956},"name":"Helenetorg","id":348763,"totalTakeovers":473,"region":{"area":{"name":"Sollentuna kommun","id":1840},"country":"se","name":"Stockholm","id":141},"pointsPerHour":7,"longitude":17.963186,"takeoverPoints":95},"latitude":59.410387,"currentOwner":{"name":"Aicar","id":74956},"time":"2021-07-03T19:36:21+0000","type":"takeover","longitude":17.963186},{"zone":{"previousOwner":{"name":"TXL","id":62645},"dateCreated":"2018-03-04T01:05:34+0000","dateLastTaken":"2021-07-03T19:36:21+0000","latitude":57.73786,"currentOwner":{"name":"AnneliCH","id":186304},"name":"Multisport","id":141498,"totalTakeovers":3466,"region":{"area":{"name":"Göteborgs kommun","id":1885},"country":"se","name":"Västra Götaland","id":132},"pointsPerHour":6,"longitude":12.035024,"takeoverPoints":110},"latitude":57.73786,"currentOwner":{"name":"AnneliCH","id":186304},"time":"2021-07-03T19:36:21+0000","type":"takeover","longitude":12.035024},{"zone":{"previousOwner":{"name":"mattihp","id":10151},"dateCreated":"2014-09-04T20:00:00+0000","dateLastTaken":"2021-07-03T19:36:16+0000","latitude":59.793644,"currentOwner":{"name":"Stålblå","id":300091},"name":"LunsensPlanta","id":34256,"totalTakeovers":1689,"region":{"area":{"name":"Uppsala kommun","id":1977},"country":"se","name":"Uppsala","id":142},"pointsPerHour":5,"longitude":17.679381,"takeoverPoints":125},"latitude":59.793644,"currentOwner":{"name":"Stålblå","id":300091},"time":"2021-07-03T19:36:16+0000","type":"takeover","longitude":17.679381},{"zone":{"previousOwner":{"name":"Spillunten","id":49671},"dateCreated":"2011-05-31T00:00:00+0000","dateLastTaken":"2021-07-03T19:36:12+0000","latitude":64.751168,"currentOwner":{"name":"Sledge","id":241272},"name":"SkellSquare","id":1735,"totalTakeovers":22419,"region":{"area":{"name":"Skellefteå kommun","id":2065},"country":"se","name":"Västerbotten","id":127},"pointsPerHour":8,"longitude":20.953646,"takeoverPoints":80},"latitude":64.751168,"currentOwner":{"name":"Sledge","id":241272},"time":"2021-07-03T19:36:12+0000","type":"takeover","longitude":20.953646},{"zone":{"previousOwner":{"name":"panika","id":109527},"dateCreated":"2020-06-04T21:32:51+0000","dateLastTaken":"2021-07-03T19:36:09+0000","latitude":59.390427,"currentOwner":{"name":"Adrian1233","id":330001},"name":"HanEllerHon","id":315401,"totalTakeovers":687,"region":{"area":{"name":"Karlstads kommun","id":1827},"country":"se","name":"Värmland","id":130},"pointsPerHour":6,"longitude":13.433838,"takeoverPoints":110},"latitude":59.390427,"currentOwner":{"name":"Adrian1233","id":330001},"time":"2021-07-03T19:36:09+0000","type":"takeover","longitude":13.433838},{"zone":{"previousOwner":{"name":"kepsen","id":51326},"dateCreated":"2013-05-11T12:00:00+0000","dateLastTaken":"2021-07-03T19:36:09+0000","latitude":59.652242,"currentOwner":{"name":"Robboy","id":253605},"name":"RelayJump","id":18199,"totalTakeovers":8500,"region":{"area":{"name":"Västerås","id":1807},"country":"se","name":"Västmanland","id":143},"pointsPerHour":6,"longitude":16.508189,"takeoverPoints":110},"latitude":59.652242,"currentOwner":{"name":"Robboy","id":253605},"time":"2021-07-03T19:36:09+0000","type":"takeover","longitude":16.508189},{"zone":{"previousOwner":{"name":"grimric","id":267536},"dateCreated":"2014-04-18T06:42:09+0000","dateLastTaken":"2021-07-03T19:36:08+0000","latitude":56.072118,"currentOwner":{"name":"Westbaypearl","id":101058},"name":"Volontären","id":28352,"totalTakeovers":585,"region":{"area":{"name":"Helsingborgs kommun","id":1947},"country":"se","name":"Skåne","id":135},"pointsPerHour":1,"longitude":12.707853,"takeoverPoints":185},"latitude":56.072118,"currentOwner":{"name":"Westbaypearl","id":101058},"time":"2021-07-03T19:36:08+0000","type":"takeover","longitude":12.707853},{"zone":{"previousOwner":{"name":"Bozze666","id":265053},"dateLastTaken":"2021-07-03T19:36:06+0000","latitude":59.583358,"totalTakeovers":3071,"type":{"name":"Train Station","id":13},"pointsPerHour":5,"takeoverPoints":125,"dateCreated":"2013-11-06T21:25:54+0000","currentOwner":{"name":"redlands","id":334043},"name":"Rosenstoppet","id":22793,"region":{"area":{"name":"Sigtuna kommun","id":1834},"country":"se","name":"Stockholm","id":141},"longitude":17.880049},"latitude":59.583358,"currentOwner":{"name":"redlands","id":334043},"time":"2021-07-03T19:36:06+0000","type":"takeover","longitude":17.880049},{"zone":{"previousOwner":{"name":"cloudwalker","id":137961},"dateCreated":"2015-09-08T08:58:52+0000","dateLastTaken":"2021-07-03T19:35:59+0000","latitude":55.432727,"currentOwner":{"name":"MackoMoto","id":335383},"name":"Laxöringen","id":57226,"totalTakeovers":890,"region":{"area":{"name":"Ystads kommun","id":1953},"country":"se","name":"Skåne","id":135},"pointsPerHour":2,"longitude":13.788783,"takeoverPoints":170},"latitude":55.432727,"currentOwner":{"name":"MackoMoto","id":335383},"time":"2021-07-03T19:35:59+0000","type":"takeover","longitude":13.788783},{"zone":{"previousOwner":{"name":"Turfis","id":17586},"dateCreated":"2014-05-09T15:30:00+0000","dateLastTaken":"2021-07-03T19:35:59+0000","latitude":58.412601,"currentOwner":{"name":"Bath","id":57990},"name":"SoccerCorner","id":28968,"totalTakeovers":7476,"region":{"area":{"name":"Tibro","id":1936},"country":"se","name":"Västra Götaland","id":132},"pointsPerHour":5,"longitude":14.167157,"takeoverPoints":125},"latitude":58.412601,"currentOwner":{"name":"Bath","id":57990},"time":"2021-07-03T19:35:59+0000","type":"takeover","longitude":14.167157},{"zone":{"previousOwner":{"name":"Stabac","id":247515},"dateCreated":"2018-06-18T05:00:00+0000","dateLastTaken":"2021-07-03T19:35:56+0000","latitude":59.459669,"currentOwner":{"name":"theMoffe","id":278042},"name":"Ytterspåret","id":154295,"totalTakeovers":696,"region":{"area":{"name":"Täby kommun","id":1841},"country":"se","name":"Stockholm","id":141},"pointsPerHour":4,"longitude":18.060648,"takeoverPoints":140},"latitude":59.459669,"currentOwner":{"name":"theMoffe","id":278042},"time":"2021-07-03T19:35:56+0000","type":"takeover","longitude":18.060648},{"zone":{"previousOwner":{"name":"iTurf","id":38915},"dateCreated":"2017-12-31T09:00:00+0000","dateLastTaken":"2021-07-03T19:35:56+0000","latitude":59.316292,"currentOwner":{"name":"strober","id":1981},"name":"Bergsunds","id":139026,"totalTakeovers":6022,"region":{"area":{"name":"Stockholms kommun","id":1828},"country":"se","name":"Stockholm","id":141},"pointsPerHour":9,"longitude":18.026849,"takeoverPoints":65},"latitude":59.316292,"currentOwner":{"name":"strober","id":1981},"time":"2021-07-03T19:35:56+0000","type":"takeover","longitude":18.026849},{"zone":{"previousOwner":{"name":"Grusplan","id":42828},"dateCreated":"2014-06-20T06:56:39+0000","dateLastTaken":"2021-07-03T19:35:53+0000","latitude":59.626978,"currentOwner":{"name":"mrAce","id":168289},"name":"LugnaGatan","id":31763,"totalTakeovers":19915,"region":{"area":{"name":"Västerås","id":1807},"country":"se","name":"Västmanland","id":143},"pointsPerHour":8,"longitude":16.580355,"takeoverPoints":80},"latitude":59.626978,"currentOwner":{"name":"mrAce","id":168289},"time":"2021-07-03T19:35:53+0000","type":"takeover","longitude":16.580355},{"zone":{"previousOwner":{"name":"Marilium","id":274005},"dateCreated":"2013-05-17T11:50:23+0000","dateLastTaken":"2021-07-03T19:35:51+0000","latitude":64.517833,"currentOwner":{"name":"ferenc","id":281890},"name":"GesällZone","id":18442,"totalTakeovers":757,"region":{"area":{"name":"Skellefteå kommun","id":2065},"country":"se","name":"Västerbotten","id":127},"pointsPerHour":2,"longitude":20.648322,"takeoverPoints":170},"latitude":64.517833,"currentOwner":{"name":"ferenc","id":281890},"time":"2021-07-03T19:35:51+0000","type":"takeover","longitude":20.648322},{"zone":{"previousOwner":{"name":"Nomadatlife","id":280566},"dateCreated":"2015-03-22T11:00:00+0000","dateLastTaken":"2021-07-03T19:35:44+0000","latitude":59.849225,"currentOwner":{"name":"ZoneTherapist","id":76854},"name":"Trångzont","id":47002,"totalTakeovers":17492,"region":{"area":{"name":"Uppsala kommun","id":1977},"country":"se","name":"Uppsala","id":142},"pointsPerHour":9,"longitude":17.628305,"takeoverPoints":65},"latitude":59.849225,"currentOwner":{"name":"ZoneTherapist","id":76854},"time":"2021-07-03T19:35:44+0000","type":"takeover","longitude":17.628305},{"zone":{"previousOwner":{"name":"bacchus_","id":225941},"dateCreated":"2012-10-08T06:22:33+0000","dateLastTaken":"2021-07-03T19:35:43+0000","latitude":59.6152,"currentOwner":{"name":"SunYour","id":7781},"name":"OldPhoneZone","id":11657,"totalTakeovers":13710,"region":{"area":{"name":"Västerås","id":1807},"country":"se","name":"Västmanland","id":143},"pointsPerHour":8,"longitude":16.537022,"takeoverPoints":80},"latitude":59.6152,"currentOwner":{"name":"SunYour","id":7781},"time":"2021-07-03T19:35:43+0000","type":"takeover","longitude":16.537022},{"zone":{"previousOwner":{"name":"Hylaeus","id":35022},"dateCreated":"2018-10-08T09:00:23+0000","dateLastTaken":"2021-07-03T19:35:42+0000","latitude":59.493881,"currentOwner":{"name":"Gugelhupf","id":148516},"name":"Husbyvägen","id":175454,"totalTakeovers":309,"region":{"area":{"name":"Upplands-Bro kommun","id":1832},"country":"se","name":"Stockholm","id":141},"pointsPerHour":3,"longitude":17.697301,"takeoverPoints":155},"latitude":59.493881,"currentOwner":{"name":"Gugelhupf","id":148516},"time":"2021-07-03T19:35:42+0000","type":"takeover","longitude":17.697301},{"zone":{"previousOwner":{"name":"BlackMamba","id":60509},"dateCreated":"2018-05-10T21:07:56+0000","dateLastTaken":"2021-07-03T19:35:41+0000","latitude":56.687703,"currentOwner":{"name":"nittioettan","id":36274},"name":"FunkyLiving","id":148709,"totalTakeovers":3357,"region":{"area":{"name":"Kalmar kommun","id":2015},"country":"se","name":"Kalmar","id":137},"pointsPerHour":6,"longitude":16.345674,"takeoverPoints":110},"latitude":56.687703,"currentOwner":{"name":"nittioettan","id":36274},"time":"2021-07-03T19:35:41+0000","type":"takeover","longitude":16.345674},{"zone":{"previousOwner":{"name":"TuonoV4","id":280997},"dateCreated":"2017-09-30T08:30:00+0000","dateLastTaken":"2021-07-03T19:35:40+0000","latitude":55.610796,"currentOwner":{"name":"Jonte67","id":284492},"name":"Orkanbibblan","id":131901,"totalTakeovers":3890,"region":{"area":{"name":"Malmö kommun","id":1898},"country":"se","name":"Skåne","id":135},"pointsPerHour":7,"longitude":12.994949,"takeoverPoints":95},"latitude":55.610796,"currentOwner":{"name":"Jonte67","id":284492},"time":"2021-07-03T19:35:40+0000","type":"takeover","longitude":12.994949},{"zone":{"previousOwner":{"name":"zont77","id":115027},"dateCreated":"2017-04-15T05:01:07+0000","dateLastTaken":"2021-07-03T19:35:40+0000","latitude":63.827782,"currentOwner":{"name":"Turfstina","id":188391},"name":"Kvarnvägen","id":98299,"totalTakeovers":6065,"region":{"area":{"name":"Umeå kommun","id":2064},"country":"se","name":"Västerbotten","id":127},"pointsPerHour":8,"longitude":20.218992,"takeoverPoints":80},"latitude":63.827782,"currentOwner":{"name":"Turfstina","id":188391},"time":"2021-07-03T19:35:40+0000","type":"takeover","longitude":20.218992},{"zone":{"previousOwner":{"name":"Grandpa","id":75540},"dateLastTaken":"2021-07-03T19:35:35+0000","latitude":56.858876,"totalTakeovers":3034,"type":{"name":"Bridge","id":8},"pointsPerHour":4,"takeoverPoints":140,"dateCreated":"2011-11-27T10:50:00+0000","currentOwner":{"name":"mistelas","id":20521},"name":"TrummenBridge","id":5265,"region":{"area":{"name":"Växjö kommun","id":1995},"country":"se","name":"Kronoberg","id":147},"longitude":14.835244},"latitude":56.858876,"currentOwner":{"name":"mistelas","id":20521},"time":"2021-07-03T19:35:35+0000","type":"takeover","longitude":14.835244},{"zone":{"previousOwner":{"name":"PastaPutin","id":148021},"dateCreated":"2016-09-06T10:00:00+0000","dateLastTaken":"2021-07-03T19:35:35+0000","latitude":55.707682,"currentOwner":{"name":"ERROR-R","id":167761},"name":"TheManFromUN","id":83580,"totalTakeovers":2341,"region":{"area":{"name":"Lunds kommun","id":1948},"country":"se","name":"Skåne","id":135},"pointsPerHour":6,"longitude":13.218068,"takeoverPoints":110},"latitude":55.707682,"currentOwner":{"name":"ERROR-R","id":167761},"time":"2021-07-03T19:35:35+0000","type":"takeover","longitude":13.218068},{"zone":{"previousOwner":{"name":"LysMara","id":281315},"dateLastTaken":"2021-07-03T19:35:34+0000","latitude":52.546855,"totalTakeovers":169,"type":{"name":"Winner Zone","id":6},"pointsPerHour":1,"takeoverPoints":185,"dateCreated":"2013-11-18T19:39:46+0000","currentOwner":{"name":"paardenmeisje","id":280059},"name":"Lindenstraat","id":23153,"region":{"area":{"name":"Kampen","id":2396},"country":"nl","name":"Overijssel","id":115},"longitude":5.919182},"latitude":52.546855,"currentOwner":{"name":"paardenmeisje","id":280059},"time":"2021-07-03T19:35:34+0000","type":"takeover","longitude":5.919182},{"zone":{"previousOwner":{"name":"PastaPutin","id":148021},"dateCreated":"2016-11-08T11:00:00+0000","dateLastTaken":"2021-07-03T19:35:33+0000","latitude":55.70526,"currentOwner":{"name":"scat_cats","id":156177},"name":"TheBigKnot","id":90773,"totalTakeovers":11366,"region":{"area":{"name":"Lunds kommun","id":1948},"country":"se","name":"Skåne","id":135},"pointsPerHour":8,"longitude":13.190183,"takeoverPoints":80},"latitude":55.70526,"currentOwner":{"name":"scat_cats","id":156177},"time":"2021-07-03T19:35:33+0000","type":"takeover","longitude":13.190183},{"zone":{"previousOwner":{"name":"LeiLar","id":34920},"dateCreated":"2012-05-15T22:42:38+0000","dateLastTaken":"2021-07-03T19:35:33+0000","latitude":63.801257,"currentOwner":{"name":"ghbl","id":136982},"name":"CoalCreek","id":9088,"totalTakeovers":19610,"region":{"area":{"name":"Umeå kommun","id":2064},"country":"se","name":"Västerbotten","id":127},"pointsPerHour":9,"longitude":20.306537,"takeoverPoints":65},"assists":[{"name":"Vozne","id":136752}],"latitude":63.801257,"currentOwner":{"name":"ghbl","id":136982},"time":"2021-07-03T19:35:33+0000","type":"takeover","longitude":20.306537},{"zone":{"previousOwner":{"name":"Enten","id":300047},"dateCreated":"2012-01-09T03:53:59+0000","dateLastTaken":"2021-07-03T19:35:32+0000","latitude":59.604199,"currentOwner":{"name":"Lionheart","id":229275},"name":"Krumeluren","id":5574,"totalTakeovers":10511,"region":{"area":{"name":"Västerås","id":1807},"country":"se","name":"Västmanland","id":143},"pointsPerHour":7,"longitude":16.510294,"takeoverPoints":95},"latitude":59.604199,"currentOwner":{"name":"Lionheart","id":229275},"time":"2021-07-03T19:35:32+0000","type":"takeover","longitude":16.510294},{"zone":{"previousOwner":{"name":"Tinman","id":324199},"dateCreated":"2021-02-21T23:58:51+0000","dateLastTaken":"2021-07-03T19:35:28+0000","latitude":44.950274,"currentOwner":{"name":"fluteswedie","id":303502},"name":"AldrichDich","id":387508,"totalTakeovers":139,"region":{"area":{"name":"Hennepin County","id":4063},"country":"us","name":"Minnesota","id":405},"pointsPerHour":3,"longitude":-93.289045,"takeoverPoints":155},"latitude":44.950274,"currentOwner":{"name":"fluteswedie","id":303502},"time":"2021-07-03T19:35:28+0000","type":"takeover","longitude":-93.289045},{"zone":{"previousOwner":{"name":"NSG_turf","id":42431},"dateLastTaken":"2021-07-03T19:35:25+0000","latitude":58.380827,"totalTakeovers":8480,"type":{"name":"Holy","id":9},"pointsPerHour":4,"takeoverPoints":140,"dateCreated":"2011-03-02T17:36:04+0000","currentOwner":{"name":"NSG_turf","id":42431},"name":"Friendpark","id":1542,"region":{"area":{"name":"Vänersborgs kommun","id":1902},"country":"se","name":"Västra Götaland","id":132},"longitude":12.32453},"latitude":58.380827,"currentOwner":{"name":"NSG_turf","id":42431},"time":"2021-07-03T19:35:25+0000","type":"takeover","longitude":12.32453},{"zone":{"previousOwner":{"name":"TurfTurtle","id":300063},"dateCreated":"2014-12-02T22:40:24+0000","dateLastTaken":"2021-07-03T19:35:20+0000","latitude":63.828041,"currentOwner":{"name":"WildWest","id":256604},"name":"VilanIVäster","id":42394,"totalTakeovers":14165,"region":{"area":{"name":"Umeå kommun","id":2064},"country":"se","name":"Västerbotten","id":127},"pointsPerHour":8,"longitude":20.249562,"takeoverPoints":80},"latitude":63.828041,"currentOwner":{"name":"WildWest","id":256604},"time":"2021-07-03T19:35:20+0000","type":"takeover","longitude":20.249562},{"zone":{"previousOwner":{"name":"Marpii2004","id":265339},"dateLastTaken":"2021-07-03T19:35:16+0000","latitude":60.065209,"totalTakeovers":4989,"type":{"name":"Winner Zone","id":6},"pointsPerHour":6,"takeoverPoints":110,"dateCreated":"2014-11-25T22:15:57+0000","currentOwner":{"name":"Corellian","id":264701},"name":"RozalionHorse","id":42297,"region":{"area":{"name":"Mariehamn","id":2176},"country":"fi","name":"Åland","id":177},"longitude":19.958588},"latitude":60.065209,"currentOwner":{"name":"Corellian","id":264701},"time":"2021-07-03T19:35:16+0000","type":"takeover","longitude":19.958588},{"zone":{"previousOwner":{"name":"mrAce","id":168289},"dateLastTaken":"2021-07-03T19:35:14+0000","latitude":59.592583,"totalTakeovers":4789,"type":{"name":"Ruins/Ancient Remains","id":16},"pointsPerHour":4,"takeoverPoints":140,"dateCreated":"2012-07-19T19:49:52+0000","currentOwner":{"name":"Chrillewille","id":273241},"name":"StGertruds","id":9719,"region":{"area":{"name":"Västerås","id":1807},"country":"se","name":"Västmanland","id":143},"longitude":16.507324},"latitude":59.592583,"currentOwner":{"name":"Chrillewille","id":273241},"time":"2021-07-03T19:35:14+0000","type":"takeover","longitude":16.507324},{"zone":{"previousOwner":{"name":"marypoppins","id":48730},"dateCreated":"2013-12-24T16:00:00+0000","dateLastTaken":"2021-07-03T19:35:13+0000","latitude":59.91052,"currentOwner":{"name":"Nattuggla","id":165442},"name":"SilverBreak","id":24225,"totalTakeovers":7271,"region":{"area":{"name":"Sala kommun","id":1809},"country":"se","name":"Västmanland","id":143},"pointsPerHour":5,"longitude":16.588648,"takeoverPoints":125},"latitude":59.91052,"currentOwner":{"name":"Nattuggla","id":165442},"time":"2021-07-03T19:35:13+0000","type":"takeover","longitude":16.588648},{"zone":{"previousOwner":{"name":"Helge73","id":151784},"dateCreated":"2012-03-29T20:07:08+0000","dateLastTaken":"2021-07-03T19:35:12+0000","latitude":59.221222,"currentOwner":{"name":"aborre","id":298327},"name":"SpringOnion","id":7652,"totalTakeovers":3190,"region":{"area":{"name":"Tyresö kommun","id":1843},"country":"se","name":"Stockholm","id":141},"pointsPerHour":5,"longitude":18.210359,"takeoverPoints":125},"latitude":59.221222,"currentOwner":{"name":"aborre","id":298327},"time":"2021-07-03T19:35:12+0000","type":"takeover","longitude":18.210359},{"zone":{"previousOwner":{"name":"Snabbingen","id":210925},"dateCreated":"2019-05-23T06:00:00+0000","dateLastTaken":"2021-07-03T19:35:12+0000","latitude":59.362866,"currentOwner":{"name":"Lucke","id":61664},"name":"Bällstaån","id":197896,"totalTakeovers":2004,"region":{"area":{"name":"Sundbybergs kommun","id":1889},"country":"se","name":"Stockholm","id":141},"pointsPerHour":7,"longitude":17.957355,"takeoverPoints":95},"latitude":59.362866,"currentOwner":{"name":"Lucke","id":61664},"time":"2021-07-03T19:35:12+0000","type":"takeover","longitude":17.957355},{"zone":{"previousOwner":{"name":"Boinkaboinka","id":133017},"dateCreated":"2014-06-13T12:00:46+0000","dateLastTaken":"2021-07-03T19:35:09+0000","latitude":59.864542,"currentOwner":{"name":"tur","id":148395},"name":"ÅrstaKörvel","id":31488,"totalTakeovers":7916,"region":{"area":{"name":"Uppsala kommun","id":1977},"country":"se","name":"Uppsala","id":142},"pointsPerHour":7,"longitude":17.697799,"takeoverPoints":95},"latitude":59.864542,"currentOwner":{"name":"tur","id":148395},"time":"2021-07-03T19:35:09+0000","type":"takeover","longitude":17.697799},{"zone":{"previousOwner":{"name":"Dalbon","id":129205},"dateCreated":"2020-09-19T07:30:00+0000","dateLastTaken":"2021-07-03T19:35:08+0000","latitude":57.819238,"currentOwner":{"name":"Dalbon","id":129205},"name":"Ralleturfare","id":323365,"totalTakeovers":225,"region":{"area":{"name":"Göteborgs kommun","id":1885},"country":"se","name":"Västra Götaland","id":132},"pointsPerHour":4,"longitude":12.000274,"takeoverPoints":140},"latitude":57.819238,"currentOwner":{"name":"Dalbon","id":129205},"time":"2021-07-03T19:35:08+0000","type":"takeover","longitude":12.000274},{"zone":{"previousOwner":{"name":"lönnen","id":174989},"dateCreated":"2012-11-13T21:38:31+0000","dateLastTaken":"2021-07-03T19:35:07+0000","latitude":65.61495,"currentOwner":{"name":"grock","id":189790},"name":"BjörkzZone","id":11891,"totalTakeovers":3650,"region":{"area":{"name":"Luleå kommun","id":1798},"country":"se","name":"Norrbotten","id":126},"pointsPerHour":6,"longitude":22.175021,"takeoverPoints":110},"latitude":65.61495,"currentOwner":{"name":"grock","id":189790},"time":"2021-07-03T19:35:07+0000","type":"takeover","longitude":22.175021},{"zone":{"previousOwner":{"name":"Miknor","id":278187},"dateCreated":"2014-03-15T08:08:18+0000","dateLastTaken":"2021-07-03T19:35:07+0000","latitude":57.267817,"currentOwner":{"name":"Namnet","id":179906},"name":"PeaceHomeZone","id":26862,"totalTakeovers":8723,"region":{"area":{"name":"Oskarshamns kommun","id":2023},"country":"se","name":"Kalmar","id":137},"pointsPerHour":5,"longitude":16.442008,"takeoverPoints":125},"assists":[{"name":"Bibbilinka","id":141597}],"latitude":57.267817,"currentOwner":{"name":"Namnet","id":179906},"time":"2021-07-03T19:35:07+0000","type":"takeover","longitude":16.442008},{"zone":{"previousOwner":{"name":"Pekman","id":230852},"dateCreated":"2010-07-17T00:00:00+0000","dateLastTaken":"2021-07-03T19:35:06+0000","latitude":59.334469,"currentOwner":{"name":"TheUrw","id":282370},"name":"KristineZone","id":212,"totalTakeovers":6368,"region":{"area":{"name":"Stockholms kommun","id":1828},"country":"se","name":"Stockholm","id":141},"pointsPerHour":7,"longitude":18.00687,"takeoverPoints":95},"latitude":59.334469,"currentOwner":{"name":"TheUrw","id":282370},"time":"2021-07-03T19:35:06+0000","type":"takeover","longitude":18.00687},{"zone":{"previousOwner":{"name":"agentgladsmurf","id":279661},"dateCreated":"2016-06-05T01:07:17+0000","dateLastTaken":"2021-07-03T19:35:04+0000","latitude":59.283501,"currentOwner":{"name":"TheCat","id":35712},"name":"Pizzahörnet","id":78442,"totalTakeovers":5784,"region":{"area":{"name":"Stockholms kommun","id":1828},"country":"se","name":"Stockholm","id":141},"pointsPerHour":8,"longitude":17.970733,"takeoverPoints":80},"latitude":59.283501,"currentOwner":{"name":"TheCat","id":35712},"time":"2021-07-03T19:35:04+0000","type":"takeover","longitude":17.970733},{"zone":{"previousOwner":{"name":"Ucka","id":74558},"dateCreated":"2015-01-12T17:00:00+0000","dateLastTaken":"2021-07-03T19:35:01+0000","latitude":59.634061,"currentOwner":{"name":"Ishizaki","id":140470},"name":"ÅEnköping","id":43712,"totalTakeovers":11839,"region":{"area":{"name":"Enköpings kommun","id":1944},"country":"se","name":"Uppsala","id":142},"pointsPerHour":6,"longitude":17.063553,"takeoverPoints":110},"latitude":59.634061,"currentOwner":{"name":"Ishizaki","id":140470},"time":"2021-07-03T19:35:01+0000","type":"takeover","longitude":17.063553},{"zone":{"previousOwner":{"name":"iTurf","id":38915},"dateLastTaken":"2021-07-03T19:35:00+0000","latitude":59.318505,"totalTakeovers":13810,"type":{"name":"Bridge","id":8},"pointsPerHour":9,"takeoverPoints":65,"dateCreated":"2010-07-18T00:00:00+0000","currentOwner":{"name":"strober","id":1981},"name":"ReimerBridge","id":161,"region":{"area":{"name":"Stockholms kommun","id":1828},"country":"se","name":"Stockholm","id":141},"longitude":18.026088},"latitude":59.318505,"currentOwner":{"name":"strober","id":1981},"time":"2021-07-03T19:35:00+0000","type":"takeover","longitude":18.026088},{"zone":{"previousOwner":{"name":"nagotnice","id":312000},"dateCreated":"2012-03-20T22:04:23+0000","dateLastTaken":"2021-07-03T19:34:59+0000","latitude":59.360409,"currentOwner":{"name":"RiddervanMyyl","id":94662},"name":"OakHillZone","id":7150,"totalTakeovers":7299,"region":{"area":{"name":"Solna kommun","id":1845},"country":"se","name":"Stockholm","id":141},"pointsPerHour":7,"longitude":17.987505,"takeoverPoints":95},"latitude":59.360409,"currentOwner":{"name":"RiddervanMyyl","id":94662},"time":"2021-07-03T19:34:59+0000","type":"takeover","longitude":17.987505},{"zone":{"previousOwner":{"name":"molex","id":240222},"dateLastTaken":"2021-07-03T19:34:57+0000","latitude":59.618185,"totalTakeovers":2533,"type":{"name":"Bridge","id":8},"pointsPerHour":7,"takeoverPoints":95,"dateCreated":"2018-07-25T23:11:19+0000","currentOwner":{"name":"BluesBoy","id":118177},"name":"Märstaån","id":155027,"region":{"area":{"name":"Sigtuna kommun","id":1834},"country":"se","name":"Stockholm","id":141},"longitude":17.856849},"latitude":59.618185,"currentOwner":{"name":"BluesBoy","id":118177},"time":"2021-07-03T19:34:57+0000","type":"takeover","longitude":17.856849},{"zone":{"previousOwner":{"name":"Habichtherz","id":335086},"dateCreated":"2021-05-09T07:30:00+0000","dateLastTaken":"2021-07-03T19:34:52+0000","latitude":53.328702,"currentOwner":{"name":"Kleiner","id":334769},"name":"Bremerpfad","id":408826,"totalTakeovers":11,"region":{"area":{"name":"Landkreis Harburg","id":4160},"country":"de","name":"Niedersachsen","id":444},"pointsPerHour":2,"longitude":9.840354,"takeoverPoints":170},"latitude":53.328702,"currentOwner":{"name":"Kleiner","id":334769},"time":"2021-07-03T19:34:52+0000","type":"takeover","longitude":9.840354},{"zone":{"previousOwner":{"name":"FiFVO","id":284486},"dateCreated":"2020-09-13T15:00:00+0000","dateLastTaken":"2021-07-03T19:34:43+0000","latitude":55.959396,"currentOwner":{"name":"INTKirky","id":289726},"name":"BalcomieZone","id":328184,"totalTakeovers":347,"region":{"area":{"name":"City of Edinburgh","id":2780},"country":"gb","name":"Scotland","id":200},"pointsPerHour":4,"longitude":-3.400951,"takeoverPoints":140},"latitude":55.959396,"currentOwner":{"name":"INTKirky","id":289726},"time":"2021-07-03T19:34:43+0000","type":"takeover","longitude":-3.400951},{"zone":{"previousOwner":{"name":"Pan_Pijak","id":59442},"dateCreated":"2012-11-06T20:50:00+0000","dateLastTaken":"2021-07-03T19:34:39+0000","latitude":57.676323,"currentOwner":{"name":"jösses...då","id":113416},"name":"Högsbosnurren","id":11848,"totalTakeovers":3140,"region":{"area":{"name":"Göteborgs kommun","id":1885},"country":"se","name":"Västra Götaland","id":132},"pointsPerHour":4,"longitude":11.916818,"takeoverPoints":140},"latitude":57.676323,"currentOwner":{"name":"jösses...då","id":113416},"time":"2021-07-03T19:34:39+0000","type":"takeover","longitude":11.916818},{"zone":{"previousOwner":{"name":"Rymprak","id":228698},"dateCreated":"2017-04-22T13:00:00+0000","dateLastTaken":"2021-07-03T19:34:25+0000","latitude":59.249999,"currentOwner":{"name":"Kekkonen","id":35384},"name":"VilkenMora","id":99759,"totalTakeovers":3060,"region":{"area":{"name":"Nacka kommun","id":1829},"country":"se","name":"Stockholm","id":141},"pointsPerHour":7,"longitude":18.219219,"takeoverPoints":95},"latitude":59.249999,"currentOwner":{"name":"Kekkonen","id":35384},"time":"2021-07-03T19:34:25+0000","type":"takeover","longitude":18.219219},{"zone":{"previousOwner":{"name":"Deppen","id":195631},"dateCreated":"2014-02-18T00:17:59+0000","dateLastTaken":"2021-07-03T19:34:24+0000","latitude":59.299819,"currentOwner":{"name":"VirulfALIVE","id":278756},"name":"Styvmorsviol","id":24090,"totalTakeovers":1130,"region":{"area":{"name":"Nacka kommun","id":1829},"country":"se","name":"Stockholm","id":141},"pointsPerHour":3,"longitude":18.151992,"takeoverPoints":155},"latitude":59.299819,"currentOwner":{"name":"VirulfALIVE","id":278756},"time":"2021-07-03T19:34:24+0000","type":"takeover","longitude":18.151992},{"zone":{"previousOwner":{"name":"Nomadatlife","id":280566},"dateCreated":"2013-11-19T08:20:51+0000","dateLastTaken":"2021-07-03T19:34:18+0000","latitude":59.850358,"currentOwner":{"name":"ZoneTherapist","id":76854},"name":"Blåsenhus","id":23175,"totalTakeovers":14437,"region":{"area":{"name":"Uppsala kommun","id":1977},"country":"se","name":"Uppsala","id":142},"pointsPerHour":8,"longitude":17.632168,"takeoverPoints":80},"latitude":59.850358,"currentOwner":{"name":"ZoneTherapist","id":76854},"time":"2021-07-03T19:34:18+0000","type":"takeover","longitude":17.632168},{"zone":{"previousOwner":{"name":"Foppstar","id":170597},"dateCreated":"2014-04-08T06:30:00+0000","dateLastTaken":"2021-07-03T19:34:17+0000","latitude":59.42019,"currentOwner":{"name":"NightDriver","id":279433},"name":"HemmansHill","id":27815,"totalTakeovers":2920,"region":{"area":{"name":"Järfälla kommun","id":1835},"country":"se","name":"Stockholm","id":141},"pointsPerHour":4,"longitude":17.810982,"takeoverPoints":140},"latitude":59.42019,"currentOwner":{"name":"NightDriver","id":279433},"time":"2021-07-03T19:34:17+0000","type":"takeover","longitude":17.810982},{"zone":{"previousOwner":{"name":"Spillunten","id":49671},"dateCreated":"2013-12-24T11:00:05+0000","dateLastTaken":"2021-07-03T19:34:17+0000","latitude":64.750369,"currentOwner":{"name":"Sledge","id":241272},"name":"OdinZone","id":23900,"totalTakeovers":17386,"region":{"area":{"name":"Skellefteå kommun","id":2065},"country":"se","name":"Västerbotten","id":127},"pointsPerHour":8,"longitude":20.958267,"takeoverPoints":80},"latitude":64.750369,"currentOwner":{"name":"Sledge","id":241272},"time":"2021-07-03T19:34:17+0000","type":"takeover","longitude":20.958267},{"zone":{"previousOwner":{"name":"Jalik52","id":165267},"dateCreated":"2017-08-19T07:00:00+0000","dateLastTaken":"2021-07-03T19:34:16+0000","latitude":56.678427,"currentOwner":{"name":"embeoo","id":23906},"name":"GenomDunge","id":117067,"totalTakeovers":2028,"region":{"area":{"name":"Kalmar kommun","id":2015},"country":"se","name":"Kalmar","id":137},"pointsPerHour":5,"longitude":16.326496,"takeoverPoints":125},"assists":[{"name":"albee","id":96946}],"latitude":56.678427,"currentOwner":{"name":"embeoo","id":23906},"time":"2021-07-03T19:34:16+0000","type":"takeover","longitude":16.326496},{"zone":{"previousOwner":{"name":"Pilgrim","id":60557},"dateLastTaken":"2021-07-03T19:34:16+0000","latitude":57.699014,"totalTakeovers":193,"type":{"name":"Holy","id":9},"pointsPerHour":7,"takeoverPoints":95,"dateCreated":"2021-05-05T12:03:24+0000","currentOwner":{"name":"Vakentimmar","id":95957},"name":"Kyrkogången","id":408527,"region":{"area":{"name":"Göteborgs kommun","id":1885},"country":"se","name":"Västra Götaland","id":132},"longitude":11.939074},"latitude":57.699014,"currentOwner":{"name":"Vakentimmar","id":95957},"time":"2021-07-03T19:34:16+0000","type":"takeover","longitude":11.939074},{"zone":{"previousOwner":{"name":"lovidora","id":75663},"dateCreated":"2014-05-06T07:56:41+0000","dateLastTaken":"2021-07-03T19:34:15+0000","latitude":59.406777,"currentOwner":{"name":"Aicar","id":74956},"name":"MassEntrance","id":27957,"totalTakeovers":22117,"region":{"area":{"name":"Stockholms kommun","id":1828},"country":"se","name":"Stockholm","id":141},"pointsPerHour":9,"longitude":17.956489,"takeoverPoints":65},"latitude":59.406777,"currentOwner":{"name":"Aicar","id":74956},"time":"2021-07-03T19:34:15+0000","type":"takeover","longitude":17.956489},{"zone":{"previousOwner":{"name":"PelSjo","id":183576},"dateCreated":"2016-08-29T21:28:09+0000","dateLastTaken":"2021-07-03T19:34:11+0000","latitude":63.848719,"currentOwner":{"name":"MrDinco","id":11189},"name":"Rondellzon","id":81871,"totalTakeovers":6071,"region":{"area":{"name":"Umeå kommun","id":2064},"country":"se","name":"Västerbotten","id":127},"pointsPerHour":8,"longitude":20.313498,"takeoverPoints":80},"latitude":63.848719,"currentOwner":{"name":"MrDinco","id":11189},"time":"2021-07-03T19:34:11+0000","type":"takeover","longitude":20.313498},{"zone":{"previousOwner":{"name":"larsovegus","id":125816},"dateCreated":"2011-11-09T11:22:32+0000","dateLastTaken":"2021-07-03T19:34:08+0000","latitude":62.628363,"currentOwner":{"name":"maggan51","id":331276},"name":"HereBath","id":4720,"totalTakeovers":2241,"region":{"area":{"name":"Härnösands kommun","id":2057},"country":"se","name":"Västernorrland","id":145},"pointsPerHour":2,"longitude":17.939471,"takeoverPoints":170},"latitude":62.628363,"currentOwner":{"name":"maggan51","id":331276},"time":"2021-07-03T19:34:08+0000","type":"takeover","longitude":17.939471},{"zone":{"previousOwner":{"name":"ghbl","id":136982},"dateCreated":"2017-09-23T09:00:00+0000","dateLastTaken":"2021-07-03T19:34:07+0000","latitude":63.810843,"currentOwner":{"name":"Bluethunder","id":198646},"name":"MellanJobb","id":126255,"totalTakeovers":13737,"region":{"area":{"name":"Umeå kommun","id":2064},"country":"se","name":"Västerbotten","id":127},"pointsPerHour":8,"longitude":20.320126,"takeoverPoints":80},"latitude":63.810843,"currentOwner":{"name":"Bluethunder","id":198646},"time":"2021-07-03T19:34:07+0000","type":"takeover","longitude":20.320126},{"zone":{"previousOwner":{"name":"Foppstar","id":170597},"dateCreated":"2013-11-11T23:34:56+0000","dateLastTaken":"2021-07-03T19:34:04+0000","latitude":59.408431,"currentOwner":{"name":"alicubi","id":53215},"name":"Girokorset","id":22833,"totalTakeovers":4016,"region":{"area":{"name":"Järfälla kommun","id":1835},"country":"se","name":"Stockholm","id":141},"pointsPerHour":5,"longitude":17.849329,"takeoverPoints":125},"latitude":59.408431,"currentOwner":{"name":"alicubi","id":53215},"time":"2021-07-03T19:34:04+0000","type":"takeover","longitude":17.849329},{"zone":{"previousOwner":{"name":"TuonoV4","id":280997},"dateCreated":"2021-05-20T08:30:00+0000","dateLastTaken":"2021-07-03T19:34:03+0000","latitude":55.608998,"currentOwner":{"name":"Jonte67","id":284492},"name":"Bassängen","id":409168,"totalTakeovers":188,"region":{"area":{"name":"Malmö kommun","id":1898},"country":"se","name":"Skåne","id":135},"pointsPerHour":7,"longitude":12.991965,"takeoverPoints":95},"latitude":55.608998,"currentOwner":{"name":"Jonte67","id":284492},"time":"2021-07-03T19:34:03+0000","type":"takeover","longitude":12.991965},{"zone":{"previousOwner":{"name":"Granbera","id":119761},"dateCreated":"2016-12-24T06:00:00+0000","dateLastTaken":"2021-07-03T19:34:01+0000","latitude":59.31876,"currentOwner":{"name":"strober","id":1981},"name":"JagMötteLasse","id":92847,"totalTakeovers":5101,"region":{"area":{"name":"Stockholms kommun","id":1828},"country":"se","name":"Stockholm","id":141},"pointsPerHour":8,"longitude":18.030111,"takeoverPoints":80},"latitude":59.31876,"currentOwner":{"name":"strober","id":1981},"time":"2021-07-03T19:34:01+0000","type":"takeover","longitude":18.030111},{"zone":{"previousOwner":{"name":"Marpii2004","id":265339},"dateCreated":"2018-05-18T16:46:02+0000","dateLastTaken":"2021-07-03T19:34:01+0000","latitude":60.063903,"currentOwner":{"name":"Corellian","id":264701},"name":"Grushögen","id":150646,"totalTakeovers":2539,"region":{"area":{"name":"Mariehamn","id":2176},"country":"fi","name":"Åland","id":177},"pointsPerHour":6,"longitude":19.955401,"takeoverPoints":110},"latitude":60.063903,"currentOwner":{"name":"Corellian","id":264701},"time":"2021-07-03T19:34:01+0000","type":"takeover","longitude":19.955401},{"zone":{"previousOwner":{"name":"Turfis","id":17586},"dateCreated":"2015-11-30T07:45:44+0000","dateLastTaken":"2021-07-03T19:33:57+0000","latitude":58.416171,"currentOwner":{"name":"Bath","id":57990},"name":"Gymnasiezon","id":61636,"totalTakeovers":5850,"region":{"area":{"name":"Tibro","id":1936},"country":"se","name":"Västra Götaland","id":132},"pointsPerHour":5,"longitude":14.168855,"takeoverPoints":125},"latitude":58.416171,"currentOwner":{"name":"Bath","id":57990},"time":"2021-07-03T19:33:57+0000","type":"takeover","longitude":14.168855},{"zone":{"previousOwner":{"name":"Granbrott","id":17421},"dateCreated":"2012-03-19T21:48:38+0000","dateLastTaken":"2021-07-03T19:33:56+0000","latitude":59.234644,"currentOwner":{"name":"Lulle1","id":334708},"name":"WeDriveSoft","id":7012,"totalTakeovers":5749,"region":{"area":{"name":"Huddinge kommun","id":1830},"country":"se","name":"Stockholm","id":141},"pointsPerHour":7,"longitude":17.995102,"takeoverPoints":95},"latitude":59.234644,"currentOwner":{"name":"Lulle1","id":334708},"time":"2021-07-03T19:33:56+0000","type":"takeover","longitude":17.995102},{"zone":{"previousOwner":{"name":"MrJokerit","id":81469},"dateCreated":"2016-10-14T04:00:00+0000","dateLastTaken":"2021-07-03T19:33:51+0000","latitude":57.689352,"currentOwner":{"name":"Dadeee","id":327379},"name":"ÄreVörtDe","id":87727,"totalTakeovers":4868,"region":{"area":{"name":"Göteborgs kommun","id":1885},"country":"se","name":"Västra Götaland","id":132},"pointsPerHour":7,"longitude":11.995119,"takeoverPoints":95},"latitude":57.689352,"currentOwner":{"name":"Dadeee","id":327379},"time":"2021-07-03T19:33:51+0000","type":"takeover","longitude":11.995119},{"zone":{"previousOwner":{"name":"marypoppins","id":48730},"dateCreated":"2014-06-20T06:54:22+0000","dateLastTaken":"2021-07-03T19:33:47+0000","latitude":59.912687,"currentOwner":{"name":"Nattuggla","id":165442},"name":"SalaBrewery","id":31818,"totalTakeovers":5836,"region":{"area":{"name":"Sala kommun","id":1809},"country":"se","name":"Västmanland","id":143},"pointsPerHour":4,"longitude":16.587523,"takeoverPoints":140},"latitude":59.912687,"currentOwner":{"name":"Nattuggla","id":165442},"time":"2021-07-03T19:33:47+0000","type":"takeover","longitude":16.587523},{"zone":{"previousOwner":{"name":"Röste","id":107099},"dateCreated":"2014-12-24T03:18:01+0000","dateLastTaken":"2021-07-03T19:33:43+0000","latitude":61.343245,"currentOwner":{"name":"millroy","id":95378},"name":"GoGoGo","id":43014,"totalTakeovers":4138,"region":{"area":{"name":"Bollnäs kommun","id":2048},"country":"se","name":"Gävleborg","id":144},"pointsPerHour":5,"longitude":16.392158,"takeoverPoints":125},"latitude":61.343245,"currentOwner":{"name":"millroy","id":95378},"time":"2021-07-03T19:33:43+0000","type":"takeover","longitude":16.392158},{"zone":{"previousOwner":{"name":"Dalbon","id":129205},"dateCreated":"2020-09-22T22:30:00+0000","dateLastTaken":"2021-07-03T19:33:42+0000","latitude":57.824169,"currentOwner":{"name":"Dalbon","id":129205},"name":"Hållplatsturf","id":323366,"totalTakeovers":221,"region":{"area":{"name":"Göteborgs kommun","id":1885},"country":"se","name":"Västra Götaland","id":132},"pointsPerHour":4,"longitude":12.002552,"takeoverPoints":140},"latitude":57.824169,"currentOwner":{"name":"Dalbon","id":129205},"time":"2021-07-03T19:33:42+0000","type":"takeover","longitude":12.002552},{"zone":{"previousOwner":{"name":"PerS","id":123305},"dateCreated":"2014-03-15T07:49:34+0000","dateLastTaken":"2021-07-03T19:33:41+0000","latitude":55.705558,"currentOwner":{"name":"ERROR-R","id":167761},"name":"Fakiren","id":26313,"totalTakeovers":4654,"region":{"area":{"name":"Lunds kommun","id":1948},"country":"se","name":"Skåne","id":135},"pointsPerHour":6,"longitude":13.213473,"takeoverPoints":110},"latitude":55.705558,"currentOwner":{"name":"ERROR-R","id":167761},"time":"2021-07-03T19:33:41+0000","type":"takeover","longitude":13.213473},{"zone":{"previousOwner":{"name":"Tinman","id":324199},"dateLastTaken":"2021-07-03T19:33:36+0000","latitude":44.950336,"totalTakeovers":145,"type":{"name":"Bridge","id":8},"pointsPerHour":3,"takeoverPoints":155,"dateCreated":"2021-02-05T21:13:55+0000","currentOwner":{"name":"fluteswedie","id":303502},"name":"UnderAndOver","id":381375,"region":{"area":{"name":"Hennepin County","id":4063},"country":"us","name":"Minnesota","id":405},"longitude":-93.296886},"latitude":44.950336,"currentOwner":{"name":"fluteswedie","id":303502},"time":"2021-07-03T19:33:36+0000","type":"takeover","longitude":-93.296886},{"zone":{"previousOwner":{"name":"JuanOlé","id":48153},"dateCreated":"2015-02-14T06:00:00+0000","dateLastTaken":"2021-07-03T19:33:33+0000","latitude":59.625853,"currentOwner":{"name":"Ironhorse","id":46186},"name":"Björkgläntan","id":44723,"totalTakeovers":15831,"region":{"area":{"name":"Västerås","id":1807},"country":"se","name":"Västmanland","id":143},"pointsPerHour":8,"longitude":16.587261,"takeoverPoints":80},"latitude":59.625853,"currentOwner":{"name":"Ironhorse","id":46186},"time":"2021-07-03T19:33:33+0000","type":"takeover","longitude":16.587261},{"zone":{"previousOwner":{"name":"clalin","id":202674},"dateLastTaken":"2021-07-03T19:33:33+0000","latitude":59.333258,"totalTakeovers":7683,"type":{"name":"Monument","id":21},"pointsPerHour":8,"takeoverPoints":80,"dateCreated":"2016-10-14T00:00:00+0000","currentOwner":{"name":"TheUrw","id":282370},"name":"KristineSlott","id":90253,"region":{"area":{"name":"Stockholms kommun","id":1828},"country":"se","name":"Stockholm","id":141},"longitude":18.003865},"latitude":59.333258,"currentOwner":{"name":"TheUrw","id":282370},"time":"2021-07-03T19:33:33+0000","type":"takeover","longitude":18.003865},{"zone":{"previousOwner":{"name":"annilin","id":42445},"dateCreated":"2013-12-01T22:35:41+0000","dateLastTaken":"2021-07-03T19:33:32+0000","latitude":59.272431,"currentOwner":{"name":"utflykten1","id":61279},"name":"Kanalvägen","id":23588,"totalTakeovers":19212,"region":{"area":{"name":"Örebro kommun","id":1819},"country":"se","name":"Örebro","id":131},"pointsPerHour":8,"longitude":15.222614,"takeoverPoints":80},"latitude":59.272431,"currentOwner":{"name":"utflykten1","id":61279},"time":"2021-07-03T19:33:32+0000","type":"takeover","longitude":15.222614},{"zone":{"previousOwner":{"name":"Florence","id":70365},"dateLastTaken":"2021-07-03T19:33:30+0000","latitude":69.214374,"totalTakeovers":4,"type":{"name":"National Park","id":22},"pointsPerHour":1,"takeoverPoints":185,"dateCreated":"2016-05-17T10:00:00+0000","currentOwner":{"name":"Entertainer","id":63823},"name":"ÅnderdalenNP","id":72049,"region":{"area":{"name":"Senja","id":4245},"country":"no","name":"Nordnorge","id":183},"longitude":17.32322},"latitude":69.214374,"currentOwner":{"name":"Entertainer","id":63823},"time":"2021-07-03T19:33:30+0000","type":"takeover","longitude":17.32322},{"zone":{"previousOwner":{"name":"Evil_B","id":42658},"dateLastTaken":"2021-07-03T19:33:29+0000","latitude":64.754552,"totalTakeovers":7669,"type":{"name":"Bridge","id":8},"pointsPerHour":6,"takeoverPoints":110,"dateCreated":"2012-03-19T19:55:05+0000","currentOwner":{"name":"folkölen","id":21362},"name":"NorthCryZone","id":6992,"region":{"area":{"name":"Skellefteå kommun","id":2065},"country":"se","name":"Västerbotten","id":127},"longitude":20.962057},"latitude":64.754552,"currentOwner":{"name":"folkölen","id":21362},"time":"2021-07-03T19:33:29+0000","type":"takeover","longitude":20.962057},{"zone":{"previousOwner":{"name":"molex","id":240222},"dateCreated":"2021-01-05T15:00:00+0000","dateLastTaken":"2021-07-03T19:33:28+0000","latitude":59.622121,"currentOwner":{"name":"redlands","id":334043},"name":"Railrör","id":352374,"totalTakeovers":382,"region":{"area":{"name":"Sigtuna kommun","id":1834},"country":"se","name":"Stockholm","id":141},"pointsPerHour":6,"longitude":17.860369,"takeoverPoints":110},"latitude":59.622121,"currentOwner":{"name":"redlands","id":334043},"time":"2021-07-03T19:33:28+0000","type":"takeover","longitude":17.860369},{"zone":{"previousOwner":{"name":"Tjommen","id":107596},"dateCreated":"2017-12-24T09:00:00+0000","dateLastTaken":"2021-07-03T19:33:26+0000","latitude":58.392582,"currentOwner":{"name":"Carojen","id":273001},"name":"SvenBergmans","id":139440,"totalTakeovers":938,"region":{"area":{"name":"Skövde kommun","id":1905},"country":"se","name":"Västra Götaland","id":132},"pointsPerHour":3,"longitude":13.870288,"takeoverPoints":155},"latitude":58.392582,"currentOwner":{"name":"Carojen","id":273001},"time":"2021-07-03T19:33:26+0000","type":"takeover","longitude":13.870288},{"zone":{"previousOwner":{"name":"Grandpa","id":75540},"dateCreated":"2014-05-31T21:00:00+0000","dateLastTaken":"2021-07-03T19:33:26+0000","latitude":56.8622,"currentOwner":{"name":"mistelas","id":20521},"name":"BrändeUdde","id":30787,"totalTakeovers":2298,"region":{"area":{"name":"Växjö kommun","id":1995},"country":"se","name":"Kronoberg","id":147},"pointsPerHour":4,"longitude":14.83748,"takeoverPoints":140},"latitude":56.8622,"currentOwner":{"name":"mistelas","id":20521},"time":"2021-07-03T19:33:26+0000","type":"takeover","longitude":14.83748},{"zone":{"previousOwner":{"name":"Marpii2004","id":265339},"dateLastTaken":"2021-07-03T19:33:24+0000","latitude":60.081226,"totalTakeovers":8761,"type":{"name":"Winner Zone","id":6},"pointsPerHour":7,"takeoverPoints":95,"dateCreated":"2015-11-04T22:59:21+0000","currentOwner":{"name":"C3PO.","id":265321},"name":"RozalionShore","id":61028,"region":{"area":{"name":"Mariehamn","id":2176},"country":"fi","name":"Åland","id":177},"longitude":19.961761},"latitude":60.081226,"currentOwner":{"name":"C3PO.","id":265321},"time":"2021-07-03T19:33:24+0000","type":"takeover","longitude":19.961761},{"zone":{"previousOwner":{"name":"swebear","id":21548},"dateLastTaken":"2021-07-03T19:33:21+0000","latitude":57.428412,"totalTakeovers":5840,"type":{"name":"Train Station","id":13},"pointsPerHour":3,"takeoverPoints":155,"dateCreated":"2015-02-25T12:12:08+0000","currentOwner":{"name":"JollyRoger","id":49203},"name":"SkillTrain","id":45122,"region":{"area":{"name":"Vaggeryds kommun","id":2013},"country":"se","name":"Jönköping","id":133},"longitude":14.090592},"latitude":57.428412,"currentOwner":{"name":"JollyRoger","id":49203},"time":"2021-07-03T19:33:21+0000","type":"takeover","longitude":14.090592},{"zone":{"previousOwner":{"name":"TrekBiker","id":136243},"dateCreated":"2010-11-04T19:37:56+0000","dateLastTaken":"2021-07-03T19:33:20+0000","latitude":59.406179,"currentOwner":{"name":"Aicar","id":74956},"name":"Gamex","id":1056,"totalTakeovers":17094,"region":{"area":{"name":"Stockholms kommun","id":1828},"country":"se","name":"Stockholm","id":141},"pointsPerHour":9,"longitude":17.959013,"takeoverPoints":65},"latitude":59.406179,"currentOwner":{"name":"Aicar","id":74956},"time":"2021-07-03T19:33:20+0000","type":"takeover","longitude":17.959013},{"zone":{"previousOwner":{"name":"mrAce","id":168289},"dateCreated":"2017-03-22T21:15:00+0000","dateLastTaken":"2021-07-03T19:33:19+0000","latitude":59.59237,"currentOwner":{"name":"Chrillewille","id":273241},"name":"ÖrjansGränd","id":96745,"totalTakeovers":3317,"region":{"area":{"name":"Västerås","id":1807},"country":"se","name":"Västmanland","id":143},"pointsPerHour":7,"longitude":16.501087,"takeoverPoints":95},"latitude":59.59237,"currentOwner":{"name":"Chrillewille","id":273241},"time":"2021-07-03T19:33:19+0000","type":"takeover","longitude":16.501087},{"zone":{"previousOwner":{"name":"linkaz","id":101631},"dateCreated":"2012-06-05T21:23:00+0000","dateLastTaken":"2021-07-03T19:33:15+0000","latitude":63.804922,"currentOwner":{"name":"ghbl","id":136982},"name":"PineWoods","id":9382,"totalTakeovers":19878,"region":{"area":{"name":"Umeå kommun","id":2064},"country":"se","name":"Västerbotten","id":127},"pointsPerHour":8,"longitude":20.308312,"takeoverPoints":80},"assists":[{"name":"Vozne","id":136752}],"latitude":63.804922,"currentOwner":{"name":"ghbl","id":136982},"time":"2021-07-03T19:33:15+0000","type":"takeover","longitude":20.308312},{"zone":{"previousOwner":{"name":"schnappi.jr","id":202503},"dateCreated":"2012-12-07T00:31:13+0000","dateLastTaken":"2021-07-03T19:33:13+0000","latitude":60.596352,"currentOwner":{"name":"MoraIK","id":158799},"name":"Slaggbocken","id":12182,"totalTakeovers":3128,"region":{"area":{"name":"Falu kommun","id":1865},"country":"se","name":"Dalarna","id":129},"pointsPerHour":5,"longitude":15.617539,"takeoverPoints":125},"latitude":60.596352,"currentOwner":{"name":"MoraIK","id":158799},"time":"2021-07-03T19:33:13+0000","type":"takeover","longitude":15.617539},{"zone":{"previousOwner":{"name":"LysMara","id":281315},"dateCreated":"2013-11-15T03:50:11+0000","dateLastTaken":"2021-07-03T19:33:11+0000","latitude":52.549554,"currentOwner":{"name":"paardenmeisje","id":280059},"name":"ElzenStraat","id":22894,"totalTakeovers":176,"region":{"area":{"name":"Kampen","id":2396},"country":"nl","name":"Overijssel","id":115},"pointsPerHour":1,"longitude":5.915148,"takeoverPoints":185},"latitude":52.549554,"currentOwner":{"name":"paardenmeisje","id":280059},"time":"2021-07-03T19:33:11+0000","type":"takeover","longitude":5.915148},{"zone":{"previousOwner":{"name":"Pekman","id":230852},"dateCreated":"2014-04-17T13:28:33+0000","dateLastTaken":"2021-07-03T19:33:05+0000","latitude":59.329442,"currentOwner":{"name":"NisseNasse","id":54085},"name":"Pontonjär","id":28373,"totalTakeovers":4182,"region":{"area":{"name":"Stockholms kommun","id":1828},"country":"se","name":"Stockholm","id":141},"pointsPerHour":6,"longitude":18.033218,"takeoverPoints":110},"latitude":59.329442,"currentOwner":{"name":"NisseNasse","id":54085},"time":"2021-07-03T19:33:05+0000","type":"takeover","longitude":18.033218},{"zone":{"previousOwner":{"name":"Dadeee","id":327379},"dateLastTaken":"2021-07-03T19:33:03+0000","latitude":57.707306,"totalTakeovers":38879,"type":{"name":"Monument","id":21},"pointsPerHour":9,"takeoverPoints":65,"dateCreated":"2010-08-15T00:00:00+0000","currentOwner":{"name":"Fluxo","id":107521},"name":"GAZone","id":387,"region":{"area":{"name":"Göteborgs kommun","id":1885},"country":"se","name":"Västra Götaland","id":132},"longitude":11.967094},"latitude":57.707306,"currentOwner":{"name":"Fluxo","id":107521},"time":"2021-07-03T19:33:03+0000","type":"takeover","longitude":11.967094},{"zone":{"previousOwner":{"name":"amba","id":69202},"dateCreated":"2013-02-06T07:39:00+0000","dateLastTaken":"2021-07-03T19:33:00+0000","latitude":57.68673,"currentOwner":{"name":"SweetJane","id":134130},"name":"SödraFästet","id":14657,"totalTakeovers":5203,"region":{"area":{"name":"Göteborgs kommun","id":1885},"country":"se","name":"Västra Götaland","id":132},"pointsPerHour":6,"longitude":11.903436,"takeoverPoints":110},"latitude":57.68673,"currentOwner":{"name":"SweetJane","id":134130},"time":"2021-07-03T19:33:00+0000","type":"takeover","longitude":11.903436},{"zone":{"previousOwner":{"name":"Pan_Pijak","id":59442},"dateCreated":"2013-05-28T20:00:06+0000","dateLastTaken":"2021-07-03T19:33:00+0000","latitude":57.673063,"currentOwner":{"name":"jösses...då","id":113416},"name":"Fyrkis","id":18888,"totalTakeovers":3079,"region":{"area":{"name":"Göteborgs kommun","id":1885},"country":"se","name":"Västra Götaland","id":132},"pointsPerHour":5,"longitude":11.916844,"takeoverPoints":125},"latitude":57.673063,"currentOwner":{"name":"jösses...då","id":113416},"time":"2021-07-03T19:33:00+0000","type":"takeover","longitude":11.916844},{"zone":{"previousOwner":{"name":"OccamRider","id":335246},"dateCreated":"2020-04-11T10:30:00+0000","dateLastTaken":"2021-07-03T19:33:00+0000","latitude":55.437068,"currentOwner":{"name":"MackoMoto","id":335383},"name":"Granatmat","id":232950,"totalTakeovers":149,"region":{"area":{"name":"Ystads kommun","id":1953},"country":"se","name":"Skåne","id":135},"pointsPerHour":2,"longitude":13.790592,"takeoverPoints":170},"latitude":55.437068,"currentOwner":{"name":"MackoMoto","id":335383},"time":"2021-07-03T19:33:00+0000","type":"takeover","longitude":13.790592},{"zone":{"previousOwner":{"name":"Jalik52","id":165267},"dateLastTaken":"2021-07-03T19:32:56+0000","latitude":56.680132,"totalTakeovers":9601,"type":{"name":"Bridge","id":8},"pointsPerHour":6,"takeoverPoints":110,"dateCreated":"2011-08-27T08:16:16+0000","currentOwner":{"name":"embeoo","id":23906},"name":"MotorwayE22","id":2848,"region":{"area":{"name":"Kalmar kommun","id":2015},"country":"se","name":"Kalmar","id":137},"longitude":16.328368},"assists":[{"name":"albee","id":96946}],"latitude":56.680132,"currentOwner":{"name":"embeoo","id":23906},"time":"2021-07-03T19:32:56+0000","type":"takeover","longitude":16.328368},{"zone":{"previousOwner":{"name":"PelSjo","id":183576},"dateCreated":"2012-12-24T11:00:00+0000","dateLastTaken":"2021-07-03T19:32:52+0000","latitude":63.846873,"currentOwner":{"name":"MrDinco","id":11189},"name":"Björnskogen","id":12411,"totalTakeovers":14486,"region":{"area":{"name":"Umeå kommun","id":2064},"country":"se","name":"Västerbotten","id":127},"pointsPerHour":8,"longitude":20.317844,"takeoverPoints":80},"latitude":63.846873,"currentOwner":{"name":"MrDinco","id":11189},"time":"2021-07-03T19:32:52+0000","type":"takeover","longitude":20.317844}]