[{"zone":{"previousOwner":{"name":"squirrelnutkin","id":315523},"dateCreated":"2020-12-30T07:00:00+0000","dateLastTaken":"2021-06-26T01:28:02+0000","latitude":55.933106,"currentOwner":{"name":"féarglas","id":280861},"name":"FordsBridge","id":355207,"totalTakeovers":232,"region":{"area":{"name":"City of Edinburgh","id":2780},"country":"gb","name":"Scotland","id":200},"pointsPerHour":5,"longitude":-3.251889,"takeoverPoints":125},"latitude":55.933106,"currentOwner":{"name":"féarglas","id":280861},"time":"2021-06-26T01:28:02+0000","type":"takeover","longitude":-3.251889},{"zone":{"previousOwner":{"name":"Kanonerokrut","id":165801},"dateCreated":"2011-01-19T17:30:08+0000","dateLastTaken":"2021-06-26T01:27:55+0000","latitude":60.146077,"currentOwner":{"name":"Caisesiume","id":40432},"name":"DödaFallen","id":1384,"totalTakeovers":2773,"region":{"area":{"name":"Avesta kommun","id":1870},"country":"se","name":"Dalarna","id":129},"pointsPerHour":3,"longitude":16.195052,"takeoverPoints":155},"latitude":60.146077,"currentOwner":{"name":"Caisesiume","id":40432},"time":"2021-06-26T01:27:55+0000","type":"takeover","longitude":16.195052},{"zone":{"previousOwner":{"name":"Rok","id":311285},"dateCreated":"2014-10-06T05:00:00+0000","dateLastTaken":"2021-06-26T01:27:13+0000","latitude":59.437619,"currentOwner":{"name":"HeyJune!","id":254091},"name":"CallethYou","id":37542,"totalTakeovers":3846,"region":{"area":{"name":"Täby kommun","id":1841},"country":"se","name":"Stockholm","id":141},"pointsPerHour":6,"longitude":18.074635,"takeoverPoints":110},"latitude":59.437619,"currentOwner":{"name":"HeyJune!","id":254091},"time":"2021-06-26T01:27:13+0000","type":"takeover","longitude":18.074635},{"zone":{"previousOwner":{"name":"Sledge","id":241272},"dateCreated":"2011-05-31T00:00:00+0000","dateLastTaken":"2021-06-26T01:27:13+0000","latitude":64.751168,"currentOwner":{"name":"Evil_B","id":42658},"name":"SkellSquare","id":1735,"totalTakeovers":22356,"region":{"area":{"name":"Skellefteå kommun","id":2065},"country":"se","name":"Västerbotten","id":127},"pointsPerHour":8,"longitude":20.953646,"takeoverPoints":80},"latitude":64.751168,"currentOwner":{"name":"Evil_B","id":42658},"time":"2021-06-26T01:27:13+0000","type":"takeover","longitude":20.953646},{"zone":{"previousOwner":{"name":"#1725","id":281837},"dateCreated":"2015-05-30T12:31:39+0000","dateLastTaken":"2021-06-26T01:26:55+0000","latitude":59.3402,"currentOwner":{"name":"Aicar","id":74956},"name":"Spökparken","id":53633,"totalTakeovers":6831,"region":{"area":{"name":"Stockholms kommun","id":1828},"country":"se","name":"Stockholm","id":141},"pointsPerHour":8,"longitude":18.056301,"takeoverPoints":80},"latitude":59.3402,"currentOwner":{"name":"Aicar","id":74956},"time":"2021-06-26T01:26:55+0000","type":"takeover","longitude":18.056301},{"zone":{"previousOwner":{"name":"Kanonerokrut","id":165801},"dateCreated":"2018-07-25T09:58:07+0000","dateLastTaken":"2021-06-26T01:26:47+0000","latitude":60.145567,"currentOwner":{"name":"Caisesiume","id":40432},"name":"Kopparcykel","id":155022,"totalTakeovers":1635,"region":{"area":{"name":"Avesta kommun","id":1870},"country":"se","name":"Dalarna","id":129},"pointsPerHour":4,"longitude":16.19111,"takeoverPoints":140},"latitude":60.145567,"currentOwner":{"name":"Caisesiume","id":40432},"time":"2021-06-26T01:26:47+0000","type":"takeover","longitude":16.19111},{"zone":{"previousOwner":{"name":"Artful","id":302131},"dateCreated":"2021-01-28T18:23:11+0000","dateLastTaken":"2021-06-26T01:26:33+0000","latitude":55.930931,"currentOwner":{"name":"féarglas","id":280861},"name":"ShinyBathroom","id":374101,"totalTakeovers":214,"region":{"area":{"name":"City of Edinburgh","id":2780},"country":"gb","name":"Scotland","id":200},"pointsPerHour":5,"longitude":-3.25497,"takeoverPoints":125},"latitude":55.930931,"currentOwner":{"name":"féarglas","id":280861},"time":"2021-06-26T01:26:33+0000","type":"takeover","longitude":-3.25497},{"zone":{"previousOwner":{"name":"Sledge","id":241272},"dateCreated":"2011-02-13T00:00:00+0000","dateLastTaken":"2021-06-26T01:26:12+0000","latitude":64.749474,"currentOwner":{"name":"Evil_B","id":42658},"name":"Skellpark","id":1489,"totalTakeovers":20256,"region":{"area":{"name":"Skellefteå kommun","id":2065},"country":"se","name":"Västerbotten","id":127},"pointsPerHour":8,"longitude":20.951454,"takeoverPoints":80},"latitude":64.749474,"currentOwner":{"name":"Evil_B","id":42658},"time":"2021-06-26T01:26:12+0000","type":"takeover","longitude":20.951454},{"zone":{"previousOwner":{"name":"Kanonerokrut","id":165801},"dateCreated":"2013-12-24T11:00:34+0000","dateLastTaken":"2021-06-26T01:25:32+0000","latitude":60.146548,"currentOwner":{"name":"Caisesiume","id":40432},"name":"Kopparvägen","id":24027,"totalTakeovers":2245,"region":{"area":{"name":"Avesta kommun","id":1870},"country":"se","name":"Dalarna","id":129},"pointsPerHour":3,"longitude":16.184377,"takeoverPoints":155},"latitude":60.146548,"currentOwner":{"name":"Caisesiume","id":40432},"time":"2021-06-26T01:25:32+0000","type":"takeover","longitude":16.184377},{"zone":{"previousOwner":{"name":"Krussidullen","id":74555},"dateCreated":"2017-10-22T08:00:00+0000","dateLastTaken":"2021-06-26T01:25:18+0000","latitude":59.340086,"currentOwner":{"name":"Aicar","id":74956},"name":"UppKungWasa","id":135230,"totalTakeovers":4143,"region":{"area":{"name":"Stockholms kommun","id":1828},"country":"se","name":"Stockholm","id":141},"pointsPerHour":8,"longitude":18.051377,"takeoverPoints":80},"latitude":59.340086,"currentOwner":{"name":"Aicar","id":74956},"time":"2021-06-26T01:25:18+0000","type":"takeover","longitude":18.051377},{"zone":{"previousOwner":{"name":"Sledge","id":241272},"dateCreated":"2014-12-24T11:00:00+0000","dateLastTaken":"2021-06-26T01:25:04+0000","latitude":64.748245,"currentOwner":{"name":"Evil_B","id":42658},"name":"HörnelisPlums","id":42960,"totalTakeovers":8161,"region":{"area":{"name":"Skellefteå kommun","id":2065},"country":"se","name":"Västerbotten","id":127},"pointsPerHour":8,"longitude":20.955132,"takeoverPoints":80},"latitude":64.748245,"currentOwner":{"name":"Evil_B","id":42658},"time":"2021-06-26T01:25:04+0000","type":"takeover","longitude":20.955132},{"zone":{"previousOwner":{"name":"Artful","id":302131},"dateCreated":"2020-11-17T09:30:00+0000","dateLastTaken":"2021-06-26T01:24:31+0000","latitude":55.932209,"currentOwner":{"name":"féarglas","id":280861},"name":"StenTheBowler","id":350527,"totalTakeovers":226,"region":{"area":{"name":"City of Edinburgh","id":2780},"country":"gb","name":"Scotland","id":200},"pointsPerHour":4,"longitude":-3.258486,"takeoverPoints":140},"latitude":55.932209,"currentOwner":{"name":"féarglas","id":280861},"time":"2021-06-26T01:24:31+0000","type":"takeover","longitude":-3.258486},{"zone":{"previousOwner":{"name":"Disab","id":28206},"dateCreated":"2014-02-28T23:00:00+0000","dateLastTaken":"2021-06-26T01:24:23+0000","latitude":64.759002,"currentOwner":{"name":"Radagast18","id":162382},"name":"SolensKraft","id":26098,"totalTakeovers":810,"region":{"area":{"name":"Skellefteå kommun","id":2065},"country":"se","name":"Västerbotten","id":127},"pointsPerHour":4,"longitude":20.878498,"takeoverPoints":140},"latitude":64.759002,"currentOwner":{"name":"Radagast18","id":162382},"time":"2021-06-26T01:24:23+0000","type":"takeover","longitude":20.878498},{"zone":{"previousOwner":{"name":"Tveskägg","id":50274},"dateCreated":"2014-01-23T10:00:00+0000","dateLastTaken":"2021-06-26T01:24:05+0000","latitude":55.709427,"currentOwner":{"name":"KPD","id":34508},"name":"MästersPark","id":25020,"totalTakeovers":5068,"region":{"area":{"name":"Lunds kommun","id":1948},"country":"se","name":"Skåne","id":135},"pointsPerHour":6,"longitude":13.173866,"takeoverPoints":110},"latitude":55.709427,"currentOwner":{"name":"KPD","id":34508},"time":"2021-06-26T01:24:05+0000","type":"takeover","longitude":13.173866},{"zone":{"previousOwner":{"name":"Sledge","id":241272},"dateCreated":"2013-07-09T22:18:42+0000","dateLastTaken":"2021-06-26T01:23:54+0000","latitude":64.747877,"currentOwner":{"name":"Evil_B","id":42658},"name":"Älvpromenaden","id":20721,"totalTakeovers":8360,"region":{"area":{"name":"Skellefteå kommun","id":2065},"country":"se","name":"Västerbotten","id":127},"pointsPerHour":7,"longitude":20.961424,"takeoverPoints":95},"latitude":64.747877,"currentOwner":{"name":"Evil_B","id":42658},"time":"2021-06-26T01:23:54+0000","type":"takeover","longitude":20.961424},{"zone":{"previousOwner":{"name":"Buhl","id":327744},"dateCreated":"2010-07-17T00:00:00+0000","dateLastTaken":"2021-06-26T01:23:54+0000","latitude":59.338253,"currentOwner":{"name":"Aicar","id":74956},"name":"TegnérZone","id":236,"totalTakeovers":12286,"region":{"area":{"name":"Stockholms kommun","id":1828},"country":"se","name":"Stockholm","id":141},"pointsPerHour":7,"longitude":18.054565,"takeoverPoints":95},"latitude":59.338253,"currentOwner":{"name":"Aicar","id":74956},"time":"2021-06-26T01:23:54+0000","type":"takeover","longitude":18.054565},{"zone":{"previousOwner":{"name":"Artful","id":302131},"dateCreated":"2021-01-03T08:00:00+0000","dateLastTaken":"2021-06-26T01:23:05+0000","latitude":55.933481,"currentOwner":{"name":"féarglas","id":280861},"name":"StensCrib","id":355664,"totalTakeovers":209,"region":{"area":{"name":"City of Edinburgh","id":2780},"country":"gb","name":"Scotland","id":200},"pointsPerHour":4,"longitude":-3.261644,"takeoverPoints":140},"latitude":55.933481,"currentOwner":{"name":"féarglas","id":280861},"time":"2021-06-26T01:23:05+0000","type":"takeover","longitude":-3.261644}]