[{"zone":{"previousOwner":{"name":"tobbej3","id":78081},"dateCreated":"2013-07-31T14:00:13+0000","dateLastTaken":"2021-08-09T07:01:17+0000","latitude":59.129537,"currentOwner":{"name":"Svisse","id":40918},"name":"Drottningbad","id":21091,"totalTakeovers":9436,"region":{"country":"se","name":"Örebro","id":131},"pointsPerHour":5,"longitude":15.14415,"takeoverPoints":125},"latitude":59.129537,"currentOwner":{"name":"Svisse","id":40918},"time":"2021-08-09T07:01:17+0000","type":"takeover","longitude":15.14415},{"zone":{"previousOwner":{"name":"TCM","id":15073},"dateCreated":"2011-12-24T12:56:22+0000","dateLastTaken":"2021-08-09T07:01:15+0000","latitude":59.378054,"currentOwner":{"name":"NitaG","id":313528},"name":"HarbourZone","id":5439,"totalTakeovers":5685,"region":{"country":"se","name":"Södermanland","id":140},"pointsPerHour":7,"longitude":17.027659,"takeoverPoints":95},"latitude":59.378054,"currentOwner":{"name":"NitaG","id":313528},"time":"2021-08-09T07:01:15+0000","type":"takeover","longitude":17.027659},{"zone":{"previousOwner":{"name":"Hodge","id":282118},"dateCreated":"2020-12-28T09:30:00+0000","dateLastTaken":"2021-08-09T07:01:14+0000","latitude":55.836675,"currentOwner":{"name":"Hodge","id":282118},"name":"RoyalBullion","id":355679,"totalTakeovers":192,"region":{"country":"gb","name":"Scotland","id":200},"pointsPerHour":2,"longitude":-3.232173,"takeoverPoints":170},"latitude":55.836675,"currentOwner":{"name":"Hodge","id":282118},"time":"2021-08-09T07:01:14+0000","type":"takeover","longitude":-3.232173},{"zone":{"previousOwner":{"name":"Tussilago","id":40091},"dateCreated":"2018-05-10T06:00:00+0000","dateLastTaken":"2021-08-09T07:01:10+0000","latitude":59.47094,"currentOwner":{"name":"Nrgve","id":143951},"name":"Rotan","id":148607,"totalTakeovers":2016,"region":{"country":"se","name":"Stockholm","id":141},"pointsPerHour":6,"longitude":17.916224,"takeoverPoints":110},"latitude":59.47094,"currentOwner":{"name":"Nrgve","id":143951},"time":"2021-08-09T07:01:10+0000","type":"takeover","longitude":17.916224},{"zone":{"previousOwner":{"name":"Xtrmpunner","id":306073},"dateCreated":"2020-10-28T10:30:00+0000","dateLastTaken":"2021-08-09T07:01:09+0000","latitude":55.951476,"currentOwner":{"name":"Artful","id":302131},"name":"Beachcomber","id":346745,"totalTakeovers":835,"region":{"country":"gb","name":"Scotland","id":200},"pointsPerHour":6,"longitude":-3.204586,"takeoverPoints":110},"latitude":55.951476,"currentOwner":{"name":"Artful","id":302131},"time":"2021-08-09T07:01:09+0000","type":"takeover","longitude":-3.204586},{"zone":{"previousOwner":{"name":"Westeras","id":4233},"dateCreated":"2012-04-01T14:31:11+0000","dateLastTaken":"2021-08-09T07:01:08+0000","latitude":59.614808,"currentOwner":{"name":"acn71","id":274269},"name":"OhBehave","id":7762,"totalTakeovers":25609,"region":{"country":"se","name":"Västmanland","id":143},"pointsPerHour":8,"longitude":16.589058,"takeoverPoints":80},"latitude":59.614808,"currentOwner":{"name":"acn71","id":274269},"time":"2021-08-09T07:01:08+0000","type":"takeover","longitude":16.589058},{"zone":{"previousOwner":{"name":"ABECE","id":61470},"dateCreated":"2013-11-11T09:32:07+0000","dateLastTaken":"2021-08-09T07:01:08+0000","latitude":59.38891,"currentOwner":{"name":"nilbir","id":182660},"name":"Tingvallaisen","id":22847,"totalTakeovers":12456,"region":{"country":"se","name":"Värmland","id":130},"pointsPerHour":6,"longitude":13.486892,"takeoverPoints":110},"latitude":59.38891,"currentOwner":{"name":"nilbir","id":182660},"time":"2021-08-09T07:01:08+0000","type":"takeover","longitude":13.486892},{"zone":{"previousOwner":{"name":"Deffler","id":10458},"dateCreated":"2016-04-01T14:04:01+0000","dateLastTaken":"2021-08-09T07:01:05+0000","latitude":59.372705,"currentOwner":{"name":"karmor","id":232514},"name":"Picturesque","id":64903,"totalTakeovers":9202,"region":{"country":"se","name":"Värmland","id":130},"pointsPerHour":7,"longitude":13.512216,"takeoverPoints":95},"latitude":59.372705,"currentOwner":{"name":"karmor","id":232514},"time":"2021-08-09T07:01:05+0000","type":"takeover","longitude":13.512216},{"zone":{"previousOwner":{"name":"gå-for-it","id":48607},"dateCreated":"2012-01-28T09:00:44+0000","dateLastTaken":"2021-08-09T07:00:57+0000","latitude":59.381616,"currentOwner":{"name":"JENZA","id":105530},"name":"Middlegarden","id":6073,"totalTakeovers":6953,"region":{"country":"se","name":"Stockholm","id":141},"pointsPerHour":5,"longitude":17.878699,"takeoverPoints":125},"latitude":59.381616,"currentOwner":{"name":"JENZA","id":105530},"time":"2021-08-09T07:00:57+0000","type":"takeover","longitude":17.878699},{"zone":{"previousOwner":{"name":"larryz","id":24240},"dateCreated":"2010-08-07T00:00:00+0000","dateLastTaken":"2021-08-09T07:00:54+0000","latitude":59.310468,"currentOwner":{"name":"2-mas","id":130947},"name":"Vitestenzone","id":148,"totalTakeovers":5602,"region":{"country":"se","name":"Stockholm","id":141},"pointsPerHour":4,"longitude":18.089306,"takeoverPoints":140},"latitude":59.310468,"currentOwner":{"name":"2-mas","id":130947},"time":"2021-08-09T07:00:54+0000","type":"takeover","longitude":18.089306},{"zone":{"previousOwner":{"name":"m3tr0","id":9931},"dateCreated":"2012-05-04T17:32:37+0000","dateLastTaken":"2021-08-09T07:00:53+0000","latitude":58.994086,"currentOwner":{"name":"vinzon","id":187615},"name":"CatLibrary","id":8570,"totalTakeovers":9770,"region":{"country":"se","name":"Södermanland","id":140},"pointsPerHour":6,"longitude":16.202654,"takeoverPoints":110},"latitude":58.994086,"currentOwner":{"name":"vinzon","id":187615},"time":"2021-08-09T07:00:53+0000","type":"takeover","longitude":16.202654},{"zone":{"previousOwner":{"name":"Kullagard","id":27596},"dateCreated":"2021-06-26T07:00:00+0000","dateLastTaken":"2021-08-09T07:00:52+0000","latitude":56.821116,"currentOwner":{"name":"TheBigBopper","id":51999},"name":"SkinnadFasan","id":428308,"totalTakeovers":19,"region":{"country":"se","name":"Kronoberg","id":147},"pointsPerHour":2,"longitude":13.932425,"takeoverPoints":170},"latitude":56.821116,"currentOwner":{"name":"TheBigBopper","id":51999},"time":"2021-08-09T07:00:52+0000","type":"takeover","longitude":13.932425},{"zone":{"previousOwner":{"name":"devongrove","id":303727},"dateCreated":"2020-10-18T13:00:00+0000","dateLastTaken":"2021-08-09T07:00:50+0000","latitude":56.389913,"currentOwner":{"name":"kjtindall","id":292775},"name":"Viewlands","id":346543,"totalTakeovers":44,"region":{"country":"gb","name":"Scotland","id":200},"pointsPerHour":1,"longitude":-3.457535,"takeoverPoints":185},"latitude":56.389913,"currentOwner":{"name":"kjtindall","id":292775},"time":"2021-08-09T07:00:50+0000","type":"takeover","longitude":-3.457535},{"zone":{"previousOwner":{"name":"Xoff","id":103201},"dateCreated":"2015-04-21T14:00:26+0000","dateLastTaken":"2021-08-09T07:00:45+0000","latitude":65.314815,"currentOwner":{"name":"Ira1","id":198519},"name":"GardenLane","id":49511,"totalTakeovers":9783,"region":{"country":"se","name":"Norrbotten","id":126},"pointsPerHour":6,"longitude":21.490634,"takeoverPoints":110},"latitude":65.314815,"currentOwner":{"name":"Ira1","id":198519},"time":"2021-08-09T07:00:45+0000","type":"takeover","longitude":21.490634},{"zone":{"previousOwner":{"name":"Plompen","id":176404},"dateCreated":"2014-09-12T17:30:00+0000","dateLastTaken":"2021-08-09T07:00:43+0000","latitude":59.205923,"currentOwner":{"name":"GoSt","id":37199},"name":"TinyGolfPark","id":35930,"totalTakeovers":1280,"region":{"country":"se","name":"Stockholm","id":141},"pointsPerHour":1,"longitude":17.624714,"takeoverPoints":185},"latitude":59.205923,"currentOwner":{"name":"GoSt","id":37199},"time":"2021-08-09T07:00:43+0000","type":"takeover","longitude":17.624714},{"zone":{"previousOwner":{"name":"Abacus","id":110951},"dateCreated":"2010-08-15T00:00:00+0000","dateLastTaken":"2021-08-09T07:00:32+0000","latitude":65.827065,"currentOwner":{"name":"Abacus","id":110951},"name":"KingBeach","id":364,"totalTakeovers":3167,"region":{"country":"se","name":"Norrbotten","id":126},"pointsPerHour":4,"longitude":21.699458,"takeoverPoints":140},"latitude":65.827065,"currentOwner":{"name":"Abacus","id":110951},"time":"2021-08-09T07:00:32+0000","type":"takeover","longitude":21.699458},{"zone":{"previousOwner":{"name":"Király","id":169417},"dateLastTaken":"2021-08-09T07:00:32+0000","latitude":55.584283,"totalTakeovers":12991,"pointsPerHour":7,"takeoverPoints":95,"dateCreated":"2018-01-10T21:59:26+0000","currentOwner":{"name":"KRALJICA","id":185762},"name":"Király003","id":140152,"region":{"country":"se","name":"Skåne","id":135},"longitude":13.014968},"latitude":55.584283,"currentOwner":{"name":"KRALJICA","id":185762},"time":"2021-08-09T07:00:32+0000","type":"takeover","longitude":13.014968},{"zone":{"previousOwner":{"name":"Labbås-Kajsa","id":146582},"dateLastTaken":"2021-08-09T07:00:24+0000","latitude":58.178316,"totalTakeovers":1432,"pointsPerHour":2,"takeoverPoints":170,"dateCreated":"2016-03-12T06:20:00+0000","currentOwner":{"name":"Labbås-Kajsa","id":146582},"name":"OvanTidan","id":64213,"region":{"country":"se","name":"Västra Götaland","id":132},"longitude":13.959085},"latitude":58.178316,"currentOwner":{"name":"Labbås-Kajsa","id":146582},"time":"2021-08-09T07:00:24+0000","type":"takeover","longitude":13.959085},{"zone":{"previousOwner":{"name":"snickaren","id":56625},"dateCreated":"2014-09-19T15:05:51+0000","dateLastTaken":"2021-08-09T07:00:24+0000","latitude":60.276605,"currentOwner":{"name":"CKAI","id":266592},"name":"Badbacken","id":36865,"totalTakeovers":2707,"region":{"country":"se","name":"Dalarna","id":129},"pointsPerHour":3,"longitude":15.970693,"takeoverPoints":155},"latitude":60.276605,"currentOwner":{"name":"CKAI","id":266592},"time":"2021-08-09T07:00:24+0000","type":"takeover","longitude":15.970693},{"zone":{"previousOwner":{"name":"FlitigaTobbe","id":48872},"dateCreated":"2013-06-02T10:00:00+0000","dateLastTaken":"2021-08-09T07:00:19+0000","latitude":59.651502,"currentOwner":{"name":"NonneNoel08","id":276255},"name":"ValleyLily","id":18309,"totalTakeovers":7912,"region":{"country":"se","name":"Västmanland","id":143},"pointsPerHour":5,"longitude":16.552589,"takeoverPoints":125},"latitude":59.651502,"currentOwner":{"name":"NonneNoel08","id":276255},"time":"2021-08-09T07:00:19+0000","type":"takeover","longitude":16.552589},{"zone":{"previousOwner":{"name":"Luffare","id":211682},"dateCreated":"2018-04-21T05:00:00+0000","dateLastTaken":"2021-08-09T07:00:18+0000","latitude":59.849562,"currentOwner":{"name":"Oxid","id":200662},"name":"FyrisFotboll","id":144402,"totalTakeovers":6429,"region":{"country":"se","name":"Uppsala","id":142},"pointsPerHour":8,"longitude":17.646992,"takeoverPoints":80},"latitude":59.849562,"currentOwner":{"name":"Oxid","id":200662},"time":"2021-08-09T07:00:18+0000","type":"takeover","longitude":17.646992},{"zone":{"previousOwner":{"name":"TheLawnturfer","id":67853},"dateCreated":"2015-11-10T20:32:46+0000","dateLastTaken":"2021-08-09T07:00:15+0000","latitude":59.611425,"currentOwner":{"name":"MrSnyten","id":271110},"name":"Mimertorget","id":61103,"totalTakeovers":24099,"region":{"country":"se","name":"Västmanland","id":143},"pointsPerHour":9,"longitude":16.552967,"takeoverPoints":65},"latitude":59.611425,"currentOwner":{"name":"MrSnyten","id":271110},"time":"2021-08-09T07:00:15+0000","type":"takeover","longitude":16.552967},{"zone":{"previousOwner":{"name":"BuXXi","id":14737},"dateCreated":"2017-02-11T08:00:00+0000","dateLastTaken":"2021-08-09T07:00:14+0000","latitude":59.295048,"currentOwner":{"name":"PerSthlm","id":82007},"name":"WesternCroft","id":94810,"totalTakeovers":742,"region":{"country":"se","name":"Stockholm","id":141},"pointsPerHour":3,"longitude":17.971338,"takeoverPoints":155},"latitude":59.295048,"currentOwner":{"name":"PerSthlm","id":82007},"time":"2021-08-09T07:00:14+0000","type":"takeover","longitude":17.971338},{"zone":{"previousOwner":{"name":"Funky","id":149372},"dateCreated":"2017-08-06T13:00:00+0000","dateLastTaken":"2021-08-09T07:00:11+0000","latitude":57.691735,"currentOwner":{"name":"MargoB","id":336695},"name":"SkällPåKjell","id":115890,"totalTakeovers":6362,"region":{"country":"se","name":"Västra Götaland","id":132},"pointsPerHour":7,"longitude":11.914778,"takeoverPoints":95},"latitude":57.691735,"currentOwner":{"name":"MargoB","id":336695},"time":"2021-08-09T07:00:11+0000","type":"takeover","longitude":11.914778},{"zone":{"previousOwner":{"name":"fisken021","id":274406},"dateLastTaken":"2021-08-09T07:00:09+0000","latitude":59.606957,"totalTakeovers":29505,"pointsPerHour":9,"takeoverPoints":65,"dateCreated":"2010-09-04T14:41:37+0000","currentOwner":{"name":"Sallan","id":65032},"name":"PowerZone","id":705,"region":{"country":"se","name":"Västmanland","id":143},"longitude":16.566124},"latitude":59.606957,"currentOwner":{"name":"Sallan","id":65032},"time":"2021-08-09T07:00:09+0000","type":"takeover","longitude":16.566124},{"zone":{"previousOwner":{"name":"sigge19","id":253001},"dateCreated":"2015-02-03T06:00:00+0000","dateLastTaken":"2021-08-09T07:00:06+0000","latitude":56.215461,"currentOwner":{"name":"Jkongo","id":277981},"name":"Torskorsning","id":44343,"totalTakeovers":1047,"region":{"country":"se","name":"Blekinge","id":136},"pointsPerHour":1,"longitude":15.640861,"takeoverPoints":185},"latitude":56.215461,"currentOwner":{"name":"Jkongo","id":277981},"time":"2021-08-09T07:00:06+0000","type":"takeover","longitude":15.640861},{"zone":{"previousOwner":{"name":"Rokker","id":21909},"dateCreated":"2011-01-30T11:03:04+0000","dateLastTaken":"2021-08-09T07:00:05+0000","latitude":57.699757,"currentOwner":{"name":"Pilgrim","id":60557},"name":"Scandinavium","id":1389,"totalTakeovers":18567,"region":{"country":"se","name":"Västra Götaland","id":132},"pointsPerHour":8,"longitude":11.986685,"takeoverPoints":80},"latitude":57.699757,"currentOwner":{"name":"Pilgrim","id":60557},"time":"2021-08-09T07:00:05+0000","type":"takeover","longitude":11.986685},{"zone":{"dateCreated":"2020-12-08T10:40:35+0000","dateLastTaken":"2021-08-09T07:00:05+0000","latitude":53.005172,"currentOwner":{"name":"Str1der","id":298407},"name":"Lordship","id":355234,"totalTakeovers":44,"region":{"country":"gb","name":"West Midlands","id":208},"pointsPerHour":1,"longitude":-2.172023,"takeoverPoints":185},"latitude":53.005172,"currentOwner":{"name":"Str1der","id":298407},"time":"2021-08-09T07:00:05+0000","type":"takeover","longitude":-2.172023},{"zone":{"previousOwner":{"name":"stefanx46","id":36563},"dateCreated":"2012-05-13T21:42:33+0000","dateLastTaken":"2021-08-09T07:00:04+0000","latitude":59.890881,"currentOwner":{"name":"tilverturf","id":166033},"name":"YrsaZone","id":8942,"totalTakeovers":5768,"region":{"country":"se","name":"Uppsala","id":142},"pointsPerHour":7,"longitude":17.636514,"takeoverPoints":95},"latitude":59.890881,"currentOwner":{"name":"tilverturf","id":166033},"time":"2021-08-09T07:00:04+0000","type":"takeover","longitude":17.636514},{"zone":{"previousOwner":{"name":"jösses...då","id":113416},"dateCreated":"2010-09-04T14:41:37+0000","dateLastTaken":"2021-08-09T07:00:04+0000","latitude":57.636503,"currentOwner":{"name":"Rogue1","id":255465},"name":"VälenZone","id":454,"totalTakeovers":6130,"region":{"country":"se","name":"Västra Götaland","id":132},"pointsPerHour":5,"longitude":11.908703,"takeoverPoints":125},"latitude":57.636503,"currentOwner":{"name":"Rogue1","id":255465},"time":"2021-08-09T07:00:04+0000","type":"takeover","longitude":11.908703},{"zone":{"previousOwner":{"name":"Deffler","id":10458},"dateCreated":"2014-03-07T12:12:57+0000","dateLastTaken":"2021-08-09T07:00:02+0000","latitude":59.351693,"currentOwner":{"name":"Hynbo-K","id":185727},"name":"Hammarn","id":26441,"totalTakeovers":6914,"region":{"country":"se","name":"Värmland","id":130},"pointsPerHour":5,"longitude":13.493092,"takeoverPoints":125},"latitude":59.351693,"currentOwner":{"name":"Hynbo-K","id":185727},"time":"2021-08-09T07:00:02+0000","type":"takeover","longitude":13.493092},{"zone":{"previousOwner":{"name":"Hälge61","id":187263},"dateCreated":"2017-11-04T05:00:00+0000","dateLastTaken":"2021-08-09T06:59:55+0000","latitude":57.780338,"currentOwner":{"name":"TompaBoy51","id":65370},"name":"Amerikat","id":136184,"totalTakeovers":4377,"region":{"country":"se","name":"Kalmar","id":137},"pointsPerHour":6,"longitude":16.602202,"takeoverPoints":110},"latitude":57.780338,"currentOwner":{"name":"TompaBoy51","id":65370},"time":"2021-08-09T06:59:55+0000","type":"takeover","longitude":16.602202},{"zone":{"previousOwner":{"name":"mrAce","id":168289},"dateCreated":"2013-12-24T11:00:09+0000","dateLastTaken":"2021-08-09T06:59:54+0000","latitude":59.768968,"currentOwner":{"name":"capri","id":186499},"name":"TäljeAnstalt","id":24064,"totalTakeovers":988,"region":{"country":"se","name":"Stockholm","id":141},"pointsPerHour":2,"longitude":18.71116,"takeoverPoints":170},"latitude":59.768968,"currentOwner":{"name":"capri","id":186499},"time":"2021-08-09T06:59:54+0000","type":"takeover","longitude":18.71116},{"zone":{"dateCreated":"2019-08-26T10:47:36+0000","dateLastTaken":"2021-08-09T06:59:53+0000","latitude":60.395223,"currentOwner":{"name":"joumanzone","id":121940},"name":"Paukkula","id":205682,"totalTakeovers":66,"region":{"country":"fi","name":"Lounais-Suomi","id":184},"pointsPerHour":1,"longitude":23.10593,"takeoverPoints":185},"latitude":60.395223,"currentOwner":{"name":"joumanzone","id":121940},"time":"2021-08-09T06:59:53+0000","type":"takeover","longitude":23.10593},{"zone":{"previousOwner":{"name":"apeson64","id":124644},"dateCreated":"2011-11-27T10:50:00+0000","dateLastTaken":"2021-08-09T06:59:47+0000","latitude":56.855249,"currentOwner":{"name":"Kröpil","id":110853},"name":"InnerRing","id":5264,"totalTakeovers":3128,"region":{"country":"se","name":"Kronoberg","id":147},"pointsPerHour":3,"longitude":14.825256,"takeoverPoints":155},"latitude":56.855249,"currentOwner":{"name":"Kröpil","id":110853},"time":"2021-08-09T06:59:47+0000","type":"takeover","longitude":14.825256},{"zone":{"previousOwner":{"name":"mustbullen","id":58285},"dateCreated":"2014-11-04T22:39:30+0000","dateLastTaken":"2021-08-09T06:59:47+0000","latitude":59.128142,"currentOwner":{"name":"Svisse","id":40918},"name":"VattuVettu","id":41853,"totalTakeovers":5703,"region":{"country":"se","name":"Örebro","id":131},"pointsPerHour":4,"longitude":15.14687,"takeoverPoints":140},"latitude":59.128142,"currentOwner":{"name":"Svisse","id":40918},"time":"2021-08-09T06:59:47+0000","type":"takeover","longitude":15.14687},{"zone":{"previousOwner":{"name":"allinug","id":227848},"dateCreated":"2016-08-03T14:38:05+0000","dateLastTaken":"2021-08-09T06:59:46+0000","latitude":59.78227,"currentOwner":{"name":"SEBontheway","id":334608},"name":"Ytternäs","id":80145,"totalTakeovers":1023,"region":{"country":"se","name":"Uppsala","id":142},"pointsPerHour":2,"longitude":17.598614,"takeoverPoints":170},"latitude":59.78227,"currentOwner":{"name":"SEBontheway","id":334608},"time":"2021-08-09T06:59:46+0000","type":"takeover","longitude":17.598614},{"zone":{"previousOwner":{"name":"Gammelsmurf","id":44307},"dateCreated":"2013-05-09T08:34:53+0000","dateLastTaken":"2021-08-09T06:59:42+0000","latitude":57.744725,"currentOwner":{"name":"Espingen","id":166882},"name":"JohannesPark","id":18037,"totalTakeovers":7777,"region":{"country":"se","name":"Kalmar","id":137},"pointsPerHour":5,"longitude":16.655549,"takeoverPoints":125},"latitude":57.744725,"currentOwner":{"name":"Espingen","id":166882},"time":"2021-08-09T06:59:42+0000","type":"takeover","longitude":16.655549},{"zone":{"previousOwner":{"name":"Kanonerokrut","id":165801},"dateCreated":"2021-02-28T23:00:04+0000","dateLastTaken":"2021-08-09T06:59:33+0000","latitude":60.155539,"currentOwner":{"name":"Allwar","id":213605},"name":"Högbotunnel","id":387711,"totalTakeovers":481,"region":{"country":"se","name":"Dalarna","id":129},"pointsPerHour":5,"longitude":16.189957,"takeoverPoints":125},"latitude":60.155539,"currentOwner":{"name":"Allwar","id":213605},"time":"2021-08-09T06:59:33+0000","type":"takeover","longitude":16.189957},{"zone":{"previousOwner":{"name":"Jackdaw85","id":303650},"dateCreated":"2020-12-09T19:00:00+0000","dateLastTaken":"2021-08-09T06:59:32+0000","latitude":55.887404,"currentOwner":{"name":"Wullie","id":323178},"name":"MeikleInch","id":355350,"totalTakeovers":151,"region":{"country":"gb","name":"Scotland","id":200},"pointsPerHour":1,"longitude":-3.627651,"takeoverPoints":185},"latitude":55.887404,"currentOwner":{"name":"Wullie","id":323178},"time":"2021-08-09T06:59:32+0000","type":"takeover","longitude":-3.627651},{"zone":{"previousOwner":{"name":"JH1","id":333052},"dateCreated":"2013-11-20T12:15:57+0000","dateLastTaken":"2021-08-09T06:59:25+0000","latitude":59.339649,"currentOwner":{"name":"KingZing","id":186419},"name":"Filadelfia","id":23124,"totalTakeovers":18546,"region":{"country":"se","name":"Stockholm","id":141},"pointsPerHour":9,"longitude":18.034772,"takeoverPoints":65},"latitude":59.339649,"currentOwner":{"name":"KingZing","id":186419},"time":"2021-08-09T06:59:25+0000","type":"takeover","longitude":18.034772},{"zone":{"previousOwner":{"name":"plux","id":109729},"dateCreated":"2013-07-31T16:00:00+0000","dateLastTaken":"2021-08-09T06:59:21+0000","latitude":59.351239,"currentOwner":{"name":"kyssen","id":212606},"name":"Mestavägen","id":21065,"totalTakeovers":3108,"region":{"country":"se","name":"Södermanland","id":140},"pointsPerHour":3,"longitude":16.456559,"takeoverPoints":155},"latitude":59.351239,"currentOwner":{"name":"kyssen","id":212606},"time":"2021-08-09T06:59:21+0000","type":"takeover","longitude":16.456559},{"zone":{"previousOwner":{"name":"Krejje","id":53332},"dateCreated":"2020-05-23T13:32:48+0000","dateLastTaken":"2021-08-09T06:59:20+0000","latitude":57.257516,"currentOwner":{"name":"dabbo","id":166306},"name":"Lotsgården","id":298751,"totalTakeovers":448,"region":{"country":"se","name":"Kalmar","id":137},"pointsPerHour":5,"longitude":16.483908,"takeoverPoints":125},"latitude":57.257516,"currentOwner":{"name":"dabbo","id":166306},"time":"2021-08-09T06:59:20+0000","type":"takeover","longitude":16.483908},{"zone":{"previousOwner":{"name":"Xtrmpunner","id":306073},"dateCreated":"2018-09-25T10:00:00+0000","dateLastTaken":"2021-08-09T06:59:20+0000","latitude":55.952291,"currentOwner":{"name":"Artful","id":302131},"name":"CharlotteSq","id":169159,"totalTakeovers":1163,"region":{"country":"gb","name":"Scotland","id":200},"pointsPerHour":6,"longitude":-3.207113,"takeoverPoints":110},"latitude":55.952291,"currentOwner":{"name":"Artful","id":302131},"time":"2021-08-09T06:59:20+0000","type":"takeover","longitude":-3.207113},{"zone":{"previousOwner":{"name":"frak99","id":124218},"dateCreated":"2017-12-24T09:00:00+0000","dateLastTaken":"2021-08-09T06:59:16+0000","latitude":58.879395,"currentOwner":{"name":"utomtävlan","id":141678},"name":"NynäsView","id":138728,"totalTakeovers":409,"region":{"country":"se","name":"Stockholm","id":141},"pointsPerHour":2,"longitude":17.938505,"takeoverPoints":170},"latitude":58.879395,"currentOwner":{"name":"utomtävlan","id":141678},"time":"2021-08-09T06:59:16+0000","type":"takeover","longitude":17.938505},{"zone":{"previousOwner":{"name":"Baradbell","id":74846},"dateCreated":"2018-05-18T17:35:16+0000","dateLastTaken":"2021-08-09T06:59:15+0000","latitude":59.515599,"currentOwner":{"name":"Mysingen","id":118850},"name":"TidöLindö","id":150651,"totalTakeovers":5102,"region":{"country":"se","name":"Västmanland","id":143},"pointsPerHour":5,"longitude":16.529672,"takeoverPoints":125},"latitude":59.515599,"currentOwner":{"name":"Mysingen","id":118850},"time":"2021-08-09T06:59:15+0000","type":"takeover","longitude":16.529672},{"zone":{"previousOwner":{"name":"Munin","id":62408},"dateCreated":"2013-04-20T10:57:00+0000","dateLastTaken":"2021-08-09T06:59:15+0000","latitude":59.859473,"currentOwner":{"name":"port80","id":316231},"name":"Skogsrakan","id":17161,"totalTakeovers":9236,"region":{"country":"se","name":"Uppsala","id":142},"pointsPerHour":8,"longitude":17.698538,"takeoverPoints":80},"latitude":59.859473,"currentOwner":{"name":"port80","id":316231},"time":"2021-08-09T06:59:15+0000","type":"takeover","longitude":17.698538},{"zone":{"previousOwner":{"name":"pivo58","id":197757},"dateCreated":"2015-10-13T19:01:58+0000","dateLastTaken":"2021-08-09T06:59:13+0000","latitude":59.193121,"currentOwner":{"name":"Ansoteri","id":35803},"name":"StationStairs","id":60289,"totalTakeovers":1758,"region":{"country":"se","name":"Stockholm","id":141},"pointsPerHour":3,"longitude":17.752743,"takeoverPoints":155},"latitude":59.193121,"currentOwner":{"name":"Ansoteri","id":35803},"time":"2021-08-09T06:59:13+0000","type":"takeover","longitude":17.752743},{"zone":{"previousOwner":{"name":"TCM","id":15073},"dateCreated":"2012-09-09T04:00:00+0000","dateLastTaken":"2021-08-09T06:59:11+0000","latitude":59.379422,"currentOwner":{"name":"NitaG","id":313528},"name":"StrictDocks","id":11204,"totalTakeovers":4105,"region":{"country":"se","name":"Södermanland","id":140},"pointsPerHour":6,"longitude":17.024935,"takeoverPoints":110},"latitude":59.379422,"currentOwner":{"name":"NitaG","id":313528},"time":"2021-08-09T06:59:11+0000","type":"takeover","longitude":17.024935},{"zone":{"previousOwner":{"name":"Stinsen62","id":84456},"dateCreated":"2015-03-05T12:00:00+0000","dateLastTaken":"2021-08-09T06:59:11+0000","latitude":57.749258,"currentOwner":{"name":"Hubba","id":49250},"name":"Fridaskolan","id":45910,"totalTakeovers":3879,"region":{"country":"se","name":"Västra Götaland","id":132},"pointsPerHour":5,"longitude":11.942755,"takeoverPoints":125},"latitude":57.749258,"currentOwner":{"name":"Hubba","id":49250},"time":"2021-08-09T06:59:11+0000","type":"takeover","longitude":11.942755},{"zone":{"previousOwner":{"name":"Playmaker","id":312774},"dateCreated":"2013-05-11T03:49:48+0000","dateLastTaken":"2021-08-09T06:59:10+0000","latitude":57.639497,"currentOwner":{"name":"Kjell65","id":208487},"name":"Bingebypark","id":17904,"totalTakeovers":5127,"region":{"country":"se","name":"Gotland","id":138},"pointsPerHour":6,"longitude":18.313244,"takeoverPoints":110},"latitude":57.639497,"currentOwner":{"name":"Kjell65","id":208487},"time":"2021-08-09T06:59:10+0000","type":"takeover","longitude":18.313244},{"zone":{"previousOwner":{"name":"griffonlady","id":197401},"dateCreated":"2021-03-13T10:00:00+0000","dateLastTaken":"2021-08-09T06:59:08+0000","latitude":60.069448,"currentOwner":{"name":"rozaliona","id":73379},"name":"QuoVadisNorr","id":392173,"totalTakeovers":460,"region":{"country":"fi","name":"Åland","id":177},"pointsPerHour":5,"longitude":19.961466,"takeoverPoints":125},"latitude":60.069448,"currentOwner":{"name":"rozaliona","id":73379},"time":"2021-08-09T06:59:08+0000","type":"takeover","longitude":19.961466},{"zone":{"previousOwner":{"name":"Munin","id":62408},"dateCreated":"2012-03-28T19:00:19+0000","dateLastTaken":"2021-08-09T06:59:04+0000","latitude":59.850518,"currentOwner":{"name":"Oxid","id":200662},"name":"ShellZone","id":7566,"totalTakeovers":25602,"region":{"country":"se","name":"Uppsala","id":142},"pointsPerHour":9,"longitude":17.643529,"takeoverPoints":65},"latitude":59.850518,"currentOwner":{"name":"Oxid","id":200662},"time":"2021-08-09T06:59:04+0000","type":"takeover","longitude":17.643529},{"zone":{"previousOwner":{"name":"simpson","id":71440},"dateCreated":"2013-06-07T06:49:55+0000","dateLastTaken":"2021-08-09T06:59:03+0000","latitude":59.390814,"currentOwner":{"name":"nilbir","id":182660},"name":"SäteriVåx","id":19204,"totalTakeovers":13916,"region":{"country":"se","name":"Värmland","id":130},"pointsPerHour":7,"longitude":13.481974,"takeoverPoints":95},"latitude":59.390814,"currentOwner":{"name":"nilbir","id":182660},"time":"2021-08-09T06:59:03+0000","type":"takeover","longitude":13.481974},{"zone":{"previousOwner":{"name":"Rokker","id":21909},"dateCreated":"2012-03-19T23:30:36+0000","dateLastTaken":"2021-08-09T06:59:01+0000","latitude":57.702031,"currentOwner":{"name":"Pilgrim","id":60557},"name":"MountainKing","id":7055,"totalTakeovers":18421,"region":{"country":"se","name":"Västra Götaland","id":132},"pointsPerHour":8,"longitude":11.985935,"takeoverPoints":80},"latitude":57.702031,"currentOwner":{"name":"Pilgrim","id":60557},"time":"2021-08-09T06:59:01+0000","type":"takeover","longitude":11.985935},{"zone":{"previousOwner":{"name":"Hallon16","id":174632},"dateCreated":"2019-11-02T16:15:00+0000","dateLastTaken":"2021-08-09T06:59:01+0000","latitude":57.667115,"currentOwner":{"name":"Sol2012","id":222227},"name":"Rönnbärsstig","id":222106,"totalTakeovers":611,"region":{"country":"se","name":"Kalmar","id":137},"pointsPerHour":3,"longitude":15.850519,"takeoverPoints":155},"latitude":57.667115,"currentOwner":{"name":"Sol2012","id":222227},"time":"2021-08-09T06:59:01+0000","type":"takeover","longitude":15.850519},{"zone":{"previousOwner":{"name":"gå-for-it","id":48607},"dateCreated":"2019-01-26T21:10:53+0000","dateLastTaken":"2021-08-09T06:58:56+0000","latitude":59.408875,"currentOwner":{"name":"Helldeman","id":174869},"name":"JGHallen","id":179296,"totalTakeovers":2836,"region":{"country":"se","name":"Stockholm","id":141},"pointsPerHour":5,"longitude":17.811566,"takeoverPoints":125},"latitude":59.408875,"currentOwner":{"name":"Helldeman","id":174869},"time":"2021-08-09T06:58:56+0000","type":"takeover","longitude":17.811566},{"zone":{"previousOwner":{"name":"sippa","id":305999},"dateCreated":"2012-04-26T20:23:59+0000","dateLastTaken":"2021-08-09T06:58:53+0000","latitude":59.430459,"currentOwner":{"name":"CharlotteT","id":51295},"name":"Satelliten","id":8405,"totalTakeovers":7520,"region":{"country":"se","name":"Stockholm","id":141},"pointsPerHour":6,"longitude":17.947961,"takeoverPoints":110},"latitude":59.430459,"currentOwner":{"name":"CharlotteT","id":51295},"time":"2021-08-09T06:58:53+0000","type":"takeover","longitude":17.947961},{"zone":{"previousOwner":{"name":"Vicko62","id":283975},"dateCreated":"2014-11-04T11:06:33+0000","dateLastTaken":"2021-08-09T06:58:51+0000","latitude":59.370452,"currentOwner":{"name":"karmor","id":232514},"name":"Färdigpackad","id":41829,"totalTakeovers":11092,"region":{"country":"se","name":"Värmland","id":130},"pointsPerHour":7,"longitude":13.509084,"takeoverPoints":95},"latitude":59.370452,"currentOwner":{"name":"karmor","id":232514},"time":"2021-08-09T06:58:51+0000","type":"takeover","longitude":13.509084},{"zone":{"previousOwner":{"name":"m3tr0","id":9931},"dateCreated":"2013-11-27T22:33:07+0000","dateLastTaken":"2021-08-09T06:58:51+0000","latitude":58.99497,"currentOwner":{"name":"vinzon","id":187615},"name":"Kulan","id":23459,"totalTakeovers":3438,"region":{"country":"se","name":"Södermanland","id":140},"pointsPerHour":4,"longitude":16.197291,"takeoverPoints":140},"latitude":58.99497,"currentOwner":{"name":"vinzon","id":187615},"time":"2021-08-09T06:58:51+0000","type":"takeover","longitude":16.197291},{"zone":{"previousOwner":{"name":"Goj","id":276072},"dateCreated":"2017-04-14T08:00:00+0000","dateLastTaken":"2021-08-09T06:58:49+0000","latitude":59.467915,"currentOwner":{"name":"Nrgve","id":143951},"name":"OSPaviljongen","id":97982,"totalTakeovers":1529,"region":{"country":"se","name":"Stockholm","id":141},"pointsPerHour":4,"longitude":17.918913,"takeoverPoints":140},"latitude":59.467915,"currentOwner":{"name":"Nrgve","id":143951},"time":"2021-08-09T06:58:49+0000","type":"takeover","longitude":17.918913},{"zone":{"previousOwner":{"name":"stefanx46","id":36563},"dateCreated":"2020-04-05T10:19:35+0000","dateLastTaken":"2021-08-09T06:58:48+0000","latitude":59.888857,"currentOwner":{"name":"tilverturf","id":166033},"name":"Fylkingsplan","id":233343,"totalTakeovers":1460,"region":{"country":"se","name":"Uppsala","id":142},"pointsPerHour":7,"longitude":17.636434,"takeoverPoints":95},"latitude":59.888857,"currentOwner":{"name":"tilverturf","id":166033},"time":"2021-08-09T06:58:48+0000","type":"takeover","longitude":17.636434},{"zone":{"previousOwner":{"name":"devongrove","id":303727},"dateCreated":"2020-10-18T13:00:00+0000","dateLastTaken":"2021-08-09T06:58:45+0000","latitude":56.3921,"currentOwner":{"name":"kjtindall","id":292775},"name":"PerthAcademy","id":346542,"totalTakeovers":44,"region":{"country":"gb","name":"Scotland","id":200},"pointsPerHour":1,"longitude":-3.458624,"takeoverPoints":185},"latitude":56.3921,"currentOwner":{"name":"kjtindall","id":292775},"time":"2021-08-09T06:58:45+0000","type":"takeover","longitude":-3.458624},{"zone":{"previousOwner":{"name":"mustbullen","id":58285},"dateCreated":"2013-06-14T10:35:44+0000","dateLastTaken":"2021-08-09T06:58:42+0000","latitude":59.126848,"currentOwner":{"name":"Svisse","id":40918},"name":"KumlaHagendal","id":20159,"totalTakeovers":10396,"region":{"country":"se","name":"Örebro","id":131},"pointsPerHour":5,"longitude":15.147436,"takeoverPoints":125},"latitude":59.126848,"currentOwner":{"name":"Svisse","id":40918},"time":"2021-08-09T06:58:42+0000","type":"takeover","longitude":15.147436},{"zone":{"dateCreated":"2020-08-25T05:00:00+0000","dateLastTaken":"2021-08-09T06:58:41+0000","latitude":55.603737,"currentOwner":{"name":"edgygrl","id":298976},"name":"KillieCroft","id":321668,"totalTakeovers":93,"region":{"country":"gb","name":"Scotland","id":200},"pointsPerHour":2,"longitude":-2.761122,"takeoverPoints":170},"latitude":55.603737,"currentOwner":{"name":"edgygrl","id":298976},"time":"2021-08-09T06:58:41+0000","type":"takeover","longitude":-2.761122},{"zone":{"previousOwner":{"name":"snickaren","id":56625},"dateCreated":"2013-04-17T20:03:35+0000","dateLastTaken":"2021-08-09T06:58:39+0000","latitude":60.273581,"currentOwner":{"name":"CKAI","id":266592},"name":"Rännan","id":17236,"totalTakeovers":3200,"region":{"country":"se","name":"Dalarna","id":129},"pointsPerHour":3,"longitude":15.971759,"takeoverPoints":155},"latitude":60.273581,"currentOwner":{"name":"CKAI","id":266592},"time":"2021-08-09T06:58:39+0000","type":"takeover","longitude":15.971759},{"zone":{"previousOwner":{"name":"larryz","id":24240},"dateCreated":"2010-08-07T00:00:00+0000","dateLastTaken":"2021-08-09T06:58:34+0000","latitude":59.310798,"currentOwner":{"name":"2-mas","id":130947},"name":"VitascenZone","id":147,"totalTakeovers":6207,"region":{"country":"se","name":"Stockholm","id":141},"pointsPerHour":4,"longitude":18.091695,"takeoverPoints":140},"latitude":59.310798,"currentOwner":{"name":"2-mas","id":130947},"time":"2021-08-09T06:58:34+0000","type":"takeover","longitude":18.091695},{"zone":{"previousOwner":{"name":"Kickistin","id":256127},"dateCreated":"2014-03-04T07:46:18+0000","dateLastTaken":"2021-08-09T06:58:32+0000","latitude":59.619796,"currentOwner":{"name":"Åkemjuk","id":248304},"name":"SuraHörnan","id":26294,"totalTakeovers":8111,"region":{"country":"se","name":"Västmanland","id":143},"pointsPerHour":7,"longitude":16.463108,"takeoverPoints":95},"latitude":59.619796,"currentOwner":{"name":"Åkemjuk","id":248304},"time":"2021-08-09T06:58:32+0000","type":"takeover","longitude":16.463108},{"zone":{"previousOwner":{"name":"bedvard50","id":236755},"dateCreated":"2012-05-12T18:58:21+0000","dateLastTaken":"2021-08-09T06:58:32+0000","latitude":63.167232,"currentOwner":{"name":"Majestix","id":212651},"name":"LillaBryggan","id":8907,"totalTakeovers":5417,"region":{"country":"se","name":"Jämtland","id":128},"pointsPerHour":6,"longitude":14.703157,"takeoverPoints":110},"latitude":63.167232,"currentOwner":{"name":"Majestix","id":212651},"time":"2021-08-09T06:58:32+0000","type":"takeover","longitude":14.703157},{"zone":{"previousOwner":{"name":"fiffilotta","id":120587},"dateCreated":"2017-03-09T07:19:54+0000","dateLastTaken":"2021-08-09T06:58:29+0000","latitude":57.634353,"currentOwner":{"name":"Rogue1","id":255465},"name":"HighlandCow","id":95241,"totalTakeovers":3258,"region":{"country":"se","name":"Västra Götaland","id":132},"pointsPerHour":4,"longitude":11.905745,"takeoverPoints":140},"latitude":57.634353,"currentOwner":{"name":"Rogue1","id":255465},"time":"2021-08-09T06:58:29+0000","type":"takeover","longitude":11.905745},{"zone":{"previousOwner":{"name":"Deffler","id":10458},"dateCreated":"2017-02-24T06:00:00+0000","dateLastTaken":"2021-08-09T06:58:24+0000","latitude":59.35502,"currentOwner":{"name":"Hynbo-K","id":185727},"name":"Trampsjuk","id":95036,"totalTakeovers":6032,"region":{"country":"se","name":"Värmland","id":130},"pointsPerHour":6,"longitude":13.48926,"takeoverPoints":110},"latitude":59.35502,"currentOwner":{"name":"Hynbo-K","id":185727},"time":"2021-08-09T06:58:24+0000","type":"takeover","longitude":13.48926},{"zone":{"previousOwner":{"name":"RalfTurfSmurf","id":21003},"dateCreated":"2016-06-05T04:00:00+0000","dateLastTaken":"2021-08-09T06:58:23+0000","latitude":59.445313,"currentOwner":{"name":"Vilse!","id":200010},"name":"AysuOchEbrah","id":76635,"totalTakeovers":930,"region":{"country":"se","name":"Stockholm","id":141},"pointsPerHour":5,"longitude":17.805219,"takeoverPoints":125},"latitude":59.445313,"currentOwner":{"name":"Vilse!","id":200010},"time":"2021-08-09T06:58:23+0000","type":"takeover","longitude":17.805219},{"zone":{"dateCreated":"2020-12-08T10:39:36+0000","dateLastTaken":"2021-08-09T06:58:20+0000","latitude":53.003567,"currentOwner":{"name":"Str1der","id":298407},"name":"SportyFenton","id":355233,"totalTakeovers":44,"region":{"country":"gb","name":"West Midlands","id":208},"pointsPerHour":1,"longitude":-2.168666,"takeoverPoints":185},"latitude":53.003567,"currentOwner":{"name":"Str1der","id":298407},"time":"2021-08-09T06:58:20+0000","type":"takeover","longitude":-2.168666},{"zone":{"previousOwner":{"name":"Movemania","id":22813},"dateCreated":"2014-03-29T13:00:00+0000","dateLastTaken":"2021-08-09T06:58:20+0000","latitude":57.653602,"currentOwner":{"name":"Drontboy","id":234298},"name":"HerkulesGård","id":27652,"totalTakeovers":839,"region":{"country":"se","name":"Västra Götaland","id":132},"pointsPerHour":3,"longitude":12.056198,"takeoverPoints":155},"latitude":57.653602,"currentOwner":{"name":"Drontboy","id":234298},"time":"2021-08-09T06:58:20+0000","type":"takeover","longitude":12.056198},{"zone":{"previousOwner":{"name":"iridescent","id":279957},"dateCreated":"2016-08-25T19:59:14+0000","dateLastTaken":"2021-08-09T06:58:20+0000","latitude":56.82179,"currentOwner":{"name":"TheBigBopper","id":51999},"name":"OakbackOne","id":81541,"totalTakeovers":559,"region":{"country":"se","name":"Kronoberg","id":147},"pointsPerHour":2,"longitude":13.939072,"takeoverPoints":170},"latitude":56.82179,"currentOwner":{"name":"TheBigBopper","id":51999},"time":"2021-08-09T06:58:20+0000","type":"takeover","longitude":13.939072},{"zone":{"previousOwner":{"name":"Plompen","id":176404},"dateCreated":"2019-05-11T06:00:00+0000","dateLastTaken":"2021-08-09T06:58:19+0000","latitude":59.210082,"currentOwner":{"name":"GoSt","id":37199},"name":"Argentumapud","id":185313,"totalTakeovers":257,"region":{"country":"se","name":"Stockholm","id":141},"pointsPerHour":1,"longitude":17.621357,"takeoverPoints":185},"latitude":59.210082,"currentOwner":{"name":"GoSt","id":37199},"time":"2021-08-09T06:58:19+0000","type":"takeover","longitude":17.621357},{"zone":{"previousOwner":{"name":"Abacus","id":110951},"dateLastTaken":"2021-08-09T06:58:17+0000","latitude":65.826153,"totalTakeovers":2765,"pointsPerHour":3,"takeoverPoints":155,"dateCreated":"2014-12-13T12:42:41+0000","currentOwner":{"name":"Abacus","id":110951},"name":"KingBridge","id":42693,"region":{"country":"se","name":"Norrbotten","id":126},"longitude":21.695075},"latitude":65.826153,"currentOwner":{"name":"Abacus","id":110951},"time":"2021-08-09T06:58:17+0000","type":"takeover","longitude":21.695075},{"zone":{"previousOwner":{"name":"jetas","id":69742},"dateCreated":"2016-01-09T06:00:00+0000","dateLastTaken":"2021-08-09T06:58:13+0000","latitude":59.209621,"currentOwner":{"name":"stomell","id":72303},"name":"StMellösaIP","id":62576,"totalTakeovers":2964,"region":{"country":"se","name":"Örebro","id":131},"pointsPerHour":4,"longitude":15.504815,"takeoverPoints":140},"latitude":59.209621,"currentOwner":{"name":"stomell","id":72303},"time":"2021-08-09T06:58:13+0000","type":"takeover","longitude":15.504815},{"zone":{"previousOwner":{"name":"tomas3365","id":138959},"dateCreated":"2014-06-26T14:05:12+0000","dateLastTaken":"2021-08-09T06:58:12+0000","latitude":59.624953,"currentOwner":{"name":"promenaden","id":218225},"name":"Gideon","id":31955,"totalTakeovers":13865,"region":{"country":"se","name":"Västmanland","id":143},"pointsPerHour":8,"longitude":16.555105,"takeoverPoints":80},"latitude":59.624953,"currentOwner":{"name":"promenaden","id":218225},"time":"2021-08-09T06:58:12+0000","type":"takeover","longitude":16.555105},{"zone":{"previousOwner":{"name":"apeson64","id":124644},"dateCreated":"2013-05-05T19:00:43+0000","dateLastTaken":"2021-08-09T06:58:11+0000","latitude":56.856531,"currentOwner":{"name":"Kröpil","id":110853},"name":"PieceOfPie","id":17866,"totalTakeovers":2325,"region":{"country":"se","name":"Kronoberg","id":147},"pointsPerHour":3,"longitude":14.827481,"takeoverPoints":155},"latitude":56.856531,"currentOwner":{"name":"Kröpil","id":110853},"time":"2021-08-09T06:58:11+0000","type":"takeover","longitude":14.827481},{"zone":{"previousOwner":{"name":"Kanonerokrut","id":165801},"dateCreated":"2020-08-23T19:23:50+0000","dateLastTaken":"2021-08-09T06:58:08+0000","latitude":60.153471,"currentOwner":{"name":"Allwar","id":213605},"name":"Högboleden","id":321621,"totalTakeovers":579,"region":{"country":"se","name":"Dalarna","id":129},"pointsPerHour":4,"longitude":16.185748,"takeoverPoints":140},"latitude":60.153471,"currentOwner":{"name":"Allwar","id":213605},"time":"2021-08-09T06:58:08+0000","type":"takeover","longitude":16.185748},{"zone":{"previousOwner":{"name":"Hälge61","id":187263},"dateCreated":"2015-10-12T08:41:05+0000","dateLastTaken":"2021-08-09T06:58:06+0000","latitude":57.779915,"currentOwner":{"name":"TompaBoy51","id":65370},"name":"VilkenOrt","id":60218,"totalTakeovers":6817,"region":{"country":"se","name":"Kalmar","id":137},"pointsPerHour":6,"longitude":16.59661,"takeoverPoints":110},"latitude":57.779915,"currentOwner":{"name":"TompaBoy51","id":65370},"time":"2021-08-09T06:58:06+0000","type":"takeover","longitude":16.59661},{"zone":{"previousOwner":{"name":"Wokoholic","id":240495},"dateLastTaken":"2021-08-09T06:58:06+0000","latitude":55.706877,"totalTakeovers":23169,"pointsPerHour":9,"takeoverPoints":65,"dateCreated":"2014-03-02T15:00:46+0000","currentOwner":{"name":"KoLliKoKk","id":206946},"name":"LundStation","id":26212,"region":{"country":"se","name":"Skåne","id":135},"longitude":13.18614},"latitude":55.706877,"currentOwner":{"name":"KoLliKoKk","id":206946},"time":"2021-08-09T06:58:06+0000","type":"takeover","longitude":13.18614},{"zone":{"previousOwner":{"name":"sunnanmo","id":71256},"dateCreated":"2016-10-16T10:20:55+0000","dateLastTaken":"2021-08-09T06:58:02+0000","latitude":57.911819,"currentOwner":{"name":"giggiyd","id":281282},"name":"Björkpark","id":90340,"totalTakeovers":1041,"region":{"country":"se","name":"Jönköping","id":133},"pointsPerHour":2,"longitude":13.889446,"takeoverPoints":170},"latitude":57.911819,"currentOwner":{"name":"giggiyd","id":281282},"time":"2021-08-09T06:58:02+0000","type":"takeover","longitude":13.889446},{"zone":{"previousOwner":{"name":"Luffare","id":211682},"dateCreated":"2010-09-12T18:22:28+0000","dateLastTaken":"2021-08-09T06:58:02+0000","latitude":59.848243,"currentOwner":{"name":"Oxid","id":200662},"name":"Bonanza2013","id":867,"totalTakeovers":20952,"region":{"country":"se","name":"Uppsala","id":142},"pointsPerHour":8,"longitude":17.644226,"takeoverPoints":80},"latitude":59.848243,"currentOwner":{"name":"Oxid","id":200662},"time":"2021-08-09T06:58:02+0000","type":"takeover","longitude":17.644226},{"zone":{"previousOwner":{"name":"Hubba","id":49250},"dateCreated":"2010-09-01T00:00:00+0000","dateLastTaken":"2021-08-09T06:57:59+0000","latitude":57.744756,"currentOwner":{"name":"Hubba","id":49250},"name":"StJörgen","id":461,"totalTakeovers":2139,"region":{"country":"se","name":"Västra Götaland","id":132},"pointsPerHour":3,"longitude":11.942575,"takeoverPoints":155},"latitude":57.744756,"currentOwner":{"name":"Hubba","id":49250},"time":"2021-08-09T06:57:59+0000","type":"takeover","longitude":11.942575},{"zone":{"previousOwner":{"name":"Promethus","id":201400},"dateCreated":"2013-04-20T10:56:00+0000","dateLastTaken":"2021-08-09T06:57:58+0000","latitude":59.837041,"currentOwner":{"name":"kani711","id":165474},"name":"TigerWoods","id":17163,"totalTakeovers":7268,"region":{"country":"se","name":"Uppsala","id":142},"pointsPerHour":7,"longitude":17.630236,"takeoverPoints":95},"latitude":59.837041,"currentOwner":{"name":"kani711","id":165474},"time":"2021-08-09T06:57:58+0000","type":"takeover","longitude":17.630236},{"zone":{"previousOwner":{"name":"GBG_Dude","id":8418},"dateCreated":"2013-11-25T11:39:31+0000","dateLastTaken":"2021-08-09T06:57:55+0000","latitude":57.699711,"currentOwner":{"name":"eleKtroFish","id":280461},"name":"BäckenSpecial","id":23343,"totalTakeovers":4690,"region":{"country":"se","name":"Västra Götaland","id":132},"pointsPerHour":5,"longitude":12.00357,"takeoverPoints":125},"latitude":57.699711,"currentOwner":{"name":"eleKtroFish","id":280461},"time":"2021-08-09T06:57:55+0000","type":"takeover","longitude":12.00357},{"zone":{"previousOwner":{"name":"Florenskan","id":48548},"dateCreated":"2019-12-26T19:37:13+0000","dateLastTaken":"2021-08-09T06:57:54+0000","latitude":59.776931,"currentOwner":{"name":"lgfal","id":139649},"name":"Färnadans","id":224576,"totalTakeovers":99,"region":{"country":"se","name":"Västmanland","id":143},"pointsPerHour":1,"longitude":15.855891,"takeoverPoints":185},"latitude":59.776931,"currentOwner":{"name":"lgfal","id":139649},"time":"2021-08-09T06:57:54+0000","type":"takeover","longitude":15.855891},{"zone":{"previousOwner":{"name":"stassa83","id":166344},"dateCreated":"2014-09-17T06:00:00+0000","dateLastTaken":"2021-08-09T06:57:53+0000","latitude":59.376187,"currentOwner":{"name":"JENZA","id":105530},"name":"Västergökz","id":36431,"totalTakeovers":5942,"region":{"country":"se","name":"Stockholm","id":141},"pointsPerHour":5,"longitude":17.879554,"takeoverPoints":125},"latitude":59.376187,"currentOwner":{"name":"JENZA","id":105530},"time":"2021-08-09T06:57:53+0000","type":"takeover","longitude":17.879554},{"zone":{"dateCreated":"2021-06-03T07:45:31+0000","dateLastTaken":"2021-08-09T06:57:47+0000","latitude":60.154603,"currentOwner":{"name":"HogSquare","id":35124},"name":"Gäddkanalen","id":407449,"totalTakeovers":2,"region":{"country":"se","name":"Uppsala","id":142},"pointsPerHour":1,"longitude":17.26415,"takeoverPoints":185},"latitude":60.154603,"currentOwner":{"name":"HogSquare","id":35124},"time":"2021-08-09T06:57:47+0000","type":"takeover","longitude":17.26415},{"zone":{"previousOwner":{"name":"ros-pionen","id":163397},"dateCreated":"2010-08-09T00:00:00+0000","dateLastTaken":"2021-08-09T06:57:45+0000","latitude":59.310822,"currentOwner":{"name":"Shivers","id":142800},"name":"RosenZone","id":158,"totalTakeovers":16105,"region":{"country":"se","name":"Stockholm","id":141},"pointsPerHour":7,"longitude":18.067479,"takeoverPoints":95},"latitude":59.310822,"currentOwner":{"name":"Shivers","id":142800},"time":"2021-08-09T06:57:45+0000","type":"takeover","longitude":18.067479},{"zone":{"previousOwner":{"name":"speedfox","id":299927},"dateCreated":"2012-02-01T14:12:40+0000","dateLastTaken":"2021-08-09T06:57:44+0000","latitude":61.29925,"currentOwner":{"name":"Mirakel","id":19982},"name":"KingHill","id":6094,"totalTakeovers":1036,"region":{"country":"se","name":"Gävleborg","id":144},"pointsPerHour":1,"longitude":17.050483,"takeoverPoints":185},"latitude":61.29925,"currentOwner":{"name":"Mirakel","id":19982},"time":"2021-08-09T06:57:44+0000","type":"takeover","longitude":17.050483},{"zone":{"previousOwner":{"name":"scoutTurfer","id":44543},"dateCreated":"2013-06-14T10:29:12+0000","dateLastTaken":"2021-08-09T06:57:36+0000","latitude":59.127041,"currentOwner":{"name":"Svisse","id":40918},"name":"KumlaTorg","id":20158,"totalTakeovers":18533,"region":{"country":"se","name":"Örebro","id":131},"pointsPerHour":7,"longitude":15.143589,"takeoverPoints":95},"latitude":59.127041,"currentOwner":{"name":"Svisse","id":40918},"time":"2021-08-09T06:57:36+0000","type":"takeover","longitude":15.143589},{"zone":{"previousOwner":{"name":"Vicko62","id":283975},"dateCreated":"2013-10-30T13:00:00+0000","dateLastTaken":"2021-08-09T06:57:36+0000","latitude":59.371948,"currentOwner":{"name":"karmor","id":232514},"name":"Packhusbukta","id":22534,"totalTakeovers":11880,"region":{"country":"se","name":"Värmland","id":130},"pointsPerHour":7,"longitude":13.506081,"takeoverPoints":95},"latitude":59.371948,"currentOwner":{"name":"karmor","id":232514},"time":"2021-08-09T06:57:36+0000","type":"takeover","longitude":13.506081},{"zone":{"previousOwner":{"name":"Dominion","id":243721},"dateCreated":"2015-01-12T17:00:00+0000","dateLastTaken":"2021-08-09T06:57:36+0000","latitude":59.642401,"currentOwner":{"name":"Dudu","id":264635},"name":"Ripskogen","id":43728,"totalTakeovers":2692,"region":{"country":"se","name":"Uppsala","id":142},"pointsPerHour":3,"longitude":17.058728,"takeoverPoints":155},"latitude":59.642401,"currentOwner":{"name":"Dudu","id":264635},"time":"2021-08-09T06:57:36+0000","type":"takeover","longitude":17.058728},{"zone":{"previousOwner":{"name":"snickaren","id":56625},"dateLastTaken":"2021-08-09T06:57:31+0000","latitude":60.271748,"totalTakeovers":1965,"pointsPerHour":4,"takeoverPoints":140,"dateCreated":"2018-07-25T09:25:56+0000","currentOwner":{"name":"CKAI","id":266592},"name":"Daglönarbron","id":155018,"region":{"country":"se","name":"Dalarna","id":129},"longitude":15.973081},"latitude":60.271748,"currentOwner":{"name":"CKAI","id":266592},"time":"2021-08-09T06:57:31+0000","type":"takeover","longitude":15.973081},{"zone":{"previousOwner":{"name":"benndix","id":280685},"dateLastTaken":"2021-08-09T06:57:30+0000","latitude":58.380827,"totalTakeovers":8579,"pointsPerHour":6,"takeoverPoints":110,"dateCreated":"2011-03-02T17:36:04+0000","currentOwner":{"name":"NSG_turf","id":42431},"name":"Friendpark","id":1542,"region":{"country":"se","name":"Västra Götaland","id":132},"longitude":12.32453},"latitude":58.380827,"currentOwner":{"name":"NSG_turf","id":42431},"time":"2021-08-09T06:57:30+0000","type":"takeover","longitude":12.32453},{"zone":{"previousOwner":{"name":"Labbås-Kajsa","id":146582},"dateCreated":"2019-06-02T10:44:17+0000","dateLastTaken":"2021-08-09T06:57:28+0000","latitude":58.176523,"currentOwner":{"name":"Labbås-Kajsa","id":146582},"name":"Tändstickan","id":200266,"totalTakeovers":249,"region":{"country":"se","name":"Västra Götaland","id":132},"pointsPerHour":1,"longitude":13.954133,"takeoverPoints":185},"latitude":58.176523,"currentOwner":{"name":"Labbås-Kajsa","id":146582},"time":"2021-08-09T06:57:28+0000","type":"takeover","longitude":13.954133},{"zone":{"previousOwner":{"name":"MysMulle","id":76286},"dateCreated":"2017-01-14T08:00:00+0000","dateLastTaken":"2021-08-09T06:57:27+0000","latitude":59.476553,"currentOwner":{"name":"Lejan","id":184364},"name":"Muskrog","id":94202,"totalTakeovers":3748,"region":{"country":"se","name":"Stockholm","id":141},"pointsPerHour":5,"longitude":17.911749,"takeoverPoints":125},"latitude":59.476553,"currentOwner":{"name":"Lejan","id":184364},"time":"2021-08-09T06:57:27+0000","type":"takeover","longitude":17.911749},{"zone":{"previousOwner":{"name":"nilbir","id":182660},"dateCreated":"2014-04-30T10:27:30+0000","dateLastTaken":"2021-08-09T06:57:26+0000","latitude":59.595647,"currentOwner":{"name":"Zmulan1","id":111968},"name":"Molbad","id":28739,"totalTakeovers":693,"region":{"country":"se","name":"Värmland","id":130},"pointsPerHour":2,"longitude":13.712288,"takeoverPoints":170},"latitude":59.595647,"currentOwner":{"name":"Zmulan1","id":111968},"time":"2021-08-09T06:57:26+0000","type":"takeover","longitude":13.712288},{"zone":{"previousOwner":{"name":"simpson","id":71440},"dateCreated":"2013-06-07T07:29:25+0000","dateLastTaken":"2021-08-09T06:57:25+0000","latitude":59.391098,"currentOwner":{"name":"nilbir","id":182660},"name":"NorraVåxnäs","id":19213,"totalTakeovers":11977,"region":{"country":"se","name":"Värmland","id":130},"pointsPerHour":7,"longitude":13.476771,"takeoverPoints":95},"latitude":59.391098,"currentOwner":{"name":"nilbir","id":182660},"time":"2021-08-09T06:57:25+0000","type":"takeover","longitude":13.476771},{"zone":{"previousOwner":{"name":"Blåkulla","id":73059},"dateCreated":"2015-06-15T17:21:00+0000","dateLastTaken":"2021-08-09T06:57:23+0000","latitude":59.616682,"currentOwner":{"name":"sokerpullan","id":209813},"name":"PråmenAlbert","id":54769,"totalTakeovers":5289,"region":{"country":"se","name":"Västmanland","id":143},"pointsPerHour":7,"longitude":16.20822,"takeoverPoints":95},"latitude":59.616682,"currentOwner":{"name":"sokerpullan","id":209813},"time":"2021-08-09T06:57:23+0000","type":"takeover","longitude":16.20822},{"zone":{"previousOwner":{"name":"missturfcam","id":256836},"dateCreated":"2014-04-15T23:48:58+0000","dateLastTaken":"2021-08-09T06:57:22+0000","latitude":59.888013,"currentOwner":{"name":"tilverturf","id":166033},"name":"Skoguls","id":28285,"totalTakeovers":5697,"region":{"country":"se","name":"Uppsala","id":142},"pointsPerHour":7,"longitude":17.640322,"takeoverPoints":95},"latitude":59.888013,"currentOwner":{"name":"tilverturf","id":166033},"time":"2021-08-09T06:57:22+0000","type":"takeover","longitude":17.640322},{"zone":{"previousOwner":{"name":"TriggerHappy","id":30307},"dateCreated":"2017-01-14T08:00:00+0000","dateLastTaken":"2021-08-09T06:57:21+0000","latitude":59.862031,"currentOwner":{"name":"port80","id":316231},"name":"Salladskrydda","id":94124,"totalTakeovers":6407,"region":{"country":"se","name":"Uppsala","id":142},"pointsPerHour":7,"longitude":17.697162,"takeoverPoints":95},"latitude":59.862031,"currentOwner":{"name":"port80","id":316231},"time":"2021-08-09T06:57:21+0000","type":"takeover","longitude":17.697162},{"zone":{"previousOwner":{"name":"Playmaker","id":312774},"dateCreated":"2012-10-29T17:00:00+0000","dateLastTaken":"2021-08-09T06:57:18+0000","latitude":57.641422,"currentOwner":{"name":"Kjell65","id":208487},"name":"BingeSwimming","id":11754,"totalTakeovers":4223,"region":{"country":"se","name":"Gotland","id":138},"pointsPerHour":6,"longitude":18.316364,"takeoverPoints":110},"latitude":57.641422,"currentOwner":{"name":"Kjell65","id":208487},"time":"2021-08-09T06:57:18+0000","type":"takeover","longitude":18.316364},{"zone":{"previousOwner":{"name":"TCM","id":15073},"dateCreated":"2011-08-08T09:07:59+0000","dateLastTaken":"2021-08-09T06:57:12+0000","latitude":59.38134,"currentOwner":{"name":"NitaG","id":313528},"name":"Visholmen","id":2520,"totalTakeovers":3105,"region":{"country":"se","name":"Södermanland","id":140},"pointsPerHour":6,"longitude":17.023193,"takeoverPoints":110},"latitude":59.38134,"currentOwner":{"name":"NitaG","id":313528},"time":"2021-08-09T06:57:12+0000","type":"takeover","longitude":17.023193},{"zone":{"previousOwner":{"name":"Snusmumriken","id":24003},"dateCreated":"2014-09-12T17:30:00+0000","dateLastTaken":"2021-08-09T06:57:11+0000","latitude":59.088937,"currentOwner":{"name":"snobben64","id":56737},"name":"GärnaJärna","id":35975,"totalTakeovers":864,"region":{"country":"se","name":"Stockholm","id":141},"pointsPerHour":2,"longitude":17.565236,"takeoverPoints":170},"latitude":59.088937,"currentOwner":{"name":"snobben64","id":56737},"time":"2021-08-09T06:57:11+0000","type":"takeover","longitude":17.565236},{"zone":{"previousOwner":{"name":"s73686","id":327692},"dateCreated":"2015-07-13T20:31:00+0000","dateLastTaken":"2021-08-09T06:57:09+0000","latitude":59.050099,"currentOwner":{"name":"Talatta","id":84430},"name":"Hörningsholm","id":55764,"totalTakeovers":171,"region":{"country":"se","name":"Stockholm","id":141},"pointsPerHour":2,"longitude":17.673251,"takeoverPoints":170},"latitude":59.050099,"currentOwner":{"name":"Talatta","id":84430},"time":"2021-08-09T06:57:09+0000","type":"takeover","longitude":17.673251},{"zone":{"previousOwner":{"name":"Arkiv","id":42652},"dateCreated":"2021-05-06T11:36:49+0000","dateLastTaken":"2021-08-09T06:57:09+0000","latitude":59.248612,"currentOwner":{"name":"AnnSch","id":77198},"name":"Källbrinken","id":408753,"totalTakeovers":164,"region":{"country":"se","name":"Stockholm","id":141},"pointsPerHour":5,"longitude":17.957236,"takeoverPoints":125},"latitude":59.248612,"currentOwner":{"name":"AnnSch","id":77198},"time":"2021-08-09T06:57:09+0000","type":"takeover","longitude":17.957236},{"zone":{"previousOwner":{"name":"cambla","id":302813},"dateCreated":"2021-06-09T05:00:00+0000","dateLastTaken":"2021-08-09T06:57:07+0000","latitude":57.19851,"currentOwner":{"name":"ktmcnl","id":336566},"name":"Dalfaber","id":426398,"totalTakeovers":41,"region":{"country":"gb","name":"Scotland","id":200},"pointsPerHour":2,"longitude":-3.814578,"takeoverPoints":170},"latitude":57.19851,"currentOwner":{"name":"ktmcnl","id":336566},"time":"2021-08-09T06:57:07+0000","type":"takeover","longitude":-3.814578},{"zone":{"previousOwner":{"name":"Krappis","id":155974},"dateCreated":"2019-06-16T15:47:58+0000","dateLastTaken":"2021-08-09T06:57:06+0000","latitude":56.625463,"currentOwner":{"name":"Toranagasama","id":97301},"name":"Tranan","id":202431,"totalTakeovers":1364,"region":{"country":"se","name":"Kalmar","id":137},"pointsPerHour":4,"longitude":15.541787,"takeoverPoints":140},"latitude":56.625463,"currentOwner":{"name":"Toranagasama","id":97301},"time":"2021-08-09T06:57:06+0000","type":"takeover","longitude":15.541787},{"zone":{"previousOwner":{"name":"stassa83","id":166344},"dateCreated":"2013-11-20T23:56:03+0000","dateLastTaken":"2021-08-09T06:57:06+0000","latitude":59.374657,"currentOwner":{"name":"david.nu","id":44040},"name":"Nysträngat","id":22840,"totalTakeovers":4329,"region":{"country":"se","name":"Stockholm","id":141},"pointsPerHour":4,"longitude":17.813919,"takeoverPoints":140},"latitude":59.374657,"currentOwner":{"name":"david.nu","id":44040},"time":"2021-08-09T06:57:06+0000","type":"takeover","longitude":17.813919},{"zone":{"previousOwner":{"name":"Spike_L","id":119955},"dateCreated":"2016-03-25T14:43:54+0000","dateLastTaken":"2021-08-09T06:57:05+0000","latitude":60.122139,"currentOwner":{"name":"Limaja","id":206647},"name":"Dalbo","id":64816,"totalTakeovers":8730,"region":{"country":"fi","name":"Åland","id":177},"pointsPerHour":6,"longitude":19.933692,"takeoverPoints":110},"latitude":60.122139,"currentOwner":{"name":"Limaja","id":206647},"time":"2021-08-09T06:57:05+0000","type":"takeover","longitude":19.933692},{"zone":{"previousOwner":{"name":"devongrove","id":303727},"dateCreated":"2020-10-18T13:00:00+0000","dateLastTaken":"2021-08-09T06:57:05+0000","latitude":56.393935,"currentOwner":{"name":"kjtindall","id":292775},"name":"DuncanWay","id":346541,"totalTakeovers":34,"region":{"country":"gb","name":"Scotland","id":200},"pointsPerHour":1,"longitude":-3.457492,"takeoverPoints":185},"latitude":56.393935,"currentOwner":{"name":"kjtindall","id":292775},"time":"2021-08-09T06:57:05+0000","type":"takeover","longitude":-3.457492},{"zone":{"previousOwner":{"name":"Rokker","id":21909},"dateCreated":"2017-06-06T21:47:03+0000","dateLastTaken":"2021-08-09T06:57:04+0000","latitude":57.701338,"currentOwner":{"name":"Pilgrim","id":60557},"name":"StenEngel","id":109663,"totalTakeovers":7457,"region":{"country":"se","name":"Västra Götaland","id":132},"pointsPerHour":8,"longitude":11.982549,"takeoverPoints":80},"latitude":57.701338,"currentOwner":{"name":"Pilgrim","id":60557},"time":"2021-08-09T06:57:04+0000","type":"takeover","longitude":11.982549},{"zone":{"previousOwner":{"name":"tilverturf","id":166033},"dateCreated":"2012-10-09T23:32:03+0000","dateLastTaken":"2021-08-09T06:56:58+0000","latitude":59.877513,"currentOwner":{"name":"missturfcam","id":256836},"name":"TunaBackar","id":11669,"totalTakeovers":10893,"region":{"country":"se","name":"Uppsala","id":142},"pointsPerHour":6,"longitude":17.617315,"takeoverPoints":110},"latitude":59.877513,"currentOwner":{"name":"missturfcam","id":256836},"time":"2021-08-09T06:56:58+0000","type":"takeover","longitude":17.617315},{"zone":{"previousOwner":{"name":"allinug","id":227848},"dateLastTaken":"2021-08-09T06:56:57+0000","latitude":59.787785,"totalTakeovers":1391,"pointsPerHour":2,"takeoverPoints":170,"dateCreated":"2014-05-31T01:33:29+0000","currentOwner":{"name":"SEBontheway","id":334608},"name":"UppsalaNäs","id":30854,"region":{"country":"se","name":"Uppsala","id":142},"longitude":17.59424},"latitude":59.787785,"currentOwner":{"name":"SEBontheway","id":334608},"time":"2021-08-09T06:56:57+0000","type":"takeover","longitude":17.59424},{"zone":{"previousOwner":{"name":"Liny","id":139659},"dateCreated":"2010-09-04T14:41:37+0000","dateLastTaken":"2021-08-09T06:56:56+0000","latitude":59.650226,"currentOwner":{"name":"NonneNoel08","id":276255},"name":"NorthCattle","id":710,"totalTakeovers":14826,"region":{"country":"se","name":"Västmanland","id":143},"pointsPerHour":7,"longitude":16.545748,"takeoverPoints":95},"latitude":59.650226,"currentOwner":{"name":"NonneNoel08","id":276255},"time":"2021-08-09T06:56:56+0000","type":"takeover","longitude":16.545748},{"zone":{"previousOwner":{"name":"TheLawnturfer","id":67853},"dateCreated":"2010-09-04T14:41:37+0000","dateLastTaken":"2021-08-09T06:56:56+0000","latitude":59.610305,"currentOwner":{"name":"MrSnyten","id":271110},"name":"SkrapanZone","id":483,"totalTakeovers":50016,"region":{"country":"se","name":"Västmanland","id":143},"pointsPerHour":9,"longitude":16.550374,"takeoverPoints":65},"latitude":59.610305,"currentOwner":{"name":"MrSnyten","id":271110},"time":"2021-08-09T06:56:56+0000","type":"takeover","longitude":16.550374},{"zone":{"previousOwner":{"name":"pivo58","id":197757},"dateCreated":"2015-10-13T19:03:37+0000","dateLastTaken":"2021-08-09T06:56:55+0000","latitude":59.193899,"currentOwner":{"name":"Ansoteri","id":35803},"name":"RönningeTorg","id":60290,"totalTakeovers":2576,"region":{"country":"se","name":"Stockholm","id":141},"pointsPerHour":4,"longitude":17.74825,"takeoverPoints":140},"latitude":59.193899,"currentOwner":{"name":"Ansoteri","id":35803},"time":"2021-08-09T06:56:55+0000","type":"takeover","longitude":17.74825},{"zone":{"previousOwner":{"name":"Awaw","id":327765},"dateCreated":"2012-03-20T23:10:37+0000","dateLastTaken":"2021-08-09T06:56:53+0000","latitude":57.505538,"currentOwner":{"name":"Serra","id":132963},"name":"GrassDrop","id":7206,"totalTakeovers":1741,"region":{"country":"se","name":"Halland","id":134},"pointsPerHour":2,"longitude":12.082436,"takeoverPoints":170},"latitude":57.505538,"currentOwner":{"name":"Serra","id":132963},"time":"2021-08-09T06:56:53+0000","type":"takeover","longitude":12.082436},{"zone":{"previousOwner":{"name":"Tomemp","id":261760},"dateCreated":"2014-01-11T20:00:00+0000","dateLastTaken":"2021-08-09T06:56:52+0000","latitude":59.048527,"currentOwner":{"name":"Kjellake","id":305446},"name":"GnestaKommun","id":24820,"totalTakeovers":3043,"region":{"country":"se","name":"Södermanland","id":140},"pointsPerHour":4,"longitude":17.305814,"takeoverPoints":140},"latitude":59.048527,"currentOwner":{"name":"Kjellake","id":305446},"time":"2021-08-09T06:56:52+0000","type":"takeover","longitude":17.305814},{"zone":{"previousOwner":{"name":"HMGP","id":99233},"dateCreated":"2011-05-30T16:16:05+0000","dateLastTaken":"2021-08-09T06:56:49+0000","latitude":55.717753,"currentOwner":{"name":"glurf","id":253657},"name":"Freshwater","id":1747,"totalTakeovers":14930,"region":{"country":"se","name":"Skåne","id":135},"pointsPerHour":6,"longitude":13.226632,"takeoverPoints":110},"latitude":55.717753,"currentOwner":{"name":"glurf","id":253657},"time":"2021-08-09T06:56:49+0000","type":"takeover","longitude":13.226632},{"zone":{"previousOwner":{"name":"mustbullen","id":58285},"dateCreated":"2019-03-16T11:30:00+0000","dateLastTaken":"2021-08-09T06:56:47+0000","latitude":59.126483,"currentOwner":{"name":"Svisse","id":40918},"name":"Bankkuppen","id":180647,"totalTakeovers":5401,"region":{"country":"se","name":"Örebro","id":131},"pointsPerHour":7,"longitude":15.144297,"takeoverPoints":95},"latitude":59.126483,"currentOwner":{"name":"Svisse","id":40918},"time":"2021-08-09T06:56:47+0000","type":"takeover","longitude":15.144297},{"zone":{"previousOwner":{"name":"bedvard50","id":236755},"dateCreated":"2014-07-26T12:00:00+0000","dateLastTaken":"2021-08-09T06:56:33+0000","latitude":63.165104,"currentOwner":{"name":"Majestix","id":212651},"name":"MotLillbrygga","id":32669,"totalTakeovers":5400,"region":{"country":"se","name":"Jämtland","id":128},"pointsPerHour":6,"longitude":14.708425,"takeoverPoints":110},"latitude":63.165104,"currentOwner":{"name":"Majestix","id":212651},"time":"2021-08-09T06:56:33+0000","type":"takeover","longitude":14.708425},{"zone":{"previousOwner":{"name":"raz","id":2949},"dateCreated":"2014-07-28T22:00:00+0000","dateLastTaken":"2021-08-09T06:56:33+0000","latitude":58.996113,"currentOwner":{"name":"vinzon","id":187615},"name":"Mejerifred","id":32939,"totalTakeovers":3128,"region":{"country":"se","name":"Södermanland","id":140},"pointsPerHour":3,"longitude":16.188876,"takeoverPoints":155},"latitude":58.996113,"currentOwner":{"name":"vinzon","id":187615},"time":"2021-08-09T06:56:33+0000","type":"takeover","longitude":16.188876},{"zone":{"previousOwner":{"name":"apeson64","id":124644},"dateCreated":"2014-05-31T21:00:00+0000","dateLastTaken":"2021-08-09T06:56:32+0000","latitude":56.858579,"currentOwner":{"name":"Kröpil","id":110853},"name":"TrummenSquare","id":30782,"totalTakeovers":2876,"region":{"country":"se","name":"Kronoberg","id":147},"pointsPerHour":4,"longitude":14.828159,"takeoverPoints":140},"latitude":56.858579,"currentOwner":{"name":"Kröpil","id":110853},"time":"2021-08-09T06:56:32+0000","type":"takeover","longitude":14.828159},{"zone":{"previousOwner":{"name":"BC_","id":279098},"dateCreated":"2013-10-19T22:23:03+0000","dateLastTaken":"2021-08-09T06:56:32+0000","latitude":58.88308,"currentOwner":{"name":"utomtävlan","id":141678},"name":"GamlaSyltan","id":22025,"totalTakeovers":859,"region":{"country":"se","name":"Stockholm","id":141},"pointsPerHour":2,"longitude":17.941025,"takeoverPoints":170},"latitude":58.88308,"currentOwner":{"name":"utomtävlan","id":141678},"time":"2021-08-09T06:56:32+0000","type":"takeover","longitude":17.941025},{"zone":{"previousOwner":{"name":"griffonlady","id":197401},"dateCreated":"2021-03-20T10:00:00+0000","dateLastTaken":"2021-08-09T06:56:30+0000","latitude":60.067773,"currentOwner":{"name":"rozaliona","id":73379},"name":"QuoVadisSöder","id":392174,"totalTakeovers":370,"region":{"country":"fi","name":"Åland","id":177},"pointsPerHour":5,"longitude":19.96138,"takeoverPoints":125},"latitude":60.067773,"currentOwner":{"name":"rozaliona","id":73379},"time":"2021-08-09T06:56:30+0000","type":"takeover","longitude":19.96138},{"zone":{"previousOwner":{"name":"Pumac","id":137209},"dateCreated":"2018-11-20T19:45:54+0000","dateLastTaken":"2021-08-09T06:56:29+0000","latitude":57.55431,"currentOwner":{"name":"Mådil","id":221163},"name":"SandsjöbackaV","id":177434,"totalTakeovers":421,"region":{"country":"se","name":"Västra Götaland","id":132},"pointsPerHour":4,"longitude":12.050573,"takeoverPoints":140},"latitude":57.55431,"currentOwner":{"name":"Mådil","id":221163},"time":"2021-08-09T06:56:29+0000","type":"takeover","longitude":12.050573},{"zone":{"previousOwner":{"name":"iridescent","id":279957},"dateCreated":"2021-01-24T19:59:37+0000","dateLastTaken":"2021-08-09T06:56:25+0000","latitude":56.82127,"currentOwner":{"name":"TheBigBopper","id":51999},"name":"SlåVadOmZonen","id":356588,"totalTakeovers":95,"region":{"country":"se","name":"Kronoberg","id":147},"pointsPerHour":2,"longitude":13.944538,"takeoverPoints":170},"latitude":56.82127,"currentOwner":{"name":"TheBigBopper","id":51999},"time":"2021-08-09T06:56:25+0000","type":"takeover","longitude":13.944538},{"zone":{"previousOwner":{"name":"Jackdaw85","id":303650},"dateCreated":"2020-12-09T19:00:00+0000","dateLastTaken":"2021-08-09T06:56:25+0000","latitude":55.88631,"currentOwner":{"name":"Wullie","id":323178},"name":"Simpsons","id":355349,"totalTakeovers":154,"region":{"country":"gb","name":"Scotland","id":200},"pointsPerHour":1,"longitude":-3.635641,"takeoverPoints":185},"latitude":55.88631,"currentOwner":{"name":"Wullie","id":323178},"time":"2021-08-09T06:56:25+0000","type":"takeover","longitude":-3.635641},{"zone":{"previousOwner":{"name":"plux","id":109729},"dateCreated":"2014-10-17T14:27:49+0000","dateLastTaken":"2021-08-09T06:56:24+0000","latitude":59.351379,"currentOwner":{"name":"kyssen","id":212606},"name":"Styckjunkarn","id":38409,"totalTakeovers":3835,"region":{"country":"se","name":"Södermanland","id":140},"pointsPerHour":4,"longitude":16.46284,"takeoverPoints":140},"latitude":59.351379,"currentOwner":{"name":"kyssen","id":212606},"time":"2021-08-09T06:56:24+0000","type":"takeover","longitude":16.46284},{"zone":{"previousOwner":{"name":"Gammelsmurf","id":44307},"dateCreated":"2017-03-05T06:00:00+0000","dateLastTaken":"2021-08-09T06:56:23+0000","latitude":57.743403,"currentOwner":{"name":"Espingen","id":166882},"name":"Lysing","id":94961,"totalTakeovers":3062,"region":{"country":"se","name":"Kalmar","id":137},"pointsPerHour":5,"longitude":16.661175,"takeoverPoints":125},"latitude":57.743403,"currentOwner":{"name":"Espingen","id":166882},"time":"2021-08-09T06:56:23+0000","type":"takeover","longitude":16.661175},{"zone":{"previousOwner":{"name":"ingersthlm","id":326332},"dateCreated":"2013-11-20T23:39:53+0000","dateLastTaken":"2021-08-09T06:56:22+0000","latitude":59.406507,"currentOwner":{"name":"Helldeman","id":174869},"name":"Bruttozon","id":22836,"totalTakeovers":8066,"region":{"country":"se","name":"Stockholm","id":141},"pointsPerHour":6,"longitude":17.818144,"takeoverPoints":110},"latitude":59.406507,"currentOwner":{"name":"Helldeman","id":174869},"time":"2021-08-09T06:56:22+0000","type":"takeover","longitude":17.818144},{"zone":{"previousOwner":{"name":"Abacus","id":110951},"dateCreated":"2014-12-24T11:00:00+0000","dateLastTaken":"2021-08-09T06:56:19+0000","latitude":65.825158,"currentOwner":{"name":"Abacus","id":110951},"name":"KungAfBoden","id":41566,"totalTakeovers":2876,"region":{"country":"se","name":"Norrbotten","id":126},"pointsPerHour":4,"longitude":21.691591,"takeoverPoints":140},"latitude":65.825158,"currentOwner":{"name":"Abacus","id":110951},"time":"2021-08-09T06:56:19+0000","type":"takeover","longitude":21.691591},{"zone":{"previousOwner":{"name":"Intesånoga","id":124637},"dateCreated":"2017-02-09T07:18:55+0000","dateLastTaken":"2021-08-09T06:56:18+0000","latitude":57.632196,"currentOwner":{"name":"Rogue1","id":255465},"name":"HighlandGrill","id":95240,"totalTakeovers":1886,"region":{"country":"se","name":"Västra Götaland","id":132},"pointsPerHour":3,"longitude":11.906643,"takeoverPoints":155},"latitude":57.632196,"currentOwner":{"name":"Rogue1","id":255465},"time":"2021-08-09T06:56:18+0000","type":"takeover","longitude":11.906643},{"zone":{"previousOwner":{"name":"Kanonerokrut","id":165801},"dateCreated":"2016-12-24T06:00:00+0000","dateLastTaken":"2021-08-09T06:56:18+0000","latitude":60.152558,"currentOwner":{"name":"Allwar","id":213605},"name":"Alleden","id":93157,"totalTakeovers":2177,"region":{"country":"se","name":"Dalarna","id":129},"pointsPerHour":4,"longitude":16.178356,"takeoverPoints":140},"latitude":60.152558,"currentOwner":{"name":"Allwar","id":213605},"time":"2021-08-09T06:56:18+0000","type":"takeover","longitude":16.178356},{"zone":{"previousOwner":{"name":"Xoff","id":103201},"dateLastTaken":"2021-08-09T06:56:14+0000","latitude":65.316569,"totalTakeovers":9373,"pointsPerHour":6,"takeoverPoints":110,"dateCreated":"2012-04-15T13:32:10+0000","currentOwner":{"name":"Ira1","id":198519},"name":"GardenBridge","id":8198,"region":{"country":"se","name":"Norrbotten","id":126},"longitude":21.492678},"latitude":65.316569,"currentOwner":{"name":"Ira1","id":198519},"time":"2021-08-09T06:56:14+0000","type":"takeover","longitude":21.492678}]