[{"medal":36,"time":"2021-08-09T13:24:12+0000","type":"medal","user":{"country":"se","medals":[6,12,95,126,52,104,36],"zones":[704,18197,550,150650,9675,9676,5581],"pointsPerHour":0,"points":8091,"blocktime":18,"taken":5000,"name":"wertripoland","totalPoints":505368,"rank":33,"id":208993,"place":6186,"uniqueZonesTaken":229,"region":{"name":"Västmanland","id":143}}},{"medal":12,"time":"2021-08-09T13:23:31+0000","type":"medal","user":{"country":"se","medals":[51,33,95,102,77,12],"zones":[426391,141491,75992,21645],"pointsPerHour":0,"points":538,"blocktime":15,"taken":977,"name":"VinaVina","totalPoints":153752,"rank":23,"id":228980,"place":6186,"uniqueZonesTaken":100,"region":{"name":"Västra Götaland","id":132}}},{"medal":86,"time":"2021-08-09T13:21:27+0000","type":"medal","user":{"country":"se","medals":[92,51,90,86],"zones":[138971,220409,34140,34268],"pointsPerHour":0,"points":9910,"blocktime":12,"taken":50,"name":"jsdse","totalPoints":10394,"rank":8,"id":89393,"place":6186,"uniqueZonesTaken":29,"region":{"name":"Västmanland","id":143}}}]