[{"zone":{"previousOwner":{"name":"67milla","id":73107},"dateCreated":"2012-04-11T21:33:38+0000","dateLastTaken":"2021-08-09T06:36:09+0000","latitude":63.82398,"currentOwner":{"name":"vonsan","id":230499},"name":"EastOreStreet","id":8072,"totalTakeovers":29956,"region":{"country":"se","name":"Västerbotten","id":127},"pointsPerHour":9,"longitude":20.286336,"takeoverPoints":65},"latitude":63.82398,"currentOwner":{"name":"vonsan","id":230499},"time":"2021-08-09T06:36:09+0000","type":"takeover","longitude":20.286336},{"zone":{"previousOwner":{"name":"Marge","id":46606},"dateCreated":"2011-05-30T07:07:06+0000","dateLastTaken":"2021-08-09T06:36:08+0000","latitude":56.044035,"currentOwner":{"name":"Knatterton","id":272992},"name":"BigMeadow","id":1709,"totalTakeovers":4769,"region":{"country":"se","name":"Skåne","id":135},"pointsPerHour":4,"longitude":12.724071,"takeoverPoints":140},"latitude":56.044035,"currentOwner":{"name":"Knatterton","id":272992},"time":"2021-08-09T06:36:08+0000","type":"takeover","longitude":12.724071},{"zone":{"previousOwner":{"name":"SFL","id":165454},"dateCreated":"2017-04-23T10:57:52+0000","dateLastTaken":"2021-08-09T06:36:03+0000","latitude":59.072177,"currentOwner":{"name":"Masken68","id":227013},"name":"Trippelplask","id":99880,"totalTakeovers":1785,"region":{"country":"se","name":"Örebro","id":131},"pointsPerHour":3,"longitude":15.09157,"takeoverPoints":155},"latitude":59.072177,"currentOwner":{"name":"Masken68","id":227013},"time":"2021-08-09T06:36:03+0000","type":"takeover","longitude":15.09157},{"zone":{"previousOwner":{"name":"Turfis","id":17586},"dateCreated":"2020-05-17T19:25:28+0000","dateLastTaken":"2021-08-09T06:36:03+0000","latitude":58.401779,"currentOwner":{"name":"knarr49","id":65339},"name":"Bråtakurvan","id":296269,"totalTakeovers":1261,"region":{"country":"se","name":"Västra Götaland","id":132},"pointsPerHour":3,"longitude":14.152436,"takeoverPoints":155},"latitude":58.401779,"currentOwner":{"name":"knarr49","id":65339},"time":"2021-08-09T06:36:03+0000","type":"takeover","longitude":14.152436},{"zone":{"previousOwner":{"name":"Flôgne","id":117430},"dateCreated":"2015-03-22T22:00:00+0000","dateLastTaken":"2021-08-09T06:36:02+0000","latitude":59.38872,"currentOwner":{"name":"Hynbo-K","id":185727},"name":"ÖstraKilen","id":47139,"totalTakeovers":11124,"region":{"country":"se","name":"Värmland","id":130},"pointsPerHour":7,"longitude":13.53332,"takeoverPoints":95},"latitude":59.38872,"currentOwner":{"name":"Hynbo-K","id":185727},"time":"2021-08-09T06:36:02+0000","type":"takeover","longitude":13.53332},{"zone":{"previousOwner":{"name":"Jaderäven","id":132318},"dateCreated":"2020-05-28T19:33:04+0000","dateLastTaken":"2021-08-09T06:35:54+0000","latitude":59.160691,"currentOwner":{"name":"ToFo","id":186013},"name":"Vandringspaus","id":278612,"totalTakeovers":270,"region":{"country":"se","name":"Stockholm","id":141},"pointsPerHour":2,"longitude":18.125935,"takeoverPoints":170},"latitude":59.160691,"currentOwner":{"name":"ToFo","id":186013},"time":"2021-08-09T06:35:54+0000","type":"takeover","longitude":18.125935},{"zone":{"previousOwner":{"name":"Nitro18","id":313399},"dateCreated":"2015-06-24T05:00:31+0000","dateLastTaken":"2021-08-09T06:35:54+0000","latitude":60.130643,"currentOwner":{"name":"sunnyanna","id":121038},"name":"NoOffence","id":55032,"totalTakeovers":2326,"region":{"country":"fi","name":"Åland","id":177},"pointsPerHour":5,"longitude":19.915989,"takeoverPoints":125},"latitude":60.130643,"currentOwner":{"name":"sunnyanna","id":121038},"time":"2021-08-09T06:35:54+0000","type":"takeover","longitude":19.915989},{"zone":{"previousOwner":{"name":"chagre","id":318585},"dateCreated":"2016-10-16T10:00:00+0000","dateLastTaken":"2021-08-09T06:35:53+0000","latitude":63.16568,"currentOwner":{"name":"sivandivan","id":202645},"name":"Viltstråk","id":90338,"totalTakeovers":410,"region":{"country":"se","name":"Jämtland","id":128},"pointsPerHour":2,"longitude":14.557932,"takeoverPoints":170},"latitude":63.16568,"currentOwner":{"name":"sivandivan","id":202645},"time":"2021-08-09T06:35:53+0000","type":"takeover","longitude":14.557932},{"zone":{"previousOwner":{"name":"19Ovechkin","id":175121},"dateCreated":"2021-07-29T08:33:02+0000","dateLastTaken":"2021-08-09T06:35:49+0000","latitude":57.772854,"currentOwner":{"name":"Volvon","id":319164},"name":"KanskeSenväg","id":430699,"totalTakeovers":23,"region":{"country":"se","name":"Jönköping","id":133},"pointsPerHour":3,"longitude":14.301607,"takeoverPoints":155},"latitude":57.772854,"currentOwner":{"name":"Volvon","id":319164},"time":"2021-08-09T06:35:49+0000","type":"takeover","longitude":14.301607},{"zone":{"previousOwner":{"name":"Allwar","id":213605},"dateCreated":"2017-12-24T11:00:00+0000","dateLastTaken":"2021-08-09T06:35:45+0000","latitude":60.154428,"currentOwner":{"name":"Kanonerokrut","id":165801},"name":"Strandbacken","id":138641,"totalTakeovers":2561,"region":{"country":"se","name":"Dalarna","id":129},"pointsPerHour":4,"longitude":16.162189,"takeoverPoints":140},"latitude":60.154428,"currentOwner":{"name":"Kanonerokrut","id":165801},"time":"2021-08-09T06:35:45+0000","type":"takeover","longitude":16.162189},{"zone":{"previousOwner":{"name":"Gammelsmurf","id":44307},"dateCreated":"2017-02-05T06:00:00+0000","dateLastTaken":"2021-08-09T06:35:44+0000","latitude":57.734704,"currentOwner":{"name":"Granbero","id":113364},"name":"Marielunddamm","id":94962,"totalTakeovers":1380,"region":{"country":"se","name":"Kalmar","id":137},"pointsPerHour":5,"longitude":16.671538,"takeoverPoints":125},"latitude":57.734704,"currentOwner":{"name":"Granbero","id":113364},"time":"2021-08-09T06:35:44+0000","type":"takeover","longitude":16.671538},{"zone":{"previousOwner":{"name":"Framfot","id":185253},"dateCreated":"2014-06-09T15:30:37+0000","dateLastTaken":"2021-08-09T06:35:44+0000","latitude":59.61493,"currentOwner":{"name":"Åkemjuk","id":248304},"name":"ForestTrail","id":31346,"totalTakeovers":5657,"region":{"country":"se","name":"Västmanland","id":143},"pointsPerHour":7,"longitude":16.482604,"takeoverPoints":95},"latitude":59.61493,"currentOwner":{"name":"Åkemjuk","id":248304},"time":"2021-08-09T06:35:44+0000","type":"takeover","longitude":16.482604},{"zone":{"previousOwner":{"name":"MadMajk","id":18954},"dateCreated":"2011-09-03T19:00:00+0000","dateLastTaken":"2021-08-09T06:35:43+0000","latitude":57.782531,"currentOwner":{"name":"MadMajk","id":18954},"name":"NorthShore","id":2988,"totalTakeovers":5920,"region":{"country":"se","name":"Jönköping","id":133},"pointsPerHour":6,"longitude":14.181579,"takeoverPoints":110},"latitude":57.782531,"currentOwner":{"name":"MadMajk","id":18954},"time":"2021-08-09T06:35:43+0000","type":"takeover","longitude":14.181579},{"zone":{"previousOwner":{"name":"sunnanmo","id":71256},"dateCreated":"2015-03-30T12:03:29+0000","dateLastTaken":"2021-08-09T06:35:41+0000","latitude":57.914764,"currentOwner":{"name":"giggiyd","id":281282},"name":"ViaParcum","id":47648,"totalTakeovers":1124,"region":{"country":"se","name":"Jönköping","id":133},"pointsPerHour":3,"longitude":13.871992,"takeoverPoints":155},"latitude":57.914764,"currentOwner":{"name":"giggiyd","id":281282},"time":"2021-08-09T06:35:41+0000","type":"takeover","longitude":13.871992},{"zone":{"previousOwner":{"name":"Duckbanana","id":212018},"dateLastTaken":"2021-08-09T06:35:40+0000","latitude":59.863793,"totalTakeovers":11322,"pointsPerHour":8,"takeoverPoints":80,"dateCreated":"2014-03-20T22:18:37+0000","currentOwner":{"name":"tilverturf","id":166033},"name":"MikaeliZon","id":27105,"region":{"country":"se","name":"Uppsala","id":142},"longitude":17.634962},"latitude":59.863793,"currentOwner":{"name":"tilverturf","id":166033},"time":"2021-08-09T06:35:40+0000","type":"takeover","longitude":17.634962},{"zone":{"dateCreated":"2021-01-19T10:00:00+0000","dateLastTaken":"2021-08-09T06:35:40+0000","latitude":56.057718,"currentOwner":{"name":"DoodleDad","id":311442},"name":"AhoyGolfers","id":368898,"totalTakeovers":73,"region":{"country":"gb","name":"Scotland","id":200},"pointsPerHour":1,"longitude":-2.759084,"takeoverPoints":185},"latitude":56.057718,"currentOwner":{"name":"DoodleDad","id":311442},"time":"2021-08-09T06:35:40+0000","type":"takeover","longitude":-2.759084},{"zone":{"previousOwner":{"name":"FlitigaTobbe","id":48872},"dateCreated":"2014-11-02T17:00:00+0000","dateLastTaken":"2021-08-09T06:35:39+0000","latitude":59.662622,"currentOwner":{"name":"NonneNoel08","id":276255},"name":"Skogskanten","id":41766,"totalTakeovers":3502,"region":{"country":"se","name":"Västmanland","id":143},"pointsPerHour":4,"longitude":16.537408,"takeoverPoints":140},"latitude":59.662622,"currentOwner":{"name":"NonneNoel08","id":276255},"time":"2021-08-09T06:35:39+0000","type":"takeover","longitude":16.537408},{"zone":{"previousOwner":{"name":"benndix","id":280685},"dateCreated":"2014-12-24T09:00:00+0000","dateLastTaken":"2021-08-09T06:35:33+0000","latitude":58.374194,"currentOwner":{"name":"miss_johanna","id":64264},"name":"Storkorset","id":43124,"totalTakeovers":3051,"region":{"country":"se","name":"Västra Götaland","id":132},"pointsPerHour":4,"longitude":12.324835,"takeoverPoints":140},"latitude":58.374194,"currentOwner":{"name":"miss_johanna","id":64264},"time":"2021-08-09T06:35:33+0000","type":"takeover","longitude":12.324835},{"zone":{"previousOwner":{"name":"TCM","id":15073},"dateCreated":"2015-06-21T07:27:05+0000","dateLastTaken":"2021-08-09T06:35:32+0000","latitude":59.375321,"currentOwner":{"name":"NitaG","id":313528},"name":"Ångbåtsbron","id":54899,"totalTakeovers":3326,"region":{"country":"se","name":"Södermanland","id":140},"pointsPerHour":6,"longitude":17.037998,"takeoverPoints":110},"latitude":59.375321,"currentOwner":{"name":"NitaG","id":313528},"time":"2021-08-09T06:35:32+0000","type":"takeover","longitude":17.037998},{"zone":{"previousOwner":{"name":"Liza46","id":105797},"dateCreated":"2015-04-05T20:47:11+0000","dateLastTaken":"2021-08-09T06:35:32+0000","latitude":57.664588,"currentOwner":{"name":"Gravedigger","id":242401},"name":"Runneryd","id":47883,"totalTakeovers":849,"region":{"country":"se","name":"Jönköping","id":133},"pointsPerHour":1,"longitude":14.702813,"takeoverPoints":185},"latitude":57.664588,"currentOwner":{"name":"Gravedigger","id":242401},"time":"2021-08-09T06:35:32+0000","type":"takeover","longitude":14.702813},{"zone":{"previousOwner":{"name":"Labbås-Kajsa","id":146582},"dateCreated":"2017-02-24T20:57:16+0000","dateLastTaken":"2021-08-09T06:35:31+0000","latitude":58.188375,"currentOwner":{"name":"Labbås-Kajsa","id":146582},"name":"PerssonsSlätt","id":95765,"totalTakeovers":629,"region":{"country":"se","name":"Västra Götaland","id":132},"pointsPerHour":2,"longitude":13.964386,"takeoverPoints":170},"latitude":58.188375,"currentOwner":{"name":"Labbås-Kajsa","id":146582},"time":"2021-08-09T06:35:31+0000","type":"takeover","longitude":13.964386},{"zone":{"previousOwner":{"name":"BigBender","id":95323},"dateCreated":"2015-02-08T10:00:00+0000","dateLastTaken":"2021-08-09T06:35:31+0000","latitude":59.955173,"currentOwner":{"name":"elra","id":315560},"name":"SpicyTurf","id":44588,"totalTakeovers":6325,"region":{"country":"se","name":"Uppsala","id":142},"pointsPerHour":4,"longitude":17.693241,"takeoverPoints":140},"latitude":59.955173,"currentOwner":{"name":"elra","id":315560},"time":"2021-08-09T06:35:31+0000","type":"takeover","longitude":17.693241},{"zone":{"previousOwner":{"name":"Remonkey","id":143678},"dateCreated":"2013-12-24T11:00:00+0000","dateLastTaken":"2021-08-09T06:35:30+0000","latitude":56.885908,"currentOwner":{"name":"ecoton","id":93277},"name":"WinterGreen","id":24022,"totalTakeovers":3262,"region":{"country":"se","name":"Kronoberg","id":147},"pointsPerHour":4,"longitude":14.798742,"takeoverPoints":140},"latitude":56.885908,"currentOwner":{"name":"ecoton","id":93277},"time":"2021-08-09T06:35:30+0000","type":"takeover","longitude":14.798742},{"zone":{"previousOwner":{"name":"-Mighty-","id":139468},"dateCreated":"2015-02-13T10:31:56+0000","dateLastTaken":"2021-08-09T06:35:29+0000","latitude":56.726782,"currentOwner":{"name":"slow47","id":58683},"name":"Cheese","id":44703,"totalTakeovers":6752,"region":{"country":"se","name":"Kalmar","id":137},"pointsPerHour":5,"longitude":16.296684,"takeoverPoints":125},"latitude":56.726782,"currentOwner":{"name":"slow47","id":58683},"time":"2021-08-09T06:35:29+0000","type":"takeover","longitude":16.296684},{"zone":{"previousOwner":{"name":"MysMulle","id":76286},"dateCreated":"2017-08-01T07:09:26+0000","dateLastTaken":"2021-08-09T06:35:26+0000","latitude":59.274094,"currentOwner":{"name":"#1725","id":281837},"name":"Almhaga","id":112645,"totalTakeovers":1292,"region":{"country":"se","name":"Stockholm","id":141},"pointsPerHour":4,"longitude":17.789682,"takeoverPoints":140},"latitude":59.274094,"currentOwner":{"name":"#1725","id":281837},"time":"2021-08-09T06:35:26+0000","type":"takeover","longitude":17.789682},{"zone":{"previousOwner":{"name":"Vesper","id":41403},"dateCreated":"2020-05-18T22:09:59+0000","dateLastTaken":"2021-08-09T06:35:21+0000","latitude":57.777376,"currentOwner":{"name":"TompaBoy51","id":65370},"name":"Tiergarten","id":297058,"totalTakeovers":1570,"region":{"country":"se","name":"Kalmar","id":137},"pointsPerHour":6,"longitude":16.612738,"takeoverPoints":110},"latitude":57.777376,"currentOwner":{"name":"TompaBoy51","id":65370},"time":"2021-08-09T06:35:21+0000","type":"takeover","longitude":16.612738},{"zone":{"previousOwner":{"name":"erpen","id":155024},"dateCreated":"2012-09-12T20:36:30+0000","dateLastTaken":"2021-08-09T06:35:20+0000","latitude":63.800989,"currentOwner":{"name":"Stövaren","id":252995},"name":"BroUndret","id":11283,"totalTakeovers":19183,"region":{"country":"se","name":"Västerbotten","id":127},"pointsPerHour":8,"longitude":20.299411,"takeoverPoints":80},"latitude":63.800989,"currentOwner":{"name":"Stövaren","id":252995},"time":"2021-08-09T06:35:20+0000","type":"takeover","longitude":20.299411},{"zone":{"previousOwner":{"name":"tilverturf","id":166033},"dateCreated":"2014-01-07T16:30:00+0000","dateLastTaken":"2021-08-09T06:35:17+0000","latitude":59.851935,"currentOwner":{"name":"Oxid","id":200662},"name":"Mjölnarparken","id":24787,"totalTakeovers":13394,"region":{"country":"se","name":"Uppsala","id":142},"pointsPerHour":8,"longitude":17.650684,"takeoverPoints":80},"latitude":59.851935,"currentOwner":{"name":"Oxid","id":200662},"time":"2021-08-09T06:35:17+0000","type":"takeover","longitude":17.650684},{"zone":{"previousOwner":{"name":"N3K","id":75709},"dateCreated":"2011-09-06T17:35:31+0000","dateLastTaken":"2021-08-09T06:35:17+0000","latitude":59.484002,"currentOwner":{"name":"Sucuriju","id":334898},"name":"Tibblegrass","id":3106,"totalTakeovers":4048,"region":{"country":"se","name":"Stockholm","id":141},"pointsPerHour":5,"longitude":17.735127,"takeoverPoints":125},"latitude":59.484002,"currentOwner":{"name":"Sucuriju","id":334898},"time":"2021-08-09T06:35:17+0000","type":"takeover","longitude":17.735127},{"zone":{"dateCreated":"2021-01-14T07:00:00+0000","dateLastTaken":"2021-08-09T06:35:17+0000","latitude":52.992776,"currentOwner":{"name":"Str1der","id":298407},"name":"LoudNoice","id":365648,"totalTakeovers":50,"region":{"country":"gb","name":"West Midlands","id":208},"pointsPerHour":1,"longitude":-2.156069,"takeoverPoints":185},"latitude":52.992776,"currentOwner":{"name":"Str1der","id":298407},"time":"2021-08-09T06:35:17+0000","type":"takeover","longitude":-2.156069},{"zone":{"previousOwner":{"name":"Tattan","id":186543},"dateCreated":"2012-04-02T22:44:31+0000","dateLastTaken":"2021-08-09T06:35:16+0000","latitude":56.880306,"currentOwner":{"name":"Kröpil","id":110853},"name":"HillHall","id":7929,"totalTakeovers":3989,"region":{"country":"se","name":"Kronoberg","id":147},"pointsPerHour":3,"longitude":14.823786,"takeoverPoints":155},"latitude":56.880306,"currentOwner":{"name":"Kröpil","id":110853},"time":"2021-08-09T06:35:16+0000","type":"takeover","longitude":14.823786},{"zone":{"previousOwner":{"name":"ade_sSROC","id":304412},"dateCreated":"2020-11-26T19:12:45+0000","dateLastTaken":"2021-08-09T06:35:16+0000","latitude":54.068647,"currentOwner":{"name":"banhowlSROC","id":305666},"name":"GreenMoss","id":353708,"totalTakeovers":271,"region":{"country":"gb","name":"North West England","id":201},"pointsPerHour":2,"longitude":-2.794406,"takeoverPoints":170},"latitude":54.068647,"currentOwner":{"name":"banhowlSROC","id":305666},"time":"2021-08-09T06:35:16+0000","type":"takeover","longitude":-2.794406},{"zone":{"previousOwner":{"name":"Kullagard","id":27596},"dateCreated":"2020-12-14T20:01:16+0000","dateLastTaken":"2021-08-09T06:35:15+0000","latitude":56.84308,"currentOwner":{"name":"TheBigBopper","id":51999},"name":"Nydalaleden","id":356716,"totalTakeovers":125,"region":{"country":"se","name":"Kronoberg","id":147},"pointsPerHour":2,"longitude":13.960347,"takeoverPoints":170},"latitude":56.84308,"currentOwner":{"name":"TheBigBopper","id":51999},"time":"2021-08-09T06:35:15+0000","type":"takeover","longitude":13.960347},{"zone":{"previousOwner":{"name":"cambla","id":302813},"dateCreated":"2021-06-09T05:00:00+0000","dateLastTaken":"2021-08-09T06:35:13+0000","latitude":57.200535,"currentOwner":{"name":"ktmcnl","id":336566},"name":"Burnfaber","id":426401,"totalTakeovers":46,"region":{"country":"gb","name":"Scotland","id":200},"pointsPerHour":2,"longitude":-3.823601,"takeoverPoints":170},"latitude":57.200535,"currentOwner":{"name":"ktmcnl","id":336566},"time":"2021-08-09T06:35:13+0000","type":"takeover","longitude":-3.823601},{"zone":{"previousOwner":{"name":"snickaren","id":56625},"dateLastTaken":"2021-08-09T06:35:12+0000","latitude":60.27621,"totalTakeovers":2918,"pointsPerHour":3,"takeoverPoints":155,"dateCreated":"2016-08-14T18:15:11+0000","currentOwner":{"name":"CKAI","id":266592},"name":"Hedekapellet","id":80680,"region":{"country":"se","name":"Dalarna","id":129},"longitude":15.993346},"latitude":60.27621,"currentOwner":{"name":"CKAI","id":266592},"time":"2021-08-09T06:35:12+0000","type":"takeover","longitude":15.993346},{"zone":{"previousOwner":{"name":"sadrac","id":285034},"dateLastTaken":"2021-08-09T06:35:07+0000","latitude":56.210761,"totalTakeovers":2081,"pointsPerHour":3,"takeoverPoints":155,"dateCreated":"2014-04-15T03:53:16+0000","currentOwner":{"name":"mussestein","id":147071},"name":"Strandbridge","id":28210,"region":{"country":"se","name":"Blekinge","id":136},"longitude":15.272676},"latitude":56.210761,"currentOwner":{"name":"mussestein","id":147071},"time":"2021-08-09T06:35:07+0000","type":"takeover","longitude":15.272676},{"zone":{"previousOwner":{"name":"kiwi_kz7","id":38191},"dateLastTaken":"2021-08-09T06:35:05+0000","latitude":57.770944,"totalTakeovers":3332,"pointsPerHour":3,"takeoverPoints":155,"dateCreated":"2014-10-18T08:43:21+0000","currentOwner":{"name":"Wahlhajen","id":303806},"name":"Brrrron","id":38436,"region":{"country":"se","name":"Västra Götaland","id":132},"longitude":12.27417},"latitude":57.770944,"currentOwner":{"name":"Wahlhajen","id":303806},"time":"2021-08-09T06:35:05+0000","type":"takeover","longitude":12.27417},{"zone":{"previousOwner":{"name":"Florence","id":70365},"dateCreated":"2017-07-24T10:39:47+0000","dateLastTaken":"2021-08-09T06:35:03+0000","latitude":59.210203,"currentOwner":{"name":"GoSt","id":37199},"name":"Listonhill","id":115424,"totalTakeovers":342,"region":{"country":"se","name":"Stockholm","id":141},"pointsPerHour":2,"longitude":17.657366,"takeoverPoints":170},"latitude":59.210203,"currentOwner":{"name":"GoSt","id":37199},"time":"2021-08-09T06:35:03+0000","type":"takeover","longitude":17.657366},{"zone":{"previousOwner":{"name":"Niksod","id":69382},"dateCreated":"2012-07-14T11:00:00+0000","dateLastTaken":"2021-08-09T06:35:02+0000","latitude":59.621604,"currentOwner":{"name":"Jordgloben","id":241982},"name":"HagaAlley","id":9676,"totalTakeovers":24132,"region":{"country":"se","name":"Västmanland","id":143},"pointsPerHour":8,"longitude":16.569136,"takeoverPoints":80},"latitude":59.621604,"currentOwner":{"name":"Jordgloben","id":241982},"time":"2021-08-09T06:35:02+0000","type":"takeover","longitude":16.569136},{"zone":{"previousOwner":{"name":"CardiffGreenC","id":302121},"dateCreated":"2020-09-13T09:00:00+0000","dateLastTaken":"2021-08-09T06:35:01+0000","latitude":55.976056,"currentOwner":{"name":"Jarvmobile","id":300988},"name":"Architecture","id":328176,"totalTakeovers":212,"region":{"country":"gb","name":"Scotland","id":200},"pointsPerHour":2,"longitude":-2.667196,"takeoverPoints":170},"latitude":55.976056,"currentOwner":{"name":"Jarvmobile","id":300988},"time":"2021-08-09T06:35:01+0000","type":"takeover","longitude":-2.667196},{"zone":{"previousOwner":{"name":"Dominion","id":243721},"dateLastTaken":"2021-08-09T06:34:59+0000","latitude":59.649565,"totalTakeovers":3777,"pointsPerHour":3,"takeoverPoints":155,"dateCreated":"2012-10-27T15:28:22+0000","currentOwner":{"name":"Dudu","id":264635},"name":"Fartkontroll","id":11712,"region":{"country":"se","name":"Uppsala","id":142},"longitude":17.063163},"latitude":59.649565,"currentOwner":{"name":"Dudu","id":264635},"time":"2021-08-09T06:34:59+0000","type":"takeover","longitude":17.063163},{"zone":{"previousOwner":{"name":"tobbej3","id":78081},"dateCreated":"2013-06-14T10:29:12+0000","dateLastTaken":"2021-08-09T06:34:57+0000","latitude":59.127041,"currentOwner":{"name":"scoutTurfer","id":44543},"name":"KumlaTorg","id":20158,"totalTakeovers":18532,"region":{"country":"se","name":"Örebro","id":131},"pointsPerHour":7,"longitude":15.143589,"takeoverPoints":95},"latitude":59.127041,"currentOwner":{"name":"scoutTurfer","id":44543},"time":"2021-08-09T06:34:57+0000","type":"takeover","longitude":15.143589},{"zone":{"previousOwner":{"name":"aama","id":326365},"dateCreated":"2018-05-12T20:15:00+0000","dateLastTaken":"2021-08-09T06:34:56+0000","latitude":59.202222,"currentOwner":{"name":"Ansoteri","id":35803},"name":"Skogsmyran","id":148846,"totalTakeovers":691,"region":{"country":"se","name":"Stockholm","id":141},"pointsPerHour":3,"longitude":17.754306,"takeoverPoints":155},"latitude":59.202222,"currentOwner":{"name":"Ansoteri","id":35803},"time":"2021-08-09T06:34:56+0000","type":"takeover","longitude":17.754306},{"zone":{"previousOwner":{"name":"Peek","id":25211},"dateLastTaken":"2021-08-09T06:34:54+0000","latitude":59.632228,"totalTakeovers":10620,"pointsPerHour":8,"takeoverPoints":80,"dateCreated":"2012-04-01T13:29:12+0000","currentOwner":{"name":"DogandHellen","id":67726},"name":"KoloniZone","id":7753,"region":{"country":"se","name":"Västmanland","id":143},"longitude":16.532742},"latitude":59.632228,"currentOwner":{"name":"DogandHellen","id":67726},"time":"2021-08-09T06:34:54+0000","type":"takeover","longitude":16.532742},{"zone":{"previousOwner":{"name":"Strac","id":302230},"dateCreated":"2020-11-09T22:05:07+0000","dateLastTaken":"2021-08-09T06:34:51+0000","latitude":57.151545,"currentOwner":{"name":"SazlDazl","id":302766},"name":"BrimmondDr","id":350458,"totalTakeovers":688,"region":{"country":"gb","name":"Scotland","id":200},"pointsPerHour":3,"longitude":-2.284664,"takeoverPoints":155},"latitude":57.151545,"currentOwner":{"name":"SazlDazl","id":302766},"time":"2021-08-09T06:34:51+0000","type":"takeover","longitude":-2.284664},{"zone":{"previousOwner":{"name":"Flôgne","id":117430},"dateCreated":"2013-03-15T14:00:00+0000","dateLastTaken":"2021-08-09T06:34:48+0000","latitude":59.390526,"currentOwner":{"name":"Hynbo-K","id":185727},"name":"Kroppkärrsbad","id":15851,"totalTakeovers":13955,"region":{"country":"se","name":"Värmland","id":130},"pointsPerHour":7,"longitude":13.534435,"takeoverPoints":95},"latitude":59.390526,"currentOwner":{"name":"Hynbo-K","id":185727},"time":"2021-08-09T06:34:48+0000","type":"takeover","longitude":13.534435},{"zone":{"previousOwner":{"name":"Sagarmatha","id":113595},"dateCreated":"2015-03-30T06:00:00+0000","dateLastTaken":"2021-08-09T06:34:48+0000","latitude":59.563036,"currentOwner":{"name":"heff2","id":180382},"name":"Vist","id":43916,"totalTakeovers":310,"region":{"country":"se","name":"Värmland","id":130},"pointsPerHour":2,"longitude":13.484178,"takeoverPoints":170},"latitude":59.563036,"currentOwner":{"name":"heff2","id":180382},"time":"2021-08-09T06:34:48+0000","type":"takeover","longitude":13.484178},{"zone":{"previousOwner":{"name":"Miknor","id":278187},"dateLastTaken":"2021-08-09T06:34:47+0000","latitude":57.259838,"totalTakeovers":6605,"pointsPerHour":6,"takeoverPoints":110,"dateCreated":"2014-12-24T07:35:54+0000","currentOwner":{"name":"dabbo","id":166306},"name":"GröndalBridge","id":43229,"region":{"country":"se","name":"Kalmar","id":137},"longitude":16.460311},"latitude":57.259838,"currentOwner":{"name":"dabbo","id":166306},"time":"2021-08-09T06:34:47+0000","type":"takeover","longitude":16.460311},{"zone":{"previousOwner":{"name":"SFL","id":165454},"dateCreated":"2012-03-27T06:01:49+0000","dateLastTaken":"2021-08-09T06:34:44+0000","latitude":59.072743,"currentOwner":{"name":"Masken68","id":227013},"name":"LogZone","id":7466,"totalTakeovers":3663,"region":{"country":"se","name":"Örebro","id":131},"pointsPerHour":3,"longitude":15.095716,"takeoverPoints":155},"latitude":59.072743,"currentOwner":{"name":"Masken68","id":227013},"time":"2021-08-09T06:34:44+0000","type":"takeover","longitude":15.095716},{"zone":{"previousOwner":{"name":"griffonlady","id":197401},"dateCreated":"2014-09-08T16:02:22+0000","dateLastTaken":"2021-08-09T06:34:44+0000","latitude":60.069623,"currentOwner":{"name":"rozaliona","id":73379},"name":"DalenCrop","id":34728,"totalTakeovers":5704,"region":{"country":"fi","name":"Åland","id":177},"pointsPerHour":6,"longitude":19.955366,"takeoverPoints":110},"latitude":60.069623,"currentOwner":{"name":"rozaliona","id":73379},"time":"2021-08-09T06:34:44+0000","type":"takeover","longitude":19.955366},{"zone":{"previousOwner":{"name":"Wowbagger","id":91182},"dateLastTaken":"2021-08-09T06:34:41+0000","latitude":59.726346,"totalTakeovers":10919,"pointsPerHour":7,"takeoverPoints":95,"dateCreated":"2011-09-05T18:22:52+0000","currentOwner":{"name":"sippa","id":305999},"name":"KnivstaCity","id":3046,"region":{"country":"se","name":"Uppsala","id":142},"longitude":17.786318},"latitude":59.726346,"currentOwner":{"name":"sippa","id":305999},"time":"2021-08-09T06:34:41+0000","type":"takeover","longitude":17.786318},{"zone":{"previousOwner":{"name":"larryz","id":24240},"dateCreated":"2017-01-28T08:00:00+0000","dateLastTaken":"2021-08-09T06:34:40+0000","latitude":59.315077,"currentOwner":{"name":"2-mas","id":130947},"name":"Danviksklocka","id":94238,"totalTakeovers":1440,"region":{"country":"se","name":"Stockholm","id":141},"pointsPerHour":4,"longitude":18.105416,"takeoverPoints":140},"latitude":59.315077,"currentOwner":{"name":"2-mas","id":130947},"time":"2021-08-09T06:34:40+0000","type":"takeover","longitude":18.105416},{"zone":{"previousOwner":{"name":"Itti","id":304918},"dateLastTaken":"2021-08-09T06:34:37+0000","latitude":50.943387,"totalTakeovers":206,"pointsPerHour":2,"takeoverPoints":170,"dateCreated":"2019-07-25T19:15:00+0000","currentOwner":{"name":"JoasK","id":303577},"name":"KölnBahnhof","id":200515,"region":{"country":"de","name":"Nordrhein-Westfalen","id":445},"longitude":6.959219},"latitude":50.943387,"currentOwner":{"name":"JoasK","id":303577},"time":"2021-08-09T06:34:37+0000","type":"takeover","longitude":6.959219},{"zone":{"previousOwner":{"name":"swebear","id":21548},"dateCreated":"2010-07-17T00:00:00+0000","dateLastTaken":"2021-08-09T06:34:36+0000","latitude":59.336051,"currentOwner":{"name":"madpuppy","id":66782},"name":"StureZone","id":243,"totalTakeovers":23256,"region":{"country":"se","name":"Stockholm","id":141},"pointsPerHour":9,"longitude":18.072962,"takeoverPoints":65},"latitude":59.336051,"currentOwner":{"name":"madpuppy","id":66782},"time":"2021-08-09T06:34:36+0000","type":"takeover","longitude":18.072962},{"zone":{"previousOwner":{"name":"gå-for-it","id":48607},"dateCreated":"2012-03-20T22:36:50+0000","dateLastTaken":"2021-08-09T06:34:33+0000","latitude":59.389205,"currentOwner":{"name":"Alcam","id":297726},"name":"LittleBear","id":7171,"totalTakeovers":5231,"region":{"country":"se","name":"Stockholm","id":141},"pointsPerHour":5,"longitude":17.837224,"takeoverPoints":125},"latitude":59.389205,"currentOwner":{"name":"Alcam","id":297726},"time":"2021-08-09T06:34:33+0000","type":"takeover","longitude":17.837224},{"zone":{"previousOwner":{"name":"Duckbanana","id":212018},"dateLastTaken":"2021-08-09T06:34:32+0000","latitude":59.865529,"totalTakeovers":21268,"pointsPerHour":8,"takeoverPoints":80,"dateCreated":"2012-10-09T23:06:35+0000","currentOwner":{"name":"tilverturf","id":166033},"name":"RåaBron","id":11664,"region":{"country":"se","name":"Uppsala","id":142},"longitude":17.636346},"latitude":59.865529,"currentOwner":{"name":"tilverturf","id":166033},"time":"2021-08-09T06:34:32+0000","type":"takeover","longitude":17.636346},{"zone":{"previousOwner":{"name":"Jopt","id":146507},"dateCreated":"2013-10-13T22:13:32+0000","dateLastTaken":"2021-08-09T06:34:31+0000","latitude":58.908877,"currentOwner":{"name":"utomtävlan","id":141678},"name":"Raffin","id":22019,"totalTakeovers":2260,"region":{"country":"se","name":"Stockholm","id":141},"pointsPerHour":3,"longitude":17.955296,"takeoverPoints":155},"latitude":58.908877,"currentOwner":{"name":"utomtävlan","id":141678},"time":"2021-08-09T06:34:31+0000","type":"takeover","longitude":17.955296},{"zone":{"previousOwner":{"name":"Naset","id":156696},"dateCreated":"2014-12-25T11:00:00+0000","dateLastTaken":"2021-08-09T06:34:29+0000","latitude":60.664865,"currentOwner":{"name":"babsan54","id":232395},"name":"SödraFleming","id":42312,"totalTakeovers":9024,"region":{"country":"se","name":"Gävleborg","id":144},"pointsPerHour":6,"longitude":17.153434,"takeoverPoints":110},"latitude":60.664865,"currentOwner":{"name":"babsan54","id":232395},"time":"2021-08-09T06:34:29+0000","type":"takeover","longitude":17.153434},{"zone":{"previousOwner":{"name":"KingOfTheSlope","id":30780},"dateLastTaken":"2021-08-09T06:34:26+0000","latitude":59.858651,"totalTakeovers":37222,"pointsPerHour":9,"takeoverPoints":65,"dateCreated":"2010-08-09T00:00:00+0000","currentOwner":{"name":"Munin","id":62408},"name":"Valvzone","id":341,"region":{"country":"se","name":"Uppsala","id":142},"longitude":17.635952},"latitude":59.858651,"currentOwner":{"name":"Munin","id":62408},"time":"2021-08-09T06:34:26+0000","type":"takeover","longitude":17.635952},{"zone":{"previousOwner":{"name":"Liza46","id":105797},"dateCreated":"2020-04-13T17:59:11+0000","dateLastTaken":"2021-08-09T06:34:22+0000","latitude":57.662636,"currentOwner":{"name":"Gravedigger","id":242401},"name":"MellanRune","id":235930,"totalTakeovers":306,"region":{"country":"se","name":"Jönköping","id":133},"pointsPerHour":1,"longitude":14.703865,"takeoverPoints":185},"latitude":57.662636,"currentOwner":{"name":"Gravedigger","id":242401},"time":"2021-08-09T06:34:22+0000","type":"takeover","longitude":14.703865},{"zone":{"previousOwner":{"name":"Hodge","id":282118},"dateCreated":"2020-08-31T07:00:00+0000","dateLastTaken":"2021-08-09T06:34:19+0000","latitude":55.833785,"currentOwner":{"name":"Hodge","id":282118},"name":"Glaskhill","id":323140,"totalTakeovers":294,"region":{"country":"gb","name":"Scotland","id":200},"pointsPerHour":1,"longitude":-3.228313,"takeoverPoints":185},"latitude":55.833785,"currentOwner":{"name":"Hodge","id":282118},"time":"2021-08-09T06:34:19+0000","type":"takeover","longitude":-3.228313},{"zone":{"previousOwner":{"name":"edeby","id":21042},"dateCreated":"2011-08-08T08:53:09+0000","dateLastTaken":"2021-08-09T06:34:15+0000","latitude":59.376541,"currentOwner":{"name":"NitaG","id":313528},"name":"MälarString","id":2516,"totalTakeovers":4375,"region":{"country":"se","name":"Södermanland","id":140},"pointsPerHour":6,"longitude":17.03975,"takeoverPoints":110},"latitude":59.376541,"currentOwner":{"name":"NitaG","id":313528},"time":"2021-08-09T06:34:15+0000","type":"takeover","longitude":17.03975},{"zone":{"previousOwner":{"name":"antor","id":137233},"dateCreated":"2012-06-21T11:33:52+0000","dateLastTaken":"2021-08-09T06:34:15+0000","latitude":57.638888,"currentOwner":{"name":"Fartygspodden","id":255305},"name":"HorsePoint","id":9487,"totalTakeovers":3208,"region":{"country":"se","name":"Västra Götaland","id":132},"pointsPerHour":4,"longitude":11.937812,"takeoverPoints":140},"latitude":57.638888,"currentOwner":{"name":"Fartygspodden","id":255305},"time":"2021-08-09T06:34:15+0000","type":"takeover","longitude":11.937812},{"zone":{"previousOwner":{"name":"Weekendstone","id":47670},"dateCreated":"2012-05-01T23:01:03+0000","dateLastTaken":"2021-08-09T06:34:14+0000","latitude":59.850546,"currentOwner":{"name":"Oxid","id":200662},"name":"Korpzonen","id":8462,"totalTakeovers":15672,"region":{"country":"se","name":"Uppsala","id":142},"pointsPerHour":8,"longitude":17.653349,"takeoverPoints":80},"latitude":59.850546,"currentOwner":{"name":"Oxid","id":200662},"time":"2021-08-09T06:34:14+0000","type":"takeover","longitude":17.653349},{"zone":{"previousOwner":{"name":"Allwar","id":213605},"dateCreated":"2013-01-09T20:29:46+0000","dateLastTaken":"2021-08-09T06:34:11+0000","latitude":60.154914,"currentOwner":{"name":"Kanonerokrut","id":165801},"name":"Månsbo","id":13120,"totalTakeovers":4659,"region":{"country":"se","name":"Dalarna","id":129},"pointsPerHour":4,"longitude":16.170681,"takeoverPoints":140},"latitude":60.154914,"currentOwner":{"name":"Kanonerokrut","id":165801},"time":"2021-08-09T06:34:11+0000","type":"takeover","longitude":16.170681},{"zone":{"previousOwner":{"name":"Vesper","id":41403},"dateCreated":"2014-04-06T07:35:39+0000","dateLastTaken":"2021-08-09T06:34:09+0000","latitude":57.775501,"currentOwner":{"name":"TompaBoy51","id":65370},"name":"AnimalYard","id":27945,"totalTakeovers":7510,"region":{"country":"se","name":"Kalmar","id":137},"pointsPerHour":6,"longitude":16.615721,"takeoverPoints":110},"latitude":57.775501,"currentOwner":{"name":"TompaBoy51","id":65370},"time":"2021-08-09T06:34:09+0000","type":"takeover","longitude":16.615721},{"zone":{"previousOwner":{"name":"Pajje","id":283572},"dateCreated":"2011-02-09T15:57:43+0000","dateLastTaken":"2021-08-09T06:34:03+0000","latitude":59.372358,"currentOwner":{"name":"löpare56","id":176776},"name":"LootLake","id":1481,"totalTakeovers":7786,"region":{"country":"se","name":"Stockholm","id":141},"pointsPerHour":6,"longitude":17.965647,"takeoverPoints":110},"latitude":59.372358,"currentOwner":{"name":"löpare56","id":176776},"time":"2021-08-09T06:34:03+0000","type":"takeover","longitude":17.965647},{"zone":{"previousOwner":{"name":"MadMajk","id":18954},"dateCreated":"2014-06-17T19:33:32+0000","dateLastTaken":"2021-08-09T06:34:03+0000","latitude":57.782187,"currentOwner":{"name":"MadMajk","id":18954},"name":"IngenPilAlls","id":31728,"totalTakeovers":5171,"region":{"country":"se","name":"Jönköping","id":133},"pointsPerHour":6,"longitude":14.187098,"takeoverPoints":110},"latitude":57.782187,"currentOwner":{"name":"MadMajk","id":18954},"time":"2021-08-09T06:34:03+0000","type":"takeover","longitude":14.187098},{"zone":{"previousOwner":{"name":"theAce","id":5183},"dateLastTaken":"2021-08-09T06:33:59+0000","latitude":58.408293,"totalTakeovers":10477,"pointsPerHour":8,"takeoverPoints":80,"dateCreated":"2016-05-03T16:00:00+0000","currentOwner":{"name":"Abruptor","id":116482},"name":"Tinnerbron","id":69534,"region":{"country":"se","name":"Östergötland","id":139},"longitude":15.634426},"latitude":58.408293,"currentOwner":{"name":"Abruptor","id":116482},"time":"2021-08-09T06:33:59+0000","type":"takeover","longitude":15.634426},{"zone":{"previousOwner":{"name":"Henkutt","id":139292},"dateCreated":"2019-06-06T06:51:41+0000","dateLastTaken":"2021-08-09T06:33:55+0000","latitude":56.886961,"currentOwner":{"name":"ecoton","id":93277},"name":"FolketsVäxjö","id":190247,"totalTakeovers":1054,"region":{"country":"se","name":"Kronoberg","id":147},"pointsPerHour":4,"longitude":14.795962,"takeoverPoints":140},"latitude":56.886961,"currentOwner":{"name":"ecoton","id":93277},"time":"2021-08-09T06:33:55+0000","type":"takeover","longitude":14.795962},{"zone":{"previousOwner":{"name":"MrBungle","id":44781},"dateCreated":"2014-12-28T18:22:13+0000","dateLastTaken":"2021-08-09T06:33:55+0000","latitude":63.797114,"currentOwner":{"name":"Maxlion","id":282389},"name":"GiMoMahZone","id":43377,"totalTakeovers":9622,"region":{"country":"se","name":"Västerbotten","id":127},"pointsPerHour":7,"longitude":20.311833,"takeoverPoints":95},"latitude":63.797114,"currentOwner":{"name":"Maxlion","id":282389},"time":"2021-08-09T06:33:55+0000","type":"takeover","longitude":20.311833},{"zone":{"previousOwner":{"name":"Busann","id":170486},"dateCreated":"2016-08-05T04:00:00+0000","dateLastTaken":"2021-08-09T06:33:51+0000","latitude":58.188943,"currentOwner":{"name":"JanBanan13","id":200698},"name":"Fyrfjärden","id":80280,"totalTakeovers":315,"region":{"country":"se","name":"Östergötland","id":139},"pointsPerHour":2,"longitude":16.835202,"takeoverPoints":170},"latitude":58.188943,"currentOwner":{"name":"JanBanan13","id":200698},"time":"2021-08-09T06:33:51+0000","type":"takeover","longitude":16.835202},{"zone":{"previousOwner":{"name":"emcaen","id":143183},"dateCreated":"2013-07-16T18:53:48+0000","dateLastTaken":"2021-08-09T06:33:49+0000","latitude":59.79348,"currentOwner":{"name":"schnappikroko","id":105075},"name":"MoraStenRast","id":20828,"totalTakeovers":4661,"region":{"country":"se","name":"Uppsala","id":142},"pointsPerHour":6,"longitude":17.775278,"takeoverPoints":110},"latitude":59.79348,"currentOwner":{"name":"schnappikroko","id":105075},"time":"2021-08-09T06:33:49+0000","type":"takeover","longitude":17.775278},{"zone":{"previousOwner":{"name":"Kullagard","id":27596},"dateLastTaken":"2021-08-09T06:33:48+0000","latitude":56.843017,"totalTakeovers":166,"pointsPerHour":3,"takeoverPoints":155,"dateCreated":"2020-10-24T22:49:13+0000","currentOwner":{"name":"TheBigBopper","id":51999},"name":"Kronobro","id":348154,"region":{"country":"se","name":"Kronoberg","id":147},"longitude":13.955919},"latitude":56.843017,"currentOwner":{"name":"TheBigBopper","id":51999},"time":"2021-08-09T06:33:48+0000","type":"takeover","longitude":13.955919},{"zone":{"previousOwner":{"name":"HappyF","id":23836},"dateCreated":"2016-08-05T04:00:00+0000","dateLastTaken":"2021-08-09T06:33:48+0000","latitude":57.794892,"currentOwner":{"name":"Sockermannen","id":62112},"name":"Trippelstek","id":80191,"totalTakeovers":276,"region":{"country":"se","name":"Västra Götaland","id":132},"pointsPerHour":1,"longitude":12.017099,"takeoverPoints":185},"latitude":57.794892,"currentOwner":{"name":"Sockermannen","id":62112},"time":"2021-08-09T06:33:48+0000","type":"takeover","longitude":12.017099},{"zone":{"previousOwner":{"name":"tobbej3","id":78081},"dateLastTaken":"2021-08-09T06:33:45+0000","latitude":59.127027,"totalTakeovers":17443,"pointsPerHour":7,"takeoverPoints":95,"dateCreated":"2011-12-24T10:58:24+0000","currentOwner":{"name":"scoutTurfer","id":44543},"name":"KumlaRail","id":5315,"region":{"country":"se","name":"Örebro","id":131},"longitude":15.140368},"latitude":59.127027,"currentOwner":{"name":"scoutTurfer","id":44543},"time":"2021-08-09T06:33:45+0000","type":"takeover","longitude":15.140368},{"zone":{"previousOwner":{"name":"FlygarAlex","id":256903},"dateCreated":"2012-03-28T10:03:00+0000","dateLastTaken":"2021-08-09T06:33:44+0000","latitude":59.275684,"currentOwner":{"name":"Zudo","id":133664},"name":"OurHillT","id":7545,"totalTakeovers":3729,"region":{"country":"se","name":"Stockholm","id":141},"pointsPerHour":3,"longitude":17.889902,"takeoverPoints":155},"latitude":59.275684,"currentOwner":{"name":"Zudo","id":133664},"time":"2021-08-09T06:33:44+0000","type":"takeover","longitude":17.889902},{"zone":{"previousOwner":{"name":"ade_sSROC","id":304412},"dateLastTaken":"2021-08-09T06:33:44+0000","latitude":54.068401,"totalTakeovers":315,"pointsPerHour":3,"takeoverPoints":155,"dateCreated":"2020-10-10T18:48:31+0000","currentOwner":{"name":"banhowlSROC","id":305666},"name":"LuneAqueduct","id":344234,"region":{"country":"gb","name":"North West England","id":201},"longitude":-2.789357},"latitude":54.068401,"currentOwner":{"name":"banhowlSROC","id":305666},"time":"2021-08-09T06:33:44+0000","type":"takeover","longitude":-2.789357},{"zone":{"dateCreated":"2021-01-14T07:00:00+0000","dateLastTaken":"2021-08-09T06:33:43+0000","latitude":52.992103,"currentOwner":{"name":"Str1der","id":298407},"name":"TrainViewZone","id":365649,"totalTakeovers":45,"region":{"country":"gb","name":"West Midlands","id":208},"pointsPerHour":1,"longitude":-2.151564,"takeoverPoints":185},"latitude":52.992103,"currentOwner":{"name":"Str1der","id":298407},"time":"2021-08-09T06:33:43+0000","type":"takeover","longitude":-2.151564},{"zone":{"previousOwner":{"name":"turf2021","id":303233},"dateCreated":"2018-05-18T17:35:16+0000","dateLastTaken":"2021-08-09T06:33:40+0000","latitude":59.515599,"currentOwner":{"name":"Baradbell","id":74846},"name":"TidöLindö","id":150651,"totalTakeovers":5101,"region":{"country":"se","name":"Västmanland","id":143},"pointsPerHour":5,"longitude":16.529672,"takeoverPoints":125},"latitude":59.515599,"currentOwner":{"name":"Baradbell","id":74846},"time":"2021-08-09T06:33:40+0000","type":"takeover","longitude":16.529672},{"zone":{"previousOwner":{"name":"MrCoolWat.","id":227290},"dateCreated":"2014-08-15T20:35:29+0000","dateLastTaken":"2021-08-09T06:33:35+0000","latitude":60.2113,"currentOwner":{"name":"Muminpappans","id":199952},"name":"ÄmnäsBussen","id":33616,"totalTakeovers":2495,"region":{"country":"fi","name":"Åland","id":177},"pointsPerHour":4,"longitude":19.973423,"takeoverPoints":140},"latitude":60.2113,"currentOwner":{"name":"Muminpappans","id":199952},"time":"2021-08-09T06:33:35+0000","type":"takeover","longitude":19.973423},{"zone":{"previousOwner":{"name":"Labbås-Kajsa","id":146582},"dateCreated":"2017-05-01T19:49:50+0000","dateLastTaken":"2021-08-09T06:33:34+0000","latitude":58.186521,"currentOwner":{"name":"Labbås-Kajsa","id":146582},"name":"SistaKvarten","id":102529,"totalTakeovers":519,"region":{"country":"se","name":"Västra Götaland","id":132},"pointsPerHour":1,"longitude":13.969072,"takeoverPoints":185},"latitude":58.186521,"currentOwner":{"name":"Labbås-Kajsa","id":146582},"time":"2021-08-09T06:33:34+0000","type":"takeover","longitude":13.969072},{"zone":{"previousOwner":{"name":"olds425","id":317608},"dateCreated":"2012-12-24T11:00:00+0000","dateLastTaken":"2021-08-09T06:33:34+0000","latitude":59.609643,"currentOwner":{"name":"sokerpullan","id":209813},"name":"SörkvarnZluss","id":12366,"totalTakeovers":3056,"region":{"country":"se","name":"Västmanland","id":143},"pointsPerHour":5,"longitude":16.221673,"takeoverPoints":125},"latitude":59.609643,"currentOwner":{"name":"sokerpullan","id":209813},"time":"2021-08-09T06:33:34+0000","type":"takeover","longitude":16.221673},{"zone":{"previousOwner":{"name":"Dunc62","id":310260},"dateLastTaken":"2021-08-09T06:33:33+0000","latitude":51.909757,"totalTakeovers":131,"pointsPerHour":1,"takeoverPoints":185,"dateCreated":"2021-01-06T15:20:45+0000","currentOwner":{"name":"Dunc62","id":310260},"name":"CheltenBridge","id":362148,"region":{"country":"gb","name":"South West England","id":197},"longitude":-2.072162},"latitude":51.909757,"currentOwner":{"name":"Dunc62","id":310260},"time":"2021-08-09T06:33:33+0000","type":"takeover","longitude":-2.072162},{"zone":{"previousOwner":{"name":"67milla","id":73107},"dateCreated":"2016-03-23T21:00:00+0000","dateLastTaken":"2021-08-09T06:33:33+0000","latitude":63.822403,"currentOwner":{"name":"vonsan","id":230499},"name":"Umeå500","id":64697,"totalTakeovers":21180,"region":{"country":"se","name":"Västerbotten","id":127},"pointsPerHour":9,"longitude":20.28544,"takeoverPoints":65},"latitude":63.822403,"currentOwner":{"name":"vonsan","id":230499},"time":"2021-08-09T06:33:33+0000","type":"takeover","longitude":20.28544},{"zone":{"previousOwner":{"name":"stassa83","id":166344},"dateCreated":"2017-12-24T11:00:00+0000","dateLastTaken":"2021-08-09T06:33:31+0000","latitude":59.37982,"currentOwner":{"name":"BambamGranit","id":94232},"name":"Enbärsriddarn","id":139068,"totalTakeovers":5409,"region":{"country":"se","name":"Stockholm","id":141},"pointsPerHour":5,"longitude":17.804023,"takeoverPoints":125},"latitude":59.37982,"currentOwner":{"name":"BambamGranit","id":94232},"time":"2021-08-09T06:33:31+0000","type":"takeover","longitude":17.804023},{"zone":{"previousOwner":{"name":"Ikafika","id":336601},"dateLastTaken":"2021-08-09T06:33:28+0000","latitude":57.421892,"totalTakeovers":101,"pointsPerHour":2,"takeoverPoints":170,"dateCreated":"2018-04-18T11:58:45+0000","currentOwner":{"name":"Berta68","id":117444},"name":"ÖstergarnKa","id":144229,"region":{"country":"se","name":"Gotland","id":138},"longitude":18.858409},"latitude":57.421892,"currentOwner":{"name":"Berta68","id":117444},"time":"2021-08-09T06:33:28+0000","type":"takeover","longitude":18.858409},{"zone":{"previousOwner":{"name":"CardiffGreenC","id":302121},"dateCreated":"2020-09-13T09:00:00+0000","dateLastTaken":"2021-08-09T06:33:26+0000","latitude":55.980294,"currentOwner":{"name":"Jarvmobile","id":300988},"name":"LintonView","id":328177,"totalTakeovers":222,"region":{"country":"gb","name":"Scotland","id":200},"pointsPerHour":2,"longitude":-2.658618,"takeoverPoints":170},"latitude":55.980294,"currentOwner":{"name":"Jarvmobile","id":300988},"time":"2021-08-09T06:33:26+0000","type":"takeover","longitude":-2.658618},{"zone":{"previousOwner":{"name":"erpen","id":155024},"dateCreated":"2011-09-08T00:00:00+0000","dateLastTaken":"2021-08-09T06:33:26+0000","latitude":63.804506,"currentOwner":{"name":"Stövaren","id":252995},"name":"BlueRoad","id":3167,"totalTakeovers":14718,"region":{"country":"se","name":"Västerbotten","id":127},"pointsPerHour":8,"longitude":20.297888,"takeoverPoints":80},"latitude":63.804506,"currentOwner":{"name":"Stövaren","id":252995},"time":"2021-08-09T06:33:26+0000","type":"takeover","longitude":20.297888},{"zone":{"previousOwner":{"name":"linan","id":9054},"dateCreated":"2016-12-28T06:00:00+0000","dateLastTaken":"2021-08-09T06:33:26+0000","latitude":59.25523,"currentOwner":{"name":"Heureka","id":89635},"name":"SaltadSirap","id":91699,"totalTakeovers":4821,"region":{"country":"se","name":"Stockholm","id":141},"pointsPerHour":5,"longitude":18.084586,"takeoverPoints":125},"latitude":59.25523,"currentOwner":{"name":"Heureka","id":89635},"time":"2021-08-09T06:33:26+0000","type":"takeover","longitude":18.084586},{"zone":{"previousOwner":{"name":"Katimati","id":278916},"dateCreated":"2015-02-13T13:31:00+0000","dateLastTaken":"2021-08-09T06:33:25+0000","latitude":59.446851,"currentOwner":{"name":"Katimati","id":278916},"name":"Linnahall","id":44687,"totalTakeovers":166,"region":{"name":"Estonia","id":218},"pointsPerHour":1,"longitude":24.753608,"takeoverPoints":185},"latitude":59.446851,"currentOwner":{"name":"Katimati","id":278916},"time":"2021-08-09T06:33:25+0000","type":"takeover","longitude":24.753608},{"zone":{"previousOwner":{"name":"MadMajk","id":18954},"dateCreated":"2011-05-02T12:31:52+0000","dateLastTaken":"2021-08-09T06:33:24+0000","latitude":57.778314,"currentOwner":{"name":"Questular","id":54220},"name":"RockPark","id":1656,"totalTakeovers":10549,"region":{"country":"se","name":"Jönköping","id":133},"pointsPerHour":5,"longitude":14.190207,"takeoverPoints":125},"latitude":57.778314,"currentOwner":{"name":"Questular","id":54220},"time":"2021-08-09T06:33:24+0000","type":"takeover","longitude":14.190207},{"zone":{"previousOwner":{"name":"Duckbanana","id":212018},"dateCreated":"2014-05-06T15:30:00+0000","dateLastTaken":"2021-08-09T06:33:21+0000","latitude":59.863451,"currentOwner":{"name":"tilverturf","id":166033},"name":"ÖsterplanII","id":28892,"totalTakeovers":22266,"region":{"country":"se","name":"Uppsala","id":142},"pointsPerHour":9,"longitude":17.638676,"takeoverPoints":65},"latitude":59.863451,"currentOwner":{"name":"tilverturf","id":166033},"time":"2021-08-09T06:33:21+0000","type":"takeover","longitude":17.638676},{"zone":{"previousOwner":{"name":"apeson64","id":124644},"dateLastTaken":"2021-08-09T06:33:21+0000","latitude":56.878897,"totalTakeovers":7875,"pointsPerHour":7,"takeoverPoints":95,"dateCreated":"2015-09-15T22:33:05+0000","currentOwner":{"name":"Madutt","id":139330},"name":"Xaldinfontän","id":57726,"region":{"country":"se","name":"Kronoberg","id":147},"longitude":14.803052},"latitude":56.878897,"currentOwner":{"name":"Madutt","id":139330},"time":"2021-08-09T06:33:21+0000","type":"takeover","longitude":14.803052},{"zone":{"previousOwner":{"name":"Niksod","id":69382},"dateCreated":"2012-01-09T03:00:51+0000","dateLastTaken":"2021-08-09T06:33:14+0000","latitude":59.624372,"currentOwner":{"name":"Jordgloben","id":241982},"name":"Bagelzon","id":5581,"totalTakeovers":17172,"region":{"country":"se","name":"Västmanland","id":143},"pointsPerHour":8,"longitude":16.566939,"takeoverPoints":80},"latitude":59.624372,"currentOwner":{"name":"Jordgloben","id":241982},"time":"2021-08-09T06:33:14+0000","type":"takeover","longitude":16.566939},{"zone":{"previousOwner":{"name":"19Ovechkin","id":175121},"dateCreated":"2012-05-01T15:38:32+0000","dateLastTaken":"2021-08-09T06:33:13+0000","latitude":57.772744,"currentOwner":{"name":"Volvon","id":319164},"name":"StreamHill","id":8447,"totalTakeovers":1575,"region":{"country":"se","name":"Jönköping","id":133},"pointsPerHour":3,"longitude":14.306585,"takeoverPoints":155},"latitude":57.772744,"currentOwner":{"name":"Volvon","id":319164},"time":"2021-08-09T06:33:13+0000","type":"takeover","longitude":14.306585},{"zone":{"previousOwner":{"name":"sigge19","id":253001},"dateCreated":"2014-06-30T08:07:19+0000","dateLastTaken":"2021-08-09T06:33:10+0000","latitude":56.193616,"currentOwner":{"name":"Jkongo","id":277981},"name":"SunnaZone","id":32012,"totalTakeovers":1483,"region":{"country":"se","name":"Blekinge","id":136},"pointsPerHour":2,"longitude":15.611822,"takeoverPoints":170},"latitude":56.193616,"currentOwner":{"name":"Jkongo","id":277981},"time":"2021-08-09T06:33:10+0000","type":"takeover","longitude":15.611822},{"zone":{"previousOwner":{"name":"hemligaklubben","id":160296},"dateCreated":"2012-03-26T10:37:17+0000","dateLastTaken":"2021-08-09T06:33:08+0000","latitude":57.773675,"currentOwner":{"name":"Wahlhajen","id":303806},"name":"LerumHigh","id":7404,"totalTakeovers":3577,"region":{"country":"se","name":"Västra Götaland","id":132},"pointsPerHour":2,"longitude":12.275193,"takeoverPoints":170},"latitude":57.773675,"currentOwner":{"name":"Wahlhajen","id":303806},"time":"2021-08-09T06:33:08+0000","type":"takeover","longitude":12.275193},{"zone":{"previousOwner":{"name":"new.horizons","id":308748},"dateCreated":"2013-06-15T08:00:00+0000","dateLastTaken":"2021-08-09T06:33:03+0000","latitude":50.434626,"currentOwner":{"name":"SteveTQ2","id":303078},"name":"PaigntonZone","id":17495,"totalTakeovers":117,"region":{"country":"gb","name":"South West England","id":197},"pointsPerHour":1,"longitude":-3.560516,"takeoverPoints":185},"latitude":50.434626,"currentOwner":{"name":"SteveTQ2","id":303078},"time":"2021-08-09T06:33:03+0000","type":"takeover","longitude":-3.560516},{"zone":{"previousOwner":{"name":"SparseRunner","id":310547},"dateCreated":"2020-11-11T18:42:09+0000","dateLastTaken":"2021-08-09T06:33:02+0000","latitude":55.832559,"currentOwner":{"name":"Hodge","id":282118},"name":"CarlMichael","id":350629,"totalTakeovers":455,"region":{"country":"gb","name":"Scotland","id":200},"pointsPerHour":3,"longitude":-3.230993,"takeoverPoints":155},"latitude":55.832559,"currentOwner":{"name":"Hodge","id":282118},"time":"2021-08-09T06:33:02+0000","type":"takeover","longitude":-3.230993},{"zone":{"previousOwner":{"name":"snickaren","id":56625},"dateCreated":"2013-06-08T14:13:58+0000","dateLastTaken":"2021-08-09T06:33:02+0000","latitude":60.274145,"currentOwner":{"name":"CKAI","id":266592},"name":"Kasthörnan","id":19347,"totalTakeovers":3293,"region":{"country":"se","name":"Dalarna","id":129},"pointsPerHour":3,"longitude":15.992275,"takeoverPoints":155},"latitude":60.274145,"currentOwner":{"name":"CKAI","id":266592},"time":"2021-08-09T06:33:02+0000","type":"takeover","longitude":15.992275},{"zone":{"previousOwner":{"name":"MadMajk","id":18954},"dateCreated":"2012-04-11T20:21:33+0000","dateLastTaken":"2021-08-09T06:33:01+0000","latitude":57.770662,"currentOwner":{"name":"JPG","id":35626},"name":"AtBigGun","id":8070,"totalTakeovers":6935,"region":{"country":"se","name":"Jönköping","id":133},"pointsPerHour":6,"longitude":14.203038,"takeoverPoints":110},"latitude":57.770662,"currentOwner":{"name":"JPG","id":35626},"time":"2021-08-09T06:33:01+0000","type":"takeover","longitude":14.203038},{"zone":{"previousOwner":{"name":"Boinkaboinka","id":133017},"dateLastTaken":"2021-08-09T06:33:00+0000","latitude":59.856757,"totalTakeovers":35232,"pointsPerHour":9,"takeoverPoints":65,"dateCreated":"2011-11-05T17:19:41+0000","currentOwner":{"name":"Munin","id":62408},"name":"FlowerBro","id":4557,"region":{"country":"se","name":"Uppsala","id":142},"longitude":17.639423},"latitude":59.856757,"currentOwner":{"name":"Munin","id":62408},"time":"2021-08-09T06:33:00+0000","type":"takeover","longitude":17.639423},{"zone":{"previousOwner":{"name":"SUPERIOЯ","id":122085},"dateCreated":"2016-06-09T04:00:00+0000","dateLastTaken":"2021-08-09T06:32:58+0000","latitude":59.486516,"currentOwner":{"name":"Sucuriju","id":334898},"name":"Autobahn","id":78462,"totalTakeovers":2556,"region":{"country":"se","name":"Stockholm","id":141},"pointsPerHour":5,"longitude":17.741411,"takeoverPoints":125},"latitude":59.486516,"currentOwner":{"name":"Sucuriju","id":334898},"time":"2021-08-09T06:32:58+0000","type":"takeover","longitude":17.741411},{"zone":{"previousOwner":{"name":"J-T","id":50683},"dateCreated":"2011-12-31T23:00:00+0000","dateLastTaken":"2021-08-09T06:32:56+0000","latitude":59.628553,"currentOwner":{"name":"DogandHellen","id":67726},"name":"RocklundaZone","id":5449,"totalTakeovers":15476,"region":{"country":"se","name":"Västmanland","id":143},"pointsPerHour":8,"longitude":16.532759,"takeoverPoints":80},"latitude":59.628553,"currentOwner":{"name":"DogandHellen","id":67726},"time":"2021-08-09T06:32:56+0000","type":"takeover","longitude":16.532759},{"zone":{"previousOwner":{"name":"TheCute0ne","id":138887},"dateCreated":"2013-02-10T00:00:00+0000","dateLastTaken":"2021-08-09T06:32:53+0000","latitude":62.405373,"currentOwner":{"name":"Bozze666","id":265053},"name":"HospitalTrack","id":14915,"totalTakeovers":2038,"region":{"country":"se","name":"Västernorrland","id":145},"pointsPerHour":2,"longitude":17.314503,"takeoverPoints":170},"latitude":62.405373,"currentOwner":{"name":"Bozze666","id":265053},"time":"2021-08-09T06:32:53+0000","type":"takeover","longitude":17.314503},{"zone":{"previousOwner":{"name":"FlitigaTobbe","id":48872},"dateCreated":"2014-11-02T17:00:00+0000","dateLastTaken":"2021-08-09T06:32:50+0000","latitude":59.658673,"currentOwner":{"name":"NonneNoel08","id":276255},"name":"Mastigt","id":41749,"totalTakeovers":3984,"region":{"country":"se","name":"Västmanland","id":143},"pointsPerHour":5,"longitude":16.541779,"takeoverPoints":125},"latitude":59.658673,"currentOwner":{"name":"NonneNoel08","id":276255},"time":"2021-08-09T06:32:50+0000","type":"takeover","longitude":16.541779},{"zone":{"previousOwner":{"name":"cambla","id":302813},"dateCreated":"2021-06-30T10:54:55+0000","dateLastTaken":"2021-08-09T06:32:49+0000","latitude":57.201141,"currentOwner":{"name":"ktmcnl","id":336566},"name":"SpeyCraigWay","id":429064,"totalTakeovers":32,"region":{"country":"gb","name":"Scotland","id":200},"pointsPerHour":3,"longitude":-3.82742,"takeoverPoints":155},"latitude":57.201141,"currentOwner":{"name":"ktmcnl","id":336566},"time":"2021-08-09T06:32:49+0000","type":"takeover","longitude":-3.82742},{"zone":{"previousOwner":{"name":"DocterD","id":124758},"dateLastTaken":"2021-08-09T06:32:48+0000","latitude":57.743079,"totalTakeovers":4690,"pointsPerHour":5,"takeoverPoints":125,"dateCreated":"2014-04-17T22:06:31+0000","currentOwner":{"name":"andma313","id":137018},"name":"Läckesbacken","id":28396,"region":{"country":"se","name":"Västra Götaland","id":132},"longitude":11.924602},"latitude":57.743079,"currentOwner":{"name":"andma313","id":137018},"time":"2021-08-09T06:32:48+0000","type":"takeover","longitude":11.924602},{"zone":{"previousOwner":{"name":"Rogerthat999","id":121072},"dateCreated":"2019-02-26T19:38:26+0000","dateLastTaken":"2021-08-09T06:32:45+0000","latitude":60.18549,"currentOwner":{"name":"Dnalnif","id":124766},"name":"TapiolaAsukas","id":179477,"totalTakeovers":127,"region":{"country":"fi","name":"Etelä-Suomi","id":185},"pointsPerHour":1,"longitude":24.798421,"takeoverPoints":185},"latitude":60.18549,"currentOwner":{"name":"Dnalnif","id":124766},"time":"2021-08-09T06:32:45+0000","type":"takeover","longitude":24.798421},{"zone":{"previousOwner":{"name":"Munin","id":62408},"dateCreated":"2014-09-25T16:00:00+0000","dateLastTaken":"2021-08-09T06:32:45+0000","latitude":59.847618,"currentOwner":{"name":"Oxid","id":200662},"name":"Kingsbed","id":37128,"totalTakeovers":10097,"region":{"country":"se","name":"Uppsala","id":142},"pointsPerHour":7,"longitude":17.654758,"takeoverPoints":95},"latitude":59.847618,"currentOwner":{"name":"Oxid","id":200662},"time":"2021-08-09T06:32:45+0000","type":"takeover","longitude":17.654758},{"zone":{"previousOwner":{"name":"Kullagard","id":27596},"dateCreated":"2018-05-28T20:49:22+0000","dateLastTaken":"2021-08-09T06:32:42+0000","latitude":56.84352,"currentOwner":{"name":"TheBigBopper","id":51999},"name":"Kronogym","id":152090,"totalTakeovers":855,"region":{"country":"se","name":"Kronoberg","id":147},"pointsPerHour":2,"longitude":13.951999,"takeoverPoints":170},"latitude":56.84352,"currentOwner":{"name":"TheBigBopper","id":51999},"time":"2021-08-09T06:32:42+0000","type":"takeover","longitude":13.951999},{"zone":{"previousOwner":{"name":"CRUSAIDER","id":168025},"dateCreated":"2020-03-01T11:07:28+0000","dateLastTaken":"2021-08-09T06:32:40+0000","latitude":59.641905,"currentOwner":{"name":"anthi","id":285613},"name":"PolZone","id":228120,"totalTakeovers":2871,"region":{"country":"se","name":"Västmanland","id":143},"pointsPerHour":8,"longitude":16.585557,"takeoverPoints":80},"latitude":59.641905,"currentOwner":{"name":"anthi","id":285613},"time":"2021-08-09T06:32:40+0000","type":"takeover","longitude":16.585557},{"zone":{"previousOwner":{"name":"Gammelsmurf","id":44307},"dateCreated":"2015-06-08T06:00:00+0000","dateLastTaken":"2021-08-09T06:32:39+0000","latitude":57.736612,"currentOwner":{"name":"Espingen","id":166882},"name":"LysingsGolf","id":54289,"totalTakeovers":2589,"region":{"country":"se","name":"Kalmar","id":137},"pointsPerHour":4,"longitude":16.661162,"takeoverPoints":140},"latitude":57.736612,"currentOwner":{"name":"Espingen","id":166882},"time":"2021-08-09T06:32:39+0000","type":"takeover","longitude":16.661162},{"zone":{"previousOwner":{"name":"Hallon16","id":174632},"dateCreated":"2016-09-01T09:21:10+0000","dateLastTaken":"2021-08-09T06:32:34+0000","latitude":57.669064,"currentOwner":{"name":"Sol2012","id":222227},"name":"Skolrådet","id":82384,"totalTakeovers":2598,"region":{"country":"se","name":"Kalmar","id":137},"pointsPerHour":2,"longitude":15.864231,"takeoverPoints":170},"latitude":57.669064,"currentOwner":{"name":"Sol2012","id":222227},"time":"2021-08-09T06:32:34+0000","type":"takeover","longitude":15.864231},{"zone":{"previousOwner":{"name":"Muleio","id":315697},"dateCreated":"2021-03-14T19:48:50+0000","dateLastTaken":"2021-08-09T06:32:30+0000","latitude":52.682107,"currentOwner":{"name":"Cptshazbat","id":315387},"name":"KickMe","id":392924,"totalTakeovers":132,"region":{"country":"gb","name":"East of England","id":204},"pointsPerHour":1,"longitude":0.956665,"takeoverPoints":185},"latitude":52.682107,"currentOwner":{"name":"Cptshazbat","id":315387},"time":"2021-08-09T06:32:30+0000","type":"takeover","longitude":0.956665},{"zone":{"previousOwner":{"name":"Miknor","id":278187},"dateLastTaken":"2021-08-09T06:32:29+0000","latitude":57.262304,"totalTakeovers":3988,"pointsPerHour":6,"takeoverPoints":110,"dateCreated":"2017-11-13T10:04:43+0000","currentOwner":{"name":"dabbo","id":166306},"name":"OskarStation","id":137536,"region":{"country":"se","name":"Kalmar","id":137},"longitude":16.458155},"latitude":57.262304,"currentOwner":{"name":"dabbo","id":166306},"time":"2021-08-09T06:32:29+0000","type":"takeover","longitude":16.458155},{"zone":{"previousOwner":{"name":"Sucuriju","id":334898},"dateCreated":"2014-10-13T14:00:00+0000","dateLastTaken":"2021-08-09T06:32:28+0000","latitude":59.454072,"currentOwner":{"name":"Vilse!","id":200010},"name":"RealColdhell","id":37567,"totalTakeovers":9874,"region":{"country":"se","name":"Stockholm","id":141},"pointsPerHour":7,"longitude":17.806715,"takeoverPoints":95},"latitude":59.454072,"currentOwner":{"name":"Vilse!","id":200010},"time":"2021-08-09T06:32:28+0000","type":"takeover","longitude":17.806715},{"zone":{"previousOwner":{"name":"ade_sSROC","id":304412},"dateCreated":"2021-03-14T11:55:48+0000","dateLastTaken":"2021-08-09T06:32:25+0000","latitude":54.066556,"currentOwner":{"name":"banhowlSROC","id":305666},"name":"OhMyBoat","id":392803,"totalTakeovers":210,"region":{"country":"gb","name":"North West England","id":201},"pointsPerHour":3,"longitude":-2.785571,"takeoverPoints":155},"latitude":54.066556,"currentOwner":{"name":"banhowlSROC","id":305666},"time":"2021-08-09T06:32:25+0000","type":"takeover","longitude":-2.785571},{"zone":{"dateCreated":"2021-01-14T07:00:00+0000","dateLastTaken":"2021-08-09T06:32:19+0000","latitude":52.991597,"currentOwner":{"name":"Str1der","id":298407},"name":"TrainCrossing","id":365650,"totalTakeovers":45,"region":{"country":"gb","name":"West Midlands","id":208},"pointsPerHour":1,"longitude":-2.146931,"takeoverPoints":185},"latitude":52.991597,"currentOwner":{"name":"Str1der","id":298407},"time":"2021-08-09T06:32:19+0000","type":"takeover","longitude":-2.146931},{"zone":{"previousOwner":{"name":"Duckbanana","id":212018},"dateCreated":"2012-03-21T08:47:54+0000","dateLastTaken":"2021-08-09T06:32:14+0000","latitude":59.861915,"currentOwner":{"name":"tilverturf","id":166033},"name":"Österplan","id":7246,"totalTakeovers":30232,"region":{"country":"se","name":"Uppsala","id":142},"pointsPerHour":9,"longitude":17.641397,"takeoverPoints":65},"latitude":59.861915,"currentOwner":{"name":"tilverturf","id":166033},"time":"2021-08-09T06:32:14+0000","type":"takeover","longitude":17.641397},{"zone":{"previousOwner":{"name":"Hundpromenad","id":179276},"dateCreated":"2013-12-24T11:00:30+0000","dateLastTaken":"2021-08-09T06:32:13+0000","latitude":59.199628,"currentOwner":{"name":"Ansoteri","id":35803},"name":"Bergsstig","id":24258,"totalTakeovers":1455,"region":{"country":"se","name":"Stockholm","id":141},"pointsPerHour":3,"longitude":17.758141,"takeoverPoints":155},"latitude":59.199628,"currentOwner":{"name":"Ansoteri","id":35803},"time":"2021-08-09T06:32:13+0000","type":"takeover","longitude":17.758141},{"zone":{"previousOwner":{"name":"-BANAN-","id":34078},"dateCreated":"2019-09-05T10:30:00+0000","dateLastTaken":"2021-08-09T06:32:13+0000","latitude":56.287151,"currentOwner":{"name":"MVDP","id":328157},"name":"Håkull","id":204513,"totalTakeovers":71,"region":{"country":"se","name":"Skåne","id":135},"pointsPerHour":1,"longitude":12.526569,"takeoverPoints":185},"latitude":56.287151,"currentOwner":{"name":"MVDP","id":328157},"time":"2021-08-09T06:32:13+0000","type":"takeover","longitude":12.526569},{"zone":{"previousOwner":{"name":"Liza46","id":105797},"dateCreated":"2012-11-17T21:30:21+0000","dateLastTaken":"2021-08-09T06:32:11+0000","latitude":57.659096,"currentOwner":{"name":"Gravedigger","id":242401},"name":"NoseTennis","id":11970,"totalTakeovers":2815,"region":{"country":"se","name":"Jönköping","id":133},"pointsPerHour":2,"longitude":14.701856,"takeoverPoints":170},"latitude":57.659096,"currentOwner":{"name":"Gravedigger","id":242401},"time":"2021-08-09T06:32:11+0000","type":"takeover","longitude":14.701856},{"zone":{"previousOwner":{"name":"Allwar","id":213605},"dateCreated":"2017-12-24T11:00:00+0000","dateLastTaken":"2021-08-09T06:32:11+0000","latitude":60.155451,"currentOwner":{"name":"Kanonerokrut","id":165801},"name":"Högbostigen","id":138642,"totalTakeovers":2603,"region":{"country":"se","name":"Dalarna","id":129},"pointsPerHour":4,"longitude":16.17919,"takeoverPoints":140},"latitude":60.155451,"currentOwner":{"name":"Kanonerokrut","id":165801},"time":"2021-08-09T06:32:11+0000","type":"takeover","longitude":16.17919},{"zone":{"previousOwner":{"name":"Kimber","id":294087},"dateCreated":"2016-05-17T10:00:00+0000","dateLastTaken":"2021-08-09T06:32:02+0000","latitude":63.468298,"currentOwner":{"name":"mrGisle","id":24122},"name":"Rådhuset","id":63055,"totalTakeovers":28,"region":{"country":"no","name":"Trøndelag","id":182},"pointsPerHour":1,"longitude":10.918896,"takeoverPoints":185},"latitude":63.468298,"currentOwner":{"name":"mrGisle","id":24122},"time":"2021-08-09T06:32:02+0000","type":"takeover","longitude":10.918896},{"zone":{"previousOwner":{"name":"frowdrik","id":117064},"dateCreated":"2010-07-17T00:00:00+0000","dateLastTaken":"2021-08-09T06:32:01+0000","latitude":59.336074,"currentOwner":{"name":"Buzd","id":317315},"name":"Östermalmtorg","id":242,"totalTakeovers":15890,"region":{"country":"se","name":"Stockholm","id":141},"pointsPerHour":8,"longitude":18.078848,"takeoverPoints":80},"latitude":59.336074,"currentOwner":{"name":"Buzd","id":317315},"time":"2021-08-09T06:32:01+0000","type":"takeover","longitude":18.078848},{"zone":{"previousOwner":{"name":"Turferian","id":33782},"dateLastTaken":"2021-08-09T06:32:01+0000","latitude":59.379372,"totalTakeovers":2283,"pointsPerHour":5,"takeoverPoints":125,"dateCreated":"2013-03-15T20:00:00+0000","currentOwner":{"name":"NitaG","id":313528},"name":"Tosteröbron","id":15860,"region":{"country":"se","name":"Södermanland","id":140},"longitude":17.038676},"latitude":59.379372,"currentOwner":{"name":"NitaG","id":313528},"time":"2021-08-09T06:32:01+0000","type":"takeover","longitude":17.038676},{"zone":{"previousOwner":{"name":"Arbor","id":47203},"dateCreated":"2012-04-12T22:54:08+0000","dateLastTaken":"2021-08-09T06:31:57+0000","latitude":58.610319,"currentOwner":{"name":"TeamThePack","id":336153},"name":"PampusStreet","id":8160,"totalTakeovers":1481,"region":{"country":"se","name":"Östergötland","id":139},"pointsPerHour":3,"longitude":16.256302,"takeoverPoints":155},"latitude":58.610319,"currentOwner":{"name":"TeamThePack","id":336153},"time":"2021-08-09T06:31:57+0000","type":"takeover","longitude":16.256302},{"zone":{"previousOwner":{"name":"sigge19","id":253001},"dateCreated":"2019-11-02T09:30:58+0000","dateLastTaken":"2021-08-09T06:31:53+0000","latitude":56.191373,"currentOwner":{"name":"Jkongo","id":277981},"name":"LindesnäsUdde","id":222088,"totalTakeovers":90,"region":{"country":"se","name":"Blekinge","id":136},"pointsPerHour":1,"longitude":15.609369,"takeoverPoints":185},"latitude":56.191373,"currentOwner":{"name":"Jkongo","id":277981},"time":"2021-08-09T06:31:53+0000","type":"takeover","longitude":15.609369},{"zone":{"previousOwner":{"name":"apeson64","id":124644},"dateCreated":"2014-05-31T21:00:00+0000","dateLastTaken":"2021-08-09T06:31:51+0000","latitude":56.860774,"currentOwner":{"name":"zilverturf","id":305103},"name":"TripTrapTrumm","id":30783,"totalTakeovers":2988,"region":{"country":"se","name":"Kronoberg","id":147},"pointsPerHour":3,"longitude":14.823546,"takeoverPoints":155},"latitude":56.860774,"currentOwner":{"name":"zilverturf","id":305103},"time":"2021-08-09T06:31:51+0000","type":"takeover","longitude":14.823546},{"zone":{"previousOwner":{"name":"schnitzer","id":323222},"dateCreated":"2016-12-23T13:52:37+0000","dateLastTaken":"2021-08-09T06:31:50+0000","latitude":59.226522,"currentOwner":{"name":"well","id":52515},"name":"Musseplätten","id":84880,"totalTakeovers":2848,"region":{"country":"se","name":"Stockholm","id":141},"pointsPerHour":3,"longitude":18.252495,"takeoverPoints":155},"latitude":59.226522,"currentOwner":{"name":"well","id":52515},"time":"2021-08-09T06:31:50+0000","type":"takeover","longitude":18.252495},{"zone":{"previousOwner":{"name":"Jopt","id":146507},"dateCreated":"2013-10-09T22:09:50+0000","dateLastTaken":"2021-08-09T06:31:46+0000","latitude":58.911638,"currentOwner":{"name":"utomtävlan","id":141678},"name":"Oljeberget","id":22018,"totalTakeovers":1541,"region":{"country":"se","name":"Stockholm","id":141},"pointsPerHour":3,"longitude":17.959127,"takeoverPoints":155},"latitude":58.911638,"currentOwner":{"name":"utomtävlan","id":141678},"time":"2021-08-09T06:31:46+0000","type":"takeover","longitude":17.959127},{"zone":{"previousOwner":{"name":"larryz","id":24240},"dateCreated":"2010-08-04T00:00:00+0000","dateLastTaken":"2021-08-09T06:31:45+0000","latitude":59.314822,"currentOwner":{"name":"2-mas","id":130947},"name":"VanityZone","id":143,"totalTakeovers":2612,"region":{"country":"se","name":"Stockholm","id":141},"pointsPerHour":3,"longitude":18.100535,"takeoverPoints":155},"latitude":59.314822,"currentOwner":{"name":"2-mas","id":130947},"time":"2021-08-09T06:31:45+0000","type":"takeover","longitude":18.100535},{"zone":{"previousOwner":{"name":"gå-for-it","id":48607},"dateCreated":"2019-01-28T11:22:42+0000","dateLastTaken":"2021-08-09T06:31:43+0000","latitude":59.390734,"currentOwner":{"name":"Alcam","id":297726},"name":"Stjärnlära","id":179297,"totalTakeovers":1242,"region":{"country":"se","name":"Stockholm","id":141},"pointsPerHour":6,"longitude":17.834786,"takeoverPoints":110},"latitude":59.390734,"currentOwner":{"name":"Alcam","id":297726},"time":"2021-08-09T06:31:43+0000","type":"takeover","longitude":17.834786},{"zone":{"previousOwner":{"name":"Liza46","id":105797},"dateCreated":"2020-01-13T09:42:44+0000","dateLastTaken":"2021-08-09T06:31:43+0000","latitude":57.64181,"currentOwner":{"name":"Bebjö","id":49374},"name":"StinsenArena","id":225447,"totalTakeovers":440,"region":{"country":"se","name":"Jönköping","id":133},"pointsPerHour":2,"longitude":14.680933,"takeoverPoints":170},"latitude":57.64181,"currentOwner":{"name":"Bebjö","id":49374},"time":"2021-08-09T06:31:43+0000","type":"takeover","longitude":14.680933},{"zone":{"previousOwner":{"name":"snickaren","id":56625},"dateCreated":"2018-12-24T11:00:00+0000","dateLastTaken":"2021-08-09T06:31:41+0000","latitude":60.272495,"currentOwner":{"name":"CKAI","id":266592},"name":"Katrinedaaal","id":178104,"totalTakeovers":1428,"region":{"country":"se","name":"Dalarna","id":129},"pointsPerHour":3,"longitude":15.994355,"takeoverPoints":155},"latitude":60.272495,"currentOwner":{"name":"CKAI","id":266592},"time":"2021-08-09T06:31:41+0000","type":"takeover","longitude":15.994355},{"zone":{"previousOwner":{"name":"boxer350","id":281769},"dateCreated":"2013-07-01T13:22:03+0000","dateLastTaken":"2021-08-09T06:31:40+0000","latitude":57.668757,"currentOwner":{"name":"Nettanlove","id":279266},"name":"GamlaTornet","id":20507,"totalTakeovers":1427,"region":{"country":"se","name":"Jönköping","id":133},"pointsPerHour":2,"longitude":14.978667,"takeoverPoints":170},"latitude":57.668757,"currentOwner":{"name":"Nettanlove","id":279266},"time":"2021-08-09T06:31:40+0000","type":"takeover","longitude":14.978667},{"zone":{"previousOwner":{"name":"-Mighty-","id":139468},"dateCreated":"2013-12-24T11:00:00+0000","dateLastTaken":"2021-08-09T06:31:40+0000","latitude":56.728312,"currentOwner":{"name":"slow47","id":58683},"name":"BakomPlan","id":23978,"totalTakeovers":7834,"region":{"country":"se","name":"Kalmar","id":137},"pointsPerHour":5,"longitude":16.293012,"takeoverPoints":125},"latitude":56.728312,"currentOwner":{"name":"slow47","id":58683},"time":"2021-08-09T06:31:40+0000","type":"takeover","longitude":16.293012},{"zone":{"previousOwner":{"name":"Vesper","id":41403},"dateCreated":"2017-05-20T18:30:01+0000","dateLastTaken":"2021-08-09T06:31:38+0000","latitude":57.772844,"currentOwner":{"name":"TompaBoy51","id":65370},"name":"KällviksVy","id":110518,"totalTakeovers":5476,"region":{"country":"se","name":"Kalmar","id":137},"pointsPerHour":6,"longitude":16.620132,"takeoverPoints":110},"latitude":57.772844,"currentOwner":{"name":"TompaBoy51","id":65370},"time":"2021-08-09T06:31:38+0000","type":"takeover","longitude":16.620132},{"zone":{"previousOwner":{"name":"Lucke","id":61664},"dateCreated":"2011-04-13T13:37:47+0000","dateLastTaken":"2021-08-09T06:31:38+0000","latitude":59.854216,"currentOwner":{"name":"Munin","id":62408},"name":"Herbertzone","id":1608,"totalTakeovers":10695,"region":{"country":"se","name":"Uppsala","id":142},"pointsPerHour":8,"longitude":17.637073,"takeoverPoints":80},"latitude":59.854216,"currentOwner":{"name":"Munin","id":62408},"time":"2021-08-09T06:31:38+0000","type":"takeover","longitude":17.637073},{"zone":{"previousOwner":{"name":"SUPERIOЯ","id":122085},"dateCreated":"2017-10-13T05:00:00+0000","dateLastTaken":"2021-08-09T06:31:36+0000","latitude":59.488386,"currentOwner":{"name":"Sucuriju","id":334898},"name":"NaturensSöta","id":122336,"totalTakeovers":1738,"region":{"country":"se","name":"Stockholm","id":141},"pointsPerHour":5,"longitude":17.7389,"takeoverPoints":125},"latitude":59.488386,"currentOwner":{"name":"Sucuriju","id":334898},"time":"2021-08-09T06:31:36+0000","type":"takeover","longitude":17.7389},{"zone":{"previousOwner":{"name":"sus","id":19241},"dateCreated":"2014-03-16T07:00:00+0000","dateLastTaken":"2021-08-09T06:31:33+0000","latitude":56.887774,"currentOwner":{"name":"Kröpil","id":110853},"name":"PrebendeKollo","id":26870,"totalTakeovers":2309,"region":{"country":"se","name":"Kronoberg","id":147},"pointsPerHour":4,"longitude":14.825189,"takeoverPoints":140},"latitude":56.887774,"currentOwner":{"name":"Kröpil","id":110853},"time":"2021-08-09T06:31:33+0000","type":"takeover","longitude":14.825189},{"zone":{"previousOwner":{"name":"tobbej3","id":78081},"dateCreated":"2013-07-31T13:50:36+0000","dateLastTaken":"2021-08-09T06:31:32+0000","latitude":59.129431,"currentOwner":{"name":"scoutTurfer","id":44543},"name":"VästraParken","id":21088,"totalTakeovers":9822,"region":{"country":"se","name":"Örebro","id":131},"pointsPerHour":4,"longitude":15.138003,"takeoverPoints":140},"latitude":59.129431,"currentOwner":{"name":"scoutTurfer","id":44543},"time":"2021-08-09T06:31:32+0000","type":"takeover","longitude":15.138003},{"zone":{"previousOwner":{"name":"Nicklant","id":253782},"dateCreated":"2014-10-13T14:00:00+0000","dateLastTaken":"2021-08-09T06:31:31+0000","latitude":59.370935,"currentOwner":{"name":"löpare56","id":176776},"name":"Blötsjön","id":37701,"totalTakeovers":7024,"region":{"country":"se","name":"Stockholm","id":141},"pointsPerHour":7,"longitude":17.968132,"takeoverPoints":95},"latitude":59.370935,"currentOwner":{"name":"löpare56","id":176776},"time":"2021-08-09T06:31:31+0000","type":"takeover","longitude":17.968132},{"zone":{"previousOwner":{"name":"Labbås-Kajsa","id":146582},"dateCreated":"2012-05-29T12:02:01+0000","dateLastTaken":"2021-08-09T06:31:28+0000","latitude":58.185399,"currentOwner":{"name":"Labbås-Kajsa","id":146582},"name":"Tidafors","id":9346,"totalTakeovers":1041,"region":{"country":"se","name":"Västra Götaland","id":132},"pointsPerHour":1,"longitude":13.963318,"takeoverPoints":185},"latitude":58.185399,"currentOwner":{"name":"Labbås-Kajsa","id":146582},"time":"2021-08-09T06:31:28+0000","type":"takeover","longitude":13.963318},{"zone":{"previousOwner":{"name":"Lillbacka","id":92956},"dateCreated":"2020-11-21T10:00:00+0000","dateLastTaken":"2021-08-09T06:31:26+0000","latitude":60.071339,"currentOwner":{"name":"rozaliona","id":73379},"name":"Morotslotteri","id":350447,"totalTakeovers":888,"region":{"country":"fi","name":"Åland","id":177},"pointsPerHour":5,"longitude":19.957034,"takeoverPoints":125},"latitude":60.071339,"currentOwner":{"name":"rozaliona","id":73379},"time":"2021-08-09T06:31:26+0000","type":"takeover","longitude":19.957034},{"zone":{"previousOwner":{"name":"apeson64","id":124644},"dateCreated":"2010-09-30T22:00:02+0000","dateLastTaken":"2021-08-09T06:31:24+0000","latitude":56.880105,"currentOwner":{"name":"Madutt","id":139330},"name":"Westway","id":955,"totalTakeovers":10968,"region":{"country":"se","name":"Kronoberg","id":147},"pointsPerHour":7,"longitude":14.803575,"takeoverPoints":95},"latitude":56.880105,"currentOwner":{"name":"Madutt","id":139330},"time":"2021-08-09T06:31:24+0000","type":"takeover","longitude":14.803575},{"zone":{"previousOwner":{"name":"MrSnyten","id":271110},"dateCreated":"2014-12-24T12:00:00+0000","dateLastTaken":"2021-08-09T06:31:18+0000","latitude":59.626459,"currentOwner":{"name":"DogandHellen","id":67726},"name":"Sportfånen","id":43193,"totalTakeovers":11023,"region":{"country":"se","name":"Västmanland","id":143},"pointsPerHour":8,"longitude":16.52978,"takeoverPoints":80},"latitude":59.626459,"currentOwner":{"name":"DogandHellen","id":67726},"time":"2021-08-09T06:31:18+0000","type":"takeover","longitude":16.52978},{"zone":{"previousOwner":{"name":"birdbrain15","id":300303},"dateCreated":"2020-11-12T19:45:00+0000","dateLastTaken":"2021-08-09T06:31:17+0000","latitude":53.232933,"currentOwner":{"name":"McSnow","id":302931},"name":"Boundary","id":350752,"totalTakeovers":67,"region":{"country":"gb","name":"North West England","id":201},"pointsPerHour":1,"longitude":-2.6026,"takeoverPoints":185},"latitude":53.232933,"currentOwner":{"name":"McSnow","id":302931},"time":"2021-08-09T06:31:17+0000","type":"takeover","longitude":-2.6026},{"zone":{"previousOwner":{"name":"Miknor","id":278187},"dateCreated":"2013-10-25T19:08:28+0000","dateLastTaken":"2021-08-09T06:31:15+0000","latitude":57.263602,"currentOwner":{"name":"dabbo","id":166306},"name":"OskarDocks","id":22349,"totalTakeovers":9479,"region":{"country":"se","name":"Kalmar","id":137},"pointsPerHour":6,"longitude":16.456996,"takeoverPoints":110},"latitude":57.263602,"currentOwner":{"name":"dabbo","id":166306},"time":"2021-08-09T06:31:15+0000","type":"takeover","longitude":16.456996}]