[{"zone":{"previousOwner":{"name":"marypoppins","id":48730},"dateCreated":"2013-12-24T15:00:00+0000","dateLastTaken":"2021-08-05T19:53:11+0000","latitude":59.914822,"currentOwner":{"name":"Nattuggla","id":165442},"name":"JakobsZone","id":24227,"totalTakeovers":7662,"region":{"country":"se","name":"Västmanland","id":143},"pointsPerHour":6,"longitude":16.587581,"takeoverPoints":110},"latitude":59.914822,"currentOwner":{"name":"Nattuggla","id":165442},"time":"2021-08-05T19:53:11+0000","type":"takeover","longitude":16.587581},{"zone":{"previousOwner":{"name":"Green-wolf","id":28862},"dateCreated":"2010-08-04T00:00:00+0000","dateLastTaken":"2021-08-05T19:53:09+0000","latitude":59.266239,"currentOwner":{"name":"NoodlePudding","id":336704},"name":"SkarpZone","id":272,"totalTakeovers":7003,"region":{"country":"se","name":"Stockholm","id":141},"pointsPerHour":4,"longitude":18.132076,"takeoverPoints":140},"latitude":59.266239,"currentOwner":{"name":"NoodlePudding","id":336704},"time":"2021-08-05T19:53:09+0000","type":"takeover","longitude":18.132076},{"zone":{"previousOwner":{"name":"CattisB","id":113958},"dateLastTaken":"2021-08-05T19:53:08+0000","latitude":59.327326,"totalTakeovers":12070,"pointsPerHour":8,"takeoverPoints":80,"dateCreated":"2010-07-19T00:00:00+0000","currentOwner":{"name":"Possanzini","id":20410},"name":"ShipZone","id":221,"region":{"country":"se","name":"Stockholm","id":141},"longitude":18.079102},"latitude":59.327326,"currentOwner":{"name":"Possanzini","id":20410},"time":"2021-08-05T19:53:08+0000","type":"takeover","longitude":18.079102},{"zone":{"previousOwner":{"name":"simpson","id":71440},"dateCreated":"2014-06-05T14:01:36+0000","dateLastTaken":"2021-08-05T19:53:08+0000","latitude":59.334205,"currentOwner":{"name":"BrutalBarthel","id":186189},"name":"Hammarlunden","id":31294,"totalTakeovers":5980,"region":{"country":"se","name":"Värmland","id":130},"pointsPerHour":5,"longitude":13.516695,"takeoverPoints":125},"latitude":59.334205,"currentOwner":{"name":"BrutalBarthel","id":186189},"time":"2021-08-05T19:53:08+0000","type":"takeover","longitude":13.516695},{"zone":{"previousOwner":{"name":"Maltes","id":212649},"dateCreated":"2017-09-11T18:06:18+0000","dateLastTaken":"2021-08-05T19:53:06+0000","latitude":59.066727,"currentOwner":{"name":"SFL","id":165454},"name":"Espstock","id":122868,"totalTakeovers":2668,"region":{"country":"se","name":"Örebro","id":131},"pointsPerHour":4,"longitude":15.094838,"takeoverPoints":140},"latitude":59.066727,"currentOwner":{"name":"SFL","id":165454},"time":"2021-08-05T19:53:06+0000","type":"takeover","longitude":15.094838},{"zone":{"previousOwner":{"name":"nordans","id":90071},"dateLastTaken":"2021-08-05T19:53:06+0000","latitude":59.37934,"totalTakeovers":20008,"pointsPerHour":8,"takeoverPoints":80,"dateCreated":"2010-09-04T14:41:37+0000","currentOwner":{"name":"Jomii","id":63235},"name":"AnkerBridge","id":694,"region":{"country":"se","name":"Värmland","id":130},"longitude":13.512426},"latitude":59.37934,"currentOwner":{"name":"Jomii","id":63235},"time":"2021-08-05T19:53:06+0000","type":"takeover","longitude":13.512426},{"zone":{"previousOwner":{"name":"Orginator","id":178112},"dateCreated":"2020-09-30T18:17:18+0000","dateLastTaken":"2021-08-05T19:53:04+0000","latitude":59.446563,"currentOwner":{"name":"Pope","id":167233},"name":"Berggenomfart","id":327949,"totalTakeovers":589,"region":{"country":"se","name":"Stockholm","id":141},"pointsPerHour":5,"longitude":18.097803,"takeoverPoints":125},"latitude":59.446563,"currentOwner":{"name":"Pope","id":167233},"time":"2021-08-05T19:53:04+0000","type":"takeover","longitude":18.097803},{"zone":{"previousOwner":{"name":"sexonwheels","id":304854},"dateCreated":"2021-01-06T19:50:26+0000","dateLastTaken":"2021-08-05T19:53:03+0000","latitude":52.260166,"currentOwner":{"name":"sexonwheels","id":304854},"name":"LodgeWay","id":362200,"totalTakeovers":21,"region":{"country":"gb","name":"East Midlands","id":203},"pointsPerHour":1,"longitude":-0.951835,"takeoverPoints":185},"latitude":52.260166,"currentOwner":{"name":"sexonwheels","id":304854},"time":"2021-08-05T19:53:03+0000","type":"takeover","longitude":-0.951835},{"zone":{"previousOwner":{"name":"Hairy_Oobit","id":312348},"dateCreated":"2020-12-20T17:44:00+0000","dateLastTaken":"2021-08-05T19:53:01+0000","latitude":58.976258,"currentOwner":{"name":"Placid_Casual","id":312475},"name":"BignoldMeadow","id":357786,"totalTakeovers":6,"region":{"country":"gb","name":"Scotland","id":200},"pointsPerHour":1,"longitude":-2.949838,"takeoverPoints":185},"latitude":58.976258,"currentOwner":{"name":"Placid_Casual","id":312475},"time":"2021-08-05T19:53:01+0000","type":"takeover","longitude":-2.949838},{"zone":{"previousOwner":{"name":"UncleFester","id":66390},"dateCreated":"2013-03-03T10:55:00+0000","dateLastTaken":"2021-08-05T19:52:59+0000","latitude":63.831595,"currentOwner":{"name":"ParkMan","id":58815},"name":"Dragonen","id":15391,"totalTakeovers":19624,"region":{"country":"se","name":"Västerbotten","id":127},"pointsPerHour":9,"longitude":20.250721,"takeoverPoints":65},"latitude":63.831595,"currentOwner":{"name":"ParkMan","id":58815},"time":"2021-08-05T19:52:59+0000","type":"takeover","longitude":20.250721},{"zone":{"previousOwner":{"name":"ElVikingo","id":42306},"dateCreated":"2013-11-24T12:47:30+0000","dateLastTaken":"2021-08-05T19:52:57+0000","latitude":59.303987,"currentOwner":{"name":"Jockatim","id":31184},"name":"Styrbord","id":22739,"totalTakeovers":9109,"region":{"country":"se","name":"Stockholm","id":141},"pointsPerHour":7,"longitude":18.101737,"takeoverPoints":95},"latitude":59.303987,"currentOwner":{"name":"Jockatim","id":31184},"time":"2021-08-05T19:52:57+0000","type":"takeover","longitude":18.101737},{"zone":{"previousOwner":{"name":"beha","id":186270},"dateCreated":"2012-01-08T18:59:56+0000","dateLastTaken":"2021-08-05T19:52:54+0000","latitude":59.28261,"currentOwner":{"name":"annilin","id":42445},"name":"Längbrotorg","id":5595,"totalTakeovers":16694,"region":{"country":"se","name":"Örebro","id":131},"pointsPerHour":7,"longitude":15.224779,"takeoverPoints":95},"latitude":59.28261,"currentOwner":{"name":"annilin","id":42445},"time":"2021-08-05T19:52:54+0000","type":"takeover","longitude":15.224779},{"zone":{"previousOwner":{"name":"Dumblydore","id":137368},"dateLastTaken":"2021-08-05T19:52:53+0000","latitude":58.399634,"totalTakeovers":12577,"pointsPerHour":6,"takeoverPoints":110,"dateCreated":"2010-09-30T22:00:02+0000","currentOwner":{"name":"lhcper","id":2733},"name":"Military","id":872,"region":{"country":"se","name":"Östergötland","id":139},"longitude":15.60926},"latitude":58.399634,"currentOwner":{"name":"lhcper","id":2733},"time":"2021-08-05T19:52:53+0000","type":"takeover","longitude":15.60926},{"zone":{"previousOwner":{"name":"MarioBoy","id":150008},"dateCreated":"2012-03-20T22:20:46+0000","dateLastTaken":"2021-08-05T19:52:49+0000","latitude":59.358778,"currentOwner":{"name":"maZmo","id":151499},"name":"Söderberga","id":7158,"totalTakeovers":16562,"region":{"country":"se","name":"Stockholm","id":141},"pointsPerHour":7,"longitude":17.895967,"takeoverPoints":95},"latitude":59.358778,"currentOwner":{"name":"maZmo","id":151499},"time":"2021-08-05T19:52:49+0000","type":"takeover","longitude":17.895967},{"zone":{"previousOwner":{"name":"allinug","id":227848},"dateCreated":"2015-04-18T16:00:00+0000","dateLastTaken":"2021-08-05T19:52:47+0000","latitude":59.836972,"currentOwner":{"name":"allinug","id":227848},"name":"HågaFireplace","id":49129,"totalTakeovers":2442,"region":{"country":"se","name":"Uppsala","id":142},"pointsPerHour":3,"longitude":17.576371,"takeoverPoints":155},"latitude":59.836972,"currentOwner":{"name":"allinug","id":227848},"time":"2021-08-05T19:52:47+0000","type":"takeover","longitude":17.576371},{"zone":{"previousOwner":{"name":"Luffare","id":211682},"dateCreated":"2019-09-16T19:22:51+0000","dateLastTaken":"2021-08-05T19:52:47+0000","latitude":59.873113,"currentOwner":{"name":"fotominne","id":273615},"name":"SablaBackar","id":208748,"totalTakeovers":2712,"region":{"country":"se","name":"Uppsala","id":142},"pointsPerHour":7,"longitude":17.67265,"takeoverPoints":95},"latitude":59.873113,"currentOwner":{"name":"fotominne","id":273615},"time":"2021-08-05T19:52:47+0000","type":"takeover","longitude":17.67265},{"zone":{"previousOwner":{"name":"rabbit_rail","id":37461},"dateCreated":"2013-03-08T21:56:19+0000","dateLastTaken":"2021-08-05T19:52:46+0000","latitude":59.304427,"currentOwner":{"name":"AllaCalle","id":321000},"name":"Tågbroarna","id":15358,"totalTakeovers":5440,"region":{"country":"se","name":"Stockholm","id":141},"pointsPerHour":7,"longitude":18.037281,"takeoverPoints":95},"latitude":59.304427,"currentOwner":{"name":"AllaCalle","id":321000},"time":"2021-08-05T19:52:46+0000","type":"takeover","longitude":18.037281},{"zone":{"previousOwner":{"name":"DaHunter","id":95577},"dateCreated":"2014-09-05T21:47:57+0000","dateLastTaken":"2021-08-05T19:52:43+0000","latitude":59.405545,"currentOwner":{"name":"NightDriver","id":279433},"name":"Tröskeln","id":34565,"totalTakeovers":7997,"region":{"country":"se","name":"Stockholm","id":141},"pointsPerHour":5,"longitude":17.796504,"takeoverPoints":125},"latitude":59.405545,"currentOwner":{"name":"NightDriver","id":279433},"time":"2021-08-05T19:52:43+0000","type":"takeover","longitude":17.796504},{"zone":{"previousOwner":{"name":"Skäret","id":38885},"dateCreated":"2013-07-07T22:17:31+0000","dateLastTaken":"2021-08-05T19:52:40+0000","latitude":63.836232,"currentOwner":{"name":"Lannister","id":20681},"name":"Långbad","id":20691,"totalTakeovers":7001,"region":{"country":"se","name":"Västerbotten","id":127},"pointsPerHour":8,"longitude":20.162506,"takeoverPoints":80},"latitude":63.836232,"currentOwner":{"name":"Lannister","id":20681},"time":"2021-08-05T19:52:40+0000","type":"takeover","longitude":20.162506},{"zone":{"previousOwner":{"name":"Bath","id":57990},"dateCreated":"2015-11-30T07:45:44+0000","dateLastTaken":"2021-08-05T19:52:40+0000","latitude":58.416171,"currentOwner":{"name":"Fenrisulven","id":14493},"name":"Gymnasiezon","id":61636,"totalTakeovers":5918,"region":{"country":"se","name":"Västra Götaland","id":132},"pointsPerHour":3,"longitude":14.168855,"takeoverPoints":155},"latitude":58.416171,"currentOwner":{"name":"Fenrisulven","id":14493},"time":"2021-08-05T19:52:40+0000","type":"takeover","longitude":14.168855},{"zone":{"previousOwner":{"name":"TurfanatorSROC","id":304618},"dateLastTaken":"2021-08-05T19:52:40+0000","latitude":54.044064,"totalTakeovers":422,"pointsPerHour":3,"takeoverPoints":155,"dateCreated":"2020-11-17T19:43:27+0000","currentOwner":{"name":"ade_sSROC","id":304412},"name":"Aldcliffe","id":351394,"region":{"country":"gb","name":"North West England","id":201},"longitude":-2.800771},"latitude":54.044064,"currentOwner":{"name":"ade_sSROC","id":304412},"time":"2021-08-05T19:52:40+0000","type":"takeover","longitude":-2.800771},{"zone":{"previousOwner":{"name":"molex","id":240222},"dateCreated":"2012-03-23T22:16:22+0000","dateLastTaken":"2021-08-05T19:52:40+0000","latitude":59.624499,"currentOwner":{"name":"Vokalis","id":90575},"name":"LuckyPath","id":7362,"totalTakeovers":2909,"region":{"country":"se","name":"Stockholm","id":141},"pointsPerHour":3,"longitude":17.836527,"takeoverPoints":155},"latitude":59.624499,"currentOwner":{"name":"Vokalis","id":90575},"time":"2021-08-05T19:52:40+0000","type":"takeover","longitude":17.836527},{"zone":{"previousOwner":{"name":"TompaBoy51","id":65370},"dateCreated":"2015-01-12T15:13:19+0000","dateLastTaken":"2021-08-05T19:52:37+0000","latitude":57.763924,"currentOwner":{"name":"Vesper","id":41403},"name":"Vinbladet","id":43743,"totalTakeovers":10196,"region":{"country":"se","name":"Kalmar","id":137},"pointsPerHour":6,"longitude":16.623143,"takeoverPoints":110},"latitude":57.763924,"currentOwner":{"name":"Vesper","id":41403},"time":"2021-08-05T19:52:37+0000","type":"takeover","longitude":16.623143},{"zone":{"previousOwner":{"name":"Deppen","id":195631},"dateLastTaken":"2021-08-05T19:52:37+0000","latitude":59.324025,"totalTakeovers":12242,"pointsPerHour":8,"takeoverPoints":80,"dateCreated":"2010-12-22T21:56:10+0000","currentOwner":{"name":"Charlies","id":257090},"name":"WestBridge","id":1235,"region":{"country":"se","name":"Stockholm","id":141},"longitude":18.027769},"latitude":59.324025,"currentOwner":{"name":"Charlies","id":257090},"time":"2021-08-05T19:52:37+0000","type":"takeover","longitude":18.027769},{"zone":{"previousOwner":{"name":"Flygmalaja","id":18884},"dateCreated":"2011-02-09T15:03:21+0000","dateLastTaken":"2021-08-05T19:52:36+0000","latitude":60.611345,"currentOwner":{"name":"MoraIK","id":158799},"name":"FaluPath","id":1457,"totalTakeovers":15358,"region":{"country":"se","name":"Dalarna","id":129},"pointsPerHour":7,"longitude":15.623752,"takeoverPoints":95},"latitude":60.611345,"currentOwner":{"name":"MoraIK","id":158799},"time":"2021-08-05T19:52:36+0000","type":"takeover","longitude":15.623752},{"zone":{"previousOwner":{"name":"Eskimonika","id":41336},"dateLastTaken":"2021-08-05T19:52:30+0000","latitude":59.278594,"totalTakeovers":20639,"pointsPerHour":8,"takeoverPoints":80,"dateCreated":"2011-09-15T10:00:00+0000","currentOwner":{"name":"Ribston","id":275859},"name":"PennyTrain","id":3335,"region":{"country":"se","name":"Örebro","id":131},"longitude":15.212031},"latitude":59.278594,"currentOwner":{"name":"Ribston","id":275859},"time":"2021-08-05T19:52:30+0000","type":"takeover","longitude":15.212031},{"zone":{"previousOwner":{"name":"ToppTapper","id":278958},"dateCreated":"2014-07-29T20:30:00+0000","dateLastTaken":"2021-08-05T19:52:24+0000","latitude":57.100772,"currentOwner":{"name":"SolbadsBertil","id":335559},"name":"DanskaZonen","id":33009,"totalTakeovers":4614,"region":{"country":"se","name":"Halland","id":134},"pointsPerHour":4,"longitude":12.260974,"takeoverPoints":140},"latitude":57.100772,"currentOwner":{"name":"SolbadsBertil","id":335559},"time":"2021-08-05T19:52:24+0000","type":"takeover","longitude":12.260974},{"zone":{"previousOwner":{"name":"ro3r","id":73689},"dateCreated":"2014-05-31T10:00:00+0000","dateLastTaken":"2021-08-05T19:52:24+0000","latitude":63.811942,"currentOwner":{"name":"Jaktfalk","id":20160},"name":"VolleyBeach","id":30211,"totalTakeovers":10108,"region":{"country":"se","name":"Västerbotten","id":127},"pointsPerHour":8,"longitude":20.347669,"takeoverPoints":80},"latitude":63.811942,"currentOwner":{"name":"Jaktfalk","id":20160},"time":"2021-08-05T19:52:24+0000","type":"takeover","longitude":20.347669},{"zone":{"previousOwner":{"name":"MrJokerit","id":81469},"dateCreated":"2013-02-06T07:12:51+0000","dateLastTaken":"2021-08-05T19:52:23+0000","latitude":57.728198,"currentOwner":{"name":"Anniña","id":207433},"name":"Anekdotzonen","id":14653,"totalTakeovers":5225,"region":{"country":"se","name":"Västra Götaland","id":132},"pointsPerHour":6,"longitude":11.964842,"takeoverPoints":110},"latitude":57.728198,"currentOwner":{"name":"Anniña","id":207433},"time":"2021-08-05T19:52:23+0000","type":"takeover","longitude":11.964842},{"zone":{"previousOwner":{"name":"a.k-mega","id":331537},"dateCreated":"2020-04-25T18:00:13+0000","dateLastTaken":"2021-08-05T19:52:23+0000","latitude":60.694052,"currentOwner":{"name":"Frihetskapsel","id":243474},"name":"Rönnäsrasten","id":247238,"totalTakeovers":109,"region":{"country":"se","name":"Dalarna","id":129},"pointsPerHour":1,"longitude":15.160441,"takeoverPoints":185},"latitude":60.694052,"currentOwner":{"name":"Frihetskapsel","id":243474},"time":"2021-08-05T19:52:23+0000","type":"takeover","longitude":15.160441},{"zone":{"previousOwner":{"name":"Gusi","id":26240},"dateCreated":"2014-03-11T13:00:00+0000","dateLastTaken":"2021-08-05T19:52:12+0000","latitude":57.752829,"currentOwner":{"name":"bonna","id":254021},"name":"Kalendervägen","id":26677,"totalTakeovers":2760,"region":{"country":"se","name":"Västra Götaland","id":132},"pointsPerHour":4,"longitude":12.038611,"takeoverPoints":140},"latitude":57.752829,"currentOwner":{"name":"bonna","id":254021},"time":"2021-08-05T19:52:12+0000","type":"takeover","longitude":12.038611},{"zone":{"previousOwner":{"name":"topten","id":17328},"dateCreated":"2017-12-24T11:00:00+0000","dateLastTaken":"2021-08-05T19:52:11+0000","latitude":59.358653,"currentOwner":{"name":"Pajje","id":283572},"name":"VikEllerÅ","id":139310,"totalTakeovers":5334,"region":{"country":"se","name":"Stockholm","id":141},"pointsPerHour":7,"longitude":17.962989,"takeoverPoints":95},"latitude":59.358653,"currentOwner":{"name":"Pajje","id":283572},"time":"2021-08-05T19:52:11+0000","type":"takeover","longitude":17.962989},{"zone":{"previousOwner":{"name":"Nomadus","id":40305},"dateCreated":"2011-09-15T10:00:00+0000","dateLastTaken":"2021-08-05T19:52:11+0000","latitude":58.490056,"currentOwner":{"name":"Animal","id":35969},"name":"LidTower","id":3439,"totalTakeovers":2745,"region":{"country":"se","name":"Västra Götaland","id":132},"pointsPerHour":3,"longitude":13.160208,"takeoverPoints":155},"latitude":58.490056,"currentOwner":{"name":"Animal","id":35969},"time":"2021-08-05T19:52:11+0000","type":"takeover","longitude":13.160208},{"zone":{"previousOwner":{"name":"eplkurt","id":32644},"dateCreated":"2011-05-31T00:00:00+0000","dateLastTaken":"2021-08-05T19:52:10+0000","latitude":64.740668,"currentOwner":{"name":"Sledge","id":241272},"name":"Skelltorp","id":1736,"totalTakeovers":7962,"region":{"country":"se","name":"Västerbotten","id":127},"pointsPerHour":6,"longitude":20.978357,"takeoverPoints":110},"latitude":64.740668,"currentOwner":{"name":"Sledge","id":241272},"time":"2021-08-05T19:52:10+0000","type":"takeover","longitude":20.978357},{"zone":{"previousOwner":{"name":"tremorbalk","id":16690},"dateLastTaken":"2021-08-05T19:52:08+0000","latitude":55.592105,"totalTakeovers":10067,"pointsPerHour":8,"takeoverPoints":80,"dateCreated":"2017-02-08T12:26:03+0000","currentOwner":{"name":"Király","id":169417},"name":"TriangelnSyd","id":95224,"region":{"country":"se","name":"Skåne","id":135},"longitude":13.001856},"latitude":55.592105,"currentOwner":{"name":"Király","id":169417},"time":"2021-08-05T19:52:08+0000","type":"takeover","longitude":13.001856},{"zone":{"previousOwner":{"name":"HebbeTobbe","id":200627},"dateCreated":"2019-07-19T07:59:37+0000","dateLastTaken":"2021-08-05T19:52:07+0000","latitude":56.881794,"currentOwner":{"name":"theMoffe","id":278042},"name":"Afterbeach","id":204165,"totalTakeovers":183,"region":{"country":"se","name":"Kalmar","id":137},"pointsPerHour":3,"longitude":16.709459,"takeoverPoints":155},"latitude":56.881794,"currentOwner":{"name":"theMoffe","id":278042},"time":"2021-08-05T19:52:07+0000","type":"takeover","longitude":16.709459},{"zone":{"previousOwner":{"name":"Tok-En","id":297531},"dateCreated":"2016-05-01T06:00:00+0000","dateLastTaken":"2021-08-05T19:52:06+0000","latitude":55.600673,"currentOwner":{"name":"Jonte67","id":284492},"name":"ZonaBiblico","id":64965,"totalTakeovers":7788,"region":{"country":"se","name":"Skåne","id":135},"pointsPerHour":8,"longitude":12.994059,"takeoverPoints":80},"latitude":55.600673,"currentOwner":{"name":"Jonte67","id":284492},"time":"2021-08-05T19:52:06+0000","type":"takeover","longitude":12.994059},{"zone":{"previousOwner":{"name":"Storfiskaren","id":145580},"dateCreated":"2013-01-17T22:13:36+0000","dateLastTaken":"2021-08-05T19:52:04+0000","latitude":61.21407,"currentOwner":{"name":"JoelOsteen","id":47644},"name":"TheBar","id":13643,"totalTakeovers":566,"region":{"country":"se","name":"Gävleborg","id":144},"pointsPerHour":2,"longitude":17.14104,"takeoverPoints":170},"latitude":61.21407,"currentOwner":{"name":"JoelOsteen","id":47644},"time":"2021-08-05T19:52:04+0000","type":"takeover","longitude":17.14104},{"zone":{"previousOwner":{"name":"vontratt","id":228655},"dateCreated":"2015-12-24T21:59:58+0000","dateLastTaken":"2021-08-05T19:52:03+0000","latitude":60.111764,"currentOwner":{"name":"YotH","id":136726},"name":"Xmas15","id":62386,"totalTakeovers":8216,"region":{"country":"fi","name":"Åland","id":177},"pointsPerHour":7,"longitude":19.930043,"takeoverPoints":95},"latitude":60.111764,"currentOwner":{"name":"YotH","id":136726},"time":"2021-08-05T19:52:03+0000","type":"takeover","longitude":19.930043},{"zone":{"previousOwner":{"name":"Baskan","id":129976},"dateCreated":"2019-10-27T17:53:36+0000","dateLastTaken":"2021-08-05T19:52:01+0000","latitude":56.667363,"currentOwner":{"name":"GW007","id":77704},"name":"MotDämmet","id":220697,"totalTakeovers":1056,"region":{"country":"se","name":"Kalmar","id":137},"pointsPerHour":4,"longitude":16.308828,"takeoverPoints":140},"latitude":56.667363,"currentOwner":{"name":"GW007","id":77704},"time":"2021-08-05T19:52:01+0000","type":"takeover","longitude":16.308828},{"zone":{"previousOwner":{"name":"MiriamSROC","id":311655},"dateCreated":"2021-08-02T08:35:51+0000","dateLastTaken":"2021-08-05T19:52:01+0000","latitude":56.816252,"currentOwner":{"name":"Roselea","id":309108},"name":"Braveheart","id":430842,"totalTakeovers":6,"region":{"country":"gb","name":"Scotland","id":200},"pointsPerHour":1,"longitude":-5.083484,"takeoverPoints":185},"latitude":56.816252,"currentOwner":{"name":"Roselea","id":309108},"time":"2021-08-05T19:52:01+0000","type":"takeover","longitude":-5.083484},{"zone":{"previousOwner":{"name":"umefredrik","id":35038},"dateCreated":"2012-06-05T21:23:00+0000","dateLastTaken":"2021-08-05T19:51:59+0000","latitude":63.804922,"currentOwner":{"name":"Mellanfetisen","id":210311},"name":"PineWoods","id":9382,"totalTakeovers":20130,"region":{"country":"se","name":"Västerbotten","id":127},"pointsPerHour":8,"longitude":20.308312,"takeoverPoints":80},"latitude":63.804922,"currentOwner":{"name":"Mellanfetisen","id":210311},"time":"2021-08-05T19:51:59+0000","type":"takeover","longitude":20.308312},{"zone":{"previousOwner":{"name":"Orginator","id":178112},"dateCreated":"2017-06-25T13:44:39+0000","dateLastTaken":"2021-08-05T19:51:55+0000","latitude":59.446633,"currentOwner":{"name":"Pope","id":167233},"name":"TäbyGalopp","id":114888,"totalTakeovers":1057,"region":{"country":"se","name":"Stockholm","id":141},"pointsPerHour":5,"longitude":18.093706,"takeoverPoints":125},"latitude":59.446633,"currentOwner":{"name":"Pope","id":167233},"time":"2021-08-05T19:51:55+0000","type":"takeover","longitude":18.093706},{"zone":{"dateCreated":"2021-04-29T14:30:00+0000","dateLastTaken":"2021-08-05T19:51:54+0000","latitude":55.968349,"currentOwner":{"name":"Artful","id":302131},"name":"SwinBridge","id":401179,"totalTakeovers":11,"region":{"country":"gb","name":"Scotland","id":200},"pointsPerHour":1,"longitude":-3.4425,"takeoverPoints":185},"latitude":55.968349,"currentOwner":{"name":"Artful","id":302131},"time":"2021-08-05T19:51:54+0000","type":"takeover","longitude":-3.4425},{"zone":{"previousOwner":{"name":"TheBennett","id":49026},"dateCreated":"2014-12-01T06:00:00+0000","dateLastTaken":"2021-08-05T19:51:52+0000","latitude":59.264529,"currentOwner":{"name":"SneakyFudger","id":2656},"name":"OttekilGlänta","id":37074,"totalTakeovers":8153,"region":{"country":"se","name":"Stockholm","id":141},"pointsPerHour":6,"longitude":18.061995,"takeoverPoints":110},"latitude":59.264529,"currentOwner":{"name":"SneakyFudger","id":2656},"time":"2021-08-05T19:51:52+0000","type":"takeover","longitude":18.061995},{"zone":{"previousOwner":{"name":"edjur","id":50729},"dateCreated":"2013-04-20T10:56:00+0000","dateLastTaken":"2021-08-05T19:51:47+0000","latitude":59.837041,"currentOwner":{"name":"Pellonen73","id":243217},"name":"TigerWoods","id":17163,"totalTakeovers":7257,"region":{"country":"se","name":"Uppsala","id":142},"pointsPerHour":7,"longitude":17.630236,"takeoverPoints":95},"latitude":59.837041,"currentOwner":{"name":"Pellonen73","id":243217},"time":"2021-08-05T19:51:47+0000","type":"takeover","longitude":17.630236},{"zone":{"previousOwner":{"name":"Jockatim","id":31184},"dateLastTaken":"2021-08-05T19:51:45+0000","latitude":59.294412,"totalTakeovers":12619,"pointsPerHour":8,"takeoverPoints":80,"dateCreated":"2015-12-24T13:59:00+0000","currentOwner":{"name":"Kekkonen","id":35384},"name":"Globetrotter","id":61489,"region":{"country":"se","name":"Stockholm","id":141},"longitude":18.084766},"latitude":59.294412,"currentOwner":{"name":"Kekkonen","id":35384},"time":"2021-08-05T19:51:45+0000","type":"takeover","longitude":18.084766},{"zone":{"previousOwner":{"name":"BrutalBarthel","id":186189},"dateCreated":"2019-02-10T22:36:50+0000","dateLastTaken":"2021-08-05T19:51:44+0000","latitude":59.335847,"currentOwner":{"name":"blur","id":305387},"name":"Gårdsvägen","id":179642,"totalTakeovers":1085,"region":{"country":"se","name":"Värmland","id":130},"pointsPerHour":4,"longitude":13.494008,"takeoverPoints":140},"latitude":59.335847,"currentOwner":{"name":"blur","id":305387},"time":"2021-08-05T19:51:44+0000","type":"takeover","longitude":13.494008},{"zone":{"previousOwner":{"name":"Jimpan76","id":100958},"dateCreated":"2013-09-02T09:00:00+0000","dateLastTaken":"2021-08-05T19:51:38+0000","latitude":59.123202,"currentOwner":{"name":"pilen","id":130171},"name":"Kumlakungen","id":21479,"totalTakeovers":7440,"region":{"country":"se","name":"Örebro","id":131},"pointsPerHour":4,"longitude":15.151923,"takeoverPoints":140},"latitude":59.123202,"currentOwner":{"name":"pilen","id":130171},"time":"2021-08-05T19:51:38+0000","type":"takeover","longitude":15.151923},{"zone":{"previousOwner":{"name":"grock","id":189790},"dateCreated":"2021-02-14T12:47:43+0000","dateLastTaken":"2021-08-05T19:51:37+0000","latitude":65.623858,"currentOwner":{"name":"Hilla","id":212997},"name":"NånTypAvView","id":354827,"totalTakeovers":135,"region":{"country":"se","name":"Norrbotten","id":126},"pointsPerHour":3,"longitude":22.167801,"takeoverPoints":155},"latitude":65.623858,"currentOwner":{"name":"Hilla","id":212997},"time":"2021-08-05T19:51:37+0000","type":"takeover","longitude":22.167801},{"zone":{"previousOwner":{"name":"steken","id":144169},"dateCreated":"2014-08-20T16:00:00+0000","dateLastTaken":"2021-08-05T19:51:30+0000","latitude":59.571577,"currentOwner":{"name":"vixen03","id":298883},"name":"ÖvreGränsen","id":33679,"totalTakeovers":6932,"region":{"country":"se","name":"Västmanland","id":143},"pointsPerHour":6,"longitude":16.521353,"takeoverPoints":110},"latitude":59.571577,"currentOwner":{"name":"vixen03","id":298883},"time":"2021-08-05T19:51:30+0000","type":"takeover","longitude":16.521353},{"zone":{"previousOwner":{"name":"Maltes","id":212649},"dateCreated":"2014-09-07T08:58:37+0000","dateLastTaken":"2021-08-05T19:51:25+0000","latitude":59.065138,"currentOwner":{"name":"SFL","id":165454},"name":"Rälsparken","id":34664,"totalTakeovers":4010,"region":{"country":"se","name":"Örebro","id":131},"pointsPerHour":4,"longitude":15.08979,"takeoverPoints":140},"latitude":59.065138,"currentOwner":{"name":"SFL","id":165454},"time":"2021-08-05T19:51:25+0000","type":"takeover","longitude":15.08979},{"zone":{"previousOwner":{"name":"Weeturfarn","id":63172},"dateCreated":"2019-11-11T09:53:39+0000","dateLastTaken":"2021-08-05T19:51:25+0000","latitude":59.387729,"currentOwner":{"name":"nordans","id":90071},"name":"DoneMoveOn","id":222682,"totalTakeovers":2705,"region":{"country":"se","name":"Värmland","id":130},"pointsPerHour":7,"longitude":13.501821,"takeoverPoints":95},"latitude":59.387729,"currentOwner":{"name":"nordans","id":90071},"time":"2021-08-05T19:51:25+0000","type":"takeover","longitude":13.501821},{"zone":{"previousOwner":{"name":"nijmegenaar","id":199619},"dateCreated":"2015-07-10T18:01:28+0000","dateLastTaken":"2021-08-05T19:51:22+0000","latitude":59.523174,"currentOwner":{"name":"Lejfis","id":158950},"name":"Kungskanten","id":55701,"totalTakeovers":7551,"region":{"country":"se","name":"Örebro","id":131},"pointsPerHour":7,"longitude":15.043614,"takeoverPoints":95},"latitude":59.523174,"currentOwner":{"name":"Lejfis","id":158950},"time":"2021-08-05T19:51:22+0000","type":"takeover","longitude":15.043614},{"zone":{"previousOwner":{"name":"Wsnurr","id":28714},"dateLastTaken":"2021-08-05T19:51:20+0000","latitude":57.70568,"totalTakeovers":12910,"pointsPerHour":8,"takeoverPoints":80,"dateCreated":"2016-05-02T12:33:27+0000","currentOwner":{"name":"Kirakira","id":142894},"name":"Fisketorget","id":69010,"region":{"country":"se","name":"Västra Götaland","id":132},"longitude":11.961916},"latitude":57.70568,"currentOwner":{"name":"Kirakira","id":142894},"time":"2021-08-05T19:51:20+0000","type":"takeover","longitude":11.961916},{"zone":{"previousOwner":{"name":"Twinstars","id":225115},"dateCreated":"2018-10-15T19:50:52+0000","dateLastTaken":"2021-08-05T19:51:16+0000","latitude":60.134266,"currentOwner":{"name":"Corellian","id":264701},"name":"BirdSlope","id":176151,"totalTakeovers":552,"region":{"country":"fi","name":"Åland","id":177},"pointsPerHour":2,"longitude":19.925923,"takeoverPoints":170},"latitude":60.134266,"currentOwner":{"name":"Corellian","id":264701},"time":"2021-08-05T19:51:16+0000","type":"takeover","longitude":19.925923},{"zone":{"previousOwner":{"name":"kjtindall","id":292775},"dateCreated":"2020-08-27T10:00:00+0000","dateLastTaken":"2021-08-05T19:51:15+0000","latitude":56.064661,"currentOwner":{"name":"SeaTurtle","id":315661},"name":"Whitelawn","id":322156,"totalTakeovers":59,"region":{"country":"gb","name":"Scotland","id":200},"pointsPerHour":1,"longitude":-3.432331,"takeoverPoints":185},"latitude":56.064661,"currentOwner":{"name":"SeaTurtle","id":315661},"time":"2021-08-05T19:51:15+0000","type":"takeover","longitude":-3.432331},{"zone":{"previousOwner":{"name":"strumpa7","id":319542},"dateCreated":"2017-12-24T11:00:00+0000","dateLastTaken":"2021-08-05T19:51:14+0000","latitude":59.512443,"currentOwner":{"name":"erx007","id":76576},"name":"SnutFörEnDag","id":139279,"totalTakeovers":2387,"region":{"country":"se","name":"Stockholm","id":141},"pointsPerHour":4,"longitude":17.96192,"takeoverPoints":140},"latitude":59.512443,"currentOwner":{"name":"erx007","id":76576},"time":"2021-08-05T19:51:14+0000","type":"takeover","longitude":17.96192},{"zone":{"previousOwner":{"name":"Flygmalaja","id":18884},"dateCreated":"2014-12-24T11:00:00+0000","dateLastTaken":"2021-08-05T19:51:12+0000","latitude":60.60933,"currentOwner":{"name":"MoraIK","id":158799},"name":"KallesBrygga","id":42419,"totalTakeovers":12629,"region":{"country":"se","name":"Dalarna","id":129},"pointsPerHour":7,"longitude":15.624041,"takeoverPoints":95},"latitude":60.60933,"currentOwner":{"name":"MoraIK","id":158799},"time":"2021-08-05T19:51:12+0000","type":"takeover","longitude":15.624041},{"zone":{"previousOwner":{"name":"carinn","id":117795},"dateCreated":"2013-12-24T15:00:00+0000","dateLastTaken":"2021-08-05T19:51:10+0000","latitude":59.629332,"currentOwner":{"name":"CycloConverter","id":169861},"name":"AxArrow","id":24165,"totalTakeovers":15468,"region":{"country":"se","name":"Västmanland","id":143},"pointsPerHour":8,"longitude":16.610497,"takeoverPoints":80},"latitude":59.629332,"currentOwner":{"name":"CycloConverter","id":169861},"time":"2021-08-05T19:51:10+0000","type":"takeover","longitude":16.610497},{"zone":{"previousOwner":{"name":"MerrymaKer","id":322026},"dateLastTaken":"2021-08-05T19:51:07+0000","latitude":55.810613,"totalTakeovers":408,"pointsPerHour":4,"takeoverPoints":140,"dateCreated":"2020-09-02T12:00:00+0000","currentOwner":{"name":"Cubist","id":320037},"name":"MuirendSt","id":323276,"region":{"country":"gb","name":"Scotland","id":200},"longitude":-4.273404},"latitude":55.810613,"currentOwner":{"name":"Cubist","id":320037},"time":"2021-08-05T19:51:07+0000","type":"takeover","longitude":-4.273404},{"zone":{"previousOwner":{"name":"Skruvnyckel","id":117117},"dateCreated":"2014-05-27T19:45:10+0000","dateLastTaken":"2021-08-05T19:51:07+0000","latitude":59.329909,"currentOwner":{"name":"Possanzini","id":20410},"name":"Nybrokajen","id":30353,"totalTakeovers":8657,"region":{"country":"se","name":"Stockholm","id":141},"pointsPerHour":8,"longitude":18.079626,"takeoverPoints":80},"latitude":59.329909,"currentOwner":{"name":"Possanzini","id":20410},"time":"2021-08-05T19:51:07+0000","type":"takeover","longitude":18.079626},{"zone":{"previousOwner":{"name":"löpare56","id":176776},"dateCreated":"2012-03-20T22:04:23+0000","dateLastTaken":"2021-08-05T19:51:07+0000","latitude":59.360409,"currentOwner":{"name":"Buzd","id":317315},"name":"OakHillZone","id":7150,"totalTakeovers":7370,"region":{"country":"se","name":"Stockholm","id":141},"pointsPerHour":7,"longitude":17.987505,"takeoverPoints":95},"latitude":59.360409,"currentOwner":{"name":"Buzd","id":317315},"time":"2021-08-05T19:51:07+0000","type":"takeover","longitude":17.987505},{"zone":{"previousOwner":{"name":"occultus","id":13827},"dateLastTaken":"2021-08-05T19:51:05+0000","latitude":59.918499,"totalTakeovers":8626,"pointsPerHour":6,"takeoverPoints":110,"dateCreated":"2013-12-24T15:00:00+0000","currentOwner":{"name":"Nattuggla","id":165442},"name":"PennyBridge","id":24228,"region":{"country":"se","name":"Västmanland","id":143},"longitude":16.587327},"latitude":59.918499,"currentOwner":{"name":"Nattuggla","id":165442},"time":"2021-08-05T19:51:05+0000","type":"takeover","longitude":16.587327},{"zone":{"previousOwner":{"name":"UncleFester","id":66390},"dateCreated":"2015-05-20T06:00:00+0000","dateLastTaken":"2021-08-05T19:51:00+0000","latitude":63.862746,"currentOwner":{"name":"maggan51","id":331276},"name":"UtiSkogen","id":52839,"totalTakeovers":1388,"region":{"country":"se","name":"Västerbotten","id":127},"pointsPerHour":4,"longitude":20.325918,"takeoverPoints":140},"latitude":63.862746,"currentOwner":{"name":"maggan51","id":331276},"time":"2021-08-05T19:51:00+0000","type":"takeover","longitude":20.325918},{"zone":{"previousOwner":{"name":"R@W","id":15754},"dateCreated":"2010-09-02T00:00:00+0000","dateLastTaken":"2021-08-05T19:50:59+0000","latitude":55.60008,"currentOwner":{"name":"Jonte67","id":284492},"name":"Regementet","id":523,"totalTakeovers":10840,"region":{"country":"se","name":"Skåne","id":135},"pointsPerHour":8,"longitude":12.990836,"takeoverPoints":80},"latitude":55.60008,"currentOwner":{"name":"Jonte67","id":284492},"time":"2021-08-05T19:50:59+0000","type":"takeover","longitude":12.990836},{"zone":{"previousOwner":{"name":"Plato","id":200476},"dateCreated":"2019-06-01T12:44:12+0000","dateLastTaken":"2021-08-05T19:50:55+0000","latitude":56.182344,"currentOwner":{"name":"Aimless","id":270823},"name":"MuddyMountain","id":200287,"totalTakeovers":134,"region":{"country":"se","name":"Skåne","id":135},"pointsPerHour":3,"longitude":12.556136,"takeoverPoints":155},"latitude":56.182344,"currentOwner":{"name":"Aimless","id":270823},"time":"2021-08-05T19:50:55+0000","type":"takeover","longitude":12.556136},{"zone":{"previousOwner":{"name":"Mr.Strike","id":111064},"dateCreated":"2017-03-18T07:00:00+0000","dateLastTaken":"2021-08-05T19:50:54+0000","latitude":59.331319,"currentOwner":{"name":"Skarvens","id":227845},"name":"KamratSåning","id":95810,"totalTakeovers":5132,"region":{"country":"se","name":"Örebro","id":131},"pointsPerHour":7,"longitude":14.500309,"takeoverPoints":95},"latitude":59.331319,"currentOwner":{"name":"Skarvens","id":227845},"time":"2021-08-05T19:50:54+0000","type":"takeover","longitude":14.500309},{"zone":{"previousOwner":{"name":"susatorn","id":51861},"dateCreated":"2013-03-25T14:38:16+0000","dateLastTaken":"2021-08-05T19:50:52+0000","latitude":59.379943,"currentOwner":{"name":"Jomii","id":63235},"name":"Barnplask","id":16340,"totalTakeovers":8737,"region":{"country":"se","name":"Värmland","id":130},"pointsPerHour":6,"longitude":13.518004,"takeoverPoints":110},"latitude":59.379943,"currentOwner":{"name":"Jomii","id":63235},"time":"2021-08-05T19:50:52+0000","type":"takeover","longitude":13.518004},{"zone":{"previousOwner":{"name":"meekael","id":23279},"dateCreated":"2014-12-24T09:00:00+0000","dateLastTaken":"2021-08-05T19:50:52+0000","latitude":58.266016,"currentOwner":{"name":"mikael_k","id":39760},"name":"Skoften","id":43128,"totalTakeovers":999,"region":{"country":"se","name":"Västra Götaland","id":132},"pointsPerHour":2,"longitude":12.276628,"takeoverPoints":170},"latitude":58.266016,"currentOwner":{"name":"mikael_k","id":39760},"time":"2021-08-05T19:50:52+0000","type":"takeover","longitude":12.276628},{"zone":{"previousOwner":{"name":"LMF.","id":49764},"dateCreated":"2011-01-30T11:03:04+0000","dateLastTaken":"2021-08-05T19:50:51+0000","latitude":57.719932,"currentOwner":{"name":"Dadeee","id":327379},"name":"TornadoZone","id":1348,"totalTakeovers":16368,"region":{"country":"se","name":"Västra Götaland","id":132},"pointsPerHour":6,"longitude":11.943287,"takeoverPoints":110},"latitude":57.719932,"currentOwner":{"name":"Dadeee","id":327379},"time":"2021-08-05T19:50:51+0000","type":"takeover","longitude":11.943287},{"zone":{"previousOwner":{"name":"Snabelanna","id":27629},"dateCreated":"2014-03-02T10:00:00+0000","dateLastTaken":"2021-08-05T19:50:51+0000","latitude":56.668354,"currentOwner":{"name":"GW007","id":77704},"name":"OldRailway","id":25766,"totalTakeovers":7246,"region":{"country":"se","name":"Kalmar","id":137},"pointsPerHour":5,"longitude":16.313348,"takeoverPoints":125},"latitude":56.668354,"currentOwner":{"name":"GW007","id":77704},"time":"2021-08-05T19:50:51+0000","type":"takeover","longitude":16.313348},{"zone":{"previousOwner":{"name":"Oxid","id":200662},"dateCreated":"2014-06-13T12:00:00+0000","dateLastTaken":"2021-08-05T19:50:50+0000","latitude":59.860181,"currentOwner":{"name":"illumia","id":314411},"name":"RörbyHage","id":31486,"totalTakeovers":1481,"region":{"country":"se","name":"Uppsala","id":142},"pointsPerHour":3,"longitude":17.714405,"takeoverPoints":155},"latitude":59.860181,"currentOwner":{"name":"illumia","id":314411},"time":"2021-08-05T19:50:50+0000","type":"takeover","longitude":17.714405},{"zone":{"previousOwner":{"name":"féarglas","id":280861},"dateCreated":"2021-03-06T11:00:00+0000","dateLastTaken":"2021-08-05T19:50:50+0000","latitude":55.95297,"currentOwner":{"name":"ElsieSpanner","id":309195},"name":"RavelGate","id":389281,"totalTakeovers":60,"region":{"country":"gb","name":"Scotland","id":200},"pointsPerHour":2,"longitude":-3.256616,"takeoverPoints":170},"latitude":55.95297,"currentOwner":{"name":"ElsieSpanner","id":309195},"time":"2021-08-05T19:50:50+0000","type":"takeover","longitude":-3.256616},{"zone":{"previousOwner":{"name":"Foxare","id":37393},"dateCreated":"2016-07-25T09:25:48+0000","dateLastTaken":"2021-08-05T19:50:47+0000","latitude":59.839187,"currentOwner":{"name":"Zacly","id":327470},"name":"HighwayLake","id":79383,"totalTakeovers":2218,"region":{"country":"se","name":"Uppsala","id":142},"pointsPerHour":5,"longitude":17.729849,"takeoverPoints":125},"latitude":59.839187,"currentOwner":{"name":"Zacly","id":327470},"time":"2021-08-05T19:50:47+0000","type":"takeover","longitude":17.729849},{"zone":{"previousOwner":{"name":"Orginator","id":178112},"dateCreated":"2021-06-26T21:55:27+0000","dateLastTaken":"2021-08-05T19:50:45+0000","latitude":59.446604,"currentOwner":{"name":"Pope","id":167233},"name":"Turfgatan","id":428866,"totalTakeovers":93,"region":{"country":"se","name":"Stockholm","id":141},"pointsPerHour":5,"longitude":18.09045,"takeoverPoints":125},"latitude":59.446604,"currentOwner":{"name":"Pope","id":167233},"time":"2021-08-05T19:50:45+0000","type":"takeover","longitude":18.09045},{"zone":{"previousOwner":{"name":"GreenLight","id":141280},"dateCreated":"2014-09-13T06:00:00+0000","dateLastTaken":"2021-08-05T19:50:43+0000","latitude":59.302154,"currentOwner":{"name":"Jockatim","id":31184},"name":"Korphoppplan","id":35919,"totalTakeovers":5994,"region":{"country":"se","name":"Stockholm","id":141},"pointsPerHour":6,"longitude":18.098898,"takeoverPoints":110},"latitude":59.302154,"currentOwner":{"name":"Jockatim","id":31184},"time":"2021-08-05T19:50:43+0000","type":"takeover","longitude":18.098898},{"zone":{"previousOwner":{"name":"ElVikingo","id":42306},"dateCreated":"2010-08-07T00:00:00+0000","dateLastTaken":"2021-08-05T19:50:40+0000","latitude":59.311238,"currentOwner":{"name":"GreenLight","id":141280},"name":"Southball","id":257,"totalTakeovers":26593,"region":{"country":"se","name":"Stockholm","id":141},"pointsPerHour":8,"longitude":18.073657,"takeoverPoints":80},"latitude":59.311238,"currentOwner":{"name":"GreenLight","id":141280},"time":"2021-08-05T19:50:40+0000","type":"takeover","longitude":18.073657},{"zone":{"previousOwner":{"name":"Hairy_Oobit","id":312348},"dateCreated":"2020-12-20T17:45:20+0000","dateLastTaken":"2021-08-05T19:50:37+0000","latitude":58.977505,"currentOwner":{"name":"Placid_Casual","id":312475},"name":"NorwegianKing","id":357787,"totalTakeovers":9,"region":{"country":"gb","name":"Scotland","id":200},"pointsPerHour":1,"longitude":-2.955421,"takeoverPoints":185},"latitude":58.977505,"currentOwner":{"name":"Placid_Casual","id":312475},"time":"2021-08-05T19:50:37+0000","type":"takeover","longitude":-2.955421},{"zone":{"previousOwner":{"name":"Torben","id":300370},"dateCreated":"2014-02-02T20:52:50+0000","dateLastTaken":"2021-08-05T19:50:35+0000","latitude":59.371793,"currentOwner":{"name":"andersg55","id":326934},"name":"IronOak","id":25342,"totalTakeovers":5828,"region":{"country":"se","name":"Stockholm","id":141},"pointsPerHour":6,"longitude":17.891491,"takeoverPoints":110},"latitude":59.371793,"currentOwner":{"name":"andersg55","id":326934},"time":"2021-08-05T19:50:35+0000","type":"takeover","longitude":17.891491},{"zone":{"previousOwner":{"name":"Luffare","id":211682},"dateCreated":"2012-05-18T13:37:47+0000","dateLastTaken":"2021-08-05T19:50:35+0000","latitude":59.873753,"currentOwner":{"name":"fotominne","id":273615},"name":"Ritaren","id":9191,"totalTakeovers":8306,"region":{"country":"se","name":"Uppsala","id":142},"pointsPerHour":7,"longitude":17.67761,"takeoverPoints":95},"latitude":59.873753,"currentOwner":{"name":"fotominne","id":273615},"time":"2021-08-05T19:50:35+0000","type":"takeover","longitude":17.67761},{"zone":{"previousOwner":{"name":"Bath","id":57990},"dateCreated":"2013-12-27T16:13:05+0000","dateLastTaken":"2021-08-05T19:50:34+0000","latitude":58.41749,"currentOwner":{"name":"Fenrisulven","id":14493},"name":"Blåbärsdammar","id":24461,"totalTakeovers":7635,"region":{"country":"se","name":"Västra Götaland","id":132},"pointsPerHour":4,"longitude":14.164003,"takeoverPoints":140},"latitude":58.41749,"currentOwner":{"name":"Fenrisulven","id":14493},"time":"2021-08-05T19:50:34+0000","type":"takeover","longitude":14.164003},{"zone":{"previousOwner":{"name":"eplkurt","id":32644},"dateCreated":"2020-08-07T19:27:06+0000","dateLastTaken":"2021-08-05T19:50:33+0000","latitude":64.738872,"currentOwner":{"name":"Sledge","id":241272},"name":"AnderstorpX","id":318438,"totalTakeovers":2021,"region":{"country":"se","name":"Västerbotten","id":127},"pointsPerHour":7,"longitude":20.973877,"takeoverPoints":95},"latitude":64.738872,"currentOwner":{"name":"Sledge","id":241272},"time":"2021-08-05T19:50:33+0000","type":"takeover","longitude":20.973877},{"zone":{"previousOwner":{"name":"UnluckyOne","id":262656},"dateCreated":"2011-07-29T18:24:15+0000","dateLastTaken":"2021-08-05T19:50:24+0000","latitude":56.029477,"currentOwner":{"name":"VM","id":50180},"name":"BirkaZone","id":2383,"totalTakeovers":3866,"region":{"country":"se","name":"Skåne","id":135},"pointsPerHour":3,"longitude":12.751338,"takeoverPoints":155},"latitude":56.029477,"currentOwner":{"name":"VM","id":50180},"time":"2021-08-05T19:50:24+0000","type":"takeover","longitude":12.751338},{"zone":{"previousOwner":{"name":"nijmegenaar","id":199619},"dateCreated":"2014-07-31T21:00:00+0000","dateLastTaken":"2021-08-05T19:50:22+0000","latitude":59.521362,"currentOwner":{"name":"Lejfis","id":158950},"name":"MariaLang","id":33162,"totalTakeovers":10002,"region":{"country":"se","name":"Örebro","id":131},"pointsPerHour":7,"longitude":15.04285,"takeoverPoints":95},"latitude":59.521362,"currentOwner":{"name":"Lejfis","id":158950},"time":"2021-08-05T19:50:22+0000","type":"takeover","longitude":15.04285},{"zone":{"previousOwner":{"name":"boll","id":19916},"dateCreated":"2019-09-29T11:17:41+0000","dateLastTaken":"2021-08-05T19:50:21+0000","latitude":64.763375,"currentOwner":{"name":"Kix","id":19744},"name":"Lingonlava","id":204382,"totalTakeovers":765,"region":{"country":"se","name":"Västerbotten","id":127},"pointsPerHour":3,"longitude":20.957736,"takeoverPoints":155},"latitude":64.763375,"currentOwner":{"name":"Kix","id":19744},"time":"2021-08-05T19:50:21+0000","type":"takeover","longitude":20.957736},{"zone":{"previousOwner":{"name":"DaHunter","id":95577},"dateCreated":"2020-08-04T21:18:32+0000","dateLastTaken":"2021-08-05T19:50:19+0000","latitude":59.409545,"currentOwner":{"name":"NightDriver","id":279433},"name":"Blåsippan","id":319429,"totalTakeovers":728,"region":{"country":"se","name":"Stockholm","id":141},"pointsPerHour":5,"longitude":17.797386,"takeoverPoints":125},"latitude":59.409545,"currentOwner":{"name":"NightDriver","id":279433},"time":"2021-08-05T19:50:19+0000","type":"takeover","longitude":17.797386},{"zone":{"previousOwner":{"name":"TurfTom","id":230867},"dateLastTaken":"2021-08-05T19:50:18+0000","latitude":59.267013,"totalTakeovers":7082,"pointsPerHour":6,"takeoverPoints":110,"dateCreated":"2014-07-31T16:05:00+0000","currentOwner":{"name":"Cekt","id":2191},"name":"Ottekilen","id":33108,"region":{"country":"se","name":"Stockholm","id":141},"longitude":18.059077},"latitude":59.267013,"currentOwner":{"name":"Cekt","id":2191},"time":"2021-08-05T19:50:18+0000","type":"takeover","longitude":18.059077},{"zone":{"previousOwner":{"name":"Tessa10","id":225736},"dateCreated":"2014-09-02T08:55:49+0000","dateLastTaken":"2021-08-05T19:50:17+0000","latitude":60.109797,"currentOwner":{"name":"YotH","id":136726},"name":"NotFromTop","id":34131,"totalTakeovers":8910,"region":{"country":"fi","name":"Åland","id":177},"pointsPerHour":6,"longitude":19.929009,"takeoverPoints":110},"latitude":60.109797,"currentOwner":{"name":"YotH","id":136726},"time":"2021-08-05T19:50:17+0000","type":"takeover","longitude":19.929009},{"zone":{"previousOwner":{"name":"Bont","id":90307},"dateCreated":"2020-02-01T20:22:11+0000","dateLastTaken":"2021-08-05T19:50:10+0000","latitude":63.806023,"currentOwner":{"name":"Mellanfetisen","id":210311},"name":"Matteelev","id":226859,"totalTakeovers":3912,"region":{"country":"se","name":"Västerbotten","id":127},"pointsPerHour":8,"longitude":20.312356,"takeoverPoints":80},"latitude":63.806023,"currentOwner":{"name":"Mellanfetisen","id":210311},"time":"2021-08-05T19:50:10+0000","type":"takeover","longitude":20.312356},{"zone":{"previousOwner":{"name":"chimpto","id":303406},"dateLastTaken":"2021-08-05T19:50:07+0000","latitude":56.119287,"totalTakeovers":291,"pointsPerHour":3,"takeoverPoints":155,"dateCreated":"2016-03-13T14:52:12+0000","currentOwner":{"name":"Quidkid","id":300004},"name":"Preston","id":64402,"region":{"country":"gb","name":"Scotland","id":200},"longitude":-3.933906},"latitude":56.119287,"currentOwner":{"name":"Quidkid","id":300004},"time":"2021-08-05T19:50:07+0000","type":"takeover","longitude":-3.933906},{"zone":{"previousOwner":{"name":"TurfanatorSROC","id":304618},"dateCreated":"2021-02-18T21:55:35+0000","dateLastTaken":"2021-08-05T19:50:06+0000","latitude":54.046257,"currentOwner":{"name":"ade_sSROC","id":304412},"name":"WhiteCross","id":381415,"totalTakeovers":233,"region":{"country":"gb","name":"North West England","id":201},"pointsPerHour":3,"longitude":-2.795782,"takeoverPoints":155},"latitude":54.046257,"currentOwner":{"name":"ade_sSROC","id":304412},"time":"2021-08-05T19:50:06+0000","type":"takeover","longitude":-2.795782},{"zone":{"previousOwner":{"name":"baarello","id":314058},"dateCreated":"2013-05-11T12:00:00+0000","dateLastTaken":"2021-08-05T19:50:06+0000","latitude":60.6683,"currentOwner":{"name":"Chrille80","id":6487},"name":"PoleHomeZone","id":17958,"totalTakeovers":17505,"region":{"country":"se","name":"Gävleborg","id":144},"pointsPerHour":7,"longitude":17.151441,"takeoverPoints":95},"latitude":60.6683,"currentOwner":{"name":"Chrille80","id":6487},"time":"2021-08-05T19:50:06+0000","type":"takeover","longitude":17.151441},{"zone":{"previousOwner":{"name":"UncleFester","id":66390},"dateCreated":"2011-06-01T00:00:00+0000","dateLastTaken":"2021-08-05T19:50:03+0000","latitude":63.809475,"currentOwner":{"name":"Jaktfalk","id":20160},"name":"Ratatosk","id":1732,"totalTakeovers":30634,"region":{"country":"se","name":"Västerbotten","id":127},"pointsPerHour":8,"longitude":20.341256,"takeoverPoints":80},"latitude":63.809475,"currentOwner":{"name":"Jaktfalk","id":20160},"time":"2021-08-05T19:50:03+0000","type":"takeover","longitude":20.341256},{"zone":{"previousOwner":{"name":"Dumblydore","id":137368},"dateLastTaken":"2021-08-05T19:49:59+0000","latitude":58.401324,"totalTakeovers":23515,"pointsPerHour":7,"takeoverPoints":95,"dateCreated":"2013-05-03T05:00:00+0000","currentOwner":{"name":"lhcper","id":2733},"name":"MazarinRunway","id":17671,"region":{"country":"se","name":"Östergötland","id":139},"longitude":15.605757},"latitude":58.401324,"currentOwner":{"name":"lhcper","id":2733},"time":"2021-08-05T19:49:59+0000","type":"takeover","longitude":15.605757},{"zone":{"previousOwner":{"name":"Dalbon","id":129205},"dateCreated":"2012-03-20T23:39:24+0000","dateLastTaken":"2021-08-05T19:49:48+0000","latitude":57.864796,"currentOwner":{"name":"bludd","id":226210},"name":"DaddysHat","id":7221,"totalTakeovers":3325,"region":{"country":"se","name":"Västra Götaland","id":132},"pointsPerHour":6,"longitude":11.995275,"takeoverPoints":110},"latitude":57.864796,"currentOwner":{"name":"bludd","id":226210},"time":"2021-08-05T19:49:48+0000","type":"takeover","longitude":11.995275},{"zone":{"previousOwner":{"name":"Bitterman","id":115759},"dateCreated":"2015-04-12T20:50:53+0000","dateLastTaken":"2021-08-05T19:49:43+0000","latitude":63.818638,"currentOwner":{"name":"Blackstarjack","id":200991},"name":"NorraEntrén","id":48443,"totalTakeovers":33316,"region":{"country":"se","name":"Västerbotten","id":127},"pointsPerHour":9,"longitude":20.297771,"takeoverPoints":65},"latitude":63.818638,"currentOwner":{"name":"Blackstarjack","id":200991},"time":"2021-08-05T19:49:43+0000","type":"takeover","longitude":20.297771},{"zone":{"previousOwner":{"name":"Király","id":169417},"dateCreated":"2013-07-06T17:30:00+0000","dateLastTaken":"2021-08-05T19:49:38+0000","latitude":55.598767,"currentOwner":{"name":"Jonte67","id":284492},"name":"EnergyZone","id":20631,"totalTakeovers":10069,"region":{"country":"se","name":"Skåne","id":135},"pointsPerHour":7,"longitude":12.987745,"takeoverPoints":95},"latitude":55.598767,"currentOwner":{"name":"Jonte67","id":284492},"time":"2021-08-05T19:49:38+0000","type":"takeover","longitude":12.987745},{"zone":{"previousOwner":{"name":"kjtindall","id":292775},"dateCreated":"2020-12-06T08:31:35+0000","dateLastTaken":"2021-08-05T19:49:37+0000","latitude":56.065793,"currentOwner":{"name":"SeaTurtle","id":315661},"name":"Brottslingen","id":354963,"totalTakeovers":89,"region":{"country":"gb","name":"Scotland","id":200},"pointsPerHour":1,"longitude":-3.435783,"takeoverPoints":185},"latitude":56.065793,"currentOwner":{"name":"SeaTurtle","id":315661},"time":"2021-08-05T19:49:37+0000","type":"takeover","longitude":-3.435783},{"zone":{"previousOwner":{"name":"occultus","id":13827},"dateCreated":"2016-12-24T11:00:00+0000","dateLastTaken":"2021-08-05T19:49:34+0000","latitude":59.920711,"currentOwner":{"name":"Nattuggla","id":165442},"name":"Bullerskyddat","id":92318,"totalTakeovers":3440,"region":{"country":"se","name":"Västmanland","id":143},"pointsPerHour":5,"longitude":16.587841,"takeoverPoints":125},"latitude":59.920711,"currentOwner":{"name":"Nattuggla","id":165442},"time":"2021-08-05T19:49:34+0000","type":"takeover","longitude":16.587841},{"zone":{"previousOwner":{"name":"AlphaDonkey02","id":310386},"dateCreated":"2013-06-15T08:00:00+0000","dateLastTaken":"2021-08-05T19:49:32+0000","latitude":55.944125,"currentOwner":{"name":"féarglas","id":280861},"name":"Laddieszone","id":14638,"totalTakeovers":1187,"region":{"country":"gb","name":"Scotland","id":200},"pointsPerHour":6,"longitude":-3.203133,"takeoverPoints":110},"latitude":55.944125,"currentOwner":{"name":"féarglas","id":280861},"time":"2021-08-05T19:49:32+0000","type":"takeover","longitude":-3.203133},{"zone":{"previousOwner":{"name":"Flygmalaja","id":18884},"dateCreated":"2011-01-21T13:38:44+0000","dateLastTaken":"2021-08-05T19:49:30+0000","latitude":60.607696,"currentOwner":{"name":"MoraIK","id":158799},"name":"Ölandsparken","id":1424,"totalTakeovers":16348,"region":{"country":"se","name":"Dalarna","id":129},"pointsPerHour":8,"longitude":15.626816,"takeoverPoints":80},"latitude":60.607696,"currentOwner":{"name":"MoraIK","id":158799},"time":"2021-08-05T19:49:30+0000","type":"takeover","longitude":15.626816},{"zone":{"previousOwner":{"name":"BrutalBarthel","id":186189},"dateCreated":"2013-04-03T16:00:00+0000","dateLastTaken":"2021-08-05T19:49:30+0000","latitude":59.33665,"currentOwner":{"name":"blur","id":305387},"name":"MalvaHälltorp","id":16536,"totalTakeovers":5316,"region":{"country":"se","name":"Värmland","id":130},"pointsPerHour":4,"longitude":13.489834,"takeoverPoints":140},"latitude":59.33665,"currentOwner":{"name":"blur","id":305387},"time":"2021-08-05T19:49:30+0000","type":"takeover","longitude":13.489834},{"zone":{"previousOwner":{"name":"Storfiskaren","id":145580},"dateCreated":"2021-05-30T13:00:00+0000","dateLastTaken":"2021-08-05T19:49:30+0000","latitude":61.215272,"currentOwner":{"name":"JoelOsteen","id":47644},"name":"Hyvelvägen","id":419170,"totalTakeovers":17,"region":{"country":"se","name":"Gävleborg","id":144},"pointsPerHour":2,"longitude":17.148523,"takeoverPoints":170},"latitude":61.215272,"currentOwner":{"name":"JoelOsteen","id":47644},"time":"2021-08-05T19:49:30+0000","type":"takeover","longitude":17.148523},{"zone":{"previousOwner":{"name":"Bath","id":57990},"dateCreated":"2016-12-08T06:00:00+0000","dateLastTaken":"2021-08-05T19:49:28+0000","latitude":58.418407,"currentOwner":{"name":"Fenrisulven","id":14493},"name":"Karlsbrovägen","id":92554,"totalTakeovers":4679,"region":{"country":"se","name":"Västra Götaland","id":132},"pointsPerHour":4,"longitude":14.160343,"takeoverPoints":140},"latitude":58.418407,"currentOwner":{"name":"Fenrisulven","id":14493},"time":"2021-08-05T19:49:28+0000","type":"takeover","longitude":14.160343},{"zone":{"previousOwner":{"name":"V12","id":241798},"dateCreated":"2010-09-04T14:41:37+0000","dateLastTaken":"2021-08-05T19:49:27+0000","latitude":59.838213,"currentOwner":{"name":"Pellonen73","id":243217},"name":"WoodZone","id":531,"totalTakeovers":7639,"region":{"country":"se","name":"Uppsala","id":142},"pointsPerHour":6,"longitude":17.623081,"takeoverPoints":110},"latitude":59.838213,"currentOwner":{"name":"Pellonen73","id":243217},"time":"2021-08-05T19:49:27+0000","type":"takeover","longitude":17.623081},{"zone":{"previousOwner":{"name":"Pyxen","id":100395},"dateCreated":"2011-05-31T00:00:00+0000","dateLastTaken":"2021-08-05T19:49:27+0000","latitude":64.743352,"currentOwner":{"name":"Cados","id":163926},"name":"Southcry","id":1738,"totalTakeovers":12290,"region":{"country":"se","name":"Västerbotten","id":127},"pointsPerHour":6,"longitude":20.953322,"takeoverPoints":110},"latitude":64.743352,"currentOwner":{"name":"Cados","id":163926},"time":"2021-08-05T19:49:27+0000","type":"takeover","longitude":20.953322},{"zone":{"previousOwner":{"name":"VNV_Legion","id":69470},"dateLastTaken":"2021-08-05T19:49:26+0000","latitude":59.332062,"totalTakeovers":33107,"pointsPerHour":9,"takeoverPoints":65,"dateCreated":"2010-07-17T00:00:00+0000","currentOwner":{"name":"Possanzini","id":20410},"name":"NybroZone","id":241,"region":{"country":"se","name":"Stockholm","id":141},"longitude":18.075602},"latitude":59.332062,"currentOwner":{"name":"Possanzini","id":20410},"time":"2021-08-05T19:49:26+0000","type":"takeover","longitude":18.075602},{"zone":{"previousOwner":{"name":"CS1871","id":247411},"dateLastTaken":"2021-08-05T19:49:25+0000","latitude":59.334431,"totalTakeovers":2674,"pointsPerHour":7,"takeoverPoints":95,"dateCreated":"2017-06-20T13:00:00+0000","currentOwner":{"name":"~Sisyfos~","id":64357},"name":"VitaAnskarii","id":114521,"region":{"country":"se","name":"Stockholm","id":141},"longitude":17.97833},"latitude":59.334431,"currentOwner":{"name":"~Sisyfos~","id":64357},"time":"2021-08-05T19:49:25+0000","type":"takeover","longitude":17.97833},{"zone":{"previousOwner":{"name":"Orginator","id":178112},"dateCreated":"2013-12-24T11:00:05+0000","dateLastTaken":"2021-08-05T19:49:19+0000","latitude":59.447019,"currentOwner":{"name":"Pope","id":167233},"name":"Galoppfältet","id":23922,"totalTakeovers":2348,"region":{"country":"se","name":"Stockholm","id":141},"pointsPerHour":5,"longitude":18.08576,"takeoverPoints":125},"latitude":59.447019,"currentOwner":{"name":"Pope","id":167233},"time":"2021-08-05T19:49:19+0000","type":"takeover","longitude":18.08576},{"zone":{"previousOwner":{"name":"Snabelanna","id":27629},"dateCreated":"2014-12-24T14:00:00+0000","dateLastTaken":"2021-08-05T19:49:15+0000","latitude":56.665623,"currentOwner":{"name":"GW007","id":77704},"name":"Vesholm","id":42465,"totalTakeovers":5793,"region":{"country":"se","name":"Kalmar","id":137},"pointsPerHour":5,"longitude":16.316084,"takeoverPoints":125},"latitude":56.665623,"currentOwner":{"name":"GW007","id":77704},"time":"2021-08-05T19:49:15+0000","type":"takeover","longitude":16.316084},{"zone":{"previousOwner":{"name":"eplkurt","id":32644},"dateCreated":"2012-12-03T08:24:56+0000","dateLastTaken":"2021-08-05T19:49:13+0000","latitude":64.737522,"currentOwner":{"name":"Sledge","id":241272},"name":"TreeAlley","id":12119,"totalTakeovers":8031,"region":{"country":"se","name":"Västerbotten","id":127},"pointsPerHour":6,"longitude":20.96927,"takeoverPoints":110},"latitude":64.737522,"currentOwner":{"name":"Sledge","id":241272},"time":"2021-08-05T19:49:13+0000","type":"takeover","longitude":20.96927},{"zone":{"previousOwner":{"name":"Stiglöparen","id":326742},"dateCreated":"2018-10-17T05:00:00+0000","dateLastTaken":"2021-08-05T19:49:12+0000","latitude":59.320346,"currentOwner":{"name":"iBear","id":56147},"name":"Snorkuse","id":175256,"totalTakeovers":547,"region":{"country":"se","name":"Stockholm","id":141},"pointsPerHour":3,"longitude":18.40362,"takeoverPoints":155},"latitude":59.320346,"currentOwner":{"name":"iBear","id":56147},"time":"2021-08-05T19:49:12+0000","type":"takeover","longitude":18.40362},{"zone":{"previousOwner":{"name":"Lillatanten","id":25936},"dateLastTaken":"2021-08-05T19:49:12+0000","latitude":59.300159,"totalTakeovers":18844,"pointsPerHour":8,"takeoverPoints":80,"dateCreated":"2012-03-30T23:06:52+0000","currentOwner":{"name":"Deneva","id":68382},"name":"ÅrstabergStn","id":7722,"region":{"country":"se","name":"Stockholm","id":141},"longitude":18.029839},"latitude":59.300159,"currentOwner":{"name":"Deneva","id":68382},"time":"2021-08-05T19:49:12+0000","type":"takeover","longitude":18.029839},{"zone":{"previousOwner":{"name":"Maltes","id":212649},"dateCreated":"2014-03-13T22:53:01+0000","dateLastTaken":"2021-08-05T19:49:07+0000","latitude":59.065533,"currentOwner":{"name":"SFL","id":165454},"name":"HallsTennis","id":26844,"totalTakeovers":5085,"region":{"country":"se","name":"Örebro","id":131},"pointsPerHour":4,"longitude":15.083158,"takeoverPoints":140},"latitude":59.065533,"currentOwner":{"name":"SFL","id":165454},"time":"2021-08-05T19:49:07+0000","type":"takeover","longitude":15.083158},{"zone":{"previousOwner":{"name":"steken","id":144169},"dateCreated":"2014-08-20T16:00:00+0000","dateLastTaken":"2021-08-05T19:49:04+0000","latitude":59.578197,"currentOwner":{"name":"vixen03","id":298883},"name":"KulIMotvind","id":33682,"totalTakeovers":5485,"region":{"country":"se","name":"Västmanland","id":143},"pointsPerHour":6,"longitude":16.517698,"takeoverPoints":110},"latitude":59.578197,"currentOwner":{"name":"vixen03","id":298883},"time":"2021-08-05T19:49:04+0000","type":"takeover","longitude":16.517698},{"zone":{"previousOwner":{"name":"Buzd","id":317315},"dateCreated":"2016-09-01T17:19:10+0000","dateLastTaken":"2021-08-05T19:49:00+0000","latitude":59.358773,"currentOwner":{"name":"Pajje","id":283572},"name":"Tuvanparken","id":82413,"totalTakeovers":4696,"region":{"country":"se","name":"Stockholm","id":141},"pointsPerHour":5,"longitude":17.966353,"takeoverPoints":125},"latitude":59.358773,"currentOwner":{"name":"Pajje","id":283572},"time":"2021-08-05T19:49:00+0000","type":"takeover","longitude":17.966353},{"zone":{"previousOwner":{"name":"SneakyFudger","id":2656},"dateCreated":"2015-12-24T13:59:00+0000","dateLastTaken":"2021-08-05T19:49:00+0000","latitude":59.255169,"currentOwner":{"name":"Elena","id":26568},"name":"AlmondBread","id":61491,"totalTakeovers":8346,"region":{"country":"se","name":"Stockholm","id":141},"pointsPerHour":5,"longitude":18.104486,"takeoverPoints":125},"latitude":59.255169,"currentOwner":{"name":"Elena","id":26568},"time":"2021-08-05T19:49:00+0000","type":"takeover","longitude":18.104486},{"zone":{"previousOwner":{"name":"DoodleDad","id":311442},"dateCreated":"2020-08-24T07:00:00+0000","dateLastTaken":"2021-08-05T19:48:59+0000","latitude":56.057431,"currentOwner":{"name":"LPAce","id":317356},"name":"StAndrewsWell","id":321457,"totalTakeovers":509,"region":{"country":"gb","name":"Scotland","id":200},"pointsPerHour":4,"longitude":-2.717401,"takeoverPoints":140},"latitude":56.057431,"currentOwner":{"name":"LPAce","id":317356},"time":"2021-08-05T19:48:59+0000","type":"takeover","longitude":-2.717401},{"zone":{"previousOwner":{"name":"igelstorp","id":17475},"dateCreated":"2017-08-19T07:00:00+0000","dateLastTaken":"2021-08-05T19:48:59+0000","latitude":59.836136,"currentOwner":{"name":"allinug","id":227848},"name":"SlånSnö","id":115861,"totalTakeovers":1580,"region":{"country":"se","name":"Uppsala","id":142},"pointsPerHour":4,"longitude":17.583659,"takeoverPoints":140},"latitude":59.836136,"currentOwner":{"name":"allinug","id":227848},"time":"2021-08-05T19:48:59+0000","type":"takeover","longitude":17.583659},{"zone":{"previousOwner":{"name":"sivandivan","id":202645},"dateCreated":"2016-08-13T05:00:10+0000","dateLastTaken":"2021-08-05T19:48:59+0000","latitude":63.201432,"currentOwner":{"name":"Harmild","id":298782},"name":"HalvaVägen","id":80584,"totalTakeovers":1363,"region":{"country":"se","name":"Jämtland","id":128},"pointsPerHour":4,"longitude":14.63985,"takeoverPoints":140},"latitude":63.201432,"currentOwner":{"name":"Harmild","id":298782},"time":"2021-08-05T19:48:59+0000","type":"takeover","longitude":14.63985},{"zone":{"previousOwner":{"name":"Adrian1233","id":330001},"dateCreated":"2012-04-01T19:52:42+0000","dateLastTaken":"2021-08-05T19:48:59+0000","latitude":59.390383,"currentOwner":{"name":"TurfGöran","id":313564},"name":"GoldsmithZone","id":7791,"totalTakeovers":2680,"region":{"country":"se","name":"Värmland","id":130},"pointsPerHour":4,"longitude":13.427498,"takeoverPoints":140},"latitude":59.390383,"currentOwner":{"name":"TurfGöran","id":313564},"time":"2021-08-05T19:48:59+0000","type":"takeover","longitude":13.427498},{"zone":{"previousOwner":{"name":"Taxichefen","id":235080},"dateLastTaken":"2021-08-05T19:48:57+0000","latitude":65.588808,"totalTakeovers":538,"pointsPerHour":5,"takeoverPoints":125,"dateCreated":"2011-09-15T10:00:00+0000","currentOwner":{"name":"feudik","id":21325},"name":"ArvidTrain","id":3324,"region":{"country":"se","name":"Norrbotten","id":126},"longitude":19.168836},"latitude":65.588808,"currentOwner":{"name":"feudik","id":21325},"time":"2021-08-05T19:48:57+0000","type":"takeover","longitude":19.168836},{"zone":{"previousOwner":{"name":"nijmegenaar","id":199619},"dateCreated":"2016-08-12T03:00:00+0000","dateLastTaken":"2021-08-05T19:48:52+0000","latitude":59.521408,"currentOwner":{"name":"Lejfis","id":158950},"name":"TullbackenOld","id":80294,"totalTakeovers":7182,"region":{"country":"se","name":"Örebro","id":131},"pointsPerHour":7,"longitude":15.039795,"takeoverPoints":95},"latitude":59.521408,"currentOwner":{"name":"Lejfis","id":158950},"time":"2021-08-05T19:48:52+0000","type":"takeover","longitude":15.039795},{"zone":{"previousOwner":{"name":"molex","id":240222},"dateLastTaken":"2021-08-05T19:48:48+0000","latitude":59.627095,"totalTakeovers":3183,"pointsPerHour":5,"takeoverPoints":125,"dateCreated":"2014-09-27T09:00:00+0000","currentOwner":{"name":"Vokalis","id":90575},"name":"TelegraphZone","id":37249,"region":{"country":"se","name":"Stockholm","id":141},"longitude":17.834731},"latitude":59.627095,"currentOwner":{"name":"Vokalis","id":90575},"time":"2021-08-05T19:48:48+0000","type":"takeover","longitude":17.834731},{"zone":{"previousOwner":{"name":"Brompton","id":252870},"dateCreated":"2020-07-01T05:00:00+0000","dateLastTaken":"2021-08-05T19:48:47+0000","latitude":60.172612,"currentOwner":{"name":"Tjapp","id":227746},"name":"KöpDiamanter","id":316512,"totalTakeovers":172,"region":{"country":"se","name":"Uppsala","id":142},"pointsPerHour":2,"longitude":18.177987,"takeoverPoints":170},"latitude":60.172612,"currentOwner":{"name":"Tjapp","id":227746},"time":"2021-08-05T19:48:47+0000","type":"takeover","longitude":18.177987},{"zone":{"previousOwner":{"name":"Karamella","id":158664},"dateCreated":"2013-06-28T21:38:10+0000","dateLastTaken":"2021-08-05T19:48:45+0000","latitude":60.475956,"currentOwner":{"name":"Bigbang","id":106128},"name":"Tågkaos","id":20407,"totalTakeovers":3071,"region":{"country":"se","name":"Dalarna","id":129},"pointsPerHour":3,"longitude":15.422351,"takeoverPoints":155},"latitude":60.475956,"currentOwner":{"name":"Bigbang","id":106128},"time":"2021-08-05T19:48:45+0000","type":"takeover","longitude":15.422351},{"zone":{"previousOwner":{"name":"Hairy_Oobit","id":312348},"dateCreated":"2020-12-20T17:41:50+0000","dateLastTaken":"2021-08-05T19:48:43+0000","latitude":58.974891,"currentOwner":{"name":"Placid_Casual","id":312475},"name":"OrkneySummer","id":357779,"totalTakeovers":6,"region":{"country":"gb","name":"Scotland","id":200},"pointsPerHour":1,"longitude":-2.957063,"takeoverPoints":185},"latitude":58.974891,"currentOwner":{"name":"Placid_Casual","id":312475},"time":"2021-08-05T19:48:43+0000","type":"takeover","longitude":-2.957063},{"zone":{"previousOwner":{"name":"UnluckyOne","id":262656},"dateCreated":"2021-05-13T21:00:00+0000","dateLastTaken":"2021-08-05T19:48:41+0000","latitude":56.0298,"currentOwner":{"name":"VM","id":50180},"name":"GustavsCross","id":411265,"totalTakeovers":81,"region":{"country":"se","name":"Skåne","id":135},"pointsPerHour":3,"longitude":12.746043,"takeoverPoints":155},"latitude":56.0298,"currentOwner":{"name":"VM","id":50180},"time":"2021-08-05T19:48:41+0000","type":"takeover","longitude":12.746043},{"zone":{"previousOwner":{"name":"mcDuff","id":153544},"dateCreated":"2014-08-18T15:26:16+0000","dateLastTaken":"2021-08-05T19:48:39+0000","latitude":57.717644,"currentOwner":{"name":"Dadeee","id":327379},"name":"Mynthisen","id":33665,"totalTakeovers":9762,"region":{"country":"se","name":"Västra Götaland","id":132},"pointsPerHour":6,"longitude":11.945348,"takeoverPoints":110},"latitude":57.717644,"currentOwner":{"name":"Dadeee","id":327379},"time":"2021-08-05T19:48:39+0000","type":"takeover","longitude":11.945348},{"zone":{"previousOwner":{"name":"Tessa10","id":225736},"dateLastTaken":"2021-08-05T19:48:37+0000","latitude":60.108608,"totalTakeovers":3671,"pointsPerHour":5,"takeoverPoints":125,"dateCreated":"2016-06-27T15:00:00+0000","currentOwner":{"name":"YotH","id":136726},"name":"Captainashore","id":78949,"region":{"country":"fi","name":"Åland","id":177},"longitude":19.927033},"latitude":60.108608,"currentOwner":{"name":"YotH","id":136726},"time":"2021-08-05T19:48:37+0000","type":"takeover","longitude":19.927033},{"zone":{"previousOwner":{"name":"féarglas","id":280861},"dateCreated":"2020-05-20T14:00:00+0000","dateLastTaken":"2021-08-05T19:48:37+0000","latitude":55.94989,"currentOwner":{"name":"ElsieSpanner","id":309195},"name":"RavelstonDyke","id":296086,"totalTakeovers":160,"region":{"country":"gb","name":"Scotland","id":200},"pointsPerHour":1,"longitude":-3.256109,"takeoverPoints":185},"latitude":55.94989,"currentOwner":{"name":"ElsieSpanner","id":309195},"time":"2021-08-05T19:48:37+0000","type":"takeover","longitude":-3.256109},{"zone":{"previousOwner":{"name":"Cykeltanten81","id":247088},"dateCreated":"2016-09-03T00:03:07+0000","dateLastTaken":"2021-08-05T19:48:36+0000","latitude":59.301075,"currentOwner":{"name":"AllaCalle","id":321000},"name":"SwordField","id":82880,"totalTakeovers":4279,"region":{"country":"se","name":"Stockholm","id":141},"pointsPerHour":6,"longitude":18.03942,"takeoverPoints":110},"latitude":59.301075,"currentOwner":{"name":"AllaCalle","id":321000},"time":"2021-08-05T19:48:36+0000","type":"takeover","longitude":18.03942},{"zone":{"previousOwner":{"name":"cre8or","id":64352},"dateLastTaken":"2021-08-05T19:48:35+0000","latitude":57.726304,"totalTakeovers":5280,"pointsPerHour":4,"takeoverPoints":140,"dateCreated":"2013-02-06T07:22:57+0000","currentOwner":{"name":"MrJokerit","id":81469},"name":"BrunnsbosBro","id":14655,"region":{"country":"se","name":"Västra Götaland","id":132},"longitude":11.970095},"latitude":57.726304,"currentOwner":{"name":"MrJokerit","id":81469},"time":"2021-08-05T19:48:35+0000","type":"takeover","longitude":11.970095},{"zone":{"previousOwner":{"name":"löpare56","id":176776},"dateCreated":"2020-04-28T19:19:46+0000","dateLastTaken":"2021-08-05T19:48:33+0000","latitude":59.361235,"currentOwner":{"name":"Buzd","id":317315},"name":"Riktändring","id":278606,"totalTakeovers":1383,"region":{"country":"se","name":"Stockholm","id":141},"pointsPerHour":6,"longitude":17.983852,"takeoverPoints":110},"latitude":59.361235,"currentOwner":{"name":"Buzd","id":317315},"time":"2021-08-05T19:48:33+0000","type":"takeover","longitude":17.983852},{"zone":{"previousOwner":{"name":"Svisse","id":40918},"dateCreated":"2013-07-31T07:56:12+0000","dateLastTaken":"2021-08-05T19:48:32+0000","latitude":59.124934,"currentOwner":{"name":"EwaC","id":100350},"name":"Odenkyrka","id":21072,"totalTakeovers":10894,"region":{"country":"se","name":"Örebro","id":131},"pointsPerHour":6,"longitude":15.140965,"takeoverPoints":110},"latitude":59.124934,"currentOwner":{"name":"EwaC","id":100350},"time":"2021-08-05T19:48:32+0000","type":"takeover","longitude":15.140965},{"zone":{"previousOwner":{"name":"onson","id":213119},"dateLastTaken":"2021-08-05T19:48:32+0000","latitude":57.704413,"totalTakeovers":31146,"pointsPerHour":9,"takeoverPoints":65,"dateCreated":"2011-02-21T20:59:43+0000","currentOwner":{"name":"Kirakira","id":142894},"name":"GötaDome","id":1500,"region":{"country":"se","name":"Västra Götaland","id":132},"longitude":11.964344},"latitude":57.704413,"currentOwner":{"name":"Kirakira","id":142894},"time":"2021-08-05T19:48:32+0000","type":"takeover","longitude":11.964344},{"zone":{"previousOwner":{"name":"ABECE","id":61470},"dateCreated":"2014-03-07T12:09:21+0000","dateLastTaken":"2021-08-05T19:48:24+0000","latitude":59.335168,"currentOwner":{"name":"Danskkorv94","id":332755},"name":"PumpaLoss","id":26440,"totalTakeovers":5764,"region":{"country":"se","name":"Värmland","id":130},"pointsPerHour":5,"longitude":13.509599,"takeoverPoints":125},"latitude":59.335168,"currentOwner":{"name":"Danskkorv94","id":332755},"time":"2021-08-05T19:48:24+0000","type":"takeover","longitude":13.509599},{"zone":{"previousOwner":{"name":"Bath","id":57990},"dateLastTaken":"2021-08-05T19:48:19+0000","latitude":58.420305,"totalTakeovers":5933,"pointsPerHour":4,"takeoverPoints":140,"dateCreated":"2015-04-26T21:42:40+0000","currentOwner":{"name":"Fenrisulven","id":14493},"name":"Missionzon","id":50367,"region":{"country":"se","name":"Västra Götaland","id":132},"longitude":14.161077},"latitude":58.420305,"currentOwner":{"name":"Fenrisulven","id":14493},"time":"2021-08-05T19:48:19+0000","type":"takeover","longitude":14.161077},{"zone":{"previousOwner":{"name":"madett","id":96056},"dateLastTaken":"2021-08-05T19:48:17+0000","latitude":63.170417,"totalTakeovers":2757,"pointsPerHour":6,"takeoverPoints":110,"dateCreated":"2016-08-15T15:50:00+0000","currentOwner":{"name":"mammmalisa","id":272165},"name":"ÖstersundRail","id":80711,"region":{"country":"se","name":"Jämtland","id":128},"longitude":14.637335},"latitude":63.170417,"currentOwner":{"name":"mammmalisa","id":272165},"time":"2021-08-05T19:48:17+0000","type":"takeover","longitude":14.637335},{"zone":{"previousOwner":{"name":"Király","id":169417},"dateCreated":"2016-12-24T10:00:00+0000","dateLastTaken":"2021-08-05T19:48:17+0000","latitude":55.596606,"currentOwner":{"name":"Jonte67","id":284492},"name":"Kruthornet","id":93086,"totalTakeovers":7337,"region":{"country":"se","name":"Skåne","id":135},"pointsPerHour":7,"longitude":12.989853,"takeoverPoints":95},"latitude":55.596606,"currentOwner":{"name":"Jonte67","id":284492},"time":"2021-08-05T19:48:17+0000","type":"takeover","longitude":12.989853},{"zone":{"previousOwner":{"name":"Linda-Lee","id":44573},"dateLastTaken":"2021-08-05T19:48:09+0000","latitude":59.385699,"totalTakeovers":18859,"pointsPerHour":8,"takeoverPoints":80,"dateCreated":"2013-11-15T00:00:00+0000","currentOwner":{"name":"nordans","id":90071},"name":"Sandgrund","id":22887,"region":{"country":"se","name":"Värmland","id":130},"longitude":13.503144},"latitude":59.385699,"currentOwner":{"name":"nordans","id":90071},"time":"2021-08-05T19:48:09+0000","type":"takeover","longitude":13.503144}]