[{"zone":{"previousOwner":{"name":"magikmama","id":304387},"dateCreated":"2021-04-10T18:21:34+0000","dateLastTaken":"2021-08-09T23:12:56+0000","latitude":44.949782,"currentOwner":{"name":"Bstat","id":303529},"name":"IndianMounds","id":396930,"totalTakeovers":9,"region":{"country":"us","name":"Minnesota","id":405},"pointsPerHour":1,"longitude":-93.06866,"takeoverPoints":185},"latitude":44.949782,"currentOwner":{"name":"Bstat","id":303529},"time":"2021-08-09T23:12:56+0000","type":"takeover","longitude":-93.06866},{"zone":{"previousOwner":{"name":"poisme","id":227090},"dateCreated":"2015-02-28T06:00:00+0000","dateLastTaken":"2021-08-09T23:12:18+0000","latitude":59.113021,"currentOwner":{"name":"sjs","id":58297},"name":"SportfältVäst","id":44855,"totalTakeovers":6705,"region":{"country":"se","name":"Örebro","id":131},"pointsPerHour":5,"longitude":15.148019,"takeoverPoints":125},"latitude":59.113021,"currentOwner":{"name":"sjs","id":58297},"time":"2021-08-09T23:12:18+0000","type":"takeover","longitude":15.148019},{"zone":{"previousOwner":{"name":"Mackan!","id":297712},"dateCreated":"2017-10-06T17:01:12+0000","dateLastTaken":"2021-08-09T23:11:56+0000","latitude":55.596133,"currentOwner":{"name":"Király","id":169417},"name":"MästerEriks","id":134144,"totalTakeovers":3518,"region":{"country":"se","name":"Skåne","id":135},"pointsPerHour":6,"longitude":13.017684,"takeoverPoints":110},"latitude":55.596133,"currentOwner":{"name":"Király","id":169417},"time":"2021-08-09T23:11:56+0000","type":"takeover","longitude":13.017684},{"zone":{"previousOwner":{"name":"Electromatic","id":163659},"dateCreated":"2017-05-25T11:02:26+0000","dateLastTaken":"2021-08-09T23:11:24+0000","latitude":59.433707,"currentOwner":{"name":"HereIGoAgain","id":254091},"name":"Kunskapstörst","id":109453,"totalTakeovers":2894,"region":{"country":"se","name":"Stockholm","id":141},"pointsPerHour":5,"longitude":18.078408,"takeoverPoints":125},"latitude":59.433707,"currentOwner":{"name":"HereIGoAgain","id":254091},"time":"2021-08-09T23:11:24+0000","type":"takeover","longitude":18.078408},{"zone":{"previousOwner":{"name":"poisme","id":227090},"dateCreated":"2012-09-14T10:00:00+0000","dateLastTaken":"2021-08-09T23:11:06+0000","latitude":59.114642,"currentOwner":{"name":"sjs","id":58297},"name":"SportfältÖst","id":11325,"totalTakeovers":10300,"region":{"country":"se","name":"Örebro","id":131},"pointsPerHour":5,"longitude":15.1512,"takeoverPoints":125},"latitude":59.114642,"currentOwner":{"name":"sjs","id":58297},"time":"2021-08-09T23:11:06+0000","type":"takeover","longitude":15.1512},{"zone":{"previousOwner":{"name":"MNHek","id":303521},"dateCreated":"2021-05-15T15:46:08+0000","dateLastTaken":"2021-08-09T23:10:49+0000","latitude":44.950309,"currentOwner":{"name":"hotbike","id":310089},"name":"HeatIsRising","id":411409,"totalTakeovers":85,"region":{"country":"us","name":"Minnesota","id":405},"pointsPerHour":3,"longitude":-93.279195,"takeoverPoints":155},"latitude":44.950309,"currentOwner":{"name":"hotbike","id":310089},"time":"2021-08-09T23:10:49+0000","type":"takeover","longitude":-93.279195},{"zone":{"previousOwner":{"name":"tremorbalk","id":16690},"dateCreated":"2010-09-04T14:41:37+0000","dateLastTaken":"2021-08-09T23:10:38+0000","latitude":55.596755,"currentOwner":{"name":"Király","id":169417},"name":"KnutZone","id":394,"totalTakeovers":8790,"region":{"country":"se","name":"Skåne","id":135},"pointsPerHour":7,"longitude":13.012935,"takeoverPoints":95},"latitude":55.596755,"currentOwner":{"name":"Király","id":169417},"time":"2021-08-09T23:10:38+0000","type":"takeover","longitude":13.012935},{"zone":{"previousOwner":{"name":"magikmama","id":304387},"dateLastTaken":"2021-08-09T23:09:59+0000","latitude":44.946066,"totalTakeovers":6,"pointsPerHour":1,"takeoverPoints":185,"dateCreated":"2021-05-15T18:14:48+0000","currentOwner":{"name":"Bstat","id":303529},"name":"Mounds","id":411483,"region":{"country":"us","name":"Minnesota","id":405},"longitude":-93.056901},"latitude":44.946066,"currentOwner":{"name":"Bstat","id":303529},"time":"2021-08-09T23:09:59+0000","type":"takeover","longitude":-93.056901},{"zone":{"previousOwner":{"name":"poisme","id":227090},"dateCreated":"2018-06-14T15:09:14+0000","dateLastTaken":"2021-08-09T23:09:56+0000","latitude":59.11551,"currentOwner":{"name":"sjs","id":58297},"name":"KumlabyPath","id":154049,"totalTakeovers":3522,"region":{"country":"se","name":"Örebro","id":131},"pointsPerHour":5,"longitude":15.147653,"takeoverPoints":125},"latitude":59.11551,"currentOwner":{"name":"sjs","id":58297},"time":"2021-08-09T23:09:56+0000","type":"takeover","longitude":15.147653},{"zone":{"previousOwner":{"name":"Electromatic","id":163659},"dateCreated":"2017-05-15T11:00:51+0000","dateLastTaken":"2021-08-09T23:09:44+0000","latitude":59.43183,"currentOwner":{"name":"HereIGoAgain","id":254091},"name":"Eremitfalken","id":109452,"totalTakeovers":2688,"region":{"country":"se","name":"Stockholm","id":141},"pointsPerHour":5,"longitude":18.076595,"takeoverPoints":125},"latitude":59.43183,"currentOwner":{"name":"HereIGoAgain","id":254091},"time":"2021-08-09T23:09:44+0000","type":"takeover","longitude":18.076595},{"zone":{"previousOwner":{"name":"MNHek","id":303521},"dateCreated":"2021-02-21T23:58:11+0000","dateLastTaken":"2021-08-09T23:09:35+0000","latitude":44.95031,"currentOwner":{"name":"hotbike","id":310089},"name":"Stevens","id":387507,"totalTakeovers":165,"region":{"country":"us","name":"Minnesota","id":405},"pointsPerHour":3,"longitude":-93.276162,"takeoverPoints":155},"latitude":44.95031,"currentOwner":{"name":"hotbike","id":310089},"time":"2021-08-09T23:09:35+0000","type":"takeover","longitude":-93.276162},{"zone":{"previousOwner":{"name":"Ramsey11","id":115036},"dateCreated":"2010-09-04T14:41:37+0000","dateLastTaken":"2021-08-09T23:09:28+0000","latitude":55.597775,"currentOwner":{"name":"Király","id":169417},"name":"Smithzone","id":521,"totalTakeovers":9070,"region":{"country":"se","name":"Skåne","id":135},"pointsPerHour":7,"longitude":13.009922,"takeoverPoints":95},"latitude":55.597775,"currentOwner":{"name":"Király","id":169417},"time":"2021-08-09T23:09:28+0000","type":"takeover","longitude":13.009922},{"zone":{"previousOwner":{"name":"poisme","id":227090},"dateCreated":"2014-02-18T16:00:00+0000","dateLastTaken":"2021-08-09T23:09:04+0000","latitude":59.117435,"currentOwner":{"name":"sjs","id":58297},"name":"SportfältNorr","id":25962,"totalTakeovers":10271,"region":{"country":"se","name":"Örebro","id":131},"pointsPerHour":6,"longitude":15.146926,"takeoverPoints":110},"latitude":59.117435,"currentOwner":{"name":"sjs","id":58297},"time":"2021-08-09T23:09:04+0000","type":"takeover","longitude":15.146926},{"zone":{"previousOwner":{"name":"tempatti","id":139122},"dateCreated":"2018-10-11T08:48:01+0000","dateLastTaken":"2021-08-09T23:08:46+0000","latitude":60.442617,"currentOwner":{"name":"TortugaVeloz","id":166983},"name":"Savenvalaja","id":175859,"totalTakeovers":1958,"region":{"country":"fi","name":"Lounais-Suomi","id":184},"pointsPerHour":5,"longitude":22.251974,"takeoverPoints":125},"latitude":60.442617,"currentOwner":{"name":"TortugaVeloz","id":166983},"time":"2021-08-09T23:08:46+0000","type":"takeover","longitude":22.251974},{"zone":{"previousOwner":{"name":"Blues67","id":188022},"dateLastTaken":"2021-08-09T23:08:41+0000","latitude":63.710659,"totalTakeovers":3902,"pointsPerHour":5,"takeoverPoints":125,"dateCreated":"2014-11-04T23:44:19+0000","currentOwner":{"name":"bengtbbb","id":64627},"name":"BlåBro","id":41815,"region":{"country":"se","name":"Västerbotten","id":127},"longitude":20.335546},"latitude":63.710659,"currentOwner":{"name":"bengtbbb","id":64627},"time":"2021-08-09T23:08:41+0000","type":"takeover","longitude":20.335546},{"zone":{"previousOwner":{"name":"fabbe2","id":188890},"dateCreated":"2013-03-04T20:12:23+0000","dateLastTaken":"2021-08-09T23:08:41+0000","latitude":55.725911,"currentOwner":{"name":"iwannarock123","id":304645},"name":"Jaktpass","id":15524,"totalTakeovers":3831,"region":{"country":"se","name":"Skåne","id":135},"pointsPerHour":5,"longitude":13.17254,"takeoverPoints":125},"latitude":55.725911,"currentOwner":{"name":"iwannarock123","id":304645},"time":"2021-08-09T23:08:41+0000","type":"takeover","longitude":13.17254},{"zone":{"previousOwner":{"name":"Tinman","id":324199},"dateCreated":"2021-02-03T19:05:19+0000","dateLastTaken":"2021-08-09T23:08:37+0000","latitude":44.980534,"currentOwner":{"name":"turfclubber","id":315356},"name":"DontCollapse","id":381116,"totalTakeovers":111,"region":{"country":"us","name":"Minnesota","id":405},"pointsPerHour":2,"longitude":-93.245076,"takeoverPoints":170},"latitude":44.980534,"currentOwner":{"name":"turfclubber","id":315356},"time":"2021-08-09T23:08:37+0000","type":"takeover","longitude":-93.245076},{"zone":{"previousOwner":{"name":"MNHek","id":303521},"dateCreated":"2021-02-03T19:14:40+0000","dateLastTaken":"2021-08-09T23:08:30+0000","latitude":44.950351,"currentOwner":{"name":"hotbike","id":310089},"name":"AllAboard","id":381126,"totalTakeovers":181,"region":{"country":"us","name":"Minnesota","id":405},"pointsPerHour":3,"longitude":-93.273385,"takeoverPoints":155},"latitude":44.950351,"currentOwner":{"name":"hotbike","id":310089},"time":"2021-08-09T23:08:30+0000","type":"takeover","longitude":-93.273385},{"zone":{"previousOwner":{"name":"poisme","id":227090},"dateCreated":"2019-05-11T10:30:00+0000","dateLastTaken":"2021-08-09T23:07:51+0000","latitude":59.116875,"currentOwner":{"name":"sjs","id":58297},"name":"Hägerhägring","id":193362,"totalTakeovers":2510,"region":{"country":"se","name":"Örebro","id":131},"pointsPerHour":4,"longitude":15.150917,"takeoverPoints":140},"latitude":59.116875,"currentOwner":{"name":"sjs","id":58297},"time":"2021-08-09T23:07:51+0000","type":"takeover","longitude":15.150917}]