[{"medal":32,"time":"2023-11-27T07:23:53+0000","type":"medal","user":{"country":"wd","medals":[51,11,7,32],"zones":[8864,23378,8867,8935,90697,47129,8857,47130,90701],"pointsPerHour":0,"points":6290,"blocktime":13,"taken":100,"name":"Sarria","totalPoints":45766,"rank":15,"id":304821,"place":6140,"uniqueZonesTaken":92,"region":{"name":"Italy","id":155}}},{"sender":{"country":"se","medals":[112,24,79,47,28,24,24,126,26,123,4,50,77,91,30,109,16,25,76,57,131,41,153],"zones":[1854],"pointsPerHour":3,"points":42145,"blocktime":21,"taken":26441,"name":"Flisan62","totalPoints":3986675,"rank":47,"id":43530,"place":1257,"uniqueZonesTaken":4374,"region":{"name":"Västra Götaland","id":132}},"time":"2023-11-27T07:08:36+0000","message":"Tack!😁","region":{"name":"Västra Götaland","id":132},"type":"chat"}]