[{"sender":{"country":"se","medals":[5,22,16,48,1,43,27,2,1,17,1,4,63,58,1,24,70,30,17,79,77,72,117,66,97,126,50,123,108,132,119,24,67,155],"zones":[22066,22067,92293,566046,37576,96105,232,176462],"pointsPerHour":19,"points":63472,"blocktime":24,"taken":105115,"name":"Mazarin","totalPoints":16955684,"rank":58,"id":26774,"place":848,"uniqueZonesTaken":3508,"region":{"name":"Stockholm","id":141}},"time":"2023-11-27T18:41:31+0000","message":"MrMcFox: Vi får räkna så! 🏆","region":{"name":"Stockholm","id":141},"type":"chat"},{"medal":84,"time":"2023-11-27T18:39:50+0000","type":"medal","user":{"country":"se","medals":[80,84],"zones":[95792,95795,20663,493919,408191],"pointsPerHour":0,"points":926,"blocktime":10,"taken":5,"name":"Hectorella","totalPoints":926,"rank":3,"id":415967,"place":6165,"uniqueZonesTaken":5,"region":{"name":"Stockholm","id":141}}},{"medal":80,"time":"2023-11-27T18:39:50+0000","type":"medal","user":{"country":"se","medals":[80,84],"zones":[95792,95795,20663,493919,408191],"pointsPerHour":0,"points":926,"blocktime":10,"taken":5,"name":"Hectorella","totalPoints":926,"rank":3,"id":415967,"place":6165,"uniqueZonesTaken":5,"region":{"name":"Stockholm","id":141}}},{"sender":{"country":"se","medals":[79,4,28,47,7,103,16,57,122,117,129,70,15,39,24,99,154],"zones":[25184,136245,348765,178235,94202,1230],"pointsPerHour":33,"points":60402,"blocktime":21,"taken":16426,"name":"MrMcFox","totalPoints":3040501,"rank":46,"id":159564,"place":893,"uniqueZonesTaken":1050,"region":{"name":"Stockholm","id":141}},"time":"2023-11-27T18:36:05+0000","message":"Mazarin: tillsammans slår vi @spikbebis75 :)","region":{"name":"Stockholm","id":141},"type":"chat"}]