[{"zone":{"dateCreated":"2021-06-17T07:33:58+0000","dateLastTaken":"0002-12-02T00:00:00+0000","latitude":57.720443,"name":"Saffrangången","id":428056,"totalTakeovers":0,"region":{"country":"se","name":"Västra Götaland","id":132},"pointsPerHour":2,"longitude":12.99691,"takeoverPoints":170},"time":"2021-06-17T07:33:58+0000","type":"zone"},{"zone":{"dateCreated":"2021-06-17T04:17:04+0000","dateLastTaken":"0002-12-02T00:00:00+0000","latitude":59.311227,"name":"FlixFloxFlax","id":410522,"totalTakeovers":0,"region":{"country":"se","name":"Stockholm","id":141},"pointsPerHour":7,"longitude":18.042988,"takeoverPoints":95},"time":"2021-06-17T04:17:04+0000","type":"zone"},{"zone":{"dateCreated":"2021-06-16T21:58:38+0000","dateLastTaken":"0002-12-02T00:00:00+0000","latitude":53.684614,"name":"CloughOasis","id":428054,"totalTakeovers":0,"region":{"country":"gb","name":"Yorkshire & The Humber","id":202},"pointsPerHour":1,"longitude":-2.137742,"takeoverPoints":185},"time":"2021-06-16T21:58:38+0000","type":"zone"},{"zone":{"dateCreated":"2021-06-16T21:54:24+0000","dateLastTaken":"0002-12-02T00:00:00+0000","latitude":53.693294,"name":"TroughEdge","id":428053,"totalTakeovers":0,"region":{"country":"gb","name":"Yorkshire & The Humber","id":202},"pointsPerHour":1,"longitude":-2.143651,"takeoverPoints":185},"time":"2021-06-16T21:54:24+0000","type":"zone"},{"zone":{"dateCreated":"2021-06-16T21:52:46+0000","dateLastTaken":"0002-12-02T00:00:00+0000","latitude":53.679356,"name":"RoughHill","id":428052,"totalTakeovers":0,"region":{"country":"gb","name":"North West England","id":201},"pointsPerHour":1,"longitude":-2.132772,"takeoverPoints":185},"time":"2021-06-16T21:52:46+0000","type":"zone"},{"zone":{"dateCreated":"2021-06-16T21:52:02+0000","dateLastTaken":"0002-12-02T00:00:00+0000","latitude":53.689981,"name":"Coolam","id":428051,"totalTakeovers":0,"region":{"country":"gb","name":"Yorkshire & The Humber","id":202},"pointsPerHour":1,"longitude":-2.136315,"takeoverPoints":185},"time":"2021-06-16T21:52:02+0000","type":"zone"},{"zone":{"dateCreated":"2021-06-16T19:14:22+0000","dateLastTaken":"0002-12-02T00:00:00+0000","latitude":59.293118,"name":"Tappströmmen","id":410519,"totalTakeovers":0,"region":{"country":"se","name":"Stockholm","id":141},"pointsPerHour":2,"longitude":17.804194,"takeoverPoints":170},"time":"2021-06-16T19:14:22+0000","type":"zone"},{"zone":{"dateCreated":"2021-06-16T18:40:57+0000","dateLastTaken":"0002-12-02T00:00:00+0000","latitude":59.543293,"name":"Grindhålet","id":409194,"totalTakeovers":0,"region":{"country":"se","name":"Västmanland","id":143},"pointsPerHour":1,"longitude":15.924124,"takeoverPoints":185},"time":"2021-06-16T18:40:57+0000","type":"zone"},{"zone":{"dateCreated":"2021-06-16T18:24:46+0000","dateLastTaken":"0002-12-02T00:00:00+0000","latitude":60.219637,"name":"Dragonparken","id":408853,"totalTakeovers":0,"region":{"country":"fi","name":"Etelä-Suomi","id":185},"pointsPerHour":1,"longitude":24.802185,"takeoverPoints":185},"time":"2021-06-16T18:24:46+0000","type":"zone"},{"zone":{"dateCreated":"2021-06-16T17:02:16+0000","dateLastTaken":"0002-12-02T00:00:00+0000","latitude":59.439945,"name":"TröttaBen","id":411793,"totalTakeovers":0,"region":{"country":"se","name":"Stockholm","id":141},"pointsPerHour":2,"longitude":17.984826,"takeoverPoints":170},"time":"2021-06-16T17:02:16+0000","type":"zone"},{"zone":{"dateCreated":"2021-06-16T16:54:57+0000","dateLastTaken":"0002-12-02T00:00:00+0000","latitude":50.924793,"name":"UniPark","id":428048,"totalTakeovers":0,"region":{"country":"de","name":"Nordrhein-Westfalen","id":445},"pointsPerHour":1,"longitude":6.935711,"takeoverPoints":185},"time":"2021-06-16T16:54:57+0000","type":"zone"},{"zone":{"dateCreated":"2021-06-16T16:52:21+0000","dateLastTaken":"0002-12-02T00:00:00+0000","latitude":50.943014,"name":"Stadtgarten","id":428047,"totalTakeovers":0,"region":{"country":"de","name":"Nordrhein-Westfalen","id":445},"pointsPerHour":2,"longitude":6.93465,"takeoverPoints":170},"time":"2021-06-16T16:52:21+0000","type":"zone"},{"zone":{"dateCreated":"2021-06-16T16:50:29+0000","dateLastTaken":"0002-12-02T00:00:00+0000","latitude":50.94483,"name":"SpichernGrün","id":428046,"totalTakeovers":0,"region":{"country":"de","name":"Nordrhein-Westfalen","id":445},"pointsPerHour":2,"longitude":6.938009,"takeoverPoints":170},"time":"2021-06-16T16:50:29+0000","type":"zone"},{"zone":{"dateCreated":"2021-06-16T16:47:13+0000","dateLastTaken":"0002-12-02T00:00:00+0000","latitude":50.957253,"name":"Routenauswahl","id":428045,"totalTakeovers":0,"region":{"country":"de","name":"Nordrhein-Westfalen","id":445},"pointsPerHour":2,"longitude":6.968728,"takeoverPoints":170},"time":"2021-06-16T16:47:13+0000","type":"zone"},{"zone":{"dateCreated":"2021-06-16T16:43:10+0000","dateLastTaken":"0002-12-02T00:00:00+0000","latitude":50.956989,"name":"FortX","id":428044,"totalTakeovers":0,"region":{"country":"de","name":"Nordrhein-Westfalen","id":445},"pointsPerHour":2,"longitude":6.961553,"takeoverPoints":170},"time":"2021-06-16T16:43:10+0000","type":"zone"},{"zone":{"dateCreated":"2021-06-16T14:43:45+0000","dateLastTaken":"0002-12-02T00:00:00+0000","latitude":64.176378,"name":"Killingaand","id":409219,"totalTakeovers":0,"region":{"country":"se","name":"Västerbotten","id":127},"pointsPerHour":1,"longitude":21.039143,"takeoverPoints":185},"time":"2021-06-16T14:43:45+0000","type":"zone"},{"zone":{"dateCreated":"2021-06-16T13:05:21+0000","dateLastTaken":"0002-12-02T00:00:00+0000","latitude":59.482088,"name":"Orkidémalva","id":410666,"totalTakeovers":0,"region":{"country":"se","name":"Stockholm","id":141},"pointsPerHour":1,"longitude":18.309965,"takeoverPoints":185},"time":"2021-06-16T13:05:21+0000","type":"zone"},{"zone":{"dateCreated":"2021-06-16T11:30:00+0000","dateLastTaken":"0002-12-02T00:00:00+0000","latitude":57.148633,"name":"Brodiach","id":427400,"totalTakeovers":0,"region":{"country":"gb","name":"Scotland","id":200},"pointsPerHour":1,"longitude":-2.265488,"takeoverPoints":185},"time":"2021-06-16T11:30:00+0000","type":"zone"},{"zone":{"dateCreated":"2021-06-16T09:30:00+0000","dateLastTaken":"0002-12-02T00:00:00+0000","latitude":56.018529,"name":"Härsnäs","id":409189,"totalTakeovers":0,"region":{"country":"se","name":"Skåne","id":135},"pointsPerHour":1,"longitude":13.250337,"takeoverPoints":185},"time":"2021-06-16T09:30:00+0000","type":"zone"},{"zone":{"dateCreated":"2021-06-16T09:00:00+0000","dateLastTaken":"0002-12-02T00:00:00+0000","latitude":60.266924,"name":"Gyntesbostig","id":428043,"totalTakeovers":0,"region":{"country":"se","name":"Dalarna","id":129},"pointsPerHour":2,"longitude":15.998843,"takeoverPoints":170},"time":"2021-06-16T09:00:00+0000","type":"zone"},{"zone":{"dateCreated":"2021-06-16T07:43:39+0000","dateLastTaken":"0002-12-02T00:00:00+0000","latitude":57.667524,"name":"Lassetornet","id":411822,"totalTakeovers":0,"region":{"country":"se","name":"Västra Götaland","id":132},"pointsPerHour":2,"longitude":12.040278,"takeoverPoints":170},"time":"2021-06-16T07:43:39+0000","type":"zone"},{"zone":{"dateCreated":"2021-06-16T07:22:03+0000","dateLastTaken":"0002-12-02T00:00:00+0000","latitude":59.410524,"name":"Skulpturkrok","id":411805,"totalTakeovers":0,"region":{"country":"se","name":"Stockholm","id":141},"pointsPerHour":1,"longitude":17.784298,"takeoverPoints":185},"time":"2021-06-16T07:22:03+0000","type":"zone"},{"zone":{"dateCreated":"2021-06-16T07:00:00+0000","dateLastTaken":"0002-12-02T00:00:00+0000","latitude":51.423632,"name":"GipsyHill","id":427997,"totalTakeovers":0,"region":{"country":"gb","name":"Greater London","id":207},"pointsPerHour":1,"longitude":-0.082718,"takeoverPoints":185},"time":"2021-06-16T07:00:00+0000","type":"zone"},{"zone":{"dateCreated":"2021-06-16T07:00:00+0000","dateLastTaken":"0002-12-02T00:00:00+0000","latitude":51.421055,"name":"PaxtonSeesYou","id":427999,"totalTakeovers":0,"region":{"country":"gb","name":"Greater London","id":207},"pointsPerHour":1,"longitude":-0.070641,"takeoverPoints":185},"time":"2021-06-16T07:00:00+0000","type":"zone"},{"zone":{"dateCreated":"2021-06-16T07:00:00+0000","dateLastTaken":"0002-12-02T00:00:00+0000","latitude":51.409346,"name":"BeaulieuHigh","id":428009,"totalTakeovers":0,"region":{"country":"gb","name":"Greater London","id":207},"pointsPerHour":1,"longitude":-0.083773,"takeoverPoints":185},"time":"2021-06-16T07:00:00+0000","type":"zone"},{"zone":{"dateCreated":"2021-06-16T07:00:00+0000","dateLastTaken":"0002-12-02T00:00:00+0000","latitude":51.411348,"name":"RiseOfNZ","id":428010,"totalTakeovers":0,"region":{"country":"gb","name":"Greater London","id":207},"pointsPerHour":1,"longitude":-0.083023,"takeoverPoints":185},"time":"2021-06-16T07:00:00+0000","type":"zone"},{"zone":{"dateCreated":"2021-06-16T07:00:00+0000","dateLastTaken":"0002-12-02T00:00:00+0000","latitude":51.424258,"name":"ChulsaHeights","id":428003,"totalTakeovers":0,"region":{"country":"gb","name":"Greater London","id":207},"pointsPerHour":1,"longitude":-0.062273,"takeoverPoints":185},"time":"2021-06-16T07:00:00+0000","type":"zone"},{"zone":{"dateCreated":"2021-06-16T07:00:00+0000","dateLastTaken":"0002-12-02T00:00:00+0000","latitude":51.397435,"name":"GalphinsField","id":428026,"totalTakeovers":0,"region":{"country":"gb","name":"Greater London","id":207},"pointsPerHour":1,"longitude":-0.124117,"takeoverPoints":185},"time":"2021-06-16T07:00:00+0000","type":"zone"},{"zone":{"dateCreated":"2021-06-16T07:00:00+0000","dateLastTaken":"0002-12-02T00:00:00+0000","latitude":51.420945,"name":"LawriePark","id":428000,"totalTakeovers":0,"region":{"country":"gb","name":"Greater London","id":207},"pointsPerHour":1,"longitude":-0.06068,"takeoverPoints":185},"time":"2021-06-16T07:00:00+0000","type":"zone"},{"zone":{"dateCreated":"2021-06-16T07:00:00+0000","dateLastTaken":"0002-12-02T00:00:00+0000","latitude":51.43102,"name":"JR","id":428005,"totalTakeovers":0,"region":{"country":"gb","name":"Greater London","id":207},"pointsPerHour":1,"longitude":-0.062577,"takeoverPoints":185},"time":"2021-06-16T07:00:00+0000","type":"zone"},{"zone":{"dateCreated":"2021-06-16T07:00:00+0000","dateLastTaken":"0002-12-02T00:00:00+0000","latitude":51.395706,"name":"LondonGrove","id":428027,"totalTakeovers":0,"region":{"country":"gb","name":"Greater London","id":207},"pointsPerHour":1,"longitude":-0.115759,"takeoverPoints":185},"time":"2021-06-16T07:00:00+0000","type":"zone"},{"zone":{"dateCreated":"2021-06-16T07:00:00+0000","dateLastTaken":"0002-12-02T00:00:00+0000","latitude":51.420455,"name":"BeardySphinx","id":427998,"totalTakeovers":0,"region":{"country":"gb","name":"Greater London","id":207},"pointsPerHour":1,"longitude":-0.075734,"takeoverPoints":185},"time":"2021-06-16T07:00:00+0000","type":"zone"},{"zone":{"dateCreated":"2021-06-16T07:00:00+0000","dateLastTaken":"0002-12-02T00:00:00+0000","latitude":51.416726,"name":"WestowPark","id":428006,"totalTakeovers":0,"region":{"country":"gb","name":"Greater London","id":207},"pointsPerHour":1,"longitude":-0.085199,"takeoverPoints":185},"time":"2021-06-16T07:00:00+0000","type":"zone"},{"zone":{"dateCreated":"2021-06-16T07:00:00+0000","dateLastTaken":"0002-12-02T00:00:00+0000","latitude":51.414287,"name":"AyeMate","id":428013,"totalTakeovers":0,"region":{"country":"gb","name":"Greater London","id":207},"pointsPerHour":1,"longitude":-0.068565,"takeoverPoints":185},"time":"2021-06-16T07:00:00+0000","type":"zone"},{"zone":{"dateCreated":"2021-06-16T07:00:00+0000","dateLastTaken":"0002-12-02T00:00:00+0000","latitude":51.398379,"name":"HeathSquare","id":428021,"totalTakeovers":0,"region":{"country":"gb","name":"Greater London","id":207},"pointsPerHour":1,"longitude":-0.099599,"takeoverPoints":185},"time":"2021-06-16T07:00:00+0000","type":"zone"},{"zone":{"dateCreated":"2021-06-16T07:00:00+0000","dateLastTaken":"0002-12-02T00:00:00+0000","latitude":51.418666,"name":"Chewie","id":428008,"totalTakeovers":0,"region":{"country":"gb","name":"Greater London","id":207},"pointsPerHour":1,"longitude":-0.095373,"takeoverPoints":185},"time":"2021-06-16T07:00:00+0000","type":"zone"},{"zone":{"dateCreated":"2021-06-16T07:00:00+0000","dateLastTaken":"0002-12-02T00:00:00+0000","latitude":51.40165,"name":"Winterbourne","id":428022,"totalTakeovers":0,"region":{"country":"gb","name":"Greater London","id":207},"pointsPerHour":1,"longitude":-0.1085,"takeoverPoints":185},"time":"2021-06-16T07:00:00+0000","type":"zone"},{"zone":{"dateCreated":"2021-06-16T07:00:00+0000","dateLastTaken":"0002-12-02T00:00:00+0000","latitude":51.402605,"name":"Grangewood","id":428017,"totalTakeovers":0,"region":{"country":"gb","name":"Greater London","id":207},"pointsPerHour":1,"longitude":-0.090434,"takeoverPoints":185},"time":"2021-06-16T07:00:00+0000","type":"zone"},{"zone":{"dateCreated":"2021-06-16T07:00:00+0000","dateLastTaken":"0002-12-02T00:00:00+0000","latitude":51.435231,"name":"BaxtersSocks","id":428004,"totalTakeovers":0,"region":{"country":"gb","name":"Greater London","id":207},"pointsPerHour":1,"longitude":-0.061407,"takeoverPoints":185},"time":"2021-06-16T07:00:00+0000","type":"zone"},{"zone":{"dateCreated":"2021-06-16T07:00:00+0000","dateLastTaken":"0002-12-02T00:00:00+0000","latitude":51.428063,"name":"WellsPark","id":428002,"totalTakeovers":0,"region":{"country":"gb","name":"Greater London","id":207},"pointsPerHour":1,"longitude":-0.067481,"takeoverPoints":185},"time":"2021-06-16T07:00:00+0000","type":"zone"},{"zone":{"dateCreated":"2021-06-16T07:00:00+0000","dateLastTaken":"0002-12-02T00:00:00+0000","latitude":51.415791,"name":"MrsMaple","id":428012,"totalTakeovers":0,"region":{"country":"gb","name":"Greater London","id":207},"pointsPerHour":1,"longitude":-0.056648,"takeoverPoints":185},"time":"2021-06-16T07:00:00+0000","type":"zone"},{"zone":{"dateCreated":"2021-06-16T07:00:00+0000","dateLastTaken":"0002-12-02T00:00:00+0000","latitude":51.396793,"name":"TrumbleGarden","id":428024,"totalTakeovers":0,"region":{"country":"gb","name":"Greater London","id":207},"pointsPerHour":1,"longitude":-0.104682,"takeoverPoints":185},"time":"2021-06-16T07:00:00+0000","type":"zone"},{"zone":{"dateCreated":"2021-06-16T07:00:00+0000","dateLastTaken":"0002-12-02T00:00:00+0000","latitude":51.38952,"name":"TheGoodman","id":428023,"totalTakeovers":0,"region":{"country":"gb","name":"Greater London","id":207},"pointsPerHour":1,"longitude":-0.104229,"takeoverPoints":185},"time":"2021-06-16T07:00:00+0000","type":"zone"},{"zone":{"dateCreated":"2021-06-16T07:00:00+0000","dateLastTaken":"0002-12-02T00:00:00+0000","latitude":51.414485,"name":"FoxHillGreen","id":428011,"totalTakeovers":0,"region":{"country":"gb","name":"Greater London","id":207},"pointsPerHour":1,"longitude":-0.076095,"takeoverPoints":185},"time":"2021-06-16T07:00:00+0000","type":"zone"},{"zone":{"dateCreated":"2021-06-16T07:00:00+0000","dateLastTaken":"0002-12-02T00:00:00+0000","latitude":51.394833,"name":"Paracetamol","id":428028,"totalTakeovers":0,"region":{"country":"gb","name":"Greater London","id":207},"pointsPerHour":1,"longitude":-0.109966,"takeoverPoints":185},"time":"2021-06-16T07:00:00+0000","type":"zone"},{"zone":{"dateCreated":"2021-06-16T07:00:00+0000","dateLastTaken":"0002-12-02T00:00:00+0000","latitude":51.398812,"name":"ThorntonHeath","id":428018,"totalTakeovers":0,"region":{"country":"gb","name":"Greater London","id":207},"pointsPerHour":1,"longitude":-0.095833,"takeoverPoints":185},"time":"2021-06-16T07:00:00+0000","type":"zone"},{"zone":{"dateCreated":"2021-06-16T07:00:00+0000","dateLastTaken":"0002-12-02T00:00:00+0000","latitude":51.400397,"name":"WhereIsHorse","id":428020,"totalTakeovers":0,"region":{"country":"gb","name":"Greater London","id":207},"pointsPerHour":1,"longitude":-0.088128,"takeoverPoints":185},"time":"2021-06-16T07:00:00+0000","type":"zone"},{"zone":{"dateCreated":"2021-06-16T07:00:00+0000","dateLastTaken":"0002-12-02T00:00:00+0000","latitude":51.417357,"name":"PengeWest","id":428014,"totalTakeovers":0,"region":{"country":"gb","name":"Greater London","id":207},"pointsPerHour":1,"longitude":-0.060797,"takeoverPoints":185},"time":"2021-06-16T07:00:00+0000","type":"zone"},{"zone":{"dateCreated":"2021-06-16T07:00:00+0000","dateLastTaken":"0002-12-02T00:00:00+0000","latitude":51.405746,"name":"Wharngrange","id":428016,"totalTakeovers":0,"region":{"country":"gb","name":"Greater London","id":207},"pointsPerHour":1,"longitude":-0.089911,"takeoverPoints":185},"time":"2021-06-16T07:00:00+0000","type":"zone"},{"zone":{"dateCreated":"2021-06-16T07:00:00+0000","dateLastTaken":"0002-12-02T00:00:00+0000","latitude":51.416761,"name":"UpperNorwood","id":428007,"totalTakeovers":0,"region":{"country":"gb","name":"Greater London","id":207},"pointsPerHour":1,"longitude":-0.090191,"takeoverPoints":185},"time":"2021-06-16T07:00:00+0000","type":"zone"},{"zone":{"dateCreated":"2021-06-16T07:00:00+0000","dateLastTaken":"0002-12-02T00:00:00+0000","latitude":51.397711,"name":"AlbanMartyr","id":428019,"totalTakeovers":0,"region":{"country":"gb","name":"Greater London","id":207},"pointsPerHour":1,"longitude":-0.092812,"takeoverPoints":185},"time":"2021-06-16T07:00:00+0000","type":"zone"},{"zone":{"dateCreated":"2021-06-16T07:00:00+0000","dateLastTaken":"0002-12-02T00:00:00+0000","latitude":51.4058,"name":"BehaveSocial","id":428015,"totalTakeovers":0,"region":{"country":"gb","name":"Greater London","id":207},"pointsPerHour":1,"longitude":-0.081849,"takeoverPoints":185},"time":"2021-06-16T07:00:00+0000","type":"zone"},{"zone":{"dateCreated":"2021-06-16T07:00:00+0000","dateLastTaken":"0002-12-02T00:00:00+0000","latitude":51.399721,"name":"DonnellyGreen","id":428025,"totalTakeovers":0,"region":{"country":"gb","name":"Greater London","id":207},"pointsPerHour":1,"longitude":-0.1293,"takeoverPoints":185},"time":"2021-06-16T07:00:00+0000","type":"zone"},{"zone":{"dateCreated":"2021-06-16T06:30:45+0000","dateLastTaken":"0002-12-02T00:00:00+0000","latitude":50.983178,"name":"NiehlerStrand","id":428042,"totalTakeovers":0,"region":{"country":"de","name":"Nordrhein-Westfalen","id":445},"pointsPerHour":1,"longitude":6.976103,"takeoverPoints":185},"time":"2021-06-16T06:30:45+0000","type":"zone"},{"zone":{"dateCreated":"2021-06-16T06:29:26+0000","dateLastTaken":"0002-12-02T00:00:00+0000","latitude":50.97986,"name":"SchöneRunde","id":428041,"totalTakeovers":0,"region":{"country":"de","name":"Nordrhein-Westfalen","id":445},"pointsPerHour":1,"longitude":6.987752,"takeoverPoints":185},"time":"2021-06-16T06:29:26+0000","type":"zone"},{"zone":{"dateCreated":"2021-06-16T06:26:56+0000","dateLastTaken":"0002-12-02T00:00:00+0000","latitude":50.970075,"name":"KölnNippes","id":428040,"totalTakeovers":0,"region":{"country":"de","name":"Nordrhein-Westfalen","id":445},"pointsPerHour":1,"longitude":6.995369,"takeoverPoints":185},"time":"2021-06-16T06:26:56+0000","type":"zone"},{"zone":{"dateCreated":"2021-06-16T06:25:37+0000","dateLastTaken":"0002-12-02T00:00:00+0000","latitude":50.964497,"name":"BrückeView","id":428039,"totalTakeovers":0,"region":{"country":"de","name":"Nordrhein-Westfalen","id":445},"pointsPerHour":1,"longitude":6.992054,"takeoverPoints":185},"time":"2021-06-16T06:25:37+0000","type":"zone"},{"zone":{"dateCreated":"2021-06-16T06:23:22+0000","dateLastTaken":"0002-12-02T00:00:00+0000","latitude":50.964749,"name":"TTRiehlerAue","id":428038,"totalTakeovers":0,"region":{"country":"de","name":"Nordrhein-Westfalen","id":445},"pointsPerHour":1,"longitude":6.988394,"takeoverPoints":185},"time":"2021-06-16T06:23:22+0000","type":"zone"},{"zone":{"dateCreated":"2021-06-15T22:03:37+0000","dateLastTaken":"0002-12-02T00:00:00+0000","latitude":56.171649,"name":"Djurkyrkogård","id":428032,"totalTakeovers":0,"region":{"country":"se","name":"Blekinge","id":136},"pointsPerHour":1,"longitude":14.893245,"takeoverPoints":185},"time":"2021-06-15T22:03:37+0000","type":"zone"},{"zone":{"dateCreated":"2021-06-15T21:57:03+0000","dateLastTaken":"0002-12-02T00:00:00+0000","latitude":62.406409,"name":"Smygstråket","id":428031,"totalTakeovers":0,"region":{"country":"se","name":"Västernorrland","id":145},"pointsPerHour":4,"longitude":17.29674,"takeoverPoints":140},"time":"2021-06-15T21:57:03+0000","type":"zone"},{"zone":{"dateCreated":"2021-06-15T21:50:13+0000","dateLastTaken":"0002-12-02T00:00:00+0000","latitude":44.964298,"name":"FriendsMN","id":428030,"totalTakeovers":0,"region":{"country":"us","name":"Minnesota","id":405},"pointsPerHour":1,"longitude":-93.158462,"takeoverPoints":185},"time":"2021-06-15T21:50:13+0000","type":"zone"},{"zone":{"dateCreated":"2021-06-15T21:45:59+0000","dateLastTaken":"0002-12-02T00:00:00+0000","latitude":44.920483,"name":"Apahatanka","id":428029,"totalTakeovers":0,"region":{"country":"us","name":"Minnesota","id":405},"pointsPerHour":1,"longitude":-93.464212,"takeoverPoints":185},"time":"2021-06-15T21:45:59+0000","type":"zone"},{"zone":{"dateCreated":"2021-06-15T18:09:50+0000","dateLastTaken":"0002-12-02T00:00:00+0000","latitude":55.906995,"name":"Golflandet","id":412482,"totalTakeovers":0,"region":{"country":"se","name":"Skåne","id":135},"pointsPerHour":1,"longitude":12.823313,"takeoverPoints":185},"time":"2021-06-15T18:09:50+0000","type":"zone"},{"zone":{"dateCreated":"2021-06-15T17:18:04+0000","dateLastTaken":"0002-12-02T00:00:00+0000","latitude":57.680758,"name":"Slottsdisco","id":413534,"totalTakeovers":0,"region":{"country":"se","name":"Västra Götaland","id":132},"pointsPerHour":7,"longitude":11.941246,"takeoverPoints":95},"time":"2021-06-15T17:18:04+0000","type":"zone"},{"zone":{"dateCreated":"2021-06-15T15:00:00+0000","dateLastTaken":"0002-12-02T00:00:00+0000","latitude":55.677368,"name":"HejJagTurfar","id":409186,"totalTakeovers":0,"region":{"country":"se","name":"Skåne","id":135},"pointsPerHour":1,"longitude":13.068441,"takeoverPoints":185},"time":"2021-06-15T15:00:00+0000","type":"zone"},{"zone":{"dateCreated":"2021-06-15T09:15:10+0000","dateLastTaken":"0002-12-02T00:00:00+0000","latitude":59.420035,"name":"DandyGräs","id":411799,"totalTakeovers":0,"region":{"country":"se","name":"Stockholm","id":141},"pointsPerHour":3,"longitude":17.999809,"takeoverPoints":155},"time":"2021-06-15T09:15:10+0000","type":"zone"},{"zone":{"dateCreated":"2021-06-15T08:05:37+0000","dateLastTaken":"0002-12-02T00:00:00+0000","latitude":51.426014,"name":"BesideKangley","id":427965,"totalTakeovers":0,"region":{"country":"gb","name":"Greater London","id":207},"pointsPerHour":1,"longitude":-0.033295,"takeoverPoints":185},"time":"2021-06-15T08:05:37+0000","type":"zone"},{"zone":{"dateCreated":"2021-06-15T08:01:40+0000","dateLastTaken":"0002-12-02T00:00:00+0000","latitude":51.419613,"name":"RiverpoolWalk","id":427964,"totalTakeovers":0,"region":{"country":"gb","name":"Greater London","id":207},"pointsPerHour":1,"longitude":-0.038877,"takeoverPoints":185},"time":"2021-06-15T08:01:40+0000","type":"zone"},{"zone":{"dateCreated":"2021-06-15T07:59:18+0000","dateLastTaken":"0002-12-02T00:00:00+0000","latitude":51.466903,"name":"CostaStreet","id":427963,"totalTakeovers":0,"region":{"country":"gb","name":"Greater London","id":207},"pointsPerHour":1,"longitude":-0.069611,"takeoverPoints":185},"time":"2021-06-15T07:59:18+0000","type":"zone"},{"zone":{"dateCreated":"2021-06-15T07:56:03+0000","dateLastTaken":"0002-12-02T00:00:00+0000","latitude":51.467008,"name":"CopelandRoad","id":427962,"totalTakeovers":0,"region":{"country":"gb","name":"Greater London","id":207},"pointsPerHour":1,"longitude":-0.065795,"takeoverPoints":185},"time":"2021-06-15T07:56:03+0000","type":"zone"},{"zone":{"dateCreated":"2021-06-15T07:53:22+0000","dateLastTaken":"0002-12-02T00:00:00+0000","latitude":51.467534,"name":"MoodyPark","id":427961,"totalTakeovers":0,"region":{"country":"gb","name":"Greater London","id":207},"pointsPerHour":1,"longitude":-0.060991,"takeoverPoints":185},"time":"2021-06-15T07:53:22+0000","type":"zone"},{"zone":{"dateCreated":"2021-06-15T07:36:41+0000","dateLastTaken":"0002-12-02T00:00:00+0000","latitude":52.453332,"name":"Saurierspiel","id":427960,"totalTakeovers":0,"region":{"country":"de","name":"Berlin","id":440},"pointsPerHour":1,"longitude":13.316253,"takeoverPoints":185},"time":"2021-06-15T07:36:41+0000","type":"zone"},{"zone":{"dateCreated":"2021-06-15T07:34:50+0000","dateLastTaken":"0002-12-02T00:00:00+0000","latitude":52.452705,"name":"Carmerplatz","id":427959,"totalTakeovers":0,"region":{"country":"de","name":"Berlin","id":440},"pointsPerHour":1,"longitude":13.320541,"takeoverPoints":185},"time":"2021-06-15T07:34:50+0000","type":"zone"},{"zone":{"dateCreated":"2021-06-15T07:32:47+0000","dateLastTaken":"0002-12-02T00:00:00+0000","latitude":52.449747,"name":"BäkeTal","id":427958,"totalTakeovers":0,"region":{"country":"de","name":"Berlin","id":440},"pointsPerHour":1,"longitude":13.319694,"takeoverPoints":185},"time":"2021-06-15T07:32:47+0000","type":"zone"},{"zone":{"dateCreated":"2021-06-15T07:00:00+0000","dateLastTaken":"0002-12-02T00:00:00+0000","latitude":50.919671,"name":"Rösrather","id":427941,"totalTakeovers":0,"region":{"country":"de","name":"Nordrhein-Westfalen","id":445},"pointsPerHour":1,"longitude":7.098696,"takeoverPoints":185},"time":"2021-06-15T07:00:00+0000","type":"zone"},{"zone":{"dateCreated":"2021-06-15T07:00:00+0000","dateLastTaken":"0002-12-02T00:00:00+0000","latitude":50.931359,"name":"RatherSee","id":427939,"totalTakeovers":0,"region":{"country":"de","name":"Nordrhein-Westfalen","id":445},"pointsPerHour":1,"longitude":7.074612,"takeoverPoints":185},"time":"2021-06-15T07:00:00+0000","type":"zone"},{"zone":{"dateCreated":"2021-06-15T07:00:00+0000","dateLastTaken":"0002-12-02T00:00:00+0000","latitude":50.836822,"name":"Eisenweg","id":427947,"totalTakeovers":0,"region":{"country":"de","name":"Nordrhein-Westfalen","id":445},"pointsPerHour":1,"longitude":7.15219,"takeoverPoints":185},"time":"2021-06-15T07:00:00+0000","type":"zone"},{"zone":{"dateCreated":"2021-06-15T07:00:00+0000","dateLastTaken":"0002-12-02T00:00:00+0000","latitude":50.869499,"name":"Groov","id":427949,"totalTakeovers":0,"region":{"country":"de","name":"Nordrhein-Westfalen","id":445},"pointsPerHour":1,"longitude":7.042453,"takeoverPoints":185},"time":"2021-06-15T07:00:00+0000","type":"zone"},{"zone":{"dateCreated":"2021-06-15T07:00:00+0000","dateLastTaken":"0002-12-02T00:00:00+0000","latitude":50.722766,"name":"ElisabethBonn","id":427951,"totalTakeovers":0,"region":{"country":"de","name":"Nordrhein-Westfalen","id":445},"pointsPerHour":1,"longitude":7.107146,"takeoverPoints":185},"time":"2021-06-15T07:00:00+0000","type":"zone"},{"zone":{"dateCreated":"2021-06-15T07:00:00+0000","dateLastTaken":"0002-12-02T00:00:00+0000","latitude":50.911415,"name":"Oberländer","id":427950,"totalTakeovers":0,"region":{"country":"de","name":"Nordrhein-Westfalen","id":445},"pointsPerHour":1,"longitude":6.974505,"takeoverPoints":185},"time":"2021-06-15T07:00:00+0000","type":"zone"},{"zone":{"dateCreated":"2021-06-15T07:00:00+0000","dateLastTaken":"0002-12-02T00:00:00+0000","latitude":50.860353,"name":"Hühnerbruch","id":427945,"totalTakeovers":0,"region":{"country":"de","name":"Nordrhein-Westfalen","id":445},"pointsPerHour":1,"longitude":7.174001,"takeoverPoints":185},"time":"2021-06-15T07:00:00+0000","type":"zone"},{"zone":{"dateCreated":"2021-06-15T07:00:00+0000","dateLastTaken":"0002-12-02T00:00:00+0000","latitude":50.894208,"name":"DenRasierer","id":427944,"totalTakeovers":0,"region":{"country":"de","name":"Nordrhein-Westfalen","id":445},"pointsPerHour":1,"longitude":7.096427,"takeoverPoints":185},"time":"2021-06-15T07:00:00+0000","type":"zone"},{"zone":{"dateCreated":"2021-06-15T07:00:00+0000","dateLastTaken":"0002-12-02T00:00:00+0000","latitude":50.918019,"name":"RathWald","id":427942,"totalTakeovers":0,"region":{"country":"de","name":"Nordrhein-Westfalen","id":445},"pointsPerHour":1,"longitude":7.109329,"takeoverPoints":185},"time":"2021-06-15T07:00:00+0000","type":"zone"},{"zone":{"dateCreated":"2021-06-15T07:00:00+0000","dateLastTaken":"0002-12-02T00:00:00+0000","latitude":50.840261,"name":"LindOsten","id":427946,"totalTakeovers":0,"region":{"country":"de","name":"Nordrhein-Westfalen","id":445},"pointsPerHour":1,"longitude":7.151686,"takeoverPoints":185},"time":"2021-06-15T07:00:00+0000","type":"zone"},{"zone":{"dateCreated":"2021-06-15T07:00:00+0000","dateLastTaken":"0002-12-02T00:00:00+0000","latitude":50.83318,"name":"Telegraphen","id":427948,"totalTakeovers":0,"region":{"country":"de","name":"Nordrhein-Westfalen","id":445},"pointsPerHour":1,"longitude":7.162095,"takeoverPoints":185},"time":"2021-06-15T07:00:00+0000","type":"zone"},{"zone":{"dateCreated":"2021-06-15T06:58:50+0000","dateLastTaken":"0002-12-02T00:00:00+0000","latitude":50.939694,"name":"MrKolping","id":427957,"totalTakeovers":0,"region":{"country":"de","name":"Nordrhein-Westfalen","id":445},"pointsPerHour":2,"longitude":6.954205,"takeoverPoints":170},"time":"2021-06-15T06:58:50+0000","type":"zone"},{"zone":{"dateCreated":"2021-06-15T06:51:52+0000","dateLastTaken":"0002-12-02T00:00:00+0000","latitude":50.819677,"name":"DieBiegung","id":427956,"totalTakeovers":0,"region":{"country":"de","name":"Nordrhein-Westfalen","id":445},"pointsPerHour":1,"longitude":7.018854,"takeoverPoints":185},"time":"2021-06-15T06:51:52+0000","type":"zone"},{"zone":{"dateCreated":"2021-06-15T06:46:38+0000","dateLastTaken":"0002-12-02T00:00:00+0000","latitude":50.799493,"name":"Rampensau","id":427955,"totalTakeovers":0,"region":{"country":"de","name":"Nordrhein-Westfalen","id":445},"pointsPerHour":1,"longitude":7.026758,"takeoverPoints":185},"time":"2021-06-15T06:46:38+0000","type":"zone"},{"zone":{"dateCreated":"2021-06-15T06:45:50+0000","dateLastTaken":"0002-12-02T00:00:00+0000","latitude":55.511555,"name":"HolmaStadium","id":427954,"totalTakeovers":0,"region":{"country":"se","name":"Skåne","id":135},"pointsPerHour":1,"longitude":13.213091,"takeoverPoints":185},"time":"2021-06-15T06:45:50+0000","type":"zone"},{"zone":{"dateCreated":"2021-06-15T06:43:56+0000","dateLastTaken":"0002-12-02T00:00:00+0000","latitude":50.770171,"name":"Spargelfeld","id":427953,"totalTakeovers":0,"region":{"country":"de","name":"Nordrhein-Westfalen","id":445},"pointsPerHour":1,"longitude":7.06035,"takeoverPoints":185},"time":"2021-06-15T06:43:56+0000","type":"zone"},{"zone":{"dateCreated":"2021-06-15T06:42:05+0000","dateLastTaken":"0002-12-02T00:00:00+0000","latitude":50.764351,"name":"Estermannufer","id":427952,"totalTakeovers":0,"region":{"country":"de","name":"Nordrhein-Westfalen","id":445},"pointsPerHour":1,"longitude":7.078501,"takeoverPoints":185},"time":"2021-06-15T06:42:05+0000","type":"zone"},{"zone":{"dateCreated":"2021-06-15T06:05:34+0000","dateLastTaken":"0002-12-02T00:00:00+0000","latitude":55.661704,"name":"SibirienZone","id":427943,"totalTakeovers":0,"region":{"country":"se","name":"Skåne","id":135},"pointsPerHour":1,"longitude":13.101932,"takeoverPoints":185},"time":"2021-06-15T06:05:34+0000","type":"zone"},{"zone":{"dateCreated":"2021-06-15T05:56:49+0000","dateLastTaken":"0002-12-02T00:00:00+0000","latitude":59.340654,"name":"Brickegård","id":427940,"totalTakeovers":0,"region":{"country":"se","name":"Örebro","id":131},"pointsPerHour":2,"longitude":14.577043,"takeoverPoints":170},"time":"2021-06-15T05:56:49+0000","type":"zone"},{"zone":{"dateCreated":"2021-06-15T05:29:24+0000","dateLastTaken":"0002-12-02T00:00:00+0000","latitude":59.403389,"name":"GladaUttern","id":427938,"totalTakeovers":0,"region":{"country":"se","name":"Värmland","id":130},"pointsPerHour":1,"longitude":13.550357,"takeoverPoints":185},"time":"2021-06-15T05:29:24+0000","type":"zone"},{"zone":{"dateCreated":"2021-06-14T20:00:00+0000","dateLastTaken":"0002-12-02T00:00:00+0000","latitude":59.121612,"name":"Klunkspaning","id":427935,"totalTakeovers":0,"region":{"country":"se","name":"Örebro","id":131},"pointsPerHour":3,"longitude":15.115197,"takeoverPoints":155},"time":"2021-06-14T20:00:00+0000","type":"zone"},{"zone":{"dateCreated":"2021-06-14T20:00:00+0000","dateLastTaken":"0002-12-02T00:00:00+0000","latitude":57.778211,"name":"Nyhamn","id":427936,"totalTakeovers":0,"region":{"country":"se","name":"Gotland","id":138},"pointsPerHour":1,"longitude":18.42422,"takeoverPoints":185},"time":"2021-06-14T20:00:00+0000","type":"zone"},{"zone":{"dateCreated":"2021-06-14T17:53:45+0000","dateLastTaken":"0002-12-02T00:00:00+0000","latitude":57.482231,"name":"BrevTillIdun","id":412465,"totalTakeovers":0,"region":{"country":"se","name":"Halland","id":134},"pointsPerHour":2,"longitude":12.061429,"takeoverPoints":170},"time":"2021-06-14T17:53:45+0000","type":"zone"},{"zone":{"dateCreated":"2021-06-14T17:37:19+0000","dateLastTaken":"0002-12-02T00:00:00+0000","latitude":64.981737,"name":"Svansele","id":427934,"totalTakeovers":0,"region":{"country":"se","name":"Västerbotten","id":127},"pointsPerHour":1,"longitude":19.847951,"takeoverPoints":185},"time":"2021-06-14T17:37:19+0000","type":"zone"},{"zone":{"dateCreated":"2021-06-14T11:30:00+0000","dateLastTaken":"0002-12-02T00:00:00+0000","latitude":57.164518,"name":"TurfMud","id":427395,"totalTakeovers":0,"region":{"country":"gb","name":"Scotland","id":200},"pointsPerHour":1,"longitude":-2.282712,"takeoverPoints":185},"time":"2021-06-14T11:30:00+0000","type":"zone"}]