[{"zone":{"previousOwner":{"name":"TantCykel","id":179789},"dateCreated":"2017-05-17T05:50:07+0000","dateLastTaken":"2021-06-16T23:09:06+0000","latitude":57.735623,"currentOwner":{"name":"hans.-hans","id":97495},"name":"Skyttegården","id":109664,"totalTakeovers":4090,"region":{"country":"se","name":"Västra Götaland","id":132},"pointsPerHour":6,"longitude":12.036927,"takeoverPoints":110},"latitude":57.735623,"currentOwner":{"name":"hans.-hans","id":97495},"time":"2021-06-16T23:09:06+0000","type":"takeover","longitude":12.036927},{"zone":{"previousOwner":{"name":"Jockeparty","id":9292},"dateCreated":"2013-07-07T22:33:53+0000","dateLastTaken":"2021-06-16T23:09:05+0000","latitude":63.85196,"currentOwner":{"name":"EQ","id":200915},"name":"OstZone","id":20693,"totalTakeovers":15235,"region":{"country":"se","name":"Västerbotten","id":127},"pointsPerHour":8,"longitude":20.329228,"takeoverPoints":80},"latitude":63.85196,"currentOwner":{"name":"EQ","id":200915},"time":"2021-06-16T23:09:05+0000","type":"takeover","longitude":20.329228},{"zone":{"previousOwner":{"name":"Cyklonen","id":179784},"dateCreated":"2016-10-18T13:58:23+0000","dateLastTaken":"2021-06-16T23:09:04+0000","latitude":59.429222,"currentOwner":{"name":"Aicar","id":74956},"name":"TureTorg","id":90445,"totalTakeovers":6516,"region":{"country":"se","name":"Stockholm","id":141},"pointsPerHour":7,"longitude":17.949961,"takeoverPoints":95},"latitude":59.429222,"currentOwner":{"name":"Aicar","id":74956},"time":"2021-06-16T23:09:04+0000","type":"takeover","longitude":17.949961},{"zone":{"previousOwner":{"name":"Gelehallonet","id":142715},"dateCreated":"2015-04-01T19:00:00+0000","dateLastTaken":"2021-06-16T23:09:02+0000","latitude":59.285403,"currentOwner":{"name":"TurfTom","id":230867},"name":"FörstaSkedet","id":47319,"totalTakeovers":7986,"region":{"country":"se","name":"Stockholm","id":141},"pointsPerHour":8,"longitude":18.071383,"takeoverPoints":80},"latitude":59.285403,"currentOwner":{"name":"TurfTom","id":230867},"time":"2021-06-16T23:09:02+0000","type":"takeover","longitude":18.071383},{"zone":{"previousOwner":{"name":"LillaEgo","id":278049},"dateCreated":"2012-03-19T21:26:07+0000","dateLastTaken":"2021-06-16T23:08:47+0000","latitude":59.234774,"currentOwner":{"name":"Lavinia","id":305950},"name":"HuddRoot","id":7008,"totalTakeovers":2167,"region":{"country":"se","name":"Stockholm","id":141},"pointsPerHour":5,"longitude":18.014872,"takeoverPoints":125},"latitude":59.234774,"currentOwner":{"name":"Lavinia","id":305950},"time":"2021-06-16T23:08:47+0000","type":"takeover","longitude":18.014872},{"zone":{"previousOwner":{"name":"Finnerswinners","id":303063},"dateLastTaken":"2021-06-16T23:08:34+0000","latitude":55.769711,"totalTakeovers":85,"pointsPerHour":1,"takeoverPoints":185,"dateCreated":"2016-01-09T19:47:06+0000","currentOwner":{"name":"AndyMac","id":135538},"name":"MearnsCastle","id":62613,"region":{"country":"gb","name":"Scotland","id":200},"longitude":-4.309178},"latitude":55.769711,"currentOwner":{"name":"AndyMac","id":135538},"time":"2021-06-16T23:08:34+0000","type":"takeover","longitude":-4.309178},{"zone":{"previousOwner":{"name":"Blaumeise","id":201033},"dateCreated":"2016-12-24T10:00:08+0000","dateLastTaken":"2021-06-16T23:08:17+0000","latitude":59.437159,"currentOwner":{"name":"HeyJune!","id":254091},"name":"RivieraVirke","id":93231,"totalTakeovers":1268,"region":{"country":"se","name":"Stockholm","id":141},"pointsPerHour":5,"longitude":18.126478,"takeoverPoints":125},"latitude":59.437159,"currentOwner":{"name":"HeyJune!","id":254091},"time":"2021-06-16T23:08:17+0000","type":"takeover","longitude":18.126478},{"zone":{"previousOwner":{"name":"Gelehallonet","id":142715},"dateCreated":"2015-04-01T19:00:00+0000","dateLastTaken":"2021-06-16T23:08:06+0000","latitude":59.286278,"currentOwner":{"name":"TurfTom","id":230867},"name":"AndraSkedet","id":47320,"totalTakeovers":8064,"region":{"country":"se","name":"Stockholm","id":141},"pointsPerHour":8,"longitude":18.068528,"takeoverPoints":80},"latitude":59.286278,"currentOwner":{"name":"TurfTom","id":230867},"time":"2021-06-16T23:08:06+0000","type":"takeover","longitude":18.068528},{"zone":{"previousOwner":{"name":"Pinarello","id":48749},"dateCreated":"2020-09-17T11:07:15+0000","dateLastTaken":"2021-06-16T23:08:06+0000","latitude":59.339772,"currentOwner":{"name":"Dheri","id":13482},"name":"Spelfältet","id":332171,"totalTakeovers":738,"region":{"country":"se","name":"Örebro","id":131},"pointsPerHour":6,"longitude":14.501291,"takeoverPoints":110},"latitude":59.339772,"currentOwner":{"name":"Dheri","id":13482},"time":"2021-06-16T23:08:06+0000","type":"takeover","longitude":14.501291},{"zone":{"previousOwner":{"name":"Cyklonen","id":179784},"dateCreated":"2010-12-22T21:32:57+0000","dateLastTaken":"2021-06-16T23:08:01+0000","latitude":59.427572,"currentOwner":{"name":"Aicar","id":74956},"name":"Sollstation","id":1226,"totalTakeovers":19362,"region":{"country":"se","name":"Stockholm","id":141},"pointsPerHour":8,"longitude":17.949428,"takeoverPoints":80},"latitude":59.427572,"currentOwner":{"name":"Aicar","id":74956},"time":"2021-06-16T23:08:01+0000","type":"takeover","longitude":17.949428},{"zone":{"previousOwner":{"name":"StobDubh","id":302008},"dateCreated":"2020-10-01T09:30:00+0000","dateLastTaken":"2021-06-16T23:07:31+0000","latitude":55.916589,"currentOwner":{"name":"féarglas","id":280861},"name":"MorvenZone","id":339224,"totalTakeovers":229,"region":{"country":"gb","name":"Scotland","id":200},"pointsPerHour":3,"longitude":-3.29069,"takeoverPoints":155},"latitude":55.916589,"currentOwner":{"name":"féarglas","id":280861},"time":"2021-06-16T23:07:31+0000","type":"takeover","longitude":-3.29069},{"zone":{"previousOwner":{"name":"Zoke","id":242075},"dateCreated":"2010-09-30T22:00:02+0000","dateLastTaken":"2021-06-16T23:07:08+0000","latitude":58.395583,"currentOwner":{"name":"stinabus","id":93156},"name":"JohannelundC","id":869,"totalTakeovers":25765,"region":{"country":"se","name":"Östergötland","id":139},"pointsPerHour":8,"longitude":15.661612,"takeoverPoints":80},"latitude":58.395583,"currentOwner":{"name":"stinabus","id":93156},"time":"2021-06-16T23:07:08+0000","type":"takeover","longitude":15.661612},{"zone":{"previousOwner":{"name":"Gelehallonet","id":142715},"dateCreated":"2015-04-01T19:00:00+0000","dateLastTaken":"2021-06-16T23:07:05+0000","latitude":59.287685,"currentOwner":{"name":"TurfTom","id":230867},"name":"Revalen","id":47321,"totalTakeovers":8457,"region":{"country":"se","name":"Stockholm","id":141},"pointsPerHour":8,"longitude":18.06554,"takeoverPoints":80},"latitude":59.287685,"currentOwner":{"name":"TurfTom","id":230867},"time":"2021-06-16T23:07:05+0000","type":"takeover","longitude":18.06554},{"zone":{"previousOwner":{"name":"0beroff","id":80119},"dateCreated":"2013-09-11T23:40:00+0000","dateLastTaken":"2021-06-16T23:06:47+0000","latitude":59.341765,"currentOwner":{"name":"Thant","id":327074},"name":"Valhallén","id":21541,"totalTakeovers":9522,"region":{"country":"se","name":"Stockholm","id":141},"pointsPerHour":8,"longitude":18.086571,"takeoverPoints":80},"latitude":59.341765,"currentOwner":{"name":"Thant","id":327074},"time":"2021-06-16T23:06:47+0000","type":"takeover","longitude":18.086571},{"zone":{"previousOwner":{"name":"Pinarello","id":48749},"dateCreated":"2013-12-28T22:00:00+0000","dateLastTaken":"2021-06-16T23:06:47+0000","latitude":59.340202,"currentOwner":{"name":"Dheri","id":13482},"name":"Lötenzone","id":24505,"totalTakeovers":4462,"region":{"country":"se","name":"Örebro","id":131},"pointsPerHour":5,"longitude":14.50586,"takeoverPoints":125},"latitude":59.340202,"currentOwner":{"name":"Dheri","id":13482},"time":"2021-06-16T23:06:47+0000","type":"takeover","longitude":14.50586},{"zone":{"previousOwner":{"name":"Tinman","id":324199},"dateLastTaken":"2021-06-16T23:06:32+0000","latitude":44.941782,"totalTakeovers":45,"pointsPerHour":2,"takeoverPoints":170,"dateCreated":"2021-03-14T19:35:17+0000","currentOwner":{"name":"Bstat","id":303529},"name":"GreatWar","id":392908,"region":{"country":"us","name":"Minnesota","id":405},"longitude":-93.198499},"latitude":44.941782,"currentOwner":{"name":"Bstat","id":303529},"time":"2021-06-16T23:06:32+0000","type":"takeover","longitude":-93.198499},{"zone":{"previousOwner":{"name":"Cyklonen","id":179784},"dateCreated":"2019-06-21T13:57:57+0000","dateLastTaken":"2021-06-16T23:06:25+0000","latitude":59.425468,"currentOwner":{"name":"Aicar","id":74956},"name":"Cornucopia","id":203565,"totalTakeovers":1809,"region":{"country":"se","name":"Stockholm","id":141},"pointsPerHour":6,"longitude":17.949326,"takeoverPoints":110},"latitude":59.425468,"currentOwner":{"name":"Aicar","id":74956},"time":"2021-06-16T23:06:25+0000","type":"takeover","longitude":17.949326},{"zone":{"previousOwner":{"name":"LillaEgo","id":278049},"dateCreated":"2012-03-19T21:38:31+0000","dateLastTaken":"2021-06-16T23:06:20+0000","latitude":59.232105,"currentOwner":{"name":"Lavinia","id":305950},"name":"SunBeauty","id":7010,"totalTakeovers":3529,"region":{"country":"se","name":"Stockholm","id":141},"pointsPerHour":6,"longitude":18.009896,"takeoverPoints":110},"latitude":59.232105,"currentOwner":{"name":"Lavinia","id":305950},"time":"2021-06-16T23:06:20+0000","type":"takeover","longitude":18.009896},{"zone":{"previousOwner":{"name":"TantCykel","id":179789},"dateCreated":"2018-03-04T01:05:34+0000","dateLastTaken":"2021-06-16T23:06:05+0000","latitude":57.73786,"currentOwner":{"name":"hans.-hans","id":97495},"name":"Multisport","id":141498,"totalTakeovers":3427,"region":{"country":"se","name":"Västra Götaland","id":132},"pointsPerHour":6,"longitude":12.035024,"takeoverPoints":110},"latitude":57.73786,"currentOwner":{"name":"hans.-hans","id":97495},"time":"2021-06-16T23:06:05+0000","type":"takeover","longitude":12.035024},{"zone":{"previousOwner":{"name":"tilverturf","id":166033},"dateCreated":"2010-09-03T00:00:00+0000","dateLastTaken":"2021-06-16T23:05:58+0000","latitude":59.866327,"currentOwner":{"name":"scorp","id":45470},"name":"HighNose","id":476,"totalTakeovers":17571,"region":{"country":"se","name":"Uppsala","id":142},"pointsPerHour":8,"longitude":17.643851,"takeoverPoints":80},"latitude":59.866327,"currentOwner":{"name":"scorp","id":45470},"time":"2021-06-16T23:05:58+0000","type":"takeover","longitude":17.643851},{"zone":{"previousOwner":{"name":"Pinarello","id":48749},"dateCreated":"2017-08-22T13:15:45+0000","dateLastTaken":"2021-06-16T23:05:25+0000","latitude":59.339764,"currentOwner":{"name":"Dheri","id":13482},"name":"Alaudidae","id":117698,"totalTakeovers":4657,"region":{"country":"se","name":"Örebro","id":131},"pointsPerHour":6,"longitude":14.51111,"takeoverPoints":110},"latitude":59.339764,"currentOwner":{"name":"Dheri","id":13482},"time":"2021-06-16T23:05:25+0000","type":"takeover","longitude":14.51111},{"zone":{"previousOwner":{"name":"Aicar","id":74956},"dateLastTaken":"2021-06-16T23:05:25+0000","latitude":59.393004,"totalTakeovers":4537,"pointsPerHour":7,"takeoverPoints":95,"dateCreated":"2017-02-11T08:00:00+0000","currentOwner":{"name":"HANK_HACKMAN","id":122580},"name":"Igelbäcksbron","id":94801,"region":{"country":"se","name":"Stockholm","id":141},"longitude":17.950461},"latitude":59.393004,"currentOwner":{"name":"HANK_HACKMAN","id":122580},"time":"2021-06-16T23:05:25+0000","type":"takeover","longitude":17.950461},{"zone":{"previousOwner":{"name":"Gelehallonet","id":142715},"dateCreated":"2012-03-27T14:04:13+0000","dateLastTaken":"2021-06-16T23:05:23+0000","latitude":59.289534,"currentOwner":{"name":"TurfTom","id":230867},"name":"OneSpoonT","id":7472,"totalTakeovers":6716,"region":{"country":"se","name":"Stockholm","id":141},"pointsPerHour":7,"longitude":18.069672,"takeoverPoints":95},"latitude":59.289534,"currentOwner":{"name":"TurfTom","id":230867},"time":"2021-06-16T23:05:23+0000","type":"takeover","longitude":18.069672},{"zone":{"previousOwner":{"name":"Jockeparty","id":9292},"dateCreated":"2011-08-29T20:17:49+0000","dateLastTaken":"2021-06-16T23:05:05+0000","latitude":63.852447,"currentOwner":{"name":"EQ","id":200915},"name":"CementZone","id":2890,"totalTakeovers":18370,"region":{"country":"se","name":"Västerbotten","id":127},"pointsPerHour":8,"longitude":20.322459,"takeoverPoints":80},"latitude":63.852447,"currentOwner":{"name":"EQ","id":200915},"time":"2021-06-16T23:05:05+0000","type":"takeover","longitude":20.322459},{"zone":{"previousOwner":{"name":"StobDubh","id":302008},"dateLastTaken":"2021-06-16T23:04:54+0000","latitude":55.917399,"totalTakeovers":289,"pointsPerHour":3,"takeoverPoints":155,"dateCreated":"2014-04-16T08:58:38+0000","currentOwner":{"name":"féarglas","id":280861},"name":"Murray","id":28294,"region":{"country":"gb","name":"Scotland","id":200},"longitude":-3.282389},"latitude":55.917399,"currentOwner":{"name":"féarglas","id":280861},"time":"2021-06-16T23:04:54+0000","type":"takeover","longitude":-3.282389},{"zone":{"previousOwner":{"name":"Tinman","id":324199},"dateCreated":"2021-02-21T23:38:49+0000","dateLastTaken":"2021-06-16T23:04:38+0000","latitude":44.943063,"currentOwner":{"name":"Bstat","id":303529},"name":"ShadowFalls","id":387500,"totalTakeovers":74,"region":{"country":"us","name":"Minnesota","id":405},"pointsPerHour":2,"longitude":-93.193618,"takeoverPoints":170},"latitude":44.943063,"currentOwner":{"name":"Bstat","id":303529},"time":"2021-06-16T23:04:38+0000","type":"takeover","longitude":-93.193618},{"zone":{"previousOwner":{"name":"Cyklonen","id":179784},"dateCreated":"2016-11-29T15:18:02+0000","dateLastTaken":"2021-06-16T23:04:34+0000","latitude":59.428388,"currentOwner":{"name":"Aicar","id":74956},"name":"Tusbystråket","id":92240,"totalTakeovers":3400,"region":{"country":"se","name":"Stockholm","id":141},"pointsPerHour":6,"longitude":17.946256,"takeoverPoints":110},"latitude":59.428388,"currentOwner":{"name":"Aicar","id":74956},"time":"2021-06-16T23:04:34+0000","type":"takeover","longitude":17.946256},{"zone":{"previousOwner":{"name":"Pinarello","id":48749},"dateCreated":"2014-02-18T15:00:00+0000","dateLastTaken":"2021-06-16T23:04:31+0000","latitude":59.338241,"currentOwner":{"name":"Dheri","id":13482},"name":"Lötheden","id":25953,"totalTakeovers":7526,"region":{"country":"se","name":"Örebro","id":131},"pointsPerHour":6,"longitude":14.515138,"takeoverPoints":110},"latitude":59.338241,"currentOwner":{"name":"Dheri","id":13482},"time":"2021-06-16T23:04:31+0000","type":"takeover","longitude":14.515138},{"zone":{"previousOwner":{"name":"LillaEgo","id":278049},"dateCreated":"2013-11-05T09:22:09+0000","dateLastTaken":"2021-06-16T23:04:26+0000","latitude":59.235439,"currentOwner":{"name":"Lavinia","id":305950},"name":"Gåsängen","id":22718,"totalTakeovers":2649,"region":{"country":"se","name":"Stockholm","id":141},"pointsPerHour":6,"longitude":18.006143,"takeoverPoints":110},"latitude":59.235439,"currentOwner":{"name":"Lavinia","id":305950},"time":"2021-06-16T23:04:26+0000","type":"takeover","longitude":18.006143},{"zone":{"previousOwner":{"name":"kelih","id":303667},"dateCreated":"2020-12-26T19:30:03+0000","dateLastTaken":"2021-06-16T23:04:07+0000","latitude":44.956864,"currentOwner":{"name":"fluteswedie","id":303502},"name":"MuellerPark","id":359120,"totalTakeovers":135,"region":{"country":"us","name":"Minnesota","id":405},"pointsPerHour":2,"longitude":-93.291218,"takeoverPoints":170},"latitude":44.956864,"currentOwner":{"name":"fluteswedie","id":303502},"time":"2021-06-16T23:04:07+0000","type":"takeover","longitude":-93.291218},{"zone":{"previousOwner":{"name":"Gelehallonet","id":142715},"dateCreated":"2015-04-01T19:00:00+0000","dateLastTaken":"2021-06-16T23:03:55+0000","latitude":59.289706,"currentOwner":{"name":"TurfTom","id":230867},"name":"LostPortal","id":47322,"totalTakeovers":7988,"region":{"country":"se","name":"Stockholm","id":141},"pointsPerHour":8,"longitude":18.06487,"takeoverPoints":80},"latitude":59.289706,"currentOwner":{"name":"TurfTom","id":230867},"time":"2021-06-16T23:03:55+0000","type":"takeover","longitude":18.06487},{"zone":{"previousOwner":{"name":"Scrotum","id":94460},"dateCreated":"2014-05-31T10:00:00+0000","dateLastTaken":"2021-06-16T23:03:43+0000","latitude":63.852571,"currentOwner":{"name":"EQ","id":200915},"name":"NilKing","id":30210,"totalTakeovers":12369,"region":{"country":"se","name":"Västerbotten","id":127},"pointsPerHour":8,"longitude":20.315946,"takeoverPoints":80},"latitude":63.852571,"currentOwner":{"name":"EQ","id":200915},"time":"2021-06-16T23:03:43+0000","type":"takeover","longitude":20.315946},{"zone":{"previousOwner":{"name":"Blaumeise","id":201033},"dateCreated":"2012-04-25T20:43:00+0000","dateLastTaken":"2021-06-16T23:03:32+0000","latitude":59.437127,"currentOwner":{"name":"HeyJune!","id":254091},"name":"Lorensvik","id":8390,"totalTakeovers":1845,"region":{"country":"se","name":"Stockholm","id":141},"pointsPerHour":5,"longitude":18.112128,"takeoverPoints":125},"latitude":59.437127,"currentOwner":{"name":"HeyJune!","id":254091},"time":"2021-06-16T23:03:32+0000","type":"takeover","longitude":18.112128},{"zone":{"previousOwner":{"name":"TantCykel","id":179789},"dateCreated":"2018-03-04T01:14:01+0000","dateLastTaken":"2021-06-16T23:03:20+0000","latitude":57.737112,"currentOwner":{"name":"hans.-hans","id":97495},"name":"Kviberg","id":141499,"totalTakeovers":3382,"region":{"country":"se","name":"Västra Götaland","id":132},"pointsPerHour":6,"longitude":12.03148,"takeoverPoints":110},"latitude":57.737112,"currentOwner":{"name":"hans.-hans","id":97495},"time":"2021-06-16T23:03:20+0000","type":"takeover","longitude":12.03148},{"zone":{"previousOwner":{"name":"Whiskytoken","id":131109},"dateCreated":"2017-05-24T20:34:45+0000","dateLastTaken":"2021-06-16T23:03:13+0000","latitude":56.740255,"currentOwner":{"name":"Podde","id":231293},"name":"Linnea","id":111566,"totalTakeovers":4669,"region":{"country":"se","name":"Kalmar","id":137},"pointsPerHour":6,"longitude":15.913045,"takeoverPoints":110},"latitude":56.740255,"currentOwner":{"name":"Podde","id":231293},"time":"2021-06-16T23:03:13+0000","type":"takeover","longitude":15.913045},{"zone":{"previousOwner":{"name":"Tinman","id":324199},"dateCreated":"2021-02-09T21:01:17+0000","dateLastTaken":"2021-06-16T23:03:11+0000","latitude":44.942656,"currentOwner":{"name":"Bstat","id":303529},"name":"TommiesCampus","id":381790,"totalTakeovers":81,"region":{"country":"us","name":"Minnesota","id":405},"pointsPerHour":2,"longitude":-93.190759,"takeoverPoints":170},"latitude":44.942656,"currentOwner":{"name":"Bstat","id":303529},"time":"2021-06-16T23:03:11+0000","type":"takeover","longitude":-93.190759},{"zone":{"previousOwner":{"name":"Pinarello","id":48749},"dateCreated":"2013-12-01T22:00:00+0000","dateLastTaken":"2021-06-16T23:03:08+0000","latitude":59.335479,"currentOwner":{"name":"Dheri","id":13482},"name":"RävåsSpel","id":23577,"totalTakeovers":6091,"region":{"country":"se","name":"Örebro","id":131},"pointsPerHour":6,"longitude":14.513083,"takeoverPoints":110},"latitude":59.335479,"currentOwner":{"name":"Dheri","id":13482},"time":"2021-06-16T23:03:08+0000","type":"takeover","longitude":14.513083},{"zone":{"previousOwner":{"name":"Cyklonen","id":179784},"dateCreated":"2017-08-27T03:00:00+0000","dateLastTaken":"2021-06-16T23:02:56+0000","latitude":59.427472,"currentOwner":{"name":"Aicar","id":74956},"name":"Tusby","id":117740,"totalTakeovers":2451,"region":{"country":"se","name":"Stockholm","id":141},"pointsPerHour":6,"longitude":17.94201,"takeoverPoints":110},"latitude":59.427472,"currentOwner":{"name":"Aicar","id":74956},"time":"2021-06-16T23:02:56+0000","type":"takeover","longitude":17.94201},{"zone":{"previousOwner":{"name":"Gelehallonet","id":142715},"dateCreated":"2012-03-30T22:43:58+0000","dateLastTaken":"2021-06-16T23:02:12+0000","latitude":59.288055,"currentOwner":{"name":"TurfTom","id":230867},"name":"DragoLand","id":7712,"totalTakeovers":8837,"region":{"country":"se","name":"Stockholm","id":141},"pointsPerHour":8,"longitude":18.061755,"takeoverPoints":80},"latitude":59.288055,"currentOwner":{"name":"TurfTom","id":230867},"time":"2021-06-16T23:02:12+0000","type":"takeover","longitude":18.061755},{"zone":{"previousOwner":{"name":"Nedim","id":324942},"dateCreated":"2017-08-27T03:00:00+0000","dateLastTaken":"2021-06-16T23:01:51+0000","latitude":59.425956,"currentOwner":{"name":"Aicar","id":74956},"name":"Bagarby","id":117739,"totalTakeovers":2475,"region":{"country":"se","name":"Stockholm","id":141},"pointsPerHour":6,"longitude":17.944029,"takeoverPoints":110},"latitude":59.425956,"currentOwner":{"name":"Aicar","id":74956},"time":"2021-06-16T23:01:51+0000","type":"takeover","longitude":17.944029},{"zone":{"previousOwner":{"name":"Birykow","id":264072},"dateCreated":"2020-10-09T16:00:00+0000","dateLastTaken":"2021-06-16T23:01:46+0000","latitude":60.07818,"currentOwner":{"name":"Corellian","id":264701},"name":"Suggestions","id":343081,"totalTakeovers":1583,"region":{"country":"fi","name":"Åland","id":177},"pointsPerHour":7,"longitude":19.956046,"takeoverPoints":95},"latitude":60.07818,"currentOwner":{"name":"Corellian","id":264701},"time":"2021-06-16T23:01:46+0000","type":"takeover","longitude":19.956046},{"zone":{"previousOwner":{"name":"Whiskytoken","id":131109},"dateCreated":"2019-08-28T17:45:34+0000","dateLastTaken":"2021-06-16T23:01:45+0000","latitude":56.738774,"currentOwner":{"name":"Podde","id":231293},"name":"Gröngölingen","id":204462,"totalTakeovers":1770,"region":{"country":"se","name":"Kalmar","id":137},"pointsPerHour":5,"longitude":15.910048,"takeoverPoints":125},"latitude":56.738774,"currentOwner":{"name":"Podde","id":231293},"time":"2021-06-16T23:01:45+0000","type":"takeover","longitude":15.910048},{"zone":{"previousOwner":{"name":"grimric","id":267536},"dateCreated":"2013-07-02T06:00:00+0000","dateLastTaken":"2021-06-16T23:01:43+0000","latitude":55.7165,"currentOwner":{"name":"PastaPutin","id":148021},"name":"WaspZone","id":20547,"totalTakeovers":5734,"region":{"country":"se","name":"Skåne","id":135},"pointsPerHour":6,"longitude":13.207004,"takeoverPoints":110},"latitude":55.7165,"currentOwner":{"name":"PastaPutin","id":148021},"time":"2021-06-16T23:01:43+0000","type":"takeover","longitude":13.207004},{"zone":{"previousOwner":{"name":"Scrotum","id":94460},"dateCreated":"2013-05-20T23:48:38+0000","dateLastTaken":"2021-06-16T23:01:17+0000","latitude":63.850996,"currentOwner":{"name":"EQ","id":200915},"name":"KomIFormvägen","id":18613,"totalTakeovers":9542,"region":{"country":"se","name":"Västerbotten","id":127},"pointsPerHour":8,"longitude":20.309655,"takeoverPoints":80},"latitude":63.850996,"currentOwner":{"name":"EQ","id":200915},"time":"2021-06-16T23:01:17+0000","type":"takeover","longitude":20.309655},{"zone":{"previousOwner":{"name":"Pinarello","id":48749},"dateCreated":"2015-12-26T13:00:00+0000","dateLastTaken":"2021-06-16T23:01:03+0000","latitude":59.335186,"currentOwner":{"name":"Dheri","id":13482},"name":"SöderMalmhag","id":62224,"totalTakeovers":4565,"region":{"country":"se","name":"Örebro","id":131},"pointsPerHour":6,"longitude":14.506927,"takeoverPoints":110},"latitude":59.335186,"currentOwner":{"name":"Dheri","id":13482},"time":"2021-06-16T23:01:03+0000","type":"takeover","longitude":14.506927},{"zone":{"previousOwner":{"name":"LillaEgo","id":278049},"dateCreated":"2020-02-27T07:01:23+0000","dateLastTaken":"2021-06-16T23:00:35+0000","latitude":59.237108,"currentOwner":{"name":"Lavinia","id":305950},"name":"Klottergröt","id":224279,"totalTakeovers":1205,"region":{"country":"se","name":"Stockholm","id":141},"pointsPerHour":7,"longitude":17.994835,"takeoverPoints":95},"latitude":59.237108,"currentOwner":{"name":"Lavinia","id":305950},"time":"2021-06-16T23:00:35+0000","type":"takeover","longitude":17.994835},{"zone":{"previousOwner":{"name":"ELO_PY","id":312302},"dateCreated":"2020-06-16T16:00:00+0000","dateLastTaken":"2021-06-16T23:00:27+0000","latitude":55.918479,"currentOwner":{"name":"féarglas","id":280861},"name":"ScotlandYard","id":316621,"totalTakeovers":222,"region":{"country":"gb","name":"Scotland","id":200},"pointsPerHour":3,"longitude":-3.272192,"takeoverPoints":155},"latitude":55.918479,"currentOwner":{"name":"féarglas","id":280861},"time":"2021-06-16T23:00:27+0000","type":"takeover","longitude":-3.272192},{"zone":{"previousOwner":{"name":"Whiskytoken","id":131109},"dateCreated":"2017-04-15T08:00:00+0000","dateLastTaken":"2021-06-16T23:00:21+0000","latitude":56.73855,"currentOwner":{"name":"Podde","id":231293},"name":"VillaVästern","id":98062,"totalTakeovers":2477,"region":{"country":"se","name":"Kalmar","id":137},"pointsPerHour":4,"longitude":15.906535,"takeoverPoints":140},"latitude":56.73855,"currentOwner":{"name":"Podde","id":231293},"time":"2021-06-16T23:00:21+0000","type":"takeover","longitude":15.906535},{"zone":{"previousOwner":{"name":"Hagan","id":204233},"dateCreated":"2014-08-27T18:55:16+0000","dateLastTaken":"2021-06-16T23:00:17+0000","latitude":60.076717,"currentOwner":{"name":"Corellian","id":264701},"name":"EastNoseRoad","id":33835,"totalTakeovers":11582,"region":{"country":"fi","name":"Åland","id":177},"pointsPerHour":8,"longitude":19.951625,"takeoverPoints":80},"latitude":60.076717,"currentOwner":{"name":"Corellian","id":264701},"time":"2021-06-16T23:00:17+0000","type":"takeover","longitude":19.951625},{"zone":{"previousOwner":{"name":"Prion1","id":176486},"dateCreated":"2018-12-24T09:00:00+0000","dateLastTaken":"2021-06-16T23:00:10+0000","latitude":59.436873,"currentOwner":{"name":"HeyJune!","id":254091},"name":"Horsepower","id":178334,"totalTakeovers":569,"region":{"country":"se","name":"Stockholm","id":141},"pointsPerHour":3,"longitude":18.101821,"takeoverPoints":155},"latitude":59.436873,"currentOwner":{"name":"HeyJune!","id":254091},"time":"2021-06-16T23:00:10+0000","type":"takeover","longitude":18.101821},{"zone":{"previousOwner":{"name":"Traveller","id":220699},"dateCreated":"2013-07-14T14:03:07+0000","dateLastTaken":"2021-06-16T22:59:56+0000","latitude":59.422621,"currentOwner":{"name":"Aicar","id":74956},"name":"LovesKorridor","id":20746,"totalTakeovers":4007,"region":{"country":"se","name":"Stockholm","id":141},"pointsPerHour":5,"longitude":17.947498,"takeoverPoints":125},"latitude":59.422621,"currentOwner":{"name":"Aicar","id":74956},"time":"2021-06-16T22:59:56+0000","type":"takeover","longitude":17.947498},{"zone":{"previousOwner":{"name":"Pinarello","id":48749},"dateCreated":"2017-02-10T06:00:00+0000","dateLastTaken":"2021-06-16T22:59:42+0000","latitude":59.3329,"currentOwner":{"name":"Dheri","id":13482},"name":"Spectre","id":95039,"totalTakeovers":3024,"region":{"country":"se","name":"Örebro","id":131},"pointsPerHour":6,"longitude":14.510312,"takeoverPoints":110},"latitude":59.3329,"currentOwner":{"name":"Dheri","id":13482},"time":"2021-06-16T22:59:42+0000","type":"takeover","longitude":14.510312},{"zone":{"previousOwner":{"name":"Gelehallonet","id":142715},"dateCreated":"2012-03-30T23:00:57+0000","dateLastTaken":"2021-06-16T22:59:19+0000","latitude":59.292751,"currentOwner":{"name":"TurfTom","id":230867},"name":"SandTennis","id":7718,"totalTakeovers":6000,"region":{"country":"se","name":"Stockholm","id":141},"pointsPerHour":7,"longitude":18.053008,"takeoverPoints":95},"latitude":59.292751,"currentOwner":{"name":"TurfTom","id":230867},"time":"2021-06-16T22:59:19+0000","type":"takeover","longitude":18.053008},{"zone":{"previousOwner":{"name":"Hundhedningen","id":327476},"dateCreated":"2013-02-04T23:17:38+0000","dateLastTaken":"2021-06-16T22:59:13+0000","latitude":59.339533,"currentOwner":{"name":"Thant","id":327074},"name":"KarlasAllé","id":14605,"totalTakeovers":11101,"region":{"country":"se","name":"Stockholm","id":141},"pointsPerHour":9,"longitude":18.081066,"takeoverPoints":65},"latitude":59.339533,"currentOwner":{"name":"Thant","id":327074},"time":"2021-06-16T22:59:13+0000","type":"takeover","longitude":18.081066},{"zone":{"previousOwner":{"name":"Scrotum","id":94460},"dateCreated":"2016-08-29T21:28:09+0000","dateLastTaken":"2021-06-16T22:59:11+0000","latitude":63.848719,"currentOwner":{"name":"EQ","id":200915},"name":"Rondellzon","id":81871,"totalTakeovers":6004,"region":{"country":"se","name":"Västerbotten","id":127},"pointsPerHour":8,"longitude":20.313498,"takeoverPoints":80},"latitude":63.848719,"currentOwner":{"name":"EQ","id":200915},"time":"2021-06-16T22:59:11+0000","type":"takeover","longitude":20.313498},{"zone":{"previousOwner":{"name":"Birykow","id":264072},"dateLastTaken":"2021-06-16T22:59:06+0000","latitude":60.074657,"totalTakeovers":6125,"pointsPerHour":6,"takeoverPoints":110,"dateCreated":"2015-01-06T15:32:40+0000","currentOwner":{"name":"Corellian","id":264701},"name":"RozalionMill","id":43589,"region":{"country":"fi","name":"Åland","id":177},"longitude":19.952918},"latitude":60.074657,"currentOwner":{"name":"Corellian","id":264701},"time":"2021-06-16T22:59:06+0000","type":"takeover","longitude":19.952918},{"zone":{"previousOwner":{"name":"grimric","id":267536},"dateCreated":"2017-03-25T06:00:00+0000","dateLastTaken":"2021-06-16T22:58:51+0000","latitude":55.71499,"currentOwner":{"name":"PastaPutin","id":148021},"name":"BaraGeting","id":95547,"totalTakeovers":4602,"region":{"country":"se","name":"Skåne","id":135},"pointsPerHour":7,"longitude":13.199689,"takeoverPoints":95},"latitude":55.71499,"currentOwner":{"name":"PastaPutin","id":148021},"time":"2021-06-16T22:58:51+0000","type":"takeover","longitude":13.199689},{"zone":{"previousOwner":{"name":"Traveller","id":220699},"dateCreated":"2018-06-11T07:00:00+0000","dateLastTaken":"2021-06-16T22:58:34+0000","latitude":59.42051,"currentOwner":{"name":"Aicar","id":74956},"name":"TurebergSpud","id":153661,"totalTakeovers":1871,"region":{"country":"se","name":"Stockholm","id":141},"pointsPerHour":6,"longitude":17.943497,"takeoverPoints":110},"latitude":59.42051,"currentOwner":{"name":"Aicar","id":74956},"time":"2021-06-16T22:58:34+0000","type":"takeover","longitude":17.943497},{"zone":{"previousOwner":{"name":"LillaEgo","id":278049},"dateCreated":"2012-03-19T21:48:38+0000","dateLastTaken":"2021-06-16T22:58:23+0000","latitude":59.234644,"currentOwner":{"name":"Lavinia","id":305950},"name":"WeDriveSoft","id":7012,"totalTakeovers":5657,"region":{"country":"se","name":"Stockholm","id":141},"pointsPerHour":7,"longitude":17.995102,"takeoverPoints":95},"latitude":59.234644,"currentOwner":{"name":"Lavinia","id":305950},"time":"2021-06-16T22:58:23+0000","type":"takeover","longitude":17.995102},{"zone":{"previousOwner":{"name":"ESOCWalter","id":280133},"dateCreated":"2020-08-27T13:00:00+0000","dateLastTaken":"2021-06-16T22:58:23+0000","latitude":55.871176,"currentOwner":{"name":"PlanetGary","id":303237},"name":"HewanWood","id":321616,"totalTakeovers":24,"region":{"country":"gb","name":"Scotland","id":200},"pointsPerHour":1,"longitude":-3.14406,"takeoverPoints":185},"latitude":55.871176,"currentOwner":{"name":"PlanetGary","id":303237},"time":"2021-06-16T22:58:23+0000","type":"takeover","longitude":-3.14406},{"zone":{"previousOwner":{"name":"immi","id":193940},"dateCreated":"2013-10-30T15:00:00+0000","dateLastTaken":"2021-06-16T22:58:18+0000","latitude":59.330348,"currentOwner":{"name":"Dheri","id":13482},"name":"Bregårds","id":22516,"totalTakeovers":7374,"region":{"country":"se","name":"Örebro","id":131},"pointsPerHour":6,"longitude":14.509802,"takeoverPoints":110},"latitude":59.330348,"currentOwner":{"name":"Dheri","id":13482},"time":"2021-06-16T22:58:18+0000","type":"takeover","longitude":14.509802},{"zone":{"previousOwner":{"name":"Whiskytoken","id":131109},"dateCreated":"2017-05-20T18:52:43+0000","dateLastTaken":"2021-06-16T22:58:08+0000","latitude":56.73887,"currentOwner":{"name":"Podde","id":231293},"name":"Nybrodungen","id":110521,"totalTakeovers":1674,"region":{"country":"se","name":"Kalmar","id":137},"pointsPerHour":4,"longitude":15.901205,"takeoverPoints":140},"latitude":56.73887,"currentOwner":{"name":"Podde","id":231293},"time":"2021-06-16T22:58:08+0000","type":"takeover","longitude":15.901205},{"zone":{"previousOwner":{"name":"Kriswi","id":77878},"dateCreated":"2014-09-11T06:00:00+0000","dateLastTaken":"2021-06-16T22:57:52+0000","latitude":59.293793,"currentOwner":{"name":"TurfTom","id":230867},"name":"LostHighway","id":35917,"totalTakeovers":5719,"region":{"country":"se","name":"Stockholm","id":141},"pointsPerHour":7,"longitude":18.048392,"takeoverPoints":95},"latitude":59.293793,"currentOwner":{"name":"TurfTom","id":230867},"time":"2021-06-16T22:57:52+0000","type":"takeover","longitude":18.048392},{"zone":{"previousOwner":{"name":"Finnerswinners","id":303063},"dateCreated":"2020-08-30T08:00:00+0000","dateLastTaken":"2021-06-16T22:57:49+0000","latitude":55.768465,"currentOwner":{"name":"AndyMac","id":135538},"name":"BroomCliff","id":322994,"totalTakeovers":25,"region":{"country":"gb","name":"Scotland","id":200},"pointsPerHour":1,"longitude":-4.314616,"takeoverPoints":185},"latitude":55.768465,"currentOwner":{"name":"AndyMac","id":135538},"time":"2021-06-16T22:57:49+0000","type":"takeover","longitude":-4.314616},{"zone":{"previousOwner":{"name":"WombaWomba","id":74035},"dateCreated":"2012-12-24T11:00:00+0000","dateLastTaken":"2021-06-16T22:57:39+0000","latitude":63.846873,"currentOwner":{"name":"EQ","id":200915},"name":"Björnskogen","id":12411,"totalTakeovers":14387,"region":{"country":"se","name":"Västerbotten","id":127},"pointsPerHour":8,"longitude":20.317844,"takeoverPoints":80},"latitude":63.846873,"currentOwner":{"name":"EQ","id":200915},"time":"2021-06-16T22:57:39+0000","type":"takeover","longitude":20.317844},{"zone":{"previousOwner":{"name":"Blaumeise","id":201033},"dateCreated":"2017-02-24T06:00:00+0000","dateLastTaken":"2021-06-16T22:57:37+0000","latitude":59.441407,"currentOwner":{"name":"HeyJune!","id":254091},"name":"RiskFörDimma","id":95009,"totalTakeovers":1075,"region":{"country":"se","name":"Stockholm","id":141},"pointsPerHour":4,"longitude":18.107652,"takeoverPoints":140},"latitude":59.441407,"currentOwner":{"name":"HeyJune!","id":254091},"time":"2021-06-16T22:57:37+0000","type":"takeover","longitude":18.107652},{"zone":{"previousOwner":{"name":"BeerGlass100","id":306073},"dateLastTaken":"2021-06-16T22:57:35+0000","latitude":55.918929,"totalTakeovers":196,"pointsPerHour":3,"takeoverPoints":155,"dateCreated":"2017-11-15T20:35:51+0000","currentOwner":{"name":"féarglas","id":280861},"name":"Kingsknowe","id":138142,"region":{"country":"gb","name":"Scotland","id":200},"longitude":-3.264473},"latitude":55.918929,"currentOwner":{"name":"féarglas","id":280861},"time":"2021-06-16T22:57:35+0000","type":"takeover","longitude":-3.264473},{"zone":{"previousOwner":{"name":"immi","id":193940},"dateCreated":"2016-08-19T03:00:00+0000","dateLastTaken":"2021-06-16T22:57:16+0000","latitude":59.329276,"currentOwner":{"name":"Dheri","id":13482},"name":"Gustav","id":80301,"totalTakeovers":6642,"region":{"country":"se","name":"Örebro","id":131},"pointsPerHour":6,"longitude":14.508911,"takeoverPoints":110},"latitude":59.329276,"currentOwner":{"name":"Dheri","id":13482},"time":"2021-06-16T22:57:16+0000","type":"takeover","longitude":14.508911},{"zone":{"previousOwner":{"name":"Cykeltalibanen","id":267525},"dateCreated":"2019-08-15T20:57:27+0000","dateLastTaken":"2021-06-16T22:56:51+0000","latitude":63.84277,"currentOwner":{"name":"viðvarandi","id":110642},"name":"UmedalenX","id":204690,"totalTakeovers":1643,"region":{"country":"se","name":"Västerbotten","id":127},"pointsPerHour":7,"longitude":20.165533,"takeoverPoints":95},"latitude":63.84277,"currentOwner":{"name":"viðvarandi","id":110642},"time":"2021-06-16T22:56:51+0000","type":"takeover","longitude":20.165533},{"zone":{"previousOwner":{"name":"grimric","id":267536},"dateCreated":"2019-05-28T05:00:00+0000","dateLastTaken":"2021-06-16T22:56:49+0000","latitude":55.712291,"currentOwner":{"name":"PastaPutin","id":148021},"name":"KungGeting","id":199077,"totalTakeovers":2042,"region":{"country":"se","name":"Skåne","id":135},"pointsPerHour":7,"longitude":13.194601,"takeoverPoints":95},"latitude":55.712291,"currentOwner":{"name":"PastaPutin","id":148021},"time":"2021-06-16T22:56:49+0000","type":"takeover","longitude":13.194601},{"zone":{"previousOwner":{"name":"Kriswi","id":77878},"dateCreated":"2017-02-12T08:00:00+0000","dateLastTaken":"2021-06-16T22:56:43+0000","latitude":59.295187,"currentOwner":{"name":"TurfTom","id":230867},"name":"VallaTorg","id":94812,"totalTakeovers":4781,"region":{"country":"se","name":"Stockholm","id":141},"pointsPerHour":8,"longitude":18.048583,"takeoverPoints":80},"latitude":59.295187,"currentOwner":{"name":"TurfTom","id":230867},"time":"2021-06-16T22:56:43+0000","type":"takeover","longitude":18.048583},{"zone":{"previousOwner":{"name":"tomentjohoo","id":75212},"dateCreated":"2020-06-12T22:37:47+0000","dateLastTaken":"2021-06-16T22:56:29+0000","latitude":63.845092,"currentOwner":{"name":"EQ","id":200915},"name":"SketHanHär","id":306538,"totalTakeovers":2245,"region":{"country":"se","name":"Västerbotten","id":127},"pointsPerHour":8,"longitude":20.315953,"takeoverPoints":80},"latitude":63.845092,"currentOwner":{"name":"EQ","id":200915},"time":"2021-06-16T22:56:29+0000","type":"takeover","longitude":20.315953},{"zone":{"previousOwner":{"name":"Birykow","id":264072},"dateCreated":"2014-09-08T15:57:51+0000","dateLastTaken":"2021-06-16T22:56:17+0000","latitude":60.071168,"currentOwner":{"name":"Corellian","id":264701},"name":"DalenWoods","id":34725,"totalTakeovers":5752,"region":{"country":"fi","name":"Åland","id":177},"pointsPerHour":6,"longitude":19.962777,"takeoverPoints":110},"latitude":60.071168,"currentOwner":{"name":"Corellian","id":264701},"time":"2021-06-16T22:56:17+0000","type":"takeover","longitude":19.962777},{"zone":{"previousOwner":{"name":"tilverturf","id":166033},"dateLastTaken":"2021-06-16T22:56:10+0000","latitude":59.869257,"totalTakeovers":11349,"pointsPerHour":8,"takeoverPoints":80,"dateCreated":"2014-09-02T20:00:00+0000","currentOwner":{"name":"scorp","id":45470},"name":"VäktarnsKors","id":33711,"region":{"country":"se","name":"Uppsala","id":142},"longitude":17.642172},"latitude":59.869257,"currentOwner":{"name":"scorp","id":45470},"time":"2021-06-16T22:56:10+0000","type":"takeover","longitude":17.642172},{"zone":{"previousOwner":{"name":"Cyklonen","id":179784},"dateCreated":"2012-12-24T11:00:00+0000","dateLastTaken":"2021-06-16T22:55:59+0000","latitude":59.416748,"currentOwner":{"name":"Aicar","id":74956},"name":"Milstenen","id":12429,"totalTakeovers":4105,"region":{"country":"se","name":"Stockholm","id":141},"pointsPerHour":6,"longitude":17.932687,"takeoverPoints":110},"latitude":59.416748,"currentOwner":{"name":"Aicar","id":74956},"time":"2021-06-16T22:55:59+0000","type":"takeover","longitude":17.932687},{"zone":{"previousOwner":{"name":"Deneva","id":68382},"dateCreated":"2011-01-30T11:03:04+0000","dateLastTaken":"2021-06-16T22:55:44+0000","latitude":57.732141,"currentOwner":{"name":"hans.-hans","id":97495},"name":"Bellevue","id":1345,"totalTakeovers":10894,"region":{"country":"se","name":"Västra Götaland","id":132},"pointsPerHour":7,"longitude":12.022112,"takeoverPoints":95},"latitude":57.732141,"currentOwner":{"name":"hans.-hans","id":97495},"time":"2021-06-16T22:55:44+0000","type":"takeover","longitude":12.022112},{"zone":{"previousOwner":{"name":"Whiskytoken","id":131109},"dateCreated":"2020-11-02T10:29:20+0000","dateLastTaken":"2021-06-16T22:55:40+0000","latitude":56.737434,"currentOwner":{"name":"Podde","id":231293},"name":"Villabacken","id":349695,"totalTakeovers":468,"region":{"country":"se","name":"Kalmar","id":137},"pointsPerHour":4,"longitude":15.893973,"takeoverPoints":140},"latitude":56.737434,"currentOwner":{"name":"Podde","id":231293},"time":"2021-06-16T22:55:40+0000","type":"takeover","longitude":15.893973},{"zone":{"previousOwner":{"name":"grimric","id":267536},"dateCreated":"2011-02-09T15:28:24+0000","dateLastTaken":"2021-06-16T22:55:26+0000","latitude":55.712641,"currentOwner":{"name":"PastaPutin","id":148021},"name":"Lundaward","id":1469,"totalTakeovers":7833,"region":{"country":"se","name":"Skåne","id":135},"pointsPerHour":6,"longitude":13.198501,"takeoverPoints":110},"latitude":55.712641,"currentOwner":{"name":"PastaPutin","id":148021},"time":"2021-06-16T22:55:26+0000","type":"takeover","longitude":13.198501},{"zone":{"previousOwner":{"name":"Gotjan","id":185926},"dateCreated":"2019-07-07T06:00:00+0000","dateLastTaken":"2021-06-16T22:55:23+0000","latitude":59.442839,"currentOwner":{"name":"HeyJune!","id":254091},"name":"Viggbydalen","id":203690,"totalTakeovers":629,"region":{"country":"se","name":"Stockholm","id":141},"pointsPerHour":4,"longitude":18.103937,"takeoverPoints":140},"latitude":59.442839,"currentOwner":{"name":"HeyJune!","id":254091},"time":"2021-06-16T22:55:23+0000","type":"takeover","longitude":18.103937},{"zone":{"previousOwner":{"name":"Pinarello","id":48749},"dateCreated":"2014-12-28T21:07:51+0000","dateLastTaken":"2021-06-16T22:55:19+0000","latitude":59.332482,"currentOwner":{"name":"Dheri","id":13482},"name":"GärdetStigen","id":43390,"totalTakeovers":4928,"region":{"country":"se","name":"Örebro","id":131},"pointsPerHour":5,"longitude":14.505397,"takeoverPoints":125},"latitude":59.332482,"currentOwner":{"name":"Dheri","id":13482},"time":"2021-06-16T22:55:19+0000","type":"takeover","longitude":14.505397},{"zone":{"previousOwner":{"name":"Superelak","id":126940},"dateCreated":"2012-12-24T11:00:00+0000","dateLastTaken":"2021-06-16T22:55:17+0000","latitude":63.843461,"currentOwner":{"name":"EQ","id":200915},"name":"ÄlgY","id":12410,"totalTakeovers":14366,"region":{"country":"se","name":"Västerbotten","id":127},"pointsPerHour":8,"longitude":20.319006,"takeoverPoints":80},"latitude":63.843461,"currentOwner":{"name":"EQ","id":200915},"time":"2021-06-16T22:55:17+0000","type":"takeover","longitude":20.319006},{"zone":{"previousOwner":{"name":"Trekfan","id":124924},"dateCreated":"2020-11-08T20:08:13+0000","dateLastTaken":"2021-06-16T22:55:10+0000","latitude":60.073205,"currentOwner":{"name":"Corellian","id":264701},"name":"MittPåSpången","id":350326,"totalTakeovers":942,"region":{"country":"fi","name":"Åland","id":177},"pointsPerHour":7,"longitude":19.960966,"takeoverPoints":95},"latitude":60.073205,"currentOwner":{"name":"Corellian","id":264701},"time":"2021-06-16T22:55:10+0000","type":"takeover","longitude":19.960966}]