[{"medal":80,"time":"2023-09-12T12:13:00+0000","type":"medal","user":{"country":"se","medals":[95,84,80],"zones":[91973,12421,92695,63990,488784],"pointsPerHour":0,"points":925,"blocktime":10,"taken":7,"name":"ElviraB.M","totalPoints":925,"rank":3,"id":406340,"place":7535,"uniqueZonesTaken":7,"region":{"name":"Stockholm","id":141}}},{"country":"se","sender":{"country":"se","medals":[],"zones":[],"pointsPerHour":0,"points":0,"blocktime":10,"taken":0,"name":"Muuri","totalPoints":0,"rank":0,"id":403977,"place":7535,"uniqueZonesTaken":0},"time":"2023-09-12T12:12:38+0000","message":"7D dags att komma tillbaks","type":"chat"},{"sender":{"country":"se","medals":[24,16,17,17,24,24,24,24,27,79,24,28,17,116,47,15,4,77,117,24,126,22,24,57,111,122,131,66,30,118],"zones":[24068,29254,29255,7367,7369,29258,94218,29260,26197,179799,155348,278620,109080,26522,26523,26524,278617,26529,429410,115429,44711,76648,179823,29294,76657,29299,29302,8374,8378,29307,8379,254],"pointsPerHour":118,"points":78073,"blocktime":24,"taken":83553,"name":"alligatorn","totalPoints":14374643,"rank":57,"id":26497,"place":311,"uniqueZonesTaken":1484,"region":{"name":"Stockholm","id":141}},"time":"2023-09-12T12:12:22+0000","message":"krokodilen: ok","region":{"name":"Stockholm","id":141},"type":"chat"},{"medal":93,"time":"2023-09-12T12:11:38+0000","type":"medal","user":{"country":"se","medals":[93],"zones":[],"pointsPerHour":0,"points":140,"blocktime":10,"taken":1,"name":"glasspine","totalPoints":140,"rank":0,"id":406363,"place":7534,"uniqueZonesTaken":1,"region":{"name":"Kalmar","id":137}}},{"sender":{"country":"se","medals":[17,16,17,79,24,17,116,47,27,56,4,77,117,28,24,126,22,24,15,5,122,89,131,66,30,111],"zones":[152354,141568,56775,44712,202347,44713,61609,134958,109076,515602,109079,155348,8377,8382,278618],"pointsPerHour":39,"points":56147,"blocktime":23,"taken":61486,"name":"krokodilen","totalPoints":10623463,"rank":55,"id":45356,"place":505,"uniqueZonesTaken":1229,"region":{"name":"Stockholm","id":141}},"time":"2023-09-12T12:11:04+0000","message":"alligatorn hemma","region":{"name":"Stockholm","id":141},"type":"chat"},{"medal":84,"time":"2023-09-12T12:10:46+0000","type":"medal","user":{"country":"se","medals":[93,84],"zones":[17026,1479,409151,164831],"pointsPerHour":0,"points":598,"blocktime":10,"taken":5,"name":"ewe123","totalPoints":598,"rank":2,"id":406336,"place":7533,"uniqueZonesTaken":5,"region":{"name":"Stockholm","id":141}}},{"medal":92,"time":"2023-09-12T12:10:23+0000","type":"medal","user":{"country":"se","medals":[80,85,92],"zones":[20738,78984,595447,213165],"pointsPerHour":0,"points":866,"blocktime":11,"taken":19,"name":"Anonymous185","totalPoints":2831,"rank":5,"id":367820,"place":0,"uniqueZonesTaken":15,"region":{"name":"Stockholm","id":141}}},{"medal":31,"time":"2023-09-12T12:09:25+0000","type":"medal","user":{"country":"se","medals":[51,92,31],"zones":[84549,44716],"pointsPerHour":0,"points":4457,"blocktime":11,"taken":25,"name":"Märta7A","totalPoints":4457,"rank":6,"id":404884,"place":7533,"uniqueZonesTaken":18,"region":{"name":"Värmland","id":130}}}]