[{"sender":{"country":"se","medals":[79,67,57,48,16,22,68,83,72,13,122,27,87,70,77,106,68,97,129],"zones":[24195,24196,24197,29702,24200,55820,55821,55822,115217,60433,18194,18195,97301,97300,42264,42265,116507,512793,46879,46880,46881,565673,189856,46884,46885,130345,63786,63787,84780,1838,116527,1839,1840,102064,79287,79286,60729,63801,200385,180672,33475,91975,200389,9289,9290,56139,222159,93901,222158,12366,411849,222156,31825,31826,114259,114261,114260,44119,115158,125400,114522,155869,319451,281828,281829,281830,38243,136043,42858,96748,136044,115183,361194,115182,33519,179186,54769,114547,54770,114546,31476,115192,31739,31740,147196,80639,147197],"pointsPerHour":309,"points":218223,"blocktime":23,"taken":38043,"name":"olds425","totalPoints":7514589,"rank":53,"id":317608,"place":22,"uniqueZonesTaken":448,"region":{"name":"Västmanland","id":143}},"time":"2023-09-12T09:06:20+0000","message":"sweghozt ge fan i att blocka","region":{"name":"Västmanland","id":143},"type":"chat"},{"medal":84,"time":"2023-09-12T09:05:30+0000","type":"medal","user":{"country":"se","medals":[93,84],"zones":[27027,28621],"pointsPerHour":0,"points":668,"blocktime":10,"taken":5,"name":"lukashård123","totalPoints":668,"rank":2,"id":404193,"place":7454,"uniqueZonesTaken":5,"region":{"name":"Stockholm","id":141}}},{"medal":84,"time":"2023-09-12T09:05:24+0000","type":"medal","user":{"country":"se","medals":[96,100,84],"zones":[50157],"pointsPerHour":0,"points":1391,"blocktime":11,"taken":8,"name":"Oskbor0909","totalPoints":1391,"rank":4,"id":406142,"place":0,"uniqueZonesTaken":7,"region":{"name":"Västra Götaland","id":132}}},{"medal":84,"time":"2023-09-12T09:04:38+0000","type":"medal","user":{"country":"se","medals":[80,84],"zones":[599387,47508,28197,47509,89422],"pointsPerHour":0,"points":673,"blocktime":10,"taken":5,"name":"LiamoAbdullah","totalPoints":673,"rank":2,"id":406220,"place":7454,"uniqueZonesTaken":5,"region":{"name":"Stockholm","id":141}}},{"medal":80,"time":"2023-09-12T09:04:38+0000","type":"medal","user":{"country":"se","medals":[80,84],"zones":[599387,47508,28197,47509,89422],"pointsPerHour":0,"points":673,"blocktime":10,"taken":5,"name":"LiamoAbdullah","totalPoints":673,"rank":2,"id":406220,"place":7454,"uniqueZonesTaken":5,"region":{"name":"Stockholm","id":141}}},{"medal":80,"time":"2023-09-12T09:04:02+0000","type":"medal","user":{"country":"se","medals":[85,80],"zones":[78465,571292,207514,28621,26175],"pointsPerHour":0,"points":1575,"blocktime":11,"taken":12,"name":"MajaSalawa1","totalPoints":1575,"rank":4,"id":403816,"place":7454,"uniqueZonesTaken":10,"region":{"name":"Stockholm","id":141}}},{"medal":84,"time":"2023-09-12T08:58:07+0000","type":"medal","user":{"country":"se","medals":[96,100,84],"zones":[47899],"pointsPerHour":0,"points":1470,"blocktime":11,"taken":8,"name":"Jacmat1110","totalPoints":1470,"rank":4,"id":406070,"place":7449,"uniqueZonesTaken":7,"region":{"name":"Västra Götaland","id":132}}},{"medal":100,"time":"2023-09-12T08:58:07+0000","type":"medal","user":{"country":"se","medals":[96,84,100],"zones":[175260],"pointsPerHour":0,"points":1285,"blocktime":11,"taken":7,"name":"trukar0402","totalPoints":1285,"rank":4,"id":406073,"place":7449,"uniqueZonesTaken":6,"region":{"name":"Västra Götaland","id":132}}}]