[{"sender":{"country":"se","medals":[16,5,4,28,48,59,3,68,77,79,17,112,38,66,26,24,70,101,15],"zones":[15810,33059,33060,11972,33061,33062,136328,25324,110540,33326,25327,20532,171671,76660],"pointsPerHour":28,"points":24718,"blocktime":21,"taken":13603,"name":"Rulf","totalPoints":2706473,"rank":45,"id":163017,"place":565,"uniqueZonesTaken":1012,"region":{"name":"Jönköping","id":133}},"time":"2021-07-09T03:02:16+0000","message":"broccoliA-M: Zonpirat! 😉","region":{"name":"Jönköping","id":133},"type":"chat"},{"medal":67,"time":"2021-07-09T02:44:56+0000","type":"medal","user":{"country":"se","medals":[24,112,52,71,70,90,34,6,13,103,126,67],"zones":[46560,26050,26056],"pointsPerHour":0,"points":510,"blocktime":17,"taken":1363,"name":"Rainboweyes","totalPoints":297598,"rank":29,"id":77318,"place":5290,"uniqueZonesTaken":329,"region":{"name":"Jönköping","id":133}}}]