[{"zone":{"previousOwner":{"name":"MarcusJohnsson","id":35915},"dateCreated":"2015-01-12T17:00:00+0000","dateLastTaken":"2021-07-04T23:31:25+0000","latitude":59.868702,"currentOwner":{"name":"tilverturf","id":166033},"name":"Seminariepark","id":43737,"totalTakeovers":12968,"region":{"country":"se","name":"Uppsala","id":142},"pointsPerHour":8,"longitude":17.621124,"takeoverPoints":80},"latitude":59.868702,"currentOwner":{"name":"tilverturf","id":166033},"time":"2021-07-04T23:31:25+0000","type":"takeover","longitude":17.621124},{"zone":{"previousOwner":{"name":"Harlequin","id":31991},"dateCreated":"2012-11-09T19:29:24+0000","dateLastTaken":"2021-07-04T23:31:09+0000","latitude":63.805779,"currentOwner":{"name":"TheLea","id":25356},"name":"PalletDå","id":11863,"totalTakeovers":5612,"region":{"country":"se","name":"Västerbotten","id":127},"pointsPerHour":5,"longitude":20.176846,"takeoverPoints":125},"latitude":63.805779,"currentOwner":{"name":"TheLea","id":25356},"time":"2021-07-04T23:31:09+0000","type":"takeover","longitude":20.176846},{"zone":{"previousOwner":{"name":"vuuv","id":312612},"dateCreated":"2014-04-28T08:00:16+0000","dateLastTaken":"2021-07-04T23:31:03+0000","latitude":55.596478,"currentOwner":{"name":"TXL","id":62645},"name":"AthleteArea","id":28628,"totalTakeovers":4319,"region":{"country":"se","name":"Skåne","id":135},"pointsPerHour":6,"longitude":12.949198,"takeoverPoints":110},"latitude":55.596478,"currentOwner":{"name":"TXL","id":62645},"time":"2021-07-04T23:31:03+0000","type":"takeover","longitude":12.949198},{"zone":{"dateCreated":"2017-03-20T10:46:13+0000","dateLastTaken":"2021-07-04T23:30:23+0000","latitude":35.577093,"currentOwner":{"name":"ZAWA","id":136049},"name":"CCCinema","id":96497,"totalTakeovers":33,"region":{"country":"jp","name":"Kantō","id":396},"pointsPerHour":1,"longitude":139.527383,"takeoverPoints":185},"latitude":35.577093,"currentOwner":{"name":"ZAWA","id":136049},"time":"2021-07-04T23:30:23+0000","type":"takeover","longitude":139.527383},{"zone":{"previousOwner":{"name":"St@llion","id":153955},"dateCreated":"2014-02-20T20:57:00+0000","dateLastTaken":"2021-07-04T23:30:19+0000","latitude":59.270894,"currentOwner":{"name":"Krussidullen","id":74555},"name":"SolsidanStn","id":25743,"totalTakeovers":1487,"region":{"country":"se","name":"Stockholm","id":141},"pointsPerHour":4,"longitude":18.295848,"takeoverPoints":140},"latitude":59.270894,"currentOwner":{"name":"Krussidullen","id":74555},"time":"2021-07-04T23:30:19+0000","type":"takeover","longitude":18.295848},{"zone":{"dateCreated":"2021-01-18T19:29:03+0000","dateLastTaken":"2021-07-04T23:30:15+0000","latitude":44.979498,"currentOwner":{"name":"woody","id":303562},"name":"Riverfront","id":368810,"totalTakeovers":83,"region":{"country":"us","name":"Minnesota","id":405},"pointsPerHour":2,"longitude":-93.255737,"takeoverPoints":170},"latitude":44.979498,"currentOwner":{"name":"woody","id":303562},"time":"2021-07-04T23:30:15+0000","type":"takeover","longitude":-93.255737},{"zone":{"previousOwner":{"name":"MarcusJohnsson","id":35915},"dateCreated":"2010-09-02T00:00:00+0000","dateLastTaken":"2021-07-04T23:30:00+0000","latitude":59.866492,"currentOwner":{"name":"tilverturf","id":166033},"name":"RailBush","id":682,"totalTakeovers":21218,"region":{"country":"se","name":"Uppsala","id":142},"pointsPerHour":8,"longitude":17.621271,"takeoverPoints":80},"latitude":59.866492,"currentOwner":{"name":"tilverturf","id":166033},"time":"2021-07-04T23:30:00+0000","type":"takeover","longitude":17.621271},{"zone":{"previousOwner":{"name":"St@llion","id":153955},"dateCreated":"2014-02-25T21:01:24+0000","dateLastTaken":"2021-07-04T23:29:22+0000","latitude":59.272961,"currentOwner":{"name":"Krussidullen","id":74555},"name":"ErstaStopp","id":25744,"totalTakeovers":1196,"region":{"country":"se","name":"Stockholm","id":141},"pointsPerHour":3,"longitude":18.285152,"takeoverPoints":155},"latitude":59.272961,"currentOwner":{"name":"Krussidullen","id":74555},"time":"2021-07-04T23:29:22+0000","type":"takeover","longitude":18.285152},{"zone":{"previousOwner":{"name":"Harlequin","id":31991},"dateCreated":"2016-04-30T19:00:00+0000","dateLastTaken":"2021-07-04T23:29:21+0000","latitude":63.805583,"currentOwner":{"name":"TheLea","id":25356},"name":"Skravelvägen","id":68443,"totalTakeovers":3084,"region":{"country":"se","name":"Västerbotten","id":127},"pointsPerHour":5,"longitude":20.168375,"takeoverPoints":125},"latitude":63.805583,"currentOwner":{"name":"TheLea","id":25356},"time":"2021-07-04T23:29:21+0000","type":"takeover","longitude":20.168375},{"zone":{"previousOwner":{"name":"MarcusJohnsson","id":35915},"dateCreated":"2014-03-21T06:51:32+0000","dateLastTaken":"2021-07-04T23:28:45+0000","latitude":59.864763,"currentOwner":{"name":"tilverturf","id":166033},"name":"GeringDing","id":27107,"totalTakeovers":16380,"region":{"country":"se","name":"Uppsala","id":142},"pointsPerHour":8,"longitude":17.618505,"takeoverPoints":80},"latitude":59.864763,"currentOwner":{"name":"tilverturf","id":166033},"time":"2021-07-04T23:28:45+0000","type":"takeover","longitude":17.618505},{"zone":{"dateCreated":"2020-12-26T19:21:00+0000","dateLastTaken":"2021-07-04T23:28:01+0000","latitude":44.978286,"currentOwner":{"name":"woody","id":303562},"name":"35W","id":359106,"totalTakeovers":147,"region":{"country":"us","name":"Minnesota","id":405},"pointsPerHour":3,"longitude":-93.25193,"takeoverPoints":155},"latitude":44.978286,"currentOwner":{"name":"woody","id":303562},"time":"2021-07-04T23:28:01+0000","type":"takeover","longitude":-93.25193},{"zone":{"previousOwner":{"name":"St@llion","id":153955},"dateCreated":"2013-12-09T23:44:01+0000","dateLastTaken":"2021-07-04T23:27:53+0000","latitude":59.279194,"currentOwner":{"name":"Krussidullen","id":74555},"name":"Tattby","id":23652,"totalTakeovers":1290,"region":{"country":"se","name":"Stockholm","id":141},"pointsPerHour":4,"longitude":18.281562,"takeoverPoints":140},"latitude":59.279194,"currentOwner":{"name":"Krussidullen","id":74555},"time":"2021-07-04T23:27:53+0000","type":"takeover","longitude":18.281562},{"zone":{"previousOwner":{"name":"pawik","id":210314},"dateCreated":"2013-09-15T18:35:24+0000","dateLastTaken":"2021-07-04T23:27:19+0000","latitude":57.653532,"currentOwner":{"name":"jösses...då","id":113416},"name":"Jordgubben","id":21638,"totalTakeovers":3585,"region":{"country":"se","name":"Västra Götaland","id":132},"pointsPerHour":5,"longitude":11.890785,"takeoverPoints":125},"latitude":57.653532,"currentOwner":{"name":"jösses...då","id":113416},"time":"2021-07-04T23:27:19+0000","type":"takeover","longitude":11.890785},{"zone":{"previousOwner":{"name":"MarcusJohnsson","id":35915},"dateCreated":"2010-09-02T00:00:00+0000","dateLastTaken":"2021-07-04T23:27:08+0000","latitude":59.862577,"currentOwner":{"name":"tilverturf","id":166033},"name":"LutPark","id":466,"totalTakeovers":18978,"region":{"country":"se","name":"Uppsala","id":142},"pointsPerHour":8,"longitude":17.61395,"takeoverPoints":80},"latitude":59.862577,"currentOwner":{"name":"tilverturf","id":166033},"time":"2021-07-04T23:27:08+0000","type":"takeover","longitude":17.61395},{"zone":{"previousOwner":{"name":"St@llion","id":153955},"dateCreated":"2013-12-05T23:41:37+0000","dateLastTaken":"2021-07-04T23:26:55+0000","latitude":59.283779,"currentOwner":{"name":"Krussidullen","id":74555},"name":"Tippenstopp","id":23650,"totalTakeovers":2318,"region":{"country":"se","name":"Stockholm","id":141},"pointsPerHour":4,"longitude":18.277171,"takeoverPoints":140},"latitude":59.283779,"currentOwner":{"name":"Krussidullen","id":74555},"time":"2021-07-04T23:26:55+0000","type":"takeover","longitude":18.277171},{"zone":{"previousOwner":{"name":"Hippon","id":229263},"dateCreated":"2018-07-29T05:00:00+0000","dateLastTaken":"2021-07-04T23:26:34+0000","latitude":55.910334,"currentOwner":{"name":"CastorFiber","id":199565},"name":"Svalöv","id":154878,"totalTakeovers":446,"region":{"country":"se","name":"Skåne","id":135},"pointsPerHour":1,"longitude":13.110164,"takeoverPoints":185},"latitude":55.910334,"currentOwner":{"name":"CastorFiber","id":199565},"time":"2021-07-04T23:26:34+0000","type":"takeover","longitude":13.110164},{"zone":{"dateCreated":"2021-04-10T22:10:39+0000","dateLastTaken":"2021-07-04T23:26:32+0000","latitude":44.977897,"currentOwner":{"name":"woody","id":303562},"name":"NovProjectMSP","id":396953,"totalTakeovers":49,"region":{"country":"us","name":"Minnesota","id":405},"pointsPerHour":3,"longitude":-93.253343,"takeoverPoints":155},"latitude":44.977897,"currentOwner":{"name":"woody","id":303562},"time":"2021-07-04T23:26:32+0000","type":"takeover","longitude":-93.253343},{"zone":{"previousOwner":{"name":"stefanx46","id":36563},"dateCreated":"2012-09-09T04:00:00+0000","dateLastTaken":"2021-07-04T23:26:02+0000","latitude":58.752522,"currentOwner":{"name":"Turftroll","id":123163},"name":"HighFountain","id":11206,"totalTakeovers":4889,"region":{"country":"se","name":"Södermanland","id":140},"pointsPerHour":4,"longitude":16.9953,"takeoverPoints":140},"latitude":58.752522,"currentOwner":{"name":"Turftroll","id":123163},"time":"2021-07-04T23:26:02+0000","type":"takeover","longitude":16.9953}]