[{"zone":{"previousOwner":{"name":"BirgittaS","id":31552},"dateLastTaken":"2021-07-07T19:59:18+0000","latitude":59.635364,"totalTakeovers":8754,"pointsPerHour":7,"takeoverPoints":95,"dateCreated":"2014-05-12T08:03:54+0000","currentOwner":{"name":"turfink","id":299139},"name":"Hovdestalund","id":29170,"region":{"country":"se","name":"Västmanland","id":143},"longitude":16.512071},"latitude":59.635364,"currentOwner":{"name":"turfink","id":299139},"time":"2021-07-07T19:59:18+0000","type":"takeover","longitude":16.512071},{"zone":{"previousOwner":{"name":"Kaj-scout","id":170651},"dateCreated":"2010-09-30T22:00:02+0000","dateLastTaken":"2021-07-07T19:59:16+0000","latitude":56.880105,"currentOwner":{"name":"embeoo","id":23906},"name":"Westway","id":955,"totalTakeovers":10879,"region":{"country":"se","name":"Kronoberg","id":147},"pointsPerHour":6,"longitude":14.803575,"takeoverPoints":110},"latitude":56.880105,"currentOwner":{"name":"embeoo","id":23906},"time":"2021-07-07T19:59:16+0000","type":"takeover","longitude":14.803575},{"zone":{"dateCreated":"2021-05-01T07:00:00+0000","dateLastTaken":"2021-07-07T19:59:16+0000","latitude":51.53378,"currentOwner":{"name":"Prof.Kropi","id":333882},"name":"HLHübnerGrab","id":406391,"totalTakeovers":5,"region":{"country":"de","name":"Niedersachsen","id":444},"pointsPerHour":1,"longitude":9.909719,"takeoverPoints":185},"latitude":51.53378,"currentOwner":{"name":"Prof.Kropi","id":333882},"time":"2021-07-07T19:59:16+0000","type":"takeover","longitude":9.909719},{"zone":{"previousOwner":{"name":"pricken3","id":203255},"dateCreated":"2014-04-03T07:05:29+0000","dateLastTaken":"2021-07-07T19:59:16+0000","latitude":59.594435,"currentOwner":{"name":"algo","id":287934},"name":"Bakformen","id":27795,"totalTakeovers":9872,"region":{"country":"se","name":"Västmanland","id":143},"pointsPerHour":7,"longitude":16.450254,"takeoverPoints":95},"latitude":59.594435,"currentOwner":{"name":"algo","id":287934},"time":"2021-07-07T19:59:16+0000","type":"takeover","longitude":16.450254},{"zone":{"previousOwner":{"name":"Placid_Casual","id":312475},"dateCreated":"2021-01-19T11:47:01+0000","dateLastTaken":"2021-07-07T19:59:15+0000","latitude":57.475718,"currentOwner":{"name":"fanniesuraunt","id":320035},"name":"HillyMilton","id":368925,"totalTakeovers":25,"region":{"country":"gb","name":"Scotland","id":200},"pointsPerHour":1,"longitude":-4.13674,"takeoverPoints":185},"latitude":57.475718,"currentOwner":{"name":"fanniesuraunt","id":320035},"time":"2021-07-07T19:59:15+0000","type":"takeover","longitude":-4.13674},{"zone":{"previousOwner":{"name":"Bath","id":57990},"dateCreated":"2013-12-27T09:53:25+0000","dateLastTaken":"2021-07-07T19:59:13+0000","latitude":58.423802,"currentOwner":{"name":"LillaHunden","id":8662},"name":"Ankedammen","id":24440,"totalTakeovers":7188,"region":{"country":"se","name":"Västra Götaland","id":132},"pointsPerHour":3,"longitude":14.158503,"takeoverPoints":155},"latitude":58.423802,"currentOwner":{"name":"LillaHunden","id":8662},"time":"2021-07-07T19:59:13+0000","type":"takeover","longitude":14.158503},{"zone":{"previousOwner":{"name":"embeoo","id":23906},"dateCreated":"2010-11-22T20:21:01+0000","dateLastTaken":"2021-07-07T19:59:10+0000","latitude":56.89328,"currentOwner":{"name":"Kaj-scout","id":170651},"name":"Fallzone","id":1115,"totalTakeovers":4042,"region":{"country":"se","name":"Kronoberg","id":147},"pointsPerHour":4,"longitude":14.792372,"takeoverPoints":140},"latitude":56.89328,"currentOwner":{"name":"Kaj-scout","id":170651},"time":"2021-07-07T19:59:10+0000","type":"takeover","longitude":14.792372},{"zone":{"previousOwner":{"name":"plingis","id":278465},"dateCreated":"2012-08-27T20:05:41+0000","dateLastTaken":"2021-07-07T19:59:07+0000","latitude":59.248498,"currentOwner":{"name":"Nissepurjo","id":326821},"name":"Masselkärret","id":11116,"totalTakeovers":4078,"region":{"country":"se","name":"Stockholm","id":141},"pointsPerHour":7,"longitude":18.037768,"takeoverPoints":95},"latitude":59.248498,"currentOwner":{"name":"Nissepurjo","id":326821},"time":"2021-07-07T19:59:07+0000","type":"takeover","longitude":18.037768},{"zone":{"previousOwner":{"name":"MrTJ","id":51633},"dateCreated":"2010-10-02T00:00:00+0000","dateLastTaken":"2021-07-07T19:59:04+0000","latitude":63.828937,"currentOwner":{"name":"viðvarandi","id":110642},"name":"CityHall","id":601,"totalTakeovers":27618,"region":{"country":"se","name":"Västerbotten","id":127},"pointsPerHour":9,"longitude":20.253827,"takeoverPoints":65},"latitude":63.828937,"currentOwner":{"name":"viðvarandi","id":110642},"time":"2021-07-07T19:59:04+0000","type":"takeover","longitude":20.253827},{"zone":{"previousOwner":{"name":"keni","id":271343},"dateCreated":"2019-06-02T13:21:17+0000","dateLastTaken":"2021-07-07T19:59:03+0000","latitude":56.131729,"currentOwner":{"name":"Mackan&Jajjan","id":335089},"name":"Instängslad","id":200291,"totalTakeovers":132,"region":{"country":"se","name":"Skåne","id":135},"pointsPerHour":1,"longitude":12.951369,"takeoverPoints":185},"latitude":56.131729,"currentOwner":{"name":"Mackan&Jajjan","id":335089},"time":"2021-07-07T19:59:03+0000","type":"takeover","longitude":12.951369},{"zone":{"previousOwner":{"name":"Enahazze","id":184827},"dateCreated":"2015-04-18T16:00:00+0000","dateLastTaken":"2021-07-07T19:59:02+0000","latitude":59.634307,"currentOwner":{"name":"Cykeltanten","id":165416},"name":"LastZone","id":49147,"totalTakeovers":13161,"region":{"country":"se","name":"Uppsala","id":142},"pointsPerHour":6,"longitude":17.085853,"takeoverPoints":110},"latitude":59.634307,"currentOwner":{"name":"Cykeltanten","id":165416},"time":"2021-07-07T19:59:02+0000","type":"takeover","longitude":17.085853},{"zone":{"previousOwner":{"name":"TriggerHappy","id":30307},"dateCreated":"2021-05-28T08:30:00+0000","dateLastTaken":"2021-07-07T19:59:02+0000","latitude":60.18799,"currentOwner":{"name":"Craft","id":61589},"name":"TheStigvägen","id":411328,"totalTakeovers":15,"region":{"country":"se","name":"Dalarna","id":129},"pointsPerHour":1,"longitude":16.288599,"takeoverPoints":185},"latitude":60.18799,"currentOwner":{"name":"Craft","id":61589},"time":"2021-07-07T19:59:02+0000","type":"takeover","longitude":16.288599},{"zone":{"previousOwner":{"name":"Mani","id":27227},"dateCreated":"2013-11-07T09:36:17+0000","dateLastTaken":"2021-07-07T19:59:01+0000","latitude":56.071253,"currentOwner":{"name":"Király","id":169417},"name":"Smygstigen","id":22797,"totalTakeovers":1071,"region":{"country":"se","name":"Skåne","id":135},"pointsPerHour":2,"longitude":12.727656,"takeoverPoints":170},"latitude":56.071253,"currentOwner":{"name":"Király","id":169417},"time":"2021-07-07T19:59:01+0000","type":"takeover","longitude":12.727656},{"zone":{"previousOwner":{"name":"acin","id":65385},"dateCreated":"2018-10-26T14:47:10+0000","dateLastTaken":"2021-07-07T19:59:01+0000","latitude":60.143614,"currentOwner":{"name":"enelle","id":134514},"name":"Uvbergsfrid","id":171707,"totalTakeovers":640,"region":{"country":"se","name":"Dalarna","id":129},"pointsPerHour":3,"longitude":15.408404,"takeoverPoints":155},"latitude":60.143614,"currentOwner":{"name":"enelle","id":134514},"time":"2021-07-07T19:59:01+0000","type":"takeover","longitude":15.408404},{"zone":{"dateCreated":"2017-08-05T06:05:00+0000","dateLastTaken":"2021-07-07T19:59:00+0000","latitude":53.600364,"currentOwner":{"name":"m@bSELOC","id":312231},"name":"HallInTheWood","id":116560,"totalTakeovers":1,"region":{"country":"gb","name":"North West England","id":201},"pointsPerHour":1,"longitude":-2.419053,"takeoverPoints":185},"latitude":53.600364,"currentOwner":{"name":"m@bSELOC","id":312231},"time":"2021-07-07T19:59:00+0000","type":"takeover","longitude":-2.419053},{"zone":{"previousOwner":{"name":"Zith","id":253545},"dateCreated":"2018-09-21T09:16:55+0000","dateLastTaken":"2021-07-07T19:59:00+0000","latitude":60.596047,"currentOwner":{"name":"schnappikroko","id":105075},"name":"MillMountain","id":168874,"totalTakeovers":1279,"region":{"country":"se","name":"Dalarna","id":129},"pointsPerHour":3,"longitude":15.648998,"takeoverPoints":155},"latitude":60.596047,"currentOwner":{"name":"schnappikroko","id":105075},"time":"2021-07-07T19:59:00+0000","type":"takeover","longitude":15.648998},{"zone":{"previousOwner":{"name":"ShahofBlah","id":325964},"dateLastTaken":"2021-07-07T19:58:58+0000","latitude":59.356985,"totalTakeovers":9242,"pointsPerHour":7,"takeoverPoints":95,"dateCreated":"2012-09-28T20:36:09+0000","currentOwner":{"name":"Buzd","id":317315},"name":"SmurfPier","id":11591,"region":{"country":"se","name":"Stockholm","id":141},"longitude":17.965036},"latitude":59.356985,"currentOwner":{"name":"Buzd","id":317315},"time":"2021-07-07T19:58:58+0000","type":"takeover","longitude":17.965036},{"zone":{"previousOwner":{"name":"comatosa","id":315627},"dateCreated":"2021-02-05T21:07:24+0000","dateLastTaken":"2021-07-07T19:58:57+0000","latitude":44.959675,"currentOwner":{"name":"magikmama","id":304387},"name":"HamlinePark","id":381371,"totalTakeovers":88,"region":{"country":"us","name":"Minnesota","id":405},"pointsPerHour":2,"longitude":-93.166138,"takeoverPoints":170},"latitude":44.959675,"currentOwner":{"name":"magikmama","id":304387},"time":"2021-07-07T19:58:57+0000","type":"takeover","longitude":-93.166138},{"zone":{"previousOwner":{"name":"JaxJaunts","id":302862},"dateCreated":"2020-08-25T10:00:00+0000","dateLastTaken":"2021-07-07T19:58:56+0000","latitude":55.936811,"currentOwner":{"name":"Cruachan","id":304571},"name":"GromitsFriend","id":321009,"totalTakeovers":90,"region":{"country":"gb","name":"Scotland","id":200},"pointsPerHour":2,"longitude":-3.01858,"takeoverPoints":170},"latitude":55.936811,"currentOwner":{"name":"Cruachan","id":304571},"time":"2021-07-07T19:58:56+0000","type":"takeover","longitude":-3.01858},{"zone":{"previousOwner":{"name":"MoraIK","id":158799},"dateLastTaken":"2021-07-07T19:58:55+0000","latitude":60.614341,"totalTakeovers":10277,"pointsPerHour":7,"takeoverPoints":95,"dateCreated":"2011-02-09T15:05:05+0000","currentOwner":{"name":"corna","id":114702},"name":"CopperHouse","id":1458,"region":{"country":"se","name":"Dalarna","id":129},"longitude":15.628705},"latitude":60.614341,"currentOwner":{"name":"corna","id":114702},"time":"2021-07-07T19:58:55+0000","type":"takeover","longitude":15.628705},{"zone":{"previousOwner":{"name":"devongrove","id":303727},"dateLastTaken":"2021-07-07T19:58:53+0000","latitude":56.163434,"totalTakeovers":288,"pointsPerHour":2,"takeoverPoints":170,"dateCreated":"2021-01-04T11:24:45+0000","currentOwner":{"name":"godders","id":302263},"name":"GreatJames","id":361771,"region":{"country":"gb","name":"Scotland","id":200},"longitude":-3.679565},"latitude":56.163434,"currentOwner":{"name":"godders","id":302263},"time":"2021-07-07T19:58:53+0000","type":"takeover","longitude":-3.679565},{"zone":{"previousOwner":{"name":"Timmyz_","id":203411},"dateCreated":"2012-04-11T21:32:14+0000","dateLastTaken":"2021-07-07T19:58:50+0000","latitude":63.82928,"currentOwner":{"name":"marklunda","id":279370},"name":"Magasinsgatan","id":8071,"totalTakeovers":24153,"region":{"country":"se","name":"Västerbotten","id":127},"pointsPerHour":8,"longitude":20.263003,"takeoverPoints":80},"latitude":63.82928,"currentOwner":{"name":"marklunda","id":279370},"time":"2021-07-07T19:58:50+0000","type":"takeover","longitude":20.263003},{"zone":{"previousOwner":{"name":"Masken68","id":227013},"dateCreated":"2013-10-30T15:00:00+0000","dateLastTaken":"2021-07-07T19:58:48+0000","latitude":59.109998,"currentOwner":{"name":"poisme","id":227090},"name":"Svedjegatan","id":22525,"totalTakeovers":7347,"region":{"country":"se","name":"Örebro","id":131},"pointsPerHour":6,"longitude":15.155326,"takeoverPoints":110},"latitude":59.109998,"currentOwner":{"name":"poisme","id":227090},"time":"2021-07-07T19:58:48+0000","type":"takeover","longitude":15.155326},{"zone":{"previousOwner":{"name":"Räkan.S","id":42946},"dateCreated":"2019-09-22T15:00:00+0000","dateLastTaken":"2021-07-07T19:58:47+0000","latitude":57.919866,"currentOwner":{"name":"Flippr","id":209935},"name":"FolkRubinen","id":213842,"totalTakeovers":1357,"region":{"country":"se","name":"Västra Götaland","id":132},"pointsPerHour":3,"longitude":12.512726,"takeoverPoints":155},"latitude":57.919866,"currentOwner":{"name":"Flippr","id":209935},"time":"2021-07-07T19:58:47+0000","type":"takeover","longitude":12.512726},{"zone":{"previousOwner":{"name":"stuvstabiker","id":187341},"dateCreated":"2012-03-19T21:48:38+0000","dateLastTaken":"2021-07-07T19:58:46+0000","latitude":59.234644,"currentOwner":{"name":"MrsNHP","id":325957},"name":"WeDriveSoft","id":7012,"totalTakeovers":5776,"region":{"country":"se","name":"Stockholm","id":141},"pointsPerHour":7,"longitude":17.995102,"takeoverPoints":95},"latitude":59.234644,"currentOwner":{"name":"MrsNHP","id":325957},"time":"2021-07-07T19:58:46+0000","type":"takeover","longitude":17.995102},{"zone":{"previousOwner":{"name":"Toranagasama","id":97301},"dateLastTaken":"2021-07-07T19:58:42+0000","latitude":56.629678,"totalTakeovers":8888,"pointsPerHour":5,"takeoverPoints":125,"dateCreated":"2011-08-27T09:17:08+0000","currentOwner":{"name":"Krappis","id":155974},"name":"EmmaStation","id":2860,"region":{"country":"se","name":"Kalmar","id":137},"longitude":15.536374},"latitude":56.629678,"currentOwner":{"name":"Krappis","id":155974},"time":"2021-07-07T19:58:42+0000","type":"takeover","longitude":15.536374},{"zone":{"previousOwner":{"name":"Timmyz_","id":203411},"dateCreated":"2013-07-07T22:22:01+0000","dateLastTaken":"2021-07-07T19:58:42+0000","latitude":63.833912,"currentOwner":{"name":"@Ammarnäs_Wear","id":316890},"name":"GårdVidGården","id":20692,"totalTakeovers":7338,"region":{"country":"se","name":"Västerbotten","id":127},"pointsPerHour":7,"longitude":20.17195,"takeoverPoints":95},"latitude":63.833912,"currentOwner":{"name":"@Ammarnäs_Wear","id":316890},"time":"2021-07-07T19:58:42+0000","type":"takeover","longitude":20.17195},{"zone":{"previousOwner":{"name":"FlyingScanian","id":244629},"dateCreated":"2020-12-24T12:00:57+0000","dateLastTaken":"2021-07-07T19:58:38+0000","latitude":57.758053,"currentOwner":{"name":"bonna","id":254021},"name":"Gärdsåsmosse","id":356822,"totalTakeovers":294,"region":{"country":"se","name":"Västra Götaland","id":132},"pointsPerHour":4,"longitude":12.047853,"takeoverPoints":140},"latitude":57.758053,"currentOwner":{"name":"bonna","id":254021},"time":"2021-07-07T19:58:38+0000","type":"takeover","longitude":12.047853},{"zone":{"previousOwner":{"name":"Artful","id":302131},"dateCreated":"2018-09-27T10:00:00+0000","dateLastTaken":"2021-07-07T19:58:33+0000","latitude":55.944756,"currentOwner":{"name":"SoggyChipButty","id":306073},"name":"Lauriston","id":169161,"totalTakeovers":1129,"region":{"country":"gb","name":"Scotland","id":200},"pointsPerHour":6,"longitude":-3.194519,"takeoverPoints":110},"latitude":55.944756,"currentOwner":{"name":"SoggyChipButty","id":306073},"time":"2021-07-07T19:58:33+0000","type":"takeover","longitude":-3.194519},{"zone":{"previousOwner":{"name":"mossoen","id":142458},"dateCreated":"2015-03-22T11:00:00+0000","dateLastTaken":"2021-07-07T19:58:33+0000","latitude":59.880346,"currentOwner":{"name":"tilverturf","id":166033},"name":"Zonjävel","id":47005,"totalTakeovers":7432,"region":{"country":"se","name":"Uppsala","id":142},"pointsPerHour":7,"longitude":17.662355,"takeoverPoints":95},"latitude":59.880346,"currentOwner":{"name":"tilverturf","id":166033},"time":"2021-07-07T19:58:33+0000","type":"takeover","longitude":17.662355},{"zone":{"previousOwner":{"name":"SUPERIOЯ","id":122085},"dateCreated":"2014-05-31T21:00:00+0000","dateLastTaken":"2021-07-07T19:58:28+0000","latitude":59.481888,"currentOwner":{"name":"N3K","id":75709},"name":"Klockkorset","id":30844,"totalTakeovers":3921,"region":{"country":"se","name":"Stockholm","id":141},"pointsPerHour":4,"longitude":17.736115,"takeoverPoints":140},"latitude":59.481888,"currentOwner":{"name":"N3K","id":75709},"time":"2021-07-07T19:58:28+0000","type":"takeover","longitude":17.736115},{"zone":{"previousOwner":{"name":"Hjulpynt","id":20890},"dateLastTaken":"2021-07-07T19:58:28+0000","latitude":59.429439,"totalTakeovers":799,"pointsPerHour":4,"takeoverPoints":140,"dateCreated":"2018-06-11T07:00:00+0000","currentOwner":{"name":"0beroff","id":80119},"name":"Sidensvansbro","id":153668,"region":{"country":"se","name":"Stockholm","id":141},"longitude":17.994818},"latitude":59.429439,"currentOwner":{"name":"0beroff","id":80119},"time":"2021-07-07T19:58:28+0000","type":"takeover","longitude":17.994818},{"zone":{"previousOwner":{"name":"Gunnås","id":120275},"dateCreated":"2013-11-28T17:00:00+0000","dateLastTaken":"2021-07-07T19:58:24+0000","latitude":59.320524,"currentOwner":{"name":"Kruse","id":23306},"name":"Skogalotter","id":23513,"totalTakeovers":4707,"region":{"country":"se","name":"Örebro","id":131},"pointsPerHour":5,"longitude":14.480173,"takeoverPoints":125},"latitude":59.320524,"currentOwner":{"name":"Kruse","id":23306},"time":"2021-07-07T19:58:24+0000","type":"takeover","longitude":14.480173},{"zone":{"previousOwner":{"name":"TortugaVeloz","id":166983},"dateCreated":"2018-06-22T10:25:07+0000","dateLastTaken":"2021-07-07T19:58:24+0000","latitude":60.429949,"currentOwner":{"name":"tempatti","id":139122},"name":"Kölikurvi","id":153871,"totalTakeovers":1390,"region":{"country":"fi","name":"Lounais-Suomi","id":184},"pointsPerHour":4,"longitude":22.236479,"takeoverPoints":140},"latitude":60.429949,"currentOwner":{"name":"tempatti","id":139122},"time":"2021-07-07T19:58:24+0000","type":"takeover","longitude":22.236479},{"zone":{"previousOwner":{"name":"mopar","id":105971},"dateCreated":"2014-05-21T06:59:39+0000","dateLastTaken":"2021-07-07T19:58:22+0000","latitude":60.611453,"currentOwner":{"name":"Flygmalaja","id":18884},"name":"TCross","id":29618,"totalTakeovers":1910,"region":{"country":"se","name":"Dalarna","id":129},"pointsPerHour":4,"longitude":15.616705,"takeoverPoints":140},"latitude":60.611453,"currentOwner":{"name":"Flygmalaja","id":18884},"time":"2021-07-07T19:58:22+0000","type":"takeover","longitude":15.616705},{"zone":{"previousOwner":{"name":"gilla","id":58846},"dateCreated":"2013-05-11T12:00:00+0000","dateLastTaken":"2021-07-07T19:58:14+0000","latitude":62.441785,"currentOwner":{"name":"tuvetanten","id":135539},"name":"BirstaSwing","id":18202,"totalTakeovers":3404,"region":{"country":"se","name":"Västernorrland","id":145},"pointsPerHour":5,"longitude":17.34776,"takeoverPoints":125},"latitude":62.441785,"currentOwner":{"name":"tuvetanten","id":135539},"time":"2021-07-07T19:58:14+0000","type":"takeover","longitude":17.34776},{"zone":{"previousOwner":{"name":"KaptenRc4","id":140655},"dateCreated":"2015-01-13T17:00:00+0000","dateLastTaken":"2021-07-07T19:58:13+0000","latitude":61.351569,"currentOwner":{"name":"Röste","id":107099},"name":"VarpBBQ","id":43755,"totalTakeovers":3424,"region":{"country":"se","name":"Gävleborg","id":144},"pointsPerHour":5,"longitude":16.40276,"takeoverPoints":125},"latitude":61.351569,"currentOwner":{"name":"Röste","id":107099},"time":"2021-07-07T19:58:13+0000","type":"takeover","longitude":16.40276},{"zone":{"previousOwner":{"name":"SoggyChipButty","id":306073},"dateCreated":"2013-06-15T08:00:00+0000","dateLastTaken":"2021-07-07T19:58:13+0000","latitude":55.971544,"currentOwner":{"name":"gaelgirl","id":302231},"name":"Duncanpath","id":15156,"totalTakeovers":467,"region":{"country":"gb","name":"Scotland","id":200},"pointsPerHour":4,"longitude":-3.1675,"takeoverPoints":140},"latitude":55.971544,"currentOwner":{"name":"gaelgirl","id":302231},"time":"2021-07-07T19:58:13+0000","type":"takeover","longitude":-3.1675},{"zone":{"previousOwner":{"name":"Mojito","id":51773},"dateCreated":"2017-06-17T07:00:00+0000","dateLastTaken":"2021-07-07T19:58:11+0000","latitude":59.634624,"currentOwner":{"name":"turfink","id":299139},"name":"HovedstaBuss","id":114196,"totalTakeovers":4926,"region":{"country":"se","name":"Västmanland","id":143},"pointsPerHour":7,"longitude":16.51563,"takeoverPoints":95},"latitude":59.634624,"currentOwner":{"name":"turfink","id":299139},"time":"2021-07-07T19:58:11+0000","type":"takeover","longitude":16.51563},{"zone":{"previousOwner":{"name":"ckrohn","id":107812},"dateCreated":"2010-09-05T17:31:51+0000","dateLastTaken":"2021-07-07T19:58:08+0000","latitude":59.40528,"currentOwner":{"name":"kurreflax","id":314349},"name":"KarlUni","id":826,"totalTakeovers":12683,"region":{"country":"se","name":"Värmland","id":130},"pointsPerHour":6,"longitude":13.581153,"takeoverPoints":110},"latitude":59.40528,"currentOwner":{"name":"kurreflax","id":314349},"time":"2021-07-07T19:58:08+0000","type":"takeover","longitude":13.581153},{"zone":{"previousOwner":{"name":"Fozzie","id":315729},"dateCreated":"2021-07-07T09:00:00+0000","dateLastTaken":"2021-07-07T19:58:05+0000","latitude":51.401713,"currentOwner":{"name":"DickyP","id":332476},"name":"CardSupport","id":429648,"totalTakeovers":2,"region":{"country":"gb","name":"South East England","id":205},"pointsPerHour":1,"longitude":-0.662079,"takeoverPoints":185},"latitude":51.401713,"currentOwner":{"name":"DickyP","id":332476},"time":"2021-07-07T19:58:05+0000","type":"takeover","longitude":-0.662079},{"zone":{"dateCreated":"2011-08-12T09:07:40+0000","dateLastTaken":"2021-07-07T19:58:04+0000","latitude":56.172345,"currentOwner":{"name":"filippilif","id":60935},"name":"NorthTar","id":2652,"totalTakeovers":88,"region":{"country":"se","name":"Blekinge","id":136},"pointsPerHour":2,"longitude":15.047405,"takeoverPoints":170},"latitude":56.172345,"currentOwner":{"name":"filippilif","id":60935},"time":"2021-07-07T19:58:04+0000","type":"takeover","longitude":15.047405},{"zone":{"previousOwner":{"name":"Cruachan","id":304571},"dateCreated":"2020-08-31T07:00:00+0000","dateLastTaken":"2021-07-07T19:58:03+0000","latitude":55.892592,"currentOwner":{"name":"Artful","id":302131},"name":"Dunt","id":323068,"totalTakeovers":74,"region":{"country":"gb","name":"Scotland","id":200},"pointsPerHour":1,"longitude":-3.546491,"takeoverPoints":185},"latitude":55.892592,"currentOwner":{"name":"Artful","id":302131},"time":"2021-07-07T19:58:03+0000","type":"takeover","longitude":-3.546491},{"zone":{"previousOwner":{"name":"Spillunten","id":49671},"dateCreated":"2015-03-29T19:40:37+0000","dateLastTaken":"2021-07-07T19:57:59+0000","latitude":64.754871,"currentOwner":{"name":"Sledge","id":241272},"name":"Brännazon","id":47625,"totalTakeovers":4184,"region":{"country":"se","name":"Västerbotten","id":127},"pointsPerHour":6,"longitude":20.915025,"takeoverPoints":110},"latitude":64.754871,"currentOwner":{"name":"Sledge","id":241272},"time":"2021-07-07T19:57:59+0000","type":"takeover","longitude":20.915025},{"zone":{"previousOwner":{"name":"Toranagasama","id":97301},"dateCreated":"2017-12-04T21:52:56+0000","dateLastTaken":"2021-07-07T19:57:57+0000","latitude":56.630262,"currentOwner":{"name":"Krappis","id":155974},"name":"EmmaTorg","id":138939,"totalTakeovers":4165,"region":{"country":"se","name":"Kalmar","id":137},"pointsPerHour":4,"longitude":15.538806,"takeoverPoints":140},"latitude":56.630262,"currentOwner":{"name":"Krappis","id":155974},"time":"2021-07-07T19:57:57+0000","type":"takeover","longitude":15.538806},{"zone":{"previousOwner":{"name":"tremorbalk","id":16690},"dateCreated":"2014-01-21T14:08:25+0000","dateLastTaken":"2021-07-07T19:57:54+0000","latitude":55.605111,"currentOwner":{"name":"TuonoV4","id":280997},"name":"Lillatorg","id":24986,"totalTakeovers":13287,"region":{"country":"se","name":"Skåne","id":135},"pointsPerHour":8,"longitude":12.998883,"takeoverPoints":80},"latitude":55.605111,"currentOwner":{"name":"TuonoV4","id":280997},"time":"2021-07-07T19:57:54+0000","type":"takeover","longitude":12.998883},{"zone":{"previousOwner":{"name":"plingis","id":278465},"dateCreated":"2017-10-18T05:00:00+0000","dateLastTaken":"2021-07-07T19:57:53+0000","latitude":59.250501,"currentOwner":{"name":"Nissepurjo","id":326821},"name":"GraffitiCity","id":134263,"totalTakeovers":2202,"region":{"country":"se","name":"Stockholm","id":141},"pointsPerHour":7,"longitude":18.041131,"takeoverPoints":95},"latitude":59.250501,"currentOwner":{"name":"Nissepurjo","id":326821},"time":"2021-07-07T19:57:53+0000","type":"takeover","longitude":18.041131},{"zone":{"previousOwner":{"name":"Zith","id":253545},"dateCreated":"2014-06-20T10:00:00+0000","dateLastTaken":"2021-07-07T19:57:52+0000","latitude":60.594312,"currentOwner":{"name":"schnappikroko","id":105075},"name":"MattsonSkog","id":31702,"totalTakeovers":2075,"region":{"country":"se","name":"Dalarna","id":129},"pointsPerHour":3,"longitude":15.650615,"takeoverPoints":155},"latitude":60.594312,"currentOwner":{"name":"schnappikroko","id":105075},"time":"2021-07-07T19:57:52+0000","type":"takeover","longitude":15.650615},{"zone":{"previousOwner":{"name":"marypoppins","id":48730},"dateLastTaken":"2021-07-07T19:57:51+0000","latitude":59.922493,"totalTakeovers":10633,"pointsPerHour":6,"takeoverPoints":110,"dateCreated":"2014-05-12T08:34:13+0000","currentOwner":{"name":"Nattuggla","id":165442},"name":"DriveByFish","id":29182,"region":{"country":"se","name":"Västmanland","id":143},"longitude":16.608236},"latitude":59.922493,"currentOwner":{"name":"Nattuggla","id":165442},"time":"2021-07-07T19:57:51+0000","type":"takeover","longitude":16.608236},{"zone":{"previousOwner":{"name":"albee","id":96946},"dateCreated":"2020-10-26T20:35:11+0000","dateLastTaken":"2021-07-07T19:57:50+0000","latitude":56.895305,"currentOwner":{"name":"Kaj-scout","id":170651},"name":"Bokelunden","id":348332,"totalTakeovers":324,"region":{"country":"se","name":"Kronoberg","id":147},"pointsPerHour":3,"longitude":14.795008,"takeoverPoints":155},"latitude":56.895305,"currentOwner":{"name":"Kaj-scout","id":170651},"time":"2021-07-07T19:57:50+0000","type":"takeover","longitude":14.795008},{"zone":{"previousOwner":{"name":"BirgittaS","id":31552},"dateCreated":"2010-09-04T14:41:37+0000","dateLastTaken":"2021-07-07T19:57:48+0000","latitude":59.648053,"currentOwner":{"name":"kepsen","id":51326},"name":"SledgeZone","id":574,"totalTakeovers":11615,"region":{"country":"se","name":"Västmanland","id":143},"pointsPerHour":6,"longitude":16.504196,"takeoverPoints":110},"latitude":59.648053,"currentOwner":{"name":"kepsen","id":51326},"time":"2021-07-07T19:57:48+0000","type":"takeover","longitude":16.504196},{"zone":{"previousOwner":{"name":"Birykow","id":264072},"dateCreated":"2014-09-08T16:04:18+0000","dateLastTaken":"2021-07-07T19:57:46+0000","latitude":60.062308,"currentOwner":{"name":"Corellian","id":264701},"name":"Griffin","id":34729,"totalTakeovers":3936,"region":{"country":"fi","name":"Åland","id":177},"pointsPerHour":5,"longitude":19.961564,"takeoverPoints":125},"latitude":60.062308,"currentOwner":{"name":"Corellian","id":264701},"time":"2021-07-07T19:57:46+0000","type":"takeover","longitude":19.961564},{"zone":{"previousOwner":{"name":"Troochtvivel","id":226782},"dateLastTaken":"2021-07-07T19:57:45+0000","latitude":55.602822,"totalTakeovers":10212,"pointsPerHour":7,"takeoverPoints":95,"dateCreated":"2013-05-01T08:00:00+0000","currentOwner":{"name":"crvenazvezda91","id":223981},"name":"StPauliChurch","id":17580,"region":{"country":"se","name":"Skåne","id":135},"longitude":13.01386},"latitude":55.602822,"currentOwner":{"name":"crvenazvezda91","id":223981},"time":"2021-07-07T19:57:45+0000","type":"takeover","longitude":13.01386},{"zone":{"previousOwner":{"name":"Siper","id":127332},"dateCreated":"2015-04-01T19:00:00+0000","dateLastTaken":"2021-07-07T19:57:44+0000","latitude":59.300833,"currentOwner":{"name":"MosterMysko","id":305441},"name":"Haegrasteen","id":46798,"totalTakeovers":6748,"region":{"country":"se","name":"Stockholm","id":141},"pointsPerHour":6,"longitude":17.959986,"takeoverPoints":110},"latitude":59.300833,"currentOwner":{"name":"MosterMysko","id":305441},"time":"2021-07-07T19:57:44+0000","type":"takeover","longitude":17.959986},{"zone":{"previousOwner":{"name":"Miknor","id":278187},"dateCreated":"2011-08-25T20:05:01+0000","dateLastTaken":"2021-07-07T19:57:42+0000","latitude":57.257774,"currentOwner":{"name":"clofen","id":155343},"name":"OskarNewTower","id":2841,"totalTakeovers":7485,"region":{"country":"se","name":"Kalmar","id":137},"pointsPerHour":4,"longitude":16.44299,"takeoverPoints":140},"latitude":57.257774,"currentOwner":{"name":"clofen","id":155343},"time":"2021-07-07T19:57:42+0000","type":"takeover","longitude":16.44299},{"zone":{"previousOwner":{"name":"Cruachan","id":304571},"dateCreated":"2020-07-12T17:00:00+0000","dateLastTaken":"2021-07-07T19:57:36+0000","latitude":55.936463,"currentOwner":{"name":"ElsieSpanner","id":309195},"name":"DuddGolf","id":318086,"totalTakeovers":194,"region":{"country":"gb","name":"Scotland","id":200},"pointsPerHour":3,"longitude":-3.134723,"takeoverPoints":155},"latitude":55.936463,"currentOwner":{"name":"ElsieSpanner","id":309195},"time":"2021-07-07T19:57:36+0000","type":"takeover","longitude":-3.134723},{"zone":{"previousOwner":{"name":"Llychlynwr","id":117087},"dateCreated":"2015-02-10T22:17:56+0000","dateLastTaken":"2021-07-07T19:57:36+0000","latitude":57.720475,"currentOwner":{"name":"cre8or","id":64352},"name":"Önskevädret","id":44649,"totalTakeovers":2174,"region":{"country":"se","name":"Västra Götaland","id":132},"pointsPerHour":4,"longitude":11.893612,"takeoverPoints":140},"latitude":57.720475,"currentOwner":{"name":"cre8or","id":64352},"time":"2021-07-07T19:57:36+0000","type":"takeover","longitude":11.893612},{"zone":{"previousOwner":{"name":"Cyklonen","id":179784},"dateCreated":"2012-03-26T12:02:51+0000","dateLastTaken":"2021-07-07T19:57:36+0000","latitude":59.38134,"currentOwner":{"name":"lovidora","id":75663},"name":"Bergshamra","id":7430,"totalTakeovers":6685,"region":{"country":"se","name":"Stockholm","id":141},"pointsPerHour":7,"longitude":18.034967,"takeoverPoints":95},"latitude":59.38134,"currentOwner":{"name":"lovidora","id":75663},"time":"2021-07-07T19:57:36+0000","type":"takeover","longitude":18.034967},{"zone":{"previousOwner":{"name":"ferenc","id":281890},"dateCreated":"2013-02-03T21:42:07+0000","dateLastTaken":"2021-07-07T19:57:36+0000","latitude":64.523237,"currentOwner":{"name":"Marilium","id":274005},"name":"CheeseKing","id":14525,"totalTakeovers":733,"region":{"country":"se","name":"Västerbotten","id":127},"pointsPerHour":3,"longitude":20.651654,"takeoverPoints":155},"latitude":64.523237,"currentOwner":{"name":"Marilium","id":274005},"time":"2021-07-07T19:57:36+0000","type":"takeover","longitude":20.651654},{"zone":{"previousOwner":{"name":"edjur","id":50729},"dateCreated":"2010-09-12T18:31:42+0000","dateLastTaken":"2021-07-07T19:57:33+0000","latitude":59.849234,"currentOwner":{"name":"Quiver","id":24612},"name":"GetWellZone","id":868,"totalTakeovers":13058,"region":{"country":"se","name":"Uppsala","id":142},"pointsPerHour":8,"longitude":17.636651,"takeoverPoints":80},"latitude":59.849234,"currentOwner":{"name":"Quiver","id":24612},"time":"2021-07-07T19:57:33+0000","type":"takeover","longitude":17.636651},{"zone":{"previousOwner":{"name":"Lynn&Den","id":313001},"dateCreated":"2021-04-14T22:17:10+0000","dateLastTaken":"2021-07-07T19:57:28+0000","latitude":51.870728,"currentOwner":{"name":"NobodySpecial","id":310018},"name":"WestlandsS","id":398817,"totalTakeovers":63,"region":{"country":"gb","name":"East of England","id":204},"pointsPerHour":2,"longitude":0.853662,"takeoverPoints":170},"latitude":51.870728,"currentOwner":{"name":"NobodySpecial","id":310018},"time":"2021-07-07T19:57:28+0000","type":"takeover","longitude":0.853662},{"zone":{"previousOwner":{"name":"trucken","id":22692},"dateCreated":"2013-12-24T16:00:00+0000","dateLastTaken":"2021-07-07T19:57:28+0000","latitude":59.594892,"currentOwner":{"name":"algo","id":287934},"name":"Brödkorgen","id":24182,"totalTakeovers":13621,"region":{"country":"se","name":"Västmanland","id":143},"pointsPerHour":7,"longitude":16.455087,"takeoverPoints":95},"latitude":59.594892,"currentOwner":{"name":"algo","id":287934},"time":"2021-07-07T19:57:28+0000","type":"takeover","longitude":16.455087},{"zone":{"previousOwner":{"name":"Colt","id":53832},"dateCreated":"2013-12-24T11:00:35+0000","dateLastTaken":"2021-07-07T19:57:27+0000","latitude":59.273017,"currentOwner":{"name":"Berg","id":216752},"name":"Svartlösa","id":24248,"totalTakeovers":3338,"region":{"country":"se","name":"Stockholm","id":141},"pointsPerHour":5,"longitude":17.977972,"takeoverPoints":125},"latitude":59.273017,"currentOwner":{"name":"Berg","id":216752},"time":"2021-07-07T19:57:27+0000","type":"takeover","longitude":17.977972},{"zone":{"previousOwner":{"name":"fridays","id":103850},"dateCreated":"2013-05-29T18:25:00+0000","dateLastTaken":"2021-07-07T19:57:27+0000","latitude":59.635851,"currentOwner":{"name":"Cykeltanten","id":165416},"name":"EnRugby","id":18776,"totalTakeovers":14669,"region":{"country":"se","name":"Uppsala","id":142},"pointsPerHour":6,"longitude":17.088238,"takeoverPoints":110},"latitude":59.635851,"currentOwner":{"name":"Cykeltanten","id":165416},"time":"2021-07-07T19:57:27+0000","type":"takeover","longitude":17.088238},{"zone":{"previousOwner":{"name":"Masken68","id":227013},"dateCreated":"2016-12-24T12:00:00+0000","dateLastTaken":"2021-07-07T19:57:25+0000","latitude":59.108141,"currentOwner":{"name":"poisme","id":227090},"name":"FallingDown","id":93150,"totalTakeovers":4168,"region":{"country":"se","name":"Örebro","id":131},"pointsPerHour":6,"longitude":15.151175,"takeoverPoints":110},"latitude":59.108141,"currentOwner":{"name":"poisme","id":227090},"time":"2021-07-07T19:57:25+0000","type":"takeover","longitude":15.151175},{"zone":{"dateCreated":"2015-12-24T13:00:00+0000","dateLastTaken":"2021-07-07T19:57:24+0000","latitude":65.832883,"currentOwner":{"name":"Sn0trik","id":301404},"name":"HapaChurch","id":62247,"totalTakeovers":138,"region":{"country":"se","name":"Norrbotten","id":126},"pointsPerHour":1,"longitude":24.122677,"takeoverPoints":185},"latitude":65.832883,"currentOwner":{"name":"Sn0trik","id":301404},"time":"2021-07-07T19:57:24+0000","type":"takeover","longitude":24.122677},{"zone":{"previousOwner":{"name":"Questular","id":54220},"dateCreated":"2012-04-11T19:50:19+0000","dateLastTaken":"2021-07-07T19:57:24+0000","latitude":57.778496,"currentOwner":{"name":"broccoliA-M","id":300340},"name":"NewValleyZone","id":8065,"totalTakeovers":12870,"region":{"country":"se","name":"Jönköping","id":133},"pointsPerHour":4,"longitude":14.176611,"takeoverPoints":140},"latitude":57.778496,"currentOwner":{"name":"broccoliA-M","id":300340},"time":"2021-07-07T19:57:24+0000","type":"takeover","longitude":14.176611},{"zone":{"previousOwner":{"name":"Jonte67","id":284492},"dateCreated":"2016-10-09T19:45:00+0000","dateLastTaken":"2021-07-07T19:57:23+0000","latitude":55.553716,"currentOwner":{"name":"Kexchoklad","id":58043},"name":"Strandängarna","id":90171,"totalTakeovers":755,"region":{"country":"se","name":"Skåne","id":135},"pointsPerHour":3,"longitude":12.908397,"takeoverPoints":155},"latitude":55.553716,"currentOwner":{"name":"Kexchoklad","id":58043},"time":"2021-07-07T19:57:23+0000","type":"takeover","longitude":12.908397},{"zone":{"previousOwner":{"name":"B4RK","id":312893},"dateCreated":"2021-05-01T20:59:29+0000","dateLastTaken":"2021-07-07T19:57:23+0000","latitude":59.388188,"currentOwner":{"name":"TurfGöran","id":313564},"name":"KaptenSillben","id":406474,"totalTakeovers":243,"region":{"country":"se","name":"Värmland","id":130},"pointsPerHour":6,"longitude":13.433812,"takeoverPoints":110},"latitude":59.388188,"currentOwner":{"name":"TurfGöran","id":313564},"time":"2021-07-07T19:57:23+0000","type":"takeover","longitude":13.433812},{"zone":{"previousOwner":{"name":"Botilada","id":310698},"dateLastTaken":"2021-07-07T19:57:21+0000","latitude":58.588417,"totalTakeovers":5072,"pointsPerHour":5,"takeoverPoints":125,"dateCreated":"2016-05-03T16:00:00+0000","currentOwner":{"name":"guerro","id":335407},"name":"FängslandeVy","id":69535,"region":{"country":"se","name":"Östergötland","id":139},"longitude":16.172321},"latitude":58.588417,"currentOwner":{"name":"guerro","id":335407},"time":"2021-07-07T19:57:21+0000","type":"takeover","longitude":16.172321},{"zone":{"previousOwner":{"name":"GCN","id":95999},"dateCreated":"2017-01-13T05:00:00+0000","dateLastTaken":"2021-07-07T19:57:20+0000","latitude":59.327586,"currentOwner":{"name":"GCN","id":95999},"name":"GladAgaton","id":93711,"totalTakeovers":2536,"region":{"country":"se","name":"Örebro","id":131},"pointsPerHour":4,"longitude":14.573844,"takeoverPoints":140},"latitude":59.327586,"currentOwner":{"name":"GCN","id":95999},"time":"2021-07-07T19:57:20+0000","type":"takeover","longitude":14.573844},{"zone":{"previousOwner":{"name":"Skogsmullenii","id":312814},"dateCreated":"2012-04-02T21:42:14+0000","dateLastTaken":"2021-07-07T19:57:19+0000","latitude":65.584614,"currentOwner":{"name":"Medicus","id":144728},"name":"FärjanZone","id":7911,"totalTakeovers":11979,"region":{"country":"se","name":"Norrbotten","id":126},"pointsPerHour":8,"longitude":22.144178,"takeoverPoints":80},"latitude":65.584614,"currentOwner":{"name":"Medicus","id":144728},"time":"2021-07-07T19:57:19+0000","type":"takeover","longitude":22.144178},{"zone":{"previousOwner":{"name":"Tipsy","id":79355},"dateCreated":"2014-05-17T10:30:11+0000","dateLastTaken":"2021-07-07T19:57:17+0000","latitude":58.384483,"currentOwner":{"name":"LindaP73","id":254776},"name":"Järdala","id":29386,"totalTakeovers":11550,"region":{"country":"se","name":"Östergötland","id":139},"pointsPerHour":7,"longitude":15.675315,"takeoverPoints":95},"latitude":58.384483,"currentOwner":{"name":"LindaP73","id":254776},"time":"2021-07-07T19:57:17+0000","type":"takeover","longitude":15.675315},{"zone":{"previousOwner":{"name":"Nillenilox","id":135887},"dateCreated":"2015-03-22T08:51:43+0000","dateLastTaken":"2021-07-07T19:57:15+0000","latitude":65.291523,"currentOwner":{"name":"Ni_ki_ta","id":233048},"name":"HortlaxPath","id":47038,"totalTakeovers":2021,"region":{"country":"se","name":"Norrbotten","id":126},"pointsPerHour":2,"longitude":21.403012,"takeoverPoints":170},"latitude":65.291523,"currentOwner":{"name":"Ni_ki_ta","id":233048},"time":"2021-07-07T19:57:15+0000","type":"takeover","longitude":21.403012},{"zone":{"previousOwner":{"name":"banhowlSROC","id":305666},"dateCreated":"2021-02-18T21:55:35+0000","dateLastTaken":"2021-07-07T19:57:14+0000","latitude":54.046257,"currentOwner":{"name":"ade_sSROC","id":304412},"name":"WhiteCross","id":381415,"totalTakeovers":214,"region":{"country":"gb","name":"North West England","id":201},"pointsPerHour":4,"longitude":-2.795782,"takeoverPoints":140},"latitude":54.046257,"currentOwner":{"name":"ade_sSROC","id":304412},"time":"2021-07-07T19:57:14+0000","type":"takeover","longitude":-2.795782},{"zone":{"previousOwner":{"name":"NTU","id":145374},"dateCreated":"2014-06-18T09:21:56+0000","dateLastTaken":"2021-07-07T19:57:14+0000","latitude":59.633091,"currentOwner":{"name":"turfink","id":299139},"name":"Stendöd","id":31473,"totalTakeovers":7678,"region":{"country":"se","name":"Västmanland","id":143},"pointsPerHour":7,"longitude":16.516999,"takeoverPoints":95},"latitude":59.633091,"currentOwner":{"name":"turfink","id":299139},"time":"2021-07-07T19:57:14+0000","type":"takeover","longitude":16.516999},{"zone":{"previousOwner":{"name":"Billetorpet","id":160775},"dateCreated":"2013-07-21T18:36:17+0000","dateLastTaken":"2021-07-07T19:57:13+0000","latitude":56.679186,"currentOwner":{"name":"Matthew81","id":173245},"name":"HallSimhall","id":20889,"totalTakeovers":3510,"region":{"country":"se","name":"Halland","id":134},"pointsPerHour":5,"longitude":12.854898,"takeoverPoints":125},"latitude":56.679186,"currentOwner":{"name":"Matthew81","id":173245},"time":"2021-07-07T19:57:13+0000","type":"takeover","longitude":12.854898},{"zone":{"previousOwner":{"name":"Cruachan","id":304571},"dateCreated":"2020-12-05T13:11:26+0000","dateLastTaken":"2021-07-07T19:57:12+0000","latitude":55.245773,"currentOwner":{"name":"Fashven","id":297782},"name":"OldMonty","id":354842,"totalTakeovers":27,"region":{"country":"gb","name":"Scotland","id":200},"pointsPerHour":1,"longitude":-4.85293,"takeoverPoints":185},"latitude":55.245773,"currentOwner":{"name":"Fashven","id":297782},"time":"2021-07-07T19:57:12+0000","type":"takeover","longitude":-4.85293},{"zone":{"previousOwner":{"name":"Jossan783","id":254851},"dateCreated":"2012-03-19T22:29:10+0000","dateLastTaken":"2021-07-07T19:57:11+0000","latitude":58.433326,"currentOwner":{"name":"Николай","id":328506},"name":"LingBath","id":7020,"totalTakeovers":1375,"region":{"country":"se","name":"Östergötland","id":139},"pointsPerHour":2,"longitude":15.779831,"takeoverPoints":170},"latitude":58.433326,"currentOwner":{"name":"Николай","id":328506},"time":"2021-07-07T19:57:11+0000","type":"takeover","longitude":15.779831},{"zone":{"previousOwner":{"name":"MrTJ","id":51633},"dateCreated":"2014-10-10T15:30:30+0000","dateLastTaken":"2021-07-07T19:57:11+0000","latitude":63.828552,"currentOwner":{"name":"marklunda","id":279370},"name":"Sub12","id":38169,"totalTakeovers":20562,"region":{"country":"se","name":"Västerbotten","id":127},"pointsPerHour":9,"longitude":20.258557,"takeoverPoints":65},"latitude":63.828552,"currentOwner":{"name":"marklunda","id":279370},"time":"2021-07-07T19:57:11+0000","type":"takeover","longitude":20.258557},{"zone":{"previousOwner":{"name":"féarglas","id":280861},"dateCreated":"2020-06-14T16:00:00+0000","dateLastTaken":"2021-07-07T19:57:11+0000","latitude":55.92456,"currentOwner":{"name":"Jenh","id":295827},"name":"Colinton","id":316597,"totalTakeovers":514,"region":{"country":"gb","name":"Scotland","id":200},"pointsPerHour":5,"longitude":-3.240061,"takeoverPoints":125},"latitude":55.92456,"currentOwner":{"name":"Jenh","id":295827},"time":"2021-07-07T19:57:11+0000","type":"takeover","longitude":-3.240061},{"zone":{"previousOwner":{"name":"CS1871","id":247411},"dateLastTaken":"2021-07-07T19:57:09+0000","latitude":59.334431,"totalTakeovers":1601,"pointsPerHour":5,"takeoverPoints":125,"dateCreated":"2017-06-20T13:00:00+0000","currentOwner":{"name":"~Sisyfos~","id":64357},"name":"VitaAnskarii","id":114521,"region":{"country":"se","name":"Stockholm","id":141},"longitude":17.97833},"latitude":59.334431,"currentOwner":{"name":"~Sisyfos~","id":64357},"time":"2021-07-07T19:57:09+0000","type":"takeover","longitude":17.97833},{"zone":{"previousOwner":{"name":"Tosan","id":122350},"dateCreated":"2015-04-19T10:00:00+0000","dateLastTaken":"2021-07-07T19:57:06+0000","latitude":60.614837,"currentOwner":{"name":"Turfersurfer2","id":102344},"name":"Tebozon","id":49210,"totalTakeovers":923,"region":{"country":"se","name":"Uppsala","id":142},"pointsPerHour":2,"longitude":17.41491,"takeoverPoints":170},"latitude":60.614837,"currentOwner":{"name":"Turfersurfer2","id":102344},"time":"2021-07-07T19:57:06+0000","type":"takeover","longitude":17.41491},{"zone":{"previousOwner":{"name":"mossoen","id":142458},"dateCreated":"2011-08-09T00:00:00+0000","dateLastTaken":"2021-07-07T19:57:04+0000","latitude":59.879412,"currentOwner":{"name":"tilverturf","id":166033},"name":"MarketWay","id":2566,"totalTakeovers":9993,"region":{"country":"se","name":"Uppsala","id":142},"pointsPerHour":7,"longitude":17.669024,"takeoverPoints":95},"latitude":59.879412,"currentOwner":{"name":"tilverturf","id":166033},"time":"2021-07-07T19:57:04+0000","type":"takeover","longitude":17.669024},{"zone":{"previousOwner":{"name":"TamSham","id":302927},"dateCreated":"2021-01-10T15:00:00+0000","dateLastTaken":"2021-07-07T19:57:00+0000","latitude":58.589918,"currentOwner":{"name":"CPStew","id":316411},"name":"MacPherson","id":364519,"totalTakeovers":4,"region":{"country":"gb","name":"Scotland","id":200},"pointsPerHour":1,"longitude":-3.51438,"takeoverPoints":185},"latitude":58.589918,"currentOwner":{"name":"CPStew","id":316411},"time":"2021-07-07T19:57:00+0000","type":"takeover","longitude":-3.51438},{"zone":{"previousOwner":{"name":"Timmyz_","id":203411},"dateCreated":"2012-04-11T22:10:10+0000","dateLastTaken":"2021-07-07T19:56:59+0000","latitude":63.831155,"currentOwner":{"name":"@Ammarnäs_Wear","id":316890},"name":"ThreeTreeZone","id":8077,"totalTakeovers":7028,"region":{"country":"se","name":"Västerbotten","id":127},"pointsPerHour":7,"longitude":20.173668,"takeoverPoints":95},"latitude":63.831155,"currentOwner":{"name":"@Ammarnäs_Wear","id":316890},"time":"2021-07-07T19:56:59+0000","type":"takeover","longitude":20.173668},{"zone":{"dateCreated":"2021-01-09T07:30:00+0000","dateLastTaken":"2021-07-07T19:56:58+0000","latitude":57.054542,"currentOwner":{"name":"TedGlen","id":302932},"name":"ToMoss","id":364111,"totalTakeovers":64,"region":{"country":"gb","name":"Scotland","id":200},"pointsPerHour":1,"longitude":-2.147961,"takeoverPoints":185},"latitude":57.054542,"currentOwner":{"name":"TedGlen","id":302932},"time":"2021-07-07T19:56:58+0000","type":"takeover","longitude":-2.147961},{"zone":{"previousOwner":{"name":"Mani","id":27227},"dateCreated":"2012-03-18T10:17:49+0000","dateLastTaken":"2021-07-07T19:56:54+0000","latitude":56.07363,"currentOwner":{"name":"Király","id":169417},"name":"MusketZone","id":6964,"totalTakeovers":1299,"region":{"country":"se","name":"Skåne","id":135},"pointsPerHour":2,"longitude":12.7227,"takeoverPoints":170},"latitude":56.07363,"currentOwner":{"name":"Király","id":169417},"time":"2021-07-07T19:56:54+0000","type":"takeover","longitude":12.7227},{"zone":{"previousOwner":{"name":"Scott63","id":207476},"dateCreated":"2021-06-22T13:26:15+0000","dateLastTaken":"2021-07-07T19:56:53+0000","latitude":63.826518,"currentOwner":{"name":"viðvarandi","id":110642},"name":"RenastLuft","id":428367,"totalTakeovers":253,"region":{"country":"se","name":"Västerbotten","id":127},"pointsPerHour":7,"longitude":20.258984,"takeoverPoints":95},"latitude":63.826518,"currentOwner":{"name":"viðvarandi","id":110642},"time":"2021-07-07T19:56:53+0000","type":"takeover","longitude":20.258984},{"zone":{"previousOwner":{"name":"yr.ll","id":133204},"dateCreated":"2018-04-13T09:30:00+0000","dateLastTaken":"2021-07-07T19:56:50+0000","latitude":58.274375,"currentOwner":{"name":"Mr__Noodle","id":55355},"name":"Hallå","id":142562,"totalTakeovers":858,"region":{"country":"se","name":"Västra Götaland","id":132},"pointsPerHour":3,"longitude":11.41875,"takeoverPoints":155},"latitude":58.274375,"currentOwner":{"name":"Mr__Noodle","id":55355},"time":"2021-07-07T19:56:50+0000","type":"takeover","longitude":11.41875},{"zone":{"previousOwner":{"name":"TXL","id":62645},"dateCreated":"2012-03-27T23:10:47+0000","dateLastTaken":"2021-07-07T19:56:48+0000","latitude":55.572255,"currentOwner":{"name":"Piba","id":334220},"name":"BallPlayRoad","id":7499,"totalTakeovers":2614,"region":{"country":"se","name":"Skåne","id":135},"pointsPerHour":4,"longitude":12.972058,"takeoverPoints":140},"latitude":55.572255,"currentOwner":{"name":"Piba","id":334220},"time":"2021-07-07T19:56:48+0000","type":"takeover","longitude":12.972058},{"zone":{"previousOwner":{"name":"ckrohn","id":107812},"dateCreated":"2011-09-15T10:00:00+0000","dateLastTaken":"2021-07-07T19:56:43+0000","latitude":59.403665,"currentOwner":{"name":"kurreflax","id":314349},"name":"EggPark","id":3329,"totalTakeovers":12033,"region":{"country":"se","name":"Värmland","id":130},"pointsPerHour":6,"longitude":13.581088,"takeoverPoints":110},"latitude":59.403665,"currentOwner":{"name":"kurreflax","id":314349},"time":"2021-07-07T19:56:43+0000","type":"takeover","longitude":13.581088},{"zone":{"previousOwner":{"name":"Spillunten","id":49671},"dateLastTaken":"2021-07-07T19:56:37+0000","latitude":64.75473,"totalTakeovers":1542,"pointsPerHour":6,"takeoverPoints":110,"dateCreated":"2018-09-23T14:00:00+0000","currentOwner":{"name":"Sledge","id":241272},"name":"Klöverkvarn","id":169302,"region":{"country":"se","name":"Västerbotten","id":127},"longitude":20.90932},"latitude":64.75473,"currentOwner":{"name":"Sledge","id":241272},"time":"2021-07-07T19:56:37+0000","type":"takeover","longitude":20.90932},{"zone":{"previousOwner":{"name":"Sanmic","id":174251},"dateCreated":"2017-12-24T11:00:00+0000","dateLastTaken":"2021-07-07T19:56:36+0000","latitude":60.154428,"currentOwner":{"name":"Normic","id":174166},"name":"Strandbacken","id":138641,"totalTakeovers":2482,"region":{"country":"se","name":"Dalarna","id":129},"pointsPerHour":4,"longitude":16.162189,"takeoverPoints":140},"latitude":60.154428,"currentOwner":{"name":"Normic","id":174166},"time":"2021-07-07T19:56:36+0000","type":"takeover","longitude":16.162189},{"zone":{"previousOwner":{"name":"0beroff","id":80119},"dateCreated":"2014-04-13T18:17:23+0000","dateLastTaken":"2021-07-07T19:56:33+0000","latitude":59.408888,"currentOwner":{"name":"stenkoll","id":308319},"name":"Tallåstornet","id":28161,"totalTakeovers":2095,"region":{"country":"se","name":"Stockholm","id":141},"pointsPerHour":4,"longitude":17.964857,"takeoverPoints":140},"latitude":59.408888,"currentOwner":{"name":"stenkoll","id":308319},"time":"2021-07-07T19:56:33+0000","type":"takeover","longitude":17.964857},{"zone":{"previousOwner":{"name":"Wharfy","id":302135},"dateLastTaken":"2021-07-07T19:56:27+0000","latitude":50.621904,"totalTakeovers":125,"pointsPerHour":1,"takeoverPoints":185,"dateCreated":"2018-01-26T15:36:52+0000","currentOwner":{"name":"Wharfy","id":302135},"name":"ExmouthRail","id":140785,"region":{"country":"gb","name":"South West England","id":197},"longitude":-3.415063},"latitude":50.621904,"currentOwner":{"name":"Wharfy","id":302135},"time":"2021-07-07T19:56:27+0000","type":"takeover","longitude":-3.415063},{"zone":{"previousOwner":{"name":"sarjo","id":12393},"dateCreated":"2012-04-02T22:39:43+0000","dateLastTaken":"2021-07-07T19:56:19+0000","latitude":56.895862,"currentOwner":{"name":"Kaj-scout","id":170651},"name":"SummerZone","id":7925,"totalTakeovers":4445,"region":{"country":"se","name":"Kronoberg","id":147},"pointsPerHour":4,"longitude":14.799047,"takeoverPoints":140},"latitude":56.895862,"currentOwner":{"name":"Kaj-scout","id":170651},"time":"2021-07-07T19:56:19+0000","type":"takeover","longitude":14.799047},{"zone":{"previousOwner":{"name":"vaniljblomma","id":334698},"dateCreated":"2014-05-28T21:07:13+0000","dateLastTaken":"2021-07-07T19:56:17+0000","latitude":59.275659,"currentOwner":{"name":"FlygarAlex","id":256903},"name":"Johannesdal","id":29538,"totalTakeovers":649,"region":{"country":"se","name":"Stockholm","id":141},"pointsPerHour":3,"longitude":17.869022,"takeoverPoints":155},"latitude":59.275659,"currentOwner":{"name":"FlygarAlex","id":256903},"time":"2021-07-07T19:56:17+0000","type":"takeover","longitude":17.869022},{"zone":{"previousOwner":{"name":"TXL","id":62645},"dateCreated":"2014-04-28T08:00:19+0000","dateLastTaken":"2021-07-07T19:56:17+0000","latitude":55.600306,"currentOwner":{"name":"lillyreina","id":278560},"name":"TheBeachCabin","id":28627,"totalTakeovers":5791,"region":{"country":"se","name":"Skåne","id":135},"pointsPerHour":6,"longitude":12.960223,"takeoverPoints":110},"latitude":55.600306,"currentOwner":{"name":"lillyreina","id":278560},"time":"2021-07-07T19:56:17+0000","type":"takeover","longitude":12.960223},{"zone":{"previousOwner":{"name":"HNKC","id":175080},"dateCreated":"2015-04-25T14:43:18+0000","dateLastTaken":"2021-07-07T19:56:16+0000","latitude":58.674676,"currentOwner":{"name":"HNKC","id":175080},"name":"TillSkolan","id":50212,"totalTakeovers":192,"region":{"country":"se","name":"Östergötland","id":139},"pointsPerHour":1,"longitude":16.371092,"takeoverPoints":185},"latitude":58.674676,"currentOwner":{"name":"HNKC","id":175080},"time":"2021-07-07T19:56:16+0000","type":"takeover","longitude":16.371092},{"zone":{"previousOwner":{"name":"mopar","id":105971},"dateCreated":"2012-07-20T19:46:31+0000","dateLastTaken":"2021-07-07T19:56:15+0000","latitude":60.607889,"currentOwner":{"name":"Flygmalaja","id":18884},"name":"OldMansion","id":9736,"totalTakeovers":3047,"region":{"country":"se","name":"Dalarna","id":129},"pointsPerHour":4,"longitude":15.618458,"takeoverPoints":140},"latitude":60.607889,"currentOwner":{"name":"Flygmalaja","id":18884},"time":"2021-07-07T19:56:15+0000","type":"takeover","longitude":15.618458},{"zone":{"previousOwner":{"name":"broccoliA-M","id":300340},"dateLastTaken":"2021-07-07T19:56:15+0000","latitude":57.749915,"totalTakeovers":1085,"pointsPerHour":2,"takeoverPoints":170,"dateCreated":"2012-10-02T22:51:25+0000","currentOwner":{"name":"wildflower","id":306698},"name":"Mullvadsbron","id":11616,"region":{"country":"se","name":"Jönköping","id":133},"longitude":14.179887},"latitude":57.749915,"currentOwner":{"name":"wildflower","id":306698},"time":"2021-07-07T19:56:15+0000","type":"takeover","longitude":14.179887},{"zone":{"previousOwner":{"name":"B4RK","id":312893},"dateCreated":"2020-06-04T21:32:51+0000","dateLastTaken":"2021-07-07T19:56:14+0000","latitude":59.390427,"currentOwner":{"name":"TurfGöran","id":313564},"name":"HanEllerHon","id":315401,"totalTakeovers":721,"region":{"country":"se","name":"Värmland","id":130},"pointsPerHour":5,"longitude":13.433838,"takeoverPoints":125},"latitude":59.390427,"currentOwner":{"name":"TurfGöran","id":313564},"time":"2021-07-07T19:56:14+0000","type":"takeover","longitude":13.433838},{"zone":{"previousOwner":{"name":"Artful","id":302131},"dateCreated":"2016-03-13T09:12:35+0000","dateLastTaken":"2021-07-07T19:56:14+0000","latitude":55.945117,"currentOwner":{"name":"SoggyChipButty","id":306073},"name":"MiddleMeadow","id":64340,"totalTakeovers":1550,"region":{"country":"gb","name":"Scotland","id":200},"pointsPerHour":6,"longitude":-3.191201,"takeoverPoints":110},"latitude":55.945117,"currentOwner":{"name":"SoggyChipButty","id":306073},"time":"2021-07-07T19:56:14+0000","type":"takeover","longitude":-3.191201},{"zone":{"previousOwner":{"name":"BirgittaS","id":31552},"dateCreated":"2017-06-17T07:00:00+0000","dateLastTaken":"2021-07-07T19:56:11+0000","latitude":59.631402,"currentOwner":{"name":"turfink","id":299139},"name":"Skulrosen","id":114197,"totalTakeovers":4172,"region":{"country":"se","name":"Västmanland","id":143},"pointsPerHour":7,"longitude":16.51571,"takeoverPoints":95},"latitude":59.631402,"currentOwner":{"name":"turfink","id":299139},"time":"2021-07-07T19:56:11+0000","type":"takeover","longitude":16.51571},{"zone":{"previousOwner":{"name":"Ztina","id":312699},"dateCreated":"2013-03-18T20:25:11+0000","dateLastTaken":"2021-07-07T19:56:11+0000","latitude":58.391522,"currentOwner":{"name":"Carojen","id":273001},"name":"SnedaHenrik","id":15958,"totalTakeovers":3333,"region":{"country":"se","name":"Västra Götaland","id":132},"pointsPerHour":3,"longitude":13.864388,"takeoverPoints":155},"latitude":58.391522,"currentOwner":{"name":"Carojen","id":273001},"time":"2021-07-07T19:56:11+0000","type":"takeover","longitude":13.864388},{"zone":{"previousOwner":{"name":"schnappi.jr","id":202503},"dateCreated":"2014-06-20T10:00:00+0000","dateLastTaken":"2021-07-07T19:56:05+0000","latitude":60.590315,"currentOwner":{"name":"schnappikroko","id":105075},"name":"Svinhuvudet","id":31744,"totalTakeovers":3161,"region":{"country":"se","name":"Dalarna","id":129},"pointsPerHour":3,"longitude":15.651431,"takeoverPoints":155},"latitude":60.590315,"currentOwner":{"name":"schnappikroko","id":105075},"time":"2021-07-07T19:56:05+0000","type":"takeover","longitude":15.651431},{"zone":{"previousOwner":{"name":"devongrove","id":303727},"dateLastTaken":"2021-07-07T19:56:05+0000","latitude":56.162278,"totalTakeovers":260,"pointsPerHour":2,"takeoverPoints":170,"dateCreated":"2020-12-28T21:04:48+0000","currentOwner":{"name":"godders","id":302263},"name":"PriceWar","id":359931,"region":{"country":"gb","name":"Scotland","id":200},"longitude":-3.677248},"latitude":56.162278,"currentOwner":{"name":"godders","id":302263},"time":"2021-07-07T19:56:05+0000","type":"takeover","longitude":-3.677248},{"zone":{"previousOwner":{"name":"Fopanius","id":75668},"dateCreated":"2011-12-24T12:12:33+0000","dateLastTaken":"2021-07-07T19:56:03+0000","latitude":59.272229,"currentOwner":{"name":"svenlutte","id":62695},"name":"HagaWay","id":5418,"totalTakeovers":14660,"region":{"country":"se","name":"Örebro","id":131},"pointsPerHour":7,"longitude":15.197432,"takeoverPoints":95},"latitude":59.272229,"currentOwner":{"name":"svenlutte","id":62695},"time":"2021-07-07T19:56:03+0000","type":"takeover","longitude":15.197432},{"zone":{"previousOwner":{"name":"champiz","id":41099},"dateCreated":"2016-10-22T04:00:00+0000","dateLastTaken":"2021-07-07T19:56:01+0000","latitude":58.682304,"currentOwner":{"name":"Kamoba","id":72574},"name":"MeadowSpire","id":90113,"totalTakeovers":5062,"region":{"country":"se","name":"Södermanland","id":140},"pointsPerHour":5,"longitude":17.059503,"takeoverPoints":125},"latitude":58.682304,"currentOwner":{"name":"Kamoba","id":72574},"time":"2021-07-07T19:56:01+0000","type":"takeover","longitude":17.059503},{"zone":{"previousOwner":{"name":"takamine","id":281213},"dateCreated":"2014-04-01T10:29:05+0000","dateLastTaken":"2021-07-07T19:56:01+0000","latitude":59.357555,"currentOwner":{"name":"mokisen","id":334098},"name":"Stenby","id":27726,"totalTakeovers":3847,"region":{"country":"se","name":"Södermanland","id":140},"pointsPerHour":6,"longitude":16.4709,"takeoverPoints":110},"latitude":59.357555,"currentOwner":{"name":"mokisen","id":334098},"time":"2021-07-07T19:56:01+0000","type":"takeover","longitude":16.4709},{"zone":{"previousOwner":{"name":"Kaj-scout","id":170651},"dateCreated":"2012-04-02T22:31:42+0000","dateLastTaken":"2021-07-07T19:55:59+0000","latitude":56.880705,"currentOwner":{"name":"embeoo","id":23906},"name":"GrowLibrary","id":7919,"totalTakeovers":8035,"region":{"country":"se","name":"Kronoberg","id":147},"pointsPerHour":6,"longitude":14.800294,"takeoverPoints":110},"latitude":56.880705,"currentOwner":{"name":"embeoo","id":23906},"time":"2021-07-07T19:55:59+0000","type":"takeover","longitude":14.800294},{"zone":{"previousOwner":{"name":"Toranagasama","id":97301},"dateCreated":"2020-03-16T21:26:14+0000","dateLastTaken":"2021-07-07T19:55:59+0000","latitude":56.628992,"currentOwner":{"name":"Krappis","id":155974},"name":"RingRing","id":228669,"totalTakeovers":1298,"region":{"country":"se","name":"Kalmar","id":137},"pointsPerHour":4,"longitude":15.54546,"takeoverPoints":140},"latitude":56.628992,"currentOwner":{"name":"Krappis","id":155974},"time":"2021-07-07T19:55:59+0000","type":"takeover","longitude":15.54546},{"zone":{"previousOwner":{"name":"Mossetomten","id":301020},"dateCreated":"2010-09-30T22:00:02+0000","dateLastTaken":"2021-07-07T19:55:57+0000","latitude":56.660741,"currentOwner":{"name":"GW007","id":77704},"name":"Margareta","id":953,"totalTakeovers":16513,"region":{"country":"se","name":"Kalmar","id":137},"pointsPerHour":8,"longitude":16.339057,"takeoverPoints":80},"latitude":56.660741,"currentOwner":{"name":"GW007","id":77704},"time":"2021-07-07T19:55:57+0000","type":"takeover","longitude":16.339057},{"zone":{"previousOwner":{"name":"Scott63","id":207476},"dateCreated":"2011-03-17T00:00:00+0000","dateLastTaken":"2021-07-07T19:55:56+0000","latitude":63.825559,"currentOwner":{"name":"viðvarandi","id":110642},"name":"Advisehouse","id":1577,"totalTakeovers":38624,"region":{"country":"se","name":"Västerbotten","id":127},"pointsPerHour":9,"longitude":20.263049,"takeoverPoints":65},"latitude":63.825559,"currentOwner":{"name":"viðvarandi","id":110642},"time":"2021-07-07T19:55:56+0000","type":"takeover","longitude":20.263049},{"zone":{"previousOwner":{"name":"fridays","id":103850},"dateCreated":"2017-12-31T23:00:00+0000","dateLastTaken":"2021-07-07T19:55:55+0000","latitude":59.637831,"currentOwner":{"name":"Cykeltanten","id":165416},"name":"Pundgatan","id":139668,"totalTakeovers":2537,"region":{"country":"se","name":"Uppsala","id":142},"pointsPerHour":4,"longitude":17.088958,"takeoverPoints":140},"latitude":59.637831,"currentOwner":{"name":"Cykeltanten","id":165416},"time":"2021-07-07T19:55:55+0000","type":"takeover","longitude":17.088958},{"zone":{"previousOwner":{"name":"stuvstabiker","id":187341},"dateCreated":"2013-03-09T18:49:03+0000","dateLastTaken":"2021-07-07T19:55:50+0000","latitude":59.232692,"currentOwner":{"name":"MrsNHP","id":325957},"name":"Ekepilen","id":15572,"totalTakeovers":4206,"region":{"country":"se","name":"Stockholm","id":141},"pointsPerHour":7,"longitude":18.000012,"takeoverPoints":95},"latitude":59.232692,"currentOwner":{"name":"MrsNHP","id":325957},"time":"2021-07-07T19:55:50+0000","type":"takeover","longitude":18.000012},{"zone":{"previousOwner":{"name":"Hblom09","id":305896},"dateLastTaken":"2021-07-07T19:55:49+0000","latitude":60.065209,"totalTakeovers":5000,"pointsPerHour":6,"takeoverPoints":110,"dateCreated":"2014-11-25T22:15:57+0000","currentOwner":{"name":"Corellian","id":264701},"name":"RozalionHorse","id":42297,"region":{"country":"fi","name":"Åland","id":177},"longitude":19.958588},"latitude":60.065209,"currentOwner":{"name":"Corellian","id":264701},"time":"2021-07-07T19:55:49+0000","type":"takeover","longitude":19.958588},{"zone":{"previousOwner":{"name":"Masken68","id":227013},"dateCreated":"2013-12-11T21:25:57+0000","dateLastTaken":"2021-07-07T19:55:46+0000","latitude":59.110457,"currentOwner":{"name":"poisme","id":227090},"name":"Utmarkerna","id":23747,"totalTakeovers":8684,"region":{"country":"se","name":"Örebro","id":131},"pointsPerHour":6,"longitude":15.149434,"takeoverPoints":110},"latitude":59.110457,"currentOwner":{"name":"poisme","id":227090},"time":"2021-07-07T19:55:46+0000","type":"takeover","longitude":15.149434},{"zone":{"previousOwner":{"name":"ti-ti","id":161431},"dateCreated":"2018-03-04T00:31:03+0000","dateLastTaken":"2021-07-07T19:55:45+0000","latitude":57.656587,"currentOwner":{"name":"Pan_Pijak","id":59442},"name":"TrattiFnatt","id":141494,"totalTakeovers":4422,"region":{"country":"se","name":"Västra Götaland","id":132},"pointsPerHour":6,"longitude":11.918234,"takeoverPoints":110},"latitude":57.656587,"currentOwner":{"name":"Pan_Pijak","id":59442},"time":"2021-07-07T19:55:45+0000","type":"takeover","longitude":11.918234},{"zone":{"previousOwner":{"name":"Skogsmullenii","id":312814},"dateCreated":"2016-08-13T07:45:00+0000","dateLastTaken":"2021-07-07T19:55:44+0000","latitude":65.585969,"currentOwner":{"name":"Medicus","id":144728},"name":"NorrOmTeater","id":80583,"totalTakeovers":7478,"region":{"country":"se","name":"Norrbotten","id":126},"pointsPerHour":7,"longitude":22.140167,"takeoverPoints":95},"latitude":65.585969,"currentOwner":{"name":"Medicus","id":144728},"time":"2021-07-07T19:55:44+0000","type":"takeover","longitude":22.140167},{"zone":{"previousOwner":{"name":"Placid_Casual","id":312475},"dateCreated":"2021-05-02T17:52:21+0000","dateLastTaken":"2021-07-07T19:55:41+0000","latitude":57.477453,"currentOwner":{"name":"fanniesuraunt","id":320035},"name":"Woodlandbus","id":406490,"totalTakeovers":10,"region":{"country":"gb","name":"Scotland","id":200},"pointsPerHour":2,"longitude":-4.14401,"takeoverPoints":170},"latitude":57.477453,"currentOwner":{"name":"fanniesuraunt","id":320035},"time":"2021-07-07T19:55:41+0000","type":"takeover","longitude":-4.14401},{"zone":{"previousOwner":{"name":"Jonte67","id":284492},"dateCreated":"2014-08-24T08:26:24+0000","dateLastTaken":"2021-07-07T19:55:40+0000","latitude":55.548895,"currentOwner":{"name":"Kexchoklad","id":58043},"name":"Widesea","id":33750,"totalTakeovers":1041,"region":{"country":"se","name":"Skåne","id":135},"pointsPerHour":3,"longitude":12.909128,"takeoverPoints":155},"latitude":55.548895,"currentOwner":{"name":"Kexchoklad","id":58043},"time":"2021-07-07T19:55:40+0000","type":"takeover","longitude":12.909128},{"zone":{"previousOwner":{"name":"trucken","id":22692},"dateCreated":"2012-07-19T19:36:34+0000","dateLastTaken":"2021-07-07T19:55:40+0000","latitude":59.596949,"currentOwner":{"name":"algo","id":287934},"name":"ReasonVillage","id":9712,"totalTakeovers":15528,"region":{"country":"se","name":"Västmanland","id":143},"pointsPerHour":7,"longitude":16.45911,"takeoverPoints":95},"latitude":59.596949,"currentOwner":{"name":"algo","id":287934},"time":"2021-07-07T19:55:40+0000","type":"takeover","longitude":16.45911},{"zone":{"previousOwner":{"name":"keni","id":271343},"dateCreated":"2017-12-24T14:00:00+0000","dateLastTaken":"2021-07-07T19:55:38+0000","latitude":56.130271,"currentOwner":{"name":"Mackan&Jajjan","id":335089},"name":"Klintagumman","id":139293,"totalTakeovers":190,"region":{"country":"se","name":"Skåne","id":135},"pointsPerHour":1,"longitude":12.948094,"takeoverPoints":185},"latitude":56.130271,"currentOwner":{"name":"Mackan&Jajjan","id":335089},"time":"2021-07-07T19:55:38+0000","type":"takeover","longitude":12.948094},{"zone":{"previousOwner":{"name":"Bibbilinka","id":141597},"dateCreated":"2016-10-30T10:59:52+0000","dateLastTaken":"2021-07-07T19:55:38+0000","latitude":57.264297,"currentOwner":{"name":"dabbo","id":166306},"name":"DejesPlace","id":90872,"totalTakeovers":5983,"region":{"country":"se","name":"Kalmar","id":137},"pointsPerHour":4,"longitude":16.404743,"takeoverPoints":140},"latitude":57.264297,"currentOwner":{"name":"dabbo","id":166306},"time":"2021-07-07T19:55:38+0000","type":"takeover","longitude":16.404743},{"zone":{"previousOwner":{"name":"SHGustaf","id":234552},"dateCreated":"2018-06-14T17:46:27+0000","dateLastTaken":"2021-07-07T19:55:35+0000","latitude":67.13993,"currentOwner":{"name":"NixQ2","id":76139},"name":"Nuolajärvi","id":154082,"totalTakeovers":857,"region":{"country":"se","name":"Norrbotten","id":126},"pointsPerHour":4,"longitude":20.702795,"takeoverPoints":140},"latitude":67.13993,"currentOwner":{"name":"NixQ2","id":76139},"time":"2021-07-07T19:55:35+0000","type":"takeover","longitude":20.702795},{"zone":{"previousOwner":{"name":"Evil_B","id":42658},"dateCreated":"2011-09-07T18:15:42+0000","dateLastTaken":"2021-07-07T19:55:33+0000","latitude":64.755942,"currentOwner":{"name":"Sledge","id":241272},"name":"MidStream","id":3160,"totalTakeovers":2127,"region":{"country":"se","name":"Västerbotten","id":127},"pointsPerHour":5,"longitude":20.906042,"takeoverPoints":125},"latitude":64.755942,"currentOwner":{"name":"Sledge","id":241272},"time":"2021-07-07T19:55:33+0000","type":"takeover","longitude":20.906042},{"zone":{"previousOwner":{"name":"Oxid","id":200662},"dateCreated":"2017-06-17T07:00:00+0000","dateLastTaken":"2021-07-07T19:55:30+0000","latitude":59.881717,"currentOwner":{"name":"tilverturf","id":166033},"name":"DriverDuEller","id":111816,"totalTakeovers":4248,"region":{"country":"se","name":"Uppsala","id":142},"pointsPerHour":7,"longitude":17.666024,"takeoverPoints":95},"latitude":59.881717,"currentOwner":{"name":"tilverturf","id":166033},"time":"2021-07-07T19:55:30+0000","type":"takeover","longitude":17.666024},{"zone":{"previousOwner":{"name":"acin","id":65385},"dateCreated":"2015-04-12T12:03:46+0000","dateLastTaken":"2021-07-07T19:55:30+0000","latitude":60.140387,"currentOwner":{"name":"enelle","id":134514},"name":"Vassäng","id":48177,"totalTakeovers":1730,"region":{"country":"se","name":"Dalarna","id":129},"pointsPerHour":3,"longitude":15.403182,"takeoverPoints":155},"latitude":60.140387,"currentOwner":{"name":"enelle","id":134514},"time":"2021-07-07T19:55:30+0000","type":"takeover","longitude":15.403182},{"zone":{"previousOwner":{"name":"Blues67","id":188022},"dateCreated":"2020-12-10T13:00:31+0000","dateLastTaken":"2021-07-07T19:55:28+0000","latitude":63.708029,"currentOwner":{"name":"bengtbbb","id":64627},"name":"KrokaDigEnZon","id":354831,"totalTakeovers":489,"region":{"country":"se","name":"Västerbotten","id":127},"pointsPerHour":5,"longitude":20.317845,"takeoverPoints":125},"latitude":63.708029,"currentOwner":{"name":"bengtbbb","id":64627},"time":"2021-07-07T19:55:28+0000","type":"takeover","longitude":20.317845},{"zone":{"previousOwner":{"name":"plingis","id":278465},"dateCreated":"2016-09-01T12:32:01+0000","dateLastTaken":"2021-07-07T19:55:26+0000","latitude":59.25928,"currentOwner":{"name":"Nissepurjo","id":326821},"name":"Cyklopen","id":82403,"totalTakeovers":3293,"region":{"country":"se","name":"Stockholm","id":141},"pointsPerHour":7,"longitude":18.041341,"takeoverPoints":95},"latitude":59.25928,"currentOwner":{"name":"Nissepurjo","id":326821},"time":"2021-07-07T19:55:26+0000","type":"takeover","longitude":18.041341},{"zone":{"previousOwner":{"name":"JeEr","id":66543},"dateCreated":"2013-12-01T22:00:00+0000","dateLastTaken":"2021-07-07T19:55:26+0000","latitude":59.327193,"currentOwner":{"name":"GCN","id":95999},"name":"Källmossvägen","id":23578,"totalTakeovers":3529,"region":{"country":"se","name":"Örebro","id":131},"pointsPerHour":4,"longitude":14.579073,"takeoverPoints":140},"latitude":59.327193,"currentOwner":{"name":"GCN","id":95999},"time":"2021-07-07T19:55:26+0000","type":"takeover","longitude":14.579073},{"zone":{"previousOwner":{"name":"sarjo","id":12393},"dateCreated":"2013-04-11T16:54:57+0000","dateLastTaken":"2021-07-07T19:55:26+0000","latitude":56.896883,"currentOwner":{"name":"Kaj-scout","id":170651},"name":"SandPark","id":16940,"totalTakeovers":3655,"region":{"country":"se","name":"Kronoberg","id":147},"pointsPerHour":4,"longitude":14.802056,"takeoverPoints":140},"latitude":56.896883,"currentOwner":{"name":"Kaj-scout","id":170651},"time":"2021-07-07T19:55:26+0000","type":"takeover","longitude":14.802056},{"zone":{"previousOwner":{"name":"Nillenilox","id":135887},"dateCreated":"2015-03-22T08:51:43+0000","dateLastTaken":"2021-07-07T19:55:22+0000","latitude":65.287455,"currentOwner":{"name":"Ni_ki_ta","id":233048},"name":"HortlaxField","id":47036,"totalTakeovers":2452,"region":{"country":"se","name":"Norrbotten","id":126},"pointsPerHour":2,"longitude":21.405907,"takeoverPoints":170},"latitude":65.287455,"currentOwner":{"name":"Ni_ki_ta","id":233048},"time":"2021-07-07T19:55:22+0000","type":"takeover","longitude":21.405907},{"zone":{"previousOwner":{"name":"Llychlynwr","id":117087},"dateCreated":"2013-11-01T21:45:46+0000","dateLastTaken":"2021-07-07T19:55:21+0000","latitude":57.718978,"currentOwner":{"name":"cre8or","id":64352},"name":"Biskopsbacken","id":22554,"totalTakeovers":1618,"region":{"country":"se","name":"Västra Götaland","id":132},"pointsPerHour":2,"longitude":11.897547,"takeoverPoints":170},"latitude":57.718978,"currentOwner":{"name":"cre8or","id":64352},"time":"2021-07-07T19:55:21+0000","type":"takeover","longitude":11.897547},{"zone":{"previousOwner":{"name":"féarglas","id":280861},"dateCreated":"2020-06-14T16:00:00+0000","dateLastTaken":"2021-07-07T19:55:21+0000","latitude":55.92641,"currentOwner":{"name":"Jenh","id":295827},"name":"MeggetCanal","id":316608,"totalTakeovers":503,"region":{"country":"gb","name":"Scotland","id":200},"pointsPerHour":5,"longitude":-3.234961,"takeoverPoints":125},"latitude":55.92641,"currentOwner":{"name":"Jenh","id":295827},"time":"2021-07-07T19:55:21+0000","type":"takeover","longitude":-3.234961},{"zone":{"previousOwner":{"name":"bubobubo","id":145386},"dateCreated":"2011-09-15T10:00:00+0000","dateLastTaken":"2021-07-07T19:55:20+0000","latitude":56.896238,"currentOwner":{"name":"siamosaurus","id":144347},"name":"ForgeField","id":3309,"totalTakeovers":1058,"region":{"country":"se","name":"Kronoberg","id":147},"pointsPerHour":1,"longitude":14.547419,"takeoverPoints":185},"latitude":56.896238,"currentOwner":{"name":"siamosaurus","id":144347},"time":"2021-07-07T19:55:20+0000","type":"takeover","longitude":14.547419},{"zone":{"previousOwner":{"name":"Mani","id":27227},"dateCreated":"2020-08-31T06:42:07+0000","dateLastTaken":"2021-07-07T19:55:19+0000","latitude":56.076864,"currentOwner":{"name":"Király","id":169417},"name":"Florett","id":323314,"totalTakeovers":103,"region":{"country":"se","name":"Skåne","id":135},"pointsPerHour":2,"longitude":12.720663,"takeoverPoints":170},"latitude":56.076864,"currentOwner":{"name":"Király","id":169417},"time":"2021-07-07T19:55:19+0000","type":"takeover","longitude":12.720663},{"zone":{"previousOwner":{"name":"Miknor","id":278187},"dateCreated":"2017-03-27T16:15:00+0000","dateLastTaken":"2021-07-07T19:55:10+0000","latitude":57.255576,"currentOwner":{"name":"sumo","id":66734},"name":"Avasarala","id":96209,"totalTakeovers":3198,"region":{"country":"se","name":"Kalmar","id":137},"pointsPerHour":4,"longitude":16.44616,"takeoverPoints":140},"latitude":57.255576,"currentOwner":{"name":"sumo","id":66734},"time":"2021-07-07T19:55:10+0000","type":"takeover","longitude":16.44616},{"zone":{"previousOwner":{"name":"Wettis","id":20629},"dateCreated":"2012-04-01T14:47:28+0000","dateLastTaken":"2021-07-07T19:55:08+0000","latitude":59.624085,"currentOwner":{"name":"Tjosan78","id":271006},"name":"SnytenZone","id":7769,"totalTakeovers":15897,"region":{"country":"se","name":"Västmanland","id":143},"pointsPerHour":8,"longitude":16.478505,"takeoverPoints":80},"latitude":59.624085,"currentOwner":{"name":"Tjosan78","id":271006},"time":"2021-07-07T19:55:08+0000","type":"takeover","longitude":16.478505},{"zone":{"previousOwner":{"name":"TurfTom","id":230867},"dateCreated":"2016-08-16T10:00:00+0000","dateLastTaken":"2021-07-07T19:55:07+0000","latitude":59.272985,"currentOwner":{"name":"bilgur","id":199900},"name":"Odlarängen","id":80707,"totalTakeovers":7263,"region":{"country":"se","name":"Stockholm","id":141},"pointsPerHour":7,"longitude":18.080179,"takeoverPoints":95},"latitude":59.272985,"currentOwner":{"name":"bilgur","id":199900},"time":"2021-07-07T19:55:07+0000","type":"takeover","longitude":18.080179},{"zone":{"previousOwner":{"name":"MoraIK","id":158799},"dateCreated":"2011-09-15T10:00:00+0000","dateLastTaken":"2021-07-07T19:55:07+0000","latitude":60.615478,"currentOwner":{"name":"corna","id":114702},"name":"Tvärzonen","id":3333,"totalTakeovers":10514,"region":{"country":"se","name":"Dalarna","id":129},"pointsPerHour":7,"longitude":15.625433,"takeoverPoints":95},"latitude":60.615478,"currentOwner":{"name":"corna","id":114702},"time":"2021-07-07T19:55:07+0000","type":"takeover","longitude":15.625433},{"zone":{"previousOwner":{"name":"Muminpappans","id":199952},"dateCreated":"2020-09-05T10:00:00+0000","dateLastTaken":"2021-07-07T19:55:06+0000","latitude":60.22758,"currentOwner":{"name":"firtinho","id":208860},"name":"Goodrest","id":324451,"totalTakeovers":1733,"region":{"country":"fi","name":"Åland","id":177},"pointsPerHour":6,"longitude":19.977486,"takeoverPoints":110},"latitude":60.22758,"currentOwner":{"name":"firtinho","id":208860},"time":"2021-07-07T19:55:06+0000","type":"takeover","longitude":19.977486},{"zone":{"previousOwner":{"name":"Fozzie","id":315729},"dateCreated":"2021-07-07T09:00:00+0000","dateLastTaken":"2021-07-07T19:55:05+0000","latitude":51.405327,"currentOwner":{"name":"DickyP","id":332476},"name":"NoBikePath","id":429647,"totalTakeovers":2,"region":{"country":"gb","name":"South East England","id":205},"pointsPerHour":1,"longitude":-0.655164,"takeoverPoints":185},"latitude":51.405327,"currentOwner":{"name":"DickyP","id":332476},"time":"2021-07-07T19:55:05+0000","type":"takeover","longitude":-0.655164},{"zone":{"previousOwner":{"name":"Gunnås","id":120275},"dateCreated":"2014-01-01T15:00:00+0000","dateLastTaken":"2021-07-07T19:55:03+0000","latitude":59.315024,"currentOwner":{"name":"Kruse","id":23306},"name":"Stjälkvägen","id":24655,"totalTakeovers":4021,"region":{"country":"se","name":"Örebro","id":131},"pointsPerHour":5,"longitude":14.476184,"takeoverPoints":125},"latitude":59.315024,"currentOwner":{"name":"Kruse","id":23306},"time":"2021-07-07T19:55:03+0000","type":"takeover","longitude":14.476184},{"zone":{"previousOwner":{"name":"boddiloddan","id":164393},"dateLastTaken":"2021-07-07T19:55:02+0000","latitude":63.829909,"totalTakeovers":2417,"pointsPerHour":5,"takeoverPoints":125,"dateCreated":"2013-07-16T20:56:24+0000","currentOwner":{"name":"@Ammarnäs_Wear","id":316890},"name":"PumpBridge","id":20840,"region":{"country":"se","name":"Västerbotten","id":127},"longitude":20.163853},"latitude":63.829909,"currentOwner":{"name":"@Ammarnäs_Wear","id":316890},"time":"2021-07-07T19:55:02+0000","type":"takeover","longitude":20.163853},{"zone":{"previousOwner":{"name":"Scott63","id":207476},"dateCreated":"2012-07-01T19:53:33+0000","dateLastTaken":"2021-07-07T19:55:01+0000","latitude":63.82721,"currentOwner":{"name":"viðvarandi","id":110642},"name":"UmeEsplanaden","id":9578,"totalTakeovers":41812,"region":{"country":"se","name":"Västerbotten","id":127},"pointsPerHour":9,"longitude":20.264437,"takeoverPoints":65},"latitude":63.82721,"currentOwner":{"name":"viðvarandi","id":110642},"time":"2021-07-07T19:55:01+0000","type":"takeover","longitude":20.264437},{"zone":{"previousOwner":{"name":"speedfox","id":299927},"dateLastTaken":"2021-07-07T19:54:58+0000","latitude":61.356369,"totalTakeovers":1734,"pointsPerHour":5,"takeoverPoints":125,"dateCreated":"2016-12-24T01:00:00+0000","currentOwner":{"name":"Röste","id":107099},"name":"Renbron","id":91725,"region":{"country":"se","name":"Gävleborg","id":144},"longitude":16.403486},"latitude":61.356369,"currentOwner":{"name":"Röste","id":107099},"time":"2021-07-07T19:54:58+0000","type":"takeover","longitude":16.403486},{"zone":{"previousOwner":{"name":"Questular","id":54220},"dateCreated":"2011-09-03T19:00:00+0000","dateLastTaken":"2021-07-07T19:54:56+0000","latitude":57.778235,"currentOwner":{"name":"broccoliA-M","id":300340},"name":"Stonemason","id":2987,"totalTakeovers":13236,"region":{"country":"se","name":"Jönköping","id":133},"pointsPerHour":4,"longitude":14.180779,"takeoverPoints":140},"latitude":57.778235,"currentOwner":{"name":"broccoliA-M","id":300340},"time":"2021-07-07T19:54:56+0000","type":"takeover","longitude":14.180779},{"zone":{"previousOwner":{"name":"DrG","id":302459},"dateCreated":"2020-07-12T17:00:00+0000","dateLastTaken":"2021-07-07T19:54:54+0000","latitude":55.936962,"currentOwner":{"name":"ElsieSpanner","id":309195},"name":"Xing","id":318085,"totalTakeovers":283,"region":{"country":"gb","name":"Scotland","id":200},"pointsPerHour":4,"longitude":-3.12453,"takeoverPoints":140},"latitude":55.936962,"currentOwner":{"name":"ElsieSpanner","id":309195},"time":"2021-07-07T19:54:54+0000","type":"takeover","longitude":-3.12453},{"zone":{"previousOwner":{"name":"JoGi","id":6564},"dateCreated":"2013-01-18T23:15:43+0000","dateLastTaken":"2021-07-07T19:54:53+0000","latitude":59.434009,"currentOwner":{"name":"0beroff","id":80119},"name":"Kärrdalsplan","id":13672,"totalTakeovers":1215,"region":{"country":"se","name":"Stockholm","id":141},"pointsPerHour":4,"longitude":17.998753,"takeoverPoints":140},"latitude":59.434009,"currentOwner":{"name":"0beroff","id":80119},"time":"2021-07-07T19:54:53+0000","type":"takeover","longitude":17.998753},{"zone":{"previousOwner":{"name":"Tq1","id":307947},"dateCreated":"2014-05-12T07:37:50+0000","dateLastTaken":"2021-07-07T19:54:53+0000","latitude":59.650743,"currentOwner":{"name":"kepsen","id":51326},"name":"Löparstigen","id":29161,"totalTakeovers":7134,"region":{"country":"se","name":"Västmanland","id":143},"pointsPerHour":5,"longitude":16.499578,"takeoverPoints":125},"latitude":59.650743,"currentOwner":{"name":"kepsen","id":51326},"time":"2021-07-07T19:54:53+0000","type":"takeover","longitude":16.499578},{"zone":{"previousOwner":{"name":"cemo","id":319790},"dateCreated":"2014-02-02T20:55:57+0000","dateLastTaken":"2021-07-07T19:54:51+0000","latitude":59.360677,"currentOwner":{"name":"maZmo","id":151499},"name":"Kidneyround","id":25343,"totalTakeovers":6457,"region":{"country":"se","name":"Stockholm","id":141},"pointsPerHour":6,"longitude":17.889343,"takeoverPoints":110},"latitude":59.360677,"currentOwner":{"name":"maZmo","id":151499},"time":"2021-07-07T19:54:51+0000","type":"takeover","longitude":17.889343},{"zone":{"previousOwner":{"name":"Mojito","id":51773},"dateLastTaken":"2021-07-07T19:54:50+0000","latitude":59.629521,"totalTakeovers":6170,"pointsPerHour":7,"takeoverPoints":95,"dateCreated":"2015-03-14T06:00:00+0000","currentOwner":{"name":"turfink","id":299139},"name":"BigCross","id":44993,"region":{"country":"se","name":"Västmanland","id":143},"longitude":16.515104},"latitude":59.629521,"currentOwner":{"name":"turfink","id":299139},"time":"2021-07-07T19:54:50+0000","type":"takeover","longitude":16.515104},{"zone":{"previousOwner":{"name":"Mani","id":27227},"dateLastTaken":"2021-07-07T19:54:45+0000","latitude":56.040933,"totalTakeovers":4556,"pointsPerHour":5,"takeoverPoints":125,"dateCreated":"2017-06-23T06:00:00+0000","currentOwner":{"name":"Potatis","id":26668},"name":"MästerPalm","id":113622,"region":{"country":"se","name":"Skåne","id":135},"longitude":12.701242},"latitude":56.040933,"currentOwner":{"name":"Potatis","id":26668},"time":"2021-07-07T19:54:45+0000","type":"takeover","longitude":12.701242},{"zone":{"previousOwner":{"name":"Folonaj2020","id":279725},"dateCreated":"2011-09-08T05:59:17+0000","dateLastTaken":"2021-07-07T19:54:44+0000","latitude":59.920042,"currentOwner":{"name":"Nattuggla","id":165442},"name":"SalaTorg","id":3203,"totalTakeovers":16795,"region":{"country":"se","name":"Västmanland","id":143},"pointsPerHour":7,"longitude":16.606055,"takeoverPoints":95},"latitude":59.920042,"currentOwner":{"name":"Nattuggla","id":165442},"time":"2021-07-07T19:54:44+0000","type":"takeover","longitude":16.606055},{"zone":{"previousOwner":{"name":"Roger60","id":183939},"dateCreated":"2019-06-15T15:41:10+0000","dateLastTaken":"2021-07-07T19:54:43+0000","latitude":59.897691,"currentOwner":{"name":"SandraBN","id":332619},"name":"JällaHögtAsså","id":200396,"totalTakeovers":199,"region":{"country":"se","name":"Uppsala","id":142},"pointsPerHour":2,"longitude":17.730421,"takeoverPoints":170},"latitude":59.897691,"currentOwner":{"name":"SandraBN","id":332619},"time":"2021-07-07T19:54:43+0000","type":"takeover","longitude":17.730421},{"zone":{"previousOwner":{"name":"Monals","id":97063},"dateCreated":"2012-10-02T12:00:00+0000","dateLastTaken":"2021-07-07T19:54:41+0000","latitude":59.299599,"currentOwner":{"name":"ollals","id":97064},"name":"MälarHeight","id":11608,"totalTakeovers":997,"region":{"country":"se","name":"Stockholm","id":141},"pointsPerHour":1,"longitude":17.95442,"takeoverPoints":185},"latitude":59.299599,"currentOwner":{"name":"ollals","id":97064},"time":"2021-07-07T19:54:41+0000","type":"takeover","longitude":17.95442},{"zone":{"previousOwner":{"name":"SoggyChipButty","id":306073},"dateLastTaken":"2021-07-07T19:54:39+0000","latitude":55.97209,"totalTakeovers":428,"pointsPerHour":5,"takeoverPoints":125,"dateCreated":"2020-11-01T15:30:00+0000","currentOwner":{"name":"gaelgirl","id":302231},"name":"JohnRattray","id":347062,"region":{"country":"gb","name":"Scotland","id":200},"longitude":-3.162997},"latitude":55.97209,"currentOwner":{"name":"gaelgirl","id":302231},"time":"2021-07-07T19:54:39+0000","type":"takeover","longitude":-3.162997},{"zone":{"previousOwner":{"name":"Tipsy","id":79355},"dateCreated":"2012-04-17T21:30:24+0000","dateLastTaken":"2021-07-07T19:54:38+0000","latitude":58.390093,"currentOwner":{"name":"Huygens","id":40827},"name":"Koboltparken","id":8292,"totalTakeovers":12915,"region":{"country":"se","name":"Östergötland","id":139},"pointsPerHour":7,"longitude":15.670689,"takeoverPoints":95},"latitude":58.390093,"currentOwner":{"name":"Huygens","id":40827},"time":"2021-07-07T19:54:38+0000","type":"takeover","longitude":15.670689},{"zone":{"previousOwner":{"name":"Cruachan","id":304571},"dateCreated":"2020-07-31T17:00:00+0000","dateLastTaken":"2021-07-07T19:54:38+0000","latitude":55.939439,"currentOwner":{"name":"bythesea","id":289445},"name":"Clayknowes","id":318242,"totalTakeovers":208,"region":{"country":"gb","name":"Scotland","id":200},"pointsPerHour":3,"longitude":-3.075307,"takeoverPoints":155},"latitude":55.939439,"currentOwner":{"name":"bythesea","id":289445},"time":"2021-07-07T19:54:38+0000","type":"takeover","longitude":-3.075307},{"zone":{"previousOwner":{"name":"KungLinus","id":335072},"dateLastTaken":"2021-07-07T19:54:37+0000","latitude":56.679539,"totalTakeovers":7810,"pointsPerHour":6,"takeoverPoints":110,"dateCreated":"2011-09-15T10:00:00+0000","currentOwner":{"name":"Matthew81","id":173245},"name":"Chestnut","id":3390,"region":{"country":"se","name":"Halland","id":134},"longitude":12.862584},"latitude":56.679539,"currentOwner":{"name":"Matthew81","id":173245},"time":"2021-07-07T19:54:37+0000","type":"takeover","longitude":12.862584},{"zone":{"previousOwner":{"name":"Spikbebis75","id":92852},"dateLastTaken":"2021-07-07T19:54:37+0000","latitude":59.481531,"totalTakeovers":773,"pointsPerHour":5,"takeoverPoints":125,"dateCreated":"2020-03-30T17:59:07+0000","currentOwner":{"name":"Firefight001","id":274313},"name":"Livskvadronen","id":230851,"region":{"country":"se","name":"Stockholm","id":141},"longitude":17.91494},"latitude":59.481531,"currentOwner":{"name":"Firefight001","id":274313},"time":"2021-07-07T19:54:37+0000","type":"takeover","longitude":17.91494},{"zone":{"previousOwner":{"name":"Raggmunken","id":204120},"dateLastTaken":"2021-07-07T19:54:37+0000","latitude":55.60185,"totalTakeovers":53,"pointsPerHour":8,"takeoverPoints":80,"dateCreated":"2021-06-23T23:43:31+0000","currentOwner":{"name":"crvenazvezda91","id":223981},"name":"Király017","id":428552,"region":{"country":"se","name":"Skåne","id":135},"longitude":13.010931},"latitude":55.60185,"currentOwner":{"name":"crvenazvezda91","id":223981},"time":"2021-07-07T19:54:37+0000","type":"takeover","longitude":13.010931},{"zone":{"dateCreated":"2019-01-23T19:40:38+0000","dateLastTaken":"2021-07-07T19:54:36+0000","latitude":65.834847,"currentOwner":{"name":"Sn0trik","id":301404},"name":"HappyGenväg","id":179191,"totalTakeovers":79,"region":{"country":"se","name":"Norrbotten","id":126},"pointsPerHour":2,"longitude":24.128735,"takeoverPoints":170},"latitude":65.834847,"currentOwner":{"name":"Sn0trik","id":301404},"time":"2021-07-07T19:54:36+0000","type":"takeover","longitude":24.128735},{"zone":{"previousOwner":{"name":"TheLovely","id":304601},"dateCreated":"2020-12-05T13:13:42+0000","dateLastTaken":"2021-07-07T19:54:35+0000","latitude":55.250145,"currentOwner":{"name":"Fashven","id":297782},"name":"MightyTwirl","id":354845,"totalTakeovers":12,"region":{"country":"gb","name":"Scotland","id":200},"pointsPerHour":1,"longitude":-4.845425,"takeoverPoints":185},"latitude":55.250145,"currentOwner":{"name":"Fashven","id":297782},"time":"2021-07-07T19:54:35+0000","type":"takeover","longitude":-4.845425},{"zone":{"previousOwner":{"name":"plingis","id":278465},"dateCreated":"2016-09-01T12:38:43+0000","dateLastTaken":"2021-07-07T19:54:31+0000","latitude":59.256932,"currentOwner":{"name":"Nissepurjo","id":326821},"name":"SnöigaDalen","id":82404,"totalTakeovers":3008,"region":{"country":"se","name":"Stockholm","id":141},"pointsPerHour":7,"longitude":18.040015,"takeoverPoints":95},"latitude":59.256932,"currentOwner":{"name":"Nissepurjo","id":326821},"time":"2021-07-07T19:54:31+0000","type":"takeover","longitude":18.040015},{"zone":{"previousOwner":{"name":"Mossetomten","id":301020},"dateCreated":"2012-12-28T18:19:48+0000","dateLastTaken":"2021-07-07T19:54:23+0000","latitude":56.658722,"currentOwner":{"name":"GW007","id":77704},"name":"StoneHome","id":12486,"totalTakeovers":13443,"region":{"country":"se","name":"Kalmar","id":137},"pointsPerHour":7,"longitude":16.334963,"takeoverPoints":95},"latitude":56.658722,"currentOwner":{"name":"GW007","id":77704},"time":"2021-07-07T19:54:23+0000","type":"takeover","longitude":16.334963},{"zone":{"previousOwner":{"name":"Masken68","id":227013},"dateCreated":"2015-02-28T06:00:00+0000","dateLastTaken":"2021-07-07T19:54:23+0000","latitude":59.113021,"currentOwner":{"name":"poisme","id":227090},"name":"SportfältVäst","id":44855,"totalTakeovers":6568,"region":{"country":"se","name":"Örebro","id":131},"pointsPerHour":6,"longitude":15.148019,"takeoverPoints":110},"latitude":59.113021,"currentOwner":{"name":"poisme","id":227090},"time":"2021-07-07T19:54:23+0000","type":"takeover","longitude":15.148019},{"zone":{"previousOwner":{"name":"EllenPFO","id":310768},"dateCreated":"2020-12-24T11:00:00+0000","dateLastTaken":"2021-07-07T19:54:22+0000","latitude":53.690247,"currentOwner":{"name":"Mando","id":311237},"name":"DoubleCircles","id":358562,"totalTakeovers":51,"region":{"country":"gb","name":"North West England","id":201},"pointsPerHour":2,"longitude":-2.31262,"takeoverPoints":170},"latitude":53.690247,"currentOwner":{"name":"Mando","id":311237},"time":"2021-07-07T19:54:22+0000","type":"takeover","longitude":-2.31262},{"zone":{"previousOwner":{"name":"ti-ti","id":161431},"dateCreated":"2014-04-09T12:00:00+0000","dateLastTaken":"2021-07-07T19:54:22+0000","latitude":57.655598,"currentOwner":{"name":"Pan_Pijak","id":59442},"name":"Transistdrag","id":27979,"totalTakeovers":6217,"region":{"country":"se","name":"Västra Götaland","id":132},"pointsPerHour":6,"longitude":11.921692,"takeoverPoints":110},"latitude":57.655598,"currentOwner":{"name":"Pan_Pijak","id":59442},"time":"2021-07-07T19:54:22+0000","type":"takeover","longitude":11.921692},{"zone":{"previousOwner":{"name":"INTKirky","id":289726},"dateCreated":"2013-06-15T08:00:00+0000","dateLastTaken":"2021-07-07T19:54:21+0000","latitude":55.945434,"currentOwner":{"name":"SoggyChipButty","id":306073},"name":"McEwanHall","id":14571,"totalTakeovers":1187,"region":{"country":"gb","name":"Scotland","id":200},"pointsPerHour":5,"longitude":-3.188673,"takeoverPoints":125},"latitude":55.945434,"currentOwner":{"name":"SoggyChipButty","id":306073},"time":"2021-07-07T19:54:21+0000","type":"takeover","longitude":-3.188673},{"zone":{"previousOwner":{"name":"Toranagasama","id":97301},"dateCreated":"2011-08-27T09:18:17+0000","dateLastTaken":"2021-07-07T19:54:19+0000","latitude":56.632071,"currentOwner":{"name":"Krappis","id":155974},"name":"EmmaCast","id":2861,"totalTakeovers":3688,"region":{"country":"se","name":"Kalmar","id":137},"pointsPerHour":4,"longitude":15.544754,"takeoverPoints":140},"latitude":56.632071,"currentOwner":{"name":"Krappis","id":155974},"time":"2021-07-07T19:54:19+0000","type":"takeover","longitude":15.544754},{"zone":{"previousOwner":{"name":"pricken3","id":203255},"dateCreated":"2014-06-20T08:24:54+0000","dateLastTaken":"2021-07-07T19:54:18+0000","latitude":59.595259,"currentOwner":{"name":"algo","id":287934},"name":"Tunnbrödet","id":31806,"totalTakeovers":13563,"region":{"country":"se","name":"Västmanland","id":143},"pointsPerHour":7,"longitude":16.461269,"takeoverPoints":95},"latitude":59.595259,"currentOwner":{"name":"algo","id":287934},"time":"2021-07-07T19:54:18+0000","type":"takeover","longitude":16.461269},{"zone":{"previousOwner":{"name":"Zudo","id":133664},"dateCreated":"2021-01-02T12:00:00+0000","dateLastTaken":"2021-07-07T19:54:18+0000","latitude":59.270552,"currentOwner":{"name":"vaniljblomma","id":334698},"name":"JätteTrött","id":351344,"totalTakeovers":325,"region":{"country":"se","name":"Stockholm","id":141},"pointsPerHour":4,"longitude":17.885606,"takeoverPoints":140},"latitude":59.270552,"currentOwner":{"name":"vaniljblomma","id":334698},"time":"2021-07-07T19:54:18+0000","type":"takeover","longitude":17.885606},{"zone":{"previousOwner":{"name":"The_Red_Giant","id":309767},"dateLastTaken":"2021-07-07T19:54:16+0000","latitude":54.051011,"totalTakeovers":467,"pointsPerHour":4,"takeoverPoints":140,"dateCreated":"2020-10-29T18:45:00+0000","currentOwner":{"name":"ade_sSROC","id":304412},"name":"WoolyNun","id":349047,"region":{"country":"gb","name":"North West England","id":201},"longitude":-2.793033},"latitude":54.051011,"currentOwner":{"name":"ade_sSROC","id":304412},"time":"2021-07-07T19:54:16+0000","type":"takeover","longitude":-2.793033},{"zone":{"previousOwner":{"name":"SofiaLoren","id":69230},"dateCreated":"2016-04-01T14:04:01+0000","dateLastTaken":"2021-07-07T19:54:14+0000","latitude":63.171362,"currentOwner":{"name":"SofiaLoren","id":69230},"name":"Njurudden","id":64835,"totalTakeovers":269,"region":{"country":"se","name":"Västernorrland","id":145},"pointsPerHour":2,"longitude":17.299084,"takeoverPoints":170},"latitude":63.171362,"currentOwner":{"name":"SofiaLoren","id":69230},"time":"2021-07-07T19:54:14+0000","type":"takeover","longitude":17.299084},{"zone":{"previousOwner":{"name":"Hblom09","id":305896},"dateCreated":"2014-09-08T16:00:38+0000","dateLastTaken":"2021-07-07T19:54:14+0000","latitude":60.067498,"currentOwner":{"name":"Corellian","id":264701},"name":"Stallet","id":34727,"totalTakeovers":5711,"region":{"country":"fi","name":"Åland","id":177},"pointsPerHour":6,"longitude":19.957814,"takeoverPoints":110},"latitude":60.067498,"currentOwner":{"name":"Corellian","id":264701},"time":"2021-07-07T19:54:14+0000","type":"takeover","longitude":19.957814}]