[{"zone":{"previousOwner":{"name":"FinnishHymn","id":72837},"dateCreated":"2019-06-05T04:26:18+0000","dateLastTaken":"2021-07-05T21:28:57+0000","latitude":63.899219,"currentOwner":{"name":"Ingefang","id":322025},"name":"Timjeslingzon","id":180617,"totalTakeovers":1353,"region":{"country":"se","name":"Västerbotten","id":127},"pointsPerHour":4,"longitude":20.541816,"takeoverPoints":140},"latitude":63.899219,"currentOwner":{"name":"Ingefang","id":322025},"time":"2021-07-05T21:28:57+0000","type":"takeover","longitude":20.541816},{"zone":{"previousOwner":{"name":"Dudu","id":264635},"dateCreated":"2016-12-24T11:00:00+0000","dateLastTaken":"2021-07-05T21:28:53+0000","latitude":59.644451,"currentOwner":{"name":"Slóðbrótari","id":91564},"name":"Tårtan","id":90975,"totalTakeovers":9367,"region":{"country":"se","name":"Uppsala","id":142},"pointsPerHour":5,"longitude":17.082177,"takeoverPoints":125},"latitude":59.644451,"currentOwner":{"name":"Slóðbrótari","id":91564},"time":"2021-07-05T21:28:53+0000","type":"takeover","longitude":17.082177},{"zone":{"previousOwner":{"name":"TurfTurtle","id":300063},"dateCreated":"2014-12-02T22:31:21+0000","dateLastTaken":"2021-07-05T21:28:51+0000","latitude":63.834831,"currentOwner":{"name":"@Ammarnäs_Wear","id":316890},"name":"RakaSpiralen","id":42392,"totalTakeovers":5874,"region":{"country":"se","name":"Västerbotten","id":127},"pointsPerHour":7,"longitude":20.182377,"takeoverPoints":95},"latitude":63.834831,"currentOwner":{"name":"@Ammarnäs_Wear","id":316890},"time":"2021-07-05T21:28:51+0000","type":"takeover","longitude":20.182377},{"zone":{"previousOwner":{"name":"Hblom09","id":305896},"dateLastTaken":"2021-07-05T21:28:50+0000","latitude":60.096897,"totalTakeovers":21909,"pointsPerHour":8,"takeoverPoints":80,"dateCreated":"2014-10-14T21:50:02+0000","currentOwner":{"name":"YotH","id":136726},"name":"Alexandrovna","id":38335,"region":{"country":"fi","name":"Åland","id":177},"longitude":19.943385},"latitude":60.096897,"currentOwner":{"name":"YotH","id":136726},"time":"2021-07-05T21:28:50+0000","type":"takeover","longitude":19.943385},{"zone":{"previousOwner":{"name":"Teglo","id":122590},"dateCreated":"2017-02-10T06:00:00+0000","dateLastTaken":"2021-07-05T21:28:42+0000","latitude":59.440417,"currentOwner":{"name":"JulyMyFriend?","id":254091},"name":"Lågprisbacken","id":95297,"totalTakeovers":3758,"region":{"country":"se","name":"Stockholm","id":141},"pointsPerHour":7,"longitude":18.03585,"takeoverPoints":95},"latitude":59.440417,"currentOwner":{"name":"JulyMyFriend?","id":254091},"time":"2021-07-05T21:28:42+0000","type":"takeover","longitude":18.03585},{"zone":{"previousOwner":{"name":"Cruachan","id":304571},"dateCreated":"2013-06-15T08:00:00+0000","dateLastTaken":"2021-07-05T21:28:40+0000","latitude":55.950087,"currentOwner":{"name":"TheToad","id":306220},"name":"Joppazone","id":14973,"totalTakeovers":658,"region":{"country":"gb","name":"Scotland","id":200},"pointsPerHour":5,"longitude":-3.09837,"takeoverPoints":125},"latitude":55.950087,"currentOwner":{"name":"TheToad","id":306220},"time":"2021-07-05T21:28:40+0000","type":"takeover","longitude":-3.09837},{"zone":{"previousOwner":{"name":"jim68","id":251047},"dateCreated":"2011-07-22T17:13:23+0000","dateLastTaken":"2021-07-05T21:28:38+0000","latitude":61.121001,"currentOwner":{"name":"Dheri","id":13482},"name":"OrsaCamp","id":1870,"totalTakeovers":558,"region":{"country":"se","name":"Dalarna","id":129},"pointsPerHour":3,"longitude":14.60045,"takeoverPoints":155},"latitude":61.121001,"currentOwner":{"name":"Dheri","id":13482},"time":"2021-07-05T21:28:38+0000","type":"takeover","longitude":14.60045},{"zone":{"previousOwner":{"name":"Jonte67","id":284492},"dateCreated":"2014-04-18T06:42:09+0000","dateLastTaken":"2021-07-05T21:28:29+0000","latitude":55.585763,"currentOwner":{"name":"TuonoV4","id":280997},"name":"Vendzon","id":28324,"totalTakeovers":3487,"region":{"country":"se","name":"Skåne","id":135},"pointsPerHour":5,"longitude":12.976979,"takeoverPoints":125},"latitude":55.585763,"currentOwner":{"name":"TuonoV4","id":280997},"time":"2021-07-05T21:28:29+0000","type":"takeover","longitude":12.976979},{"zone":{"previousOwner":{"name":"YotH","id":136726},"dateLastTaken":"2021-07-05T21:28:24+0000","latitude":60.121144,"totalTakeovers":6454,"pointsPerHour":7,"takeoverPoints":95,"dateCreated":"2017-10-06T18:00:00+0000","currentOwner":{"name":"Tompaj","id":74138},"name":"TompajZone","id":133280,"region":{"country":"fi","name":"Åland","id":177},"longitude":19.943364},"latitude":60.121144,"currentOwner":{"name":"Tompaj","id":74138},"time":"2021-07-05T21:28:24+0000","type":"takeover","longitude":19.943364},{"zone":{"previousOwner":{"name":"Knasmasken","id":309744},"dateCreated":"2014-04-27T16:26:01+0000","dateLastTaken":"2021-07-05T21:28:16+0000","latitude":59.387244,"currentOwner":{"name":"0beroff","id":80119},"name":"Mörbylund","id":28616,"totalTakeovers":5876,"region":{"country":"se","name":"Stockholm","id":141},"pointsPerHour":7,"longitude":18.042494,"takeoverPoints":95},"latitude":59.387244,"currentOwner":{"name":"0beroff","id":80119},"time":"2021-07-05T21:28:16+0000","type":"takeover","longitude":18.042494},{"zone":{"previousOwner":{"name":"Crelin","id":204235},"dateCreated":"2011-07-07T20:54:25+0000","dateLastTaken":"2021-07-05T21:28:12+0000","latitude":65.312875,"currentOwner":{"name":"shreknästet","id":147092},"name":"Pitepark","id":1923,"totalTakeovers":9928,"region":{"country":"se","name":"Norrbotten","id":126},"pointsPerHour":6,"longitude":21.490523,"takeoverPoints":110},"latitude":65.312875,"currentOwner":{"name":"shreknästet","id":147092},"time":"2021-07-05T21:28:12+0000","type":"takeover","longitude":21.490523},{"zone":{"previousOwner":{"name":"molex","id":240222},"dateCreated":"2012-03-23T22:12:48+0000","dateLastTaken":"2021-07-05T21:28:00+0000","latitude":59.626401,"currentOwner":{"name":"ProPrimo","id":118899},"name":"TimerHolm","id":7359,"totalTakeovers":4913,"region":{"country":"se","name":"Stockholm","id":141},"pointsPerHour":5,"longitude":17.843791,"takeoverPoints":125},"latitude":59.626401,"currentOwner":{"name":"ProPrimo","id":118899},"time":"2021-07-05T21:28:00+0000","type":"takeover","longitude":17.843791},{"zone":{"previousOwner":{"name":"Snusmumriken","id":24003},"dateCreated":"2011-09-03T19:00:00+0000","dateLastTaken":"2021-07-05T21:27:40+0000","latitude":58.382924,"currentOwner":{"name":"stinabus","id":93156},"name":"MoneyZone","id":2931,"totalTakeovers":9664,"region":{"country":"se","name":"Östergötland","id":139},"pointsPerHour":5,"longitude":15.656956,"takeoverPoints":125},"latitude":58.382924,"currentOwner":{"name":"stinabus","id":93156},"time":"2021-07-05T21:27:40+0000","type":"takeover","longitude":15.656956},{"zone":{"previousOwner":{"name":"Jonte67","id":284492},"dateCreated":"2013-05-14T20:46:38+0000","dateLastTaken":"2021-07-05T21:27:39+0000","latitude":55.586423,"currentOwner":{"name":"TuonoV4","id":280997},"name":"SunHill","id":18317,"totalTakeovers":3282,"region":{"country":"se","name":"Skåne","id":135},"pointsPerHour":5,"longitude":12.973472,"takeoverPoints":125},"latitude":55.586423,"currentOwner":{"name":"TuonoV4","id":280997},"time":"2021-07-05T21:27:39+0000","type":"takeover","longitude":12.973472},{"zone":{"previousOwner":{"name":"N3K","id":75709},"dateCreated":"2018-07-26T05:00:00+0000","dateLastTaken":"2021-07-05T21:27:37+0000","latitude":59.479532,"currentOwner":{"name":"SUPERIOЯ","id":122085},"name":"SvenDili","id":155026,"totalTakeovers":698,"region":{"country":"se","name":"Stockholm","id":141},"pointsPerHour":3,"longitude":17.715042,"takeoverPoints":155},"latitude":59.479532,"currentOwner":{"name":"SUPERIOЯ","id":122085},"time":"2021-07-05T21:27:37+0000","type":"takeover","longitude":17.715042},{"zone":{"previousOwner":{"name":"Hblom09","id":305896},"dateCreated":"2017-12-29T05:50:00+0000","dateLastTaken":"2021-07-05T21:27:32+0000","latitude":60.098015,"currentOwner":{"name":"Corellian","id":264701},"name":"SteelHjälpen","id":139474,"totalTakeovers":15812,"region":{"country":"fi","name":"Åland","id":177},"pointsPerHour":9,"longitude":19.942941,"takeoverPoints":65},"latitude":60.098015,"currentOwner":{"name":"Corellian","id":264701},"time":"2021-07-05T21:27:32+0000","type":"takeover","longitude":19.942941},{"zone":{"previousOwner":{"name":"allinug","id":227848},"dateCreated":"2014-03-21T04:39:56+0000","dateLastTaken":"2021-07-05T21:27:32+0000","latitude":59.852163,"currentOwner":{"name":"tilverturf","id":166033},"name":"MotStenPåSten","id":27106,"totalTakeovers":9217,"region":{"country":"se","name":"Uppsala","id":142},"pointsPerHour":8,"longitude":17.636952,"takeoverPoints":80},"latitude":59.852163,"currentOwner":{"name":"tilverturf","id":166033},"time":"2021-07-05T21:27:32+0000","type":"takeover","longitude":17.636952},{"zone":{"previousOwner":{"name":"TurfTurtle","id":300063},"dateCreated":"2012-04-11T22:10:10+0000","dateLastTaken":"2021-07-05T21:27:28+0000","latitude":63.83304,"currentOwner":{"name":"@Ammarnäs_Wear","id":316890},"name":"GrubbeTennis","id":8075,"totalTakeovers":6654,"region":{"country":"se","name":"Västerbotten","id":127},"pointsPerHour":6,"longitude":20.188803,"takeoverPoints":110},"latitude":63.83304,"currentOwner":{"name":"@Ammarnäs_Wear","id":316890},"time":"2021-07-05T21:27:28+0000","type":"takeover","longitude":20.188803},{"zone":{"previousOwner":{"name":"kjtindall","id":292775},"dateCreated":"2020-08-28T12:00:00+0000","dateLastTaken":"2021-07-05T21:27:21+0000","latitude":56.047241,"currentOwner":{"name":"Steelio","id":335197},"name":"AmazonForrest","id":322187,"totalTakeovers":65,"region":{"country":"gb","name":"Scotland","id":200},"pointsPerHour":1,"longitude":-3.420142,"takeoverPoints":185},"latitude":56.047241,"currentOwner":{"name":"Steelio","id":335197},"time":"2021-07-05T21:27:21+0000","type":"takeover","longitude":-3.420142},{"zone":{"previousOwner":{"name":"Ramfall","id":121985},"dateCreated":"2015-10-03T04:00:00+0000","dateLastTaken":"2021-07-05T21:27:20+0000","latitude":63.673782,"currentOwner":{"name":"bengtbbb","id":64627},"name":"Obbolavägen","id":59278,"totalTakeovers":771,"region":{"country":"se","name":"Västerbotten","id":127},"pointsPerHour":3,"longitude":20.29729,"takeoverPoints":155},"latitude":63.673782,"currentOwner":{"name":"bengtbbb","id":64627},"time":"2021-07-05T21:27:20+0000","type":"takeover","longitude":20.29729},{"zone":{"dateCreated":"2021-01-10T15:00:00+0000","dateLastTaken":"2021-07-05T21:27:17+0000","latitude":58.596998,"currentOwner":{"name":"CPStew","id":316411},"name":"GilochPark","id":364473,"totalTakeovers":5,"region":{"country":"gb","name":"Scotland","id":200},"pointsPerHour":1,"longitude":-3.52578,"takeoverPoints":185},"latitude":58.596998,"currentOwner":{"name":"CPStew","id":316411},"time":"2021-07-05T21:27:17+0000","type":"takeover","longitude":-3.52578},{"zone":{"previousOwner":{"name":"TimmyM","id":282180},"dateCreated":"2020-08-27T16:00:00+0000","dateLastTaken":"2021-07-05T21:27:04+0000","latitude":55.890482,"currentOwner":{"name":"StobDubh","id":302008},"name":"TheDalmaboy","id":322190,"totalTakeovers":594,"region":{"country":"gb","name":"Scotland","id":200},"pointsPerHour":3,"longitude":-3.343159,"takeoverPoints":155},"latitude":55.890482,"currentOwner":{"name":"StobDubh","id":302008},"time":"2021-07-05T21:27:04+0000","type":"takeover","longitude":-3.343159},{"zone":{"previousOwner":{"name":"Wsnurr","id":28714},"dateLastTaken":"2021-07-05T21:27:03+0000","latitude":57.717519,"totalTakeovers":5162,"pointsPerHour":4,"takeoverPoints":140,"dateCreated":"2013-01-28T00:02:13+0000","currentOwner":{"name":"cre8or","id":64352},"name":"Metallbron","id":14140,"region":{"country":"se","name":"Västra Götaland","id":132},"longitude":11.952207},"latitude":57.717519,"currentOwner":{"name":"cre8or","id":64352},"time":"2021-07-05T21:27:03+0000","type":"takeover","longitude":11.952207},{"zone":{"previousOwner":{"name":"B4RK","id":312893},"dateCreated":"2012-04-01T19:50:49+0000","dateLastTaken":"2021-07-05T21:26:56+0000","latitude":59.386366,"currentOwner":{"name":"TurfGöran","id":313564},"name":"UncleRuben","id":7790,"totalTakeovers":3710,"region":{"country":"se","name":"Värmland","id":130},"pointsPerHour":6,"longitude":13.436487,"takeoverPoints":110},"latitude":59.386366,"currentOwner":{"name":"TurfGöran","id":313564},"time":"2021-07-05T21:26:56+0000","type":"takeover","longitude":13.436487},{"zone":{"previousOwner":{"name":"Evil_B","id":42658},"dateCreated":"2020-12-25T07:15:00+0000","dateLastTaken":"2021-07-05T21:26:53+0000","latitude":64.7432,"currentOwner":{"name":"tantorange","id":106649},"name":"Fröbussen","id":355174,"totalTakeovers":1037,"region":{"country":"se","name":"Västerbotten","id":127},"pointsPerHour":6,"longitude":20.984742,"takeoverPoints":110},"latitude":64.7432,"currentOwner":{"name":"tantorange","id":106649},"time":"2021-07-05T21:26:53+0000","type":"takeover","longitude":20.984742},{"zone":{"previousOwner":{"name":"YotH","id":136726},"dateCreated":"2015-12-25T11:42:28+0000","dateLastTaken":"2021-07-05T21:26:52+0000","latitude":60.118244,"currentOwner":{"name":"Tompaj","id":74138},"name":"Strandnäszone","id":62394,"totalTakeovers":10007,"region":{"country":"fi","name":"Åland","id":177},"pointsPerHour":7,"longitude":19.942658,"takeoverPoints":95},"latitude":60.118244,"currentOwner":{"name":"Tompaj","id":74138},"time":"2021-07-05T21:26:52+0000","type":"takeover","longitude":19.942658},{"zone":{"previousOwner":{"name":"Scott63","id":207476},"dateCreated":"2011-09-08T07:59:10+0000","dateLastTaken":"2021-07-05T21:26:51+0000","latitude":63.807756,"currentOwner":{"name":"praktikus","id":64871},"name":"SophieHome","id":3218,"totalTakeovers":17126,"region":{"country":"se","name":"Västerbotten","id":127},"pointsPerHour":8,"longitude":20.300604,"takeoverPoints":80},"latitude":63.807756,"currentOwner":{"name":"praktikus","id":64871},"time":"2021-07-05T21:26:51+0000","type":"takeover","longitude":20.300604},{"zone":{"previousOwner":{"name":"Namlöz","id":186358},"dateCreated":"2017-05-16T08:59:16+0000","dateLastTaken":"2021-07-05T21:26:49+0000","latitude":59.389717,"currentOwner":{"name":"0beroff","id":80119},"name":"Spårringen","id":109530,"totalTakeovers":2105,"region":{"country":"se","name":"Stockholm","id":141},"pointsPerHour":7,"longitude":18.045884,"takeoverPoints":95},"latitude":59.389717,"currentOwner":{"name":"0beroff","id":80119},"time":"2021-07-05T21:26:49+0000","type":"takeover","longitude":18.045884},{"zone":{"previousOwner":{"name":"cykelgubben","id":257832},"dateCreated":"2012-07-24T20:28:56+0000","dateLastTaken":"2021-07-05T21:26:39+0000","latitude":63.902984,"currentOwner":{"name":"Ingefang","id":322025},"name":"SävarSouth","id":9757,"totalTakeovers":2122,"region":{"country":"se","name":"Västerbotten","id":127},"pointsPerHour":4,"longitude":20.539665,"takeoverPoints":140},"latitude":63.902984,"currentOwner":{"name":"Ingefang","id":322025},"time":"2021-07-05T21:26:39+0000","type":"takeover","longitude":20.539665},{"zone":{"previousOwner":{"name":"PlombenLidret","id":176983},"dateLastTaken":"2021-07-05T21:26:22+0000","latitude":60.099123,"totalTakeovers":17225,"pointsPerHour":8,"takeoverPoints":80,"dateCreated":"2016-09-14T20:56:32+0000","currentOwner":{"name":"YotH","id":136726},"name":"RozalionWorld","id":85571,"region":{"country":"fi","name":"Åland","id":177},"longitude":19.942065},"latitude":60.099123,"currentOwner":{"name":"YotH","id":136726},"time":"2021-07-05T21:26:22+0000","type":"takeover","longitude":19.942065},{"zone":{"previousOwner":{"name":"Ufo5","id":112814},"dateCreated":"2013-12-24T11:00:00+0000","dateLastTaken":"2021-07-05T21:26:19+0000","latitude":63.176229,"currentOwner":{"name":"Pappamogge","id":93779},"name":"ByZone","id":23867,"totalTakeovers":969,"region":{"country":"se","name":"Jämtland","id":128},"pointsPerHour":3,"longitude":14.6,"takeoverPoints":155},"latitude":63.176229,"currentOwner":{"name":"Pappamogge","id":93779},"time":"2021-07-05T21:26:19+0000","type":"takeover","longitude":14.6},{"zone":{"previousOwner":{"name":"ChipButty","id":306073},"dateCreated":"2013-06-15T08:00:00+0000","dateLastTaken":"2021-07-05T21:26:18+0000","latitude":55.955345,"currentOwner":{"name":"Cruachan","id":304571},"name":"PiershillZone","id":17344,"totalTakeovers":200,"region":{"country":"gb","name":"Scotland","id":200},"pointsPerHour":3,"longitude":-3.145682,"takeoverPoints":155},"latitude":55.955345,"currentOwner":{"name":"Cruachan","id":304571},"time":"2021-07-05T21:26:18+0000","type":"takeover","longitude":-3.145682},{"zone":{"previousOwner":{"name":"Pex","id":326879},"dateCreated":"2010-07-17T00:00:00+0000","dateLastTaken":"2021-07-05T21:26:10+0000","latitude":59.329761,"currentOwner":{"name":"iTurf","id":38915},"name":"Teacherzone","id":213,"totalTakeovers":8433,"region":{"country":"se","name":"Stockholm","id":141},"pointsPerHour":6,"longitude":18.014236,"takeoverPoints":110},"latitude":59.329761,"currentOwner":{"name":"iTurf","id":38915},"time":"2021-07-05T21:26:10+0000","type":"takeover","longitude":18.014236},{"zone":{"previousOwner":{"name":"Lagavulin8","id":229860},"dateCreated":"2014-05-13T08:40:30+0000","dateLastTaken":"2021-07-05T21:26:07+0000","latitude":59.602409,"currentOwner":{"name":"a.k-mega","id":331537},"name":"LindesRest","id":29210,"totalTakeovers":2959,"region":{"country":"se","name":"Örebro","id":131},"pointsPerHour":6,"longitude":15.186915,"takeoverPoints":110},"latitude":59.602409,"currentOwner":{"name":"a.k-mega","id":331537},"time":"2021-07-05T21:26:07+0000","type":"takeover","longitude":15.186915},{"zone":{"previousOwner":{"name":"Nomadatlife","id":280566},"dateCreated":"2010-09-12T18:31:42+0000","dateLastTaken":"2021-07-05T21:25:54+0000","latitude":59.849234,"currentOwner":{"name":"tilverturf","id":166033},"name":"GetWellZone","id":868,"totalTakeovers":13049,"region":{"country":"se","name":"Uppsala","id":142},"pointsPerHour":8,"longitude":17.636651,"takeoverPoints":80},"latitude":59.849234,"currentOwner":{"name":"tilverturf","id":166033},"time":"2021-07-05T21:25:54+0000","type":"takeover","longitude":17.636651},{"zone":{"previousOwner":{"name":"Florence","id":70365},"dateCreated":"2016-11-03T18:00:00+0000","dateLastTaken":"2021-07-05T21:25:52+0000","latitude":68.582933,"currentOwner":{"name":"Entertainer","id":63823},"name":"SkånlandSport","id":90690,"totalTakeovers":10,"region":{"country":"no","name":"Nordnorge","id":183},"pointsPerHour":1,"longitude":16.591509,"takeoverPoints":185},"latitude":68.582933,"currentOwner":{"name":"Entertainer","id":63823},"time":"2021-07-05T21:25:52+0000","type":"takeover","longitude":16.591509},{"zone":{"previousOwner":{"name":"TurfTurtle","id":300063},"dateCreated":"2013-07-16T21:03:00+0000","dateLastTaken":"2021-07-05T21:25:52+0000","latitude":63.831423,"currentOwner":{"name":"@Ammarnäs_Wear","id":316890},"name":"GrubbeStig","id":20841,"totalTakeovers":5158,"region":{"country":"se","name":"Västerbotten","id":127},"pointsPerHour":7,"longitude":20.197219,"takeoverPoints":95},"latitude":63.831423,"currentOwner":{"name":"@Ammarnäs_Wear","id":316890},"time":"2021-07-05T21:25:52+0000","type":"takeover","longitude":20.197219},{"zone":{"previousOwner":{"name":"TimmyM","id":282180},"dateCreated":"2020-08-27T16:00:00+0000","dateLastTaken":"2021-07-05T21:25:48+0000","latitude":55.889495,"currentOwner":{"name":"StobDubh","id":302008},"name":"SundanceKid","id":322191,"totalTakeovers":534,"region":{"country":"gb","name":"Scotland","id":200},"pointsPerHour":3,"longitude":-3.345973,"takeoverPoints":155},"latitude":55.889495,"currentOwner":{"name":"StobDubh","id":302008},"time":"2021-07-05T21:25:48+0000","type":"takeover","longitude":-3.345973},{"zone":{"previousOwner":{"name":"N3K","id":75709},"dateCreated":"2019-10-12T13:45:19+0000","dateLastTaken":"2021-07-05T21:25:47+0000","latitude":59.491452,"currentOwner":{"name":"MICKE456","id":306246},"name":"Veryda","id":207514,"totalTakeovers":865,"region":{"country":"se","name":"Stockholm","id":141},"pointsPerHour":4,"longitude":17.73955,"takeoverPoints":140},"latitude":59.491452,"currentOwner":{"name":"MICKE456","id":306246},"time":"2021-07-05T21:25:47+0000","type":"takeover","longitude":17.73955},{"zone":{"dateCreated":"2020-07-28T19:29:56+0000","dateLastTaken":"2021-07-05T21:25:43+0000","latitude":57.000146,"currentOwner":{"name":"siamosaurus","id":144347},"name":"MohedaMarknad","id":319170,"totalTakeovers":35,"region":{"country":"se","name":"Kronoberg","id":147},"pointsPerHour":1,"longitude":14.563389,"takeoverPoints":185},"latitude":57.000146,"currentOwner":{"name":"siamosaurus","id":144347},"time":"2021-07-05T21:25:43+0000","type":"takeover","longitude":14.563389},{"zone":{"previousOwner":{"name":"Scott63","id":207476},"dateCreated":"2020-06-06T04:26:58+0000","dateLastTaken":"2021-07-05T21:25:42+0000","latitude":63.806551,"currentOwner":{"name":"praktikus","id":64871},"name":"LilaLek","id":306535,"totalTakeovers":3439,"region":{"country":"se","name":"Västerbotten","id":127},"pointsPerHour":8,"longitude":20.304125,"takeoverPoints":80},"latitude":63.806551,"currentOwner":{"name":"praktikus","id":64871},"time":"2021-07-05T21:25:42+0000","type":"takeover","longitude":20.304125},{"zone":{"previousOwner":{"name":"MICKE456","id":306246},"dateLastTaken":"2021-07-05T21:25:42+0000","latitude":59.479982,"totalTakeovers":1017,"pointsPerHour":4,"takeoverPoints":140,"dateCreated":"2016-01-22T19:16:44+0000","currentOwner":{"name":"SUPERIOЯ","id":122085},"name":"Mjölkvarns","id":63010,"region":{"country":"se","name":"Stockholm","id":141},"longitude":17.705237},"latitude":59.479982,"currentOwner":{"name":"SUPERIOЯ","id":122085},"time":"2021-07-05T21:25:42+0000","type":"takeover","longitude":17.705237},{"zone":{"previousOwner":{"name":"Jonte67","id":284492},"dateCreated":"2014-04-18T06:42:09+0000","dateLastTaken":"2021-07-05T21:25:38+0000","latitude":55.584484,"currentOwner":{"name":"TuonoV4","id":280997},"name":"Bellepark","id":28325,"totalTakeovers":3109,"region":{"country":"se","name":"Skåne","id":135},"pointsPerHour":5,"longitude":12.971276,"takeoverPoints":125},"latitude":55.584484,"currentOwner":{"name":"TuonoV4","id":280997},"time":"2021-07-05T21:25:38+0000","type":"takeover","longitude":12.971276},{"zone":{"previousOwner":{"name":"Crelin","id":204235},"dateCreated":"2015-04-21T14:00:26+0000","dateLastTaken":"2021-07-05T21:25:30+0000","latitude":65.314815,"currentOwner":{"name":"shreknästet","id":147092},"name":"GardenLane","id":49511,"totalTakeovers":9670,"region":{"country":"se","name":"Norrbotten","id":126},"pointsPerHour":6,"longitude":21.490634,"takeoverPoints":110},"latitude":65.314815,"currentOwner":{"name":"shreknästet","id":147092},"time":"2021-07-05T21:25:30+0000","type":"takeover","longitude":21.490634},{"zone":{"previousOwner":{"name":"Markeng","id":104327},"dateCreated":"2011-03-02T17:26:21+0000","dateLastTaken":"2021-07-05T21:25:26+0000","latitude":58.288148,"currentOwner":{"name":"Swiiitan","id":6579},"name":"Spikön","id":1537,"totalTakeovers":3670,"region":{"country":"se","name":"Västra Götaland","id":132},"pointsPerHour":4,"longitude":12.287198,"takeoverPoints":140},"latitude":58.288148,"currentOwner":{"name":"Swiiitan","id":6579},"time":"2021-07-05T21:25:26+0000","type":"takeover","longitude":12.287198},{"zone":{"previousOwner":{"name":"Kronvrak","id":128938},"dateCreated":"2012-09-24T18:13:13+0000","dateLastTaken":"2021-07-05T21:25:17+0000","latitude":59.644718,"currentOwner":{"name":"Slóðbrótari","id":91564},"name":"Linbaneskogen","id":11464,"totalTakeovers":7696,"region":{"country":"se","name":"Uppsala","id":142},"pointsPerHour":5,"longitude":17.077534,"takeoverPoints":125},"latitude":59.644718,"currentOwner":{"name":"Slóðbrótari","id":91564},"time":"2021-07-05T21:25:17+0000","type":"takeover","longitude":17.077534},{"zone":{"previousOwner":{"name":"BulteniBo","id":122129},"dateCreated":"2020-06-23T05:00:00+0000","dateLastTaken":"2021-07-05T21:25:14+0000","latitude":59.392416,"currentOwner":{"name":"0beroff","id":80119},"name":"Tenderville","id":286280,"totalTakeovers":935,"region":{"country":"se","name":"Stockholm","id":141},"pointsPerHour":7,"longitude":18.047557,"takeoverPoints":95},"latitude":59.392416,"currentOwner":{"name":"0beroff","id":80119},"time":"2021-07-05T21:25:14+0000","type":"takeover","longitude":18.047557},{"zone":{"dateCreated":"2021-06-07T09:11:44+0000","dateLastTaken":"2021-07-05T21:25:06+0000","latitude":53.285008,"currentOwner":{"name":"GoogleTurf","id":304931},"name":"EldonDrive","id":425940,"totalTakeovers":3,"region":{"country":"gb","name":"Wales","id":198},"pointsPerHour":1,"longitude":-3.588388,"takeoverPoints":185},"latitude":53.285008,"currentOwner":{"name":"GoogleTurf","id":304931},"time":"2021-07-05T21:25:06+0000","type":"takeover","longitude":-3.588388},{"zone":{"previousOwner":{"name":"Zchnetterhorn","id":86761},"dateLastTaken":"2021-07-05T21:25:05+0000","latitude":59.293792,"totalTakeovers":9864,"pointsPerHour":7,"takeoverPoints":95,"dateCreated":"2013-02-25T18:48:52+0000","currentOwner":{"name":"elGatoDeFiesta","id":164215},"name":"GlobeT","id":15338,"region":{"country":"se","name":"Stockholm","id":141},"longitude":18.074738},"latitude":59.293792,"currentOwner":{"name":"elGatoDeFiesta","id":164215},"time":"2021-07-05T21:25:05+0000","type":"takeover","longitude":18.074738},{"zone":{"previousOwner":{"name":"Snusmumriken","id":24003},"dateLastTaken":"2021-07-05T21:25:01+0000","latitude":58.381879,"totalTakeovers":19570,"pointsPerHour":7,"takeoverPoints":95,"dateCreated":"2011-11-29T08:13:36+0000","currentOwner":{"name":"stinabus","id":93156},"name":"Coinbridge","id":5311,"region":{"country":"se","name":"Östergötland","id":139},"longitude":15.650275},"latitude":58.381879,"currentOwner":{"name":"stinabus","id":93156},"time":"2021-07-05T21:25:01+0000","type":"takeover","longitude":15.650275},{"zone":{"previousOwner":{"name":"B4RK","id":312893},"dateCreated":"2021-05-01T20:59:29+0000","dateLastTaken":"2021-07-05T21:24:58+0000","latitude":59.388188,"currentOwner":{"name":"TurfGöran","id":313564},"name":"KaptenSillben","id":406474,"totalTakeovers":226,"region":{"country":"se","name":"Värmland","id":130},"pointsPerHour":6,"longitude":13.433812,"takeoverPoints":110},"latitude":59.388188,"currentOwner":{"name":"TurfGöran","id":313564},"time":"2021-07-05T21:24:58+0000","type":"takeover","longitude":13.433812},{"zone":{"previousOwner":{"name":"eplkurt","id":32644},"dateCreated":"2016-08-29T21:21:13+0000","dateLastTaken":"2021-07-05T21:24:54+0000","latitude":64.740925,"currentOwner":{"name":"tantorange","id":106649},"name":"Tubölezon","id":81869,"totalTakeovers":9635,"region":{"country":"se","name":"Västerbotten","id":127},"pointsPerHour":7,"longitude":20.984655,"takeoverPoints":95},"latitude":64.740925,"currentOwner":{"name":"tantorange","id":106649},"time":"2021-07-05T21:24:54+0000","type":"takeover","longitude":20.984655},{"zone":{"previousOwner":{"name":"Cookie75","id":57237},"dateCreated":"2014-07-07T06:55:14+0000","dateLastTaken":"2021-07-05T21:24:51+0000","latitude":59.438148,"currentOwner":{"name":"JulyMyFriend?","id":254091},"name":"SagornasSkog","id":32187,"totalTakeovers":1740,"region":{"country":"se","name":"Stockholm","id":141},"pointsPerHour":4,"longitude":18.039884,"takeoverPoints":140},"latitude":59.438148,"currentOwner":{"name":"JulyMyFriend?","id":254091},"time":"2021-07-05T21:24:51+0000","type":"takeover","longitude":18.039884},{"zone":{"previousOwner":{"name":"ChipButty","id":306073},"dateCreated":"2021-02-12T08:00:00+0000","dateLastTaken":"2021-07-05T21:24:46+0000","latitude":55.953118,"currentOwner":{"name":"Cruachan","id":304571},"name":"BaronElixa","id":371285,"totalTakeovers":95,"region":{"country":"gb","name":"Scotland","id":200},"pointsPerHour":3,"longitude":-3.142079,"takeoverPoints":155},"latitude":55.953118,"currentOwner":{"name":"Cruachan","id":304571},"time":"2021-07-05T21:24:46+0000","type":"takeover","longitude":-3.142079},{"zone":{"previousOwner":{"name":"Wsnurr","id":28714},"dateCreated":"2012-06-21T11:19:26+0000","dateLastTaken":"2021-07-05T21:24:34+0000","latitude":57.71199,"currentOwner":{"name":"cre8or","id":64352},"name":"Tjôtaverket","id":9481,"totalTakeovers":10257,"region":{"country":"se","name":"Västra Götaland","id":132},"pointsPerHour":5,"longitude":11.948752,"takeoverPoints":125},"latitude":57.71199,"currentOwner":{"name":"cre8or","id":64352},"time":"2021-07-05T21:24:34+0000","type":"takeover","longitude":11.948752},{"zone":{"previousOwner":{"name":"Jonte67","id":284492},"dateCreated":"2010-09-04T14:41:37+0000","dateLastTaken":"2021-07-05T21:24:28+0000","latitude":55.582898,"currentOwner":{"name":"TuonoV4","id":280997},"name":"BellevueZone","id":397,"totalTakeovers":4169,"region":{"country":"se","name":"Skåne","id":135},"pointsPerHour":6,"longitude":12.973496,"takeoverPoints":110},"latitude":55.582898,"currentOwner":{"name":"TuonoV4","id":280997},"time":"2021-07-05T21:24:28+0000","type":"takeover","longitude":12.973496},{"zone":{"previousOwner":{"name":"gsundeby","id":253391},"dateCreated":"2013-03-03T10:55:00+0000","dateLastTaken":"2021-07-05T21:24:21+0000","latitude":63.831595,"currentOwner":{"name":"Cykeltalibanen","id":267525},"name":"Dragonen","id":15391,"totalTakeovers":19337,"region":{"country":"se","name":"Västerbotten","id":127},"pointsPerHour":9,"longitude":20.250721,"takeoverPoints":65},"latitude":63.831595,"currentOwner":{"name":"Cykeltalibanen","id":267525},"time":"2021-07-05T21:24:21+0000","type":"takeover","longitude":20.250721},{"zone":{"previousOwner":{"name":"N3K","id":75709},"dateCreated":"2016-06-06T04:00:00+0000","dateLastTaken":"2021-07-05T21:24:21+0000","latitude":59.493041,"currentOwner":{"name":"MICKE456","id":306246},"name":"KungsängenIP","id":78465,"totalTakeovers":2169,"region":{"country":"se","name":"Stockholm","id":141},"pointsPerHour":4,"longitude":17.742961,"takeoverPoints":140},"latitude":59.493041,"currentOwner":{"name":"MICKE456","id":306246},"time":"2021-07-05T21:24:21+0000","type":"takeover","longitude":17.742961},{"zone":{"previousOwner":{"name":"@Ammarnäs_Wear","id":316890},"dateCreated":"2014-05-31T10:00:00+0000","dateLastTaken":"2021-07-05T21:24:18+0000","latitude":63.821308,"currentOwner":{"name":"Mr@","id":135604},"name":"FeedingGround","id":30217,"totalTakeovers":12309,"region":{"country":"se","name":"Västerbotten","id":127},"pointsPerHour":8,"longitude":20.220195,"takeoverPoints":80},"latitude":63.821308,"currentOwner":{"name":"Mr@","id":135604},"time":"2021-07-05T21:24:18+0000","type":"takeover","longitude":20.220195},{"zone":{"previousOwner":{"name":"MICKE456","id":306246},"dateCreated":"2018-11-19T19:05:52+0000","dateLastTaken":"2021-07-05T21:24:17+0000","latitude":59.483297,"currentOwner":{"name":"SUPERIOЯ","id":122085},"name":"Betongbacken","id":177422,"totalTakeovers":372,"region":{"country":"se","name":"Stockholm","id":141},"pointsPerHour":4,"longitude":17.700526,"takeoverPoints":140},"latitude":59.483297,"currentOwner":{"name":"SUPERIOЯ","id":122085},"time":"2021-07-05T21:24:17+0000","type":"takeover","longitude":17.700526},{"zone":{"previousOwner":{"name":"Scott63","id":207476},"dateCreated":"2012-06-05T21:23:00+0000","dateLastTaken":"2021-07-05T21:24:17+0000","latitude":63.804922,"currentOwner":{"name":"praktikus","id":64871},"name":"PineWoods","id":9382,"totalTakeovers":19896,"region":{"country":"se","name":"Västerbotten","id":127},"pointsPerHour":8,"longitude":20.308312,"takeoverPoints":80},"latitude":63.804922,"currentOwner":{"name":"praktikus","id":64871},"time":"2021-07-05T21:24:17+0000","type":"takeover","longitude":20.308312},{"zone":{"previousOwner":{"name":"cykelgubben","id":257832},"dateCreated":"2014-05-31T10:00:00+0000","dateLastTaken":"2021-07-05T21:24:16+0000","latitude":63.903502,"currentOwner":{"name":"Ingefang","id":322025},"name":"BirdsCross","id":30224,"totalTakeovers":2540,"region":{"country":"se","name":"Västerbotten","id":127},"pointsPerHour":5,"longitude":20.546523,"takeoverPoints":125},"latitude":63.903502,"currentOwner":{"name":"Ingefang","id":322025},"time":"2021-07-05T21:24:16+0000","type":"takeover","longitude":20.546523},{"zone":{"previousOwner":{"name":"Nomadatlife","id":280566},"dateCreated":"2013-11-19T08:20:51+0000","dateLastTaken":"2021-07-05T21:24:12+0000","latitude":59.850358,"currentOwner":{"name":"tilverturf","id":166033},"name":"Blåsenhus","id":23175,"totalTakeovers":14454,"region":{"country":"se","name":"Uppsala","id":142},"pointsPerHour":8,"longitude":17.632168,"takeoverPoints":80},"latitude":59.850358,"currentOwner":{"name":"tilverturf","id":166033},"time":"2021-07-05T21:24:12+0000","type":"takeover","longitude":17.632168},{"zone":{"previousOwner":{"name":"ForeverYoung","id":325448},"dateCreated":"2017-03-24T12:46:22+0000","dateLastTaken":"2021-07-05T21:24:08+0000","latitude":59.428179,"currentOwner":{"name":"NightDriver","id":279433},"name":"Fältknäppen","id":96607,"totalTakeovers":1770,"region":{"country":"se","name":"Stockholm","id":141},"pointsPerHour":5,"longitude":17.858625,"takeoverPoints":125},"latitude":59.428179,"currentOwner":{"name":"NightDriver","id":279433},"time":"2021-07-05T21:24:08+0000","type":"takeover","longitude":17.858625},{"zone":{"previousOwner":{"name":"Eliza","id":242724},"dateCreated":"2010-09-04T14:41:37+0000","dateLastTaken":"2021-07-05T21:24:02+0000","latitude":65.582878,"currentOwner":{"name":"Medicus","id":144728},"name":"LuleCityHall","id":614,"totalTakeovers":13116,"region":{"country":"se","name":"Norrbotten","id":126},"pointsPerHour":7,"longitude":22.144322,"takeoverPoints":95},"latitude":65.582878,"currentOwner":{"name":"Medicus","id":144728},"time":"2021-07-05T21:24:02+0000","type":"takeover","longitude":22.144322},{"zone":{"previousOwner":{"name":"Kn_Stofil1","id":164773},"dateLastTaken":"2021-07-05T21:23:59+0000","latitude":59.338295,"totalTakeovers":4134,"pointsPerHour":6,"takeoverPoints":110,"dateCreated":"2013-09-15T23:36:54+0000","currentOwner":{"name":"Thant","id":327074},"name":"Protest","id":21540,"region":{"country":"se","name":"Stockholm","id":141},"longitude":18.104327},"latitude":59.338295,"currentOwner":{"name":"Thant","id":327074},"time":"2021-07-05T21:23:59+0000","type":"takeover","longitude":18.104327}]