[{"sender":{"country":"se","medals":[16,79,28,57,17,116,66,77,4,70,107,48,22,50,24,123,126,88,129],"zones":[73080,46331],"pointsPerHour":4,"points":77505,"blocktime":23,"taken":48990,"name":"elgurro","totalPoints":9045384,"rank":54,"id":110186,"place":619,"uniqueZonesTaken":3827,"region":{"name":"Stockholm","id":141}},"time":"2022-11-29T08:47:38+0000","message":"BetulaAlba: jag ser. Funkan blir ett nytt turfparadis. Då får vl kanske flera zoner","region":{"name":"Spain","id":211},"type":"chat"}]