[{"medal":35,"time":"2021-08-28T06:02:42+0000","type":"medal","user":{"country":"se","medals":[94,11,52,104,35],"zones":[96327,19643],"pointsPerHour":0,"points":23155,"blocktime":1095,"taken":2502,"name":"margrete","totalPoints":552782,"rank":33,"id":253039,"place":7584,"uniqueZonesTaken":92,"region":{"name":"Gävleborg","id":144}}},{"sender":{"country":"se","medals":[16,122,47,79,22,28,36,15,107,4,6,57,95],"zones":[24244],"pointsPerHour":4,"points":43513,"blocktime":1170,"taken":6903,"name":"VirulfALIVE","totalPoints":1017258,"rank":38,"id":278756,"place":1659,"uniqueZonesTaken":1419,"region":{"name":"Stockholm","id":141}},"time":"2021-08-28T06:01:08+0000","message":"virulfkiller1: Vad du plockar","region":{"name":"Stockholm","id":141},"type":"chat"}]