[{"country":"se","sender":{"country":"se","medals":[47,16,28,79,77,57,14,70,95,73,110],"zones":[],"pointsPerHour":0,"points":9389,"blocktime":1335,"taken":33874,"name":"adde45","totalPoints":4631914,"rank":49,"id":128558,"place":3700,"uniqueZonesTaken":752,"region":{"name":"Värmland","id":130}},"time":"2021-08-28T17:54:02+0000","message":"KråkanKrax: kämpa","type":"chat"},{"country":"se","sender":{"country":"se","medals":[47,16,28,79,77,57,14,70,95,73,110],"zones":[],"pointsPerHour":0,"points":9389,"blocktime":1335,"taken":33874,"name":"adde45","totalPoints":4631914,"rank":49,"id":128558,"place":3700,"uniqueZonesTaken":752,"region":{"name":"Värmland","id":130}},"time":"2021-08-28T17:53:53+0000","message":"bedanger: håll fart","type":"chat"},{"medal":92,"time":"2021-08-28T17:49:49+0000","type":"medal","user":{"country":"se","medals":[80,85,92],"zones":[24576,31449,11337],"pointsPerHour":0,"points":3389,"blocktime":675,"taken":19,"name":"hovsta","totalPoints":3389,"rank":5,"id":337662,"place":7625,"uniqueZonesTaken":15,"region":{"name":"Örebro","id":131}}}]