[{"medal":127,"time":"2021-11-29T17:48:29+0000","type":"medal","user":{"country":"se","medals":[67,16,28,79,48,15,57,66,39,107,126,98,127],"zones":[13670,253],"pointsPerHour":0,"points":25816,"blocktime":1305,"taken":19126,"name":"pink_unicorn","totalPoints":3620549,"rank":47,"id":129166,"place":6273,"uniqueZonesTaken":1886,"region":{"name":"Stockholm","id":141}}},{"sender":{"country":"se","medals":[16,43,27,58,68,4,68,17,77,99,79,117,66,75,72,126,70,5,67,21,107,15,123,24,129,119],"zones":[],"pointsPerHour":0,"points":132788,"blocktime":1470,"taken":100128,"name":"Kryos","totalPoints":17626710,"rank":58,"id":49291,"place":260,"uniqueZonesTaken":1251,"region":{"name":"Östergötland","id":139}},"time":"2021-11-29T17:31:22+0000","message":"Wave: Verkligen😂👍","region":{"name":"Östergötland","id":139},"type":"chat"}]