[{"medal":33,"time":"2022-07-25T09:56:10+0000","type":"medal","user":{"country":"se","medals":[80,97,103,6,12,33],"zones":[1770],"pointsPerHour":0,"points":2580,"blocktime":870,"taken":500,"name":"Höglundz_2.0","totalPoints":75050,"rank":18,"id":253056,"place":7121,"uniqueZonesTaken":102,"region":{"name":"Stockholm","id":141}}},{"medal":14,"time":"2022-07-25T09:45:12+0000","type":"medal","user":{"country":"se","medals":[77,97,67,104,10,126,47,56,38,83,66,14],"zones":[41845,41846,41847,41848],"pointsPerHour":0,"points":6761,"blocktime":1215,"taken":10629,"name":"turfted","totalPoints":1703236,"rank":41,"id":193224,"place":7121,"uniqueZonesTaken":500,"region":{"name":"Stockholm","id":141}}}]