[{"medal":93,"time":"2021-09-13T07:20:41+0000","type":"medal","user":{"country":"se","medals":[93],"zones":[],"pointsPerHour":0,"points":125,"blocktime":10,"taken":1,"name":"dami1003","totalPoints":125,"rank":0,"id":341532,"place":6579,"uniqueZonesTaken":1,"region":{"name":"Uppsala","id":142}}},{"medal":12,"time":"2021-09-13T07:17:24+0000","type":"medal","user":{"country":"se","medals":[10,4,42,53,12],"zones":[21520,91968,100083,1620,18711,114520,187,11677,1214],"pointsPerHour":0,"points":7531,"blocktime":13,"taken":312,"name":"Hell-Ena74","totalPoints":42142,"rank":14,"id":329890,"place":3319,"uniqueZonesTaken":100,"region":{"name":"Stockholm","id":141}}}]