[{"medal":80,"time":"2021-09-13T08:18:18+0000","type":"medal","user":{"country":"se","medals":[80,84],"zones":[8209,32615,56381,8206,56382],"pointsPerHour":0,"points":569,"blocktime":10,"taken":5,"name":"berny7007","totalPoints":569,"rank":2,"id":341443,"place":6602,"uniqueZonesTaken":5,"region":{"name":"Örebro","id":131}}},{"medal":84,"time":"2021-09-13T08:18:18+0000","type":"medal","user":{"country":"se","medals":[80,84],"zones":[8209,32615,56381,8206,56382],"pointsPerHour":0,"points":569,"blocktime":10,"taken":5,"name":"berny7007","totalPoints":569,"rank":2,"id":341443,"place":6602,"uniqueZonesTaken":5,"region":{"name":"Örebro","id":131}}},{"sender":{"country":"se","medals":[34,16,67,27,9,77,79,72,7,48,117,59,126,4,83,21,70,15,124,98,24,89,68,108],"zones":[221441,119618,97797,908,117711,26894,117710,26895,26896,26898,356753,228055,106517,37145,175576,8157,22623,61796,116075,116074,29356,29357,29358,29359,2292,2294,2295,134202,26745,26747,29371,134201,26748,29372,60732,26749,29373],"pointsPerHour":186,"points":5550,"blocktime":23,"taken":51410,"name":"Boddington","totalPoints":9362975,"rank":54,"id":54556,"place":2789,"uniqueZonesTaken":1531,"region":{"name":"Östergötland","id":139}},"time":"2021-09-13T08:15:53+0000","message":"Irene panik: Nu springer du åt fel håll tänkte möta upp sig vid uppe i nere","region":{"name":"Östergötland","id":139},"type":"chat"}]