[{"sender":{"country":"se","medals":[5,24,67,4,6,24,16,24,24,70,24,77,24,72,112,48,79,24,17,57,126,15,73,124,109],"zones":[63744,94912,22755,708,7432,21358,32112,56145,56146,29171,7764,29172,281714,26107],"pointsPerHour":102,"points":72714,"blocktime":22,"taken":34131,"name":"Cyndix","totalPoints":4387204,"rank":48,"id":43268,"place":260,"uniqueZonesTaken":1281,"region":{"name":"Västmanland","id":143}},"time":"2021-09-13T11:24:39+0000","message":"ami68: ja väntar!","region":{"name":"Västmanland","id":143},"type":"chat"},{"sender":{"country":"se","medals":[70,67,24,16,72,83,22,77,79,24,17,116,4,24,58,24,108,75,50,124,126,89,24,91,49,17],"zones":[79393,96224,57186,22756,3206,33478,42856,413197,9550,2257,9682,31764,228123,828,24223],"pointsPerHour":84,"points":44441,"blocktime":23,"taken":64904,"name":"ami68","totalPoints":8732264,"rank":54,"id":167440,"place":531,"uniqueZonesTaken":4093,"region":{"name":"Västmanland","id":143}},"time":"2021-09-13T11:23:31+0000","message":"Cyndix: får jag hänga på","region":{"name":"Västmanland","id":143},"type":"chat"},{"medal":96,"time":"2021-09-13T11:20:33+0000","type":"medal","user":{"country":"se","medals":[96],"zones":[],"pointsPerHour":0,"points":170,"blocktime":10,"taken":1,"name":"KZMS","totalPoints":170,"rank":0,"id":341655,"place":6649,"uniqueZonesTaken":1,"region":{"name":"Skåne","id":135}}},{"medal":96,"time":"2021-09-13T11:20:33+0000","type":"medal","user":{"country":"se","medals":[96],"zones":[],"pointsPerHour":0,"points":170,"blocktime":10,"taken":1,"name":"Abdi..sinai","totalPoints":170,"rank":0,"id":341652,"place":6649,"uniqueZonesTaken":1,"region":{"name":"Skåne","id":135}}},{"medal":96,"time":"2021-09-13T11:20:33+0000","type":"medal","user":{"country":"se","medals":[96],"zones":[],"pointsPerHour":0,"points":170,"blocktime":10,"taken":1,"name":"Ekin","totalPoints":170,"rank":0,"id":341650,"place":6649,"uniqueZonesTaken":1,"region":{"name":"Skåne","id":135}}},{"medal":96,"time":"2021-09-13T11:20:33+0000","type":"medal","user":{"country":"se","medals":[96],"zones":[],"pointsPerHour":0,"points":170,"blocktime":10,"taken":1,"name":"jankulovska","totalPoints":170,"rank":0,"id":341651,"place":6649,"uniqueZonesTaken":1,"region":{"name":"Skåne","id":135}}},{"medal":96,"time":"2021-09-13T11:20:33+0000","type":"medal","user":{"country":"se","medals":[96],"zones":[],"pointsPerHour":0,"points":170,"blocktime":10,"taken":1,"name":"Shimeng","totalPoints":170,"rank":0,"id":341656,"place":6649,"uniqueZonesTaken":1,"region":{"name":"Skåne","id":135}}}]