[{"medal":127,"time":"2021-09-14T05:54:24+0000","type":"medal","user":{"country":"se","medals":[16,95,67,47,28,78,13,57,36,102,127],"zones":[16965,16968,16969,12810,877,12111,879,50577,12114,15955,139441,863],"pointsPerHour":0,"points":27045,"blocktime":20,"taken":5699,"name":"sls_prog","totalPoints":1259559,"rank":40,"id":85323,"place":6763,"uniqueZonesTaken":276,"region":{"name":"Västra Götaland","id":132}}},{"medal":127,"time":"2021-09-14T05:54:01+0000","type":"medal","user":{"country":"uk","medals":[16,67,79,22,27,77,72,5,48,15,124,101,36,58,99,127],"zones":[368897,328161,328160,368898,321548,328173,321549,328172,321546,328171,328170,316625,328179,393745,328178,328159],"pointsPerHour":0,"points":77518,"blocktime":20,"taken":7122,"name":"TS-Jarvmobile","totalPoints":1583482,"rank":41,"id":300988,"place":6763,"uniqueZonesTaken":1610,"region":{"name":"Scotland","id":200}}},{"medal":127,"time":"2021-09-14T05:52:44+0000","type":"medal","user":{"country":"se","medals":[67,77,79,99,70,83,21,48,16,72,7,57,117,126,15,123,89,104,127],"zones":[81,71,72,73,115066,78],"pointsPerHour":0,"points":37153,"blocktime":23,"taken":64985,"name":"MrNiceGuy","totalPoints":8578219,"rank":54,"id":108848,"place":6763,"uniqueZonesTaken":1396,"region":{"name":"Östergötland","id":139}}},{"medal":85,"time":"2021-09-14T05:52:26+0000","type":"medal","user":{"country":"de","medals":[85],"zones":[392458],"pointsPerHour":0,"points":493,"blocktime":11,"taken":10,"name":"tjallera","totalPoints":3552,"rank":6,"id":336292,"place":0,"uniqueZonesTaken":7,"region":{"name":"Niedersachsen","id":444}}},{"medal":127,"time":"2021-09-14T05:52:26+0000","type":"medal","user":{"country":"se","medals":[77,6,117,16,22,95,14,79,70,126,67,104,72,122,83,27,58,48,4,68,40,127],"zones":[27456,961,62212,115013,12358,21515,432266,11533,20498,17946,226777,33181,228124,97184,21799,21800,43882,43884,43889,36722,2037,12090,6140,2046],"pointsPerHour":0,"points":140262,"blocktime":21,"taken":20411,"name":"Röste","totalPoints":3094790,"rank":46,"id":107099,"place":6762,"uniqueZonesTaken":828,"region":{"name":"Gävleborg","id":144}}},{"medal":127,"time":"2021-09-14T05:51:56+0000","type":"medal","user":{"country":"se","medals":[46,6,71,93,54,16,10,117,14,126,73,127],"zones":[98002,93097,138939,2860,228669],"pointsPerHour":0,"points":59630,"blocktime":22,"taken":34375,"name":"Toranagasama","totalPoints":6178599,"rank":51,"id":97301,"place":6762,"uniqueZonesTaken":529,"region":{"name":"Kalmar","id":137}}},{"medal":127,"time":"2021-09-14T05:51:38+0000","type":"medal","user":{"country":"se","medals":[16,67,48,21,27,70,7,30,58,68,83,77,79,68,94,72,89,4,103,126,15,127],"zones":[203586,26085,412449,61640,296269,221449,28970,296271,139635,33086,179644,65183],"pointsPerHour":0,"points":24317,"blocktime":24,"taken":65358,"name":"Turfis","totalPoints":12429462,"rank":56,"id":17586,"place":6762,"uniqueZonesTaken":1003,"region":{"name":"Västra Götaland","id":132}}},{"medal":127,"time":"2021-09-14T05:51:15+0000","type":"medal","user":{"country":"se","medals":[16,22,24,70,77,79,24,55,67,66,94,4,102,28,15,126,47,122,39,127],"zones":[7393,26674,178356,21431,21432,21433,21435,43087,117902],"pointsPerHour":0,"points":26955,"blocktime":21,"taken":17594,"name":"Liberalus","totalPoints":2968784,"rank":45,"id":107513,"place":6762,"uniqueZonesTaken":1653,"region":{"name":"Västra Götaland","id":132}}},{"medal":127,"time":"2021-09-14T05:50:51+0000","type":"medal","user":{"country":"se","medals":[7,5,16,79,70,28,56,126,117,27,97,104,48,22,122,15,40,127],"zones":[230851,25184,21890,228321,354310,92293,12424,12425,58282,1226,1230,22066,22067,20757,154292,136245,348765,94202,97981],"pointsPerHour":0,"points":56987,"blocktime":21,"taken":20818,"name":"Spikbebis75","totalPoints":3956899,"rank":47,"id":92852,"place":6762,"uniqueZonesTaken":1160,"region":{"name":"Stockholm","id":141}}},{"medal":127,"time":"2021-09-14T05:49:27+0000","type":"medal","user":{"country":"se","medals":[16,67,4,5,55,47,24,79,99,17,7,17,77,24,15,28,126,123,108,73,127],"zones":[114498,103,104,12377,36857],"pointsPerHour":0,"points":27513,"blocktime":22,"taken":34557,"name":"ulrikase","totalPoints":4194104,"rank":48,"id":67171,"place":6762,"uniqueZonesTaken":1779,"region":{"name":"Östergötland","id":139}}}]