[{"sender":{"country":"se","medals":[5,16,17,8,28,43,57,4,67,48,17,30,17,22,91,79,77,17,50,49,17,116,126,124,108,73,26,131],"zones":[349237,33793,33794,33795,27107,17159,682,115083,37131,11663,23823],"pointsPerHour":82,"points":2834,"blocktime":22,"taken":34770,"name":"mpmoke","totalPoints":5377339,"rank":50,"id":17775,"place":1690,"uniqueZonesTaken":4256,"region":{"name":"Uppsala","id":142}},"time":"2022-05-02T15:19:27+0000","message":"Glöm inte: crowdy i LutPark kl 18","region":{"name":"Uppsala","id":142},"type":"chat"},{"medal":11,"time":"2022-05-02T15:18:23+0000","type":"medal","user":{"country":"uk","medals":[94,100,127,86,16,79,53,11],"zones":[340548,340551,15494,340546,173258,353420,353418,340563,448223,64345,15450,15386,15387,15388,15453,15456,138279,16101,16102,15399,340973,16104,16105,340975,340974,16109,484340,484338,481457],"pointsPerHour":0,"points":8656,"blocktime":12,"taken":96,"name":"MangoMuffins","totalPoints":21839,"rank":11,"id":358486,"place":4080,"uniqueZonesTaken":50,"region":{"name":"Scotland","id":200}}},{"medal":80,"time":"2022-05-02T15:16:22+0000","type":"medal","user":{"country":"se","medals":[93,85,80],"zones":[7409,7410,7412,488738,488749],"pointsPerHour":0,"points":1010,"blocktime":11,"taken":19,"name":"annian","totalPoints":2896,"rank":5,"id":359674,"place":4079,"uniqueZonesTaken":13,"region":{"name":"Västra Götaland","id":132}}}]