[{"medal":84,"time":"2022-05-02T09:45:02+0000","type":"medal","user":{"country":"uk","medals":[80,84],"zones":[349479,349494,349478,349484,349482],"pointsPerHour":0,"points":1235,"blocktime":11,"taken":5,"name":"SPH_Su","totalPoints":1235,"rank":4,"id":359766,"place":3704,"uniqueZonesTaken":5,"region":{"name":"Scotland","id":200}}},{"medal":80,"time":"2022-05-02T09:45:02+0000","type":"medal","user":{"country":"uk","medals":[80,84],"zones":[349479,349494,349478,349484,349482],"pointsPerHour":0,"points":1235,"blocktime":11,"taken":5,"name":"SPH_Su","totalPoints":1235,"rank":4,"id":359766,"place":3704,"uniqueZonesTaken":5,"region":{"name":"Scotland","id":200}}}]