[{"medal":93,"time":"2022-05-02T10:20:09+0000","type":"medal","user":{"country":"se","medals":[93],"zones":[26744],"pointsPerHour":0,"points":205,"blocktime":10,"taken":2,"name":"bellish","totalPoints":205,"rank":1,"id":360248,"place":3768,"uniqueZonesTaken":2,"region":{"name":"Östergötland","id":139}}},{"medal":93,"time":"2022-05-02T10:17:29+0000","type":"medal","user":{"country":"se","medals":[51,11,32,93],"zones":[],"pointsPerHour":0,"points":277,"blocktime":12,"taken":134,"name":"LG007","totalPoints":15663,"rank":10,"id":357396,"place":3765,"uniqueZonesTaken":60,"region":{"name":"Stockholm","id":141}}},{"sender":{"country":"uk","medals":[79,47,123,95,72,70,5,57,16,104,127,35,15],"zones":[389420,318061],"pointsPerHour":2,"points":470,"blocktime":18,"taken":3062,"name":"TSTopper","totalPoints":744479,"rank":35,"id":304690,"place":3015,"uniqueZonesTaken":1043,"region":{"name":"Scotland","id":200}},"time":"2022-05-02T10:13:39+0000","message":"Yes!","region":{"name":"Scotland","id":200},"type":"chat"}]