[{"medal":33,"time":"2022-02-07T12:15:58+0000","type":"medal","user":{"country":"uk","medals":[90,71,16,12,56,33],"zones":[348163,481392],"pointsPerHour":0,"points":472,"blocktime":1005,"taken":500,"name":"Bickitin_PFO","totalPoints":236637,"rank":27,"id":317376,"place":4136,"uniqueZonesTaken":221,"region":{"name":"North West England","id":201}}},{"country":"se","sender":{"country":"se","medals":[24,67,27,16,4,22,68,9,70,72,60,24,77,79,17,75,24,24,30,17,116,66,117,107,83,113,123,126,89,74,68,130],"zones":[60739,111815,28679,28681,7882,96335,61967,16854,16855,27097,16858,16859,9629,90276,11429,44517,44518,44519,44520,476780,430698,44525,44526,44527,44528],"pointsPerHour":41,"points":6952,"blocktime":1470,"taken":60187,"name":"Game-Over","totalPoints":15739292,"rank":58,"id":77006,"place":493,"uniqueZonesTaken":5374,"region":{"name":"Jönköping","id":133}},"time":"2022-02-07T12:07:51+0000","message":"Király: Hur många poäng till nästa nivå har du? 😁","type":"chat"}]