[{"sender":{"country":"se","medals":[16,24,77,17,4,7,57,28,27,5,24,24,117,24,79,116,17,22,67,24,24,50,24,107,24,126,48,124,24,70,17,24,88,129],"zones":[177699,156611,156417,64102,43495,15337,7594,46954,157006,43501,270,224013,25392,96306,63988,91700,1013,7576,29529,7578,115227,80701,319289],"pointsPerHour":84,"points":9063,"blocktime":1395,"taken":43203,"name":"Tålamodet","totalPoints":7884448,"rank":53,"id":188982,"place":727,"uniqueZonesTaken":4569,"region":{"name":"Stockholm","id":141}},"time":"2022-02-08T15:37:04+0000","message":"VNV_Legion: isen har bytts mot lerbad","region":{"name":"Stockholm","id":141},"type":"chat"},{"medal":32,"time":"2022-02-08T15:35:53+0000","type":"medal","user":{"country":"se","medals":[93,92,52,90,32],"zones":[354,12387,723,724,504,24585,13597],"pointsPerHour":0,"points":2912,"blocktime":735,"taken":100,"name":"Flexjet","totalPoints":14148,"rank":9,"id":353689,"place":4573,"uniqueZonesTaken":43,"region":{"name":"Örebro","id":131}}},{"sender":{"country":"se","medals":[4,28,47,55,16,5,67,21,27,7,79,77,14,126,39,102,95,128,117],"zones":[154994,1448,17497,113499,8570],"pointsPerHour":25,"points":7202,"blocktime":1305,"taken":19806,"name":"raz","totalPoints":3603691,"rank":47,"id":2949,"place":1003,"uniqueZonesTaken":783,"region":{"name":"Södermanland","id":140}},"time":"2022-02-08T15:35:20+0000","message":"⚡","region":{"name":"Södermanland","id":140},"type":"chat"},{"medal":101,"time":"2022-02-08T15:34:55+0000","type":"medal","user":{"country":"se","medals":[52,11,42,93,101],"zones":[62212,116008,43884],"pointsPerHour":0,"points":634,"blocktime":855,"taken":390,"name":"Staarmaann","totalPoints":72964,"rank":17,"id":351562,"place":4573,"uniqueZonesTaken":77,"region":{"name":"Gävleborg","id":144}}},{"sender":{"country":"se","medals":[6,78,77,93,14,16,55,100,39,130],"zones":[7146,36460],"pointsPerHour":11,"points":3028,"blocktime":1305,"taken":16288,"name":"Ghostturfen","totalPoints":3675683,"rank":47,"id":26546,"place":2033,"uniqueZonesTaken":789,"region":{"name":"Stockholm","id":141}},"time":"2022-02-08T15:33:02+0000","message":"utfykten1:","region":{"name":"Stockholm","id":141},"type":"chat"}]