[{"medal":93,"time":"2022-05-31T17:29:08+0000","type":"medal","user":{"country":"se","medals":[85,51,93],"zones":[20704,25154,491236,408210,476435,15093,25174,109529,109448,1258],"pointsPerHour":0,"points":2102,"blocktime":11,"taken":13,"name":"lojjsanoCo","totalPoints":2102,"rank":5,"id":365885,"place":9281,"uniqueZonesTaken":11,"region":{"name":"Stockholm","id":141}}},{"sender":{"country":"se","medals":[70,67,16,66,24,4,21,79,77,24,17,50,72,113,83,75,24,59,68,24,17,116,122,126,109,24,118,131],"zones":[7171,178369,7173,354307,34566,34567,354306,25352,97035,7058,94806,36439,91990,36440,36441,36442,36444,117729,179297,130793,7025,7154,65075,7155,7029,22839,22841,475070,22842],"pointsPerHour":101,"points":93055,"blocktime":24,"taken":81394,"name":"BambamGranit","totalPoints":15940504,"rank":58,"id":94232,"place":932,"uniqueZonesTaken":4345,"region":{"name":"Stockholm","id":141}},"time":"2022-05-31T17:28:03+0000","message":"stassa83: Min far är 83år och har ingen Elcykel.","region":{"name":"Stockholm","id":141},"type":"chat"},{"medal":51,"time":"2022-05-31T17:26:39+0000","type":"medal","user":{"country":"se","medals":[85,51],"zones":[20704,25154,491236,408210,476435,15093,25174,109529,109448,1258],"pointsPerHour":0,"points":1947,"blocktime":11,"taken":12,"name":"lojjsanoCo","totalPoints":1947,"rank":5,"id":365885,"place":9280,"uniqueZonesTaken":10,"region":{"name":"Stockholm","id":141}}},{"medal":85,"time":"2022-05-31T17:24:59+0000","type":"medal","user":{"country":"se","medals":[80,85],"zones":[20705,465843,15095,109448,355582],"pointsPerHour":0,"points":1601,"blocktime":11,"taken":10,"name":"hum","totalPoints":1601,"rank":4,"id":365883,"place":9280,"uniqueZonesTaken":10,"region":{"name":"Stockholm","id":141}}}]