[{"medal":92,"time":"2022-05-31T07:39:10+0000","type":"medal","user":{"country":"se","medals":[80,85,92],"zones":[95106,595,17668,2297,115064,9514],"pointsPerHour":0,"points":1020,"blocktime":11,"taken":19,"name":"turfburkattack","totalPoints":1805,"rank":4,"id":359835,"place":9181,"uniqueZonesTaken":15,"region":{"name":"Östergötland","id":139}}},{"medal":84,"time":"2022-05-31T07:39:10+0000","type":"medal","user":{"country":"se","medals":[84],"zones":[45150],"pointsPerHour":0,"points":170,"blocktime":10,"taken":5,"name":"Benched","totalPoints":755,"rank":3,"id":353589,"place":9181,"uniqueZonesTaken":5,"region":{"name":"Gotland","id":138}}},{"medal":42,"time":"2022-05-31T07:38:29+0000","type":"medal","user":{"country":"se","medals":[52,94,11,101,42],"zones":[11173,11174,94152,178248,347240],"pointsPerHour":0,"points":20936,"blocktime":14,"taken":250,"name":"secejf","totalPoints":99602,"rank":19,"id":76444,"place":9180,"uniqueZonesTaken":73,"region":{"name":"Skåne","id":135}}},{"medal":84,"time":"2022-05-31T07:37:20+0000","type":"medal","user":{"country":"se","medals":[80,84],"zones":[160608,25924,25925,24053,18053],"pointsPerHour":0,"points":911,"blocktime":10,"taken":5,"name":"GruppC","totalPoints":911,"rank":3,"id":365301,"place":9180,"uniqueZonesTaken":5,"region":{"name":"Halland","id":134}}},{"medal":80,"time":"2022-05-31T07:37:20+0000","type":"medal","user":{"country":"se","medals":[80,84],"zones":[160608,25924,25925,24053,18053],"pointsPerHour":0,"points":911,"blocktime":10,"taken":5,"name":"GruppC","totalPoints":911,"rank":3,"id":365301,"place":9180,"uniqueZonesTaken":5,"region":{"name":"Halland","id":134}}},{"medal":84,"time":"2022-05-31T07:36:57+0000","type":"medal","user":{"country":"se","medals":[80,84],"zones":[37459,56137,113484,21758,512792],"pointsPerHour":0,"points":761,"blocktime":10,"taken":5,"name":"Fabbe2008","totalPoints":761,"rank":3,"id":349843,"place":9180,"uniqueZonesTaken":5,"region":{"name":"Västmanland","id":143}}},{"medal":80,"time":"2022-05-31T07:36:57+0000","type":"medal","user":{"country":"se","medals":[80,84],"zones":[37459,56137,113484,21758,512792],"pointsPerHour":0,"points":761,"blocktime":10,"taken":5,"name":"Fabbe2008","totalPoints":761,"rank":3,"id":349843,"place":9180,"uniqueZonesTaken":5,"region":{"name":"Västmanland","id":143}}},{"medal":85,"time":"2022-05-31T07:34:26+0000","type":"medal","user":{"country":"se","medals":[80,85],"zones":[44694,24377],"pointsPerHour":0,"points":1215,"blocktime":11,"taken":10,"name":"uuuuuhhggg","totalPoints":1215,"rank":4,"id":363949,"place":9180,"uniqueZonesTaken":9,"region":{"name":"Gotland","id":138}}}]