[{"medal":128,"time":"2022-05-30T11:36:39+0000","type":"medal","user":{"country":"se","medals":[67,70,16,47,5,7,79,77,94,28,56,15,89,126,123,102,128],"zones":[232977,14658,115266,21445,1047,119352,7051],"pointsPerHour":0,"points":143011,"blocktime":23,"taken":71216,"name":"amba","totalPoints":10361218,"rank":55,"id":69202,"place":9132,"uniqueZonesTaken":1191,"region":{"name":"Västra Götaland","id":132}}},{"medal":92,"time":"2022-05-30T11:36:15+0000","type":"medal","user":{"country":"se","medals":[80,85,92],"zones":[8421,183927,8427,8430],"pointsPerHour":0,"points":4240,"blocktime":11,"taken":16,"name":"Phille26","totalPoints":4240,"rank":6,"id":364535,"place":9132,"uniqueZonesTaken":15,"region":{"name":"Stockholm","id":141}}},{"sender":{"country":"se","medals":[5,67,16,77,117,79,124,82,72,27,65,68,70,75,104,3,21,68,121,68,68,73,17,116,131,66],"zones":[484358,484357,94211,484356,484355,484354,484353,484362,484361,484360,21520,374549,357905,1565,374565,138275,496418,138276,138277,374580,412464,374589,374590,374587,374597,374596,374605,374348,374604,1610,374607,374606,374601,37708,328267,374347,374603,328266,374602,381770,14674,374609,374608,374610,323166,31068,358501,323173,358496,358499,381033,381035,381034,360823,1654,323198,47996,18046,30850,11397,64391,332940,17304,319391,64411,9629,359584,319395,170,322991,322998,382390,322993,323005,323006,376767,376766,382392,62397,323010,323011,323021,321998,323028,323029,323030,359383,323031,323025,323027,376786,323032,376794,376802,79084,389628],"pointsPerHour":155,"points":455617,"blocktime":23,"taken":31530,"name":"FeTaTo","totalPoints":9692381,"rank":55,"id":310985,"place":25,"uniqueZonesTaken":15398,"region":{"name":"Scotland","id":200}},"time":"2022-05-30T11:35:28+0000","message":"PPilot: assist at Scottish bear","region":{"name":"Scotland","id":200},"type":"chat"},{"medal":80,"time":"2022-05-30T11:34:35+0000","type":"medal","user":{"country":"se","medals":[84,80],"zones":[80209,204129,13267,3437,23247],"pointsPerHour":0,"points":1192,"blocktime":10,"taken":7,"name":"rövknullaren","totalPoints":1192,"rank":3,"id":365636,"place":9132,"uniqueZonesTaken":7,"region":{"name":"Västra Götaland","id":132}}},{"medal":95,"time":"2022-05-30T11:31:10+0000","type":"medal","user":{"country":"se","medals":[95],"zones":[],"pointsPerHour":0,"points":620,"blocktime":10,"taken":4,"name":"Inez.se","totalPoints":620,"rank":2,"id":365637,"place":9132,"uniqueZonesTaken":4,"region":{"name":"Örebro","id":131}}},{"medal":95,"time":"2022-05-30T11:31:10+0000","type":"medal","user":{"country":"se","medals":[95],"zones":[23426,24598,55673,63199],"pointsPerHour":0,"points":776,"blocktime":10,"taken":5,"name":"Alva.se","totalPoints":776,"rank":3,"id":365639,"place":9132,"uniqueZonesTaken":5,"region":{"name":"Örebro","id":131}}},{"medal":95,"time":"2022-05-30T11:31:10+0000","type":"medal","user":{"country":"se","medals":[95],"zones":[],"pointsPerHour":0,"points":155,"blocktime":10,"taken":1,"name":"Lowis.se","totalPoints":155,"rank":0,"id":365638,"place":9132,"uniqueZonesTaken":1,"region":{"name":"Örebro","id":131}}},{"medal":84,"time":"2022-05-30T11:31:10+0000","type":"medal","user":{"country":"se","medals":[94,84],"zones":[94066],"pointsPerHour":0,"points":775,"blocktime":10,"taken":5,"name":"sagalaga.se","totalPoints":775,"rank":3,"id":365623,"place":9132,"uniqueZonesTaken":5,"region":{"name":"Örebro","id":131}}}]