[{"medal":85,"time":"2022-05-31T10:17:23+0000","type":"medal","user":{"country":"se","medals":[80,85],"zones":[21904,7138,25813,24092,178366],"pointsPerHour":0,"points":1578,"blocktime":11,"taken":10,"name":"Evgo","totalPoints":1578,"rank":4,"id":355283,"place":9196,"uniqueZonesTaken":7,"region":{"name":"Stockholm","id":141}}},{"medal":80,"time":"2022-05-31T10:17:23+0000","type":"medal","user":{"country":"se","medals":[80,85],"zones":[21904,7138,25813,24092,178366],"pointsPerHour":0,"points":1578,"blocktime":11,"taken":10,"name":"Evgo","totalPoints":1578,"rank":4,"id":355283,"place":9196,"uniqueZonesTaken":7,"region":{"name":"Stockholm","id":141}}},{"medal":93,"time":"2022-05-31T10:17:05+0000","type":"medal","user":{"country":"se","medals":[93],"zones":[],"pointsPerHour":0,"points":185,"blocktime":10,"taken":1,"name":"Barnätare","totalPoints":185,"rank":0,"id":365797,"place":9195,"uniqueZonesTaken":1,"region":{"name":"Västerbotten","id":127}}},{"medal":80,"time":"2022-05-31T10:15:38+0000","type":"medal","user":{"country":"se","medals":[84,80],"zones":[204129,97465,25901,3437,23246],"pointsPerHour":0,"points":1401,"blocktime":11,"taken":8,"name":"RoHaSi","totalPoints":1401,"rank":4,"id":365643,"place":9193,"uniqueZonesTaken":6,"region":{"name":"Västra Götaland","id":132}}},{"medal":84,"time":"2022-05-31T10:14:11+0000","type":"medal","user":{"country":"se","medals":[93,84],"zones":[7424],"pointsPerHour":0,"points":660,"blocktime":10,"taken":6,"name":"KingDavid","totalPoints":660,"rank":2,"id":363504,"place":9192,"uniqueZonesTaken":5,"region":{"name":"Västra Götaland","id":132}}}]