[{"sender":{"country":"se","medals":[16,5,24,4,24,7,24,9,72,24,79,112,24,56,70,15,77,24,27,126,75,123,87,106,24],"zones":[9573,354829,44555,11982,28847,11983,26095,95475,6164,179127,18614,18615,18616,18617,3454,135037],"pointsPerHour":93,"points":34928,"blocktime":1350,"taken":38164,"name":"WhiteNinja","totalPoints":5278051,"rank":50,"id":7032,"place":754,"uniqueZonesTaken":1124,"region":{"name":"Västerbotten","id":127}},"time":"2021-06-15T06:08:23+0000","message":"bont: du gillar ösregn va? 🤣","region":{"name":"Västerbotten","id":127},"type":"chat"},{"medal":84,"time":"2021-06-15T05:55:53+0000","type":"medal","user":{"country":"se","medals":[84],"zones":[77042,10810,2926,20574],"pointsPerHour":0,"points":568,"blocktime":630,"taken":5,"name":"Johanna54","totalPoints":568,"rank":2,"id":334388,"place":6560,"uniqueZonesTaken":5,"region":{"name":"Östergötland","id":139}}}]