[{"sender":{"country":"se","medals":[128,94,79,46,70,13,54,90,101,35],"zones":[43380,31560,33641,11641,204377,11642,5404],"pointsPerHour":32,"points":106546,"blocktime":17,"taken":2804,"name":"evaskol","totalPoints":364118,"rank":31,"id":353482,"place":420,"uniqueZonesTaken":304,"region":{"name":"Västerbotten","id":127}},"time":"2022-04-25T13:57:37+0000","message":"TurfTalk: går bra att promenera med kängor. gympadojer rekommenderas ej.","region":{"name":"Västerbotten","id":127},"type":"chat"},{"medal":84,"time":"2022-04-25T13:57:24+0000","type":"medal","user":{"country":"se","medals":[80,84],"zones":[7873,7874,41638,76666,12476],"pointsPerHour":0,"points":821,"blocktime":10,"taken":5,"name":"chiefhopper","totalPoints":821,"rank":3,"id":359088,"place":7202,"uniqueZonesTaken":5,"region":{"name":"Jönköping","id":133}}},{"medal":80,"time":"2022-04-25T13:57:24+0000","type":"medal","user":{"country":"se","medals":[80,84],"zones":[7873,7874,41638,76666,12476],"pointsPerHour":0,"points":821,"blocktime":10,"taken":5,"name":"chiefhopper","totalPoints":821,"rank":3,"id":359088,"place":7202,"uniqueZonesTaken":5,"region":{"name":"Jönköping","id":133}}},{"medal":86,"time":"2022-04-25T13:56:42+0000","type":"medal","user":{"country":"se","medals":[94,51,92,86],"zones":[25088,66914,117445,155493,430093,24811,61644,46381,25902,46382,46386,28984,1853,95839,319162,22878,319163],"pointsPerHour":0,"points":8135,"blocktime":12,"taken":50,"name":"Kattja","totalPoints":10405,"rank":8,"id":240707,"place":7202,"uniqueZonesTaken":37,"region":{"name":"Västra Götaland","id":132}}},{"medal":86,"time":"2022-04-25T13:55:49+0000","type":"medal","user":{"country":"se","medals":[51,92,86],"zones":[46787,26522,26524,254,141565],"pointsPerHour":0,"points":8164,"blocktime":12,"taken":50,"name":"Mimmi98","totalPoints":8164,"rank":8,"id":358366,"place":7202,"uniqueZonesTaken":34,"region":{"name":"Stockholm","id":141}}},{"medal":10,"time":"2022-04-25T13:54:59+0000","type":"medal","user":{"country":"se","medals":[51,85,92,10],"zones":[7619,16900,7621,458432,2985,476781,29132,11436,2988,2989,11437,1104,31728,2969,7868,11932],"pointsPerHour":0,"points":2164,"blocktime":11,"taken":17,"name":"l.kallvant","totalPoints":2164,"rank":5,"id":359073,"place":7202,"uniqueZonesTaken":17,"region":{"name":"Jönköping","id":133}}},{"medal":93,"time":"2022-04-25T13:53:12+0000","type":"medal","user":{"country":"se","medals":[93],"zones":[6488],"pointsPerHour":0,"points":265,"blocktime":10,"taken":2,"name":"AnnaWirzen","totalPoints":265,"rank":1,"id":359188,"place":7199,"uniqueZonesTaken":2,"region":{"name":"Jönköping","id":133}}}]