[{"medal":33,"time":"2022-04-25T17:56:20+0000","type":"medal","user":{"country":"se","medals":[5,127,46,53,12,93,10,33],"zones":[92304,56770,226,228,232],"pointsPerHour":0,"points":60654,"blocktime":14,"taken":500,"name":"Ocho","totalPoints":76736,"rank":18,"id":327467,"place":7233,"uniqueZonesTaken":149,"region":{"name":"Stockholm","id":141}}},{"sender":{"country":"de","medals":[93,100,10,86,11,46,55],"zones":[477442,364611,358530,364610,394710,388883,200469,200340,387550,389470,388889,396390,368997,392100,368998,362464,387555,387554,140200,481965,394218,399403,430441,381877,374135,381878,200445],"pointsPerHour":47,"points":17084,"blocktime":12,"taken":80,"name":"Coroner","totalPoints":17084,"rank":10,"id":358613,"place":2623,"uniqueZonesTaken":69,"region":{"name":"Hamburg","id":439}},"time":"2022-04-25T17:55:17+0000","message":"Danke für die Einladung in die Gruppe Nord-Deutschland.","region":{"name":"Hamburg","id":439},"type":"chat"},{"medal":85,"time":"2022-04-25T17:52:42+0000","type":"medal","user":{"country":"se","medals":[85],"zones":[754,42746,80830],"pointsPerHour":0,"points":1205,"blocktime":11,"taken":10,"name":"Nypan77","totalPoints":1205,"rank":4,"id":358416,"place":7233,"uniqueZonesTaken":5,"region":{"name":"Södermanland","id":140}}}]