[{"sender":{"country":"se","medals":[70,7,4,77,16,15,72,83,67,21,48,27,126,97,79,60,124,105,38,128],"zones":[25857,428290,485123,25863,428289,485132,25869,203917,25870,25871,155021,25872,152350,225438,152351,48288,478887,201379,478886,48293,484514,48295,171690,171691,346921,171692,405929,42417,178352,221872,29620,7989,20405,7990,20406,7991,81597,81596,443462,171712,289856,143047,389186,213834,25291,25292,443465,142157,485588,334803,246741,32479,24031,483683,89961,7273,64874,92011,36849,36850,36851,36852,25851,25852,25854],"pointsPerHour":75,"points":237688,"blocktime":21,"taken":12625,"name":"Turfsnaggy","totalPoints":2742827,"rank":45,"id":109494,"place":73,"uniqueZonesTaken":1872,"region":{"name":"Dalarna","id":129}},"time":"2022-04-25T16:47:49+0000","message":"Belzebubben: Välkommen i Turffamiljen","region":{"name":"Dalarna","id":129},"type":"chat"},{"medal":85,"time":"2022-04-25T16:45:36+0000","type":"medal","user":{"country":"se","medals":[80,85],"zones":[21441,159646,153660],"pointsPerHour":0,"points":2320,"blocktime":11,"taken":10,"name":"Travelle","totalPoints":2320,"rank":5,"id":358231,"place":7226,"uniqueZonesTaken":8,"region":{"name":"Skåne","id":135}}},{"medal":84,"time":"2022-04-25T16:44:54+0000","type":"medal","user":{"country":"se","medals":[80,84],"zones":[20403,81588,80105,24634,80106],"pointsPerHour":0,"points":867,"blocktime":10,"taken":5,"name":"Belzebubben","totalPoints":867,"rank":3,"id":359193,"place":7226,"uniqueZonesTaken":5,"region":{"name":"Dalarna","id":129}}},{"medal":80,"time":"2022-04-25T16:44:54+0000","type":"medal","user":{"country":"se","medals":[80,84],"zones":[20403,81588,80105,24634,80106],"pointsPerHour":0,"points":867,"blocktime":10,"taken":5,"name":"Belzebubben","totalPoints":867,"rank":3,"id":359193,"place":7226,"uniqueZonesTaken":5,"region":{"name":"Dalarna","id":129}}},{"sender":{"country":"se","medals":[90,51,6,100,11,94,32],"zones":[153713,396780],"pointsPerHour":3,"points":3690,"blocktime":12,"taken":123,"name":"Kijyndi","totalPoints":21303,"rank":11,"id":335816,"place":4259,"uniqueZonesTaken":85,"region":{"name":"Halland","id":134}},"time":"2022-04-25T16:43:22+0000","message":"8-ball: okej","region":{"name":"Halland","id":134},"type":"chat"}]