[{"medal":85,"time":"2022-04-25T14:45:28+0000","type":"medal","user":{"country":"se","medals":[85],"zones":[26854,431985],"pointsPerHour":0,"points":1788,"blocktime":11,"taken":10,"name":"Fredzone","totalPoints":1788,"rank":4,"id":358418,"place":7216,"uniqueZonesTaken":8,"region":{"name":"Södermanland","id":140}}},{"medal":85,"time":"2022-04-25T14:45:03+0000","type":"medal","user":{"country":"se","medals":[80,94,85],"zones":[7616,7617,7620,9621,1655,9623,108958],"pointsPerHour":0,"points":1357,"blocktime":11,"taken":10,"name":"MeNSa","totalPoints":1357,"rank":4,"id":359265,"place":7216,"uniqueZonesTaken":10,"region":{"name":"Jönköping","id":133}}},{"medal":84,"time":"2022-04-25T14:40:26+0000","type":"medal","user":{"country":"se","medals":[84],"zones":[31729,11433],"pointsPerHour":0,"points":739,"blocktime":10,"taken":5,"name":"honsomgar","totalPoints":739,"rank":3,"id":359204,"place":7216,"uniqueZonesTaken":5,"region":{"name":"Jönköping","id":133}}}]