[{"medal":94,"time":"2023-01-23T15:13:00+0000","type":"medal","user":{"country":"se","medals":[51,92,100,32,94],"zones":[96677,564204,96676,41685,21354,139262,563686],"pointsPerHour":0,"points":20302,"blocktime":795,"taken":123,"name":"Superstegaren","totalPoints":28085,"rank":13,"id":384706,"place":5935,"uniqueZonesTaken":38,"region":{"name":"Stockholm","id":141}}},{"medal":94,"time":"2023-01-23T15:13:00+0000","type":"medal","user":{"country":"se","medals":[92,102,32,51,94],"zones":[29521,41686,208764],"pointsPerHour":0,"points":24707,"blocktime":795,"taken":205,"name":"MrBreadhead","totalPoints":33875,"rank":13,"id":384624,"place":5935,"uniqueZonesTaken":42,"region":{"name":"Stockholm","id":141}}}]