[{"sender":{"country":"se","medals":[67,70,16,72,27,4,75,1,69,68,79,77,17,15,83,82,105,17,115,66,22,24,73],"zones":[],"pointsPerHour":0,"points":0,"blocktime":22,"taken":30163,"name":"Tasse74","totalPoints":5155284,"rank":50,"id":131005,"place":4493,"uniqueZonesTaken":1975,"region":{"name":"Värmland","id":130}},"time":"2023-03-13T15:33:12+0000","message":"Jomii: hoppas på att dina takes lönar sig före hens bilåka mellan samhällen","region":{"name":"Värmland","id":130},"type":"chat"},{"sender":{"country":"de","medals":[12,54,71,33,94,103,46,28],"zones":[200515,428038,200834,479108,563919,427916,516172,516171,427915,381514,476616,564892,552476,412433,565269,565589,513702,388455,387874,201643,388461,418542,388460,563617,388463,388462,563620,388457,388456,388458,389813,560955,422834,388464,422833,389693,374204,200830,201660,374202],"pointsPerHour":55,"points":20150,"blocktime":16,"taken":655,"name":"squadra","totalPoints":200077,"rank":26,"id":383854,"place":937,"uniqueZonesTaken":168,"region":{"name":"Nordrhein-Westfalen","id":445}},"time":"2023-03-13T15:16:28+0000","message":"JoasK: Na, wie turft es sich in Frankfurt?","region":{"name":"Nordrhein-Westfalen","id":445},"type":"chat"}]