[{"medal":85,"time":"2023-03-14T11:39:53+0000","type":"medal","user":{"country":"se","medals":[93,85],"zones":[19315,9702,24186],"pointsPerHour":0,"points":511,"blocktime":10,"taken":10,"name":"Darthnox","totalPoints":1044,"rank":3,"id":342009,"place":5249,"uniqueZonesTaken":9,"region":{"name":"Kalmar","id":137}}},{"sender":{"country":"se","medals":[9,16,4,6,3,27,3,64,48,24,1,67,24,68,24,68,70,24,68,68,68,2,68,24,68,61,72,79,77,3,68,62,68,17,112,68,60,2,68,83,24,22,17,119,68,68,15,68,68,68,68,68,68,68,68,68,126,122,105,127],"zones":[474060,96335,2990],"pointsPerHour":11,"points":6134,"blocktime":24,"taken":165153,"name":"MadMajk","totalPoints":33173297,"rank":59,"id":18954,"place":2461,"uniqueZonesTaken":1227,"region":{"name":"Jönköping","id":133}},"time":"2023-03-14T11:39:50+0000","message":"Game-Over: Jag kör på i egen takt,hare gött 👍","region":{"name":"Jönköping","id":133},"type":"chat"},{"sender":{"country":"se","medals":[67,5,47,56,28,16,6,94,14,35,78,128,104],"zones":[34705,155328,152561,114517,61142,50167,63896,93194,27068],"pointsPerHour":13,"points":14683,"blocktime":18,"taken":3085,"name":"HerrNilsson83","totalPoints":635507,"rank":34,"id":355113,"place":1384,"uniqueZonesTaken":632,"region":{"name":"Kalmar","id":137}},"time":"2023-03-14T11:39:02+0000","message":"MrHåkan: Handlingskraftig turfare! 🥳","region":{"name":"Kalmar","id":137},"type":"chat"},{"medal":94,"time":"2023-03-14T11:38:21+0000","type":"medal","user":{"country":"se","medals":[94],"zones":[],"pointsPerHour":0,"points":360,"blocktime":10,"taken":3,"name":"namnförlångt","totalPoints":360,"rank":1,"id":387094,"place":5249,"uniqueZonesTaken":3,"region":{"name":"Kalmar","id":137}}},{"medal":94,"time":"2023-03-14T11:38:21+0000","type":"medal","user":{"country":"se","medals":[80,85,94],"zones":[19328,11882],"pointsPerHour":0,"points":360,"blocktime":11,"taken":12,"name":"Meja12345","totalPoints":1825,"rank":4,"id":360542,"place":5249,"uniqueZonesTaken":12,"region":{"name":"Kalmar","id":137}}},{"medal":53,"time":"2023-03-14T11:34:06+0000","type":"medal","user":{"country":"uk","medals":[92,31,53],"zones":[19904,374534,359878,19911,364290,19913,382857,359883,382871,382870,359888,382872,410146,359863,364983,352375,19891,364982,355638,19894,359869,361148,359868,19898,359865,355640,359864,352379,361146],"pointsPerHour":0,"points":12080,"blocktime":12,"taken":31,"name":"claire1967","totalPoints":12080,"rank":9,"id":386796,"place":5245,"uniqueZonesTaken":31,"region":{"name":"West Midlands","id":208}}}]