[{"medal":93,"time":"2023-03-13T09:07:32+0000","type":"medal","user":{"country":"se","medals":[93],"zones":[],"pointsPerHour":0,"points":155,"blocktime":10,"taken":1,"name":"willegun","totalPoints":155,"rank":0,"id":386643,"place":5167,"uniqueZonesTaken":1,"region":{"name":"Östergötland","id":139}}},{"medal":13,"time":"2023-03-13T08:59:40+0000","type":"medal","user":{"country":"se","medals":[54,100,90,94,6,131,37,13],"zones":[142594,232967,7176,11978,11980,89100,141516,176791,94167,176795,555155,176799,1888,347239,473249,513519,82280,12202,114989,92205,558756,114988,43245,24303,24304,24305,90932],"pointsPerHour":0,"points":12950,"blocktime":20,"taken":7671,"name":"bastena","totalPoints":1352212,"rank":40,"id":327438,"place":5166,"uniqueZonesTaken":250,"region":{"name":"Skåne","id":135}}}]