[{"sender":{"country":"uk","medals":[79,77,98,16,46,55,13,122,100,127,6,35,90],"zones":[371269,48452,447022,169161,21614,329451,14640,21621,514162,447024,318898,400337,64344,490719,355673,350520,21630,351483,355674,319195],"pointsPerHour":98,"points":5325,"blocktime":18,"taken":2889,"name":"EsocNora","totalPoints":628242,"rank":34,"id":335082,"place":628,"uniqueZonesTaken":491,"region":{"name":"Scotland","id":200}},"time":"2022-12-05T13:00:48+0000","message":"Pyramid: Sorry, couldn\u2019t see you - happy to assist at the next one?","region":{"name":"Scotland","id":200},"type":"chat"},{"sender":{"country":"uk","medals":[79,77,98,16,46,55,13,122,100,127,6,35,90],"zones":[371269,447022,169161,21614,329451,14640,21621,514162,447024,318898,400337,64344,490719,355673,350520,21630,351483,355674,319195],"pointsPerHour":95,"points":5104,"blocktime":18,"taken":2888,"name":"EsocNora","totalPoints":628020,"rank":34,"id":335082,"place":648,"uniqueZonesTaken":490,"region":{"name":"Scotland","id":200}},"time":"2022-12-05T12:50:29+0000","message":"Pyramid: Assist Hermitage if you\u2019re coming back this way?","region":{"name":"Scotland","id":200},"type":"chat"}]