[{"sender":{"country":"uk","medals":[67,95,78,51,13,33,90,21,105,127],"zones":[342359,321248,321249,321250,401230,401228,342361,322473],"pointsPerHour":22,"points":8580,"blocktime":975,"taken":971,"name":"Flangela","totalPoints":183576,"rank":25,"id":337140,"place":571,"uniqueZonesTaken":341,"region":{"name":"Scotland","id":200}},"time":"2022-02-07T23:50:23+0000","message":"acloudie: turfing with the wee ones. Perfect STEM activity. 😂","region":{"name":"Scotland","id":200},"type":"chat"},{"medal":32,"time":"2022-02-07T23:07:38+0000","type":"medal","user":{"country":"se","medals":[92,51,93,100,32],"zones":[31442],"pointsPerHour":0,"points":1697,"blocktime":735,"taken":100,"name":"theUnderdog","totalPoints":14203,"rank":9,"id":300869,"place":4390,"uniqueZonesTaken":34,"region":{"name":"Västmanland","id":143}}}]