[{"sender":{"country":"se","medals":[94,79,28,16,48,123,68,22,68,68,67,15,70,58,5,68,104,40,68,6,127,68],"zones":[8320,111809,2880,27457,139009,8323,12358,8327,26191,3538,62995,8275,43030,43031,17944,17945,354843,281818,228124,281819,36833,2914,1444,43881,8490,127595,43882,127594,23598,121710,36723,30901,12087,12091,13627,27455],"pointsPerHour":142,"points":6881,"blocktime":1320,"taken":22859,"name":"Losthhh","totalPoints":4330092,"rank":48,"id":280108,"place":597,"uniqueZonesTaken":1163,"region":{"name":"Gävleborg","id":144}},"time":"2022-02-07T14:53:24+0000","message":"Mirakel: Tack för det! Har du bytt namn?","region":{"name":"Gävleborg","id":144},"type":"chat"},{"medal":31,"time":"2022-02-07T14:52:39+0000","type":"medal","user":{"country":"se","medals":[93,51,92,31],"zones":[1841,76659,154497,20531,139047,6069,20533,94820],"pointsPerHour":0,"points":1201,"blocktime":690,"taken":25,"name":"Figaroboss","totalPoints":4327,"rank":6,"id":351820,"place":4255,"uniqueZonesTaken":17,"region":{"name":"Jönköping","id":133}}},{"sender":{"country":"se","medals":[94,79,28,16,48,123,68,22,68,68,67,15,70,58,5,68,104,40,68,6,127,68],"zones":[8320,111809,2880,27457,139009,8323,12358,8327,26191,3538,62995,8275,43030,43031,17944,17945,354843,281818,228124,281819,36833,2914,1444,43881,8490,127595,43882,127594,23598,121710,36723,30901,12087,12091,13627,27455],"pointsPerHour":142,"points":6879,"blocktime":1320,"taken":22859,"name":"Losthhh","totalPoints":4330090,"rank":48,"id":280108,"place":596,"uniqueZonesTaken":1163,"region":{"name":"Gävleborg","id":144}},"time":"2022-02-07T14:52:21+0000","message":"Bollnisse: Tackar, det var ju bättre utfall än förra januari då Recycle slog till....","region":{"name":"Gävleborg","id":144},"type":"chat"},{"sender":{"country":"se","medals":[4,28,47,55,16,5,67,21,27,7,79,77,14,126,39,102,95,128,117],"zones":[1449],"pointsPerHour":5,"points":4027,"blocktime":1305,"taken":19784,"name":"raz","totalPoints":3600516,"rank":47,"id":2949,"place":1138,"uniqueZonesTaken":783,"region":{"name":"Södermanland","id":140}},"time":"2022-02-07T14:50:08+0000","message":"Var är det halt?","region":{"name":"Södermanland","id":140},"type":"chat"},{"sender":{"country":"se","medals":[94,79,28,16,48,123,68,22,68,68,67,15,70,58,5,68,104,40,68,6,127,68],"zones":[8320,111809,2880,27457,139009,8323,12358,8327,26191,3538,62995,8275,43030,43031,17944,17945,354843,281818,228124,281819,36833,2914,1444,43881,8490,127595,43882,127594,23598,121710,36723,30901,12087,12091,13627,27455],"pointsPerHour":142,"points":6873,"blocktime":1320,"taken":22859,"name":"Losthhh","totalPoints":4330084,"rank":48,"id":280108,"place":594,"uniqueZonesTaken":1163,"region":{"name":"Gävleborg","id":144}},"time":"2022-02-07T14:49:57+0000","message":"Wheelstream: Tackar, tackar! Nu gäller det att lappa och laga 26tummaren, eller investera i ngt bättre. Fast däcken är bra...","region":{"name":"Gävleborg","id":144},"type":"chat"},{"medal":80,"time":"2022-02-07T14:49:04+0000","type":"medal","user":{"country":"se","medals":[84,80],"zones":[3206,3207,35896,224041,7103],"pointsPerHour":0,"points":1154,"blocktime":645,"taken":6,"name":"fisken11bajsar","totalPoints":1154,"rank":3,"id":355204,"place":4251,"uniqueZonesTaken":6,"region":{"name":"Västmanland","id":143}}},{"medal":32,"time":"2022-02-07T14:48:06+0000","type":"medal","user":{"country":"fi","medals":[92,51,93,32],"zones":[32691,34726,12104],"pointsPerHour":0,"points":2185,"blocktime":735,"taken":100,"name":"ThePotters","totalPoints":13747,"rank":9,"id":261742,"place":4250,"uniqueZonesTaken":33,"region":{"name":"Åland","id":177}}}]