[{"sender":{"country":"se","medals":[93,100,11,10,53,46,126,35],"zones":[48082,48083,43764,48085,228136],"pointsPerHour":12,"points":1898,"blocktime":1125,"taken":3724,"name":"hönsmamma","totalPoints":662119,"rank":35,"id":256145,"place":2110,"uniqueZonesTaken":62,"region":{"name":"Gävleborg","id":144}},"time":"2022-02-07T17:10:47+0000","message":"det är väldigt klimatsmart att bilturfa??!!","region":{"name":"Gävleborg","id":144},"type":"chat"},{"country":"fi","sender":{"country":"fi","medals":[16,4,77,67,83,79,68,126,21,70,75,72,59,68,68,14,68,115,17,123,109,69,68,7,130,89],"zones":[114560,342656,119465,119464,185320,60562,342647,84658,342646,71508,342653,342655,342654,342649,342648,342651,342650],"pointsPerHour":20,"points":19440,"blocktime":1395,"taken":51808,"name":"Corellian","totalPoints":7722448,"rank":53,"id":264701,"place":103,"uniqueZonesTaken":771,"region":{"name":"Åland","id":177}},"time":"2022-02-07T17:08:30+0000","message":"Aicar: grattis grattis till hatten igen o C o R 🥳","type":"chat"}]