[{"medal":93,"time":"2023-06-26T12:43:43+0000","type":"medal","user":{"country":"se","medals":[93],"zones":[],"pointsPerHour":0,"points":155,"blocktime":10,"taken":1,"name":"mily56","totalPoints":155,"rank":0,"id":398887,"place":7289,"uniqueZonesTaken":1,"region":{"name":"Örebro","id":131}}},{"medal":53,"time":"2023-06-26T12:40:59+0000","type":"medal","user":{"country":"se","medals":[24,127,95,79,46,24,24,102,28,83,34,12,53],"zones":[55937,481796,114885,84741,114889,141582,218575,218574,218573,218577,218576,177430,64020,95061,203739,116699,116700,319332,319333,10598,319330,319331,17384,10600,17385,10601,10602,103029,564529,62073],"pointsPerHour":0,"points":54942,"blocktime":16,"taken":1132,"name":"TöreHiker","totalPoints":226199,"rank":27,"id":381541,"place":7289,"uniqueZonesTaken":109,"region":{"name":"Norrbotten","id":126}}},{"medal":6,"time":"2023-06-26T12:37:18+0000","type":"medal","user":{"country":"se","medals":[51,92,31,96,100,6],"zones":[61726],"pointsPerHour":0,"points":8804,"blocktime":12,"taken":39,"name":"camomercy","totalPoints":8804,"rank":8,"id":398254,"place":7289,"uniqueZonesTaken":29,"region":{"name":"Dalarna","id":129}}}]