[{"zone":{"previousOwner":{"name":"Frökenbok","id":45345},"dateCreated":"2013-02-10T00:00:00+0000","dateLastTaken":"2021-08-17T10:46:35+0000","latitude":59.645982,"currentOwner":{"name":"FlitigaTobbe","id":48872},"name":"CenterPot","id":14874,"totalTakeovers":13845,"region":{"country":"se","name":"Västmanland","id":143},"pointsPerHour":5,"longitude":16.54136,"takeoverPoints":125},"latitude":59.645982,"currentOwner":{"name":"FlitigaTobbe","id":48872},"time":"2021-08-17T10:46:35+0000","type":"takeover","longitude":16.54136},{"zone":{"previousOwner":{"name":"beha","id":186270},"dateCreated":"2013-10-17T12:00:00+0000","dateLastTaken":"2021-08-17T10:46:33+0000","latitude":59.293976,"currentOwner":{"name":"Express","id":226663},"name":"BlåttLjus","id":22234,"totalTakeovers":5104,"region":{"country":"se","name":"Örebro","id":131},"pointsPerHour":5,"longitude":15.208168,"takeoverPoints":125},"latitude":59.293976,"currentOwner":{"name":"Express","id":226663},"time":"2021-08-17T10:46:33+0000","type":"takeover","longitude":15.208168},{"zone":{"previousOwner":{"name":"TeamGrim","id":336584},"dateCreated":"2013-08-01T19:05:25+0000","dateLastTaken":"2021-08-17T10:46:31+0000","latitude":58.589915,"currentOwner":{"name":"Wave","id":53963},"name":"DragsZone","id":21112,"totalTakeovers":8029,"region":{"country":"se","name":"Östergötland","id":139},"pointsPerHour":7,"longitude":16.164484,"takeoverPoints":95},"latitude":58.589915,"currentOwner":{"name":"Wave","id":53963},"time":"2021-08-17T10:46:31+0000","type":"takeover","longitude":16.164484},{"zone":{"previousOwner":{"name":"bills","id":297738},"dateCreated":"2017-08-05T07:00:00+0000","dateLastTaken":"2021-08-17T10:46:24+0000","latitude":59.630488,"currentOwner":{"name":"Cosinus","id":47727},"name":"SkullC","id":115962,"totalTakeovers":6613,"region":{"country":"se","name":"Västmanland","id":143},"pointsPerHour":7,"longitude":16.546805,"takeoverPoints":95},"latitude":59.630488,"currentOwner":{"name":"Cosinus","id":47727},"time":"2021-08-17T10:46:24+0000","type":"takeover","longitude":16.546805},{"zone":{"previousOwner":{"name":"löpare56","id":176776},"dateCreated":"2018-08-10T12:00:00+0000","dateLastTaken":"2021-08-17T10:46:24+0000","latitude":56.725731,"currentOwner":{"name":"Sir_49","id":174595},"name":"Glömminge","id":155334,"totalTakeovers":332,"region":{"country":"se","name":"Kalmar","id":137},"pointsPerHour":4,"longitude":16.53736,"takeoverPoints":140},"latitude":56.725731,"currentOwner":{"name":"Sir_49","id":174595},"time":"2021-08-17T10:46:24+0000","type":"takeover","longitude":16.53736},{"zone":{"previousOwner":{"name":"bakerboys2","id":334433},"dateCreated":"2021-01-02T20:11:32+0000","dateLastTaken":"2021-08-17T10:46:23+0000","latitude":57.150042,"currentOwner":{"name":"Strac","id":302230},"name":"CarnieForest","id":361602,"totalTakeovers":475,"region":{"country":"gb","name":"Scotland","id":200},"pointsPerHour":3,"longitude":-2.307323,"takeoverPoints":155},"latitude":57.150042,"currentOwner":{"name":"Strac","id":302230},"time":"2021-08-17T10:46:23+0000","type":"takeover","longitude":-2.307323},{"zone":{"previousOwner":{"name":"DisneyDen","id":334509},"dateCreated":"2014-02-23T18:32:46+0000","dateLastTaken":"2021-08-17T10:46:20+0000","latitude":51.416555,"currentOwner":{"name":"minimunky","id":333913},"name":"BracknellSq","id":26077,"totalTakeovers":239,"region":{"country":"gb","name":"South East England","id":205},"pointsPerHour":3,"longitude":-0.749129,"takeoverPoints":155},"latitude":51.416555,"currentOwner":{"name":"minimunky","id":333913},"time":"2021-08-17T10:46:20+0000","type":"takeover","longitude":-0.749129},{"zone":{"previousOwner":{"name":"marklunda","id":279370},"dateCreated":"2010-10-02T00:00:00+0000","dateLastTaken":"2021-08-17T10:46:16+0000","latitude":63.828937,"currentOwner":{"name":"kest","id":336882},"name":"CityHall","id":601,"totalTakeovers":28040,"region":{"country":"se","name":"Västerbotten","id":127},"pointsPerHour":9,"longitude":20.253827,"takeoverPoints":65},"latitude":63.828937,"currentOwner":{"name":"kest","id":336882},"time":"2021-08-17T10:46:16+0000","type":"takeover","longitude":20.253827},{"zone":{"previousOwner":{"name":"SirDannte","id":335809},"dateCreated":"2013-07-01T21:46:12+0000","dateLastTaken":"2021-08-17T10:46:13+0000","latitude":58.532849,"currentOwner":{"name":"yxa","id":16674},"name":"Strömparken","id":20551,"totalTakeovers":2066,"region":{"country":"se","name":"Östergötland","id":139},"pointsPerHour":5,"longitude":15.042308,"takeoverPoints":125},"latitude":58.532849,"currentOwner":{"name":"yxa","id":16674},"time":"2021-08-17T10:46:13+0000","type":"takeover","longitude":15.042308},{"zone":{"previousOwner":{"name":"chankipanki","id":67717},"dateCreated":"2014-05-26T21:28:02+0000","dateLastTaken":"2021-08-17T10:46:12+0000","latitude":59.312179,"currentOwner":{"name":"LMA","id":59101},"name":"Baggerud","id":30102,"totalTakeovers":7330,"region":{"country":"se","name":"Örebro","id":131},"pointsPerHour":5,"longitude":14.488557,"takeoverPoints":125},"latitude":59.312179,"currentOwner":{"name":"LMA","id":59101},"time":"2021-08-17T10:46:12+0000","type":"takeover","longitude":14.488557},{"zone":{"previousOwner":{"name":"bilu","id":270142},"dateCreated":"2017-06-29T16:23:10+0000","dateLastTaken":"2021-08-17T10:46:09+0000","latitude":58.415215,"currentOwner":{"name":"lhcper","id":2733},"name":"Moppehäng","id":115067,"totalTakeovers":7624,"region":{"country":"se","name":"Östergötland","id":139},"pointsPerHour":7,"longitude":15.639417,"takeoverPoints":95},"latitude":58.415215,"currentOwner":{"name":"lhcper","id":2733},"time":"2021-08-17T10:46:09+0000","type":"takeover","longitude":15.639417},{"zone":{"previousOwner":{"name":"Ztina","id":312699},"dateCreated":"2014-04-02T01:30:00+0000","dateLastTaken":"2021-08-17T10:46:09+0000","latitude":58.378643,"currentOwner":{"name":"sls_ilves","id":85317},"name":"WestFactory","id":26320,"totalTakeovers":1441,"region":{"country":"se","name":"Västra Götaland","id":132},"pointsPerHour":2,"longitude":13.864223,"takeoverPoints":170},"latitude":58.378643,"currentOwner":{"name":"sls_ilves","id":85317},"time":"2021-08-17T10:46:09+0000","type":"takeover","longitude":13.864223},{"zone":{"previousOwner":{"name":"TeamGrim","id":336584},"dateCreated":"2014-03-09T16:18:15+0000","dateLastTaken":"2021-08-17T10:46:07+0000","latitude":58.586563,"currentOwner":{"name":"Harley1","id":203410},"name":"SanktPers","id":26528,"totalTakeovers":19186,"region":{"country":"se","name":"Östergötland","id":139},"pointsPerHour":8,"longitude":16.191742,"takeoverPoints":80},"latitude":58.586563,"currentOwner":{"name":"Harley1","id":203410},"time":"2021-08-17T10:46:07+0000","type":"takeover","longitude":16.191742},{"zone":{"previousOwner":{"name":"greenlander","id":65129},"dateCreated":"2018-08-20T19:27:56+0000","dateLastTaken":"2021-08-17T10:46:06+0000","latitude":60.08512,"currentOwner":{"name":"jabe48","id":334869},"name":"Hammaråsen","id":156968,"totalTakeovers":67,"region":{"country":"se","name":"Västmanland","id":143},"pointsPerHour":1,"longitude":16.547275,"takeoverPoints":185},"latitude":60.08512,"currentOwner":{"name":"jabe48","id":334869},"time":"2021-08-17T10:46:06+0000","type":"takeover","longitude":16.547275},{"zone":{"previousOwner":{"name":"rabbit_rail","id":37461},"dateCreated":"2013-12-24T11:00:30+0000","dateLastTaken":"2021-08-17T10:46:05+0000","latitude":59.313514,"currentOwner":{"name":"GreenLight","id":141280},"name":"Ånghästen","id":24242,"totalTakeovers":8760,"region":{"country":"se","name":"Stockholm","id":141},"pointsPerHour":7,"longitude":18.055123,"takeoverPoints":95},"latitude":59.313514,"currentOwner":{"name":"GreenLight","id":141280},"time":"2021-08-17T10:46:05+0000","type":"takeover","longitude":18.055123},{"zone":{"previousOwner":{"name":"Espingen","id":166882},"dateCreated":"2014-02-19T22:46:11+0000","dateLastTaken":"2021-08-17T10:46:04+0000","latitude":57.756948,"currentOwner":{"name":"SEBontheway","id":334608},"name":"Kvarntorget","id":25996,"totalTakeovers":18222,"region":{"country":"se","name":"Kalmar","id":137},"pointsPerHour":7,"longitude":16.635343,"takeoverPoints":95},"latitude":57.756948,"currentOwner":{"name":"SEBontheway","id":334608},"time":"2021-08-17T10:46:04+0000","type":"takeover","longitude":16.635343},{"zone":{"previousOwner":{"name":"atomic60","id":54656},"dateCreated":"2019-02-16T22:51:28+0000","dateLastTaken":"2021-08-17T10:46:04+0000","latitude":63.807734,"currentOwner":{"name":"TantLantz","id":207479},"name":"VitterYtter","id":179979,"totalTakeovers":7372,"region":{"country":"se","name":"Västerbotten","id":127},"pointsPerHour":8,"longitude":20.336249,"takeoverPoints":80},"latitude":63.807734,"currentOwner":{"name":"TantLantz","id":207479},"time":"2021-08-17T10:46:04+0000","type":"takeover","longitude":20.336249},{"zone":{"previousOwner":{"name":"JollyRoger","id":49203},"dateLastTaken":"2021-08-17T10:46:03+0000","latitude":57.428412,"totalTakeovers":5887,"pointsPerHour":3,"takeoverPoints":155,"dateCreated":"2015-02-25T12:12:08+0000","currentOwner":{"name":"AngelOfMercy","id":95683},"name":"SkillTrain","id":45122,"region":{"country":"se","name":"Jönköping","id":133},"longitude":14.090592},"latitude":57.428412,"currentOwner":{"name":"AngelOfMercy","id":95683},"time":"2021-08-17T10:46:03+0000","type":"takeover","longitude":14.090592},{"zone":{"previousOwner":{"name":"PerS","id":123305},"dateCreated":"2021-06-21T06:30:00+0000","dateLastTaken":"2021-08-17T10:46:01+0000","latitude":55.633862,"currentOwner":{"name":"Gooseson","id":46962},"name":"Järnspik","id":423813,"totalTakeovers":39,"region":{"country":"se","name":"Skåne","id":135},"pointsPerHour":3,"longitude":13.666765,"takeoverPoints":155},"latitude":55.633862,"currentOwner":{"name":"Gooseson","id":46962},"time":"2021-08-17T10:46:01+0000","type":"takeover","longitude":13.666765},{"zone":{"previousOwner":{"name":"Orcinus","id":230589},"dateCreated":"2015-04-20T11:00:00+0000","dateLastTaken":"2021-08-17T10:46:00+0000","latitude":57.330576,"currentOwner":{"name":"CarreraGT","id":16851},"name":"Strandjoggen","id":46871,"totalTakeovers":418,"region":{"country":"se","name":"Gotland","id":138},"pointsPerHour":5,"longitude":18.71245,"takeoverPoints":125},"latitude":57.330576,"currentOwner":{"name":"CarreraGT","id":16851},"time":"2021-08-17T10:46:00+0000","type":"takeover","longitude":18.71245},{"zone":{"previousOwner":{"name":"NitaG","id":313528},"dateCreated":"2020-05-06T19:29:19+0000","dateLastTaken":"2021-08-17T10:45:54+0000","latitude":59.384849,"currentOwner":{"name":"Hittaut","id":297530},"name":"SundCykel","id":285068,"totalTakeovers":927,"region":{"country":"se","name":"Södermanland","id":140},"pointsPerHour":4,"longitude":17.041879,"takeoverPoints":140},"latitude":59.384849,"currentOwner":{"name":"Hittaut","id":297530},"time":"2021-08-17T10:45:54+0000","type":"takeover","longitude":17.041879},{"zone":{"dateCreated":"2013-06-30T05:00:00+0000","dateLastTaken":"2021-08-17T10:45:54+0000","latitude":51.468681,"currentOwner":{"name":"sleepdep","id":303150},"name":"StPaulClapham","id":20472,"totalTakeovers":33,"region":{"country":"gb","name":"Greater London","id":207},"pointsPerHour":1,"longitude":-0.140307,"takeoverPoints":185},"latitude":51.468681,"currentOwner":{"name":"sleepdep","id":303150},"time":"2021-08-17T10:45:54+0000","type":"takeover","longitude":-0.140307},{"zone":{"previousOwner":{"name":"AIKrules","id":32638},"dateCreated":"2014-04-06T10:00:00+0000","dateLastTaken":"2021-08-17T10:45:53+0000","latitude":64.701015,"currentOwner":{"name":"Pitepalten","id":109931},"name":"Matros","id":27923,"totalTakeovers":530,"region":{"country":"se","name":"Västerbotten","id":127},"pointsPerHour":2,"longitude":21.191989,"takeoverPoints":170},"latitude":64.701015,"currentOwner":{"name":"Pitepalten","id":109931},"time":"2021-08-17T10:45:53+0000","type":"takeover","longitude":21.191989},{"zone":{"previousOwner":{"name":"NightDriver","id":279433},"dateCreated":"2014-04-07T06:30:00+0000","dateLastTaken":"2021-08-17T10:45:53+0000","latitude":59.418208,"currentOwner":{"name":"DaHunter","id":95577},"name":"Frihöjden","id":27814,"totalTakeovers":6134,"region":{"country":"se","name":"Stockholm","id":141},"pointsPerHour":6,"longitude":17.832841,"takeoverPoints":110},"latitude":59.418208,"currentOwner":{"name":"DaHunter","id":95577},"time":"2021-08-17T10:45:53+0000","type":"takeover","longitude":17.832841},{"zone":{"previousOwner":{"name":"Älge","id":199458},"dateCreated":"2012-08-27T20:50:26+0000","dateLastTaken":"2021-08-17T10:45:44+0000","latitude":63.844273,"currentOwner":{"name":"soffi&kåla","id":337223},"name":"AboveMaryHome","id":11125,"totalTakeovers":23286,"region":{"country":"se","name":"Västerbotten","id":127},"pointsPerHour":8,"longitude":20.333296,"takeoverPoints":80},"latitude":63.844273,"currentOwner":{"name":"soffi&kåla","id":337223},"time":"2021-08-17T10:45:44+0000","type":"takeover","longitude":20.333296},{"zone":{"previousOwner":{"name":"Darcy","id":60178},"dateCreated":"2013-04-11T10:11:24+0000","dateLastTaken":"2021-08-17T10:45:42+0000","latitude":57.713087,"currentOwner":{"name":"IA19","id":256513},"name":"MansionPark","id":16876,"totalTakeovers":1143,"region":{"country":"se","name":"Jönköping","id":133},"pointsPerHour":2,"longitude":14.129427,"takeoverPoints":170},"latitude":57.713087,"currentOwner":{"name":"IA19","id":256513},"time":"2021-08-17T10:45:42+0000","type":"takeover","longitude":14.129427},{"zone":{"previousOwner":{"name":"alicubi","id":53215},"dateCreated":"2010-11-11T10:32:16+0000","dateLastTaken":"2021-08-17T10:45:41+0000","latitude":59.400594,"currentOwner":{"name":"CharmenStille","id":176234},"name":"Dreamhack","id":1073,"totalTakeovers":13905,"region":{"country":"se","name":"Stockholm","id":141},"pointsPerHour":6,"longitude":17.957782,"takeoverPoints":110},"latitude":59.400594,"currentOwner":{"name":"CharmenStille","id":176234},"time":"2021-08-17T10:45:41+0000","type":"takeover","longitude":17.957782},{"zone":{"previousOwner":{"name":"Spito","id":329454},"dateLastTaken":"2021-08-17T10:45:31+0000","latitude":57.7126,"totalTakeovers":17901,"pointsPerHour":7,"takeoverPoints":95,"dateCreated":"2011-01-11T10:26:17+0000","currentOwner":{"name":"bonna","id":254021},"name":"Shipside","id":1317,"region":{"country":"se","name":"Västra Götaland","id":132},"longitude":11.965726},"latitude":57.7126,"currentOwner":{"name":"bonna","id":254021},"time":"2021-08-17T10:45:31+0000","type":"takeover","longitude":11.965726},{"zone":{"previousOwner":{"name":"Vildhav","id":336593},"dateLastTaken":"2021-08-17T10:45:30+0000","latitude":57.697578,"totalTakeovers":3623,"pointsPerHour":3,"takeoverPoints":155,"dateCreated":"2010-09-02T00:00:00+0000","currentOwner":{"name":"Warthog","id":90125},"name":"MastZone","id":406,"region":{"country":"se","name":"Västra Götaland","id":132},"longitude":11.93708},"latitude":57.697578,"currentOwner":{"name":"Warthog","id":90125},"time":"2021-08-17T10:45:30+0000","type":"takeover","longitude":11.93708},{"zone":{"previousOwner":{"name":"Tandem","id":303714},"dateCreated":"2021-07-24T12:00:00+0000","dateLastTaken":"2021-08-17T10:45:29+0000","latitude":57.897995,"currentOwner":{"name":"pPilot","id":310626},"name":"WestUllapool","id":430482,"totalTakeovers":21,"region":{"country":"gb","name":"Scotland","id":200},"pointsPerHour":1,"longitude":-5.167743,"takeoverPoints":185},"latitude":57.897995,"currentOwner":{"name":"pPilot","id":310626},"time":"2021-08-17T10:45:29+0000","type":"takeover","longitude":-5.167743},{"zone":{"previousOwner":{"name":"Autumnman","id":194327},"dateCreated":"2017-12-29T05:50:00+0000","dateLastTaken":"2021-08-17T10:45:28+0000","latitude":60.098015,"currentOwner":{"name":"SkippyB","id":312877},"name":"SteelHjälpen","id":139474,"totalTakeovers":16213,"region":{"country":"fi","name":"Åland","id":177},"pointsPerHour":8,"longitude":19.942941,"takeoverPoints":80},"latitude":60.098015,"currentOwner":{"name":"SkippyB","id":312877},"time":"2021-08-17T10:45:28+0000","type":"takeover","longitude":19.942941},{"zone":{"previousOwner":{"name":"knarr49","id":65339},"dateCreated":"2014-02-23T21:36:47+0000","dateLastTaken":"2021-08-17T10:45:21+0000","latitude":58.404024,"currentOwner":{"name":"Turfis","id":17586},"name":"Hörnebohörn","id":26085,"totalTakeovers":10645,"region":{"country":"se","name":"Västra Götaland","id":132},"pointsPerHour":4,"longitude":14.15144,"takeoverPoints":140},"latitude":58.404024,"currentOwner":{"name":"Turfis","id":17586},"time":"2021-08-17T10:45:21+0000","type":"takeover","longitude":14.15144},{"zone":{"previousOwner":{"name":"alfaturfen","id":26373},"dateLastTaken":"2021-08-17T10:45:21+0000","latitude":62.577372,"totalTakeovers":74,"pointsPerHour":1,"takeoverPoints":185,"dateCreated":"2014-07-20T10:00:00+0000","currentOwner":{"name":"Pilex","id":242915},"name":"RørosMining","id":32215,"region":{"country":"no","name":"Trøndelag","id":182},"longitude":11.39202},"latitude":62.577372,"currentOwner":{"name":"Pilex","id":242915},"time":"2021-08-17T10:45:21+0000","type":"takeover","longitude":11.39202},{"zone":{"previousOwner":{"name":"NonneNoel08","id":276255},"dateCreated":"2013-02-10T00:00:00+0000","dateLastTaken":"2021-08-17T10:45:20+0000","latitude":59.637373,"currentOwner":{"name":"DrGryta","id":78765},"name":"IsolatorZone","id":13620,"totalTakeovers":11413,"region":{"country":"se","name":"Västmanland","id":143},"pointsPerHour":8,"longitude":16.556733,"takeoverPoints":80},"latitude":59.637373,"currentOwner":{"name":"DrGryta","id":78765},"time":"2021-08-17T10:45:20+0000","type":"takeover","longitude":16.556733},{"zone":{"previousOwner":{"name":"Kozim","id":273186},"dateCreated":"2011-03-27T10:00:09+0000","dateLastTaken":"2021-08-17T10:45:19+0000","latitude":63.16811,"currentOwner":{"name":"Hällakakan","id":228868},"name":"Touristzone","id":1598,"totalTakeovers":1990,"region":{"country":"se","name":"Västernorrland","id":145},"pointsPerHour":5,"longitude":17.266376,"takeoverPoints":125},"latitude":63.16811,"currentOwner":{"name":"Hällakakan","id":228868},"time":"2021-08-17T10:45:19+0000","type":"takeover","longitude":17.266376},{"zone":{"previousOwner":{"name":"Amavela","id":48734},"dateCreated":"2011-09-03T19:00:00+0000","dateLastTaken":"2021-08-17T10:45:19+0000","latitude":58.431626,"currentOwner":{"name":"AmavelaGast","id":167697},"name":"RoxvikZone","id":2939,"totalTakeovers":6733,"region":{"country":"se","name":"Östergötland","id":139},"pointsPerHour":7,"longitude":15.591791,"takeoverPoints":95},"latitude":58.431626,"currentOwner":{"name":"AmavelaGast","id":167697},"time":"2021-08-17T10:45:19+0000","type":"takeover","longitude":15.591791},{"zone":{"previousOwner":{"name":"PEKOMON","id":184856},"dateCreated":"2017-12-24T11:00:00+0000","dateLastTaken":"2021-08-17T10:45:16+0000","latitude":58.75477,"currentOwner":{"name":"derdlim","id":117540},"name":"EastEastBigSt","id":138868,"totalTakeovers":5546,"region":{"country":"se","name":"Södermanland","id":140},"pointsPerHour":7,"longitude":17.016092,"takeoverPoints":95},"latitude":58.75477,"currentOwner":{"name":"derdlim","id":117540},"time":"2021-08-17T10:45:16+0000","type":"takeover","longitude":17.016092},{"zone":{"previousOwner":{"name":"Artful","id":302131},"dateCreated":"2013-06-15T08:00:00+0000","dateLastTaken":"2021-08-17T10:45:12+0000","latitude":55.943183,"currentOwner":{"name":"SusieDN","id":317952},"name":"GeorgeSquare","id":14572,"totalTakeovers":1148,"region":{"country":"gb","name":"Scotland","id":200},"pointsPerHour":5,"longitude":-3.188276,"takeoverPoints":125},"latitude":55.943183,"currentOwner":{"name":"SusieDN","id":317952},"time":"2021-08-17T10:45:12+0000","type":"takeover","longitude":-3.188276},{"zone":{"previousOwner":{"name":"Westbaypearl","id":101058},"dateCreated":"2013-05-03T12:48:08+0000","dateLastTaken":"2021-08-17T10:45:11+0000","latitude":56.87571,"currentOwner":{"name":"möbeldude","id":98024},"name":"SoberZone","id":17754,"totalTakeovers":13114,"region":{"country":"se","name":"Kronoberg","id":147},"pointsPerHour":7,"longitude":14.810286,"takeoverPoints":95},"latitude":56.87571,"currentOwner":{"name":"möbeldude","id":98024},"time":"2021-08-17T10:45:11+0000","type":"takeover","longitude":14.810286},{"zone":{"previousOwner":{"name":"NybroMotion","id":24455},"dateCreated":"2016-04-23T09:00:00+0000","dateLastTaken":"2021-08-17T10:45:04+0000","latitude":56.755827,"currentOwner":{"name":"Halling20","id":337259},"name":"Flyebovägen","id":66890,"totalTakeovers":2119,"region":{"country":"se","name":"Kalmar","id":137},"pointsPerHour":3,"longitude":15.914955,"takeoverPoints":155},"latitude":56.755827,"currentOwner":{"name":"Halling20","id":337259},"time":"2021-08-17T10:45:04+0000","type":"takeover","longitude":15.914955},{"zone":{"previousOwner":{"name":"Bobryikov","id":239619},"dateCreated":"2014-10-14T21:46:37+0000","dateLastTaken":"2021-08-17T10:45:04+0000","latitude":60.114309,"currentOwner":{"name":"fhoenix","id":336187},"name":"RoadCrossZone","id":38334,"totalTakeovers":10340,"region":{"country":"fi","name":"Åland","id":177},"pointsPerHour":7,"longitude":19.928289,"takeoverPoints":95},"latitude":60.114309,"currentOwner":{"name":"fhoenix","id":336187},"time":"2021-08-17T10:45:04+0000","type":"takeover","longitude":19.928289},{"zone":{"previousOwner":{"name":"Ztina","id":312699},"dateCreated":"2020-07-29T19:19:21+0000","dateLastTaken":"2021-08-17T10:45:01+0000","latitude":58.380824,"currentOwner":{"name":"sls_ilves","id":85317},"name":"VictoryCroft","id":319160,"totalTakeovers":264,"region":{"country":"se","name":"Västra Götaland","id":132},"pointsPerHour":3,"longitude":13.864202,"takeoverPoints":155},"latitude":58.380824,"currentOwner":{"name":"sls_ilves","id":85317},"time":"2021-08-17T10:45:01+0000","type":"takeover","longitude":13.864202},{"zone":{"previousOwner":{"name":"wolfkringel","id":48571},"dateCreated":"2014-08-17T18:01:02+0000","dateLastTaken":"2021-08-17T10:45:01+0000","latitude":63.822128,"currentOwner":{"name":"atomic60","id":54656},"name":"AxtorpZone","id":33640,"totalTakeovers":25966,"region":{"country":"se","name":"Västerbotten","id":127},"pointsPerHour":9,"longitude":20.300833,"takeoverPoints":65},"latitude":63.822128,"currentOwner":{"name":"atomic60","id":54656},"time":"2021-08-17T10:45:01+0000","type":"takeover","longitude":20.300833},{"zone":{"previousOwner":{"name":"MerrymaKer","id":322026},"dateCreated":"2020-09-02T12:00:00+0000","dateLastTaken":"2021-08-17T10:44:57+0000","latitude":55.813157,"currentOwner":{"name":"Biorach","id":302584},"name":"CourtKnowe","id":323273,"totalTakeovers":150,"region":{"country":"gb","name":"Scotland","id":200},"pointsPerHour":2,"longitude":-4.254598,"takeoverPoints":170},"latitude":55.813157,"currentOwner":{"name":"Biorach","id":302584},"time":"2021-08-17T10:44:57+0000","type":"takeover","longitude":-4.254598},{"zone":{"previousOwner":{"name":"IrenePanik","id":292165},"dateLastTaken":"2021-08-17T10:44:57+0000","latitude":58.590029,"totalTakeovers":8088,"pointsPerHour":7,"takeoverPoints":95,"dateCreated":"2013-10-23T17:41:33+0000","currentOwner":{"name":"Wave","id":53963},"name":"DragStreet","id":22322,"region":{"country":"se","name":"Östergötland","id":139},"longitude":16.170086},"latitude":58.590029,"currentOwner":{"name":"Wave","id":53963},"time":"2021-08-17T10:44:57+0000","type":"takeover","longitude":16.170086},{"zone":{"previousOwner":{"name":"F1DD3Z","id":57232},"dateLastTaken":"2021-08-17T10:44:56+0000","latitude":59.371496,"totalTakeovers":6880,"pointsPerHour":6,"takeoverPoints":110,"dateCreated":"2010-09-03T00:00:00+0000","currentOwner":{"name":"Hillcat","id":112193},"name":"OldEskil","id":755,"region":{"country":"se","name":"Södermanland","id":140},"longitude":16.525862},"latitude":59.371496,"currentOwner":{"name":"Hillcat","id":112193},"time":"2021-08-17T10:44:56+0000","type":"takeover","longitude":16.525862},{"zone":{"previousOwner":{"name":"friskluftarn","id":229020},"dateCreated":"2013-07-09T22:18:42+0000","dateLastTaken":"2021-08-17T10:44:54+0000","latitude":64.747877,"currentOwner":{"name":"Sledge","id":241272},"name":"Älvpromenaden","id":20721,"totalTakeovers":8536,"region":{"country":"se","name":"Västerbotten","id":127},"pointsPerHour":7,"longitude":20.961424,"takeoverPoints":95},"latitude":64.747877,"currentOwner":{"name":"Sledge","id":241272},"time":"2021-08-17T10:44:54+0000","type":"takeover","longitude":20.961424},{"zone":{"previousOwner":{"name":"gåråstår","id":226619},"dateCreated":"2010-09-30T22:00:02+0000","dateLastTaken":"2021-08-17T10:44:53+0000","latitude":58.391628,"currentOwner":{"name":"Ztina","id":312699},"name":"Helena","id":865,"totalTakeovers":7333,"region":{"country":"se","name":"Västra Götaland","id":132},"pointsPerHour":5,"longitude":13.850296,"takeoverPoints":125},"latitude":58.391628,"currentOwner":{"name":"Ztina","id":312699},"time":"2021-08-17T10:44:53+0000","type":"takeover","longitude":13.850296},{"zone":{"previousOwner":{"name":"koolaanna4","id":120182},"dateCreated":"2014-06-17T06:00:00+0000","dateLastTaken":"2021-08-17T10:44:49+0000","latitude":58.673927,"currentOwner":{"name":"TheSeagull","id":180576},"name":"Vallsund","id":31631,"totalTakeovers":7416,"region":{"country":"se","name":"Södermanland","id":140},"pointsPerHour":6,"longitude":17.062538,"takeoverPoints":110},"latitude":58.673927,"currentOwner":{"name":"TheSeagull","id":180576},"time":"2021-08-17T10:44:49+0000","type":"takeover","longitude":17.062538},{"zone":{"previousOwner":{"name":"HereIGoAgain","id":254091},"dateCreated":"2013-07-08T08:23:58+0000","dateLastTaken":"2021-08-17T10:44:48+0000","latitude":59.427895,"currentOwner":{"name":"Lejan","id":184364},"name":"NosevilleAllé","id":20699,"totalTakeovers":3294,"region":{"country":"se","name":"Stockholm","id":141},"pointsPerHour":4,"longitude":18.080949,"takeoverPoints":140},"latitude":59.427895,"currentOwner":{"name":"Lejan","id":184364},"time":"2021-08-17T10:44:48+0000","type":"takeover","longitude":18.080949},{"zone":{"previousOwner":{"name":"Emjbee","id":311829},"dateCreated":"2021-02-28T01:21:07+0000","dateLastTaken":"2021-08-17T10:44:48+0000","latitude":57.152299,"currentOwner":{"name":"Strac","id":302230},"name":"BroadstraikRd","id":388717,"totalTakeovers":639,"region":{"country":"gb","name":"Scotland","id":200},"pointsPerHour":4,"longitude":-2.310248,"takeoverPoints":140},"latitude":57.152299,"currentOwner":{"name":"Strac","id":302230},"time":"2021-08-17T10:44:48+0000","type":"takeover","longitude":-2.310248},{"zone":{"previousOwner":{"name":"TompaBoy51","id":65370},"dateCreated":"2011-08-25T18:41:27+0000","dateLastTaken":"2021-08-17T10:44:48+0000","latitude":57.748023,"currentOwner":{"name":"Granbera","id":119761},"name":"WestSchool","id":2831,"totalTakeovers":12741,"region":{"country":"se","name":"Kalmar","id":137},"pointsPerHour":5,"longitude":16.632856,"takeoverPoints":125},"latitude":57.748023,"currentOwner":{"name":"Granbera","id":119761},"time":"2021-08-17T10:44:48+0000","type":"takeover","longitude":16.632856},{"zone":{"previousOwner":{"name":"GrodTurf","id":327156},"dateCreated":"2014-09-17T06:54:38+0000","dateLastTaken":"2021-08-17T10:44:47+0000","latitude":58.788334,"currentOwner":{"name":"GrodTurf","id":327156},"name":"SkavstaTake","id":36738,"totalTakeovers":436,"region":{"country":"se","name":"Södermanland","id":140},"pointsPerHour":2,"longitude":16.931498,"takeoverPoints":170},"latitude":58.788334,"currentOwner":{"name":"GrodTurf","id":327156},"time":"2021-08-17T10:44:47+0000","type":"takeover","longitude":16.931498},{"zone":{"previousOwner":{"name":"TompaBoy51","id":65370},"dateCreated":"2016-09-01T09:09:36+0000","dateLastTaken":"2021-08-17T10:44:47+0000","latitude":57.763642,"currentOwner":{"name":"Slöfocken","id":96102},"name":"Västermarina","id":82377,"totalTakeovers":1613,"region":{"country":"se","name":"Kalmar","id":137},"pointsPerHour":4,"longitude":16.649146,"takeoverPoints":140},"latitude":57.763642,"currentOwner":{"name":"Slöfocken","id":96102},"time":"2021-08-17T10:44:47+0000","type":"takeover","longitude":16.649146},{"zone":{"previousOwner":{"name":"squirrel","id":30303},"dateCreated":"2013-04-28T10:10:00+0000","dateLastTaken":"2021-08-17T10:44:47+0000","latitude":59.628553,"currentOwner":{"name":"Poodleheart","id":233561},"name":"AncientZone","id":17554,"totalTakeovers":14388,"region":{"country":"se","name":"Västmanland","id":143},"pointsPerHour":8,"longitude":16.61648,"takeoverPoints":80},"latitude":59.628553,"currentOwner":{"name":"Poodleheart","id":233561},"time":"2021-08-17T10:44:47+0000","type":"takeover","longitude":16.61648},{"zone":{"previousOwner":{"name":"gå-for-it","id":48607},"dateLastTaken":"2021-08-17T10:44:46+0000","latitude":59.415187,"totalTakeovers":7262,"pointsPerHour":5,"takeoverPoints":125,"dateCreated":"2013-11-18T23:38:44+0000","currentOwner":{"name":"DaHunter","id":95577},"name":"Vasaknorren","id":22835,"region":{"country":"se","name":"Stockholm","id":141},"longitude":17.83416},"latitude":59.415187,"currentOwner":{"name":"DaHunter","id":95577},"time":"2021-08-17T10:44:46+0000","type":"takeover","longitude":17.83416},{"zone":{"previousOwner":{"name":"TrickyNick","id":303984},"dateCreated":"2013-06-15T08:00:00+0000","dateLastTaken":"2021-08-17T10:44:42+0000","latitude":55.852249,"currentOwner":{"name":"andypatqos","id":55026},"name":"ToyZone","id":16095,"totalTakeovers":142,"region":{"country":"gb","name":"Scotland","id":200},"pointsPerHour":1,"longitude":-4.321945,"takeoverPoints":185},"latitude":55.852249,"currentOwner":{"name":"andypatqos","id":55026},"time":"2021-08-17T10:44:42+0000","type":"takeover","longitude":-4.321945},{"zone":{"previousOwner":{"name":"LillaHunden","id":8662},"dateCreated":"2017-05-14T14:14:55+0000","dateLastTaken":"2021-08-17T10:44:41+0000","latitude":59.184522,"currentOwner":{"name":"LillaHunden","id":8662},"name":"Gjuteriet","id":108988,"totalTakeovers":1612,"region":{"country":"se","name":"Stockholm","id":141},"pointsPerHour":3,"longitude":17.641577,"takeoverPoints":155},"latitude":59.184522,"currentOwner":{"name":"LillaHunden","id":8662},"time":"2021-08-17T10:44:41+0000","type":"takeover","longitude":17.641577},{"zone":{"previousOwner":{"name":"TXL","id":62645},"dateCreated":"2017-07-19T20:39:06+0000","dateLastTaken":"2021-08-17T10:44:40+0000","latitude":56.394677,"currentOwner":{"name":"hoss","id":40709},"name":"Gökalund","id":115601,"totalTakeovers":351,"region":{"country":"se","name":"Kalmar","id":137},"pointsPerHour":3,"longitude":16.065607,"takeoverPoints":155},"latitude":56.394677,"currentOwner":{"name":"hoss","id":40709},"time":"2021-08-17T10:44:40+0000","type":"takeover","longitude":16.065607},{"zone":{"previousOwner":{"name":"SirDannte","id":335809},"dateCreated":"2012-06-23T23:55:24+0000","dateLastTaken":"2021-08-17T10:44:40+0000","latitude":58.53327,"currentOwner":{"name":"yxa","id":16674},"name":"VätternPier","id":9522,"totalTakeovers":2008,"region":{"country":"se","name":"Östergötland","id":139},"pointsPerHour":5,"longitude":15.039541,"takeoverPoints":125},"latitude":58.53327,"currentOwner":{"name":"yxa","id":16674},"time":"2021-08-17T10:44:40+0000","type":"takeover","longitude":15.039541},{"zone":{"previousOwner":{"name":"unic","id":121277},"dateCreated":"2020-11-18T17:34:35+0000","dateLastTaken":"2021-08-17T10:44:40+0000","latitude":56.661384,"currentOwner":{"name":"VNV_Legion","id":69470},"name":"Maneten","id":351478,"totalTakeovers":60,"region":{"country":"se","name":"Kalmar","id":137},"pointsPerHour":2,"longitude":16.478732,"takeoverPoints":170},"latitude":56.661384,"currentOwner":{"name":"VNV_Legion","id":69470},"time":"2021-08-17T10:44:40+0000","type":"takeover","longitude":16.478732},{"zone":{"previousOwner":{"name":"atomic60","id":54656},"dateCreated":"2017-12-11T17:41:08+0000","dateLastTaken":"2021-08-17T10:44:39+0000","latitude":63.810081,"currentOwner":{"name":"TantLantz","id":207479},"name":"PlayWithTroll","id":122863,"totalTakeovers":11618,"region":{"country":"se","name":"Västerbotten","id":127},"pointsPerHour":8,"longitude":20.335005,"takeoverPoints":80},"latitude":63.810081,"currentOwner":{"name":"TantLantz","id":207479},"time":"2021-08-17T10:44:39+0000","type":"takeover","longitude":20.335005},{"zone":{"previousOwner":{"name":"Snatterman","id":120690},"dateCreated":"2011-08-29T07:55:47+0000","dateLastTaken":"2021-08-17T10:44:39+0000","latitude":65.095937,"currentOwner":{"name":"Promenada","id":17576},"name":"Wildmanzone","id":1600,"totalTakeovers":4851,"region":{"country":"se","name":"Västerbotten","id":127},"pointsPerHour":5,"longitude":17.116247,"takeoverPoints":125},"latitude":65.095937,"currentOwner":{"name":"Promenada","id":17576},"time":"2021-08-17T10:44:39+0000","type":"takeover","longitude":17.116247},{"zone":{"dateCreated":"2012-05-17T10:00:00+0000","dateLastTaken":"2021-08-17T10:44:37+0000","latitude":60.394569,"currentOwner":{"name":"elhop","id":322285},"name":"BergenTorget","id":8564,"totalTakeovers":354,"region":{"country":"no","name":"Vestlandet","id":181},"pointsPerHour":1,"longitude":5.32493,"takeoverPoints":185},"latitude":60.394569,"currentOwner":{"name":"elhop","id":322285},"time":"2021-08-17T10:44:37+0000","type":"takeover","longitude":5.32493},{"zone":{"previousOwner":{"name":"ManUtd50","id":92949},"dateLastTaken":"2021-08-17T10:44:31+0000","latitude":59.605158,"totalTakeovers":8119,"pointsPerHour":7,"takeoverPoints":95,"dateCreated":"2015-01-23T06:00:00+0000","currentOwner":{"name":"Kardemumman","id":108052},"name":"InteIKyrkan","id":44096,"region":{"country":"se","name":"Västmanland","id":143},"longitude":16.517453},"latitude":59.605158,"currentOwner":{"name":"Kardemumman","id":108052},"time":"2021-08-17T10:44:31+0000","type":"takeover","longitude":16.517453},{"zone":{"previousOwner":{"name":"Kajsa-Lisa","id":285584},"dateCreated":"2017-06-06T10:00:00+0000","dateLastTaken":"2021-08-17T10:44:30+0000","latitude":59.377646,"currentOwner":{"name":"Pajje","id":283572},"name":"MjölnerTrappa","id":113833,"totalTakeovers":2182,"region":{"country":"se","name":"Stockholm","id":141},"pointsPerHour":3,"longitude":17.937875,"takeoverPoints":155},"latitude":59.377646,"currentOwner":{"name":"Pajje","id":283572},"time":"2021-08-17T10:44:30+0000","type":"takeover","longitude":17.937875},{"zone":{"previousOwner":{"name":"MonoMono","id":328075},"dateCreated":"2012-04-15T22:02:29+0000","dateLastTaken":"2021-08-17T10:44:30+0000","latitude":59.347002,"currentOwner":{"name":"torspjäsku","id":36093},"name":"Västeråsgatan","id":8238,"totalTakeovers":10432,"region":{"country":"se","name":"Stockholm","id":141},"pointsPerHour":7,"longitude":18.044161,"takeoverPoints":95},"latitude":59.347002,"currentOwner":{"name":"torspjäsku","id":36093},"time":"2021-08-17T10:44:30+0000","type":"takeover","longitude":18.044161},{"zone":{"previousOwner":{"name":"Stålblå","id":300091},"dateCreated":"2015-09-04T08:05:46+0000","dateLastTaken":"2021-08-17T10:44:30+0000","latitude":63.244254,"currentOwner":{"name":"Clipperton","id":161073},"name":"Domarhagen","id":57059,"totalTakeovers":280,"region":{"country":"se","name":"Jämtland","id":128},"pointsPerHour":2,"longitude":14.548265,"takeoverPoints":170},"latitude":63.244254,"currentOwner":{"name":"Clipperton","id":161073},"time":"2021-08-17T10:44:30+0000","type":"takeover","longitude":14.548265},{"zone":{"previousOwner":{"name":"dabbo","id":166306},"dateCreated":"2017-08-19T09:30:00+0000","dateLastTaken":"2021-08-17T10:44:26+0000","latitude":62.626465,"currentOwner":{"name":"DNA-mannen","id":335050},"name":"Härnösköld","id":117480,"totalTakeovers":583,"region":{"country":"se","name":"Västernorrland","id":145},"pointsPerHour":2,"longitude":17.929411,"takeoverPoints":170},"latitude":62.626465,"currentOwner":{"name":"DNA-mannen","id":335050},"time":"2021-08-17T10:44:26+0000","type":"takeover","longitude":17.929411},{"zone":{"previousOwner":{"name":"MrJokerit","id":81469},"dateCreated":"2020-03-16T22:00:08+0000","dateLastTaken":"2021-08-17T10:44:26+0000","latitude":57.342977,"currentOwner":{"name":"Långben64","id":94247},"name":"Ölandstroll","id":228673,"totalTakeovers":138,"region":{"country":"se","name":"Kalmar","id":137},"pointsPerHour":5,"longitude":17.118881,"takeoverPoints":125},"latitude":57.342977,"currentOwner":{"name":"Långben64","id":94247},"time":"2021-08-17T10:44:26+0000","type":"takeover","longitude":17.118881},{"zone":{"previousOwner":{"name":"kest","id":336882},"dateCreated":"2012-07-01T19:53:33+0000","dateLastTaken":"2021-08-17T10:44:26+0000","latitude":63.82721,"currentOwner":{"name":"TurfTalk","id":145495},"name":"UmeEsplanaden","id":9578,"totalTakeovers":42427,"region":{"country":"se","name":"Västerbotten","id":127},"pointsPerHour":9,"longitude":20.264437,"takeoverPoints":65},"latitude":63.82721,"currentOwner":{"name":"TurfTalk","id":145495},"time":"2021-08-17T10:44:26+0000","type":"takeover","longitude":20.264437},{"zone":{"previousOwner":{"name":"TheInquisitor","id":303322},"dateLastTaken":"2021-08-17T10:44:25+0000","latitude":55.872398,"totalTakeovers":209,"pointsPerHour":2,"takeoverPoints":170,"dateCreated":"2020-08-27T13:00:00+0000","currentOwner":{"name":"PlanetGary","id":303237},"name":"Pittendriech","id":321606,"region":{"country":"gb","name":"Scotland","id":200},"longitude":-3.090507},"latitude":55.872398,"currentOwner":{"name":"PlanetGary","id":303237},"time":"2021-08-17T10:44:25+0000","type":"takeover","longitude":-3.090507},{"zone":{"previousOwner":{"name":"bilu","id":270142},"dateCreated":"2011-02-09T15:43:01+0000","dateLastTaken":"2021-08-17T10:44:24+0000","latitude":58.416557,"currentOwner":{"name":"lhcper","id":2733},"name":"Chocopoles","id":1475,"totalTakeovers":13193,"region":{"country":"se","name":"Östergötland","id":139},"pointsPerHour":8,"longitude":15.635734,"takeoverPoints":80},"latitude":58.416557,"currentOwner":{"name":"lhcper","id":2733},"time":"2021-08-17T10:44:24+0000","type":"takeover","longitude":15.635734},{"zone":{"previousOwner":{"name":"alligatorn","id":26497},"dateCreated":"2019-02-14T00:29:28+0000","dateLastTaken":"2021-08-17T10:44:22+0000","latitude":59.35193,"currentOwner":{"name":"dho","id":23509},"name":"Gångsätra","id":179823,"totalTakeovers":2079,"region":{"country":"se","name":"Stockholm","id":141},"pointsPerHour":3,"longitude":18.149109,"takeoverPoints":155},"latitude":59.35193,"currentOwner":{"name":"dho","id":23509},"time":"2021-08-17T10:44:22+0000","type":"takeover","longitude":18.149109},{"zone":{"previousOwner":{"name":"iTurf","id":38915},"dateCreated":"2010-07-12T00:00:00+0000","dateLastTaken":"2021-08-17T10:44:21+0000","latitude":59.314928,"currentOwner":{"name":"2-mas","id":130947},"name":"MediZone","id":116,"totalTakeovers":32426,"region":{"country":"se","name":"Stockholm","id":141},"pointsPerHour":9,"longitude":18.072038,"takeoverPoints":65},"latitude":59.314928,"currentOwner":{"name":"2-mas","id":130947},"time":"2021-08-17T10:44:21+0000","type":"takeover","longitude":18.072038},{"zone":{"previousOwner":{"name":"JENZA","id":105530},"dateCreated":"2012-03-20T21:23:46+0000","dateLastTaken":"2021-08-17T10:44:17+0000","latitude":59.370288,"currentOwner":{"name":"cemo","id":319790},"name":"VinstaShop","id":7135,"totalTakeovers":10392,"region":{"country":"se","name":"Stockholm","id":141},"pointsPerHour":6,"longitude":17.858544,"takeoverPoints":110},"latitude":59.370288,"currentOwner":{"name":"cemo","id":319790},"time":"2021-08-17T10:44:17+0000","type":"takeover","longitude":17.858544},{"zone":{"previousOwner":{"name":"mrsG","id":286413},"dateCreated":"2013-09-26T21:11:29+0000","dateLastTaken":"2021-08-17T10:44:17+0000","latitude":67.130378,"currentOwner":{"name":"NixQ2","id":76139},"name":"SjukZone","id":21876,"totalTakeovers":2979,"region":{"country":"se","name":"Norrbotten","id":126},"pointsPerHour":3,"longitude":20.683138,"takeoverPoints":155},"latitude":67.130378,"currentOwner":{"name":"NixQ2","id":76139},"time":"2021-08-17T10:44:17+0000","type":"takeover","longitude":20.683138},{"zone":{"previousOwner":{"name":"knarr49","id":65339},"dateCreated":"2019-10-27T22:03:07+0000","dateLastTaken":"2021-08-17T10:44:13+0000","latitude":58.402902,"currentOwner":{"name":"Turfis","id":17586},"name":"Framnäs","id":221449,"totalTakeovers":1554,"region":{"country":"se","name":"Västra Götaland","id":132},"pointsPerHour":3,"longitude":14.148656,"takeoverPoints":155},"latitude":58.402902,"currentOwner":{"name":"Turfis","id":17586},"time":"2021-08-17T10:44:13+0000","type":"takeover","longitude":14.148656},{"zone":{"previousOwner":{"name":"jisa","id":73603},"dateCreated":"2017-01-13T05:00:00+0000","dateLastTaken":"2021-08-17T10:44:10+0000","latitude":59.327586,"currentOwner":{"name":"JeEr","id":66543},"name":"GladAgaton","id":93711,"totalTakeovers":2592,"region":{"country":"se","name":"Örebro","id":131},"pointsPerHour":5,"longitude":14.573844,"takeoverPoints":125},"latitude":59.327586,"currentOwner":{"name":"JeEr","id":66543},"time":"2021-08-17T10:44:10+0000","type":"takeover","longitude":14.573844},{"zone":{"previousOwner":{"name":"myterritory","id":54140},"dateCreated":"2013-04-11T17:01:00+0000","dateLastTaken":"2021-08-17T10:44:08+0000","latitude":56.898524,"currentOwner":{"name":"sus","id":19241},"name":"EasternCroft","id":16941,"totalTakeovers":3599,"region":{"country":"se","name":"Kronoberg","id":147},"pointsPerHour":3,"longitude":14.812324,"takeoverPoints":155},"latitude":56.898524,"currentOwner":{"name":"sus","id":19241},"time":"2021-08-17T10:44:08+0000","type":"takeover","longitude":14.812324},{"zone":{"previousOwner":{"name":"edjur","id":50729},"dateCreated":"2017-01-28T08:00:00+0000","dateLastTaken":"2021-08-17T10:44:07+0000","latitude":59.851228,"currentOwner":{"name":"Kajan","id":93753},"name":"Magnetism","id":94125,"totalTakeovers":8470,"region":{"country":"se","name":"Uppsala","id":142},"pointsPerHour":8,"longitude":17.612857,"takeoverPoints":80},"latitude":59.851228,"currentOwner":{"name":"Kajan","id":93753},"time":"2021-08-17T10:44:07+0000","type":"takeover","longitude":17.612857},{"zone":{"previousOwner":{"name":"galax","id":57332},"dateCreated":"2013-10-30T15:00:00+0000","dateLastTaken":"2021-08-17T10:44:07+0000","latitude":59.311145,"currentOwner":{"name":"LMA","id":59101},"name":"SolnasAggerud","id":22524,"totalTakeovers":10553,"region":{"country":"se","name":"Örebro","id":131},"pointsPerHour":6,"longitude":14.493345,"takeoverPoints":110},"latitude":59.311145,"currentOwner":{"name":"LMA","id":59101},"time":"2021-08-17T10:44:07+0000","type":"takeover","longitude":14.493345},{"zone":{"previousOwner":{"name":"turfJR","id":335053},"dateCreated":"2013-11-07T13:37:00+0000","dateLastTaken":"2021-08-17T10:44:04+0000","latitude":59.611082,"currentOwner":{"name":"TurfAnna","id":298882},"name":"ParkALot","id":22754,"totalTakeovers":21030,"region":{"country":"se","name":"Västmanland","id":143},"pointsPerHour":8,"longitude":16.557979,"takeoverPoints":80},"latitude":59.611082,"currentOwner":{"name":"TurfAnna","id":298882},"time":"2021-08-17T10:44:04+0000","type":"takeover","longitude":16.557979},{"zone":{"previousOwner":{"name":"SeñorDingdong","id":22427},"dateCreated":"2017-05-22T15:46:28+0000","dateLastTaken":"2021-08-17T10:44:03+0000","latitude":59.260732,"currentOwner":{"name":"Bittemi51","id":300401},"name":"Gubbkrysset","id":110873,"totalTakeovers":6918,"region":{"country":"se","name":"Stockholm","id":141},"pointsPerHour":7,"longitude":18.094997,"takeoverPoints":95},"latitude":59.260732,"currentOwner":{"name":"Bittemi51","id":300401},"time":"2021-08-17T10:44:03+0000","type":"takeover","longitude":18.094997},{"zone":{"previousOwner":{"name":"Westeras","id":4233},"dateCreated":"2010-09-04T14:41:37+0000","dateLastTaken":"2021-08-17T10:44:02+0000","latitude":59.62259,"currentOwner":{"name":"MariaP","id":86730},"name":"TenthZone","id":706,"totalTakeovers":26785,"region":{"country":"se","name":"Västmanland","id":143},"pointsPerHour":8,"longitude":16.603368,"takeoverPoints":80},"latitude":59.62259,"currentOwner":{"name":"MariaP","id":86730},"time":"2021-08-17T10:44:02+0000","type":"takeover","longitude":16.603368},{"zone":{"previousOwner":{"name":"birdbrain15","id":300303},"dateLastTaken":"2021-08-17T10:43:57+0000","latitude":53.228836,"totalTakeovers":207,"pointsPerHour":1,"takeoverPoints":185,"dateCreated":"2020-10-29T21:11:38+0000","currentOwner":{"name":"birdbrain15","id":300303},"name":"DelamereTrain","id":349105,"region":{"country":"gb","name":"North West England","id":201},"longitude":-2.666388},"latitude":53.228836,"currentOwner":{"name":"birdbrain15","id":300303},"time":"2021-08-17T10:43:57+0000","type":"takeover","longitude":-2.666388},{"zone":{"previousOwner":{"name":"ade_sSROC","id":304412},"dateCreated":"2021-02-18T21:58:53+0000","dateLastTaken":"2021-08-17T10:43:54+0000","latitude":54.046136,"currentOwner":{"name":"MiriamSROC","id":311655},"name":"WillowLane","id":381427,"totalTakeovers":124,"region":{"country":"gb","name":"North West England","id":201},"pointsPerHour":2,"longitude":-2.829407,"takeoverPoints":170},"latitude":54.046136,"currentOwner":{"name":"MiriamSROC","id":311655},"time":"2021-08-17T10:43:54+0000","type":"takeover","longitude":-2.829407},{"zone":{"previousOwner":{"name":"mummis","id":229432},"dateCreated":"2016-04-26T03:00:00+0000","dateLastTaken":"2021-08-17T10:43:48+0000","latitude":59.334661,"currentOwner":{"name":"Agneta60","id":125827},"name":"Flemfrid","id":64091,"totalTakeovers":24874,"region":{"country":"se","name":"Stockholm","id":141},"pointsPerHour":9,"longitude":18.030841,"takeoverPoints":65},"latitude":59.334661,"currentOwner":{"name":"Agneta60","id":125827},"time":"2021-08-17T10:43:48+0000","type":"takeover","longitude":18.030841},{"zone":{"previousOwner":{"name":"cceecilia","id":46668},"dateCreated":"2013-07-18T15:47:48+0000","dateLastTaken":"2021-08-17T10:43:48+0000","latitude":59.647022,"currentOwner":{"name":"FlitigaTobbe","id":48872},"name":"Solrosen","id":20849,"totalTakeovers":12486,"region":{"country":"se","name":"Västmanland","id":143},"pointsPerHour":6,"longitude":16.550177,"takeoverPoints":110},"latitude":59.647022,"currentOwner":{"name":"FlitigaTobbe","id":48872},"time":"2021-08-17T10:43:48+0000","type":"takeover","longitude":16.550177},{"zone":{"previousOwner":{"name":"SSK","id":281675},"dateCreated":"2013-12-24T15:00:00+0000","dateLastTaken":"2021-08-17T10:43:43+0000","latitude":57.308993,"currentOwner":{"name":"Cat'sEye","id":212339},"name":"Pirspetsen","id":24382,"totalTakeovers":278,"region":{"country":"se","name":"Gotland","id":138},"pointsPerHour":3,"longitude":18.148152,"takeoverPoints":155},"latitude":57.308993,"currentOwner":{"name":"Cat'sEye","id":212339},"time":"2021-08-17T10:43:43+0000","type":"takeover","longitude":18.148152},{"zone":{"previousOwner":{"name":"Autumnman","id":194327},"dateLastTaken":"2021-08-17T10:43:43+0000","latitude":60.096897,"totalTakeovers":22335,"pointsPerHour":8,"takeoverPoints":80,"dateCreated":"2014-10-14T21:50:02+0000","currentOwner":{"name":"SkippyB","id":312877},"name":"Alexandrovna","id":38335,"region":{"country":"fi","name":"Åland","id":177},"longitude":19.943385},"latitude":60.096897,"currentOwner":{"name":"SkippyB","id":312877},"time":"2021-08-17T10:43:43+0000","type":"takeover","longitude":19.943385},{"zone":{"previousOwner":{"name":"Ztina","id":312699},"dateCreated":"2014-12-24T09:00:00+0000","dateLastTaken":"2021-08-17T10:43:40+0000","latitude":58.383225,"currentOwner":{"name":"sls_ilves","id":85317},"name":"KavelbroSport","id":43146,"totalTakeovers":1818,"region":{"country":"se","name":"Västra Götaland","id":132},"pointsPerHour":3,"longitude":13.865491,"takeoverPoints":155},"latitude":58.383225,"currentOwner":{"name":"sls_ilves","id":85317},"time":"2021-08-17T10:43:40+0000","type":"takeover","longitude":13.865491},{"zone":{"previousOwner":{"name":"MrTJ","id":51633},"dateCreated":"2012-02-09T18:45:45+0000","dateLastTaken":"2021-08-17T10:43:35+0000","latitude":63.826687,"currentOwner":{"name":"kest","id":336882},"name":"UmeJudge","id":6160,"totalTakeovers":25739,"region":{"country":"se","name":"Västerbotten","id":127},"pointsPerHour":9,"longitude":20.254238,"takeoverPoints":65},"latitude":63.826687,"currentOwner":{"name":"kest","id":336882},"time":"2021-08-17T10:43:35+0000","type":"takeover","longitude":20.254238},{"zone":{"previousOwner":{"name":"Emjbee","id":311829},"dateCreated":"2020-12-21T19:40:02+0000","dateLastTaken":"2021-08-17T10:43:35+0000","latitude":57.152284,"currentOwner":{"name":"Strac","id":302230},"name":"BroadieBrae","id":358016,"totalTakeovers":881,"region":{"country":"gb","name":"Scotland","id":200},"pointsPerHour":4,"longitude":-2.306811,"takeoverPoints":140},"latitude":57.152284,"currentOwner":{"name":"Strac","id":302230},"time":"2021-08-17T10:43:35+0000","type":"takeover","longitude":-2.306811},{"zone":{"previousOwner":{"name":"Xoff","id":103201},"dateLastTaken":"2021-08-17T10:43:30+0000","latitude":65.31684,"totalTakeovers":11971,"pointsPerHour":7,"takeoverPoints":95,"dateCreated":"2014-12-24T11:00:00+0000","currentOwner":{"name":"Uffeärextrem","id":13458},"name":"BoströmsByst","id":38271,"region":{"country":"se","name":"Norrbotten","id":126},"longitude":21.479097},"latitude":65.31684,"currentOwner":{"name":"Uffeärextrem","id":13458},"time":"2021-08-17T10:43:30+0000","type":"takeover","longitude":21.479097},{"zone":{"previousOwner":{"name":"Xoff","id":103201},"dateCreated":"2011-07-07T20:53:32+0000","dateLastTaken":"2021-08-17T10:43:30+0000","latitude":65.315977,"currentOwner":{"name":"Tolstoj","id":326373},"name":"PiteSquare","id":1922,"totalTakeovers":14450,"region":{"country":"se","name":"Norrbotten","id":126},"pointsPerHour":7,"longitude":21.483173,"takeoverPoints":95},"latitude":65.315977,"currentOwner":{"name":"Tolstoj","id":326373},"time":"2021-08-17T10:43:30+0000","type":"takeover","longitude":21.483173},{"zone":{"previousOwner":{"name":"SirDannte","id":335809},"dateCreated":"2017-12-31T09:00:00+0000","dateLastTaken":"2021-08-17T10:43:29+0000","latitude":58.534841,"currentOwner":{"name":"yxa","id":16674},"name":"Kanalparken","id":139327,"totalTakeovers":961,"region":{"country":"se","name":"Östergötland","id":139},"pointsPerHour":6,"longitude":15.041762,"takeoverPoints":110},"latitude":58.534841,"currentOwner":{"name":"yxa","id":16674},"time":"2021-08-17T10:43:29+0000","type":"takeover","longitude":15.041762},{"zone":{"previousOwner":{"name":"Brunch","id":242696},"dateCreated":"2012-04-11T22:47:22+0000","dateLastTaken":"2021-08-17T10:43:25+0000","latitude":62.393018,"currentOwner":{"name":"BlackFlag","id":337119},"name":"Zonsvall","id":8090,"totalTakeovers":9354,"region":{"country":"se","name":"Västernorrland","id":145},"pointsPerHour":5,"longitude":17.297391,"takeoverPoints":125},"latitude":62.393018,"currentOwner":{"name":"BlackFlag","id":337119},"time":"2021-08-17T10:43:25+0000","type":"takeover","longitude":17.297391},{"zone":{"previousOwner":{"name":"Gåsen","id":75543},"dateCreated":"2019-12-25T06:45:26+0000","dateLastTaken":"2021-08-17T10:43:22+0000","latitude":58.41697,"currentOwner":{"name":"lhcper","id":2733},"name":"Bandycykel","id":223802,"totalTakeovers":3685,"region":{"country":"se","name":"Östergötland","id":139},"pointsPerHour":7,"longitude":15.630897,"takeoverPoints":95},"latitude":58.41697,"currentOwner":{"name":"lhcper","id":2733},"time":"2021-08-17T10:43:22+0000","type":"takeover","longitude":15.630897},{"zone":{"previousOwner":{"name":"madam","id":71120},"dateLastTaken":"2021-08-17T10:43:22+0000","latitude":59.290017,"totalTakeovers":11490,"pointsPerHour":7,"takeoverPoints":95,"dateCreated":"2013-12-31T23:00:00+0000","currentOwner":{"name":"Express","id":226663},"name":"MaraboooRiver","id":24582,"region":{"country":"se","name":"Örebro","id":131},"longitude":15.212607},"latitude":59.290017,"currentOwner":{"name":"Express","id":226663},"time":"2021-08-17T10:43:22+0000","type":"takeover","longitude":15.212607},{"zone":{"previousOwner":{"name":"Groda66","id":317525},"dateCreated":"2014-05-01T10:07:35+0000","dateLastTaken":"2021-08-17T10:43:21+0000","latitude":59.630635,"currentOwner":{"name":"redlands","id":334043},"name":"MotSätuna","id":28769,"totalTakeovers":4551,"region":{"country":"se","name":"Stockholm","id":141},"pointsPerHour":6,"longitude":17.859325,"takeoverPoints":110},"latitude":59.630635,"currentOwner":{"name":"redlands","id":334043},"time":"2021-08-17T10:43:21+0000","type":"takeover","longitude":17.859325},{"zone":{"previousOwner":{"name":"Gustaf50","id":109045},"dateCreated":"2018-06-15T06:25:47+0000","dateLastTaken":"2021-08-17T10:43:19+0000","latitude":59.240612,"currentOwner":{"name":"sofie-dfs","id":304459},"name":"Stolpträff","id":154195,"totalTakeovers":2801,"region":{"country":"se","name":"Örebro","id":131},"pointsPerHour":6,"longitude":14.445131,"takeoverPoints":110},"latitude":59.240612,"currentOwner":{"name":"sofie-dfs","id":304459},"time":"2021-08-17T10:43:19+0000","type":"takeover","longitude":14.445131},{"zone":{"previousOwner":{"name":"atomic60","id":54656},"dateCreated":"2013-02-21T21:15:58+0000","dateLastTaken":"2021-08-17T10:43:19+0000","latitude":63.812198,"currentOwner":{"name":"TantLantz","id":207479},"name":"Tomtekorset","id":15114,"totalTakeovers":22488,"region":{"country":"se","name":"Västerbotten","id":127},"pointsPerHour":8,"longitude":20.334469,"takeoverPoints":80},"latitude":63.812198,"currentOwner":{"name":"TantLantz","id":207479},"time":"2021-08-17T10:43:19+0000","type":"takeover","longitude":20.334469},{"zone":{"previousOwner":{"name":"olds425","id":317608},"dateCreated":"2013-04-28T10:10:00+0000","dateLastTaken":"2021-08-17T10:43:17+0000","latitude":59.622215,"currentOwner":{"name":"snattarn","id":141073},"name":"Fredhem","id":17546,"totalTakeovers":9476,"region":{"country":"se","name":"Västmanland","id":143},"pointsPerHour":6,"longitude":16.236482,"takeoverPoints":110},"latitude":59.622215,"currentOwner":{"name":"snattarn","id":141073},"time":"2021-08-17T10:43:17+0000","type":"takeover","longitude":16.236482},{"zone":{"previousOwner":{"name":"hunden2berry","id":124460},"dateCreated":"2014-05-30T23:03:29+0000","dateLastTaken":"2021-08-17T10:43:17+0000","latitude":59.241982,"currentOwner":{"name":"AndreaP","id":243464},"name":"TyresöTorg","id":30876,"totalTakeovers":1956,"region":{"country":"se","name":"Stockholm","id":141},"pointsPerHour":4,"longitude":18.284214,"takeoverPoints":140},"latitude":59.241982,"currentOwner":{"name":"AndreaP","id":243464},"time":"2021-08-17T10:43:17+0000","type":"takeover","longitude":18.284214},{"zone":{"previousOwner":{"name":"Orresta","id":5596},"dateLastTaken":"2021-08-17T10:43:16+0000","latitude":63.430496,"totalTakeovers":1373,"pointsPerHour":2,"takeoverPoints":170,"dateCreated":"2012-05-17T10:00:08+0000","currentOwner":{"name":"RDP","id":264674},"name":"TrondSquare","id":8738,"region":{"country":"no","name":"Trøndelag","id":182},"longitude":10.395056},"latitude":63.430496,"currentOwner":{"name":"RDP","id":264674},"time":"2021-08-17T10:43:16+0000","type":"takeover","longitude":10.395056},{"zone":{"previousOwner":{"name":"PEKOMON","id":184856},"dateCreated":"2011-03-02T17:20:52+0000","dateLastTaken":"2021-08-17T10:43:11+0000","latitude":58.756019,"currentOwner":{"name":"derdlim","id":117540},"name":"NewEast","id":1535,"totalTakeovers":8058,"region":{"country":"se","name":"Södermanland","id":140},"pointsPerHour":6,"longitude":17.018985,"takeoverPoints":110},"latitude":58.756019,"currentOwner":{"name":"derdlim","id":117540},"time":"2021-08-17T10:43:11+0000","type":"takeover","longitude":17.018985},{"zone":{"previousOwner":{"name":"floramcml","id":175148},"dateLastTaken":"2021-08-17T10:43:11+0000","latitude":59.832556,"totalTakeovers":218,"pointsPerHour":2,"takeoverPoints":170,"dateCreated":"2014-04-28T09:00:00+0000","currentOwner":{"name":"Battigoal","id":55564},"name":"StarStream","id":28631,"region":{"country":"se","name":"Örebro","id":131},"longitude":14.997954},"latitude":59.832556,"currentOwner":{"name":"Battigoal","id":55564},"time":"2021-08-17T10:43:11+0000","type":"takeover","longitude":14.997954},{"zone":{"previousOwner":{"name":"takayama","id":253773},"dateLastTaken":"2021-08-17T10:43:11+0000","latitude":60.236885,"totalTakeovers":98,"pointsPerHour":1,"takeoverPoints":185,"dateCreated":"2017-06-10T03:00:00+0000","currentOwner":{"name":"FilleFilur","id":87170},"name":"MBWood","id":114055,"region":{"country":"fi","name":"Etelä-Suomi","id":185},"longitude":24.868976},"latitude":60.236885,"currentOwner":{"name":"FilleFilur","id":87170},"time":"2021-08-17T10:43:11+0000","type":"takeover","longitude":24.868976},{"zone":{"previousOwner":{"name":"gå-for-it","id":48607},"dateCreated":"2014-02-13T22:49:26+0000","dateLastTaken":"2021-08-17T10:43:10+0000","latitude":59.412982,"currentOwner":{"name":"DaHunter","id":95577},"name":"NorraSidan","id":25373,"totalTakeovers":2838,"region":{"country":"se","name":"Stockholm","id":141},"pointsPerHour":3,"longitude":17.842631,"takeoverPoints":155},"latitude":59.412982,"currentOwner":{"name":"DaHunter","id":95577},"time":"2021-08-17T10:43:10+0000","type":"takeover","longitude":17.842631},{"zone":{"previousOwner":{"name":"grock","id":189790},"dateLastTaken":"2021-08-17T10:43:08+0000","latitude":65.629015,"totalTakeovers":1611,"pointsPerHour":4,"takeoverPoints":140,"dateCreated":"2013-12-24T11:00:09+0000","currentOwner":{"name":"ellgesr","id":181127},"name":"BjörsbyBridge","id":24146,"region":{"country":"se","name":"Norrbotten","id":126},"longitude":22.14377},"latitude":65.629015,"currentOwner":{"name":"ellgesr","id":181127},"time":"2021-08-17T10:43:08+0000","type":"takeover","longitude":22.14377},{"zone":{"previousOwner":{"name":"friskluftarn","id":229020},"dateCreated":"2014-12-24T11:00:00+0000","dateLastTaken":"2021-08-17T10:43:06+0000","latitude":64.748245,"currentOwner":{"name":"Sledge","id":241272},"name":"HörnelisPlums","id":42960,"totalTakeovers":8384,"region":{"country":"se","name":"Västerbotten","id":127},"pointsPerHour":7,"longitude":20.955132,"takeoverPoints":95},"latitude":64.748245,"currentOwner":{"name":"Sledge","id":241272},"time":"2021-08-17T10:43:06+0000","type":"takeover","longitude":20.955132},{"zone":{"previousOwner":{"name":"lhcper","id":2733},"dateCreated":"2012-04-12T22:59:51+0000","dateLastTaken":"2021-08-17T10:43:05+0000","latitude":58.616245,"currentOwner":{"name":"Arbor","id":47203},"name":"PampusWood","id":8162,"totalTakeovers":1281,"region":{"country":"se","name":"Östergötland","id":139},"pointsPerHour":3,"longitude":16.251528,"takeoverPoints":155},"latitude":58.616245,"currentOwner":{"name":"Arbor","id":47203},"time":"2021-08-17T10:43:05+0000","type":"takeover","longitude":16.251528},{"zone":{"previousOwner":{"name":"knarr49","id":65339},"dateCreated":"2020-05-17T19:25:28+0000","dateLastTaken":"2021-08-17T10:43:05+0000","latitude":58.401779,"currentOwner":{"name":"Turfis","id":17586},"name":"Bråtakurvan","id":296269,"totalTakeovers":1293,"region":{"country":"se","name":"Västra Götaland","id":132},"pointsPerHour":3,"longitude":14.152436,"takeoverPoints":155},"latitude":58.401779,"currentOwner":{"name":"Turfis","id":17586},"time":"2021-08-17T10:43:05+0000","type":"takeover","longitude":14.152436},{"zone":{"previousOwner":{"name":"PerS","id":123305},"dateCreated":"2021-02-03T15:26:48+0000","dateLastTaken":"2021-08-17T10:43:04+0000","latitude":55.634413,"currentOwner":{"name":"Gooseson","id":46962},"name":"Sommarbyn","id":381067,"totalTakeovers":73,"region":{"country":"se","name":"Skåne","id":135},"pointsPerHour":3,"longitude":13.656046,"takeoverPoints":155},"latitude":55.634413,"currentOwner":{"name":"Gooseson","id":46962},"time":"2021-08-17T10:43:04+0000","type":"takeover","longitude":13.656046},{"zone":{"previousOwner":{"name":"Katimati","id":278916},"dateCreated":"2010-10-15T00:00:00+0000","dateLastTaken":"2021-08-17T10:42:57+0000","latitude":63.825537,"currentOwner":{"name":"atomic60","id":54656},"name":"Rockhome","id":997,"totalTakeovers":9685,"region":{"country":"se","name":"Västerbotten","id":127},"pointsPerHour":7,"longitude":20.301564,"takeoverPoints":95},"latitude":63.825537,"currentOwner":{"name":"atomic60","id":54656},"time":"2021-08-17T10:42:57+0000","type":"takeover","longitude":20.301564},{"zone":{"previousOwner":{"name":"Storfiskaren","id":145580},"dateCreated":"2013-02-10T00:00:00+0000","dateLastTaken":"2021-08-17T10:42:55+0000","latitude":60.672463,"currentOwner":{"name":"gejjj","id":232416},"name":"AverageJoe","id":14483,"totalTakeovers":14102,"region":{"country":"se","name":"Gävleborg","id":144},"pointsPerHour":6,"longitude":17.152062,"takeoverPoints":110},"latitude":60.672463,"currentOwner":{"name":"gejjj","id":232416},"time":"2021-08-17T10:42:55+0000","type":"takeover","longitude":17.152062},{"zone":{"previousOwner":{"name":"Florence","id":70365},"dateLastTaken":"2021-08-17T10:42:48+0000","latitude":59.199849,"totalTakeovers":3482,"pointsPerHour":4,"takeoverPoints":140,"dateCreated":"2015-04-03T21:11:30+0000","currentOwner":{"name":"roqan","id":227749},"name":"InteSåNära","id":47788,"region":{"country":"se","name":"Stockholm","id":141},"longitude":17.628593},"latitude":59.199849,"currentOwner":{"name":"roqan","id":227749},"time":"2021-08-17T10:42:48+0000","type":"takeover","longitude":17.628593},{"zone":{"previousOwner":{"name":"eplkurt","id":32644},"dateCreated":"2011-09-03T19:20:52+0000","dateLastTaken":"2021-08-17T10:42:48+0000","latitude":64.745377,"currentOwner":{"name":"illond","id":253612},"name":"BeastZone","id":3000,"totalTakeovers":5960,"region":{"country":"se","name":"Västerbotten","id":127},"pointsPerHour":6,"longitude":20.998872,"takeoverPoints":110},"latitude":64.745377,"currentOwner":{"name":"illond","id":253612},"time":"2021-08-17T10:42:48+0000","type":"takeover","longitude":20.998872},{"zone":{"previousOwner":{"name":"Nrgve","id":143951},"dateLastTaken":"2021-08-17T10:42:48+0000","latitude":67.128937,"totalTakeovers":2893,"pointsPerHour":3,"takeoverPoints":155,"dateCreated":"2016-04-13T22:31:25+0000","currentOwner":{"name":"NixQ2","id":76139},"name":"Pluppbron","id":65984,"region":{"country":"se","name":"Norrbotten","id":126},"longitude":20.679265},"latitude":67.128937,"currentOwner":{"name":"NixQ2","id":76139},"time":"2021-08-17T10:42:48+0000","type":"takeover","longitude":20.679265},{"zone":{"previousOwner":{"name":"Spito","id":329454},"dateCreated":"2012-09-23T06:18:33+0000","dateLastTaken":"2021-08-17T10:42:46+0000","latitude":57.71115,"currentOwner":{"name":"bonna","id":254021},"name":"BommensTorg","id":11453,"totalTakeovers":20606,"region":{"country":"se","name":"Västra Götaland","id":132},"pointsPerHour":8,"longitude":11.966546,"takeoverPoints":80},"latitude":57.71115,"currentOwner":{"name":"bonna","id":254021},"time":"2021-08-17T10:42:46+0000","type":"takeover","longitude":11.966546},{"zone":{"dateCreated":"2014-04-06T11:00:00+0000","dateLastTaken":"2021-08-17T10:42:44+0000","latitude":51.46478,"currentOwner":{"name":"sleepdep","id":303150},"name":"GraftonSq","id":26301,"totalTakeovers":32,"region":{"country":"gb","name":"Greater London","id":207},"pointsPerHour":1,"longitude":-0.139048,"takeoverPoints":185},"latitude":51.46478,"currentOwner":{"name":"sleepdep","id":303150},"time":"2021-08-17T10:42:44+0000","type":"takeover","longitude":-0.139048},{"zone":{"previousOwner":{"name":"Karuin","id":112194},"dateCreated":"2012-11-20T11:00:00+0000","dateLastTaken":"2021-08-17T10:42:41+0000","latitude":59.379439,"currentOwner":{"name":"TobyWalle","id":318147},"name":"MälarroadZone","id":12002,"totalTakeovers":3132,"region":{"country":"se","name":"Södermanland","id":140},"pointsPerHour":6,"longitude":16.523949,"takeoverPoints":110},"latitude":59.379439,"currentOwner":{"name":"TobyWalle","id":318147},"time":"2021-08-17T10:42:41+0000","type":"takeover","longitude":16.523949},{"zone":{"previousOwner":{"name":"Granbero","id":113364},"dateCreated":"2018-08-13T05:00:00+0000","dateLastTaken":"2021-08-17T10:42:40+0000","latitude":57.734135,"currentOwner":{"name":"Styret62","id":211342},"name":"Hundtrollet","id":155882,"totalTakeovers":1293,"region":{"country":"se","name":"Kalmar","id":137},"pointsPerHour":4,"longitude":16.654029,"takeoverPoints":140},"latitude":57.734135,"currentOwner":{"name":"Styret62","id":211342},"time":"2021-08-17T10:42:40+0000","type":"takeover","longitude":16.654029},{"zone":{"previousOwner":{"name":"Chianti","id":198600},"dateLastTaken":"2021-08-17T10:42:38+0000","latitude":58.417946,"totalTakeovers":12409,"pointsPerHour":8,"takeoverPoints":80,"dateCreated":"2010-08-03T00:00:00+0000","currentOwner":{"name":"lhcper","id":2733},"name":"Gumpekullabro","id":105,"region":{"country":"se","name":"Östergötland","id":139},"longitude":15.627643},"latitude":58.417946,"currentOwner":{"name":"lhcper","id":2733},"time":"2021-08-17T10:42:38+0000","type":"takeover","longitude":15.627643},{"zone":{"previousOwner":{"name":"Slöfocken","id":96102},"dateCreated":"2015-03-07T12:32:56+0000","dateLastTaken":"2021-08-17T10:42:37+0000","latitude":57.775752,"currentOwner":{"name":"Madizon","id":52958},"name":"Skogshagen","id":45944,"totalTakeovers":11643,"region":{"country":"se","name":"Kalmar","id":137},"pointsPerHour":6,"longitude":16.609783,"takeoverPoints":110},"latitude":57.775752,"currentOwner":{"name":"Madizon","id":52958},"time":"2021-08-17T10:42:37+0000","type":"takeover","longitude":16.609783},{"zone":{"previousOwner":{"name":"Rykken_vettu","id":225752},"dateCreated":"2013-12-24T16:00:00+0000","dateLastTaken":"2021-08-17T10:42:35+0000","latitude":59.60621,"currentOwner":{"name":"miss_u","id":226228},"name":"AgnesValley","id":24196,"totalTakeovers":5362,"region":{"country":"se","name":"Västmanland","id":143},"pointsPerHour":5,"longitude":16.211037,"takeoverPoints":125},"latitude":59.60621,"currentOwner":{"name":"miss_u","id":226228},"time":"2021-08-17T10:42:35+0000","type":"takeover","longitude":16.211037},{"zone":{"previousOwner":{"name":"vontratt","id":228655},"dateCreated":"2013-11-01T22:36:05+0000","dateLastTaken":"2021-08-17T10:42:26+0000","latitude":60.112696,"currentOwner":{"name":"fhoenix","id":336187},"name":"ToHammerland","id":22625,"totalTakeovers":5353,"region":{"country":"fi","name":"Åland","id":177},"pointsPerHour":6,"longitude":19.914812,"takeoverPoints":110},"latitude":60.112696,"currentOwner":{"name":"fhoenix","id":336187},"time":"2021-08-17T10:42:26+0000","type":"takeover","longitude":19.914812},{"zone":{"previousOwner":{"name":"IrenePanik","id":292165},"dateCreated":"2013-10-23T17:31:12+0000","dateLastTaken":"2021-08-17T10:42:21+0000","latitude":58.590439,"currentOwner":{"name":"Wave","id":53963},"name":"SkvallerZone","id":22319,"totalTakeovers":12402,"region":{"country":"se","name":"Östergötland","id":139},"pointsPerHour":8,"longitude":16.178239,"takeoverPoints":80},"latitude":58.590439,"currentOwner":{"name":"Wave","id":53963},"time":"2021-08-17T10:42:21+0000","type":"takeover","longitude":16.178239},{"zone":{"previousOwner":{"name":"Traveller","id":220699},"dateLastTaken":"2021-08-17T10:42:19+0000","latitude":59.365049,"totalTakeovers":19878,"pointsPerHour":8,"takeoverPoints":80,"dateCreated":"2010-11-12T07:52:34+0000","currentOwner":{"name":"greensmurf","id":305816},"name":"SolnaZone","id":1081,"region":{"country":"se","name":"Stockholm","id":141},"longitude":18.010086},"latitude":59.365049,"currentOwner":{"name":"greensmurf","id":305816},"time":"2021-08-17T10:42:19+0000","type":"takeover","longitude":18.010086},{"zone":{"previousOwner":{"name":"cceecilia","id":46668},"dateCreated":"2018-05-18T17:46:52+0000","dateLastTaken":"2021-08-17T10:42:16+0000","latitude":59.646333,"currentOwner":{"name":"FlitigaTobbe","id":48872},"name":"NorraGryta","id":150653,"totalTakeovers":3590,"region":{"country":"se","name":"Västmanland","id":143},"pointsPerHour":6,"longitude":16.554887,"takeoverPoints":110},"latitude":59.646333,"currentOwner":{"name":"FlitigaTobbe","id":48872},"time":"2021-08-17T10:42:16+0000","type":"takeover","longitude":16.554887},{"zone":{"previousOwner":{"name":"Regatan","id":255247},"dateLastTaken":"2021-08-17T10:42:16+0000","latitude":60.129823,"totalTakeovers":11258,"pointsPerHour":8,"takeoverPoints":80,"dateCreated":"2013-05-05T20:54:27+0000","currentOwner":{"name":"Anna-Hannele","id":336270},"name":"Walkinge","id":17873,"region":{"country":"fi","name":"Åland","id":177},"longitude":19.933909},"latitude":60.129823,"currentOwner":{"name":"Anna-Hannele","id":336270},"time":"2021-08-17T10:42:16+0000","type":"takeover","longitude":19.933909},{"zone":{"previousOwner":{"name":"galax","id":57332},"dateCreated":"2013-10-09T06:00:21+0000","dateLastTaken":"2021-08-17T10:42:13+0000","latitude":59.314536,"currentOwner":{"name":"LMA","id":59101},"name":"BaggSkranta","id":22071,"totalTakeovers":11743,"region":{"country":"se","name":"Örebro","id":131},"pointsPerHour":6,"longitude":14.493849,"takeoverPoints":110},"latitude":59.314536,"currentOwner":{"name":"LMA","id":59101},"time":"2021-08-17T10:42:13+0000","type":"takeover","longitude":14.493849},{"zone":{"previousOwner":{"name":"Ztina","id":312699},"dateCreated":"2013-11-21T06:16:11+0000","dateLastTaken":"2021-08-17T10:42:13+0000","latitude":58.385078,"currentOwner":{"name":"sls_ilves","id":85317},"name":"Kavelbro","id":23225,"totalTakeovers":2119,"region":{"country":"se","name":"Västra Götaland","id":132},"pointsPerHour":3,"longitude":13.861394,"takeoverPoints":155},"latitude":58.385078,"currentOwner":{"name":"sls_ilves","id":85317},"time":"2021-08-17T10:42:13+0000","type":"takeover","longitude":13.861394},{"zone":{"previousOwner":{"name":"SirDannte","id":335809},"dateCreated":"2010-10-16T00:00:00+0000","dateLastTaken":"2021-08-17T10:42:09+0000","latitude":58.534673,"currentOwner":{"name":"yxa","id":16674},"name":"HermeZone","id":832,"totalTakeovers":2913,"region":{"country":"se","name":"Östergötland","id":139},"pointsPerHour":5,"longitude":15.045451,"takeoverPoints":125},"latitude":58.534673,"currentOwner":{"name":"yxa","id":16674},"time":"2021-08-17T10:42:09+0000","type":"takeover","longitude":15.045451},{"zone":{"previousOwner":{"name":"stinabus","id":93156},"dateCreated":"2010-09-30T22:00:02+0000","dateLastTaken":"2021-08-17T10:42:08+0000","latitude":58.395583,"currentOwner":{"name":"Tipsy","id":79355},"name":"JohannelundC","id":869,"totalTakeovers":26274,"region":{"country":"se","name":"Östergötland","id":139},"pointsPerHour":7,"longitude":15.661612,"takeoverPoints":95},"latitude":58.395583,"currentOwner":{"name":"Tipsy","id":79355},"time":"2021-08-17T10:42:08+0000","type":"takeover","longitude":15.661612},{"zone":{"previousOwner":{"name":"Flippety","id":288244},"dateCreated":"2017-06-06T10:00:00+0000","dateLastTaken":"2021-08-17T10:42:05+0000","latitude":56.561743,"currentOwner":{"name":"BirgittaS","id":31552},"name":"SeeMooseAss","id":113926,"totalTakeovers":227,"region":{"country":"se","name":"Kronoberg","id":147},"pointsPerHour":2,"longitude":13.722562,"takeoverPoints":170},"latitude":56.561743,"currentOwner":{"name":"BirgittaS","id":31552},"time":"2021-08-17T10:42:05+0000","type":"takeover","longitude":13.722562},{"zone":{"previousOwner":{"name":"Korpens","id":124494},"dateCreated":"2018-10-18T09:03:26+0000","dateLastTaken":"2021-08-17T10:42:04+0000","latitude":59.218667,"currentOwner":{"name":"skallra","id":161676},"name":"Världsmat","id":176286,"totalTakeovers":1658,"region":{"country":"se","name":"Stockholm","id":141},"pointsPerHour":4,"longitude":18.210758,"takeoverPoints":140},"latitude":59.218667,"currentOwner":{"name":"skallra","id":161676},"time":"2021-08-17T10:42:04+0000","type":"takeover","longitude":18.210758},{"zone":{"previousOwner":{"name":"Oxid","id":200662},"dateLastTaken":"2021-08-17T10:42:02+0000","latitude":59.869025,"totalTakeovers":8952,"pointsPerHour":7,"takeoverPoints":95,"dateCreated":"2011-11-05T17:16:15+0000","currentOwner":{"name":"Mans_katten","id":97721},"name":"SalaBacke","id":4556,"region":{"country":"se","name":"Uppsala","id":142},"longitude":17.668413},"latitude":59.869025,"currentOwner":{"name":"Mans_katten","id":97721},"time":"2021-08-17T10:42:02+0000","type":"takeover","longitude":17.668413},{"zone":{"previousOwner":{"name":"TORSÅS","id":38069},"dateCreated":"2020-12-31T16:45:30+0000","dateLastTaken":"2021-08-17T10:42:00+0000","latitude":56.392766,"currentOwner":{"name":"hoss","id":40709},"name":"BergkvaraÄng","id":361183,"totalTakeovers":47,"region":{"country":"se","name":"Kalmar","id":137},"pointsPerHour":3,"longitude":16.071525,"takeoverPoints":155},"latitude":56.392766,"currentOwner":{"name":"hoss","id":40709},"time":"2021-08-17T10:42:00+0000","type":"takeover","longitude":16.071525},{"zone":{"previousOwner":{"name":"ddraig","id":313417},"dateCreated":"2013-06-06T12:00:00+0000","dateLastTaken":"2021-08-17T10:41:59+0000","latitude":51.616583,"currentOwner":{"name":"ddriag","id":317602},"name":"ClarenceZone","id":13137,"totalTakeovers":174,"region":{"country":"gb","name":"Wales","id":198},"pointsPerHour":1,"longitude":-3.94689,"takeoverPoints":185},"latitude":51.616583,"currentOwner":{"name":"ddriag","id":317602},"time":"2021-08-17T10:41:59+0000","type":"takeover","longitude":-3.94689},{"zone":{"previousOwner":{"name":"gå-for-it","id":48607},"dateCreated":"2013-11-10T23:34:50+0000","dateLastTaken":"2021-08-17T10:41:56+0000","latitude":59.411102,"currentOwner":{"name":"DaHunter","id":95577},"name":"JakanSyd","id":22832,"totalTakeovers":3932,"region":{"country":"se","name":"Stockholm","id":141},"pointsPerHour":5,"longitude":17.8502,"takeoverPoints":125},"latitude":59.411102,"currentOwner":{"name":"DaHunter","id":95577},"time":"2021-08-17T10:41:56+0000","type":"takeover","longitude":17.8502},{"zone":{"previousOwner":{"name":"ecoton","id":93277},"dateCreated":"2011-12-19T21:04:37+0000","dateLastTaken":"2021-08-17T10:41:55+0000","latitude":56.898545,"currentOwner":{"name":"sus","id":19241},"name":"PepperRoad","id":5415,"totalTakeovers":5981,"region":{"country":"se","name":"Kronoberg","id":147},"pointsPerHour":4,"longitude":14.80507,"takeoverPoints":140},"latitude":56.898545,"currentOwner":{"name":"sus","id":19241},"time":"2021-08-17T10:41:55+0000","type":"takeover","longitude":14.80507},{"zone":{"previousOwner":{"name":"Drylaw13","id":336548},"dateCreated":"2021-01-28T08:00:00+0000","dateLastTaken":"2021-08-17T10:41:54+0000","latitude":55.954433,"currentOwner":{"name":"Tandem","id":303714},"name":"AmisfieldExit","id":374013,"totalTakeovers":123,"region":{"country":"gb","name":"Scotland","id":200},"pointsPerHour":2,"longitude":-2.748734,"takeoverPoints":170},"latitude":55.954433,"currentOwner":{"name":"Tandem","id":303714},"time":"2021-08-17T10:41:54+0000","type":"takeover","longitude":-2.748734},{"zone":{"previousOwner":{"name":"gåråstår","id":226619},"dateLastTaken":"2021-08-17T10:41:50+0000","latitude":58.389283,"totalTakeovers":10175,"pointsPerHour":6,"takeoverPoints":110,"dateCreated":"2010-09-30T22:00:02+0000","currentOwner":{"name":"Ztina","id":312699},"name":"StHelena","id":839,"region":{"country":"se","name":"Västra Götaland","id":132},"longitude":13.846656},"latitude":58.389283,"currentOwner":{"name":"Ztina","id":312699},"time":"2021-08-17T10:41:50+0000","type":"takeover","longitude":13.846656},{"zone":{"previousOwner":{"name":"AudioPelle","id":63238},"dateCreated":"2017-07-02T04:00:00+0000","dateLastTaken":"2021-08-17T10:41:47+0000","latitude":57.424572,"currentOwner":{"name":"AngelOfMercy","id":95683},"name":"Quagmire","id":115085,"totalTakeovers":1149,"region":{"country":"se","name":"Jönköping","id":133},"pointsPerHour":1,"longitude":14.092512,"takeoverPoints":185},"latitude":57.424572,"currentOwner":{"name":"AngelOfMercy","id":95683},"time":"2021-08-17T10:41:47+0000","type":"takeover","longitude":14.092512},{"zone":{"previousOwner":{"name":"madam","id":71120},"dateCreated":"2013-07-29T16:00:00+0000","dateLastTaken":"2021-08-17T10:41:45+0000","latitude":59.287853,"currentOwner":{"name":"Express","id":226663},"name":"Stålgatan","id":20961,"totalTakeovers":12349,"region":{"country":"se","name":"Örebro","id":131},"pointsPerHour":7,"longitude":15.214181,"takeoverPoints":95},"latitude":59.287853,"currentOwner":{"name":"Express","id":226663},"time":"2021-08-17T10:41:45+0000","type":"takeover","longitude":15.214181},{"zone":{"previousOwner":{"name":"lavskrika","id":310568},"dateCreated":"2014-05-05T08:52:22+0000","dateLastTaken":"2021-08-17T10:41:44+0000","latitude":59.242979,"currentOwner":{"name":"Andres","id":253818},"name":"Sanatorium","id":28839,"totalTakeovers":3023,"region":{"country":"se","name":"Örebro","id":131},"pointsPerHour":5,"longitude":15.152187,"takeoverPoints":125},"latitude":59.242979,"currentOwner":{"name":"Andres","id":253818},"time":"2021-08-17T10:41:44+0000","type":"takeover","longitude":15.152187},{"zone":{"previousOwner":{"name":"Chianti","id":198600},"dateCreated":"2013-06-17T22:21:25+0000","dateLastTaken":"2021-08-17T10:41:41+0000","latitude":58.418178,"currentOwner":{"name":"lhcper","id":2733},"name":"SödraOskar","id":20335,"totalTakeovers":11550,"region":{"country":"se","name":"Östergötland","id":139},"pointsPerHour":7,"longitude":15.623568,"takeoverPoints":95},"latitude":58.418178,"currentOwner":{"name":"lhcper","id":2733},"time":"2021-08-17T10:41:41+0000","type":"takeover","longitude":15.623568},{"zone":{"dateCreated":"2021-02-28T22:00:00+0000","dateLastTaken":"2021-08-17T10:41:35+0000","latitude":51.128281,"currentOwner":{"name":"tonefone","id":311961},"name":"WalkInGrove","id":387402,"totalTakeovers":9,"region":{"country":"gb","name":"South East England","id":205},"pointsPerHour":1,"longitude":0.264672,"takeoverPoints":185},"latitude":51.128281,"currentOwner":{"name":"tonefone","id":311961},"time":"2021-08-17T10:41:35+0000","type":"takeover","longitude":0.264672},{"zone":{"previousOwner":{"name":"kjtindall","id":292775},"dateCreated":"2021-05-14T19:20:39+0000","dateLastTaken":"2021-08-17T10:41:28+0000","latitude":56.085171,"currentOwner":{"name":"Roselea","id":309108},"name":"TheBroomhead","id":411305,"totalTakeovers":16,"region":{"country":"gb","name":"Scotland","id":200},"pointsPerHour":2,"longitude":-3.459437,"takeoverPoints":170},"latitude":56.085171,"currentOwner":{"name":"Roselea","id":309108},"time":"2021-08-17T10:41:28+0000","type":"takeover","longitude":-3.459437},{"zone":{"previousOwner":{"name":"kiwi_kz7","id":38191},"dateCreated":"2010-07-17T00:00:00+0000","dateLastTaken":"2021-08-17T10:41:28+0000","latitude":59.334795,"currentOwner":{"name":"turftraskaren","id":327717},"name":"HayZone","id":237,"totalTakeovers":39017,"region":{"country":"se","name":"Stockholm","id":141},"pointsPerHour":9,"longitude":18.062198,"takeoverPoints":65},"latitude":59.334795,"currentOwner":{"name":"turftraskaren","id":327717},"time":"2021-08-17T10:41:28+0000","type":"takeover","longitude":18.062198}]