[{"zone":{"previousOwner":{"name":"ovalfyrkant","id":333844},"dateCreated":"2019-09-08T17:38:09+0000","dateLastTaken":"2021-08-14T17:44:34+0000","latitude":56.697519,"currentOwner":{"name":"Klintan11","id":75717},"name":"Trollkröken","id":204459,"totalTakeovers":1484,"region":{"country":"se","name":"Kalmar","id":137},"pointsPerHour":6,"longitude":16.339453,"takeoverPoints":110},"latitude":56.697519,"currentOwner":{"name":"Klintan11","id":75717},"time":"2021-08-14T17:44:34+0000","type":"takeover","longitude":16.339453},{"zone":{"previousOwner":{"name":"cyklaännumera","id":163694},"dateLastTaken":"2021-08-14T17:44:33+0000","latitude":57.74425,"totalTakeovers":2935,"pointsPerHour":2,"takeoverPoints":170,"dateCreated":"2013-11-24T23:12:14+0000","currentOwner":{"name":"Lindhardt","id":212850},"name":"BackaKyrka","id":23327,"region":{"country":"se","name":"Västra Götaland","id":132},"longitude":11.980155},"latitude":57.74425,"currentOwner":{"name":"Lindhardt","id":212850},"time":"2021-08-14T17:44:33+0000","type":"takeover","longitude":11.980155},{"zone":{"previousOwner":{"name":"VanaTallinn","id":230828},"dateCreated":"2019-05-15T19:47:11+0000","dateLastTaken":"2021-08-14T17:44:30+0000","latitude":59.261138,"currentOwner":{"name":"MorUggla","id":48858},"name":"HittaLotten","id":196125,"totalTakeovers":2838,"region":{"country":"se","name":"Örebro","id":131},"pointsPerHour":6,"longitude":15.192574,"takeoverPoints":110},"latitude":59.261138,"currentOwner":{"name":"MorUggla","id":48858},"time":"2021-08-14T17:44:30+0000","type":"takeover","longitude":15.192574},{"zone":{"previousOwner":{"name":"trucken","id":22692},"dateCreated":"2017-04-01T19:30:00+0000","dateLastTaken":"2021-08-14T17:44:29+0000","latitude":59.608121,"currentOwner":{"name":"scarymom","id":212980},"name":"Polstjärna","id":97296,"totalTakeovers":8757,"region":{"country":"se","name":"Västmanland","id":143},"pointsPerHour":8,"longitude":16.51316,"takeoverPoints":80},"latitude":59.608121,"currentOwner":{"name":"scarymom","id":212980},"time":"2021-08-14T17:44:29+0000","type":"takeover","longitude":16.51316},{"zone":{"previousOwner":{"name":"Rossco","id":297548},"dateLastTaken":"2021-08-14T17:44:28+0000","latitude":55.945534,"totalTakeovers":1903,"pointsPerHour":6,"takeoverPoints":110,"dateCreated":"2013-06-15T08:00:00+0000","currentOwner":{"name":"CSL","id":55768},"name":"HaymarketRail","id":14633,"region":{"country":"gb","name":"Scotland","id":200},"longitude":-3.217882},"latitude":55.945534,"currentOwner":{"name":"CSL","id":55768},"time":"2021-08-14T17:44:28+0000","type":"takeover","longitude":-3.217882},{"zone":{"previousOwner":{"name":"0beroff","id":80119},"dateCreated":"2014-03-02T23:53:28+0000","dateLastTaken":"2021-08-14T17:44:26+0000","latitude":59.344561,"currentOwner":{"name":"ParkMan","id":58815},"name":"LillySquare","id":25390,"totalTakeovers":9579,"region":{"country":"se","name":"Stockholm","id":141},"pointsPerHour":7,"longitude":18.073446,"takeoverPoints":95},"latitude":59.344561,"currentOwner":{"name":"ParkMan","id":58815},"time":"2021-08-14T17:44:26+0000","type":"takeover","longitude":18.073446},{"zone":{"previousOwner":{"name":"Tosan","id":122350},"dateCreated":"2013-08-02T08:00:00+0000","dateLastTaken":"2021-08-14T17:44:26+0000","latitude":60.627986,"currentOwner":{"name":"sonjas","id":217520},"name":"SkutSvamp","id":21129,"totalTakeovers":1216,"region":{"country":"se","name":"Uppsala","id":142},"pointsPerHour":2,"longitude":17.4076,"takeoverPoints":170},"latitude":60.627986,"currentOwner":{"name":"sonjas","id":217520},"time":"2021-08-14T17:44:26+0000","type":"takeover","longitude":17.4076},{"zone":{"previousOwner":{"name":"ope83","id":213137},"dateCreated":"2016-10-15T04:00:00+0000","dateLastTaken":"2021-08-14T17:44:23+0000","latitude":65.588168,"currentOwner":{"name":"grock","id":189790},"name":"Lustskur","id":88949,"totalTakeovers":5162,"region":{"country":"se","name":"Norrbotten","id":126},"pointsPerHour":6,"longitude":22.172344,"takeoverPoints":110},"latitude":65.588168,"currentOwner":{"name":"grock","id":189790},"time":"2021-08-14T17:44:23+0000","type":"takeover","longitude":22.172344},{"zone":{"previousOwner":{"name":"Stjärnmossa","id":200370},"dateCreated":"2015-02-14T05:00:00+0000","dateLastTaken":"2021-08-14T17:44:21+0000","latitude":59.782733,"currentOwner":{"name":"Glasskamp","id":23066},"name":"SkarIs","id":44642,"totalTakeovers":2649,"region":{"country":"se","name":"Uppsala","id":142},"pointsPerHour":5,"longitude":17.624993,"takeoverPoints":125},"latitude":59.782733,"currentOwner":{"name":"Glasskamp","id":23066},"time":"2021-08-14T17:44:21+0000","type":"takeover","longitude":17.624993},{"zone":{"previousOwner":{"name":"Fröknäcke","id":107360},"dateCreated":"2013-12-24T11:00:17+0000","dateLastTaken":"2021-08-14T17:44:21+0000","latitude":59.385478,"currentOwner":{"name":"0beroff","id":80119},"name":"Svedenbadet","id":24058,"totalTakeovers":1631,"region":{"country":"se","name":"Stockholm","id":141},"pointsPerHour":3,"longitude":18.030658,"takeoverPoints":155},"latitude":59.385478,"currentOwner":{"name":"0beroff","id":80119},"time":"2021-08-14T17:44:21+0000","type":"takeover","longitude":18.030658},{"zone":{"previousOwner":{"name":"Grottis","id":135798},"dateCreated":"2014-07-07T07:06:19+0000","dateLastTaken":"2021-08-14T17:44:20+0000","latitude":59.453675,"currentOwner":{"name":"Doktorn","id":3263},"name":"Enstation","id":32190,"totalTakeovers":1495,"region":{"country":"se","name":"Stockholm","id":141},"pointsPerHour":4,"longitude":18.065317,"takeoverPoints":140},"latitude":59.453675,"currentOwner":{"name":"Doktorn","id":3263},"time":"2021-08-14T17:44:20+0000","type":"takeover","longitude":18.065317},{"zone":{"previousOwner":{"name":"MrCoolWat.","id":227290},"dateCreated":"2017-06-19T20:25:17+0000","dateLastTaken":"2021-08-14T17:44:20+0000","latitude":60.154586,"currentOwner":{"name":"Tompaj","id":74138},"name":"MilkOrCheese","id":114561,"totalTakeovers":1393,"region":{"country":"fi","name":"Åland","id":177},"pointsPerHour":4,"longitude":19.941049,"takeoverPoints":140},"latitude":60.154586,"currentOwner":{"name":"Tompaj","id":74138},"time":"2021-08-14T17:44:20+0000","type":"takeover","longitude":19.941049},{"zone":{"previousOwner":{"name":"MrXzon","id":144423},"dateCreated":"2017-12-24T09:00:00+0000","dateLastTaken":"2021-08-14T17:44:19+0000","latitude":59.932775,"currentOwner":{"name":"vretalund","id":138891},"name":"Skräddarsten","id":139005,"totalTakeovers":928,"region":{"country":"se","name":"Uppsala","id":142},"pointsPerHour":4,"longitude":17.593449,"takeoverPoints":140},"latitude":59.932775,"currentOwner":{"name":"vretalund","id":138891},"time":"2021-08-14T17:44:19+0000","type":"takeover","longitude":17.593449},{"zone":{"previousOwner":{"name":"TravelsofJonna","id":336300},"dateCreated":"2012-09-13T12:51:43+0000","dateLastTaken":"2021-08-14T17:44:19+0000","latitude":59.384441,"currentOwner":{"name":"Badbalja","id":44507},"name":"SeaChurch","id":11308,"totalTakeovers":203,"region":{"country":"se","name":"Värmland","id":130},"pointsPerHour":1,"longitude":12.114572,"takeoverPoints":185},"latitude":59.384441,"currentOwner":{"name":"Badbalja","id":44507},"time":"2021-08-14T17:44:19+0000","type":"takeover","longitude":12.114572},{"zone":{"previousOwner":{"name":"skäggfar","id":159086},"dateCreated":"2013-11-08T13:37:00+0000","dateLastTaken":"2021-08-14T17:44:07+0000","latitude":59.609906,"currentOwner":{"name":"hejaweb","id":285715},"name":"WarPath","id":22755,"totalTakeovers":9598,"region":{"country":"se","name":"Västmanland","id":143},"pointsPerHour":7,"longitude":16.57125,"takeoverPoints":95},"latitude":59.609906,"currentOwner":{"name":"hejaweb","id":285715},"time":"2021-08-14T17:44:07+0000","type":"takeover","longitude":16.57125},{"zone":{"previousOwner":{"name":"missturfcam","id":256836},"dateCreated":"2019-06-30T09:24:01+0000","dateLastTaken":"2021-08-14T17:44:06+0000","latitude":59.846883,"currentOwner":{"name":"Oxid","id":200662},"name":"CharkBolän","id":203540,"totalTakeovers":3827,"region":{"country":"se","name":"Uppsala","id":142},"pointsPerHour":8,"longitude":17.687255,"takeoverPoints":80},"latitude":59.846883,"currentOwner":{"name":"Oxid","id":200662},"time":"2021-08-14T17:44:06+0000","type":"takeover","longitude":17.687255},{"zone":{"previousOwner":{"name":"KingenMalmö","id":318345},"dateCreated":"2012-09-20T21:02:33+0000","dateLastTaken":"2021-08-14T17:44:06+0000","latitude":55.589462,"currentOwner":{"name":"Király","id":169417},"name":"VidedalPark","id":11424,"totalTakeovers":2424,"region":{"country":"se","name":"Skåne","id":135},"pointsPerHour":4,"longitude":13.067538,"takeoverPoints":140},"latitude":55.589462,"currentOwner":{"name":"Király","id":169417},"time":"2021-08-14T17:44:06+0000","type":"takeover","longitude":13.067538},{"zone":{"previousOwner":{"name":"MadMajk","id":18954},"dateCreated":"2012-03-29T15:13:48+0000","dateLastTaken":"2021-08-14T17:44:03+0000","latitude":57.782474,"currentOwner":{"name":"Dropkick","id":226955},"name":"SmithyZone","id":7619,"totalTakeovers":19682,"region":{"country":"se","name":"Jönköping","id":133},"pointsPerHour":8,"longitude":14.169913,"takeoverPoints":80},"latitude":57.782474,"currentOwner":{"name":"Dropkick","id":226955},"time":"2021-08-14T17:44:03+0000","type":"takeover","longitude":14.169913},{"zone":{"previousOwner":{"name":"Kimclaim","id":337095},"dateCreated":"2017-06-17T07:00:00+0000","dateLastTaken":"2021-08-14T17:44:01+0000","latitude":63.83543,"currentOwner":{"name":"Parta","id":31111},"name":"Trädkramare","id":114028,"totalTakeovers":3186,"region":{"country":"se","name":"Västerbotten","id":127},"pointsPerHour":7,"longitude":20.1669,"takeoverPoints":95},"latitude":63.83543,"currentOwner":{"name":"Parta","id":31111},"time":"2021-08-14T17:44:01+0000","type":"takeover","longitude":20.1669},{"zone":{"previousOwner":{"name":"Trampa","id":273074},"dateCreated":"2016-04-01T07:00:00+0000","dateLastTaken":"2021-08-14T17:44:00+0000","latitude":60.590999,"currentOwner":{"name":"Bigbang","id":106128},"name":"HosjöRast","id":64851,"totalTakeovers":1257,"region":{"country":"se","name":"Dalarna","id":129},"pointsPerHour":5,"longitude":15.72651,"takeoverPoints":125},"latitude":60.590999,"currentOwner":{"name":"Bigbang","id":106128},"time":"2021-08-14T17:44:00+0000","type":"takeover","longitude":15.72651},{"zone":{"previousOwner":{"name":"stassa83","id":166344},"dateCreated":"2011-09-06T16:43:13+0000","dateLastTaken":"2021-08-14T17:43:58+0000","latitude":59.363034,"currentOwner":{"name":"JENZA","id":105530},"name":"Goldpuller","id":3094,"totalTakeovers":7072,"region":{"country":"se","name":"Stockholm","id":141},"pointsPerHour":7,"longitude":17.853304,"takeoverPoints":95},"latitude":59.363034,"currentOwner":{"name":"JENZA","id":105530},"time":"2021-08-14T17:43:58+0000","type":"takeover","longitude":17.853304},{"zone":{"previousOwner":{"name":"LadyHelmsman","id":84499},"dateCreated":"2014-05-30T18:55:16+0000","dateLastTaken":"2021-08-14T17:43:56+0000","latitude":59.879117,"currentOwner":{"name":"missturfcam","id":256836},"name":"MittIHäcken","id":30849,"totalTakeovers":14871,"region":{"country":"se","name":"Uppsala","id":142},"pointsPerHour":8,"longitude":17.651361,"takeoverPoints":80},"latitude":59.879117,"currentOwner":{"name":"missturfcam","id":256836},"time":"2021-08-14T17:43:56+0000","type":"takeover","longitude":17.651361},{"zone":{"previousOwner":{"name":"Nenna-1","id":297465},"dateCreated":"2015-03-15T06:00:00+0000","dateLastTaken":"2021-08-14T17:43:55+0000","latitude":59.51354,"currentOwner":{"name":"heff2","id":180382},"name":"MimersLund","id":44603,"totalTakeovers":1160,"region":{"country":"se","name":"Värmland","id":130},"pointsPerHour":3,"longitude":13.304156,"takeoverPoints":155},"latitude":59.51354,"currentOwner":{"name":"heff2","id":180382},"time":"2021-08-14T17:43:55+0000","type":"takeover","longitude":13.304156},{"zone":{"previousOwner":{"name":"Arga_katten","id":213031},"dateCreated":"2013-07-28T13:05:24+0000","dateLastTaken":"2021-08-14T17:43:54+0000","latitude":59.279339,"currentOwner":{"name":"Prunus","id":65235},"name":"Segelkorset","id":20822,"totalTakeovers":3266,"region":{"country":"se","name":"Stockholm","id":141},"pointsPerHour":4,"longitude":17.94238,"takeoverPoints":140},"latitude":59.279339,"currentOwner":{"name":"Prunus","id":65235},"time":"2021-08-14T17:43:54+0000","type":"takeover","longitude":17.94238},{"zone":{"previousOwner":{"name":"Lindhardt","id":212850},"dateCreated":"2012-11-03T17:50:44+0000","dateLastTaken":"2021-08-14T17:43:52+0000","latitude":57.691869,"currentOwner":{"name":"Funky","id":149372},"name":"KlippReservat","id":11814,"totalTakeovers":11644,"region":{"country":"se","name":"Västra Götaland","id":132},"pointsPerHour":7,"longitude":11.910036,"takeoverPoints":95},"latitude":57.691869,"currentOwner":{"name":"Funky","id":149372},"time":"2021-08-14T17:43:52+0000","type":"takeover","longitude":11.910036},{"zone":{"previousOwner":{"name":"Strac","id":302230},"dateCreated":"2020-09-15T08:30:00+0000","dateLastTaken":"2021-08-14T17:43:51+0000","latitude":57.167655,"currentOwner":{"name":"dashdot90","id":316989},"name":"NorthseaCourt","id":328400,"totalTakeovers":124,"region":{"country":"gb","name":"Scotland","id":200},"pointsPerHour":2,"longitude":-2.089544,"takeoverPoints":170},"latitude":57.167655,"currentOwner":{"name":"dashdot90","id":316989},"time":"2021-08-14T17:43:51+0000","type":"takeover","longitude":-2.089544},{"zone":{"previousOwner":{"name":"Bstat","id":303529},"dateLastTaken":"2021-08-14T17:43:49+0000","latitude":44.948434,"totalTakeovers":49,"pointsPerHour":3,"takeoverPoints":155,"dateCreated":"2021-06-02T17:38:09+0000","currentOwner":{"name":"comatosa","id":315627},"name":"TakeASeat","id":425009,"region":{"country":"us","name":"Minnesota","id":405},"longitude":-93.202317},"latitude":44.948434,"currentOwner":{"name":"comatosa","id":315627},"time":"2021-08-14T17:43:49+0000","type":"takeover","longitude":-93.202317},{"zone":{"previousOwner":{"name":"linnetti","id":245060},"dateCreated":"2012-06-27T10:00:00+0000","dateLastTaken":"2021-08-14T17:43:49+0000","latitude":60.621589,"currentOwner":{"name":"Jonas_L","id":202630},"name":"SandStore","id":9541,"totalTakeovers":2585,"region":{"country":"se","name":"Gävleborg","id":144},"pointsPerHour":2,"longitude":16.755468,"takeoverPoints":170},"latitude":60.621589,"currentOwner":{"name":"Jonas_L","id":202630},"time":"2021-08-14T17:43:49+0000","type":"takeover","longitude":16.755468},{"zone":{"previousOwner":{"name":"gazza","id":72497},"dateCreated":"2012-09-14T10:00:00+0000","dateLastTaken":"2021-08-14T17:43:47+0000","latitude":59.136107,"currentOwner":{"name":"_redlight_","id":166955},"name":"SköllerPark","id":11317,"totalTakeovers":1272,"region":{"country":"se","name":"Örebro","id":131},"pointsPerHour":1,"longitude":15.3404,"takeoverPoints":185},"latitude":59.136107,"currentOwner":{"name":"_redlight_","id":166955},"time":"2021-08-14T17:43:47+0000","type":"takeover","longitude":15.3404},{"zone":{"previousOwner":{"name":".__.","id":337054},"dateCreated":"2018-05-27T08:00:00+0000","dateLastTaken":"2021-08-14T17:43:47+0000","latitude":58.986364,"currentOwner":{"name":"m3tr0","id":9931},"name":"Opposizon","id":143964,"totalTakeovers":4324,"region":{"country":"se","name":"Södermanland","id":140},"pointsPerHour":5,"longitude":16.209583,"takeoverPoints":125},"latitude":58.986364,"currentOwner":{"name":"m3tr0","id":9931},"time":"2021-08-14T17:43:47+0000","type":"takeover","longitude":16.209583},{"zone":{"previousOwner":{"name":"Krussidullen","id":74555},"dateCreated":"2013-09-16T14:27:41+0000","dateLastTaken":"2021-08-14T17:43:47+0000","latitude":59.322885,"currentOwner":{"name":"enhjuling","id":140428},"name":"GamlaStanT","id":21667,"totalTakeovers":28835,"region":{"country":"se","name":"Stockholm","id":141},"pointsPerHour":9,"longitude":18.067775,"takeoverPoints":65},"latitude":59.322885,"currentOwner":{"name":"enhjuling","id":140428},"time":"2021-08-14T17:43:47+0000","type":"takeover","longitude":18.067775},{"zone":{"previousOwner":{"name":"socker51","id":101724},"dateCreated":"2012-11-30T07:25:25+0000","dateLastTaken":"2021-08-14T17:43:45+0000","latitude":60.679336,"currentOwner":{"name":"Naset","id":156696},"name":"SkaterZone","id":12090,"totalTakeovers":7758,"region":{"country":"se","name":"Gävleborg","id":144},"pointsPerHour":6,"longitude":17.159978,"takeoverPoints":110},"latitude":60.679336,"currentOwner":{"name":"Naset","id":156696},"time":"2021-08-14T17:43:45+0000","type":"takeover","longitude":17.159978},{"zone":{"previousOwner":{"name":"sls_prog","id":85323},"dateCreated":"2012-09-15T16:57:45+0000","dateLastTaken":"2021-08-14T17:43:45+0000","latitude":58.394448,"currentOwner":{"name":"sls_ilves","id":85317},"name":"Trängmajoren","id":11346,"totalTakeovers":4253,"region":{"country":"se","name":"Västra Götaland","id":132},"pointsPerHour":4,"longitude":13.847565,"takeoverPoints":140},"latitude":58.394448,"currentOwner":{"name":"sls_ilves","id":85317},"time":"2021-08-14T17:43:45+0000","type":"takeover","longitude":13.847565},{"zone":{"previousOwner":{"name":"cuben","id":188490},"dateCreated":"2018-12-24T11:00:00+0000","dateLastTaken":"2021-08-14T17:43:43+0000","latitude":59.020631,"currentOwner":{"name":"Tomemp","id":261760},"name":"Alsgruvan","id":178222,"totalTakeovers":152,"region":{"country":"se","name":"Södermanland","id":140},"pointsPerHour":1,"longitude":17.332146,"takeoverPoints":185},"latitude":59.020631,"currentOwner":{"name":"Tomemp","id":261760},"time":"2021-08-14T17:43:43+0000","type":"takeover","longitude":17.332146},{"zone":{"previousOwner":{"name":"lilla_my93","id":298675},"dateCreated":"2010-09-04T14:41:37+0000","dateLastTaken":"2021-08-14T17:43:41+0000","latitude":59.612456,"currentOwner":{"name":"asil","id":48947},"name":"VemKasta","id":488,"totalTakeovers":12792,"region":{"country":"se","name":"Västmanland","id":143},"pointsPerHour":7,"longitude":16.532931,"takeoverPoints":95},"latitude":59.612456,"currentOwner":{"name":"asil","id":48947},"time":"2021-08-14T17:43:41+0000","type":"takeover","longitude":16.532931},{"zone":{"previousOwner":{"name":"Toranagasama","id":97301},"dateCreated":"2017-02-05T11:14:48+0000","dateLastTaken":"2021-08-14T17:43:41+0000","latitude":56.636772,"currentOwner":{"name":"Krappis","id":155974},"name":"Konsuln","id":95120,"totalTakeovers":2783,"region":{"country":"se","name":"Kalmar","id":137},"pointsPerHour":5,"longitude":15.532849,"takeoverPoints":125},"latitude":56.636772,"currentOwner":{"name":"Krappis","id":155974},"time":"2021-08-14T17:43:41+0000","type":"takeover","longitude":15.532849},{"zone":{"previousOwner":{"name":"JENZA","id":105530},"dateCreated":"2013-12-24T11:00:30+0000","dateLastTaken":"2021-08-14T17:43:39+0000","latitude":59.378433,"currentOwner":{"name":"Svensings","id":288002},"name":"Spångadammen","id":24048,"totalTakeovers":4537,"region":{"country":"se","name":"Stockholm","id":141},"pointsPerHour":4,"longitude":17.894248,"takeoverPoints":140},"latitude":59.378433,"currentOwner":{"name":"Svensings","id":288002},"time":"2021-08-14T17:43:39+0000","type":"takeover","longitude":17.894248},{"zone":{"previousOwner":{"name":"TimmyM","id":282180},"dateCreated":"2020-10-22T14:00:00+0000","dateLastTaken":"2021-08-14T17:43:36+0000","latitude":55.891651,"currentOwner":{"name":"Artful","id":302131},"name":"EastCalder","id":344949,"totalTakeovers":50,"region":{"country":"gb","name":"Scotland","id":200},"pointsPerHour":1,"longitude":-3.473028,"takeoverPoints":185},"latitude":55.891651,"currentOwner":{"name":"Artful","id":302131},"time":"2021-08-14T17:43:36+0000","type":"takeover","longitude":-3.473028},{"zone":{"previousOwner":{"name":"MNMagik","id":304387},"dateCreated":"2021-02-01T22:01:57+0000","dateLastTaken":"2021-08-14T17:43:35+0000","latitude":44.942912,"currentOwner":{"name":"MNHek","id":303521},"name":"CivicCenterPk","id":376804,"totalTakeovers":69,"region":{"country":"us","name":"Minnesota","id":405},"pointsPerHour":1,"longitude":-93.464812,"takeoverPoints":185},"latitude":44.942912,"currentOwner":{"name":"MNHek","id":303521},"time":"2021-08-14T17:43:35+0000","type":"takeover","longitude":-93.464812},{"zone":{"previousOwner":{"name":"Klintzmann","id":328508},"dateCreated":"2016-12-11T06:00:00+0000","dateLastTaken":"2021-08-14T17:43:33+0000","latitude":59.352196,"currentOwner":{"name":"Deppen","id":195631},"name":"Stallis","id":92310,"totalTakeovers":5060,"region":{"country":"se","name":"Stockholm","id":141},"pointsPerHour":7,"longitude":18.04406,"takeoverPoints":95},"latitude":59.352196,"currentOwner":{"name":"Deppen","id":195631},"time":"2021-08-14T17:43:33+0000","type":"takeover","longitude":18.04406},{"zone":{"previousOwner":{"name":"Grottis","id":135798},"dateCreated":"2012-04-25T20:36:17+0000","dateLastTaken":"2021-08-14T17:43:29+0000","latitude":59.439722,"currentOwner":{"name":"Rok","id":311285},"name":"GrindtorpZone","id":8387,"totalTakeovers":5029,"region":{"country":"se","name":"Stockholm","id":141},"pointsPerHour":6,"longitude":18.071477,"takeoverPoints":110},"latitude":59.439722,"currentOwner":{"name":"Rok","id":311285},"time":"2021-08-14T17:43:29+0000","type":"takeover","longitude":18.071477},{"zone":{"previousOwner":{"name":"bacchus_","id":225941},"dateCreated":"2014-06-09T14:11:42+0000","dateLastTaken":"2021-08-14T17:43:27+0000","latitude":59.614877,"currentOwner":{"name":"regor1","id":132740},"name":"SantoLi","id":31339,"totalTakeovers":17981,"region":{"country":"se","name":"Västmanland","id":143},"pointsPerHour":8,"longitude":16.557658,"takeoverPoints":80},"latitude":59.614877,"currentOwner":{"name":"regor1","id":132740},"time":"2021-08-14T17:43:27+0000","type":"takeover","longitude":16.557658},{"zone":{"previousOwner":{"name":"Dubbelsexa","id":11245},"dateCreated":"2017-05-15T10:46:06+0000","dateLastTaken":"2021-08-14T17:43:27+0000","latitude":59.398421,"currentOwner":{"name":"AlienWoman73","id":329375},"name":"TenderCity","id":109443,"totalTakeovers":3698,"region":{"country":"se","name":"Stockholm","id":141},"pointsPerHour":6,"longitude":18.039545,"takeoverPoints":110},"latitude":59.398421,"currentOwner":{"name":"AlienWoman73","id":329375},"time":"2021-08-14T17:43:27+0000","type":"takeover","longitude":18.039545},{"zone":{"previousOwner":{"name":"Flippr","id":209935},"dateCreated":"2017-12-24T13:59:00+0000","dateLastTaken":"2021-08-14T17:43:26+0000","latitude":58.592339,"currentOwner":{"name":"Räkan.S","id":42946},"name":"Julefriden","id":138512,"totalTakeovers":7245,"region":{"country":"se","name":"Östergötland","id":139},"pointsPerHour":8,"longitude":16.182504,"takeoverPoints":80},"latitude":58.592339,"currentOwner":{"name":"Räkan.S","id":42946},"time":"2021-08-14T17:43:26+0000","type":"takeover","longitude":16.182504},{"zone":{"previousOwner":{"name":"Åsku","id":166469},"dateCreated":"2017-08-19T07:00:00+0000","dateLastTaken":"2021-08-14T17:43:24+0000","latitude":59.623631,"currentOwner":{"name":"jonnaa","id":251376},"name":"Björbjugg","id":115964,"totalTakeovers":11812,"region":{"country":"se","name":"Västmanland","id":143},"pointsPerHour":8,"longitude":16.590868,"takeoverPoints":80},"latitude":59.623631,"currentOwner":{"name":"jonnaa","id":251376},"time":"2021-08-14T17:43:24+0000","type":"takeover","longitude":16.590868},{"zone":{"previousOwner":{"name":"duffman","id":278698},"dateCreated":"2021-02-25T12:54:42+0000","dateLastTaken":"2021-08-14T17:43:24+0000","latitude":63.891577,"currentOwner":{"name":"PelSjo","id":183576},"name":"Cykelgenvägen","id":354829,"totalTakeovers":332,"region":{"country":"se","name":"Västerbotten","id":127},"pointsPerHour":6,"longitude":20.323734,"takeoverPoints":110},"latitude":63.891577,"currentOwner":{"name":"PelSjo","id":183576},"time":"2021-08-14T17:43:24+0000","type":"takeover","longitude":20.323734},{"zone":{"previousOwner":{"name":"Krussidullen","id":74555},"dateCreated":"2012-09-24T21:46:22+0000","dateLastTaken":"2021-08-14T17:43:24+0000","latitude":57.725891,"currentOwner":{"name":"Netis","id":148365},"name":"SpårSpan","id":11480,"totalTakeovers":834,"region":{"country":"se","name":"Västra Götaland","id":132},"pointsPerHour":2,"longitude":12.041914,"takeoverPoints":170},"latitude":57.725891,"currentOwner":{"name":"Netis","id":148365},"time":"2021-08-14T17:43:24+0000","type":"takeover","longitude":12.041914},{"zone":{"previousOwner":{"name":"ShahofBlah","id":325964},"dateCreated":"2016-12-24T06:00:00+0000","dateLastTaken":"2021-08-14T17:43:23+0000","latitude":59.371383,"currentOwner":{"name":"clalin","id":202674},"name":"LekaDuvkull","id":92690,"totalTakeovers":4061,"region":{"country":"se","name":"Stockholm","id":141},"pointsPerHour":5,"longitude":17.945704,"takeoverPoints":125},"latitude":59.371383,"currentOwner":{"name":"clalin","id":202674},"time":"2021-08-14T17:43:23+0000","type":"takeover","longitude":17.945704},{"zone":{"previousOwner":{"name":"TurfGöran","id":313564},"dateLastTaken":"2021-08-14T17:43:21+0000","latitude":59.382688,"totalTakeovers":9067,"pointsPerHour":5,"takeoverPoints":125,"dateCreated":"2012-04-01T19:47:31+0000","currentOwner":{"name":"ABECE","id":61470},"name":"VåxnäsZone","id":7787,"region":{"country":"se","name":"Värmland","id":130},"longitude":13.465687},"latitude":59.382688,"currentOwner":{"name":"ABECE","id":61470},"time":"2021-08-14T17:43:21+0000","type":"takeover","longitude":13.465687},{"zone":{"previousOwner":{"name":"Pumac","id":137209},"dateCreated":"2011-09-07T20:44:11+0000","dateLastTaken":"2021-08-14T17:43:15+0000","latitude":56.180255,"currentOwner":{"name":"JLKarlskrona","id":336203},"name":"Nightingale","id":3187,"totalTakeovers":2268,"region":{"country":"se","name":"Blekinge","id":136},"pointsPerHour":2,"longitude":15.611719,"takeoverPoints":170},"latitude":56.180255,"currentOwner":{"name":"JLKarlskrona","id":336203},"time":"2021-08-14T17:43:15+0000","type":"takeover","longitude":15.611719},{"zone":{"previousOwner":{"name":"MrCoolWat.","id":227290},"dateLastTaken":"2021-08-14T17:43:15+0000","latitude":60.154622,"totalTakeovers":4000,"pointsPerHour":5,"takeoverPoints":125,"dateCreated":"2014-01-02T11:47:23+0000","currentOwner":{"name":"Tompaj","id":74138},"name":"StOlofsKyrka","id":24663,"region":{"country":"fi","name":"Åland","id":177},"longitude":19.947147},"latitude":60.154622,"currentOwner":{"name":"Tompaj","id":74138},"time":"2021-08-14T17:43:15+0000","type":"takeover","longitude":19.947147},{"zone":{"previousOwner":{"name":"ope83","id":213137},"dateCreated":"2014-06-24T22:40:54+0000","dateLastTaken":"2021-08-14T17:43:10+0000","latitude":65.589413,"currentOwner":{"name":"grock","id":189790},"name":"DucksPlace","id":31923,"totalTakeovers":7377,"region":{"country":"se","name":"Norrbotten","id":126},"pointsPerHour":7,"longitude":22.17197,"takeoverPoints":95},"latitude":65.589413,"currentOwner":{"name":"grock","id":189790},"time":"2021-08-14T17:43:10+0000","type":"takeover","longitude":22.17197},{"zone":{"previousOwner":{"name":"Gotjan","id":185926},"dateCreated":"2012-11-04T09:24:28+0000","dateLastTaken":"2021-08-14T17:43:09+0000","latitude":60.948006,"currentOwner":{"name":"andma313","id":137018},"name":"LimeStoneRock","id":11825,"totalTakeovers":197,"region":{"country":"se","name":"Dalarna","id":129},"pointsPerHour":1,"longitude":15.103477,"takeoverPoints":185},"latitude":60.948006,"currentOwner":{"name":"andma313","id":137018},"time":"2021-08-14T17:43:09+0000","type":"takeover","longitude":15.103477},{"zone":{"previousOwner":{"name":"féarglas","id":280861},"dateCreated":"2021-01-13T21:23:23+0000","dateLastTaken":"2021-08-14T17:43:08+0000","latitude":51.500541,"currentOwner":{"name":"FeTaTo","id":310985},"name":"BeneathCables","id":364818,"totalTakeovers":51,"region":{"country":"gb","name":"Greater London","id":207},"pointsPerHour":1,"longitude":0.009278,"takeoverPoints":185},"latitude":51.500541,"currentOwner":{"name":"FeTaTo","id":310985},"time":"2021-08-14T17:43:08+0000","type":"takeover","longitude":0.009278},{"zone":{"previousOwner":{"name":"KingenMalmö","id":318345},"dateCreated":"2017-10-15T10:41:53+0000","dateLastTaken":"2021-08-14T17:43:04+0000","latitude":55.587357,"currentOwner":{"name":"Király","id":169417},"name":"Videkryss","id":134695,"totalTakeovers":1123,"region":{"country":"se","name":"Skåne","id":135},"pointsPerHour":4,"longitude":13.065579,"takeoverPoints":140},"latitude":55.587357,"currentOwner":{"name":"Király","id":169417},"time":"2021-08-14T17:43:04+0000","type":"takeover","longitude":13.065579},{"zone":{"previousOwner":{"name":"OneCashKing","id":278914},"dateCreated":"2015-05-02T04:00:00+0000","dateLastTaken":"2021-08-14T17:43:03+0000","latitude":62.376402,"currentOwner":{"name":"madmax","id":14296},"name":"UnicornRoad","id":51618,"totalTakeovers":3041,"region":{"country":"se","name":"Västernorrland","id":145},"pointsPerHour":4,"longitude":17.355247,"takeoverPoints":140},"latitude":62.376402,"currentOwner":{"name":"madmax","id":14296},"time":"2021-08-14T17:43:03+0000","type":"takeover","longitude":17.355247},{"zone":{"previousOwner":{"name":"Sluggo_","id":92621},"dateCreated":"2014-11-05T10:27:55+0000","dateLastTaken":"2021-08-14T17:42:52+0000","latitude":59.258296,"currentOwner":{"name":"Spiken","id":46204},"name":"CykelEllerBad","id":41852,"totalTakeovers":5969,"region":{"country":"se","name":"Örebro","id":131},"pointsPerHour":5,"longitude":15.189259,"takeoverPoints":125},"latitude":59.258296,"currentOwner":{"name":"Spiken","id":46204},"time":"2021-08-14T17:42:52+0000","type":"takeover","longitude":15.189259},{"zone":{"previousOwner":{"name":"Battigoal","id":55564},"dateCreated":"2012-01-08T21:31:31+0000","dateLastTaken":"2021-08-14T17:42:52+0000","latitude":59.518919,"currentOwner":{"name":"Håstis","id":109791},"name":"NoraTorg","id":5601,"totalTakeovers":16063,"region":{"country":"se","name":"Örebro","id":131},"pointsPerHour":8,"longitude":15.040334,"takeoverPoints":80},"latitude":59.518919,"currentOwner":{"name":"Håstis","id":109791},"time":"2021-08-14T17:42:52+0000","type":"takeover","longitude":15.040334},{"zone":{"previousOwner":{"name":"NDL","id":245153},"dateCreated":"2013-06-21T13:00:00+0000","dateLastTaken":"2021-08-14T17:42:46+0000","latitude":59.625669,"currentOwner":{"name":"Jimo","id":8026},"name":"HellChest","id":19696,"totalTakeovers":17645,"region":{"country":"se","name":"Västmanland","id":143},"pointsPerHour":7,"longitude":16.61231,"takeoverPoints":95},"latitude":59.625669,"currentOwner":{"name":"Jimo","id":8026},"time":"2021-08-14T17:42:46+0000","type":"takeover","longitude":16.61231},{"zone":{"previousOwner":{"name":"Lindhardt","id":212850},"dateLastTaken":"2021-08-14T17:42:44+0000","latitude":57.689873,"totalTakeovers":5439,"pointsPerHour":7,"takeoverPoints":95,"dateCreated":"2017-06-06T05:50:28+0000","currentOwner":{"name":"Funky","id":149372},"name":"GamlaÄlvsborg","id":110382,"region":{"country":"se","name":"Västra Götaland","id":132},"longitude":11.907597},"latitude":57.689873,"currentOwner":{"name":"Funky","id":149372},"time":"2021-08-14T17:42:44+0000","type":"takeover","longitude":11.907597},{"zone":{"previousOwner":{"name":"FilleFilur","id":87170},"dateLastTaken":"2021-08-14T17:42:44+0000","latitude":60.239373,"totalTakeovers":415,"pointsPerHour":1,"takeoverPoints":185,"dateCreated":"2015-04-12T14:49:27+0000","currentOwner":{"name":"takayama","id":253773},"name":"MBPark","id":48442,"region":{"country":"fi","name":"Etelä-Suomi","id":185},"longitude":24.890823},"latitude":60.239373,"currentOwner":{"name":"takayama","id":253773},"time":"2021-08-14T17:42:44+0000","type":"takeover","longitude":24.890823},{"zone":{"previousOwner":{"name":"Blackwall","id":58476},"dateCreated":"2013-12-24T11:00:00+0000","dateLastTaken":"2021-08-14T17:42:43+0000","latitude":57.651927,"currentOwner":{"name":"pawik","id":210314},"name":"Melonzon","id":23897,"totalTakeovers":6579,"region":{"country":"se","name":"Västra Götaland","id":132},"pointsPerHour":5,"longitude":11.878811,"takeoverPoints":125},"latitude":57.651927,"currentOwner":{"name":"pawik","id":210314},"time":"2021-08-14T17:42:43+0000","type":"takeover","longitude":11.878811},{"zone":{"previousOwner":{"name":"Kimclaim","id":337095},"dateCreated":"2013-07-07T22:17:31+0000","dateLastTaken":"2021-08-14T17:42:38+0000","latitude":63.836232,"currentOwner":{"name":"Parta","id":31111},"name":"Långbad","id":20691,"totalTakeovers":7032,"region":{"country":"se","name":"Västerbotten","id":127},"pointsPerHour":8,"longitude":20.162506,"takeoverPoints":80},"latitude":63.836232,"currentOwner":{"name":"Parta","id":31111},"time":"2021-08-14T17:42:38+0000","type":"takeover","longitude":20.162506},{"zone":{"previousOwner":{"name":"Gusi","id":26240},"dateCreated":"2014-09-06T20:13:28+0000","dateLastTaken":"2021-08-14T17:42:34+0000","latitude":56.664306,"currentOwner":{"name":"ovalfyrkant","id":333844},"name":"Kaggen","id":34620,"totalTakeovers":16609,"region":{"country":"se","name":"Kalmar","id":137},"pointsPerHour":9,"longitude":16.361958,"takeoverPoints":65},"latitude":56.664306,"currentOwner":{"name":"ovalfyrkant","id":333844},"time":"2021-08-14T17:42:34+0000","type":"takeover","longitude":16.361958},{"zone":{"previousOwner":{"name":"fotominne","id":273615},"dateCreated":"2010-09-04T14:41:37+0000","dateLastTaken":"2021-08-14T17:42:32+0000","latitude":59.849489,"currentOwner":{"name":"Oxid","id":200662},"name":"Slutsnurrat","id":686,"totalTakeovers":16396,"region":{"country":"se","name":"Uppsala","id":142},"pointsPerHour":8,"longitude":17.690924,"takeoverPoints":80},"latitude":59.849489,"currentOwner":{"name":"Oxid","id":200662},"time":"2021-08-14T17:42:32+0000","type":"takeover","longitude":17.690924},{"zone":{"previousOwner":{"name":"PelSjo","id":183576},"dateLastTaken":"2021-08-14T17:42:15+0000","latitude":63.857244,"totalTakeovers":12430,"pointsPerHour":8,"takeoverPoints":80,"dateCreated":"2014-12-11T23:12:14+0000","currentOwner":{"name":"WhiteNinja","id":7032},"name":"ErsbodaC","id":42687,"region":{"country":"se","name":"Västerbotten","id":127},"longitude":20.312765},"latitude":63.857244,"currentOwner":{"name":"WhiteNinja","id":7032},"time":"2021-08-14T17:42:15+0000","type":"takeover","longitude":20.312765},{"zone":{"previousOwner":{"name":"ReaSH","id":304839},"dateLastTaken":"2021-08-14T17:42:13+0000","latitude":60.16941,"totalTakeovers":3011,"pointsPerHour":1,"takeoverPoints":185,"dateCreated":"2012-07-24T15:13:20+0000","currentOwner":{"name":"Nitro18","id":313399},"name":"Senaatintori","id":9748,"region":{"country":"fi","name":"Etelä-Suomi","id":185},"longitude":24.95223},"latitude":60.16941,"currentOwner":{"name":"Nitro18","id":313399},"time":"2021-08-14T17:42:13+0000","type":"takeover","longitude":24.95223},{"zone":{"previousOwner":{"name":"sls_prog","id":85323},"dateCreated":"2013-01-11T12:14:20+0000","dateLastTaken":"2021-08-14T17:42:13+0000","latitude":58.395539,"currentOwner":{"name":"sls_ilves","id":85317},"name":"RundaBadhuset","id":12819,"totalTakeovers":3695,"region":{"country":"se","name":"Västra Götaland","id":132},"pointsPerHour":3,"longitude":13.84043,"takeoverPoints":155},"latitude":58.395539,"currentOwner":{"name":"sls_ilves","id":85317},"time":"2021-08-14T17:42:13+0000","type":"takeover","longitude":13.84043},{"zone":{"previousOwner":{"name":"Grottis","id":135798},"dateCreated":"2014-04-06T09:00:00+0000","dateLastTaken":"2021-08-14T17:42:12+0000","latitude":59.453612,"currentOwner":{"name":"Doktorn","id":3263},"name":"VanityField","id":27937,"totalTakeovers":2077,"region":{"country":"se","name":"Stockholm","id":141},"pointsPerHour":5,"longitude":18.073317,"takeoverPoints":125},"latitude":59.453612,"currentOwner":{"name":"Doktorn","id":3263},"time":"2021-08-14T17:42:12+0000","type":"takeover","longitude":18.073317},{"zone":{"previousOwner":{"name":"Nenna-1","id":297465},"dateCreated":"2015-03-05T06:00:00+0000","dateLastTaken":"2021-08-14T17:42:12+0000","latitude":59.511657,"currentOwner":{"name":"heff2","id":180382},"name":"Grinnemo","id":44602,"totalTakeovers":1331,"region":{"country":"se","name":"Värmland","id":130},"pointsPerHour":3,"longitude":13.310037,"takeoverPoints":155},"latitude":59.511657,"currentOwner":{"name":"heff2","id":180382},"time":"2021-08-14T17:42:12+0000","type":"takeover","longitude":13.310037},{"zone":{"previousOwner":{"name":"MrCoolWat.","id":227290},"dateCreated":"2016-04-06T19:01:00+0000","dateLastTaken":"2021-08-14T17:42:11+0000","latitude":60.152611,"currentOwner":{"name":"Tompaj","id":74138},"name":"PetDoctor","id":65246,"totalTakeovers":3717,"region":{"country":"fi","name":"Åland","id":177},"pointsPerHour":5,"longitude":19.948351,"takeoverPoints":125},"latitude":60.152611,"currentOwner":{"name":"Tompaj","id":74138},"time":"2021-08-14T17:42:11+0000","type":"takeover","longitude":19.948351},{"zone":{"previousOwner":{"name":"ope83","id":213137},"dateCreated":"2019-11-18T09:18:44+0000","dateLastTaken":"2021-08-14T17:42:05+0000","latitude":65.591723,"currentOwner":{"name":"grock","id":189790},"name":"Seminarieled","id":223159,"totalTakeovers":2903,"region":{"country":"se","name":"Norrbotten","id":126},"pointsPerHour":7,"longitude":22.17094,"takeoverPoints":95},"latitude":65.591723,"currentOwner":{"name":"grock","id":189790},"time":"2021-08-14T17:42:05+0000","type":"takeover","longitude":22.17094},{"zone":{"previousOwner":{"name":"skäggfar","id":159086},"dateCreated":"2012-03-26T12:07:08+0000","dateLastTaken":"2021-08-14T17:42:03+0000","latitude":59.609182,"currentOwner":{"name":"anthi","id":285613},"name":"FoldbedC","id":7432,"totalTakeovers":17604,"region":{"country":"se","name":"Västmanland","id":143},"pointsPerHour":8,"longitude":16.575365,"takeoverPoints":80},"latitude":59.609182,"currentOwner":{"name":"anthi","id":285613},"time":"2021-08-14T17:42:03+0000","type":"takeover","longitude":16.575365},{"zone":{"previousOwner":{"name":"ShahofBlah","id":325964},"dateCreated":"2018-12-24T11:00:00+0000","dateLastTaken":"2021-08-14T17:42:02+0000","latitude":59.370902,"currentOwner":{"name":"clalin","id":202674},"name":"Duvkullebajk","id":178350,"totalTakeovers":2977,"region":{"country":"se","name":"Stockholm","id":141},"pointsPerHour":6,"longitude":17.942144,"takeoverPoints":110},"latitude":59.370902,"currentOwner":{"name":"clalin","id":202674},"time":"2021-08-14T17:42:02+0000","type":"takeover","longitude":17.942144},{"zone":{"previousOwner":{"name":"Serra","id":132963},"dateCreated":"2013-05-09T13:28:08+0000","dateLastTaken":"2021-08-14T17:42:01+0000","latitude":57.486152,"currentOwner":{"name":"Has","id":281981},"name":"KollaEnFura","id":18048,"totalTakeovers":2456,"region":{"country":"se","name":"Halland","id":134},"pointsPerHour":3,"longitude":12.068658,"takeoverPoints":155},"latitude":57.486152,"currentOwner":{"name":"Has","id":281981},"time":"2021-08-14T17:42:01+0000","type":"takeover","longitude":12.068658},{"zone":{"previousOwner":{"name":"ripsoller","id":175625},"dateLastTaken":"2021-08-14T17:42:01+0000","latitude":63.168376,"totalTakeovers":1556,"pointsPerHour":5,"takeoverPoints":125,"dateCreated":"2016-04-01T14:04:01+0000","currentOwner":{"name":"Hällakakan","id":228868},"name":"SollefteBro","id":64837,"region":{"country":"se","name":"Västernorrland","id":145},"longitude":17.271763},"latitude":63.168376,"currentOwner":{"name":"Hällakakan","id":228868},"time":"2021-08-14T17:42:01+0000","type":"takeover","longitude":17.271763},{"zone":{"previousOwner":{"name":"linnetti","id":245060},"dateCreated":"2016-01-21T17:30:46+0000","dateLastTaken":"2021-08-14T17:41:59+0000","latitude":60.618916,"currentOwner":{"name":"Jonas_L","id":202630},"name":"Parkjägaren","id":62980,"totalTakeovers":1846,"region":{"country":"se","name":"Gävleborg","id":144},"pointsPerHour":2,"longitude":16.757192,"takeoverPoints":170},"latitude":60.618916,"currentOwner":{"name":"Jonas_L","id":202630},"time":"2021-08-14T17:41:59+0000","type":"takeover","longitude":16.757192},{"zone":{"previousOwner":{"name":"nucleus","id":18831},"dateCreated":"2013-12-24T11:00:41+0000","dateLastTaken":"2021-08-14T17:41:58+0000","latitude":59.290003,"currentOwner":{"name":"iTurf","id":38915},"name":"Nytorparn","id":24085,"totalTakeovers":5732,"region":{"country":"se","name":"Stockholm","id":141},"pointsPerHour":5,"longitude":18.102162,"takeoverPoints":125},"latitude":59.290003,"currentOwner":{"name":"iTurf","id":38915},"time":"2021-08-14T17:41:58+0000","type":"takeover","longitude":18.102162},{"zone":{"previousOwner":{"name":"Bubblan","id":35443},"dateCreated":"2013-10-14T19:22:38+0000","dateLastTaken":"2021-08-14T17:41:57+0000","latitude":59.302604,"currentOwner":{"name":"katta7901","id":324480},"name":"Årstablick","id":22222,"totalTakeovers":2422,"region":{"country":"se","name":"Stockholm","id":141},"pointsPerHour":6,"longitude":18.058809,"takeoverPoints":110},"latitude":59.302604,"currentOwner":{"name":"katta7901","id":324480},"time":"2021-08-14T17:41:57+0000","type":"takeover","longitude":18.058809},{"zone":{"previousOwner":{"name":"Fröknäcke","id":107360},"dateCreated":"2017-06-17T07:00:00+0000","dateLastTaken":"2021-08-14T17:41:55+0000","latitude":59.383319,"currentOwner":{"name":"0beroff","id":80119},"name":"SvedenReserve","id":114057,"totalTakeovers":1630,"region":{"country":"se","name":"Stockholm","id":141},"pointsPerHour":4,"longitude":18.03442,"takeoverPoints":140},"latitude":59.383319,"currentOwner":{"name":"0beroff","id":80119},"time":"2021-08-14T17:41:55+0000","type":"takeover","longitude":18.03442},{"zone":{"previousOwner":{"name":"MorranSwede","id":204995},"dateCreated":"2018-06-15T06:00:00+0000","dateLastTaken":"2021-08-14T17:41:54+0000","latitude":59.440995,"currentOwner":{"name":"GottoBlandat","id":280990},"name":"Musketören","id":154019,"totalTakeovers":161,"region":{"country":"se","name":"Stockholm","id":141},"pointsPerHour":1,"longitude":18.297102,"takeoverPoints":185},"latitude":59.440995,"currentOwner":{"name":"GottoBlandat","id":280990},"time":"2021-08-14T17:41:54+0000","type":"takeover","longitude":18.297102},{"zone":{"previousOwner":{"name":"yabosid","id":50826},"dateCreated":"2016-12-24T11:00:00+0000","dateLastTaken":"2021-08-14T17:41:54+0000","latitude":57.743563,"currentOwner":{"name":"Lindhardt","id":212850},"name":"BaronKrumelur","id":93175,"totalTakeovers":2429,"region":{"country":"se","name":"Västra Götaland","id":132},"pointsPerHour":1,"longitude":11.974648,"takeoverPoints":185},"latitude":57.743563,"currentOwner":{"name":"Lindhardt","id":212850},"time":"2021-08-14T17:41:54+0000","type":"takeover","longitude":11.974648},{"zone":{"previousOwner":{"name":"MorUggla","id":48858},"dateCreated":"2021-05-13T22:39:35+0000","dateLastTaken":"2021-08-14T17:41:50+0000","latitude":59.280655,"currentOwner":{"name":"Eskimonika","id":41336},"name":"Korsnäbben","id":411283,"totalTakeovers":332,"region":{"country":"se","name":"Örebro","id":131},"pointsPerHour":7,"longitude":15.163581,"takeoverPoints":95},"latitude":59.280655,"currentOwner":{"name":"Eskimonika","id":41336},"time":"2021-08-14T17:41:50+0000","type":"takeover","longitude":15.163581},{"zone":{"previousOwner":{"name":"B4RK","id":312893},"dateCreated":"2013-04-24T08:00:00+0000","dateLastTaken":"2021-08-14T17:41:50+0000","latitude":59.384425,"currentOwner":{"name":"ABECE","id":61470},"name":"KarlsKärna","id":17423,"totalTakeovers":14067,"region":{"country":"se","name":"Värmland","id":130},"pointsPerHour":6,"longitude":13.463254,"takeoverPoints":110},"latitude":59.384425,"currentOwner":{"name":"ABECE","id":61470},"time":"2021-08-14T17:41:50+0000","type":"takeover","longitude":13.463254},{"zone":{"previousOwner":{"name":"TravelsofJonna","id":336300},"dateCreated":"2014-04-30T10:06:53+0000","dateLastTaken":"2021-08-14T17:41:49+0000","latitude":59.387275,"currentOwner":{"name":"Badbalja","id":44507},"name":"ÅrjängPark","id":28730,"totalTakeovers":145,"region":{"country":"se","name":"Värmland","id":130},"pointsPerHour":1,"longitude":12.118767,"takeoverPoints":185},"latitude":59.387275,"currentOwner":{"name":"Badbalja","id":44507},"time":"2021-08-14T17:41:49+0000","type":"takeover","longitude":12.118767},{"zone":{"previousOwner":{"name":"Dumblydore","id":137368},"dateLastTaken":"2021-08-14T17:41:47+0000","latitude":58.414544,"totalTakeovers":27134,"pointsPerHour":8,"takeoverPoints":80,"dateCreated":"2010-08-03T00:00:00+0000","currentOwner":{"name":"erx007","id":76576},"name":"BurnedCurrent","id":103,"region":{"country":"se","name":"Östergötland","id":139},"longitude":15.621675},"latitude":58.414544,"currentOwner":{"name":"erx007","id":76576},"time":"2021-08-14T17:41:47+0000","type":"takeover","longitude":15.621675},{"zone":{"previousOwner":{"name":"mrAce","id":168289},"dateCreated":"2010-09-04T14:41:37+0000","dateLastTaken":"2021-08-14T17:41:45+0000","latitude":59.6229,"currentOwner":{"name":"jonnaa","id":251376},"name":"Malmaberg","id":709,"totalTakeovers":31667,"region":{"country":"se","name":"Västmanland","id":143},"pointsPerHour":8,"longitude":16.585679,"takeoverPoints":80},"latitude":59.6229,"currentOwner":{"name":"jonnaa","id":251376},"time":"2021-08-14T17:41:45+0000","type":"takeover","longitude":16.585679},{"zone":{"previousOwner":{"name":"kjtindall","id":292775},"dateCreated":"2020-12-06T08:45:15+0000","dateLastTaken":"2021-08-14T17:41:44+0000","latitude":56.06872,"currentOwner":{"name":"Diangelo","id":299508},"name":"Dumferlowers","id":354967,"totalTakeovers":357,"region":{"country":"gb","name":"Scotland","id":200},"pointsPerHour":4,"longitude":-3.465086,"takeoverPoints":140},"latitude":56.06872,"currentOwner":{"name":"Diangelo","id":299508},"time":"2021-08-14T17:41:44+0000","type":"takeover","longitude":-3.465086},{"zone":{"previousOwner":{"name":"Lazycat","id":59545},"dateLastTaken":"2021-08-14T17:41:44+0000","latitude":62.378731,"totalTakeovers":3549,"pointsPerHour":4,"takeoverPoints":140,"dateCreated":"2012-03-20T00:01:34+0000","currentOwner":{"name":"madmax","id":14296},"name":"Kyrkis","id":7079,"region":{"country":"se","name":"Västernorrland","id":145},"longitude":17.356155},"latitude":62.378731,"currentOwner":{"name":"madmax","id":14296},"time":"2021-08-14T17:41:44+0000","type":"takeover","longitude":17.356155},{"zone":{"previousOwner":{"name":"Lillatanten","id":25936},"dateCreated":"2013-12-24T11:00:30+0000","dateLastTaken":"2021-08-14T17:41:42+0000","latitude":59.313514,"currentOwner":{"name":"Parastanwi","id":327690},"name":"Ånghästen","id":24242,"totalTakeovers":8750,"region":{"country":"se","name":"Stockholm","id":141},"pointsPerHour":7,"longitude":18.055123,"takeoverPoints":95},"latitude":59.313514,"currentOwner":{"name":"Parastanwi","id":327690},"time":"2021-08-14T17:41:42+0000","type":"takeover","longitude":18.055123},{"zone":{"previousOwner":{"name":"Knegare","id":335241},"dateLastTaken":"2021-08-14T17:41:42+0000","latitude":63.911456,"totalTakeovers":1813,"pointsPerHour":5,"takeoverPoints":125,"dateCreated":"2017-03-18T06:00:00+0000","currentOwner":{"name":"Blomstra","id":335272},"name":"Mariakapellet","id":95717,"region":{"country":"se","name":"Västerbotten","id":127},"longitude":19.771117},"latitude":63.911456,"currentOwner":{"name":"Blomstra","id":335272},"time":"2021-08-14T17:41:42+0000","type":"takeover","longitude":19.771117},{"zone":{"previousOwner":{"name":"TXL","id":62645},"dateCreated":"2018-04-27T17:52:13+0000","dateLastTaken":"2021-08-14T17:41:39+0000","latitude":58.771887,"currentOwner":{"name":"Nomadus","id":40305},"name":"Fåleberg","id":145610,"totalTakeovers":115,"region":{"country":"se","name":"Västra Götaland","id":132},"pointsPerHour":1,"longitude":13.954557,"takeoverPoints":185},"latitude":58.771887,"currentOwner":{"name":"Nomadus","id":40305},"time":"2021-08-14T17:41:39+0000","type":"takeover","longitude":13.954557},{"zone":{"previousOwner":{"name":"Birgitte","id":336925},"dateCreated":"2012-01-14T09:53:49+0000","dateLastTaken":"2021-08-14T17:41:36+0000","latitude":55.680986,"currentOwner":{"name":"brigadevandal","id":130587},"name":"DamhusNorth","id":5756,"totalTakeovers":409,"region":{"country":"dk","name":"Hovedstaden","id":172},"pointsPerHour":1,"longitude":12.473495,"takeoverPoints":185},"latitude":55.680986,"currentOwner":{"name":"brigadevandal","id":130587},"time":"2021-08-14T17:41:36+0000","type":"takeover","longitude":12.473495},{"zone":{"previousOwner":{"name":"jojopojken","id":48522},"dateCreated":"2014-06-02T20:39:14+0000","dateLastTaken":"2021-08-14T17:41:34+0000","latitude":59.375505,"currentOwner":{"name":"Rådjur","id":232104},"name":"Kvarnpark","id":30974,"totalTakeovers":11229,"region":{"country":"se","name":"Värmland","id":130},"pointsPerHour":5,"longitude":13.484932,"takeoverPoints":125},"latitude":59.375505,"currentOwner":{"name":"Rådjur","id":232104},"time":"2021-08-14T17:41:34+0000","type":"takeover","longitude":13.484932},{"zone":{"previousOwner":{"name":"LadyHelmsman","id":84499},"dateCreated":"2020-03-10T15:25:28+0000","dateLastTaken":"2021-08-14T17:41:33+0000","latitude":59.876149,"currentOwner":{"name":"fotominne","id":273615},"name":"Danskring","id":228425,"totalTakeovers":3459,"region":{"country":"se","name":"Uppsala","id":142},"pointsPerHour":8,"longitude":17.650036,"takeoverPoints":80},"latitude":59.876149,"currentOwner":{"name":"fotominne","id":273615},"time":"2021-08-14T17:41:33+0000","type":"takeover","longitude":17.650036},{"zone":{"previousOwner":{"name":"Ansi","id":169342},"dateCreated":"2015-10-30T04:00:00+0000","dateLastTaken":"2021-08-14T17:41:31+0000","latitude":58.329258,"currentOwner":{"name":"Markeng","id":104327},"name":"GamlaUgnar","id":60204,"totalTakeovers":156,"region":{"country":"se","name":"Västra Götaland","id":132},"pointsPerHour":2,"longitude":12.391828,"takeoverPoints":170},"latitude":58.329258,"currentOwner":{"name":"Markeng","id":104327},"time":"2021-08-14T17:41:31+0000","type":"takeover","longitude":12.391828},{"zone":{"previousOwner":{"name":"bluebirch","id":20845},"dateCreated":"2012-12-12T20:38:41+0000","dateLastTaken":"2021-08-14T17:41:30+0000","latitude":63.834915,"currentOwner":{"name":"Parta","id":31111},"name":"Fjärilsrampen","id":12224,"totalTakeovers":6404,"region":{"country":"se","name":"Västerbotten","id":127},"pointsPerHour":7,"longitude":20.159332,"takeoverPoints":95},"latitude":63.834915,"currentOwner":{"name":"Parta","id":31111},"time":"2021-08-14T17:41:30+0000","type":"takeover","longitude":20.159332},{"zone":{"previousOwner":{"name":"DonKiwin","id":24078},"dateCreated":"2012-11-15T23:05:39+0000","dateLastTaken":"2021-08-14T17:41:25+0000","latitude":57.780183,"currentOwner":{"name":"TNT","id":226957},"name":"Hamnstranden","id":11932,"totalTakeovers":14959,"region":{"country":"se","name":"Jönköping","id":133},"pointsPerHour":7,"longitude":14.17145,"takeoverPoints":95},"latitude":57.780183,"currentOwner":{"name":"TNT","id":226957},"time":"2021-08-14T17:41:25+0000","type":"takeover","longitude":14.17145},{"zone":{"previousOwner":{"name":"Markeng","id":104327},"dateCreated":"2019-10-18T08:57:23+0000","dateLastTaken":"2021-08-14T17:41:23+0000","latitude":58.370084,"currentOwner":{"name":"NSG_turf","id":42431},"name":"Sandmarken","id":220710,"totalTakeovers":599,"region":{"country":"se","name":"Västra Götaland","id":132},"pointsPerHour":3,"longitude":12.332822,"takeoverPoints":155},"latitude":58.370084,"currentOwner":{"name":"NSG_turf","id":42431},"time":"2021-08-14T17:41:23+0000","type":"takeover","longitude":12.332822},{"zone":{"dateCreated":"2017-07-08T21:00:00+0000","dateLastTaken":"2021-08-14T17:41:20+0000","latitude":66.134922,"currentOwner":{"name":"superkont","id":215040},"name":"NorskShopping","id":115228,"totalTakeovers":64,"region":{"country":"se","name":"Västerbotten","id":127},"pointsPerHour":1,"longitude":14.591048,"takeoverPoints":185},"latitude":66.134922,"currentOwner":{"name":"superkont","id":215040},"time":"2021-08-14T17:41:20+0000","type":"takeover","longitude":14.591048},{"zone":{"previousOwner":{"name":"Strac","id":302230},"dateCreated":"2020-09-15T08:30:00+0000","dateLastTaken":"2021-08-14T17:41:14+0000","latitude":57.165218,"currentOwner":{"name":"dashdot90","id":316989},"name":"ForeISaidFore","id":328401,"totalTakeovers":153,"region":{"country":"gb","name":"Scotland","id":200},"pointsPerHour":2,"longitude":-2.087859,"takeoverPoints":170},"latitude":57.165218,"currentOwner":{"name":"dashdot90","id":316989},"time":"2021-08-14T17:41:14+0000","type":"takeover","longitude":-2.087859},{"zone":{"previousOwner":{"name":"féarglas","id":280861},"dateCreated":"2021-01-10T12:44:55+0000","dateLastTaken":"2021-08-14T17:41:12+0000","latitude":51.499289,"currentOwner":{"name":"FeTaTo","id":310985},"name":"EdmundHalley","id":364582,"totalTakeovers":42,"region":{"country":"gb","name":"Greater London","id":207},"pointsPerHour":1,"longitude":0.00712,"takeoverPoints":185},"latitude":51.499289,"currentOwner":{"name":"FeTaTo","id":310985},"time":"2021-08-14T17:41:12+0000","type":"takeover","longitude":0.00712},{"zone":{"previousOwner":{"name":"Game-Over","id":77006},"dateCreated":"2021-02-20T11:00:00+0000","dateLastTaken":"2021-08-14T17:41:11+0000","latitude":58.003507,"currentOwner":{"name":"Snusmumriken","id":24003},"name":"RåsGård","id":382338,"totalTakeovers":5,"region":{"country":"se","name":"Jönköping","id":133},"pointsPerHour":1,"longitude":15.003456,"takeoverPoints":185},"latitude":58.003507,"currentOwner":{"name":"Snusmumriken","id":24003},"time":"2021-08-14T17:41:11+0000","type":"takeover","longitude":15.003456},{"zone":{"previousOwner":{"name":"FeTaTo","id":310985},"dateCreated":"2020-12-27T21:08:10+0000","dateLastTaken":"2021-08-14T17:41:11+0000","latitude":51.479863,"currentOwner":{"name":"féarglas","id":280861},"name":"OneTreeVista","id":359637,"totalTakeovers":21,"region":{"country":"gb","name":"Greater London","id":207},"pointsPerHour":1,"longitude":8.31E-4,"takeoverPoints":185},"latitude":51.479863,"currentOwner":{"name":"féarglas","id":280861},"time":"2021-08-14T17:41:11+0000","type":"takeover","longitude":8.31E-4},{"zone":{"previousOwner":{"name":"Blazzt","id":288414},"dateCreated":"2016-09-16T15:00:50+0000","dateLastTaken":"2021-08-14T17:41:10+0000","latitude":59.396816,"currentOwner":{"name":"AlienWoman73","id":329375},"name":"Myran","id":86070,"totalTakeovers":3960,"region":{"country":"se","name":"Stockholm","id":141},"pointsPerHour":6,"longitude":18.044091,"takeoverPoints":110},"latitude":59.396816,"currentOwner":{"name":"AlienWoman73","id":329375},"time":"2021-08-14T17:41:10+0000","type":"takeover","longitude":18.044091},{"zone":{"previousOwner":{"name":"Bluethunder","id":198646},"dateLastTaken":"2021-08-14T17:41:10+0000","latitude":63.819775,"totalTakeovers":19772,"pointsPerHour":9,"takeoverPoints":65,"dateCreated":"2012-05-22T17:34:19+0000","currentOwner":{"name":"MrTJ","id":51633},"name":"Svingen","id":9295,"region":{"country":"se","name":"Västerbotten","id":127},"longitude":20.293414},"latitude":63.819775,"currentOwner":{"name":"MrTJ","id":51633},"time":"2021-08-14T17:41:10+0000","type":"takeover","longitude":20.293414},{"zone":{"previousOwner":{"name":"RiddervanMyyl","id":94662},"dateCreated":"2017-05-20T07:00:00+0000","dateLastTaken":"2021-08-14T17:41:10+0000","latitude":59.345104,"currentOwner":{"name":"CharlottaR","id":326682},"name":"KirraJonne","id":109471,"totalTakeovers":6615,"region":{"country":"se","name":"Stockholm","id":141},"pointsPerHour":8,"longitude":18.007284,"takeoverPoints":80},"latitude":59.345104,"currentOwner":{"name":"CharlottaR","id":326682},"time":"2021-08-14T17:41:10+0000","type":"takeover","longitude":18.007284},{"zone":{"previousOwner":{"name":"vonsan","id":230499},"dateCreated":"2014-06-22T09:52:55+0000","dateLastTaken":"2021-08-14T17:41:10+0000","latitude":64.350284,"currentOwner":{"name":"Marilium","id":274005},"name":"Bygdsiljum","id":31860,"totalTakeovers":191,"region":{"country":"se","name":"Västerbotten","id":127},"pointsPerHour":1,"longitude":20.503952,"takeoverPoints":185},"latitude":64.350284,"currentOwner":{"name":"Marilium","id":274005},"time":"2021-08-14T17:41:10+0000","type":"takeover","longitude":20.503952},{"zone":{"previousOwner":{"name":"Randteas","id":241455},"dateCreated":"2020-02-25T11:30:00+0000","dateLastTaken":"2021-08-14T17:41:08+0000","latitude":58.708061,"currentOwner":{"name":"Dolby","id":235059},"name":"Metallbarnen","id":226827,"totalTakeovers":250,"region":{"country":"se","name":"Östergötland","id":139},"pointsPerHour":3,"longitude":15.759094,"takeoverPoints":155},"latitude":58.708061,"currentOwner":{"name":"Dolby","id":235059},"time":"2021-08-14T17:41:08+0000","type":"takeover","longitude":15.759094},{"zone":{"previousOwner":{"name":"Kaktus-Mats","id":61706},"dateCreated":"2015-02-14T05:00:00+0000","dateLastTaken":"2021-08-14T17:41:07+0000","latitude":59.776752,"currentOwner":{"name":"DayS","id":114375},"name":"Dalkarlskärr","id":44638,"totalTakeovers":792,"region":{"country":"se","name":"Uppsala","id":142},"pointsPerHour":2,"longitude":17.584795,"takeoverPoints":170},"latitude":59.776752,"currentOwner":{"name":"DayS","id":114375},"time":"2021-08-14T17:41:07+0000","type":"takeover","longitude":17.584795},{"zone":{"previousOwner":{"name":"fotominne","id":273615},"dateCreated":"2017-02-11T08:00:00+0000","dateLastTaken":"2021-08-14T17:41:01+0000","latitude":59.852474,"currentOwner":{"name":"Oxid","id":200662},"name":"Bolandsplan","id":94543,"totalTakeovers":7398,"region":{"country":"se","name":"Uppsala","id":142},"pointsPerHour":7,"longitude":17.685971,"takeoverPoints":95},"latitude":59.852474,"currentOwner":{"name":"Oxid","id":200662},"time":"2021-08-14T17:41:01+0000","type":"takeover","longitude":17.685971},{"zone":{"previousOwner":{"name":"FilleFilur","id":87170},"dateLastTaken":"2021-08-14T17:41:00+0000","latitude":60.236594,"totalTakeovers":732,"pointsPerHour":1,"takeoverPoints":185,"dateCreated":"2015-02-02T20:31:00+0000","currentOwner":{"name":"takayama","id":253773},"name":"MBShopping","id":44332,"region":{"country":"fi","name":"Etelä-Suomi","id":185},"longitude":24.889883},"latitude":60.236594,"currentOwner":{"name":"takayama","id":253773},"time":"2021-08-14T17:41:00+0000","type":"takeover","longitude":24.889883},{"zone":{"previousOwner":{"name":"MrCoolWat.","id":227290},"dateCreated":"2016-04-06T19:01:50+0000","dateLastTaken":"2021-08-14T17:41:00+0000","latitude":60.152349,"currentOwner":{"name":"Tompaj","id":74138},"name":"VikingsZone","id":65247,"totalTakeovers":3020,"region":{"country":"fi","name":"Åland","id":177},"pointsPerHour":4,"longitude":19.952744,"takeoverPoints":140},"latitude":60.152349,"currentOwner":{"name":"Tompaj","id":74138},"time":"2021-08-14T17:41:00+0000","type":"takeover","longitude":19.952744},{"zone":{"previousOwner":{"name":"topten","id":17328},"dateCreated":"2012-03-20T22:22:39+0000","dateLastTaken":"2021-08-14T17:41:00+0000","latitude":59.372884,"currentOwner":{"name":"tilde","id":36646},"name":"SpångaFolkan","id":7160,"totalTakeovers":7378,"region":{"country":"se","name":"Stockholm","id":141},"pointsPerHour":6,"longitude":17.899651,"takeoverPoints":110},"latitude":59.372884,"currentOwner":{"name":"tilde","id":36646},"time":"2021-08-14T17:41:00+0000","type":"takeover","longitude":17.899651},{"zone":{"previousOwner":{"name":"ImpEnigma","id":336047},"dateCreated":"2013-09-25T21:43:52+0000","dateLastTaken":"2021-08-14T17:40:59+0000","latitude":63.7486,"currentOwner":{"name":"gissa","id":230576},"name":"Vägknut","id":21855,"totalTakeovers":787,"region":{"country":"se","name":"Västerbotten","id":127},"pointsPerHour":4,"longitude":20.354364,"takeoverPoints":140},"latitude":63.7486,"currentOwner":{"name":"gissa","id":230576},"time":"2021-08-14T17:40:59+0000","type":"takeover","longitude":20.354364},{"zone":{"previousOwner":{"name":"Lindhardt","id":212850},"dateCreated":"2012-11-03T17:56:30+0000","dateLastTaken":"2021-08-14T17:40:57+0000","latitude":57.689718,"currentOwner":{"name":"Funky","id":149372},"name":"VidGötteBron","id":11815,"totalTakeovers":9295,"region":{"country":"se","name":"Västra Götaland","id":132},"pointsPerHour":7,"longitude":11.903008,"takeoverPoints":95},"latitude":57.689718,"currentOwner":{"name":"Funky","id":149372},"time":"2021-08-14T17:40:57+0000","type":"takeover","longitude":11.903008},{"zone":{"previousOwner":{"name":"sls_prog","id":85323},"dateCreated":"2013-11-22T15:15:21+0000","dateLastTaken":"2021-08-14T17:40:54+0000","latitude":58.394796,"currentOwner":{"name":"sls_ilves","id":85317},"name":"Garpabäcken","id":23243,"totalTakeovers":3677,"region":{"country":"se","name":"Västra Götaland","id":132},"pointsPerHour":4,"longitude":13.843924,"takeoverPoints":140},"latitude":58.394796,"currentOwner":{"name":"sls_ilves","id":85317},"time":"2021-08-14T17:40:54+0000","type":"takeover","longitude":13.843924},{"zone":{"previousOwner":{"name":"Stålblå","id":300091},"dateCreated":"2011-07-22T13:59:13+0000","dateLastTaken":"2021-08-14T17:40:54+0000","latitude":59.254824,"currentOwner":{"name":"MorUggla","id":48858},"name":"GustavCamp","id":1854,"totalTakeovers":3685,"region":{"country":"se","name":"Örebro","id":131},"pointsPerHour":4,"longitude":15.189834,"takeoverPoints":140},"latitude":59.254824,"currentOwner":{"name":"MorUggla","id":48858},"time":"2021-08-14T17:40:54+0000","type":"takeover","longitude":15.189834},{"zone":{"previousOwner":{"name":"TrePungKulor","id":267588},"dateCreated":"2014-05-27T15:04:05+0000","dateLastTaken":"2021-08-14T17:40:52+0000","latitude":55.871064,"currentOwner":{"name":"TrePungKulor","id":267588},"name":"TheEastTrail","id":30336,"totalTakeovers":1298,"region":{"country":"se","name":"Skåne","id":135},"pointsPerHour":3,"longitude":12.8458,"takeoverPoints":155},"latitude":55.871064,"currentOwner":{"name":"TrePungKulor","id":267588},"time":"2021-08-14T17:40:52+0000","type":"takeover","longitude":12.8458},{"zone":{"previousOwner":{"name":"HappyF","id":23836},"dateLastTaken":"2021-08-14T17:40:52+0000","latitude":56.664185,"totalTakeovers":22973,"pointsPerHour":9,"takeoverPoints":65,"dateCreated":"2010-09-04T14:41:37+0000","currentOwner":{"name":"ovalfyrkant","id":333844},"name":"KalmarDoom","id":553,"region":{"country":"se","name":"Kalmar","id":137},"longitude":16.365699},"latitude":56.664185,"currentOwner":{"name":"ovalfyrkant","id":333844},"time":"2021-08-14T17:40:52+0000","type":"takeover","longitude":16.365699},{"zone":{"previousOwner":{"name":"ShahofBlah","id":325964},"dateCreated":"2013-04-21T07:13:29+0000","dateLastTaken":"2021-08-14T17:40:47+0000","latitude":59.372046,"currentOwner":{"name":"clalin","id":202674},"name":"Duvkulla","id":17036,"totalTakeovers":5876,"region":{"country":"se","name":"Stockholm","id":141},"pointsPerHour":5,"longitude":17.936724,"takeoverPoints":125},"latitude":59.372046,"currentOwner":{"name":"clalin","id":202674},"time":"2021-08-14T17:40:47+0000","type":"takeover","longitude":17.936724},{"zone":{"previousOwner":{"name":"ESOCAli","id":272710},"dateLastTaken":"2021-08-14T17:40:45+0000","latitude":55.94885,"totalTakeovers":420,"pointsPerHour":2,"takeoverPoints":170,"dateCreated":"2017-11-25T19:13:07+0000","currentOwner":{"name":"CSL","id":55768},"name":"MagdalaSteps","id":138559,"region":{"country":"gb","name":"Scotland","id":200},"longitude":-3.223999},"latitude":55.94885,"currentOwner":{"name":"CSL","id":55768},"time":"2021-08-14T17:40:45+0000","type":"takeover","longitude":-3.223999},{"zone":{"previousOwner":{"name":"duffman","id":278698},"dateCreated":"2014-02-28T23:00:00+0000","dateLastTaken":"2021-08-14T17:40:41+0000","latitude":63.892879,"currentOwner":{"name":"PelSjo","id":183576},"name":"makken","id":26095,"totalTakeovers":4372,"region":{"country":"se","name":"Västerbotten","id":127},"pointsPerHour":7,"longitude":20.313242,"takeoverPoints":95},"latitude":63.892879,"currentOwner":{"name":"PelSjo","id":183576},"time":"2021-08-14T17:40:41+0000","type":"takeover","longitude":20.313242},{"zone":{"previousOwner":{"name":"Grottis","id":135798},"dateCreated":"2020-08-21T19:17:57+0000","dateLastTaken":"2021-08-14T17:40:41+0000","latitude":59.455481,"currentOwner":{"name":"Orginator","id":178112},"name":"Synvinkel","id":319303,"totalTakeovers":747,"region":{"country":"se","name":"Stockholm","id":141},"pointsPerHour":4,"longitude":18.100872,"takeoverPoints":140},"latitude":59.455481,"currentOwner":{"name":"Orginator","id":178112},"time":"2021-08-14T17:40:41+0000","type":"takeover","longitude":18.100872},{"zone":{"previousOwner":{"name":"Ubercorn","id":302932},"dateCreated":"2020-12-22T13:04:11+0000","dateLastTaken":"2021-08-14T17:40:41+0000","latitude":56.972162,"currentOwner":{"name":"Strawberries","id":325538},"name":"Redcloak","id":358255,"totalTakeovers":178,"region":{"country":"gb","name":"Scotland","id":200},"pointsPerHour":2,"longitude":-2.230281,"takeoverPoints":170},"latitude":56.972162,"currentOwner":{"name":"Strawberries","id":325538},"time":"2021-08-14T17:40:41+0000","type":"takeover","longitude":-2.230281},{"zone":{"previousOwner":{"name":"Blackwall","id":58476},"dateCreated":"2013-09-14T18:32:06+0000","dateLastTaken":"2021-08-14T17:40:40+0000","latitude":57.654063,"currentOwner":{"name":"pawik","id":210314},"name":"Apelsinplan","id":21635,"totalTakeovers":5931,"region":{"country":"se","name":"Västra Götaland","id":132},"pointsPerHour":5,"longitude":11.884146,"takeoverPoints":125},"latitude":57.654063,"currentOwner":{"name":"pawik","id":210314},"time":"2021-08-14T17:40:40+0000","type":"takeover","longitude":11.884146},{"zone":{"previousOwner":{"name":"glurf","id":253657},"dateCreated":"2021-06-26T06:00:00+0000","dateLastTaken":"2021-08-14T17:40:39+0000","latitude":55.584574,"currentOwner":{"name":"Király","id":169417},"name":"Skrävlingen","id":428302,"totalTakeovers":41,"region":{"country":"se","name":"Skåne","id":135},"pointsPerHour":4,"longitude":13.060628,"takeoverPoints":140},"latitude":55.584574,"currentOwner":{"name":"Király","id":169417},"time":"2021-08-14T17:40:39+0000","type":"takeover","longitude":13.060628},{"zone":{"previousOwner":{"name":"Cornerstone","id":336612},"dateCreated":"2014-05-15T10:13:12+0000","dateLastTaken":"2021-08-14T17:40:37+0000","latitude":63.283843,"currentOwner":{"name":"Minnsej","id":50228},"name":"TheCornerPath","id":29230,"totalTakeovers":821,"region":{"country":"se","name":"Västernorrland","id":145},"pointsPerHour":2,"longitude":18.696776,"takeoverPoints":170},"latitude":63.283843,"currentOwner":{"name":"Minnsej","id":50228},"time":"2021-08-14T17:40:37+0000","type":"takeover","longitude":18.696776},{"zone":{"previousOwner":{"name":"srd","id":118913},"dateCreated":"2011-07-24T00:00:00+0000","dateLastTaken":"2021-08-14T17:40:37+0000","latitude":61.722684,"currentOwner":{"name":"madiemaniac","id":335540},"name":"SantaZone","id":2021,"totalTakeovers":2038,"region":{"country":"se","name":"Gävleborg","id":144},"pointsPerHour":2,"longitude":17.100342,"takeoverPoints":170},"latitude":61.722684,"currentOwner":{"name":"madiemaniac","id":335540},"time":"2021-08-14T17:40:37+0000","type":"takeover","longitude":17.100342},{"zone":{"previousOwner":{"name":"Henkutt","id":139292},"dateCreated":"2020-04-10T10:30:00+0000","dateLastTaken":"2021-08-14T17:40:28+0000","latitude":56.853595,"currentOwner":{"name":"Blockbusterz","id":27286},"name":"Tennistennis","id":233308,"totalTakeovers":437,"region":{"country":"se","name":"Kronoberg","id":147},"pointsPerHour":2,"longitude":14.829772,"takeoverPoints":170},"latitude":56.853595,"currentOwner":{"name":"Blockbusterz","id":27286},"time":"2021-08-14T17:40:28+0000","type":"takeover","longitude":14.829772},{"zone":{"previousOwner":{"name":".__.","id":337054},"dateCreated":"2014-04-06T09:12:26+0000","dateLastTaken":"2021-08-14T17:40:28+0000","latitude":58.988041,"currentOwner":{"name":"m3tr0","id":9931},"name":"Vasadungen","id":27947,"totalTakeovers":5559,"region":{"country":"se","name":"Södermanland","id":140},"pointsPerHour":4,"longitude":16.205502,"takeoverPoints":140},"latitude":58.988041,"currentOwner":{"name":"m3tr0","id":9931},"time":"2021-08-14T17:40:28+0000","type":"takeover","longitude":16.205502},{"zone":{"previousOwner":{"name":"Toranagasama","id":97301},"dateCreated":"2018-10-15T09:00:00+0000","dateLastTaken":"2021-08-14T17:40:24+0000","latitude":56.634169,"currentOwner":{"name":"Krappis","id":155974},"name":"IPAddress","id":175248,"totalTakeovers":1675,"region":{"country":"se","name":"Kalmar","id":137},"pointsPerHour":4,"longitude":15.527354,"takeoverPoints":140},"latitude":56.634169,"currentOwner":{"name":"Krappis","id":155974},"time":"2021-08-14T17:40:24+0000","type":"takeover","longitude":15.527354},{"zone":{"previousOwner":{"name":"roswes67","id":86748},"dateCreated":"2019-04-04T20:35:35+0000","dateLastTaken":"2021-08-14T17:40:24+0000","latitude":63.914386,"currentOwner":{"name":"Blomstra","id":335272},"name":"NyaBanan","id":182607,"totalTakeovers":935,"region":{"country":"se","name":"Västerbotten","id":127},"pointsPerHour":4,"longitude":19.773723,"takeoverPoints":140},"latitude":63.914386,"currentOwner":{"name":"Blomstra","id":335272},"time":"2021-08-14T17:40:24+0000","type":"takeover","longitude":19.773723},{"zone":{"previousOwner":{"name":"Grottis","id":135798},"dateCreated":"2017-05-30T10:37:28+0000","dateLastTaken":"2021-08-14T17:40:23+0000","latitude":59.451728,"currentOwner":{"name":"Doktorn","id":3263},"name":"SägAhhhh","id":107615,"totalTakeovers":1749,"region":{"country":"se","name":"Stockholm","id":141},"pointsPerHour":5,"longitude":18.075292,"takeoverPoints":125},"latitude":59.451728,"currentOwner":{"name":"Doktorn","id":3263},"time":"2021-08-14T17:40:23+0000","type":"takeover","longitude":18.075292},{"zone":{"previousOwner":{"name":"Ian","id":97980},"dateCreated":"2016-04-27T22:38:14+0000","dateLastTaken":"2021-08-14T17:40:23+0000","latitude":65.592855,"currentOwner":{"name":"grock","id":189790},"name":"Skurholmskant","id":68108,"totalTakeovers":6425,"region":{"country":"se","name":"Norrbotten","id":126},"pointsPerHour":7,"longitude":22.175076,"takeoverPoints":95},"latitude":65.592855,"currentOwner":{"name":"grock","id":189790},"time":"2021-08-14T17:40:23+0000","type":"takeover","longitude":22.175076},{"zone":{"previousOwner":{"name":"mlb","id":180393},"dateCreated":"2013-08-26T22:02:46+0000","dateLastTaken":"2021-08-14T17:40:23+0000","latitude":59.367781,"currentOwner":{"name":"JENZA","id":105530},"name":"HässelbyTorg","id":21402,"totalTakeovers":5828,"region":{"country":"se","name":"Stockholm","id":141},"pointsPerHour":5,"longitude":17.843029,"takeoverPoints":125},"latitude":59.367781,"currentOwner":{"name":"JENZA","id":105530},"time":"2021-08-14T17:40:23+0000","type":"takeover","longitude":17.843029},{"zone":{"previousOwner":{"name":"MedievalTurf","id":79413},"dateCreated":"2015-02-20T11:00:00+0000","dateLastTaken":"2021-08-14T17:40:22+0000","latitude":57.705253,"currentOwner":{"name":"Miraya","id":268568},"name":"SlitePark","id":44822,"totalTakeovers":453,"region":{"country":"se","name":"Gotland","id":138},"pointsPerHour":4,"longitude":18.807022,"takeoverPoints":140},"latitude":57.705253,"currentOwner":{"name":"Miraya","id":268568},"time":"2021-08-14T17:40:22+0000","type":"takeover","longitude":18.807022},{"zone":{"previousOwner":{"name":"wall\u2022e","id":234781},"dateCreated":"2010-09-01T00:00:00+0000","dateLastTaken":"2021-08-14T17:40:22+0000","latitude":62.397573,"currentOwner":{"name":"meridaprinz","id":160685},"name":"Sundwest","id":799,"totalTakeovers":5468,"region":{"country":"se","name":"Västernorrland","id":145},"pointsPerHour":4,"longitude":17.268182,"takeoverPoints":140},"latitude":62.397573,"currentOwner":{"name":"meridaprinz","id":160685},"time":"2021-08-14T17:40:22+0000","type":"takeover","longitude":17.268182},{"zone":{"previousOwner":{"name":"Nyberg14","id":331452},"dateCreated":"2015-04-12T13:19:08+0000","dateLastTaken":"2021-08-14T17:40:21+0000","latitude":60.470764,"currentOwner":{"name":"helenka","id":187593},"name":"Örjan","id":48303,"totalTakeovers":4998,"region":{"country":"se","name":"Dalarna","id":129},"pointsPerHour":4,"longitude":15.455083,"takeoverPoints":140},"latitude":60.470764,"currentOwner":{"name":"helenka","id":187593},"time":"2021-08-14T17:40:21+0000","type":"takeover","longitude":15.455083},{"zone":{"previousOwner":{"name":"mrAce","id":168289},"dateCreated":"2016-07-01T16:05:00+0000","dateLastTaken":"2021-08-14T17:40:20+0000","latitude":59.625389,"currentOwner":{"name":"jonnaa","id":251376},"name":"OldGolfZone","id":79288,"totalTakeovers":17231,"region":{"country":"se","name":"Västmanland","id":143},"pointsPerHour":8,"longitude":16.583667,"takeoverPoints":80},"latitude":59.625389,"currentOwner":{"name":"jonnaa","id":251376},"time":"2021-08-14T17:40:20+0000","type":"takeover","longitude":16.583667},{"zone":{"previousOwner":{"name":"Tintina","id":49086},"dateCreated":"2021-05-15T18:52:55+0000","dateLastTaken":"2021-08-14T17:40:18+0000","latitude":58.411125,"currentOwner":{"name":"recycling","id":79989},"name":"Lektorn","id":411557,"totalTakeovers":489,"region":{"country":"se","name":"Östergötland","id":139},"pointsPerHour":7,"longitude":15.597569,"takeoverPoints":95},"latitude":58.411125,"currentOwner":{"name":"recycling","id":79989},"time":"2021-08-14T17:40:18+0000","type":"takeover","longitude":15.597569},{"zone":{"previousOwner":{"name":"MNMagik","id":304387},"dateCreated":"2021-06-10T17:44:52+0000","dateLastTaken":"2021-08-14T17:40:14+0000","latitude":44.941619,"currentOwner":{"name":"MNHek","id":303521},"name":"SquishyPedals","id":427190,"totalTakeovers":7,"region":{"country":"us","name":"Minnesota","id":405},"pointsPerHour":1,"longitude":-93.472884,"takeoverPoints":185},"latitude":44.941619,"currentOwner":{"name":"MNHek","id":303521},"time":"2021-08-14T17:40:14+0000","type":"takeover","longitude":-93.472884},{"zone":{"previousOwner":{"name":"cyklaännumera","id":163694},"dateCreated":"2012-06-21T11:30:37+0000","dateLastTaken":"2021-08-14T17:40:08+0000","latitude":57.740857,"currentOwner":{"name":"Lindhardt","id":212850},"name":"ClockZone","id":9485,"totalTakeovers":2260,"region":{"country":"se","name":"Västra Götaland","id":132},"pointsPerHour":3,"longitude":11.970736,"takeoverPoints":155},"latitude":57.740857,"currentOwner":{"name":"Lindhardt","id":212850},"time":"2021-08-14T17:40:08+0000","type":"takeover","longitude":11.970736},{"zone":{"previousOwner":{"name":"Marcus_P","id":311804},"dateCreated":"2021-03-19T12:00:00+0000","dateLastTaken":"2021-08-14T17:40:08+0000","latitude":53.597866,"currentOwner":{"name":"harald_legner","id":302918},"name":"Angerufen","id":393235,"totalTakeovers":49,"region":{"country":"de","name":"Hamburg","id":439},"pointsPerHour":1,"longitude":9.88306,"takeoverPoints":185},"latitude":53.597866,"currentOwner":{"name":"harald_legner","id":302918},"time":"2021-08-14T17:40:08+0000","type":"takeover","longitude":9.88306},{"zone":{"previousOwner":{"name":"frak99","id":124218},"dateCreated":"2010-09-18T14:49:14+0000","dateLastTaken":"2021-08-14T17:40:08+0000","latitude":58.904512,"currentOwner":{"name":"GeileZone","id":166716},"name":"Newboats","id":895,"totalTakeovers":3523,"region":{"country":"se","name":"Stockholm","id":141},"pointsPerHour":3,"longitude":17.955119,"takeoverPoints":155},"latitude":58.904512,"currentOwner":{"name":"GeileZone","id":166716},"time":"2021-08-14T17:40:08+0000","type":"takeover","longitude":17.955119},{"zone":{"previousOwner":{"name":"Cyndix","id":43268},"dateCreated":"2014-05-12T08:08:00+0000","dateLastTaken":"2021-08-14T17:40:08+0000","latitude":59.608671,"currentOwner":{"name":"hejaweb","id":285715},"name":"SoldierPath","id":29172,"totalTakeovers":14195,"region":{"country":"se","name":"Västmanland","id":143},"pointsPerHour":8,"longitude":16.580121,"takeoverPoints":80},"latitude":59.608671,"currentOwner":{"name":"hejaweb","id":285715},"time":"2021-08-14T17:40:08+0000","type":"takeover","longitude":16.580121},{"zone":{"previousOwner":{"name":"ShahofBlah","id":325964},"dateCreated":"2017-06-25T11:10:55+0000","dateLastTaken":"2021-08-14T17:40:04+0000","latitude":59.372581,"currentOwner":{"name":"clalin","id":202674},"name":"RissneValla","id":114878,"totalTakeovers":3643,"region":{"country":"se","name":"Stockholm","id":141},"pointsPerHour":5,"longitude":17.9329,"takeoverPoints":125},"latitude":59.372581,"currentOwner":{"name":"clalin","id":202674},"time":"2021-08-14T17:40:04+0000","type":"takeover","longitude":17.9329},{"zone":{"previousOwner":{"name":"Jomii","id":63235},"dateCreated":"2012-04-01T19:46:36+0000","dateLastTaken":"2021-08-14T17:40:04+0000","latitude":59.38816,"currentOwner":{"name":"ABECE","id":61470},"name":"VägenHem","id":7786,"totalTakeovers":7339,"region":{"country":"se","name":"Värmland","id":130},"pointsPerHour":4,"longitude":13.465191,"takeoverPoints":140},"latitude":59.38816,"currentOwner":{"name":"ABECE","id":61470},"time":"2021-08-14T17:40:04+0000","type":"takeover","longitude":13.465191},{"zone":{"previousOwner":{"name":"Pumac","id":137209},"dateCreated":"2014-06-30T08:44:15+0000","dateLastTaken":"2021-08-14T17:40:03+0000","latitude":56.181097,"currentOwner":{"name":"JLKarlskrona","id":336203},"name":"Wämöparken","id":32018,"totalTakeovers":612,"region":{"country":"se","name":"Blekinge","id":136},"pointsPerHour":1,"longitude":15.614981,"takeoverPoints":185},"latitude":56.181097,"currentOwner":{"name":"JLKarlskrona","id":336203},"time":"2021-08-14T17:40:03+0000","type":"takeover","longitude":15.614981},{"zone":{"previousOwner":{"name":"linnetti","id":245060},"dateCreated":"2013-06-21T13:00:00+0000","dateLastTaken":"2021-08-14T17:40:00+0000","latitude":60.616999,"currentOwner":{"name":"Jonas_L","id":202630},"name":"PinePasture","id":19647,"totalTakeovers":2776,"region":{"country":"se","name":"Gävleborg","id":144},"pointsPerHour":2,"longitude":16.761225,"takeoverPoints":170},"latitude":60.616999,"currentOwner":{"name":"Jonas_L","id":202630},"time":"2021-08-14T17:40:00+0000","type":"takeover","longitude":16.761225},{"zone":{"previousOwner":{"name":"Blockbusterz","id":27286},"dateCreated":"2013-06-08T12:43:20+0000","dateLastTaken":"2021-08-14T17:39:52+0000","latitude":56.665647,"currentOwner":{"name":"ovalfyrkant","id":333844},"name":"FishDrop","id":19322,"totalTakeovers":19406,"region":{"country":"se","name":"Kalmar","id":137},"pointsPerHour":8,"longitude":16.365431,"takeoverPoints":80},"latitude":56.665647,"currentOwner":{"name":"ovalfyrkant","id":333844},"time":"2021-08-14T17:39:52+0000","type":"takeover","longitude":16.365431},{"zone":{"previousOwner":{"name":"mrAce","id":168289},"dateCreated":"2012-04-01T14:22:43+0000","dateLastTaken":"2021-08-14T17:39:51+0000","latitude":59.628436,"currentOwner":{"name":"Åsku","id":166469},"name":"IndianaZone","id":7758,"totalTakeovers":21603,"region":{"country":"se","name":"Västmanland","id":143},"pointsPerHour":8,"longitude":16.595877,"takeoverPoints":80},"latitude":59.628436,"currentOwner":{"name":"Åsku","id":166469},"time":"2021-08-14T17:39:51+0000","type":"takeover","longitude":16.595877},{"zone":{"previousOwner":{"name":"iwannarock123","id":304645},"dateCreated":"2010-10-10T15:35:16+0000","dateLastTaken":"2021-08-14T17:39:47+0000","latitude":55.70693,"currentOwner":{"name":"scat_cats","id":156177},"name":"ClemenZone","id":1006,"totalTakeovers":24161,"region":{"country":"se","name":"Skåne","id":135},"pointsPerHour":9,"longitude":13.1887,"takeoverPoints":65},"latitude":55.70693,"currentOwner":{"name":"scat_cats","id":156177},"time":"2021-08-14T17:39:47+0000","type":"takeover","longitude":13.1887},{"zone":{"previousOwner":{"name":"Guddan","id":264245},"dateCreated":"2011-09-03T19:00:00+0000","dateLastTaken":"2021-08-14T17:39:43+0000","latitude":57.777344,"currentOwner":{"name":"TNT","id":226957},"name":"Spira","id":2989,"totalTakeovers":11504,"region":{"country":"se","name":"Jönköping","id":133},"pointsPerHour":5,"longitude":14.170995,"takeoverPoints":125},"latitude":57.777344,"currentOwner":{"name":"TNT","id":226957},"time":"2021-08-14T17:39:43+0000","type":"takeover","longitude":14.170995},{"zone":{"previousOwner":{"name":"cre8or","id":64352},"dateCreated":"2014-04-17T22:00:00+0000","dateLastTaken":"2021-08-14T17:39:42+0000","latitude":57.733446,"currentOwner":{"name":"Llychlynwr","id":117087},"name":"Aröd","id":28386,"totalTakeovers":3510,"region":{"country":"se","name":"Västra Götaland","id":132},"pointsPerHour":4,"longitude":11.952803,"takeoverPoints":140},"latitude":57.733446,"currentOwner":{"name":"Llychlynwr","id":117087},"time":"2021-08-14T17:39:42+0000","type":"takeover","longitude":11.952803},{"zone":{"previousOwner":{"name":"MrCoolWat.","id":227290},"dateCreated":"2014-10-02T17:03:07+0000","dateLastTaken":"2021-08-14T17:39:42+0000","latitude":60.149464,"currentOwner":{"name":"Tompaj","id":74138},"name":"JomalaSpot","id":37522,"totalTakeovers":4465,"region":{"country":"fi","name":"Åland","id":177},"pointsPerHour":4,"longitude":19.952674,"takeoverPoints":140},"latitude":60.149464,"currentOwner":{"name":"Tompaj","id":74138},"time":"2021-08-14T17:39:42+0000","type":"takeover","longitude":19.952674},{"zone":{"previousOwner":{"name":"Nenna-1","id":297465},"dateCreated":"2018-10-26T11:01:06+0000","dateLastTaken":"2021-08-14T17:39:35+0000","latitude":59.51134,"currentOwner":{"name":"heff2","id":180382},"name":"Odalkilen","id":171567,"totalTakeovers":660,"region":{"country":"se","name":"Värmland","id":130},"pointsPerHour":3,"longitude":13.313551,"takeoverPoints":155},"latitude":59.51134,"currentOwner":{"name":"heff2","id":180382},"time":"2021-08-14T17:39:35+0000","type":"takeover","longitude":13.313551}]