[{"medal":78,"time":"2022-08-16T08:05:39+0000","type":"medal","user":{"country":"se","medals":[90,114,17,67,52,126,107,122,22,4,14,35,130,91,78],"zones":[12417,155392,166,326,42169,113147,171,221,9599],"pointsPerHour":0,"points":6035,"blocktime":18,"taken":3949,"name":"Minelina","totalPoints":669750,"rank":35,"id":212375,"place":6064,"uniqueZonesTaken":829,"region":{"name":"Stockholm","id":141}}},{"medal":127,"time":"2022-08-16T07:53:34+0000","type":"medal","user":{"country":"se","medals":[48,4,72,79,53,104,33,95,13,127],"zones":[21763,29176,8312,60713,29177],"pointsPerHour":0,"points":55793,"blocktime":14,"taken":809,"name":"Manbabanesco","totalPoints":88733,"rank":19,"id":368372,"place":6064,"uniqueZonesTaken":259,"region":{"name":"Västmanland","id":143}}}]