[{"medal":128,"time":"2021-10-18T10:17:25+0000","type":"medal","user":{"country":"se","medals":[7,100,94,16,46,13,126,79,55,39,10,128],"zones":[42880,22017,42882,22018,22019,47430,22023,411790,154066,284436,224019,154065,283927,47510,47511,105821,30883,54884,29541,222118,179821,61495,65080,95803,7356,895],"pointsPerHour":0,"points":47434,"blocktime":22,"taken":18573,"name":"utomtävlan","totalPoints":4062261,"rank":48,"id":141678,"place":7195,"uniqueZonesTaken":320,"region":{"name":"Stockholm","id":141}}},{"medal":84,"time":"2021-10-18T10:15:52+0000","type":"medal","user":{"country":"fi","medals":[94,84],"zones":[179469],"pointsPerHour":0,"points":170,"blocktime":10,"taken":5,"name":"sophiaemiliak","totalPoints":910,"rank":3,"id":291076,"place":7194,"uniqueZonesTaken":4,"region":{"name":"Etelä-Suomi","id":185}}},{"sender":{"country":"se","medals":[16,5,9,17,6,56,48,4,67,24,93,24,38,72,79,127,15,124,22,96,107],"zones":[],"pointsPerHour":0,"points":6025,"blocktime":20,"taken":13562,"name":"JDB","totalPoints":1674464,"rank":41,"id":33369,"place":3370,"uniqueZonesTaken":1528,"region":{"name":"Västmanland","id":143}},"time":"2021-10-18T10:15:13+0000","message":"Nattkryp: ok","region":{"name":"Västmanland","id":143},"type":"chat"},{"sender":{"country":"se","medals":[5,9,16,28,7,17,17,4,57,48,67,17,15,71,24,100,17,39,126,95,103,122,127,98],"zones":[24163,18310,71721,138171,63710],"pointsPerHour":38,"points":45201,"blocktime":20,"taken":17132,"name":"Nattkryp","totalPoints":2359396,"rank":43,"id":6287,"place":962,"uniqueZonesTaken":1185,"region":{"name":"Västmanland","id":143}},"time":"2021-10-18T10:14:59+0000","message":"JDB: mot under bron","region":{"name":"Västmanland","id":143},"type":"chat"},{"sender":{"country":"se","medals":[16,5,9,17,6,56,48,4,67,24,93,24,38,72,79,127,15,124,22,96,107],"zones":[],"pointsPerHour":0,"points":6025,"blocktime":20,"taken":13562,"name":"JDB","totalPoints":1674464,"rank":41,"id":33369,"place":3370,"uniqueZonesTaken":1528,"region":{"name":"Västmanland","id":143}},"time":"2021-10-18T10:14:24+0000","message":"Nattkryp: ska du ner?","region":{"name":"Västmanland","id":143},"type":"chat"},{"medal":93,"time":"2021-10-18T10:12:36+0000","type":"medal","user":{"country":"fi","medals":[93],"zones":[130559,9839],"pointsPerHour":0,"points":525,"blocktime":10,"taken":3,"name":"kaksksnd","totalPoints":525,"rank":2,"id":350394,"place":7192,"uniqueZonesTaken":3,"region":{"name":"Etelä-Suomi","id":185}}}]