[{"medal":84,"time":"2021-10-18T08:27:55+0000","type":"medal","user":{"country":"se","medals":[80,84],"zones":[96209,8341,2841,223999,24239],"pointsPerHour":0,"points":576,"blocktime":10,"taken":5,"name":"elinsundberg","totalPoints":576,"rank":2,"id":350375,"place":7171,"uniqueZonesTaken":5,"region":{"name":"Kalmar","id":137}}},{"medal":80,"time":"2021-10-18T08:27:55+0000","type":"medal","user":{"country":"se","medals":[80,84],"zones":[96209,8341,2841,223999,24239],"pointsPerHour":0,"points":576,"blocktime":10,"taken":5,"name":"elinsundberg","totalPoints":576,"rank":2,"id":350375,"place":7171,"uniqueZonesTaken":5,"region":{"name":"Kalmar","id":137}}},{"medal":51,"time":"2021-10-18T08:27:21+0000","type":"medal","user":{"country":"gb","medals":[51,85],"zones":[48897,357521,357520,357522,357517,357516,357519,357518,357515,357514],"pointsPerHour":0,"points":2121,"blocktime":11,"taken":10,"name":"Ambrose","totalPoints":2121,"rank":5,"id":349662,"place":7171,"uniqueZonesTaken":10,"region":{"name":"Scotland","id":200}}},{"medal":85,"time":"2021-10-18T08:27:21+0000","type":"medal","user":{"country":"gb","medals":[51,85],"zones":[48897,357521,357520,357522,357517,357516,357519,357518,357515,357514],"pointsPerHour":0,"points":2121,"blocktime":11,"taken":10,"name":"Ambrose","totalPoints":2121,"rank":5,"id":349662,"place":7171,"uniqueZonesTaken":10,"region":{"name":"Scotland","id":200}}}]