[{"country":"se","sender":{"country":"se","medals":[93,92,86,51],"zones":[92086],"pointsPerHour":6,"points":546,"blocktime":735,"taken":84,"name":"Lavinkram","totalPoints":14629,"rank":9,"id":340611,"place":3232,"uniqueZonesTaken":29,"region":{"name":"Stockholm","id":141}},"time":"2021-10-04T20:05:57+0000","message":"Cissif: vad heter klubben?","type":"chat"},{"medal":128,"time":"2021-10-04T20:03:15+0000","type":"medal","user":{"country":"uk","medals":[16,27,47,13,58,35,122,28,96,103,78,128],"zones":[329153,359939,359938,393197,333871,393167,393199,328526,393198,381994,328533,333876,333873,333872,333875,381979],"pointsPerHour":0,"points":5113,"blocktime":1155,"taken":2894,"name":"TSOchilWomble","totalPoints":945966,"rank":37,"id":303074,"place":4572,"uniqueZonesTaken":430,"region":{"name":"Scotland","id":200}}},{"sender":{"country":"se","medals":[48,24,67,24,24,16,14,24,7,72,70,77,79,58,83,17,116,4,89,126,24,107,127,123],"zones":[32109],"pointsPerHour":7,"points":1414,"blocktime":1410,"taken":63756,"name":"jeep43","totalPoints":8532760,"rank":54,"id":62564,"place":2412,"uniqueZonesTaken":974,"region":{"name":"Västmanland","id":143}},"time":"2021-10-04T20:02:41+0000","message":"loop på gryta snart 😅😅","region":{"name":"Västmanland","id":143},"type":"chat"},{"sender":{"country":"se","medals":[48,24,67,24,24,16,14,24,7,72,70,77,79,58,83,17,116,4,89,126,24,107,127,123],"zones":[32109],"pointsPerHour":7,"points":1413,"blocktime":1410,"taken":63756,"name":"jeep43","totalPoints":8532759,"rank":54,"id":62564,"place":2411,"uniqueZonesTaken":974,"region":{"name":"Västmanland","id":143}},"time":"2021-10-04T19:54:20+0000","message":"CRUSAIDER: gick bättre för mig än förväntat,fick nån dag när jag behövde vila kroppen men på gång igen👍","region":{"name":"Västmanland","id":143},"type":"chat"}]