[{"medal":80,"time":"2023-03-14T16:57:53+0000","type":"medal","user":{"country":"se","medals":[84,80],"zones":[24570,92938,430875,22079,735],"pointsPerHour":0,"points":715,"blocktime":645,"taken":9,"name":"mathias77","totalPoints":971,"rank":3,"id":386144,"place":5283,"uniqueZonesTaken":8,"region":{"name":"Örebro","id":131}}},{"medal":34,"time":"2023-03-14T16:55:31+0000","type":"medal","user":{"country":"se","medals":[78,54,90,7,13,34],"zones":[90881],"pointsPerHour":0,"points":5973,"blocktime":1035,"taken":1000,"name":"Nacho_Libre","totalPoints":283181,"rank":29,"id":336251,"place":5283,"uniqueZonesTaken":333,"region":{"name":"Östergötland","id":139}}},{"sender":{"country":"se","medals":[79,22,77,16,27,70,17,116,72,4,24,5,67,122,15,126,57,48,66,17,24,132,108,87],"zones":[23586,21957,547427,43408,240,21713,241,455957,63987,25973,245,8279,92696,31834,94234,24571,31901],"pointsPerHour":96,"points":44186,"blocktime":1365,"taken":35084,"name":"alias","totalPoints":5855808,"rank":51,"id":221183,"place":338,"uniqueZonesTaken":1562,"region":{"name":"Örebro","id":131}},"time":"2023-03-14T16:51:25+0000","message":"KingenMalmö: tackar","region":{"name":"Stockholm","id":141},"type":"chat"}]