[{"medal":84,"time":"2023-03-13T15:43:47+0000","type":"medal","user":{"country":"gb","medals":[84],"zones":[365632,365634,365629,556899],"pointsPerHour":0,"points":1061,"blocktime":645,"taken":5,"name":"Sweetpea68","totalPoints":1061,"rank":3,"id":387039,"place":5201,"uniqueZonesTaken":5,"region":{"name":"West Midlands","id":208}}},{"sender":{"country":"se","medals":[16,24,77,17,4,7,57,28,27,5,24,24,117,24,79,116,17,22,67,24,24,24,24,126,48,124,24,70,17,24,24,17,74,24,89,108,132,24],"zones":[80708,22200,1705,37741,253],"pointsPerHour":19,"points":20485,"blocktime":1425,"taken":54650,"name":"Tålamodet","totalPoints":10135192,"rank":55,"id":188982,"place":920,"uniqueZonesTaken":5279,"region":{"name":"Stockholm","id":141}},"time":"2023-03-13T15:38:16+0000","message":"knasmasken: assist?","region":{"name":"Stockholm","id":141},"type":"chat"}]