[{"medal":93,"time":"2023-07-25T09:42:19+0000","type":"medal","user":{"country":"se","medals":[84,93],"zones":[],"pointsPerHour":0,"points":1711,"blocktime":11,"taken":9,"name":"hockeystar","totalPoints":1711,"rank":4,"id":399384,"place":7515,"uniqueZonesTaken":6,"region":{"name":"Jönköping","id":133}}},{"medal":51,"time":"2023-07-25T09:41:02+0000","type":"medal","user":{"country":"se","medals":[92,93,31,71,100,51],"zones":[475925,199104,146481,19078,224650,119067,1034,95052,119628,20271],"pointsPerHour":0,"points":8134,"blocktime":12,"taken":44,"name":"NamelessGal","totalPoints":8134,"rank":8,"id":399818,"place":7515,"uniqueZonesTaken":35,"region":{"name":"Västra Götaland","id":132}}},{"medal":32,"time":"2023-07-25T09:37:23+0000","type":"medal","user":{"country":"se","medals":[92,53,93,90,32],"zones":[240,63012],"pointsPerHour":0,"points":288,"blocktime":12,"taken":100,"name":"GHE","totalPoints":21917,"rank":11,"id":397195,"place":7514,"uniqueZonesTaken":46,"region":{"name":"Stockholm","id":141}}},{"medal":92,"time":"2023-07-25T09:33:47+0000","type":"medal","user":{"country":"se","medals":[80,85,92],"zones":[29364,116070,29367,29368,28811,84685,73389],"pointsPerHour":0,"points":3239,"blocktime":11,"taken":18,"name":"jiwu","totalPoints":3239,"rank":5,"id":399834,"place":7513,"uniqueZonesTaken":15,"region":{"name":"Östergötland","id":139}}}]