[{"sender":{"country":"se","medals":[5,46,7,16,4,79,126,93,55,15,100,129,28,38],"zones":[93724],"pointsPerHour":1,"points":39468,"blocktime":21,"taken":10861,"name":"gradiant","totalPoints":2435629,"rank":44,"id":20630,"place":1557,"uniqueZonesTaken":1287,"region":{"name":"Stockholm","id":141}},"time":"2023-07-24T07:39:36+0000","message":"MXZ: vilken rensning du företar denna fina morgon! Jag blir ju tvungen att ge mig ut igen...","region":{"name":"Stockholm","id":141},"type":"chat"},{"medal":101,"time":"2023-07-24T07:37:08+0000","type":"medal","user":{"country":"fi","medals":[92,31,95,101],"zones":[],"pointsPerHour":0,"points":575,"blocktime":11,"taken":29,"name":"Racerbilen","totalPoints":4131,"rank":6,"id":359358,"place":7440,"uniqueZonesTaken":27,"region":{"name":"Etelä-Suomi","id":185}}}]