[{"medal":80,"time":"2023-11-13T12:11:53+0000","type":"medal","user":{"country":"se","medals":[84,80],"zones":[18352,12338,430497,141477,12330],"pointsPerHour":0,"points":995,"blocktime":11,"taken":9,"name":"kesella","totalPoints":2298,"rank":5,"id":408780,"place":5556,"uniqueZonesTaken":8,"region":{"name":"Värmland","id":130}}},{"sender":{"country":"uk","medals":[16,79,47,77,22,70,27,124,130,60,103,28,7,5,117,50,40,24,114,155],"zones":[480166,479075,480163,432462,650659,365775,479082,479081,60307,365526,374001,392720,408243,331805,338429,331804,350076,338428,365564,331806,338427],"pointsPerHour":35,"points":11640,"blocktime":22,"taken":21592,"name":"Tandem","totalPoints":6442357,"rank":51,"id":303714,"place":1707,"uniqueZonesTaken":3163,"region":{"name":"Scotland","id":200}},"time":"2023-11-13T12:08:52+0000","message":"DoodleDad: 👍","region":{"name":"Scotland","id":200},"type":"chat"}]