[{"country":"se","sender":{"country":"se","medals":[67,5,16,21,70,28,47,99,24,79,91,58,25,123,4,126,125,24,24,49,17,105,127,30,26,24,24,74,45,87,155],"zones":[180755,176768,172922,177387,27723,177113,177422,175454,428922,169086,164700],"pointsPerHour":24,"points":15840,"blocktime":23,"taken":35284,"name":"JonasfromHell","totalPoints":7269789,"rank":53,"id":72077,"place":1426,"uniqueZonesTaken":5763,"region":{"name":"Stockholm","id":141}},"time":"2023-11-13T23:27:52+0000","message":"Porterstek: Heter du Johan i den verkliga verkligheten?","type":"chat"}]