[{"medal":105,"time":"2023-11-13T08:00:44+0000","type":"medal","user":{"country":"se","medals":[77,16,7,22,47,35,122,72,4,24,99,79,27,57,5,67,15,131,155,105],"zones":[355190,20868,180918,80260,82327,176792,11979,516488,24303],"pointsPerHour":0,"points":20403,"blocktime":19,"taken":4997,"name":"KungTroll","totalPoints":1221223,"rank":39,"id":369530,"place":5528,"uniqueZonesTaken":1098,"region":{"name":"Skåne","id":135}}},{"country":"se","sender":{"country":"se","medals":[21,16,64,27,44,17,48,4,59,24,17,28,68,17,67,70,24,79,17,116,77,24,17,30,91,83,24,121,124,126,17,118,24,17,111,132,26,49,24,155],"zones":[13504,138496,113106,601322,7028,37079,111350,115403,560981,78287,11246],"pointsPerHour":59,"points":30523,"blocktime":24,"taken":95148,"name":"embeoo","totalPoints":16549757,"rank":58,"id":23906,"place":642,"uniqueZonesTaken":17902,"region":{"name":"Stockholm","id":141}},"time":"2023-11-13T07:58:12+0000","message":"Porterstek: se till att du har registrerat /har rätt mailadress på turfgame.com. Tidigare utskick finns också som bloggposter där.","type":"chat"}]