[{"medal":151,"time":"2023-10-30T18:08:22+0000","type":"medal","user":{"country":"se","medals":[79,70,95,7,10,77,103,34,14,56,151],"zones":[223808,154023,29159,80392,154024,27723,20716,76397,76396,545785,27057,172922,27290,428922],"pointsPerHour":0,"points":10095,"blocktime":19,"taken":2463,"name":"mescalin","totalPoints":785122,"rank":36,"id":211083,"place":8230,"uniqueZonesTaken":688,"region":{"name":"Stockholm","id":141}}},{"medal":31,"time":"2023-10-30T18:06:18+0000","type":"medal","user":{"country":"gb","medals":[92,52,31],"zones":[321533,321534],"pointsPerHour":0,"points":5763,"blocktime":11,"taken":25,"name":"theholygoat","totalPoints":5763,"rank":7,"id":415222,"place":8230,"uniqueZonesTaken":20,"region":{"name":"Scotland","id":200}}},{"medal":155,"time":"2023-10-30T18:04:02+0000","type":"medal","user":{"country":"se","medals":[16,4,79,77,70,72,75,83,67,24,68,17,116,26,117,27,50,24,68,21,17,126,68,124,24,119,91,24,132,60,24,108,155],"zones":[485,44294,204453,9674,9675,31339,5581,63694,31955,96055,7258,32030],"pointsPerHour":0,"points":100051,"blocktime":24,"taken":150904,"name":"makrillen71","totalPoints":20616949,"rank":58,"id":156601,"place":8230,"uniqueZonesTaken":3970,"region":{"name":"Västmanland","id":143}}}]