[{"medal":31,"time":"2023-10-30T18:11:45+0000","type":"medal","user":{"country":"gb","medals":[93,51,92,31],"zones":[96835,443493,96836,96838,345148,365038,389438,96813,96815],"pointsPerHour":0,"points":5370,"blocktime":11,"taken":25,"name":"Eliselol","totalPoints":5370,"rank":6,"id":415219,"place":8230,"uniqueZonesTaken":19,"region":{"name":"Scotland","id":200}}},{"medal":151,"time":"2023-10-30T18:08:22+0000","type":"medal","user":{"country":"se","medals":[79,70,95,7,10,77,103,34,14,56,151],"zones":[223808,154023,29159,80392,154024,27723,20716,76397,76396,545785,27057,172922,27290,428922],"pointsPerHour":0,"points":10095,"blocktime":19,"taken":2463,"name":"mescalin","totalPoints":785122,"rank":36,"id":211083,"place":8230,"uniqueZonesTaken":688,"region":{"name":"Stockholm","id":141}}}]