[{"medal":152,"time":"2023-10-30T06:16:29+0000","type":"medal","user":{"country":"no","medals":[94,10,27,16,4,55,79,127,77,70,12,117,33,100,7,68,45,152],"zones":[8864,17541,139879,514530,601408,22057,480139,555300,480136,8851,104693,601405,556317,104692,601407,104695,603199,601406,104694,8857,8860],"pointsPerHour":0,"points":25827,"blocktime":17,"taken":998,"name":"LordNorth","totalPoints":399392,"rank":31,"id":362178,"place":8191,"uniqueZonesTaken":143,"region":{"name":"Vestlandet","id":181}}},{"medal":80,"time":"2023-10-30T06:06:12+0000","type":"medal","user":{"country":"se","medals":[84,80],"zones":[33254,33255,66888,154155,154157],"pointsPerHour":0,"points":1528,"blocktime":11,"taken":7,"name":"MoSalahNaTe13","totalPoints":1528,"rank":4,"id":414932,"place":8191,"uniqueZonesTaken":6,"region":{"name":"Kalmar","id":137}}}]