[{"medal":84,"time":"2023-06-19T12:53:25+0000","type":"medal","user":{"country":"se","medals":[80,84],"zones":[80193,7059,1045,141502,22638],"pointsPerHour":0,"points":392,"blocktime":10,"taken":5,"name":"Silverthistle","totalPoints":392,"rank":1,"id":395636,"place":6778,"uniqueZonesTaken":5,"region":{"name":"Västra Götaland","id":132}}},{"medal":80,"time":"2023-06-19T12:53:25+0000","type":"medal","user":{"country":"se","medals":[80,84],"zones":[80193,7059,1045,141502,22638],"pointsPerHour":0,"points":392,"blocktime":10,"taken":5,"name":"Silverthistle","totalPoints":392,"rank":1,"id":395636,"place":6778,"uniqueZonesTaken":5,"region":{"name":"Västra Götaland","id":132}}},{"medal":38,"time":"2023-06-19T12:47:30+0000","type":"medal","user":{"country":"se","medals":[126,28,55,46,78,95,122,7,16,129,106,15,38],"zones":[27842,319171,80268,97171,514513,514512,565718,320869,320870,310573,212777,17900,595108,61933,105007,61934,105006,62511,468727,468725,328567,95539,328566,95538,310576,28341,542910,328562,310579,34682,430332],"pointsPerHour":0,"points":15020,"blocktime":20,"taken":10000,"name":"Dalbykingen","totalPoints":2176321,"rank":43,"id":279337,"place":6778,"uniqueZonesTaken":1047,"region":{"name":"Skåne","id":135}}}]