[{"medal":92,"time":"2023-06-20T02:28:05+0000","type":"medal","user":{"country":"se","medals":[94,85,100,67,92],"zones":[296060,49242],"pointsPerHour":0,"points":1137,"blocktime":11,"taken":18,"name":"machan3","totalPoints":3626,"rank":6,"id":387699,"place":6827,"uniqueZonesTaken":15,"region":{"name":"Uppsala","id":142}}},{"medal":67,"time":"2023-06-20T02:28:05+0000","type":"medal","user":{"country":"se","medals":[94,85,100,67,92],"zones":[296060,49242],"pointsPerHour":0,"points":1137,"blocktime":11,"taken":18,"name":"machan3","totalPoints":3626,"rank":6,"id":387699,"place":6827,"uniqueZonesTaken":15,"region":{"name":"Uppsala","id":142}}},{"sender":{"country":"se","medals":[67,16,4,21,17,27,68,70,24,43,2,68,72,75,1,69,68,79,77,83,1,69,68,17,24,68,24,24,24,66,30,24,117,74,24,17,115,107,24,124,126,119,68,68,17,82,3,68,68,131,68,2,68,68,1,69,68],"zones":[12322,599163,23796,28728,598769,598771,210825,598770,465739,598772,55709],"pointsPerHour":18,"points":44558,"blocktime":24,"taken":145509,"name":"Jomii","totalPoints":25195697,"rank":59,"id":63235,"place":1084,"uniqueZonesTaken":6257,"region":{"name":"Värmland","id":130}},"time":"2023-06-20T00:21:42+0000","message":"adde45: När vunnit en gång så går lägga ner turf med gott samvete. Men behöver vilomånader","region":{"name":"Värmland","id":130},"type":"chat"}]