[{"medal":85,"time":"2024-01-02T14:34:39+0000","type":"medal","user":{"country":"gb","medals":[51,85],"zones":[571721,590461,18869,18870,18871,571887,554528,554529,554531,517370],"pointsPerHour":0,"points":1956,"blocktime":11,"taken":10,"name":"StrangeOddity","totalPoints":1956,"rank":5,"id":416625,"place":6077,"uniqueZonesTaken":10,"region":{"name":"South East England","id":205}}},{"medal":51,"time":"2024-01-02T14:34:34+0000","type":"medal","user":{"country":"gb","medals":[84,51],"zones":[571721,590461,18869,18870,18871,571887,554528,554529,554531,517370],"pointsPerHour":0,"points":1956,"blocktime":11,"taken":10,"name":"StrangeOddity","totalPoints":1956,"rank":5,"id":416625,"place":6077,"uniqueZonesTaken":10,"region":{"name":"South East England","id":205}}},{"sender":{"country":"se","medals":[46,16,70,79,5,21,4,77,67,10,7,117,123,130,17,116,50,56,155,39,108],"zones":[179986,568797,23641],"pointsPerHour":12,"points":102820,"blocktime":21,"taken":16185,"name":"sippa","totalPoints":2461006,"rank":44,"id":305999,"place":428,"uniqueZonesTaken":3263,"region":{"name":"Stockholm","id":141}},"time":"2024-01-02T14:15:20+0000","message":"SippanGlad: hej kallt ute ??","region":{"name":"Stockholm","id":141},"type":"chat"}]