[{"medal":151,"time":"2024-01-02T17:00:42+0000","type":"medal","user":{"country":"se","medals":[5,4,28,46,54,79,77,7,14,34,94,151],"zones":[44096],"pointsPerHour":0,"points":10184,"blocktime":17,"taken":2453,"name":"Barken06","totalPoints":375835,"rank":31,"id":118533,"place":6084,"uniqueZonesTaken":620,"region":{"name":"Västmanland","id":143}}},{"medal":151,"time":"2024-01-02T16:59:24+0000","type":"medal","user":{"country":"se","medals":[67,16,27,68,72,68,79,83,59,75,24,3,68,61,18,116,24,24,17,50,4,66,24,24,108,126,21,89,124,17,24,17,24,70,17,151],"zones":[23584,21958,444143,50281,547426],"pointsPerHour":0,"points":10164,"blocktime":23,"taken":57156,"name":"MiniHolger","totalPoints":9522949,"rank":55,"id":56349,"place":6084,"uniqueZonesTaken":4118,"region":{"name":"Örebro","id":131}}},{"medal":85,"time":"2024-01-02T16:51:19+0000","type":"medal","user":{"country":"de","medals":[95,100,85],"zones":[201975,202057],"pointsPerHour":0,"points":2231,"blocktime":11,"taken":11,"name":"Bettä","totalPoints":2231,"rank":5,"id":416591,"place":6084,"uniqueZonesTaken":9,"region":{"name":"Bayern","id":449}}}]