[{"medal":93,"time":"2022-09-06T05:30:45+0000","type":"medal","user":{"country":"se","medals":[93],"zones":[50602],"pointsPerHour":0,"points":190,"blocktime":10,"taken":2,"name":"Hästballen","totalPoints":190,"rank":0,"id":372176,"place":4886,"uniqueZonesTaken":2,"region":{"name":"Kalmar","id":137}}},{"medal":30,"time":"2022-09-06T05:27:27+0000","type":"medal","user":{"country":"dk","medals":[52,68,32,92,6,30],"zones":[27004],"pointsPerHour":0,"points":235,"blocktime":15,"taken":197,"name":"linea11","totalPoints":102174,"rank":20,"id":137343,"place":4883,"uniqueZonesTaken":48,"region":{"name":"Nordjylland","id":176}}},{"medal":6,"time":"2022-09-06T05:27:27+0000","type":"medal","user":{"country":"dk","medals":[52,68,32,92,6,30],"zones":[27004],"pointsPerHour":0,"points":235,"blocktime":15,"taken":197,"name":"linea11","totalPoints":102174,"rank":20,"id":137343,"place":4883,"uniqueZonesTaken":48,"region":{"name":"Nordjylland","id":176}}},{"medal":30,"time":"2022-09-06T05:27:26+0000","type":"medal","user":{"country":"dk","medals":[95,100,92,31,6,30],"zones":[],"pointsPerHour":0,"points":235,"blocktime":12,"taken":41,"name":"leo1962","totalPoints":13774,"rank":9,"id":254295,"place":4883,"uniqueZonesTaken":27,"region":{"name":"Nordjylland","id":176}}},{"medal":6,"time":"2022-09-06T05:27:26+0000","type":"medal","user":{"country":"dk","medals":[95,100,92,31,6,30],"zones":[],"pointsPerHour":0,"points":235,"blocktime":12,"taken":41,"name":"leo1962","totalPoints":13774,"rank":9,"id":254295,"place":4883,"uniqueZonesTaken":27,"region":{"name":"Nordjylland","id":176}}},{"medal":128,"time":"2022-09-06T05:08:27+0000","type":"medal","user":{"country":"se","medals":[5,126,93,77,4,7,14,79,28,35,56,47,128],"zones":[1475,94823,105,223802,11930,9356,128590,70110],"pointsPerHour":0,"points":2632,"blocktime":17,"taken":2713,"name":"Antonbapel","totalPoints":403098,"rank":31,"id":35052,"place":4873,"uniqueZonesTaken":557,"region":{"name":"Östergötland","id":139}}}]