[{"medal":93,"time":"2022-09-05T07:39:48+0000","type":"medal","user":{"country":"se","medals":[93],"zones":[27014,63275],"pointsPerHour":0,"points":675,"blocktime":10,"taken":3,"name":"Nelliexxx","totalPoints":675,"rank":2,"id":371826,"place":4109,"uniqueZonesTaken":3,"region":{"name":"Halland","id":134}}},{"medal":84,"time":"2022-09-05T07:38:36+0000","type":"medal","user":{"country":"se","medals":[80,84],"zones":[328373,27013,444591,27018,477581],"pointsPerHour":0,"points":1146,"blocktime":10,"taken":5,"name":"$imon","totalPoints":1146,"rank":3,"id":371827,"place":4108,"uniqueZonesTaken":5,"region":{"name":"Halland","id":134}}},{"medal":80,"time":"2022-09-05T07:38:36+0000","type":"medal","user":{"country":"se","medals":[80,84],"zones":[328373,27013,444591,27018,477581],"pointsPerHour":0,"points":1146,"blocktime":10,"taken":5,"name":"$imon","totalPoints":1146,"rank":3,"id":371827,"place":4108,"uniqueZonesTaken":5,"region":{"name":"Halland","id":134}}},{"sender":{"country":"se","medals":[67,16,77,79,47,57,72,95,5,14,7,107,39],"zones":[117120,8034,354822,8035,8036,8037,80871,505742,80874,180014,406738,3060,3062,3063,190362,476575,155450,190363,155449,8030,8031,3455],"pointsPerHour":59,"points":7610,"blocktime":21,"taken":15033,"name":"Affe69","totalPoints":3122528,"rank":46,"id":103594,"place":569,"uniqueZonesTaken":968,"region":{"name":"Norrbotten","id":126}},"time":"2022-09-05T07:38:21+0000","message":"... Moped, kickbike osv.","region":{"name":"Norrbotten","id":126},"type":"chat"},{"medal":4,"time":"2022-09-05T07:37:25+0000","type":"medal","user":{"country":"se","medals":[80,85,4],"zones":[15793,117064,56777,314],"pointsPerHour":0,"points":1106,"blocktime":10,"taken":10,"name":"Elvira1234567","totalPoints":1106,"rank":3,"id":371816,"place":4106,"uniqueZonesTaken":10,"region":{"name":"Gotland","id":138}}},{"medal":85,"time":"2022-09-05T07:37:25+0000","type":"medal","user":{"country":"se","medals":[80,85,4],"zones":[15793,117064,56777,314],"pointsPerHour":0,"points":1106,"blocktime":10,"taken":10,"name":"Elvira1234567","totalPoints":1106,"rank":3,"id":371816,"place":4106,"uniqueZonesTaken":10,"region":{"name":"Gotland","id":138}}},{"medal":92,"time":"2022-09-05T07:37:08+0000","type":"medal","user":{"country":"se","medals":[93,100,92],"zones":[],"pointsPerHour":0,"points":810,"blocktime":11,"taken":16,"name":"Batti","totalPoints":1902,"rank":5,"id":370453,"place":4106,"uniqueZonesTaken":15,"region":{"name":"Örebro","id":131}}},{"sender":{"country":"se","medals":[67,16,77,79,47,57,72,95,5,14,7,107,39],"zones":[117120,8034,354822,8035,8036,8037,80871,505742,80874,180014,406738,3060,3062,3063,190362,155450,190363,155449,8030,8031,3455],"pointsPerHour":55,"points":7467,"blocktime":21,"taken":15032,"name":"Affe69","totalPoints":3122384,"rank":46,"id":103594,"place":584,"uniqueZonesTaken":968,"region":{"name":"Norrbotten","id":126}},"time":"2022-09-05T07:34:33+0000","message":"Fråga = hur tar ni er fram? Cykel, e-cykel, går, springer, bil.. ?","region":{"name":"Norrbotten","id":126},"type":"chat"}]