[{"medal":85,"time":"2022-09-05T11:51:10+0000","type":"medal","user":{"country":"se","medals":[51,85,90],"zones":[139283,340,390,31350,1302,117257,522,24986,60477,1166],"pointsPerHour":0,"points":980,"blocktime":10,"taken":10,"name":"nlechoppa","totalPoints":980,"rank":3,"id":372055,"place":4494,"uniqueZonesTaken":10,"region":{"name":"Skåne","id":135}}},{"medal":90,"time":"2022-09-05T11:51:10+0000","type":"medal","user":{"country":"se","medals":[51,85,90],"zones":[139283,340,390,31350,1302,117257,522,24986,60477,1166],"pointsPerHour":0,"points":980,"blocktime":10,"taken":10,"name":"nlechoppa","totalPoints":980,"rank":3,"id":372055,"place":4494,"uniqueZonesTaken":10,"region":{"name":"Skåne","id":135}}},{"medal":51,"time":"2022-09-05T11:51:10+0000","type":"medal","user":{"country":"se","medals":[51,85,90],"zones":[139283,340,390,31350,1302,117257,522,24986,60477,1166],"pointsPerHour":0,"points":980,"blocktime":10,"taken":10,"name":"nlechoppa","totalPoints":980,"rank":3,"id":372055,"place":4494,"uniqueZonesTaken":10,"region":{"name":"Skåne","id":135}}},{"medal":93,"time":"2022-09-05T11:50:06+0000","type":"medal","user":{"country":"se","medals":[93],"zones":[3111],"pointsPerHour":0,"points":310,"blocktime":10,"taken":2,"name":"colasnus","totalPoints":310,"rank":1,"id":372070,"place":4493,"uniqueZonesTaken":2,"region":{"name":"Värmland","id":130}}}]