[{"sender":{"country":"se","medals":[47,16,28,79,77,57,14,70,95,110,87,6],"zones":[30974],"pointsPerHour":6,"points":137,"blocktime":22,"taken":36436,"name":"adde45","totalPoints":4998436,"rank":49,"id":128558,"place":4255,"uniqueZonesTaken":798,"region":{"name":"Värmland","id":130}},"time":"2022-09-05T17:54:28+0000","message":"Jomii: 😄","region":{"name":"Värmland","id":130},"type":"chat"},{"sender":{"country":"se","medals":[47,16,28,79,77,57,14,70,95,110,87,6],"zones":[30974],"pointsPerHour":6,"points":137,"blocktime":22,"taken":36436,"name":"adde45","totalPoints":4998436,"rank":49,"id":128558,"place":4255,"uniqueZonesTaken":798,"region":{"name":"Värmland","id":130}},"time":"2022-09-05T17:54:06+0000","message":"Jomii: då hade storturfarna blivit ifrån körda","region":{"name":"Värmland","id":130},"type":"chat"},{"sender":{"country":"se","medals":[16,4,79,24,17,116,67,57,70,24,24,24,5,77,24,117,21,124,126,48,74,24,24,66,17,24,131,73,17,24,72,109],"zones":[52097,89248,41697,1121,134,31914,139,111149,51535,116,128667,95642],"pointsPerHour":74,"points":16287,"blocktime":22,"taken":32422,"name":"Anniña","totalPoints":5856173,"rank":51,"id":207433,"place":344,"uniqueZonesTaken":7200,"region":{"name":"Södermanland","id":140}},"time":"2022-09-05T17:52:14+0000","message":"féarglas: 👍 and by the way welcome to Sweden.","region":{"name":"Stockholm","id":141},"type":"chat"},{"sender":{"country":"se","medals":[47,16,28,79,77,57,14,70,95,110,87,6],"zones":[30974],"pointsPerHour":6,"points":136,"blocktime":22,"taken":36436,"name":"adde45","totalPoints":4998435,"rank":49,"id":128558,"place":4253,"uniqueZonesTaken":798,"region":{"name":"Värmland","id":130}},"time":"2022-09-05T17:52:01+0000","message":"Jomii: bra malt det är bättre med prispengar då hade vi sätt på satsning","region":{"name":"Värmland","id":130},"type":"chat"},{"sender":{"country":"se","medals":[16,70,79,27,77,67,82,21,124,69,68,83,69,68,4,69,68,117,2,69,68,61,62,23,2,69,68,69,68,75,68,2,69,68,72,2,69,68,3,69,68,17,69,68,1,69,68,1,69,68,1,69,68,1,69,68,118,1,69,68,120,116,17,66,24,108,65,132,68],"zones":[25152,258,12420,21892,519811,475074,1419,21901,21904,28372,149,22742,111830,280,10843,499292,21532,96861,208735,21533,208734,21534,24094,78437,64422,11238,11239,11240,11241,91050,36972,430696,92846,25455,176,78513,502449,351355,255,27647],"pointsPerHour":192,"points":29895,"blocktime":24,"taken":86213,"name":"féarglas","totalPoints":23644638,"rank":58,"id":280861,"place":93,"uniqueZonesTaken":9813,"region":{"name":"Stockholm","id":141}},"time":"2022-09-05T17:51:09+0000","message":"Anniña: neat assist 😁","region":{"name":"Stockholm","id":141},"type":"chat"}]