[{"medal":84,"time":"2022-09-05T09:00:19+0000","type":"medal","user":{"country":"se","medals":[84],"zones":[28196,28197],"pointsPerHour":0,"points":717,"blocktime":10,"taken":5,"name":"sam111110","totalPoints":717,"rank":3,"id":371896,"place":4232,"uniqueZonesTaken":4,"region":{"name":"Stockholm","id":141}}},{"sender":{"country":"se","medals":[4,77,10,16,94,14,122,79,126,55,101,47,73,66,130,67],"zones":[49216,49200,49209,13628,121710],"pointsPerHour":13,"points":3342,"blocktime":22,"taken":31433,"name":"gebejo","totalPoints":5365318,"rank":50,"id":143411,"place":1203,"uniqueZonesTaken":899,"region":{"name":"Gävleborg","id":144}},"time":"2022-09-05T09:00:16+0000","message":"Måndag efter nystart och hela Skutskär är gult fortfarande  - Tosan är visst i Köpenhamn!","region":{"name":"Uppsala","id":142},"type":"chat"},{"sender":{"country":"se","medals":[27,16,4,70,5,67,47,21,58,77,79,95,72,91,103,50,123,26,89,130],"zones":[7040,7042,30343,7305,7308,7311,28369,20819,20820,47768,80731,154,139037,47330,411813,9316,9317,7854,7027,7028,408753,24248,430142,24252],"pointsPerHour":78,"points":11806,"blocktime":24,"taken":55995,"name":"Arkiv","totalPoints":12032146,"rank":56,"id":42652,"place":359,"uniqueZonesTaken":3316,"region":{"name":"Stockholm","id":141}},"time":"2022-09-05T08:59:40+0000","message":"AnnSch: väster ut","region":{"name":"Stockholm","id":141},"type":"chat"},{"sender":{"country":"se","medals":[95],"zones":[],"pointsPerHour":0,"points":205,"blocktime":10,"taken":1,"name":"sanfrid","totalPoints":205,"rank":1,"id":371888,"place":3397,"uniqueZonesTaken":1,"region":{"name":"Värmland","id":130}},"time":"2022-09-05T08:59:14+0000","message":"röv","region":{"name":"Värmland","id":130},"type":"chat"},{"medal":80,"time":"2022-09-05T08:58:43+0000","type":"medal","user":{"country":"se","medals":[80,84],"zones":[33328,33330,33331,11755,1628],"pointsPerHour":0,"points":448,"blocktime":10,"taken":5,"name":"Pmathers","totalPoints":448,"rank":2,"id":371808,"place":4230,"uniqueZonesTaken":5,"region":{"name":"Gotland","id":138}}},{"medal":84,"time":"2022-09-05T08:58:43+0000","type":"medal","user":{"country":"se","medals":[80,84],"zones":[33328,33330,33331,11755,1628],"pointsPerHour":0,"points":448,"blocktime":10,"taken":5,"name":"Pmathers","totalPoints":448,"rank":2,"id":371808,"place":4230,"uniqueZonesTaken":5,"region":{"name":"Gotland","id":138}}},{"sender":{"country":"se","medals":[67,9,16,24,22,57,48,24,72,79,77,24,66,26,24,17,116,83,117,24,24,50,24,17,4,24,111,24,27,124,126,118,17,130,17],"zones":[22338,5572,2246,11656,5449,63690,31948,63692,12368,31952,31954,144401,27801,27802,139416,109472,62306,42850,109474,491,11630,12015,8949,18677,8313,569,43193,138172,63742,63743,703],"pointsPerHour":241,"points":14419,"blocktime":24,"taken":98772,"name":"VÄDUREN","totalPoints":12295803,"rank":56,"id":92950,"place":263,"uniqueZonesTaken":4147,"region":{"name":"Västmanland","id":143}},"time":"2022-09-05T08:58:04+0000","message":"Ferna: ok","region":{"name":"Västmanland","id":143},"type":"chat"},{"sender":{"country":"se","medals":[67,16,22,70,28,26,57,45,77,79,91,30,27,24,5,17,115,24,74,48,24,126,124,118,24,131,108],"zones":[44992,31953,114195,7752,11225,7114,14907],"pointsPerHour":46,"points":3482,"blocktime":24,"taken":98039,"name":"Ferna","totalPoints":14083675,"rank":57,"id":55488,"place":1168,"uniqueZonesTaken":6628,"region":{"name":"Västmanland","id":143}},"time":"2022-09-05T08:57:46+0000","message":"VÄDUREN: Ja visst råkade ha gubben på","region":{"name":"Västmanland","id":143},"type":"chat"},{"medal":51,"time":"2022-09-05T08:57:25+0000","type":"medal","user":{"country":"se","medals":[93,85,90,51],"zones":[11376,20963,220661,5320,536,5417,3117,55678,97358,43407],"pointsPerHour":0,"points":1141,"blocktime":10,"taken":13,"name":"rashford","totalPoints":1141,"rank":3,"id":371865,"place":4228,"uniqueZonesTaken":13,"region":{"name":"Örebro","id":131}}},{"sender":{"country":"se","medals":[16,67,4,70,24,24,48,79,24,17,77,28,57,83,24,24,17,116,21,117,24,17,91,24,24,107,126,26,74,124,24,88,24,128,17,24],"zones":[184226,319189,141557,491788,319178],"pointsPerHour":12,"points":6305,"blocktime":23,"taken":48771,"name":"AnnSch","totalPoints":9698576,"rank":55,"id":77198,"place":733,"uniqueZonesTaken":6241,"region":{"name":"Stockholm","id":141}},"time":"2022-09-05T08:57:14+0000","message":"Arkiv: vilket håll kör du därifrån? Ska cykla mot jobbet nu och funderar på att ta omvägen kring de tre gula och cykelbanan mot Vistaberg","region":{"name":"Stockholm","id":141},"type":"chat"},{"medal":84,"time":"2022-09-05T08:56:25+0000","type":"medal","user":{"country":"se","medals":[84],"zones":[64353,89422],"pointsPerHour":0,"points":748,"blocktime":10,"taken":5,"name":"Roberta","totalPoints":748,"rank":3,"id":371628,"place":4227,"uniqueZonesTaken":5,"region":{"name":"Stockholm","id":141}}},{"sender":{"country":"se","medals":[67,9,16,24,22,57,48,24,72,79,77,24,66,26,24,17,116,83,117,24,24,50,24,17,4,24,111,24,27,124,126,118,17,130,17],"zones":[22338,5572,2246,11656,63690,31948,63692,12368,31952,31954,144401,27801,27802,139416,109472,62306,42850,109474,491,11630,12015,8949,18677,8313,569,43193,138172,63742,63743,703],"pointsPerHour":233,"points":14331,"blocktime":24,"taken":98771,"name":"VÄDUREN","totalPoints":12295715,"rank":56,"id":92950,"place":265,"uniqueZonesTaken":4147,"region":{"name":"Västmanland","id":143}},"time":"2022-09-05T08:56:10+0000","message":"Ferna: jag är på väg till Rönnby för unika är det ok för dig?","region":{"name":"Västmanland","id":143},"type":"chat"},{"medal":85,"time":"2022-09-05T08:54:50+0000","type":"medal","user":{"country":"se","medals":[80,85],"zones":[11539,411279,729,543],"pointsPerHour":0,"points":923,"blocktime":10,"taken":10,"name":"Björn22an","totalPoints":923,"rank":3,"id":371862,"place":4226,"uniqueZonesTaken":9,"region":{"name":"Örebro","id":131}}}]