[{"medal":85,"time":"2022-09-05T08:54:50+0000","type":"medal","user":{"country":"se","medals":[80,85],"zones":[11539,411279,729,543],"pointsPerHour":0,"points":923,"blocktime":10,"taken":10,"name":"Björn22an","totalPoints":923,"rank":3,"id":371862,"place":4226,"uniqueZonesTaken":9,"region":{"name":"Örebro","id":131}}},{"sender":{"country":"se","medals":[53,24,112,103,24,126,14,78,24,6,131,39],"zones":[20816,20817,20818,82405,224277,8918,7031,20812,20814],"pointsPerHour":30,"points":2516,"blocktime":21,"taken":15974,"name":"tuvali","totalPoints":3722417,"rank":47,"id":188134,"place":1432,"uniqueZonesTaken":651,"region":{"name":"Stockholm","id":141}},"time":"2022-09-05T08:54:21+0000","message":"Arkiv: trist att bli blockad som gåturfare när det inte finns ett lätt alternativ","region":{"name":"Stockholm","id":141},"type":"chat"},{"sender":{"country":"se","medals":[53,24,112,103,24,126,14,78,24,6,131,39],"zones":[20816,20817,20818,82405,224277,8918,7031,20812,20814],"pointsPerHour":30,"points":2515,"blocktime":21,"taken":15974,"name":"tuvali","totalPoints":3722416,"rank":47,"id":188134,"place":1432,"uniqueZonesTaken":651,"region":{"name":"Stockholm","id":141}},"time":"2022-09-05T08:53:22+0000","message":"Arkiv: nähä, du kunde inte vänta?","region":{"name":"Stockholm","id":141},"type":"chat"},{"sender":{"country":"se","medals":[27,16,4,70,5,67,47,21,58,77,79,95,72,91,103,50,123,26,89,130],"zones":[7042,47330,411813,9316,9317,30343,7305,7308,7854,7311,28369,20819,7027,20820,7028,47768,24248,80731,154,24252,139037],"pointsPerHour":65,"points":11343,"blocktime":24,"taken":55992,"name":"Arkiv","totalPoints":12031684,"rank":56,"id":42652,"place":377,"uniqueZonesTaken":3316,"region":{"name":"Stockholm","id":141}},"time":"2022-09-05T08:53:17+0000","message":"hann inte, förlåt","region":{"name":"Stockholm","id":141},"type":"chat"},{"medal":80,"time":"2022-09-05T08:52:44+0000","type":"medal","user":{"country":"se","medals":[93,84,80],"zones":[278596,62130,21938,28729,3113],"pointsPerHour":0,"points":1216,"blocktime":11,"taken":6,"name":"Neo.D","totalPoints":1216,"rank":4,"id":371864,"place":4225,"uniqueZonesTaken":6,"region":{"name":"Värmland","id":130}}},{"sender":{"country":"se","medals":[53,24,112,103,24,126,14,78,24,6,131,39],"zones":[20816,20817,20818,82405,224277,8918,7031,20812,20814],"pointsPerHour":30,"points":2515,"blocktime":21,"taken":15974,"name":"tuvali","totalPoints":3722416,"rank":47,"id":188134,"place":1432,"uniqueZonesTaken":651,"region":{"name":"Stockholm","id":141}},"time":"2022-09-05T08:52:33+0000","message":"Arkiv: ja","region":{"name":"Stockholm","id":141},"type":"chat"},{"medal":93,"time":"2022-09-05T08:52:32+0000","type":"medal","user":{"country":"se","medals":[93],"zones":[28199],"pointsPerHour":0,"points":310,"blocktime":10,"taken":2,"name":"Linnea.Byler","totalPoints":310,"rank":1,"id":371895,"place":4224,"uniqueZonesTaken":2,"region":{"name":"Stockholm","id":141}}},{"sender":{"country":"se","medals":[53,24,112,103,24,126,14,78,24,6,131,39],"zones":[20816,20817,20818,82405,224277,8918,7031,20812,20814],"pointsPerHour":30,"points":2515,"blocktime":21,"taken":15974,"name":"tuvali","totalPoints":3722416,"rank":47,"id":188134,"place":1432,"uniqueZonesTaken":651,"region":{"name":"Stockholm","id":141}},"time":"2022-09-05T08:52:27+0000","message":"Ja","region":{"name":"Stockholm","id":141},"type":"chat"},{"medal":84,"time":"2022-09-05T08:52:21+0000","type":"medal","user":{"country":"se","medals":[93,84],"zones":[22080,482,23791],"pointsPerHour":0,"points":345,"blocktime":10,"taken":5,"name":"blackiturfin","totalPoints":345,"rank":1,"id":371871,"place":4224,"uniqueZonesTaken":5,"region":{"name":"Örebro","id":131}}},{"sender":{"country":"se","medals":[27,16,4,70,5,67,47,21,58,77,79,95,72,91,103,50,123,26,89,130],"zones":[47330,411813,9316,9317,30343,7305,7308,7854,7311,28369,20819,7027,20820,7028,47768,24248,80731,154,24252,139037],"pointsPerHour":60,"points":11217,"blocktime":24,"taken":55991,"name":"Arkiv","totalPoints":12031557,"rank":56,"id":42652,"place":384,"uniqueZonesTaken":3316,"region":{"name":"Stockholm","id":141}},"time":"2022-09-05T08:52:01+0000","message":"tuvali: assist?","region":{"name":"Stockholm","id":141},"type":"chat"},{"medal":95,"time":"2022-09-05T08:50:39+0000","type":"medal","user":{"country":"se","medals":[95],"zones":[96196,153290],"pointsPerHour":0,"points":925,"blocktime":10,"taken":4,"name":"majafotboll","totalPoints":925,"rank":3,"id":371868,"place":4224,"uniqueZonesTaken":4,"region":{"name":"Värmland","id":130}}},{"medal":100,"time":"2022-09-05T08:50:39+0000","type":"medal","user":{"country":"se","medals":[95,100],"zones":[153289],"pointsPerHour":0,"points":1380,"blocktime":11,"taken":6,"name":"myranpyran","totalPoints":1380,"rank":4,"id":371883,"place":4224,"uniqueZonesTaken":6,"region":{"name":"Värmland","id":130}}},{"medal":90,"time":"2022-09-05T08:50:02+0000","type":"medal","user":{"country":"se","medals":[80,93,85,90],"zones":[11376,20963,220661,5320,5417,3117,55678,97358],"pointsPerHour":0,"points":929,"blocktime":10,"taken":11,"name":"rashford","totalPoints":929,"rank":3,"id":371865,"place":4224,"uniqueZonesTaken":11,"region":{"name":"Örebro","id":131}}}]