[{"sender":{"country":"se","medals":[4,28,47,55,16,5,67,21,27,7,79,77,14,126,39,102,95,128],"zones":[1448,8570],"pointsPerHour":13,"points":19851,"blocktime":21,"taken":18306,"name":"raz","totalPoints":3369016,"rank":46,"id":2949,"place":1256,"uniqueZonesTaken":779,"region":{"name":"Södermanland","id":140}},"time":"2021-10-11T14:33:53+0000","message":"Vindturf:assist? 😂","region":{"name":"Södermanland","id":140},"type":"chat"},{"medal":38,"time":"2021-10-11T14:32:45+0000","type":"medal","user":{"country":"se","medals":[53,7,13,28,94,126,102,38],"zones":[24194,34708,19340],"pointsPerHour":0,"points":7730,"blocktime":20,"taken":10000,"name":"Brurzan","totalPoints":1911564,"rank":42,"id":160414,"place":6413,"uniqueZonesTaken":454,"region":{"name":"Kalmar","id":137}}},{"medal":128,"time":"2021-10-11T14:31:34+0000","type":"medal","user":{"country":"se","medals":[6,79,77,46,95,28,54,101,12,33,22,128],"zones":[246732],"pointsPerHour":0,"points":13548,"blocktime":14,"taken":735,"name":"Sauron13","totalPoints":81660,"rank":18,"id":336222,"place":6412,"uniqueZonesTaken":148,"region":{"name":"Västerbotten","id":127}}},{"sender":{"country":"se","medals":[16,24,77,17,4,7,57,28,27,5,24,24,117,24,79,116,17,22,67,24,24,50,24,107,24,126,48,124,24,70,17,127,24,88],"zones":[55232,7586,22722,80709,37734,1417,57066,1099,24079,7573,91700,23637,7574,7575,7319,7576,33113,7578,96347,80701],"pointsPerHour":111,"points":68225,"blocktime":23,"taken":40026,"name":"Tålamodet","totalPoints":7269118,"rank":53,"id":188982,"place":182,"uniqueZonesTaken":4505,"region":{"name":"Stockholm","id":141}},"time":"2021-10-11T14:30:17+0000","message":"Glanil: assist? Jag kan vänta","region":{"name":"Stockholm","id":141},"type":"chat"},{"medal":127,"time":"2021-10-11T14:25:54+0000","type":"medal","user":{"country":"se","medals":[55,47,78,94,70,35,28,16,102,13,127],"zones":[36721,2882,62997,8326,8329,42303],"pointsPerHour":0,"points":19871,"blocktime":19,"taken":4461,"name":"Börü","totalPoints":795568,"rank":36,"id":299498,"place":6411,"uniqueZonesTaken":295,"region":{"name":"Gävleborg","id":144}}}]