[{"sender":{"country":"se","medals":[16,70,22,67,4,27,17,72,75,79,77,83,24,60,24,19,24,91,19,116,24,74,17,123,118,24,126,106,117,128],"zones":[22217,208744],"pointsPerHour":16,"points":23819,"blocktime":24,"taken":92777,"name":"RiddervanMyyl","totalPoints":15096666,"rank":58,"id":94662,"place":1170,"uniqueZonesTaken":6251,"region":{"name":"Stockholm","id":141}},"time":"2021-10-12T13:26:08+0000","message":"Hyrax: måste ju ha mina fem","region":{"name":"Stockholm","id":141},"type":"chat"},{"sender":{"country":"se","medals":[5,70,16,28,56,47,79,7,67,98,77,15,122,126,73,104,127],"zones":[92295,37705,92296,48057,136126,115084,44318],"pointsPerHour":47,"points":27238,"blocktime":22,"taken":31585,"name":"Hyrax","totalPoints":4751554,"rank":49,"id":180515,"place":1034,"uniqueZonesTaken":1581,"region":{"name":"Stockholm","id":141}},"time":"2021-10-12T13:24:52+0000","message":"RiddervanMyyl: match i säng!😀","region":{"name":"Stockholm","id":141},"type":"chat"},{"medal":80,"time":"2021-10-12T13:22:02+0000","type":"medal","user":{"country":"se","medals":[84,80],"zones":[13681,13683,103593,56972,13679],"pointsPerHour":0,"points":871,"blocktime":10,"taken":6,"name":"Maximilianm","totalPoints":871,"rank":3,"id":349643,"place":0,"uniqueZonesTaken":6,"region":{"name":"Stockholm","id":141}}},{"medal":105,"time":"2021-10-12T13:21:22+0000","type":"medal","user":{"country":"se","medals":[10,47,54,12,126,38,95,105],"zones":[95556],"pointsPerHour":0,"points":13799,"blocktime":20,"taken":12795,"name":"Åkemjuk","totalPoints":1820971,"rank":42,"id":248304,"place":6412,"uniqueZonesTaken":136,"region":{"name":"Västmanland","id":143}}},{"medal":92,"time":"2021-10-12T13:21:10+0000","type":"medal","user":{"country":"se","medals":[95,85,90,80,100,92],"zones":[1458,3333,7277],"pointsPerHour":0,"points":598,"blocktime":11,"taken":18,"name":"ekanpekan","totalPoints":1980,"rank":5,"id":295740,"place":6412,"uniqueZonesTaken":15,"region":{"name":"Dalarna","id":129}}},{"medal":84,"time":"2021-10-12T13:19:20+0000","type":"medal","user":{"country":"se","medals":[84],"zones":[13681,13683,103593,56972],"pointsPerHour":0,"points":746,"blocktime":10,"taken":5,"name":"Maximilianm","totalPoints":746,"rank":3,"id":349643,"place":6412,"uniqueZonesTaken":5,"region":{"name":"Stockholm","id":141}}}]