[{"sender":{"country":"se","medals":[70,67,16,66,24,4,21,79,77,24,17,50,72,113,83,75,24,59,68,24,17,116,122,126,109,24,118,128],"zones":[7173,94804],"pointsPerHour":5,"points":56993,"blocktime":24,"taken":77475,"name":"BambamGranit","totalPoints":15176733,"rank":58,"id":94232,"place":280,"uniqueZonesTaken":4204,"region":{"name":"Stockholm","id":141}},"time":"2021-10-11T16:08:55+0000","message":"Violan: Jag väntar","region":{"name":"Örebro","id":131},"type":"chat"},{"medal":85,"time":"2021-10-11T16:07:33+0000","type":"medal","user":{"country":"se","medals":[85],"zones":[34672,95104,22798,246988],"pointsPerHour":0,"points":2064,"blocktime":11,"taken":10,"name":"Ekströms","totalPoints":2064,"rank":5,"id":348149,"place":6428,"uniqueZonesTaken":9,"region":{"name":"Skåne","id":135}}},{"medal":32,"time":"2021-10-11T16:05:06+0000","type":"medal","user":{"country":"se","medals":[80,93,92,32],"zones":[10504,139451,346],"pointsPerHour":0,"points":5289,"blocktime":12,"taken":100,"name":"TurfHunter2000","totalPoints":12323,"rank":9,"id":244678,"place":0,"uniqueZonesTaken":37,"region":{"name":"Västra Götaland","id":132}}},{"medal":54,"time":"2021-10-11T16:04:06+0000","type":"medal","user":{"country":"se","medals":[93,86,46,10,11,54],"zones":[2304,29376,29377,178624,29378,29379,138246,419022,2572,2573,9358,128590,23951,976,82,11923,11925,21398,61783,11927,11930,91,356762,70110,1760,22305,99,17572,136356,9516,558,95727,562,117108,34617,34619,56635,2941,29375],"pointsPerHour":0,"points":8848,"blocktime":12,"taken":70,"name":"A-star","totalPoints":8848,"rank":8,"id":349347,"place":6427,"uniqueZonesTaken":57,"region":{"name":"Östergötland","id":139}}}]