[{"medal":93,"time":"2023-01-10T17:34:23+0000","type":"medal","user":{"country":"se","medals":[51,85,10,92,93],"zones":[1217,223847,7176,11726,11734,95607,92855,17846,113622,28247,17848,858,135929,11739],"pointsPerHour":0,"points":2205,"blocktime":11,"taken":15,"name":"cade_se","totalPoints":2205,"rank":5,"id":385036,"place":5166,"uniqueZonesTaken":15,"region":{"name":"Skåne","id":135}}},{"medal":92,"time":"2023-01-10T17:34:23+0000","type":"medal","user":{"country":"se","medals":[51,85,10,92,93],"zones":[1217,223847,7176,11726,11734,95607,92855,17846,113622,28247,17848,858,135929,11739],"pointsPerHour":0,"points":2205,"blocktime":11,"taken":15,"name":"cade_se","totalPoints":2205,"rank":5,"id":385036,"place":5166,"uniqueZonesTaken":15,"region":{"name":"Skåne","id":135}}}]