[{"medal":102,"time":"2023-01-10T18:09:04+0000","type":"medal","user":{"country":"se","medals":[94,80,11,32,102],"zones":[497,11635,432178,306527,33708,33709],"pointsPerHour":0,"points":7460,"blocktime":12,"taken":112,"name":"Immi","totalPoints":16062,"rank":10,"id":384564,"place":5167,"uniqueZonesTaken":59,"region":{"name":"Uppsala","id":142}}},{"medal":11,"time":"2023-01-10T18:05:38+0000","type":"medal","user":{"country":"se","medals":[51,86,11],"zones":[160615,154853,206251,24313,22314,22299,134685,94158],"pointsPerHour":0,"points":7406,"blocktime":12,"taken":64,"name":"Lugnet22","totalPoints":11147,"rank":8,"id":373728,"place":5167,"uniqueZonesTaken":50,"region":{"name":"Skåne","id":135}}}]