[{"medal":78,"time":"2022-06-07T15:40:54+0000","type":"medal","user":{"country":"se","medals":[92,93,51,86,90,78],"zones":[9640,9646,1424,9648,1457,8627,42419,8756,42420,17756,24028,225437],"pointsPerHour":0,"points":1319,"blocktime":735,"taken":82,"name":"Little_Wiener","totalPoints":13140,"rank":9,"id":360234,"place":4884,"uniqueZonesTaken":38,"region":{"name":"Dalarna","id":129}}},{"medal":102,"time":"2022-06-07T15:38:02+0000","type":"medal","user":{"country":"se","medals":[79,28,47,94,77,13,56,6,36,102],"zones":[988],"pointsPerHour":0,"points":205,"blocktime":1155,"taken":6127,"name":"Mackan!","totalPoints":891631,"rank":37,"id":297712,"place":4883,"uniqueZonesTaken":340,"region":{"name":"Skåne","id":135}}},{"sender":{"country":"se","medals":[79,67,4,16,77,7,22,57,117,15,123,126,72,27,83,17,115,89,131,107,48],"zones":[114821,178374,28236,278602,55636,55638,25240,92250,25244,472728,62562,62563,407456,7468,116655,487849,21423,116657,206199,44854,159413,206202,206200,430333,153982,26108],"pointsPerHour":85,"points":22039,"blocktime":1425,"taken":56775,"name":"goran62","totalPoints":10457220,"rank":55,"id":174994,"place":305,"uniqueZonesTaken":1813,"region":{"name":"Örebro","id":131}},"time":"2022-06-07T15:33:38+0000","message":"Dr.PaPPa: absolut men ni hittar bevisligen också","region":{"name":"Örebro","id":131},"type":"chat"}]