[{"medal":10,"time":"2022-06-06T14:58:46+0000","type":"medal","user":{"country":"se","medals":[51,85,92,10],"zones":[153602,155939,153601,22726,23590,80300,21613,723,11539,115414,537,12028,142429],"pointsPerHour":0,"points":2404,"blocktime":675,"taken":17,"name":"jaro2","totalPoints":2404,"rank":5,"id":366227,"place":4280,"uniqueZonesTaken":17,"region":{"name":"Örebro","id":131}}},{"medal":92,"time":"2022-06-06T14:56:05+0000","type":"medal","user":{"country":"se","medals":[85,80,92,93],"zones":[12117,90047],"pointsPerHour":0,"points":605,"blocktime":690,"taken":17,"name":"scrambled","totalPoints":5190,"rank":6,"id":353345,"place":4278,"uniqueZonesTaken":15,"region":{"name":"Västra Götaland","id":132}}},{"medal":93,"time":"2022-06-06T14:56:05+0000","type":"medal","user":{"country":"se","medals":[85,80,92,93],"zones":[12117,90047],"pointsPerHour":0,"points":605,"blocktime":690,"taken":17,"name":"scrambled","totalPoints":5190,"rank":6,"id":353345,"place":4278,"uniqueZonesTaken":15,"region":{"name":"Västra Götaland","id":132}}},{"sender":{"country":"se","medals":[4,12,94,53,102,5,79,46,10,39,127],"zones":[],"pointsPerHour":0,"points":6637,"blocktime":1260,"taken":17701,"name":"Zchnetterhorn","totalPoints":2370712,"rank":44,"id":86761,"place":824,"uniqueZonesTaken":154,"region":{"name":"Stockholm","id":141}},"time":"2022-06-06T14:55:11+0000","message":"egmondir:vem är ni?","region":{"name":"Stockholm","id":141},"type":"chat"},{"medal":92,"time":"2022-06-06T14:55:00+0000","type":"medal","user":{"country":"se","medals":[51,85,92],"zones":[153602,155939,153601,22726,23590,5418,80300,2258,723,115414,537,142429],"pointsPerHour":0,"points":2195,"blocktime":675,"taken":15,"name":"jaro2","totalPoints":2195,"rank":5,"id":366227,"place":4278,"uniqueZonesTaken":15,"region":{"name":"Örebro","id":131}}},{"sender":{"country":"se","medals":[93,79,46,55,14,77,28,102,37,131],"zones":[256,61489,28377,7708,7709],"pointsPerHour":34,"points":4302,"blocktime":1170,"taken":8587,"name":"egmondir","totalPoints":1041595,"rank":38,"id":176939,"place":1201,"uniqueZonesTaken":585,"region":{"name":"Stockholm","id":141}},"time":"2022-06-06T14:54:00+0000","message":"BAx:är du på riktigt och hur hamnade du i liga 8?","region":{"name":"Stockholm","id":141},"type":"chat"}]