[{"sender":{"country":"se","medals":[79,90,53,34,13,102,7,95],"zones":[],"pointsPerHour":0,"points":0,"blocktime":1080,"taken":1749,"name":"FantasticZoner","totalPoints":473904,"rank":32,"id":211741,"place":2427,"uniqueZonesTaken":375,"region":{"name":"Halland","id":134}},"time":"2022-06-06T10:13:28+0000","message":"Blackwall:","region":{"name":"Halland","id":134},"type":"chat"},{"medal":4,"time":"2022-06-06T10:10:50+0000","type":"medal","user":{"country":"se","medals":[52,90,32,12,70,6,103,17,116,4],"zones":[51626,11790],"pointsPerHour":0,"points":942,"blocktime":825,"taken":233,"name":"Emmeth","totalPoints":52061,"rank":15,"id":32403,"place":3951,"uniqueZonesTaken":166,"region":{"name":"Östergötland","id":139}}},{"sender":{"country":"se","medals":[79,90,53,34,13,102,7,95],"zones":[],"pointsPerHour":0,"points":0,"blocktime":1080,"taken":1749,"name":"FantasticZoner","totalPoints":473904,"rank":32,"id":211741,"place":2427,"uniqueZonesTaken":375,"region":{"name":"Halland","id":134}},"time":"2022-06-06T10:10:14+0000","message":"Blackwall: Hej!","region":{"name":"Halland","id":134},"type":"chat"},{"medal":34,"time":"2022-06-06T10:09:11+0000","type":"medal","user":{"country":"se","medals":[95,126,6,22,13,51,16,105,34],"zones":[64100],"pointsPerHour":0,"points":240,"blocktime":945,"taken":1002,"name":"LellaGo","totalPoints":158151,"rank":23,"id":274276,"place":3947,"uniqueZonesTaken":371,"region":{"name":"Stockholm","id":141}}},{"medal":36,"time":"2022-06-06T10:09:05+0000","type":"medal","user":{"country":"uk","medals":[28,97,79,77,16,5,128,47,64,22,8,70,106,57,123,15,36],"zones":[361603,427392,361602,427400,393498,474791,474790,474788,486449,476858,476857,476856,476867,465874,499295,499294,499303,499302,499301,499300,499299,499297,499296,499311,476783,388716,499310,476782,345324,499309,388718,345326,499307,499305,388715,345323,499319,499318,350452,499317,499312,368765,500223,358014,368766,350457,368763,350458],"pointsPerHour":0,"points":13768,"blocktime":1185,"taken":5000,"name":"granmabigabee","totalPoints":1150013,"rank":39,"id":334433,"place":3946,"uniqueZonesTaken":1000,"region":{"name":"Scotland","id":200}}},{"sender":{"country":"se","medals":[16,22,5,79,77,67,122,48,14,68,6,17,115,105,72,131,59,2,69,68,40],"zones":[62059,498731,406474,315401,7790,7791],"pointsPerHour":25,"points":3840,"blocktime":1305,"taken":20414,"name":"B4RK","totalPoints":3673200,"rank":47,"id":312893,"place":1070,"uniqueZonesTaken":672,"region":{"name":"Värmland","id":130}},"time":"2022-06-06T10:07:29+0000","message":"TurfGöran: Håll fart!","region":{"name":"Värmland","id":130},"type":"chat"}]