[{"medal":85,"time":"2022-06-06T13:13:25+0000","type":"medal","user":{"country":"se","medals":[93,4,100,85],"zones":[34270],"pointsPerHour":0,"points":1477,"blocktime":660,"taken":11,"name":"Fantafanny","totalPoints":1477,"rank":4,"id":366201,"place":4165,"uniqueZonesTaken":8,"region":{"name":"Västmanland","id":143}}},{"medal":93,"time":"2022-06-06T13:13:25+0000","type":"medal","user":{"country":"se","medals":[92,10,53,86,4,93],"zones":[1764,139560],"pointsPerHour":0,"points":1546,"blocktime":705,"taken":51,"name":"bars","totalPoints":5750,"rank":7,"id":366022,"place":4165,"uniqueZonesTaken":40,"region":{"name":"Västmanland","id":143}}},{"medal":85,"time":"2022-06-06T13:12:54+0000","type":"medal","user":{"country":"se","medals":[94,100,85],"zones":[],"pointsPerHour":0,"points":155,"blocktime":660,"taken":11,"name":"jonaseriksson1","totalPoints":1621,"rank":4,"id":352465,"place":4163,"uniqueZonesTaken":10,"region":{"name":"Västmanland","id":143}}},{"sender":{"country":"se","medals":[79,90,53,34,13,102,7,95],"zones":[30321,30323,61476,115126],"pointsPerHour":6,"points":764,"blocktime":1080,"taken":1753,"name":"FantasticZoner","totalPoints":474668,"rank":32,"id":211741,"place":2588,"uniqueZonesTaken":375,"region":{"name":"Halland","id":134}},"time":"2022-06-06T13:12:26+0000","message":"8-ball:","region":{"name":"Halland","id":134},"type":"chat"},{"sender":{"country":"se","medals":[67,16,57,70,21,27,28,4,48,24,9,66,77,79,26,50,64,17,116,24,83,117,124,126,17,111,131,87,17],"zones":[43874,45012,275980,92281,42377,51545,43865,47739],"pointsPerHour":20,"points":4480,"blocktime":1395,"taken":36975,"name":"KrilleB","totalPoints":7309022,"rank":53,"id":62251,"place":1093,"uniqueZonesTaken":4923,"region":{"name":"Västmanland","id":143}},"time":"2022-06-06T13:12:02+0000","message":"Fåret_Shaun: Ni klarade det","region":{"name":"Västmanland","id":143},"type":"chat"},{"sender":{"country":"se","medals":[4,16,67,9,17,24,26,70,49,24,17,24,8,65,60,64,69,21,30,68,45,24,17,27,24,25,91,79,77,24,29,17,83,24,113,24,17,116,24,72,68,17,24,124,126,89,121,108,75,24,68,17,131,24,24],"zones":[48449,48451,114882,54917,66052,47621,179844,136004,47624,1737,88971,8651,1490,32275,44563,496596,1491,1492,2901,44566,224341,30231,12120,44569,2906,2907,204381,318437,148707,20900,21866,21867,93741,21868,114860,18030,114862,20720,28851,2999,3449,79291,79293,33660,57981,48446,79294],"pointsPerHour":208,"points":23191,"blocktime":1440,"taken":74003,"name":"stefanx46","totalPoints":12802680,"rank":56,"id":36563,"place":115,"uniqueZonesTaken":12363,"region":{"name":"Västerbotten","id":127}},"time":"2022-06-06T13:11:30+0000","message":"Spillunten: odin?","region":{"name":"Västerbotten","id":127},"type":"chat"},{"sender":{"country":"se","medals":[79,90,53,34,13,102,7,95],"zones":[30321,30323,61476],"pointsPerHour":5,"points":529,"blocktime":1080,"taken":1752,"name":"FantasticZoner","totalPoints":474433,"rank":32,"id":211741,"place":2836,"uniqueZonesTaken":375,"region":{"name":"Halland","id":134}},"time":"2022-06-06T13:10:49+0000","message":"8-ball: Du kämpar bra du!! Tog precis min systers första zon haha 😂","region":{"name":"Halland","id":134},"type":"chat"},{"sender":{"country":"se","medals":[33,16,47,4,28,5,67,21,70,77,79,57,15,116,17,7,126,122,107,88,127],"zones":[30849,2562,228425,4555,94543,43733,178263,92761,43736,92762,55965,33695,79518,679,687,432169,688,500,52087,31482,11899,31484,11900,11901,491833,31487],"pointsPerHour":173,"points":5250,"blocktime":1365,"taken":43891,"name":"Skaparn","totalPoints":6230043,"rank":51,"id":24043,"place":969,"uniqueZonesTaken":1355,"region":{"name":"Uppsala","id":142}},"time":"2022-06-06T13:08:57+0000","message":"HogSquare: ok","region":{"name":"Uppsala","id":142},"type":"chat"}]