[{"medal":94,"time":"2022-08-08T14:54:52+0000","type":"medal","user":{"country":"se","medals":[53,46,16,13,78,36,130,7,101,10,94],"zones":[240,112,326,134,78440,170,92699,139,14605,173],"pointsPerHour":0,"points":3908,"blocktime":19,"taken":7404,"name":"Frekke","totalPoints":1059701,"rank":38,"id":281584,"place":4199,"uniqueZonesTaken":435,"region":{"name":"Stockholm","id":141}}},{"sender":{"country":"se","medals":[16,27,4,43,30,8,67,21,24,24,17,24,24,26,68,70,24,24,17,45,60,24,24,69,68,25,63,24,24,77,91,24,72,79,83,65,17,24,113,49,24,24,17,116,24,117,75,24,76,24,17,24,24,121,24,24,123,126,125,24,24,17,24,131,109,17,24,118],"zones":[17171,26659,14628,21434,38444,94174],"pointsPerHour":31,"points":5482,"blocktime":24,"taken":75409,"name":"HappyF","totalPoints":14590828,"rank":57,"id":23836,"place":1059,"uniqueZonesTaken":13861,"region":{"name":"Västra Götaland","id":132}},"time":"2022-08-08T14:54:08+0000","message":"Badbalja: ok. ha en bra dag","region":{"name":"Västra Götaland","id":132},"type":"chat"},{"sender":{"country":"se","medals":[5,47,22,16,67,30,24,4,24,70,24,25,17,24,49,24,91,79,77,17,24,65,24,26,24,126,123,72,59,24,74,131,89,103,116,17,125],"zones":[80193,1346,25032,90763,779,359560,28814,111824,7059,33683,1044,1045,467408,349276,12444,223197,1120,109665,33637,14630,33638,38440,5098,119213,23341,22637,22638,97138,435,91576,21435,141502],"pointsPerHour":190,"points":6035,"blocktime":23,"taken":53304,"name":"Badbalja","totalPoints":10400088,"rank":55,"id":44507,"place":970,"uniqueZonesTaken":5860,"region":{"name":"Västra Götaland","id":132}},"time":"2022-08-08T14:53:50+0000","message":"HappyF: närmsta vägen hem","region":{"name":"Västra Götaland","id":132},"type":"chat"},{"sender":{"country":"se","medals":[16,27,4,43,30,8,67,21,24,24,17,24,24,26,68,70,24,24,17,45,60,24,24,69,68,25,63,24,24,77,91,24,72,79,83,65,17,24,113,49,24,24,17,116,24,117,75,24,76,24,17,24,24,121,24,24,123,126,125,24,24,17,24,131,109,17,24,118],"zones":[17171,26659,14628,21434,38444,94174],"pointsPerHour":31,"points":5482,"blocktime":24,"taken":75409,"name":"HappyF","totalPoints":14590828,"rank":57,"id":23836,"place":1059,"uniqueZonesTaken":13861,"region":{"name":"Västra Götaland","id":132}},"time":"2022-08-08T14:53:31+0000","message":"badbalja: vilken väg?","region":{"name":"Västra Götaland","id":132},"type":"chat"},{"medal":51,"time":"2022-08-08T14:52:55+0000","type":"medal","user":{"country":"se","medals":[85,51],"zones":[8272,8052,25336,178379,64123,24555,21179,33644,8653,42959],"pointsPerHour":0,"points":1824,"blocktime":11,"taken":12,"name":"Tellus.Fangirl","totalPoints":2110,"rank":5,"id":364664,"place":4197,"uniqueZonesTaken":11,"region":{"name":"Västerbotten","id":127}}},{"medal":103,"time":"2022-08-08T14:51:46+0000","type":"medal","user":{"country":"uk","medals":[46,94,16,79,57,6,13,127,34,28,103],"zones":[],"pointsPerHour":0,"points":235,"blocktime":18,"taken":1285,"name":"VanDerLobster","totalPoints":421357,"rank":32,"id":352983,"place":4195,"uniqueZonesTaken":328,"region":{"name":"East of England","id":204}}},{"medal":6,"time":"2022-08-08T14:51:46+0000","type":"medal","user":{"country":"uk","medals":[95,101,51,32,11,6],"zones":[25305],"pointsPerHour":0,"points":235,"blocktime":13,"taken":125,"name":"Dr.Dapperbear","totalPoints":38066,"rank":14,"id":356059,"place":4195,"uniqueZonesTaken":61,"region":{"name":"East of England","id":204}}}]