[{"medal":86,"time":"2022-08-08T17:56:50+0000","type":"medal","user":{"country":"se","medals":[92,71,90,53,86],"zones":[29377,11921,22305,11922,22306,2934,104,36858,115067,17567,20911],"pointsPerHour":0,"points":1392,"blocktime":12,"taken":50,"name":"plaskannas","totalPoints":8959,"rank":8,"id":368514,"place":4345,"uniqueZonesTaken":45,"region":{"name":"Östergötland","id":139}}},{"medal":11,"time":"2022-08-08T17:56:44+0000","type":"medal","user":{"country":"se","medals":[80,32,94,101,90,11],"zones":[30857,6924],"pointsPerHour":0,"points":1898,"blocktime":12,"taken":137,"name":"Joshqim01","totalPoints":21538,"rank":11,"id":240956,"place":4345,"uniqueZonesTaken":50,"region":{"name":"Uppsala","id":142}}},{"medal":10,"time":"2022-08-08T17:55:44+0000","type":"medal","user":{"country":"se","medals":[51,93,11,101,32,79,10],"zones":[30752,16848,95552,412462,476415,27049,62348,18044,1262,24111],"pointsPerHour":0,"points":1540,"blocktime":13,"taken":183,"name":"PyretMini","totalPoints":36661,"rank":14,"id":357664,"place":4345,"uniqueZonesTaken":79,"region":{"name":"Halland","id":134}}},{"medal":117,"time":"2022-08-08T17:54:10+0000","type":"medal","user":{"country":"se","medals":[70,28,5,21,16,77,67,48,79,57,122,14,6,99,24,38,105,128,117],"zones":[493127,319429,7170,17026,12421,17029,17030,223813,7047,1479,335,1617,56596,94420,92695,3096,113820,44194,7074,203558,27815,79017,139307,79016,36457,1578,34539,22830,484585,22831,34546,92085,92086,348862,7036,34557,114879,176317,138045,94206],"pointsPerHour":0,"points":22634,"blocktime":20,"taken":10556,"name":"FredFlinta","totalPoints":1715995,"rank":41,"id":234160,"place":4345,"uniqueZonesTaken":824,"region":{"name":"Stockholm","id":141}}},{"sender":{"country":"uk","medals":[55,78,16,13,6,34,93],"zones":[476613,476611,476610,449920,449921,451553,476607,449918,449919,449899],"pointsPerHour":11,"points":7433,"blocktime":17,"taken":1041,"name":"suliko","totalPoints":367818,"rank":31,"id":352508,"place":856,"uniqueZonesTaken":482,"region":{"name":"North West England","id":201}},"time":"2022-08-08T17:51:16+0000","message":"steventon_gang: yes a nice warm down from this morning. damson icecream to finish 😋","region":{"name":"North West England","id":201},"type":"chat"}]