[{"medal":32,"time":"2022-08-09T16:08:34+0000","type":"medal","user":{"country":"no","medals":[92,53,32],"zones":[36832,36802,36834,8835,427170,427171,8842,8845,36845,8558,8723,8725,9366,8726,8727,427166,8824,8825,8826,8827],"pointsPerHour":0,"points":5454,"blocktime":13,"taken":100,"name":"MerandaMax","totalPoints":35587,"rank":14,"id":358457,"place":4765,"uniqueZonesTaken":46,"region":{"name":"Vestlandet","id":181}}},{"sender":{"country":"se","medals":[48,16,72,83,67,21,78,70,57,77,6,117,4,27,126,123,15,119,131,110,17,116],"zones":[138115,97861,2441,96205,23696,2832,228051,24981,178266,33244,61150,151644,116896,203814,347491,203812,476847,432174,476846,203817,360943,493165,360942,165229,433385,360944,432177,12734],"pointsPerHour":45,"points":38661,"blocktime":24,"taken":113783,"name":"Espingen","totalPoints":16413072,"rank":58,"id":166882,"place":83,"uniqueZonesTaken":1078,"region":{"name":"Kalmar","id":137}},"time":"2022-08-09T16:06:23+0000","message":"Standard: Du har till den 15 aug. att anmäla dig till reg-kampen. kalmarturfforening@gmail.com","region":{"name":"Kalmar","id":137},"type":"chat"},{"sender":{"country":"se","medals":[70,28,5,21,16,77,67,48,79,57,122,14,6,99,24,38,105,128,117],"zones":[22848,17026,44194,12421,203558,223813,223812,139307,34539,17036,178350,7023,92085,205047,92695,822,7036,114878],"pointsPerHour":94,"points":29640,"blocktime":20,"taken":10589,"name":"FredFlinta","totalPoints":1723001,"rank":41,"id":234160,"place":179,"uniqueZonesTaken":824,"region":{"name":"Stockholm","id":141}},"time":"2022-08-09T16:06:16+0000","message":"Clalin: vink vink från Bällsta bron","region":{"name":"Stockholm","id":141},"type":"chat"},{"medal":129,"time":"2022-08-09T16:04:31+0000","type":"medal","user":{"country":"se","medals":[16,70,5,71,94,77,28,47,67,57,102,126,123,41,66,50,129],"zones":[136176,29365,208984,29356,29358,29359],"pointsPerHour":0,"points":5463,"blocktime":22,"taken":29028,"name":"Maxzoom","totalPoints":5999664,"rank":51,"id":46778,"place":4763,"uniqueZonesTaken":2650,"region":{"name":"Östergötland","id":139}}},{"medal":66,"time":"2022-08-09T15:57:59+0000","type":"medal","user":{"country":"se","medals":[4,16,14,47,112,5,79,77,57,67,72,70,103,126,122,38,66],"zones":[1888],"pointsPerHour":0,"points":80,"blocktime":19,"taken":10044,"name":"Sensei65","totalPoints":1191601,"rank":39,"id":66816,"place":4761,"uniqueZonesTaken":872,"region":{"name":"Skåne","id":135}}}]