[{"medal":86,"time":"2022-08-08T05:44:58+0000","type":"medal","user":{"country":"se","medals":[93,80,92,100,6,86],"zones":[515282,155943,292125],"pointsPerHour":0,"points":970,"blocktime":12,"taken":50,"name":"Oh-Jay","totalPoints":9808,"rank":8,"id":368119,"place":3585,"uniqueZonesTaken":48,"region":{"name":"Kalmar","id":137}}},{"sender":{"country":"se","medals":[70,16,67,24,72,24,68,24,79,24,83,112,75,59,2,68,24,2,68,77,24,4,68,68,21,68,24,66,50,24,24,126,124,119,110,131,24],"zones":[996,107911,33640,8905,1002,1003,55788,1004,42318,46351,46352,43378,7700,11860,7702],"pointsPerHour":124,"points":13866,"blocktime":24,"taken":125209,"name":"Superelak","totalPoints":17680145,"rank":58,"id":126940,"place":182,"uniqueZonesTaken":3824,"region":{"name":"Västerbotten","id":127}},"time":"2022-08-08T05:44:19+0000","message":"NonPlusUltra: inga problem 😀","region":{"name":"Västerbotten","id":127},"type":"chat"},{"sender":{"country":"se","medals":[16,70,4,24,72,67,58,21,99,24,24,79,75,91,77,24,83,24,26,17,50,126,123,89,106,131],"zones":[43363,8071,14536,52841,1001,9706,43372,9295,11280,62642,6937,97336,33370,141721],"pointsPerHour":85,"points":19859,"blocktime":23,"taken":60096,"name":"NonPlusUltra","totalPoints":8487079,"rank":54,"id":105943,"place":65,"uniqueZonesTaken":3019,"region":{"name":"Västerbotten","id":127}},"time":"2022-08-08T05:43:49+0000","message":"Superelak: ursäkta","region":{"name":"Västerbotten","id":127},"type":"chat"},{"sender":{"country":"se","medals":[16,43,27,58,68,4,68,17,77,79,117,66,75,72,126,70,5,67,21,15,123,24,119,130,108,116,17],"zones":[],"pointsPerHour":0,"points":382,"blocktime":24,"taken":108393,"name":"Kryos","totalPoints":18970911,"rank":58,"id":49291,"place":2704,"uniqueZonesTaken":1285,"region":{"name":"Östergötland","id":139}},"time":"2022-08-08T05:35:11+0000","message":"recycling: Grattis till ny utsocknes regionsmedalj!!!","region":{"name":"Östergötland","id":139},"type":"chat"}]