[{"medal":127,"time":"2022-01-17T16:17:55+0000","type":"medal","user":{"country":"se","medals":[94,10,42,11,102,54,127],"zones":[18368,18369,18370,135745,42309,204486,42310,47622,42311,139333,204488,155596,155597,42960,8597,8598,117467,23898,117468,139295,154539,18028,154541,20721,19064,325565,18364,18365,18366,18367],"pointsPerHour":0,"points":27898,"blocktime":870,"taken":476,"name":"robin_ftw","totalPoints":78682,"rank":18,"id":352153,"place":5939,"uniqueZonesTaken":70,"region":{"name":"Västerbotten","id":127}}},{"medal":85,"time":"2022-01-17T16:16:58+0000","type":"medal","user":{"country":"se","medals":[80,85],"zones":[78960,90114,31718,11944,11945,11946,56511],"pointsPerHour":0,"points":1749,"blocktime":675,"taken":10,"name":"Eldfisken","totalPoints":2577,"rank":5,"id":351713,"place":5939,"uniqueZonesTaken":7,"region":{"name":"Södermanland","id":140}}},{"medal":85,"time":"2022-01-17T16:14:36+0000","type":"medal","user":{"country":"se","medals":[95,80,85],"zones":[319151],"pointsPerHour":0,"points":343,"blocktime":645,"taken":10,"name":"JozzAnAlm","totalPoints":1154,"rank":3,"id":352032,"place":5939,"uniqueZonesTaken":10,"region":{"name":"Östergötland","id":139}}}]