[{"medal":130,"time":"2022-11-29T12:37:03+0000","type":"medal","user":{"country":"se","medals":[22,46,55,70,5,71,4,67,16,7,24,17,116,24,10,126,36,15,17,101,130],"zones":[24656,43971,29557,122870,210827,66141,281802],"pointsPerHour":0,"points":57393,"blocktime":1200,"taken":7216,"name":"Maggis43","totalPoints":1404869,"rank":40,"id":118557,"place":6309,"uniqueZonesTaken":1101,"region":{"name":"Örebro","id":131}}},{"medal":34,"time":"2022-11-29T12:34:57+0000","type":"medal","user":{"country":"uk","medals":[10,16,46,58,94,77,78,6,14,34],"zones":[392804,349063,381415,349095,381414,392806,15303,349007,381423,392809,344168,354711,354710,13463,13465,13466,351422,354712],"pointsPerHour":0,"points":18208,"blocktime":1065,"taken":1000,"name":"MrIngleby","totalPoints":396539,"rank":31,"id":358076,"place":6309,"uniqueZonesTaken":617,"region":{"name":"North West England","id":201}}},{"medal":51,"time":"2022-11-29T12:19:13+0000","type":"medal","user":{"country":"se","medals":[85,51],"zones":[90176,97138,95254,319507,38440,24474,410,508076,142271,411384],"pointsPerHour":0,"points":2222,"blocktime":675,"taken":13,"name":"Tiggermannen","totalPoints":2222,"rank":5,"id":384088,"place":6307,"uniqueZonesTaken":13,"region":{"name":"Västra Götaland","id":132}}}]