[{"sender":{"country":"se","medals":[78,46,67,12,104,90,94,56,27,68,16,6,77,5,130,4,37,117],"zones":[80385,1313,160608,154656,153153,154886,479139,25926,25927,19591,496800,28744,56747,28752,25942,319550,178360,319551,117469,75903],"pointsPerHour":57,"points":125855,"blocktime":1245,"taken":8127,"name":"rambos","totalPoints":2166345,"rank":43,"id":297391,"place":282,"uniqueZonesTaken":231,"region":{"name":"Halland","id":134}},"time":"2022-11-29T12:08:09+0000","message":"Drottningen: ja jag ska försöka lägga på ett kål och hinna tilll 18🙂","region":{"name":"Halland","id":134},"type":"chat"},{"medal":95,"time":"2022-11-29T12:03:41+0000","type":"medal","user":{"country":"gb","medals":[100,31,80,95],"zones":[358357,358384,358381],"pointsPerHour":0,"points":6527,"blocktime":705,"taken":33,"name":"OllieHehe","totalPoints":6527,"rank":7,"id":383477,"place":6303,"uniqueZonesTaken":8,"region":{"name":"North East England","id":199}}},{"medal":94,"time":"2022-11-29T11:58:59+0000","type":"medal","user":{"country":"gb","medals":[100,31,80,94],"zones":[358357,358384,358381],"pointsPerHour":0,"points":6357,"blocktime":705,"taken":32,"name":"OllieHehe","totalPoints":6357,"rank":7,"id":383477,"place":6303,"uniqueZonesTaken":8,"region":{"name":"North East England","id":199}}}]