[{"medal":51,"time":"2022-11-28T14:27:10+0000","type":"medal","user":{"country":"se","medals":[94,92,32,101,51],"zones":[43392,94066,24598,5318,220245,21803,25964,55645,63199,204684],"pointsPerHour":0,"points":10243,"blocktime":795,"taken":213,"name":"Happy53","totalPoints":32801,"rank":13,"id":372750,"place":6273,"uniqueZonesTaken":42,"region":{"name":"Örebro","id":131}}},{"sender":{"country":"se","medals":[16,24,21,67,70,17,3,68,79,20,83,75,4,17,116,27,72,24,82,1,69,68,68,68,68,24,17,1,69,68,24,24,77,68,91,68,108,24,123,120,24,24,126,17,68,24,68,68,17,119,24,24,129],"zones":[146409,623],"pointsPerHour":6,"points":63163,"blocktime":1470,"taken":105614,"name":"Kygni","totalPoints":18206497,"rank":58,"id":105263,"place":801,"uniqueZonesTaken":9566,"region":{"name":"Norrbotten","id":126}},"time":"2022-11-28T14:21:25+0000","message":"vilka dagar mellan 1a & 8e december funkar bäst för turfträff? så kan jag pricka in en dag som passar de flesta","region":{"name":"Norrbotten","id":126},"type":"chat"}]