[{"medal":93,"time":"2023-09-19T06:46:42+0000","type":"medal","user":{"country":"se","medals":[93],"zones":[],"pointsPerHour":0,"points":80,"blocktime":600,"taken":1,"name":"kuken65","totalPoints":80,"rank":0,"id":408165,"place":8908,"uniqueZonesTaken":1,"region":{"name":"Dalarna","id":129}}},{"medal":93,"time":"2023-09-19T06:45:21+0000","type":"medal","user":{"country":"se","medals":[93],"zones":[],"pointsPerHour":0,"points":95,"blocktime":600,"taken":1,"name":"Alex3333333","totalPoints":95,"rank":0,"id":408186,"place":8905,"uniqueZonesTaken":1,"region":{"name":"Dalarna","id":129}}},{"medal":93,"time":"2023-09-19T06:45:10+0000","type":"medal","user":{"country":"se","medals":[93],"zones":[],"pointsPerHour":0,"points":125,"blocktime":600,"taken":1,"name":"Anastacia2010","totalPoints":125,"rank":0,"id":408174,"place":8904,"uniqueZonesTaken":1,"region":{"name":"Dalarna","id":129}}},{"medal":93,"time":"2023-09-19T06:41:36+0000","type":"medal","user":{"country":"se","medals":[93],"zones":[],"pointsPerHour":0,"points":185,"blocktime":600,"taken":1,"name":"apahuvud","totalPoints":185,"rank":0,"id":408181,"place":8899,"uniqueZonesTaken":1,"region":{"name":"Västmanland","id":143}}},{"medal":93,"time":"2023-09-19T06:41:36+0000","type":"medal","user":{"country":"se","medals":[93],"zones":[],"pointsPerHour":0,"points":110,"blocktime":600,"taken":1,"name":"viktor_69817","totalPoints":110,"rank":0,"id":408171,"place":8899,"uniqueZonesTaken":1,"region":{"name":"Dalarna","id":129}}}]