[{"medal":93,"time":"2023-09-19T06:34:41+0000","type":"medal","user":{"country":"se","medals":[93],"zones":[],"pointsPerHour":0,"points":110,"blocktime":600,"taken":1,"name":"Emma7","totalPoints":110,"rank":0,"id":408161,"place":8894,"uniqueZonesTaken":1,"region":{"name":"Dalarna","id":129}}},{"medal":84,"time":"2023-09-19T06:27:25+0000","type":"medal","user":{"country":"se","medals":[93,84],"zones":[235825],"pointsPerHour":0,"points":1318,"blocktime":660,"taken":7,"name":"DorranDoris","totalPoints":1318,"rank":4,"id":406117,"place":8892,"uniqueZonesTaken":6,"region":{"name":"Jönköping","id":133}}}]