[{"medal":84,"time":"2023-09-18T11:52:27+0000","type":"medal","user":{"country":"se","medals":[84],"zones":[3123,451603],"pointsPerHour":0,"points":671,"blocktime":630,"taken":5,"name":"warhel","totalPoints":671,"rank":2,"id":405990,"place":8839,"uniqueZonesTaken":3,"region":{"name":"Örebro","id":131}}},{"medal":93,"time":"2023-09-18T11:52:21+0000","type":"medal","user":{"country":"se","medals":[84,80,93],"zones":[],"pointsPerHour":0,"points":1622,"blocktime":660,"taken":9,"name":"William4445","totalPoints":1622,"rank":4,"id":405984,"place":8839,"uniqueZonesTaken":8,"region":{"name":"Örebro","id":131}}},{"country":"gb","sender":{"country":"gb","medals":[],"zones":[],"pointsPerHour":0,"points":1,"blocktime":600,"taken":0,"name":"×°{Zumbison}°×","totalPoints":1,"rank":0,"id":407972,"place":8531,"uniqueZonesTaken":0},"time":"2023-09-18T11:50:26+0000","message":"hey alla.","type":"chat"},{"medal":74,"time":"2023-09-18T11:49:46+0000","type":"medal","user":{"country":"se","medals":[16,79,124,126,28,82,68,4,6,22,75,77,105,98,127,27,70,1,69,68,88,74],"zones":[154882,154883,154880,154881,97157,89096,517390,411786,488969,94222,566171,316574,134684,228134,560942,476844,476843,476842,204845,201267,296112,599357,90933,296113,201268,570175,560944,142523,155320,224062,153030,153028,153029,565703,481239,221014,564049,204143,484328,355191,43251,432370,24310,24311,20602,20603,20604,20605,20606],"pointsPerHour":0,"points":35694,"blocktime":1455,"taken":42385,"name":"retsirK","totalPoints":13159621,"rank":57,"id":210933,"place":8839,"uniqueZonesTaken":5000,"region":{"name":"Skåne","id":135}}},{"sender":{"country":"se","medals":[16,122,47,79,22,28,4,57,95,127,7,50,39,108],"zones":[64419,494083,64420,64422,11238,11239,11240,153931,11241,33102,111154,22739,603326,216,10841,43897,43898,11227,79069,79068,208734,24094,255],"pointsPerHour":102,"points":33385,"blocktime":1260,"taken":16458,"name":"Virulf","totalPoints":2560879,"rank":44,"id":278756,"place":1417,"uniqueZonesTaken":2974,"region":{"name":"Stockholm","id":141}},"time":"2023-09-18T11:43:30+0000","message":"Lilltanten: Det förpliktar väl med en fikapaus, eller...?","region":{"name":"Stockholm","id":141},"type":"chat"}]