[{"medal":80,"time":"2022-09-20T08:40:33+0000","type":"medal","user":{"country":"se","medals":[80,84],"zones":[10403,219392,373,10390,97206],"pointsPerHour":0,"points":510,"blocktime":630,"taken":5,"name":"meja1","totalPoints":510,"rank":2,"id":376057,"place":8337,"uniqueZonesTaken":5,"region":{"name":"Västra Götaland","id":132}}},{"medal":84,"time":"2022-09-20T08:40:33+0000","type":"medal","user":{"country":"se","medals":[80,84],"zones":[10403,219392,373,10390,97206],"pointsPerHour":0,"points":510,"blocktime":630,"taken":5,"name":"meja1","totalPoints":510,"rank":2,"id":376057,"place":8337,"uniqueZonesTaken":5,"region":{"name":"Västra Götaland","id":132}}},{"medal":84,"time":"2022-09-20T08:40:15+0000","type":"medal","user":{"country":"se","medals":[84],"zones":[24498,62058,154253],"pointsPerHour":0,"points":331,"blocktime":630,"taken":5,"name":"Lily7b","totalPoints":698,"rank":2,"id":369826,"place":8336,"uniqueZonesTaken":5,"region":{"name":"Värmland","id":130}}},{"medal":80,"time":"2022-09-20T08:40:09+0000","type":"medal","user":{"country":"se","medals":[80,84],"zones":[1009,372,178343,1240,21501],"pointsPerHour":0,"points":360,"blocktime":615,"taken":5,"name":"Maja9C","totalPoints":361,"rank":1,"id":341228,"place":8336,"uniqueZonesTaken":5,"region":{"name":"Västra Götaland","id":132}}},{"medal":84,"time":"2022-09-20T08:40:09+0000","type":"medal","user":{"country":"se","medals":[80,84],"zones":[1009,372,178343,1240,21501],"pointsPerHour":0,"points":360,"blocktime":615,"taken":5,"name":"Maja9C","totalPoints":361,"rank":1,"id":341228,"place":8336,"uniqueZonesTaken":5,"region":{"name":"Västra Götaland","id":132}}},{"medal":85,"time":"2022-09-20T08:39:40+0000","type":"medal","user":{"country":"se","medals":[80,85],"zones":[94826],"pointsPerHour":0,"points":840,"blocktime":645,"taken":10,"name":"Vasa","totalPoints":840,"rank":3,"id":375078,"place":8335,"uniqueZonesTaken":9,"region":{"name":"Stockholm","id":141}}},{"medal":84,"time":"2022-09-20T08:39:28+0000","type":"medal","user":{"country":"se","medals":[77,84],"zones":[69010,361,1500],"pointsPerHour":0,"points":330,"blocktime":615,"taken":5,"name":"ChloeKlara","totalPoints":330,"rank":1,"id":376049,"place":8335,"uniqueZonesTaken":5,"region":{"name":"Västra Götaland","id":132}}},{"medal":84,"time":"2022-09-20T08:38:58+0000","type":"medal","user":{"country":"se","medals":[84],"zones":[426390],"pointsPerHour":0,"points":110,"blocktime":645,"taken":5,"name":"foxysffs","totalPoints":962,"rank":3,"id":369822,"place":8335,"uniqueZonesTaken":4,"region":{"name":"Värmland","id":130}}},{"sender":{"country":"uk","medals":[16,67,27,22,79,5,59,77,123,96,102,72,15,75,128,73],"zones":[321541,321542,321536,321537,321538,321539,320899,361998,320655,321545,320905,320906,365525,400342,361941,361940,365526,361942,400341,362001,365521,362000,365776,361939,365523,361938,320668,331806,320671,320666,320667,320996,320811,321525,321526,387699,365564,338687,321535,478009,338427,513529,374010],"pointsPerHour":89,"points":224695,"blocktime":1395,"taken":30179,"name":"CardiffSoulCru","totalPoints":7405590,"rank":53,"id":302121,"place":69,"uniqueZonesTaken":1148,"region":{"name":"Scotland","id":200}},"time":"2022-09-20T08:38:26+0000","message":"Drylaw13: Going around Skateboard area in few minutes then up the hill","region":{"name":"Scotland","id":200},"type":"chat"},{"medal":93,"time":"2022-09-20T08:36:00+0000","type":"medal","user":{"country":"se","medals":[93],"zones":[],"pointsPerHour":0,"points":176,"blocktime":600,"taken":2,"name":"hmatti","totalPoints":176,"rank":0,"id":376072,"place":8333,"uniqueZonesTaken":2,"region":{"name":"Västra Götaland","id":132}}}]