[{"medal":93,"time":"2022-09-20T06:40:35+0000","type":"medal","user":{"country":"se","medals":[93],"zones":[],"pointsPerHour":0,"points":725,"blocktime":645,"taken":5,"name":"Fviktor","totalPoints":725,"rank":3,"id":374257,"place":8266,"uniqueZonesTaken":5,"region":{"name":"Uppsala","id":142}}},{"sender":{"country":"se","medals":[16,9,4,24,67,27,17,17,70,21,77,79,24,57,117,24,24,17,116,72,24,66,24,24,24,124,126,89,24,75,109,24,17,131,24,17,121,83,24],"zones":[7296,199108,18921,7850,7851,515659,20813,181039,7856,494484,494483,20821,139284,20822,20823,179509,3101],"pointsPerHour":64,"points":58087,"blocktime":1440,"taken":70115,"name":"TheCat","totalPoints":12738088,"rank":56,"id":35712,"place":783,"uniqueZonesTaken":10205,"region":{"name":"Stockholm","id":141}},"time":"2022-09-20T06:39:07+0000","message":"Mostermysko: Sorry 🍏","region":{"name":"Stockholm","id":141},"type":"chat"},{"medal":80,"time":"2022-09-20T06:37:20+0000","type":"medal","user":{"country":"se","medals":[80,84],"zones":[90277,2790,62311,12473,76813],"pointsPerHour":0,"points":627,"blocktime":630,"taken":5,"name":"OlleO08","totalPoints":627,"rank":2,"id":375925,"place":8260,"uniqueZonesTaken":5,"region":{"name":"Jönköping","id":133}}},{"medal":84,"time":"2022-09-20T06:37:20+0000","type":"medal","user":{"country":"se","medals":[80,84],"zones":[90277,2790,62311,12473,76813],"pointsPerHour":0,"points":627,"blocktime":630,"taken":5,"name":"OlleO08","totalPoints":627,"rank":2,"id":375925,"place":8260,"uniqueZonesTaken":5,"region":{"name":"Jönköping","id":133}}},{"medal":93,"time":"2022-09-20T06:37:14+0000","type":"medal","user":{"country":"se","medals":[93],"zones":[],"pointsPerHour":0,"points":155,"blocktime":630,"taken":3,"name":"JB333333","totalPoints":566,"rank":2,"id":362620,"place":8259,"uniqueZonesTaken":3,"region":{"name":"Västmanland","id":143}}},{"medal":84,"time":"2022-09-20T06:36:03+0000","type":"medal","user":{"country":"se","medals":[84],"zones":[16944,16947,28789,47870],"pointsPerHour":0,"points":657,"blocktime":630,"taken":5,"name":"Esok_A2","totalPoints":657,"rank":2,"id":375921,"place":8258,"uniqueZonesTaken":5,"region":{"name":"Jönköping","id":133}}}]