[{"medal":84,"time":"2022-09-20T07:05:13+0000","type":"medal","user":{"country":"se","medals":[84],"zones":[16944,16946,28789,16943],"pointsPerHour":0,"points":674,"blocktime":630,"taken":5,"name":"EmelieoZaga","totalPoints":674,"rank":2,"id":375938,"place":8284,"uniqueZonesTaken":5,"region":{"name":"Jönköping","id":133}}},{"medal":84,"time":"2022-09-20T07:04:26+0000","type":"medal","user":{"country":"se","medals":[93,84],"zones":[208751],"pointsPerHour":0,"points":495,"blocktime":645,"taken":5,"name":"JB333333","totalPoints":907,"rank":3,"id":362620,"place":8284,"uniqueZonesTaken":5,"region":{"name":"Västmanland","id":143}}},{"medal":84,"time":"2022-09-20T07:02:42+0000","type":"medal","user":{"country":"se","medals":[84],"zones":[154983,8413],"pointsPerHour":0,"points":599,"blocktime":630,"taken":5,"name":"mta123","totalPoints":599,"rank":2,"id":375950,"place":8284,"uniqueZonesTaken":5,"region":{"name":"Stockholm","id":141}}},{"medal":93,"time":"2022-09-20T07:01:45+0000","type":"medal","user":{"country":"se","medals":[80,71,85,92,90,93],"zones":[23937,23938,430709,15812,12473,42956,26063],"pointsPerHour":0,"points":1735,"blocktime":690,"taken":22,"name":"SmulisHasse","totalPoints":3564,"rank":6,"id":364408,"place":8284,"uniqueZonesTaken":18,"region":{"name":"Jönköping","id":133}}},{"medal":93,"time":"2022-09-20T07:01:39+0000","type":"medal","user":{"country":"se","medals":[93],"zones":[154291],"pointsPerHour":0,"points":250,"blocktime":615,"taken":2,"name":"sami2006","totalPoints":250,"rank":1,"id":375951,"place":8284,"uniqueZonesTaken":2,"region":{"name":"Stockholm","id":141}}},{"medal":84,"time":"2022-09-20T07:01:34+0000","type":"medal","user":{"country":"se","medals":[84],"zones":[18720,18722,3049,418697],"pointsPerHour":0,"points":763,"blocktime":645,"taken":5,"name":"Ebbeeee","totalPoints":763,"rank":3,"id":373209,"place":8284,"uniqueZonesTaken":5,"region":{"name":"Uppsala","id":142}}},{"sender":{"country":"se","medals":[4,16,10,79,7,99,5,47,77,123,126,70,22,57,107,50,89,131],"zones":[28715],"pointsPerHour":5,"points":52348,"blocktime":1425,"taken":55290,"name":"Mumsige","totalPoints":9708880,"rank":55,"id":124163,"place":891,"uniqueZonesTaken":2638,"region":{"name":"Uppsala","id":142}},"time":"2022-09-20T07:01:20+0000","message":"Dixern: You\u2019re great! Take care!","type":"chat"},{"medal":80,"time":"2022-09-20T07:00:43+0000","type":"medal","user":{"country":"se","medals":[93,84,80],"zones":[235825,2789,47877,20507,171678],"pointsPerHour":0,"points":940,"blocktime":645,"taken":7,"name":"norah122","totalPoints":940,"rank":3,"id":375920,"place":8284,"uniqueZonesTaken":7,"region":{"name":"Jönköping","id":133}}}]