[{"sender":{"country":"se","medals":[28,47,16,57,7,77,83,79,98,105,4,126,122,15,27,130,73,70,67],"zones":[315398,145025,418945,649,57161,200778,15370,15372,1740,15373,155020,9685,21144,23901,12064,21155,1508,483682,21158,21159,1512,7984,113456,37937,28855,28856,81599],"pointsPerHour":108,"points":77036,"blocktime":1365,"taken":31814,"name":"spirit303","totalPoints":5809219,"rank":51,"id":46566,"place":527,"uniqueZonesTaken":1148,"region":{"name":"Dalarna","id":129}},"time":"2022-09-19T13:44:22+0000","message":"Turf_S: Ny omgång den 2/10 kl 12. 🙃","region":{"name":"Dalarna","id":129},"type":"chat"},{"sender":{"country":"se","medals":[93,78,11,28,4,100,42,54,16],"zones":[],"pointsPerHour":0,"points":12761,"blocktime":855,"taken":442,"name":"Turf_S","totalPoints":69243,"rank":17,"id":360234,"place":2516,"uniqueZonesTaken":92,"region":{"name":"Dalarna","id":129}},"time":"2022-09-19T13:38:22+0000","message":"vet ngn när rundan slutar","region":{"name":"Dalarna","id":129},"type":"chat"}]