[{"medal":93,"time":"2023-04-25T10:36:46+0000","type":"medal","user":{"country":"se","medals":[93],"zones":[],"pointsPerHour":0,"points":155,"blocktime":600,"taken":1,"name":"CristinaAlina","totalPoints":155,"rank":0,"id":390459,"place":7820,"uniqueZonesTaken":1,"region":{"name":"Kronoberg","id":147}}},{"medal":93,"time":"2023-04-25T10:35:37+0000","type":"medal","user":{"country":"se","medals":[93],"zones":[],"pointsPerHour":0,"points":170,"blocktime":600,"taken":1,"name":"Livia12345","totalPoints":170,"rank":0,"id":390460,"place":7819,"uniqueZonesTaken":1,"region":{"name":"Kronoberg","id":147}}},{"medal":92,"time":"2023-04-25T10:35:13+0000","type":"medal","user":{"country":"se","medals":[31,92,94],"zones":[],"pointsPerHour":0,"points":125,"blocktime":735,"taken":37,"name":"Adelind","totalPoints":12571,"rank":9,"id":10839,"place":7819,"uniqueZonesTaken":31,"region":{"name":"Stockholm","id":141}}},{"medal":94,"time":"2023-04-25T10:35:13+0000","type":"medal","user":{"country":"se","medals":[31,92,94],"zones":[],"pointsPerHour":0,"points":125,"blocktime":735,"taken":37,"name":"Adelind","totalPoints":12571,"rank":9,"id":10839,"place":7819,"uniqueZonesTaken":31,"region":{"name":"Stockholm","id":141}}},{"medal":94,"time":"2023-04-25T10:35:13+0000","type":"medal","user":{"country":"se","medals":[100,92,51,42,94],"zones":[139074,153027,286146],"pointsPerHour":0,"points":26328,"blocktime":870,"taken":344,"name":"pewre","totalPoints":86070,"rank":18,"id":384810,"place":7819,"uniqueZonesTaken":49,"region":{"name":"Stockholm","id":141}}},{"medal":50,"time":"2023-04-25T10:35:02+0000","type":"medal","user":{"country":"se","medals":[77,79,94,16,28,57,47,91,104,122,126,131,26,87,50],"zones":[52485,61770,28874,61771,28877,84684,505749,180634,7325,143521,46313,22825,22569,28394,28396,28397,25007,80817,208563,25008,92851,154929,208757,208756,14649,14651,14141],"pointsPerHour":0,"points":108229,"blocktime":1395,"taken":36882,"name":"andma313","totalPoints":7569354,"rank":53,"id":137018,"place":7819,"uniqueZonesTaken":2500,"region":{"name":"Västra Götaland","id":132}}},{"medal":80,"time":"2023-04-25T10:34:56+0000","type":"medal","user":{"country":"se","medals":[80,84],"zones":[21740,21741,814,7870,29135],"pointsPerHour":0,"points":703,"blocktime":645,"taken":5,"name":"Elsa987","totalPoints":703,"rank":3,"id":390442,"place":7819,"uniqueZonesTaken":5,"region":{"name":"Jönköping","id":133}}},{"medal":84,"time":"2023-04-25T10:34:56+0000","type":"medal","user":{"country":"se","medals":[80,84],"zones":[21740,21741,814,7870,29135],"pointsPerHour":0,"points":703,"blocktime":645,"taken":5,"name":"Elsa987","totalPoints":703,"rank":3,"id":390442,"place":7819,"uniqueZonesTaken":5,"region":{"name":"Jönköping","id":133}}},{"medal":84,"time":"2023-04-25T10:34:44+0000","type":"medal","user":{"country":"se","medals":[84],"zones":[15040,36421,16902,15039],"pointsPerHour":0,"points":644,"blocktime":630,"taken":5,"name":"LCAML","totalPoints":644,"rank":2,"id":390440,"place":7819,"uniqueZonesTaken":5,"region":{"name":"Jönköping","id":133}}},{"medal":92,"time":"2023-04-25T10:34:03+0000","type":"medal","user":{"country":"se","medals":[93,80,31,92],"zones":[24000,3185,12179,542595,21725,9551],"pointsPerHour":0,"points":5578,"blocktime":705,"taken":27,"name":"JohnnyMK","totalPoints":5856,"rank":7,"id":387497,"place":7819,"uniqueZonesTaken":15,"region":{"name":"Blekinge","id":136}}},{"medal":102,"time":"2023-04-25T10:25:48+0000","type":"medal","user":{"country":"se","medals":[93,5,70,12,46,54,127,33,77,79,90,102],"zones":[318212,115332,23496,475918,50252,50253,16974,511063,177107,10519,228058,568337,210840,432408,558761,75042,69860,178475,154216,46380,1582,360949,137463,490417,11318,222139,296892,46778,50172,176316,50174,50175],"pointsPerHour":0,"points":129182,"blocktime":945,"taken":788,"name":"sawmillmattis","totalPoints":151152,"rank":23,"id":387528,"place":7816,"uniqueZonesTaken":165,"region":{"name":"Östergötland","id":139}}}]