[{"medal":51,"time":"2023-04-24T18:30:55+0000","type":"medal","user":{"country":"se","medals":[85,92,51],"zones":[31952,17552,144401,109474,31955,63652,505,62698,491,5580],"pointsPerHour":0,"points":1969,"blocktime":675,"taken":17,"name":"LimpoPimpo","totalPoints":1969,"rank":5,"id":388087,"place":7734,"uniqueZonesTaken":16,"region":{"name":"Västmanland","id":143}}},{"medal":92,"time":"2023-04-24T18:22:10+0000","type":"medal","user":{"country":"se","medals":[80,85,92],"zones":[31952,144401,109474,63652,505,62698,491,5580],"pointsPerHour":0,"points":1770,"blocktime":660,"taken":15,"name":"LimpoPimpo","totalPoints":1770,"rank":4,"id":388087,"place":7733,"uniqueZonesTaken":15,"region":{"name":"Västmanland","id":143}}}]