[{"sender":{"country":"se","medals":[67,16,4,27,60,21,70,43,30,68,17,72,69,68,75,77,83,79,24,117,24,24,24,69,68,91,25,119,126,74,24,124,116,17,109,132,24],"zones":[316676,114945,27841,11362,85769,80265,310573,105007,1744,1136,328564,310576,514513,328563,15542,82326,514512,23960,1401,11867,27835,27836,25022],"pointsPerHour":86,"points":230383,"blocktime":1485,"taken":152780,"name":"Tveskägg","totalPoints":27508400,"rank":59,"id":50274,"place":100,"uniqueZonesTaken":6365,"region":{"name":"Skåne","id":135}},"time":"2023-04-24T16:40:29+0000","message":"AJJLETSGO: kul att du kör på fritiden också. Frågor? Här i chatten och turfskane.se","region":{"name":"Skåne","id":135},"type":"chat"},{"medal":32,"time":"2023-04-24T16:35:45+0000","type":"medal","user":{"country":"se","medals":[92,93,52,32],"zones":[23940,189253,198276,11367,134665,26064,51568,51569,14005,14007,8247,51575,428509,20541,475322],"pointsPerHour":0,"points":21913,"blocktime":765,"taken":100,"name":"anoh","totalPoints":21913,"rank":11,"id":388355,"place":7728,"uniqueZonesTaken":36,"region":{"name":"Jönköping","id":133}}},{"medal":93,"time":"2023-04-24T16:28:24+0000","type":"medal","user":{"country":"se","medals":[93],"zones":[82413],"pointsPerHour":0,"points":205,"blocktime":615,"taken":2,"name":"castorsson","totalPoints":205,"rank":1,"id":390266,"place":7728,"uniqueZonesTaken":2,"region":{"name":"Stockholm","id":141}}}]