[{"medal":31,"time":"2023-04-25T16:13:42+0000","type":"medal","user":{"country":"se","medals":[93,80,92,31],"zones":[202402,8441,97192,27547],"pointsPerHour":0,"points":3942,"blocktime":690,"taken":25,"name":"SmurfTurfe","totalPoints":3942,"rank":6,"id":388193,"place":7891,"uniqueZonesTaken":17,"region":{"name":"Västmanland","id":143}}},{"medal":85,"time":"2023-04-25T16:11:23+0000","type":"medal","user":{"country":"fi","medals":[85],"zones":[155895],"pointsPerHour":0,"points":961,"blocktime":675,"taken":10,"name":"Gännon","totalPoints":2589,"rank":5,"id":387324,"place":7891,"uniqueZonesTaken":5,"region":{"name":"Åland","id":177}}}]