[{"sender":{"country":"se","medals":[46,5,9,22,16,17,67,4,17,24,24,24,24,17,15,55,24,24,10,126,79,123,24,66,17,88,131,24,17,116,107],"zones":[22032,139025,22229,115405],"pointsPerHour":8,"points":31106,"blocktime":1380,"taken":44676,"name":"Lillatanten","totalPoints":6580702,"rank":52,"id":25936,"place":947,"uniqueZonesTaken":2449,"region":{"name":"Stockholm","id":141}},"time":"2022-07-12T16:23:07+0000","message":"SippanGlad: tack detsamma","region":{"name":"Stockholm","id":141},"type":"chat"},{"medal":85,"time":"2022-07-12T16:21:45+0000","type":"medal","user":{"country":"se","medals":[80,85],"zones":[25014,224667,14136,22553,14139,154076],"pointsPerHour":0,"points":1772,"blocktime":660,"taken":10,"name":"J-man","totalPoints":1772,"rank":4,"id":367613,"place":6069,"uniqueZonesTaken":10,"region":{"name":"Västra Götaland","id":132}}}]