[{"sender":{"country":"uk","medals":[16,90,27,78,59,93,13,47,22,103,6,36],"zones":[351493,400518,351492,400517,351489,351488,351491,400512,321666,351490,479168,322955,507223,322965,360861,321823,321774,321642,321643,365482,400503,321648,321649,321660,351485,400511,321661,351484,400507,400504,400505],"pointsPerHour":34,"points":36581,"blocktime":1230,"taken":5055,"name":"edgygrl","totalPoints":1800627,"rank":42,"id":298976,"place":681,"uniqueZonesTaken":473,"region":{"name":"Scotland","id":200}},"time":"2022-07-11T16:44:46+0000","message":"MuttsCycles: back to work now!","region":{"name":"Scotland","id":200},"type":"chat"},{"medal":79,"time":"2022-07-11T16:42:04+0000","type":"medal","user":{"country":"se","medals":[94,104,46,56,5,10,4,7,37,14,127,79],"zones":[97184,115013,139007],"pointsPerHour":0,"points":19647,"blocktime":1215,"taken":8974,"name":"KajakKjelle","totalPoints":1749269,"rank":41,"id":104314,"place":5946,"uniqueZonesTaken":548,"region":{"name":"Gävleborg","id":144}}},{"medal":7,"time":"2022-07-11T16:41:33+0000","type":"medal","user":{"country":"se","medals":[51,11,32,7],"zones":[],"pointsPerHour":0,"points":170,"blocktime":795,"taken":108,"name":"cim1","totalPoints":29902,"rank":13,"id":314429,"place":5945,"uniqueZonesTaken":56,"region":{"name":"Södermanland","id":140}}},{"medal":80,"time":"2022-07-11T16:39:00+0000","type":"medal","user":{"country":"se","medals":[95,100,85,80],"zones":[7969,80835,87846,179208,408138],"pointsPerHour":0,"points":2055,"blocktime":675,"taken":13,"name":"thisismyzone","totalPoints":2055,"rank":5,"id":367664,"place":5944,"uniqueZonesTaken":11,"region":{"name":"Södermanland","id":140}}}]