[{"medal":15,"time":"2022-07-11T08:23:44+0000","type":"medal","user":{"country":"fi","medals":[16,4,5,67,47,7,72,79,57,102,95,39,15],"zones":[14592,96133,154756,37512,22154,228109,117137,16914,22036,38422,38424,62493,133280,39842,177700,14760,33833,516526,111787,111786,64815,62386,62390,224568,11715,62537,396236,62538,93643,12108,12109,139468,15570,34131,178392,42331,20575,15583,179298,7264,179299,22626,78949,19176,38248,23656,353132,382192,141044,60151,64125],"pointsPerHour":0,"points":45988,"blocktime":1260,"taken":15990,"name":"alfaerik","totalPoints":2457356,"rank":44,"id":43357,"place":5831,"uniqueZonesTaken":1000,"region":{"name":"Åland","id":177}}},{"medal":6,"time":"2022-07-11T08:22:27+0000","type":"medal","user":{"country":"se","medals":[95,51,11,102,32,6],"zones":[56394],"pointsPerHour":0,"points":170,"blocktime":765,"taken":122,"name":"Nuköööörvi","totalPoints":20312,"rank":11,"id":336194,"place":5831,"uniqueZonesTaken":99,"region":{"name":"Dalarna","id":129}}},{"medal":85,"time":"2022-07-11T08:20:05+0000","type":"medal","user":{"country":"se","medals":[80,85],"zones":[488855,7536,430134,207508,96470,7530,7531,86396,474488],"pointsPerHour":0,"points":1858,"blocktime":660,"taken":10,"name":"Extrapaj","totalPoints":1858,"rank":4,"id":367638,"place":5829,"uniqueZonesTaken":10,"region":{"name":"Stockholm","id":141}}},{"medal":84,"time":"2022-07-11T08:17:42+0000","type":"medal","user":{"country":"se","medals":[93,84],"zones":[28138],"pointsPerHour":0,"points":934,"blocktime":645,"taken":5,"name":"medvandraren","totalPoints":934,"rank":3,"id":367469,"place":5828,"uniqueZonesTaken":2,"region":{"name":"Dalarna","id":129}}}]