[{"medal":84,"time":"2022-07-11T15:45:40+0000","type":"medal","user":{"country":"se","medals":[93,84],"zones":[46804,44597,18118,18125],"pointsPerHour":0,"points":614,"blocktime":630,"taken":5,"name":"Nitsirk","totalPoints":614,"rank":2,"id":367681,"place":5933,"uniqueZonesTaken":5,"region":{"name":"Uppsala","id":142}}},{"sender":{"country":"uk","medals":[16,27,79,77,70,5,67,13,122,8,47,95,22,117,100,35,81,68,68,72,68,131,6],"zones":[357843,361378,26023,394476,358046,358041,358043,359802],"pointsPerHour":9,"points":4110,"blocktime":1230,"taken":4301,"name":"KingCogg","totalPoints":2039469,"rank":42,"id":302879,"place":3104,"uniqueZonesTaken":456,"region":{"name":"East of England","id":204}},"time":"2022-07-11T15:45:23+0000","message":"YesItsMe: 180 was a month or 2 ago. With work picking up & few zones overseas I couldn\u2019t keep it up 😭","region":{"name":"South East England","id":205},"type":"chat"},{"medal":51,"time":"2022-07-11T15:42:46+0000","type":"medal","user":{"country":"se","medals":[85,92,90,51],"zones":[37714,30819,32389,37717,37718,37720,8153,37722,8155],"pointsPerHour":0,"points":3509,"blocktime":690,"taken":20,"name":"Bosom","totalPoints":3509,"rank":6,"id":367512,"place":5931,"uniqueZonesTaken":19,"region":{"name":"Södermanland","id":140}}},{"medal":93,"time":"2022-07-11T15:40:41+0000","type":"medal","user":{"country":"se","medals":[93],"zones":[46804,44597,18118],"pointsPerHour":0,"points":486,"blocktime":630,"taken":4,"name":"Nitsirk","totalPoints":486,"rank":2,"id":367681,"place":5930,"uniqueZonesTaken":4,"region":{"name":"Uppsala","id":142}}},{"medal":92,"time":"2022-07-11T15:35:02+0000","type":"medal","user":{"country":"se","medals":[80,85,92,90],"zones":[37713,37714,8149,8150,37720,8153,8154,37722,8155],"pointsPerHour":0,"points":2960,"blocktime":675,"taken":16,"name":"Bosom","totalPoints":2960,"rank":5,"id":367512,"place":5930,"uniqueZonesTaken":15,"region":{"name":"Södermanland","id":140}}},{"medal":90,"time":"2022-07-11T15:35:02+0000","type":"medal","user":{"country":"se","medals":[80,85,92,90],"zones":[37713,37714,8149,8150,37720,8153,8154,37722,8155],"pointsPerHour":0,"points":2960,"blocktime":675,"taken":16,"name":"Bosom","totalPoints":2960,"rank":5,"id":367512,"place":5930,"uniqueZonesTaken":15,"region":{"name":"Södermanland","id":140}}}]