[{"sender":{"country":"se","medals":[79,52,94,100,11,70,42,127,6,90],"zones":[9065,107754,9068,47724,517449,9070,9071,9073,9074,9075,154807,98138,98266,481881,98142],"pointsPerHour":18,"points":22050,"blocktime":14,"taken":325,"name":"valpen_91","totalPoints":67967,"rank":17,"id":367933,"place":2045,"uniqueZonesTaken":99,"region":{"name":"Stockholm","id":141}},"time":"2022-08-23T12:17:15+0000","message":"Vipervirus: sammanlagt har jag tagit 99 st unika","region":{"name":"Stockholm","id":141},"type":"chat"},{"sender":{"country":"se","medals":[79,77,70,5,67,16,6,4,103,47,27,130,36,14,122,8,96,24,57,28],"zones":[156674,223810,95299,24067,179434,8424,30892,30893,8431,28151,413521,42871,28152,28154,154622,59421,57181,481882],"pointsPerHour":60,"points":25113,"blocktime":20,"taken":6734,"name":"Vipervirus","totalPoints":1628663,"rank":41,"id":280276,"place":1869,"uniqueZonesTaken":733,"region":{"name":"Stockholm","id":141}},"time":"2022-08-23T12:15:49+0000","message":"valpen_91: japp 😁 vet du hur man kollar sånt?","region":{"name":"Stockholm","id":141},"type":"chat"},{"sender":{"country":"se","medals":[16,5,67,91,79,28,77,47,94,56,50,126,40,101,130],"zones":[221441,97794,429696,117711,141484,482216,476776,65870,8177,356753,50133,2294,154196,507569,487167,26745,60730,29371,47773,519864],"pointsPerHour":63,"points":29093,"blocktime":22,"taken":24281,"name":"goka","totalPoints":4786435,"rank":49,"id":66738,"place":1664,"uniqueZonesTaken":3045,"region":{"name":"Östergötland","id":139}},"time":"2022-08-23T12:15:11+0000","message":"TeamGrim: hur många dagar du kvar? \u2026hemligt?","region":{"name":"Östergötland","id":139},"type":"chat"}]