[{"medal":84,"time":"2022-08-22T16:25:14+0000","type":"medal","user":{"country":"fi","medals":[80,84],"zones":[62048,175986,180686,116703,25439],"pointsPerHour":0,"points":882,"blocktime":10,"taken":5,"name":"SLa68","totalPoints":882,"rank":3,"id":368960,"place":6763,"uniqueZonesTaken":5,"region":{"name":"Lounais-Suomi","id":184}}},{"medal":80,"time":"2022-08-22T16:25:14+0000","type":"medal","user":{"country":"fi","medals":[80,84],"zones":[62048,175986,180686,116703,25439],"pointsPerHour":0,"points":882,"blocktime":10,"taken":5,"name":"SLa68","totalPoints":882,"rank":3,"id":368960,"place":6763,"uniqueZonesTaken":5,"region":{"name":"Lounais-Suomi","id":184}}},{"medal":11,"time":"2022-08-22T16:21:10+0000","type":"medal","user":{"country":"gb","medals":[52,32,11],"zones":[64340,64436,340096,14567,317996,14571,317999,344536],"pointsPerHour":0,"points":21502,"blocktime":12,"taken":112,"name":"slaw2","totalPoints":21502,"rank":11,"id":369017,"place":0,"uniqueZonesTaken":50,"region":{"name":"Scotland","id":200}}}]