[{"sender":{"country":"se","medals":[67,5,16,24,117,70,126,72,24,48,78,24,123,4,24,7,15,130,17,116,40,59,22,24,107],"zones":[494342,431235,155336,98063,204460],"pointsPerHour":20,"points":56505,"blocktime":22,"taken":24116,"name":"Podde","totalPoints":4048690,"rank":48,"id":231293,"place":917,"uniqueZonesTaken":1263,"region":{"name":"Kalmar","id":137}},"time":"2022-08-23T18:24:19+0000","message":"Krappis: öka","region":{"name":"Kalmar","id":137},"type":"chat"},{"sender":{"country":"se","medals":[79,16,55,34,47,105,10,17,116,131,6,14],"zones":[99877,25256,278605,23497,7466,25260,126257,44849,17622,17623,17624,84696,222970,225432,29214],"pointsPerHour":49,"points":33017,"blocktime":18,"taken":2465,"name":"SuperVera","totalPoints":424096,"rank":32,"id":280596,"place":1531,"uniqueZonesTaken":524,"region":{"name":"Örebro","id":131}},"time":"2022-08-23T18:18:58+0000","message":"MICKE456: Bra! Tack","region":{"name":"Örebro","id":131},"type":"chat"}]