[{"sender":{"country":"se","medals":[67,5,16,57,24,117,70,126,72,98,24,48,14,6,78,24,123,105,4,24,39,127],"zones":[147234,1889,474723,21381,24837,431235,24838,154020,24839,25449,12462,381419,68366,34644,24214,1595],"pointsPerHour":61,"points":103751,"blocktime":21,"taken":16766,"name":"Podde","totalPoints":2723870,"rank":45,"id":231293,"place":406,"uniqueZonesTaken":798,"region":{"name":"Kalmar","id":137}},"time":"2022-03-01T16:48:29+0000","message":"Calmare1: såg inte dig komma, zoomade inte för mycket 😞","region":{"name":"Kalmar","id":137},"type":"chat"},{"medal":36,"time":"2022-03-01T16:43:41+0000","type":"medal","user":{"country":"se","medals":[7,53,10,79,14,95,107,126,36],"zones":[14659],"pointsPerHour":0,"points":8217,"blocktime":19,"taken":5017,"name":"knattis","totalPoints":825600,"rank":36,"id":46553,"place":6497,"uniqueZonesTaken":662,"region":{"name":"Dalarna","id":129}}},{"medal":86,"time":"2022-03-01T16:38:17+0000","type":"medal","user":{"country":"se","medals":[51,92,86],"zones":[22629,136375,22631,14151,44826,139337],"pointsPerHour":0,"points":905,"blocktime":12,"taken":50,"name":"LoLlipopRazors","totalPoints":10166,"rank":8,"id":354282,"place":6497,"uniqueZonesTaken":25,"region":{"name":"Västra Götaland","id":132}}}]