[{"sender":{"country":"se","medals":[16,47,78,28,77,4,97,70,57,7,15,5,67,126,122,108,87,128,22],"zones":[117123],"pointsPerHour":1,"points":29409,"blocktime":22,"taken":36992,"name":"Svaale","totalPoints":6255600,"rank":51,"id":161076,"place":1757,"uniqueZonesTaken":1603,"region":{"name":"Norrbotten","id":126}},"time":"2022-02-28T05:57:19+0000","message":"DrAcula: Grattis till Staminatrix👏","region":{"name":"Norrbotten","id":126},"type":"chat"},{"medal":32,"time":"2022-02-28T05:53:24+0000","type":"medal","user":{"country":"se","medals":[93,92,80,102,32],"zones":[44308,44311,1883,68365,7086],"pointsPerHour":0,"points":15899,"blocktime":12,"taken":100,"name":"pinkflora","totalPoints":15899,"rank":10,"id":355277,"place":6422,"uniqueZonesTaken":35,"region":{"name":"Kalmar","id":137}}}]