[{"medal":84,"time":"2022-02-28T14:17:36+0000","type":"medal","user":{"country":"se","medals":[95,100,84],"zones":[6086],"pointsPerHour":0,"points":1300,"blocktime":11,"taken":8,"name":"Proffset","totalPoints":1300,"rank":4,"id":354700,"place":6443,"uniqueZonesTaken":6,"region":{"name":"Dalarna","id":129}}},{"medal":128,"time":"2022-02-28T14:14:00+0000","type":"medal","user":{"country":"se","medals":[93,100,53,11,34,128],"zones":[33824,27104,297062,2786,23939,33827,33828,138949,203787,11784,47949,28686,203788,111794,35990,15804,15805,2783],"pointsPerHour":0,"points":69028,"blocktime":17,"taken":1358,"name":"Charlie53","totalPoints":382010,"rank":31,"id":337031,"place":6443,"uniqueZonesTaken":53,"region":{"name":"Jönköping","id":133}}}]