[{"medal":32,"time":"2022-11-15T06:58:00+0000","type":"medal","user":{"country":"se","medals":[80,93,92,32],"zones":[55937,177430,17384,17385,17386],"pointsPerHour":0,"points":7528,"blocktime":765,"taken":100,"name":"TöreHiker","totalPoints":18416,"rank":11,"id":381541,"place":5489,"uniqueZonesTaken":15,"region":{"name":"Norrbotten","id":126}}},{"medal":129,"time":"2022-11-15T06:09:49+0000","type":"medal","user":{"country":"se","medals":[46,6,54,13,28,35,106,95,129],"zones":[34641,44309,21702,44310,354287],"pointsPerHour":0,"points":28225,"blocktime":1125,"taken":3866,"name":"pinkflora","totalPoints":658347,"rank":35,"id":355277,"place":5487,"uniqueZonesTaken":355,"region":{"name":"Kalmar","id":137}}}]