[{"medal":93,"time":"2021-10-12T11:36:21+0000","type":"medal","user":{"country":"se","medals":[93],"zones":[],"pointsPerHour":0,"points":80,"blocktime":600,"taken":1,"name":"Simondrippi","totalPoints":80,"rank":0,"id":349698,"place":6349,"uniqueZonesTaken":1,"region":{"name":"Stockholm","id":141}}},{"medal":84,"time":"2021-10-12T11:35:47+0000","type":"medal","user":{"country":"se","medals":[95,84],"zones":[21585,28378],"pointsPerHour":0,"points":560,"blocktime":630,"taken":6,"name":"kiliancooling","totalPoints":560,"rank":2,"id":349631,"place":6346,"uniqueZonesTaken":6,"region":{"name":"Stockholm","id":141}}},{"medal":32,"time":"2021-10-12T11:35:35+0000","type":"medal","user":{"country":"se","medals":[93,46,10,11,54,32],"zones":[178624,99,419022,9516,8110,128590,21398,11930,56635,34619,70110,356762],"pointsPerHour":0,"points":13618,"blocktime":735,"taken":100,"name":"A-star","totalPoints":13618,"rank":9,"id":349347,"place":6346,"uniqueZonesTaken":77,"region":{"name":"Östergötland","id":139}}},{"medal":84,"time":"2021-10-12T11:35:12+0000","type":"medal","user":{"country":"se","medals":[94,84],"zones":[428294,9518],"pointsPerHour":0,"points":310,"blocktime":630,"taken":5,"name":"sak1","totalPoints":610,"rank":2,"id":295884,"place":6346,"uniqueZonesTaken":5,"region":{"name":"Dalarna","id":129}}},{"medal":93,"time":"2021-10-12T11:34:49+0000","type":"medal","user":{"country":"se","medals":[93],"zones":[],"pointsPerHour":0,"points":125,"blocktime":600,"taken":1,"name":"thunmanEÖHDNP","totalPoints":125,"rank":0,"id":349735,"place":6343,"uniqueZonesTaken":1,"region":{"name":"Uppsala","id":142}}},{"medal":80,"time":"2021-10-12T11:33:52+0000","type":"medal","user":{"country":"se","medals":[96,80,85],"zones":[3333,154154,762,7276],"pointsPerHour":0,"points":552,"blocktime":645,"taken":10,"name":"Gurragppalm","totalPoints":1068,"rank":3,"id":295887,"place":6342,"uniqueZonesTaken":8,"region":{"name":"Dalarna","id":129}}},{"medal":85,"time":"2021-10-12T11:33:52+0000","type":"medal","user":{"country":"se","medals":[96,80,85],"zones":[3333,154154,762,7276],"pointsPerHour":0,"points":552,"blocktime":645,"taken":10,"name":"Gurragppalm","totalPoints":1068,"rank":3,"id":295887,"place":6342,"uniqueZonesTaken":8,"region":{"name":"Dalarna","id":129}}},{"medal":93,"time":"2021-10-12T11:31:52+0000","type":"medal","user":{"country":"se","medals":[93],"zones":[],"pointsPerHour":0,"points":140,"blocktime":600,"taken":1,"name":"Testaes","totalPoints":140,"rank":0,"id":349493,"place":6341,"uniqueZonesTaken":1,"region":{"name":"Uppsala","id":142}}}]