[{"medal":31,"time":"2021-10-12T18:33:05+0000","type":"medal","user":{"country":"se","medals":[80,31],"zones":[24884,22490,25980,22493,223196],"pointsPerHour":0,"points":3523,"blocktime":690,"taken":25,"name":"robelibob","totalPoints":4385,"rank":6,"id":343858,"place":6463,"uniqueZonesTaken":11,"region":{"name":"Örebro","id":131}}},{"medal":80,"time":"2021-10-12T18:33:05+0000","type":"medal","user":{"country":"se","medals":[80,31],"zones":[24884,22490,25980,22493,223196],"pointsPerHour":0,"points":3523,"blocktime":690,"taken":25,"name":"robelibob","totalPoints":4385,"rank":6,"id":343858,"place":6463,"uniqueZonesTaken":11,"region":{"name":"Örebro","id":131}}}]