[{"sender":{"country":"uk","medals":[16,28,79,47,58,67,35,13],"zones":[13408,13409,399655,349025,349603,373388,349071,381423,351403,354709,354708,349072,349053,349054,349051],"pointsPerHour":20,"points":4008,"blocktime":19,"taken":3018,"name":"FoxRedLab","totalPoints":989776,"rank":38,"id":316178,"place":1390,"uniqueZonesTaken":267,"region":{"name":"North West England","id":201}},"time":"2022-01-04T06:34:50+0000","message":"ogirlSROC: Sounds good. Not really sure what\u2019s involved in a turf event if I\u2019m honest!","region":{"name":"North West England","id":201},"type":"chat"},{"medal":31,"time":"2022-01-04T05:56:25+0000","type":"medal","user":{"country":"se","medals":[51,92,31],"zones":[33330,468802,11755,11756,1628,45150],"pointsPerHour":0,"points":1532,"blocktime":11,"taken":25,"name":"Elgano","totalPoints":3328,"rank":5,"id":352381,"place":3939,"uniqueZonesTaken":22,"region":{"name":"Gotland","id":138}}}]