[{"sender":{"country":"se","medals":[16,22,70,67,7,77,79,17,50,48,28,17,24,109,124,83,89,58,17,114,127],"zones":[61189,61190,9422,92015,7279,12432,7280,8627,17749,1461,8629,8760,761,24028,17756,64957],"pointsPerHour":75,"points":9513,"blocktime":23,"taken":57359,"name":"MoraIK","totalPoints":10085363,"rank":55,"id":158799,"place":433,"uniqueZonesTaken":4632,"region":{"name":"Dalarna","id":129}},"time":"2022-01-03T15:40:38+0000","message":"vanderbelgien: Beundrar din snabbhet.","region":{"name":"Dalarna","id":129},"type":"chat"},{"medal":128,"time":"2022-01-03T15:40:02+0000","type":"medal","user":{"country":"se","medals":[79,77,70,67,16,22,27,72,100,68,58,6,68,14,48,38,68,95,83,68,128],"zones":[62418,44757,222187,222186,222184],"pointsPerHour":0,"points":3911,"blocktime":21,"taken":14823,"name":"X3mcoffee","totalPoints":3187977,"rank":46,"id":227418,"place":0,"uniqueZonesTaken":604,"region":{"name":"Kronoberg","id":147}}},{"medal":11,"time":"2022-01-03T15:39:32+0000","type":"medal","user":{"country":"uk","medals":[93,80,101,42,79,11],"zones":[376894],"pointsPerHour":0,"points":772,"blocktime":14,"taken":273,"name":"HydroHunter","totalPoints":57030,"rank":16,"id":317625,"place":4182,"uniqueZonesTaken":50,"region":{"name":"North West England","id":201}}},{"sender":{"country":"se","medals":[28,79,56,47,94,100,16,7,4,36,15,77],"zones":[396391,154624,11843,26118,26119,154158,9421,133356,60431,9649,12209,92755,24723,154038,26039,154037,8920,26040,26041,180633,140153],"pointsPerHour":41,"points":9214,"blocktime":20,"taken":6937,"name":"vanderbelgien","totalPoints":1463347,"rank":40,"id":79227,"place":452,"uniqueZonesTaken":1376,"region":{"name":"Dalarna","id":129}},"time":"2022-01-03T15:39:08+0000","message":"MoraIK: Så du menar att jag har svävat dit? Eller vad är det du insinuerar? Tala klarspråk.","region":{"name":"Dalarna","id":129},"type":"chat"},{"sender":{"country":"se","medals":[16,22,70,67,7,77,79,17,50,48,28,17,24,109,124,83,89,58,17,114,127],"zones":[61189,61190,9422,92015,7279,12432,7280,8627,8756,17749,1461,8629,8760,761,24028,17756,64957],"pointsPerHour":83,"points":9508,"blocktime":23,"taken":57359,"name":"MoraIK","totalPoints":10085357,"rank":55,"id":158799,"place":432,"uniqueZonesTaken":4632,"region":{"name":"Dalarna","id":129}},"time":"2022-01-03T15:36:34+0000","message":"vanderbelgien: Frut zundin. Har idag varit där idag och enda fotspåren var den som tog zonerna vid omstart.","region":{"name":"Dalarna","id":129},"type":"chat"}]