[{"medal":130,"time":"2022-01-04T08:48:34+0000","type":"medal","user":{"country":"se","medals":[24,26,4,28,47,56,30,77,98,16,79,91,117,22,123,126,37,50,109,130],"zones":[61137,18034,18035,27940,1224,82377,155321,20414],"pointsPerHour":0,"points":6580,"blocktime":20,"taken":8814,"name":"Tovi","totalPoints":1396475,"rank":40,"id":112382,"place":3972,"uniqueZonesTaken":2712,"region":{"name":"Kalmar","id":137}}},{"medal":51,"time":"2022-01-04T08:45:46+0000","type":"medal","user":{"country":"se","medals":[32,11,6,94,101,51],"zones":[2467,285063,21332,83572,12056,28313,201279,780,781,28317],"pointsPerHour":0,"points":1904,"blocktime":13,"taken":188,"name":"Unicorn79","totalPoints":47209,"rank":15,"id":254229,"place":3970,"uniqueZonesTaken":72,"region":{"name":"Skåne","id":135}}},{"medal":84,"time":"2022-01-04T08:42:59+0000","type":"medal","user":{"country":"uk","medals":[84],"zones":[382327,382329],"pointsPerHour":0,"points":1150,"blocktime":10,"taken":5,"name":"PFOporky","totalPoints":1150,"rank":3,"id":351724,"place":3969,"uniqueZonesTaken":5,"region":{"name":"North West England","id":201}}}]