[{"medal":10,"time":"2022-01-04T04:24:02+0000","type":"medal","user":{"country":"fi","medals":[52,11,32,10],"zones":[104645,109687,104647,104646,109689,109688,109691,109690,109693,109692],"pointsPerHour":0,"points":5091,"blocktime":13,"taken":103,"name":"zuzuki","totalPoints":33159,"rank":13,"id":143849,"place":3932,"uniqueZonesTaken":85,"region":{"name":"Etelä-Suomi","id":185}}},{"medal":32,"time":"2022-01-04T04:17:49+0000","type":"medal","user":{"country":"fi","medals":[52,11,90,32],"zones":[104645,109687,104646,109691,109690,109693,109692],"pointsPerHour":0,"points":4535,"blocktime":13,"taken":100,"name":"zuzuki","totalPoints":32604,"rank":13,"id":143849,"place":3932,"uniqueZonesTaken":82,"region":{"name":"Etelä-Suomi","id":185}}}]