[{"country":"us","sender":{"country":"us","medals":[16,67,4,30,70,27,72,22,60,68,24,91,24,24,17,45,68,117,24,116,17,50,68,26,79,24,103,123,126,83,75,24,88,24,17,130],"zones":[428055,428192,428208,428193,428190,428191],"pointsPerHour":6,"points":1446,"blocktime":24,"taken":48193,"name":"SUPERIOЯ","totalPoints":12179908,"rank":56,"id":122085,"place":2565,"uniqueZonesTaken":4766,"region":{"name":"Florida","id":226}},"time":"2022-02-08T00:18:40+0000","message":"hey all, on visit from Sweden 🙂👍","type":"chat"},{"sender":{"country":"uk","medals":[67,95,78,51,13,33,90,21,105,127],"zones":[342359,321248,321249,321250,401230,401228,342361,322473],"pointsPerHour":22,"points":8580,"blocktime":16,"taken":971,"name":"Flangela","totalPoints":183576,"rank":25,"id":337140,"place":571,"uniqueZonesTaken":341,"region":{"name":"Scotland","id":200}},"time":"2022-02-07T23:50:23+0000","message":"acloudie: turfing with the wee ones. Perfect STEM activity. 😂","region":{"name":"Scotland","id":200},"type":"chat"}]