[{"country":"se","sender":{"country":"se","medals":[8,63,6,21,47,4,16,67,70,5,27,61,77,90,94,58,15,126,38,79,103,132],"zones":[444658,24677,115735,47848,33481],"pointsPerHour":8,"points":7014,"blocktime":22,"taken":14385,"name":"DIProgan","totalPoints":4159019,"rank":48,"id":42001,"place":2996,"uniqueZonesTaken":1171,"region":{"name":"Västra Götaland","id":132}},"time":"2022-11-22T05:36:59+0000","message":"αNight\u20acndDayω: allt utom sök är spelare som började första dagen som Daily medaljerna blev tillgängliga","type":"chat"}]