[{"medal":100,"time":"2022-06-28T15:14:21+0000","type":"medal","user":{"country":"se","medals":[94,33,12,52,79,90,100],"zones":[369,154096,154097,203943,79014,7246],"pointsPerHour":0,"points":20263,"blocktime":915,"taken":768,"name":"Mita","totalPoints":115091,"rank":21,"id":269042,"place":7099,"uniqueZonesTaken":157,"region":{"name":"Uppsala","id":142}}},{"medal":32,"time":"2022-06-28T15:12:35+0000","type":"medal","user":{"country":"se","medals":[92,90,52,32],"zones":[169763,37249,28769,7362,122467,1892,515618,23913,23914,103594,155027,90165,49211,37246,7359],"pointsPerHour":0,"points":18094,"blocktime":765,"taken":100,"name":"LizzeLiten","totalPoints":18094,"rank":11,"id":366939,"place":7099,"uniqueZonesTaken":36,"region":{"name":"Stockholm","id":141}}}]