[{"medal":85,"time":"2021-08-26T11:42:45+0000","type":"medal","user":{"country":"se","medals":[80,93,85],"zones":[928,22272],"pointsPerHour":0,"points":1018,"blocktime":10,"taken":10,"name":"alva006","totalPoints":1018,"rank":3,"id":305883,"place":7474,"uniqueZonesTaken":9,"region":{"name":"Östergötland","id":139}}},{"medal":90,"time":"2021-08-26T11:41:59+0000","type":"medal","user":{"country":"se","medals":[80,85,90],"zones":[90929,593,70160,95106,17668,37144,37145,9514,228056],"pointsPerHour":0,"points":858,"blocktime":10,"taken":10,"name":"MatteBlatte","totalPoints":858,"rank":3,"id":337942,"place":7474,"uniqueZonesTaken":10,"region":{"name":"Östergötland","id":139}}},{"medal":85,"time":"2021-08-26T11:41:59+0000","type":"medal","user":{"country":"se","medals":[80,85,90],"zones":[90929,593,70160,95106,17668,37144,37145,9514,228056],"pointsPerHour":0,"points":858,"blocktime":10,"taken":10,"name":"MatteBlatte","totalPoints":858,"rank":3,"id":337942,"place":7474,"uniqueZonesTaken":10,"region":{"name":"Östergötland","id":139}}},{"medal":31,"time":"2021-08-26T11:41:41+0000","type":"medal","user":{"country":"se","medals":[80,31],"zones":[95107,95109,28811,28812],"pointsPerHour":0,"points":876,"blocktime":11,"taken":25,"name":"bamse123","totalPoints":2509,"rank":5,"id":258764,"place":7474,"uniqueZonesTaken":14,"region":{"name":"Östergötland","id":139}}},{"medal":80,"time":"2021-08-26T11:39:21+0000","type":"medal","user":{"country":"se","medals":[84,80],"zones":[594,138512,17669,22774,906],"pointsPerHour":0,"points":636,"blocktime":10,"taken":7,"name":"bsndnsls","totalPoints":636,"rank":2,"id":337818,"place":7474,"uniqueZonesTaken":7,"region":{"name":"Östergötland","id":139}}}]