[{"sender":{"country":"se","medals":[5,21,16,67,56,10,27,24,4,70,24,48,24,15,77,79,112,24,68,91,24,103,24,26,117,65,122,39,126,24],"zones":[24737,93622,21639,59530,64860,36430],"pointsPerHour":13,"points":22248,"blocktime":21,"taken":17039,"name":"PBR","totalPoints":3054071,"rank":46,"id":44378,"place":2600,"uniqueZonesTaken":1931,"region":{"name":"Västra Götaland","id":132}},"time":"2021-08-27T19:10:43+0000","message":"Völund: det gjorde inte","region":{"name":"Västra Götaland","id":132},"type":"chat"}]