[{"medal":31,"time":"2021-08-27T13:25:45+0000","type":"medal","user":{"country":"se","medals":[100,92,51,94,31],"zones":[30825],"pointsPerHour":0,"points":155,"blocktime":11,"taken":26,"name":"MarreJoo","totalPoints":2830,"rank":5,"id":336036,"place":7561,"uniqueZonesTaken":25,"region":{"name":"Södermanland","id":140}}},{"medal":84,"time":"2021-08-27T13:17:52+0000","type":"medal","user":{"country":"se","medals":[84],"zones":[26527],"pointsPerHour":0,"points":452,"blocktime":10,"taken":5,"name":"minasagnes","totalPoints":452,"rank":2,"id":301624,"place":7560,"uniqueZonesTaken":4,"region":{"name":"Östergötland","id":139}}}]