[{"sender":{"country":"se","medals":[28,55,16,12,79,96,34,48,103],"zones":[206209,11331,43204,178375,33159,33161,33162,33163,33165,62229,138967,55701,28054,66137,62232,66136,33433,45018,20957,45726,179173,116649,121706,136177,62579,126772,62584,43384,43386,42047],"pointsPerHour":206,"points":96594,"blocktime":930,"taken":1143,"name":"Marklund111","totalPoints":139246,"rank":22,"id":331144,"place":360,"uniqueZonesTaken":104,"region":{"name":"Örebro","id":131}},"time":"2021-06-22T12:51:09+0000","message":"Lejfis: ska du ut och turfa","region":{"name":"Örebro","id":131},"type":"chat"},{"sender":{"country":"se","medals":[28,55,16,12,79,96,34,48,103],"zones":[206209,11331,43204,178375,33159,33161,33162,33163,33165,62229,138967,55701,28054,66137,62232,66136,33433,45018,20954,20957,45726,179173,116649,121706,136177,62579,126772,62584,43384,43386,42047],"pointsPerHour":213,"points":96592,"blocktime":930,"taken":1143,"name":"Marklund111","totalPoints":139244,"rank":22,"id":331144,"place":360,"uniqueZonesTaken":104,"region":{"name":"Örebro","id":131}},"time":"2021-06-22T12:50:34+0000","message":"Tackar tackar","region":{"name":"Örebro","id":131},"type":"chat"},{"medal":80,"time":"2021-06-22T12:50:30+0000","type":"medal","user":{"country":"se","medals":[80,84],"zones":[25702,11334,64535,26846,62575],"pointsPerHour":0,"points":791,"blocktime":645,"taken":5,"name":"Oakies","totalPoints":791,"rank":3,"id":334900,"place":6864,"uniqueZonesTaken":5,"region":{"name":"Örebro","id":131}}},{"medal":84,"time":"2021-06-22T12:50:30+0000","type":"medal","user":{"country":"se","medals":[80,84],"zones":[25702,11334,64535,26846,62575],"pointsPerHour":0,"points":791,"blocktime":645,"taken":5,"name":"Oakies","totalPoints":791,"rank":3,"id":334900,"place":6864,"uniqueZonesTaken":5,"region":{"name":"Örebro","id":131}}},{"medal":31,"time":"2021-06-22T12:48:22+0000","type":"medal","user":{"country":"se","medals":[51,92,31],"zones":[24321,418,11491,24788,27655,109657,62281,10382],"pointsPerHour":0,"points":2881,"blocktime":675,"taken":25,"name":"Qaphsiel","totalPoints":2881,"rank":5,"id":334880,"place":6864,"uniqueZonesTaken":25,"region":{"name":"Västra Götaland","id":132}}}]