[{"country":"se","sender":{"country":"se","medals":[5,4,16,9,27,28,22,63,6,47,13,56,35],"zones":[],"pointsPerHour":0,"points":0,"blocktime":1125,"taken":2957,"name":"alzxcawio","totalPoints":736896,"rank":35,"id":29714,"place":4423,"uniqueZonesTaken":360},"time":"2022-08-08T21:07:13+0000","message":"Hur gör man?","type":"chat"},{"sender":{"country":"se","medals":[16,1,69,67,70,79,72,66,27,68,75,68,68,17,68,83,82,21,68,68,113,68,117,2,68,77,17,68,68,68,124,68,119,121,68,68,3,68,126,26,68,107,2,69,68,68,68,24,68,17,68,68,131,68,116,17,4,68],"zones":[1762,94823,71,99852,23952,2934,36854,2935,2967,346493,7000,7002,7003,177438],"pointsPerHour":77,"points":2115,"blocktime":1485,"taken":157142,"name":"recycling","totalPoints":30470881,"rank":59,"id":79989,"place":2215,"uniqueZonesTaken":17862,"region":{"name":"Östergötland","id":139}},"time":"2022-08-08T21:05:41+0000","message":"MajOxe: tack 😄","region":{"name":"Östergötland","id":139},"type":"chat"},{"sender":{"country":"se","medals":[78,70,6,14,94,24,90,46,117,55,131,38,5,102,67,77],"zones":[1282,91972,25350,114599,96298,17037,24048,11379,91988,484305,11609,36443,36446],"pointsPerHour":64,"points":7556,"blocktime":1260,"taken":13368,"name":"Svensings","totalPoints":2646518,"rank":44,"id":288002,"place":898,"uniqueZonesTaken":808,"region":{"name":"Stockholm","id":141}},"time":"2022-08-08T21:01:23+0000","message":"JimmyAIK94: 👍väntar i solskenet😎","region":{"name":"Stockholm","id":141},"type":"chat"}]