[{"medal":66,"time":"2022-08-09T15:57:59+0000","type":"medal","user":{"country":"se","medals":[4,16,14,47,112,5,79,77,57,67,72,70,103,126,122,38,66],"zones":[1888],"pointsPerHour":0,"points":80,"blocktime":1185,"taken":10044,"name":"Sensei65","totalPoints":1191601,"rank":39,"id":66816,"place":4761,"uniqueZonesTaken":872,"region":{"name":"Skåne","id":135}}},{"medal":93,"time":"2022-08-09T15:57:41+0000","type":"medal","user":{"country":"se","medals":[93],"zones":[],"pointsPerHour":0,"points":125,"blocktime":600,"taken":1,"name":"Fejzet","totalPoints":125,"rank":0,"id":368957,"place":4760,"uniqueZonesTaken":1,"region":{"name":"Stockholm","id":141}}},{"medal":33,"time":"2022-08-09T15:54:58+0000","type":"medal","user":{"country":"se","medals":[100,94,46,78,54,10,12,16,33],"zones":[31776,31780,24725,24726,397598,306540,17785,21147,9645],"pointsPerHour":0,"points":18767,"blocktime":900,"taken":500,"name":"Scyther","totalPoints":102620,"rank":20,"id":367587,"place":4758,"uniqueZonesTaken":148,"region":{"name":"Dalarna","id":129}}},{"medal":130,"time":"2022-08-09T15:52:25+0000","type":"medal","user":{"country":"se","medals":[52,90,12,35,105,98,130],"zones":[1491,66052,2885,1863,21371,204382],"pointsPerHour":0,"points":3046,"blocktime":1095,"taken":3431,"name":"Annikie","totalPoints":508753,"rank":33,"id":274383,"place":4758,"uniqueZonesTaken":143,"region":{"name":"Västerbotten","id":127}}}]