[{"medal":93,"time":"2022-04-19T10:30:25+0000","type":"medal","user":{"country":"se","medals":[93],"zones":[],"pointsPerHour":0,"points":140,"blocktime":10,"taken":1,"name":"williamiboi","totalPoints":140,"rank":0,"id":358422,"place":6374,"uniqueZonesTaken":1,"region":{"name":"Halland","id":134}}},{"country":"se","sender":{"country":"se","medals":[],"zones":[],"pointsPerHour":0,"points":0,"blocktime":10,"taken":0,"name":"Alexander6996","totalPoints":0,"rank":0,"id":357751,"place":0,"uniqueZonesTaken":0},"time":"2022-04-19T10:28:02+0000","message":"Tack🥸","type":"chat"},{"country":"se","sender":{"country":"se","medals":[],"zones":[],"pointsPerHour":0,"points":0,"blocktime":10,"taken":0,"name":"gabriel24","totalPoints":0,"rank":0,"id":357748,"place":6371,"uniqueZonesTaken":0},"time":"2022-04-19T10:27:48+0000","message":"🐸🐸🐸🐸🐸🐸🐸","type":"chat"},{"country":"se","sender":{"country":"se","medals":[],"zones":[],"pointsPerHour":0,"points":0,"blocktime":10,"taken":0,"name":"gabriel24","totalPoints":0,"rank":0,"id":357748,"place":6371,"uniqueZonesTaken":0},"time":"2022-04-19T10:27:45+0000","message":"Stackars dig","type":"chat"},{"country":"se","sender":{"country":"se","medals":[],"zones":[],"pointsPerHour":0,"points":0,"blocktime":10,"taken":0,"name":"gabriel24","totalPoints":0,"rank":0,"id":357748,"place":6371,"uniqueZonesTaken":0},"time":"2022-04-19T10:27:35+0000","message":"HEJ ALEZ","type":"chat"},{"country":"se","sender":{"country":"se","medals":[],"zones":[],"pointsPerHour":0,"points":0,"blocktime":10,"taken":0,"name":"Alexander6996","totalPoints":0,"rank":0,"id":357751,"place":6371,"uniqueZonesTaken":0},"time":"2022-04-19T10:26:24+0000","message":"Jag blev påkörd igår :)","type":"chat"}]