[{"medal":39,"time":"2022-04-18T17:33:44+0000","type":"medal","user":{"country":"se","medals":[6,16,79,72,96,48,83,123,15,58,107,39],"zones":[63744,707,10947,94789,10948,2255,115857,31440,7760,31441,7761,31442,56147,56148,31444,3032,34136,7768,34269,34270,31071,62304,31072,136162,31073,47654,24168,89896,31978,31979,44718,20847,32111,19695,32113,20850,31475,13620,5428,32116,29174,26295,26296,220411,26297,13625,204154],"pointsPerHour":0,"points":79879,"blocktime":20,"taken":15000,"name":"turfink","totalPoints":2259970,"rank":43,"id":299139,"place":6310,"uniqueZonesTaken":1083,"region":{"name":"Västmanland","id":143}}},{"sender":{"country":"se","medals":[67,9,16,24,22,57,48,24,72,79,77,24,66,26,24,17,116,83,117,24,24,50,24,17,4,24,111,24,27,124,126,118,17,130],"zones":[31808,480052,27796,480051,12014,495,31343],"pointsPerHour":40,"points":65891,"blocktime":24,"taken":94469,"name":"VÄDUREN","totalPoints":11736444,"rank":56,"id":92950,"place":504,"uniqueZonesTaken":3912,"region":{"name":"Västmanland","id":143}},"time":"2022-04-18T17:31:27+0000","message":"BjörnBel: Heja på !!","region":{"name":"Västmanland","id":143},"type":"chat"},{"sender":{"country":"se","medals":[5,16,70,13,28,48,9,4,6,35,24,58,79,93,100],"zones":[176038,28886,28888,43753,16892,76749,11438],"pointsPerHour":9,"points":4327,"blocktime":19,"taken":4531,"name":"Garkas","totalPoints":885298,"rank":37,"id":35084,"place":3615,"uniqueZonesTaken":453,"region":{"name":"Jönköping","id":133}},"time":"2022-04-18T17:31:00+0000","message":"sköldpaddan: vart försvann du? folkskygg? 🧐","region":{"name":"Jönköping","id":133},"type":"chat"},{"medal":77,"time":"2022-04-18T17:30:48+0000","type":"medal","user":{"country":"se","medals":[94,7,12,17,90,53,126,42,102,70,78,77],"zones":[11504,91424,1573,341,1607,37130,20827,1564,4557,3054],"pointsPerHour":0,"points":1742,"blocktime":13,"taken":342,"name":"Gaius74","totalPoints":52276,"rank":15,"id":209937,"place":6310,"uniqueZonesTaken":224,"region":{"name":"Uppsala","id":142}}},{"medal":101,"time":"2022-04-18T17:28:31+0000","type":"medal","user":{"country":"se","medals":[94,92,80,31,101],"zones":[7907,33315,223159,88949,136201,423803],"pointsPerHour":0,"points":4652,"blocktime":11,"taken":32,"name":"eme09lie12","totalPoints":4652,"rank":6,"id":358273,"place":6310,"uniqueZonesTaken":26,"region":{"name":"Norrbotten","id":126}}}]