[{"sender":{"country":"se","medals":[5,16,94,78,67,15,28,47,126,122,103,66,57,40,70],"zones":[12417,64098,21891,154948,56775,202347,155017,8236,173,139066,8381,8382],"pointsPerHour":47,"points":33017,"blocktime":21,"taken":20370,"name":"foxxy","totalPoints":3311856,"rank":46,"id":136818,"place":1384,"uniqueZonesTaken":1474,"region":{"name":"Stockholm","id":141}},"time":"2021-10-19T08:16:33+0000","message":"Hej, jo det blev tokigt för mig! Är ni hemma","region":{"name":"Stockholm","id":141},"type":"chat"},{"sender":{"country":"se","medals":[16,5,24,4,24,7,24,9,72,24,79,112,24,56,70,15,77,24,27,126,75,123,106,24,88,127],"zones":[23907,306530,180635],"pointsPerHour":18,"points":28519,"blocktime":22,"taken":40913,"name":"WhiteNinja","totalPoints":5667333,"rank":50,"id":7032,"place":1560,"uniqueZonesTaken":1179,"region":{"name":"Västerbotten","id":127}},"time":"2021-10-19T08:16:05+0000","message":"Knegare: assist?","region":{"name":"Västerbotten","id":127},"type":"chat"}]