[{"medal":84,"time":"2021-10-19T11:44:01+0000","type":"medal","user":{"country":"se","medals":[80,84],"zones":[49792,3040,446727,49794,316513],"pointsPerHour":0,"points":868,"blocktime":10,"taken":5,"name":"sand123","totalPoints":868,"rank":3,"id":350564,"place":7309,"uniqueZonesTaken":5,"region":{"name":"Uppsala","id":142}}},{"medal":80,"time":"2021-10-19T11:44:01+0000","type":"medal","user":{"country":"se","medals":[80,84],"zones":[49792,3040,446727,49794,316513],"pointsPerHour":0,"points":868,"blocktime":10,"taken":5,"name":"sand123","totalPoints":868,"rank":3,"id":350564,"place":7309,"uniqueZonesTaken":5,"region":{"name":"Uppsala","id":142}}},{"medal":93,"time":"2021-10-19T11:42:14+0000","type":"medal","user":{"country":"se","medals":[93],"zones":[],"pointsPerHour":0,"points":170,"blocktime":10,"taken":1,"name":"ErvinBoss","totalPoints":170,"rank":0,"id":350544,"place":7308,"uniqueZonesTaken":1,"region":{"name":"Skåne","id":135}}},{"medal":80,"time":"2021-10-19T11:41:23+0000","type":"medal","user":{"country":"se","medals":[84,80],"zones":[21600,49793,319232,62364,306504],"pointsPerHour":0,"points":867,"blocktime":11,"taken":8,"name":"Sockan123","totalPoints":3098,"rank":5,"id":321218,"place":7308,"uniqueZonesTaken":7,"region":{"name":"Uppsala","id":142}}}]