[{"sender":{"country":"se","medals":[5,16,24,67,24,22,4,17,24,60,3,68,24,24,70,3,68,17,68,66,64,68,24,62,24,68,17,72,24,79,17,77,75,50,17,115,89,26,107,127,124],"zones":[109475],"pointsPerHour":9,"points":6339,"blocktime":23,"taken":61837,"name":"Jonac","totalPoints":9091419,"rank":54,"id":39290,"place":3360,"uniqueZonesTaken":3408,"region":{"name":"Västmanland","id":143}},"time":"2022-10-18T17:49:56+0000","message":"rocadero: snyggt kört","region":{"name":"Västmanland","id":143},"type":"chat"},{"sender":{"country":"se","medals":[126,16,95,5,14,67,122,128,6,47,57,104,79,28,24,39],"zones":[],"pointsPerHour":0,"points":35608,"blocktime":21,"taken":15538,"name":"JimmyAIK94","totalPoints":2730724,"rank":45,"id":267637,"place":1256,"uniqueZonesTaken":940,"region":{"name":"Stockholm","id":141}},"time":"2022-10-18T17:49:26+0000","message":"VNV_Legion: 2-1","region":{"name":"Stockholm","id":141},"type":"chat"}]