[{"sender":{"country":"se","medals":[70,67,24,16,72,83,22,77,79,24,17,116,4,24,58,24,75,50,124,126,24,91,49,17,24,17,109,26,118,132],"zones":[33478,413197,24187,359096,9550,7759],"pointsPerHour":36,"points":68235,"blocktime":23,"taken":78992,"name":"ami68","totalPoints":10475477,"rank":55,"id":167440,"place":556,"uniqueZonesTaken":4300,"region":{"name":"Västmanland","id":143}},"time":"2022-10-18T12:59:15+0000","message":"fiskeLasse: 🤗","region":{"name":"Västmanland","id":143},"type":"chat"},{"sender":{"country":"uk","medals":[46,10,79,55,16,34,13,27],"zones":[427350,318165,15009,318166,427349,318158,318159,318152,15004,138380,17342],"pointsPerHour":21,"points":19602,"blocktime":18,"taken":2137,"name":"Hib71","totalPoints":435677,"rank":32,"id":303782,"place":1989,"uniqueZonesTaken":286,"region":{"name":"Scotland","id":200}},"time":"2022-10-18T12:57:04+0000","message":"Pity because it\u2019s literally 2 mins from where we\u2019re staying","region":{"name":"Scotland","id":200},"type":"chat"},{"sender":{"country":"uk","medals":[46,10,79,55,16,34,13,27],"zones":[427350,318165,15009,318166,427349,318158,318159,318152,15004,138380,17342],"pointsPerHour":21,"points":19602,"blocktime":18,"taken":2137,"name":"Hib71","totalPoints":435677,"rank":32,"id":303782,"place":1989,"uniqueZonesTaken":286,"region":{"name":"Scotland","id":200}},"time":"2022-10-18T12:56:18+0000","message":"féarglas: thanks. It is but i\u2019m in newtonmore just now and not too many players up here","region":{"name":"Scotland","id":200},"type":"chat"},{"sender":{"country":"se","medals":[22,4,16,48,9,1,27,17,58,24,30,67,26,24,24,24,24,62,91,79,72,24,17,116,74,24,83,89,77,126,108,124,24,24,131],"zones":[33477,47654,24166,487,24169,63693,10928,430293,226775,26297,281790,26298,26299,63709],"pointsPerHour":87,"points":34065,"blocktime":24,"taken":71525,"name":"fiskeLasse","totalPoints":11103311,"rank":56,"id":30205,"place":1278,"uniqueZonesTaken":7075,"region":{"name":"Västmanland","id":143}},"time":"2022-10-18T12:53:39+0000","message":"ami68: ok","region":{"name":"Västmanland","id":143},"type":"chat"}]