[{"medal":7,"time":"2022-10-18T18:11:04+0000","type":"medal","user":{"country":"se","medals":[94,79,46,10,77,13,100,55,27,36,132,7],"zones":[44202],"pointsPerHour":0,"points":7273,"blocktime":19,"taken":6496,"name":"atom","totalPoints":1178386,"rank":39,"id":51864,"place":7342,"uniqueZonesTaken":451,"region":{"name":"Östergötland","id":139}}},{"sender":{"country":"se","medals":[5,16,24,67,24,22,4,17,24,60,3,68,24,24,70,3,68,17,68,66,64,68,24,62,24,68,17,72,24,79,17,77,75,50,17,115,89,26,107,127,124],"zones":[109475],"pointsPerHour":9,"points":6339,"blocktime":23,"taken":61837,"name":"Jonac","totalPoints":9091419,"rank":54,"id":39290,"place":3360,"uniqueZonesTaken":3408,"region":{"name":"Västmanland","id":143}},"time":"2022-10-18T17:49:56+0000","message":"rocadero: snyggt kört","region":{"name":"Västmanland","id":143},"type":"chat"}]