[{"zone":{"dateCreated":"2021-06-11T05:00:00+0000","dateLastTaken":"0002-12-02T00:00:00+0000","latitude":57.600225,"name":"EastNairn","id":426417,"totalTakeovers":0,"region":{"country":"gb","name":"Scotland","id":200},"pointsPerHour":1,"longitude":-3.8226,"takeoverPoints":185},"time":"2021-06-11T05:00:00+0000","type":"zone"},{"zone":{"dateCreated":"2021-06-11T05:00:00+0000","dateLastTaken":"0002-12-02T00:00:00+0000","latitude":57.585523,"name":"LochloySnake","id":426420,"totalTakeovers":0,"region":{"country":"gb","name":"Scotland","id":200},"pointsPerHour":1,"longitude":-3.853161,"takeoverPoints":185},"time":"2021-06-11T05:00:00+0000","type":"zone"},{"zone":{"dateCreated":"2021-06-11T05:00:00+0000","dateLastTaken":"0002-12-02T00:00:00+0000","latitude":57.593859,"name":"CulbinSands","id":426414,"totalTakeovers":0,"region":{"country":"gb","name":"Scotland","id":200},"pointsPerHour":1,"longitude":-3.849907,"takeoverPoints":185},"time":"2021-06-11T05:00:00+0000","type":"zone"},{"zone":{"dateCreated":"2021-06-11T05:00:00+0000","dateLastTaken":"0002-12-02T00:00:00+0000","latitude":57.618804,"name":"MidCulbin","id":426416,"totalTakeovers":0,"region":{"country":"gb","name":"Scotland","id":200},"pointsPerHour":1,"longitude":-3.738264,"takeoverPoints":185},"time":"2021-06-11T05:00:00+0000","type":"zone"},{"zone":{"dateCreated":"2021-06-11T05:00:00+0000","dateLastTaken":"0002-12-02T00:00:00+0000","latitude":57.587222,"name":"Meadowlea","id":426421,"totalTakeovers":0,"region":{"country":"gb","name":"Scotland","id":200},"pointsPerHour":1,"longitude":-3.842544,"takeoverPoints":185},"time":"2021-06-11T05:00:00+0000","type":"zone"},{"zone":{"dateCreated":"2021-06-11T05:00:00+0000","dateLastTaken":"0002-12-02T00:00:00+0000","latitude":57.583503,"name":"SplashOfNairn","id":426422,"totalTakeovers":0,"region":{"country":"gb","name":"Scotland","id":200},"pointsPerHour":1,"longitude":-3.864669,"takeoverPoints":185},"time":"2021-06-11T05:00:00+0000","type":"zone"},{"zone":{"dateCreated":"2021-06-11T05:00:00+0000","dateLastTaken":"0002-12-02T00:00:00+0000","latitude":57.58998,"name":"OldBarView","id":426419,"totalTakeovers":0,"region":{"country":"gb","name":"Scotland","id":200},"pointsPerHour":1,"longitude":-3.84401,"takeoverPoints":185},"time":"2021-06-11T05:00:00+0000","type":"zone"},{"zone":{"dateCreated":"2021-06-11T05:00:00+0000","dateLastTaken":"0002-12-02T00:00:00+0000","latitude":57.608648,"name":"CulbinWest","id":426415,"totalTakeovers":0,"region":{"country":"gb","name":"Scotland","id":200},"pointsPerHour":1,"longitude":-3.787951,"takeoverPoints":185},"time":"2021-06-11T05:00:00+0000","type":"zone"},{"zone":{"dateCreated":"2021-06-11T05:00:00+0000","dateLastTaken":"0002-12-02T00:00:00+0000","latitude":57.244769,"name":"GartenersBath","id":426423,"totalTakeovers":0,"region":{"country":"gb","name":"Scotland","id":200},"pointsPerHour":1,"longitude":-3.698541,"takeoverPoints":185},"time":"2021-06-11T05:00:00+0000","type":"zone"},{"zone":{"dateCreated":"2021-06-11T05:00:00+0000","dateLastTaken":"0002-12-02T00:00:00+0000","latitude":57.595243,"name":"StepLikeAKing","id":426418,"totalTakeovers":0,"region":{"country":"gb","name":"Scotland","id":200},"pointsPerHour":1,"longitude":-3.835783,"takeoverPoints":185},"time":"2021-06-11T05:00:00+0000","type":"zone"},{"zone":{"dateCreated":"2021-06-10T22:53:29+0000","dateLastTaken":"0002-12-02T00:00:00+0000","latitude":57.183576,"name":"MaBhuachaille","id":427353,"totalTakeovers":0,"region":{"country":"gb","name":"Scotland","id":200},"pointsPerHour":1,"longitude":-3.671089,"takeoverPoints":185},"time":"2021-06-10T22:53:29+0000","type":"zone"},{"zone":{"dateCreated":"2021-06-10T22:42:58+0000","dateLastTaken":"0002-12-02T00:00:00+0000","latitude":57.066261,"name":"StBridesKirk","id":427349,"totalTakeovers":0,"region":{"country":"gb","name":"Scotland","id":200},"pointsPerHour":1,"longitude":-4.120553,"takeoverPoints":185},"time":"2021-06-10T22:42:58+0000","type":"zone"},{"zone":{"dateCreated":"2021-06-10T21:52:26+0000","dateLastTaken":"0002-12-02T00:00:00+0000","latitude":55.495364,"name":"AquaMaryne","id":427345,"totalTakeovers":0,"region":{"country":"gb","name":"Scotland","id":200},"pointsPerHour":1,"longitude":-3.196405,"takeoverPoints":185},"time":"2021-06-10T21:52:26+0000","type":"zone"},{"zone":{"dateCreated":"2021-06-10T21:00:00+0000","dateLastTaken":"0002-12-02T00:00:00+0000","latitude":67.015422,"name":"UllattiKyrka","id":423210,"totalTakeovers":0,"region":{"country":"se","name":"Norrbotten","id":126},"pointsPerHour":1,"longitude":21.812227,"takeoverPoints":185},"time":"2021-06-10T21:00:00+0000","type":"zone"},{"zone":{"dateCreated":"2021-06-10T21:00:00+0000","dateLastTaken":"0002-12-02T00:00:00+0000","latitude":67.170204,"name":"GällivareGolf","id":423211,"totalTakeovers":0,"region":{"country":"se","name":"Norrbotten","id":126},"pointsPerHour":1,"longitude":20.617427,"takeoverPoints":185},"time":"2021-06-10T21:00:00+0000","type":"zone"},{"zone":{"dateCreated":"2021-06-10T20:00:00+0000","dateLastTaken":"0002-12-02T00:00:00+0000","latitude":63.302927,"name":"Älgstråket","id":425019,"totalTakeovers":0,"region":{"country":"se","name":"Västernorrland","id":145},"pointsPerHour":1,"longitude":18.611556,"takeoverPoints":185},"time":"2021-06-10T20:00:00+0000","type":"zone"},{"zone":{"dateCreated":"2021-06-10T20:00:00+0000","dateLastTaken":"0002-12-02T00:00:00+0000","latitude":63.282175,"name":"LångaJärven","id":425026,"totalTakeovers":0,"region":{"country":"se","name":"Västernorrland","id":145},"pointsPerHour":2,"longitude":18.741213,"takeoverPoints":170},"time":"2021-06-10T20:00:00+0000","type":"zone"},{"zone":{"dateCreated":"2021-06-10T19:11:00+0000","dateLastTaken":"0002-12-02T00:00:00+0000","latitude":50.99877,"name":"Neusser","id":427215,"totalTakeovers":0,"region":{"country":"de","name":"Nordrhein-Westfalen","id":445},"pointsPerHour":1,"longitude":6.935332,"takeoverPoints":185},"time":"2021-06-10T19:11:00+0000","type":"zone"},{"zone":{"dateCreated":"2021-06-10T19:08:43+0000","dateLastTaken":"0002-12-02T00:00:00+0000","latitude":51.002136,"name":"FortIla","id":427214,"totalTakeovers":0,"region":{"country":"de","name":"Nordrhein-Westfalen","id":445},"pointsPerHour":1,"longitude":6.93147,"takeoverPoints":185},"time":"2021-06-10T19:08:43+0000","type":"zone"},{"zone":{"dateCreated":"2021-06-10T19:04:23+0000","dateLastTaken":"0002-12-02T00:00:00+0000","latitude":51.021218,"name":"Merkenich","id":427213,"totalTakeovers":0,"region":{"country":"de","name":"Nordrhein-Westfalen","id":445},"pointsPerHour":1,"longitude":6.955147,"takeoverPoints":185},"time":"2021-06-10T19:04:23+0000","type":"zone"},{"zone":{"dateCreated":"2021-06-10T18:58:38+0000","dateLastTaken":"0002-12-02T00:00:00+0000","latitude":51.020481,"name":"FühlingerSüd","id":427212,"totalTakeovers":0,"region":{"country":"de","name":"Nordrhein-Westfalen","id":445},"pointsPerHour":1,"longitude":6.932286,"takeoverPoints":185},"time":"2021-06-10T18:58:38+0000","type":"zone"},{"zone":{"dateCreated":"2021-06-10T18:56:02+0000","dateLastTaken":"0002-12-02T00:00:00+0000","latitude":51.034724,"name":"FühlingerNord","id":427211,"totalTakeovers":0,"region":{"country":"de","name":"Nordrhein-Westfalen","id":445},"pointsPerHour":1,"longitude":6.905958,"takeoverPoints":185},"time":"2021-06-10T18:56:02+0000","type":"zone"},{"zone":{"dateCreated":"2021-06-10T18:44:04+0000","dateLastTaken":"0002-12-02T00:00:00+0000","latitude":51.459215,"name":"NorbertPark","id":427210,"totalTakeovers":0,"region":{"country":"gb","name":"Greater London","id":207},"pointsPerHour":1,"longitude":-0.044848,"takeoverPoints":185},"time":"2021-06-10T18:44:04+0000","type":"zone"},{"zone":{"dateCreated":"2021-06-10T18:40:27+0000","dateLastTaken":"0002-12-02T00:00:00+0000","latitude":51.443878,"name":"DulwichWalk","id":427209,"totalTakeovers":0,"region":{"country":"gb","name":"Greater London","id":207},"pointsPerHour":1,"longitude":-0.086824,"takeoverPoints":185},"time":"2021-06-10T18:40:27+0000","type":"zone"},{"zone":{"dateCreated":"2021-06-10T18:08:17+0000","dateLastTaken":"0002-12-02T00:00:00+0000","latitude":44.933146,"name":"SmithAvBridge","id":427208,"totalTakeovers":0,"region":{"country":"us","name":"Minnesota","id":405},"pointsPerHour":1,"longitude":-93.104377,"takeoverPoints":185},"time":"2021-06-10T18:08:17+0000","type":"zone"},{"zone":{"dateCreated":"2021-06-10T18:06:45+0000","dateLastTaken":"0002-12-02T00:00:00+0000","latitude":44.951114,"name":"ConcordiaDale","id":427207,"totalTakeovers":0,"region":{"country":"us","name":"Minnesota","id":405},"pointsPerHour":1,"longitude":-93.126125,"takeoverPoints":185},"time":"2021-06-10T18:06:45+0000","type":"zone"},{"zone":{"dateCreated":"2021-06-10T18:05:45+0000","dateLastTaken":"0002-12-02T00:00:00+0000","latitude":44.945789,"name":"McQuillan","id":427206,"totalTakeovers":0,"region":{"country":"us","name":"Minnesota","id":405},"pointsPerHour":1,"longitude":-93.121515,"takeoverPoints":185},"time":"2021-06-10T18:05:45+0000","type":"zone"},{"zone":{"dateCreated":"2021-06-10T18:04:53+0000","dateLastTaken":"0002-12-02T00:00:00+0000","latitude":44.973322,"name":"RambosPal","id":427205,"totalTakeovers":0,"region":{"country":"us","name":"Minnesota","id":405},"pointsPerHour":1,"longitude":-93.092395,"takeoverPoints":185},"time":"2021-06-10T18:04:53+0000","type":"zone"},{"zone":{"dateCreated":"2021-06-10T18:02:38+0000","dateLastTaken":"0002-12-02T00:00:00+0000","latitude":45.020251,"name":"AudubonEast","id":427204,"totalTakeovers":0,"region":{"country":"us","name":"Minnesota","id":405},"pointsPerHour":1,"longitude":-93.238683,"takeoverPoints":185},"time":"2021-06-10T18:02:38+0000","type":"zone"},{"zone":{"dateCreated":"2021-06-10T18:02:18+0000","dateLastTaken":"0002-12-02T00:00:00+0000","latitude":45.019492,"name":"AudubonWest","id":427203,"totalTakeovers":0,"region":{"country":"us","name":"Minnesota","id":405},"pointsPerHour":1,"longitude":-93.241872,"takeoverPoints":185},"time":"2021-06-10T18:02:18+0000","type":"zone"},{"zone":{"dateCreated":"2021-06-10T18:01:10+0000","dateLastTaken":"0002-12-02T00:00:00+0000","latitude":45.056704,"name":"KordiakBear","id":427202,"totalTakeovers":0,"region":{"country":"us","name":"Minnesota","id":405},"pointsPerHour":1,"longitude":-93.233271,"takeoverPoints":185},"time":"2021-06-10T18:01:10+0000","type":"zone"},{"zone":{"dateCreated":"2021-06-10T17:58:27+0000","dateLastTaken":"0002-12-02T00:00:00+0000","latitude":45.038406,"name":"PrestemonPark","id":427201,"totalTakeovers":0,"region":{"country":"us","name":"Minnesota","id":405},"pointsPerHour":1,"longitude":-93.22951,"takeoverPoints":185},"time":"2021-06-10T17:58:27+0000","type":"zone"},{"zone":{"dateCreated":"2021-06-10T17:57:48+0000","dateLastTaken":"0002-12-02T00:00:00+0000","latitude":45.04544,"name":"SilverFork","id":427200,"totalTakeovers":0,"region":{"country":"us","name":"Minnesota","id":405},"pointsPerHour":1,"longitude":-93.222216,"takeoverPoints":185},"time":"2021-06-10T17:57:48+0000","type":"zone"},{"zone":{"dateCreated":"2021-06-10T17:56:50+0000","dateLastTaken":"0002-12-02T00:00:00+0000","latitude":45.041173,"name":"JoChapel","id":427199,"totalTakeovers":0,"region":{"country":"us","name":"Minnesota","id":405},"pointsPerHour":1,"longitude":-93.171128,"takeoverPoints":185},"time":"2021-06-10T17:56:50+0000","type":"zone"},{"zone":{"dateCreated":"2021-06-10T17:55:53+0000","dateLastTaken":"0002-12-02T00:00:00+0000","latitude":45.047723,"name":"GiveMeHope","id":427198,"totalTakeovers":0,"region":{"country":"us","name":"Minnesota","id":405},"pointsPerHour":1,"longitude":-93.173912,"takeoverPoints":185},"time":"2021-06-10T17:55:53+0000","type":"zone"},{"zone":{"dateCreated":"2021-06-10T17:53:44+0000","dateLastTaken":"0002-12-02T00:00:00+0000","latitude":45.002593,"name":"Jevne","id":427197,"totalTakeovers":0,"region":{"country":"us","name":"Minnesota","id":405},"pointsPerHour":1,"longitude":-93.423386,"takeoverPoints":185},"time":"2021-06-10T17:53:44+0000","type":"zone"},{"zone":{"dateCreated":"2021-06-10T17:52:36+0000","dateLastTaken":"0002-12-02T00:00:00+0000","latitude":44.909439,"name":"SlimShady","id":427196,"totalTakeovers":0,"region":{"country":"us","name":"Minnesota","id":405},"pointsPerHour":1,"longitude":-93.432342,"takeoverPoints":185},"time":"2021-06-10T17:52:36+0000","type":"zone"},{"zone":{"dateCreated":"2021-06-10T17:51:40+0000","dateLastTaken":"0002-12-02T00:00:00+0000","latitude":44.905319,"name":"WetTrail","id":427195,"totalTakeovers":0,"region":{"country":"us","name":"Minnesota","id":405},"pointsPerHour":1,"longitude":-93.45764,"takeoverPoints":185},"time":"2021-06-10T17:51:40+0000","type":"zone"},{"zone":{"dateCreated":"2021-06-10T17:50:07+0000","dateLastTaken":"0002-12-02T00:00:00+0000","latitude":44.911427,"name":"MaywoodBridge","id":427194,"totalTakeovers":0,"region":{"country":"us","name":"Minnesota","id":405},"pointsPerHour":1,"longitude":-93.449215,"takeoverPoints":185},"time":"2021-06-10T17:50:07+0000","type":"zone"},{"zone":{"dateCreated":"2021-06-10T17:49:05+0000","dateLastTaken":"0002-12-02T00:00:00+0000","latitude":44.900859,"name":"PurgatoryP","id":427193,"totalTakeovers":0,"region":{"country":"us","name":"Minnesota","id":405},"pointsPerHour":1,"longitude":-93.498301,"takeoverPoints":185},"time":"2021-06-10T17:49:05+0000","type":"zone"},{"zone":{"dateCreated":"2021-06-10T17:47:59+0000","dateLastTaken":"0002-12-02T00:00:00+0000","latitude":44.934613,"name":"DartmouthDash","id":427192,"totalTakeovers":0,"region":{"country":"us","name":"Minnesota","id":405},"pointsPerHour":1,"longitude":-93.493839,"takeoverPoints":185},"time":"2021-06-10T17:47:59+0000","type":"zone"},{"zone":{"dateCreated":"2021-06-10T17:45:56+0000","dateLastTaken":"0002-12-02T00:00:00+0000","latitude":44.937366,"name":"Elmwood","id":427191,"totalTakeovers":0,"region":{"country":"us","name":"Minnesota","id":405},"pointsPerHour":1,"longitude":-93.488918,"takeoverPoints":185},"time":"2021-06-10T17:45:56+0000","type":"zone"},{"zone":{"dateCreated":"2021-06-10T17:44:52+0000","dateLastTaken":"0002-12-02T00:00:00+0000","latitude":44.941619,"name":"SquishyPedals","id":427190,"totalTakeovers":0,"region":{"country":"us","name":"Minnesota","id":405},"pointsPerHour":1,"longitude":-93.472884,"takeoverPoints":185},"time":"2021-06-10T17:44:52+0000","type":"zone"},{"zone":{"dateCreated":"2021-06-10T17:44:04+0000","dateLastTaken":"0002-12-02T00:00:00+0000","latitude":44.918047,"name":"Tharriet","id":427189,"totalTakeovers":0,"region":{"country":"us","name":"Minnesota","id":405},"pointsPerHour":1,"longitude":-93.313014,"takeoverPoints":185},"time":"2021-06-10T17:44:04+0000","type":"zone"},{"zone":{"dateCreated":"2021-06-10T17:43:00+0000","dateLastTaken":"0002-12-02T00:00:00+0000","latitude":44.929974,"name":"CreekyMinney","id":427188,"totalTakeovers":0,"region":{"country":"us","name":"Minnesota","id":405},"pointsPerHour":1,"longitude":-93.3718,"takeoverPoints":185},"time":"2021-06-10T17:43:00+0000","type":"zone"},{"zone":{"dateCreated":"2021-06-10T17:42:31+0000","dateLastTaken":"0002-12-02T00:00:00+0000","latitude":44.929495,"name":"MinneCreeky","id":427187,"totalTakeovers":0,"region":{"country":"us","name":"Minnesota","id":405},"pointsPerHour":1,"longitude":-93.371559,"takeoverPoints":185},"time":"2021-06-10T17:42:31+0000","type":"zone"},{"zone":{"dateCreated":"2021-06-10T17:40:44+0000","dateLastTaken":"0002-12-02T00:00:00+0000","latitude":44.925292,"name":"UnterDen","id":427186,"totalTakeovers":0,"region":{"country":"us","name":"Minnesota","id":405},"pointsPerHour":1,"longitude":-93.321085,"takeoverPoints":185},"time":"2021-06-10T17:40:44+0000","type":"zone"},{"zone":{"dateCreated":"2021-06-10T17:39:28+0000","dateLastTaken":"0002-12-02T00:00:00+0000","latitude":44.928423,"name":"HarrietNorth","id":427185,"totalTakeovers":0,"region":{"country":"us","name":"Minnesota","id":405},"pointsPerHour":1,"longitude":-93.303239,"takeoverPoints":185},"time":"2021-06-10T17:39:28+0000","type":"zone"},{"zone":{"dateCreated":"2021-06-10T17:39:08+0000","dateLastTaken":"0002-12-02T00:00:00+0000","latitude":44.934228,"name":"RetroTurf","id":427184,"totalTakeovers":0,"region":{"country":"us","name":"Minnesota","id":405},"pointsPerHour":1,"longitude":-93.284534,"takeoverPoints":185},"time":"2021-06-10T17:39:08+0000","type":"zone"},{"zone":{"dateCreated":"2021-06-10T17:37:48+0000","dateLastTaken":"0002-12-02T00:00:00+0000","latitude":44.939758,"name":"RickGreen","id":427183,"totalTakeovers":0,"region":{"country":"us","name":"Minnesota","id":405},"pointsPerHour":1,"longitude":-93.27056,"takeoverPoints":185},"time":"2021-06-10T17:37:48+0000","type":"zone"},{"zone":{"dateCreated":"2021-06-10T17:33:29+0000","dateLastTaken":"0002-12-02T00:00:00+0000","latitude":44.926773,"name":"HolyBlood","id":427182,"totalTakeovers":0,"region":{"country":"us","name":"Minnesota","id":405},"pointsPerHour":1,"longitude":-93.159076,"takeoverPoints":185},"time":"2021-06-10T17:33:29+0000","type":"zone"},{"zone":{"dateCreated":"2021-06-10T17:31:42+0000","dateLastTaken":"0002-12-02T00:00:00+0000","latitude":44.950195,"name":"Aldine","id":427181,"totalTakeovers":0,"region":{"country":"us","name":"Minnesota","id":405},"pointsPerHour":1,"longitude":-93.17311,"takeoverPoints":185},"time":"2021-06-10T17:31:42+0000","type":"zone"},{"zone":{"dateCreated":"2021-06-10T17:30:01+0000","dateLastTaken":"0002-12-02T00:00:00+0000","latitude":44.935066,"name":"GrovelandP","id":427180,"totalTakeovers":0,"region":{"country":"us","name":"Minnesota","id":405},"pointsPerHour":1,"longitude":-93.182543,"takeoverPoints":185},"time":"2021-06-10T17:30:01+0000","type":"zone"},{"zone":{"dateCreated":"2021-06-10T17:29:05+0000","dateLastTaken":"0002-12-02T00:00:00+0000","latitude":44.894448,"name":"FunkyChicken","id":427179,"totalTakeovers":0,"region":{"country":"us","name":"Minnesota","id":405},"pointsPerHour":1,"longitude":-93.173383,"takeoverPoints":185},"time":"2021-06-10T17:29:05+0000","type":"zone"},{"zone":{"dateCreated":"2021-06-10T17:28:22+0000","dateLastTaken":"0002-12-02T00:00:00+0000","latitude":44.893991,"name":"DrunkenHorse","id":427178,"totalTakeovers":0,"region":{"country":"us","name":"Minnesota","id":405},"pointsPerHour":1,"longitude":-93.187687,"takeoverPoints":185},"time":"2021-06-10T17:28:22+0000","type":"zone"},{"zone":{"dateCreated":"2021-06-10T17:27:15+0000","dateLastTaken":"0002-12-02T00:00:00+0000","latitude":44.899815,"name":"PissI","id":427177,"totalTakeovers":0,"region":{"country":"us","name":"Minnesota","id":405},"pointsPerHour":1,"longitude":-93.190056,"takeoverPoints":185},"time":"2021-06-10T17:27:15+0000","type":"zone"},{"zone":{"dateCreated":"2021-06-10T17:26:44+0000","dateLastTaken":"0002-12-02T00:00:00+0000","latitude":44.904062,"name":"RampUp","id":427176,"totalTakeovers":0,"region":{"country":"us","name":"Minnesota","id":405},"pointsPerHour":1,"longitude":-93.190064,"takeoverPoints":185},"time":"2021-06-10T17:26:44+0000","type":"zone"},{"zone":{"dateCreated":"2021-06-10T17:26:15+0000","dateLastTaken":"0002-12-02T00:00:00+0000","latitude":44.905083,"name":"NoveltyFalls","id":427175,"totalTakeovers":0,"region":{"country":"us","name":"Minnesota","id":405},"pointsPerHour":1,"longitude":-93.194921,"takeoverPoints":185},"time":"2021-06-10T17:26:15+0000","type":"zone"},{"zone":{"dateCreated":"2021-06-10T17:23:52+0000","dateLastTaken":"0002-12-02T00:00:00+0000","latitude":44.897108,"name":"HowLowCanUGo","id":427174,"totalTakeovers":0,"region":{"country":"us","name":"Minnesota","id":405},"pointsPerHour":1,"longitude":-93.186319,"takeoverPoints":185},"time":"2021-06-10T17:23:52+0000","type":"zone"},{"zone":{"dateCreated":"2021-06-10T17:22:33+0000","dateLastTaken":"0002-12-02T00:00:00+0000","latitude":44.892966,"name":"SmellySnelly","id":427173,"totalTakeovers":0,"region":{"country":"us","name":"Minnesota","id":405},"pointsPerHour":1,"longitude":-93.18265,"takeoverPoints":185},"time":"2021-06-10T17:22:33+0000","type":"zone"},{"zone":{"dateCreated":"2021-06-10T17:15:19+0000","dateLastTaken":"0002-12-02T00:00:00+0000","latitude":60.372289,"name":"Olsok","id":427172,"totalTakeovers":0,"region":{"country":"no","name":"Vestlandet","id":181},"pointsPerHour":1,"longitude":5.292772,"takeoverPoints":185},"time":"2021-06-10T17:15:19+0000","type":"zone"},{"zone":{"dateCreated":"2021-06-10T17:14:31+0000","dateLastTaken":"0002-12-02T00:00:00+0000","latitude":60.380642,"name":"Småpudden","id":427171,"totalTakeovers":0,"region":{"country":"no","name":"Vestlandet","id":181},"pointsPerHour":1,"longitude":5.325524,"takeoverPoints":185},"time":"2021-06-10T17:14:31+0000","type":"zone"},{"zone":{"dateCreated":"2021-06-10T17:13:48+0000","dateLastTaken":"0002-12-02T00:00:00+0000","latitude":60.382418,"name":"Cornerkaffe","id":427170,"totalTakeovers":0,"region":{"country":"no","name":"Vestlandet","id":181},"pointsPerHour":1,"longitude":5.325844,"takeoverPoints":185},"time":"2021-06-10T17:13:48+0000","type":"zone"},{"zone":{"dateCreated":"2021-06-10T17:12:12+0000","dateLastTaken":"0002-12-02T00:00:00+0000","latitude":60.416939,"name":"Sandviksbatt","id":427169,"totalTakeovers":0,"region":{"country":"no","name":"Vestlandet","id":181},"pointsPerHour":1,"longitude":5.321271,"takeoverPoints":185},"time":"2021-06-10T17:12:12+0000","type":"zone"},{"zone":{"dateCreated":"2021-06-10T17:10:54+0000","dateLastTaken":"0002-12-02T00:00:00+0000","latitude":60.405866,"name":"Blåmanen","id":427168,"totalTakeovers":0,"region":{"country":"no","name":"Vestlandet","id":181},"pointsPerHour":1,"longitude":5.364299,"takeoverPoints":185},"time":"2021-06-10T17:10:54+0000","type":"zone"},{"zone":{"dateCreated":"2021-06-10T17:09:16+0000","dateLastTaken":"0002-12-02T00:00:00+0000","latitude":60.39802,"name":"Fløyvarden","id":427167,"totalTakeovers":0,"region":{"country":"no","name":"Vestlandet","id":181},"pointsPerHour":1,"longitude":5.344703,"takeoverPoints":185},"time":"2021-06-10T17:09:16+0000","type":"zone"},{"zone":{"dateCreated":"2021-06-10T17:07:29+0000","dateLastTaken":"0002-12-02T00:00:00+0000","latitude":60.391909,"name":"GoHurtigruten","id":427166,"totalTakeovers":0,"region":{"country":"no","name":"Vestlandet","id":181},"pointsPerHour":1,"longitude":5.311992,"takeoverPoints":185},"time":"2021-06-10T17:07:29+0000","type":"zone"},{"zone":{"dateCreated":"2021-06-10T15:30:00+0000","dateLastTaken":"0002-12-02T00:00:00+0000","latitude":55.554033,"name":"BillyBurger","id":424278,"totalTakeovers":0,"region":{"country":"se","name":"Skåne","id":135},"pointsPerHour":5,"longitude":12.98277,"takeoverPoints":125},"time":"2021-06-10T15:30:00+0000","type":"zone"},{"zone":{"dateCreated":"2021-06-10T15:30:00+0000","dateLastTaken":"0002-12-02T00:00:00+0000","latitude":55.550134,"name":"BabyMaybe","id":424277,"totalTakeovers":0,"region":{"country":"se","name":"Skåne","id":135},"pointsPerHour":5,"longitude":12.985875,"takeoverPoints":125},"time":"2021-06-10T15:30:00+0000","type":"zone"},{"zone":{"dateCreated":"2021-06-10T15:06:53+0000","dateLastTaken":"0002-12-02T00:00:00+0000","latitude":50.97228,"name":"Eckewart","id":427165,"totalTakeovers":0,"region":{"country":"de","name":"Nordrhein-Westfalen","id":445},"pointsPerHour":1,"longitude":6.948842,"takeoverPoints":185},"time":"2021-06-10T15:06:53+0000","type":"zone"},{"zone":{"dateCreated":"2021-06-10T15:04:56+0000","dateLastTaken":"0002-12-02T00:00:00+0000","latitude":50.971298,"name":"ToniSteingass","id":427164,"totalTakeovers":0,"region":{"country":"de","name":"Nordrhein-Westfalen","id":445},"pointsPerHour":1,"longitude":6.956356,"takeoverPoints":185},"time":"2021-06-10T15:04:56+0000","type":"zone"},{"zone":{"dateCreated":"2021-06-10T15:03:01+0000","dateLastTaken":"0002-12-02T00:00:00+0000","latitude":50.965981,"name":"Josefine","id":427163,"totalTakeovers":0,"region":{"country":"de","name":"Nordrhein-Westfalen","id":445},"pointsPerHour":2,"longitude":6.961024,"takeoverPoints":170},"time":"2021-06-10T15:03:01+0000","type":"zone"},{"zone":{"dateCreated":"2021-06-10T12:55:36+0000","dateLastTaken":"0002-12-02T00:00:00+0000","latitude":59.523962,"name":"LagensMän","id":409529,"totalTakeovers":0,"region":{"country":"se","name":"Stockholm","id":141},"pointsPerHour":3,"longitude":17.893166,"takeoverPoints":155},"time":"2021-06-10T12:55:36+0000","type":"zone"},{"zone":{"dateCreated":"2021-06-10T12:00:00+0000","dateLastTaken":"0002-12-02T00:00:00+0000","latitude":65.817326,"name":"Naturstig17","id":424999,"totalTakeovers":0,"region":{"country":"se","name":"Norrbotten","id":126},"pointsPerHour":1,"longitude":24.122555,"takeoverPoints":185},"time":"2021-06-10T12:00:00+0000","type":"zone"},{"zone":{"dateCreated":"2021-06-10T12:00:00+0000","dateLastTaken":"0002-12-02T00:00:00+0000","latitude":65.800632,"name":"GamlaUthamnen","id":425001,"totalTakeovers":0,"region":{"country":"se","name":"Norrbotten","id":126},"pointsPerHour":1,"longitude":24.015775,"takeoverPoints":185},"time":"2021-06-10T12:00:00+0000","type":"zone"},{"zone":{"dateCreated":"2021-06-10T12:00:00+0000","dateLastTaken":"0002-12-02T00:00:00+0000","latitude":65.817087,"name":"Riekkola","id":425000,"totalTakeovers":0,"region":{"country":"se","name":"Norrbotten","id":126},"pointsPerHour":1,"longitude":24.132828,"takeoverPoints":185},"time":"2021-06-10T12:00:00+0000","type":"zone"},{"zone":{"dateCreated":"2021-06-10T10:00:00+0000","dateLastTaken":"0002-12-02T00:00:00+0000","latitude":60.459166,"name":"MotSmäcken","id":418947,"totalTakeovers":0,"region":{"country":"se","name":"Dalarna","id":129},"pointsPerHour":2,"longitude":15.460208,"takeoverPoints":170},"time":"2021-06-10T10:00:00+0000","type":"zone"},{"zone":{"dateCreated":"2021-06-10T10:00:00+0000","dateLastTaken":"0002-12-02T00:00:00+0000","latitude":60.54223,"name":"BroTillHolmen","id":418977,"totalTakeovers":0,"region":{"country":"se","name":"Dalarna","id":129},"pointsPerHour":1,"longitude":15.407126,"takeoverPoints":185},"time":"2021-06-10T10:00:00+0000","type":"zone"},{"zone":{"dateCreated":"2021-06-10T10:00:00+0000","dateLastTaken":"0002-12-02T00:00:00+0000","latitude":60.521915,"name":"Amsbergsbanan","id":418964,"totalTakeovers":0,"region":{"country":"se","name":"Dalarna","id":129},"pointsPerHour":1,"longitude":15.361043,"takeoverPoints":185},"time":"2021-06-10T10:00:00+0000","type":"zone"},{"zone":{"dateCreated":"2021-06-10T10:00:00+0000","dateLastTaken":"0002-12-02T00:00:00+0000","latitude":59.672233,"name":"Kungssvängen","id":423818,"totalTakeovers":0,"region":{"country":"se","name":"Värmland","id":130},"pointsPerHour":1,"longitude":12.607878,"takeoverPoints":185},"time":"2021-06-10T10:00:00+0000","type":"zone"},{"zone":{"dateCreated":"2021-06-10T10:00:00+0000","dateLastTaken":"0002-12-02T00:00:00+0000","latitude":58.69674,"name":"Marieforsled","id":419035,"totalTakeovers":0,"region":{"country":"se","name":"Västra Götaland","id":132},"pointsPerHour":1,"longitude":13.855302,"takeoverPoints":185},"time":"2021-06-10T10:00:00+0000","type":"zone"},{"zone":{"dateCreated":"2021-06-10T10:00:00+0000","dateLastTaken":"0002-12-02T00:00:00+0000","latitude":59.679463,"name":"Djupdalsleden","id":423817,"totalTakeovers":0,"region":{"country":"se","name":"Värmland","id":130},"pointsPerHour":1,"longitude":12.715359,"takeoverPoints":185},"time":"2021-06-10T10:00:00+0000","type":"zone"},{"zone":{"dateCreated":"2021-06-10T10:00:00+0000","dateLastTaken":"0002-12-02T00:00:00+0000","latitude":56.295487,"name":"BarkåkraKyrka","id":419030,"totalTakeovers":0,"region":{"country":"se","name":"Skåne","id":135},"pointsPerHour":1,"longitude":12.834705,"takeoverPoints":185},"time":"2021-06-10T10:00:00+0000","type":"zone"},{"zone":{"dateCreated":"2021-06-10T10:00:00+0000","dateLastTaken":"0002-12-02T00:00:00+0000","latitude":58.717735,"name":"Gnejsskogen","id":419033,"totalTakeovers":0,"region":{"country":"se","name":"Västra Götaland","id":132},"pointsPerHour":1,"longitude":13.849835,"takeoverPoints":185},"time":"2021-06-10T10:00:00+0000","type":"zone"},{"zone":{"dateCreated":"2021-06-10T07:00:00+0000","dateLastTaken":"0002-12-02T00:00:00+0000","latitude":53.109193,"name":"FarmRoaches","id":422240,"totalTakeovers":0,"region":{"country":"gb","name":"West Midlands","id":208},"pointsPerHour":1,"longitude":-2.182776,"takeoverPoints":185},"time":"2021-06-10T07:00:00+0000","type":"zone"},{"zone":{"dateCreated":"2021-06-10T07:00:00+0000","dateLastTaken":"0002-12-02T00:00:00+0000","latitude":53.118761,"name":"LawtonMoor","id":422245,"totalTakeovers":0,"region":{"country":"gb","name":"West Midlands","id":208},"pointsPerHour":1,"longitude":-2.170771,"takeoverPoints":185},"time":"2021-06-10T07:00:00+0000","type":"zone"},{"zone":{"dateCreated":"2021-06-10T07:00:00+0000","dateLastTaken":"0002-12-02T00:00:00+0000","latitude":53.114917,"name":"RustInHell","id":422241,"totalTakeovers":0,"region":{"country":"gb","name":"West Midlands","id":208},"pointsPerHour":1,"longitude":-2.183545,"takeoverPoints":185},"time":"2021-06-10T07:00:00+0000","type":"zone"},{"zone":{"dateCreated":"2021-06-10T07:00:00+0000","dateLastTaken":"0002-12-02T00:00:00+0000","latitude":53.100316,"name":"CycleBell","id":422238,"totalTakeovers":0,"region":{"country":"gb","name":"West Midlands","id":208},"pointsPerHour":1,"longitude":-2.183263,"takeoverPoints":185},"time":"2021-06-10T07:00:00+0000","type":"zone"},{"zone":{"dateCreated":"2021-06-10T07:00:00+0000","dateLastTaken":"0002-12-02T00:00:00+0000","latitude":53.104609,"name":"WelshArea","id":422248,"totalTakeovers":0,"region":{"country":"gb","name":"West Midlands","id":208},"pointsPerHour":1,"longitude":-2.174591,"takeoverPoints":185},"time":"2021-06-10T07:00:00+0000","type":"zone"},{"zone":{"dateCreated":"2021-06-10T07:00:00+0000","dateLastTaken":"0002-12-02T00:00:00+0000","latitude":53.105063,"name":"RustyCars","id":422239,"totalTakeovers":0,"region":{"country":"gb","name":"West Midlands","id":208},"pointsPerHour":1,"longitude":-2.183059,"takeoverPoints":185},"time":"2021-06-10T07:00:00+0000","type":"zone"},{"zone":{"dateCreated":"2021-06-10T07:00:00+0000","dateLastTaken":"0002-12-02T00:00:00+0000","latitude":53.107338,"name":"SquirrelHayes","id":422249,"totalTakeovers":0,"region":{"country":"gb","name":"West Midlands","id":208},"pointsPerHour":1,"longitude":-2.164236,"takeoverPoints":185},"time":"2021-06-10T07:00:00+0000","type":"zone"},{"zone":{"dateCreated":"2021-06-10T07:00:00+0000","dateLastTaken":"0002-12-02T00:00:00+0000","latitude":53.101008,"name":"MillHayesRoad","id":422247,"totalTakeovers":0,"region":{"country":"gb","name":"West Midlands","id":208},"pointsPerHour":1,"longitude":-2.173443,"takeoverPoints":185},"time":"2021-06-10T07:00:00+0000","type":"zone"},{"zone":{"dateCreated":"2021-06-10T07:00:00+0000","dateLastTaken":"0002-12-02T00:00:00+0000","latitude":53.092357,"name":"NoBullsHere","id":422236,"totalTakeovers":0,"region":{"country":"gb","name":"West Midlands","id":208},"pointsPerHour":1,"longitude":-2.183299,"takeoverPoints":185},"time":"2021-06-10T07:00:00+0000","type":"zone"},{"zone":{"dateCreated":"2021-06-10T07:00:00+0000","dateLastTaken":"0002-12-02T00:00:00+0000","latitude":53.117811,"name":"BiddulphWar","id":422244,"totalTakeovers":0,"region":{"country":"gb","name":"West Midlands","id":208},"pointsPerHour":1,"longitude":-2.174234,"takeoverPoints":185},"time":"2021-06-10T07:00:00+0000","type":"zone"},{"zone":{"dateCreated":"2021-06-10T07:00:00+0000","dateLastTaken":"0002-12-02T00:00:00+0000","latitude":53.118205,"name":"RefuelNearby","id":422243,"totalTakeovers":0,"region":{"country":"gb","name":"West Midlands","id":208},"pointsPerHour":1,"longitude":-2.179266,"takeoverPoints":185},"time":"2021-06-10T07:00:00+0000","type":"zone"},{"zone":{"dateCreated":"2021-06-10T07:00:00+0000","dateLastTaken":"0002-12-02T00:00:00+0000","latitude":53.096599,"name":"QuickPhotos","id":422237,"totalTakeovers":0,"region":{"country":"gb","name":"West Midlands","id":208},"pointsPerHour":1,"longitude":-2.184706,"takeoverPoints":185},"time":"2021-06-10T07:00:00+0000","type":"zone"},{"zone":{"dateCreated":"2021-06-10T07:00:00+0000","dateLastTaken":"0002-12-02T00:00:00+0000","latitude":53.11246,"name":"BiddulphBloom","id":422246,"totalTakeovers":0,"region":{"country":"gb","name":"West Midlands","id":208},"pointsPerHour":1,"longitude":-2.163103,"takeoverPoints":185},"time":"2021-06-10T07:00:00+0000","type":"zone"},{"zone":{"dateCreated":"2021-06-09T22:51:28+0000","dateLastTaken":"0002-12-02T00:00:00+0000","latitude":59.92766,"name":"GunnarAtFlua","id":427122,"totalTakeovers":0,"region":{"country":"no","name":"Østlandet","id":179},"pointsPerHour":1,"longitude":10.732326,"takeoverPoints":185},"time":"2021-06-09T22:51:28+0000","type":"zone"},{"zone":{"dateCreated":"2021-06-09T22:45:20+0000","dateLastTaken":"0002-12-02T00:00:00+0000","latitude":52.234201,"name":"Eiland4","id":427121,"totalTakeovers":0,"region":{"country":"nl","name":"Utrecht","id":95},"pointsPerHour":1,"longitude":4.959556,"takeoverPoints":185},"time":"2021-06-09T22:45:20+0000","type":"zone"}]