[{"zone":{"previousOwner":{"name":"Tok-En","id":297531},"dateCreated":"2018-09-01T06:00:00+0000","dateLastTaken":"2021-06-10T21:59:49+0000","latitude":55.598489,"currentOwner":{"name":"Jonte67","id":284492},"name":"TMC","id":152236,"totalTakeovers":1633,"region":{"country":"se","name":"Skåne","id":135},"pointsPerHour":5,"longitude":12.948595,"takeoverPoints":125},"latitude":55.598489,"currentOwner":{"name":"Jonte67","id":284492},"time":"2021-06-10T21:59:49+0000","type":"takeover","longitude":12.948595},{"zone":{"previousOwner":{"name":"Zoke","id":242075},"dateCreated":"2014-05-17T10:32:07+0000","dateLastTaken":"2021-06-10T21:59:49+0000","latitude":58.38709,"currentOwner":{"name":"stinabus","id":93156},"name":"Ekhaga","id":29388,"totalTakeovers":8488,"region":{"country":"se","name":"Östergötland","id":139},"pointsPerHour":7,"longitude":15.676888,"takeoverPoints":95},"latitude":58.38709,"currentOwner":{"name":"stinabus","id":93156},"time":"2021-06-10T21:59:49+0000","type":"takeover","longitude":15.676888},{"zone":{"previousOwner":{"name":"magikmama","id":304387},"dateLastTaken":"2021-06-10T21:59:42+0000","latitude":44.96881,"totalTakeovers":27,"pointsPerHour":1,"takeoverPoints":185,"dateCreated":"2021-04-10T18:36:11+0000","currentOwner":{"name":"Bstat","id":303529},"name":"HamlineTrain","id":396940,"region":{"country":"us","name":"Minnesota","id":405},"longitude":-93.156826},"latitude":44.96881,"currentOwner":{"name":"Bstat","id":303529},"time":"2021-06-10T21:59:42+0000","type":"takeover","longitude":-93.156826},{"zone":{"dateCreated":"2021-04-23T18:50:31+0000","dateLastTaken":"2021-06-10T21:59:42+0000","latitude":44.914459,"currentOwner":{"name":"Tinman","id":324199},"name":"LookAtFord","id":403528,"totalTakeovers":11,"region":{"country":"us","name":"Minnesota","id":405},"pointsPerHour":1,"longitude":-93.198412,"takeoverPoints":185},"latitude":44.914459,"currentOwner":{"name":"Tinman","id":324199},"time":"2021-06-10T21:59:42+0000","type":"takeover","longitude":-93.198412},{"zone":{"previousOwner":{"name":"N3K","id":75709},"dateCreated":"2017-04-10T10:39:00+0000","dateLastTaken":"2021-06-10T21:59:40+0000","latitude":59.485998,"currentOwner":{"name":"SUPERIOЯ","id":122085},"name":"Kritat","id":97979,"totalTakeovers":1567,"region":{"country":"se","name":"Stockholm","id":141},"pointsPerHour":4,"longitude":17.726229,"takeoverPoints":140},"latitude":59.485998,"currentOwner":{"name":"SUPERIOЯ","id":122085},"time":"2021-06-10T21:59:40+0000","type":"takeover","longitude":17.726229},{"zone":{"previousOwner":{"name":"Promenada","id":17576},"dateCreated":"2017-02-25T15:00:00+0000","dateLastTaken":"2021-06-10T21:59:35+0000","latitude":64.829911,"currentOwner":{"name":"Dusty","id":7188},"name":"Blåviksjön","id":94780,"totalTakeovers":479,"region":{"country":"se","name":"Västerbotten","id":127},"pointsPerHour":2,"longitude":18.034513,"takeoverPoints":170},"latitude":64.829911,"currentOwner":{"name":"Dusty","id":7188},"time":"2021-06-10T21:59:35+0000","type":"takeover","longitude":18.034513},{"zone":{"previousOwner":{"name":"castledweller","id":313087},"dateCreated":"2021-01-04T11:18:37+0000","dateLastTaken":"2021-06-10T21:59:35+0000","latitude":56.161178,"currentOwner":{"name":"devongrove","id":303727},"name":"NotAndy","id":361768,"totalTakeovers":181,"region":{"country":"gb","name":"Scotland","id":200},"pointsPerHour":3,"longitude":-3.685105,"takeoverPoints":155},"latitude":56.161178,"currentOwner":{"name":"devongrove","id":303727},"time":"2021-06-10T21:59:35+0000","type":"takeover","longitude":-3.685105},{"zone":{"previousOwner":{"name":"Corellian","id":264701},"dateCreated":"2014-09-02T08:52:25+0000","dateLastTaken":"2021-06-10T21:59:32+0000","latitude":60.118775,"currentOwner":{"name":"Slayerrr","id":108878},"name":"Apalängen","id":34129,"totalTakeovers":7792,"region":{"country":"fi","name":"Åland","id":177},"pointsPerHour":7,"longitude":19.930841,"takeoverPoints":95},"latitude":60.118775,"currentOwner":{"name":"Slayerrr","id":108878},"time":"2021-06-10T21:59:32+0000","type":"takeover","longitude":19.930841},{"zone":{"previousOwner":{"name":"ViRry","id":332219},"dateCreated":"2011-09-15T10:00:00+0000","dateLastTaken":"2021-06-10T21:59:30+0000","latitude":59.336999,"currentOwner":{"name":"Dheri","id":13482},"name":"Nobelhallen","id":3476,"totalTakeovers":11132,"region":{"country":"se","name":"Örebro","id":131},"pointsPerHour":7,"longitude":14.520504,"takeoverPoints":95},"latitude":59.336999,"currentOwner":{"name":"Dheri","id":13482},"time":"2021-06-10T21:59:30+0000","type":"takeover","longitude":14.520504},{"zone":{"previousOwner":{"name":"Clipperton","id":161073},"dateCreated":"2019-11-18T09:12:10+0000","dateLastTaken":"2021-06-10T21:59:18+0000","latitude":65.60524,"currentOwner":{"name":"grock","id":189790},"name":"SpilldMjölk","id":223158,"totalTakeovers":985,"region":{"country":"se","name":"Norrbotten","id":126},"pointsPerHour":5,"longitude":22.151729,"takeoverPoints":125},"latitude":65.60524,"currentOwner":{"name":"grock","id":189790},"time":"2021-06-10T21:59:18+0000","type":"takeover","longitude":22.151729},{"zone":{"previousOwner":{"name":"Gotjan","id":185926},"dateCreated":"2018-06-11T07:00:00+0000","dateLastTaken":"2021-06-10T21:59:17+0000","latitude":59.434476,"currentOwner":{"name":"HeyJune!","id":254091},"name":"BlåExtra","id":153678,"totalTakeovers":481,"region":{"country":"se","name":"Stockholm","id":141},"pointsPerHour":3,"longitude":18.099728,"takeoverPoints":155},"latitude":59.434476,"currentOwner":{"name":"HeyJune!","id":254091},"time":"2021-06-10T21:59:17+0000","type":"takeover","longitude":18.099728},{"zone":{"previousOwner":{"name":"kjtindall","id":292775},"dateCreated":"2020-08-27T16:00:00+0000","dateLastTaken":"2021-06-10T21:58:59+0000","latitude":55.880285,"currentOwner":{"name":"StobDubh","id":302008},"name":"HarlawHeights","id":321048,"totalTakeovers":223,"region":{"country":"gb","name":"Scotland","id":200},"pointsPerHour":3,"longitude":-3.334076,"takeoverPoints":155},"latitude":55.880285,"currentOwner":{"name":"StobDubh","id":302008},"time":"2021-06-10T21:58:59+0000","type":"takeover","longitude":-3.334076},{"zone":{"previousOwner":{"name":"Digaracing","id":45271},"dateCreated":"2016-09-30T12:08:54+0000","dateLastTaken":"2021-06-10T21:58:56+0000","latitude":57.668291,"currentOwner":{"name":"Movemania","id":22813},"name":"EnEllerZäta","id":85754,"totalTakeovers":4478,"region":{"country":"se","name":"Västra Götaland","id":132},"pointsPerHour":7,"longitude":12.01104,"takeoverPoints":95},"latitude":57.668291,"currentOwner":{"name":"Movemania","id":22813},"time":"2021-06-10T21:58:56+0000","type":"takeover","longitude":12.01104},{"zone":{"previousOwner":{"name":"Tok-En","id":297531},"dateCreated":"2014-04-28T08:00:16+0000","dateLastTaken":"2021-06-10T21:58:41+0000","latitude":55.596478,"currentOwner":{"name":"Jonte67","id":284492},"name":"AthleteArea","id":28628,"totalTakeovers":4272,"region":{"country":"se","name":"Skåne","id":135},"pointsPerHour":6,"longitude":12.949198,"takeoverPoints":110},"latitude":55.596478,"currentOwner":{"name":"Jonte67","id":284492},"time":"2021-06-10T21:58:41+0000","type":"takeover","longitude":12.949198},{"zone":{"previousOwner":{"name":"Xtrmrunner","id":305266},"dateCreated":"2021-05-19T16:57:12+0000","dateLastTaken":"2021-06-10T21:58:40+0000","latitude":60.473875,"currentOwner":{"name":"Welshman","id":305225},"name":"MellanÅkrarna","id":412961,"totalTakeovers":22,"region":{"country":"fi","name":"Lounais-Suomi","id":184},"pointsPerHour":1,"longitude":22.351307,"takeoverPoints":185},"latitude":60.473875,"currentOwner":{"name":"Welshman","id":305225},"time":"2021-06-10T21:58:40+0000","type":"takeover","longitude":22.351307},{"zone":{"previousOwner":{"name":"Dheri","id":13482},"dateCreated":"2017-03-18T07:00:00+0000","dateLastTaken":"2021-06-10T21:58:27+0000","latitude":59.331319,"currentOwner":{"name":"ViRry","id":332219},"name":"KamratSåning","id":95810,"totalTakeovers":4912,"region":{"country":"se","name":"Örebro","id":131},"pointsPerHour":6,"longitude":14.500309,"takeoverPoints":110},"latitude":59.331319,"currentOwner":{"name":"ViRry","id":332219},"time":"2021-06-10T21:58:27+0000","type":"takeover","longitude":14.500309},{"zone":{"previousOwner":{"name":"N3K","id":75709},"dateCreated":"2014-02-28T18:43:19+0000","dateLastTaken":"2021-06-10T21:58:21+0000","latitude":59.487215,"currentOwner":{"name":"SUPERIOЯ","id":122085},"name":"Hjortronet","id":26167,"totalTakeovers":2717,"region":{"country":"se","name":"Stockholm","id":141},"pointsPerHour":4,"longitude":17.728895,"takeoverPoints":140},"latitude":59.487215,"currentOwner":{"name":"SUPERIOЯ","id":122085},"time":"2021-06-10T21:58:21+0000","type":"takeover","longitude":17.728895},{"zone":{"previousOwner":{"name":"Tompaj","id":74138},"dateCreated":"2018-10-15T20:02:59+0000","dateLastTaken":"2021-06-10T21:58:13+0000","latitude":60.117344,"currentOwner":{"name":"Slayerrr","id":108878},"name":"Gullåsen","id":176154,"totalTakeovers":4828,"region":{"country":"fi","name":"Åland","id":177},"pointsPerHour":7,"longitude":19.934302,"takeoverPoints":95},"latitude":60.117344,"currentOwner":{"name":"Slayerrr","id":108878},"time":"2021-06-10T21:58:13+0000","type":"takeover","longitude":19.934302},{"zone":{"previousOwner":{"name":"ViRry","id":332219},"dateCreated":"2016-11-29T11:42:36+0000","dateLastTaken":"2021-06-10T21:57:58+0000","latitude":59.336254,"currentOwner":{"name":"Dheri","id":13482},"name":"Nobelstadion","id":92200,"totalTakeovers":6683,"region":{"country":"se","name":"Örebro","id":131},"pointsPerHour":7,"longitude":14.525507,"takeoverPoints":95},"latitude":59.336254,"currentOwner":{"name":"Dheri","id":13482},"time":"2021-06-10T21:57:58+0000","type":"takeover","longitude":14.525507},{"zone":{"previousOwner":{"name":"LindaP73","id":254776},"dateCreated":"2014-05-17T10:30:11+0000","dateLastTaken":"2021-06-10T21:57:49+0000","latitude":58.384483,"currentOwner":{"name":"stinabus","id":93156},"name":"Järdala","id":29386,"totalTakeovers":11403,"region":{"country":"se","name":"Östergötland","id":139},"pointsPerHour":7,"longitude":15.675315,"takeoverPoints":95},"latitude":58.384483,"currentOwner":{"name":"stinabus","id":93156},"time":"2021-06-10T21:57:49+0000","type":"takeover","longitude":15.675315},{"zone":{"previousOwner":{"name":"castledweller","id":313087},"dateCreated":"2021-01-04T11:18:03+0000","dateLastTaken":"2021-06-10T21:57:44+0000","latitude":56.160719,"currentOwner":{"name":"devongrove","id":303727},"name":"DevonWalker","id":361767,"totalTakeovers":215,"region":{"country":"gb","name":"Scotland","id":200},"pointsPerHour":3,"longitude":-3.674371,"takeoverPoints":155},"latitude":56.160719,"currentOwner":{"name":"devongrove","id":303727},"time":"2021-06-10T21:57:44+0000","type":"takeover","longitude":-3.674371},{"zone":{"previousOwner":{"name":"Xtrmrunner","id":305266},"dateCreated":"2021-05-19T17:21:12+0000","dateLastTaken":"2021-06-10T21:57:44+0000","latitude":60.472949,"currentOwner":{"name":"Welshman","id":305225},"name":"EnnenSiltaa","id":412965,"totalTakeovers":22,"region":{"country":"fi","name":"Lounais-Suomi","id":184},"pointsPerHour":1,"longitude":22.355858,"takeoverPoints":185},"latitude":60.472949,"currentOwner":{"name":"Welshman","id":305225},"time":"2021-06-10T21:57:44+0000","type":"takeover","longitude":22.355858},{"zone":{"previousOwner":{"name":"Clipperton","id":161073},"dateCreated":"2014-07-15T01:35:52+0000","dateLastTaken":"2021-06-10T21:57:33+0000","latitude":65.602159,"currentOwner":{"name":"grock","id":189790},"name":"Lingonberry","id":32454,"totalTakeovers":4836,"region":{"country":"se","name":"Norrbotten","id":126},"pointsPerHour":6,"longitude":22.153711,"takeoverPoints":110},"latitude":65.602159,"currentOwner":{"name":"grock","id":189790},"time":"2021-06-10T21:57:33+0000","type":"takeover","longitude":22.153711},{"zone":{"previousOwner":{"name":"Vargen12","id":241798},"dateCreated":"2012-01-16T21:08:46+0000","dateLastTaken":"2021-06-10T21:57:31+0000","latitude":59.842889,"currentOwner":{"name":"Zacly","id":327470},"name":"WatchOut","id":5970,"totalTakeovers":4694,"region":{"country":"se","name":"Uppsala","id":142},"pointsPerHour":6,"longitude":17.599201,"takeoverPoints":110},"latitude":59.842889,"currentOwner":{"name":"Zacly","id":327470},"time":"2021-06-10T21:57:31+0000","type":"takeover","longitude":17.599201},{"zone":{"previousOwner":{"name":"BonneLouise","id":297974},"dateCreated":"2010-09-04T14:41:37+0000","dateLastTaken":"2021-06-10T21:57:27+0000","latitude":59.259658,"currentOwner":{"name":"Momats","id":188226},"name":"DalePark","id":731,"totalTakeovers":10852,"region":{"country":"se","name":"Örebro","id":131},"pointsPerHour":7,"longitude":15.229978,"takeoverPoints":95},"latitude":59.259658,"currentOwner":{"name":"Momats","id":188226},"time":"2021-06-10T21:57:27+0000","type":"takeover","longitude":15.229978},{"zone":{"previousOwner":{"name":"N3K","id":75709},"dateCreated":"2016-08-01T15:00:00+0000","dateLastTaken":"2021-06-10T21:57:14+0000","latitude":59.488281,"currentOwner":{"name":"SUPERIOЯ","id":122085},"name":"Ortoklas","id":80102,"totalTakeovers":1596,"region":{"country":"se","name":"Stockholm","id":141},"pointsPerHour":4,"longitude":17.722889,"takeoverPoints":140},"latitude":59.488281,"currentOwner":{"name":"SUPERIOЯ","id":122085},"time":"2021-06-10T21:57:14+0000","type":"takeover","longitude":17.722889},{"zone":{"previousOwner":{"name":"Silla","id":114352},"dateCreated":"2011-08-21T18:32:43+0000","dateLastTaken":"2021-06-10T21:57:06+0000","latitude":67.875639,"currentOwner":{"name":"s73686","id":327692},"name":"Kirtop","id":2800,"totalTakeovers":175,"region":{"country":"se","name":"Norrbotten","id":126},"pointsPerHour":1,"longitude":20.222597,"takeoverPoints":185},"latitude":67.875639,"currentOwner":{"name":"s73686","id":327692},"time":"2021-06-10T21:57:06+0000","type":"takeover","longitude":20.222597},{"zone":{"previousOwner":{"name":"Polle-Pedit","id":159903},"dateLastTaken":"2021-06-10T21:56:56+0000","latitude":59.333404,"totalTakeovers":5907,"pointsPerHour":7,"takeoverPoints":95,"dateCreated":"2011-04-13T14:17:50+0000","currentOwner":{"name":"Nachtgeist","id":325908},"name":"Traneberg","id":1625,"region":{"country":"se","name":"Stockholm","id":141},"longitude":17.995108},"latitude":59.333404,"currentOwner":{"name":"Nachtgeist","id":325908},"time":"2021-06-10T21:56:56+0000","type":"takeover","longitude":17.995108},{"zone":{"previousOwner":{"name":"pulvermos","id":12520},"dateCreated":"2014-11-29T22:20:08+0000","dateLastTaken":"2021-06-10T21:56:56+0000","latitude":67.838678,"currentOwner":{"name":"TommyH","id":264839},"name":"Brushwood","id":42329,"totalTakeovers":391,"region":{"country":"se","name":"Norrbotten","id":126},"pointsPerHour":2,"longitude":20.272675,"takeoverPoints":170},"latitude":67.838678,"currentOwner":{"name":"TommyH","id":264839},"time":"2021-06-10T21:56:56+0000","type":"takeover","longitude":20.272675},{"zone":{"previousOwner":{"name":"castledweller","id":313087},"dateCreated":"2020-12-28T21:01:35+0000","dateLastTaken":"2021-06-10T21:56:49+0000","latitude":56.159769,"currentOwner":{"name":"devongrove","id":303727},"name":"DevonWay","id":359927,"totalTakeovers":233,"region":{"country":"gb","name":"Scotland","id":200},"pointsPerHour":3,"longitude":-3.670377,"takeoverPoints":155},"latitude":56.159769,"currentOwner":{"name":"devongrove","id":303727},"time":"2021-06-10T21:56:49+0000","type":"takeover","longitude":-3.670377},{"zone":{"previousOwner":{"name":"Bizkit","id":144770},"dateCreated":"2012-12-24T11:00:00+0000","dateLastTaken":"2021-06-10T21:56:45+0000","latitude":59.458306,"currentOwner":{"name":"Aicar","id":74956},"name":"Norrvikståget","id":12425,"totalTakeovers":10089,"region":{"country":"se","name":"Stockholm","id":141},"pointsPerHour":7,"longitude":17.924458,"takeoverPoints":95},"latitude":59.458306,"currentOwner":{"name":"Aicar","id":74956},"time":"2021-06-10T21:56:45+0000","type":"takeover","longitude":17.924458},{"zone":{"previousOwner":{"name":"ViRry","id":332219},"dateCreated":"2016-08-24T03:00:00+0000","dateLastTaken":"2021-06-10T21:56:35+0000","latitude":59.334519,"currentOwner":{"name":"Dheri","id":13482},"name":"Bergsman","id":80633,"totalTakeovers":7843,"region":{"country":"se","name":"Örebro","id":131},"pointsPerHour":7,"longitude":14.527135,"takeoverPoints":95},"latitude":59.334519,"currentOwner":{"name":"Dheri","id":13482},"time":"2021-06-10T21:56:35+0000","type":"takeover","longitude":14.527135},{"zone":{"previousOwner":{"name":"ELOsheila","id":296475},"dateCreated":"2020-08-24T10:00:00+0000","dateLastTaken":"2021-06-10T21:56:26+0000","latitude":55.949027,"currentOwner":{"name":"AROS-KS","id":297609},"name":"Bankpark","id":320882,"totalTakeovers":266,"region":{"country":"gb","name":"Scotland","id":200},"pointsPerHour":3,"longitude":-2.962105,"takeoverPoints":155},"latitude":55.949027,"currentOwner":{"name":"AROS-KS","id":297609},"time":"2021-06-10T21:56:26+0000","type":"takeover","longitude":-2.962105},{"zone":{"previousOwner":{"name":"Marpii2004","id":265339},"dateCreated":"2012-03-20T22:55:06+0000","dateLastTaken":"2021-06-10T21:56:25+0000","latitude":60.114586,"currentOwner":{"name":"Slayerrr","id":108878},"name":"Mariehamn112","id":7192,"totalTakeovers":14963,"region":{"country":"fi","name":"Åland","id":177},"pointsPerHour":8,"longitude":19.934792,"takeoverPoints":80},"latitude":60.114586,"currentOwner":{"name":"Slayerrr","id":108878},"time":"2021-06-10T21:56:25+0000","type":"takeover","longitude":19.934792},{"zone":{"previousOwner":{"name":"BonneLouise","id":297974},"dateCreated":"2015-12-24T13:00:00+0000","dateLastTaken":"2021-06-10T21:56:09+0000","latitude":59.258912,"currentOwner":{"name":"Momats","id":188226},"name":"SandStreet","id":62217,"totalTakeovers":8599,"region":{"country":"se","name":"Örebro","id":131},"pointsPerHour":7,"longitude":15.225507,"takeoverPoints":95},"latitude":59.258912,"currentOwner":{"name":"Momats","id":188226},"time":"2021-06-10T21:56:09+0000","type":"takeover","longitude":15.225507},{"zone":{"previousOwner":{"name":"immi","id":193940},"dateCreated":"2011-12-01T16:51:27+0000","dateLastTaken":"2021-06-10T21:55:59+0000","latitude":59.328776,"currentOwner":{"name":"ViRry","id":332219},"name":"FrödingPark","id":5313,"totalTakeovers":9330,"region":{"country":"se","name":"Örebro","id":131},"pointsPerHour":6,"longitude":14.50012,"takeoverPoints":110},"latitude":59.328776,"currentOwner":{"name":"ViRry","id":332219},"time":"2021-06-10T21:55:59+0000","type":"takeover","longitude":14.50012},{"zone":{"previousOwner":{"name":"castledweller","id":313087},"dateLastTaken":"2021-06-10T21:55:57+0000","latitude":56.162029,"totalTakeovers":269,"pointsPerHour":3,"takeoverPoints":155,"dateCreated":"2020-12-28T23:16:24+0000","currentOwner":{"name":"devongrove","id":303727},"name":"DewarBridge","id":360039,"region":{"country":"gb","name":"Scotland","id":200},"longitude":-3.671052},"latitude":56.162029,"currentOwner":{"name":"devongrove","id":303727},"time":"2021-06-10T21:55:57+0000","type":"takeover","longitude":-3.671052},{"zone":{"previousOwner":{"name":"Digaracing","id":45271},"dateCreated":"2013-11-04T09:32:09+0000","dateLastTaken":"2021-06-10T21:55:55+0000","latitude":57.671206,"currentOwner":{"name":"Movemania","id":22813},"name":"Berghemmet","id":22640,"totalTakeovers":6408,"region":{"country":"se","name":"Västra Götaland","id":132},"pointsPerHour":6,"longitude":12.009576,"takeoverPoints":110},"latitude":57.671206,"currentOwner":{"name":"Movemania","id":22813},"time":"2021-06-10T21:55:55+0000","type":"takeover","longitude":12.009576},{"zone":{"previousOwner":{"name":"Clipperton","id":161073},"dateCreated":"2012-03-19T19:08:57+0000","dateLastTaken":"2021-06-10T21:55:50+0000","latitude":65.601347,"currentOwner":{"name":"grock","id":189790},"name":"Klintbacken","id":6988,"totalTakeovers":5646,"region":{"country":"se","name":"Norrbotten","id":126},"pointsPerHour":6,"longitude":22.149117,"takeoverPoints":110},"latitude":65.601347,"currentOwner":{"name":"grock","id":189790},"time":"2021-06-10T21:55:50+0000","type":"takeover","longitude":22.149117},{"zone":{"previousOwner":{"name":"Prion1","id":176486},"dateCreated":"2018-12-24T09:00:00+0000","dateLastTaken":"2021-06-10T21:55:48+0000","latitude":59.436873,"currentOwner":{"name":"HeyJune!","id":254091},"name":"Horsepower","id":178334,"totalTakeovers":565,"region":{"country":"se","name":"Stockholm","id":141},"pointsPerHour":3,"longitude":18.101821,"takeoverPoints":155},"latitude":59.436873,"currentOwner":{"name":"HeyJune!","id":254091},"time":"2021-06-10T21:55:48+0000","type":"takeover","longitude":18.101821},{"zone":{"previousOwner":{"name":"N3K","id":75709},"dateCreated":"2016-08-01T15:00:00+0000","dateLastTaken":"2021-06-10T21:55:44+0000","latitude":59.485416,"currentOwner":{"name":"SUPERIOЯ","id":122085},"name":"Kalciumsulfat","id":80103,"totalTakeovers":1743,"region":{"country":"se","name":"Stockholm","id":141},"pointsPerHour":3,"longitude":17.721733,"takeoverPoints":155},"latitude":59.485416,"currentOwner":{"name":"SUPERIOЯ","id":122085},"time":"2021-06-10T21:55:44+0000","type":"takeover","longitude":17.721733},{"zone":{"previousOwner":{"name":"Jossan783","id":254851},"dateCreated":"2014-05-17T10:29:25+0000","dateLastTaken":"2021-06-10T21:55:43+0000","latitude":58.381271,"currentOwner":{"name":"stinabus","id":93156},"name":"OakSkate","id":29385,"totalTakeovers":14265,"region":{"country":"se","name":"Östergötland","id":139},"pointsPerHour":8,"longitude":15.674476,"takeoverPoints":80},"latitude":58.381271,"currentOwner":{"name":"stinabus","id":93156},"time":"2021-06-10T21:55:43+0000","type":"takeover","longitude":15.674476},{"zone":{"previousOwner":{"name":"Mackan!","id":297712},"dateCreated":"2017-01-02T15:02:48+0000","dateLastTaken":"2021-06-10T21:55:30+0000","latitude":55.601798,"currentOwner":{"name":"Jonte67","id":284492},"name":"BryggaFyra","id":93683,"totalTakeovers":2282,"region":{"country":"se","name":"Skåne","id":135},"pointsPerHour":4,"longitude":12.954925,"takeoverPoints":140},"latitude":55.601798,"currentOwner":{"name":"Jonte67","id":284492},"time":"2021-06-10T21:55:30+0000","type":"takeover","longitude":12.954925},{"zone":{"previousOwner":{"name":"Singer29K","id":327505},"dateCreated":"2013-11-14T09:15:39+0000","dateLastTaken":"2021-06-10T21:55:13+0000","latitude":59.229588,"currentOwner":{"name":"Berg","id":216752},"name":"Kästad","id":22715,"totalTakeovers":3677,"region":{"country":"se","name":"Stockholm","id":141},"pointsPerHour":6,"longitude":17.938061,"takeoverPoints":110},"latitude":59.229588,"currentOwner":{"name":"Berg","id":216752},"time":"2021-06-10T21:55:13+0000","type":"takeover","longitude":17.938061},{"zone":{"previousOwner":{"name":"JoasK","id":303577},"dateLastTaken":"2021-06-10T21:55:09+0000","latitude":50.943387,"totalTakeovers":163,"pointsPerHour":3,"takeoverPoints":155,"dateCreated":"2019-07-25T19:15:00+0000","currentOwner":{"name":"forelle","id":318976},"name":"KölnBahnhof","id":200515,"region":{"country":"de","name":"Nordrhein-Westfalen","id":445},"longitude":6.959219},"latitude":50.943387,"currentOwner":{"name":"forelle","id":318976},"time":"2021-06-10T21:55:09+0000","type":"takeover","longitude":6.959219},{"zone":{"previousOwner":{"name":"MrCoolWat","id":227290},"dateCreated":"2018-06-04T17:00:00+0000","dateLastTaken":"2021-06-10T21:55:04+0000","latitude":60.231891,"currentOwner":{"name":"firtinho","id":208860},"name":"GenBjörken","id":152979,"totalTakeovers":3203,"region":{"country":"fi","name":"Åland","id":177},"pointsPerHour":6,"longitude":19.981196,"takeoverPoints":110},"latitude":60.231891,"currentOwner":{"name":"firtinho","id":208860},"time":"2021-06-10T21:55:04+0000","type":"takeover","longitude":19.981196},{"zone":{"previousOwner":{"name":"TimmyM","id":282180},"dateCreated":"2021-05-14T19:30:40+0000","dateLastTaken":"2021-06-10T21:54:58+0000","latitude":55.880932,"currentOwner":{"name":"StobDubh","id":302008},"name":"MillLaw","id":411311,"totalTakeovers":43,"region":{"country":"gb","name":"Scotland","id":200},"pointsPerHour":4,"longitude":-3.336872,"takeoverPoints":140},"latitude":55.880932,"currentOwner":{"name":"StobDubh","id":302008},"time":"2021-06-10T21:54:58+0000","type":"takeover","longitude":-3.336872},{"zone":{"previousOwner":{"name":"ElsieSpanner","id":309195},"dateCreated":"2020-10-05T09:30:00+0000","dateLastTaken":"2021-06-10T21:54:57+0000","latitude":55.92386,"currentOwner":{"name":"Artful","id":302131},"name":"3DTurf","id":339217,"totalTakeovers":419,"region":{"country":"gb","name":"Scotland","id":200},"pointsPerHour":6,"longitude":-3.248786,"takeoverPoints":110},"latitude":55.92386,"currentOwner":{"name":"Artful","id":302131},"time":"2021-06-10T21:54:57+0000","type":"takeover","longitude":-3.248786},{"zone":{"previousOwner":{"name":"castledweller","id":313087},"dateLastTaken":"2021-06-10T21:54:54+0000","latitude":56.163679,"totalTakeovers":249,"pointsPerHour":3,"takeoverPoints":155,"dateCreated":"2020-12-28T23:13:44+0000","currentOwner":{"name":"devongrove","id":303727},"name":"DollarChurch","id":360037,"region":{"country":"gb","name":"Scotland","id":200},"longitude":-3.669054},"latitude":56.163679,"currentOwner":{"name":"devongrove","id":303727},"time":"2021-06-10T21:54:54+0000","type":"takeover","longitude":-3.669054},{"zone":{"previousOwner":{"name":"Marpii2004","id":265339},"dateLastTaken":"2021-06-10T21:54:50+0000","latitude":60.112519,"totalTakeovers":16874,"pointsPerHour":8,"takeoverPoints":80,"dateCreated":"2013-10-05T12:57:06+0000","currentOwner":{"name":"Slayerrr","id":108878},"name":"AndvareWoods1","id":22036,"region":{"country":"fi","name":"Åland","id":177},"longitude":19.936209},"latitude":60.112519,"currentOwner":{"name":"Slayerrr","id":108878},"time":"2021-06-10T21:54:50+0000","type":"takeover","longitude":19.936209},{"zone":{"previousOwner":{"name":"BonneLouise","id":297974},"dateCreated":"2017-02-24T06:00:00+0000","dateLastTaken":"2021-06-10T21:54:49+0000","latitude":59.258003,"currentOwner":{"name":"Momats","id":188226},"name":"JeremiahSage","id":95043,"totalTakeovers":7062,"region":{"country":"se","name":"Örebro","id":131},"pointsPerHour":7,"longitude":15.223413,"takeoverPoints":95},"latitude":59.258003,"currentOwner":{"name":"Momats","id":188226},"time":"2021-06-10T21:54:49+0000","type":"takeover","longitude":15.223413},{"zone":{"previousOwner":{"name":"magikmama","id":304387},"dateCreated":"2021-05-15T16:02:07+0000","dateLastTaken":"2021-06-10T21:54:39+0000","latitude":44.96548,"currentOwner":{"name":"Bstat","id":303529},"name":"GriggsDuntap","id":411419,"totalTakeovers":11,"region":{"country":"us","name":"Minnesota","id":405},"pointsPerHour":1,"longitude":-93.149573,"takeoverPoints":185},"latitude":44.96548,"currentOwner":{"name":"Bstat","id":303529},"time":"2021-06-10T21:54:39+0000","type":"takeover","longitude":-93.149573},{"zone":{"previousOwner":{"name":"gsundeby","id":253391},"dateCreated":"2018-07-13T12:00:00+0000","dateLastTaken":"2021-06-10T21:54:39+0000","latitude":63.316062,"currentOwner":{"name":"Cykeltalibanen","id":267525},"name":"Mosjön","id":154676,"totalTakeovers":245,"region":{"country":"se","name":"Västernorrland","id":145},"pointsPerHour":1,"longitude":19.011402,"takeoverPoints":185},"latitude":63.316062,"currentOwner":{"name":"Cykeltalibanen","id":267525},"time":"2021-06-10T21:54:39+0000","type":"takeover","longitude":19.011402},{"zone":{"previousOwner":{"name":"Aicar","id":74956},"dateCreated":"2017-08-27T03:00:00+0000","dateLastTaken":"2021-06-10T21:54:23+0000","latitude":59.425074,"currentOwner":{"name":"Santerih","id":333819},"name":"KungAgne","id":117574,"totalTakeovers":922,"region":{"country":"se","name":"Stockholm","id":141},"pointsPerHour":4,"longitude":17.953659,"takeoverPoints":140},"latitude":59.425074,"currentOwner":{"name":"Santerih","id":333819},"time":"2021-06-10T21:54:23+0000","type":"takeover","longitude":17.953659},{"zone":{"previousOwner":{"name":"N3K","id":75709},"dateCreated":"2016-08-01T15:00:00+0000","dateLastTaken":"2021-06-10T21:54:20+0000","latitude":59.483464,"currentOwner":{"name":"SUPERIOЯ","id":122085},"name":"SkärvaIFoten","id":80101,"totalTakeovers":1186,"region":{"country":"se","name":"Stockholm","id":141},"pointsPerHour":2,"longitude":17.719756,"takeoverPoints":170},"latitude":59.483464,"currentOwner":{"name":"SUPERIOЯ","id":122085},"time":"2021-06-10T21:54:20+0000","type":"takeover","longitude":17.719756},{"zone":{"previousOwner":{"name":"Digaracing","id":45271},"dateCreated":"2012-08-12T17:11:00+0000","dateLastTaken":"2021-06-10T21:54:20+0000","latitude":57.674611,"currentOwner":{"name":"Movemania","id":22813},"name":"HookFlatPlaza","id":10404,"totalTakeovers":7202,"region":{"country":"se","name":"Västra Götaland","id":132},"pointsPerHour":6,"longitude":12.007544,"takeoverPoints":110},"latitude":57.674611,"currentOwner":{"name":"Movemania","id":22813},"time":"2021-06-10T21:54:20+0000","type":"takeover","longitude":12.007544},{"zone":{"previousOwner":{"name":"Tipsy","id":79355},"dateLastTaken":"2021-06-10T21:54:17+0000","latitude":58.380565,"totalTakeovers":18002,"pointsPerHour":8,"takeoverPoints":80,"dateCreated":"2012-03-26T12:50:31+0000","currentOwner":{"name":"stinabus","id":93156},"name":"SaintHansZone","id":7445,"region":{"country":"se","name":"Östergötland","id":139},"longitude":15.678729},"latitude":58.380565,"currentOwner":{"name":"stinabus","id":93156},"time":"2021-06-10T21:54:17+0000","type":"takeover","longitude":15.678729},{"zone":{"previousOwner":{"name":"Mrs.Strike","id":109682},"dateCreated":"2014-02-18T15:00:00+0000","dateLastTaken":"2021-06-10T21:54:17+0000","latitude":59.316918,"currentOwner":{"name":"immi","id":193940},"name":"Skrantaskolan","id":25957,"totalTakeovers":10276,"region":{"country":"se","name":"Örebro","id":131},"pointsPerHour":5,"longitude":14.498675,"takeoverPoints":125},"latitude":59.316918,"currentOwner":{"name":"immi","id":193940},"time":"2021-06-10T21:54:17+0000","type":"takeover","longitude":14.498675},{"zone":{"previousOwner":{"name":"Mackan!","id":297712},"dateCreated":"2010-09-01T00:00:00+0000","dateLastTaken":"2021-06-10T21:54:14+0000","latitude":55.599431,"currentOwner":{"name":"Jonte67","id":284492},"name":"Limhamn","id":526,"totalTakeovers":6047,"region":{"country":"se","name":"Skåne","id":135},"pointsPerHour":6,"longitude":12.957163,"takeoverPoints":110},"latitude":55.599431,"currentOwner":{"name":"Jonte67","id":284492},"time":"2021-06-10T21:54:14+0000","type":"takeover","longitude":12.957163},{"zone":{"previousOwner":{"name":"HypnoToad","id":312175},"dateCreated":"2021-03-06T21:12:17+0000","dateLastTaken":"2021-06-10T21:54:13+0000","latitude":44.939207,"currentOwner":{"name":"MtkaHek","id":303521},"name":"SunriseRidge","id":389783,"totalTakeovers":51,"region":{"country":"us","name":"Minnesota","id":405},"pointsPerHour":2,"longitude":-93.458976,"takeoverPoints":170},"latitude":44.939207,"currentOwner":{"name":"MtkaHek","id":303521},"time":"2021-06-10T21:54:13+0000","type":"takeover","longitude":-93.458976},{"zone":{"previousOwner":{"name":"Clipperton","id":161073},"dateCreated":"2012-05-06T20:05:01+0000","dateLastTaken":"2021-06-10T21:54:13+0000","latitude":65.598548,"currentOwner":{"name":"grock","id":189790},"name":"Lingonstigen","id":8645,"totalTakeovers":5534,"region":{"country":"se","name":"Norrbotten","id":126},"pointsPerHour":6,"longitude":22.153704,"takeoverPoints":110},"latitude":65.598548,"currentOwner":{"name":"grock","id":189790},"time":"2021-06-10T21:54:13+0000","type":"takeover","longitude":22.153704},{"zone":{"previousOwner":{"name":"Blodgivare","id":263729},"dateCreated":"2015-12-24T13:00:00+0000","dateLastTaken":"2021-06-10T21:54:09+0000","latitude":59.337551,"currentOwner":{"name":"Dheri","id":13482},"name":"NorthPath","id":62219,"totalTakeovers":4390,"region":{"country":"se","name":"Örebro","id":131},"pointsPerHour":6,"longitude":14.52759,"takeoverPoints":110},"latitude":59.337551,"currentOwner":{"name":"Dheri","id":13482},"time":"2021-06-10T21:54:09+0000","type":"takeover","longitude":14.52759},{"zone":{"previousOwner":{"name":"castledweller","id":313087},"dateCreated":"2021-01-04T11:26:19+0000","dateLastTaken":"2021-06-10T21:54:08+0000","latitude":56.164998,"currentOwner":{"name":"devongrove","id":303727},"name":"TheKirkStyle","id":361772,"totalTakeovers":238,"region":{"country":"gb","name":"Scotland","id":200},"pointsPerHour":3,"longitude":-3.668442,"takeoverPoints":155},"latitude":56.164998,"currentOwner":{"name":"devongrove","id":303727},"time":"2021-06-10T21:54:08+0000","type":"takeover","longitude":-3.668442},{"zone":{"dateCreated":"2013-05-26T06:00:00+0000","dateLastTaken":"2021-06-10T21:54:02+0000","latitude":54.96802,"currentOwner":{"name":"Calm_C.","id":333908},"name":"TheSage","id":12546,"totalTakeovers":28,"region":{"country":"gb","name":"North East England","id":199},"pointsPerHour":1,"longitude":-1.600925,"takeoverPoints":185},"latitude":54.96802,"currentOwner":{"name":"Calm_C.","id":333908},"time":"2021-06-10T21:54:02+0000","type":"takeover","longitude":-1.600925},{"zone":{"previousOwner":{"name":"MrMagoo","id":259703},"dateCreated":"2019-09-06T18:56:27+0000","dateLastTaken":"2021-06-10T21:53:41+0000","latitude":59.407564,"currentOwner":{"name":"Suedehead","id":79931},"name":"Blynäsan","id":208740,"totalTakeovers":416,"region":{"country":"se","name":"Stockholm","id":141},"pointsPerHour":4,"longitude":18.325024,"takeoverPoints":140},"latitude":59.407564,"currentOwner":{"name":"Suedehead","id":79931},"time":"2021-06-10T21:53:41+0000","type":"takeover","longitude":18.325024},{"zone":{"previousOwner":{"name":"Aicar","id":74956},"dateCreated":"2018-06-11T07:00:00+0000","dateLastTaken":"2021-06-10T21:53:39+0000","latitude":59.426813,"currentOwner":{"name":"stenkoll","id":308319},"name":"Agne","id":153664,"totalTakeovers":2998,"region":{"country":"se","name":"Stockholm","id":141},"pointsPerHour":7,"longitude":17.955564,"takeoverPoints":95},"latitude":59.426813,"currentOwner":{"name":"stenkoll","id":308319},"time":"2021-06-10T21:53:39+0000","type":"takeover","longitude":17.955564},{"zone":{"previousOwner":{"name":"Dheri","id":13482},"dateCreated":"2013-12-28T22:00:00+0000","dateLastTaken":"2021-06-10T21:53:30+0000","latitude":59.330873,"currentOwner":{"name":"ViRry","id":332219},"name":"Karlbergskola","id":24506,"totalTakeovers":7175,"region":{"country":"se","name":"Örebro","id":131},"pointsPerHour":5,"longitude":14.495757,"takeoverPoints":125},"latitude":59.330873,"currentOwner":{"name":"ViRry","id":332219},"time":"2021-06-10T21:53:30+0000","type":"takeover","longitude":14.495757},{"zone":{"previousOwner":{"name":"Tonimakaroni","id":333412},"dateCreated":"2018-04-05T05:00:00+0000","dateLastTaken":"2021-06-10T21:53:30+0000","latitude":59.462281,"currentOwner":{"name":"Aicar","id":74956},"name":"KarlNåsEj","id":143042,"totalTakeovers":737,"region":{"country":"se","name":"Stockholm","id":141},"pointsPerHour":4,"longitude":17.91653,"takeoverPoints":140},"latitude":59.462281,"currentOwner":{"name":"Aicar","id":74956},"time":"2021-06-10T21:53:30+0000","type":"takeover","longitude":17.91653},{"zone":{"previousOwner":{"name":"kaxpella","id":107706},"dateCreated":"2015-12-24T13:59:00+0000","dateLastTaken":"2021-06-10T21:53:28+0000","latitude":59.22805,"currentOwner":{"name":"Berg","id":216752},"name":"PuffZone","id":61969,"totalTakeovers":2483,"region":{"country":"se","name":"Stockholm","id":141},"pointsPerHour":5,"longitude":17.946804,"takeoverPoints":125},"latitude":59.22805,"currentOwner":{"name":"Berg","id":216752},"time":"2021-06-10T21:53:28+0000","type":"takeover","longitude":17.946804},{"zone":{"previousOwner":{"name":"strober","id":1981},"dateLastTaken":"2021-06-10T21:53:17+0000","latitude":59.336357,"totalTakeovers":4298,"pointsPerHour":6,"takeoverPoints":110,"dateCreated":"2011-12-13T17:37:36+0000","currentOwner":{"name":"Nachtgeist","id":325908},"name":"Blackbay","id":5413,"region":{"country":"se","name":"Stockholm","id":141},"longitude":17.990617},"latitude":59.336357,"currentOwner":{"name":"Nachtgeist","id":325908},"time":"2021-06-10T21:53:17+0000","type":"takeover","longitude":17.990617},{"zone":{"previousOwner":{"name":"N3K","id":75709},"dateCreated":"2017-11-22T06:00:00+0000","dateLastTaken":"2021-06-10T21:53:17+0000","latitude":59.483001,"currentOwner":{"name":"SUPERIOЯ","id":122085},"name":"SyltaForest","id":130791,"totalTakeovers":688,"region":{"country":"se","name":"Stockholm","id":141},"pointsPerHour":2,"longitude":17.716052,"takeoverPoints":170},"latitude":59.483001,"currentOwner":{"name":"SUPERIOЯ","id":122085},"time":"2021-06-10T21:53:17+0000","type":"takeover","longitude":17.716052},{"zone":{"previousOwner":{"name":"Mackan!","id":297712},"dateCreated":"2014-04-28T08:00:19+0000","dateLastTaken":"2021-06-10T21:53:10+0000","latitude":55.600306,"currentOwner":{"name":"Jonte67","id":284492},"name":"TheBeachCabin","id":28627,"totalTakeovers":5714,"region":{"country":"se","name":"Skåne","id":135},"pointsPerHour":6,"longitude":12.960223,"takeoverPoints":110},"latitude":55.600306,"currentOwner":{"name":"Jonte67","id":284492},"time":"2021-06-10T21:53:10+0000","type":"takeover","longitude":12.960223},{"zone":{"previousOwner":{"name":"tilverturf","id":166033},"dateCreated":"2010-11-16T18:52:42+0000","dateLastTaken":"2021-06-10T21:53:06+0000","latitude":59.826362,"currentOwner":{"name":"Vargen12","id":241798},"name":"Areazone","id":1094,"totalTakeovers":1628,"region":{"country":"se","name":"Uppsala","id":142},"pointsPerHour":4,"longitude":17.635762,"takeoverPoints":140},"latitude":59.826362,"currentOwner":{"name":"Vargen12","id":241798},"time":"2021-06-10T21:53:06+0000","type":"takeover","longitude":17.635762},{"zone":{"previousOwner":{"name":"TurfDanne","id":151519},"dateCreated":"2014-02-20T11:29:41+0000","dateLastTaken":"2021-06-10T21:52:42+0000","latitude":65.596573,"currentOwner":{"name":"grock","id":189790},"name":"BarrZone","id":26003,"totalTakeovers":7213,"region":{"country":"se","name":"Norrbotten","id":126},"pointsPerHour":6,"longitude":22.157514,"takeoverPoints":110},"latitude":65.596573,"currentOwner":{"name":"grock","id":189790},"time":"2021-06-10T21:52:42+0000","type":"takeover","longitude":22.157514},{"zone":{"previousOwner":{"name":"castledweller","id":313087},"dateCreated":"2021-01-04T11:28:00+0000","dateLastTaken":"2021-06-10T21:52:40+0000","latitude":56.170067,"currentOwner":{"name":"devongrove","id":303727},"name":"KellyburnPark","id":361773,"totalTakeovers":189,"region":{"country":"gb","name":"Scotland","id":200},"pointsPerHour":3,"longitude":-3.66477,"takeoverPoints":155},"latitude":56.170067,"currentOwner":{"name":"devongrove","id":303727},"time":"2021-06-10T21:52:40+0000","type":"takeover","longitude":-3.66477},{"zone":{"dateCreated":"2021-05-19T17:26:30+0000","dateLastTaken":"2021-06-10T21:52:40+0000","latitude":60.476501,"currentOwner":{"name":"Welshman","id":305225},"name":"AuraHängbron","id":412958,"totalTakeovers":9,"region":{"country":"fi","name":"Lounais-Suomi","id":184},"pointsPerHour":1,"longitude":22.361773,"takeoverPoints":185},"latitude":60.476501,"currentOwner":{"name":"Welshman","id":305225},"time":"2021-06-10T21:52:40+0000","type":"takeover","longitude":22.361773},{"zone":{"previousOwner":{"name":"Marpii2004","id":265339},"dateLastTaken":"2021-06-10T21:52:35+0000","latitude":60.109906,"totalTakeovers":16940,"pointsPerHour":8,"takeoverPoints":80,"dateCreated":"2013-10-13T19:10:56+0000","currentOwner":{"name":"Slayerrr","id":108878},"name":"FraudsterZone","id":22154,"region":{"country":"fi","name":"Åland","id":177},"longitude":19.938018},"latitude":60.109906,"currentOwner":{"name":"Slayerrr","id":108878},"time":"2021-06-10T21:52:35+0000","type":"takeover","longitude":19.938018},{"zone":{"previousOwner":{"name":"märta123","id":218116},"dateCreated":"2017-05-22T16:05:17+0000","dateLastTaken":"2021-06-10T21:52:30+0000","latitude":59.313887,"currentOwner":{"name":"immi","id":193940},"name":"Birchsuffer","id":110876,"totalTakeovers":3004,"region":{"country":"se","name":"Örebro","id":131},"pointsPerHour":4,"longitude":14.500479,"takeoverPoints":140},"latitude":59.313887,"currentOwner":{"name":"immi","id":193940},"time":"2021-06-10T21:52:30+0000","type":"takeover","longitude":14.500479},{"zone":{"previousOwner":{"name":"Blodgivare","id":263729},"dateCreated":"2015-08-07T06:00:00+0000","dateLastTaken":"2021-06-10T21:52:29+0000","latitude":59.337689,"currentOwner":{"name":"Dheri","id":13482},"name":"WayToBirch","id":56016,"totalTakeovers":6144,"region":{"country":"se","name":"Örebro","id":131},"pointsPerHour":6,"longitude":14.532983,"takeoverPoints":110},"latitude":59.337689,"currentOwner":{"name":"Dheri","id":13482},"time":"2021-06-10T21:52:29+0000","type":"takeover","longitude":14.532983},{"zone":{"previousOwner":{"name":"ElsieSpanner","id":309195},"dateCreated":"2020-06-14T16:00:00+0000","dateLastTaken":"2021-06-10T21:52:26+0000","latitude":55.92456,"currentOwner":{"name":"Artful","id":302131},"name":"Colinton","id":316597,"totalTakeovers":492,"region":{"country":"gb","name":"Scotland","id":200},"pointsPerHour":6,"longitude":-3.240061,"takeoverPoints":110},"latitude":55.92456,"currentOwner":{"name":"Artful","id":302131},"time":"2021-06-10T21:52:26+0000","type":"takeover","longitude":-3.240061},{"zone":{"previousOwner":{"name":"pulvermos","id":12520},"dateCreated":"2014-11-29T22:21:52+0000","dateLastTaken":"2021-06-10T21:52:19+0000","latitude":67.83858,"currentOwner":{"name":"TommyH","id":264839},"name":"EastValley","id":42330,"totalTakeovers":374,"region":{"country":"se","name":"Norrbotten","id":126},"pointsPerHour":2,"longitude":20.279393,"takeoverPoints":170},"latitude":67.83858,"currentOwner":{"name":"TommyH","id":264839},"time":"2021-06-10T21:52:19+0000","type":"takeover","longitude":20.279393},{"zone":{"previousOwner":{"name":"Azon","id":265586},"dateCreated":"2013-11-02T09:30:46+0000","dateLastTaken":"2021-06-10T21:52:13+0000","latitude":57.674718,"currentOwner":{"name":"Movemania","id":22813},"name":"Alfhöjden","id":22639,"totalTakeovers":1728,"region":{"country":"se","name":"Västra Götaland","id":132},"pointsPerHour":4,"longitude":11.999709,"takeoverPoints":140},"latitude":57.674718,"currentOwner":{"name":"Movemania","id":22813},"time":"2021-06-10T21:52:13+0000","type":"takeover","longitude":11.999709},{"zone":{"previousOwner":{"name":"Mackan!","id":297712},"dateCreated":"2014-04-28T08:00:00+0000","dateLastTaken":"2021-06-10T21:52:04+0000","latitude":55.601232,"currentOwner":{"name":"Jonte67","id":284492},"name":"Korvpaus","id":28626,"totalTakeovers":5483,"region":{"country":"se","name":"Skåne","id":135},"pointsPerHour":6,"longitude":12.963666,"takeoverPoints":110},"latitude":55.601232,"currentOwner":{"name":"Jonte67","id":284492},"time":"2021-06-10T21:52:04+0000","type":"takeover","longitude":12.963666},{"zone":{"previousOwner":{"name":"MrCoolWat","id":227290},"dateCreated":"2016-04-13T17:59:36+0000","dateLastTaken":"2021-06-10T21:51:49+0000","latitude":60.228586,"currentOwner":{"name":"firtinho","id":208860},"name":"Adventure","id":65967,"totalTakeovers":6619,"region":{"country":"fi","name":"Åland","id":177},"pointsPerHour":7,"longitude":19.983677,"takeoverPoints":95},"latitude":60.228586,"currentOwner":{"name":"firtinho","id":208860},"time":"2021-06-10T21:51:49+0000","type":"takeover","longitude":19.983677},{"zone":{"previousOwner":{"name":"vonsan","id":230499},"dateLastTaken":"2021-06-10T21:51:41+0000","latitude":63.854201,"totalTakeovers":2038,"pointsPerHour":5,"takeoverPoints":125,"dateCreated":"2015-09-18T04:00:00+0000","currentOwner":{"name":"ParkMan","id":58815},"name":"Anumarksbron","id":57728,"region":{"country":"se","name":"Västerbotten","id":127},"longitude":20.385326},"latitude":63.854201,"currentOwner":{"name":"ParkMan","id":58815},"time":"2021-06-10T21:51:41+0000","type":"takeover","longitude":20.385326},{"zone":{"previousOwner":{"name":"Triton1970","id":295051},"dateLastTaken":"2021-06-10T21:51:32+0000","latitude":59.458785,"totalTakeovers":1772,"pointsPerHour":7,"takeoverPoints":95,"dateCreated":"2017-12-24T11:00:00+0000","currentOwner":{"name":"Aicar","id":74956},"name":"Vibybron","id":139306,"region":{"country":"se","name":"Stockholm","id":141},"longitude":17.911774},"latitude":59.458785,"currentOwner":{"name":"Aicar","id":74956},"time":"2021-06-10T21:51:32+0000","type":"takeover","longitude":17.911774},{"zone":{"previousOwner":{"name":"Aicar","id":74956},"dateCreated":"2016-10-18T14:16:15+0000","dateLastTaken":"2021-06-10T21:51:25+0000","latitude":59.427977,"currentOwner":{"name":"stenkoll","id":308319},"name":"SollenCorner","id":90446,"totalTakeovers":4724,"region":{"country":"se","name":"Stockholm","id":141},"pointsPerHour":6,"longitude":17.953376,"takeoverPoints":110},"latitude":59.427977,"currentOwner":{"name":"stenkoll","id":308319},"time":"2021-06-10T21:51:25+0000","type":"takeover","longitude":17.953376},{"zone":{"previousOwner":{"name":"TimmyM","id":282180},"dateCreated":"2020-12-27T09:30:00+0000","dateLastTaken":"2021-06-10T21:51:23+0000","latitude":55.883575,"currentOwner":{"name":"StobDubh","id":302008},"name":"WhatDidYouSaw","id":355689,"totalTakeovers":186,"region":{"country":"gb","name":"Scotland","id":200},"pointsPerHour":3,"longitude":-3.332436,"takeoverPoints":155},"latitude":55.883575,"currentOwner":{"name":"StobDubh","id":302008},"time":"2021-06-10T21:51:23+0000","type":"takeover","longitude":-3.332436},{"zone":{"previousOwner":{"name":"Singer29K","id":327505},"dateCreated":"2015-12-24T13:59:00+0000","dateLastTaken":"2021-06-10T21:51:01+0000","latitude":59.224385,"currentOwner":{"name":"Berg","id":216752},"name":"PiffZone","id":61968,"totalTakeovers":3145,"region":{"country":"se","name":"Stockholm","id":141},"pointsPerHour":6,"longitude":17.953399,"takeoverPoints":110},"latitude":59.224385,"currentOwner":{"name":"Berg","id":216752},"time":"2021-06-10T21:51:01+0000","type":"takeover","longitude":17.953399},{"zone":{"previousOwner":{"name":"liggisten","id":212363},"dateCreated":"2015-05-02T17:27:58+0000","dateLastTaken":"2021-06-10T21:50:59+0000","latitude":63.705972,"currentOwner":{"name":"bengtbbb","id":64627},"name":"VästerSlope","id":51653,"totalTakeovers":8383,"region":{"country":"se","name":"Västerbotten","id":127},"pointsPerHour":6,"longitude":20.352772,"takeoverPoints":110},"latitude":63.705972,"currentOwner":{"name":"bengtbbb","id":64627},"time":"2021-06-10T21:50:59+0000","type":"takeover","longitude":20.352772},{"zone":{"previousOwner":{"name":"ELOsheila","id":296475},"dateLastTaken":"2021-06-10T21:50:57+0000","latitude":55.949736,"totalTakeovers":365,"pointsPerHour":4,"takeoverPoints":140,"dateCreated":"2020-08-24T10:00:00+0000","currentOwner":{"name":"AROS-KS","id":297609},"name":"HolyTranent","id":320881,"region":{"country":"gb","name":"Scotland","id":200},"longitude":-2.958522},"latitude":55.949736,"currentOwner":{"name":"AROS-KS","id":297609},"time":"2021-06-10T21:50:57+0000","type":"takeover","longitude":-2.958522},{"zone":{"previousOwner":{"name":"N3K","id":75709},"dateCreated":"2017-07-14T12:14:41+0000","dateLastTaken":"2021-06-10T21:50:56+0000","latitude":59.481435,"currentOwner":{"name":"SUPERIOЯ","id":122085},"name":"Tibbleskog","id":115435,"totalTakeovers":536,"region":{"country":"se","name":"Stockholm","id":141},"pointsPerHour":2,"longitude":17.72345,"takeoverPoints":170},"latitude":59.481435,"currentOwner":{"name":"SUPERIOЯ","id":122085},"time":"2021-06-10T21:50:56+0000","type":"takeover","longitude":17.72345},{"zone":{"previousOwner":{"name":"Clipperton","id":161073},"dateCreated":"2014-09-16T18:32:18+0000","dateLastTaken":"2021-06-10T21:50:55+0000","latitude":65.594463,"currentOwner":{"name":"grock","id":189790},"name":"Barrbacken","id":36737,"totalTakeovers":7675,"region":{"country":"se","name":"Norrbotten","id":126},"pointsPerHour":8,"longitude":22.164295,"takeoverPoints":80},"latitude":65.594463,"currentOwner":{"name":"grock","id":189790},"time":"2021-06-10T21:50:55+0000","type":"takeover","longitude":22.164295},{"zone":{"previousOwner":{"name":"Blodgivare","id":263729},"dateCreated":"2015-07-09T15:20:00+0000","dateLastTaken":"2021-06-10T21:50:49+0000","latitude":59.338204,"currentOwner":{"name":"Dheri","id":13482},"name":"Fjärilsudden","id":55676,"totalTakeovers":5525,"region":{"country":"se","name":"Örebro","id":131},"pointsPerHour":6,"longitude":14.536691,"takeoverPoints":110},"latitude":59.338204,"currentOwner":{"name":"Dheri","id":13482},"time":"2021-06-10T21:50:49+0000","type":"takeover","longitude":14.536691},{"zone":{"previousOwner":{"name":"Hylaeus","id":35022},"dateCreated":"2013-07-16T18:43:04+0000","dateLastTaken":"2021-06-10T21:50:43+0000","latitude":59.830754,"currentOwner":{"name":"Vargen12","id":241798},"name":"RoseGardens","id":20826,"totalTakeovers":7850,"region":{"country":"se","name":"Uppsala","id":142},"pointsPerHour":8,"longitude":17.632066,"takeoverPoints":80},"latitude":59.830754,"currentOwner":{"name":"Vargen12","id":241798},"time":"2021-06-10T21:50:43+0000","type":"takeover","longitude":17.632066},{"zone":{"previousOwner":{"name":"tilverturf","id":166033},"dateCreated":"2012-06-23T17:23:35+0000","dateLastTaken":"2021-06-10T21:50:42+0000","latitude":59.845243,"currentOwner":{"name":"Zacly","id":327470},"name":"Parklife","id":9503,"totalTakeovers":5122,"region":{"country":"se","name":"Uppsala","id":142},"pointsPerHour":7,"longitude":17.598563,"takeoverPoints":95},"latitude":59.845243,"currentOwner":{"name":"Zacly","id":327470},"time":"2021-06-10T21:50:42+0000","type":"takeover","longitude":17.598563},{"zone":{"previousOwner":{"name":"Prion1","id":176486},"dateCreated":"2017-04-15T08:00:00+0000","dateLastTaken":"2021-06-10T21:50:36+0000","latitude":59.43159,"currentOwner":{"name":"HeyJune!","id":254091},"name":"NäsbyPromenad","id":98131,"totalTakeovers":1212,"region":{"country":"se","name":"Stockholm","id":141},"pointsPerHour":5,"longitude":18.10706,"takeoverPoints":125},"latitude":59.43159,"currentOwner":{"name":"HeyJune!","id":254091},"time":"2021-06-10T21:50:36+0000","type":"takeover","longitude":18.10706},{"zone":{"previousOwner":{"name":"ElsieSpanner","id":309195},"dateCreated":"2020-06-14T16:00:00+0000","dateLastTaken":"2021-06-10T21:50:35+0000","latitude":55.92641,"currentOwner":{"name":"Artful","id":302131},"name":"MeggetCanal","id":316608,"totalTakeovers":481,"region":{"country":"gb","name":"Scotland","id":200},"pointsPerHour":6,"longitude":-3.234961,"takeoverPoints":110},"latitude":55.92641,"currentOwner":{"name":"Artful","id":302131},"time":"2021-06-10T21:50:35+0000","type":"takeover","longitude":-3.234961},{"zone":{"previousOwner":{"name":"Xtrmrunner","id":305266},"dateCreated":"2021-05-19T17:22:26+0000","dateLastTaken":"2021-06-10T21:50:33+0000","latitude":60.471633,"currentOwner":{"name":"Welshman","id":305225},"name":"SillanJälkeen","id":412966,"totalTakeovers":17,"region":{"country":"fi","name":"Lounais-Suomi","id":184},"pointsPerHour":1,"longitude":22.359539,"takeoverPoints":185},"latitude":60.471633,"currentOwner":{"name":"Welshman","id":305225},"time":"2021-06-10T21:50:33+0000","type":"takeover","longitude":22.359539},{"zone":{"previousOwner":{"name":"RozziJR","id":327640},"dateCreated":"2010-12-22T17:55:18+0000","dateLastTaken":"2021-06-10T21:50:28+0000","latitude":59.338647,"currentOwner":{"name":"Nachtgeist","id":325908},"name":"Tranezon","id":1214,"totalTakeovers":3361,"region":{"country":"se","name":"Stockholm","id":141},"pointsPerHour":5,"longitude":17.992502,"takeoverPoints":125},"latitude":59.338647,"currentOwner":{"name":"Nachtgeist","id":325908},"time":"2021-06-10T21:50:28+0000","type":"takeover","longitude":17.992502},{"zone":{"previousOwner":{"name":"Spökisturfaren","id":299364},"dateCreated":"2012-10-29T17:00:00+0000","dateLastTaken":"2021-06-10T21:50:24+0000","latitude":57.641422,"currentOwner":{"name":"ReginaPhalange","id":294493},"name":"BingeSwimming","id":11754,"totalTakeovers":4079,"region":{"country":"se","name":"Gotland","id":138},"pointsPerHour":5,"longitude":18.316364,"takeoverPoints":125},"latitude":57.641422,"currentOwner":{"name":"ReginaPhalange","id":294493},"time":"2021-06-10T21:50:24+0000","type":"takeover","longitude":18.316364},{"zone":{"previousOwner":{"name":"Dheri","id":13482},"dateCreated":"2019-04-28T22:01:06+0000","dateLastTaken":"2021-06-10T21:50:20+0000","latitude":59.329495,"currentOwner":{"name":"ViRry","id":332219},"name":"Wermelandicum","id":189274,"totalTakeovers":2001,"region":{"country":"se","name":"Örebro","id":131},"pointsPerHour":5,"longitude":14.491377,"takeoverPoints":125},"latitude":59.329495,"currentOwner":{"name":"ViRry","id":332219},"time":"2021-06-10T21:50:20+0000","type":"takeover","longitude":14.491377},{"zone":{"previousOwner":{"name":"mini","id":12436},"dateCreated":"2010-09-01T00:00:00+0000","dateLastTaken":"2021-06-10T21:50:17+0000","latitude":55.603638,"currentOwner":{"name":"Jonte67","id":284492},"name":"GetWet","id":640,"totalTakeovers":6304,"region":{"country":"se","name":"Skåne","id":135},"pointsPerHour":6,"longitude":12.966748,"takeoverPoints":110},"latitude":55.603638,"currentOwner":{"name":"Jonte67","id":284492},"time":"2021-06-10T21:50:17+0000","type":"takeover","longitude":12.966748},{"zone":{"previousOwner":{"name":"MtkaHek","id":303521},"dateLastTaken":"2021-06-10T21:50:11+0000","latitude":44.940896,"totalTakeovers":49,"pointsPerHour":1,"takeoverPoints":185,"dateCreated":"2021-02-22T00:10:10+0000","currentOwner":{"name":"MtkaHek","id":303521},"name":"BurwellBridge","id":387512,"region":{"country":"us","name":"Minnesota","id":405},"longitude":-93.448421},"latitude":44.940896,"currentOwner":{"name":"MtkaHek","id":303521},"time":"2021-06-10T21:50:11+0000","type":"takeover","longitude":-93.448421},{"zone":{"previousOwner":{"name":"JoasK","id":303577},"dateCreated":"2019-07-25T19:15:00+0000","dateLastTaken":"2021-06-10T21:50:04+0000","latitude":50.942761,"currentOwner":{"name":"forelle","id":318976},"name":"Gereonshof","id":200504,"totalTakeovers":71,"region":{"country":"de","name":"Nordrhein-Westfalen","id":445},"pointsPerHour":2,"longitude":6.943357,"takeoverPoints":170},"latitude":50.942761,"currentOwner":{"name":"forelle","id":318976},"time":"2021-06-10T21:50:04+0000","type":"takeover","longitude":6.943357},{"zone":{"previousOwner":{"name":"MrCoolWat","id":227290},"dateCreated":"2021-01-17T14:52:37+0000","dateLastTaken":"2021-06-10T21:50:03+0000","latitude":60.226351,"currentOwner":{"name":"firtinho","id":208860},"name":"LångKallesZon","id":368634,"totalTakeovers":675,"region":{"country":"fi","name":"Åland","id":177},"pointsPerHour":6,"longitude":19.984873,"takeoverPoints":110},"latitude":60.226351,"currentOwner":{"name":"firtinho","id":208860},"time":"2021-06-10T21:50:03+0000","type":"takeover","longitude":19.984873},{"zone":{"previousOwner":{"name":"galax","id":57332},"dateCreated":"2013-10-30T15:00:00+0000","dateLastTaken":"2021-06-10T21:50:03+0000","latitude":59.311145,"currentOwner":{"name":"immi","id":193940},"name":"SolnasAggerud","id":22524,"totalTakeovers":10327,"region":{"country":"se","name":"Örebro","id":131},"pointsPerHour":5,"longitude":14.493345,"takeoverPoints":125},"latitude":59.311145,"currentOwner":{"name":"immi","id":193940},"time":"2021-06-10T21:50:03+0000","type":"takeover","longitude":14.493345},{"zone":{"previousOwner":{"name":"castledweller","id":313087},"dateCreated":"2020-12-28T23:15:30+0000","dateLastTaken":"2021-06-10T21:49:58+0000","latitude":56.166595,"currentOwner":{"name":"devongrove","id":303727},"name":"DollarGolf","id":360038,"totalTakeovers":309,"region":{"country":"gb","name":"Scotland","id":200},"pointsPerHour":3,"longitude":-3.671771,"takeoverPoints":155},"latitude":56.166595,"currentOwner":{"name":"devongrove","id":303727},"time":"2021-06-10T21:49:58+0000","type":"takeover","longitude":-3.671771},{"zone":{"previousOwner":{"name":"SirWinston","id":66854},"dateCreated":"2015-10-27T11:30:29+0000","dateLastTaken":"2021-06-10T21:49:55+0000","latitude":58.376366,"currentOwner":{"name":"stinabus","id":93156},"name":"YeahRValley","id":60710,"totalTakeovers":4915,"region":{"country":"se","name":"Östergötland","id":139},"pointsPerHour":6,"longitude":15.684179,"takeoverPoints":110},"latitude":58.376366,"currentOwner":{"name":"stinabus","id":93156},"time":"2021-06-10T21:49:55+0000","type":"takeover","longitude":15.684179},{"zone":{"previousOwner":{"name":"Goj","id":276072},"dateCreated":"2014-10-13T14:00:00+0000","dateLastTaken":"2021-06-10T21:49:48+0000","latitude":59.461487,"currentOwner":{"name":"Aicar","id":74956},"name":"NoWayZone","id":37578,"totalTakeovers":1525,"region":{"country":"se","name":"Stockholm","id":141},"pointsPerHour":4,"longitude":17.909362,"takeoverPoints":140},"latitude":59.461487,"currentOwner":{"name":"Aicar","id":74956},"time":"2021-06-10T21:49:48+0000","type":"takeover","longitude":17.909362},{"zone":{"previousOwner":{"name":"MrMagoo","id":259703},"dateCreated":"2020-01-10T06:00:00+0000","dateLastTaken":"2021-06-10T21:49:46+0000","latitude":59.405126,"currentOwner":{"name":"Suedehead","id":79931},"name":"VxClownen","id":224026,"totalTakeovers":676,"region":{"country":"se","name":"Stockholm","id":141},"pointsPerHour":4,"longitude":18.327534,"takeoverPoints":140},"latitude":59.405126,"currentOwner":{"name":"Suedehead","id":79931},"time":"2021-06-10T21:49:46+0000","type":"takeover","longitude":18.327534},{"zone":{"previousOwner":{"name":"Azon","id":265586},"dateCreated":"2012-08-12T17:15:42+0000","dateLastTaken":"2021-06-10T21:49:38+0000","latitude":57.675607,"currentOwner":{"name":"Movemania","id":22813},"name":"HawkChief","id":10406,"totalTakeovers":1859,"region":{"country":"se","name":"Västra Götaland","id":132},"pointsPerHour":5,"longitude":11.99138,"takeoverPoints":125},"latitude":57.675607,"currentOwner":{"name":"Movemania","id":22813},"time":"2021-06-10T21:49:38+0000","type":"takeover","longitude":11.99138},{"zone":{"previousOwner":{"name":"swift64","id":326287},"dateCreated":"2016-08-31T03:00:00+0000","dateLastTaken":"2021-06-10T21:49:32+0000","latitude":59.25713,"currentOwner":{"name":"Momats","id":188226},"name":"Activa","id":81863,"totalTakeovers":6934,"region":{"country":"se","name":"Örebro","id":131},"pointsPerHour":6,"longitude":15.20881,"takeoverPoints":110},"latitude":59.25713,"currentOwner":{"name":"Momats","id":188226},"time":"2021-06-10T21:49:32+0000","type":"takeover","longitude":15.20881},{"zone":{"previousOwner":{"name":"Clipperton","id":161073},"dateCreated":"2014-09-16T18:28:52+0000","dateLastTaken":"2021-06-10T21:49:26+0000","latitude":65.593333,"currentOwner":{"name":"grock","id":189790},"name":"Svartögrinden","id":36736,"totalTakeovers":7921,"region":{"country":"se","name":"Norrbotten","id":126},"pointsPerHour":7,"longitude":22.157837,"takeoverPoints":95},"latitude":65.593333,"currentOwner":{"name":"grock","id":189790},"time":"2021-06-10T21:49:26+0000","type":"takeover","longitude":22.157837},{"zone":{"previousOwner":{"name":"becks86","id":117843},"dateLastTaken":"2021-06-10T21:49:22+0000","latitude":58.381197,"totalTakeovers":14264,"pointsPerHour":6,"takeoverPoints":110,"dateCreated":"2014-05-23T17:00:00+0000","currentOwner":{"name":"Snusmumriken","id":24003},"name":"MYOwnZone","id":29838,"region":{"country":"se","name":"Östergötland","id":139},"longitude":15.653774},"latitude":58.381197,"currentOwner":{"name":"Snusmumriken","id":24003},"time":"2021-06-10T21:49:22+0000","type":"takeover","longitude":15.653774},{"zone":{"previousOwner":{"name":"Marpii2004","id":265339},"dateLastTaken":"2021-06-10T21:49:17+0000","latitude":60.107852,"totalTakeovers":15799,"pointsPerHour":8,"takeoverPoints":80,"dateCreated":"2013-12-06T15:10:46+0000","currentOwner":{"name":"Slayerrr","id":108878},"name":"AndvareWoods2","id":23656,"region":{"country":"fi","name":"Åland","id":177},"longitude":19.938724},"latitude":60.107852,"currentOwner":{"name":"Slayerrr","id":108878},"time":"2021-06-10T21:49:17+0000","type":"takeover","longitude":19.938724},{"zone":{"dateCreated":"2021-05-19T17:23:29+0000","dateLastTaken":"2021-06-10T21:49:17+0000","latitude":60.469779,"currentOwner":{"name":"Welshman","id":305225},"name":"Reivi","id":412967,"totalTakeovers":13,"region":{"country":"fi","name":"Lounais-Suomi","id":184},"pointsPerHour":1,"longitude":22.355804,"takeoverPoints":185},"latitude":60.469779,"currentOwner":{"name":"Welshman","id":305225},"time":"2021-06-10T21:49:17+0000","type":"takeover","longitude":22.355804},{"zone":{"previousOwner":{"name":"Blodgivare","id":263729},"dateCreated":"2014-09-15T20:37:55+0000","dateLastTaken":"2021-06-10T21:49:13+0000","latitude":59.338407,"currentOwner":{"name":"Dheri","id":13482},"name":"Bergskanal","id":36709,"totalTakeovers":6366,"region":{"country":"se","name":"Örebro","id":131},"pointsPerHour":6,"longitude":14.541165,"takeoverPoints":110},"latitude":59.338407,"currentOwner":{"name":"Dheri","id":13482},"time":"2021-06-10T21:49:13+0000","type":"takeover","longitude":14.541165},{"zone":{"previousOwner":{"name":"Singer29K","id":327505},"dateCreated":"2017-06-23T09:58:28+0000","dateLastTaken":"2021-06-10T21:49:13+0000","latitude":59.227819,"currentOwner":{"name":"Berg","id":216752},"name":"TristHerkules","id":114065,"totalTakeovers":1899,"region":{"country":"se","name":"Stockholm","id":141},"pointsPerHour":6,"longitude":17.959763,"takeoverPoints":110},"latitude":59.227819,"currentOwner":{"name":"Berg","id":216752},"time":"2021-06-10T21:49:13+0000","type":"takeover","longitude":17.959763},{"zone":{"previousOwner":{"name":"Prion1","id":176486},"dateCreated":"2020-03-25T19:35:22+0000","dateLastTaken":"2021-06-10T21:49:09+0000","latitude":59.429305,"currentOwner":{"name":"HeyJune!","id":254091},"name":"Kråkfot","id":229545,"totalTakeovers":673,"region":{"country":"se","name":"Stockholm","id":141},"pointsPerHour":5,"longitude":18.107472,"takeoverPoints":125},"latitude":59.429305,"currentOwner":{"name":"HeyJune!","id":254091},"time":"2021-06-10T21:49:09+0000","type":"takeover","longitude":18.107472},{"zone":{"previousOwner":{"name":"HogSquare","id":35124},"dateCreated":"2012-09-24T22:48:53+0000","dateLastTaken":"2021-06-10T21:49:01+0000","latitude":59.833,"currentOwner":{"name":"Vargen12","id":241798},"name":"WoodEntrance","id":11504,"totalTakeovers":9169,"region":{"country":"se","name":"Uppsala","id":142},"pointsPerHour":8,"longitude":17.627731,"takeoverPoints":80},"latitude":59.833,"currentOwner":{"name":"Vargen12","id":241798},"time":"2021-06-10T21:49:01+0000","type":"takeover","longitude":17.627731},{"zone":{"previousOwner":{"name":"Dheri","id":13482},"dateCreated":"2014-02-18T15:00:00+0000","dateLastTaken":"2021-06-10T21:48:43+0000","latitude":59.32931,"currentOwner":{"name":"ViRry","id":332219},"name":"Ödmansväg","id":25954,"totalTakeovers":3849,"region":{"country":"se","name":"Örebro","id":131},"pointsPerHour":4,"longitude":14.487571,"takeoverPoints":140},"latitude":59.32931,"currentOwner":{"name":"ViRry","id":332219},"time":"2021-06-10T21:48:43+0000","type":"takeover","longitude":14.487571},{"zone":{"dateCreated":"2021-06-10T17:30:01+0000","dateLastTaken":"2021-06-10T21:48:40+0000","latitude":44.935066,"currentOwner":{"name":"Tinman","id":324199},"name":"GrovelandP","id":427180,"totalTakeovers":1,"region":{"country":"us","name":"Minnesota","id":405},"pointsPerHour":1,"longitude":-93.182543,"takeoverPoints":185},"latitude":44.935066,"currentOwner":{"name":"Tinman","id":324199},"time":"2021-06-10T21:48:40+0000","type":"takeover","longitude":-93.182543},{"zone":{"previousOwner":{"name":"mini","id":12436},"dateCreated":"2014-04-28T08:00:00+0000","dateLastTaken":"2021-06-10T21:48:34+0000","latitude":55.602541,"currentOwner":{"name":"Jonte67","id":284492},"name":"PennyPonds","id":28625,"totalTakeovers":5720,"region":{"country":"se","name":"Skåne","id":135},"pointsPerHour":6,"longitude":12.970898,"takeoverPoints":110},"latitude":55.602541,"currentOwner":{"name":"Jonte67","id":284492},"time":"2021-06-10T21:48:34+0000","type":"takeover","longitude":12.970898},{"zone":{"previousOwner":{"name":"Aicar","id":74956},"dateCreated":"2017-08-27T03:00:00+0000","dateLastTaken":"2021-06-10T21:48:32+0000","latitude":59.42216,"currentOwner":{"name":"Santerih","id":333819},"name":"Fugelsang","id":117575,"totalTakeovers":1965,"region":{"country":"se","name":"Stockholm","id":141},"pointsPerHour":6,"longitude":17.951963,"takeoverPoints":110},"latitude":59.42216,"currentOwner":{"name":"Santerih","id":333819},"time":"2021-06-10T21:48:32+0000","type":"takeover","longitude":17.951963},{"zone":{"previousOwner":{"name":"RozziJR","id":327640},"dateCreated":"2017-06-18T17:34:32+0000","dateLastTaken":"2021-06-10T21:48:24+0000","latitude":59.339632,"currentOwner":{"name":"Nachtgeist","id":325908},"name":"Minneberg","id":114520,"totalTakeovers":1990,"region":{"country":"se","name":"Stockholm","id":141},"pointsPerHour":5,"longitude":17.990772,"takeoverPoints":125},"latitude":59.339632,"currentOwner":{"name":"Nachtgeist","id":325908},"time":"2021-06-10T21:48:24+0000","type":"takeover","longitude":17.990772},{"zone":{"previousOwner":{"name":"galax","id":57332},"dateCreated":"2014-12-28T20:59:37+0000","dateLastTaken":"2021-06-10T21:48:24+0000","latitude":59.311735,"currentOwner":{"name":"immi","id":193940},"name":"Mineralen","id":43387,"totalTakeovers":7204,"region":{"country":"se","name":"Örebro","id":131},"pointsPerHour":5,"longitude":14.499127,"takeoverPoints":125},"latitude":59.311735,"currentOwner":{"name":"immi","id":193940},"time":"2021-06-10T21:48:24+0000","type":"takeover","longitude":14.499127},{"zone":{"previousOwner":{"name":"Aicar","id":74956},"dateCreated":"2016-10-18T13:58:23+0000","dateLastTaken":"2021-06-10T21:48:14+0000","latitude":59.429222,"currentOwner":{"name":"stenkoll","id":308319},"name":"TureTorg","id":90445,"totalTakeovers":6472,"region":{"country":"se","name":"Stockholm","id":141},"pointsPerHour":7,"longitude":17.949961,"takeoverPoints":95},"latitude":59.429222,"currentOwner":{"name":"stenkoll","id":308319},"time":"2021-06-10T21:48:14+0000","type":"takeover","longitude":17.949961},{"zone":{"previousOwner":{"name":"castledweller","id":313087},"dateCreated":"2020-12-28T21:03:16+0000","dateLastTaken":"2021-06-10T21:48:11+0000","latitude":56.164602,"currentOwner":{"name":"devongrove","id":303727},"name":"DollarAcademy","id":359929,"totalTakeovers":274,"region":{"country":"gb","name":"Scotland","id":200},"pointsPerHour":3,"longitude":-3.675848,"takeoverPoints":155},"latitude":56.164602,"currentOwner":{"name":"devongrove","id":303727},"time":"2021-06-10T21:48:11+0000","type":"takeover","longitude":-3.675848},{"zone":{"dateCreated":"2021-05-19T18:25:55+0000","dateLastTaken":"2021-06-10T21:48:04+0000","latitude":60.467902,"currentOwner":{"name":"Welshman","id":305225},"name":"AhdasPaikka","id":413729,"totalTakeovers":7,"region":{"country":"fi","name":"Lounais-Suomi","id":184},"pointsPerHour":1,"longitude":22.354777,"takeoverPoints":185},"latitude":60.467902,"currentOwner":{"name":"Welshman","id":305225},"time":"2021-06-10T21:48:04+0000","type":"takeover","longitude":22.354777},{"zone":{"previousOwner":{"name":"Azon","id":265586},"dateCreated":"2018-10-24T16:48:54+0000","dateLastTaken":"2021-06-10T21:48:03+0000","latitude":57.677485,"currentOwner":{"name":"Movemania","id":22813},"name":"Sörgårds","id":176751,"totalTakeovers":901,"region":{"country":"se","name":"Västra Götaland","id":132},"pointsPerHour":5,"longitude":11.994603,"takeoverPoints":125},"latitude":57.677485,"currentOwner":{"name":"Movemania","id":22813},"time":"2021-06-10T21:48:03+0000","type":"takeover","longitude":11.994603},{"zone":{"previousOwner":{"name":"Spökisturfaren","id":299364},"dateCreated":"2013-05-11T03:49:48+0000","dateLastTaken":"2021-06-10T21:47:53+0000","latitude":57.639497,"currentOwner":{"name":"ReginaPhalange","id":294493},"name":"Bingebypark","id":17904,"totalTakeovers":4947,"region":{"country":"se","name":"Gotland","id":138},"pointsPerHour":6,"longitude":18.313244,"takeoverPoints":110},"latitude":57.639497,"currentOwner":{"name":"ReginaPhalange","id":294493},"time":"2021-06-10T21:47:53+0000","type":"takeover","longitude":18.313244},{"zone":{"previousOwner":{"name":"JoasK","id":303577},"dateCreated":"2021-05-21T09:13:06+0000","dateLastTaken":"2021-06-10T21:47:33+0000","latitude":50.939956,"currentOwner":{"name":"forelle","id":318976},"name":"Löwenbrunnen","id":418822,"totalTakeovers":13,"region":{"country":"de","name":"Nordrhein-Westfalen","id":445},"pointsPerHour":2,"longitude":6.944899,"takeoverPoints":170},"latitude":50.939956,"currentOwner":{"name":"forelle","id":318976},"time":"2021-06-10T21:47:33+0000","type":"takeover","longitude":6.944899},{"zone":{"previousOwner":{"name":"Marpii2004","id":265339},"dateCreated":"2013-02-08T18:25:59+0000","dateLastTaken":"2021-06-10T21:47:30+0000","latitude":60.105802,"currentOwner":{"name":"Slayerrr","id":108878},"name":"AlgotsZone","id":14760,"totalTakeovers":16098,"region":{"country":"fi","name":"Åland","id":177},"pointsPerHour":8,"longitude":19.938766,"takeoverPoints":80},"latitude":60.105802,"currentOwner":{"name":"Slayerrr","id":108878},"time":"2021-06-10T21:47:30+0000","type":"takeover","longitude":19.938766},{"zone":{"previousOwner":{"name":"beha","id":186270},"dateCreated":"2013-12-31T23:00:00+0000","dateLastTaken":"2021-06-10T21:47:16+0000","latitude":59.254489,"currentOwner":{"name":"Momats","id":188226},"name":"Fatbursrunda","id":24586,"totalTakeovers":8268,"region":{"country":"se","name":"Örebro","id":131},"pointsPerHour":6,"longitude":15.206157,"takeoverPoints":110},"latitude":59.254489,"currentOwner":{"name":"Momats","id":188226},"time":"2021-06-10T21:47:16+0000","type":"takeover","longitude":15.206157},{"zone":{"previousOwner":{"name":"HogSquare","id":35124},"dateCreated":"2013-07-16T18:44:24+0000","dateLastTaken":"2021-06-10T21:47:09+0000","latitude":59.832308,"currentOwner":{"name":"Vargen12","id":241798},"name":"RosendalZone","id":20827,"totalTakeovers":9061,"region":{"country":"se","name":"Uppsala","id":142},"pointsPerHour":8,"longitude":17.63549,"takeoverPoints":80},"latitude":59.832308,"currentOwner":{"name":"Vargen12","id":241798},"time":"2021-06-10T21:47:09+0000","type":"takeover","longitude":17.63549},{"zone":{"previousOwner":{"name":"mini","id":12436},"dateLastTaken":"2021-06-10T21:47:06+0000","latitude":55.603745,"totalTakeovers":6126,"pointsPerHour":6,"takeoverPoints":110,"dateCreated":"2014-04-06T12:40:17+0000","currentOwner":{"name":"Jonte67","id":284492},"name":"Ribersborg","id":27830,"region":{"country":"se","name":"Skåne","id":135},"longitude":12.974245},"latitude":55.603745,"currentOwner":{"name":"Jonte67","id":284492},"time":"2021-06-10T21:47:06+0000","type":"takeover","longitude":12.974245},{"zone":{"previousOwner":{"name":"Tonimakaroni","id":333412},"dateCreated":"2016-12-18T00:00:00+0000","dateLastTaken":"2021-06-10T21:47:02+0000","latitude":59.469008,"currentOwner":{"name":"Aicar","id":74956},"name":"Bunkern","id":92293,"totalTakeovers":743,"region":{"country":"se","name":"Stockholm","id":141},"pointsPerHour":4,"longitude":17.907002,"takeoverPoints":140},"latitude":59.469008,"currentOwner":{"name":"Aicar","id":74956},"time":"2021-06-10T21:47:02+0000","type":"takeover","longitude":17.907002},{"zone":{"previousOwner":{"name":"MrCoolWat","id":227290},"dateCreated":"2020-09-05T10:00:00+0000","dateLastTaken":"2021-06-10T21:47:00+0000","latitude":60.22758,"currentOwner":{"name":"firtinho","id":208860},"name":"Goodrest","id":324451,"totalTakeovers":1589,"region":{"country":"fi","name":"Åland","id":177},"pointsPerHour":6,"longitude":19.977486,"takeoverPoints":110},"latitude":60.22758,"currentOwner":{"name":"firtinho","id":208860},"time":"2021-06-10T21:47:00+0000","type":"takeover","longitude":19.977486},{"zone":{"previousOwner":{"name":"Clipperton","id":161073},"dateCreated":"2018-05-01T09:52:45+0000","dateLastTaken":"2021-06-10T21:46:52+0000","latitude":65.595026,"currentOwner":{"name":"grock","id":189790},"name":"ÖstraLänken","id":146407,"totalTakeovers":4162,"region":{"country":"se","name":"Norrbotten","id":126},"pointsPerHour":7,"longitude":22.147383,"takeoverPoints":95},"latitude":65.595026,"currentOwner":{"name":"grock","id":189790},"time":"2021-06-10T21:46:52+0000","type":"takeover","longitude":22.147383},{"zone":{"previousOwner":{"name":"SirWinston","id":66854},"dateCreated":"2013-10-13T19:29:03+0000","dateLastTaken":"2021-06-10T21:46:48+0000","latitude":58.376079,"currentOwner":{"name":"stinabus","id":93156},"name":"EkholmenPath","id":22161,"totalTakeovers":10815,"region":{"country":"se","name":"Östergötland","id":139},"pointsPerHour":7,"longitude":15.676742,"takeoverPoints":95},"latitude":58.376079,"currentOwner":{"name":"stinabus","id":93156},"time":"2021-06-10T21:46:48+0000","type":"takeover","longitude":15.676742},{"zone":{"previousOwner":{"name":"TimmyM","id":282180},"dateCreated":"2020-08-27T16:00:00+0000","dateLastTaken":"2021-06-10T21:46:46+0000","latitude":55.885737,"currentOwner":{"name":"StobDubh","id":302008},"name":"GardenWalk","id":321047,"totalTakeovers":555,"region":{"country":"gb","name":"Scotland","id":200},"pointsPerHour":5,"longitude":-3.338793,"takeoverPoints":125},"latitude":55.885737,"currentOwner":{"name":"StobDubh","id":302008},"time":"2021-06-10T21:46:46+0000","type":"takeover","longitude":-3.338793},{"zone":{"previousOwner":{"name":"edeby","id":21042},"dateLastTaken":"2021-06-10T21:46:45+0000","latitude":59.231357,"totalTakeovers":5593,"pointsPerHour":7,"takeoverPoints":95,"dateCreated":"2013-04-18T07:36:30+0000","currentOwner":{"name":"Berg","id":216752},"name":"BridgerBridge","id":17042,"region":{"country":"se","name":"Stockholm","id":141},"longitude":17.968848},"latitude":59.231357,"currentOwner":{"name":"Berg","id":216752},"time":"2021-06-10T21:46:45+0000","type":"takeover","longitude":17.968848},{"zone":{"previousOwner":{"name":"Dheri","id":13482},"dateCreated":"2015-12-26T13:00:00+0000","dateLastTaken":"2021-06-10T21:46:43+0000","latitude":59.331429,"currentOwner":{"name":"ViRry","id":332219},"name":"ÖdmanEnd","id":62223,"totalTakeovers":5818,"region":{"country":"se","name":"Örebro","id":131},"pointsPerHour":5,"longitude":14.490131,"takeoverPoints":125},"latitude":59.331429,"currentOwner":{"name":"ViRry","id":332219},"time":"2021-06-10T21:46:43+0000","type":"takeover","longitude":14.490131},{"zone":{"previousOwner":{"name":"castledweller","id":313087},"dateLastTaken":"2021-06-10T21:46:40+0000","latitude":56.162278,"totalTakeovers":246,"pointsPerHour":2,"takeoverPoints":170,"dateCreated":"2020-12-28T21:04:48+0000","currentOwner":{"name":"devongrove","id":303727},"name":"PriceWar","id":359931,"region":{"country":"gb","name":"Scotland","id":200},"longitude":-3.677248},"latitude":56.162278,"currentOwner":{"name":"devongrove","id":303727},"time":"2021-06-10T21:46:40+0000","type":"takeover","longitude":-3.677248},{"zone":{"previousOwner":{"name":"galax","id":57332},"dateCreated":"2013-10-30T15:00:00+0000","dateLastTaken":"2021-06-10T21:46:35+0000","latitude":59.311253,"currentOwner":{"name":"immi","id":193940},"name":"Riksbyggeväg","id":22523,"totalTakeovers":14253,"region":{"country":"se","name":"Örebro","id":131},"pointsPerHour":7,"longitude":14.505258,"takeoverPoints":95},"latitude":59.311253,"currentOwner":{"name":"immi","id":193940},"time":"2021-06-10T21:46:35+0000","type":"takeover","longitude":14.505258},{"zone":{"previousOwner":{"name":"ElsieSpanner","id":309195},"dateCreated":"2020-10-18T07:00:00+0000","dateLastTaken":"2021-06-10T21:46:11+0000","latitude":55.928722,"currentOwner":{"name":"Artful","id":302131},"name":"TrainBikeBoat","id":339220,"totalTakeovers":443,"region":{"country":"gb","name":"Scotland","id":200},"pointsPerHour":6,"longitude":-3.22952,"takeoverPoints":110},"latitude":55.928722,"currentOwner":{"name":"Artful","id":302131},"time":"2021-06-10T21:46:11+0000","type":"takeover","longitude":-3.22952},{"zone":{"previousOwner":{"name":"N3K","id":75709},"dateCreated":"2017-04-10T10:42:00+0000","dateLastTaken":"2021-06-10T21:46:09+0000","latitude":59.48159,"currentOwner":{"name":"SUPERIOЯ","id":122085},"name":"Pulkasyltan","id":97980,"totalTakeovers":643,"region":{"country":"se","name":"Stockholm","id":141},"pointsPerHour":2,"longitude":17.713054,"takeoverPoints":170},"latitude":59.48159,"currentOwner":{"name":"SUPERIOЯ","id":122085},"time":"2021-06-10T21:46:09+0000","type":"takeover","longitude":17.713054},{"zone":{"previousOwner":{"name":"MtkaHek","id":303521},"dateLastTaken":"2021-06-10T21:46:06+0000","latitude":44.945373,"totalTakeovers":37,"pointsPerHour":1,"takeoverPoints":185,"dateCreated":"2021-03-06T21:12:57+0000","currentOwner":{"name":"MtkaHek","id":303521},"name":"BigWillow","id":389784,"region":{"country":"us","name":"Minnesota","id":405},"longitude":-93.435219},"latitude":44.945373,"currentOwner":{"name":"MtkaHek","id":303521},"time":"2021-06-10T21:46:06+0000","type":"takeover","longitude":-93.435219},{"zone":{"previousOwner":{"name":"Aicar","id":74956},"dateCreated":"2012-04-26T20:23:59+0000","dateLastTaken":"2021-06-10T21:46:04+0000","latitude":59.430459,"currentOwner":{"name":"stenkoll","id":308319},"name":"Satelliten","id":8405,"totalTakeovers":7347,"region":{"country":"se","name":"Stockholm","id":141},"pointsPerHour":7,"longitude":17.947961,"takeoverPoints":95},"latitude":59.430459,"currentOwner":{"name":"stenkoll","id":308319},"time":"2021-06-10T21:46:04+0000","type":"takeover","longitude":17.947961},{"zone":{"previousOwner":{"name":"ELOsheila","id":296475},"dateCreated":"2020-08-24T10:00:00+0000","dateLastTaken":"2021-06-10T21:45:55+0000","latitude":55.94735,"currentOwner":{"name":"AROS-KS","id":297609},"name":"HeughGarden","id":320883,"totalTakeovers":278,"region":{"country":"gb","name":"Scotland","id":200},"pointsPerHour":4,"longitude":-2.958054,"takeoverPoints":140},"latitude":55.94735,"currentOwner":{"name":"AROS-KS","id":297609},"time":"2021-06-10T21:45:55+0000","type":"takeover","longitude":-2.958054},{"zone":{"previousOwner":{"name":"castledweller","id":313087},"dateLastTaken":"2021-06-10T21:45:45+0000","latitude":56.163434,"totalTakeovers":266,"pointsPerHour":3,"takeoverPoints":155,"dateCreated":"2021-01-04T11:24:45+0000","currentOwner":{"name":"devongrove","id":303727},"name":"GreatJames","id":361771,"region":{"country":"gb","name":"Scotland","id":200},"longitude":-3.679565},"latitude":56.163434,"currentOwner":{"name":"devongrove","id":303727},"time":"2021-06-10T21:45:45+0000","type":"takeover","longitude":-3.679565},{"zone":{"previousOwner":{"name":"Xtrmrunner","id":305266},"dateCreated":"2021-05-19T18:30:28+0000","dateLastTaken":"2021-06-10T21:45:41+0000","latitude":60.465407,"currentOwner":{"name":"Welshman","id":305225},"name":"Risteyksiä","id":413728,"totalTakeovers":10,"region":{"country":"fi","name":"Lounais-Suomi","id":184},"pointsPerHour":1,"longitude":22.348551,"takeoverPoints":185},"latitude":60.465407,"currentOwner":{"name":"Welshman","id":305225},"time":"2021-06-10T21:45:41+0000","type":"takeover","longitude":22.348551},{"zone":{"previousOwner":{"name":"ingbra","id":280407},"dateCreated":"2020-07-28T14:29:18+0000","dateLastTaken":"2021-06-10T21:45:39+0000","latitude":63.159295,"currentOwner":{"name":"TheHellion","id":21797},"name":"Odenkorset","id":318444,"totalTakeovers":1033,"region":{"country":"se","name":"Jämtland","id":128},"pointsPerHour":7,"longitude":14.685063,"takeoverPoints":95},"latitude":63.159295,"currentOwner":{"name":"TheHellion","id":21797},"time":"2021-06-10T21:45:39+0000","type":"takeover","longitude":14.685063},{"zone":{"previousOwner":{"name":"Marpii2004","id":265339},"dateCreated":"2014-10-10T21:52:18+0000","dateLastTaken":"2021-06-10T21:45:37+0000","latitude":60.103354,"currentOwner":{"name":"Slayerrr","id":108878},"name":"CaptainSquare","id":38248,"totalTakeovers":16455,"region":{"country":"fi","name":"Åland","id":177},"pointsPerHour":8,"longitude":19.940002,"takeoverPoints":80},"latitude":60.103354,"currentOwner":{"name":"Slayerrr","id":108878},"time":"2021-06-10T21:45:37+0000","type":"takeover","longitude":19.940002},{"zone":{"previousOwner":{"name":"Clipperton","id":161073},"dateCreated":"2011-03-16T19:15:43+0000","dateLastTaken":"2021-06-10T21:45:30+0000","latitude":65.597438,"currentOwner":{"name":"grock","id":189790},"name":"CoopArena","id":1576,"totalTakeovers":9420,"region":{"country":"se","name":"Norrbotten","id":126},"pointsPerHour":8,"longitude":22.1467,"takeoverPoints":80},"latitude":65.597438,"currentOwner":{"name":"grock","id":189790},"time":"2021-06-10T21:45:30+0000","type":"takeover","longitude":22.1467},{"zone":{"previousOwner":{"name":"MrMagoo","id":259703},"dateCreated":"2014-12-24T14:00:00+0000","dateLastTaken":"2021-06-10T21:45:29+0000","latitude":59.404961,"currentOwner":{"name":"Suedehead","id":79931},"name":"Öronvax","id":43184,"totalTakeovers":1228,"region":{"country":"se","name":"Stockholm","id":141},"pointsPerHour":4,"longitude":18.33269,"takeoverPoints":140},"latitude":59.404961,"currentOwner":{"name":"Suedehead","id":79931},"time":"2021-06-10T21:45:29+0000","type":"takeover","longitude":18.33269},{"zone":{"previousOwner":{"name":"mini","id":12436},"dateCreated":"2014-04-28T08:45:59+0000","dateLastTaken":"2021-06-10T21:45:25+0000","latitude":55.605205,"currentOwner":{"name":"Jonte67","id":284492},"name":"Mariedal","id":28632,"totalTakeovers":8045,"region":{"country":"se","name":"Skåne","id":135},"pointsPerHour":7,"longitude":12.978564,"takeoverPoints":95},"latitude":55.605205,"currentOwner":{"name":"Jonte67","id":284492},"time":"2021-06-10T21:45:25+0000","type":"takeover","longitude":12.978564},{"zone":{"previousOwner":{"name":"Spökisturfaren","id":299364},"dateCreated":"2015-10-10T06:11:15+0000","dateLastTaken":"2021-06-10T21:45:20+0000","latitude":57.636873,"currentOwner":{"name":"ReginaPhalange","id":294493},"name":"Birkaplanen","id":60138,"totalTakeovers":3529,"region":{"country":"se","name":"Gotland","id":138},"pointsPerHour":6,"longitude":18.310437,"takeoverPoints":110},"latitude":57.636873,"currentOwner":{"name":"ReginaPhalange","id":294493},"time":"2021-06-10T21:45:20+0000","type":"takeover","longitude":18.310437},{"zone":{"previousOwner":{"name":"Firefight001","id":274313},"dateCreated":"2020-10-30T12:00:00+0000","dateLastTaken":"2021-06-10T21:45:08+0000","latitude":59.473223,"currentOwner":{"name":"Aicar","id":74956},"name":"HassesGröna","id":348765,"totalTakeovers":254,"region":{"country":"se","name":"Stockholm","id":141},"pointsPerHour":4,"longitude":17.909765,"takeoverPoints":140},"latitude":59.473223,"currentOwner":{"name":"Aicar","id":74956},"time":"2021-06-10T21:45:08+0000","type":"takeover","longitude":17.909765},{"zone":{"previousOwner":{"name":"galax","id":57332},"dateCreated":"2017-04-15T08:00:00+0000","dateLastTaken":"2021-06-10T21:45:08+0000","latitude":59.314328,"currentOwner":{"name":"immi","id":193940},"name":"Riksbygget","id":97034,"totalTakeovers":10029,"region":{"country":"se","name":"Örebro","id":131},"pointsPerHour":8,"longitude":14.505419,"takeoverPoints":80},"latitude":59.314328,"currentOwner":{"name":"immi","id":193940},"time":"2021-06-10T21:45:08+0000","type":"takeover","longitude":14.505419},{"zone":{"previousOwner":{"name":"Dheri","id":13482},"dateCreated":"2018-05-25T17:58:33+0000","dateLastTaken":"2021-06-10T21:45:07+0000","latitude":59.332818,"currentOwner":{"name":"ViRry","id":332219},"name":"Hemmaplan","id":151863,"totalTakeovers":2734,"region":{"country":"se","name":"Örebro","id":131},"pointsPerHour":5,"longitude":14.491636,"takeoverPoints":125},"latitude":59.332818,"currentOwner":{"name":"ViRry","id":332219},"time":"2021-06-10T21:45:07+0000","type":"takeover","longitude":14.491636},{"zone":{"previousOwner":{"name":"Hylaeus","id":35022},"dateCreated":"2012-03-21T08:39:09+0000","dateLastTaken":"2021-06-10T21:45:06+0000","latitude":59.846924,"currentOwner":{"name":"Zacly","id":327470},"name":"EkebyWay","id":7240,"totalTakeovers":9207,"region":{"country":"se","name":"Uppsala","id":142},"pointsPerHour":7,"longitude":17.604884,"takeoverPoints":95},"latitude":59.846924,"currentOwner":{"name":"Zacly","id":327470},"time":"2021-06-10T21:45:06+0000","type":"takeover","longitude":17.604884},{"zone":{"previousOwner":{"name":"onsdagen","id":119829},"dateCreated":"2012-12-24T11:00:00+0000","dateLastTaken":"2021-06-10T21:45:06+0000","latitude":57.716049,"currentOwner":{"name":"áñ0nymòusたな","id":324762},"name":"Eketräbussen","id":12445,"totalTakeovers":8476,"region":{"country":"se","name":"Västra Götaland","id":132},"pointsPerHour":6,"longitude":11.910196,"takeoverPoints":110},"latitude":57.716049,"currentOwner":{"name":"áñ0nymòusたな","id":324762},"time":"2021-06-10T21:45:06+0000","type":"takeover","longitude":11.910196},{"zone":{"previousOwner":{"name":"Azon","id":265586},"dateCreated":"2017-05-22T21:14:38+0000","dateLastTaken":"2021-06-10T21:44:57+0000","latitude":57.677947,"currentOwner":{"name":"Movemania","id":22813},"name":"Gränsrundeln","id":109655,"totalTakeovers":1248,"region":{"country":"se","name":"Västra Götaland","id":132},"pointsPerHour":5,"longitude":11.985855,"takeoverPoints":125},"latitude":57.677947,"currentOwner":{"name":"Movemania","id":22813},"time":"2021-06-10T21:44:57+0000","type":"takeover","longitude":11.985855},{"zone":{"previousOwner":{"name":"Boinkaboinka","id":133017},"dateCreated":"2011-09-06T00:00:00+0000","dateLastTaken":"2021-06-10T21:44:50+0000","latitude":59.834819,"currentOwner":{"name":"Vargen12","id":241798},"name":"BigPineZone","id":3054,"totalTakeovers":4607,"region":{"country":"se","name":"Uppsala","id":142},"pointsPerHour":7,"longitude":17.639547,"takeoverPoints":95},"latitude":59.834819,"currentOwner":{"name":"Vargen12","id":241798},"time":"2021-06-10T21:44:50+0000","type":"takeover","longitude":17.639547}]