[{"medal":80,"time":"2023-05-15T19:52:56+0000","type":"medal","user":{"country":"se","medals":[84,80],"zones":[30226,180615,180616,9755,24139],"pointsPerHour":0,"points":800,"blocktime":10,"taken":6,"name":"Klubbmästarn","totalPoints":800,"rank":3,"id":393951,"place":6701,"uniqueZonesTaken":5,"region":{"name":"Västerbotten","id":127}}},{"medal":84,"time":"2023-05-15T19:48:31+0000","type":"medal","user":{"country":"se","medals":[84],"zones":[30226,180615,180616,9755],"pointsPerHour":0,"points":674,"blocktime":10,"taken":5,"name":"Klubbmästarn","totalPoints":674,"rank":2,"id":393951,"place":6701,"uniqueZonesTaken":4,"region":{"name":"Västerbotten","id":127}}}]