[{"medal":42,"time":"2023-05-15T13:40:36+0000","type":"medal","user":{"country":"fi","medals":[28,52,95,102,11,5,42],"zones":[34129,176154,152986],"pointsPerHour":0,"points":8571,"blocktime":13,"taken":250,"name":"Bayernstar","totalPoints":36104,"rank":14,"id":388109,"place":6646,"uniqueZonesTaken":56,"region":{"name":"Åland","id":177}}},{"medal":12,"time":"2023-05-15T13:36:40+0000","type":"medal","user":{"country":"uk","medals":[90,93,32,16,55,12],"zones":[328388,486853,486852,408194,328385,486850,368579,328387,328386,328393,328392,14287,328405,328404,328409,328472,328474,328410,15328,481766,481765,476707,15333,567983,15335,481774,13871,481768,374327,13877,13878,14010,14012,14013,17341],"pointsPerHour":0,"points":31407,"blocktime":14,"taken":237,"name":"HappyHaggis","totalPoints":72920,"rank":17,"id":387356,"place":6646,"uniqueZonesTaken":100,"region":{"name":"Scotland","id":200}}},{"medal":84,"time":"2023-05-15T13:35:16+0000","type":"medal","user":{"country":"se","medals":[84],"zones":[42459],"pointsPerHour":0,"points":614,"blocktime":10,"taken":5,"name":"Siri8b","totalPoints":614,"rank":2,"id":393959,"place":6646,"uniqueZonesTaken":4,"region":{"name":"Stockholm","id":141}}}]