[{"medal":42,"time":"2021-08-28T11:31:14+0000","type":"medal","user":{"country":"se","medals":[92,51,42],"zones":[33478,281789,26298,281790,9550],"pointsPerHour":0,"points":13060,"blocktime":825,"taken":250,"name":"walkabout...","totalPoints":51712,"rank":15,"id":299105,"place":7597,"uniqueZonesTaken":28,"region":{"name":"Västmanland","id":143}}},{"medal":86,"time":"2021-08-28T11:26:27+0000","type":"medal","user":{"country":"se","medals":[92,78,52,86],"zones":[705,52294,219908,169866,14602,169865,27468,141580,169868,3086,3088,117075,136218,82396,24349,82398,49250,319207,203947,9001,23662,31982,224051,19635,19637,142452,14904],"pointsPerHour":0,"points":15939,"blocktime":750,"taken":50,"name":"hedda38","totalPoints":15939,"rank":10,"id":337426,"place":7597,"uniqueZonesTaken":45,"region":{"name":"Gävleborg","id":144}}}]