[{"medal":52,"time":"2021-08-28T13:40:28+0000","type":"medal","user":{"country":"se","medals":[93,32,6,12,103,10,52],"zones":[38241,281824,24201,56137,6153,6154,6156,62028,179182,408427,102063,93902,19666,141588,37462,42262,224539,155870,21758,3071],"pointsPerHour":0,"points":36918,"blocktime":810,"taken":223,"name":"milksteak2","totalPoints":36918,"rank":14,"id":336832,"place":7610,"uniqueZonesTaken":172,"region":{"name":"Västmanland","id":143}}},{"medal":84,"time":"2021-08-28T13:37:42+0000","type":"medal","user":{"country":"gb","medals":[84],"zones":[371265,15015,318093,318095],"pointsPerHour":0,"points":750,"blocktime":645,"taken":5,"name":"pookiss","totalPoints":750,"rank":3,"id":338169,"place":7610,"uniqueZonesTaken":5,"region":{"name":"Scotland","id":200}}},{"sender":{"country":"uk","medals":[93,90,32,11,53],"zones":[322148,322149,411303,321984,321985,322092,322093,322152,322091,354964,354961,355601,354960,322098,321980],"pointsPerHour":36,"points":29286,"blocktime":825,"taken":205,"name":"jdy2021","totalPoints":48314,"rank":15,"id":318889,"place":2266,"uniqueZonesTaken":69,"region":{"name":"Scotland","id":200}},"time":"2021-08-28T13:36:18+0000","message":"langtouner","region":{"name":"Scotland","id":200},"type":"chat"}]