[{"sender":{"country":"se","medals":[5,16,24,67,24,27,70,7,43,28,47,24,17,15,101,78,116,17,117,122,59,68,126,4,127,73],"zones":[43360,429414,76672,223842,14981,14982,23945,355177,11954,45109,45110,137530,233307,29020,28830],"pointsPerHour":31,"points":6042,"blocktime":23,"taken":32314,"name":"geoturfwera","totalPoints":8406188,"rank":54,"id":32963,"place":668,"uniqueZonesTaken":1650,"region":{"name":"Jönköping","id":133}},"time":"2022-06-06T08:04:24+0000","message":"Dacop: 😉🤣","region":{"name":"Jönköping","id":133},"type":"chat"},{"medal":36,"time":"2022-06-06T08:01:32+0000","type":"medal","user":{"country":"se","medals":[94,12,129,46,79,101,54,28,36],"zones":[176320,496597,20693,2890,9419],"pointsPerHour":0,"points":2669,"blocktime":18,"taken":5000,"name":"zedrick","totalPoints":591478,"rank":34,"id":212749,"place":3824,"uniqueZonesTaken":161,"region":{"name":"Västerbotten","id":127}}}]