[{"medal":34,"time":"2022-06-06T09:43:37+0000","type":"medal","user":{"country":"uk","medals":[93,12,90,54,34],"zones":[64401],"pointsPerHour":0,"points":155,"blocktime":17,"taken":1000,"name":"Westbourne","totalPoints":306756,"rank":30,"id":308160,"place":3918,"uniqueZonesTaken":186,"region":{"name":"Scotland","id":200}}},{"sender":{"country":"se","medals":[22,67,4,24,70,16,57,27,83,15,72,79,48,99,66,24,126,107,124,130,24,119],"zones":[44995,18309,711,41738,7755,9680,41745,41749,14870,14872,18200,15961,319449,43807,41760,47653,41766,490,152876,20849,29169,135932,41726,150653,41727],"pointsPerHour":145,"points":13642,"blocktime":24,"taken":101314,"name":"FlitigaTobbe","totalPoints":17081463,"rank":58,"id":48872,"place":258,"uniqueZonesTaken":2153,"region":{"name":"Västmanland","id":143}},"time":"2022-06-06T09:43:31+0000","message":"Frökenbok: 😁 nä, behövde röra mig lite. Solade, men blev rastlös","region":{"name":"Västmanland","id":143},"type":"chat"},{"sender":{"country":"se","medals":[24,22,67,28,17,4,24,24,24,16,7,24,24,79,48,24,17,5,57,24,123,107,15,128,24,112,87],"zones":[78534,17736,5449,7753,2252,31954,139669,15960,14874,47652,549,60712,60713,41770,10922,492,29169,80112,31474,178353,13622,5624,5625,24185,43193,42175],"pointsPerHour":171,"points":3886,"blocktime":22,"taken":36270,"name":"Frökenbok","totalPoints":4394091,"rank":48,"id":45345,"place":1035,"uniqueZonesTaken":1030,"region":{"name":"Västmanland","id":143}},"time":"2022-06-06T09:42:26+0000","message":"FlitigaTobbe: Är du ute och loopar 🤣","region":{"name":"Västmanland","id":143},"type":"chat"},{"medal":92,"time":"2022-06-06T09:40:23+0000","type":"medal","user":{"country":"se","medals":[80,31,92],"zones":[154198,142503,220843,134190,119213,24446],"pointsPerHour":0,"points":3009,"blocktime":11,"taken":30,"name":"MELWIN12","totalPoints":5496,"rank":6,"id":360693,"place":3913,"uniqueZonesTaken":15,"region":{"name":"Västra Götaland","id":132}}},{"medal":6,"time":"2022-06-06T09:37:28+0000","type":"medal","user":{"country":"no","medals":[52,11,32,95,100,6],"zones":[],"pointsPerHour":0,"points":235,"blocktime":13,"taken":152,"name":"sadnil","totalPoints":31610,"rank":13,"id":159566,"place":3910,"uniqueZonesTaken":71,"region":{"name":"Nordnorge","id":183}}}]