[{"medal":10,"time":"2022-06-06T07:47:26+0000","type":"medal","user":{"country":"se","medals":[94,100,92,31,51,10],"zones":[224147,54290,54292,361184,90871,155882,111560,297053,297054,204188],"pointsPerHour":0,"points":2385,"blocktime":11,"taken":41,"name":"floki","totalPoints":5019,"rank":6,"id":365448,"place":3814,"uniqueZonesTaken":34,"region":{"name":"Kalmar","id":137}}},{"medal":51,"time":"2022-06-06T07:47:26+0000","type":"medal","user":{"country":"se","medals":[94,100,92,31,51,10],"zones":[224147,54290,54292,361184,90871,155882,111560,297053,297054,204188],"pointsPerHour":0,"points":2385,"blocktime":11,"taken":41,"name":"floki","totalPoints":5019,"rank":6,"id":365448,"place":3814,"uniqueZonesTaken":34,"region":{"name":"Kalmar","id":137}}}]