[{"sender":{"country":"se","medals":[28,16,4,9,24,24,24,24,24,24,22,67,48,24,17,24,79,77,24,17,30,24,56,17,116,26,91,24,5,17,24,50,122,108,126,88,24,127,17],"zones":[30352,22775,30348,30349],"pointsPerHour":18,"points":10384,"blocktime":22,"taken":44515,"name":"Fiona","totalPoints":5541357,"rank":50,"id":36959,"place":656,"uniqueZonesTaken":2921,"region":{"name":"Östergötland","id":139}},"time":"2022-06-07T03:53:29+0000","message":"Pitcher's kl 18, vi ses","region":{"name":"Östergötland","id":139},"type":"chat"}]