[{"sender":{"country":"se","medals":[16,47,27,24,67,70,57,77,5,17,7,28,4,79,24,100,94,22,117,15,126,89,131],"zones":[2976,15041,21746,47730,47731,16901,198548,2968,21740,29135,21743],"pointsPerHour":42,"points":10914,"blocktime":24,"taken":64226,"name":"BWG","totalPoints":15096581,"rank":58,"id":98031,"place":545,"uniqueZonesTaken":1122,"region":{"name":"Jönköping","id":133}},"time":"2022-06-06T18:43:13+0000","message":"Game-Over: GRATTIS till medaljen 🎖️","region":{"name":"Jönköping","id":133},"type":"chat"},{"medal":84,"time":"2022-06-06T18:40:53+0000","type":"medal","user":{"country":"se","medals":[93,100,84],"zones":[12497],"pointsPerHour":0,"points":1345,"blocktime":11,"taken":8,"name":"Lapoz","totalPoints":1345,"rank":4,"id":337253,"place":4446,"uniqueZonesTaken":8,"region":{"name":"Värmland","id":130}}},{"medal":86,"time":"2022-06-06T18:31:12+0000","type":"medal","user":{"country":"se","medals":[80,86],"zones":[50314],"pointsPerHour":0,"points":155,"blocktime":12,"taken":50,"name":"JollNik","totalPoints":12452,"rank":9,"id":164453,"place":4441,"uniqueZonesTaken":9,"region":{"name":"Östergötland","id":139}}}]