[{"medal":93,"time":"2021-09-08T06:37:57+0000","type":"medal","user":{"country":"se","medals":[93],"zones":[2297],"pointsPerHour":0,"points":160,"blocktime":10,"taken":5,"name":"Benji8e","totalPoints":492,"rank":2,"id":338599,"place":5352,"uniqueZonesTaken":5,"region":{"name":"Östergötland","id":139}}},{"medal":84,"time":"2021-09-08T06:36:33+0000","type":"medal","user":{"country":"se","medals":[80,84],"zones":[11268,7190,154980,22331,7163],"pointsPerHour":0,"points":672,"blocktime":10,"taken":5,"name":"AA123NA","totalPoints":672,"rank":2,"id":340322,"place":5347,"uniqueZonesTaken":5,"region":{"name":"Halland","id":134}}},{"medal":80,"time":"2021-09-08T06:36:33+0000","type":"medal","user":{"country":"se","medals":[80,84],"zones":[11268,7190,154980,22331,7163],"pointsPerHour":0,"points":672,"blocktime":10,"taken":5,"name":"AA123NA","totalPoints":672,"rank":2,"id":340322,"place":5347,"uniqueZonesTaken":5,"region":{"name":"Halland","id":134}}},{"medal":84,"time":"2021-09-08T06:36:28+0000","type":"medal","user":{"country":"se","medals":[84],"zones":[97796,934],"pointsPerHour":0,"points":221,"blocktime":10,"taken":5,"name":"t_u_v_a","totalPoints":658,"rank":2,"id":246478,"place":5347,"uniqueZonesTaken":5,"region":{"name":"Östergötland","id":139}}},{"medal":93,"time":"2021-09-08T06:36:27+0000","type":"medal","user":{"country":"se","medals":[93],"zones":[95110],"pointsPerHour":0,"points":205,"blocktime":10,"taken":2,"name":"Tida2005","totalPoints":205,"rank":1,"id":340307,"place":5347,"uniqueZonesTaken":2,"region":{"name":"Östergötland","id":139}}},{"medal":84,"time":"2021-09-08T06:35:29+0000","type":"medal","user":{"country":"se","medals":[80,84],"zones":[69845,3382,80618,27021,62351],"pointsPerHour":0,"points":644,"blocktime":10,"taken":5,"name":"DanneFantom","totalPoints":645,"rank":2,"id":324915,"place":5347,"uniqueZonesTaken":5,"region":{"name":"Halland","id":134}}},{"medal":80,"time":"2021-09-08T06:35:29+0000","type":"medal","user":{"country":"se","medals":[80,84],"zones":[69845,3382,80618,27021,62351],"pointsPerHour":0,"points":644,"blocktime":10,"taken":5,"name":"DanneFantom","totalPoints":645,"rank":2,"id":324915,"place":5347,"uniqueZonesTaken":5,"region":{"name":"Halland","id":134}}},{"medal":84,"time":"2021-09-08T06:34:30+0000","type":"medal","user":{"country":"se","medals":[84],"zones":[138514,7188,757,20885],"pointsPerHour":0,"points":478,"blocktime":10,"taken":5,"name":"kattegattgym","totalPoints":478,"rank":2,"id":340300,"place":5345,"uniqueZonesTaken":5,"region":{"name":"Halland","id":134}}}]