[{"sender":{"country":"se","medals":[22,9,27,16,67,48,28,24,3,68,4,30,24,24,70,24,25,60,24,24,24,24,17,91,79,77,24,17,24,74,24,17,116,113,83,24,17,88,24,126,24,107,124,24,17],"zones":[833,50305,50306,50307,20548,32324,20549,32325,32326,99851,99850,20561,108693,61780,108692,61781,61782,154776,429402,20572,20573,50288,55793,50289,50291,50292,50293,50294,50295,50296,50297,296062,92093,92092,114559,92094],"pointsPerHour":113,"points":14156,"blocktime":23,"taken":46733,"name":"MajOxe","totalPoints":9803517,"rank":55,"id":47701,"place":754,"uniqueZonesTaken":6721,"region":{"name":"Östergötland","id":139}},"time":"2021-09-08T05:49:23+0000","message":"Dräängen: stort grattis i efterskott! 🎂☕️","region":{"name":"Östergötland","id":139},"type":"chat"},{"medal":84,"time":"2021-09-08T05:49:21+0000","type":"medal","user":{"country":"se","medals":[80,84],"zones":[44115,42855,62024,396842,113487],"pointsPerHour":0,"points":881,"blocktime":10,"taken":5,"name":"janneqda","totalPoints":881,"rank":3,"id":340288,"place":5305,"uniqueZonesTaken":5,"region":{"name":"Västmanland","id":143}}},{"medal":80,"time":"2021-09-08T05:49:21+0000","type":"medal","user":{"country":"se","medals":[80,84],"zones":[44115,42855,62024,396842,113487],"pointsPerHour":0,"points":881,"blocktime":10,"taken":5,"name":"janneqda","totalPoints":881,"rank":3,"id":340288,"place":5305,"uniqueZonesTaken":5,"region":{"name":"Västmanland","id":143}}},{"country":"se","sender":{"country":"se","medals":[],"zones":[],"pointsPerHour":0,"points":0,"blocktime":10,"taken":0,"name":"feliciasuneson","totalPoints":0,"rank":0,"id":340018,"place":5305,"uniqueZonesTaken":0},"time":"2021-09-08T05:46:12+0000","message":"🆒","type":"chat"},{"sender":{"country":"se","medals":[27,16,9,4,67,21,17,30,60,70,24,24,17,24,24,17,24,72,24,26,24,77,79,83,17,24,24,24,24,91,17,116,24,117,75,113,24,24,24,68,17,24,76,25,24,124,24,126,24,121,110,119,24,24,17],"zones":[105299,27651,119717,27639,10409,193433,318255,224351],"pointsPerHour":37,"points":5493,"blocktime":24,"taken":109995,"name":"Mani","totalPoints":21081560,"rank":58,"id":27227,"place":1665,"uniqueZonesTaken":11350,"region":{"name":"Västra Götaland","id":132}},"time":"2021-09-08T05:42:37+0000","message":"Ostystning: Grattis, fin inledning på nya omgången!","region":{"name":"Västra Götaland","id":132},"type":"chat"}]