[{"sender":{"country":"se","medals":[16,77,57,4,72,79,83,48,67,22,7,98,15,123,126,109,24,89],"zones":[224002,26629,90118,226825,22282,23947,11787,11788,22285,9359,9360,11792,9362,9363,175249,10774,28057,28059,33438,429849,60704,28065,28068,63909,409257,222134,222132,1338,1341,1342,32320,32322,582,32327,841,19275,19277,178252,19278,19279,20564,20568,20334,12526,360945,1278,1279,26623],"pointsPerHour":115,"points":37426,"blocktime":23,"taken":53022,"name":"Dräängen","totalPoints":9042799,"rank":54,"id":182267,"place":87,"uniqueZonesTaken":1327,"region":{"name":"Östergötland","id":139}},"time":"2021-09-07T13:23:07+0000","message":"nesse: tack. tack för trevligt sällskap.","region":{"name":"Östergötland","id":139},"type":"chat"},{"medal":84,"time":"2021-09-07T13:22:58+0000","type":"medal","user":{"country":"se","medals":[80,84],"zones":[12819,23242,6059,23243,6060],"pointsPerHour":0,"points":777,"blocktime":10,"taken":5,"name":"Idvi888888","totalPoints":777,"rank":3,"id":340172,"place":5128,"uniqueZonesTaken":5,"region":{"name":"Västra Götaland","id":132}}},{"medal":80,"time":"2021-09-07T13:22:58+0000","type":"medal","user":{"country":"se","medals":[80,84],"zones":[12819,23242,6059,23243,6060],"pointsPerHour":0,"points":777,"blocktime":10,"taken":5,"name":"Idvi888888","totalPoints":777,"rank":3,"id":340172,"place":5128,"uniqueZonesTaken":5,"region":{"name":"Västra Götaland","id":132}}},{"medal":92,"time":"2021-09-07T13:20:50+0000","type":"medal","user":{"country":"se","medals":[85,51,92],"zones":[6880,6881,226758,176804,114905,24315,141513,186590,24317,147087,6879],"pointsPerHour":0,"points":4689,"blocktime":11,"taken":23,"name":"screamsauce","totalPoints":4689,"rank":6,"id":339700,"place":5127,"uniqueZonesTaken":15,"region":{"name":"Skåne","id":135}}},{"sender":{"country":"se","medals":[16,44,17,27,4,24,67,70,17,30,24,58,68,72,26,21,48,24,77,79,91,24,83,24,25,117,24,17,115,120,45,24,89,107,126,124],"zones":[],"pointsPerHour":0,"points":972,"blocktime":23,"taken":60375,"name":"LBz","totalPoints":9402557,"rank":54,"id":53734,"place":3228,"uniqueZonesTaken":9211,"region":{"name":"Stockholm","id":141}},"time":"2021-09-07T13:18:44+0000","message":"erx007: :)","region":{"name":"Stockholm","id":141},"type":"chat"},{"medal":84,"time":"2021-09-07T13:17:44+0000","type":"medal","user":{"country":"se","medals":[80,84],"zones":[11346,62338,12114,877,863],"pointsPerHour":0,"points":644,"blocktime":10,"taken":5,"name":"LovisaHU20","totalPoints":644,"rank":2,"id":340077,"place":3319,"uniqueZonesTaken":5,"region":{"name":"Västra Götaland","id":132}}},{"medal":80,"time":"2021-09-07T13:17:44+0000","type":"medal","user":{"country":"se","medals":[80,84],"zones":[11346,62338,12114,877,863],"pointsPerHour":0,"points":644,"blocktime":10,"taken":5,"name":"LovisaHU20","totalPoints":644,"rank":2,"id":340077,"place":3319,"uniqueZonesTaken":5,"region":{"name":"Västra Götaland","id":132}}}]