[{"medal":31,"time":"2021-09-07T11:38:13+0000","type":"medal","user":{"country":"se","medals":[92,51,31],"zones":[20963,95813,31192,5417,24570,61259,430875,365,22079],"pointsPerHour":0,"points":2544,"blocktime":11,"taken":25,"name":"Aftonminken","totalPoints":2544,"rank":5,"id":339562,"place":5047,"uniqueZonesTaken":18,"region":{"name":"Örebro","id":131}}},{"medal":84,"time":"2021-09-07T11:37:25+0000","type":"medal","user":{"country":"se","medals":[80,84],"zones":[12114,12819,26323,43147,28399],"pointsPerHour":0,"points":731,"blocktime":10,"taken":5,"name":"eansgariusson","totalPoints":731,"rank":3,"id":340155,"place":5045,"uniqueZonesTaken":5,"region":{"name":"Västra Götaland","id":132}}},{"medal":80,"time":"2021-09-07T11:37:25+0000","type":"medal","user":{"country":"se","medals":[80,84],"zones":[12114,12819,26323,43147,28399],"pointsPerHour":0,"points":731,"blocktime":10,"taken":5,"name":"eansgariusson","totalPoints":731,"rank":3,"id":340155,"place":5045,"uniqueZonesTaken":5,"region":{"name":"Västra Götaland","id":132}}},{"medal":10,"time":"2021-09-07T11:37:19+0000","type":"medal","user":{"country":"se","medals":[93,80,85,10],"zones":[835,208758,839,16951,43144,23225,23242,874,878],"pointsPerHour":0,"points":1345,"blocktime":11,"taken":14,"name":"källman","totalPoints":2133,"rank":5,"id":261723,"place":5045,"uniqueZonesTaken":13,"region":{"name":"Västra Götaland","id":132}}},{"medal":84,"time":"2021-09-07T11:36:04+0000","type":"medal","user":{"country":"se","medals":[84],"zones":[281863,6879],"pointsPerHour":0,"points":777,"blocktime":10,"taken":5,"name":"tenniskungen","totalPoints":777,"rank":3,"id":340151,"place":5045,"uniqueZonesTaken":4,"region":{"name":"Skåne","id":135}}},{"medal":93,"time":"2021-09-07T11:34:52+0000","type":"medal","user":{"country":"se","medals":[84,93],"zones":[224661,44654],"pointsPerHour":0,"points":1240,"blocktime":11,"taken":10,"name":"antonduvemar","totalPoints":1240,"rank":4,"id":339577,"place":5042,"uniqueZonesTaken":5,"region":{"name":"Västra Götaland","id":132}}},{"medal":85,"time":"2021-09-07T11:34:22+0000","type":"medal","user":{"country":"se","medals":[94,85],"zones":[92262,114909,186590,430315],"pointsPerHour":0,"points":1661,"blocktime":11,"taken":10,"name":"Elsipelsii","totalPoints":1661,"rank":4,"id":339630,"place":5042,"uniqueZonesTaken":5,"region":{"name":"Skåne","id":135}}},{"sender":{"country":"se","medals":[126,70,16,67,5,27,78,28,48,14,95,102,122,38,58,6,98],"zones":[60480,24640,24641,428302,306574,306575,105036,18320,228114,228113,177425,306576,306577,306578,156437,15517,11424,11428,134695,28459,139433,28460,320873,132726,95222,24635,24636,7550,24639,411257],"pointsPerHour":84,"points":4795,"blocktime":21,"taken":11798,"name":"j.x","totalPoints":3226878,"rank":46,"id":278234,"place":1540,"uniqueZonesTaken":908,"region":{"name":"Skåne","id":135}},"time":"2021-09-07T11:34:08+0000","message":"😄","region":{"name":"Skåne","id":135},"type":"chat"},{"medal":80,"time":"2021-09-07T11:33:52+0000","type":"medal","user":{"country":"se","medals":[84,80],"zones":[865,62338,377,6059,11343],"pointsPerHour":0,"points":627,"blocktime":10,"taken":6,"name":"NiklasFH","totalPoints":814,"rank":3,"id":339462,"place":5042,"uniqueZonesTaken":6,"region":{"name":"Västra Götaland","id":132}}},{"medal":40,"time":"2021-09-07T11:33:15+0000","type":"medal","user":{"country":"se","medals":[79,77,95,22,67,16,56,117,72,48,123,126,5,15,6,102,40],"zones":[32033,109474,552,11657,5449,7114,61098,61099,491,492,17551,24175,31952,31953,31954,144401,139669,64119,43193,24185,31802,703],"pointsPerHour":0,"points":8568,"blocktime":21,"taken":20000,"name":"EddieS","totalPoints":2779638,"rank":45,"id":213768,"place":5041,"uniqueZonesTaken":1022,"region":{"name":"Västmanland","id":143}}}]