[{"medal":93,"time":"2021-09-08T10:22:20+0000","type":"medal","user":{"country":"se","medals":[52,90,11,32,93],"zones":[929,17670,934,907,22319,22320,21136,22322,594,21112,4984,429693],"pointsPerHour":0,"points":7696,"blocktime":13,"taken":188,"name":"pratrikm","totalPoints":32541,"rank":13,"id":337868,"place":5469,"uniqueZonesTaken":75,"region":{"name":"Östergötland","id":139}}},{"medal":85,"time":"2021-09-08T10:21:46+0000","type":"medal","user":{"country":"se","medals":[80,85],"zones":[90929,593,37144,37145],"pointsPerHour":0,"points":324,"blocktime":10,"taken":10,"name":"triptrapptrull","totalPoints":1036,"rank":3,"id":338699,"place":5469,"uniqueZonesTaken":8,"region":{"name":"Östergötland","id":139}}},{"sender":{"country":"se","medals":[5,17,6,4,112,28,47,67,79,16,14,22,107,122,126,55,39],"zones":[90448,24161,32115,89896,2813],"pointsPerHour":41,"points":10644,"blocktime":20,"taken":16474,"name":"Bejiita","totalPoints":1834035,"rank":42,"id":22652,"place":1048,"uniqueZonesTaken":761,"region":{"name":"Västmanland","id":143}},"time":"2021-09-08T10:20:56+0000","message":"🙂","region":{"name":"Västmanland","id":143},"type":"chat"},{"sender":{"country":"se","medals":[5,17,6,4,112,28,47,67,79,16,14,22,107,122,126,55,39],"zones":[90448,24161,32115,89896,2813],"pointsPerHour":41,"points":10644,"blocktime":20,"taken":16474,"name":"Bejiita","totalPoints":1834035,"rank":42,"id":22652,"place":1048,"uniqueZonesTaken":761,"region":{"name":"Västmanland","id":143}},"time":"2021-09-08T10:20:52+0000","message":"vi får teamköra till turfölen sen om nån e på","region":{"name":"Västmanland","id":143},"type":"chat"},{"sender":{"country":"se","medals":[22,67,4,24,70,16,57,27,83,15,72,79,48,99,66,24,123,126,118,107],"zones":[29169,26850,41749,14869,14870,710,711,7756,42175],"pointsPerHour":58,"points":42908,"blocktime":24,"taken":88071,"name":"FlitigaTobbe","totalPoints":14872208,"rank":57,"id":48872,"place":121,"uniqueZonesTaken":1624,"region":{"name":"Västmanland","id":143}},"time":"2021-09-08T10:20:26+0000","message":"ManUtd50: 👍🤪","region":{"name":"Västmanland","id":143},"type":"chat"}]