[{"medal":93,"time":"2021-09-08T12:45:02+0000","type":"medal","user":{"country":"se","medals":[93],"zones":[],"pointsPerHour":0,"points":340,"blocktime":10,"taken":2,"name":"Hildurhilda","totalPoints":340,"rank":1,"id":340547,"place":5546,"uniqueZonesTaken":2,"region":{"name":"Västra Götaland","id":132}}},{"sender":{"country":"se","medals":[5,67,16,22,27,70,7,50,72,47,57,77,95,79,102,126,73,123],"zones":[156418,45186,156417,45187,138502,45188,45189,45191,154636,115854,271,25745,156438,25748,25749,156439,278,25754,24091,139678,156963,184224,203559,37797,37800,139304,99759,99762,139070,25150,64318,154178,156611,64322,64323,64324,20676,96071,20680,157006,157007,114257,157008,114258,107607,325596,107609,25816,325597,107608,29529,107610,29531,29532,96350,430692,44770,46951,46952,46953,46954,350443,291563,27632,57081,221310],"pointsPerHour":235,"points":32059,"blocktime":23,"taken":34086,"name":"MrDent","totalPoints":8628678,"rank":54,"id":50092,"place":274,"uniqueZonesTaken":3654,"region":{"name":"Stockholm","id":141}},"time":"2021-09-08T12:44:43+0000","message":"NisseNasse: pratar du med dig själv 😆","region":{"name":"Stockholm","id":141},"type":"chat"},{"sender":{"country":"se","medals":[16,5,9,17,6,56,48,14,4,67,24,93,100,24,95,38,72,122,71],"zones":[109476,549,44294,44295,78534,179627,47657,713,7114,13620,5623,15962,63709],"pointsPerHour":87,"points":49959,"blocktime":20,"taken":10353,"name":"JDB","totalPoints":1277903,"rank":40,"id":33369,"place":79,"uniqueZonesTaken":722,"region":{"name":"Västmanland","id":143}},"time":"2021-09-08T12:44:34+0000","message":"49er: nu är det dags att röja rönnby igen!!!","region":{"name":"Västmanland","id":143},"type":"chat"},{"sender":{"country":"se","medals":[70,4,24,79,66,24,55,21,24,99,15,16,126,28,83,77,123,108,48,37,24,17,115],"zones":[2913,126695,64104,139,90253,302,90129,78513,90131,1235,90133,116,37236,213,90135,1624,184,186,92698,189,94111],"pointsPerHour":133,"points":14341,"blocktime":20,"taken":9413,"name":"QoC","totalPoints":1379455,"rank":40,"id":230866,"place":822,"uniqueZonesTaken":2350,"region":{"name":"Stockholm","id":141}},"time":"2021-09-08T12:44:25+0000","message":"NisseNasse: 👍","region":{"name":"Stockholm","id":141},"type":"chat"},{"sender":{"country":"se","medals":[16,67,17,70,4,27,24,15,44,72,77,79,83,24,48,21,66,117,103,17,116,58,24,118,123,126],"zones":[53633,56770,22212,37125,203,205,17485,90127,206,90128,10840,49115,8220,1055,315940,228,165,229,230,232,297,94826,236,119215,8238,92849,44275,1269,90100,135230],"pointsPerHour":220,"points":37926,"blocktime":24,"taken":93891,"name":"NisseNasse","totalPoints":14079527,"rank":57,"id":54085,"place":185,"uniqueZonesTaken":2194,"region":{"name":"Stockholm","id":141}},"time":"2021-09-08T12:44:23+0000","message":"QoC: till dug","region":{"name":"Stockholm","id":141},"type":"chat"},{"sender":{"country":"se","medals":[16,67,17,70,4,27,24,15,44,72,77,79,83,24,48,21,66,117,103,17,116,58,24,118,123,126],"zones":[53633,56770,22212,37125,203,205,17485,90127,206,90128,10840,49115,8220,1055,315940,228,165,229,230,232,297,94826,236,119215,8238,92849,44275,1269,90100,135230],"pointsPerHour":220,"points":37925,"blocktime":24,"taken":93891,"name":"NisseNasse","totalPoints":14079526,"rank":57,"id":54085,"place":185,"uniqueZonesTaken":2194,"region":{"name":"Stockholm","id":141}},"time":"2021-09-08T12:44:15+0000","message":"NisseNasse:  hemåt nu","region":{"name":"Stockholm","id":141},"type":"chat"},{"sender":{"country":"se","medals":[70,4,24,79,66,24,55,21,24,99,15,16,126,28,83,77,123,108,48,37,24,17,115],"zones":[192,2913,126695,64104,139,90253,302,90129,78513,90131,1235,90133,116,37236,213,90135,1624,184,186,92698,189,94111],"pointsPerHour":141,"points":14339,"blocktime":20,"taken":9413,"name":"QoC","totalPoints":1379453,"rank":40,"id":230866,"place":821,"uniqueZonesTaken":2350,"region":{"name":"Stockholm","id":141}},"time":"2021-09-08T12:43:36+0000","message":"NisseNasse: vart är du på väg?","region":{"name":"Stockholm","id":141},"type":"chat"},{"sender":{"country":"se","medals":[77,79,28,94,46,55,70,16,7,14,102,126,39],"zones":[320246,95045,12452,333946,178413],"pointsPerHour":10,"points":5134,"blocktime":21,"taken":16110,"name":"PockevonAnka","totalPoints":3721631,"rank":47,"id":64223,"place":1864,"uniqueZonesTaken":634,"region":{"name":"Västra Götaland","id":132}},"time":"2021-09-08T12:42:30+0000","message":"MrJokerit: Perfekt, tack!!","region":{"name":"Västra Götaland","id":132},"type":"chat"},{"medal":85,"time":"2021-09-08T12:41:47+0000","type":"medal","user":{"country":"se","medals":[85],"zones":[6879],"pointsPerHour":0,"points":1591,"blocktime":11,"taken":10,"name":"tenniskungen","totalPoints":1591,"rank":4,"id":340151,"place":5541,"uniqueZonesTaken":6,"region":{"name":"Skåne","id":135}}},{"medal":93,"time":"2021-09-08T12:40:46+0000","type":"medal","user":{"country":"se","medals":[93],"zones":[],"pointsPerHour":0,"points":170,"blocktime":10,"taken":1,"name":"The_E1t0n","totalPoints":170,"rank":0,"id":340586,"place":5540,"uniqueZonesTaken":1,"region":{"name":"Västra Götaland","id":132}}}]