[{"medal":33,"time":"2023-01-09T17:23:18+0000","type":"medal","user":{"country":"jp","medals":[127,95,12,55,102,5,33],"zones":[374039,507476,374038,374041,204430,374040,374043,374042],"pointsPerHour":0,"points":1676,"blocktime":1020,"taken":500,"name":"旨太郎","totalPoints":260727,"rank":28,"id":362711,"place":5267,"uniqueZonesTaken":139,"region":{"name":"Kyūshū Okinawa","id":397}}},{"medal":6,"time":"2023-01-09T17:20:44+0000","type":"medal","user":{"country":"uk","medals":[92,51,32,6],"zones":[12630],"pointsPerHour":0,"points":155,"blocktime":795,"taken":104,"name":"magrwo","totalPoints":32491,"rank":13,"id":369005,"place":5267,"uniqueZonesTaken":43,"region":{"name":"Greater London","id":207}}},{"medal":5,"time":"2023-01-09T17:15:52+0000","type":"medal","user":{"country":"jp","medals":[127,95,12,42,55,102,5],"zones":[507476,374038,374041,204430,374040,374043,374042],"pointsPerHour":0,"points":1490,"blocktime":1020,"taken":499,"name":"旨太郎","totalPoints":260541,"rank":28,"id":362711,"place":5266,"uniqueZonesTaken":139,"region":{"name":"Kyūshū Okinawa","id":397}}}]