[{"medal":95,"time":"2021-09-20T16:56:12+0000","type":"medal","user":{"country":"se","medals":[53,46,10,79,36,77,4,7,104,15,95],"zones":[337248,21448],"pointsPerHour":0,"points":23863,"blocktime":1170,"taken":6546,"name":"fiffilotta","totalPoints":1025210,"rank":38,"id":120587,"place":8081,"uniqueZonesTaken":1024,"region":{"name":"Västra Götaland","id":132}}},{"medal":95,"time":"2021-09-20T16:56:12+0000","type":"medal","user":{"country":"se","medals":[52,46,10,79,103,6,13,33,127,95],"zones":[140706,411783,14146,115267,426,22826,44650,22827,139337,7051,44688,115057,186358,119352,1242,45915,26430,28031],"pointsPerHour":0,"points":33665,"blocktime":900,"taken":650,"name":"Sporttejp","totalPoints":100245,"rank":20,"id":337047,"place":8081,"uniqueZonesTaken":317,"region":{"name":"Västra Götaland","id":132}}},{"medal":95,"time":"2021-09-20T16:56:11+0000","type":"medal","user":{"country":"se","medals":[53,46,28,103,79,13,122,6,127,34,95],"zones":[115266,21445,456,358156,358155,232979,138896,11475,76636,11809,12449,45666,22628,1317,22828,28025,97211,139513,90618,11451,11453,28030,446,62271],"pointsPerHour":0,"points":38734,"blocktime":945,"taken":1016,"name":"Martyx","totalPoints":151502,"rank":23,"id":336695,"place":8081,"uniqueZonesTaken":388,"region":{"name":"Västra Götaland","id":132}}},{"medal":127,"time":"2021-09-20T16:52:03+0000","type":"medal","user":{"country":"se","medals":[67,5,46,70,4,21,55,16,79,77,66,15,17,112,117,26,126,38,108,72,76,127],"zones":[122868,730,12028],"pointsPerHour":0,"points":17849,"blocktime":1245,"taken":11741,"name":"Kungen002","totalPoints":2333132,"rank":43,"id":118365,"place":0,"uniqueZonesTaken":1950,"region":{"name":"Örebro","id":131}}},{"medal":11,"time":"2021-09-20T16:50:15+0000","type":"medal","user":{"country":"se","medals":[93,100,90,80,86,11],"zones":[31809,499],"pointsPerHour":0,"points":6568,"blocktime":705,"taken":59,"name":"Fellowski","totalPoints":6568,"rank":7,"id":342134,"place":8080,"uniqueZonesTaken":50,"region":{"name":"Uppsala","id":142}}}]