[{"medal":80,"time":"2021-09-21T11:49:29+0000","type":"medal","user":{"country":"se","medals":[80,84],"zones":[192,30339,16791,131839,37231],"pointsPerHour":0,"points":480,"blocktime":630,"taken":5,"name":"två","totalPoints":480,"rank":2,"id":344566,"place":8210,"uniqueZonesTaken":5,"region":{"name":"Stockholm","id":141}}},{"medal":84,"time":"2021-09-21T11:49:29+0000","type":"medal","user":{"country":"se","medals":[80,84],"zones":[192,30339,16791,131839,37231],"pointsPerHour":0,"points":480,"blocktime":630,"taken":5,"name":"två","totalPoints":480,"rank":2,"id":344566,"place":8210,"uniqueZonesTaken":5,"region":{"name":"Stockholm","id":141}}},{"medal":80,"time":"2021-09-21T11:49:12+0000","type":"medal","user":{"country":"se","medals":[84,80],"zones":[78512,7859,55592,24568,159],"pointsPerHour":0,"points":563,"blocktime":630,"taken":6,"name":"allanmedfler","totalPoints":563,"rank":2,"id":344563,"place":8210,"uniqueZonesTaken":6,"region":{"name":"Stockholm","id":141}}},{"medal":80,"time":"2021-09-21T11:48:44+0000","type":"medal","user":{"country":"se","medals":[80,84],"zones":[224066,200342,1323,1324,57245],"pointsPerHour":0,"points":659,"blocktime":630,"taken":5,"name":"Sven-Ove","totalPoints":659,"rank":2,"id":344428,"place":8210,"uniqueZonesTaken":5,"region":{"name":"Östergötland","id":139}}},{"medal":84,"time":"2021-09-21T11:48:44+0000","type":"medal","user":{"country":"se","medals":[80,84],"zones":[224066,200342,1323,1324,57245],"pointsPerHour":0,"points":659,"blocktime":630,"taken":5,"name":"Sven-Ove","totalPoints":659,"rank":2,"id":344428,"place":8210,"uniqueZonesTaken":5,"region":{"name":"Östergötland","id":139}}},{"medal":93,"time":"2021-09-21T11:44:02+0000","type":"medal","user":{"country":"se","medals":[93],"zones":[156],"pointsPerHour":0,"points":190,"blocktime":600,"taken":2,"name":"tigerräkor","totalPoints":190,"rank":0,"id":344565,"place":8210,"uniqueZonesTaken":2,"region":{"name":"Stockholm","id":141}}}]