[{"medal":84,"time":"2021-09-21T12:22:54+0000","type":"medal","user":{"country":"se","medals":[84],"zones":[7859],"pointsPerHour":0,"points":562,"blocktime":630,"taken":5,"name":"lag22222","totalPoints":562,"rank":2,"id":342773,"place":8211,"uniqueZonesTaken":5,"region":{"name":"Stockholm","id":141}}},{"medal":85,"time":"2021-09-21T12:22:31+0000","type":"medal","user":{"country":"se","medals":[80,85],"zones":[43402],"pointsPerHour":0,"points":1147,"blocktime":645,"taken":10,"name":"AlfredTja","totalPoints":1147,"rank":3,"id":344173,"place":8211,"uniqueZonesTaken":10,"region":{"name":"Örebro","id":131}}},{"sender":{"country":"se","medals":[46,126,16,55,95,103,37,5,14,127,67],"zones":[17028,203558,94116,37702,33129,91979,11276,91981,122477,22221,37709,91983,7057,180755,92690,7157,410526,103641,7162,91421],"pointsPerHour":106,"points":73557,"blocktime":1200,"taken":8153,"name":"JimmyAIK","totalPoints":1348065,"rank":40,"id":267637,"place":640,"uniqueZonesTaken":514,"region":{"name":"Stockholm","id":141}},"time":"2021-09-21T12:15:50+0000","message":"Lavinkram: hej","region":{"name":"Stockholm","id":141},"type":"chat"}]