[{"sender":{"country":"se","medals":[22,67,4,24,70,16,57,27,83,15,72,79,48,99,66,24,123,126,118,107,127],"zones":[41760,29186,18309,41766,41769,41738,7755,10924,179183,92140,46991,41745,349204,38419,41749,224539],"pointsPerHour":69,"points":260193,"blocktime":1470,"taken":89571,"name":"FlitigaTobbe","totalPoints":15089493,"rank":58,"id":48872,"place":41,"uniqueZonesTaken":1674,"region":{"name":"Västmanland","id":143}},"time":"2021-09-21T08:57:48+0000","message":"tessansia: långt mellan zonerna, men fin cykelväg. Bra jobbat!","region":{"name":"Västmanland","id":143},"type":"chat"},{"medal":12,"time":"2021-09-21T08:57:06+0000","type":"medal","user":{"country":"uk","medals":[90,93,100,71,54,42,12],"zones":[364389,429062,429063,426403,389869,389868,364361,48525,364372,96823,364403,364383,364378],"pointsPerHour":0,"points":64745,"blocktime":855,"taken":332,"name":"walnut","totalPoints":70826,"rank":17,"id":339427,"place":8160,"uniqueZonesTaken":100,"region":{"name":"Scotland","id":200}}},{"medal":51,"time":"2021-09-21T08:55:29+0000","type":"medal","user":{"country":"se","medals":[85,90,51],"zones":[95043,47763,81863,62217,24586,80298,24588,22078,224397,8287],"pointsPerHour":0,"points":987,"blocktime":645,"taken":11,"name":"elinr","totalPoints":987,"rank":3,"id":340977,"place":8160,"uniqueZonesTaken":11,"region":{"name":"Örebro","id":131}}},{"medal":85,"time":"2021-09-21T08:52:15+0000","type":"medal","user":{"country":"se","medals":[80,85,90],"zones":[95043,47763,81863,62217,24586,80298,24588,22078,8287],"pointsPerHour":0,"points":888,"blocktime":645,"taken":10,"name":"elinr","totalPoints":888,"rank":3,"id":340977,"place":8160,"uniqueZonesTaken":10,"region":{"name":"Örebro","id":131}}},{"medal":90,"time":"2021-09-21T08:52:15+0000","type":"medal","user":{"country":"se","medals":[80,85,90],"zones":[95043,47763,81863,62217,24586,80298,24588,22078,8287],"pointsPerHour":0,"points":888,"blocktime":645,"taken":10,"name":"elinr","totalPoints":888,"rank":3,"id":340977,"place":8160,"uniqueZonesTaken":10,"region":{"name":"Örebro","id":131}}}]