[{"medal":84,"time":"2022-07-18T16:55:43+0000","type":"medal","user":{"country":"wd","medals":[84],"zones":[63653],"pointsPerHour":0,"points":930,"blocktime":645,"taken":5,"name":"atticus.r","totalPoints":930,"rank":3,"id":367907,"place":6703,"uniqueZonesTaken":1,"region":{"name":"Spain","id":211}}},{"medal":46,"time":"2022-07-18T16:55:19+0000","type":"medal","user":{"country":"se","medals":[93,86,11,53,46],"zones":[22852,138246,1032,585,586,22284,972,79,11920,11921,11922,91,22301,22302,95,22304,33441,17569,221154,22305,22306,136352,17571,22307,104738,17573,136359,17574,558,97909,34616,223803],"pointsPerHour":0,"points":9593,"blocktime":720,"taken":65,"name":"jedda","totalPoints":9593,"rank":8,"id":367810,"place":6703,"uniqueZonesTaken":64,"region":{"name":"Östergötland","id":139}}},{"medal":80,"time":"2022-07-18T16:53:31+0000","type":"medal","user":{"country":"se","medals":[93,80,85],"zones":[46769,115780,1530,46765,253],"pointsPerHour":0,"points":1446,"blocktime":660,"taken":10,"name":"Fjompinator","totalPoints":1446,"rank":4,"id":367954,"place":6703,"uniqueZonesTaken":8,"region":{"name":"Södermanland","id":140}}},{"medal":85,"time":"2022-07-18T16:53:31+0000","type":"medal","user":{"country":"se","medals":[93,80,85],"zones":[46769,115780,1530,46765,253],"pointsPerHour":0,"points":1446,"blocktime":660,"taken":10,"name":"Fjompinator","totalPoints":1446,"rank":4,"id":367954,"place":6703,"uniqueZonesTaken":8,"region":{"name":"Södermanland","id":140}}},{"medal":32,"time":"2022-07-18T16:51:37+0000","type":"medal","user":{"country":"se","medals":[6,53,11,32],"zones":[488085,98002,478977,93097,138939,27066,144440,2860,2861,144447,228669],"pointsPerHour":0,"points":18572,"blocktime":765,"taken":100,"name":"MirreT","totalPoints":19214,"rank":11,"id":367276,"place":6703,"uniqueZonesTaken":79,"region":{"name":"Blekinge","id":136}}}]