[{"sender":{"country":"se","medals":[67,4,68,21,16,27,68,70,24,17,74,72,79,83,77,68,26,75,68,17,49,82,2,68,121,68,117,68,91,30,68,68,116,17,107,119,124,126,24,17,131,17],"zones":[22752,31713,30133],"pointsPerHour":12,"points":69893,"blocktime":1470,"taken":120792,"name":"canon","totalPoints":23899391,"rank":58,"id":66935,"place":585,"uniqueZonesTaken":18211,"region":{"name":"Södermanland","id":140}},"time":"2022-07-18T04:55:16+0000","message":"AudioPelle: Är zonen tamigomnikan besvärlig? Tänkte försöka ta alla i Vaggerydskommun nästa vecka?!","region":{"name":"Södermanland","id":140},"type":"chat"},{"medal":32,"time":"2022-07-18T04:50:20+0000","type":"medal","user":{"country":"se","medals":[92,52,90,32],"zones":[2880,961,208769,8323,20836,3364,21511,43880,154665,46802,8275,429333,2042,481945,33182],"pointsPerHour":0,"points":13924,"blocktime":735,"taken":100,"name":"Friskisfreak1","totalPoints":13924,"rank":9,"id":367389,"place":6628,"uniqueZonesTaken":37,"region":{"name":"Gävleborg","id":144}}}]