[{"medal":31,"time":"2022-07-18T10:00:10+0000","type":"medal","user":{"country":"se","medals":[80,92,31],"zones":[51665,11639,5404],"pointsPerHour":0,"points":2603,"blocktime":675,"taken":25,"name":"Lilja01","totalPoints":2603,"rank":5,"id":367864,"place":6646,"uniqueZonesTaken":19,"region":{"name":"Västerbotten","id":127}}},{"medal":93,"time":"2022-07-18T09:57:54+0000","type":"medal","user":{"country":"no","medals":[16,7,13,56,34,28,47,93],"zones":[],"pointsPerHour":0,"points":235,"blocktime":1050,"taken":1429,"name":"Lunnen","totalPoints":349467,"rank":30,"id":25916,"place":6646,"uniqueZonesTaken":469,"region":{"name":"Østlandet","id":179}}},{"sender":{"country":"se","medals":[16,4,67,27,21,30,70,24,44,17,48,79,77,83,72,58,45,91,113,26,24,17,116,25,76,68,24,24,24,117,107,17,74,49,126,123,17,87,128,17],"zones":[154786,155296,66883,93193,316684,155336,98061,98060,411563,139442,34644,98004,24214,349694],"pointsPerHour":17,"points":29827,"blocktime":1410,"taken":36443,"name":"ramblerboy","totalPoints":8464898,"rank":54,"id":33153,"place":1456,"uniqueZonesTaken":7143,"region":{"name":"Kalmar","id":137}},"time":"2022-07-18T09:51:55+0000","message":"sadrac: tack så mycket! bara dessa och så några Mulle kvar innan jag lyckats ta alla i kommunen vilket är dagens mål","region":{"name":"Blekinge","id":136},"type":"chat"}]