[{"medal":128,"time":"2021-11-02T11:29:34+0000","type":"medal","user":{"country":"se","medals":[46,94,10,16,102,13,54,35,6,128],"zones":[1890,9699,21702,19338,90539,96461,44302,19342,44308,44309,44310,42399],"pointsPerHour":0,"points":83474,"blocktime":18,"taken":3979,"name":"Glitterpinne","totalPoints":636860,"rank":34,"id":286788,"place":8294,"uniqueZonesTaken":361,"region":{"name":"Kalmar","id":137}}},{"medal":128,"time":"2021-11-02T11:28:26+0000","type":"medal","user":{"country":"se","medals":[28,57,7,16,78,22,14,77,96,126,122,89,48,68,107,128],"zones":[43712,23810,11461,11462,180565],"pointsPerHour":0,"points":173495,"blocktime":23,"taken":63664,"name":"Cykeltanten","totalPoints":10056793,"rank":55,"id":165416,"place":8294,"uniqueZonesTaken":682,"region":{"name":"Uppsala","id":142}}},{"medal":128,"time":"2021-11-02T11:26:38+0000","type":"medal","user":{"country":"se","medals":[67,4,70,5,7,28,95,16,79,15,59,48,124,68,37,104,128],"zones":[38240,361188,56137,96744,408431,24203,6156,113484,408427,138892,102063,93902,54036,220699,36732,154013],"pointsPerHour":0,"points":167198,"blocktime":20,"taken":8672,"name":"rocadero","totalPoints":1812649,"rank":42,"id":142529,"place":8294,"uniqueZonesTaken":1528,"region":{"name":"Västmanland","id":143}}},{"medal":127,"time":"2021-11-02T11:22:44+0000","type":"medal","user":{"country":"se","medals":[93,78,16,35,46,28,13,54,64,7,102,127],"zones":[176769,111125,50245,221286,98136,93306,177423,32189,138527,57983],"pointsPerHour":0,"points":30632,"blocktime":19,"taken":4440,"name":"Baddis","totalPoints":949079,"rank":37,"id":253630,"place":8292,"uniqueZonesTaken":356,"region":{"name":"Stockholm","id":141}}}]