[{"sender":{"country":"se","medals":[70,5,67,4,46,55,16,78,28,15,66,24,22,17,115,126,122,24,41,17,104,127],"zones":[882,63987,95013,154616,136217],"pointsPerHour":21,"points":53224,"blocktime":22,"taken":26174,"name":"CattisB","totalPoints":4148037,"rank":48,"id":113958,"place":1482,"uniqueZonesTaken":1743,"region":{"name":"Stockholm","id":141}},"time":"2021-11-01T11:05:49+0000","message":"reuter: Aha, trevlig resa!","region":{"name":"Stockholm","id":141},"type":"chat"},{"medal":127,"time":"2021-11-01T11:04:41+0000","type":"medal","user":{"country":"se","medals":[46,55,16,71,67,9,5,70,90,95,7,14,39,102,127],"zones":[122869,16053,20950,63599],"pointsPerHour":0,"points":12072,"blocktime":21,"taken":16681,"name":"Bxc","totalPoints":2845104,"rank":45,"id":120301,"place":8235,"uniqueZonesTaken":546,"region":{"name":"Örebro","id":131}}},{"sender":{"country":"se","medals":[42,17,16,17,79,7,24,17,116,47,27,56,4,77,117,28,109,24,126,22,88,24,15,5,128],"zones":[152354,109079,61609,8377,278618],"pointsPerHour":16,"points":159045,"blocktime":23,"taken":48351,"name":"krokodilen","totalPoints":8347384,"rank":54,"id":45356,"place":340,"uniqueZonesTaken":1010,"region":{"name":"Stockholm","id":141}},"time":"2021-11-01T11:01:20+0000","message":"alligatorn: bra","region":{"name":"Stockholm","id":141},"type":"chat"}]