[{"sender":{"country":"se","medals":[46,10,55,16,101,35,67,117,5,130,14,17,116,123,7,4,79,77],"zones":[21121,114594,28373,97001,9720,6074,21117,1855],"pointsPerHour":23,"points":28708,"blocktime":1110,"taken":4853,"name":"stenensthlm","totalPoints":638081,"rank":34,"id":355167,"place":865,"uniqueZonesTaken":853,"region":{"name":"Stockholm","id":141}},"time":"2022-06-13T08:38:54+0000","message":"JimmyAIK94: kajak i motvind... 🙄","region":{"name":"Stockholm","id":141},"type":"chat"},{"sender":{"country":"se","medals":[79,94,16,28,47,122,57,14,126,6,105,127,73],"zones":[1027,1028,19206,19208,44425,43977,154253,16340,26645,21078,21079,47513,2333,29150,48031,327845,31968,931,62057,32107,44717,24496,222967,29429,83574],"pointsPerHour":129,"points":52080,"blocktime":1335,"taken":30092,"name":"Torekov","totalPoints":4734308,"rank":49,"id":240677,"place":379,"uniqueZonesTaken":726,"region":{"name":"Värmland","id":130}},"time":"2022-06-13T08:29:27+0000","message":"nilbir: Hade du tänkt runt Örsholmen så kunde jag ha väntat.","region":{"name":"Värmland","id":130},"type":"chat"}]