[{"medal":31,"time":"2022-06-13T13:12:17+0000","type":"medal","user":{"country":"se","medals":[93,51,92,100,31],"zones":[97504,28274,31621,443475,109671,31622,31626,35979,285049,18590],"pointsPerHour":0,"points":4946,"blocktime":690,"taken":26,"name":"bawbaw2","totalPoints":4946,"rank":6,"id":366568,"place":6021,"uniqueZonesTaken":21,"region":{"name":"Södermanland","id":140}}},{"country":"se","sender":{"country":"se","medals":[79,90,53,34,13,102,7,95],"zones":[30321,29041,153713,153716,27753,396780,93196],"pointsPerHour":13,"points":6361,"blocktime":1095,"taken":1778,"name":"FantasticZoner","totalPoints":480265,"rank":33,"id":211741,"place":2629,"uniqueZonesTaken":378,"region":{"name":"Halland","id":134}},"time":"2022-06-13T13:05:39+0000","message":"Tanån: Hej!","type":"chat"}]