[{"medal":31,"time":"2021-11-22T15:44:15+0000","type":"medal","user":{"country":"se","medals":[51,92,31],"zones":[61728,87660],"pointsPerHour":0,"points":4470,"blocktime":11,"taken":25,"name":"Ullester241","totalPoints":4470,"rank":6,"id":352186,"place":5971,"uniqueZonesTaken":21,"region":{"name":"Jönköping","id":133}}},{"medal":84,"time":"2021-11-22T15:39:35+0000","type":"medal","user":{"country":"gb","medals":[80,84],"zones":[19984,19985,19986,19987,411214],"pointsPerHour":0,"points":926,"blocktime":10,"taken":5,"name":"SUFFOCwilk","totalPoints":926,"rank":3,"id":352234,"place":5971,"uniqueZonesTaken":5,"region":{"name":"East of England","id":204}}},{"medal":80,"time":"2021-11-22T15:39:35+0000","type":"medal","user":{"country":"gb","medals":[80,84],"zones":[19984,19985,19986,19987,411214],"pointsPerHour":0,"points":926,"blocktime":10,"taken":5,"name":"SUFFOCwilk","totalPoints":926,"rank":3,"id":352234,"place":5971,"uniqueZonesTaken":5,"region":{"name":"East of England","id":204}}}]