[{"sender":{"country":"se","medals":[6,16,78,70,56,13,28,34,67,77,101,95,128,5,47],"zones":[92609,28801,76617,26953,76616,91532,62349,25936,153043,25937,25938,26963,26964,285044,43056,33008,33010,28659,33011,28660,33012,412467,33013,28663,159417,223800],"pointsPerHour":84,"points":54391,"blocktime":18,"taken":2065,"name":"Simkungen1","totalPoints":453053,"rank":32,"id":229678,"place":737,"uniqueZonesTaken":351,"region":{"name":"Halland","id":134}},"time":"2021-11-22T19:36:44+0000","message":"Pumac:","region":{"name":"Halland","id":134},"type":"chat"},{"medal":84,"time":"2021-11-22T19:31:35+0000","type":"medal","user":{"country":"se","medals":[84],"zones":[404928],"pointsPerHour":0,"points":170,"blocktime":11,"taken":5,"name":"OG8g1","totalPoints":1502,"rank":4,"id":312388,"place":5979,"uniqueZonesTaken":5,"region":{"name":"Västra Götaland","id":132}}}]