[{"medal":102,"time":"2021-11-22T11:15:39+0000","type":"medal","user":{"country":"se","medals":[5,16,72,55,66,47,94,4,126,38,79,50,123,102],"zones":[18193],"pointsPerHour":0,"points":13209,"blocktime":20,"taken":13682,"name":"ArkivarieX","totalPoints":2102592,"rank":43,"id":22462,"place":5959,"uniqueZonesTaken":2581,"region":{"name":"Västmanland","id":143}}},{"medal":80,"time":"2021-11-22T11:13:45+0000","type":"medal","user":{"country":"se","medals":[93,100,85,92,80],"zones":[37702,822,24056,197896,139310],"pointsPerHour":0,"points":2297,"blocktime":11,"taken":24,"name":"GalenTurfer","totalPoints":2967,"rank":5,"id":343674,"place":0,"uniqueZonesTaken":20,"region":{"name":"Stockholm","id":141}}},{"sender":{"country":"se","medals":[55,15,79,28,112,7,47,24,77,123,126,104,73,129],"zones":[19697,31765,18310,24166,63693,63709,7758],"pointsPerHour":56,"points":39626,"blocktime":21,"taken":33739,"name":"carinn","totalPoints":3951968,"rank":47,"id":117795,"place":1017,"uniqueZonesTaken":2027,"region":{"name":"Västmanland","id":143}},"time":"2021-11-22T11:10:22+0000","message":"tine: Nej då. Jag satt på bussen. Nu går jag mot Kraftlinjezon","region":{"name":"Västmanland","id":143},"type":"chat"}]