[{"sender":{"country":"se","medals":[67,5,22,16,93,28,47,79,7,56,4,14,40,103,127],"zones":[139106,24898,139105,55688,28392,28393,28394,68971,25003,25004,461,25005,25006,45910],"pointsPerHour":37,"points":7834,"blocktime":1320,"taken":24451,"name":"Livorno","totalPoints":4331470,"rank":48,"id":165719,"place":841,"uniqueZonesTaken":660,"region":{"name":"Västra Götaland","id":132}},"time":"2021-10-05T09:26:45+0000","message":"KaptenRc4: 👍","region":{"name":"Västra Götaland","id":132},"type":"chat"},{"medal":84,"time":"2021-10-05T09:25:51+0000","type":"medal","user":{"country":"se","medals":[93,84],"zones":[32034,23826,3047],"pointsPerHour":0,"points":754,"blocktime":645,"taken":6,"name":"imaginedragin","totalPoints":754,"rank":3,"id":347829,"place":4750,"uniqueZonesTaken":6,"region":{"name":"Uppsala","id":142}}},{"medal":85,"time":"2021-10-05T09:24:53+0000","type":"medal","user":{"country":"se","medals":[93,85],"zones":[18720,178390,50245],"pointsPerHour":0,"points":1405,"blocktime":660,"taken":10,"name":"Capieau","totalPoints":1405,"rank":4,"id":348626,"place":4748,"uniqueZonesTaken":9,"region":{"name":"Uppsala","id":142}}},{"medal":42,"time":"2021-10-05T09:22:42+0000","type":"medal","user":{"country":"se","medals":[94,126,11,103,42],"zones":[44900],"pointsPerHour":0,"points":1535,"blocktime":825,"taken":259,"name":"Keeper","totalPoints":52236,"rank":15,"id":224233,"place":4747,"uniqueZonesTaken":77,"region":{"name":"Blekinge","id":136}}},{"medal":128,"time":"2021-10-05T09:22:42+0000","type":"medal","user":{"country":"se","medals":[22,70,4,67,55,16,27,77,28,7,5,95,79,47,126,122,103,39,15,128],"zones":[31633,27715,42776,102056,7965],"pointsPerHour":0,"points":3323,"blocktime":1290,"taken":16352,"name":"trollmor68","totalPoints":3145561,"rank":46,"id":131397,"place":4747,"uniqueZonesTaken":1027,"region":{"name":"Södermanland","id":140}}},{"medal":85,"time":"2021-10-05T09:21:33+0000","type":"medal","user":{"country":"se","medals":[80,85],"zones":[18722,50243,203796,32039,50251],"pointsPerHour":0,"points":1060,"blocktime":660,"taken":10,"name":"DedrickTheDon","totalPoints":1498,"rank":4,"id":293599,"place":4745,"uniqueZonesTaken":9,"region":{"name":"Uppsala","id":142}}}]