[{"country":"fi","sender":{"country":"fi","medals":[],"zones":[],"pointsPerHour":0,"points":0,"blocktime":600,"taken":0,"name":"beluwuga","totalPoints":0,"rank":0,"id":348236,"place":3728,"uniqueZonesTaken":0},"time":"2021-10-04T05:24:53+0000","message":"Bfndnbfbxnd","type":"chat"},{"country":"fi","sender":{"country":"fi","medals":[],"zones":[],"pointsPerHour":0,"points":0,"blocktime":600,"taken":0,"name":"beluwuga","totalPoints":0,"rank":0,"id":348236,"place":3728,"uniqueZonesTaken":0},"time":"2021-10-04T05:24:50+0000","message":"beluwuga:","type":"chat"},{"country":"fi","sender":{"country":"fi","medals":[],"zones":[],"pointsPerHour":0,"points":0,"blocktime":600,"taken":0,"name":"beluwuga","totalPoints":0,"rank":0,"id":348236,"place":3728,"uniqueZonesTaken":0},"time":"2021-10-04T05:24:49+0000","message":"Bbfnfbfnfmff","type":"chat"},{"country":"fi","sender":{"country":"fi","medals":[],"zones":[],"pointsPerHour":0,"points":0,"blocktime":600,"taken":0,"name":"beluwuga","totalPoints":0,"rank":0,"id":348236,"place":3728,"uniqueZonesTaken":0},"time":"2021-10-04T05:24:46+0000","message":"Kdkdjdjjffbfbfjfbfjfjfb","type":"chat"},{"country":"fi","sender":{"country":"fi","medals":[],"zones":[],"pointsPerHour":0,"points":0,"blocktime":600,"taken":0,"name":"Wilpro07","totalPoints":0,"rank":0,"id":348213,"place":3728,"uniqueZonesTaken":0},"time":"2021-10-04T05:24:46+0000","message":"suuuuussss","type":"chat"},{"sender":{"country":"uk","medals":[16,67,27,22,79,5,48,59,77,14,28,38,123,96,102],"zones":[321540,321541,321542,321543,321536,321537,321538,321539,381199,320655,321544,320660,320661,320662,320663,381201,320656,381200,320657,320658,381202,320659,320668,320669,320670,320671,331806,320665,320666,320667,320672,320673,408246,408247,408244,408245,408243,408252,408253,408250,408251,408248,408249,365775,345035,361941,400342,400343,361940,400340,400341,365526,361937,365521,361939,365778,361938,320863,350305,350306,365801,374005,321524,324596,374004,324597,321525,374007,321526,374006,321527,374003,321522,374002,321523,324595,374013,321532,374012,321533,365564,338428,356863,321534,374014,321535,321528,374009,374008,321529,374011,338427,374010,321531],"pointsPerHour":275,"points":23551,"blocktime":1305,"taken":13875,"name":"CardiffGreenC","totalPoints":3747208,"rank":47,"id":302121,"place":29,"uniqueZonesTaken":758,"region":{"name":"Scotland","id":200}},"time":"2021-10-04T05:24:45+0000","message":"Drylaw13: My day off tomorrow 🙄","region":{"name":"Scotland","id":200},"type":"chat"},{"country":"fi","sender":{"country":"fi","medals":[],"zones":[],"pointsPerHour":0,"points":0,"blocktime":600,"taken":0,"name":"Eetu","totalPoints":0,"rank":0,"id":348224,"place":3728,"uniqueZonesTaken":0},"time":"2021-10-04T05:24:38+0000","message":"😎","type":"chat"},{"country":"fi","sender":{"country":"fi","medals":[],"zones":[],"pointsPerHour":0,"points":0,"blocktime":600,"taken":0,"name":"fewster","totalPoints":0,"rank":0,"id":348259,"place":3727,"uniqueZonesTaken":0},"time":"2021-10-04T05:24:36+0000","message":"Uwu","type":"chat"},{"country":"fi","sender":{"country":"fi","medals":[],"zones":[],"pointsPerHour":0,"points":0,"blocktime":600,"taken":0,"name":"beluwuga","totalPoints":0,"rank":0,"id":348236,"place":3728,"uniqueZonesTaken":0},"time":"2021-10-04T05:24:27+0000","message":"Xoxo","type":"chat"},{"country":"fi","sender":{"country":"fi","medals":[],"zones":[],"pointsPerHour":0,"points":0,"blocktime":600,"taken":0,"name":"Wilpro07","totalPoints":0,"rank":0,"id":348213,"place":3728,"uniqueZonesTaken":0},"time":"2021-10-04T05:24:25+0000","message":"ಥ_ಥ","type":"chat"},{"country":"fi","sender":{"country":"fi","medals":[],"zones":[],"pointsPerHour":0,"points":0,"blocktime":600,"taken":0,"name":"maximousa","totalPoints":0,"rank":0,"id":348212,"place":3728,"uniqueZonesTaken":0},"time":"2021-10-04T05:24:24+0000","message":"🏀😋😴😎👨🏼\u200d🎓🐟💶💶☺️☺️💙🇫🇮😘😶\u200d🌫️🦕🏀","type":"chat"},{"country":"fi","sender":{"country":"fi","medals":[],"zones":[],"pointsPerHour":0,"points":0,"blocktime":600,"taken":0,"name":"beluwuga","totalPoints":0,"rank":0,"id":348236,"place":3728,"uniqueZonesTaken":0},"time":"2021-10-04T05:24:24+0000","message":"Ffp","type":"chat"},{"country":"fi","sender":{"country":"fi","medals":[],"zones":[],"pointsPerHour":0,"points":0,"blocktime":600,"taken":0,"name":"beluwuga","totalPoints":0,"rank":0,"id":348236,"place":3728,"uniqueZonesTaken":0},"time":"2021-10-04T05:24:21+0000","message":"Wilpro07: f","type":"chat"},{"country":"fi","sender":{"country":"fi","medals":[],"zones":[],"pointsPerHour":0,"points":0,"blocktime":600,"taken":0,"name":"beluwuga","totalPoints":0,"rank":0,"id":348236,"place":3728,"uniqueZonesTaken":0},"time":"2021-10-04T05:24:20+0000","message":"Cxx","type":"chat"},{"country":"fi","sender":{"country":"fi","medals":[],"zones":[],"pointsPerHour":0,"points":0,"blocktime":600,"taken":0,"name":"Eetu","totalPoints":0,"rank":0,"id":348224,"place":3728,"uniqueZonesTaken":0},"time":"2021-10-04T05:24:18+0000","message":"XD","type":"chat"},{"country":"fi","sender":{"country":"fi","medals":[],"zones":[],"pointsPerHour":0,"points":0,"blocktime":600,"taken":0,"name":"beluwuga","totalPoints":0,"rank":0,"id":348236,"place":3728,"uniqueZonesTaken":0},"time":"2021-10-04T05:24:17+0000","message":"Ep","type":"chat"},{"country":"fi","sender":{"country":"fi","medals":[],"zones":[],"pointsPerHour":0,"points":0,"blocktime":600,"taken":0,"name":"beluwuga","totalPoints":0,"rank":0,"id":348236,"place":3728,"uniqueZonesTaken":0},"time":"2021-10-04T05:24:14+0000","message":"F","type":"chat"},{"country":"fi","sender":{"country":"fi","medals":[],"zones":[],"pointsPerHour":0,"points":0,"blocktime":600,"taken":0,"name":"beluwuga","totalPoints":0,"rank":0,"id":348236,"place":3728,"uniqueZonesTaken":0},"time":"2021-10-04T05:24:12+0000","message":"F","type":"chat"},{"country":"fi","sender":{"country":"fi","medals":[],"zones":[],"pointsPerHour":0,"points":0,"blocktime":600,"taken":0,"name":"maximousa","totalPoints":0,"rank":0,"id":348212,"place":3728,"uniqueZonesTaken":0},"time":"2021-10-04T05:24:12+0000","message":"Shees","type":"chat"},{"country":"fi","sender":{"country":"fi","medals":[],"zones":[],"pointsPerHour":0,"points":0,"blocktime":600,"taken":0,"name":"beluwuga","totalPoints":0,"rank":0,"id":348236,"place":3728,"uniqueZonesTaken":0},"time":"2021-10-04T05:24:10+0000","message":"D","type":"chat"},{"country":"fi","sender":{"country":"fi","medals":[],"zones":[],"pointsPerHour":0,"points":0,"blocktime":600,"taken":0,"name":"Eetu","totalPoints":0,"rank":0,"id":348224,"place":3728,"uniqueZonesTaken":0},"time":"2021-10-04T05:24:10+0000","message":"Moro","type":"chat"},{"medal":128,"time":"2021-10-04T05:24:09+0000","type":"medal","user":{"country":"se","medals":[70,24,24,77,17,24,5,67,47,16,24,79,22,24,24,28,66,27,4,107,17,116,24,117,57,17,24,24,122,74,126,24,73,17,128],"zones":[64896,1025,64897,43650,14283,33741,7823,695,16056,2331,34908,1021],"pointsPerHour":0,"points":4511,"blocktime":1335,"taken":33725,"name":"tynnered","totalPoints":4970665,"rank":49,"id":105908,"place":3728,"uniqueZonesTaken":5493,"region":{"name":"Värmland","id":130}}},{"country":"fi","sender":{"country":"fi","medals":[],"zones":[],"pointsPerHour":0,"points":0,"blocktime":600,"taken":0,"name":"Wilpro07","totalPoints":0,"rank":0,"id":348213,"place":3728,"uniqueZonesTaken":0},"time":"2021-10-04T05:24:07+0000","message":"(☞ ͡° ͜ʖ ͡°)☞","type":"chat"},{"country":"fi","sender":{"country":"fi","medals":[],"zones":[],"pointsPerHour":0,"points":0,"blocktime":600,"taken":0,"name":"Wilpro07","totalPoints":0,"rank":0,"id":348213,"place":3728,"uniqueZonesTaken":0},"time":"2021-10-04T05:24:01+0000","message":"(´⊙ω⊙`)→","type":"chat"},{"country":"fi","sender":{"country":"fi","medals":[],"zones":[],"pointsPerHour":0,"points":0,"blocktime":600,"taken":0,"name":"beluwuga","totalPoints":0,"rank":0,"id":348236,"place":3728,"uniqueZonesTaken":0},"time":"2021-10-04T05:23:57+0000","message":"Turpa kiinni","type":"chat"},{"country":"fi","sender":{"country":"fi","medals":[],"zones":[],"pointsPerHour":0,"points":0,"blocktime":600,"taken":0,"name":"maximousa","totalPoints":0,"rank":0,"id":348212,"place":3728,"uniqueZonesTaken":0},"time":"2021-10-04T05:23:53+0000","message":"🇫🇮","type":"chat"},{"country":"fi","sender":{"country":"fi","medals":[],"zones":[],"pointsPerHour":0,"points":0,"blocktime":600,"taken":0,"name":"Wilpro07","totalPoints":0,"rank":0,"id":348213,"place":3728,"uniqueZonesTaken":0},"time":"2021-10-04T05:23:50+0000","message":"(*❛\u203f❛)→(☞ ͡° ͜ʖ ͡°)☞(☞ ͡° ͜ʖ ͡°)☞","type":"chat"},{"sender":{"country":"se","medals":[79,77,28,16,67,5,70,95,35,47,14,56,7,103],"zones":[139666,21488,184234],"pointsPerHour":17,"points":592,"blocktime":1140,"taken":3971,"name":"LowTechLenny","totalPoints":758108,"rank":36,"id":120639,"place":2272,"uniqueZonesTaken":593,"region":{"name":"Örebro","id":131}},"time":"2021-10-04T05:23:49+0000","message":"inos: Tack för svar! Ja jättetrist. Hörde att det varit skadegörelse. Undra om det hänger ihop med att den blev en turfzon och drog dit folk","region":{"name":"Örebro","id":131},"type":"chat"},{"country":"fi","sender":{"country":"fi","medals":[],"zones":[],"pointsPerHour":0,"points":0,"blocktime":600,"taken":0,"name":"Wilpro07","totalPoints":0,"rank":0,"id":348213,"place":3728,"uniqueZonesTaken":0},"time":"2021-10-04T05:23:42+0000","message":"🦀🦑🐳🦪🦑🦀🐬🦜🕊️🕊️","type":"chat"},{"country":"fi","sender":{"country":"fi","medals":[],"zones":[],"pointsPerHour":0,"points":0,"blocktime":600,"taken":0,"name":"fewster","totalPoints":0,"rank":0,"id":348259,"place":3728,"uniqueZonesTaken":0},"time":"2021-10-04T05:23:39+0000","message":"🥚🤛🏻🐣","type":"chat"},{"medal":128,"time":"2021-10-04T05:23:29+0000","type":"medal","user":{"country":"se","medals":[5,77,7,28,56,70,47,79,4,16,67,94,117,22,123,126,15,37,103,128],"zones":[22337,56146,22754,5431,61103],"pointsPerHour":0,"points":2210,"blocktime":1170,"taken":8857,"name":"Kartago","totalPoints":983163,"rank":38,"id":232934,"place":3728,"uniqueZonesTaken":1523,"region":{"name":"Västmanland","id":143}}},{"country":"fi","sender":{"country":"fi","medals":[],"zones":[],"pointsPerHour":0,"points":0,"blocktime":600,"taken":0,"name":"Wilpro07","totalPoints":0,"rank":0,"id":348213,"place":3728,"uniqueZonesTaken":0},"time":"2021-10-04T05:23:28+0000","message":"🦔🦉🦉🦉🐧🦉🦜🦜🐧🦑🦪🦂🐳🐧🐋🦩🦩🐤","type":"chat"},{"medal":128,"time":"2021-10-04T05:23:18+0000","type":"medal","user":{"country":"se","medals":[70,16,67,24,72,24,68,24,79,24,83,112,75,59,2,68,24,2,68,77,24,4,68,68,21,68,24,66,50,24,109,24,126,124,119,128],"zones":[46352,463109,43378,7700,53033,97336,1003,55788],"pointsPerHour":0,"points":12917,"blocktime":1470,"taken":113772,"name":"Superelak","totalPoints":16273436,"rank":58,"id":126940,"place":3728,"uniqueZonesTaken":3359,"region":{"name":"Västerbotten","id":127}}},{"country":"fi","sender":{"country":"fi","medals":[],"zones":[],"pointsPerHour":0,"points":0,"blocktime":600,"taken":0,"name":"Wilpro07","totalPoints":0,"rank":0,"id":348213,"place":3728,"uniqueZonesTaken":0},"time":"2021-10-04T05:23:17+0000","message":"🐱","type":"chat"},{"country":"fi","sender":{"country":"fi","medals":[],"zones":[],"pointsPerHour":0,"points":0,"blocktime":600,"taken":0,"name":"EebuH","totalPoints":0,"rank":0,"id":348201,"place":3728,"uniqueZonesTaken":0},"time":"2021-10-04T05:23:09+0000","message":"KUKSUGAR\nE","type":"chat"},{"country":"fi","sender":{"country":"fi","medals":[],"zones":[],"pointsPerHour":0,"points":0,"blocktime":600,"taken":0,"name":"fewster","totalPoints":0,"rank":0,"id":348259,"place":3728,"uniqueZonesTaken":0},"time":"2021-10-04T05:23:08+0000","message":"🦧","type":"chat"},{"country":"fi","sender":{"country":"fi","medals":[],"zones":[],"pointsPerHour":0,"points":0,"blocktime":600,"taken":0,"name":"Wilpro07","totalPoints":0,"rank":0,"id":348213,"place":3727,"uniqueZonesTaken":0},"time":"2021-10-04T05:23:01+0000","message":"Wilpro07: jjjj","type":"chat"},{"country":"fi","sender":{"country":"fi","medals":[],"zones":[],"pointsPerHour":0,"points":0,"blocktime":600,"taken":0,"name":"Wilpro07","totalPoints":0,"rank":0,"id":348213,"place":3727,"uniqueZonesTaken":0},"time":"2021-10-04T05:22:54+0000","message":"helllo","type":"chat"},{"country":"fi","sender":{"country":"fi","medals":[],"zones":[],"pointsPerHour":0,"points":0,"blocktime":600,"taken":0,"name":"fewster","totalPoints":0,"rank":0,"id":348259,"place":3727,"uniqueZonesTaken":0},"time":"2021-10-04T05:22:48+0000","message":"Oee","type":"chat"},{"country":"fi","sender":{"country":"fi","medals":[],"zones":[],"pointsPerHour":0,"points":0,"blocktime":600,"taken":0,"name":"EebuH","totalPoints":0,"rank":0,"id":348201,"place":3727,"uniqueZonesTaken":0},"time":"2021-10-04T05:22:39+0000","message":"PELE!!!!","type":"chat"},{"medal":128,"time":"2021-10-04T05:22:17+0000","type":"medal","user":{"country":"se","medals":[16,67,72,27,4,68,48,77,70,5,79,22,68,68,81,117,3,68,24,112,68,68,91,30,50,124,126,108,119,128],"zones":[316676,27840,114944,27841,27844,80265,17930,20554,81290,224717,226007,138580,90774,11362,17890,17891,17319,138283,26217,28338,15538,409200,15542,95545,1401,95547,17914,374462,27835,1404,27836,1469,281849,1470,25022,114943,34687,1471,27839],"pointsPerHour":0,"points":20416,"blocktime":1485,"taken":122279,"name":"Ita","totalPoints":27152918,"rank":59,"id":145707,"place":3727,"uniqueZonesTaken":4985,"region":{"name":"Skåne","id":135}}},{"medal":128,"time":"2021-10-04T05:21:43+0000","type":"medal","user":{"country":"fi","medals":[77,16,78,67,22,7,70,72,14,5,126,97,48,4,27,105,59,123,87,128],"zones":[178501,62536,358543,33610,139471,34128,139472,139473,152982,215895,455579,22625,38249,38250,428909,38251,119469,38252,38253,13614,38254,38255,38256,343092,38257,38258,38259,194292,350451,368634],"pointsPerHour":0,"points":19194,"blocktime":1380,"taken":35243,"name":"MrCoolWat.","totalPoints":6898221,"rank":52,"id":227290,"place":3727,"uniqueZonesTaken":701,"region":{"name":"Åland","id":177}}},{"medal":128,"time":"2021-10-04T05:21:37+0000","type":"medal","user":{"country":"se","medals":[16,67,4,27,24,70,48,21,58,68,15,9,72,79,77,66,17,24,62,64,107,17,116,83,24,89,17,126,123,128],"zones":[31970,43651,44139,44141,63022,16050,27734,43958,43959,7771,7772,7775],"pointsPerHour":0,"points":2997,"blocktime":1455,"taken":69914,"name":"Vintentina","totalPoints":13191872,"rank":57,"id":60202,"place":3727,"uniqueZonesTaken":2354,"region":{"name":"Värmland","id":130}}},{"medal":128,"time":"2021-10-04T05:21:37+0000","type":"medal","user":{"country":"se","medals":[4,24,16,17,7,48,79,77,98,70,72,57,117,27,123,126,24,15,111,89,128],"zones":[19332,19335,302092,302093,135944,19338,302094,19342,44302,68367,111631,44303,44304,658,44307,44309,44310,42399,156957,23073,2082,23074,23075,204459,74409,7081,90539,74410,22324,74422,20409,24517,21701,34632,12488,96458,34637,34641,29138,9690,42461,9697,1890,9698,50658,50659,9699,9701,148709,354287],"pointsPerHour":0,"points":18671,"blocktime":1395,"taken":53399,"name":"Jagdpanther","totalPoints":7955599,"rank":53,"id":77661,"place":3727,"uniqueZonesTaken":1023,"region":{"name":"Kalmar","id":137}}},{"medal":128,"time":"2021-10-04T05:21:03+0000","type":"medal","user":{"country":"se","medals":[79,16,72,67,123,70,22,15,97,75,83,60,104,7,40,128],"zones":[112645,154375,138500,112647,112646,128521,111624,154377,109069,111629,94220,109071,343563,11279,109070,25359,109073,109072,139280,139281,428321,94246,96303,11312,430134,430135,153659,153656,153657,144441,430137,154946,224839,141654,278608,141652,141653,193877,20825,7516,7517,122462,208739,208738,12132,122471,176746,7530,7531,33131,7532,50286,50287,7535,7536,7538,11380,135819,7309,408200,410518,410519,207508,175514,138138,171167,350106,95649,320678,320680,154287,64429,64430,180658,94914,330178,84678,22215,22216,161480,155849,163790,96470,122330,37091,151268,228078,9454,50158,9455,50159,9456,50160,9457,9458,50162,9459,9460,222207,57085],"pointsPerHour":0,"points":25835,"blocktime":1305,"taken":20467,"name":"#1725","totalPoints":3845476,"rank":47,"id":281837,"place":3726,"uniqueZonesTaken":1656,"region":{"name":"Stockholm","id":141}}},{"medal":128,"time":"2021-10-04T05:20:52+0000","type":"medal","user":{"country":"se","medals":[72,77,123,58,70,83,67,21,16,126,68,4,97,75,105,27,117,79,68,15,66,39,128],"zones":[17234,319795,7130,61786],"pointsPerHour":0,"points":702,"blocktime":1290,"taken":15832,"name":"Hdaskydrone","totalPoints":3097982,"rank":46,"id":262563,"place":3726,"uniqueZonesTaken":1462,"region":{"name":"Dalarna","id":129}}},{"medal":128,"time":"2021-10-04T05:20:41+0000","type":"medal","user":{"country":"se","medals":[67,4,68,21,16,27,68,70,24,17,74,72,79,83,77,68,26,75,68,17,49,82,2,68,121,68,117,68,91,30,68,68,116,17,107,119,124,126,24,17,128],"zones":[14406,88969,7370,16534,17368,664,78936,184091,54877,22750,54878,22751,31713,21092,21093,12006,9323,9324,9327,9328,9329,204145,97464,1529,1531,1532,9663,14207],"pointsPerHour":0,"points":4964,"blocktime":1470,"taken":112961,"name":"canon","totalPoints":22450603,"rank":58,"id":66935,"place":3726,"uniqueZonesTaken":17037,"region":{"name":"Södermanland","id":140}}},{"medal":128,"time":"2021-10-04T05:20:24+0000","type":"medal","user":{"country":"se","medals":[16,4,79,24,17,116,67,57,70,24,24,24,5,77,24,117,21,124,108,28,126,48,74,24,24,66,41,17,24,128],"zones":[111825,176,41697,7590,139,175],"pointsPerHour":0,"points":1824,"blocktime":1335,"taken":26893,"name":"Anniña","totalPoints":4923534,"rank":49,"id":207433,"place":3726,"uniqueZonesTaken":6430,"region":{"name":"Stockholm","id":141}}},{"medal":128,"time":"2021-10-04T05:19:39+0000","type":"medal","user":{"country":"se","medals":[46,79,95,66,28,22,123,126,16,57,39,109,74,128],"zones":[24513,117698,81862,1832,139404,332171,22512,24657,92819,24505,24507,43389],"pointsPerHour":0,"points":4662,"blocktime":1275,"taken":18159,"name":"Mrs.Strike","totalPoints":2984270,"rank":45,"id":109682,"place":3725,"uniqueZonesTaken":5109,"region":{"name":"Örebro","id":131}}}]