[{"medal":127,"time":"2022-05-24T04:40:22+0000","type":"medal","user":{"country":"se","medals":[12,28,55,78,101,33,47,94,127],"zones":[180615,107911,180617,44556,42318,46353,30226,59282,3218,7700,7704,430365,228440,9756,9757,306535,995,996,53031,9383,9384,1002,1003,1004,126255,43378,86069,11126,180606,180607,180604,57727,180605],"pointsPerHour":0,"points":106625,"blocktime":15,"taken":951,"name":"Thomax24","totalPoints":124779,"rank":21,"id":359047,"place":8639,"uniqueZonesTaken":245,"region":{"name":"Västerbotten","id":127}}},{"medal":84,"time":"2022-05-24T04:31:17+0000","type":"medal","user":{"country":"se","medals":[4,80,84],"zones":[28231,32232,208699,80619,208700],"pointsPerHour":0,"points":900,"blocktime":10,"taken":5,"name":"alexwj","totalPoints":900,"rank":3,"id":365088,"place":8639,"uniqueZonesTaken":5,"region":{"name":"Halland","id":134}}},{"medal":80,"time":"2022-05-24T04:31:17+0000","type":"medal","user":{"country":"se","medals":[4,80,84],"zones":[28231,32232,208699,80619,208700],"pointsPerHour":0,"points":900,"blocktime":10,"taken":5,"name":"alexwj","totalPoints":900,"rank":3,"id":365088,"place":8639,"uniqueZonesTaken":5,"region":{"name":"Halland","id":134}}}]