[{"medal":51,"time":"2021-08-26T13:19:28+0000","type":"medal","user":{"country":"se","medals":[85,51],"zones":[928,26528,138512,594,95106,595,17669,2297,906,8158],"pointsPerHour":0,"points":1074,"blocktime":645,"taken":12,"name":"ok567","totalPoints":1074,"rank":3,"id":337967,"place":7487,"uniqueZonesTaken":12,"region":{"name":"Östergötland","id":139}}},{"medal":14,"time":"2021-08-26T13:18:36+0000","type":"medal","user":{"country":"uk","medals":[94,5,100,46,79,77,28,56,122,16,35,14],"zones":[139555,140817,322176,410160,140811,410159,55882,15787,322175],"pointsPerHour":0,"points":12683,"blocktime":1140,"taken":3652,"name":"Porridge68","totalPoints":750273,"rank":36,"id":303191,"place":7487,"uniqueZonesTaken":500,"region":{"name":"Scotland","id":200}}},{"medal":101,"time":"2021-08-26T13:16:58+0000","type":"medal","user":{"country":"se","medals":[52,11,94,6,34,101],"zones":[155330,3154,141558,8038,179189,6986,6910,141757,6911],"pointsPerHour":0,"points":17641,"blocktime":1125,"taken":1851,"name":"Morsan","totalPoints":694023,"rank":35,"id":230882,"place":7487,"uniqueZonesTaken":90,"region":{"name":"Norrbotten","id":126}}},{"medal":85,"time":"2021-08-26T13:12:07+0000","type":"medal","user":{"country":"se","medals":[80,85],"zones":[928,138512,594,95106,595,17669,2297,906],"pointsPerHour":0,"points":891,"blocktime":645,"taken":10,"name":"ok567","totalPoints":891,"rank":3,"id":337967,"place":7487,"uniqueZonesTaken":10,"region":{"name":"Östergötland","id":139}}}]