[{"sender":{"country":"se","medals":[4,28,47,55,16,5,67,21,27,7,79,77,14,126,39,102,95],"zones":[51299,12388,17497,8570,1451,23517,143964],"pointsPerHour":35,"points":64443,"blocktime":1290,"taken":17322,"name":"raz","totalPoints":3234726,"rank":46,"id":2949,"place":1119,"uniqueZonesTaken":779,"region":{"name":"Södermanland","id":140}},"time":"2021-08-27T08:17:58+0000","message":"Vinzon: vilken fint. Trodde du skulle hem från nåt eftersom du bara dök upp i stan. 🌧️ 😁","region":{"name":"Södermanland","id":140},"type":"chat"},{"sender":{"country":"se","medals":[67,5,22,16,93,28,47,79,7,56,4,14,40,103],"zones":[24898,24845],"pointsPerHour":3,"points":17124,"blocktime":1320,"taken":24095,"name":"Livorno","totalPoints":4255224,"rank":48,"id":165719,"place":2912,"uniqueZonesTaken":656,"region":{"name":"Västra Götaland","id":132}},"time":"2021-08-27T08:14:41+0000","message":"MrJokerit: Bor vi grannar nu😉","region":{"name":"Västra Götaland","id":132},"type":"chat"},{"medal":33,"time":"2021-08-27T08:10:02+0000","type":"medal","user":{"country":"se","medals":[100,95,46,12,28,54,6,33],"zones":[1637,9829,95110,3337,139275,180652,22322,63891,4979,24151,21112,37146],"pointsPerHour":0,"points":10402,"blocktime":870,"taken":501,"name":"guerro","totalPoints":84474,"rank":18,"id":335407,"place":7516,"uniqueZonesTaken":158,"region":{"name":"Östergötland","id":139}}}]