[{"sender":{"country":"se","medals":[9,16,28,47,99,24,77,79,57,24,50,91,117,126,22,124,104,73,24],"zones":[223203,37745,21713,12418,24069,1623,138,7722,137561,14607,63007],"pointsPerHour":81,"points":51309,"blocktime":1350,"taken":33552,"name":"Gölin","totalPoints":5284670,"rank":50,"id":46121,"place":1358,"uniqueZonesTaken":3290,"region":{"name":"Stockholm","id":141}},"time":"2021-08-26T04:28:57+0000","message":"iTurf: eller tar du tvättstugezonen?","region":{"name":"Stockholm","id":141},"type":"chat"}]