[{"medal":31,"time":"2021-08-26T09:11:28+0000","type":"medal","user":{"country":"se","medals":[80,93,31],"zones":[82355,21859,226858],"pointsPerHour":0,"points":3731,"blocktime":690,"taken":25,"name":"Annamaria8","totalPoints":3731,"rank":6,"id":337582,"place":7464,"uniqueZonesTaken":14,"region":{"name":"Västerbotten","id":127}}},{"sender":{"country":"se","medals":[93,52,12,101,4,71,35,10],"zones":[223158,32454],"pointsPerHour":9,"points":39021,"blocktime":1095,"taken":2815,"name":"InThaZone","totalPoints":485574,"rank":33,"id":283792,"place":1733,"uniqueZonesTaken":181,"region":{"name":"Norrbotten","id":126}},"time":"2021-08-26T09:10:23+0000","message":"Någon som tappat ett cykellås? Ligger ett inte långt från en Turfzon så därav frågan här","region":{"name":"Norrbotten","id":126},"type":"chat"}]