[{"medal":130,"time":"2022-04-11T18:37:13+0000","type":"medal","user":{"country":"se","medals":[55,46,10,12,94,16,27,101,79,77,67,35,130],"zones":[148707,48449,178272,48451,114882,66052,47621,2885,8651,1490,32275,169302,27925,44566,79292],"pointsPerHour":0,"points":21992,"blocktime":1125,"taken":3367,"name":"SallyR","totalPoints":706436,"rank":35,"id":329873,"place":5374,"uniqueZonesTaken":249,"region":{"name":"Västerbotten","id":127}}},{"medal":32,"time":"2022-04-11T18:35:59+0000","type":"medal","user":{"country":"se","medals":[92,51,32],"zones":[136374,22629,22630,22826,22827,22828],"pointsPerHour":0,"points":3901,"blocktime":795,"taken":100,"name":"_ame_","totalPoints":29417,"rank":13,"id":355704,"place":5374,"uniqueZonesTaken":30,"region":{"name":"Västra Götaland","id":132}}}]