[{"medal":31,"time":"2022-04-12T05:28:24+0000","type":"medal","user":{"country":"se","medals":[93,100,80,92,31],"zones":[19217,19221,136046],"pointsPerHour":0,"points":3663,"blocktime":690,"taken":25,"name":"Björnstina","totalPoints":3663,"rank":6,"id":357974,"place":5390,"uniqueZonesTaken":21,"region":{"name":"Södermanland","id":140}}},{"sender":{"country":"se","medals":[5,67,27,70,16,93,57,28,4,47,122,79,14,77,40,131],"zones":[157378,37537,319302,148618,153674,141577,1579,425675,135789,8400,154290,93200,223824,95831,107447,56793,425692,32187,32188,32191],"pointsPerHour":95,"points":43201,"blocktime":1350,"taken":22996,"name":"Daily-∞","totalPoints":5089699,"rank":50,"id":254091,"place":403,"uniqueZonesTaken":544,"region":{"name":"Stockholm","id":141}},"time":"2022-04-12T04:59:47+0000","message":"Yorath: A hip hoper is a no go zone stopper and Sheena was a Pokemon? 🤔","type":"chat"}]