[{"medal":127,"time":"2021-09-14T15:38:08+0000","type":"medal","user":{"country":"se","medals":[28,16,56,6,24,99,70,14,77,24,48,5,21,67,79,107,126,123,41,127],"zones":[23904,84099,54914,54915,43368,95752,122859,95754,26091,59277,51661,59278,78447,62159,66898,66900,23125,23126,44536,23129,32410,32411],"pointsPerHour":0,"points":50417,"blocktime":1350,"taken":27049,"name":"Blues67","totalPoints":5042558,"rank":50,"id":188022,"place":6939,"uniqueZonesTaken":852,"region":{"name":"Västerbotten","id":127}}},{"medal":127,"time":"2021-09-14T15:36:44+0000","type":"medal","user":{"country":"se","medals":[46,16,6,94,70,55,77,14,122,79,107,67,28,22,37,127],"zones":[141570,141569,431730,55990,48073,155101,42431],"pointsPerHour":0,"points":13783,"blocktime":1200,"taken":7751,"name":"Odalen62","totalPoints":1479022,"rank":40,"id":228145,"place":6939,"uniqueZonesTaken":714,"region":{"name":"Gävleborg","id":144}}},{"medal":127,"time":"2021-09-14T15:36:00+0000","type":"medal","user":{"country":"se","medals":[94,90,71,42,54,70,13,122,22,77,102,127],"zones":[7363,83253,5388,1725],"pointsPerHour":0,"points":13586,"blocktime":870,"taken":463,"name":"Juliettan","totalPoints":80102,"rank":18,"id":336450,"place":6938,"uniqueZonesTaken":301,"region":{"name":"Västerbotten","id":127}}},{"sender":{"country":"se","medals":[5,16,27,28,57,6,47,94,117,71,104,126,14,118,127],"zones":[20161,224073,69009,60695,225108,17497,8474,8475,143966,143965,11936,23459,1448,12520,1449,12521,12522,142568,32939,12523,1455,11953,12018,95477,65972,65975,65976,8570,65980],"pointsPerHour":124,"points":89018,"blocktime":1470,"taken":77783,"name":"m3tr0","totalPoints":16448970,"rank":58,"id":9931,"place":219,"uniqueZonesTaken":509,"region":{"name":"Södermanland","id":140}},"time":"2021-09-14T15:35:05+0000","message":"vindturf: ta god på dig nu så blocktiden hinner ut.","region":{"name":"Södermanland","id":140},"type":"chat"},{"medal":127,"time":"2021-09-14T15:34:30+0000","type":"medal","user":{"country":"uk","medals":[79,28,16,94,102,47,13,122,27,70,59,36,127],"zones":[338821,338820,338822,357889,411362,411363,17225,328264,338824,340564,340561,340560,340976,340563,340562,357529,353403,411353],"pointsPerHour":0,"points":74938,"blocktime":1215,"taken":5375,"name":"TS_tunahunter","totalPoints":1573195,"rank":41,"id":299920,"place":6937,"uniqueZonesTaken":443,"region":{"name":"Scotland","id":200}}},{"medal":127,"time":"2021-09-14T15:34:23+0000","type":"medal","user":{"country":"se","medals":[5,16,70,4,67,48,21,26,27,50,72,30,58,91,77,79,17,115,117,88,122,105,17,127],"zones":[47762,12387,504,25977,22238],"pointsPerHour":0,"points":19616,"blocktime":1380,"taken":48234,"name":"svenlutte","totalPoints":6849871,"rank":52,"id":62695,"place":6937,"uniqueZonesTaken":4920,"region":{"name":"Örebro","id":131}}},{"medal":127,"time":"2021-09-14T15:34:10+0000","type":"medal","user":{"country":"se","medals":[51,32,11,95,127],"zones":[26928,23328,434,21508,26926],"pointsPerHour":0,"points":10070,"blocktime":795,"taken":150,"name":"agave","totalPoints":30899,"rank":13,"id":300548,"place":0,"uniqueZonesTaken":54,"region":{"name":"Västra Götaland","id":132}}},{"medal":127,"time":"2021-09-14T15:33:17+0000","type":"medal","user":{"country":"se","medals":[16,48,67,5,21,24,70,4,79,77,99,66,117,72,59,107,122,126,73,50,127],"zones":[47139,47140,24490,15851,7518],"pointsPerHour":0,"points":18210,"blocktime":1350,"taken":33023,"name":"susatorn","totalPoints":5616458,"rank":50,"id":51861,"place":6937,"uniqueZonesTaken":2623,"region":{"name":"Värmland","id":130}}}]