[{"medal":127,"time":"2021-09-15T05:57:20+0000","type":"medal","user":{"country":"se","medals":[67,16,5,22,70,24,48,9,27,58,68,26,4,30,79,77,98,72,91,117,50,107,123,126,119,127],"zones":[34646,1223,34647,25995,2445,43743],"pointsPerHour":0,"points":118062,"blocktime":1470,"taken":120576,"name":"TompaBoy51","totalPoints":17529445,"rank":58,"id":65370,"place":6971,"uniqueZonesTaken":3542,"region":{"name":"Kalmar","id":137}}},{"country":"se","sender":{"country":"se","medals":[],"zones":[],"pointsPerHour":0,"points":0,"blocktime":600,"taken":0,"name":"benisar","totalPoints":0,"rank":0,"id":342152,"place":6970,"uniqueZonesTaken":0},"time":"2021-09-15T05:54:26+0000","message":"Penis","type":"chat"}]