[{"sender":{"country":"se","medals":[46,126,16,55,95,103,37,5,14],"zones":[11648,22849,17028,94117,122477,91983,13649,22836,37108,7157,7032,7161],"pointsPerHour":66,"points":37314,"blocktime":1200,"taken":7949,"name":"JimmyAIK","totalPoints":1311822,"rank":40,"id":267637,"place":825,"uniqueZonesTaken":504,"region":{"name":"Stockholm","id":141}},"time":"2021-09-14T23:27:54+0000","message":"Aicar: men du är där det ger minst poäng","region":{"name":"Stockholm","id":141},"type":"chat"},{"sender":{"country":"se","medals":[46,126,16,55,95,103,37,5,14],"zones":[11648,22849,17028,94117,122477,91983,13649,22836,37108,7157,7032,7161],"pointsPerHour":66,"points":37313,"blocktime":1200,"taken":7949,"name":"JimmyAIK","totalPoints":1311821,"rank":40,"id":267637,"place":825,"uniqueZonesTaken":504,"region":{"name":"Stockholm","id":141}},"time":"2021-09-14T23:26:40+0000","message":"Aicar: du kör hårt på natten 😴","region":{"name":"Stockholm","id":141},"type":"chat"},{"medal":127,"time":"2021-09-14T22:41:19+0000","type":"medal","user":{"country":"us","medals":[93,42,11,78,53,67,127],"zones":[393671,381382,396512,442830,389757,442831,430076,396938,396939,430075,381371],"pointsPerHour":0,"points":20419,"blocktime":945,"taken":496,"name":"coMNtosa","totalPoints":146367,"rank":23,"id":315627,"place":6964,"uniqueZonesTaken":91,"region":{"name":"Minnesota","id":405}}}]