[{"medal":10,"time":"2021-09-15T05:09:12+0000","type":"medal","user":{"country":"uk","medals":[68,95,101,86,11,51,10],"zones":[389460,320630,389457,389456,389459,389458,337245,320638,320634],"pointsPerHour":0,"points":1539,"blocktime":750,"taken":76,"name":"Hodgejrjr","totalPoints":16286,"rank":10,"id":295495,"place":6969,"uniqueZonesTaken":52,"region":{"name":"Scotland","id":200}}},{"medal":80,"time":"2021-09-15T05:02:07+0000","type":"medal","user":{"country":"se","medals":[84,80],"zones":[1475,223802,105,115067,20911],"pointsPerHour":0,"points":1043,"blocktime":645,"taken":7,"name":"Cissif","totalPoints":1043,"rank":3,"id":339504,"place":6969,"uniqueZonesTaken":7,"region":{"name":"Östergötland","id":139}}}]