[{"sender":{"country":"se","medals":[5,16,24,67,24,27,70,7,43,28,47,24,17,15,101,78,116,17,117,122,59,68,41,126,4],"zones":[119224,34175],"pointsPerHour":3,"points":32564,"blocktime":1395,"taken":28909,"name":"geoturfwera","totalPoints":7446158,"rank":53,"id":32963,"place":981,"uniqueZonesTaken":1592,"region":{"name":"Jönköping","id":133}},"time":"2021-09-15T11:46:19+0000","message":"KollPåGubben: Bäckagubben: Välkomna till Vaggeryd ock Skillingaryd!","region":{"name":"Jönköping","id":133},"type":"chat"},{"medal":94,"time":"2021-09-15T11:44:43+0000","type":"medal","user":{"country":"se","medals":[84,94],"zones":[],"pointsPerHour":0,"points":125,"blocktime":660,"taken":10,"name":"nudelätare69","totalPoints":1322,"rank":4,"id":328639,"place":7202,"uniqueZonesTaken":6,"region":{"name":"Södermanland","id":140}}},{"medal":94,"time":"2021-09-15T11:44:43+0000","type":"medal","user":{"country":"se","medals":[94],"zones":[],"pointsPerHour":0,"points":310,"blocktime":615,"taken":3,"name":"homan","totalPoints":406,"rank":1,"id":328643,"place":7202,"uniqueZonesTaken":3,"region":{"name":"Södermanland","id":140}}},{"medal":93,"time":"2021-09-15T11:44:24+0000","type":"medal","user":{"country":"se","medals":[93],"zones":[2085],"pointsPerHour":0,"points":250,"blocktime":615,"taken":2,"name":"linusarnabo","totalPoints":250,"rank":1,"id":342580,"place":7201,"uniqueZonesTaken":2,"region":{"name":"Jämtland","id":128}}},{"medal":80,"time":"2021-09-15T11:43:48+0000","type":"medal","user":{"country":"se","medals":[96,84,80],"zones":[8264,178264,133807,117436],"pointsPerHour":0,"points":939,"blocktime":645,"taken":7,"name":"Vanda.","totalPoints":939,"rank":3,"id":342558,"place":7200,"uniqueZonesTaken":7,"region":{"name":"Jämtland","id":128}}},{"medal":31,"time":"2021-09-15T11:43:18+0000","type":"medal","user":{"country":"se","medals":[92,52,31],"zones":[94855,92070,200201,322601,322602,322603,432372,61142,228052,151642,151643,50649,50650,428508,50651,361182,230303,428507,155324,115103,418937,115102],"pointsPerHour":0,"points":6596,"blocktime":705,"taken":25,"name":"Mahilda","totalPoints":6596,"rank":7,"id":341323,"place":7200,"uniqueZonesTaken":24,"region":{"name":"Kalmar","id":137}}},{"medal":80,"time":"2021-09-15T11:43:06+0000","type":"medal","user":{"country":"se","medals":[80,84],"zones":[320822,92115,136241,3108,93145],"pointsPerHour":0,"points":749,"blocktime":645,"taken":5,"name":"lakaka","totalPoints":749,"rank":3,"id":342544,"place":7200,"uniqueZonesTaken":5,"region":{"name":"Värmland","id":130}}},{"medal":84,"time":"2021-09-15T11:43:06+0000","type":"medal","user":{"country":"se","medals":[80,84],"zones":[320822,92115,136241,3108,93145],"pointsPerHour":0,"points":749,"blocktime":645,"taken":5,"name":"lakaka","totalPoints":749,"rank":3,"id":342544,"place":7200,"uniqueZonesTaken":5,"region":{"name":"Värmland","id":130}}},{"medal":51,"time":"2021-09-15T11:43:00+0000","type":"medal","user":{"country":"se","medals":[85,90,51,92],"zones":[2840,937,23993,24729,938,939,940,34653,26862,23135],"pointsPerHour":0,"points":1824,"blocktime":660,"taken":15,"name":"kuzzarna","totalPoints":1824,"rank":4,"id":342519,"place":7200,"uniqueZonesTaken":15,"region":{"name":"Kalmar","id":137}}},{"medal":92,"time":"2021-09-15T11:43:00+0000","type":"medal","user":{"country":"se","medals":[85,90,51,92],"zones":[2840,937,23993,24729,938,939,940,34653,26862,23135],"pointsPerHour":0,"points":1824,"blocktime":660,"taken":15,"name":"kuzzarna","totalPoints":1824,"rank":4,"id":342519,"place":7200,"uniqueZonesTaken":15,"region":{"name":"Kalmar","id":137}}},{"medal":85,"time":"2021-09-15T11:40:45+0000","type":"medal","user":{"country":"se","medals":[85],"zones":[78467,78466,78468],"pointsPerHour":0,"points":1441,"blocktime":660,"taken":10,"name":"Linda0306","totalPoints":1441,"rank":4,"id":341320,"place":7198,"uniqueZonesTaken":6,"region":{"name":"Stockholm","id":141}}}]