[{"medal":11,"time":"2022-06-21T18:39:06+0000","type":"medal","user":{"country":"se","medals":[53,86,10,11],"zones":[2034,8323,135841,8325,64629,281820,17945,17947,2046],"pointsPerHour":0,"points":13611,"blocktime":12,"taken":93,"name":"tunnelbanan55","totalPoints":13611,"rank":9,"id":366790,"place":6779,"uniqueZonesTaken":50,"region":{"name":"Gävleborg","id":144}}},{"sender":{"country":"se","medals":[126,16,95,5,14,67,122,128,90,6,38,47,57,104],"zones":[138498,201,202,882,919,36698,8218,64093,1917,189,122463,64094,318],"pointsPerHour":97,"points":48744,"blocktime":20,"taken":12947,"name":"JimmyAIK94","totalPoints":2261922,"rank":43,"id":267637,"place":1041,"uniqueZonesTaken":807,"region":{"name":"Stockholm","id":141}},"time":"2022-06-21T18:38:51+0000","message":"lejonet: min zon ju","region":{"name":"Stockholm","id":141},"type":"chat"},{"sender":{"country":"se","medals":[16,5,56,47,27,67,70,79,14,7,94,126,39,102,72,77,122],"zones":[20681,42889,20682,25805,27634,29525,24278,78455,37847,78454,27640,37849],"pointsPerHour":34,"points":22506,"blocktime":21,"taken":19244,"name":"ElVikingo","totalPoints":3156816,"rank":46,"id":42306,"place":1938,"uniqueZonesTaken":911,"region":{"name":"Stockholm","id":141}},"time":"2022-06-21T18:32:07+0000","message":"chaanet: ah! Vink vink","region":{"name":"Stockholm","id":141},"type":"chat"}]