[{"sender":{"country":"se","medals":[16,4,79,47,94,28,14,57,126,103,131,66,89],"zones":[],"pointsPerHour":0,"points":45836,"blocktime":23,"taken":50318,"name":"Korpens","totalPoints":10153198,"rank":55,"id":124494,"place":764,"uniqueZonesTaken":746,"region":{"name":"Stockholm","id":141}},"time":"2023-02-20T16:16:00+0000","message":"Falken55 Är i Sälen och åker skidor ... dåligt med zoner!","region":{"name":"Stockholm","id":141},"type":"chat"},{"sender":{"country":"se","medals":[93,28,16,126,70,5,100,47,14,122,58,79,7,38,4,132],"zones":[1781,223848,17852,355179],"pointsPerHour":8,"points":4152,"blocktime":21,"taken":13957,"name":"UnluckyOne","totalPoints":3856668,"rank":47,"id":262656,"place":3554,"uniqueZonesTaken":975,"region":{"name":"Skåne","id":135}},"time":"2023-02-20T16:08:38+0000","message":"Jajamensan. Vi är ute och går bara. Går ej över till Filborna","region":{"name":"Skåne","id":135},"type":"chat"}]