[{"medal":84,"time":"2022-02-01T10:12:43+0000","type":"medal","user":{"country":"se","medals":[80,84],"zones":[20704,465843,109448,355582,142569],"pointsPerHour":0,"points":837,"blocktime":10,"taken":5,"name":"fillebonito","totalPoints":837,"rank":3,"id":354939,"place":7037,"uniqueZonesTaken":5,"region":{"name":"Stockholm","id":141}}},{"medal":80,"time":"2022-02-01T10:12:43+0000","type":"medal","user":{"country":"se","medals":[80,84],"zones":[20704,465843,109448,355582,142569],"pointsPerHour":0,"points":837,"blocktime":10,"taken":5,"name":"fillebonito","totalPoints":837,"rank":3,"id":354939,"place":7037,"uniqueZonesTaken":5,"region":{"name":"Stockholm","id":141}}},{"medal":84,"time":"2022-02-01T10:08:21+0000","type":"medal","user":{"country":"se","medals":[84],"zones":[34114,147168,7435],"pointsPerHour":0,"points":822,"blocktime":10,"taken":5,"name":"idahalvars","totalPoints":822,"rank":3,"id":354922,"place":7037,"uniqueZonesTaken":4,"region":{"name":"Stockholm","id":141}}}]