[{"medal":85,"time":"2022-01-31T12:52:21+0000","type":"medal","user":{"country":"gb","medals":[80,85],"zones":[316644,318252,319532,319534,319535],"pointsPerHour":0,"points":2124,"blocktime":11,"taken":10,"name":"Padlington","totalPoints":2124,"rank":5,"id":353916,"place":6903,"uniqueZonesTaken":10,"region":{"name":"Scotland","id":200}}},{"medal":80,"time":"2022-01-31T12:52:21+0000","type":"medal","user":{"country":"gb","medals":[80,85],"zones":[316644,318252,319532,319534,319535],"pointsPerHour":0,"points":2124,"blocktime":11,"taken":10,"name":"Padlington","totalPoints":2124,"rank":5,"id":353916,"place":6903,"uniqueZonesTaken":10,"region":{"name":"Scotland","id":200}}},{"medal":85,"time":"2022-01-31T12:51:51+0000","type":"medal","user":{"country":"se","medals":[96,100,85],"zones":[29355],"pointsPerHour":0,"points":1359,"blocktime":11,"taken":10,"name":"Algot1188","totalPoints":1359,"rank":4,"id":354802,"place":6903,"uniqueZonesTaken":10,"region":{"name":"Östergötland","id":139}}},{"medal":95,"time":"2022-01-31T12:47:24+0000","type":"medal","user":{"country":"se","medals":[95],"zones":[],"pointsPerHour":0,"points":140,"blocktime":10,"taken":1,"name":"BIKTOR.ASSMAN","totalPoints":140,"rank":0,"id":354810,"place":6901,"uniqueZonesTaken":1,"region":{"name":"Östergötland","id":139}}}]