[{"sender":{"country":"se","medals":[5,4,57,22,16,67,10,47,70,7,15,79,124,24,117,77,27,97,38,132,104],"zones":[7170,25371,90140],"pointsPerHour":13,"points":47096,"blocktime":1245,"taken":14360,"name":"Mimikryp","totalPoints":2332706,"rank":43,"id":31546,"place":1125,"uniqueZonesTaken":2313,"region":{"name":"Stockholm","id":141}},"time":"2023-02-27T15:36:29+0000","message":"elz: Assist?","region":{"name":"Stockholm","id":141},"type":"chat"},{"medal":51,"time":"2023-02-27T15:36:22+0000","type":"medal","user":{"country":"se","medals":[31,92,51],"zones":[387221,139328,32584,29000,51641,51643,22251,565556,51646,189261],"pointsPerHour":0,"points":6676,"blocktime":750,"taken":39,"name":"GuppiTu","totalPoints":16311,"rank":10,"id":384371,"place":6312,"uniqueZonesTaken":23,"region":{"name":"Västra Götaland","id":132}}},{"medal":102,"time":"2023-02-27T15:31:16+0000","type":"medal","user":{"country":"se","medals":[46,55,28,79,13,127,16,94,35,6,102],"zones":[],"pointsPerHour":0,"points":3849,"blocktime":1095,"taken":3354,"name":"Mas-Clas","totalPoints":489857,"rank":33,"id":333693,"place":6312,"uniqueZonesTaken":446,"region":{"name":"Uppsala","id":142}}}]