[{"medal":103,"time":"2023-02-28T16:39:22+0000","type":"medal","user":{"country":"se","medals":[93,92,86,103],"zones":[],"pointsPerHour":0,"points":13776,"blocktime":735,"taken":110,"name":"pensionär.se","totalPoints":13776,"rank":9,"id":384980,"place":6370,"uniqueZonesTaken":35,"region":{"name":"Stockholm","id":141}}},{"sender":{"country":"se","medals":[53,126,94,46,16,13,102,38,4,67,6,131,10],"zones":[139840,94887,14536,26091,15632,63665,61939,63667,63668,63669,139833,139838,139839],"pointsPerHour":37,"points":38563,"blocktime":1230,"taken":13782,"name":"Leania","totalPoints":1956226,"rank":42,"id":234124,"place":1427,"uniqueZonesTaken":404,"region":{"name":"Västerbotten","id":127}},"time":"2023-02-28T16:35:28+0000","message":"MirreT:ja jag är från Sverige 🙂","region":{"name":"Spain","id":211},"type":"chat"},{"medal":84,"time":"2023-02-28T16:33:55+0000","type":"medal","user":{"country":"se","medals":[84],"zones":[11255],"pointsPerHour":0,"points":811,"blocktime":645,"taken":5,"name":"SquishyFishy","totalPoints":811,"rank":3,"id":386542,"place":6370,"uniqueZonesTaken":4,"region":{"name":"Uppsala","id":142}}}]