[{"medal":84,"time":"2022-07-26T06:38:33+0000","type":"medal","user":{"country":"se","medals":[93,84],"zones":[46402,155409],"pointsPerHour":0,"points":1254,"blocktime":11,"taken":7,"name":"meranna","totalPoints":1254,"rank":4,"id":368152,"place":7173,"uniqueZonesTaken":6,"region":{"name":"Västra Götaland","id":132}}},{"medal":103,"time":"2022-07-26T06:34:53+0000","type":"medal","user":{"country":"se","medals":[94,53,12,10,78,33,103],"zones":[33519],"pointsPerHour":0,"points":17428,"blocktime":14,"taken":666,"name":"svea-lisa","totalPoints":85437,"rank":18,"id":353895,"place":7173,"uniqueZonesTaken":118,"region":{"name":"Västmanland","id":143}}}]