[{"country":"se","sender":{"country":"se","medals":[16,24,21,67,70,17,3,68,79,20,83,75,4,17,116,27,72,24,82,1,69,68,68,68,68,24,17,1,69,68,24,24,77,68,91,68,108,24,123,120,24,118,24,126,17,68,24,68,128],"zones":[11890,176734],"pointsPerHour":8,"points":3878,"blocktime":1470,"taken":96181,"name":"Kygni","totalPoints":16453021,"rank":58,"id":105263,"place":1726,"uniqueZonesTaken":8946,"region":{"name":"Västerbotten","id":127}},"time":"2022-03-08T12:45:31+0000","message":"Meduza660: \"Skaffa ett liv\" säger en person som spelar på datorn istället för att komma i toppform via ett utomhusspel","type":"chat"},{"sender":{"country":"se","medals":[94,28,55,7,14,4,5,70,67,122,47,16,77,106,79,128,36],"zones":[476773,63890,26892,113500,57279,65870],"pointsPerHour":13,"points":3117,"blocktime":1155,"taken":5178,"name":"IrenePanik","totalPoints":880315,"rank":37,"id":292165,"place":1978,"uniqueZonesTaken":759,"region":{"name":"Östergötland","id":139}},"time":"2022-03-08T12:43:58+0000","message":"anthi: jag måste missat dig precis, vid aspenrasten 😅","region":{"name":"Södermanland","id":140},"type":"chat"}]