[{"medal":93,"time":"2023-03-27T15:52:44+0000","type":"medal","user":{"country":"se","medals":[93],"zones":[],"pointsPerHour":0,"points":185,"blocktime":10,"taken":1,"name":"IIZZAA07","totalPoints":185,"rank":0,"id":387563,"place":6134,"uniqueZonesTaken":1,"region":{"name":"Jönköping","id":133}}},{"sender":{"country":"se","medals":[79,16,77,67,72,70,117,24,58,124,75,126,83,4,21,17,24,108,17,116,66,89,132,74,24],"zones":[296916,33123,1621,31914],"pointsPerHour":29,"points":143772,"blocktime":23,"taken":59189,"name":"Rymprak","totalPoints":9105238,"rank":54,"id":228698,"place":187,"uniqueZonesTaken":5625,"region":{"name":"Stockholm","id":141}},"time":"2023-03-27T15:47:17+0000","message":"GeileZone: Verkligen!","region":{"name":"Stockholm","id":141},"type":"chat"}]