[{"sender":{"country":"se","medals":[],"zones":[22553,28875],"pointsPerHour":5,"points":326,"blocktime":10,"taken":2,"name":"maxipluten","totalPoints":325,"rank":1,"id":387566,"place":5637,"uniqueZonesTaken":2,"region":{"name":"Västra Götaland","id":132}},"time":"2023-03-27T17:47:14+0000","message":"Nytt konto idag","region":{"name":"Västra Götaland","id":132},"type":"chat"},{"medal":7,"time":"2023-03-27T17:39:06+0000","type":"medal","user":{"country":"se","medals":[95,10,52,100,12,79,33,16,7],"zones":[316675],"pointsPerHour":0,"points":6813,"blocktime":16,"taken":958,"name":"LuciaC","totalPoints":183399,"rank":25,"id":367825,"place":6146,"uniqueZonesTaken":170,"region":{"name":"Örebro","id":131}}}]