[{"sender":{"country":"se","medals":[16,4,17,27,43,21,67,24,66,72,75,58,68,77,79,70,83,117,118,50,103,98,122,126],"zones":[14659,178116,648,3592,1512,353772,64873,92012,42414,8014,8015,1743,61041,320818,8407,29209,23901,117439],"pointsPerHour":76,"points":5197,"blocktime":24,"taken":99792,"name":"WikkeOWL","totalPoints":18449500,"rank":58,"id":18624,"place":840,"uniqueZonesTaken":3036,"region":{"name":"Dalarna","id":129}},"time":"2021-12-07T07:14:30+0000","message":"Nä, men jag frös inte heller","region":{"name":"Dalarna","id":129},"type":"chat"},{"sender":{"country":"se","medals":[28,47,16,57,7,77,83,79,98,105,4,126,41,122,15,127],"zones":[1508,11287,28855,21144,649,200778,24681,1740,155020,81599,21151],"pointsPerHour":43,"points":3129,"blocktime":22,"taken":28355,"name":"spirit303","totalPoints":5073595,"rank":50,"id":46566,"place":1377,"uniqueZonesTaken":1092,"region":{"name":"Dalarna","id":129}},"time":"2021-12-07T07:01:00+0000","message":"Varmt och skönt idag, eller vad säger du WikkeOWL?","region":{"name":"Dalarna","id":129},"type":"chat"}]