[{"medal":35,"time":"2021-12-06T05:29:05+0000","type":"medal","user":{"country":"se","medals":[46,55,13,10,79,16,97,100,128,117,77,6,35],"zones":[1573,3047,64680],"pointsPerHour":0,"points":757,"blocktime":17,"taken":2500,"name":"Tant_Turfa","totalPoints":392845,"rank":31,"id":111943,"place":3349,"uniqueZonesTaken":304,"region":{"name":"Uppsala","id":142}}},{"sender":{"country":"se","medals":[4,5,16,70,28,24,48,57,68,27,68,9,77,67,79,24,99,66,15,107,24,126,123,73,128],"zones":[47040,412981,47035,47037],"pointsPerHour":8,"points":3525,"blocktime":22,"taken":32504,"name":"gumsan63","totalPoints":6217736,"rank":51,"id":71827,"place":593,"uniqueZonesTaken":2192,"region":{"name":"Norrbotten","id":126}},"time":"2021-12-06T04:45:20+0000","message":"Tirbna: det blev två nostalgirundor igår😃","region":{"name":"Norrbotten","id":126},"type":"chat"}]