[{"sender":{"country":"wd","medals":[16,5,22,9,27,24,67,47,4,30,70,77,79,112,24,91,58,50,122,106,126,73,117,72,128],"zones":[225441,143019],"pointsPerHour":2,"points":1000,"blocktime":22,"taken":32681,"name":"JensMartin","totalPoints":6140522,"rank":51,"id":94622,"place":2114,"uniqueZonesTaken":2799,"region":{"name":"Spain","id":211}},"time":"2021-12-06T13:33:34+0000","message":"turfproffset: Var i Valencia. Men nu i Paris...","region":{"name":"Spain","id":211},"type":"chat"},{"sender":{"country":"se","medals":[5,67,64,16,47,22,24,4,17,72,79,77,98,15,27,66,26,57,126,123,88,103,129],"zones":[34650,34651,26859,22351],"pointsPerHour":14,"points":595,"blocktime":23,"taken":41369,"name":"MariaDeje","totalPoints":8017156,"rank":54,"id":41536,"place":2485,"uniqueZonesTaken":2061,"region":{"name":"Kalmar","id":137}},"time":"2021-12-06T13:33:06+0000","message":"Bibbilinka:Namnet: Hoppas jag inte var i vägen för er tur! Var bara tvungen att ge mig ut i solskenet! ☀️❄️","region":{"name":"Kalmar","id":137},"type":"chat"},{"medal":129,"time":"2021-12-06T13:29:22+0000","type":"medal","user":{"country":"se","medals":[5,16,9,7,8,4,21,27,63,28,67,24,48,70,126,14,96,103,122,58,79,40,129],"zones":[1600,8839,9704,24554,7596,182606,23532,33644,7597,23533,42959,8528,8050,200215],"pointsPerHour":0,"points":3279,"blocktime":22,"taken":20124,"name":"Dusty","totalPoints":5573100,"rank":50,"id":7188,"place":3696,"uniqueZonesTaken":863,"region":{"name":"Västerbotten","id":127}}}]