[{"sender":{"country":"se","medals":[67,46,79,126,4,117,95,14,6,16,122,55,77,28,131,104,40],"zones":[37398,37400,113898,14606,7583],"pointsPerHour":29,"points":62578,"blocktime":1290,"taken":22073,"name":"mummis","totalPoints":3301523,"rank":46,"id":229432,"place":733,"uniqueZonesTaken":780,"region":{"name":"Stockholm","id":141}},"time":"2023-08-21T20:24:34+0000","message":"pgk69: inte konstigt du hoppade fram och tillbaka 😅","region":{"name":"Stockholm","id":141},"type":"chat"},{"medal":92,"time":"2023-08-21T20:11:59+0000","type":"medal","user":{"country":"se","medals":[51,31,92],"zones":[319750,136328,28785,49779,55955,16883,16884,55959,76758,185432,76667,76765,28828],"pointsPerHour":0,"points":8299,"blocktime":720,"taken":28,"name":"OrcBoss3","totalPoints":8299,"rank":8,"id":400481,"place":7061,"uniqueZonesTaken":15,"region":{"name":"Jönköping","id":133}}}]