[{"medal":84,"time":"2023-08-22T15:11:07+0000","type":"medal","user":{"country":"se","medals":[80,84],"zones":[26112,25240,472731,116654,33663],"pointsPerHour":0,"points":702,"blocktime":645,"taken":5,"name":"Bleach2.0","totalPoints":702,"rank":3,"id":401420,"place":7182,"uniqueZonesTaken":5,"region":{"name":"Örebro","id":131}}},{"medal":80,"time":"2023-08-22T15:11:00+0000","type":"medal","user":{"country":"se","medals":[80],"zones":[26112,25240,472731,116654,33663],"pointsPerHour":0,"points":702,"blocktime":645,"taken":5,"name":"Bleach2.0","totalPoints":702,"rank":3,"id":401420,"place":7182,"uniqueZonesTaken":5,"region":{"name":"Örebro","id":131}}},{"medal":80,"time":"2023-08-22T15:08:45+0000","type":"medal","user":{"country":"se","medals":[84,80],"zones":[61650,22787,94518,514509,107611],"pointsPerHour":0,"points":1501,"blocktime":660,"taken":8,"name":"Lassec","totalPoints":1501,"rank":4,"id":401029,"place":7182,"uniqueZonesTaken":8,"region":{"name":"Stockholm","id":141}}},{"sender":{"country":"se","medals":[46,28,5,16,67,77,22,71,4,70,27,57,6,126,15,123,107,95,132,73],"zones":[42466,24211,83556,526222,7944,226763,7946,1755,117068,1758,23983],"pointsPerHour":56,"points":47881,"blocktime":1365,"taken":30959,"name":"Assa1","totalPoints":6363696,"rank":51,"id":192673,"place":1027,"uniqueZonesTaken":1154,"region":{"name":"Kalmar","id":137}},"time":"2023-08-22T15:07:28+0000","message":"GW007: Johej, jag såg dig allt 😎","region":{"name":"Kalmar","id":137},"type":"chat"},{"medal":85,"time":"2023-08-22T15:02:17+0000","type":"medal","user":{"country":"se","medals":[80,85],"zones":[560457,51587,556768,26216,556769,556770,560916,556773,560917],"pointsPerHour":0,"points":1894,"blocktime":660,"taken":10,"name":"A09LEX","totalPoints":1894,"rank":4,"id":401235,"place":7182,"uniqueZonesTaken":9,"region":{"name":"Skåne","id":135}}}]