[{"medal":54,"time":"2023-08-22T09:53:56+0000","type":"medal","user":{"country":"se","medals":[67,95,4,90,33,13,70,102,79,54],"zones":[571594,87947,91597,114253,154638,91596,286154,154637,62033,207515,36697,57180,207518,481881,98142,95838,481880,207516,95010,199335,107749,8421,107748,178469,179434,8425,8426,8427,107754,8428,154031,107759,409526,119219,8434,154807,28150,28151,525170,61501],"pointsPerHour":0,"points":34715,"blocktime":945,"taken":675,"name":"Charmeuren","totalPoints":151435,"rank":23,"id":129027,"place":7138,"uniqueZonesTaken":290,"region":{"name":"Stockholm","id":141}}},{"medal":86,"time":"2023-08-22T09:52:04+0000","type":"medal","user":{"country":"se","medals":[51,93,100,92,86],"zones":[7910],"pointsPerHour":0,"points":7892,"blocktime":705,"taken":50,"name":"FelleKanin","totalPoints":7892,"rank":7,"id":400580,"place":7138,"uniqueZonesTaken":30,"region":{"name":"Norrbotten","id":126}}},{"medal":80,"time":"2023-08-22T09:46:15+0000","type":"medal","user":{"country":"se","medals":[80,84],"zones":[31488,517222,43736,31482,94124],"pointsPerHour":0,"points":467,"blocktime":630,"taken":5,"name":"Palmblad947","totalPoints":467,"rank":2,"id":401341,"place":7138,"uniqueZonesTaken":5,"region":{"name":"Uppsala","id":142}}},{"medal":84,"time":"2023-08-22T09:46:15+0000","type":"medal","user":{"country":"se","medals":[80,84],"zones":[31488,517222,43736,31482,94124],"pointsPerHour":0,"points":467,"blocktime":630,"taken":5,"name":"Palmblad947","totalPoints":467,"rank":2,"id":401341,"place":7138,"uniqueZonesTaken":5,"region":{"name":"Uppsala","id":142}}}]