[{"medal":80,"time":"2022-05-17T17:11:12+0000","type":"medal","user":{"country":"gb","medals":[84,80],"zones":[346545,346544,346546,478029,361307],"pointsPerHour":0,"points":1161,"blocktime":645,"taken":6,"name":"Jeffneverdies","totalPoints":1161,"rank":3,"id":363604,"place":7894,"uniqueZonesTaken":6,"region":{"name":"Scotland","id":200}}},{"medal":84,"time":"2022-05-17T17:07:50+0000","type":"medal","user":{"country":"gb","medals":[84],"zones":[346545,346544,346546,361307],"pointsPerHour":0,"points":975,"blocktime":645,"taken":5,"name":"Jeffneverdies","totalPoints":975,"rank":3,"id":363604,"place":7894,"uniqueZonesTaken":5,"region":{"name":"Scotland","id":200}}},{"medal":86,"time":"2022-05-17T17:07:08+0000","type":"medal","user":{"country":"se","medals":[93,100,51,86,11,46],"zones":[9889,44642,9890,11620,7560,1608,37130,431241,222675,370,97972,8437,115860,64439],"pointsPerHour":0,"points":6036,"blocktime":705,"taken":50,"name":"SusenGör","totalPoints":6036,"rank":7,"id":364011,"place":7894,"uniqueZonesTaken":50,"region":{"name":"Uppsala","id":142}}},{"medal":11,"time":"2022-05-17T17:07:08+0000","type":"medal","user":{"country":"se","medals":[93,100,51,86,11,46],"zones":[9889,44642,9890,11620,7560,1608,37130,431241,222675,370,97972,8437,115860,64439],"pointsPerHour":0,"points":6036,"blocktime":705,"taken":50,"name":"SusenGör","totalPoints":6036,"rank":7,"id":364011,"place":7894,"uniqueZonesTaken":50,"region":{"name":"Uppsala","id":142}}},{"medal":46,"time":"2022-05-17T17:07:08+0000","type":"medal","user":{"country":"se","medals":[93,100,51,86,11,46],"zones":[9889,44642,9890,11620,7560,1608,37130,431241,222675,370,97972,8437,115860,64439],"pointsPerHour":0,"points":6036,"blocktime":705,"taken":50,"name":"SusenGör","totalPoints":6036,"rank":7,"id":364011,"place":7894,"uniqueZonesTaken":50,"region":{"name":"Uppsala","id":142}}}]