[{"medal":104,"time":"2022-05-16T10:59:15+0000","type":"medal","user":{"country":"se","medals":[93,46,56,12,126,28,36,79,16,104],"zones":[],"pointsPerHour":0,"points":25889,"blocktime":1215,"taken":6686,"name":"Smålänning","totalPoints":1533966,"rank":41,"id":171379,"place":7673,"uniqueZonesTaken":156,"region":{"name":"Halland","id":134}}},{"sender":{"country":"de","medals":[77,79,16,68,72,70,83,67,75,21,68,91,4,30,68,117,68,24,68,17,116,68,24,27,124,107,126,24,68,24,24,26,120,76,45,17,81,2,69,68,24,119,131,68],"zones":[165251,394852,387809,45002,45035,204207,200718,45005,204206,95695,318859,493046,203383,45173,186356,204084,165240,103644],"pointsPerHour":21,"points":13925,"blocktime":1455,"taken":104447,"name":"skäggfar","totalPoints":14738037,"rank":57,"id":159086,"place":2543,"uniqueZonesTaken":8669,"region":{"name":"Berlin","id":440}},"time":"2022-05-16T10:58:39+0000","message":"adde45: nja, blir någon enstaka zon här o där","type":"chat"},{"medal":31,"time":"2022-05-16T10:53:52+0000","type":"medal","user":{"country":"se","medals":[93,100,31],"zones":[86077],"pointsPerHour":0,"points":5329,"blocktime":690,"taken":25,"name":"Giantard","totalPoints":5329,"rank":6,"id":360186,"place":7673,"uniqueZonesTaken":14,"region":{"name":"Västra Götaland","id":132}}}]