[{"medal":86,"time":"2022-07-18T06:04:17+0000","type":"medal","user":{"country":"se","medals":[93,80,92,86],"zones":[24000,27757],"pointsPerHour":0,"points":4030,"blocktime":12,"taken":50,"name":"mirrebae","totalPoints":10548,"rank":8,"id":322517,"place":6629,"uniqueZonesTaken":16,"region":{"name":"Blekinge","id":136}}},{"medal":84,"time":"2022-07-18T06:00:52+0000","type":"medal","user":{"country":"se","medals":[84],"zones":[136224,22658],"pointsPerHour":0,"points":1202,"blocktime":11,"taken":5,"name":"Lejonvakt","totalPoints":1202,"rank":4,"id":367735,"place":6629,"uniqueZonesTaken":3,"region":{"name":"Dalarna","id":129}}}]