[{"sender":{"country":"se","medals":[48,16,72,83,67,21,78,70,57,77,6,117,4,27,126,123,15,119,17,116,111,132],"zones":[],"pointsPerHour":0,"points":284852,"blocktime":24,"taken":117799,"name":"Espingen","totalPoints":16895276,"rank":58,"id":166882,"place":94,"uniqueZonesTaken":1090,"region":{"name":"Kalmar","id":137}},"time":"2022-09-26T08:10:16+0000","message":"bjoker: 👍","region":{"name":"Kalmar","id":137},"type":"chat"},{"medal":14,"time":"2022-09-26T08:02:14+0000","type":"medal","user":{"country":"se","medals":[93,100,72,68,16,47,57,4,122,68,7,130,37,78,14],"zones":[406736,42681,178267,5260,153647],"pointsPerHour":0,"points":26522,"blocktime":20,"taken":8223,"name":"Gungellan","totalPoints":1958818,"rank":42,"id":304362,"place":9121,"uniqueZonesTaken":500,"region":{"name":"Kronoberg","id":147}}}]