[{"sender":{"country":"se","medals":[4,28,47,55,16,5,67,21,27,7,79,77,126,95,128,117,40,103,15,122],"zones":[23856,316576,350976,114791],"pointsPerHour":5,"points":34411,"blocktime":22,"taken":22995,"name":"raz","totalPoints":4174762,"rank":48,"id":2949,"place":1687,"uniqueZonesTaken":1070,"region":{"name":"Örebro","id":131}},"time":"2022-09-26T07:46:02+0000","message":"Ser att Katrineholm är sig likt... 😂","region":{"name":"Södermanland","id":140},"type":"chat"},{"medal":132,"time":"2022-09-26T07:42:22+0000","type":"medal","user":{"country":"se","medals":[79,12,28,57,77,16,117,27,6,48,22,68,126,94,68,103,68,68,68,118,68,68,132],"zones":[20480,20483,20484,109925,20485,224043,44104,139563,94090,24206,200301,409192,224044,17010,44468,31381,46489,46493,79356],"pointsPerHour":0,"points":457672,"blocktime":24,"taken":93689,"name":"BjörnBel","totalPoints":18681425,"rank":58,"id":205132,"place":9237,"uniqueZonesTaken":218,"region":{"name":"Västmanland","id":143}}}]