[{"medal":36,"time":"2022-09-27T14:21:35+0000","type":"medal","user":{"country":"se","medals":[10,46,79,93,54,16,127,100,6,13,36],"zones":[8225,1617,515573,139316,11591,139310,91981,91982],"pointsPerHour":0,"points":68493,"blocktime":19,"taken":5000,"name":"BlindSpot","totalPoints":873924,"rank":37,"id":336732,"place":9566,"uniqueZonesTaken":270,"region":{"name":"Stockholm","id":141}}},{"sender":{"country":"se","medals":[94,46,79,101,28,16,130,13,55,37,6],"zones":[152326,156420,156421,114473,114474,93773,81871,79505,7248,7250,91731,206359,206363,206361,20894,488632],"pointsPerHour":48,"points":82152,"blocktime":19,"taken":8584,"name":"zedrick","totalPoints":1032705,"rank":38,"id":212749,"place":814,"uniqueZonesTaken":376,"region":{"name":"Västerbotten","id":127}},"time":"2022-09-27T14:19:10+0000","message":"EQ: tack för info","region":{"name":"Västerbotten","id":127},"type":"chat"}]