[{"medal":84,"time":"2023-10-23T09:50:35+0000","type":"medal","user":{"country":"se","medals":[80,84],"zones":[12160,15569,71,73,16027],"pointsPerHour":0,"points":424,"blocktime":10,"taken":5,"name":"IgaS","totalPoints":424,"rank":2,"id":414795,"place":7754,"uniqueZonesTaken":5,"region":{"name":"Östergötland","id":139}}},{"medal":80,"time":"2023-10-23T09:50:35+0000","type":"medal","user":{"country":"se","medals":[80,84],"zones":[12160,15569,71,73,16027],"pointsPerHour":0,"points":424,"blocktime":10,"taken":5,"name":"IgaS","totalPoints":424,"rank":2,"id":414795,"place":7754,"uniqueZonesTaken":5,"region":{"name":"Östergötland","id":139}}},{"medal":32,"time":"2023-10-23T09:46:50+0000","type":"medal","user":{"country":"se","medals":[92,80,93,151,32],"zones":[8198],"pointsPerHour":0,"points":13777,"blocktime":12,"taken":100,"name":"Expresso","totalPoints":13777,"rank":9,"id":413566,"place":7754,"uniqueZonesTaken":46,"region":{"name":"Norrbotten","id":126}}},{"medal":84,"time":"2023-10-23T09:44:48+0000","type":"medal","user":{"country":"se","medals":[80,84],"zones":[96,114498,31509,45148,228319],"pointsPerHour":0,"points":466,"blocktime":10,"taken":5,"name":"gogogi","totalPoints":466,"rank":2,"id":414801,"place":7754,"uniqueZonesTaken":5,"region":{"name":"Östergötland","id":139}}},{"medal":80,"time":"2023-10-23T09:44:48+0000","type":"medal","user":{"country":"se","medals":[80,84],"zones":[96,114498,31509,45148,228319],"pointsPerHour":0,"points":466,"blocktime":10,"taken":5,"name":"gogogi","totalPoints":466,"rank":2,"id":414801,"place":7754,"uniqueZonesTaken":5,"region":{"name":"Östergötland","id":139}}}]