[{"sender":{"country":"se","medals":[54,46,93,13,100,28,6,35,151],"zones":[37121,114531,37122,3091,408195,568563,37100,11389,91966],"pointsPerHour":38,"points":24176,"blocktime":18,"taken":3588,"name":"ölbaronen","totalPoints":597894,"rank":34,"id":114626,"place":2161,"uniqueZonesTaken":363,"region":{"name":"Stockholm","id":141}},"time":"2023-10-24T08:44:54+0000","message":"pobe: :) ta med en kaffe!","region":{"name":"Stockholm","id":141},"type":"chat"},{"medal":84,"time":"2023-10-24T08:44:15+0000","type":"medal","user":{"country":"se","medals":[80,84],"zones":[463046,107616,586541,141576,485019],"pointsPerHour":0,"points":693,"blocktime":10,"taken":5,"name":"MoaLjungheimer","totalPoints":693,"rank":2,"id":414818,"place":7813,"uniqueZonesTaken":5,"region":{"name":"Stockholm","id":141}}},{"medal":80,"time":"2023-10-24T08:44:15+0000","type":"medal","user":{"country":"se","medals":[80,84],"zones":[463046,107616,586541,141576,485019],"pointsPerHour":0,"points":693,"blocktime":10,"taken":5,"name":"MoaLjungheimer","totalPoints":693,"rank":2,"id":414818,"place":7813,"uniqueZonesTaken":5,"region":{"name":"Stockholm","id":141}}},{"medal":84,"time":"2023-10-24T08:43:11+0000","type":"medal","user":{"country":"se","medals":[94,84],"zones":[23923,505741,505740,37535],"pointsPerHour":0,"points":658,"blocktime":10,"taken":5,"name":"Rebecca1.0","totalPoints":658,"rank":2,"id":414986,"place":7812,"uniqueZonesTaken":5,"region":{"name":"Stockholm","id":141}}},{"medal":152,"time":"2023-10-24T08:39:32+0000","type":"medal","user":{"country":"dk","medals":[30,90,77,68,93,68,68,68,68,126,68,68,68,100,13,68,68,68,68,68,16,35,56,7,152],"zones":[38467,136011,47756,136013,136018,136019,136022,136023,563230,136020,136021,136026,136027,136024,136025,136030,136028,136029,562664,562665,31649,31650,562666,562667,31651,562668,31652,562656,562657,562658,562659,562660,562661,562662,562663,562041,562043,562045,562046],"pointsPerHour":0,"points":27423,"blocktime":20,"taken":2702,"name":"raydog","totalPoints":2089765,"rank":43,"id":52221,"place":7812,"uniqueZonesTaken":417,"region":{"name":"Syddanmark","id":174}}}]