[{"medal":153,"time":"2023-10-24T17:51:14+0000","type":"medal","user":{"country":"se","medals":[93,11,90,127,34,6,54,153],"zones":[169763,37249,37250,7362,465166,23914,103594,13676,90165,37245,37246,92798,7359],"pointsPerHour":0,"points":50080,"blocktime":18,"taken":2217,"name":"MrsYellow","totalPoints":434654,"rank":32,"id":387363,"place":7875,"uniqueZonesTaken":93,"region":{"name":"Stockholm","id":141}}},{"medal":151,"time":"2023-10-24T17:50:51+0000","type":"medal","user":{"country":"uk","medals":[46,77,127,52,79,90,70,22,5,4,14,122,35,6,16,108,114,24,151],"zones":[482188],"pointsPerHour":0,"points":10027,"blocktime":19,"taken":4049,"name":"WPSMathsboyDad","totalPoints":778461,"rank":36,"id":335454,"place":7874,"uniqueZonesTaken":820,"region":{"name":"Scotland","id":200}}},{"medal":155,"time":"2023-10-24T17:50:44+0000","type":"medal","user":{"country":"se","medals":[46,4,12,56,127,10,93,34,100,155],"zones":[57729,636584,52930,57731,476356,43364,324561,306531],"pointsPerHour":0,"points":100025,"blocktime":18,"taken":2332,"name":"TeaToppluva","totalPoints":500822,"rank":33,"id":387478,"place":7874,"uniqueZonesTaken":167,"region":{"name":"Västerbotten","id":127}}},{"sender":{"country":"no","medals":[93,90,6,55,70,16,117,126,13,101,78,36,129,154],"zones":[9152,9153,12162,9154,12163,9156,9158,29895,115526,9160,58894,61970,14740,55775,9250,29859,9188,8619,8620,8621,8814,138413,8816,8817,8818,60150,444606,9144,176312,9151],"pointsPerHour":70,"points":80539,"blocktime":20,"taken":6380,"name":"-kbk-","totalPoints":1675641,"rank":41,"id":144795,"place":755,"uniqueZonesTaken":377,"region":{"name":"Østlandet","id":179}},"time":"2023-10-24T17:48:37+0000","message":"brutal natt räd du gjorde inatt! 30+ zoner borta! starkt jobbat!","region":{"name":"Østlandet","id":179},"type":"chat"}]