[{"medal":32,"time":"2023-01-03T10:04:15+0000","type":"medal","user":{"country":"se","medals":[52,93,67,100,11,32],"zones":[111809,27681,3538,519701,95719,21514,8490,23597,24351],"pointsPerHour":0,"points":7078,"blocktime":12,"taken":101,"name":"Rydda64?","totalPoints":20974,"rank":11,"id":384752,"place":4296,"uniqueZonesTaken":50,"region":{"name":"Gävleborg","id":144}}},{"medal":80,"time":"2023-01-03T09:48:39+0000","type":"medal","user":{"country":"se","medals":[84,80],"zones":[33812,33814,23942,11836,11838],"pointsPerHour":0,"points":1126,"blocktime":11,"taken":6,"name":"NydalaElin","totalPoints":1362,"rank":4,"id":384827,"place":4285,"uniqueZonesTaken":6,"region":{"name":"Jönköping","id":133}}}]