[{"sender":{"country":"se","medals":[16,79,28,57,17,116,66,77,4,70,107,48,22,50,24,123,126,88,128],"zones":[7574,139067,73080],"pointsPerHour":11,"points":5901,"blocktime":23,"taken":45565,"name":"elgurro","totalPoints":8456569,"rank":54,"id":110186,"place":709,"uniqueZonesTaken":3680,"region":{"name":"Stockholm","id":141}},"time":"2022-03-07T12:41:57+0000","message":"hola/hej","region":{"name":"Spain","id":211},"type":"chat"},{"sender":{"country":"se","medals":[94,67,126,47,22,7,16,77,58,122,27,68,72,15,117,78,130,107,40],"zones":[48096,48097,48098,96327,319202,43016,232975,18188,43759,142578,296117,142577,43766,114971,41915,41916,203711,41917,411320],"pointsPerHour":59,"points":15914,"blocktime":22,"taken":21261,"name":"hösjön","totalPoints":4729914,"rank":49,"id":257146,"place":134,"uniqueZonesTaken":1288,"region":{"name":"Gävleborg","id":144}},"time":"2022-03-07T12:37:27+0000","message":"Zonetherapy: jag lånar dem ett tag🙂","region":{"name":"Gävleborg","id":144},"type":"chat"},{"sender":{"country":"se","medals":[70,24,16,48,67,57,24,27,24,21,5,68,9,17,66,24,24,24,72,79,77,17,24,4,50,17,116,117,107,122,89,130],"zones":[2016,19643,154189],"pointsPerHour":6,"points":3336,"blocktime":23,"taken":51057,"name":"Zonetherapy","totalPoints":8567995,"rank":54,"id":30059,"place":1259,"uniqueZonesTaken":3860,"region":{"name":"Gävleborg","id":144}},"time":"2022-03-07T12:36:34+0000","message":"hösjön: jag ser det😁 Jag får väl ta tillbaka Allla z","region":{"name":"Gävleborg","id":144},"type":"chat"}]