[{"medal":92,"time":"2022-03-07T15:06:18+0000","type":"medal","user":{"country":"se","medals":[85,93,80,92],"zones":[46816,22224,21893,115402,35918],"pointsPerHour":0,"points":1193,"blocktime":11,"taken":20,"name":"Nahojv","totalPoints":2389,"rank":5,"id":355849,"place":4220,"uniqueZonesTaken":15,"region":{"name":"Stockholm","id":141}}},{"medal":86,"time":"2022-03-07T15:04:53+0000","type":"medal","user":{"country":"se","medals":[93,51,92,86],"zones":[347495,259,208743,147194,116059,175257,134959,117071],"pointsPerHour":0,"points":2493,"blocktime":12,"taken":50,"name":"TurfKrabban","totalPoints":11042,"rank":8,"id":355956,"place":4219,"uniqueZonesTaken":20,"region":{"name":"Stockholm","id":141}}},{"sender":{"country":"se","medals":[51,92,95,42,100],"zones":[1009,9342],"pointsPerHour":18,"points":352,"blocktime":13,"taken":328,"name":"-P.U.M.A-","totalPoints":34059,"rank":13,"id":351524,"place":3369,"uniqueZonesTaken":44,"region":{"name":"Västra Götaland","id":132}},"time":"2022-03-07T15:03:01+0000","message":"z14me2take:","region":{"name":"Västra Götaland","id":132},"type":"chat"},{"medal":86,"time":"2022-03-07T15:02:18+0000","type":"medal","user":{"country":"se","medals":[51,90,92,86],"zones":[31792,31472,31793,31794,47720,10923,24189,14909,575],"pointsPerHour":0,"points":877,"blocktime":11,"taken":50,"name":"Björnberg","totalPoints":6608,"rank":7,"id":298988,"place":4217,"uniqueZonesTaken":32,"region":{"name":"Västmanland","id":143}}}]