[{"medal":38,"time":"2023-08-15T10:34:21+0000","type":"medal","user":{"country":"se","medals":[79,55,122,47,93,28,70,7,127,16,15,38],"zones":[12066,9378,94119,91718,35912,138504,92304,465846,22195,113906,119222,1311],"pointsPerHour":0,"points":20158,"blocktime":20,"taken":10000,"name":"Demoraales","totalPoints":1710866,"rank":41,"id":294809,"place":6280,"uniqueZonesTaken":1010,"region":{"name":"Stockholm","id":141}}},{"medal":10,"time":"2023-08-15T10:30:14+0000","type":"medal","user":{"country":"fi","medals":[92,52,31,10],"zones":[24673,224800,10341,11145,32169,246730,65483,180686,205678,316745,180687,138546,374390,159700,175861,256539,224799,387640,62047,25439],"pointsPerHour":0,"points":7739,"blocktime":11,"taken":37,"name":"chachacha","totalPoints":7739,"rank":7,"id":400637,"place":6279,"uniqueZonesTaken":31,"region":{"name":"Lounais-Suomi","id":184}}},{"sender":{"country":"se","medals":[79,90,53,34,7,95,103,14],"zones":[94233],"pointsPerHour":9,"points":5001,"blocktime":18,"taken":2478,"name":"FantasticZoner","totalPoints":664169,"rank":35,"id":211741,"place":3069,"uniqueZonesTaken":557,"region":{"name":"Stockholm","id":141}},"time":"2023-08-15T10:28:06+0000","message":"Cycloconverter: 👋🏻👋🏻","region":{"name":"Stockholm","id":141},"type":"chat"}]