[{"sender":{"country":"uk","medals":[16,27,5,67,22,79,77,48,72,131,99,4,82,124,104,70,87,6,50],"zones":[550122,476867,358016,361603,358018,567983,388715,13871,14455,14072,14008,14009,393498,328472,448667,328474],"pointsPerHour":22,"points":26010,"blocktime":23,"taken":36545,"name":"Strac","totalPoints":10707424,"rank":55,"id":302230,"place":936,"uniqueZonesTaken":2544,"region":{"name":"Scotland","id":200}},"time":"2023-08-14T12:49:42+0000","message":"No better than others , long story anyway ask CSC next time you pass him","region":{"name":"Scotland","id":200},"type":"chat"}]