[{"medal":86,"time":"2022-06-14T18:16:05+0000","type":"medal","user":{"country":"se","medals":[80,93,100,86],"zones":[98016,481228,11487],"pointsPerHour":0,"points":3216,"blocktime":720,"taken":50,"name":"grozzo","totalPoints":8428,"rank":8,"id":356266,"place":6187,"uniqueZonesTaken":12,"region":{"name":"Västra Götaland","id":132}}},{"medal":90,"time":"2022-06-14T18:13:18+0000","type":"medal","user":{"country":"se","medals":[80,93,85,92,90],"zones":[240,243,56771,136,42169,42457],"pointsPerHour":0,"points":673,"blocktime":675,"taken":17,"name":"haknor620","totalPoints":1969,"rank":5,"id":164282,"place":6187,"uniqueZonesTaken":17,"region":{"name":"Stockholm","id":141}}},{"medal":80,"time":"2022-06-14T18:10:51+0000","type":"medal","user":{"country":"se","medals":[85,80],"zones":[28369,30343,24248,7305,7308],"pointsPerHour":0,"points":1257,"blocktime":660,"taken":11,"name":"MsBrodie","totalPoints":1257,"rank":4,"id":366586,"place":6187,"uniqueZonesTaken":10,"region":{"name":"Stockholm","id":141}}}]