[{"sender":{"country":"se","medals":[126,16,95,5,14,67,122,128,90,6,38,47,57,104],"zones":[11648,91843,351303,275,7156,37108,23640,22221],"pointsPerHour":39,"points":32903,"blocktime":1245,"taken":12841,"name":"JimmyAIK94","totalPoints":2246082,"rank":43,"id":267637,"place":781,"uniqueZonesTaken":805,"region":{"name":"Stockholm","id":141}},"time":"2022-06-13T16:03:46+0000","message":"plingis: påväg till kyrkan?","region":{"name":"Stockholm","id":141},"type":"chat"},{"medal":32,"time":"2022-06-13T16:03:05+0000","type":"medal","user":{"country":"se","medals":[92,51,93,32],"zones":[31635,36756,411296,90911,30191],"pointsPerHour":0,"points":2100,"blocktime":765,"taken":100,"name":"Fridut","totalPoints":19131,"rank":11,"id":233759,"place":6045,"uniqueZonesTaken":42,"region":{"name":"Södermanland","id":140}}},{"medal":93,"time":"2022-06-13T16:00:36+0000","type":"medal","user":{"country":"se","medals":[85,93],"zones":[],"pointsPerHour":0,"points":2139,"blocktime":675,"taken":13,"name":"EHR","totalPoints":2509,"rank":5,"id":365460,"place":6044,"uniqueZonesTaken":7,"region":{"name":"Halland","id":134}}},{"medal":31,"time":"2022-06-13T15:57:42+0000","type":"medal","user":{"country":"se","medals":[51,92,31],"zones":[204439],"pointsPerHour":0,"points":840,"blocktime":705,"taken":25,"name":"Trueblue183","totalPoints":5813,"rank":7,"id":365361,"place":6043,"uniqueZonesTaken":16,"region":{"name":"Västmanland","id":143}}}]