[{"medal":80,"time":"2022-06-13T07:27:19+0000","type":"medal","user":{"country":"se","medals":[84,80],"zones":[24576,24577,31449,11337,11339],"pointsPerHour":0,"points":995,"blocktime":645,"taken":6,"name":"ebbzzzz","totalPoints":995,"rank":3,"id":366585,"place":5975,"uniqueZonesTaken":5,"region":{"name":"Örebro","id":131}}},{"sender":{"country":"se","medals":[5,16,47,14,7,72,79,57,104,88,123,96,128],"zones":[997,354829,44555,11982,28847,321451,11983,26095,3441,95475,6164,11285,179127,18614,18615,169301,18616,18617,487868,3454,135037],"pointsPerHour":127,"points":40372,"blocktime":1365,"taken":48657,"name":"praktikus","totalPoints":5974711,"rank":51,"id":64871,"place":533,"uniqueZonesTaken":923,"region":{"name":"Västerbotten","id":127}},"time":"2022-06-13T07:26:22+0000","message":"maggan51: inte så mycket poäng per km","region":{"name":"Västerbotten","id":127},"type":"chat"},{"medal":84,"time":"2022-06-13T07:22:24+0000","type":"medal","user":{"country":"se","medals":[84],"zones":[24577,31449,11337,11339],"pointsPerHour":0,"points":824,"blocktime":645,"taken":5,"name":"ebbzzzz","totalPoints":824,"rank":3,"id":366585,"place":5974,"uniqueZonesTaken":4,"region":{"name":"Örebro","id":131}}}]