[{"medal":92,"time":"2021-12-20T10:12:42+0000","type":"medal","user":{"country":"se","medals":[80,85,92],"zones":[21794,63858,12467,5334],"pointsPerHour":0,"points":3664,"blocktime":11,"taken":22,"name":"MiddeOil","totalPoints":3664,"rank":6,"id":352743,"place":5330,"uniqueZonesTaken":15,"region":{"name":"Halland","id":134}}},{"medal":127,"time":"2021-12-20T10:09:34+0000","type":"medal","user":{"country":"se","medals":[78,55,47,93,13,122,16,35,28,127],"zones":[34113,21892,325,11239,11240,14605,241,242,22742,122455,92699,208734,255,94238],"pointsPerHour":0,"points":45360,"blocktime":19,"taken":4580,"name":"Finnboda","totalPoints":811724,"rank":36,"id":327792,"place":5330,"uniqueZonesTaken":489,"region":{"name":"Stockholm","id":141}}}]