[{"medal":84,"time":"2021-07-30T14:20:21+0000","type":"medal","user":{"country":"gb","medals":[93,84],"zones":[358833,358867],"pointsPerHour":0,"points":1036,"blocktime":645,"taken":5,"name":"Onemorejo","totalPoints":1036,"rank":3,"id":336355,"place":7553,"uniqueZonesTaken":5,"region":{"name":"North West England","id":201}}},{"medal":6,"time":"2021-07-30T14:19:50+0000","type":"medal","user":{"country":"se","medals":[28,55,16,12,79,96,48,105,35,6],"zones":[31328,26160,11505,30858],"pointsPerHour":0,"points":74083,"blocktime":1050,"taken":2721,"name":"Marklund111","totalPoints":320581,"rank":30,"id":331144,"place":7553,"uniqueZonesTaken":128,"region":{"name":"Örebro","id":131}}},{"medal":31,"time":"2021-07-30T14:18:57+0000","type":"medal","user":{"country":"se","medals":[51,92,31],"zones":[96769,160609,22180,22181,22182,22183,22184,154122,154125,91029,348400,328510],"pointsPerHour":0,"points":5957,"blocktime":705,"taken":25,"name":"HedvigLo","totalPoints":5957,"rank":7,"id":336200,"place":7553,"uniqueZonesTaken":20,"region":{"name":"Skåne","id":135}}},{"medal":53,"time":"2021-07-30T14:18:39+0000","type":"medal","user":{"country":"se","medals":[12,102,33,95,79,10,53],"zones":[1027,22533,22534,19208,26441,19210,111820,26130,71061,32213,21078,98007,34903,21079,8601,12506,61914,8603,395034,29151,31968,31969,931,41828,41829,62057,95035,52475,95036,183932],"pointsPerHour":0,"points":31342,"blocktime":945,"taken":768,"name":"SkaftöNisse","totalPoints":151936,"rank":23,"id":312944,"place":7553,"uniqueZonesTaken":164,"region":{"name":"Värmland","id":130}}},{"medal":10,"time":"2021-07-30T14:16:57+0000","type":"medal","user":{"country":"se","medals":[52,12,102,33,95,79,10],"zones":[1027,22533,22534,19208,26441,19210,111820,26130,71061,32213,21078,34903,21079,8601,12506,61914,8603,395034,29151,31968,31969,931,41828,41829,62057,95035,52475,95036,183932],"pointsPerHour":0,"points":31243,"blocktime":945,"taken":767,"name":"SkaftöNisse","totalPoints":151837,"rank":23,"id":312944,"place":7553,"uniqueZonesTaken":163,"region":{"name":"Värmland","id":130}}}]