[{"medal":11,"time":"2021-07-30T14:27:10+0000","type":"medal","user":{"country":"gb","medals":[93,53,86,90,11],"zones":[],"pointsPerHour":0,"points":18232,"blocktime":765,"taken":84,"name":"elojw","totalPoints":18232,"rank":11,"id":336205,"place":7553,"uniqueZonesTaken":50,"region":{"name":"Scotland","id":200}}},{"sender":{"country":"se","medals":[94,7,102,126,52,35,90,14],"zones":[],"pointsPerHour":0,"points":4306,"blocktime":1110,"taken":4402,"name":"Marsipandag","totalPoints":618662,"rank":34,"id":230308,"place":4448,"uniqueZonesTaken":566,"region":{"name":"Stockholm","id":141}},"time":"2021-07-30T14:24:59+0000","message":"anneli365 väntar vid fyren","region":{"name":"Östergötland","id":139},"type":"chat"},{"sender":{"country":"se","medals":[94,7,102,126,52,35,90,14],"zones":[],"pointsPerHour":0,"points":4306,"blocktime":1110,"taken":4402,"name":"Marsipandag","totalPoints":618662,"rank":34,"id":230308,"place":4448,"uniqueZonesTaken":566,"region":{"name":"Stockholm","id":141}},"time":"2021-07-30T14:24:07+0000","message":"@anneli365","region":{"name":"Östergötland","id":139},"type":"chat"},{"medal":84,"time":"2021-07-30T14:20:21+0000","type":"medal","user":{"country":"gb","medals":[93,84],"zones":[358833,358867],"pointsPerHour":0,"points":1036,"blocktime":645,"taken":5,"name":"Onemorejo","totalPoints":1036,"rank":3,"id":336355,"place":7553,"uniqueZonesTaken":5,"region":{"name":"North West England","id":201}}}]