[{"medal":6,"time":"2021-07-29T16:38:41+0000","type":"medal","user":{"country":"se","medals":[55,16,46,94,28,12,79,100,34,6],"zones":[411783,69760,317257,154700,70160,147187,114995,159508,153716,84889,71704,325917,221464,26939,26940,397083,26941,62941,69759],"pointsPerHour":0,"points":62558,"blocktime":1035,"taken":1067,"name":"xzarz","totalPoints":282206,"rank":29,"id":320846,"place":7517,"uniqueZonesTaken":191,"region":{"name":"Halland","id":134}}},{"medal":31,"time":"2021-07-29T16:37:01+0000","type":"medal","user":{"country":"se","medals":[51,92,90,31],"zones":[139680,190272,139681,109668,113512,15853,30834,30835,30836,30837,95287,30839,8471,44216,8473,153723,44217,176217,190269],"pointsPerHour":0,"points":5095,"blocktime":690,"taken":25,"name":"hejhejj123","totalPoints":5280,"rank":6,"id":322411,"place":7517,"uniqueZonesTaken":24,"region":{"name":"Södermanland","id":140}}},{"medal":93,"time":"2021-07-29T16:35:15+0000","type":"medal","user":{"country":"se","medals":[93],"zones":[],"pointsPerHour":0,"points":185,"blocktime":600,"taken":1,"name":"CitrusKungen","totalPoints":185,"rank":0,"id":336393,"place":7516,"uniqueZonesTaken":1,"region":{"name":"Västra Götaland","id":132}}}]