[{"medal":6,"time":"2021-07-30T12:51:03+0000","type":"medal","user":{"country":"se","medals":[46,93,79,10,55,13,4,33,102,6],"zones":[164497,281751,281761,281740,162973,54911],"pointsPerHour":0,"points":49753,"blocktime":900,"taken":669,"name":"Gastrocnemius","totalPoints":106276,"rank":20,"id":325544,"place":7547,"uniqueZonesTaken":335,"region":{"name":"Västmanland","id":143}}},{"medal":80,"time":"2021-07-30T12:50:11+0000","type":"medal","user":{"country":"se","medals":[84,80],"zones":[197898,139803,7226,154520,51277],"pointsPerHour":0,"points":1272,"blocktime":660,"taken":7,"name":"Jxtte","totalPoints":1272,"rank":4,"id":336390,"place":7547,"uniqueZonesTaken":5,"region":{"name":"Västra Götaland","id":132}}},{"medal":104,"time":"2021-07-30T12:50:05+0000","type":"medal","user":{"country":"se","medals":[28,70,77,95,47,57,16,5,15,79,22,38,24,99,122,126,66,104],"zones":[57090,62276,62279,154574,168335,156620,208844,154573,177421,7377,114448,7378,43157,7382,7383,175259,47899,47900,396773,47907,151336,80811,29741,46445,37230,115248,62270,172924,204476],"pointsPerHour":0,"points":27883,"blocktime":1260,"taken":12298,"name":"Pekkasso","totalPoints":2536706,"rank":44,"id":36660,"place":7547,"uniqueZonesTaken":1537,"region":{"name":"Västra Götaland","id":132}}},{"medal":103,"time":"2021-07-30T12:45:47+0000","type":"medal","user":{"country":"se","medals":[93,28,46,7,16,4,14,57,79,70,36,126,103],"zones":[26115],"pointsPerHour":0,"points":869,"blocktime":1140,"taken":5155,"name":"Grottmannen","totalPoints":822343,"rank":36,"id":211937,"place":7547,"uniqueZonesTaken":751,"region":{"name":"Jämtland","id":128}}}]