[{"sender":{"country":"se","medals":[4,16,10,79,7,99,5,47,77,123,126,70,22,57,107,50,89,131],"zones":[49251,41863,41864,41865,44268,44269,30798,44270,44271,55920,44272,200402,44273,44274],"pointsPerHour":21,"points":4564,"blocktime":1425,"taken":58117,"name":"Mumsige","totalPoints":10283159,"rank":55,"id":124163,"place":1356,"uniqueZonesTaken":2722,"region":{"name":"Uppsala","id":142}},"time":"2023-03-07T13:27:13+0000","message":"Allinug: are You walking?😳","type":"chat"},{"sender":{"country":"se","medals":[67,5,47,56,28,16,103,6,94,14,35,78,128],"zones":[25793,25889,155328,152561,114517,61142,179796,93194,44699,44700,141519],"pointsPerHour":27,"points":3192,"blocktime":1110,"taken":3034,"name":"HerrNilsson83","totalPoints":624017,"rank":34,"id":355113,"place":1715,"uniqueZonesTaken":631,"region":{"name":"Kalmar","id":137}},"time":"2023-03-07T13:26:35+0000","message":"ovalfyrkant: Akta så farbror inte halkar i snön! 🤗","region":{"name":"Kalmar","id":137},"type":"chat"},{"medal":51,"time":"2023-03-07T13:22:46+0000","type":"medal","user":{"country":"uk","medals":[51,85],"zones":[389597,389596,26282,26283,389593,354681,389592,354680,389594,354682],"pointsPerHour":0,"points":2568,"blocktime":675,"taken":10,"name":"MrBlond","totalPoints":2568,"rank":5,"id":386807,"place":4324,"uniqueZonesTaken":10,"region":{"name":"East Midlands","id":203}}},{"medal":85,"time":"2023-03-07T13:22:46+0000","type":"medal","user":{"country":"uk","medals":[51,85],"zones":[389597,389596,26282,26283,389593,354681,389592,354680,389594,354682],"pointsPerHour":0,"points":2568,"blocktime":675,"taken":10,"name":"MrBlond","totalPoints":2568,"rank":5,"id":386807,"place":4324,"uniqueZonesTaken":10,"region":{"name":"East Midlands","id":203}}}]