[{"medal":38,"time":"2023-03-06T15:02:07+0000","type":"medal","user":{"country":"se","medals":[94,28,55,16,47,13,79,130,104,38],"zones":[31296,7808,3329,7809,7810,7811,208839,7812,7813,208838,73092,90765,98008,43934,563624,427938,92650,563621,826,7805,830,7806,7807,31295],"pointsPerHour":0,"points":12797,"blocktime":1215,"taken":10000,"name":"kurreflax","totalPoints":1725852,"rank":41,"id":314349,"place":3993,"uniqueZonesTaken":485,"region":{"name":"Värmland","id":130}}},{"sender":{"country":"wd","medals":[6,79,77,46,95,28,54,22,102,129,16,24,13,67,35,24,70],"zones":[],"pointsPerHour":0,"points":235,"blocktime":1065,"taken":2935,"name":"Sauron13","totalPoints":367392,"rank":31,"id":336222,"place":3326,"uniqueZonesTaken":318,"region":{"name":"Italy","id":155}},"time":"2023-03-06T14:46:24+0000","message":"Ciao ciao","region":{"name":"Italy","id":155},"type":"chat"}]