[{"medal":51,"time":"2023-12-26T11:00:42+0000","type":"medal","user":{"country":"gb","medals":[51,85],"zones":[381029,374244,359367,381030,374240,374242,476350,517181,358479,480156],"pointsPerHour":0,"points":1692,"blocktime":660,"taken":10,"name":"BadIdeaRob","totalPoints":1692,"rank":4,"id":416421,"place":5685,"uniqueZonesTaken":10,"region":{"name":"Scotland","id":200}}},{"medal":85,"time":"2023-12-26T11:00:42+0000","type":"medal","user":{"country":"gb","medals":[51,85],"zones":[381029,374244,359367,381030,374240,374242,476350,517181,358479,480156],"pointsPerHour":0,"points":1692,"blocktime":660,"taken":10,"name":"BadIdeaRob","totalPoints":1692,"rank":4,"id":416421,"place":5685,"uniqueZonesTaken":10,"region":{"name":"Scotland","id":200}}}]