[{"medal":71,"time":"2022-03-14T18:19:52+0000","type":"medal","user":{"country":"se","medals":[92,51,32,71],"zones":[171656,1482,62314,1483,141742,1484,141740,141741,33808,47057,52498,203825,52499,11835],"pointsPerHour":0,"points":7560,"blocktime":13,"taken":103,"name":"Freeinfo","totalPoints":34232,"rank":13,"id":201751,"place":5633,"uniqueZonesTaken":24,"region":{"name":"Jönköping","id":133}}},{"sender":{"country":"se","medals":[16,79,48,7,72,107,57,22,128,97,37,13],"zones":[126771,95715,198855,33436,86317],"pointsPerHour":7,"points":81974,"blocktime":19,"taken":8432,"name":"Marklund111","totalPoints":1157035,"rank":39,"id":331144,"place":100,"uniqueZonesTaken":250,"region":{"name":"Örebro","id":131}},"time":"2022-03-14T18:18:01+0000","message":"floramcml: Grattis till till rank 59:e!!!🥳","region":{"name":"Örebro","id":131},"type":"chat"},{"sender":{"country":"se","medals":[5,16,70,67,24,28,24,77,79,112,24,66,56,24,117,4,104,50,126,122,47,21,41,130],"zones":[62337,24323,193537,136324,43143,136325,46408,21833,61643,21835,30734,20878,20879,94160,92948,409,22554,11807,44649,22635,44843,193262,193263,318261,115891,11444,21429,68471,94071,21495,21432,136312],"pointsPerHour":79,"points":38981,"blocktime":22,"taken":29869,"name":"swebear","totalPoints":5486069,"rank":50,"id":21548,"place":491,"uniqueZonesTaken":3587,"region":{"name":"Västra Götaland","id":132}},"time":"2022-03-14T18:10:46+0000","message":"Badbalja: swebear har nog fortfarande lite i termosen hemma","region":{"name":"Västra Götaland","id":132},"type":"chat"}]