[{"medal":85,"time":"2022-03-14T15:07:06+0000","type":"medal","user":{"country":"se","medals":[93,100,10,85],"zones":[12178,302094],"pointsPerHour":0,"points":1211,"blocktime":11,"taken":11,"name":"sapain","totalPoints":1211,"rank":4,"id":356451,"place":5600,"uniqueZonesTaken":11,"region":{"name":"Kalmar","id":137}}},{"sender":{"country":"se","medals":[51,92,42],"zones":[62031,7023],"pointsPerHour":12,"points":5340,"blocktime":14,"taken":406,"name":"NuDå","totalPoints":56533,"rank":16,"id":351834,"place":2890,"uniqueZonesTaken":22,"region":{"name":"Stockholm","id":141}},"time":"2022-03-14T15:07:04+0000","message":"Ta gärna Poolzone ibland, man får ju vara hälften om redan har den. Mitt rekord på Poolzone, är 8 dar, länge sen, så mimikryp bor här! 🥕","region":{"name":"Stockholm","id":141},"type":"chat"},{"medal":10,"time":"2022-03-14T15:05:43+0000","type":"medal","user":{"country":"se","medals":[93,100,84,10],"zones":[12178],"pointsPerHour":0,"points":1070,"blocktime":10,"taken":10,"name":"sapain","totalPoints":1070,"rank":3,"id":356451,"place":5600,"uniqueZonesTaken":10,"region":{"name":"Kalmar","id":137}}},{"sender":{"country":"se","medals":[16,46,5,4,27,57,44,24,67,22,17,10,70,17,79,77,24,7,99,24,50,102,41],"zones":[115777,27810,7476,1231,64015],"pointsPerHour":32,"points":11511,"blocktime":22,"taken":26068,"name":"Yenx","totalPoints":4577345,"rank":49,"id":34685,"place":1916,"uniqueZonesTaken":3940,"region":{"name":"Stockholm","id":141}},"time":"2022-03-14T15:05:04+0000","message":"NuDå: Söder om Söder. Lite för långt att cykla, har gjort det nån gång. Tack, tillbaka redan imorron, jobbar i Jakan","region":{"name":"Stockholm","id":141},"type":"chat"},{"sender":{"country":"se","medals":[51,92,42],"zones":[62031,7023],"pointsPerHour":12,"points":5340,"blocktime":14,"taken":406,"name":"NuDå","totalPoints":56532,"rank":16,"id":351834,"place":2890,"uniqueZonesTaken":22,"region":{"name":"Stockholm","id":141}},"time":"2022-03-14T15:03:58+0000","message":"Välkommen tillbaka snart!","region":{"name":"Stockholm","id":141},"type":"chat"},{"sender":{"country":"se","medals":[51,92,42],"zones":[62031,7023],"pointsPerHour":12,"points":5340,"blocktime":14,"taken":406,"name":"NuDå","totalPoints":56532,"rank":16,"id":351834,"place":2890,"uniqueZonesTaken":22,"region":{"name":"Stockholm","id":141}},"time":"2022-03-14T15:03:33+0000","message":"Söderkis/tös?","region":{"name":"Stockholm","id":141},"type":"chat"},{"sender":{"country":"se","medals":[51,92,42],"zones":[62031,7023],"pointsPerHour":12,"points":5340,"blocktime":14,"taken":406,"name":"NuDå","totalPoints":56532,"rank":16,"id":351834,"place":2890,"uniqueZonesTaken":22,"region":{"name":"Stockholm","id":141}},"time":"2022-03-14T15:02:56+0000","message":"Lättare att cykla dit?","region":{"name":"Stockholm","id":141},"type":"chat"},{"sender":{"country":"se","medals":[16,46,5,4,27,57,44,24,67,22,17,10,70,17,79,77,24,7,99,24,50,102,41],"zones":[115777,27810,7476,1231,64015],"pointsPerHour":32,"points":11510,"blocktime":22,"taken":26068,"name":"Yenx","totalPoints":4577344,"rank":49,"id":34685,"place":1916,"uniqueZonesTaken":3940,"region":{"name":"Stockholm","id":141}},"time":"2022-03-14T15:02:46+0000","message":"NuDå: Söderut, begraver näsan i en bok, turfar först när jag är hemma i Söderort igen :)","region":{"name":"Stockholm","id":141},"type":"chat"},{"sender":{"country":"se","medals":[51,92,42],"zones":[62031,7023],"pointsPerHour":12,"points":5340,"blocktime":14,"taken":406,"name":"NuDå","totalPoints":56532,"rank":16,"id":351834,"place":2890,"uniqueZonesTaken":22,"region":{"name":"Stockholm","id":141}},"time":"2022-03-14T15:02:28+0000","message":"Skit svårt i den farten tågmästaren sätter upp","region":{"name":"Stockholm","id":141},"type":"chat"},{"sender":{"country":"se","medals":[16,46,5,4,27,57,44,24,67,22,17,10,70,17,79,77,24,7,99,24,50,102,41],"zones":[115777,27810,7476,1231,64015],"pointsPerHour":32,"points":11509,"blocktime":22,"taken":26068,"name":"Yenx","totalPoints":4577343,"rank":49,"id":34685,"place":1916,"uniqueZonesTaken":3940,"region":{"name":"Stockholm","id":141}},"time":"2022-03-14T15:01:49+0000","message":"NuDå: Nä, min lur är nästan omöjlig att armhåla med. Tidigare kunde jag bara slå av gps så stod gubben kvar.","region":{"name":"Stockholm","id":141},"type":"chat"}]