[{"medal":34,"time":"2022-03-15T16:27:29+0000","type":"medal","user":{"country":"uk","medals":[94,103,28,55,46,127,13,34],"zones":[361605,361604,361607,361606,476868,476867,361603,358019,358028,482188,358024,361611,361610,393492,393493,465874,361618,393501,393498,393499,374299,393496,393497,388709,388708,388706,388712,481768,388722,368765,476862,14010,358015,476858,350456,350458],"pointsPerHour":0,"points":67068,"blocktime":16,"taken":1000,"name":"trawlerman","totalPoints":219975,"rank":26,"id":349833,"place":5706,"uniqueZonesTaken":274,"region":{"name":"Scotland","id":200}}},{"sender":{"country":"se","medals":[16,4,5,22,46,30,25,56,17,28,70,67,15,91,77,99,24,79,45,26,76,17,24,49,27,126,108,73,128],"zones":[64353,115141,64357,54885,262,28198,21350,28199,476427,45197,89422,111150,476822,47505,47506,47507,150641,47508,47509,22843,14620],"pointsPerHour":54,"points":39916,"blocktime":22,"taken":32298,"name":"yrla","totalPoints":5973954,"rank":51,"id":36811,"place":546,"uniqueZonesTaken":2224,"region":{"name":"Stockholm","id":141}},"time":"2022-03-15T16:26:47+0000","message":"Jaderäven: jag också!","region":{"name":"Stockholm","id":141},"type":"chat"},{"sender":{"country":"se","medals":[4,70,16,47,56,5,79,28,77,67,96,14,7,104,36,126],"zones":[476438,306,41707,89247],"pointsPerHour":7,"points":10311,"blocktime":20,"taken":7122,"name":"Jaderäven","totalPoints":1379011,"rank":40,"id":132318,"place":2257,"uniqueZonesTaken":881,"region":{"name":"Stockholm","id":141}},"time":"2022-03-15T16:26:20+0000","message":"yrla: ok, på väg...","region":{"name":"Stockholm","id":141},"type":"chat"},{"sender":{"country":"se","medals":[16,4,5,22,46,30,25,56,17,28,70,67,15,91,77,99,24,79,45,26,76,17,24,49,27,126,108,73,128],"zones":[64353,64357,54885,262,28198,21350,28199,476427,45197,89422,111150,476822,47505,47506,47507,150641,47508,47509,22843,14620],"pointsPerHour":50,"points":39775,"blocktime":22,"taken":32297,"name":"yrla","totalPoints":5973813,"rank":51,"id":36811,"place":550,"uniqueZonesTaken":2224,"region":{"name":"Stockholm","id":141}},"time":"2022-03-15T16:25:38+0000","message":"Jaderäven: nej! 4kanten tillsammans?","region":{"name":"Stockholm","id":141},"type":"chat"},{"medal":85,"time":"2022-03-15T16:25:33+0000","type":"medal","user":{"country":"se","medals":[80,85],"zones":[31952,505],"pointsPerHour":0,"points":969,"blocktime":10,"taken":10,"name":"Zoegasmannen","totalPoints":969,"rank":3,"id":356396,"place":5706,"uniqueZonesTaken":7,"region":{"name":"Västmanland","id":143}}},{"sender":{"country":"se","medals":[4,70,16,47,56,5,79,28,77,67,96,14,7,104,36,126],"zones":[476438,306,89247],"pointsPerHour":4,"points":10156,"blocktime":20,"taken":7121,"name":"Jaderäven","totalPoints":1378856,"rank":40,"id":132318,"place":2270,"uniqueZonesTaken":881,"region":{"name":"Stockholm","id":141}},"time":"2022-03-15T16:24:50+0000","message":"yrla: hejsan! Blir det en långtur?","region":{"name":"Stockholm","id":141},"type":"chat"},{"medal":31,"time":"2022-03-15T16:24:32+0000","type":"medal","user":{"country":"se","medals":[80,93,100,31],"zones":[1732],"pointsPerHour":0,"points":4271,"blocktime":11,"taken":25,"name":"Toss","totalPoints":4271,"rank":6,"id":356204,"place":5706,"uniqueZonesTaken":10,"region":{"name":"Västerbotten","id":127}}},{"medal":35,"time":"2022-03-15T16:24:26+0000","type":"medal","user":{"country":"se","medals":[6,53,12,10,71,127,16,35],"zones":[835,839,874,12812],"pointsPerHour":0,"points":16065,"blocktime":18,"taken":2500,"name":"Ztina","totalPoints":552902,"rank":33,"id":312699,"place":5706,"uniqueZonesTaken":172,"region":{"name":"Västra Götaland","id":132}}},{"sender":{"country":"se","medals":[16,4,5,22,46,30,25,56,17,28,70,67,15,91,77,99,24,79,45,26,76,17,24,49,27,126,108,73,128],"zones":[64353,64357,54885,262,28198,21350,28199,476427,45197,89422,111150,476822,47505,47506,47507,150641,47508,47509,22843,14620],"pointsPerHour":50,"points":39773,"blocktime":22,"taken":32297,"name":"yrla","totalPoints":5973811,"rank":51,"id":36811,"place":550,"uniqueZonesTaken":2224,"region":{"name":"Stockholm","id":141}},"time":"2022-03-15T16:22:46+0000","message":"Jaderäven: hejhej 😉","region":{"name":"Stockholm","id":141},"type":"chat"}]