[{"medal":85,"time":"2022-03-15T14:33:59+0000","type":"medal","user":{"country":"gb","medals":[51,85],"zones":[96832,358599,358615,21924,345155,358611,345154,21928,382749,21934],"pointsPerHour":0,"points":1715,"blocktime":11,"taken":10,"name":"Scortus9","totalPoints":1715,"rank":4,"id":356473,"place":5690,"uniqueZonesTaken":10,"region":{"name":"Scotland","id":200}}},{"medal":51,"time":"2022-03-15T14:33:59+0000","type":"medal","user":{"country":"gb","medals":[51,85],"zones":[96832,358599,358615,21924,345155,358611,345154,21928,382749,21934],"pointsPerHour":0,"points":1715,"blocktime":11,"taken":10,"name":"Scortus9","totalPoints":1715,"rank":4,"id":356473,"place":5690,"uniqueZonesTaken":10,"region":{"name":"Scotland","id":200}}},{"sender":{"country":"se","medals":[5,67,16,4,27,22,70,15,93,72,79,117,77,48,60,68,68,66,126,40,127,101],"zones":[222080,61635,7651,136326,136327,2981,6150,316556,142187,20525,47888,25971,47892,76660,14005,171672,890,171673,29019,24443,154207,7645],"pointsPerHour":41,"points":45900,"blocktime":22,"taken":23798,"name":"DonTotto","totalPoints":5957598,"rank":51,"id":50926,"place":420,"uniqueZonesTaken":1832,"region":{"name":"Västra Götaland","id":132}},"time":"2022-03-15T14:25:49+0000","message":"Game-Over: 🍻","region":{"name":"Jönköping","id":133},"type":"chat"}]