[{"sender":{"country":"se","medals":[90,11,53,32,93],"zones":[17890,80265,20554,224717,28338,409200,90774,374460,17914,27835,27838,1470,26142,1471],"pointsPerHour":53,"points":12635,"blocktime":13,"taken":234,"name":"hanna_nr9","totalPoints":39725,"rank":14,"id":229733,"place":1893,"uniqueZonesTaken":98,"region":{"name":"Skåne","id":135}},"time":"2022-03-15T09:44:18+0000","message":"Tveskägg: javisst:)","region":{"name":"Skåne","id":135},"type":"chat"},{"medal":131,"time":"2022-03-15T09:41:20+0000","type":"medal","user":{"country":"se","medals":[70,24,16,48,67,57,24,27,24,21,5,68,9,17,66,24,24,24,72,79,77,17,24,4,50,17,116,117,107,122,89,131],"zones":[2016,43744,21602,27106,1572,484482,1608,17164,6925,154189,2556,91420,96863,2558],"pointsPerHour":0,"points":15207,"blocktime":23,"taken":51131,"name":"Zonetherapy","totalPoints":8579866,"rank":54,"id":30059,"place":5657,"uniqueZonesTaken":3868,"region":{"name":"Gävleborg","id":144}}}]