[{"sender":{"country":"uk","medals":[93,117,12,16,103,54,34,10],"zones":[323268,411335,323269,323270,323233,323235,62861,411339,62862,411337,411347,138265,323321,138268,323322],"pointsPerHour":24,"points":15031,"blocktime":17,"taken":1168,"name":"TS-MerrymaKer","totalPoints":281115,"rank":29,"id":322026,"place":465,"uniqueZonesTaken":174,"region":{"name":"Scotland","id":200}},"time":"2021-09-07T06:46:17+0000","message":"Avellana: Have they taken down the tape at the tree felling in Linn Park?","region":{"name":"Scotland","id":200},"type":"chat"},{"medal":42,"time":"2021-09-07T06:44:56+0000","type":"medal","user":{"country":"se","medals":[10,53,46,93,78,12,42],"zones":[78713,138504],"pointsPerHour":0,"points":1638,"blocktime":13,"taken":250,"name":"strobban","totalPoints":36360,"rank":14,"id":337564,"place":4850,"uniqueZonesTaken":131,"region":{"name":"Stockholm","id":141}}},{"medal":93,"time":"2021-09-07T06:44:56+0000","type":"medal","user":{"country":"se","medals":[93],"zones":[],"pointsPerHour":0,"points":155,"blocktime":10,"taken":1,"name":"casper8888","totalPoints":155,"rank":0,"id":340023,"place":4850,"uniqueZonesTaken":1,"region":{"name":"Stockholm","id":141}}}]