[{"medal":80,"time":"2021-09-07T11:49:24+0000","type":"medal","user":{"country":"se","medals":[84,80],"zones":[6880,176802,141513,114909,430315],"pointsPerHour":0,"points":1163,"blocktime":10,"taken":7,"name":"na&le","totalPoints":1163,"rank":3,"id":340161,"place":5055,"uniqueZonesTaken":7,"region":{"name":"Skåne","id":135}}},{"sender":{"country":"se","medals":[16,27,8,17,21,4,67,24,44,24,17,24,70,64,17,48,24,24,24,17,26,77,79,24,58,24,17,83,24,62,17,117,74,24,89,24,24,17,116,91,49,72,45,24,123,126,111,24,17],"zones":[34252,44799],"pointsPerHour":6,"points":2267,"blocktime":24,"taken":68953,"name":"Hylaeus","totalPoints":11450293,"rank":56,"id":35022,"place":2317,"uniqueZonesTaken":6958,"region":{"name":"Uppsala","id":142}},"time":"2021-09-07T11:48:53+0000","message":"Cupmästare2021: Träffen är imorgon onsdag!","region":{"name":"Uppsala","id":142},"type":"chat"},{"sender":{"country":"se","medals":[16,27,8,17,21,4,67,24,44,24,17,24,70,64,17,48,24,24,24,17,26,77,79,24,58,24,17,83,24,62,17,117,74,24,89,24,24,17,116,91,49,72,45,24,123,126,111,24,17],"zones":[34252,44799],"pointsPerHour":6,"points":2267,"blocktime":24,"taken":68953,"name":"Hylaeus","totalPoints":11450293,"rank":56,"id":35022,"place":2318,"uniqueZonesTaken":6958,"region":{"name":"Uppsala","id":142}},"time":"2021-09-07T11:47:59+0000","message":"Cupmästare2021: Turfträff på restaurang Arom, vi sitter ute. vi ses kl 17.30 i zonen Lutpark för en Crowdy innan.  Alla välkomna!","region":{"name":"Uppsala","id":142},"type":"chat"},{"medal":90,"time":"2021-09-07T11:46:43+0000","type":"medal","user":{"country":"se","medals":[80,85,90],"zones":[865,62338,224512,23224,306494,6059,12779,6061,11343],"pointsPerHour":0,"points":1468,"blocktime":11,"taken":11,"name":"NiklasFH","totalPoints":1654,"rank":4,"id":339462,"place":5053,"uniqueZonesTaken":11,"region":{"name":"Västra Götaland","id":132}}},{"medal":93,"time":"2021-09-07T11:45:36+0000","type":"medal","user":{"country":"se","medals":[93],"zones":[],"pointsPerHour":0,"points":140,"blocktime":10,"taken":1,"name":"iddeolbrich","totalPoints":140,"rank":0,"id":340076,"place":5051,"uniqueZonesTaken":1,"region":{"name":"Västra Götaland","id":132}}},{"medal":90,"time":"2021-09-07T11:45:36+0000","type":"medal","user":{"country":"se","medals":[93,80,85,90],"zones":[116000,139440,28986,23244,877,12525,863],"pointsPerHour":0,"points":1496,"blocktime":11,"taken":10,"name":"ollecarlsson","totalPoints":1496,"rank":4,"id":340152,"place":5051,"uniqueZonesTaken":10,"region":{"name":"Västra Götaland","id":132}}},{"medal":85,"time":"2021-09-07T11:45:36+0000","type":"medal","user":{"country":"se","medals":[93,80,85,90],"zones":[116000,139440,28986,23244,877,12525,863],"pointsPerHour":0,"points":1496,"blocktime":11,"taken":10,"name":"ollecarlsson","totalPoints":1496,"rank":4,"id":340152,"place":5051,"uniqueZonesTaken":10,"region":{"name":"Västra Götaland","id":132}}},{"medal":85,"time":"2021-09-07T11:44:36+0000","type":"medal","user":{"country":"se","medals":[80,85],"zones":[865,62338,224512,23224,6059,12779,6061,11343],"pointsPerHour":0,"points":1282,"blocktime":11,"taken":10,"name":"NiklasFH","totalPoints":1468,"rank":4,"id":339462,"place":5049,"uniqueZonesTaken":10,"region":{"name":"Västra Götaland","id":132}}},{"sender":{"country":"se","medals":[79,77,28,24,16,17,115,5,67,70,27,48,21,68,126,4,124,117,89,50,59,108,66],"zones":[7936,30855,7559,424714,30860,30861,79375,152978,30864,30865,109971,30866,30867,109970,109973,115861,30869,297756,109977,297757,408861,349222,111143,111145,33708,349224,44846,33710,44847,62387,44853,46911,14786,7242,49118,49121,49122,49124,21604,21605,49126,21606,11622,49127,49128,49129,11502,31479,2556,2557],"pointsPerHour":130,"points":19194,"blocktime":23,"taken":55032,"name":"allinug","totalPoints":9188702,"rank":54,"id":227848,"place":361,"uniqueZonesTaken":3080,"region":{"name":"Uppsala","id":142}},"time":"2021-09-07T11:44:33+0000","message":"mammaengel: assist vid z Gottsunda?","region":{"name":"Uppsala","id":142},"type":"chat"}]