[{"medal":84,"time":"2023-08-22T06:31:43+0000","type":"medal","user":{"country":"se","medals":[95,84],"zones":[135784,601255,95535],"pointsPerHour":0,"points":536,"blocktime":10,"taken":5,"name":"barba_pappa","totalPoints":536,"rank":2,"id":401275,"place":7071,"uniqueZonesTaken":5,"region":{"name":"Skåne","id":135}}},{"medal":93,"time":"2023-08-22T06:24:40+0000","type":"medal","user":{"country":"se","medals":[93],"zones":[],"pointsPerHour":0,"points":140,"blocktime":10,"taken":1,"name":"Torefjsu","totalPoints":140,"rank":0,"id":401273,"place":7070,"uniqueZonesTaken":1,"region":{"name":"Skåne","id":135}}}]