[{"medal":127,"time":"2023-08-22T17:37:17+0000","type":"medal","user":{"country":"se","medals":[95,11,102,28,78,77,53,42,127],"zones":[230656],"pointsPerHour":0,"points":36280,"blocktime":13,"taken":262,"name":"Blizznick80","totalPoints":43668,"rank":14,"id":388236,"place":7192,"uniqueZonesTaken":81,"region":{"name":"Jämtland","id":128}}},{"medal":32,"time":"2023-08-22T17:32:49+0000","type":"medal","user":{"country":"se","medals":[11,52,32],"zones":[92609,92608,91533,115469,91532,285044,153043,28659,28660,223799,28661,28662,63862,28663,50267,159417,570391],"pointsPerHour":0,"points":8428,"blocktime":13,"taken":100,"name":"Pap-Gbäck","totalPoints":27826,"rank":13,"id":337169,"place":7192,"uniqueZonesTaken":53,"region":{"name":"Halland","id":134}}}]