[{"medal":11,"time":"2023-08-21T08:41:41+0000","type":"medal","user":{"country":"se","medals":[86,54,11],"zones":[20864,412486,20865,484678,2754,96771,2755,92866,137542,2756,374464,2758,115338,477589,186583,34901,138516,228116,224728,24288,157024,24290,232679,2469,2470,93734,43241,515822,220969,319470,349673,570469,12333,154732,1074,116019,63795,1075,1076,1077,95095,115190,449724,62266,201278,201277],"pointsPerHour":0,"points":8932,"blocktime":12,"taken":60,"name":"Manny","totalPoints":11860,"rank":8,"id":32040,"place":6965,"uniqueZonesTaken":50,"region":{"name":"Skåne","id":135}}},{"medal":80,"time":"2023-08-21T08:40:37+0000","type":"medal","user":{"country":"se","medals":[84,80],"zones":[11361,34657,26212,556834,1006],"pointsPerHour":0,"points":550,"blocktime":10,"taken":6,"name":"Steffold","totalPoints":550,"rank":2,"id":401163,"place":6965,"uniqueZonesTaken":6,"region":{"name":"Skåne","id":135}}},{"medal":85,"time":"2023-08-21T08:38:29+0000","type":"medal","user":{"country":"se","medals":[80,85],"zones":[122867,90338,56980,139398,159415,87663,117438],"pointsPerHour":0,"points":1628,"blocktime":11,"taken":10,"name":"tfo","totalPoints":1628,"rank":4,"id":401101,"place":6965,"uniqueZonesTaken":8,"region":{"name":"Jämtland","id":128}}},{"medal":93,"time":"2023-08-21T08:38:11+0000","type":"medal","user":{"country":"se","medals":[93],"zones":[],"pointsPerHour":0,"points":140,"blocktime":10,"taken":1,"name":"vega..","totalPoints":140,"rank":0,"id":401125,"place":6965,"uniqueZonesTaken":1,"region":{"name":"Skåne","id":135}}},{"medal":94,"time":"2023-08-21T08:38:11+0000","type":"medal","user":{"country":"se","medals":[94],"zones":[],"pointsPerHour":0,"points":125,"blocktime":10,"taken":1,"name":"Emma?","totalPoints":125,"rank":0,"id":400981,"place":6965,"uniqueZonesTaken":1,"region":{"name":"Stockholm","id":141}}},{"medal":94,"time":"2023-08-21T08:38:11+0000","type":"medal","user":{"country":"se","medals":[94],"zones":[],"pointsPerHour":0,"points":125,"blocktime":10,"taken":1,"name":"NikeIvarsson","totalPoints":125,"rank":0,"id":400967,"place":6965,"uniqueZonesTaken":1,"region":{"name":"Stockholm","id":141}}},{"medal":84,"time":"2023-08-21T08:34:34+0000","type":"medal","user":{"country":"se","medals":[84],"zones":[11361,26212,556834,1006],"pointsPerHour":0,"points":422,"blocktime":10,"taken":5,"name":"Steffold","totalPoints":422,"rank":2,"id":401163,"place":6964,"uniqueZonesTaken":5,"region":{"name":"Skåne","id":135}}}]