[{"medal":100,"time":"2021-11-15T16:02:26+0000","type":"medal","user":{"country":"fi","medals":[51,93,92,90,31,100],"zones":[],"pointsPerHour":0,"points":193,"blocktime":690,"taken":45,"name":"Nosso","totalPoints":4818,"rank":6,"id":349207,"place":5566,"uniqueZonesTaken":27,"region":{"name":"Åland","id":177}}},{"sender":{"country":"se","medals":[16,77,79,48,57,70,24,6,15,22,67,72,107,83,98,124,129,73],"zones":[44107,9680,6099,226774,115159,33367,34263,11223,34138,42849,42082,47721,26155,31790,76399,19694,31791,281782,102067,32115,31799,281779,9529,79288,24191],"pointsPerHour":136,"points":128903,"blocktime":1305,"taken":30750,"name":"anthi","totalPoints":3879570,"rank":47,"id":285613,"place":23,"uniqueZonesTaken":1798,"region":{"name":"Västmanland","id":143}},"time":"2021-11-15T15:57:36+0000","message":"Aldo: har support av turfink på fånen","region":{"name":"Västmanland","id":143},"type":"chat"},{"sender":{"country":"se","medals":[70,67,57,68,5,16,68,68,68,79,68,68,77,75,22,24,15,72,4,24,66,68,30,24,108,95,124,126,24,119,129],"zones":[117057,31346,95474],"pointsPerHour":18,"points":40820,"blocktime":1470,"taken":106319,"name":"Aldo","totalPoints":15811055,"rank":58,"id":120009,"place":459,"uniqueZonesTaken":2465,"region":{"name":"Västmanland","id":143}},"time":"2021-11-15T15:54:43+0000","message":"anthi: vill du ha hjälp att ta dig fram så kommer jag","region":{"name":"Västmanland","id":143},"type":"chat"}]