[{"sender":{"country":"se","medals":[77,79,16,68,72,70,83,67,75,21,68,91,4,30,68,117,68,24,68,17,116,68,24,27,124,107,126,24,68,24,118,24,26,120,76,45,17,81,2,69,68,129],"zones":[29175],"pointsPerHour":8,"points":59616,"blocktime":1455,"taken":95822,"name":"skäggfar","totalPoints":13614091,"rank":57,"id":159086,"place":196,"uniqueZonesTaken":8619,"region":{"name":"Västmanland","id":143}},"time":"2021-11-15T11:47:05+0000","message":"carinn: 👍","region":{"name":"Västmanland","id":143},"type":"chat"},{"sender":{"country":"se","medals":[55,15,79,28,112,7,47,24,77,123,126,104,73,128],"zones":[227075,63744,705,43591,63690,14602,21356,21357,23662,12015,5427,8309,26107,44991],"pointsPerHour":110,"points":23004,"blocktime":1305,"taken":33577,"name":"carinn","totalPoints":3935346,"rank":47,"id":117795,"place":956,"uniqueZonesTaken":2026,"region":{"name":"Västmanland","id":143}},"time":"2021-11-15T11:46:46+0000","message":"skäggfar: Ok. Då ska jag vara beredd Spännande!","region":{"name":"Västmanland","id":143},"type":"chat"},{"sender":{"country":"se","medals":[77,79,16,68,72,70,83,67,75,21,68,91,4,30,68,117,68,24,68,17,116,68,24,27,124,107,126,24,68,24,118,24,26,120,76,45,17,81,2,69,68,129],"zones":[29175],"pointsPerHour":8,"points":59616,"blocktime":1455,"taken":95822,"name":"skäggfar","totalPoints":13614091,"rank":57,"id":159086,"place":196,"uniqueZonesTaken":8619,"region":{"name":"Västmanland","id":143}},"time":"2021-11-15T11:46:09+0000","message":"carinn: hint, ny zon på lördag kl 14. Info på fb lite närmare","region":{"name":"Västmanland","id":143},"type":"chat"},{"sender":{"country":"se","medals":[55,15,79,28,112,7,47,24,77,123,126,104,73,128],"zones":[227075,63744,705,43591,63690,14602,21356,21357,23662,12015,5427,8309,26107,44991],"pointsPerHour":110,"points":23001,"blocktime":1305,"taken":33577,"name":"carinn","totalPoints":3935344,"rank":47,"id":117795,"place":956,"uniqueZonesTaken":2026,"region":{"name":"Västmanland","id":143}},"time":"2021-11-15T11:45:37+0000","message":"skäggfar: Oops!","region":{"name":"Västmanland","id":143},"type":"chat"},{"sender":{"country":"se","medals":[77,79,16,68,72,70,83,67,75,21,68,91,4,30,68,117,68,24,68,17,116,68,24,27,124,107,126,24,68,24,118,24,26,120,76,45,17,81,2,69,68,129],"zones":[],"pointsPerHour":0,"points":59536,"blocktime":1455,"taken":95821,"name":"skäggfar","totalPoints":13614011,"rank":57,"id":159086,"place":198,"uniqueZonesTaken":8619,"region":{"name":"Västmanland","id":143}},"time":"2021-11-15T11:45:14+0000","message":"carinn: nix, tar bara en promenad. Punka igen. Inlämnad cykel, passar på att sätta på vinterdäck","region":{"name":"Västmanland","id":143},"type":"chat"},{"sender":{"country":"se","medals":[55,15,79,28,112,7,47,24,77,123,126,104,73,128],"zones":[227075,63744,705,43591,63690,14602,21356,21357,23662,12015,5427,8309,26107,44991],"pointsPerHour":110,"points":22999,"blocktime":1305,"taken":33577,"name":"carinn","totalPoints":3935341,"rank":47,"id":117795,"place":956,"uniqueZonesTaken":2026,"region":{"name":"Västmanland","id":143}},"time":"2021-11-15T11:44:13+0000","message":"skäggfar: Yes! Jag är blockad på Oakmountain. Sen StatusQuo och No tennisforyou. Något du behöver?","region":{"name":"Västmanland","id":143},"type":"chat"},{"medal":94,"time":"2021-11-15T11:43:35+0000","type":"medal","user":{"country":"se","medals":[94],"zones":[11749,154232,48735],"pointsPerHour":0,"points":562,"blocktime":630,"taken":4,"name":"Oliver00","totalPoints":562,"rank":2,"id":351942,"place":5538,"uniqueZonesTaken":4,"region":{"name":"Gotland","id":138}}},{"medal":11,"time":"2021-11-15T11:42:42+0000","type":"medal","user":{"country":"uk","medals":[80,94,86,101,11],"zones":[64403],"pointsPerHour":0,"points":6982,"blocktime":750,"taken":85,"name":"bigabee10","totalPoints":16958,"rank":10,"id":349833,"place":5537,"uniqueZonesTaken":50,"region":{"name":"Scotland","id":200}}},{"sender":{"country":"se","medals":[77,79,16,68,72,70,83,67,75,21,68,91,4,30,68,117,68,24,68,17,116,68,24,27,124,107,126,24,68,24,118,24,26,120,76,45,17,81,2,69,68,129],"zones":[],"pointsPerHour":0,"points":59536,"blocktime":1455,"taken":95821,"name":"skäggfar","totalPoints":13614011,"rank":57,"id":159086,"place":198,"uniqueZonesTaken":8619,"region":{"name":"Västmanland","id":143}},"time":"2021-11-15T11:42:40+0000","message":"carinn: bakvänd gurka?","region":{"name":"Västmanland","id":143},"type":"chat"},{"medal":77,"time":"2021-11-15T11:40:29+0000","type":"medal","user":{"country":"se","medals":[55,46,10,12,94,34,16,127,27,101,79,77],"zones":[12416,48449,114882,66052,47621,179844,136004,179845,59594,8651,169302,27925,44566,3161,204382,204381,148706,178272,21866,21867,21868,79291,79293,79292,79294],"pointsPerHour":0,"points":44510,"blocktime":1080,"taken":1911,"name":"SallyR","totalPoints":412324,"rank":32,"id":329873,"place":5537,"uniqueZonesTaken":242,"region":{"name":"Västerbotten","id":127}}}]