[{"sender":{"country":"se","medals":[94,28,55,7,14,4,5,35,70,67,122,47,16,77,106,79,127],"zones":[96337,1040,179639,46778,319528,50205,432408],"pointsPerHour":17,"points":11003,"blocktime":1125,"taken":4388,"name":"IrenePanik","totalPoints":740757,"rank":35,"id":292165,"place":1825,"uniqueZonesTaken":738,"region":{"name":"Östergötland","id":139}},"time":"2021-11-15T11:20:41+0000","message":"Beriut : vilken väg har ni tänkt ta? Jag går och tänkte jobba mig tillbaka mot mirum 😏","region":{"name":"Östergötland","id":139},"type":"chat"},{"medal":86,"time":"2021-11-15T11:18:25+0000","type":"medal","user":{"country":"uk","medals":[93,92,51,86],"zones":[320881,320897,320882,320883,318905],"pointsPerHour":0,"points":789,"blocktime":720,"taken":50,"name":"venture1","totalPoints":10760,"rank":8,"id":289148,"place":5533,"uniqueZonesTaken":36,"region":{"name":"Scotland","id":200}}},{"medal":92,"time":"2021-11-15T11:16:32+0000","type":"medal","user":{"country":"se","medals":[51,85,92],"zones":[189123,179200,346432,222150,412448,475247,21613,92942,139634,153813,504,460733,404923,114812,17182],"pointsPerHour":0,"points":3627,"blocktime":690,"taken":15,"name":"karranmarg","totalPoints":3627,"rank":6,"id":351864,"place":5532,"uniqueZonesTaken":15,"region":{"name":"Västra Götaland","id":132}}}]