[{"medal":86,"time":"2023-04-04T08:44:12+0000","type":"medal","user":{"country":"uk","medals":[92,52,86],"zones":[169120,169121,476626,358224,169124,358223,358222,358219,358218],"pointsPerHour":0,"points":2270,"blocktime":750,"taken":50,"name":"TartanTurf","totalPoints":15069,"rank":10,"id":387251,"place":4110,"uniqueZonesTaken":37,"region":{"name":"Scotland","id":200}}},{"medal":80,"time":"2023-04-04T08:42:09+0000","type":"medal","user":{"country":"se","medals":[95,84,80],"zones":[3362,33330,24375,11757,14478],"pointsPerHour":0,"points":953,"blocktime":645,"taken":9,"name":"Sammi-King","totalPoints":953,"rank":3,"id":387815,"place":4110,"uniqueZonesTaken":9,"region":{"name":"Gotland","id":138}}},{"medal":80,"time":"2023-04-04T08:41:00+0000","type":"medal","user":{"country":"se","medals":[93,84,80],"zones":[41809,94080,1542,23254,24394],"pointsPerHour":0,"points":961,"blocktime":645,"taken":6,"name":"Josef_E","totalPoints":961,"rank":3,"id":387745,"place":4111,"uniqueZonesTaken":5,"region":{"name":"Västra Götaland","id":132}}},{"medal":80,"time":"2023-04-04T08:39:36+0000","type":"medal","user":{"country":"se","medals":[93,84,80],"zones":[41810,20490,41802,41804,153630],"pointsPerHour":0,"points":1050,"blocktime":645,"taken":6,"name":"oliverwolrath","totalPoints":1050,"rank":3,"id":387825,"place":4111,"uniqueZonesTaken":6,"region":{"name":"Västra Götaland","id":132}}},{"medal":80,"time":"2023-04-04T08:38:31+0000","type":"medal","user":{"country":"se","medals":[80,84],"zones":[13264,41811,1544,1545,22142],"pointsPerHour":0,"points":821,"blocktime":645,"taken":5,"name":"Märtaskogis","totalPoints":821,"rank":3,"id":387816,"place":4111,"uniqueZonesTaken":5,"region":{"name":"Västra Götaland","id":132}}},{"medal":84,"time":"2023-04-04T08:38:31+0000","type":"medal","user":{"country":"se","medals":[80,84],"zones":[13264,41811,1544,1545,22142],"pointsPerHour":0,"points":821,"blocktime":645,"taken":5,"name":"Märtaskogis","totalPoints":821,"rank":3,"id":387816,"place":4111,"uniqueZonesTaken":5,"region":{"name":"Västra Götaland","id":132}}}]