[{"medal":93,"time":"2023-04-04T15:43:45+0000","type":"medal","user":{"country":"se","medals":[80,85,93],"zones":[644,9546],"pointsPerHour":0,"points":2539,"blocktime":675,"taken":15,"name":"gullsby","totalPoints":2539,"rank":5,"id":387785,"place":4358,"uniqueZonesTaken":13,"region":{"name":"Gävleborg","id":144}}},{"medal":42,"time":"2023-04-04T15:42:02+0000","type":"medal","user":{"country":"se","medals":[93,100,53,90,16,12,42],"zones":[129828,277,431883],"pointsPerHour":0,"points":1414,"blocktime":885,"taken":250,"name":"Ullis_T","totalPoints":86792,"rank":19,"id":384786,"place":4356,"uniqueZonesTaken":142,"region":{"name":"Stockholm","id":141}}},{"medal":34,"time":"2023-04-04T15:40:26+0000","type":"medal","user":{"country":"se","medals":[6,79,95,102,46,10,54,13,4,34],"zones":[16848,542911],"pointsPerHour":0,"points":1838,"blocktime":1005,"taken":1000,"name":"VanonV2","totalPoints":222706,"rank":27,"id":335816,"place":4356,"uniqueZonesTaken":326,"region":{"name":"Halland","id":134}}},{"medal":32,"time":"2023-04-04T15:37:46+0000","type":"medal","user":{"country":"fi","medals":[16,11,54,32],"zones":[143553,116808,136139,178894,218894,178892,178893,218899,218898,218897,218903,317840,63508,218902,80724,63509,218900,155418,462174,133915,218904,181209,95004,11102,91679,155420,135846,61220,133351,135847,61478,91881,61481,566373,92659,138551,132858,132859,132856,135992,132862,63932,132863,132860,132861,109438,135997],"pointsPerHour":0,"points":16124,"blocktime":780,"taken":100,"name":"Jebuli","totalPoints":24238,"rank":12,"id":387371,"place":4355,"uniqueZonesTaken":71,"region":{"name":"Lounais-Suomi","id":184}}}]