[{"sender":{"country":"se","medals":[16,67,24,9,21,58,68,70,24,24,24,72,24,75,24,17,24,77,113,24,24,79,117,66,24,50,24,24,4,24,126,83,124,24,115,17,109,24,24,24,132,89,24,17,24],"zones":[146375,9384,1003,55788,1004,126255,93775,20690,11860,164698,117851,236191,136351,220381,220380,488696,9087],"pointsPerHour":74,"points":78814,"blocktime":1380,"taken":55143,"name":"inda7","totalPoints":6620810,"rank":52,"id":61103,"place":529,"uniqueZonesTaken":3471,"region":{"name":"Västerbotten","id":127}},"time":"2023-07-18T15:59:06+0000","message":"KungTroll:Zonen UmeBeach","region":{"name":"Västerbotten","id":127},"type":"chat"},{"medal":51,"time":"2023-07-18T15:53:20+0000","type":"medal","user":{"country":"fi","medals":[51,85],"zones":[62048,241489,159700,116856,93176,353358,25435,96010,233421,65487],"pointsPerHour":0,"points":1797,"blocktime":660,"taken":10,"name":"Flisarn","totalPoints":1797,"rank":4,"id":399708,"place":7014,"uniqueZonesTaken":10,"region":{"name":"Lounais-Suomi","id":184}}},{"medal":85,"time":"2023-07-18T15:53:20+0000","type":"medal","user":{"country":"fi","medals":[51,85],"zones":[62048,241489,159700,116856,93176,353358,25435,96010,233421,65487],"pointsPerHour":0,"points":1797,"blocktime":660,"taken":10,"name":"Flisarn","totalPoints":1797,"rank":4,"id":399708,"place":7014,"uniqueZonesTaken":10,"region":{"name":"Lounais-Suomi","id":184}}}]