[{"medal":85,"time":"2023-07-17T17:45:26+0000","type":"medal","user":{"country":"fi","medals":[80,85],"zones":[9856,9857,46866,18114,14755,9859,14756,14758,14759],"pointsPerHour":0,"points":1952,"blocktime":675,"taken":10,"name":"ktskyper","totalPoints":1952,"rank":5,"id":399613,"place":6906,"uniqueZonesTaken":10,"region":{"name":"Länsi- ja Sisä-Suomi","id":186}}},{"medal":32,"time":"2023-07-17T17:39:44+0000","type":"medal","user":{"country":"se","medals":[93,52,90,11,32],"zones":[11650,425954,7750,202388,24183,712,17548],"pointsPerHour":0,"points":12508,"blocktime":735,"taken":100,"name":"Voodoofish","totalPoints":12508,"rank":9,"id":399466,"place":6904,"uniqueZonesTaken":66,"region":{"name":"Västmanland","id":143}}}]