[{"medal":90,"time":"2023-07-18T17:10:06+0000","type":"medal","user":{"country":"se","medals":[92,51,31,100,94,90],"zones":[1459,7286,7277],"pointsPerHour":0,"points":6475,"blocktime":705,"taken":36,"name":"Leleturf","totalPoints":7488,"rank":7,"id":386817,"place":7023,"uniqueZonesTaken":30,"region":{"name":"Dalarna","id":129}}},{"medal":51,"time":"2023-07-18T17:06:31+0000","type":"medal","user":{"country":"fi","medals":[51,85],"zones":[10755,9828,10756,10758,134965,10423,224410,9754,146460,551158],"pointsPerHour":0,"points":2271,"blocktime":675,"taken":10,"name":"bolm","totalPoints":2271,"rank":5,"id":399664,"place":7022,"uniqueZonesTaken":10,"region":{"name":"Etelä-Suomi","id":185}}},{"medal":85,"time":"2023-07-18T17:06:31+0000","type":"medal","user":{"country":"fi","medals":[51,85],"zones":[10755,9828,10756,10758,134965,10423,224410,9754,146460,551158],"pointsPerHour":0,"points":2271,"blocktime":675,"taken":10,"name":"bolm","totalPoints":2271,"rank":5,"id":399664,"place":7022,"uniqueZonesTaken":10,"region":{"name":"Etelä-Suomi","id":185}}}]