[{"medal":84,"time":"2021-06-14T09:13:40+0000","type":"medal","user":{"country":"se","medals":[80,84],"zones":[176289,224022,155445,13482,25163],"pointsPerHour":0,"points":597,"blocktime":10,"taken":5,"name":"ellepelle321","totalPoints":597,"rank":2,"id":334547,"place":6455,"uniqueZonesTaken":5,"region":{"name":"Stockholm","id":141}}},{"medal":80,"time":"2021-06-14T09:13:40+0000","type":"medal","user":{"country":"se","medals":[80,84],"zones":[176289,224022,155445,13482,25163],"pointsPerHour":0,"points":597,"blocktime":10,"taken":5,"name":"ellepelle321","totalPoints":597,"rank":2,"id":334547,"place":6455,"uniqueZonesTaken":5,"region":{"name":"Stockholm","id":141}}},{"medal":84,"time":"2021-06-14T09:08:21+0000","type":"medal","user":{"country":"se","medals":[80,84],"zones":[141494,24389,27979,23723,24734],"pointsPerHour":0,"points":639,"blocktime":10,"taken":5,"name":"magdalena8C","totalPoints":639,"rank":2,"id":334518,"place":6453,"uniqueZonesTaken":5,"region":{"name":"Västra Götaland","id":132}}},{"medal":80,"time":"2021-06-14T09:08:21+0000","type":"medal","user":{"country":"se","medals":[80,84],"zones":[141494,24389,27979,23723,24734],"pointsPerHour":0,"points":639,"blocktime":10,"taken":5,"name":"magdalena8C","totalPoints":639,"rank":2,"id":334518,"place":6453,"uniqueZonesTaken":5,"region":{"name":"Västra Götaland","id":132}}}]