[{"country":"se","sender":{"country":"se","medals":[70,77,22,16,7,4,57,79,48,15,72,126,67,5,107,124,27,38,96],"zones":[55873,61734,90278,42728,48458,138952,48461,96588,153644,236012,211163,69848,323256,211165],"pointsPerHour":37,"points":26860,"blocktime":21,"taken":12313,"name":"iras","totalPoints":2702036,"rank":45,"id":227773,"place":878,"uniqueZonesTaken":2247,"region":{"name":"Jönköping","id":133}},"time":"2021-06-13T17:14:47+0000","message":"Karut: Heja på!😍","type":"chat"},{"sender":{"country":"se","medals":[16,67,70,4,22,27,9,79,77,83,75,24,62,64,72,60,26,68,17,116,117,91,25,30,76,109,24,50,17,49,123,126,118],"zones":[26691,24644,24489,65608,136232,115566,94129,171634,171571,115568,171632,171636,44183,171637,43674,27738,92027,154172],"pointsPerHour":24,"points":31798,"blocktime":24,"taken":77115,"name":"trulsa","totalPoints":12809657,"rank":56,"id":113672,"place":695,"uniqueZonesTaken":3179,"region":{"name":"Värmland","id":130}},"time":"2021-06-13T17:14:35+0000","message":"simpson: heja heja 🤗","region":{"name":"Värmland","id":130},"type":"chat"},{"sender":{"country":"se","medals":[70,77,22,16,7,4,57,79,48,15,72,126,67,5,107,124,27,38,96],"zones":[55873,61734,90278,42728,48458,138952,48461,96588,153644,236012,211163,69848,323256,211165],"pointsPerHour":37,"points":26860,"blocktime":21,"taken":12313,"name":"iras","totalPoints":2702036,"rank":45,"id":227773,"place":878,"uniqueZonesTaken":2247,"region":{"name":"Jönköping","id":133}},"time":"2021-06-13T17:14:14+0000","message":"Karut: Heja på! 😍","region":{"name":"Jönköping","id":133},"type":"chat"},{"medal":31,"time":"2021-06-13T17:09:10+0000","type":"medal","user":{"country":"se","medals":[51,92,31],"zones":[42744,44184,44185,37497,80829,11997,80831,2030,27726,2031],"pointsPerHour":0,"points":4644,"blocktime":11,"taken":25,"name":"mokisen","totalPoints":4644,"rank":6,"id":334098,"place":6357,"uniqueZonesTaken":17,"region":{"name":"Södermanland","id":140}}}]