[{"medal":31,"time":"2021-06-14T09:19:02+0000","type":"medal","user":{"country":"se","medals":[93,80,100,31],"zones":[33168,136177,126772,179173,33432,33166,45726],"pointsPerHour":0,"points":3498,"blocktime":11,"taken":27,"name":"Rasmus224","totalPoints":3498,"rank":5,"id":334470,"place":6455,"uniqueZonesTaken":14,"region":{"name":"Örebro","id":131}}},{"sender":{"country":"se","medals":[5,16,46,70,67,57,10,79,17,37,17,116,7,107,126,15,122],"zones":[],"pointsPerHour":0,"points":5648,"blocktime":20,"taken":9792,"name":"Ellis88","totalPoints":1771299,"rank":42,"id":64983,"place":2810,"uniqueZonesTaken":1044,"region":{"name":"Örebro","id":131}},"time":"2021-06-14T09:17:49+0000","message":"TurfNeta: hej va gör du idag?","region":{"name":"Södermanland","id":140},"type":"chat"},{"sender":{"country":"se","medals":[5,17,9,24,63,67,6,13,16,28,47,56,35,70,71,126],"zones":[111153,7348],"pointsPerHour":6,"points":315,"blocktime":19,"taken":4843,"name":"iostream","totalPoints":908627,"rank":37,"id":404,"place":5389,"uniqueZonesTaken":438,"region":{"name":"Stockholm","id":141}},"time":"2021-06-14T09:15:56+0000","message":"turf!","region":{"name":"Stockholm","id":141},"type":"chat"},{"medal":85,"time":"2021-06-14T09:15:31+0000","type":"medal","user":{"country":"se","medals":[80,85],"zones":[20704,408210,109447,109531,355582],"pointsPerHour":0,"points":686,"blocktime":11,"taken":10,"name":"emelie.engs","totalPoints":1451,"rank":4,"id":315033,"place":6455,"uniqueZonesTaken":8,"region":{"name":"Stockholm","id":141}}},{"medal":84,"time":"2021-06-14T09:13:40+0000","type":"medal","user":{"country":"se","medals":[80,84],"zones":[176289,224022,155445,13482,25163],"pointsPerHour":0,"points":597,"blocktime":10,"taken":5,"name":"ellepelle321","totalPoints":597,"rank":2,"id":334547,"place":6455,"uniqueZonesTaken":5,"region":{"name":"Stockholm","id":141}}},{"medal":80,"time":"2021-06-14T09:13:40+0000","type":"medal","user":{"country":"se","medals":[80,84],"zones":[176289,224022,155445,13482,25163],"pointsPerHour":0,"points":597,"blocktime":10,"taken":5,"name":"ellepelle321","totalPoints":597,"rank":2,"id":334547,"place":6455,"uniqueZonesTaken":5,"region":{"name":"Stockholm","id":141}}}]