[{"medal":84,"time":"2021-06-12T17:30:41+0000","type":"medal","user":{"country":"se","medals":[84],"zones":[319205,141581],"pointsPerHour":0,"points":929,"blocktime":10,"taken":5,"name":"Lillgussie","totalPoints":929,"rank":3,"id":320571,"place":6185,"uniqueZonesTaken":3,"region":{"name":"Gävleborg","id":144}}},{"medal":85,"time":"2021-06-12T17:29:14+0000","type":"medal","user":{"country":"se","medals":[94,85],"zones":[83252],"pointsPerHour":0,"points":170,"blocktime":11,"taken":10,"name":"MaxtheCat","totalPoints":2264,"rank":5,"id":279208,"place":6184,"uniqueZonesTaken":9,"region":{"name":"Västra Götaland","id":132}}},{"medal":51,"time":"2021-06-12T17:21:42+0000","type":"medal","user":{"country":"se","medals":[92,100,94,86,51],"zones":[11616,915,7876,8070,823,23932,1068,31725,42093,2991],"pointsPerHour":0,"points":4169,"blocktime":12,"taken":60,"name":"wildflower","totalPoints":14297,"rank":9,"id":306698,"place":6183,"uniqueZonesTaken":30,"region":{"name":"Jönköping","id":133}}}]