[{"sender":{"country":"se","medals":[5,67,27,70,16,93,57,28,4,47,122,79,14,77,41,100,132],"zones":[37538,147172,7431,147173,25165,8397,114892,8398,25166,25167,114894,135789,752,159699,93200,185302,155446,78431],"pointsPerHour":74,"points":4973,"blocktime":22,"taken":27353,"name":"αNight\u20acndDayω","totalPoints":6082305,"rank":51,"id":254091,"place":657,"uniqueZonesTaken":571,"region":{"name":"Stockholm","id":141}},"time":"2022-10-03T07:11:04+0000","message":"Gallant: Who's paying you?","type":"chat"},{"medal":33,"time":"2022-10-03T07:08:04+0000","type":"medal","user":{"country":"se","medals":[54,90,12,33],"zones":[349668,15543,485167,15544,92858,209455,209453,95567],"pointsPerHour":0,"points":1795,"blocktime":16,"taken":500,"name":"Zylia","totalPoints":178149,"rank":24,"id":366644,"place":4070,"uniqueZonesTaken":118,"region":{"name":"Skåne","id":135}}},{"medal":80,"time":"2022-10-03T07:07:02+0000","type":"medal","user":{"country":"se","medals":[84,80],"zones":[49121,21602,21603,349224,31327],"pointsPerHour":0,"points":779,"blocktime":10,"taken":6,"name":"Shoseta","totalPoints":779,"rank":3,"id":379229,"place":4070,"uniqueZonesTaken":6,"region":{"name":"Uppsala","id":142}}}]