[{"medal":95,"time":"2022-10-03T08:31:06+0000","type":"medal","user":{"country":"se","medals":[95],"zones":[],"pointsPerHour":0,"points":125,"blocktime":10,"taken":1,"name":"Livaxe","totalPoints":125,"rank":0,"id":379358,"place":4155,"uniqueZonesTaken":1,"region":{"name":"Västerbotten","id":127}}},{"medal":95,"time":"2022-10-03T08:31:06+0000","type":"medal","user":{"country":"se","medals":[95],"zones":[],"pointsPerHour":0,"points":125,"blocktime":10,"taken":1,"name":"Veraa","totalPoints":125,"rank":0,"id":379355,"place":4155,"uniqueZonesTaken":1,"region":{"name":"Västerbotten","id":127}}},{"medal":95,"time":"2022-10-03T08:31:06+0000","type":"medal","user":{"country":"se","medals":[95],"zones":[],"pointsPerHour":0,"points":125,"blocktime":10,"taken":1,"name":"Lovisari","totalPoints":125,"rank":0,"id":379359,"place":4155,"uniqueZonesTaken":1,"region":{"name":"Västerbotten","id":127}}},{"medal":7,"time":"2022-10-03T08:29:39+0000","type":"medal","user":{"country":"nl","medals":[16,77,93,100,79,70,57,34,46,14,10,7],"zones":[2107,116061],"pointsPerHour":0,"points":487,"blocktime":19,"taken":1465,"name":"TheBadWolf","totalPoints":815083,"rank":36,"id":304790,"place":4153,"uniqueZonesTaken":667,"region":{"name":"Zeeland","id":113}}},{"medal":80,"time":"2022-10-03T08:29:21+0000","type":"medal","user":{"country":"se","medals":[84,80],"zones":[326998,31891,488800,64653,60525],"pointsPerHour":0,"points":1153,"blocktime":11,"taken":7,"name":"Sövve","totalPoints":1764,"rank":4,"id":378208,"place":4153,"uniqueZonesTaken":6,"region":{"name":"Skåne","id":135}}},{"medal":117,"time":"2022-10-03T08:25:38+0000","type":"medal","user":{"country":"se","medals":[93,46,127,79,12,70,54,101,77,34,28,117],"zones":[25258,7469,63198],"pointsPerHour":0,"points":4360,"blocktime":16,"taken":1059,"name":"Fagersten71","totalPoints":165122,"rank":24,"id":369606,"place":4151,"uniqueZonesTaken":139,"region":{"name":"Örebro","id":131}}}]