[{"medal":85,"time":"2022-10-03T09:16:43+0000","type":"medal","user":{"country":"se","medals":[80,85],"zones":[7890,11429,11430,21735,7885],"pointsPerHour":0,"points":828,"blocktime":11,"taken":10,"name":"Loke25","totalPoints":1493,"rank":4,"id":349141,"place":4211,"uniqueZonesTaken":9,"region":{"name":"Jönköping","id":133}}},{"medal":80,"time":"2022-10-03T09:16:37+0000","type":"medal","user":{"country":"se","medals":[84,80],"zones":[7890,11429,11430,21735],"pointsPerHour":0,"points":828,"blocktime":11,"taken":10,"name":"Loke25","totalPoints":1493,"rank":4,"id":349141,"place":4211,"uniqueZonesTaken":9,"region":{"name":"Jönköping","id":133}}},{"medal":31,"time":"2022-10-03T09:15:49+0000","type":"medal","user":{"country":"se","medals":[80,92,31],"zones":[355,16900,29017,764,2988],"pointsPerHour":0,"points":1099,"blocktime":11,"taken":25,"name":"Almaekberg","totalPoints":3723,"rank":6,"id":349133,"place":4209,"uniqueZonesTaken":22,"region":{"name":"Jönköping","id":133}}},{"medal":84,"time":"2022-10-03T09:15:43+0000","type":"medal","user":{"country":"se","medals":[80,84],"zones":[1106,62307,12469,21736,24888],"pointsPerHour":0,"points":662,"blocktime":10,"taken":5,"name":"minutvisaren","totalPoints":662,"rank":2,"id":379384,"place":4209,"uniqueZonesTaken":5,"region":{"name":"Jönköping","id":133}}},{"medal":80,"time":"2022-10-03T09:15:43+0000","type":"medal","user":{"country":"se","medals":[80,84],"zones":[1106,62307,12469,21736,24888],"pointsPerHour":0,"points":662,"blocktime":10,"taken":5,"name":"minutvisaren","totalPoints":662,"rank":2,"id":379384,"place":4209,"uniqueZonesTaken":5,"region":{"name":"Jönköping","id":133}}},{"medal":93,"time":"2022-10-03T09:13:25+0000","type":"medal","user":{"country":"se","medals":[93],"zones":[],"pointsPerHour":0,"points":125,"blocktime":10,"taken":1,"name":"Anniie","totalPoints":125,"rank":0,"id":379417,"place":4207,"uniqueZonesTaken":1,"region":{"name":"Västerbotten","id":127}}},{"medal":31,"time":"2022-10-03T09:13:19+0000","type":"medal","user":{"country":"se","medals":[51,92,31],"zones":[114473,114475,114474,93773,403563,7248,91731,178384,178385,7252,206359,7253,206361,95069,95070,488632],"pointsPerHour":0,"points":4414,"blocktime":11,"taken":25,"name":"ekkepekke","totalPoints":5475,"rank":6,"id":379187,"place":4206,"uniqueZonesTaken":19,"region":{"name":"Västerbotten","id":127}}},{"medal":84,"time":"2022-10-03T09:12:43+0000","type":"medal","user":{"country":"se","medals":[84],"zones":[154023,154025],"pointsPerHour":0,"points":345,"blocktime":10,"taken":5,"name":"Elliotg","totalPoints":860,"rank":3,"id":348492,"place":4206,"uniqueZonesTaken":4,"region":{"name":"Stockholm","id":141}}},{"medal":93,"time":"2022-10-03T09:12:43+0000","type":"medal","user":{"country":"se","medals":[93],"zones":[],"pointsPerHour":0,"points":140,"blocktime":10,"taken":1,"name":"Aashir1","totalPoints":140,"rank":0,"id":379406,"place":4206,"uniqueZonesTaken":1,"region":{"name":"Stockholm","id":141}}},{"medal":85,"time":"2022-10-03T09:08:34+0000","type":"medal","user":{"country":"se","medals":[80,93,85],"zones":[7906,2983,2283],"pointsPerHour":0,"points":487,"blocktime":11,"taken":11,"name":"Emmy_EJ","totalPoints":1572,"rank":4,"id":349124,"place":4204,"uniqueZonesTaken":11,"region":{"name":"Jönköping","id":133}}}]