[{"sender":{"country":"se","medals":[],"zones":[],"pointsPerHour":0,"points":0,"blocktime":10,"taken":0,"name":"Splauder","totalPoints":0,"rank":0,"id":379696,"place":4447,"uniqueZonesTaken":0},"time":"2022-10-03T11:57:34+0000","message":"E","type":"chat"},{"country":"se","sender":{"country":"se","medals":[],"zones":[],"pointsPerHour":0,"points":0,"blocktime":10,"taken":0,"name":"Infra-Slime","totalPoints":0,"rank":0,"id":379605,"place":4447,"uniqueZonesTaken":0},"time":"2022-10-03T11:57:17+0000","message":"e","type":"chat"},{"medal":11,"time":"2022-10-03T11:55:50+0000","type":"medal","user":{"country":"uk","medals":[53,32,10,77,11],"zones":[406436,393568,406433,478447,361609,361611,361610,393559,408242,388722,393567,496382],"pointsPerHour":0,"points":4266,"blocktime":13,"taken":214,"name":"Watty124","totalPoints":49446,"rank":15,"id":372027,"place":4444,"uniqueZonesTaken":50,"region":{"name":"Scotland","id":200}}},{"medal":80,"time":"2022-10-03T11:55:08+0000","type":"medal","user":{"country":"se","medals":[94,84,80],"zones":[29264,26523,26524,29262,141565],"pointsPerHour":0,"points":857,"blocktime":10,"taken":6,"name":"gsoninga","totalPoints":857,"rank":3,"id":379636,"place":4444,"uniqueZonesTaken":6,"region":{"name":"Stockholm","id":141}}},{"medal":84,"time":"2022-10-03T11:52:29+0000","type":"medal","user":{"country":"se","medals":[80,84],"zones":[64905,194779,94157,11964,399515],"pointsPerHour":0,"points":865,"blocktime":10,"taken":5,"name":"rivally","totalPoints":865,"rank":3,"id":379656,"place":4439,"uniqueZonesTaken":5,"region":{"name":"Skåne","id":135}}},{"medal":80,"time":"2022-10-03T11:52:29+0000","type":"medal","user":{"country":"se","medals":[80,84],"zones":[64905,194779,94157,11964,399515],"pointsPerHour":0,"points":865,"blocktime":10,"taken":5,"name":"rivally","totalPoints":865,"rank":3,"id":379656,"place":4439,"uniqueZonesTaken":5,"region":{"name":"Skåne","id":135}}}]