[{"medal":84,"time":"2022-10-04T15:03:35+0000","type":"medal","user":{"country":"se","medals":[84],"zones":[8337,455922,26858],"pointsPerHour":0,"points":736,"blocktime":10,"taken":5,"name":"JN21Rödsle9B","totalPoints":736,"rank":3,"id":379586,"place":5201,"uniqueZonesTaken":5,"region":{"name":"Kalmar","id":137}}},{"sender":{"country":"se","medals":[79,16,72,59,5,66,26,27,70,126,4,107,124,22,75,77,89,50,131,17,116],"zones":[7939,7558,7242,7563,22795,30859,7243,6924,516425,296916,296917,115860,43734,33689,33697,47009,481,9506,47010,11620,47013,47014,61031,33259,33840,8178,33843,224560,33844,8437,33846,22777,115259,22779,22780,138876],"pointsPerHour":243,"points":15697,"blocktime":23,"taken":61481,"name":"Promethus","totalPoints":10711996,"rank":55,"id":201400,"place":400,"uniqueZonesTaken":3069,"region":{"name":"Uppsala","id":142}},"time":"2022-10-04T15:00:45+0000","message":"Mankis: Tack😀","region":{"name":"Uppsala","id":142},"type":"chat"},{"medal":108,"time":"2022-10-04T14:56:36+0000","type":"medal","user":{"country":"se","medals":[28,22,70,13,122,48,95,77,35,54,78,108],"zones":[],"pointsPerHour":0,"points":24662,"blocktime":17,"taken":3057,"name":"kurrep2","totalPoints":365669,"rank":31,"id":369006,"place":5197,"uniqueZonesTaken":292,"region":{"name":"Kalmar","id":137}}}]