[{"sender":{"country":"se","medals":[78,126,100,77,24,13,55,16,130,24,112,38],"zones":[52482,7394,28423,490445,9484,26700,45678,45679,25587,25588,17174,141497,26683],"pointsPerHour":29,"points":9062,"blocktime":20,"taken":10551,"name":"bonna","totalPoints":2338941,"rank":43,"id":254021,"place":779,"uniqueZonesTaken":390,"region":{"name":"Västra Götaland","id":132}},"time":"2022-10-04T11:58:43+0000","message":"cre8or:","region":{"name":"Västra Götaland","id":132},"type":"chat"},{"sender":{"country":"se","medals":[78,126,100,77,24,13,55,16,130,24,112,38],"zones":[52482,7394,28423,490445,9484,26700,45678,45679,25587,25588,17174,141497,26683],"pointsPerHour":29,"points":9062,"blocktime":20,"taken":10551,"name":"bonna","totalPoints":2338941,"rank":43,"id":254021,"place":779,"uniqueZonesTaken":390,"region":{"name":"Västra Götaland","id":132}},"time":"2022-10-04T11:58:42+0000","message":"Caisesiume:","region":{"name":"Västra Götaland","id":132},"type":"chat"},{"sender":{"country":"se","medals":[78,126,100,77,24,13,55,16,130,24,112,38],"zones":[52482,7394,28423,490445,9484,26700,45678,45679,25587,25588,17174,141497,26683],"pointsPerHour":29,"points":9061,"blocktime":20,"taken":10551,"name":"bonna","totalPoints":2338940,"rank":43,"id":254021,"place":779,"uniqueZonesTaken":390,"region":{"name":"Västra Götaland","id":132}},"time":"2022-10-04T11:56:54+0000","message":"Caisesiume: ki","region":{"name":"Västra Götaland","id":132},"type":"chat"},{"country":"se","sender":{"country":"se","medals":[78,126,100,77,24,13,55,16,130,24,112,38],"zones":[52482,7394,28423,490445,9484,26700,45678,45679,25587,25588,17174,141497,26683],"pointsPerHour":29,"points":9061,"blocktime":20,"taken":10551,"name":"bonna","totalPoints":2338940,"rank":43,"id":254021,"place":779,"uniqueZonesTaken":390,"region":{"name":"Västra Götaland","id":132}},"time":"2022-10-04T11:56:42+0000","message":"DiddeR:","type":"chat"},{"country":"se","sender":{"country":"se","medals":[78,126,100,77,24,13,55,16,130,24,112,38],"zones":[52482,7394,28423,490445,9484,26700,45678,45679,25587,25588,17174,141497,26683],"pointsPerHour":29,"points":9061,"blocktime":20,"taken":10551,"name":"bonna","totalPoints":2338940,"rank":43,"id":254021,"place":779,"uniqueZonesTaken":390,"region":{"name":"Västra Götaland","id":132}},"time":"2022-10-04T11:56:34+0000","message":"Räserräkan:","type":"chat"},{"country":"se","sender":{"country":"se","medals":[78,126,100,77,24,13,55,16,130,24,112,38],"zones":[52482,7394,28423,490445,9484,26700,45678,45679,25587,25588,17174,141497,26683],"pointsPerHour":29,"points":9061,"blocktime":20,"taken":10551,"name":"bonna","totalPoints":2338940,"rank":43,"id":254021,"place":779,"uniqueZonesTaken":390,"region":{"name":"Västra Götaland","id":132}},"time":"2022-10-04T11:56:26+0000","message":"bonna:","type":"chat"},{"country":"se","sender":{"country":"se","medals":[78,126,100,77,24,13,55,16,130,24,112,38],"zones":[52482,7394,28423,490445,9484,26700,45678,45679,25587,25588,17174,141497,26683],"pointsPerHour":29,"points":9060,"blocktime":20,"taken":10551,"name":"bonna","totalPoints":2338940,"rank":43,"id":254021,"place":779,"uniqueZonesTaken":390,"region":{"name":"Västra Götaland","id":132}},"time":"2022-10-04T11:56:22+0000","message":"jeZUZ:","type":"chat"},{"country":"se","sender":{"country":"se","medals":[78,126,100,77,24,13,55,16,130,24,112,38],"zones":[52482,7394,28423,490445,9484,26700,45678,45679,25587,25588,17174,141497,26683],"pointsPerHour":29,"points":9060,"blocktime":20,"taken":10551,"name":"bonna","totalPoints":2338940,"rank":43,"id":254021,"place":779,"uniqueZonesTaken":390,"region":{"name":"Västra Götaland","id":132}},"time":"2022-10-04T11:56:20+0000","message":"DiddeR:","type":"chat"},{"country":"se","sender":{"country":"se","medals":[78,126,100,77,24,13,55,16,130,24,112,38],"zones":[52482,7394,28423,490445,9484,26700,45678,45679,25587,25588,17174,141497,26683],"pointsPerHour":29,"points":9060,"blocktime":20,"taken":10551,"name":"bonna","totalPoints":2338940,"rank":43,"id":254021,"place":779,"uniqueZonesTaken":390,"region":{"name":"Västra Götaland","id":132}},"time":"2022-10-04T11:56:12+0000","message":"OmairNawab:","type":"chat"},{"country":"se","sender":{"country":"se","medals":[78,126,100,77,24,13,55,16,130,24,112,38],"zones":[52482,7394,28423,490445,9484,26700,45678,45679,25587,25588,17174,141497,26683],"pointsPerHour":29,"points":9060,"blocktime":20,"taken":10551,"name":"bonna","totalPoints":2338940,"rank":43,"id":254021,"place":778,"uniqueZonesTaken":390,"region":{"name":"Västra Götaland","id":132}},"time":"2022-10-04T11:55:58+0000","message":"Räserräkan:","type":"chat"},{"medal":84,"time":"2022-10-04T11:55:53+0000","type":"medal","user":{"country":"se","medals":[84],"zones":[22160,17563,34621],"pointsPerHour":0,"points":799,"blocktime":10,"taken":5,"name":"pijo58","totalPoints":799,"rank":3,"id":379184,"place":5084,"uniqueZonesTaken":4,"region":{"name":"Östergötland","id":139}}},{"country":"se","sender":{"country":"se","medals":[78,126,100,77,24,13,55,16,130,24,112,38],"zones":[52482,7394,28423,490445,9484,26700,45678,45679,25587,25588,17174,141497,26683],"pointsPerHour":29,"points":9060,"blocktime":20,"taken":10551,"name":"bonna","totalPoints":2338940,"rank":43,"id":254021,"place":778,"uniqueZonesTaken":390,"region":{"name":"Västra Götaland","id":132}},"time":"2022-10-04T11:55:52+0000","message":"Ollena21b:","type":"chat"},{"country":"se","sender":{"country":"se","medals":[78,126,100,77,24,13,55,16,130,24,112,38],"zones":[52482,7394,28423,490445,9484,26700,45678,45679,25587,25588,17174,141497,26683],"pointsPerHour":29,"points":9060,"blocktime":20,"taken":10551,"name":"bonna","totalPoints":2338940,"rank":43,"id":254021,"place":778,"uniqueZonesTaken":390,"region":{"name":"Västra Götaland","id":132}},"time":"2022-10-04T11:55:32+0000","message":"Ollena21b:","type":"chat"},{"country":"se","sender":{"country":"se","medals":[78,126,100,77,24,13,55,16,130,24,112,38],"zones":[52482,7394,28423,490445,9484,26700,45678,45679,25587,25588,17174,141497,26683],"pointsPerHour":29,"points":9060,"blocktime":20,"taken":10551,"name":"bonna","totalPoints":2338940,"rank":43,"id":254021,"place":778,"uniqueZonesTaken":390,"region":{"name":"Västra Götaland","id":132}},"time":"2022-10-04T11:55:28+0000","message":"LD8Rödsle8D:","type":"chat"},{"country":"se","sender":{"country":"se","medals":[78,126,100,77,24,13,55,16,130,24,112,38],"zones":[52482,7394,28423,490445,9484,26700,45678,45679,25587,25588,17174,141497,26683],"pointsPerHour":29,"points":9060,"blocktime":20,"taken":10551,"name":"bonna","totalPoints":2338939,"rank":43,"id":254021,"place":778,"uniqueZonesTaken":390,"region":{"name":"Västra Götaland","id":132}},"time":"2022-10-04T11:54:45+0000","message":"NSG_turf:","type":"chat"}]