[{"medal":86,"time":"2022-10-04T14:33:33+0000","type":"medal","user":{"country":"se","medals":[93,100,92,51,86],"zones":[44360,31291,15852,7822],"pointsPerHour":0,"points":2064,"blocktime":11,"taken":50,"name":"vandrish","totalPoints":5369,"rank":6,"id":377706,"place":5188,"uniqueZonesTaken":27,"region":{"name":"Värmland","id":130}}},{"medal":129,"time":"2022-10-04T14:33:15+0000","type":"medal","user":{"country":"se","medals":[67,5,16,4,77,99,22,7,27,72,117,79,58,70,48,15,124,126,88,104,129],"zones":[43393,50276,5319,21321,25961,458636,44845,21806,11697,21877,94068,427935],"pointsPerHour":0,"points":9694,"blocktime":23,"taken":48213,"name":"zaph","totalPoints":9198542,"rank":54,"id":52694,"place":5188,"uniqueZonesTaken":1308,"region":{"name":"Örebro","id":131}}},{"medal":84,"time":"2022-10-04T14:31:17+0000","type":"medal","user":{"country":"se","medals":[80,84],"zones":[526940,154119,515808,61066,328521],"pointsPerHour":0,"points":1110,"blocktime":10,"taken":5,"name":"Grovdjuret","totalPoints":1110,"rank":3,"id":379899,"place":5186,"uniqueZonesTaken":5,"region":{"name":"Skåne","id":135}}},{"medal":80,"time":"2022-10-04T14:31:17+0000","type":"medal","user":{"country":"se","medals":[80,84],"zones":[526940,154119,515808,61066,328521],"pointsPerHour":0,"points":1110,"blocktime":10,"taken":5,"name":"Grovdjuret","totalPoints":1110,"rank":3,"id":379899,"place":5186,"uniqueZonesTaken":5,"region":{"name":"Skåne","id":135}}},{"medal":85,"time":"2022-10-04T14:19:55+0000","type":"medal","user":{"country":"se","medals":[93,80,85],"zones":[8084,16838,4342,92470,16839,24361,190318],"pointsPerHour":0,"points":1689,"blocktime":11,"taken":10,"name":"TarTafenT","totalPoints":1689,"rank":4,"id":380268,"place":5177,"uniqueZonesTaken":9,"region":{"name":"Västernorrland","id":145}}}]