[{"sender":{"country":"se","medals":[16,67,77,126,117,57,4,21,70,79,5,66,15,103,123,72,98,24,48,27,41,129],"zones":[97795,97796,934,95110,116074,117711,180652,117710,21136,22322,2291,2292,2294,4983,21112,37146,29371,26748,26749,60733],"pointsPerHour":120,"points":98668,"blocktime":1320,"taken":28142,"name":"Wave","totalPoints":4464294,"rank":48,"id":53963,"place":451,"uniqueZonesTaken":1284,"region":{"name":"Östergötland","id":139}},"time":"2021-11-29T16:01:01+0000","message":"Björke: Och en eloge till Kryos för överseende och tålamod (gissar jag)🤗😁","region":{"name":"Östergötland","id":139},"type":"chat"},{"medal":128,"time":"2021-11-29T15:54:58+0000","type":"medal","user":{"country":"se","medals":[46,16,77,79,17,7,17,116,14,28,126,24,39,107,54,128],"zones":[78633,78635,22156,78636,22158],"pointsPerHour":0,"points":35081,"blocktime":1260,"taken":16324,"name":"MollyMalone","totalPoints":2453871,"rank":44,"id":187251,"place":6270,"uniqueZonesTaken":711,"region":{"name":"Östergötland","id":139}}}]