[{"sender":{"country":"se","medals":[4,16,46,79,56,28,126,27,77,94,103,7,38,127,14],"zones":[223843,32226,394274,24038,28751,28754,428306,428304,28758,428305,28759,28760,28761,75899,28763,24059,28764,153215,28766],"pointsPerHour":20,"points":95311,"blocktime":1290,"taken":11076,"name":"Drottningen","totalPoints":3084338,"rank":46,"id":233096,"place":503,"uniqueZonesTaken":540,"region":{"name":"Halland","id":134}},"time":"2021-11-30T08:05:39+0000","message":"Artikeln var i Hallands nyheter den 26 november.","region":{"name":"Halland","id":134},"type":"chat"},{"medal":80,"time":"2021-11-30T07:51:01+0000","type":"medal","user":{"country":"se","medals":[84,80],"zones":[4982,22775,4983,30345,927],"pointsPerHour":0,"points":592,"blocktime":630,"taken":6,"name":"bitch-club1239","totalPoints":592,"rank":2,"id":352396,"place":6292,"uniqueZonesTaken":6,"region":{"name":"Östergötland","id":139}}}]