[{"medal":84,"time":"2022-08-22T11:01:13+0000","type":"medal","user":{"country":"se","medals":[84],"zones":[6098,63652,92228,37241],"pointsPerHour":0,"points":361,"blocktime":615,"taken":5,"name":"TBSAlexE","totalPoints":361,"rank":1,"id":369690,"place":6686,"uniqueZonesTaken":5,"region":{"name":"Västmanland","id":143}}},{"sender":{"country":"se","medals":[16,5,67,91,79,28,77,47,94,56,50,126,40,101,130],"zones":[97794,429696,176452,141484,117711,482216,8177,50133,154196,2294,487167,47773],"pointsPerHour":27,"points":26587,"blocktime":1335,"taken":24271,"name":"goka","totalPoints":4783930,"rank":49,"id":66738,"place":1698,"uniqueZonesTaken":3044,"region":{"name":"Östergötland","id":139}},"time":"2022-08-22T11:00:21+0000","message":"Falken55: Stopp på motorväg?","region":{"name":"Östergötland","id":139},"type":"chat"},{"sender":{"country":"se","medals":[67,9,16,24,22,57,48,24,72,79,77,24,66,26,24,17,116,83,117,24,24,50,24,17,4,24,111,24,27,124,126,118,17,130,17],"zones":[115265,7746,5570,62306,34119,18311,17547,5583,9711,18674,27795,18675,27796,9716,27797,27798,24182,91959,27799,8313,31805],"pointsPerHour":155,"points":73466,"blocktime":1440,"taken":98292,"name":"VÄDUREN","totalPoints":12235091,"rank":56,"id":92950,"place":576,"uniqueZonesTaken":4147,"region":{"name":"Västmanland","id":143}},"time":"2022-08-22T11:00:08+0000","message":"TBSAlexS: säg till läraren att dom kan kontakta skolevent@turfgame.com så ni får egna zoner att turfa med","region":{"name":"Västmanland","id":143},"type":"chat"},{"medal":84,"time":"2022-08-22T10:57:18+0000","type":"medal","user":{"country":"se","medals":[93,84],"zones":[44097,551,32030],"pointsPerHour":0,"points":348,"blocktime":615,"taken":5,"name":"TBSElisa","totalPoints":348,"rank":1,"id":369676,"place":6685,"uniqueZonesTaken":5,"region":{"name":"Västmanland","id":143}}},{"medal":93,"time":"2022-08-22T10:53:52+0000","type":"medal","user":{"country":"se","medals":[93],"zones":[505],"pointsPerHour":0,"points":145,"blocktime":600,"taken":2,"name":"TBSlinnéa","totalPoints":145,"rank":0,"id":369685,"place":0,"uniqueZonesTaken":2,"region":{"name":"Västmanland","id":143}}}]