[{"medal":131,"time":"2022-08-22T16:35:11+0000","type":"medal","user":{"country":"se","medals":[7,4,17,79,46,54,126,96,28,15,122,35,108,131],"zones":[154945,43877,114267,78429],"pointsPerHour":0,"points":35480,"blocktime":1110,"taken":3689,"name":"SandraME","totalPoints":594790,"rank":34,"id":175998,"place":6763,"uniqueZonesTaken":1357,"region":{"name":"Västra Götaland","id":132}}},{"medal":38,"time":"2022-08-22T16:34:42+0000","type":"medal","user":{"country":"se","medals":[17,16,70,46,53,79,68,126,28,77,14,131,17,116,7,108,38],"zones":[78513,116,113895],"pointsPerHour":0,"points":30228,"blocktime":1185,"taken":10000,"name":"baloot","totalPoints":1211056,"rank":39,"id":191847,"place":6763,"uniqueZonesTaken":927,"region":{"name":"Stockholm","id":141}}},{"medal":80,"time":"2022-08-22T16:25:14+0000","type":"medal","user":{"country":"fi","medals":[80,84],"zones":[62048,175986,180686,116703,25439],"pointsPerHour":0,"points":882,"blocktime":645,"taken":5,"name":"SLa68","totalPoints":882,"rank":3,"id":368960,"place":6763,"uniqueZonesTaken":5,"region":{"name":"Lounais-Suomi","id":184}}},{"medal":84,"time":"2022-08-22T16:25:14+0000","type":"medal","user":{"country":"fi","medals":[80,84],"zones":[62048,175986,180686,116703,25439],"pointsPerHour":0,"points":882,"blocktime":645,"taken":5,"name":"SLa68","totalPoints":882,"rank":3,"id":368960,"place":6763,"uniqueZonesTaken":5,"region":{"name":"Lounais-Suomi","id":184}}}]