[{"medal":80,"time":"2022-08-22T10:50:25+0000","type":"medal","user":{"country":"se","medals":[93,84,80],"zones":[1317,117272,11451,11452,11453],"pointsPerHour":0,"points":442,"blocktime":630,"taken":6,"name":"Kexarna","totalPoints":442,"rank":2,"id":369651,"place":6682,"uniqueZonesTaken":5,"region":{"name":"Västra Götaland","id":132}}},{"medal":80,"time":"2022-08-22T10:48:00+0000","type":"medal","user":{"country":"se","medals":[80,84],"zones":[1009,136373,139451,346,815],"pointsPerHour":0,"points":332,"blocktime":615,"taken":5,"name":"svartGun","totalPoints":332,"rank":1,"id":369668,"place":6681,"uniqueZonesTaken":5,"region":{"name":"Västra Götaland","id":132}}},{"medal":84,"time":"2022-08-22T10:48:00+0000","type":"medal","user":{"country":"se","medals":[80,84],"zones":[1009,136373,139451,346,815],"pointsPerHour":0,"points":332,"blocktime":615,"taken":5,"name":"svartGun","totalPoints":332,"rank":1,"id":369668,"place":6681,"uniqueZonesTaken":5,"region":{"name":"Västra Götaland","id":132}}},{"medal":93,"time":"2022-08-22T10:46:49+0000","type":"medal","user":{"country":"se","medals":[93],"zones":[],"pointsPerHour":0,"points":65,"blocktime":600,"taken":1,"name":"TBSveris","totalPoints":65,"rank":0,"id":369678,"place":6680,"uniqueZonesTaken":1,"region":{"name":"Västmanland","id":143}}},{"medal":84,"time":"2022-08-22T10:46:49+0000","type":"medal","user":{"country":"se","medals":[93,84],"zones":[1317,11451,11452,11453],"pointsPerHour":0,"points":375,"blocktime":615,"taken":5,"name":"Kexarna","totalPoints":375,"rank":1,"id":369651,"place":6680,"uniqueZonesTaken":4,"region":{"name":"Västra Götaland","id":132}}},{"sender":{"country":"se","medals":[70,67,24,16,72,83,22,77,79,24,17,116,4,24,58,24,75,50,124,126,24,91,49,17,24,131,17,109,26,118],"zones":[136247,176821,7258,26893,9550,7103],"pointsPerHour":26,"points":64234,"blocktime":1425,"taken":76661,"name":"ami68","totalPoints":10198940,"rank":55,"id":167440,"place":675,"uniqueZonesTaken":4283,"region":{"name":"Västmanland","id":143}},"time":"2022-08-22T10:46:12+0000","message":"TBSAlexS: Är det skol turf? Svårt att få z när ni är bland oss vanliga Turfare 😁","region":{"name":"Västmanland","id":143},"type":"chat"}]