[{"medal":100,"time":"2021-08-31T13:48:37+0000","type":"medal","user":{"country":"se","medals":[95,85,80,100],"zones":[95825,23476,25973,21957,8277],"pointsPerHour":0,"points":2306,"blocktime":11,"taken":14,"name":"Cebrurka12","totalPoints":2306,"rank":5,"id":338188,"place":7873,"uniqueZonesTaken":8,"region":{"name":"Örebro","id":131}}},{"sender":{"country":"se","medals":[16,5,28,9,17,6,56,48,14,37,4,67,24,93,100,24],"zones":[24187,9677,7758],"pointsPerHour":17,"points":2832,"blocktime":19,"taken":9830,"name":"JDB","totalPoints":1215900,"rank":39,"id":33369,"place":5139,"uniqueZonesTaken":632,"region":{"name":"Västmanland","id":143}},"time":"2021-08-31T13:43:29+0000","message":"novan: du ligger i","region":{"name":"Västmanland","id":143},"type":"chat"}]