[{"medal":84,"time":"2021-09-22T11:10:09+0000","type":"medal","user":{"country":"se","medals":[80,84],"zones":[19633,3089,224052,139146,169869],"pointsPerHour":0,"points":926,"blocktime":10,"taken":5,"name":"King_Ice","totalPoints":926,"rank":3,"id":344567,"place":8434,"uniqueZonesTaken":5,"region":{"name":"Gävleborg","id":144}}},{"medal":80,"time":"2021-09-22T11:10:09+0000","type":"medal","user":{"country":"se","medals":[80,84],"zones":[19633,3089,224052,139146,169869],"pointsPerHour":0,"points":926,"blocktime":10,"taken":5,"name":"King_Ice","totalPoints":926,"rank":3,"id":344567,"place":8434,"uniqueZonesTaken":5,"region":{"name":"Gävleborg","id":144}}},{"medal":96,"time":"2021-09-22T11:10:03+0000","type":"medal","user":{"country":"fi","medals":[94,96],"zones":[],"pointsPerHour":0,"points":220,"blocktime":10,"taken":2,"name":"alinazz","totalPoints":220,"rank":1,"id":345133,"place":0,"uniqueZonesTaken":2,"region":{"name":"Åland","id":177}}},{"medal":96,"time":"2021-09-22T11:10:03+0000","type":"medal","user":{"country":"fi","medals":[93,96],"zones":[33610,119469],"pointsPerHour":0,"points":530,"blocktime":10,"taken":4,"name":"Tovaz","totalPoints":530,"rank":2,"id":345151,"place":8434,"uniqueZonesTaken":4,"region":{"name":"Åland","id":177}}},{"medal":96,"time":"2021-09-22T11:10:03+0000","type":"medal","user":{"country":"fi","medals":[94,96],"zones":[65966],"pointsPerHour":0,"points":470,"blocktime":10,"taken":4,"name":"TurfPablo","totalPoints":470,"rank":2,"id":345119,"place":8434,"uniqueZonesTaken":4,"region":{"name":"Åland","id":177}}},{"medal":96,"time":"2021-09-22T11:10:03+0000","type":"medal","user":{"country":"fi","medals":[94,85,96],"zones":[152979],"pointsPerHour":0,"points":481,"blocktime":11,"taken":12,"name":"LOPPET","totalPoints":1528,"rank":4,"id":224166,"place":8434,"uniqueZonesTaken":5,"region":{"name":"Åland","id":177}}},{"medal":84,"time":"2021-09-22T11:09:45+0000","type":"medal","user":{"country":"se","medals":[95,84],"zones":[8906],"pointsPerHour":0,"points":792,"blocktime":10,"taken":6,"name":"bilfan","totalPoints":792,"rank":3,"id":342571,"place":8434,"uniqueZonesTaken":6,"region":{"name":"Jämtland","id":128}}},{"medal":84,"time":"2021-09-22T11:08:11+0000","type":"medal","user":{"country":"se","medals":[80,84],"zones":[944,21767,2841,2842,24731],"pointsPerHour":0,"points":658,"blocktime":10,"taken":5,"name":"örskarmy","totalPoints":658,"rank":2,"id":345145,"place":8434,"uniqueZonesTaken":5,"region":{"name":"Kalmar","id":137}}},{"medal":80,"time":"2021-09-22T11:08:11+0000","type":"medal","user":{"country":"se","medals":[80,84],"zones":[944,21767,2841,2842,24731],"pointsPerHour":0,"points":658,"blocktime":10,"taken":5,"name":"örskarmy","totalPoints":658,"rank":2,"id":345145,"place":8434,"uniqueZonesTaken":5,"region":{"name":"Kalmar","id":137}}},{"medal":13,"time":"2021-09-22T11:07:47+0000","type":"medal","user":{"country":"uk","medals":[46,10,5,34,78,77,57,68,16,68,68,6,13],"zones":[15241,25545,15242,358927,396308,13138,15251,12564,13783,26968,12569,26970,13787,13789,12574,12577,13793,12581,14060,392244,25522,25524,25527,18871,358908,12601,392254],"pointsPerHour":0,"points":43352,"blocktime":19,"taken":2437,"name":"Chesso","totalPoints":756023,"rank":36,"id":306562,"place":8434,"uniqueZonesTaken":250,"region":{"name":"Wales","id":198}}},{"medal":127,"time":"2021-09-22T11:05:21+0000","type":"medal","user":{"country":"se","medals":[70,72,77,57,16,95,79,7,15,22,126,87,67,105,48,127],"zones":[178466,43361,46353,232945,43362,84101,1733,57829,306531,55998,321450],"pointsPerHour":0,"points":45789,"blocktime":22,"taken":38532,"name":"Runkeeper","totalPoints":5428058,"rank":50,"id":165048,"place":8434,"uniqueZonesTaken":1612,"region":{"name":"Västerbotten","id":127}}}]