[{"medal":86,"time":"2021-09-22T06:09:11+0000","type":"medal","user":{"country":"se","medals":[80,96,100,86],"zones":[16841,117483,16842,16843,4349],"pointsPerHour":0,"points":597,"blocktime":11,"taken":50,"name":"PontusL9A","totalPoints":7753,"rank":7,"id":236020,"place":8264,"uniqueZonesTaken":13,"region":{"name":"Västernorrland","id":145}}},{"sender":{"country":"fi","medals":[16,27,69,68,69,68,67,70,48,5,4,71,7,77,72,64,62,114,126,41,14,106,127,122,57],"zones":[230336,38340,37514,311183,37515,60555,37516,215767,224532,152985,39837,155807,39840,155808,320480,119463,182191,154863,64818,392183,182192,127287,317502,409210,392184],"pointsPerHour":68,"points":191298,"blocktime":21,"taken":26570,"name":"mooler","totalPoints":3484715,"rank":46,"id":67496,"place":129,"uniqueZonesTaken":548,"region":{"name":"Åland","id":177}},"time":"2021-09-22T06:07:06+0000","message":"Hblom: idag vid 17 samlas Autumnman och Limaja för att ta sig ut till Hammarland. Funkar det för dig att hoppa på då?","region":{"name":"Åland","id":177},"type":"chat"},{"medal":127,"time":"2021-09-22T06:02:21+0000","type":"medal","user":{"country":"se","medals":[79,7,16,46,55,77,28,22,126,70,122,95,39,15,105,5,127],"zones":[202161,23862,54904,80843,78939,9581,431976],"pointsPerHour":0,"points":62663,"blocktime":21,"taken":19131,"name":"Teddyboo","totalPoints":3321819,"rank":46,"id":234819,"place":8264,"uniqueZonesTaken":1204,"region":{"name":"Södermanland","id":140}}}]