[{"sender":{"country":"se","medals":[96,84],"zones":[7310],"pointsPerHour":7,"points":493,"blocktime":10,"taken":5,"name":"拉法人","totalPoints":492,"rank":2,"id":344820,"place":6673,"uniqueZonesTaken":5,"region":{"name":"Stockholm","id":141}},"time":"2021-09-22T06:59:27+0000","message":"Uhhh","type":"chat"},{"sender":{"country":"se","medals":[96],"zones":[289],"pointsPerHour":8,"points":492,"blocktime":10,"taken":5,"name":"JulleBulle178","totalPoints":492,"rank":2,"id":344837,"place":6674,"uniqueZonesTaken":3,"region":{"name":"Stockholm","id":141}},"time":"2021-09-22T06:59:15+0000","message":"JimmyAIK: sugmad ike","region":{"name":"Stockholm","id":141},"type":"chat"},{"sender":{"country":"se","medals":[96],"zones":[],"pointsPerHour":0,"points":380,"blocktime":10,"taken":4,"name":"buttfucker3000","totalPoints":380,"rank":1,"id":344834,"place":7027,"uniqueZonesTaken":4,"region":{"name":"Stockholm","id":141}},"time":"2021-09-22T06:59:09+0000","message":"Min kuk är hård","region":{"name":"Stockholm","id":141},"type":"chat"},{"sender":{"country":"se","medals":[96,84],"zones":[7310],"pointsPerHour":7,"points":493,"blocktime":10,"taken":5,"name":"拉法人","totalPoints":492,"rank":2,"id":344820,"place":6673,"uniqueZonesTaken":5,"region":{"name":"Stockholm","id":141}},"time":"2021-09-22T06:59:05+0000","message":"Brbrbrvr","region":{"name":"Stockholm","id":141},"type":"chat"},{"medal":127,"time":"2021-09-22T06:58:53+0000","type":"medal","user":{"country":"se","medals":[5,4,16,7,94,77,47,67,13,79,105,56,126,72,73,127],"zones":[1220,411328,411329,155022,321621,138069,24027,80677,80676,126697,1384,1385,121704,113515,22252,22253,31471,198838,31478,48246,48247,411327,48249,203576],"pointsPerHour":0,"points":53559,"blocktime":23,"taken":33544,"name":"Craft","totalPoints":7209470,"rank":52,"id":61589,"place":8298,"uniqueZonesTaken":472,"region":{"name":"Dalarna","id":129}}},{"sender":{"country":"se","medals":[96],"zones":[],"pointsPerHour":0,"points":270,"blocktime":10,"taken":3,"name":"isuckdick4life","totalPoints":270,"rank":1,"id":344841,"place":7427,"uniqueZonesTaken":3,"region":{"name":"Stockholm","id":141}},"time":"2021-09-22T06:58:50+0000","message":"I suck pp","region":{"name":"Stockholm","id":141},"type":"chat"},{"sender":{"country":"se","medals":[16,67,17,70,4,27,24,15,44,72,77,79,83,24,48,21,66,117,103,17,116,58,24,118,123,126,127],"zones":[224784,7831,298,43578,203,155,122333,156,59820,11677],"pointsPerHour":53,"points":185058,"blocktime":24,"taken":94797,"name":"NisseNasse","totalPoints":14226658,"rank":57,"id":54085,"place":141,"uniqueZonesTaken":2233,"region":{"name":"Stockholm","id":141}},"time":"2021-09-22T06:58:49+0000","message":"JimmyAIK: Bästa smärtlindringen är att turfa!! Ut å gå nu, eller cykla.","region":{"name":"Stockholm","id":141},"type":"chat"},{"sender":{"country":"se","medals":[96],"zones":[],"pointsPerHour":0,"points":380,"blocktime":10,"taken":4,"name":"buttfucker3000","totalPoints":380,"rank":1,"id":344834,"place":7027,"uniqueZonesTaken":4,"region":{"name":"Stockholm","id":141}},"time":"2021-09-22T06:58:35+0000","message":"va","region":{"name":"Stockholm","id":141},"type":"chat"},{"medal":93,"time":"2021-09-22T06:57:45+0000","type":"medal","user":{"country":"se","medals":[93],"zones":[24250,42459],"pointsPerHour":0,"points":630,"blocktime":10,"taken":5,"name":"lahlahla1","totalPoints":630,"rank":2,"id":344825,"place":8298,"uniqueZonesTaken":4,"region":{"name":"Stockholm","id":141}}},{"medal":93,"time":"2021-09-22T06:57:06+0000","type":"medal","user":{"country":"se","medals":[85,90,51,92,93],"zones":[20544,11361,34657,26212,12329,31882,27853,28335,33743,17908,114938,281849],"pointsPerHour":0,"points":1878,"blocktime":11,"taken":18,"name":"stoffebuhl","totalPoints":1878,"rank":4,"id":344803,"place":8298,"uniqueZonesTaken":17,"region":{"name":"Skåne","id":135}}},{"medal":85,"time":"2021-09-22T06:57:01+0000","type":"medal","user":{"country":"se","medals":[93,85],"zones":[16843],"pointsPerHour":0,"points":250,"blocktime":11,"taken":10,"name":"Sebastianmodén","totalPoints":1390,"rank":4,"id":256465,"place":8298,"uniqueZonesTaken":6,"region":{"name":"Västernorrland","id":145}}},{"medal":94,"time":"2021-09-22T06:57:01+0000","type":"medal","user":{"country":"se","medals":[94],"zones":[],"pointsPerHour":0,"points":110,"blocktime":10,"taken":1,"name":"AliciaCecilia","totalPoints":110,"rank":0,"id":344847,"place":8298,"uniqueZonesTaken":1,"region":{"name":"Västernorrland","id":145}}},{"medal":94,"time":"2021-09-22T06:57:01+0000","type":"medal","user":{"country":"se","medals":[84,94],"zones":[],"pointsPerHour":0,"points":110,"blocktime":10,"taken":7,"name":"Erikkjellberg","totalPoints":973,"rank":3,"id":256473,"place":8298,"uniqueZonesTaken":5,"region":{"name":"Västernorrland","id":145}}},{"medal":93,"time":"2021-09-22T06:55:02+0000","type":"medal","user":{"country":"se","medals":[51,85,10,92,93],"zones":[11360,1745,114933,34550,199077,598,1751,15529,26141,1469,1006],"pointsPerHour":0,"points":1878,"blocktime":11,"taken":18,"name":"ballaste","totalPoints":1878,"rank":4,"id":344801,"place":8297,"uniqueZonesTaken":18,"region":{"name":"Skåne","id":135}}}]