[{"sender":{"country":"se","medals":[70,67,77,16,83,79,72,75,68,24,17,116,15,22,68,4,66,59,107,89,126,124,127],"zones":[64119,47657,11658],"pointsPerHour":18,"points":189885,"blocktime":23,"taken":68258,"name":"CRUSAIDER","totalPoints":9692051,"rank":55,"id":168025,"place":141,"uniqueZonesTaken":2121,"region":{"name":"Västmanland","id":143}},"time":"2021-09-22T14:20:38+0000","message":"Chrillewille:💪","region":{"name":"Västmanland","id":143},"type":"chat"},{"sender":{"country":"se","medals":[93,10,54,100,32,11],"zones":[1448,8570],"pointsPerHour":13,"points":15195,"blocktime":13,"taken":220,"name":".__.","totalPoints":38493,"rank":14,"id":337054,"place":2522,"uniqueZonesTaken":70,"region":{"name":"Södermanland","id":140}},"time":"2021-09-22T14:16:22+0000","message":"varför är vi så många i Katrineholm? 😅","region":{"name":"Södermanland","id":140},"type":"chat"},{"medal":93,"time":"2021-09-22T14:15:37+0000","type":"medal","user":{"country":"se","medals":[93],"zones":[12471],"pointsPerHour":0,"points":250,"blocktime":10,"taken":2,"name":"borsmats","totalPoints":250,"rank":1,"id":345330,"place":8532,"uniqueZonesTaken":2,"region":{"name":"Jönköping","id":133}}}]