[{"zone":{"previousOwner":{"name":"ZulaTheAlien:)","id":285598},"dateCreated":"2021-03-22T11:30:00+0000","dateLastTaken":"2021-06-10T00:27:42+0000","latitude":55.927856,"currentOwner":{"name":"féarglas","id":280861},"name":"SmartZone","id":389769,"totalTakeovers":220,"region":{"area":{"name":"City of Edinburgh","id":2780},"country":"gb","name":"Scotland","id":200},"pointsPerHour":6,"longitude":-3.198782,"takeoverPoints":110},"latitude":55.927856,"currentOwner":{"name":"féarglas","id":280861},"time":"2021-06-10T00:27:42+0000","type":"takeover","longitude":-3.198782},{"zone":{"previousOwner":{"name":"Lillatanten","id":25936},"dateLastTaken":"2021-06-10T00:25:56+0000","latitude":59.306426,"totalTakeovers":4643,"type":{"name":"Bridge","id":8},"pointsPerHour":8,"takeoverPoints":80,"dateCreated":"2017-09-24T08:00:00+0000","currentOwner":{"name":"allagunillor","id":298023},"name":"VickeRVire","id":119696,"region":{"area":{"name":"Stockholms kommun","id":1828},"country":"se","name":"Stockholm","id":141},"longitude":18.059128},"latitude":59.306426,"currentOwner":{"name":"allagunillor","id":298023},"time":"2021-06-10T00:25:56+0000","type":"takeover","longitude":18.059128},{"zone":{"previousOwner":{"name":"ZulaTheAlien:)","id":285598},"dateCreated":"2021-04-24T10:00:00+0000","dateLastTaken":"2021-06-10T00:24:59+0000","latitude":55.930489,"currentOwner":{"name":"féarglas","id":280861},"name":"PickFlowers","id":400336,"totalTakeovers":71,"region":{"area":{"name":"City of Edinburgh","id":2780},"country":"gb","name":"Scotland","id":200},"pointsPerHour":7,"longitude":-3.194991,"takeoverPoints":95},"latitude":55.930489,"currentOwner":{"name":"féarglas","id":280861},"time":"2021-06-10T00:24:59+0000","type":"takeover","longitude":-3.194991},{"zone":{"previousOwner":{"name":"Lillatanten","id":25936},"dateCreated":"2010-08-09T00:00:00+0000","dateLastTaken":"2021-06-10T00:24:25+0000","latitude":59.30689,"currentOwner":{"name":"allagunillor","id":298023},"name":"Winterzone","id":153,"totalTakeovers":5980,"region":{"area":{"name":"Stockholms kommun","id":1828},"country":"se","name":"Stockholm","id":141},"pointsPerHour":7,"longitude":18.059784,"takeoverPoints":95},"latitude":59.30689,"currentOwner":{"name":"allagunillor","id":298023},"time":"2021-06-10T00:24:25+0000","type":"takeover","longitude":18.059784},{"zone":{"previousOwner":{"name":"yabosid","id":50826},"dateLastTaken":"2021-06-10T00:23:41+0000","latitude":57.728857,"totalTakeovers":6423,"type":{"name":"Bridge","id":8},"pointsPerHour":7,"takeoverPoints":95,"dateCreated":"2012-08-22T22:26:25+0000","currentOwner":{"name":"Raggmunken","id":204120},"name":"MarieholmsBro","id":10920,"region":{"area":{"name":"Göteborgs kommun","id":1885},"country":"se","name":"Västra Götaland","id":132},"longitude":11.993458},"latitude":57.728857,"currentOwner":{"name":"Raggmunken","id":204120},"time":"2021-06-10T00:23:41+0000","type":"takeover","longitude":11.993458},{"zone":{"previousOwner":{"name":"ZulaTheAlien:)","id":285598},"dateCreated":"2016-01-18T10:00:00+0000","dateLastTaken":"2021-06-10T00:23:24+0000","latitude":55.930175,"currentOwner":{"name":"féarglas","id":280861},"name":"AstleyAinslie","id":62912,"totalTakeovers":578,"region":{"area":{"name":"City of Edinburgh","id":2780},"country":"gb","name":"Scotland","id":200},"pointsPerHour":5,"longitude":-3.198967,"takeoverPoints":125},"latitude":55.930175,"currentOwner":{"name":"féarglas","id":280861},"time":"2021-06-10T00:23:24+0000","type":"takeover","longitude":-3.198967},{"zone":{"previousOwner":{"name":"Cabby_Jasp","id":311395},"dateLastTaken":"2021-06-10T00:22:31+0000","latitude":57.725798,"totalTakeovers":8008,"type":{"name":"Bridge","id":8},"pointsPerHour":8,"takeoverPoints":80,"dateCreated":"2013-09-08T23:23:29+0000","currentOwner":{"name":"Raggmunken","id":204120},"name":"Walckesbron","id":21435,"region":{"area":{"name":"Göteborgs kommun","id":1885},"country":"se","name":"Västra Götaland","id":132},"longitude":12.001596},"latitude":57.725798,"currentOwner":{"name":"Raggmunken","id":204120},"time":"2021-06-10T00:22:31+0000","type":"takeover","longitude":12.001596},{"zone":{"previousOwner":{"name":"Lillatanten","id":25936},"dateCreated":"2013-09-15T23:08:50+0000","dateLastTaken":"2021-06-10T00:22:30+0000","latitude":59.304979,"currentOwner":{"name":"allagunillor","id":298023},"name":"Kollipiren","id":21535,"totalTakeovers":7459,"region":{"area":{"name":"Stockholms kommun","id":1828},"country":"se","name":"Stockholm","id":141},"pointsPerHour":8,"longitude":18.064289,"takeoverPoints":80},"latitude":59.304979,"currentOwner":{"name":"allagunillor","id":298023},"time":"2021-06-10T00:22:30+0000","type":"takeover","longitude":18.064289},{"zone":{"previousOwner":{"name":"Traveller","id":220699},"dateCreated":"2010-12-15T17:01:18+0000","dateLastTaken":"2021-06-10T00:22:28+0000","latitude":59.64444,"currentOwner":{"name":"Evil_B","id":42658},"name":"ARNtwo","id":1172,"totalTakeovers":6134,"region":{"area":{"name":"Sigtuna kommun","id":1834},"country":"se","name":"Stockholm","id":141},"pointsPerHour":3,"longitude":17.929502,"takeoverPoints":155},"latitude":59.64444,"currentOwner":{"name":"Evil_B","id":42658},"time":"2021-06-10T00:22:28+0000","type":"takeover","longitude":17.929502},{"zone":{"previousOwner":{"name":"Lillatanten","id":25936},"dateCreated":"2017-01-21T08:00:00+0000","dateLastTaken":"2021-06-10T00:21:32+0000","latitude":59.30489,"currentOwner":{"name":"allagunillor","id":298023},"name":"Kolonibacken","id":94237,"totalTakeovers":5207,"region":{"area":{"name":"Stockholms kommun","id":1828},"country":"se","name":"Stockholm","id":141},"pointsPerHour":8,"longitude":18.067895,"takeoverPoints":80},"latitude":59.30489,"currentOwner":{"name":"allagunillor","id":298023},"time":"2021-06-10T00:21:32+0000","type":"takeover","longitude":18.067895},{"zone":{"previousOwner":{"name":"ZulaTheAlien:)","id":285598},"dateCreated":"2021-01-27T12:00:00+0000","dateLastTaken":"2021-06-10T00:20:46+0000","latitude":55.934231,"currentOwner":{"name":"féarglas","id":280861},"name":"TheChallenger","id":371289,"totalTakeovers":295,"region":{"area":{"name":"City of Edinburgh","id":2780},"country":"gb","name":"Scotland","id":200},"pointsPerHour":5,"longitude":-3.199773,"takeoverPoints":125},"latitude":55.934231,"currentOwner":{"name":"féarglas","id":280861},"time":"2021-06-10T00:20:46+0000","type":"takeover","longitude":-3.199773},{"zone":{"previousOwner":{"name":"Lillatanten","id":25936},"dateCreated":"2016-03-13T19:14:32+0000","dateLastTaken":"2021-06-10T00:20:30+0000","latitude":59.303687,"currentOwner":{"name":"allagunillor","id":298023},"name":"Årstavikzon","id":64417,"totalTakeovers":6372,"region":{"area":{"name":"Stockholms kommun","id":1828},"country":"se","name":"Stockholm","id":141},"pointsPerHour":8,"longitude":18.071297,"takeoverPoints":80},"latitude":59.303687,"currentOwner":{"name":"allagunillor","id":298023},"time":"2021-06-10T00:20:30+0000","type":"takeover","longitude":18.071297},{"zone":{"previousOwner":{"name":"Traveller","id":220699},"dateCreated":"2010-12-18T00:00:00+0000","dateLastTaken":"2021-06-10T00:19:59+0000","latitude":59.647549,"currentOwner":{"name":"Evil_B","id":42658},"name":"ARNfour","id":1169,"totalTakeovers":12488,"region":{"area":{"name":"Sigtuna kommun","id":1834},"country":"se","name":"Stockholm","id":141},"pointsPerHour":4,"longitude":17.929004,"takeoverPoints":140},"latitude":59.647549,"currentOwner":{"name":"Evil_B","id":42658},"time":"2021-06-10T00:19:59+0000","type":"takeover","longitude":17.929004},{"zone":{"previousOwner":{"name":"shewolf","id":30924},"dateCreated":"2015-01-05T10:00:00+0000","dateLastTaken":"2021-06-10T00:18:07+0000","latitude":59.304493,"currentOwner":{"name":"allagunillor","id":298023},"name":"HammarbySkans","id":43577,"totalTakeovers":11306,"region":{"area":{"name":"Stockholms kommun","id":1828},"country":"se","name":"Stockholm","id":141},"pointsPerHour":9,"longitude":18.081364,"takeoverPoints":65},"latitude":59.304493,"currentOwner":{"name":"allagunillor","id":298023},"time":"2021-06-10T00:18:07+0000","type":"takeover","longitude":18.081364},{"zone":{"previousOwner":{"name":"gaelgirl","id":302231},"dateCreated":"2013-06-15T08:00:00+0000","dateLastTaken":"2021-06-10T00:16:54+0000","latitude":55.93948,"currentOwner":{"name":"féarglas","id":280861},"name":"Bruntsfield","id":14932,"totalTakeovers":1010,"region":{"area":{"name":"City of Edinburgh","id":2780},"country":"gb","name":"Scotland","id":200},"pointsPerHour":6,"longitude":-3.20201,"takeoverPoints":110},"latitude":55.93948,"currentOwner":{"name":"féarglas","id":280861},"time":"2021-06-10T00:16:54+0000","type":"takeover","longitude":-3.20201},{"zone":{"previousOwner":{"name":"philodendron","id":300363},"dateCreated":"2010-12-15T16:13:13+0000","dateLastTaken":"2021-06-10T00:16:48+0000","latitude":59.651492,"currentOwner":{"name":"Evil_B","id":42658},"name":"ARNfive","id":1171,"totalTakeovers":12494,"region":{"area":{"name":"Sigtuna kommun","id":1834},"country":"se","name":"Stockholm","id":141},"pointsPerHour":2,"longitude":17.932001,"takeoverPoints":170},"latitude":59.651492,"currentOwner":{"name":"Evil_B","id":42658},"time":"2021-06-10T00:16:48+0000","type":"takeover","longitude":17.932001},{"zone":{"previousOwner":{"name":"shewolf","id":30924},"dateCreated":"2013-10-12T16:04:17+0000","dateLastTaken":"2021-06-10T00:16:36+0000","latitude":59.305865,"currentOwner":{"name":"allagunillor","id":298023},"name":"Hammarkajen","id":21894,"totalTakeovers":15854,"region":{"area":{"name":"Stockholms kommun","id":1828},"country":"se","name":"Stockholm","id":141},"pointsPerHour":8,"longitude":18.08886,"takeoverPoints":80},"latitude":59.305865,"currentOwner":{"name":"allagunillor","id":298023},"time":"2021-06-10T00:16:36+0000","type":"takeover","longitude":18.08886},{"zone":{"previousOwner":{"name":"gaelgirl","id":302231},"dateCreated":"2013-09-12T12:00:38+0000","dateLastTaken":"2021-06-10T00:15:46+0000","latitude":55.938054,"currentOwner":{"name":"féarglas","id":280861},"name":"Leamington","id":21630,"totalTakeovers":997,"region":{"area":{"name":"City of Edinburgh","id":2780},"country":"gb","name":"Scotland","id":200},"pointsPerHour":6,"longitude":-3.20482,"takeoverPoints":110},"latitude":55.938054,"currentOwner":{"name":"féarglas","id":280861},"time":"2021-06-10T00:15:46+0000","type":"takeover","longitude":-3.20482},{"zone":{"previousOwner":{"name":"Pumac","id":137209},"dateLastTaken":"2021-06-10T00:15:32+0000","latitude":57.674043,"totalTakeovers":3093,"type":{"name":"Bridge","id":8},"pointsPerHour":6,"takeoverPoints":110,"dateCreated":"2016-09-15T21:07:24+0000","currentOwner":{"name":"Raggmunken","id":204120},"name":"Höjdarfacket","id":85752,"region":{"area":{"name":"Mölndals kommun","id":1886},"country":"se","name":"Västra Götaland","id":132},"longitude":12.010771},"latitude":57.674043,"currentOwner":{"name":"Raggmunken","id":204120},"time":"2021-06-10T00:15:32+0000","type":"takeover","longitude":12.010771},{"zone":{"previousOwner":{"name":"van_andermaet","id":307960},"dateCreated":"2021-04-30T10:00:00+0000","dateLastTaken":"2021-06-10T00:13:51+0000","latitude":55.937756,"currentOwner":{"name":"féarglas","id":280861},"name":"ISeeNoForth","id":400337,"totalTakeovers":49,"region":{"area":{"name":"City of Edinburgh","id":2780},"country":"gb","name":"Scotland","id":200},"pointsPerHour":8,"longitude":-3.208792,"takeoverPoints":80},"latitude":55.937756,"currentOwner":{"name":"féarglas","id":280861},"time":"2021-06-10T00:13:51+0000","type":"takeover","longitude":-3.208792},{"zone":{"previousOwner":{"name":"Movemania","id":22813},"dateLastTaken":"2021-06-10T00:13:42+0000","latitude":57.655858,"totalTakeovers":7122,"type":{"name":"Train Station","id":13},"pointsPerHour":7,"takeoverPoints":95,"dateCreated":"2016-11-24T07:58:50+0000","currentOwner":{"name":"Raggmunken","id":204120},"name":"MölnStation","id":91654,"region":{"area":{"name":"Mölndals kommun","id":1886},"country":"se","name":"Västra Götaland","id":132},"longitude":12.018848},"latitude":57.655858,"currentOwner":{"name":"Raggmunken","id":204120},"time":"2021-06-10T00:13:42+0000","type":"takeover","longitude":12.018848},{"zone":{"previousOwner":{"name":"Traveller","id":220699},"dateLastTaken":"2021-06-10T00:13:39+0000","latitude":59.649417,"totalTakeovers":2083,"type":{"name":"Train Station","id":13},"pointsPerHour":5,"takeoverPoints":125,"dateCreated":"2019-04-01T11:11:11+0000","currentOwner":{"name":"Evil_B","id":42658},"name":"SkyTrainC","id":182088,"region":{"area":{"name":"Sigtuna kommun","id":1834},"country":"se","name":"Stockholm","id":141},"longitude":17.929912},"latitude":59.649417,"currentOwner":{"name":"Evil_B","id":42658},"time":"2021-06-10T00:13:39+0000","type":"takeover","longitude":17.929912},{"zone":{"previousOwner":{"name":"2-mas","id":130947},"dateCreated":"2010-07-14T00:00:00+0000","dateLastTaken":"2021-06-10T00:13:32+0000","latitude":59.311423,"currentOwner":{"name":"allagunillor","id":298023},"name":"GorillaZone","id":151,"totalTakeovers":9839,"region":{"area":{"name":"Stockholms kommun","id":1828},"country":"se","name":"Stockholm","id":141},"pointsPerHour":8,"longitude":18.100089,"takeoverPoints":80},"latitude":59.311423,"currentOwner":{"name":"allagunillor","id":298023},"time":"2021-06-10T00:13:32+0000","type":"takeover","longitude":18.100089}]