[{"medal":85,"time":"2022-07-18T18:28:16+0000","type":"medal","user":{"country":"se","medals":[80,85],"zones":[84880,7714,61493,25862,64313,107614],"pointsPerHour":0,"points":1413,"blocktime":660,"taken":10,"name":"Elliot_coolio","totalPoints":1413,"rank":4,"id":367886,"place":6714,"uniqueZonesTaken":10,"region":{"name":"Stockholm","id":141}}},{"medal":31,"time":"2022-07-18T18:26:12+0000","type":"medal","user":{"country":"se","medals":[100,90,80,92,95,31],"zones":[158443,458714],"pointsPerHour":0,"points":1527,"blocktime":690,"taken":26,"name":"StyleX#3902","totalPoints":3878,"rank":6,"id":365378,"place":6714,"uniqueZonesTaken":21,"region":{"name":"Uppsala","id":142}}},{"sender":{"country":"se","medals":[16,4,67,70,21,79,77,24,72,83,57,48,91,24,24,116,17,26,24,74,126,123,41,107,127],"zones":[515619,515617,223816,56619,42829,516424,61073,515574,61074,133269,319283,94200,514072,115006],"pointsPerHour":30,"points":28168,"blocktime":1350,"taken":29378,"name":"Lill-Johan","totalPoints":5290943,"rank":50,"id":52459,"place":1579,"uniqueZonesTaken":6952,"region":{"name":"Stockholm","id":141}},"time":"2022-07-18T18:25:42+0000","message":"FredFlinta: Tack. Vi tar det lugnt. Tog den unika jag var ute efter🙂","region":{"name":"Stockholm","id":141},"type":"chat"},{"medal":13,"time":"2022-07-18T18:25:19+0000","type":"medal","user":{"country":"se","medals":[16,46,28,78,6,100,56,35,126,94,13],"zones":[233187,17185,199111,23493,22246,216463,170126,66893,8300,472585,8303],"pointsPerHour":0,"points":30996,"blocktime":1185,"taken":4268,"name":"grönkulla","totalPoints":1139758,"rank":39,"id":226804,"place":6714,"uniqueZonesTaken":250,"region":{"name":"Dalarna","id":129}}},{"sender":{"country":"se","medals":[70,28,5,21,16,77,67,48,79,57,122,14,37,104,6,99,24,127],"zones":[21411,117570,11252,21413,30841,7036,117567,7039],"pointsPerHour":27,"points":112143,"blocktime":1215,"taken":9463,"name":"FredFlinta","totalPoints":1545255,"rank":41,"id":234160,"place":282,"uniqueZonesTaken":682,"region":{"name":"Stockholm","id":141}},"time":"2022-07-18T18:23:58+0000","message":"Lill-Johan: skynda dig","region":{"name":"Stockholm","id":141},"type":"chat"}]