[{"medal":51,"time":"2021-11-08T13:23:23+0000","type":"medal","user":{"country":"se","medals":[85,51],"zones":[7635,96772,325601,24073,96776,154654,353545,43164,43165,115439],"pointsPerHour":0,"points":2575,"blocktime":11,"taken":13,"name":"benkeror","totalPoints":2575,"rank":5,"id":351612,"place":4128,"uniqueZonesTaken":13,"region":{"name":"Stockholm","id":141}}},{"medal":85,"time":"2021-11-08T13:21:34+0000","type":"medal","user":{"country":"se","medals":[94,85],"zones":[9631],"pointsPerHour":0,"points":155,"blocktime":11,"taken":10,"name":"inte_du","totalPoints":1870,"rank":4,"id":351308,"place":4126,"uniqueZonesTaken":5,"region":{"name":"Jönköping","id":133}}},{"medal":84,"time":"2021-11-08T13:21:22+0000","type":"medal","user":{"country":"se","medals":[93,84],"zones":[229,297,94826],"pointsPerHour":0,"points":374,"blocktime":10,"taken":5,"name":"ED00","totalPoints":374,"rank":1,"id":351656,"place":4127,"uniqueZonesTaken":5,"region":{"name":"Stockholm","id":141}}},{"medal":84,"time":"2021-11-08T13:19:19+0000","type":"medal","user":{"country":"se","medals":[84],"zones":[323,232,122472,17485],"pointsPerHour":0,"points":378,"blocktime":10,"taken":5,"name":"Edvin05","totalPoints":378,"rank":1,"id":351652,"place":4123,"uniqueZonesTaken":5,"region":{"name":"Stockholm","id":141}}}]