[{"sender":{"country":"se","medals":[28,126,55,95,6,71,47,14,38,105,128],"zones":[],"pointsPerHour":0,"points":4812,"blocktime":20,"taken":11969,"name":"GhrytaBhoy","totalPoints":1421082,"rank":40,"id":255523,"place":1304,"uniqueZonesTaken":640,"region":{"name":"Västmanland","id":143}},"time":"2021-11-09T11:50:06+0000","message":"FlitigaTobbe: Jag väntar itunneln","region":{"name":"Västmanland","id":143},"type":"chat"},{"sender":{"country":"se","medals":[22,67,4,24,70,16,57,27,83,15,72,79,48,99,66,24,126,118,107,124,129],"zones":[710,41738,7755,2252,41745,41749,14870,18200,15961,296286,319449,43807,43808,41760,47652,47653,41766,41770,29166,152876,20849,319416,135932,41726,41727],"pointsPerHour":149,"points":23006,"blocktime":24,"taken":92676,"name":"FlitigaTobbe","totalPoints":15562336,"rank":58,"id":48872,"place":139,"uniqueZonesTaken":2115,"region":{"name":"Västmanland","id":143}},"time":"2021-11-09T11:49:20+0000","message":"GhrytaBhoy: ska ta en till.. ta den om du inte orkar vänta","region":{"name":"Västmanland","id":143},"type":"chat"},{"sender":{"country":"se","medals":[28,126,55,95,6,71,47,14,38,105,128],"zones":[],"pointsPerHour":0,"points":4812,"blocktime":20,"taken":11969,"name":"GhrytaBhoy","totalPoints":1421082,"rank":40,"id":255523,"place":1304,"uniqueZonesTaken":640,"region":{"name":"Västmanland","id":143}},"time":"2021-11-09T11:48:32+0000","message":"FlitigaTobbe: assist?","region":{"name":"Västmanland","id":143},"type":"chat"},{"medal":119,"time":"2021-11-09T11:36:37+0000","type":"medal","user":{"country":"se","medals":[16,22,27,67,70,83,77,68,95,59,48,68,68,4,72,79,15,126,7,104,129,119],"zones":[136386,96320,221447,61638,296268,61641,92555,110545,110544,110547,110546,110549,110548,29013,26134,110551,110550,65179,32540,224095,65181,24541,24542,412452,412451,28967,26344,24810,87661,95086,321585,24437,24439,176570,24440,63930,93629,50365,116796,96319,179645],"pointsPerHour":0,"points":34792,"blocktime":24,"taken":99998,"name":"Fenrisulven","totalPoints":22741190,"rank":58,"id":14493,"place":4478,"uniqueZonesTaken":1138,"region":{"name":"Västra Götaland","id":132}}}]