[{"sender":{"country":"se","medals":[55,15,79,28,112,7,47,24,77,123,126,104,73,128],"zones":[227075,705,708,22756,709,43591,9288,14602,21356,21357,93903,23662,21358,2257,12369,7762],"pointsPerHour":134,"points":2288,"blocktime":21,"taken":33383,"name":"carinn","totalPoints":3914630,"rank":47,"id":117795,"place":1423,"uniqueZonesTaken":2026,"region":{"name":"Västmanland","id":143}},"time":"2021-11-08T11:19:33+0000","message":"AEM: Då ordnar det sig. Dagens 5 är ju ett måste 🙌","region":{"name":"Västmanland","id":143},"type":"chat"},{"sender":{"country":"se","medals":[67,4,24,70,16,24,57,21,7,72,48,99,79,24,77,17,83,24,50,24,88,108,123,126,24,129],"zones":[115857,9681,24161,32116,26295,26296,2249,13625,7259,19693,2813],"pointsPerHour":80,"points":4757,"blocktime":22,"taken":47948,"name":"AEM","totalPoints":6230537,"rank":51,"id":48890,"place":771,"uniqueZonesTaken":2944,"region":{"name":"Västmanland","id":143}},"time":"2021-11-08T11:17:14+0000","message":"carinn: jag vill bara ha mina 5 zoner  på min lunchpromenad och undrade om jag måste gå längre bort.","region":{"name":"Västmanland","id":143},"type":"chat"},{"sender":{"country":"se","medals":[7,47,28,16,79,94,68,68,126,5,58,122,67,15,89,103,129],"zones":[80832,154317,359573,359572,78937,78938,23516,90914,23459,155110,12389,23526,51303,51304,51305,285039,32939,1453,141549,154994,23860,65974,95478,65977,8570,65978,509],"pointsPerHour":105,"points":23920,"blocktime":24,"taken":59122,"name":"vinzon","totalPoints":11937793,"rank":56,"id":187615,"place":42,"uniqueZonesTaken":1273,"region":{"name":"Södermanland","id":140}},"time":"2021-11-08T11:16:01+0000","message":"Vindturf:fick några minuter pph så tacksamt","region":{"name":"Södermanland","id":140},"type":"chat"},{"sender":{"country":"se","medals":[55,15,79,28,112,7,47,24,77,123,126,104,73,128],"zones":[227075,705,708,22756,43591,9288,14602,21356,21357,93903,23662,21358,2257,12369,7762,281714],"pointsPerHour":133,"points":2214,"blocktime":21,"taken":33382,"name":"carinn","totalPoints":3914557,"rank":47,"id":117795,"place":1449,"uniqueZonesTaken":2026,"region":{"name":"Västmanland","id":143}},"time":"2021-11-08T11:15:59+0000","message":"AEM: Nej ta dom du. Jag kör norrut här. Jag kör Bakvända. Tack för att du frågar! 🤩 Behöver du något här?","region":{"name":"Västmanland","id":143},"type":"chat"},{"medal":93,"time":"2021-11-08T11:15:31+0000","type":"medal","user":{"country":"se","medals":[93],"zones":[],"pointsPerHour":0,"points":110,"blocktime":10,"taken":1,"name":"gbgmax","totalPoints":110,"rank":0,"id":351640,"place":3971,"uniqueZonesTaken":1,"region":{"name":"Västra Götaland","id":132}}},{"medal":80,"time":"2021-11-08T11:14:33+0000","type":"medal","user":{"country":"se","medals":[85,80],"zones":[7426,21636,51607,439,21499],"pointsPerHour":0,"points":1008,"blocktime":11,"taken":15,"name":"JHD","totalPoints":2666,"rank":5,"id":351015,"place":3971,"uniqueZonesTaken":13,"region":{"name":"Västra Götaland","id":132}}}]