[{"sender":{"country":"se","medals":[5,16,27,28,57,6,47,94,117,71,104,126,14,118,128],"zones":[],"pointsPerHour":0,"points":8258,"blocktime":24,"taken":79812,"name":"m3tr0","totalPoints":16748889,"rank":58,"id":9931,"place":430,"uniqueZonesTaken":510,"region":{"name":"Södermanland","id":140}},"time":"2021-11-08T12:14:38+0000","message":"vinzon: som vanligt när vindturf är i farten. han kanske vill ta en miljon den här omgången. det var nära förra omgången. eller guld.","region":{"name":"Södermanland","id":140},"type":"chat"},{"medal":80,"time":"2021-11-08T12:10:14+0000","type":"medal","user":{"country":"se","medals":[84,80],"zones":[41760,41745,41749,41766,7755],"pointsPerHour":0,"points":668,"blocktime":10,"taken":6,"name":"kattenpolly","totalPoints":668,"rank":2,"id":351637,"place":0,"uniqueZonesTaken":6,"region":{"name":"Västmanland","id":143}}}]