[{"sender":{"country":"se","medals":[16,79,123,77,57,5,22,67,95,70,28,27,15,117,126,47,101,6,40,131],"zones":[27840,485894,114944,223846,199077,223849,15538,424277,319473,23349,20535,204347,204346,98168,92219,328504,113564],"pointsPerHour":50,"points":67075,"blocktime":22,"taken":24654,"name":"glurf","totalPoints":4473271,"rank":48,"id":253657,"place":858,"uniqueZonesTaken":2117,"region":{"name":"Skåne","id":135}},"time":"2022-03-28T06:56:42+0000","message":"Tveskägg: säker på att jag stängde appen eftersom meddelanden om Lost zones kom när jag startade nu på morgonen","region":{"name":"Skåne","id":135},"type":"chat"},{"medal":86,"time":"2022-03-28T06:56:40+0000","type":"medal","user":{"country":"se","medals":[92,51,10,93,100,86],"zones":[1023],"pointsPerHour":0,"points":5679,"blocktime":11,"taken":50,"name":"kornet","totalPoints":5679,"rank":7,"id":356935,"place":6702,"uniqueZonesTaken":33,"region":{"name":"Värmland","id":130}}},{"sender":{"country":"se","medals":[67,16,4,27,60,21,70,43,30,68,17,72,69,68,75,77,83,79,99,24,117,24,24,24,69,68,91,25,119,108,126,74,24,124,131],"zones":[11360,114946,136129,320867,138283,212777,17901,61934,33743,33744,95536,59314,1748,24309,34687],"pointsPerHour":46,"points":233294,"blocktime":24,"taken":128946,"name":"Tveskägg","totalPoints":23552054,"rank":58,"id":50274,"place":70,"uniqueZonesTaken":5832,"region":{"name":"Skåne","id":135}},"time":"2022-03-28T06:54:10+0000","message":"glurf: troligen i köket. nära i alla fall.","region":{"name":"Skåne","id":135},"type":"chat"},{"sender":{"country":"se","medals":[16,79,123,77,57,5,22,67,95,70,28,27,15,117,126,47,101,6,40,131],"zones":[27840,485894,223846,199077,223849,15538,424277,319473,23349,20535,204347,204346,98168,92219,328504,113564],"pointsPerHour":44,"points":66962,"blocktime":22,"taken":24653,"name":"glurf","totalPoints":4473160,"rank":48,"id":253657,"place":860,"uniqueZonesTaken":2117,"region":{"name":"Skåne","id":135}},"time":"2022-03-28T06:53:30+0000","message":"Tveskägg: kan vara så. Jag brukar stänga snabbt efter sista tagningen. Var var jag, hemma, eller?","region":{"name":"Skåne","id":135},"type":"chat"},{"sender":{"country":"se","medals":[67,16,4,27,60,21,70,43,30,68,17,72,69,68,75,77,83,79,99,24,117,24,24,24,69,68,91,25,119,108,126,74,24,124,131],"zones":[11360,114946,136129,320867,138283,212777,17901,61934,33743,33744,95536,59314,1748,24309,34687],"pointsPerHour":46,"points":233293,"blocktime":24,"taken":128946,"name":"Tveskägg","totalPoints":23552053,"rank":58,"id":50274,"place":70,"uniqueZonesTaken":5832,"region":{"name":"Skåne","id":135}},"time":"2022-03-28T06:52:54+0000","message":"kanske pratar lite i bakgrunden även efter att den ser ut att ha stängts?","region":{"name":"Skåne","id":135},"type":"chat"},{"sender":{"country":"se","medals":[67,16,4,27,60,21,70,43,30,68,17,72,69,68,75,77,83,79,99,24,117,24,24,24,69,68,91,25,119,108,126,74,24,124,131],"zones":[11360,114946,136129,320867,138283,212777,17901,61934,33743,33744,95536,59314,1748,24309,34687],"pointsPerHour":46,"points":233292,"blocktime":24,"taken":128946,"name":"Tveskägg","totalPoints":23552052,"rank":58,"id":50274,"place":70,"uniqueZonesTaken":5832,"region":{"name":"Skåne","id":135}},"time":"2022-03-28T06:51:48+0000","message":"glurf: hm. avslutas appen innan den pratat färdigt med servern att den stänger ner sig? kommunikation stängs av innan det är färdigpratat","region":{"name":"Skåne","id":135},"type":"chat"}]