[{"sender":{"country":"se","medals":[95,28,6,77,47,79,13,55,35,16,128,102],"zones":[929,933,30344,30346,60718,26896,26897,21137,2289,21139,21142,37142,4982,22775,4983,429693,69535,926,12383],"pointsPerHour":107,"points":55489,"blocktime":18,"taken":3772,"name":"guerro","totalPoints":575711,"rank":34,"id":335407,"place":1129,"uniqueZonesTaken":384,"region":{"name":"Östergötland","id":139}},"time":"2022-03-29T06:02:40+0000","message":"TeamGrim: 👍","region":{"name":"Östergötland","id":139},"type":"chat"},{"sender":{"country":"se","medals":[46,55,28,122,94,6,16,35,14,131,101],"zones":[218019,178400,95110,431309,80781,464874,180652,203692,22319,11568,389879,22322,110487,115065,21112,61177,37146,60730,29371,61182,927],"pointsPerHour":89,"points":48923,"blocktime":18,"taken":3125,"name":"TeamGrim","totalPoints":543943,"rank":33,"id":336584,"place":1280,"uniqueZonesTaken":552,"region":{"name":"Östergötland","id":139}},"time":"2022-03-29T06:02:05+0000","message":"guerro: ta den du! Jag har parkerat cykeln","region":{"name":"Östergötland","id":139},"type":"chat"},{"sender":{"country":"se","medals":[95,28,6,77,47,79,13,55,35,16,128,102],"zones":[929,933,30344,30346,60718,26896,26897,21137,2289,21139,21142,37142,22775,4983,429693,69535,926,12383],"pointsPerHour":100,"points":55390,"blocktime":18,"taken":3771,"name":"guerro","totalPoints":575613,"rank":34,"id":335407,"place":1132,"uniqueZonesTaken":384,"region":{"name":"Östergötland","id":139}},"time":"2022-03-29T06:00:14+0000","message":"TeamGrim: vänta? :)","region":{"name":"Östergötland","id":139},"type":"chat"},{"medal":36,"time":"2022-03-29T05:57:47+0000","type":"medal","user":{"country":"se","medals":[46,10,16,55,7,95,78,104,15,128,36],"zones":[134147,1891,97829,166,326,327,171,304,92310,42169,249,9599],"pointsPerHour":0,"points":59413,"blocktime":19,"taken":5000,"name":"ReadySteadyGå","totalPoints":754528,"rank":36,"id":308704,"place":6754,"uniqueZonesTaken":1045,"region":{"name":"Stockholm","id":141}}}]