[{"medal":53,"time":"2022-03-28T10:08:21+0000","type":"medal","user":{"country":"se","medals":[93,100,127,34,12,53],"zones":[176834,176833,210695,22791,317261,22793,22794,331,204239,64852,18711,476767,55960,114521,18712,18713,476765,122331,23642,90979,90978,56621,56622,31918,329195,174962,176315,177529,154233,409528],"pointsPerHour":0,"points":43791,"blocktime":17,"taken":1565,"name":"jiraffen","totalPoints":392488,"rank":31,"id":4874,"place":6715,"uniqueZonesTaken":106,"region":{"name":"Stockholm","id":141}}},{"medal":84,"time":"2022-03-28T10:04:59+0000","type":"medal","user":{"country":"gb","medals":[80,84],"zones":[351396,381415,351395,359119,344168],"pointsPerHour":0,"points":761,"blocktime":10,"taken":5,"name":"RuthM","totalPoints":761,"rank":3,"id":357228,"place":6715,"uniqueZonesTaken":5,"region":{"name":"North West England","id":201}}},{"medal":80,"time":"2022-03-28T10:04:59+0000","type":"medal","user":{"country":"gb","medals":[80,84],"zones":[351396,381415,351395,359119,344168],"pointsPerHour":0,"points":761,"blocktime":10,"taken":5,"name":"RuthM","totalPoints":761,"rank":3,"id":357228,"place":6715,"uniqueZonesTaken":5,"region":{"name":"North West England","id":201}}}]