[{"medal":86,"time":"2022-03-28T05:34:21+0000","type":"medal","user":{"country":"se","medals":[80,92,93,67,86],"zones":[24082],"pointsPerHour":0,"points":840,"blocktime":11,"taken":50,"name":"blåsan","totalPoints":6044,"rank":7,"id":353313,"place":6695,"uniqueZonesTaken":20,"region":{"name":"Stockholm","id":141}}},{"medal":104,"time":"2022-03-28T05:32:31+0000","type":"medal","user":{"country":"se","medals":[67,79,16,122,28,14,4,48,57,77,68,95,6,117,40,131,104],"zones":[1856,31814,182084,228425,31819,31820,31822,30798,43795,467,297047,11669,11670,79384,79516,43741,862,43742,79518,62369,43746,43747,43748,27108,8549,478049,64682,11499,11500,557,11822,8942,33711,559,46895,689,33720,477435,233343,28285,136188,2559],"pointsPerHour":0,"points":245757,"blocktime":21,"taken":22518,"name":"mattihp","totalPoints":2983559,"rank":45,"id":10151,"place":6695,"uniqueZonesTaken":920,"region":{"name":"Uppsala","id":142}}},{"medal":31,"time":"2022-03-28T05:29:32+0000","type":"medal","user":{"country":"se","medals":[80,93,92,31],"zones":[26615,139576],"pointsPerHour":0,"points":4795,"blocktime":11,"taken":25,"name":"ekobot","totalPoints":4795,"rank":6,"id":356738,"place":6695,"uniqueZonesTaken":17,"region":{"name":"Östergötland","id":139}}}]