[{"medal":86,"time":"2022-11-01T16:39:17+0000","type":"medal","user":{"country":"fi","medals":[92,51,5,86],"zones":[38248],"pointsPerHour":0,"points":80,"blocktime":705,"taken":50,"name":"rence","totalPoints":6513,"rank":7,"id":374815,"place":8292,"uniqueZonesTaken":31,"region":{"name":"Åland","id":177}}},{"sender":{"country":"se","medals":[46,10,16,67,117,5,17,116,7,4,79,77,70,102,57,27,131,124,22,50,38],"zones":[139074,139072,136326,286146,115408,24017,90131,20818,1106,29523,91602,224023,202014,96350,42080,27683,26276,94503,1255,475118,12075,92845,91692,91695,15343,65077,7542,108984,430136],"pointsPerHour":60,"points":169073,"blocktime":1215,"taken":10320,"name":"stenensthlm","totalPoints":1545546,"rank":41,"id":355167,"place":319,"uniqueZonesTaken":3014,"region":{"name":"Stockholm","id":141}},"time":"2022-11-01T16:37:22+0000","message":"jaro2: samma för mig fast byte till Stockholm 😀","region":{"name":"Kalmar","id":137},"type":"chat"},{"sender":{"country":"se","medals":[16,70,79,67,127,123,72,58,48,4,77,22,83,7,15,35,94,27,102,117],"zones":[137538,137539,137537,137540,24844,496522,113489,141522,14416,8467,137556,12054,8471,21722,45087,8806,154731,2860,20909,95283,136244,7737,138939,394876,141689,380,8893,94079,479225],"pointsPerHour":71,"points":54323,"blocktime":1125,"taken":3808,"name":"jaro2","totalPoints":662287,"rank":35,"id":366227,"place":1450,"uniqueZonesTaken":1326,"region":{"name":"Örebro","id":131}},"time":"2022-11-01T16:36:26+0000","message":"stenensthlm: Trevligt! Jag kom precis från Karlskrona. Jag ska till Alvesta sedan byter jag till snabbtåget mot Mjölby! :)","region":{"name":"Kalmar","id":137},"type":"chat"}]