[{"sender":{"country":"se","medals":[70,77,4,67,30,79,83,16,72,91,24,59,21,75,26,27,117,124,99,24,126,107,24,88,50,130],"zones":[306536],"pointsPerHour":1,"points":89348,"blocktime":1395,"taken":47037,"name":"PelSjo","totalPoints":7690038,"rank":53,"id":183576,"place":877,"uniqueZonesTaken":2606,"region":{"name":"Västerbotten","id":127}},"time":"2022-11-01T11:31:47+0000","message":"LeiLar: Höga stövlar?","region":{"name":"Västerbotten","id":127},"type":"chat"},{"medal":92,"time":"2022-11-01T11:29:26+0000","type":"medal","user":{"country":"se","medals":[85,51,90,92],"zones":[176038,515201,28886,43753,16889,16893,767],"pointsPerHour":0,"points":2986,"blocktime":690,"taken":15,"name":"Fler","totalPoints":3578,"rank":6,"id":320051,"place":8266,"uniqueZonesTaken":15,"region":{"name":"Jönköping","id":133}}}]