[{"medal":42,"time":"2021-09-28T12:43:41+0000","type":"medal","user":{"country":"se","medals":[51,94,6,100,11,42],"zones":[77040,24481,24482,33427,24483,33428,27127,26887,117899,148856,66127],"pointsPerHour":0,"points":16623,"blocktime":14,"taken":250,"name":"turfruft","totalPoints":64145,"rank":16,"id":335048,"place":9630,"uniqueZonesTaken":92,"region":{"name":"Kronoberg","id":147}}},{"medal":92,"time":"2021-09-28T12:41:19+0000","type":"medal","user":{"country":"gb","medals":[51,85,92],"zones":[217992,14571,14572,169167,14573,14574,14640,322485,14642,64340,324594,328316,62169,322488],"pointsPerHour":0,"points":1898,"blocktime":11,"taken":15,"name":"Fezjivebunny","totalPoints":1898,"rank":4,"id":347011,"place":9630,"uniqueZonesTaken":15,"region":{"name":"Scotland","id":200}}}]