[{"medal":84,"time":"2023-04-11T15:33:22+0000","type":"medal","user":{"country":"se","medals":[84],"zones":[476839,207235,26016,51557],"pointsPerHour":0,"points":869,"blocktime":10,"taken":5,"name":"bio","totalPoints":869,"rank":3,"id":388001,"place":5804,"uniqueZonesTaken":5,"region":{"name":"Skåne","id":135}}},{"medal":31,"time":"2023-04-11T15:33:16+0000","type":"medal","user":{"country":"se","medals":[80,94,100,31],"zones":[227792,397598,9643,9645],"pointsPerHour":0,"points":2548,"blocktime":11,"taken":25,"name":"Miniplutten","totalPoints":5445,"rank":6,"id":384842,"place":5804,"uniqueZonesTaken":14,"region":{"name":"Dalarna","id":129}}},{"medal":100,"time":"2023-04-11T15:28:03+0000","type":"medal","user":{"country":"fi","medals":[93,84,100],"zones":[],"pointsPerHour":0,"points":1506,"blocktime":11,"taken":8,"name":"Bayernstar","totalPoints":1506,"rank":4,"id":388109,"place":5804,"uniqueZonesTaken":4,"region":{"name":"Åland","id":177}}}]