[{"sender":{"country":"se","medals":[70,72,77,57,16,95,79,7,15,22,126,67,48,127,88,122,106,4],"zones":[57730,463109,57731,318439,180614,516963,14533,180613,21927,21929,21931,21933,496595,224342,97336,44571],"pointsPerHour":23,"points":19516,"blocktime":23,"taken":48387,"name":"Runkeeper","totalPoints":6922307,"rank":52,"id":165048,"place":1032,"uniqueZonesTaken":1883,"region":{"name":"Västerbotten","id":127}},"time":"2023-04-10T05:50:22+0000","message":"EQ: zzsz2⅖zaS,fs2s, 2,SZD2r","type":"chat"},{"country":"se","sender":{"country":"se","medals":[70,72,77,57,16,95,79,7,15,22,126,67,48,127,88,122,106,4],"zones":[57730,463109,57731,318439,180614,516963,14533,180613,21927,21929,21931,21933,496595,224342,97336,44571],"pointsPerHour":23,"points":19515,"blocktime":23,"taken":48387,"name":"Runkeeper","totalPoints":6922306,"rank":52,"id":165048,"place":1032,"uniqueZonesTaken":1883,"region":{"name":"Västerbotten","id":127}},"time":"2023-04-10T05:46:58+0000","message":"EQ:","type":"chat"},{"medal":35,"time":"2023-04-10T05:29:45+0000","type":"medal","user":{"country":"se","medals":[46,54,93,67,13,28,100,35],"zones":[20849,37244],"pointsPerHour":0,"points":4889,"blocktime":17,"taken":2500,"name":"Deltafive","totalPoints":289704,"rank":29,"id":155682,"place":5526,"uniqueZonesTaken":319,"region":{"name":"Västmanland","id":143}}}]