[{"sender":{"country":"se","medals":[79,28,57,22,15,124,99,16,62,126,4,107,70,77,75,127,66,68,38],"zones":[],"pointsPerHour":0,"points":158,"blocktime":20,"taken":10991,"name":"dixern","totalPoints":1653605,"rank":41,"id":122767,"place":5642,"uniqueZonesTaken":1831,"region":{"name":"Uppsala","id":142}},"time":"2023-04-11T11:37:05+0000","message":"Haquin: \u201dhär\u201d som i turf?","region":{"name":"Uppsala","id":142},"type":"chat"},{"sender":{"country":"se","medals":[100,52,16,11,42,95],"zones":[564204,96665,21354,139262,563205,563686],"pointsPerHour":18,"points":18370,"blocktime":14,"taken":337,"name":"Superstegaren","totalPoints":76503,"rank":18,"id":384706,"place":1310,"uniqueZonesTaken":65,"region":{"name":"Stockholm","id":141}},"time":"2023-04-11T11:33:48+0000","message":"MrBreadhead: Nu ska vi ut!","region":{"name":"Stockholm","id":141},"type":"chat"}]