[{"medal":32,"time":"2023-04-11T16:58:58+0000","type":"medal","user":{"country":"se","medals":[95,92,100,77,22,46,52,90,32],"zones":[31586,31592,9739,31787,31788,139407,451595,9423,21168,9424,21169,21170,9651,570140,31416,318751,28863,11263],"pointsPerHour":0,"points":6495,"blocktime":12,"taken":100,"name":"Jr.Griffin","totalPoints":16277,"rank":10,"id":369516,"place":5822,"uniqueZonesTaken":41,"region":{"name":"Dalarna","id":129}}},{"medal":84,"time":"2023-04-11T16:58:41+0000","type":"medal","user":{"country":"se","medals":[93,84],"zones":[24208,44100,44101,200299],"pointsPerHour":0,"points":671,"blocktime":10,"taken":5,"name":"mrkiddo","totalPoints":671,"rank":2,"id":388193,"place":5822,"uniqueZonesTaken":5,"region":{"name":"Västmanland","id":143}}},{"sender":{"country":"se","medals":[67,5,47,56,28,16,6,94,14,35,78,104,129],"zones":[34705,95376,155328,152561,114517,50167,93194,556788,86414],"pointsPerHour":10,"points":13324,"blocktime":18,"taken":3371,"name":"HerrNilsson83","totalPoints":695155,"rank":35,"id":355113,"place":1776,"uniqueZonesTaken":646,"region":{"name":"Kalmar","id":137}},"time":"2023-04-11T16:57:23+0000","message":"ovalfyrkant: Ös på! 😀","region":{"name":"Kalmar","id":137},"type":"chat"},{"medal":37,"time":"2023-04-11T16:52:06+0000","type":"medal","user":{"country":"se","medals":[52,117,12,126,95,102,130,37],"zones":[319200,55990,43756,63021,19711],"pointsPerHour":0,"points":7998,"blocktime":19,"taken":7500,"name":"poppsan1","totalPoints":1188693,"rank":39,"id":252607,"place":5822,"uniqueZonesTaken":126,"region":{"name":"Gävleborg","id":144}}}]