[{"medal":31,"time":"2023-04-11T12:27:30+0000","type":"medal","user":{"country":"fi","medals":[80,100,92,95,31],"zones":[176152,182189],"pointsPerHour":0,"points":3538,"blocktime":11,"taken":25,"name":"SpacestarÅland","totalPoints":3538,"rank":6,"id":388110,"place":5781,"uniqueZonesTaken":21,"region":{"name":"Åland","id":177}}},{"medal":85,"time":"2023-04-11T12:27:24+0000","type":"medal","user":{"country":"se","medals":[94,85],"zones":[43712,23810,11462,180565],"pointsPerHour":0,"points":1456,"blocktime":11,"taken":10,"name":"ttan","totalPoints":1456,"rank":4,"id":388119,"place":5781,"uniqueZonesTaken":5,"region":{"name":"Uppsala","id":142}}},{"medal":85,"time":"2023-04-11T12:25:32+0000","type":"medal","user":{"country":"se","medals":[80,85],"zones":[1735],"pointsPerHour":0,"points":80,"blocktime":11,"taken":10,"name":"LinBur","totalPoints":2103,"rank":5,"id":384337,"place":5781,"uniqueZonesTaken":8,"region":{"name":"Västerbotten","id":127}}},{"medal":6,"time":"2023-04-11T12:25:14+0000","type":"medal","user":{"country":"se","medals":[94,86,51,101,11,6],"zones":[],"pointsPerHour":0,"points":2278,"blocktime":12,"taken":94,"name":"안토니아","totalPoints":20289,"rank":11,"id":383323,"place":5780,"uniqueZonesTaken":63,"region":{"name":"Skåne","id":135}}},{"medal":94,"time":"2023-04-11T12:24:33+0000","type":"medal","user":{"country":"se","medals":[84,94],"zones":[23810,11462,180565],"pointsPerHour":0,"points":1329,"blocktime":11,"taken":9,"name":"ttan","totalPoints":1329,"rank":4,"id":388119,"place":5780,"uniqueZonesTaken":4,"region":{"name":"Uppsala","id":142}}},{"medal":127,"time":"2023-04-11T12:23:18+0000","type":"medal","user":{"country":"se","medals":[100,52,16,11,42,95,127],"zones":[564204,2420,96676,41685,96665,21354,481867,139262,563205,563686],"pointsPerHour":0,"points":18965,"blocktime":14,"taken":341,"name":"Superstegaren","totalPoints":77098,"rank":18,"id":384706,"place":5779,"uniqueZonesTaken":65,"region":{"name":"Stockholm","id":141}}}]