[{"medal":85,"time":"2023-03-14T11:46:12+0000","type":"medal","user":{"country":"se","medals":[80,85],"zones":[74404,950,12487,1593,1595,6077,554325,24190],"pointsPerHour":0,"points":938,"blocktime":10,"taken":10,"name":"LokeTheRaccoon","totalPoints":938,"rank":3,"id":387085,"place":5249,"uniqueZonesTaken":10,"region":{"name":"Kalmar","id":137}}},{"medal":85,"time":"2023-03-14T11:39:53+0000","type":"medal","user":{"country":"se","medals":[93,85],"zones":[19315,9702,24186],"pointsPerHour":0,"points":511,"blocktime":10,"taken":10,"name":"Darthnox","totalPoints":1044,"rank":3,"id":342009,"place":5249,"uniqueZonesTaken":9,"region":{"name":"Kalmar","id":137}}}]