[{"medal":77,"time":"2023-03-14T12:38:18+0000","type":"medal","user":{"country":"se","medals":[6,94,12,53,102,33,28,127,79,77],"zones":[485830,12099,95106,595,17668,37144,30346,9514,64254,927],"pointsPerHour":0,"points":24396,"blocktime":15,"taken":634,"name":"Oh-Jay","totalPoints":110846,"rank":20,"id":368119,"place":5254,"uniqueZonesTaken":247,"region":{"name":"Östergötland","id":139}}},{"medal":92,"time":"2023-03-14T12:32:17+0000","type":"medal","user":{"country":"se","medals":[80,31,92],"zones":[115425,12129,325574,483922,41721,41722,41723,29516,41725],"pointsPerHour":0,"points":6266,"blocktime":11,"taken":26,"name":"MallanC","totalPoints":7627,"rank":7,"id":386747,"place":5254,"uniqueZonesTaken":15,"region":{"name":"Stockholm","id":141}}}]