[{"sender":{"country":"se","medals":[67,9,16,24,22,57,48,24,72,79,77,24,66,26,24,17,116,83,117,24,24,50,24,17,4,24,111,24,27,124,126,118,17,130,17],"zones":[43415,5623,24585,12025,29213,22238],"pointsPerHour":28,"points":24760,"blocktime":24,"taken":98857,"name":"VÄDUREN","totalPoints":12306144,"rank":56,"id":92950,"place":268,"uniqueZonesTaken":4147,"region":{"name":"Västmanland","id":143}},"time":"2022-09-06T12:03:47+0000","message":"Eskimonika: vi är på Dannes pub","region":{"name":"Örebro","id":131},"type":"chat"},{"medal":46,"time":"2022-09-06T12:01:57+0000","type":"medal","user":{"country":"se","medals":[92,90,86,53,46],"zones":[125314,95749,81288,111883,30283,327947,30287,30289,306646,90867,90869,90868,15511,90870,7480,7481,15514,15515,131900],"pointsPerHour":0,"points":8529,"blocktime":12,"taken":86,"name":"Lill_Alex","totalPoints":16821,"rank":10,"id":369397,"place":5167,"uniqueZonesTaken":40,"region":{"name":"Skåne","id":135}}},{"medal":84,"time":"2022-09-06T11:56:50+0000","type":"medal","user":{"country":"se","medals":[93,84],"zones":[84668],"pointsPerHour":0,"points":478,"blocktime":10,"taken":5,"name":"Hästballen","totalPoints":478,"rank":2,"id":372176,"place":5162,"uniqueZonesTaken":4,"region":{"name":"Kalmar","id":137}}}]