[{"medal":84,"time":"2022-09-05T08:36:36+0000","type":"medal","user":{"country":"se","medals":[84],"zones":[43200,354],"pointsPerHour":0,"points":375,"blocktime":10,"taken":5,"name":"rudiger","totalPoints":375,"rank":1,"id":371874,"place":4196,"uniqueZonesTaken":5,"region":{"name":"Örebro","id":131}}},{"medal":84,"time":"2022-09-05T08:36:12+0000","type":"medal","user":{"country":"se","medals":[95,84],"zones":[3109,278594,93145,488940],"pointsPerHour":0,"points":991,"blocktime":10,"taken":5,"name":"Leicester","totalPoints":991,"rank":3,"id":371875,"place":4195,"uniqueZonesTaken":5,"region":{"name":"Värmland","id":130}}},{"sender":{"country":"se","medals":[67,9,16,24,22,57,48,24,72,79,77,24,66,26,24,17,116,83,117,24,24,50,24,17,4,24,111,24,27,124,126,118,17,130,17],"zones":[22338,62306,5572,2246,11656,63690,31948,63692,12015,12368,8949,18677,27801,8313,569,27802,139416,138172,63742,63743],"pointsPerHour":148,"points":13544,"blocktime":24,"taken":98761,"name":"VÄDUREN","totalPoints":12294929,"rank":56,"id":92950,"place":285,"uniqueZonesTaken":4147,"region":{"name":"Västmanland","id":143}},"time":"2022-09-05T08:36:01+0000","message":"Gurra98: Bra initiativ 👍","region":{"name":"Västmanland","id":143},"type":"chat"},{"medal":93,"time":"2022-09-05T08:35:31+0000","type":"medal","user":{"country":"se","medals":[93],"zones":[],"pointsPerHour":0,"points":155,"blocktime":10,"taken":1,"name":"taley","totalPoints":155,"rank":0,"id":371622,"place":4194,"uniqueZonesTaken":1,"region":{"name":"Stockholm","id":141}}},{"sender":{"country":"se","medals":[79,77,16,95,127,107,124,48,58,22,68,72,50,7,41],"zones":[22754,34119,5577,489,31981,494,5583,9711,9712,31345,9715,24183,78969,220410,6843,31806],"pointsPerHour":120,"points":2443,"blocktime":21,"taken":25402,"name":"Gurra98","totalPoints":3883574,"rank":47,"id":298894,"place":1452,"uniqueZonesTaken":2754,"region":{"name":"Västmanland","id":143}},"time":"2022-09-05T08:34:45+0000","message":"VÄDUREN: ja åker för det mesta bil. eftersom jag brukar börja 06:00. Men idag börja jag 11:00","region":{"name":"Västmanland","id":143},"type":"chat"},{"sender":{"country":"se","medals":[67,9,16,24,22,57,48,24,72,79,77,24,66,26,24,17,116,83,117,24,24,50,24,17,4,24,111,24,27,124,126,118,17,130,17],"zones":[22338,62306,5572,11656,63690,31948,63692,12015,12368,8949,27801,8313,569,27802,139416,138172,63742,63743],"pointsPerHour":130,"points":13407,"blocktime":24,"taken":98759,"name":"VÄDUREN","totalPoints":12294791,"rank":56,"id":92950,"place":285,"uniqueZonesTaken":4147,"region":{"name":"Västmanland","id":143}},"time":"2022-09-05T08:32:46+0000","message":"Gurra98: vilken lång väg till jobbet 😄","region":{"name":"Västmanland","id":143},"type":"chat"}]