[{"medal":51,"time":"2022-09-06T09:05:34+0000","type":"medal","user":{"country":"se","medals":[93,85,51],"zones":[96196,153290,153288,153289,61179,12316,96188,206350,515193,138541],"pointsPerHour":0,"points":2156,"blocktime":11,"taken":12,"name":"JOHNparra","totalPoints":2156,"rank":5,"id":372285,"place":5054,"uniqueZonesTaken":12,"region":{"name":"Värmland","id":130}}},{"medal":84,"time":"2022-09-06T09:04:45+0000","type":"medal","user":{"country":"se","medals":[80,84],"zones":[19216,54902,5433,5435,3214],"pointsPerHour":0,"points":422,"blocktime":10,"taken":5,"name":"Arko123","totalPoints":422,"rank":2,"id":372316,"place":5053,"uniqueZonesTaken":5,"region":{"name":"Södermanland","id":140}}},{"medal":80,"time":"2022-09-06T09:04:45+0000","type":"medal","user":{"country":"se","medals":[80,84],"zones":[19216,54902,5433,5435,3214],"pointsPerHour":0,"points":422,"blocktime":10,"taken":5,"name":"Arko123","totalPoints":422,"rank":2,"id":372316,"place":5053,"uniqueZonesTaken":5,"region":{"name":"Södermanland","id":140}}},{"medal":84,"time":"2022-09-06T09:04:05+0000","type":"medal","user":{"country":"se","medals":[84],"zones":[3108,3110,3111,3112],"pointsPerHour":0,"points":822,"blocktime":10,"taken":5,"name":"Manne.g","totalPoints":822,"rank":3,"id":372284,"place":5052,"uniqueZonesTaken":5,"region":{"name":"Värmland","id":130}}},{"medal":80,"time":"2022-09-06T09:02:37+0000","type":"medal","user":{"country":"se","medals":[84,80],"zones":[11654,43644,43645,162972,43647],"pointsPerHour":0,"points":861,"blocktime":10,"taken":6,"name":"AlexBerg","totalPoints":861,"rank":3,"id":370864,"place":5052,"uniqueZonesTaken":5,"region":{"name":"Västmanland","id":143}}},{"medal":46,"time":"2022-09-06T09:00:21+0000","type":"medal","user":{"country":"de","medals":[6,93,128,78,55,13,28,16,34,103,46],"zones":[362208,14247,396398,387565,430606,387564,430604,387566,430605,381737,408874,430612,387569,430610,387568,430611,387551,37854,200349,200348],"pointsPerHour":0,"points":11258,"blocktime":18,"taken":1667,"name":"Toot","totalPoints":473645,"rank":32,"id":354509,"place":5052,"uniqueZonesTaken":397,"region":{"name":"Hamburg","id":439}}}]