[{"sender":{"country":"se","medals":[78,70,6,14,94,24,90,46,117,55,131,38,5,102,67,77],"zones":[7937,179432,7083,36429,36431,36432,24048,36433,91988,7061,7160,1213,25342],"pointsPerHour":67,"points":6352,"blocktime":21,"taken":14073,"name":"Svensings","totalPoints":2785187,"rank":45,"id":288002,"place":1040,"uniqueZonesTaken":877,"region":{"name":"Stockholm","id":141}},"time":"2022-09-05T21:43:29+0000","message":"JimmyAIK94: snabbt jag har en kvart kvar😎","region":{"name":"Stockholm","id":141},"type":"chat"},{"sender":{"country":"se","medals":[126,16,95,5,14,67,122,128,6,38,47,57,104,79,28,24],"zones":[117728,7137,7076,7142,7143,33129,11276,333,37103,11605,7157,97844,7158,7070,7135,25343],"pointsPerHour":97,"points":4154,"blocktime":21,"taken":14811,"name":"JimmyAIK94","totalPoints":2602239,"rank":44,"id":267637,"place":1457,"uniqueZonesTaken":906,"region":{"name":"Stockholm","id":141}},"time":"2022-09-05T21:42:36+0000","message":"Svensings: klar","region":{"name":"Stockholm","id":141},"type":"chat"},{"sender":{"country":"se","medals":[78,70,6,14,94,24,90,46,117,55,131,38,5,102,67,77],"zones":[36432,7937,91988,7160,179432,7083,36429,25342,36431],"pointsPerHour":41,"points":5926,"blocktime":21,"taken":14069,"name":"Svensings","totalPoints":2784760,"rank":45,"id":288002,"place":1109,"uniqueZonesTaken":877,"region":{"name":"Stockholm","id":141}},"time":"2022-09-05T21:25:07+0000","message":"JimmyAIK94: jo får hålla igång🏃\u200d♂️","region":{"name":"Stockholm","id":141},"type":"chat"}]