[{"sender":{"country":"se","medals":[16,70,24,77,83,67,7,79,72,15,60,21,117,122,27,24,99,24,126,4,106,75,73,132],"zones":[22800,42689,15393,600,122861,42940,31565,5406],"pointsPerHour":64,"points":9894,"blocktime":22,"taken":34798,"name":"Zandro","totalPoints":4855147,"rank":49,"id":224988,"place":353,"uniqueZonesTaken":2125,"region":{"name":"Västerbotten","id":127}},"time":"2022-09-05T00:21:05+0000","message":"TurfTalk:","region":{"name":"Västerbotten","id":127},"type":"chat"},{"medal":5,"time":"2022-09-05T00:15:44+0000","type":"medal","user":{"country":"se","medals":[93,51,79,100,67,33,11,5],"zones":[117562,13676,37246],"pointsPerHour":0,"points":1258,"blocktime":15,"taken":966,"name":"Tangen1970","totalPoints":124130,"rank":21,"id":285679,"place":3882,"uniqueZonesTaken":64,"region":{"name":"Stockholm","id":141}}}]