[{"sender":{"country":"se","medals":[5,16,27,28,57,6,47,94,117,71,104,126,14,118,129],"zones":[23459,51299,12388,1448,12520,1449,224073,32939,27947,1452,1453,1455,11953,23860,17497,8570,8474,65979,426269,23516,143964,224509],"pointsPerHour":97,"points":19645,"blocktime":1470,"taken":81450,"name":"m3tr0","totalPoints":17043154,"rank":58,"id":9931,"place":246,"uniqueZonesTaken":511,"region":{"name":"Södermanland","id":140}},"time":"2022-01-04T17:44:22+0000","message":"vinzon: blir det regionsmedalj den här omgången?","region":{"name":"Södermanland","id":140},"type":"chat"},{"medal":86,"time":"2022-01-04T17:42:29+0000","type":"medal","user":{"country":"se","medals":[51,92,86],"zones":[3476,1832,80633,92200,24507,80285,80302],"pointsPerHour":0,"points":9020,"blocktime":720,"taken":50,"name":"ChristyMack","totalPoints":9020,"rank":8,"id":353302,"place":4266,"uniqueZonesTaken":28,"region":{"name":"Örebro","id":131}}},{"sender":{"country":"se","medals":[93,51,11,6,42],"zones":[],"pointsPerHour":0,"points":892,"blocktime":825,"taken":290,"name":"Zanfi","totalPoints":52727,"rank":15,"id":296738,"place":3225,"uniqueZonesTaken":94,"region":{"name":"Stockholm","id":141}},"time":"2022-01-04T17:42:03+0000","message":"Har föreslagit ny Zon på Fyrverkarbacken i Marieberg. Nära huset Tage Erlander bodde i. Därav namnet \u201dErlander\u201d","region":{"name":"Stockholm","id":141},"type":"chat"},{"medal":80,"time":"2022-01-04T17:37:49+0000","type":"medal","user":{"country":"se","medals":[80,84],"zones":[9713,5570,9714,337249,5583],"pointsPerHour":0,"points":525,"blocktime":630,"taken":5,"name":"Atococe","totalPoints":525,"rank":2,"id":353380,"place":4266,"uniqueZonesTaken":5,"region":{"name":"Västmanland","id":143}}},{"medal":84,"time":"2022-01-04T17:37:49+0000","type":"medal","user":{"country":"se","medals":[80,84],"zones":[9713,5570,9714,337249,5583],"pointsPerHour":0,"points":525,"blocktime":630,"taken":5,"name":"Atococe","totalPoints":525,"rank":2,"id":353380,"place":4266,"uniqueZonesTaken":5,"region":{"name":"Västmanland","id":143}}}]