[{"medal":80,"time":"2022-01-04T06:53:17+0000","type":"medal","user":{"country":"se","medals":[84,80],"zones":[7712,7473,132035,24082,7317],"pointsPerHour":0,"points":618,"blocktime":630,"taken":6,"name":"blåsan","totalPoints":618,"rank":2,"id":353313,"place":3946,"uniqueZonesTaken":5,"region":{"name":"Stockholm","id":141}}},{"medal":84,"time":"2022-01-04T06:51:11+0000","type":"medal","user":{"country":"se","medals":[84],"zones":[7712,7473,24082,7317],"pointsPerHour":0,"points":537,"blocktime":630,"taken":5,"name":"blåsan","totalPoints":537,"rank":2,"id":353313,"place":3945,"uniqueZonesTaken":4,"region":{"name":"Stockholm","id":141}}},{"sender":{"country":"uk","medals":[16,28,79,47,58,67,35,13],"zones":[13408,13409,399655,349025,349603,373388,349071,381423,351403,354709,354708,349072,349053,349054,349051],"pointsPerHour":20,"points":4008,"blocktime":1170,"taken":3018,"name":"FoxRedLab","totalPoints":989776,"rank":38,"id":316178,"place":1390,"uniqueZonesTaken":267,"region":{"name":"North West England","id":201}},"time":"2022-01-04T06:34:50+0000","message":"ogirlSROC: Sounds good. Not really sure what\u2019s involved in a turf event if I\u2019m honest!","region":{"name":"North West England","id":201},"type":"chat"}]