[{"medal":84,"time":"2022-01-03T14:51:03+0000","type":"medal","user":{"country":"uk","medals":[93,84],"zones":[348567,348566],"pointsPerHour":0,"points":1333,"blocktime":660,"taken":6,"name":"RRcoolio2708","totalPoints":1333,"rank":4,"id":352982,"place":4148,"uniqueZonesTaken":6,"region":{"name":"North West England","id":201}}},{"sender":{"country":"se","medals":[33,54,7,13],"zones":[],"pointsPerHour":0,"points":202,"blocktime":960,"taken":819,"name":"amen","totalPoints":160069,"rank":24,"id":28136,"place":3532,"uniqueZonesTaken":297,"region":{"name":"Skåne","id":135}},"time":"2022-01-03T14:49:00+0000","message":"MrSpock: 👍🏻","region":{"name":"Skåne","id":135},"type":"chat"},{"medal":101,"time":"2022-01-03T14:47:45+0000","type":"medal","user":{"country":"uk","medals":[93,90,11,16,53,32,101],"zones":[],"pointsPerHour":0,"points":1175,"blocktime":840,"taken":219,"name":"fourmi","totalPoints":61963,"rank":16,"id":311842,"place":4146,"uniqueZonesTaken":96,"region":{"name":"South East England","id":205}}},{"medal":55,"time":"2022-01-03T14:45:29+0000","type":"medal","user":{"country":"uk","medals":[16,86,11,55],"zones":[15880,15881,12553,15882,15884,15885,15377,389274,138141,15777,15779,15780,15782,318251,14640,322488,173250,173251,62915,169158,169159,173252,169160,476489,324432,368465,64340,173271,173269,448222,320605,173275,320606,14554,16988,14556,16989,14557,14559,14562,16997,16998,16999,17000,17001,389871,17002,14571,323698,346745],"pointsPerHour":0,"points":11264,"blocktime":735,"taken":75,"name":"Lobsterhuntyr","totalPoints":14780,"rank":9,"id":353252,"place":4144,"uniqueZonesTaken":72,"region":{"name":"Scotland","id":200}}}]