[{"sender":{"country":"se","medals":[95,28,6,101,77,47,79,13,55,35,16],"zones":[97795,97796,934,95110,201380,431309,907,180652,21135,21136,22322,4979,2291,21112,37146],"pointsPerHour":79,"points":14138,"blocktime":1080,"taken":2702,"name":"guerro","totalPoints":410195,"rank":32,"id":335407,"place":201,"uniqueZonesTaken":352,"region":{"name":"Östergötland","id":139}},"time":"2022-01-03T15:26:32+0000","message":"boerjo: Ja, du!","region":{"name":"Östergötland","id":139},"type":"chat"},{"sender":{"country":"se","medals":[16,22,70,67,7,77,79,17,50,48,28,17,24,109,124,83,89,58,17,114,127],"zones":[61189,61190,9422,92015,7279,12432,7280,8627,8756,17749,1461,8629,8757,8760,761,762,24028,17756,64957],"pointsPerHour":97,"points":9492,"blocktime":1425,"taken":57359,"name":"MoraIK","totalPoints":10085341,"rank":55,"id":158799,"place":428,"uniqueZonesTaken":4632,"region":{"name":"Dalarna","id":129}},"time":"2022-01-03T15:26:06+0000","message":"vanderbelgien: strandrunn till runnstrand på 1 minut 55 sekunder.  Det verkar snabbt, hur gjorde du?","region":{"name":"Dalarna","id":129},"type":"chat"},{"sender":{"country":"se","medals":[46,28,54,6,16,102,94,34,79,13],"zones":[21141,1782,69894,154250,134202,134201,908,60732,464874,8157],"pointsPerHour":41,"points":4226,"blocktime":1050,"taken":2074,"name":"boerjo","totalPoints":324816,"rank":30,"id":335706,"place":1082,"uniqueZonesTaken":272,"region":{"name":"Östergötland","id":139}},"time":"2022-01-03T15:25:28+0000","message":"Cyklar for fort","region":{"name":"Östergötland","id":139},"type":"chat"},{"medal":10,"time":"2022-01-03T15:24:47+0000","type":"medal","user":{"country":"se","medals":[95,51,32,102,12,10],"zones":[134258,45158,36711,62568,80632,20953,62220,11324,11373,62221],"pointsPerHour":0,"points":3372,"blocktime":795,"taken":177,"name":"MrsPiplup","totalPoints":33167,"rank":13,"id":351512,"place":4174,"uniqueZonesTaken":103,"region":{"name":"Örebro","id":131}}},{"medal":12,"time":"2022-01-03T15:24:29+0000","type":"medal","user":{"country":"se","medals":[93,100,53,32,127,12],"zones":[75906,223799,63862,143530,44746,44747,143529,44748,44749],"pointsPerHour":0,"points":5680,"blocktime":795,"taken":153,"name":"Dengroth","totalPoints":32000,"rank":13,"id":352260,"place":4173,"uniqueZonesTaken":100,"region":{"name":"Halland","id":134}}},{"sender":{"country":"wd","medals":[16,79,28,57,17,116,66,77,4,70,107,48,22,50,24,123,126,88,128],"zones":[15632,139840,44212,139838,139839,139837],"pointsPerHour":20,"points":1659,"blocktime":1410,"taken":44582,"name":"elgurro","totalPoints":8246205,"rank":54,"id":110186,"place":2061,"uniqueZonesTaken":3651,"region":{"name":"Spain","id":211}},"time":"2022-01-03T15:23:19+0000","message":"zinkcity: simmar du ut","region":{"name":"Spain","id":211},"type":"chat"},{"medal":80,"time":"2022-01-03T15:22:13+0000","type":"medal","user":{"country":"uk","medals":[93,84,80],"zones":[348567,348566,348342,351062,348331],"pointsPerHour":0,"points":1829,"blocktime":660,"taken":9,"name":"RRcoolio2708","totalPoints":1829,"rank":4,"id":352982,"place":4171,"uniqueZonesTaken":9,"region":{"name":"North West England","id":201}}}]