[{"sender":{"country":"se","medals":[28,79,56,47,94,100,16,7,4,36,15,77],"zones":[396391,154624,11843,154625,26118,26119,154158,9421,133356,60431,9649,12209,92755,24723,154038,26039,154037,8920,26040,26041,180633,140153],"pointsPerHour":42,"points":9473,"blocktime":1200,"taken":6938,"name":"vanderbelgien","totalPoints":1463607,"rank":40,"id":79227,"place":455,"uniqueZonesTaken":1377,"region":{"name":"Dalarna","id":129}},"time":"2022-01-03T16:13:55+0000","message":"MoraIK: jag är också väldigt nyfiken på dina tankegångar kring hur ett eventuellt fusk skulle kunna gå till? Upplys mig gärna.","region":{"name":"Dalarna","id":129},"type":"chat"},{"sender":{"country":"se","medals":[28,79,56,47,94,100,16,7,4,36,15,77],"zones":[396391,154624,11843,154625,26118,26119,154158,9421,133356,60431,9649,12209,92755,24723,154038,26039,154037,8920,26040,26041,180633,140153],"pointsPerHour":42,"points":9472,"blocktime":1200,"taken":6938,"name":"vanderbelgien","totalPoints":1463606,"rank":40,"id":79227,"place":454,"uniqueZonesTaken":1377,"region":{"name":"Dalarna","id":129}},"time":"2022-01-03T16:12:59+0000","message":"MoraIK: sedan finns möjligheten att man i snön går i föregående persons fotspår.","region":{"name":"Dalarna","id":129},"type":"chat"},{"medal":11,"time":"2022-01-03T16:11:28+0000","type":"medal","user":{"country":"se","medals":[93,100,53,33,127,11],"zones":[27104,33824,297062,23939,33827,33828,33829,138949,203787,11785,28686,47951,111794,35990,15804,15805,2782],"pointsPerHour":0,"points":5281,"blocktime":1020,"taken":792,"name":"Charlie53","totalPoints":247619,"rank":28,"id":337031,"place":0,"uniqueZonesTaken":50,"region":{"name":"Jönköping","id":133}}}]