[{"medal":80,"time":"2023-12-12T15:04:09+0000","type":"medal","user":{"country":"uk","medals":[84,80],"zones":[359044,464018,343181,343180,343182],"pointsPerHour":0,"points":1272,"blocktime":11,"taken":6,"name":"Moto46","totalPoints":1527,"rank":4,"id":416208,"place":4973,"uniqueZonesTaken":6,"region":{"name":"North West England","id":201}}},{"medal":84,"time":"2023-12-12T14:59:19+0000","type":"medal","user":{"country":"uk","medals":[84],"zones":[359044,343181,343180,343182],"pointsPerHour":0,"points":1036,"blocktime":11,"taken":5,"name":"Moto46","totalPoints":1292,"rank":4,"id":416208,"place":4973,"uniqueZonesTaken":5,"region":{"name":"North West England","id":201}}}]