[{"sender":{"country":"se","medals":[4,3,16,5,9,2,3,24,8,48,2,67,24,68,68,68,68,70,68,68,68,22,15,79,89,77,68,68,72,68,17,68,68,24,68,95,119,102,81,2,68,68,91,122,68,68,68,68,68,68,68,68,68,68,68,68,68,130,68,68,68,155],"zones":[8065,16947,7619,15814,76743,824,24888,2986,21194,2987,11646],"pointsPerHour":58,"points":10786,"blocktime":24,"taken":176601,"name":"Toubkal","totalPoints":37253877,"rank":59,"id":24982,"place":1426,"uniqueZonesTaken":1951,"region":{"name":"Jönköping","id":133}},"time":"2023-12-11T16:00:23+0000","message":"DonTotto: Han har säkert bytt namn igen..","region":{"name":"Jönköping","id":133},"type":"chat"},{"medal":130,"time":"2023-12-11T16:00:20+0000","type":"medal","user":{"country":"se","medals":[70,46,77,79,22,103,67,56,6,16,27,14,28,83,24,97,155,36,130],"zones":[488791,141556,10522,381145,57244],"pointsPerHour":0,"points":41132,"blocktime":19,"taken":5322,"name":"eastmattis","totalPoints":1032204,"rank":38,"id":387528,"place":4901,"uniqueZonesTaken":544,"region":{"name":"Östergötland","id":139}}},{"medal":86,"time":"2023-12-11T15:54:02+0000","type":"medal","user":{"country":"se","medals":[92,93,51,86],"zones":[43498,43499],"pointsPerHour":0,"points":5556,"blocktime":11,"taken":50,"name":"Mosterkatten","totalPoints":5556,"rank":7,"id":416277,"place":4900,"uniqueZonesTaken":31,"region":{"name":"Stockholm","id":141}}}]