[{"country":"dk","sender":{"country":"se","medals":[16,127,6,122,69,68,30,28,71,68,14,47,27,60,69,68,35,69,77,155,69,68],"zones":[431237,137542,32197,37767,568225,37770,568226,568227,34156,34157,568229,37776,5683,586237,564657],"pointsPerHour":25,"points":17287,"blocktime":20,"taken":3989,"name":"Fodtusserne","totalPoints":2143282,"rank":43,"id":367064,"place":1055,"uniqueZonesTaken":783,"region":{"name":"Kalmar","id":137}},"time":"2023-12-12T18:57:43+0000","message":"\u2026. Tilbageerobret af svenskerne på nær 1.  Burde jeg så ikke ryge tilbage på DK higscore?","type":"chat"},{"country":"dk","sender":{"country":"se","medals":[16,127,6,122,69,68,30,28,71,68,14,47,27,60,69,68,35,69,77,155,69,68],"zones":[431237,137542,32197,37767,568225,37770,568226,568227,34156,34157,568229,37776,5683,586237,564657],"pointsPerHour":25,"points":17287,"blocktime":20,"taken":3989,"name":"Fodtusserne","totalPoints":2143281,"rank":43,"id":367064,"place":1055,"uniqueZonesTaken":783,"region":{"name":"Kalmar","id":137}},"time":"2023-12-12T18:57:05+0000","message":"Er der nogen der kan forklare mig hvorfor jeg ikke kan se DK higscore? Jeg har været i Sverige i weekenden og taget turfer der men de er \u2026..","type":"chat"},{"sender":{"country":"se","medals":[126,16,5,67,47,57,79,28,24,15,96,7,107,4,40,155,123,130],"zones":[91844,11276,22220,91983,91982,114263,3098,196124,7070,7134,6110,226658,94117,114597,27364,36452,294,36454,7142,7143,43176,31919,37103,409523,97844,7157,11254,7158,608503,25343],"pointsPerHour":136,"points":62176,"blocktime":21,"taken":22549,"name":"JimmyAIK94","totalPoints":3871426,"rank":47,"id":267637,"place":139,"uniqueZonesTaken":1289,"region":{"name":"Stockholm","id":141}},"time":"2023-12-12T18:54:54+0000","message":"NisseNasse: jag jobbar på att vinna ligan","region":{"name":"Stockholm","id":141},"type":"chat"}]