[{"country":"se","sender":{"country":"se","medals":[],"zones":[],"pointsPerHour":0,"points":0,"blocktime":10,"taken":0,"name":"issmoh11","totalPoints":0,"rank":0,"id":416339,"place":4953,"uniqueZonesTaken":0},"time":"2023-12-12T10:36:41+0000","message":"Smd brooo","type":"chat"},{"medal":84,"time":"2023-12-12T10:28:56+0000","type":"medal","user":{"country":"se","medals":[84],"zones":[12448,21494,44825],"pointsPerHour":0,"points":572,"blocktime":10,"taken":5,"name":"BQ9","totalPoints":572,"rank":2,"id":416314,"place":4954,"uniqueZonesTaken":4,"region":{"name":"Västra Götaland","id":132}}}]