[{"medal":12,"time":"2023-12-11T17:30:35+0000","type":"medal","user":{"country":"se","medals":[52,94,100,90,127,42,6,12],"zones":[14604,64095],"pointsPerHour":0,"points":166,"blocktime":14,"taken":276,"name":"TurfTess","totalPoints":55857,"rank":16,"id":348096,"place":4910,"uniqueZonesTaken":100,"region":{"name":"Stockholm","id":141}}},{"medal":42,"time":"2023-12-11T17:23:38+0000","type":"medal","user":{"country":"se","medals":[100,51,90,94,11,42],"zones":[567131,25915],"pointsPerHour":0,"points":2102,"blocktime":13,"taken":250,"name":"CosmoKramer","totalPoints":46741,"rank":15,"id":255619,"place":4909,"uniqueZonesTaken":79,"region":{"name":"Halland","id":134}}}]