[{"sender":{"country":"se","medals":[67,5,16,21,70,28,47,99,24,79,91,58,25,50,123,4,126,125,24,24,41,49,17,105,127,30,26],"zones":[97441,802,803,1571,115140,25382,25386,481869,20651,94991,2414,78289,94992,120658,408213,119220,114840,45757,45758,106718],"pointsPerHour":68,"points":37104,"blocktime":22,"taken":29495,"name":"JonasfromHell","totalPoints":6038834,"rank":51,"id":72077,"place":1293,"uniqueZonesTaken":4898,"region":{"name":"Stockholm","id":141}},"time":"2022-07-19T12:27:00+0000","message":"KRALJICA: Eller hur?!😄","type":"chat"},{"medal":93,"time":"2022-07-19T12:26:14+0000","type":"medal","user":{"country":"se","medals":[80,85,93],"zones":[33109,154197,33112,485148],"pointsPerHour":0,"points":2979,"blocktime":11,"taken":11,"name":"ljusnäsa","totalPoints":2979,"rank":5,"id":367496,"place":6767,"uniqueZonesTaken":10,"region":{"name":"Västra Götaland","id":132}}},{"sender":{"country":"se","medals":[67,22,5,4,47,16,78,28,17,116,57,30,70,17,104,50,126,122,66,77,127,40],"zones":[],"pointsPerHour":0,"points":12307,"blocktime":21,"taken":21668,"name":"MiaMilla","totalPoints":2824762,"rank":45,"id":53414,"place":2693,"uniqueZonesTaken":2741,"region":{"name":"Västmanland","id":143}},"time":"2022-07-19T12:25:27+0000","message":"mrAce: Otroligt imponerande som du kämpar!!🚴","region":{"name":"Västmanland","id":143},"type":"chat"},{"medal":79,"time":"2022-07-19T12:23:19+0000","type":"medal","user":{"country":"se","medals":[93,100,129,46,12,54,38,79],"zones":[22720,7008,516358,7009,7010,290,181799,223204,1705,24074,514284,24076,57070,8530,7668,7479,112537,112538,108986,516506,7005,22718],"pointsPerHour":0,"points":87451,"blocktime":20,"taken":10358,"name":"Olof65","totalPoints":1600790,"rank":41,"id":333006,"place":6766,"uniqueZonesTaken":109,"region":{"name":"Stockholm","id":141}}}]