[{"medal":85,"time":"2023-04-25T10:04:23+0000","type":"medal","user":{"country":"fi","medals":[51,85],"zones":[98323,29219,7189,152983,194292,7191,152984,33371,60556,32175],"pointsPerHour":0,"points":1075,"blocktime":10,"taken":10,"name":"Linusilainen","totalPoints":1075,"rank":3,"id":390277,"place":7810,"uniqueZonesTaken":10,"region":{"name":"Åland","id":177}}},{"medal":51,"time":"2023-04-25T10:04:23+0000","type":"medal","user":{"country":"fi","medals":[51,85],"zones":[98323,29219,7189,152983,194292,7191,152984,33371,60556,32175],"pointsPerHour":0,"points":1075,"blocktime":10,"taken":10,"name":"Linusilainen","totalPoints":1075,"rank":3,"id":390277,"place":7810,"uniqueZonesTaken":10,"region":{"name":"Åland","id":177}}},{"medal":52,"time":"2023-04-25T10:00:20+0000","type":"medal","user":{"country":"se","medals":[90,93,100,86,11,52],"zones":[7778,12163,521924,65605,26439,26440,9161,9162,17198,65614,77201,486102,43922,346711,16051,12150,697,94107,222681,134301],"pointsPerHour":0,"points":10218,"blocktime":12,"taken":61,"name":"Ajliiin","totalPoints":10218,"rank":8,"id":389997,"place":7810,"uniqueZonesTaken":56,"region":{"name":"Värmland","id":130}}}]