[{"sender":{"country":"se","medals":[67,79,77,16,72,83,70,27,48,117,95,103,60,21,15,6,124,132,40],"zones":[408070,465926,24194,577418,408069,135942,24198,19335,19337,19338,302094,193800,19340,68365,44301,44303,44304,44305,24210,44307,34708,115605,210841,86426,2847,34719,156957,31906,2082,23075,204459,23985,23986,22323,486719,20409,496826,91839,21701,24517,475330,21702,21703,21704,21705,34638,66895,34639,34640,114513,179798,1882,9691,565716,565717,42462,42463,50656,9697,9698,50658,43235,50659,83559,513518,66925,134254,554234,560241],"pointsPerHour":202,"points":202706,"blocktime":22,"taken":23456,"name":"ovalfyrkant","totalPoints":4883174,"rank":49,"id":333844,"place":142,"uniqueZonesTaken":1431,"region":{"name":"Kalmar","id":137}},"time":"2023-04-25T13:27:44+0000","message":"FTT? 🤔","region":{"name":"Kalmar","id":137},"type":"chat"},{"medal":85,"time":"2023-04-25T13:27:11+0000","type":"medal","user":{"country":"se","medals":[80,85],"zones":[117712,2290,60723,17670,936,163119,519866],"pointsPerHour":0,"points":967,"blocktime":11,"taken":10,"name":"Toto05","totalPoints":1302,"rank":4,"id":363783,"place":7883,"uniqueZonesTaken":10,"region":{"name":"Östergötland","id":139}}},{"medal":100,"time":"2023-04-25T13:27:04+0000","type":"medal","user":{"country":"se","medals":[96,85,100],"zones":[117713,115063,22621],"pointsPerHour":0,"points":811,"blocktime":11,"taken":14,"name":"Aldinjo343","totalPoints":1855,"rank":4,"id":363808,"place":7883,"uniqueZonesTaken":13,"region":{"name":"Östergötland","id":139}}},{"medal":92,"time":"2023-04-25T13:26:47+0000","type":"medal","user":{"country":"se","medals":[93,85,92],"zones":[97795,2291,97796,507568],"pointsPerHour":0,"points":642,"blocktime":11,"taken":15,"name":"alicesollerby","totalPoints":1947,"rank":5,"id":363554,"place":7882,"uniqueZonesTaken":15,"region":{"name":"Östergötland","id":139}}},{"medal":85,"time":"2023-04-25T13:25:47+0000","type":"medal","user":{"country":"se","medals":[80,95,85],"zones":[201380],"pointsPerHour":0,"points":390,"blocktime":11,"taken":12,"name":"zilverzzz","totalPoints":1350,"rank":4,"id":363821,"place":7881,"uniqueZonesTaken":10,"region":{"name":"Östergötland","id":139}}},{"medal":84,"time":"2023-04-25T13:25:30+0000","type":"medal","user":{"country":"se","medals":[80,84],"zones":[929,22322,933,22775,429693],"pointsPerHour":0,"points":537,"blocktime":10,"taken":5,"name":"AdelG","totalPoints":537,"rank":2,"id":390536,"place":7881,"uniqueZonesTaken":5,"region":{"name":"Östergötland","id":139}}},{"medal":80,"time":"2023-04-25T13:25:30+0000","type":"medal","user":{"country":"se","medals":[80,84],"zones":[929,22322,933,22775,429693],"pointsPerHour":0,"points":537,"blocktime":10,"taken":5,"name":"AdelG","totalPoints":537,"rank":2,"id":390536,"place":7881,"uniqueZonesTaken":5,"region":{"name":"Östergötland","id":139}}},{"medal":92,"time":"2023-04-25T13:25:18+0000","type":"medal","user":{"country":"se","medals":[93,80,85,90,92],"zones":[566628,80781,22319,12383],"pointsPerHour":0,"points":366,"blocktime":11,"taken":17,"name":"Mikaela05z","totalPoints":2537,"rank":5,"id":363818,"place":7881,"uniqueZonesTaken":15,"region":{"name":"Östergötland","id":139}}},{"sender":{"country":"se","medals":[4,24,16,17,7,48,79,77,98,70,72,117,27,123,126,24,15,111,58,68,67,118,132],"zones":[19328,19331,19332,26884,26885,26886,302093,135944,516490,68364,516489,111631,68367,19342,44302,12306,2079,42399,23073,23074,74404,74406,74409,7081,12458,90539,74410,23983,74416,22324,949,950,34630,12487,34637,21711,34642,29138,222171,16729,1754,9690,42461,222172,9696,9699,154598,9701,23398,50662,9703,148709,50663,19315,19316,24184,19321,24190],"pointsPerHour":288,"points":351792,"blocktime":24,"taken":94385,"name":"Jagdpanther","totalPoints":14818577,"rank":57,"id":77661,"place":33,"uniqueZonesTaken":1924,"region":{"name":"Kalmar","id":137}},"time":"2023-04-25T13:24:28+0000","message":"ovalfyrkant: snygg FTT","region":{"name":"Kalmar","id":137},"type":"chat"},{"medal":80,"time":"2023-04-25T13:24:25+0000","type":"medal","user":{"country":"se","medals":[84,80],"zones":[117712,2290,60723,17670,163119],"pointsPerHour":0,"points":686,"blocktime":10,"taken":8,"name":"Toto05","totalPoints":1021,"rank":3,"id":363783,"place":7881,"uniqueZonesTaken":8,"region":{"name":"Östergötland","id":139}}},{"medal":103,"time":"2023-04-25T13:23:56+0000","type":"medal","user":{"country":"se","medals":[93,28,55,12,127,79,33,47,77,103],"zones":[21093,490399,88969,11949,54878],"pointsPerHour":0,"points":101220,"blocktime":15,"taken":638,"name":"F1tt1s","totalPoints":104876,"rank":20,"id":386234,"place":7881,"uniqueZonesTaken":189,"region":{"name":"Södermanland","id":140}}},{"sender":{"country":"se","medals":[16,67,4,24,9,27,21,48,30,70,43,17,45,49,26,72,77,79,91,17,65,82,68,25,83,24,74,17,116,126,117,123,104,89,17,68,132,24],"zones":[4981],"pointsPerHour":2,"points":110732,"blocktime":24,"taken":62938,"name":"Arbor","totalPoints":12678255,"rank":56,"id":47203,"place":453,"uniqueZonesTaken":5570,"region":{"name":"Östergötland","id":139}},"time":"2023-04-25T13:22:57+0000","message":"inna.i:","region":{"name":"Östergötland","id":139},"type":"chat"},{"sender":{"country":"se","medals":[16,67,4,24,9,27,21,48,30,70,43,17,45,49,26,72,77,79,91,17,65,82,68,25,83,24,74,17,116,126,117,123,104,89,17,68,132,24],"zones":[4981],"pointsPerHour":2,"points":110732,"blocktime":24,"taken":62938,"name":"Arbor","totalPoints":12678255,"rank":56,"id":47203,"place":453,"uniqueZonesTaken":5570,"region":{"name":"Östergötland","id":139}},"time":"2023-04-25T13:22:56+0000","message":"Kryos:","region":{"name":"Östergötland","id":139},"type":"chat"},{"medal":94,"time":"2023-04-25T13:21:53+0000","type":"medal","user":{"country":"se","medals":[94],"zones":[],"pointsPerHour":0,"points":140,"blocktime":10,"taken":1,"name":"Eile","totalPoints":140,"rank":0,"id":390272,"place":7879,"uniqueZonesTaken":1,"region":{"name":"Östergötland","id":139}}}]