[{"medal":84,"time":"2023-04-25T11:51:44+0000","type":"medal","user":{"country":"se","medals":[93,84],"zones":[2913,49115],"pointsPerHour":0,"points":523,"blocktime":10,"taken":5,"name":"Adriana05032","totalPoints":523,"rank":2,"id":390481,"place":7846,"uniqueZonesTaken":5,"region":{"name":"Stockholm","id":141}}},{"medal":84,"time":"2023-04-25T11:51:03+0000","type":"medal","user":{"country":"se","medals":[93,84],"zones":[92305,132724,223],"pointsPerHour":0,"points":688,"blocktime":10,"taken":5,"name":"ameer_","totalPoints":688,"rank":2,"id":390472,"place":7846,"uniqueZonesTaken":5,"region":{"name":"Stockholm","id":141}}},{"medal":93,"time":"2023-04-25T11:49:14+0000","type":"medal","user":{"country":"se","medals":[93],"zones":[],"pointsPerHour":0,"points":170,"blocktime":10,"taken":5,"name":"Thea123bea","totalPoints":832,"rank":3,"id":373123,"place":7845,"uniqueZonesTaken":2,"region":{"name":"Örebro","id":131}}},{"medal":80,"time":"2023-04-25T11:49:08+0000","type":"medal","user":{"country":"se","medals":[84,80],"zones":[315940,122455,9721,298,1626],"pointsPerHour":0,"points":631,"blocktime":10,"taken":7,"name":"Marahnedarawia","totalPoints":631,"rank":2,"id":390471,"place":7845,"uniqueZonesTaken":7,"region":{"name":"Stockholm","id":141}}},{"sender":{"country":"se","medals":[27,70,67,16,117,77,72,4,48,68,21,79,126,7,60,123,68,83,24,15,102,68,96,68,40,131],"zones":[23936,15809,11970,15810,11971,44611,222080,411394,47883,89103,515346,204053,235930,33061,346720,94820,478895,25324,33326,389930,1841,20529,515381,20533,76660,76662,12472,411390,92221],"pointsPerHour":45,"points":69513,"blocktime":23,"taken":23711,"name":"Gravedigger","totalPoints":6501869,"rank":52,"id":242401,"place":857,"uniqueZonesTaken":1370,"region":{"name":"Jönköping","id":133}},"time":"2023-04-25T11:49:02+0000","message":"mizlan: beklagar sorgen 💔","region":{"name":"Jönköping","id":133},"type":"chat"},{"medal":90,"time":"2023-04-25T11:47:06+0000","type":"medal","user":{"country":"se","medals":[85,51,90],"zones":[21521,21522,211,64104,18714,49115,92698,90253,8221,8222],"pointsPerHour":0,"points":1341,"blocktime":11,"taken":12,"name":"maja+alx","totalPoints":1341,"rank":4,"id":390476,"place":7845,"uniqueZonesTaken":12,"region":{"name":"Stockholm","id":141}}}]