[{"sender":{"country":"se","medals":[5,12,93,16,79,57,27,72,75,68,70,68,41,128,103,6],"zones":[24225,24226,98147,3202,3203,11397,202404,11399,31818,176201,11404,44111,42320,22771,17940,116503,220405,17942,31067,31068],"pointsPerHour":87,"points":48189,"blocktime":22,"taken":28689,"name":"DBS2VÄXLAR","totalPoints":5810700,"rank":51,"id":279725,"place":1287,"uniqueZonesTaken":201,"region":{"name":"Västmanland","id":143}},"time":"2023-04-25T18:46:05+0000","message":"Gregga: Bra kört! Jag kanske ska lägga av med spinningen och satsa fullt ut på Turf igen.","region":{"name":"Västmanland","id":143},"type":"chat"},{"sender":{"country":"se","medals":[],"zones":[],"pointsPerHour":0,"points":0,"blocktime":10,"taken":0,"name":"svartagubben","totalPoints":0,"rank":0,"id":390554,"place":7909,"uniqueZonesTaken":0},"time":"2023-04-25T18:35:56+0000","message":"Hello","type":"chat"}]