[{"medal":80,"time":"2023-04-25T08:27:23+0000","type":"medal","user":{"country":"se","medals":[93,84,80],"zones":[62324,42404,281809,18069,115817],"pointsPerHour":0,"points":1175,"blocktime":10,"taken":7,"name":"Oliver.strang","totalPoints":1175,"rank":3,"id":390396,"place":7791,"uniqueZonesTaken":7,"region":{"name":"Kronoberg","id":147}}},{"medal":84,"time":"2023-04-25T08:25:55+0000","type":"medal","user":{"country":"se","medals":[93,84],"zones":[564056,24011,24012],"pointsPerHour":0,"points":806,"blocktime":10,"taken":5,"name":"Michael123","totalPoints":806,"rank":3,"id":390389,"place":7790,"uniqueZonesTaken":5,"region":{"name":"Kronoberg","id":147}}},{"medal":84,"time":"2023-04-25T08:23:12+0000","type":"medal","user":{"country":"se","medals":[93,84],"zones":[281809,18069,115817],"pointsPerHour":0,"points":835,"blocktime":10,"taken":5,"name":"Oliver.strang","totalPoints":835,"rank":3,"id":390396,"place":7786,"uniqueZonesTaken":5,"region":{"name":"Kronoberg","id":147}}},{"medal":80,"time":"2023-04-25T08:22:20+0000","type":"medal","user":{"country":"se","medals":[93,80,84],"zones":[178256,115816,558786,95787,44189],"pointsPerHour":0,"points":1095,"blocktime":10,"taken":6,"name":"Valter1234","totalPoints":1095,"rank":3,"id":390388,"place":7786,"uniqueZonesTaken":6,"region":{"name":"Kronoberg","id":147}}},{"medal":84,"time":"2023-04-25T08:22:20+0000","type":"medal","user":{"country":"se","medals":[93,80,84],"zones":[178256,115816,558786,95787,44189],"pointsPerHour":0,"points":1095,"blocktime":10,"taken":6,"name":"Valter1234","totalPoints":1095,"rank":3,"id":390388,"place":7786,"uniqueZonesTaken":6,"region":{"name":"Kronoberg","id":147}}}]