[{"medal":80,"time":"2023-04-24T08:49:48+0000","type":"medal","user":{"country":"se","medals":[84,80],"zones":[31948,31789,12013,138172,495],"pointsPerHour":0,"points":750,"blocktime":10,"taken":7,"name":"ametlib","totalPoints":750,"rank":3,"id":390049,"place":7634,"uniqueZonesTaken":7,"region":{"name":"Västmanland","id":143}}},{"medal":10,"time":"2023-04-24T08:49:31+0000","type":"medal","user":{"country":"se","medals":[85,92,52,10],"zones":[56609,32551,15847,406478,44395,44396,43660,30093,44397,62062,44398,43790,474056,64335,423799,26673,65619,43928,43929,428959,28634],"pointsPerHour":0,"points":3738,"blocktime":11,"taken":21,"name":"Aoras","totalPoints":3738,"rank":6,"id":390069,"place":7634,"uniqueZonesTaken":21,"region":{"name":"Värmland","id":130}}},{"medal":52,"time":"2023-04-24T08:47:47+0000","type":"medal","user":{"country":"se","medals":[85,90,92,52],"zones":[56609,32551,406478,44395,44396,43660,30093,44397,62062,44398,43790,474056,64335,423799,26673,65619,43928,43929,428959,28634],"pointsPerHour":0,"points":3567,"blocktime":11,"taken":20,"name":"Aoras","totalPoints":3567,"rank":6,"id":390069,"place":7634,"uniqueZonesTaken":20,"region":{"name":"Värmland","id":130}}},{"medal":85,"time":"2023-04-24T08:46:55+0000","type":"medal","user":{"country":"se","medals":[95,100,85],"zones":[50232],"pointsPerHour":0,"points":1902,"blocktime":11,"taken":11,"name":"liljegren09","totalPoints":1902,"rank":5,"id":388637,"place":7634,"uniqueZonesTaken":5,"region":{"name":"Östergötland","id":139}}},{"medal":86,"time":"2023-04-24T08:44:19+0000","type":"medal","user":{"country":"se","medals":[51,92,86],"zones":[20160,95296,226855,31721,68235,96751,108990],"pointsPerHour":0,"points":11513,"blocktime":12,"taken":50,"name":"Sussi85","totalPoints":11513,"rank":8,"id":388397,"place":7631,"uniqueZonesTaken":39,"region":{"name":"Södermanland","id":140}}},{"medal":12,"time":"2023-04-24T08:44:19+0000","type":"medal","user":{"country":"se","medals":[90,93,52,33,12],"zones":[33751,343,34843],"pointsPerHour":0,"points":24706,"blocktime":16,"taken":850,"name":"kossanrosa","totalPoints":223169,"rank":27,"id":330762,"place":7631,"uniqueZonesTaken":100,"region":{"name":"Dalarna","id":129}}}]