[{"sender":{"country":"se","medals":[79,16,5,67,122,70,77,4,72,47,6,94,101,57,127,35,15],"zones":[43073,56833,452,172100,97030,172101,92617,92939,428940,286152,428298,136335,1038,222679,113879,177428,221461,136341,179614,221855,233693,113443,154791,227238,204517,204516,27113,154795,33770,176300,485033,227251,64949,115892,465841,22651,145401],"pointsPerHour":40,"points":49474,"blocktime":18,"taken":3227,"name":"Fafng","totalPoints":735568,"rank":35,"id":311395,"place":826,"uniqueZonesTaken":1012,"region":{"name":"Västra Götaland","id":132}},"time":"2022-03-21T22:02:31+0000","message":"Vet nån om det finns nån fototävling för turf? Tog en så jävla go bild som jag gärna skulle vilja dela...","region":{"name":"Västra Götaland","id":132},"type":"chat"},{"medal":31,"time":"2022-03-21T21:31:45+0000","type":"medal","user":{"country":"se","medals":[80,92,31],"zones":[225,224353,97842],"pointsPerHour":0,"points":1892,"blocktime":11,"taken":25,"name":"Ocho","totalPoints":2879,"rank":5,"id":327467,"place":6236,"uniqueZonesTaken":17,"region":{"name":"Stockholm","id":141}}}]