[{"medal":80,"time":"2021-12-20T10:47:07+0000","type":"medal","user":{"country":"gb","medals":[80,84],"zones":[322304,475570,475569,475566,348890],"pointsPerHour":0,"points":1259,"blocktime":660,"taken":5,"name":"Earth5","totalPoints":1259,"rank":4,"id":352922,"place":5333,"uniqueZonesTaken":5,"region":{"name":"West Midlands","id":208}}},{"medal":84,"time":"2021-12-20T10:47:07+0000","type":"medal","user":{"country":"gb","medals":[80,84],"zones":[322304,475570,475569,475566,348890],"pointsPerHour":0,"points":1259,"blocktime":660,"taken":5,"name":"Earth5","totalPoints":1259,"rank":4,"id":352922,"place":5333,"uniqueZonesTaken":5,"region":{"name":"West Midlands","id":208}}},{"medal":31,"time":"2021-12-20T10:44:06+0000","type":"medal","user":{"country":"se","medals":[31],"zones":[34482,20339,7562,33263],"pointsPerHour":0,"points":2606,"blocktime":690,"taken":25,"name":"Tessanturf","totalPoints":3939,"rank":6,"id":351928,"place":5332,"uniqueZonesTaken":6,"region":{"name":"Uppsala","id":142}}},{"sender":{"country":"se","medals":[79,77,28,24,16,17,115,5,67,70,27,48,21,68,126,4,124,117,89,50,59,108,66,130,24],"zones":[14784,6145,14786,55236,7241,17164,6925,7245,30862,7567,30863,7568,30864,30865,30867,109970,115861,30870,297048,51549,49118,9504,49120,49122,49123,49127,49129,11821,11823,44847,11632,62387,2556,208767,2557],"pointsPerHour":100,"points":121322,"blocktime":1425,"taken":59976,"name":"allinug","totalPoints":10139152,"rank":55,"id":227848,"place":102,"uniqueZonesTaken":3523,"region":{"name":"Uppsala","id":142}},"time":"2021-12-20T10:42:50+0000","message":"Cissiliana: Snyggt! 🥳","region":{"name":"Uppsala","id":142},"type":"chat"}]