[{"sender":{"country":"se","medals":[94,79,90,53,34,13,102,7],"zones":[153716,396780],"pointsPerHour":2,"points":756,"blocktime":1080,"taken":1685,"name":"FantasticZoner","totalPoints":459082,"rank":32,"id":211741,"place":3128,"uniqueZonesTaken":363,"region":{"name":"Halland","id":134}},"time":"2022-05-02T17:24:04+0000","message":"8-ball: 😃💪👍","region":{"name":"Halland","id":134},"type":"chat"},{"sender":{"country":"se","medals":[93,100,80,85,92],"zones":[],"pointsPerHour":0,"points":0,"blocktime":675,"taken":17,"name":"Snoppis","totalPoints":3049,"rank":5,"id":358887,"place":4186,"uniqueZonesTaken":16,"region":{"name":"Södermanland","id":140}},"time":"2022-05-02T17:23:07+0000","message":"Ivatutt","region":{"name":"Södermanland","id":140},"type":"chat"},{"sender":{"country":"se","medals":[94,79,90,53,34,13,102,7],"zones":[153716,396780],"pointsPerHour":2,"points":755,"blocktime":1080,"taken":1685,"name":"FantasticZoner","totalPoints":459082,"rank":32,"id":211741,"place":3125,"uniqueZonesTaken":363,"region":{"name":"Halland","id":134}},"time":"2022-05-02T17:18:59+0000","message":"8-ball: Ut på dagens andra runda??","region":{"name":"Halland","id":134},"type":"chat"}]