[{"medal":85,"time":"2022-05-03T10:06:37+0000","type":"medal","user":{"country":"se","medals":[93,80,85],"zones":[446727,3041,154006,24406,418992,62364],"pointsPerHour":0,"points":1836,"blocktime":660,"taken":10,"name":"Ollleezz","totalPoints":1836,"rank":4,"id":360496,"place":4450,"uniqueZonesTaken":10,"region":{"name":"Uppsala","id":142}}},{"medal":80,"time":"2022-05-03T10:05:25+0000","type":"medal","user":{"country":"se","medals":[80,84],"zones":[90769,66115,153572,11579,178396],"pointsPerHour":0,"points":926,"blocktime":645,"taken":5,"name":"hejsanhoppsan6","totalPoints":926,"rank":3,"id":360506,"place":4449,"uniqueZonesTaken":5,"region":{"name":"Värmland","id":130}}},{"medal":84,"time":"2022-05-03T10:05:25+0000","type":"medal","user":{"country":"se","medals":[80,84],"zones":[90769,66115,153572,11579,178396],"pointsPerHour":0,"points":926,"blocktime":645,"taken":5,"name":"hejsanhoppsan6","totalPoints":926,"rank":3,"id":360506,"place":4449,"uniqueZonesTaken":5,"region":{"name":"Värmland","id":130}}},{"medal":80,"time":"2022-05-03T10:02:38+0000","type":"medal","user":{"country":"se","medals":[93,84,80],"zones":[446727,154006,24406,418992,62364],"pointsPerHour":0,"points":1651,"blocktime":660,"taken":9,"name":"Ollleezz","totalPoints":1651,"rank":4,"id":360496,"place":4448,"uniqueZonesTaken":9,"region":{"name":"Uppsala","id":142}}},{"medal":92,"time":"2022-05-03T10:02:38+0000","type":"medal","user":{"country":"se","medals":[95,100,85,92],"zones":[3040,316514,49791],"pointsPerHour":0,"points":1650,"blocktime":690,"taken":22,"name":"Laxen7.8","totalPoints":3969,"rank":6,"id":350533,"place":4448,"uniqueZonesTaken":15,"region":{"name":"Uppsala","id":142}}}]