[{"medal":33,"time":"2022-05-03T05:35:15+0000","type":"medal","user":{"country":"se","medals":[95,100,16,12,6,79,90,53,33],"zones":[484416,7737,137551],"pointsPerHour":0,"points":6338,"blocktime":900,"taken":500,"name":"Banan10000","totalPoints":102639,"rank":20,"id":336935,"place":4279,"uniqueZonesTaken":242,"region":{"name":"Skåne","id":135}}},{"medal":80,"time":"2022-05-03T05:28:20+0000","type":"medal","user":{"country":"se","medals":[80,84],"zones":[7506,20616,31353,234313,20618],"pointsPerHour":0,"points":719,"blocktime":645,"taken":5,"name":"730914704","totalPoints":719,"rank":3,"id":360207,"place":4276,"uniqueZonesTaken":5,"region":{"name":"Skåne","id":135}}},{"medal":84,"time":"2022-05-03T05:28:20+0000","type":"medal","user":{"country":"se","medals":[80,84],"zones":[7506,20616,31353,234313,20618],"pointsPerHour":0,"points":719,"blocktime":645,"taken":5,"name":"730914704","totalPoints":719,"rank":3,"id":360207,"place":4276,"uniqueZonesTaken":5,"region":{"name":"Skåne","id":135}}}]