[{"medal":100,"time":"2021-11-08T19:16:27+0000","type":"medal","user":{"country":"se","medals":[93,84,100],"zones":[78288,47321],"pointsPerHour":0,"points":441,"blocktime":10,"taken":8,"name":"majjkan","totalPoints":935,"rank":3,"id":350553,"place":4321,"uniqueZonesTaken":7,"region":{"name":"Stockholm","id":141}}},{"medal":129,"time":"2021-11-08T19:14:53+0000","type":"medal","user":{"country":"se","medals":[70,16,27,68,77,48,22,67,58,68,15,4,96,79,68,68,68,68,117,107,66,72,126,122,83,89,129],"zones":[2033,3171,8325,91735,8328,222188],"pointsPerHour":0,"points":5120,"blocktime":23,"taken":53047,"name":"Naset","totalPoints":9889509,"rank":55,"id":156696,"place":4321,"uniqueZonesTaken":1577,"region":{"name":"Gävleborg","id":144}}},{"sender":{"country":"se","medals":[5,70,16,27,67,77,112,24,24,72,117,24,21,15,79,48,68,24,4,24,124,126,82,73,24,91,26,105,17,115,129],"zones":[5409,5410,95717,114551,114553,182607,141724,205597,474489],"pointsPerHour":35,"points":3998,"blocktime":23,"taken":33134,"name":"roswes67","totalPoints":8079222,"rank":54,"id":86748,"place":1237,"uniqueZonesTaken":2070,"region":{"name":"Västerbotten","id":127}},"time":"2021-11-08T19:04:15+0000","message":"Pike: Grattis till Elite och R 🏆","region":{"name":"Västerbotten","id":127},"type":"chat"}]