[{"sender":{"country":"se","medals":[7,47,28,16,79,94,68,68,126,5,58,122,67,15,89,103,129],"zones":[154994,11940,23526,17497,23517,509],"pointsPerHour":30,"points":28726,"blocktime":24,"taken":59153,"name":"vinzon","totalPoints":11942599,"rank":56,"id":187615,"place":77,"uniqueZonesTaken":1273,"region":{"name":"Södermanland","id":140}},"time":"2021-11-09T12:08:52+0000","message":"m3tr0: vad gör du denna regniga dag","region":{"name":"Södermanland","id":140},"type":"chat"},{"sender":{"country":"se","medals":[7,47,28,16,79,94,68,68,126,5,58,122,67,15,89,103,129],"zones":[154994,11940,23526,17497,23517,509],"pointsPerHour":30,"points":28726,"blocktime":24,"taken":59153,"name":"vinzon","totalPoints":11942599,"rank":56,"id":187615,"place":77,"uniqueZonesTaken":1273,"region":{"name":"Södermanland","id":140}},"time":"2021-11-09T12:07:29+0000","message":"m3tr0: ja nu är dom på men inte vid kraschen","region":{"name":"Södermanland","id":140},"type":"chat"},{"medal":94,"time":"2021-11-09T12:06:21+0000","type":"medal","user":{"country":"se","medals":[53,12,33,128,94],"zones":[7138,92690,17029,79017,79016,139307,97837,7148,113820],"pointsPerHour":0,"points":11577,"blocktime":15,"taken":555,"name":"Elljendelljen","totalPoints":100641,"rank":20,"id":349276,"place":4481,"uniqueZonesTaken":187,"region":{"name":"Stockholm","id":141}}},{"sender":{"country":"se","medals":[5,16,27,28,57,6,47,94,117,71,104,126,14,118,128],"zones":[12018,51299,12388,224073,65979,8475,27947,143964,224509,1455],"pointsPerHour":53,"points":12817,"blocktime":24,"taken":79845,"name":"m3tr0","totalPoints":16753448,"rank":58,"id":9931,"place":426,"uniqueZonesTaken":510,"region":{"name":"Södermanland","id":140}},"time":"2021-11-09T12:06:04+0000","message":"vinzon: ta det försiktigt. bra att du har dubbdäck i alla fall.","region":{"name":"Södermanland","id":140},"type":"chat"},{"sender":{"country":"se","medals":[7,47,28,16,79,94,68,68,126,5,58,122,67,15,89,103,129],"zones":[154994,11940,23526,17497,23517,509],"pointsPerHour":30,"points":28724,"blocktime":24,"taken":59153,"name":"vinzon","totalPoints":11942597,"rank":56,"id":187615,"place":77,"uniqueZonesTaken":1273,"region":{"name":"Södermanland","id":140}},"time":"2021-11-09T12:03:58+0000","message":"Fimpen70: lite ömt här och där tack för omtanken","region":{"name":"Södermanland","id":140},"type":"chat"}]