[{"medal":31,"time":"2021-11-08T20:13:09+0000","type":"medal","user":{"country":"uk","medals":[93,80,92,31],"zones":[319569,319585,319586,319580],"pointsPerHour":0,"points":841,"blocktime":11,"taken":25,"name":"sprocket","totalPoints":7644,"rank":7,"id":349303,"place":4337,"uniqueZonesTaken":20,"region":{"name":"Scotland","id":200}}},{"medal":35,"time":"2021-11-08T20:03:44+0000","type":"medal","user":{"country":"se","medals":[100,6,90,53,78,14,128,95,35],"zones":[7842,21586,21588,21590,18921,94810,46798,22207],"pointsPerHour":0,"points":5275,"blocktime":18,"taken":2500,"name":"MosterMysko","totalPoints":488177,"rank":33,"id":305441,"place":4331,"uniqueZonesTaken":540,"region":{"name":"Stockholm","id":141}}}]