[{"medal":34,"time":"2021-11-08T16:36:36+0000","type":"medal","user":{"country":"uk","medals":[79,12,10,46,55,34],"zones":[21619,352819,316636,324588,316637,316638,318927,316633],"pointsPerHour":0,"points":3255,"blocktime":17,"taken":1000,"name":"JammyDognut","totalPoints":306418,"rank":30,"id":334739,"place":0,"uniqueZonesTaken":184,"region":{"name":"Scotland","id":200}}},{"medal":41,"time":"2021-11-08T16:35:44+0000","type":"medal","user":{"country":"se","medals":[16,5,22,2,30,4,47,56,67,93,15,100,66,79,72,77,127,41],"zones":[9488,319493,21429,33639,413598,21432,25032,138858,46542],"pointsPerHour":0,"points":4948,"blocktime":22,"taken":25000,"name":"GBG_Dude","totalPoints":5175086,"rank":50,"id":8418,"place":4254,"uniqueZonesTaken":1542,"region":{"name":"Västra Götaland","id":132}}},{"sender":{"country":"se","medals":[126,16,57,46,28,79,101,36,94,14,127],"zones":[200289,30581,180554,114826,204687,94845],"pointsPerHour":10,"points":3362,"blocktime":20,"taken":6282,"name":"keni","totalPoints":2083400,"rank":43,"id":271343,"place":1307,"uniqueZonesTaken":515,"region":{"name":"Skåne","id":135}},"time":"2021-11-08T16:35:00+0000","message":"UnluckyOne:Ser du?🤔","region":{"name":"Skåne","id":135},"type":"chat"},{"medal":42,"time":"2021-11-08T16:34:33+0000","type":"medal","user":{"country":"se","medals":[80,92,95,102,42],"zones":[91850],"pointsPerHour":0,"points":1060,"blocktime":13,"taken":250,"name":"BettyBowring","totalPoints":51299,"rank":15,"id":241117,"place":4253,"uniqueZonesTaken":36,"region":{"name":"Skåne","id":135}}},{"sender":{"country":"se","medals":[16,79,123,77,57,5,22,67,95,70,28,27,15,117,126,47,101,6,40,129],"zones":[319846,320871,23460,97798,15538,115029,23349,179418,98168,225978,113563,396701,281855,142558,468538],"pointsPerHour":42,"points":5942,"blocktime":22,"taken":21971,"name":"glurf","totalPoints":4004990,"rank":48,"id":253657,"place":801,"uniqueZonesTaken":2062,"region":{"name":"Skåne","id":135}},"time":"2021-11-08T16:31:04+0000","message":"Skruvnyckel: en annan gång kanske","region":{"name":"Skåne","id":135},"type":"chat"}]