[{"sender":{"country":"se","medals":[67,47,28,16,77,79,24,99,4,5,117,22,15,24,111,57,7,124,126,89,129],"zones":[26657,29153,31288,44731],"pointsPerHour":18,"points":6857,"blocktime":23,"taken":54778,"name":"Stigen","totalPoints":7346567,"rank":53,"id":114564,"place":401,"uniqueZonesTaken":1645,"region":{"name":"Värmland","id":130}},"time":"2021-11-08T05:11:03+0000","message":"simpson: grattis till r","region":{"name":"Värmland","id":130},"type":"chat"},{"medal":6,"time":"2021-11-08T04:59:36+0000","type":"medal","user":{"country":"se","medals":[67,79,16,122,28,14,4,48,57,103,77,68,39,95,129,6],"zones":[63009,1228,1166],"pointsPerHour":0,"points":971,"blocktime":20,"taken":16451,"name":"mattihp","totalPoints":2149186,"rank":43,"id":10151,"place":3600,"uniqueZonesTaken":860,"region":{"name":"Stockholm","id":141}}}]