[{"medal":80,"time":"2023-10-16T13:52:21+0000","type":"medal","user":{"country":"se","medals":[80,84],"zones":[865,95079,377,12810,23243],"pointsPerHour":0,"points":555,"blocktime":630,"taken":5,"name":"ElsaHagelberg","totalPoints":555,"rank":2,"id":414191,"place":0,"uniqueZonesTaken":5,"region":{"name":"Västra Götaland","id":132}}},{"medal":84,"time":"2023-10-16T13:52:21+0000","type":"medal","user":{"country":"se","medals":[80,84],"zones":[865,95079,377,12810,23243],"pointsPerHour":0,"points":555,"blocktime":630,"taken":5,"name":"ElsaHagelberg","totalPoints":555,"rank":2,"id":414191,"place":0,"uniqueZonesTaken":5,"region":{"name":"Västra Götaland","id":132}}},{"medal":151,"time":"2023-10-16T13:50:58+0000","type":"medal","user":{"country":"uk","medals":[12,33,78,55,151],"zones":[364516,48033,364486,430498,364480,430499,364514,364493,430542,364492,47633,430482,364477,364476,431039,47642,364472,364474,364506],"pointsPerHour":0,"points":10808,"blocktime":1095,"taken":978,"name":"TamSham","totalPoints":487093,"rank":33,"id":302927,"place":7273,"uniqueZonesTaken":199,"region":{"name":"Scotland","id":200}}},{"medal":84,"time":"2023-10-16T13:50:04+0000","type":"medal","user":{"country":"se","medals":[84],"zones":[62338,16951],"pointsPerHour":0,"points":554,"blocktime":630,"taken":5,"name":"Jonteboy69","totalPoints":554,"rank":2,"id":414195,"place":7273,"uniqueZonesTaken":5,"region":{"name":"Västra Götaland","id":132}}},{"medal":31,"time":"2023-10-16T13:48:29+0000","type":"medal","user":{"country":"se","medals":[80,31],"zones":[11376,21958,230884,97358],"pointsPerHour":0,"points":4328,"blocktime":690,"taken":25,"name":"Zebraff","totalPoints":4328,"rank":6,"id":412538,"place":7273,"uniqueZonesTaken":14,"region":{"name":"Örebro","id":131}}},{"medal":85,"time":"2023-10-16T13:47:30+0000","type":"medal","user":{"country":"se","medals":[80,85],"zones":[11346,12114,327939,15958,12810,24396,12812],"pointsPerHour":0,"points":1293,"blocktime":660,"taken":10,"name":"Bambuz","totalPoints":1293,"rank":4,"id":414189,"place":7273,"uniqueZonesTaken":10,"region":{"name":"Västra Götaland","id":132}}},{"medal":80,"time":"2023-10-16T13:47:01+0000","type":"medal","user":{"country":"se","medals":[93,84,80],"zones":[484151,139440,23225,43146,319160],"pointsPerHour":0,"points":999,"blocktime":645,"taken":7,"name":"korvskin_v_a","totalPoints":999,"rank":3,"id":414200,"place":7273,"uniqueZonesTaken":7,"region":{"name":"Västra Götaland","id":132}}}]