[{"medal":85,"time":"2023-10-17T07:15:11+0000","type":"medal","user":{"country":"se","medals":[80,85],"zones":[26612,97285,21478,503,5641,12025,22237,22238],"pointsPerHour":0,"points":1124,"blocktime":645,"taken":10,"name":"Moses_Almgren","totalPoints":1124,"rank":3,"id":414233,"place":7325,"uniqueZonesTaken":10,"region":{"name":"Örebro","id":131}}},{"medal":31,"time":"2023-10-17T07:13:25+0000","type":"medal","user":{"country":"se","medals":[93,100,92,80,31],"zones":[24274,224545,108970,25759],"pointsPerHour":0,"points":3194,"blocktime":675,"taken":25,"name":"Marilou","totalPoints":3194,"rank":5,"id":413931,"place":7325,"uniqueZonesTaken":21,"region":{"name":"Stockholm","id":141}}}]