[{"medal":152,"time":"2023-10-17T07:09:00+0000","type":"medal","user":{"country":"se","medals":[5,24,67,4,6,24,16,24,24,70,24,77,24,72,112,48,79,24,17,57,126,15,124,132,88,110,152],"zones":[29172],"pointsPerHour":0,"points":25094,"blocktime":1365,"taken":47100,"name":"Cyndix","totalPoints":5910378,"rank":51,"id":43268,"place":7325,"uniqueZonesTaken":1515,"region":{"name":"Västmanland","id":143}}},{"medal":153,"time":"2023-10-17T07:08:14+0000","type":"medal","user":{"country":"uk","medals":[93,78,55,90,127,16,14,37,153],"zones":[465924,465923,479043,321987,355599,519818,355350,322140,322142,322143,354968,566550,322138,322144,322145,322147,411308,411306,411307,350635,411304,411305,486327,486326,479034],"pointsPerHour":0,"points":50377,"blocktime":1245,"taken":8122,"name":"Jackdaw85","totalPoints":2235848,"rank":43,"id":303650,"place":7325,"uniqueZonesTaken":677,"region":{"name":"Scotland","id":200}}},{"medal":84,"time":"2023-10-17T07:05:48+0000","type":"medal","user":{"country":"se","medals":[94,84],"zones":[743],"pointsPerHour":0,"points":479,"blocktime":630,"taken":5,"name":"Douglas65","totalPoints":479,"rank":2,"id":414248,"place":7325,"uniqueZonesTaken":5,"region":{"name":"Örebro","id":131}}},{"medal":85,"time":"2023-10-17T07:05:31+0000","type":"medal","user":{"country":"se","medals":[85],"zones":[28987],"pointsPerHour":0,"points":237,"blocktime":660,"taken":10,"name":"sigenlimnflucq","totalPoints":1608,"rank":4,"id":392727,"place":7325,"uniqueZonesTaken":7,"region":{"name":"Västra Götaland","id":132}}},{"medal":85,"time":"2023-10-17T07:03:08+0000","type":"medal","user":{"country":"se","medals":[93,85],"zones":[12387,43415,80296],"pointsPerHour":0,"points":413,"blocktime":660,"taken":10,"name":"Ebba103","totalPoints":1244,"rank":4,"id":410872,"place":7325,"uniqueZonesTaken":10,"region":{"name":"Örebro","id":131}}}]