[{"medal":151,"time":"2023-10-16T21:14:29+0000","type":"medal","user":{"country":"se","medals":[16,30,77,72,57,48,94,27,4,24,22,70,5,79,126,15,123,117,101,91,40,151],"zones":[51585,139396,355180,117259,1364,1750,599,28343,159669,28345,33755,1403,28189],"pointsPerHour":0,"points":10038,"blocktime":1305,"taken":21061,"name":"kalleku","totalPoints":3889385,"rank":47,"id":152732,"place":7302,"uniqueZonesTaken":1281,"region":{"name":"Skåne","id":135}}},{"medal":151,"time":"2023-10-16T20:41:48+0000","type":"medal","user":{"country":"se","medals":[79,52,46,10,95,128,106,66,14,37,151],"zones":[3057,64680,23821],"pointsPerHour":0,"points":10028,"blocktime":1140,"taken":7626,"name":"xaghra","totalPoints":759936,"rank":36,"id":316144,"place":7302,"uniqueZonesTaken":530,"region":{"name":"Uppsala","id":142}}}]