[{"sender":{"country":"se","medals":[16,47,4,77,79,72,57,70,50,17,115,66,123,126,17,128,17,105,87],"zones":[558216,176,92848,99760,1570,96071,108968,108970,563717,42909,154636],"pointsPerHour":65,"points":2903,"blocktime":1380,"taken":39425,"name":"captHaddock","totalPoints":6932996,"rank":52,"id":136973,"place":1658,"uniqueZonesTaken":4133,"region":{"name":"Stockholm","id":141}},"time":"2023-06-05T15:56:28+0000","message":"Kekkonen: Är du på väg mot centrum? Ska jag vänta in?","region":{"name":"Stockholm","id":141},"type":"chat"},{"sender":{"country":"se","medals":[28,55,7,4,5,70,67,122,47,16,77,79,128,107,95,22,37,15],"zones":[119616,317493,468790,56805,175575,37142,114697,30347,489499,319529,319530],"pointsPerHour":36,"points":5159,"blocktime":1215,"taken":9725,"name":"IrenePanik","totalPoints":1732358,"rank":41,"id":292165,"place":1135,"uniqueZonesTaken":1069,"region":{"name":"Östergötland","id":139}},"time":"2023-06-05T15:53:28+0000","message":"Kryos: var utanför? Värdelöst när det är inhägnat.","region":{"name":"Östergötland","id":139},"type":"chat"},{"medal":105,"time":"2023-06-05T15:42:24+0000","type":"medal","user":{"country":"se","medals":[5,16,27,67,30,4,46,28,70,22,91,79,98,57,77,122,126,26,50,128,38,105],"zones":[14501,523976],"pointsPerHour":0,"points":1890,"blocktime":1305,"taken":11143,"name":"modernangel","totalPoints":3931998,"rank":47,"id":23976,"place":4514,"uniqueZonesTaken":2967,"region":{"name":"Uppsala","id":142}}}]