[{"sender":{"country":"se","medals":[24,70,16,67,22,24,24,72,24,17,24,83,75,77,113,79,24,24,117,66,24,58,24,50,24,4,24,126,124,24,115,17,109,24,24,24,132,24,87,17,17,64],"zones":[476356],"pointsPerHour":1,"points":11990,"blocktime":1335,"taken":35895,"name":"linkaz","totalPoints":4840290,"rank":49,"id":101631,"place":562,"uniqueZonesTaken":3357,"region":{"name":"Västerbotten","id":127}},"time":"2023-06-05T20:23:48+0000","message":"Nu är det mycket. Turfträff 7/6 kl18 vid zonen UmeBeach. Midnight Classic går av stapeln 17/6 kl 23:00 mer info på turfvasterbotten.se","region":{"name":"Västerbotten","id":127},"type":"chat"}]