[{"sender":{"country":"se","medals":[7,5,16,79,70,28,56,126,117,27,97,22,15,128,4,75,107,123,155,87],"zones":[230851,21890,482245,802,804,64101,568174,13478,13479,20750,1236,15897,178235,195389],"pointsPerHour":59,"points":9932,"blocktime":1380,"taken":35475,"name":"Spikbebis75","totalPoints":6732727,"rank":52,"id":92852,"place":331,"uniqueZonesTaken":1728,"region":{"name":"Stockholm","id":141}},"time":"2023-12-05T06:39:22+0000","message":"som det heter -\"borde ha cyklat\" :/","region":{"name":"Stockholm","id":141},"type":"chat"},{"sender":{"country":"se","medals":[16,48,70,67,22,9,72,4,79,24,77,17,24,27,17,117,59,24,24,24,26,17,116,74,91,123,126,83,118,110,132,24,155],"zones":[175239,136245,22186],"pointsPerHour":22,"points":2223,"blocktime":1455,"taken":91865,"name":"xelryz","totalPoints":13326215,"rank":57,"id":37514,"place":1606,"uniqueZonesTaken":7457,"region":{"name":"Stockholm","id":141}},"time":"2023-12-05T06:38:38+0000","message":"Spikbebis75: 😁","region":{"name":"Stockholm","id":141},"type":"chat"},{"sender":{"country":"se","medals":[7,5,16,79,70,28,56,126,117,27,97,22,15,128,4,75,107,123,155,87],"zones":[230851,21890,482245,802,804,64101,568174,13478,13479,20750,1236,15897,178235,195389],"pointsPerHour":59,"points":9850,"blocktime":1380,"taken":35474,"name":"Spikbebis75","totalPoints":6732645,"rank":52,"id":92852,"place":333,"uniqueZonesTaken":1728,"region":{"name":"Stockholm","id":141}},"time":"2023-12-05T06:37:13+0000","message":"xelryz: fanken, måste börja åka tidigare.. och före dig","region":{"name":"Stockholm","id":141},"type":"chat"}]