[{"medal":32,"time":"2023-12-05T10:06:26+0000","type":"medal","user":{"country":"uk","medals":[53,11,152,32],"zones":[426401,476779,426410,48525,475306,426392],"pointsPerHour":0,"points":1073,"blocktime":810,"taken":100,"name":"Turfsley","totalPoints":36269,"rank":14,"id":415256,"place":3933,"uniqueZonesTaken":60,"region":{"name":"Scotland","id":200}}},{"medal":84,"time":"2023-12-05T10:06:15+0000","type":"medal","user":{"country":"se","medals":[97,84],"zones":[11631],"pointsPerHour":0,"points":140,"blocktime":645,"taken":5,"name":"villesa10","totalPoints":731,"rank":3,"id":416156,"place":3933,"uniqueZonesTaken":3,"region":{"name":"Blekinge","id":136}}},{"medal":85,"time":"2023-12-05T10:05:47+0000","type":"medal","user":{"country":"uk","medals":[93,80,85],"zones":[602748,349501,349500,342377,349499,349498,342378],"pointsPerHour":0,"points":1544,"blocktime":675,"taken":10,"name":"StevieStag","totalPoints":2015,"rank":5,"id":416211,"place":3932,"uniqueZonesTaken":10,"region":{"name":"Scotland","id":200}}},{"sender":{"country":"se","medals":[16,117,94,10,47,79,131,56,15,103,123,37,155],"zones":[78433,7585,31921,37410,37411,7588,7590,22203],"pointsPerHour":29,"points":3633,"blocktime":1215,"taken":9309,"name":"norpas","totalPoints":1706000,"rank":41,"id":383655,"place":1190,"uniqueZonesTaken":1201,"region":{"name":"Stockholm","id":141}},"time":"2023-12-05T10:04:37+0000","message":"mummis: 👍","region":{"name":"Stockholm","id":141},"type":"chat"}]