[{"medal":84,"time":"2022-02-15T06:40:23+0000","type":"medal","user":{"country":"fi","medals":[93,84],"zones":[63856,34117,428049,62495],"pointsPerHour":0,"points":463,"blocktime":630,"taken":5,"name":"jeshog","totalPoints":463,"rank":2,"id":355580,"place":5575,"uniqueZonesTaken":5,"region":{"name":"Åland","id":177}}},{"medal":84,"time":"2022-02-15T06:40:17+0000","type":"medal","user":{"country":"fi","medals":[84],"zones":[78758,178472,228108],"pointsPerHour":0,"points":420,"blocktime":630,"taken":5,"name":"bossking500","totalPoints":420,"rank":2,"id":355586,"place":5575,"uniqueZonesTaken":5,"region":{"name":"Åland","id":177}}},{"medal":84,"time":"2022-02-15T06:38:37+0000","type":"medal","user":{"country":"fi","medals":[80,84],"zones":[177700,60151,42328,12108,12109],"pointsPerHour":0,"points":511,"blocktime":630,"taken":5,"name":"gottbergskan","totalPoints":511,"rank":2,"id":355610,"place":5575,"uniqueZonesTaken":5,"region":{"name":"Åland","id":177}}},{"medal":80,"time":"2022-02-15T06:38:37+0000","type":"medal","user":{"country":"fi","medals":[80,84],"zones":[177700,60151,42328,12108,12109],"pointsPerHour":0,"points":511,"blocktime":630,"taken":5,"name":"gottbergskan","totalPoints":511,"rank":2,"id":355610,"place":5575,"uniqueZonesTaken":5,"region":{"name":"Åland","id":177}}},{"medal":94,"time":"2022-02-15T06:37:57+0000","type":"medal","user":{"country":"fi","medals":[94],"zones":[7191],"pointsPerHour":0,"points":300,"blocktime":615,"taken":3,"name":"oingoboingo","totalPoints":300,"rank":1,"id":355573,"place":5575,"uniqueZonesTaken":3,"region":{"name":"Åland","id":177}}},{"medal":93,"time":"2022-02-15T06:37:57+0000","type":"medal","user":{"country":"fi","medals":[93],"zones":[85571,7187],"pointsPerHour":0,"points":195,"blocktime":615,"taken":3,"name":"Ella.D","totalPoints":195,"rank":1,"id":355575,"place":5575,"uniqueZonesTaken":3,"region":{"name":"Åland","id":177}}},{"medal":84,"time":"2022-02-15T06:37:57+0000","type":"medal","user":{"country":"fi","medals":[84],"zones":[29219,177702],"pointsPerHour":0,"points":466,"blocktime":630,"taken":5,"name":"Matilda12345","totalPoints":466,"rank":2,"id":355579,"place":5575,"uniqueZonesTaken":5,"region":{"name":"Åland","id":177}}},{"medal":94,"time":"2022-02-15T06:37:57+0000","type":"medal","user":{"country":"fi","medals":[94],"zones":[152983,60556],"pointsPerHour":0,"points":523,"blocktime":630,"taken":5,"name":"Crafter_","totalPoints":523,"rank":2,"id":355449,"place":5575,"uniqueZonesTaken":5,"region":{"name":"Åland","id":177}}},{"medal":84,"time":"2022-02-15T06:37:35+0000","type":"medal","user":{"country":"fi","medals":[84],"zones":[98323,7189,194292,152984],"pointsPerHour":0,"points":569,"blocktime":630,"taken":5,"name":"elinek","totalPoints":569,"rank":2,"id":355570,"place":5575,"uniqueZonesTaken":5,"region":{"name":"Åland","id":177}}},{"medal":84,"time":"2022-02-15T06:35:09+0000","type":"medal","user":{"country":"fi","medals":[93,84],"zones":[62386,34131,38334],"pointsPerHour":0,"points":495,"blocktime":630,"taken":5,"name":"idix","totalPoints":495,"rank":2,"id":355425,"place":5574,"uniqueZonesTaken":5,"region":{"name":"Åland","id":177}}}]