[{"medal":31,"time":"2022-02-15T08:07:24+0000","type":"medal","user":{"country":"fi","medals":[90,51,92,93,31],"zones":[29219,152983,194292,152984],"pointsPerHour":0,"points":553,"blocktime":675,"taken":25,"name":"ronjae","totalPoints":2387,"rank":5,"id":318176,"place":5597,"uniqueZonesTaken":25,"region":{"name":"Åland","id":177}}},{"medal":100,"time":"2022-02-15T08:04:59+0000","type":"medal","user":{"country":"fi","medals":[96,84,100],"zones":[85571],"pointsPerHour":0,"points":390,"blocktime":615,"taken":6,"name":"Tsar.Sergeev","totalPoints":390,"rank":1,"id":355620,"place":5596,"uniqueZonesTaken":5,"region":{"name":"Åland","id":177}}}]