[{"medal":80,"time":"2022-02-14T18:31:23+0000","type":"medal","user":{"country":"se","medals":[84,80],"zones":[114806,139802,484155,7228,139439],"pointsPerHour":0,"points":837,"blocktime":10,"taken":6,"name":"Jazze1998","totalPoints":1075,"rank":3,"id":353554,"place":5542,"uniqueZonesTaken":5,"region":{"name":"Västra Götaland","id":132}}},{"medal":84,"time":"2022-02-14T18:19:38+0000","type":"medal","user":{"country":"se","medals":[84],"zones":[114806,139802,484155,7228],"pointsPerHour":0,"points":681,"blocktime":10,"taken":5,"name":"Jazze1998","totalPoints":919,"rank":3,"id":353554,"place":5542,"uniqueZonesTaken":4,"region":{"name":"Västra Götaland","id":132}}}]