[{"sender":{"country":"se","medals":[126,16,95,103,5,14,67,122,128,90,6,38,47,57],"zones":[7722,251],"pointsPerHour":18,"points":28194,"blocktime":20,"taken":11857,"name":"JimmyAIK94","totalPoints":2073906,"rank":43,"id":267637,"place":836,"uniqueZonesTaken":783,"region":{"name":"Stockholm","id":141}},"time":"2022-02-15T17:45:50+0000","message":"sippa: ja men nu ere ju hockey, de e Sumpan man ska ta vid 18 å sedan mot stan senare\u2026 annars. Inte nu ju","region":{"name":"Stockholm","id":141},"type":"chat"},{"sender":{"country":"se","medals":[126,16,95,103,5,14,67,122,128,90,6,38,47,57],"zones":[7722,251],"pointsPerHour":18,"points":28194,"blocktime":20,"taken":11857,"name":"JimmyAIK94","totalPoints":2073906,"rank":43,"id":267637,"place":836,"uniqueZonesTaken":783,"region":{"name":"Stockholm","id":141}},"time":"2022-02-15T17:44:43+0000","message":"Krussidullen: nä jag går på matcherna ;)","region":{"name":"Stockholm","id":141},"type":"chat"},{"medal":84,"time":"2022-02-15T17:41:55+0000","type":"medal","user":{"country":"se","medals":[84],"zones":[3217,16531,21780,148861],"pointsPerHour":0,"points":896,"blocktime":10,"taken":5,"name":"bjuren37","totalPoints":896,"rank":3,"id":355636,"place":5651,"uniqueZonesTaken":5,"region":{"name":"Södermanland","id":140}}},{"medal":85,"time":"2022-02-15T17:40:46+0000","type":"medal","user":{"country":"se","medals":[51,85,90],"zones":[318756,306580,61925,61926,225978,114922,91741,93087,1438],"pointsPerHour":0,"points":1571,"blocktime":11,"taken":10,"name":"zuzI8","totalPoints":1571,"rank":4,"id":355638,"place":5651,"uniqueZonesTaken":10,"region":{"name":"Skåne","id":135}}},{"medal":90,"time":"2022-02-15T17:40:46+0000","type":"medal","user":{"country":"se","medals":[51,85,90],"zones":[318756,306580,61925,61926,225978,114922,91741,93087,1438],"pointsPerHour":0,"points":1571,"blocktime":11,"taken":10,"name":"zuzI8","totalPoints":1571,"rank":4,"id":355638,"place":5651,"uniqueZonesTaken":10,"region":{"name":"Skåne","id":135}}},{"medal":51,"time":"2022-02-15T17:40:46+0000","type":"medal","user":{"country":"se","medals":[51,85,90],"zones":[318756,306580,61925,61926,225978,114922,91741,93087,1438],"pointsPerHour":0,"points":1571,"blocktime":11,"taken":10,"name":"zuzI8","totalPoints":1571,"rank":4,"id":355638,"place":5651,"uniqueZonesTaken":10,"region":{"name":"Skåne","id":135}}}]