[{"medal":94,"time":"2022-02-14T11:23:37+0000","type":"medal","user":{"country":"uk","medals":[28,79,55,47,13,102,35,127,94],"zones":[389767,344167,392646,392648,329451,21615,447025,21656,316605,392793,351483,349050],"pointsPerHour":0,"points":17417,"blocktime":18,"taken":2702,"name":"lunesideSROC","totalPoints":705052,"rank":35,"id":302379,"place":5508,"uniqueZonesTaken":445,"region":{"name":"North West England","id":201}}},{"medal":84,"time":"2022-02-14T11:21:21+0000","type":"medal","user":{"country":"se","medals":[84],"zones":[93712,2039,113689],"pointsPerHour":0,"points":779,"blocktime":10,"taken":5,"name":"Telemon","totalPoints":779,"rank":3,"id":355495,"place":5508,"uniqueZonesTaken":4,"region":{"name":"Gävleborg","id":144}}},{"medal":94,"time":"2022-02-14T11:20:42+0000","type":"medal","user":{"country":"fi","medals":[94],"zones":[],"pointsPerHour":0,"points":80,"blocktime":10,"taken":1,"name":"valériesva","totalPoints":80,"rank":0,"id":355552,"place":5508,"uniqueZonesTaken":1,"region":{"name":"Åland","id":177}}},{"medal":94,"time":"2022-02-14T11:20:42+0000","type":"medal","user":{"country":"fi","medals":[94],"zones":[],"pointsPerHour":0,"points":80,"blocktime":10,"taken":1,"name":"eliassssss","totalPoints":80,"rank":0,"id":355546,"place":5508,"uniqueZonesTaken":1,"region":{"name":"Åland","id":177}}},{"medal":85,"time":"2022-02-14T11:18:35+0000","type":"medal","user":{"country":"fi","medals":[96,85],"zones":[141044,62390,42328],"pointsPerHour":0,"points":210,"blocktime":10,"taken":10,"name":"Jaredfajardo","totalPoints":767,"rank":3,"id":292584,"place":5506,"uniqueZonesTaken":10,"region":{"name":"Åland","id":177}}}]