[{"medal":10,"time":"2023-08-01T04:10:40+0000","type":"medal","user":{"country":"se","medals":[52,6,94,24,12,33,104,10],"zones":[43968,601672,45017,5322,5324,515786,5325,23502,428952,601671],"pointsPerHour":0,"points":25136,"blocktime":15,"taken":637,"name":"Brasse73","totalPoints":117851,"rank":21,"id":6854,"place":7921,"uniqueZonesTaken":139,"region":{"name":"Örebro","id":131}}},{"medal":86,"time":"2023-08-01T03:48:37+0000","type":"medal","user":{"country":"fi","medals":[80,86],"zones":[63856,61763,72501,34117,484433,486542,344123],"pointsPerHour":0,"points":7967,"blocktime":11,"taken":50,"name":"leivor","totalPoints":7967,"rank":7,"id":399903,"place":7921,"uniqueZonesTaken":12,"region":{"name":"Åland","id":177}}}]