[{"medal":84,"time":"2023-07-31T13:11:43+0000","type":"medal","user":{"country":"se","medals":[80,84],"zones":[872,10810,923,489498,22302],"pointsPerHour":0,"points":494,"blocktime":10,"taken":5,"name":"Roxy","totalPoints":494,"rank":2,"id":400166,"place":7893,"uniqueZonesTaken":5,"region":{"name":"Östergötland","id":139}}},{"medal":80,"time":"2023-07-31T13:11:43+0000","type":"medal","user":{"country":"se","medals":[80,84],"zones":[872,10810,923,489498,22302],"pointsPerHour":0,"points":494,"blocktime":10,"taken":5,"name":"Roxy","totalPoints":494,"rank":2,"id":400166,"place":7893,"uniqueZonesTaken":5,"region":{"name":"Östergötland","id":139}}},{"medal":80,"time":"2023-07-31T13:10:09+0000","type":"medal","user":{"country":"se","medals":[84,80],"zones":[1889,136036,34696,432031,1151],"pointsPerHour":0,"points":1064,"blocktime":10,"taken":7,"name":"morticia64","totalPoints":1064,"rank":3,"id":400172,"place":7893,"uniqueZonesTaken":6,"region":{"name":"Kalmar","id":137}}},{"medal":11,"time":"2023-07-31T13:08:41+0000","type":"medal","user":{"country":"se","medals":[93,100,70,5,51,32,11],"zones":[22161,519861,7443,519860,60710,22159],"pointsPerHour":0,"points":24677,"blocktime":13,"taken":199,"name":"Stoffes","totalPoints":30064,"rank":13,"id":97973,"place":7893,"uniqueZonesTaken":50,"region":{"name":"Östergötland","id":139}}},{"sender":{"country":"uk","medals":[93,53,90,32,101,12,78],"zones":[364452,364455,364451,351373,364460,351375,351374,364456,351381,351380,351383,351382,351377,351376,351379,351378,351390,351385,389944],"pointsPerHour":19,"points":14906,"blocktime":14,"taken":226,"name":"Arnsturf#","totalPoints":76743,"rank":18,"id":384278,"place":3216,"uniqueZonesTaken":124,"region":{"name":"Scotland","id":200}},"time":"2023-07-31T13:06:45+0000","message":"*sorry, I mean, probably many more ulez rules on the way...","region":{"name":"Scotland","id":200},"type":"chat"}]