[{"sender":{"country":"se","medals":[70,7,4,77,16,15,72,83,67,21,48,27,126,79,60,124,128,116,17,106,39],"zones":[114947,418947,563182,37383,37384,89961,37385,21163,20399,113456,178352,7988,20407,57148,587222],"pointsPerHour":44,"points":13001,"blocktime":1305,"taken":15865,"name":"Turfsnaggy","totalPoints":3521496,"rank":47,"id":109494,"place":3183,"uniqueZonesTaken":2347,"region":{"name":"Dalarna","id":129}},"time":"2023-08-29T10:24:46+0000","message":"MoraIK: Ska jag skriva in er i laget?","region":{"name":"Dalarna","id":129},"type":"chat"}]