[{"medal":100,"time":"2023-08-29T14:55:30+0000","type":"medal","user":{"country":"se","medals":[93,79,46,4,5,55,13,7,72,77,128,37,100],"zones":[27712,68227,80834,11206,88969,42764,7372,95660,150992,114709,33781,46742,17368,1531,1534,27711],"pointsPerHour":0,"points":72013,"blocktime":1230,"taken":9198,"name":"turftraskaren","totalPoints":1877707,"rank":42,"id":327717,"place":8022,"uniqueZonesTaken":401,"region":{"name":"Södermanland","id":140}}},{"medal":31,"time":"2023-08-29T14:52:52+0000","type":"medal","user":{"country":"se","medals":[51,92,31],"zones":[20337,356764,9356,228319,45148,99852,8109],"pointsPerHour":0,"points":3153,"blocktime":675,"taken":25,"name":"Africatwin43","totalPoints":3153,"rank":5,"id":402254,"place":8022,"uniqueZonesTaken":23,"region":{"name":"Östergötland","id":139}}},{"medal":86,"time":"2023-08-29T14:50:00+0000","type":"medal","user":{"country":"se","medals":[6,86],"zones":[114788],"pointsPerHour":0,"points":340,"blocktime":720,"taken":50,"name":"Sjöbäcksholm","totalPoints":8788,"rank":8,"id":386575,"place":8022,"uniqueZonesTaken":13,"region":{"name":"Kalmar","id":137}}}]