[{"medal":80,"time":"2023-08-28T07:28:54+0000","type":"medal","user":{"country":"se","medals":[84,80],"zones":[47506,599387,47508,47509,28199],"pointsPerHour":0,"points":994,"blocktime":645,"taken":6,"name":"Sean-9A-Albin","totalPoints":994,"rank":3,"id":402313,"place":7833,"uniqueZonesTaken":6,"region":{"name":"Stockholm","id":141}}},{"medal":41,"time":"2023-08-28T07:26:05+0000","type":"medal","user":{"country":"se","medals":[67,28,14,56,70,78,77,48,16,94,7,126,102,122,127,41],"zones":[31955,525213,18678,44295,15962,115963,2251,62303],"pointsPerHour":0,"points":114263,"blocktime":1260,"taken":25000,"name":"Lapet","totalPoints":2650947,"rank":44,"id":147053,"place":7833,"uniqueZonesTaken":787,"region":{"name":"Västmanland","id":143}}},{"medal":80,"time":"2023-08-28T07:23:50+0000","type":"medal","user":{"country":"gb","medals":[93,84,80],"zones":[25585,465941,486173,486761,465944],"pointsPerHour":0,"points":1347,"blocktime":660,"taken":6,"name":"BigFoot1","totalPoints":1347,"rank":4,"id":402169,"place":7833,"uniqueZonesTaken":5,"region":{"name":"North East England","id":199}}}]