[{"medal":127,"time":"2023-08-28T05:53:35+0000","type":"medal","user":{"country":"se","medals":[93,79,10,46,101,53,42,12,127],"zones":[496598,11124,43380,31560,12410,122858,5404],"pointsPerHour":0,"points":35895,"blocktime":810,"taken":319,"name":"Ture50","totalPoints":35895,"rank":14,"id":401039,"place":7801,"uniqueZonesTaken":103,"region":{"name":"Västerbotten","id":127}}},{"sender":{"country":"se","medals":[5,16,126,79,117,15,48,26,58,123,72,103,67,95,24,128,91,24,88,4],"zones":[411798,204451,25170,154293,25164,474747,44574,138140],"pointsPerHour":25,"points":150712,"blocktime":1410,"taken":41260,"name":"DrBengt","totalPoints":8189611,"rank":54,"id":228134,"place":288,"uniqueZonesTaken":2303,"region":{"name":"Stockholm","id":141}},"time":"2023-08-28T05:46:42+0000","message":"Pope: 1000:an oxå","region":{"name":"Stockholm","id":141},"type":"chat"}]