[{"medal":84,"time":"2023-08-29T11:32:37+0000","type":"medal","user":{"country":"se","medals":[84],"zones":[11850],"pointsPerHour":0,"points":870,"blocktime":645,"taken":5,"name":"Hellmansson","totalPoints":870,"rank":3,"id":402249,"place":7994,"uniqueZonesTaken":4,"region":{"name":"Västra Götaland","id":132}}},{"sender":{"country":"se","medals":[16,67,22,7,27,77,79,17,58,48,68,17,116,28,70,4,117,24,126,124,83,17,119,24,132,111,74],"zones":[22657,2338,61799,3592,64872,32488,64873,353772,7276,92012,1743,61041,168880,42418,168881,319153,320818,7990,319154,198836,8407,220703,31420],"pointsPerHour":87,"points":192421,"blocktime":1470,"taken":119356,"name":"Karamella","totalPoints":21377657,"rank":58,"id":158664,"place":193,"uniqueZonesTaken":5027,"region":{"name":"Dalarna","id":129}},"time":"2023-08-29T11:16:26+0000","message":"Turfsnaggy: Skriv in mig.","region":{"name":"Dalarna","id":129},"type":"chat"}]