[{"medal":86,"time":"2022-03-29T06:17:19+0000","type":"medal","user":{"country":"se","medals":[51,92,86],"zones":[96,96848,29239],"pointsPerHour":0,"points":8042,"blocktime":705,"taken":50,"name":"malva005","totalPoints":8042,"rank":7,"id":356771,"place":6754,"uniqueZonesTaken":37,"region":{"name":"Östergötland","id":139}}},{"medal":84,"time":"2022-03-29T06:15:18+0000","type":"medal","user":{"country":"fi","medals":[93,84],"zones":[65967,368634],"pointsPerHour":0,"points":514,"blocktime":630,"taken":5,"name":"johankudjoi2","totalPoints":514,"rank":2,"id":356981,"place":6754,"uniqueZonesTaken":3,"region":{"name":"Åland","id":177}}}]