[{"medal":51,"time":"2022-03-28T09:09:41+0000","type":"medal","user":{"country":"se","medals":[93,31,101,51],"zones":[37714,37715,54213,8149,37718,32390,37720,8153,37722,8155],"pointsPerHour":0,"points":7557,"blocktime":705,"taken":44,"name":"Blomrika","totalPoints":7557,"rank":7,"id":353899,"place":6708,"uniqueZonesTaken":14,"region":{"name":"Södermanland","id":140}}},{"medal":85,"time":"2022-03-28T08:54:25+0000","type":"medal","user":{"country":"se","medals":[80,85],"zones":[1280],"pointsPerHour":0,"points":140,"blocktime":675,"taken":10,"name":"Mjagg00","totalPoints":2076,"rank":5,"id":320994,"place":6707,"uniqueZonesTaken":10,"region":{"name":"Östergötland","id":139}}}]