[{"medal":80,"time":"2022-03-28T15:09:56+0000","type":"medal","user":{"country":"gb","medals":[80,84],"zones":[345669,345668,479188,345676,345673],"pointsPerHour":0,"points":1030,"blocktime":645,"taken":5,"name":"Birdie3","totalPoints":1030,"rank":3,"id":357197,"place":6736,"uniqueZonesTaken":5,"region":{"name":"Scotland","id":200}}},{"medal":84,"time":"2022-03-28T15:09:56+0000","type":"medal","user":{"country":"gb","medals":[80,84],"zones":[345669,345668,479188,345676,345673],"pointsPerHour":0,"points":1030,"blocktime":645,"taken":5,"name":"Birdie3","totalPoints":1030,"rank":3,"id":357197,"place":6736,"uniqueZonesTaken":5,"region":{"name":"Scotland","id":200}}},{"medal":80,"time":"2022-03-28T15:05:25+0000","type":"medal","user":{"country":"se","medals":[84,80],"zones":[55696,55698,153978,25964,204684],"pointsPerHour":0,"points":1247,"blocktime":660,"taken":6,"name":"FiaochScilla","totalPoints":1247,"rank":4,"id":279898,"place":6736,"uniqueZonesTaken":6,"region":{"name":"Örebro","id":131}}},{"medal":84,"time":"2022-03-28T15:00:44+0000","type":"medal","user":{"country":"se","medals":[84],"zones":[55696,55698,153978,204684],"pointsPerHour":0,"points":1092,"blocktime":645,"taken":5,"name":"FiaochScilla","totalPoints":1092,"rank":3,"id":279898,"place":6736,"uniqueZonesTaken":5,"region":{"name":"Örebro","id":131}}}]