[{"sender":{"country":"se","medals":[67,70,47,4,15,66,96,28,79,122,77,21,16,57,83,130,117,107,88],"zones":[25744,97845,23652,30805,1081,117725,892,117724,418939,25743],"pointsPerHour":43,"points":134040,"blocktime":1365,"taken":41424,"name":"Krussidullen","totalPoints":6445386,"rank":51,"id":74555,"place":275,"uniqueZonesTaken":2358,"region":{"name":"Stockholm","id":141}},"time":"2022-03-28T17:50:19+0000","message":"Gofika: vi orkar inte springa ner","region":{"name":"Stockholm","id":141},"type":"chat"},{"sender":{"country":"se","medals":[46,16,70,79,5,21,4,77,122,67,55,10,7,15,128,96,36,106,117],"zones":[94211,354000,30807,22216,37406],"pointsPerHour":22,"points":119451,"blocktime":1155,"taken":6416,"name":"sippa","totalPoints":957017,"rank":37,"id":305999,"place":340,"uniqueZonesTaken":1857,"region":{"name":"Stockholm","id":141}},"time":"2022-03-28T17:49:08+0000","message":"vi är hemma hos en kompis.","region":{"name":"Stockholm","id":141},"type":"chat"},{"medal":32,"time":"2022-03-28T17:46:39+0000","type":"medal","user":{"country":"uk","medals":[93,51,101,11,32],"zones":[321542],"pointsPerHour":0,"points":3266,"blocktime":780,"taken":100,"name":"FrontFlipMan","totalPoints":26984,"rank":12,"id":353526,"place":6748,"uniqueZonesTaken":70,"region":{"name":"Scotland","id":200}}},{"sender":{"country":"se","medals":[16,67,24,70,77,24,79,4,24,83,24,62,17,116,57,48,117,24,72,24,24,17,107,27,66,50,123,24,126,21,24,89,24,131],"zones":[134263],"pointsPerHour":4,"points":80555,"blocktime":1410,"taken":53755,"name":"Gofika","totalPoints":9000170,"rank":54,"id":156402,"place":691,"uniqueZonesTaken":3146,"region":{"name":"Stockholm","id":141}},"time":"2022-03-28T17:46:27+0000","message":"sippa: Vill ni ta assist? Jag väntar","region":{"name":"Stockholm","id":141},"type":"chat"},{"medal":127,"time":"2022-03-28T17:42:36+0000","type":"medal","user":{"country":"se","medals":[10,46,66,78,93,15,100,38,55,16,127],"zones":[325601,96772,161479,325602,37387,102060,427464,7632,37393,15345,22705,7635,14612,408755,112539],"pointsPerHour":0,"points":33946,"blocktime":1260,"taken":12425,"name":"BulteniBo","totalPoints":2477260,"rank":44,"id":122129,"place":6748,"uniqueZonesTaken":1339,"region":{"name":"Stockholm","id":141}}}]