[{"sender":{"country":"se","medals":[16,67,22,9,70,27,68,1,69,68,4,17,72,1,69,68,15,24,68,79,77,83,81,68,75,3,68,17,112,68,68,68,118,126,123,107,117,128,7],"zones":[2834],"pointsPerHour":2,"points":170,"blocktime":24,"taken":97311,"name":"CykologenCOM","totalPoints":19809287,"rank":58,"id":122322,"place":3326,"uniqueZonesTaken":1699,"region":{"name":"Kalmar","id":137}},"time":"2023-02-06T13:27:42+0000","message":"In english sorry \u2026 Congratulations for your great performance🥳🙌","type":"chat"},{"sender":{"country":"se","medals":[16,67,22,9,70,27,68,1,69,68,4,17,72,1,69,68,15,24,68,79,77,83,81,68,75,3,68,17,112,68,68,68,118,126,123,107,117,128,7],"zones":[2834],"pointsPerHour":2,"points":170,"blocktime":24,"taken":97311,"name":"CykologenCOM","totalPoints":19809287,"rank":58,"id":122322,"place":3320,"uniqueZonesTaken":1699,"region":{"name":"Kalmar","id":137}},"time":"2023-02-06T13:23:24+0000","message":"Björke: Stor Ovation till dig från Småland du är kung av Kungar nu🥂💎🙌","type":"chat"},{"sender":{"country":"se","medals":[95,71,6,13,107,46,28,53,128,36],"zones":[117045,117700,94431],"pointsPerHour":6,"points":4315,"blocktime":19,"taken":5508,"name":"majjkan","totalPoints":804777,"rank":36,"id":350553,"place":874,"uniqueZonesTaken":405,"region":{"name":"Stockholm","id":141}},"time":"2023-02-06T13:22:27+0000","message":"SeñorDingdong: yes","region":{"name":"Stockholm","id":141},"type":"chat"}]