[{"sender":{"country":"se","medals":[94,31,92,80],"zones":[55638,3335],"pointsPerHour":10,"points":1831,"blocktime":11,"taken":39,"name":"Hatti","totalPoints":6633,"rank":7,"id":383857,"place":2452,"uniqueZonesTaken":18,"region":{"name":"Örebro","id":131}},"time":"2023-02-07T17:22:11+0000","message":"det var ju en parkering","region":{"name":"Örebro","id":131},"type":"chat"},{"sender":{"country":"se","medals":[94,31,92,80],"zones":[55638,3335],"pointsPerHour":10,"points":1830,"blocktime":11,"taken":39,"name":"Hatti","totalPoints":6633,"rank":7,"id":383857,"place":2452,"uniqueZonesTaken":18,"region":{"name":"Örebro","id":131}},"time":"2023-02-07T17:21:42+0000","message":"hahaha sorry dålig koll på kumla tydligen","region":{"name":"Örebro","id":131},"type":"chat"},{"sender":{"country":"se","medals":[94,31,92,80],"zones":[55638,3335],"pointsPerHour":10,"points":1830,"blocktime":11,"taken":39,"name":"Hatti","totalPoints":6633,"rank":7,"id":383857,"place":2452,"uniqueZonesTaken":18,"region":{"name":"Örebro","id":131}},"time":"2023-02-07T17:21:28+0000","message":"jaaaa men det gör det ju, haha syrran bodde där förut så tänkte varför kan ingen gå å ta den 🤣🤣","region":{"name":"Örebro","id":131},"type":"chat"},{"sender":{"country":"se","medals":[27,62,67,16,17,4,30,58,68,70,24,9,72,66,79,68,99,77,68,117,24,50,21,126,75,89,83,124,17,24,107,131],"zones":[22528,178371,21954,43395,278599,5315,115205,43206,21321,564866,204684,139666,21072,21073,24594,24595,220246,408528,20506,55644,179166,55645,425382,21088,21479,34663,21481,21482,21803,25964,21488,23792,24817,116660,41854,20159],"pointsPerHour":150,"points":8244,"blocktime":24,"taken":64857,"name":"Svisse","totalPoints":11348222,"rank":56,"id":40918,"place":800,"uniqueZonesTaken":3283,"region":{"name":"Örebro","id":131}},"time":"2023-02-07T17:20:22+0000","message":"Hatti: Det byggs ett hus där...🤣","region":{"name":"Örebro","id":131},"type":"chat"},{"sender":{"country":"se","medals":[94,31,92,80],"zones":[55638,3335],"pointsPerHour":10,"points":1830,"blocktime":11,"taken":39,"name":"Hatti","totalPoints":6633,"rank":7,"id":383857,"place":2452,"uniqueZonesTaken":18,"region":{"name":"Örebro","id":131}},"time":"2023-02-07T17:19:38+0000","message":"vattuvettu, alla i byn tas men inte den, samma förra rundan.","region":{"name":"Örebro","id":131},"type":"chat"}]