[{"sender":{"country":"se","medals":[77,16,126,122,22,5,70,56,79,48,72,24,4,7,130,17,116,106,15,24,40],"zones":[95107,21138,107747,8158,119615,26527],"pointsPerHour":39,"points":3753,"blocktime":21,"taken":20992,"name":"Forestrush","totalPoints":3435863,"rank":46,"id":271444,"place":1018,"uniqueZonesTaken":1142,"region":{"name":"Östergötland","id":139}},"time":"2023-02-06T13:53:14+0000","message":"ventoux: Ja! De andra lugnade ner sig bra sista veckan. Det var skönt 😜","region":{"name":"Östergötland","id":139},"type":"chat"},{"medal":80,"time":"2023-02-06T13:51:58+0000","type":"medal","user":{"country":"se","medals":[93,100,85,92,80],"zones":[42088,42090,412442,8606,8607],"pointsPerHour":0,"points":1946,"blocktime":11,"taken":17,"name":"hip_point","totalPoints":3509,"rank":6,"id":385614,"place":4075,"uniqueZonesTaken":17,"region":{"name":"Västra Götaland","id":132}}}]