[{"sender":{"country":"se","medals":[95,80,92,90,102,42,6],"zones":[],"pointsPerHour":0,"points":0,"blocktime":13,"taken":319,"name":"surulla","totalPoints":26139,"rank":12,"id":279687,"place":4361,"uniqueZonesTaken":44,"region":{"name":"Västerbotten","id":127}},"time":"2023-02-07T11:15:53+0000","message":"Leilar","region":{"name":"Västerbotten","id":127},"type":"chat"},{"sender":{"country":"se","medals":[95,80,92,90,102,42,6],"zones":[],"pointsPerHour":0,"points":0,"blocktime":13,"taken":319,"name":"surulla","totalPoints":26139,"rank":12,"id":279687,"place":0,"uniqueZonesTaken":44,"region":{"name":"Västerbotten","id":127}},"time":"2023-02-07T11:15:07+0000","message":"Leila tar du zoner för Fredrik?","region":{"name":"Västerbotten","id":127},"type":"chat"},{"medal":84,"time":"2023-02-07T10:58:49+0000","type":"medal","user":{"country":"se","medals":[80,84],"zones":[114147,36739,37492,36740,31708],"pointsPerHour":0,"points":882,"blocktime":10,"taken":5,"name":"FruLexell","totalPoints":882,"rank":3,"id":385740,"place":4354,"uniqueZonesTaken":5,"region":{"name":"Södermanland","id":140}}},{"medal":80,"time":"2023-02-07T10:58:49+0000","type":"medal","user":{"country":"se","medals":[80,84],"zones":[114147,36739,37492,36740,31708],"pointsPerHour":0,"points":882,"blocktime":10,"taken":5,"name":"FruLexell","totalPoints":882,"rank":3,"id":385740,"place":4354,"uniqueZonesTaken":5,"region":{"name":"Södermanland","id":140}}}]