[{"sender":{"country":"se","medals":[93,101,4,10,130,79,77,13,53,37],"zones":[7909,32454,3143,43951,47153,47154,47155,508500,47156,47157,33717,223158,47158,21366,50904,92251],"pointsPerHour":41,"points":6203,"blocktime":20,"taken":7799,"name":"September20","totalPoints":1392713,"rank":40,"id":283792,"place":901,"uniqueZonesTaken":275,"region":{"name":"Norrbotten","id":126}},"time":"2023-02-07T10:30:31+0000","message":"Kul 👍","region":{"name":"Norrbotten","id":126},"type":"chat"},{"sender":{"country":"se","medals":[4,56,48,79,77,98,7,14,126,72,122,105,89,16],"zones":[2993,23953,411557],"pointsPerHour":21,"points":2670,"blocktime":23,"taken":54468,"name":"Gåsen","totalPoints":7207166,"rank":52,"id":75543,"place":1809,"uniqueZonesTaken":640,"region":{"name":"Östergötland","id":139}},"time":"2023-02-07T10:25:23+0000","message":"ä","type":"chat"}]