[{"medal":10,"time":"2023-02-27T15:22:43+0000","type":"medal","user":{"country":"se","medals":[51,93,32,11,46,10],"zones":[104737,577,17570,22308,22310,117286,22311,974,77042,175574,23958,922,136350,44124,34623],"pointsPerHour":0,"points":1761,"blocktime":795,"taken":209,"name":"Lokating...","totalPoints":27875,"rank":13,"id":334219,"place":6311,"uniqueZonesTaken":74,"region":{"name":"Östergötland","id":139}}},{"sender":{"country":"se","medals":[16,79,28,57,17,116,66,77,4,70,107,48,22,50,24,123,126,88,129],"zones":[73080],"pointsPerHour":2,"points":12701,"blocktime":1410,"taken":49596,"name":"elgurro","totalPoints":9171759,"rank":54,"id":110186,"place":2769,"uniqueZonesTaken":3841,"region":{"name":"Stockholm","id":141}},"time":"2023-02-27T15:18:29+0000","message":"metallurgen:","region":{"name":"Spain","id":211},"type":"chat"}]