[{"sender":{"country":"se","medals":[16,47,28,57,77,68,4,70,7,15,5,126,122,111,89,129,24,99,24,79,24],"zones":[12336,26004,62236],"pointsPerHour":16,"points":103743,"blocktime":1425,"taken":66199,"name":"Clipperton","totalPoints":10394718,"rank":55,"id":161073,"place":379,"uniqueZonesTaken":1597,"region":{"name":"Norrbotten","id":126}},"time":"2023-02-27T17:39:28+0000","message":"Clipperton: ok då blir det inte direkt krock på en gång😁","region":{"name":"Norrbotten","id":126},"type":"chat"}]