[{"sender":{"country":"se","medals":[5,22,16,48,1,43,27,2,1,17,1,4,63,58,1,24,70,30,17,79,77,72,117,66,97,126,50,123,108,132,119,24],"zones":[153666,802,37576,12424,12425,1226,94538,1230,20750,136245,114521,348765,97983,11455],"pointsPerHour":69,"points":83990,"blocktime":1470,"taken":100594,"name":"Mazarin","totalPoints":16111919,"rank":58,"id":26774,"place":565,"uniqueZonesTaken":3316,"region":{"name":"Stockholm","id":141}},"time":"2023-02-28T18:09:17+0000","message":"Virulf: Detsamma!","region":{"name":"Stockholm","id":141},"type":"chat"},{"sender":{"country":"se","medals":[16,122,47,79,22,28,107,4,57,95,127,7,38,50],"zones":[33840,3046,216],"pointsPerHour":20,"points":42592,"blocktime":1245,"taken":14075,"name":"Virulf","totalPoints":2173685,"rank":43,"id":278756,"place":1319,"uniqueZonesTaken":2778,"region":{"name":"Stockholm","id":141}},"time":"2023-02-28T18:08:20+0000","message":"Mazarin: Du är träffsäker","region":{"name":"Stockholm","id":141},"type":"chat"},{"sender":{"country":"se","medals":[16,122,47,79,22,28,107,4,57,95,127,7,38,50],"zones":[33840,3046,216],"pointsPerHour":20,"points":42160,"blocktime":1245,"taken":14070,"name":"Virulf","totalPoints":2173253,"rank":43,"id":278756,"place":1327,"uniqueZonesTaken":2778,"region":{"name":"Stockholm","id":141}},"time":"2023-02-28T18:02:08+0000","message":"mazarin: Välkommen ombord","region":{"name":"Uppsala","id":142},"type":"chat"}]