[{"medal":94,"time":"2023-05-08T09:40:22+0000","type":"medal","user":{"country":"se","medals":[94],"zones":[],"pointsPerHour":0,"points":370,"blocktime":10,"taken":2,"name":"Emmaweimer","totalPoints":370,"rank":1,"id":392388,"place":4350,"uniqueZonesTaken":2,"region":{"name":"Skåne","id":135}}},{"medal":101,"time":"2023-05-08T09:37:29+0000","type":"medal","user":{"country":"se","medals":[51,94,6,86,11,101],"zones":[3252,83178],"pointsPerHour":0,"points":1980,"blocktime":12,"taken":94,"name":"Sten57","totalPoints":21461,"rank":11,"id":387988,"place":4347,"uniqueZonesTaken":57,"region":{"name":"Skåne","id":135}}},{"medal":95,"time":"2023-05-08T09:37:16+0000","type":"medal","user":{"country":"se","medals":[95],"zones":[],"pointsPerHour":0,"points":370,"blocktime":10,"taken":2,"name":"Anton12345689","totalPoints":370,"rank":1,"id":392389,"place":4347,"uniqueZonesTaken":2,"region":{"name":"Skåne","id":135}}},{"medal":85,"time":"2023-05-08T09:37:16+0000","type":"medal","user":{"country":"se","medals":[95,85],"zones":[114902],"pointsPerHour":0,"points":2156,"blocktime":11,"taken":11,"name":"Julian69420?","totalPoints":2156,"rank":5,"id":392361,"place":4347,"uniqueZonesTaken":10,"region":{"name":"Skåne","id":135}}},{"medal":84,"time":"2023-05-08T09:37:16+0000","type":"medal","user":{"country":"se","medals":[94,84],"zones":[223927],"pointsPerHour":0,"points":925,"blocktime":10,"taken":5,"name":"antonjanse","totalPoints":925,"rank":3,"id":392354,"place":4347,"uniqueZonesTaken":3,"region":{"name":"Skåne","id":135}}},{"medal":95,"time":"2023-05-08T09:37:16+0000","type":"medal","user":{"country":"se","medals":[95],"zones":[],"pointsPerHour":0,"points":185,"blocktime":10,"taken":1,"name":"becka_bryland","totalPoints":185,"rank":0,"id":392402,"place":4347,"uniqueZonesTaken":1,"region":{"name":"Skåne","id":135}}},{"medal":95,"time":"2023-05-08T09:37:16+0000","type":"medal","user":{"country":"se","medals":[100,95],"zones":[],"pointsPerHour":0,"points":1295,"blocktime":11,"taken":7,"name":"Neo69420?","totalPoints":1295,"rank":4,"id":392357,"place":4347,"uniqueZonesTaken":4,"region":{"name":"Skåne","id":135}}},{"medal":96,"time":"2023-05-08T09:37:03+0000","type":"medal","user":{"country":"se","medals":[85,96],"zones":[114902],"pointsPerHour":0,"points":2121,"blocktime":11,"taken":11,"name":"Alice_123","totalPoints":2121,"rank":5,"id":392368,"place":4347,"uniqueZonesTaken":10,"region":{"name":"Skåne","id":135}}},{"medal":96,"time":"2023-05-08T09:37:03+0000","type":"medal","user":{"country":"se","medals":[96],"zones":[],"pointsPerHour":0,"points":725,"blocktime":10,"taken":4,"name":"Lim","totalPoints":725,"rank":3,"id":392352,"place":4347,"uniqueZonesTaken":4,"region":{"name":"Skåne","id":135}}},{"medal":84,"time":"2023-05-08T09:37:03+0000","type":"medal","user":{"country":"se","medals":[93,84],"zones":[93755],"pointsPerHour":0,"points":925,"blocktime":10,"taken":5,"name":"AmandaE123","totalPoints":925,"rank":3,"id":392362,"place":4347,"uniqueZonesTaken":5,"region":{"name":"Skåne","id":135}}},{"medal":96,"time":"2023-05-08T09:37:03+0000","type":"medal","user":{"country":"se","medals":[84,96],"zones":[223927,178246],"pointsPerHour":0,"points":1295,"blocktime":11,"taken":7,"name":"johannes.","totalPoints":1295,"rank":4,"id":392360,"place":4347,"uniqueZonesTaken":6,"region":{"name":"Skåne","id":135}}},{"medal":96,"time":"2023-05-08T09:37:03+0000","type":"medal","user":{"country":"se","medals":[96],"zones":[],"pointsPerHour":0,"points":370,"blocktime":10,"taken":2,"name":"Bettlejuice","totalPoints":370,"rank":1,"id":392355,"place":4347,"uniqueZonesTaken":2,"region":{"name":"Skåne","id":135}}},{"medal":96,"time":"2023-05-08T09:37:03+0000","type":"medal","user":{"country":"se","medals":[84,96],"zones":[],"pointsPerHour":0,"points":1146,"blocktime":10,"taken":6,"name":"MyLegiec","totalPoints":1146,"rank":3,"id":392353,"place":4347,"uniqueZonesTaken":6,"region":{"name":"Skåne","id":135}}},{"medal":84,"time":"2023-05-08T09:34:59+0000","type":"medal","user":{"country":"se","medals":[84],"zones":[226551,176807,226552],"pointsPerHour":0,"points":1127,"blocktime":10,"taken":5,"name":"chillallexx88","totalPoints":1127,"rank":3,"id":392356,"place":4345,"uniqueZonesTaken":4,"region":{"name":"Skåne","id":135}}}]