[{"medal":85,"time":"2023-05-09T10:24:30+0000","type":"medal","user":{"country":"gb","medals":[51,85],"zones":[318912,318913,43749,318914,318910,62827,318911,490684,490683,517368],"pointsPerHour":0,"points":2340,"blocktime":11,"taken":10,"name":"AmieJMoo","totalPoints":2340,"rank":5,"id":392547,"place":5050,"uniqueZonesTaken":10,"region":{"name":"Scotland","id":200}}},{"medal":51,"time":"2023-05-09T10:24:30+0000","type":"medal","user":{"country":"gb","medals":[51,85],"zones":[318912,318913,43749,318914,318910,62827,318911,490684,490683,517368],"pointsPerHour":0,"points":2340,"blocktime":11,"taken":10,"name":"AmieJMoo","totalPoints":2340,"rank":5,"id":392547,"place":5050,"uniqueZonesTaken":10,"region":{"name":"Scotland","id":200}}},{"medal":84,"time":"2023-05-09T10:20:11+0000","type":"medal","user":{"country":"se","medals":[80,84],"zones":[26321,26322,11347,146225,152023],"pointsPerHour":0,"points":776,"blocktime":10,"taken":5,"name":"musmusculus","totalPoints":776,"rank":3,"id":392585,"place":5050,"uniqueZonesTaken":5,"region":{"name":"Västra Götaland","id":132}}},{"medal":80,"time":"2023-05-09T10:20:11+0000","type":"medal","user":{"country":"se","medals":[80,84],"zones":[26321,26322,11347,146225,152023],"pointsPerHour":0,"points":776,"blocktime":10,"taken":5,"name":"musmusculus","totalPoints":776,"rank":3,"id":392585,"place":5050,"uniqueZonesTaken":5,"region":{"name":"Västra Götaland","id":132}}}]