[{"medal":85,"time":"2023-05-08T12:17:58+0000","type":"medal","user":{"country":"se","medals":[85],"zones":[1748,15542,17319],"pointsPerHour":0,"points":624,"blocktime":11,"taken":10,"name":"Teddeking","totalPoints":1392,"rank":4,"id":390194,"place":4520,"uniqueZonesTaken":8,"region":{"name":"Skåne","id":135}}},{"medal":92,"time":"2023-05-08T12:17:16+0000","type":"medal","user":{"country":"se","medals":[80,85,92],"zones":[11361,17908,199077,23960,556834,114938,33743],"pointsPerHour":0,"points":864,"blocktime":11,"taken":16,"name":"NIV","totalPoints":1835,"rank":4,"id":390197,"place":4519,"uniqueZonesTaken":15,"region":{"name":"Skåne","id":135}}},{"country":"se","sender":{"country":"se","medals":[67,9,16,24,22,57,48,24,72,79,77,24,66,26,24,17,116,83,117,24,24,50,24,17,4,24,111,24,27,124,126,17,130,17,119,24],"zones":[11650,5570,62306,29700,5572,337249,425954,7750,17548,5583,31760,9713,13618,18674,13619,18675,9716,18676,202390,202388,8313],"pointsPerHour":129,"points":7175,"blocktime":24,"taken":105076,"name":"VÄDUREN","totalPoints":13188494,"rank":57,"id":92950,"place":727,"uniqueZonesTaken":4228,"region":{"name":"Västmanland","id":143}},"time":"2023-05-08T12:15:21+0000","message":"Dags att rensa alla inlägg av skolungdomar nu 😡","type":"chat"}]