[{"medal":93,"time":"2023-05-09T11:56:14+0000","type":"medal","user":{"country":"se","medals":[93],"zones":[],"pointsPerHour":0,"points":110,"blocktime":10,"taken":1,"name":"bulkenturken","totalPoints":110,"rank":0,"id":392829,"place":5120,"uniqueZonesTaken":1,"region":{"name":"Kalmar","id":137}}},{"medal":73,"time":"2023-05-09T11:54:44+0000","type":"medal","user":{"country":"se","medals":[55,16,97,4,28,78,14,47,22,67,66,77,107,131,73],"zones":[6144,24368,532498,550355,18203,18204],"pointsPerHour":0,"points":4765,"blocktime":22,"taken":30001,"name":"Lazycat","totalPoints":5019215,"rank":50,"id":59545,"place":5117,"uniqueZonesTaken":860,"region":{"name":"Västernorrland","id":145}}},{"medal":94,"time":"2023-05-09T11:54:32+0000","type":"medal","user":{"country":"se","medals":[94],"zones":[],"pointsPerHour":0,"points":80,"blocktime":10,"taken":1,"name":"Patricia:)","totalPoints":80,"rank":0,"id":392811,"place":5115,"uniqueZonesTaken":1,"region":{"name":"Kalmar","id":137}}},{"medal":93,"time":"2023-05-09T11:54:20+0000","type":"medal","user":{"country":"se","medals":[93],"zones":[],"pointsPerHour":0,"points":95,"blocktime":10,"taken":1,"name":"Ahmadhadrosi","totalPoints":95,"rank":0,"id":392813,"place":5115,"uniqueZonesTaken":1,"region":{"name":"Kalmar","id":137}}},{"sender":{"country":"uk","medals":[16,27,67,68,72,79,77,91,25,83,98,75,68,22,70,124,68,126,117,74,105,118,68,68,129,68,81,68],"zones":[476487,62912,476485,318151,316608,340096,567936,389769,169165,339220,339217,400336,169173,14559,319195,389284,14562,467810,565294,467809,329452,329450,15152,318900,316597,381175,21621,318898,328317,316602],"pointsPerHour":119,"points":12594,"blocktime":24,"taken":96896,"name":"Kronvrak","totalPoints":18634351,"rank":58,"id":128938,"place":628,"uniqueZonesTaken":7174,"region":{"name":"Scotland","id":200}},"time":"2023-05-09T11:45:12+0000","message":"Kronvrak: in GrayTheSpy?","region":{"name":"Scotland","id":200},"type":"chat"}]