[{"sender":{"country":"se","medals":[16,24,21,67,70,17,3,68,79,20,83,75,4,17,116,27,72,24,82,1,69,68,68,68,68,24,17,1,69,68,24,24,77,68,91,68,108,24,24,24,126,17,68,24,68,68,17,119,24,24,129,24,121,124,24,1,69,68],"zones":[83,20335],"pointsPerHour":16,"points":2450,"blocktime":24,"taken":113408,"name":"Kygni","totalPoints":20260085,"rank":58,"id":105263,"place":1345,"uniqueZonesTaken":10810,"region":{"name":"Uppsala","id":142}},"time":"2023-05-08T04:14:25+0000","message":"Tips: Ha eventen i oktober mellan 11:00-12:59 och 13:01-15:00. Finns risk att det buggar till om det ena börjar exakt när det andra slutar","region":{"name":"Östergötland","id":139},"type":"chat"},{"medal":31,"time":"2023-05-08T03:39:18+0000","type":"medal","user":{"country":"se","medals":[31],"zones":[24810],"pointsPerHour":0,"points":125,"blocktime":11,"taken":25,"name":"Tokan","totalPoints":4575,"rank":6,"id":388710,"place":3984,"uniqueZonesTaken":5,"region":{"name":"Västra Götaland","id":132}}}]