[{"medal":84,"time":"2023-05-09T07:25:07+0000","type":"medal","user":{"country":"se","medals":[80,84],"zones":[20706,35911,91705,91704,3100],"pointsPerHour":0,"points":689,"blocktime":10,"taken":5,"name":"kyligt","totalPoints":689,"rank":2,"id":392648,"place":4920,"uniqueZonesTaken":5,"region":{"name":"Stockholm","id":141}}},{"medal":80,"time":"2023-05-09T07:25:07+0000","type":"medal","user":{"country":"se","medals":[80,84],"zones":[20706,35911,91705,91704,3100],"pointsPerHour":0,"points":689,"blocktime":10,"taken":5,"name":"kyligt","totalPoints":689,"rank":2,"id":392648,"place":4920,"uniqueZonesTaken":5,"region":{"name":"Stockholm","id":141}}},{"medal":93,"time":"2023-05-09T07:24:55+0000","type":"medal","user":{"country":"se","medals":[93],"zones":[],"pointsPerHour":0,"points":140,"blocktime":10,"taken":1,"name":"Carin07","totalPoints":140,"rank":0,"id":392664,"place":4920,"uniqueZonesTaken":1,"region":{"name":"Halland","id":134}}},{"medal":80,"time":"2023-05-09T07:21:04+0000","type":"medal","user":{"country":"se","medals":[93,85,80],"zones":[43744,64439,4557,2558,8463],"pointsPerHour":0,"points":467,"blocktime":10,"taken":12,"name":"Gabriel163466","totalPoints":991,"rank":3,"id":373426,"place":4920,"uniqueZonesTaken":10,"region":{"name":"Uppsala","id":142}}}]