[{"medal":31,"time":"2022-07-12T15:17:16+0000","type":"medal","user":{"country":"de","medals":[31],"zones":[200499,427957],"pointsPerHour":0,"points":509,"blocktime":11,"taken":25,"name":"Groggy69","totalPoints":6229,"rank":7,"id":365407,"place":6055,"uniqueZonesTaken":8,"region":{"name":"Nordrhein-Westfalen","id":445}}},{"sender":{"country":"se","medals":[10,7,16,77,70,79,15,27,22,55,95,4,122,24,126,5,67,107,47,131,89],"zones":[349671,11607,15354],"pointsPerHour":5,"points":50850,"blocktime":23,"taken":51107,"name":"derdlim","totalPoints":10729137,"rank":55,"id":117540,"place":501,"uniqueZonesTaken":2339,"region":{"name":"Stockholm","id":141}},"time":"2022-07-12T15:11:13+0000","message":"Grönjäveln: jag är snäll are ast","region":{"name":"Halland","id":134},"type":"chat"}]