[{"medal":85,"time":"2022-07-12T08:48:38+0000","type":"medal","user":{"country":"se","medals":[93,80,85],"zones":[26016,488800,179307,117256,319854,27851,409179],"pointsPerHour":0,"points":1836,"blocktime":11,"taken":10,"name":"olofl.se","totalPoints":1836,"rank":4,"id":367685,"place":5998,"uniqueZonesTaken":10,"region":{"name":"Skåne","id":135}}},{"medal":94,"time":"2022-07-12T08:47:09+0000","type":"medal","user":{"country":"se","medals":[94],"zones":[],"pointsPerHour":0,"points":185,"blocktime":10,"taken":1,"name":"nellieram","totalPoints":185,"rank":0,"id":367704,"place":5998,"uniqueZonesTaken":1,"region":{"name":"Östergötland","id":139}}},{"medal":94,"time":"2022-07-12T08:47:09+0000","type":"medal","user":{"country":"se","medals":[94],"zones":[],"pointsPerHour":0,"points":185,"blocktime":10,"taken":1,"name":"sararamsell","totalPoints":185,"rank":0,"id":367696,"place":5998,"uniqueZonesTaken":1,"region":{"name":"Östergötland","id":139}}}]