[{"medal":127,"time":"2022-01-25T10:33:26+0000","type":"medal","user":{"country":"se","medals":[80,94,6,32,102,12,127],"zones":[358877,358571,481320],"pointsPerHour":0,"points":16620,"blocktime":13,"taken":248,"name":"SofoTurf","totalPoints":51362,"rank":15,"id":272451,"place":6501,"uniqueZonesTaken":117,"region":{"name":"Västra Götaland","id":132}}},{"medal":93,"time":"2022-01-25T10:26:14+0000","type":"medal","user":{"country":"se","medals":[93],"zones":[],"pointsPerHour":0,"points":65,"blocktime":10,"taken":1,"name":"Theomir","totalPoints":65,"rank":0,"id":354455,"place":6500,"uniqueZonesTaken":1,"region":{"name":"Västmanland","id":143}}}]