[{"medal":86,"time":"2022-01-24T14:07:12+0000","type":"medal","user":{"country":"se","medals":[51,93,92,86],"zones":[9296,24404,24405,296257,94054,125227,3052,18109,18110],"pointsPerHour":0,"points":16633,"blocktime":12,"taken":51,"name":"annieruths","totalPoints":16633,"rank":10,"id":353325,"place":6464,"uniqueZonesTaken":28,"region":{"name":"Uppsala","id":142}}},{"medal":31,"time":"2022-01-24T14:06:04+0000","type":"medal","user":{"country":"fi","medals":[80,93,31],"zones":[34118],"pointsPerHour":0,"points":3042,"blocktime":11,"taken":25,"name":"Martaparta","totalPoints":3042,"rank":5,"id":353950,"place":6464,"uniqueZonesTaken":13,"region":{"name":"Åland","id":177}}},{"medal":85,"time":"2022-01-24T13:56:01+0000","type":"medal","user":{"country":"se","medals":[51,85],"zones":[24401,46535,227076,139802,7225,22889,22890,24444,146446,445],"pointsPerHour":0,"points":1791,"blocktime":11,"taken":10,"name":"K1-Bettan","totalPoints":1791,"rank":4,"id":354339,"place":6464,"uniqueZonesTaken":10,"region":{"name":"Västra Götaland","id":132}}},{"medal":51,"time":"2022-01-24T13:56:01+0000","type":"medal","user":{"country":"se","medals":[51,85],"zones":[24401,46535,227076,139802,7225,22889,22890,24444,146446,445],"pointsPerHour":0,"points":1791,"blocktime":11,"taken":10,"name":"K1-Bettan","totalPoints":1791,"rank":4,"id":354339,"place":6464,"uniqueZonesTaken":10,"region":{"name":"Västra Götaland","id":132}}}]