[{"medal":93,"time":"2022-01-25T13:34:58+0000","type":"medal","user":{"country":"fi","medals":[93],"zones":[34123],"pointsPerHour":0,"points":190,"blocktime":10,"taken":2,"name":"arbinoo2","totalPoints":190,"rank":0,"id":354483,"place":6544,"uniqueZonesTaken":2,"region":{"name":"Åland","id":177}}},{"medal":31,"time":"2022-01-25T13:26:37+0000","type":"medal","user":{"country":"se","medals":[93,90,51,92,31],"zones":[11360,1745,1363,26212,598,1751,26141,62671],"pointsPerHour":0,"points":2433,"blocktime":11,"taken":25,"name":"Belkex","totalPoints":2433,"rank":5,"id":354401,"place":6542,"uniqueZonesTaken":23,"region":{"name":"Skåne","id":135}}}]