[{"medal":130,"time":"2022-01-24T06:40:18+0000","type":"medal","user":{"country":"se","medals":[5,16,56,9,28,67,48,17,17,22,79,77,17,27,91,49,17,116,126,50,108,124,4,88,26,130],"zones":[33794,33795,17159,7066,47002,698,9500,11663],"pointsPerHour":0,"points":76008,"blocktime":22,"taken":43336,"name":"qivasaa","totalPoints":6144433,"rank":51,"id":37264,"place":6424,"uniqueZonesTaken":2901,"region":{"name":"Uppsala","id":142}}},{"medal":100,"time":"2022-01-24T06:37:33+0000","type":"medal","user":{"country":"fi","medals":[95,100],"zones":[12479],"pointsPerHour":0,"points":465,"blocktime":10,"taken":6,"name":"10inchdefeter","totalPoints":465,"rank":2,"id":354345,"place":6424,"uniqueZonesTaken":6,"region":{"name":"Åland","id":177}}},{"medal":84,"time":"2022-01-24T06:37:33+0000","type":"medal","user":{"country":"fi","medals":[95,84],"zones":[42328,12105],"pointsPerHour":0,"points":388,"blocktime":10,"taken":5,"name":"Mattrix","totalPoints":388,"rank":1,"id":354346,"place":6424,"uniqueZonesTaken":5,"region":{"name":"Åland","id":177}}}]