[{"medal":106,"time":"2022-01-24T17:17:30+0000","type":"medal","user":{"country":"se","medals":[77,46,79,5,7,22,10,123,67,55,16,96,35,130,15,106],"zones":[20897,20721,20898,20786,20899,20787,31863,31867,20684,81868,57981],"pointsPerHour":0,"points":67766,"blocktime":18,"taken":4575,"name":"jabe48","totalPoints":682613,"rank":35,"id":334869,"place":6472,"uniqueZonesTaken":1011,"region":{"name":"Västerbotten","id":127}}},{"medal":92,"time":"2022-01-24T17:13:08+0000","type":"medal","user":{"country":"fi","medals":[93,100,80,85,92],"zones":[14592,179298,154756,14760,23656,19176,409209],"pointsPerHour":0,"points":1798,"blocktime":11,"taken":15,"name":"hi:)","totalPoints":1798,"rank":4,"id":354318,"place":6472,"uniqueZonesTaken":15,"region":{"name":"Åland","id":177}}}]