[{"medal":93,"time":"2022-01-25T10:26:14+0000","type":"medal","user":{"country":"se","medals":[93],"zones":[],"pointsPerHour":0,"points":65,"blocktime":10,"taken":1,"name":"Theomir","totalPoints":65,"rank":0,"id":354455,"place":6500,"uniqueZonesTaken":1,"region":{"name":"Västmanland","id":143}}},{"medal":41,"time":"2022-01-25T10:23:16+0000","type":"medal","user":{"country":"se","medals":[70,67,22,5,16,28,7,47,98,56,79,77,14,126,122,108,128,41],"zones":[96322,154262,431698,54294,92070,24984,90872,34652,224078,322601],"pointsPerHour":0,"points":34032,"blocktime":22,"taken":24999,"name":"Bibbilinka","totalPoints":4842475,"rank":49,"id":141597,"place":6498,"uniqueZonesTaken":859,"region":{"name":"Kalmar","id":137}}}]