[{"medal":85,"time":"2022-01-25T17:01:05+0000","type":"medal","user":{"country":"se","medals":[94,85],"zones":[31760],"pointsPerHour":0,"points":1767,"blocktime":11,"taken":13,"name":"Morr2022","totalPoints":1767,"rank":4,"id":353540,"place":6575,"uniqueZonesTaken":6,"region":{"name":"Västmanland","id":143}}},{"medal":11,"time":"2022-01-25T17:00:36+0000","type":"medal","user":{"country":"se","medals":[51,32,11],"zones":[38240,21760,21761,281825,109927,63784,56137,6153,381422,37461,220699,224538,281823,155871,21758,21759],"pointsPerHour":0,"points":14701,"blocktime":13,"taken":153,"name":"Chippchop","totalPoints":33222,"rank":13,"id":306120,"place":6575,"uniqueZonesTaken":50,"region":{"name":"Västmanland","id":143}}},{"medal":31,"time":"2022-01-25T16:56:37+0000","type":"medal","user":{"country":"se","medals":[80,92,31],"zones":[2986],"pointsPerHour":0,"points":4237,"blocktime":11,"taken":25,"name":"Erugolr87","totalPoints":4237,"rank":6,"id":353289,"place":6575,"uniqueZonesTaken":18,"region":{"name":"Jönköping","id":133}}}]