[{"sender":{"country":"se","medals":[67,70,16,24,22,9,48,72,24,79,24,77,66,26,24,17,116,83,57,117,27,24,50,24,17,4,24,111,24,124,126,17,119,131,17],"zones":[109474,63652,5575,11656,96745,11657,62698,491,5580,92238,17551,6097,31953,144401,31802,703],"pointsPerHour":126,"points":161067,"blocktime":1455,"taken":111709,"name":"ManUtd50","totalPoints":14099807,"rank":57,"id":92949,"place":259,"uniqueZonesTaken":4109,"region":{"name":"Västmanland","id":143}},"time":"2022-08-29T15:28:51+0000","message":"carinn: Tack. Så täta blockar jag aldrig varit med om🤣","region":{"name":"Västmanland","id":143},"type":"chat"},{"sender":{"country":"se","medals":[67,70,16,24,22,9,48,72,24,79,24,77,66,26,24,17,116,83,57,117,27,24,50,24,17,4,24,111,24,124,126,17,119,131,17],"zones":[109474,63652,5575,11656,96745,11657,62698,491,5580,92238,17551,6097,31953,144401,31802,703],"pointsPerHour":126,"points":161065,"blocktime":1455,"taken":111709,"name":"ManUtd50","totalPoints":14099805,"rank":57,"id":92949,"place":258,"uniqueZonesTaken":4109,"region":{"name":"Västmanland","id":143}},"time":"2022-08-29T15:27:35+0000","message":"VÄDUREN: Tackar. Blev onödigt stökigt på slutet🤪","region":{"name":"Västmanland","id":143},"type":"chat"},{"sender":{"country":"se","medals":[55,15,79,28,112,7,47,24,77,123,126,104,130,87],"zones":[119697,9682,226774,31949,12013,26157],"pointsPerHour":46,"points":75584,"blocktime":1335,"taken":38407,"name":"carinn","totalPoints":4519529,"rank":49,"id":117795,"place":890,"uniqueZonesTaken":2107,"region":{"name":"Västmanland","id":143}},"time":"2022-08-29T15:26:19+0000","message":"ManUtd50: Grattis! 🤩👏👏👏 Äntligen! Sista dagen blev det största prövningen","region":{"name":"Västmanland","id":143},"type":"chat"},{"sender":{"country":"se","medals":[67,9,16,24,22,57,48,24,72,79,77,24,66,26,24,17,116,83,117,24,24,50,24,17,4,24,111,24,27,124,126,118,17,130,17],"zones":[31808,31745,31379,18198],"pointsPerHour":26,"points":104495,"blocktime":1440,"taken":98549,"name":"VÄDUREN","totalPoints":12266120,"rank":56,"id":92950,"place":580,"uniqueZonesTaken":4147,"region":{"name":"Västmanland","id":143}},"time":"2022-08-29T15:26:08+0000","message":"ManUtd50: Grattis till en spiral till efter alla blockar sista varvet 🎺🥁🥂","region":{"name":"Västmanland","id":143},"type":"chat"}]