[{"sender":{"country":"se","medals":[67,70,16,24,22,9,48,72,24,79,24,77,66,26,24,17,116,83,57,117,27,24,50,24,17,4,24,111,24,124,126,17,119,131,17],"zones":[63652,5575,11656,96745,11657,62698,5580,492,92238,6097,139669,24185,37241,31802],"pointsPerHour":106,"points":160557,"blocktime":1455,"taken":111703,"name":"ManUtd50","totalPoints":14099296,"rank":57,"id":92949,"place":258,"uniqueZonesTaken":4109,"region":{"name":"Västmanland","id":143}},"time":"2022-08-29T14:55:55+0000","message":"mangespurs: se ovan","region":{"name":"Västmanland","id":143},"type":"chat"},{"sender":{"country":"se","medals":[67,70,16,24,22,9,48,72,24,79,24,77,66,26,24,17,116,83,57,117,27,24,50,24,17,4,24,111,24,124,126,17,119,131,17],"zones":[63652,5575,11656,96745,11657,62698,5580,492,92238,6097,139669,24185,37241,31802],"pointsPerHour":106,"points":160555,"blocktime":1455,"taken":111703,"name":"ManUtd50","totalPoints":14099295,"rank":57,"id":92949,"place":258,"uniqueZonesTaken":4109,"region":{"name":"Västmanland","id":143}},"time":"2022-08-29T14:54:55+0000","message":"megaspurs: Tacksam om du släpper alla zoner söder om E18","region":{"name":"Västmanland","id":143},"type":"chat"},{"sender":{"country":"se","medals":[67,70,16,24,22,9,48,72,24,79,24,77,66,26,24,17,116,83,57,117,27,24,50,24,17,4,24,111,24,124,126,17,119,131,17],"zones":[63652,5575,11656,96745,11657,62698,5580,492,92238,31952,6097,139669,24185,37241,31802],"pointsPerHour":115,"points":160552,"blocktime":1455,"taken":111703,"name":"ManUtd50","totalPoints":14099291,"rank":57,"id":92949,"place":258,"uniqueZonesTaken":4109,"region":{"name":"Västmanland","id":143}},"time":"2022-08-29T14:53:10+0000","message":"MrSnyten: Ja, får hålla koll.","region":{"name":"Västmanland","id":143},"type":"chat"},{"sender":{"country":"se","medals":[16,126,6,79,48,77,70,117,15,67,72,24,58,22,124,24,112,131,108,83,87],"zones":[57185,92228,485,7434,26155,26156,430025,61103,31346,6099,95474,29173,31798,31767,32024,24191],"pointsPerHour":129,"points":74625,"blocktime":1350,"taken":37581,"name":"MrSnyten","totalPoints":5245310,"rank":50,"id":271110,"place":903,"uniqueZonesTaken":2226,"region":{"name":"Västmanland","id":143}},"time":"2022-08-29T14:51:50+0000","message":"ManUtd50: 👍🏻, snart kommer nästa blockade skulle jag tro. mangespurs","region":{"name":"Västmanland","id":143},"type":"chat"},{"medal":80,"time":"2022-08-29T14:50:12+0000","type":"medal","user":{"country":"se","medals":[85,95,80],"zones":[25744,23650,23652,43895,25743],"pointsPerHour":0,"points":2427,"blocktime":675,"taken":17,"name":"Hinneryd","totalPoints":2427,"rank":5,"id":370446,"place":7516,"uniqueZonesTaken":9,"region":{"name":"Stockholm","id":141}}}]