[{"medal":85,"time":"2022-08-30T16:28:14+0000","type":"medal","user":{"country":"se","medals":[95,85],"zones":[24845,24847],"pointsPerHour":0,"points":1347,"blocktime":660,"taken":10,"name":"kakanbakan","totalPoints":1347,"rank":4,"id":370710,"place":7674,"uniqueZonesTaken":10,"region":{"name":"Västra Götaland","id":132}}},{"medal":80,"time":"2022-08-30T16:26:38+0000","type":"medal","user":{"country":"se","medals":[84,80],"zones":[162971,570,50236,50237,162972],"pointsPerHour":0,"points":989,"blocktime":645,"taken":7,"name":"Dejjans7","totalPoints":989,"rank":3,"id":370293,"place":7674,"uniqueZonesTaken":5,"region":{"name":"Västmanland","id":143}}},{"medal":84,"time":"2022-08-30T16:21:08+0000","type":"medal","user":{"country":"se","medals":[84],"zones":[162971,570,162972],"pointsPerHour":0,"points":737,"blocktime":645,"taken":5,"name":"Dejjans7","totalPoints":737,"rank":3,"id":370293,"place":7673,"uniqueZonesTaken":3,"region":{"name":"Västmanland","id":143}}}]