[{"medal":31,"time":"2022-08-30T11:27:06+0000","type":"medal","user":{"country":"se","medals":[51,92,31],"zones":[25808,474804,56979,429329,97289,28203,224808,42893,509674],"pointsPerHour":0,"points":6797,"blocktime":705,"taken":25,"name":"joihoin","totalPoints":7289,"rank":7,"id":334958,"place":7639,"uniqueZonesTaken":20,"region":{"name":"Stockholm","id":141}}},{"medal":84,"time":"2022-08-30T11:26:42+0000","type":"medal","user":{"country":"se","medals":[84],"zones":[90277,15813],"pointsPerHour":0,"points":851,"blocktime":645,"taken":5,"name":"Viktor/Abdul","totalPoints":851,"rank":3,"id":370525,"place":7639,"uniqueZonesTaken":5,"region":{"name":"Jönköping","id":133}}},{"medal":85,"time":"2022-08-30T11:26:36+0000","type":"medal","user":{"country":"se","medals":[80,78,85],"zones":[16945,16946,16943],"pointsPerHour":0,"points":1556,"blocktime":660,"taken":10,"name":"Vilmer_Ali","totalPoints":1556,"rank":4,"id":370776,"place":7639,"uniqueZonesTaken":10,"region":{"name":"Jönköping","id":133}}},{"medal":93,"time":"2022-08-30T11:26:19+0000","type":"medal","user":{"country":"se","medals":[93],"zones":[47870],"pointsPerHour":0,"points":435,"blocktime":630,"taken":3,"name":"TimpaQ","totalPoints":435,"rank":2,"id":370778,"place":7639,"uniqueZonesTaken":3,"region":{"name":"Jönköping","id":133}}},{"medal":78,"time":"2022-08-30T11:24:45+0000","type":"medal","user":{"country":"se","medals":[80,84,78],"zones":[204051,23937,23938,430709,15812,26060],"pointsPerHour":0,"points":1281,"blocktime":660,"taken":7,"name":"PhinoStella","totalPoints":1281,"rank":4,"id":370517,"place":7638,"uniqueZonesTaken":7,"region":{"name":"Jönköping","id":133}}},{"medal":84,"time":"2022-08-30T11:23:39+0000","type":"medal","user":{"country":"se","medals":[93,84],"zones":[382149],"pointsPerHour":0,"points":612,"blocktime":630,"taken":5,"name":"gitroth","totalPoints":612,"rank":2,"id":370748,"place":7638,"uniqueZonesTaken":5,"region":{"name":"Kalmar","id":137}}},{"medal":51,"time":"2022-08-30T11:23:33+0000","type":"medal","user":{"country":"se","medals":[85,90,51],"zones":[228050,111792,235825,47875,154055,430707,515393,347004,26061,411400],"pointsPerHour":0,"points":2105,"blocktime":675,"taken":12,"name":"HelmeroErik","totalPoints":2105,"rank":5,"id":370526,"place":7638,"uniqueZonesTaken":12,"region":{"name":"Jönköping","id":133}}},{"medal":84,"time":"2022-08-30T11:23:21+0000","type":"medal","user":{"country":"se","medals":[94,84],"zones":[482,3116],"pointsPerHour":0,"points":370,"blocktime":615,"taken":5,"name":"sixtenlindberg","totalPoints":370,"rank":1,"id":370763,"place":7638,"uniqueZonesTaken":5,"region":{"name":"Örebro","id":131}}},{"medal":80,"time":"2022-08-30T11:22:51+0000","type":"medal","user":{"country":"se","medals":[84,80],"zones":[93732,937,938,223999,22350],"pointsPerHour":0,"points":867,"blocktime":645,"taken":7,"name":"Lundgren20","totalPoints":867,"rank":3,"id":370753,"place":7638,"uniqueZonesTaken":6,"region":{"name":"Kalmar","id":137}}}]