[{"zone":{"previousOwner":{"name":"Sledge","id":241272},"dateCreated":"2017-06-25T09:32:20+0000","dateLastTaken":"2021-07-07T03:16:46+0000","latitude":64.726799,"currentOwner":{"name":"Disab","id":28206},"name":"Bilbanan","id":114864,"totalTakeovers":258,"region":{"area":{"name":"Skellefteå kommun","id":2065},"country":"se","name":"Västerbotten","id":127},"pointsPerHour":2,"longitude":20.950442,"takeoverPoints":170},"latitude":64.726799,"currentOwner":{"name":"Disab","id":28206},"time":"2021-07-07T03:16:46+0000","type":"takeover","longitude":20.950442},{"zone":{"previousOwner":{"name":"MonoMono","id":328075},"dateCreated":"2013-12-24T11:00:40+0000","dateLastTaken":"2021-07-07T03:16:29+0000","latitude":59.403019,"currentOwner":{"name":"alicubi","id":53215},"name":"StenbecksTorg","id":24045,"totalTakeovers":21099,"region":{"area":{"name":"Stockholms kommun","id":1828},"country":"se","name":"Stockholm","id":141},"pointsPerHour":8,"longitude":17.947006,"takeoverPoints":80},"latitude":59.403019,"currentOwner":{"name":"alicubi","id":53215},"time":"2021-07-07T03:16:29+0000","type":"takeover","longitude":17.947006},{"zone":{"previousOwner":{"name":"YotH","id":136726},"dateLastTaken":"2021-07-07T03:15:39+0000","latitude":60.086195,"totalTakeovers":4299,"type":{"name":"Winner Zone","id":6},"pointsPerHour":7,"takeoverPoints":95,"dateCreated":"2018-12-26T10:30:00+0000","currentOwner":{"name":"KråkanKrax","id":120751},"name":"Buffy100","id":178393,"region":{"area":{"name":"Mariehamn","id":2176},"country":"fi","name":"Åland","id":177},"longitude":19.955154},"assists":[{"name":"GrusiDojan","id":118132}],"latitude":60.086195,"currentOwner":{"name":"KråkanKrax","id":120751},"time":"2021-07-07T03:15:39+0000","type":"takeover","longitude":19.955154},{"zone":{"previousOwner":{"name":"hösjön","id":257146},"dateCreated":"2014-04-11T11:32:44+0000","dateLastTaken":"2021-07-07T03:15:39+0000","latitude":59.525458,"currentOwner":{"name":"GolfDelta","id":73862},"name":"BearBär","id":28055,"totalTakeovers":6615,"region":{"area":{"name":"Nora kommun","id":1820},"country":"se","name":"Örebro","id":131},"pointsPerHour":7,"longitude":15.017418,"takeoverPoints":95},"latitude":59.525458,"currentOwner":{"name":"GolfDelta","id":73862},"time":"2021-07-07T03:15:39+0000","type":"takeover","longitude":15.017418},{"zone":{"previousOwner":{"name":"Bluethunder","id":198646},"dateCreated":"2010-10-16T00:00:00+0000","dateLastTaken":"2021-07-07T03:15:36+0000","latitude":63.8108,"currentOwner":{"name":"Jaktfalk","id":20160},"name":"TheoryZone","id":995,"totalTakeovers":30250,"region":{"area":{"name":"Umeå kommun","id":2064},"country":"se","name":"Västerbotten","id":127},"pointsPerHour":9,"longitude":20.313158,"takeoverPoints":65},"latitude":63.8108,"currentOwner":{"name":"Jaktfalk","id":20160},"time":"2021-07-07T03:15:36+0000","type":"takeover","longitude":20.313158},{"zone":{"previousOwner":{"name":"TurfTom","id":230867},"dateCreated":"2013-11-05T09:33:07+0000","dateLastTaken":"2021-07-07T03:15:09+0000","latitude":59.280458,"currentOwner":{"name":"KollPåGubben","id":163496},"name":"Skönsmo","id":22721,"totalTakeovers":11556,"region":{"area":{"name":"Stockholms kommun","id":1828},"country":"se","name":"Stockholm","id":141},"pointsPerHour":8,"longitude":18.03804,"takeoverPoints":80},"latitude":59.280458,"currentOwner":{"name":"KollPåGubben","id":163496},"time":"2021-07-07T03:15:09+0000","type":"takeover","longitude":18.03804},{"zone":{"previousOwner":{"name":"JonasfromHell","id":72077},"dateCreated":"2014-08-03T15:00:00+0000","dateLastTaken":"2021-07-07T03:15:04+0000","latitude":59.861664,"currentOwner":{"name":"Bamse65","id":75652},"name":"YmersLilja","id":33257,"totalTakeovers":13399,"region":{"area":{"name":"Uppsala kommun","id":1977},"country":"se","name":"Uppsala","id":142},"pointsPerHour":8,"longitude":17.65875,"takeoverPoints":80},"latitude":59.861664,"currentOwner":{"name":"Bamse65","id":75652},"time":"2021-07-07T03:15:04+0000","type":"takeover","longitude":17.65875},{"zone":{"previousOwner":{"name":"Sledge","id":241272},"dateCreated":"2011-09-15T10:00:00+0000","dateLastTaken":"2021-07-07T03:14:54+0000","latitude":64.730888,"currentOwner":{"name":"Disab","id":28206},"name":"SkellWoods","id":3448,"totalTakeovers":826,"region":{"area":{"name":"Skellefteå kommun","id":2065},"country":"se","name":"Västerbotten","id":127},"pointsPerHour":2,"longitude":20.946501,"takeoverPoints":170},"latitude":64.730888,"currentOwner":{"name":"Disab","id":28206},"time":"2021-07-07T03:14:54+0000","type":"takeover","longitude":20.946501},{"zone":{"previousOwner":{"name":"TurfTom","id":230867},"dateCreated":"2017-06-17T16:12:35+0000","dateLastTaken":"2021-07-07T03:14:53+0000","latitude":59.256378,"currentOwner":{"name":"Pekman","id":230852},"name":"Rokokon","id":114484,"totalTakeovers":3117,"region":{"area":{"name":"Stockholms kommun","id":1828},"country":"se","name":"Stockholm","id":141},"pointsPerHour":6,"longitude":18.074849,"takeoverPoints":110},"latitude":59.256378,"currentOwner":{"name":"Pekman","id":230852},"time":"2021-07-07T03:14:53+0000","type":"takeover","longitude":18.074849},{"zone":{"previousOwner":{"name":"hösjön","id":257146},"dateCreated":"2016-02-01T11:12:20+0000","dateLastTaken":"2021-07-07T03:14:10+0000","latitude":59.526013,"currentOwner":{"name":"GolfDelta","id":73862},"name":"Bärfältet","id":63203,"totalTakeovers":6559,"region":{"area":{"name":"Nora kommun","id":1820},"country":"se","name":"Örebro","id":131},"pointsPerHour":7,"longitude":15.022144,"takeoverPoints":95},"latitude":59.526013,"currentOwner":{"name":"GolfDelta","id":73862},"time":"2021-07-07T03:14:10+0000","type":"takeover","longitude":15.022144},{"zone":{"previousOwner":{"name":"Corellian","id":264701},"dateCreated":"2014-08-27T18:57:05+0000","dateLastTaken":"2021-07-07T03:13:58+0000","latitude":60.088853,"currentOwner":{"name":"KråkanKrax","id":120751},"name":"PastelAlley","id":33836,"totalTakeovers":9312,"region":{"area":{"name":"Mariehamn","id":2176},"country":"fi","name":"Åland","id":177},"pointsPerHour":6,"longitude":19.953555,"takeoverPoints":110},"assists":[{"name":"GrusiDojan","id":118132}],"latitude":60.088853,"currentOwner":{"name":"KråkanKrax","id":120751},"time":"2021-07-07T03:13:58+0000","type":"takeover","longitude":19.953555},{"zone":{"previousOwner":{"name":"tilverturf","id":166033},"dateCreated":"2016-12-24T11:00:00+0000","dateLastTaken":"2021-07-07T03:13:56+0000","latitude":59.868448,"currentOwner":{"name":"Bråxxen","id":95432},"name":"Östertull","id":91423,"totalTakeovers":7415,"region":{"area":{"name":"Uppsala kommun","id":1977},"country":"se","name":"Uppsala","id":142},"pointsPerHour":8,"longitude":17.66377,"takeoverPoints":80},"latitude":59.868448,"currentOwner":{"name":"Bråxxen","id":95432},"time":"2021-07-07T03:13:56+0000","type":"takeover","longitude":17.66377},{"zone":{"previousOwner":{"name":"Bluethunder","id":198646},"dateCreated":"2012-09-12T20:40:56+0000","dateLastTaken":"2021-07-07T03:13:48+0000","latitude":63.808346,"currentOwner":{"name":"Jaktfalk","id":20160},"name":"LillaToppen","id":11285,"totalTakeovers":17390,"region":{"area":{"name":"Umeå kommun","id":2064},"country":"se","name":"Västerbotten","id":127},"pointsPerHour":8,"longitude":20.308395,"takeoverPoints":80},"latitude":63.808346,"currentOwner":{"name":"Jaktfalk","id":20160},"time":"2021-07-07T03:13:48+0000","type":"takeover","longitude":20.308395},{"zone":{"previousOwner":{"name":"kback","id":164658},"dateLastTaken":"2021-07-07T03:13:29+0000","latitude":59.860362,"totalTakeovers":17356,"type":{"name":"Holy","id":9},"pointsPerHour":8,"takeoverPoints":80,"dateCreated":"2010-09-01T00:00:00+0000","currentOwner":{"name":"Bamse65","id":75652},"name":"AllTorkels","id":684,"region":{"area":{"name":"Uppsala kommun","id":1977},"country":"se","name":"Uppsala","id":142},"longitude":17.656909},"latitude":59.860362,"currentOwner":{"name":"Bamse65","id":75652},"time":"2021-07-07T03:13:29+0000","type":"takeover","longitude":17.656909},{"zone":{"dateCreated":"2020-11-23T16:12:36+0000","dateLastTaken":"2021-07-07T03:13:16+0000","latitude":55.942864,"currentOwner":{"name":"munki","id":304416},"name":"StFlannans","id":353417,"totalTakeovers":34,"region":{"area":{"name":"East Dunbartonshire","id":2797},"country":"gb","name":"Scotland","id":200},"type":{"name":"Holy","id":9},"pointsPerHour":1,"longitude":-4.142625,"takeoverPoints":185},"latitude":55.942864,"currentOwner":{"name":"munki","id":304416},"time":"2021-07-07T03:13:16+0000","type":"takeover","longitude":-4.142625},{"zone":{"previousOwner":{"name":"Krussidullen","id":74555},"dateLastTaken":"2021-07-07T03:13:15+0000","latitude":59.403905,"totalTakeovers":6487,"type":{"name":"Bridge","id":8},"pointsPerHour":7,"takeoverPoints":95,"dateCreated":"2017-08-22T19:21:30+0000","currentOwner":{"name":"alicubi","id":53215},"name":"WalkOver","id":117724,"region":{"area":{"name":"Stockholms kommun","id":1828},"country":"se","name":"Stockholm","id":141},"longitude":17.942286},"latitude":59.403905,"currentOwner":{"name":"alicubi","id":53215},"time":"2021-07-07T03:13:15+0000","type":"takeover","longitude":17.942286},{"zone":{"previousOwner":{"name":"TurfTom","id":230867},"dateCreated":"2012-08-27T20:23:28+0000","dateLastTaken":"2021-07-07T03:13:07+0000","latitude":59.253605,"currentOwner":{"name":"Pekman","id":230852},"name":"Cigarrskogen","id":11118,"totalTakeovers":6915,"region":{"area":{"name":"Stockholms kommun","id":1828},"country":"se","name":"Stockholm","id":141},"pointsPerHour":6,"longitude":18.076485,"takeoverPoints":110},"latitude":59.253605,"currentOwner":{"name":"Pekman","id":230852},"time":"2021-07-07T03:13:07+0000","type":"takeover","longitude":18.076485},{"zone":{"previousOwner":{"name":"TurfTom","id":230867},"dateCreated":"2013-11-07T09:34:07+0000","dateLastTaken":"2021-07-07T03:13:07+0000","latitude":59.276461,"currentOwner":{"name":"KollPåGubben","id":163496},"name":"SturesBoll","id":22722,"totalTakeovers":8283,"region":{"area":{"name":"Stockholms kommun","id":1828},"country":"se","name":"Stockholm","id":141},"pointsPerHour":7,"longitude":18.042621,"takeoverPoints":95},"latitude":59.276461,"currentOwner":{"name":"KollPåGubben","id":163496},"time":"2021-07-07T03:13:07+0000","type":"takeover","longitude":18.042621},{"zone":{"previousOwner":{"name":"Tonny","id":257155},"dateCreated":"2012-09-14T10:00:00+0000","dateLastTaken":"2021-07-07T03:12:59+0000","latitude":59.525874,"currentOwner":{"name":"GolfDelta","id":73862},"name":"NoraTriangel","id":11332,"totalTakeovers":9381,"region":{"area":{"name":"Nora kommun","id":1820},"country":"se","name":"Örebro","id":131},"pointsPerHour":7,"longitude":15.025949,"takeoverPoints":95},"latitude":59.525874,"currentOwner":{"name":"GolfDelta","id":73862},"time":"2021-07-07T03:12:59+0000","type":"takeover","longitude":15.025949},{"zone":{"previousOwner":{"name":"rosapantern76","id":176726},"dateCreated":"2014-03-11T10:32:25+0000","dateLastTaken":"2021-07-07T03:12:41+0000","latitude":58.350493,"currentOwner":{"name":"rosapantern76","id":176726},"name":"Vifolka","id":26629,"totalTakeovers":1096,"region":{"area":{"name":"Mjölby","id":1855},"country":"se","name":"Östergötland","id":139},"pointsPerHour":1,"longitude":15.2813,"takeoverPoints":185},"latitude":58.350493,"currentOwner":{"name":"rosapantern76","id":176726},"time":"2021-07-07T03:12:41+0000","type":"takeover","longitude":15.2813},{"zone":{"previousOwner":{"name":"Libben","id":229262},"dateCreated":"2016-04-01T14:04:01+0000","dateLastTaken":"2021-07-07T03:12:24+0000","latitude":59.383633,"currentOwner":{"name":"trulsa","id":113672},"name":"Preditchable","id":64899,"totalTakeovers":4852,"region":{"area":{"name":"Karlstads kommun","id":1827},"country":"se","name":"Värmland","id":130},"pointsPerHour":5,"longitude":13.473657,"takeoverPoints":125},"latitude":59.383633,"currentOwner":{"name":"trulsa","id":113672},"time":"2021-07-07T03:12:24+0000","type":"takeover","longitude":13.473657},{"zone":{"dateCreated":"2020-06-13T16:53:06+0000","dateLastTaken":"2021-07-07T03:12:15+0000","latitude":58.355127,"currentOwner":{"name":"Lillkvadden","id":70204},"name":"Önafors","id":316587,"totalTakeovers":28,"region":{"area":{"name":"Vänersborgs kommun","id":1902},"country":"se","name":"Västra Götaland","id":132},"pointsPerHour":1,"longitude":12.364153,"takeoverPoints":185},"latitude":58.355127,"currentOwner":{"name":"Lillkvadden","id":70204},"time":"2021-07-07T03:12:15+0000","type":"takeover","longitude":12.364153},{"zone":{"previousOwner":{"name":"Meduza666","id":229338},"dateLastTaken":"2021-07-07T03:11:48+0000","latitude":55.546121,"totalTakeovers":2321,"type":{"name":"Train Station","id":13},"pointsPerHour":4,"takeoverPoints":140,"dateCreated":"2012-03-22T23:31:31+0000","currentOwner":{"name":"cloudwalker","id":137961},"name":"TomeTrain","id":7329,"region":{"area":{"name":"Tomelilla kommun","id":1967},"country":"se","name":"Skåne","id":135},"longitude":13.949287},"latitude":55.546121,"currentOwner":{"name":"cloudwalker","id":137961},"time":"2021-07-07T03:11:48+0000","type":"takeover","longitude":13.949287},{"zone":{"previousOwner":{"name":"Ivern","id":42929},"dateCreated":"2020-02-01T20:22:11+0000","dateLastTaken":"2021-07-07T03:11:27+0000","latitude":63.806023,"currentOwner":{"name":"Jaktfalk","id":20160},"name":"Matteelev","id":226859,"totalTakeovers":3713,"region":{"area":{"name":"Umeå kommun","id":2064},"country":"se","name":"Västerbotten","id":127},"pointsPerHour":8,"longitude":20.312356,"takeoverPoints":80},"latitude":63.806023,"currentOwner":{"name":"Jaktfalk","id":20160},"time":"2021-07-07T03:11:27+0000","type":"takeover","longitude":20.312356}]