[{"medal":11,"time":"2021-07-08T12:01:13+0000","type":"medal","user":{"country":"uk","medals":[53,32,93,11],"zones":[345669,345668,321445,321446,321447,321441,345667,345677,354509,345676,354508,345679,345678,354510,345673,345674,345681,345680,345682,345597,345663,381272],"pointsPerHour":0,"points":5736,"blocktime":840,"taken":181,"name":"Bababenji","totalPoints":57808,"rank":16,"id":318658,"place":5177,"uniqueZonesTaken":50,"region":{"name":"Scotland","id":200}}},{"medal":7,"time":"2021-07-08T11:59:19+0000","type":"medal","user":{"country":"se","medals":[55,90,12,126,35,7],"zones":[64835,64838,127622,98150,139016,26826,356718,55824,176243,356723,1598,20830,21567,1599],"pointsPerHour":0,"points":8141,"blocktime":1185,"taken":3958,"name":"SofiaLoren","totalPoints":1177723,"rank":39,"id":69230,"place":5177,"uniqueZonesTaken":149,"region":{"name":"Västernorrland","id":145}}},{"sender":{"country":"se","medals":[52,34,13,94,100],"zones":[192,7841,91715,7842,7843,78439,96301,46798,96302,144,21590,12252,7838,15710],"pointsPerHour":79,"points":9391,"blocktime":1050,"taken":1600,"name":"MosterMysko","totalPoints":316164,"rank":30,"id":305441,"place":1373,"uniqueZonesTaken":330,"region":{"name":"Stockholm","id":141}},"time":"2021-07-08T11:52:15+0000","message":"iTurf: (ska lära mig tagga vilken dag som helst nu)","region":{"name":"Stockholm","id":141},"type":"chat"}]