[{"zone":{"previousOwner":{"name":"hyxh","id":54253},"dateCreated":"2015-03-22T11:00:00+0000","dateLastTaken":"2021-06-14T00:59:44+0000","latitude":59.874869,"currentOwner":{"name":"fotominne","id":273615},"name":"Tobbetorget","id":46895,"totalTakeovers":10031,"region":{"area":{"name":"Uppsala kommun","id":1977},"country":"se","name":"Uppsala","id":142},"pointsPerHour":8,"longitude":17.623184,"takeoverPoints":80},"latitude":59.874869,"currentOwner":{"name":"fotominne","id":273615},"time":"2021-06-14T00:59:44+0000","type":"takeover","longitude":17.623184},{"zone":{"previousOwner":{"name":"Artful","id":302131},"dateCreated":"2021-01-15T06:30:00+0000","dateLastTaken":"2021-06-14T00:54:26+0000","latitude":55.879222,"currentOwner":{"name":"féarglas","id":280861},"name":"Dedriangle","id":368142,"totalTakeovers":32,"region":{"area":{"name":"West Lothian","id":2781},"country":"gb","name":"Scotland","id":200},"pointsPerHour":1,"longitude":-3.513588,"takeoverPoints":185},"latitude":55.879222,"currentOwner":{"name":"féarglas","id":280861},"time":"2021-06-14T00:54:26+0000","type":"takeover","longitude":-3.513588},{"zone":{"previousOwner":{"name":"Nikki68","id":136617},"dateCreated":"2017-04-29T07:00:00+0000","dateLastTaken":"2021-06-14T00:53:29+0000","latitude":57.303601,"currentOwner":{"name":"Hubba","id":49250},"name":"HenjaZon","id":97828,"totalTakeovers":484,"region":{"area":{"name":"Gislaveds kommun","id":2012},"country":"se","name":"Jönköping","id":133},"pointsPerHour":1,"longitude":13.565512,"takeoverPoints":185},"latitude":57.303601,"currentOwner":{"name":"Hubba","id":49250},"time":"2021-06-14T00:53:29+0000","type":"takeover","longitude":13.565512},{"zone":{"previousOwner":{"name":"Artful","id":302131},"dateLastTaken":"2021-06-14T00:52:49+0000","latitude":55.881455,"totalTakeovers":47,"type":{"name":"Bridge","id":8},"pointsPerHour":1,"takeoverPoints":185,"dateCreated":"2021-01-15T06:30:00+0000","currentOwner":{"name":"féarglas","id":280861},"name":"BridgeShopper","id":368141,"region":{"area":{"name":"West Lothian","id":2781},"country":"gb","name":"Scotland","id":200},"longitude":-3.515217},"latitude":55.881455,"currentOwner":{"name":"féarglas","id":280861},"time":"2021-06-14T00:52:49+0000","type":"takeover","longitude":-3.515217},{"zone":{"previousOwner":{"name":"HeyJune!","id":254091},"dateCreated":"2014-07-07T06:59:08+0000","dateLastTaken":"2021-06-14T00:52:17+0000","latitude":59.456834,"currentOwner":{"name":"HeyJune!","id":254091},"name":"Brinken","id":32188,"totalTakeovers":1186,"region":{"area":{"name":"Täby kommun","id":1841},"country":"se","name":"Stockholm","id":141},"pointsPerHour":4,"longitude":18.047063,"takeoverPoints":140},"latitude":59.456834,"currentOwner":{"name":"HeyJune!","id":254091},"time":"2021-06-14T00:52:17+0000","type":"takeover","longitude":18.047063},{"zone":{"previousOwner":{"name":"Nikki68","id":136617},"dateLastTaken":"2021-06-14T00:51:47+0000","latitude":57.301268,"totalTakeovers":94,"type":{"name":"Holy","id":9},"pointsPerHour":2,"takeoverPoints":170,"dateCreated":"2020-10-19T21:23:45+0000","currentOwner":{"name":"Hubba","id":49250},"name":"GeHåvVa","id":347214,"region":{"area":{"name":"Gislaveds kommun","id":2012},"country":"se","name":"Jönköping","id":133},"longitude":13.561608},"latitude":57.301268,"currentOwner":{"name":"Hubba","id":49250},"time":"2021-06-14T00:51:47+0000","type":"takeover","longitude":13.561608},{"zone":{"previousOwner":{"name":"Nikki68","id":136617},"dateCreated":"2014-12-31T23:00:00+0000","dateLastTaken":"2021-06-14T00:50:50+0000","latitude":57.299855,"currentOwner":{"name":"Hubba","id":49250},"name":"BaldersTorg","id":43358,"totalTakeovers":1718,"region":{"area":{"name":"Gislaveds kommun","id":2012},"country":"se","name":"Jönköping","id":133},"pointsPerHour":2,"longitude":13.55724,"takeoverPoints":170},"latitude":57.299855,"currentOwner":{"name":"Hubba","id":49250},"time":"2021-06-14T00:50:50+0000","type":"takeover","longitude":13.55724},{"zone":{"previousOwner":{"name":"Artful","id":302131},"dateCreated":"2021-01-16T10:00:00+0000","dateLastTaken":"2021-06-14T00:49:32+0000","latitude":55.881402,"currentOwner":{"name":"féarglas","id":280861},"name":"Mowbray","id":368481,"totalTakeovers":34,"region":{"area":{"name":"West Lothian","id":2781},"country":"gb","name":"Scotland","id":200},"pointsPerHour":1,"longitude":-3.508659,"takeoverPoints":185},"latitude":55.881402,"currentOwner":{"name":"féarglas","id":280861},"time":"2021-06-14T00:49:32+0000","type":"takeover","longitude":-3.508659},{"zone":{"previousOwner":{"name":"Artful","id":302131},"dateCreated":"2021-01-16T10:00:00+0000","dateLastTaken":"2021-06-14T00:45:50+0000","latitude":55.881402,"currentOwner":{"name":"féarglas","id":280861},"name":"TheCrusader","id":368480,"totalTakeovers":40,"region":{"area":{"name":"West Lothian","id":2781},"country":"gb","name":"Scotland","id":200},"pointsPerHour":1,"longitude":-3.500529,"takeoverPoints":185},"latitude":55.881402,"currentOwner":{"name":"féarglas","id":280861},"time":"2021-06-14T00:45:50+0000","type":"takeover","longitude":-3.500529}]