[{"sender":{"country":"se","medals":[77,79,16,68,72,70,83,67,75,21,68,91,4,30,68,117,68,24,68,17,116,68,24,27,124,107,126,24,68,24,24,26,76,45,17,2,69,68,24,119,131,68,121,24,82,68,24,3,68],"zones":[12370,31764],"pointsPerHour":17,"points":4955,"blocktime":1470,"taken":125772,"name":"skäggfar","totalPoints":18073549,"rank":58,"id":159086,"place":701,"uniqueZonesTaken":10994,"region":{"name":"Västmanland","id":143}},"time":"2023-04-03T07:24:22+0000","message":"jeep43: tackar🙏","region":{"name":"Västmanland","id":143},"type":"chat"},{"medal":6,"time":"2023-04-03T07:17:38+0000","type":"medal","user":{"country":"wd","medals":[96,86,11,102,6],"zones":[],"pointsPerHour":0,"points":185,"blocktime":765,"taken":103,"name":"TurfarTompa","totalPoints":18073,"rank":11,"id":219154,"place":3295,"uniqueZonesTaken":66,"region":{"name":"Spain","id":211}}}]