[{"medal":92,"time":"2023-04-04T10:54:21+0000","type":"medal","user":{"country":"se","medals":[85,51,92],"zones":[10840,64091,21404],"pointsPerHour":0,"points":1027,"blocktime":690,"taken":20,"name":"Moosbricka","totalPoints":3647,"rank":6,"id":387664,"place":4195,"uniqueZonesTaken":15,"region":{"name":"Stockholm","id":141}}},{"medal":80,"time":"2023-04-04T10:53:33+0000","type":"medal","user":{"country":"se","medals":[84,80],"zones":[19203,20707,43124,20727,20503],"pointsPerHour":0,"points":1008,"blocktime":645,"taken":6,"name":"Blendish","totalPoints":1008,"rank":3,"id":387797,"place":4195,"uniqueZonesTaken":6,"region":{"name":"Västra Götaland","id":132}}}]