[{"medal":86,"time":"2023-04-03T14:23:14+0000","type":"medal","user":{"country":"se","medals":[90,92,52,86],"zones":[481859,397954],"pointsPerHour":0,"points":1870,"blocktime":720,"taken":50,"name":"Angysliver","totalPoints":9791,"rank":8,"id":279065,"place":3780,"uniqueZonesTaken":31,"region":{"name":"Gävleborg","id":144}}},{"sender":{"country":"se","medals":[16,5,22,9,27,24,67,47,4,30,70,77,79,112,24,91,58,50,122,106,126,117,72,87,24,130],"zones":[63987,94233],"pointsPerHour":18,"points":1447,"blocktime":1395,"taken":38525,"name":"JensMartin","totalPoints":7442452,"rank":53,"id":94622,"place":2159,"uniqueZonesTaken":3176,"region":{"name":"Stockholm","id":141}},"time":"2023-04-03T14:22:51+0000","message":"Shit, här var det brôt i chatten. Lånade några stockholmszoner. Tack för stunden!","region":{"name":"Stockholm","id":141},"type":"chat"},{"medal":104,"time":"2023-04-03T14:22:13+0000","type":"medal","user":{"country":"se","medals":[92,127,94,32,51,104],"zones":[],"pointsPerHour":0,"points":345,"blocktime":810,"taken":279,"name":"pensionär.se","totalPoints":35808,"rank":14,"id":384980,"place":3780,"uniqueZonesTaken":47,"region":{"name":"Stockholm","id":141}}}]