[{"medal":93,"time":"2023-09-25T08:11:01+0000","type":"medal","user":{"country":"se","medals":[93],"zones":[],"pointsPerHour":0,"points":140,"blocktime":10,"taken":1,"name":"mollymus69","totalPoints":140,"rank":0,"id":409596,"place":10002,"uniqueZonesTaken":1,"region":{"name":"Jönköping","id":133}}},{"medal":84,"time":"2023-09-25T08:08:22+0000","type":"medal","user":{"country":"se","medals":[95,84],"zones":[402,141510,409168,636],"pointsPerHour":0,"points":508,"blocktime":10,"taken":5,"name":"N,N,C,Y,B","totalPoints":508,"rank":2,"id":409575,"place":10000,"uniqueZonesTaken":5,"region":{"name":"Skåne","id":135}}},{"medal":92,"time":"2023-09-25T08:08:05+0000","type":"medal","user":{"country":"se","medals":[85,92],"zones":[7617,458432,11436,12477],"pointsPerHour":0,"points":687,"blocktime":11,"taken":15,"name":"Ellie0805","totalPoints":2198,"rank":5,"id":346009,"place":9999,"uniqueZonesTaken":15,"region":{"name":"Jönköping","id":133}}},{"medal":94,"time":"2023-09-25T08:07:30+0000","type":"medal","user":{"country":"se","medals":[94],"zones":[],"pointsPerHour":0,"points":265,"blocktime":10,"taken":2,"name":"Daisy1234","totalPoints":265,"rank":1,"id":409593,"place":9999,"uniqueZonesTaken":2,"region":{"name":"Jönköping","id":133}}},{"medal":84,"time":"2023-09-25T08:06:44+0000","type":"medal","user":{"country":"se","medals":[95,84],"zones":[417,20633,634,413],"pointsPerHour":0,"points":450,"blocktime":10,"taken":5,"name":"RAA","totalPoints":450,"rank":2,"id":409567,"place":9997,"uniqueZonesTaken":5,"region":{"name":"Skåne","id":135}}}]