[{"sender":{"country":"uk","medals":[93,53,90,101,12,78,42,16],"zones":[515735,476548,351375,515740,515739,515738,389944,515737,364459,515736],"pointsPerHour":10,"points":22197,"blocktime":15,"taken":340,"name":"Arnsturf#","totalPoints":132130,"rank":22,"id":384278,"place":2454,"uniqueZonesTaken":148,"region":{"name":"Scotland","id":200}},"time":"2023-09-26T10:33:14+0000","message":"FiFVO: I sew you just took StoneyPath, bit  of a Climb, that one, I remember taking that one on a 100% rain day 😅🌧🌧","region":{"name":"Scotland","id":200},"type":"chat"},{"medal":31,"time":"2023-09-26T10:32:44+0000","type":"medal","user":{"country":"se","medals":[80,31],"zones":[11856,95008,114883,355041,26230,30890,95007,560374],"pointsPerHour":0,"points":4623,"blocktime":11,"taken":25,"name":"camtin","totalPoints":4623,"rank":6,"id":408129,"place":10331,"uniqueZonesTaken":14,"region":{"name":"Stockholm","id":141}}},{"medal":80,"time":"2023-09-26T10:32:16+0000","type":"medal","user":{"country":"se","medals":[84,80],"zones":[97457,593434,8108,2957,15854],"pointsPerHour":0,"points":756,"blocktime":10,"taken":6,"name":"jacobmaskin","totalPoints":756,"rank":3,"id":410205,"place":10331,"uniqueZonesTaken":6,"region":{"name":"Jämtland","id":128}}},{"country":"se","sender":{"country":"se","medals":[],"zones":[],"pointsPerHour":0,"points":0,"blocktime":10,"taken":0,"name":"gabbro","totalPoints":0,"rank":0,"id":409987,"place":10331,"uniqueZonesTaken":0},"time":"2023-09-26T10:31:48+0000","message":"Hej","type":"chat"},{"country":"se","sender":{"country":"se","medals":[],"zones":[],"pointsPerHour":0,"points":0,"blocktime":10,"taken":0,"name":"gabbro","totalPoints":0,"rank":0,"id":409987,"place":10331,"uniqueZonesTaken":0},"time":"2023-09-26T10:31:41+0000","message":"Hello","type":"chat"},{"country":"se","sender":{"country":"se","medals":[],"zones":[],"pointsPerHour":0,"points":0,"blocktime":10,"taken":0,"name":"gabbro","totalPoints":0,"rank":0,"id":409987,"place":10331,"uniqueZonesTaken":0},"time":"2023-09-26T10:31:35+0000","message":"Hej","type":"chat"},{"country":"se","sender":{"country":"se","medals":[],"zones":[],"pointsPerHour":0,"points":0,"blocktime":10,"taken":0,"name":"gabbro","totalPoints":0,"rank":0,"id":409987,"place":10331,"uniqueZonesTaken":0},"time":"2023-09-26T10:31:31+0000","message":"Daddy","type":"chat"},{"country":"se","sender":{"country":"se","medals":[],"zones":[],"pointsPerHour":0,"points":0,"blocktime":10,"taken":0,"name":"gabbro","totalPoints":0,"rank":0,"id":409987,"place":10331,"uniqueZonesTaken":0},"time":"2023-09-26T10:31:25+0000","message":"Daddy","type":"chat"},{"medal":84,"time":"2023-09-26T10:31:22+0000","type":"medal","user":{"country":"se","medals":[84],"zones":[29142,26056,873,42092],"pointsPerHour":0,"points":792,"blocktime":10,"taken":5,"name":"Harryyyyyturf","totalPoints":792,"rank":3,"id":410202,"place":10331,"uniqueZonesTaken":5,"region":{"name":"Jönköping","id":133}}},{"country":"se","sender":{"country":"se","medals":[],"zones":[],"pointsPerHour":0,"points":0,"blocktime":10,"taken":0,"name":"Pejmi","totalPoints":0,"rank":0,"id":410216,"place":10331,"uniqueZonesTaken":0},"time":"2023-09-26T10:31:19+0000","message":"UwU","type":"chat"},{"sender":{"country":"se","medals":[16,4,70,67,66,83,27,117,77,79,126,72,124,24,17,17,116,21,132,107,68,68,120,82,75,89],"zones":[626447,37132,37135,175250,11793,221458,152336,144406,224663,23957,554000,115866,15771,923,22301,22302,178333,17569,60705,299046,60706,60707,60709,33446,117286,503456,418990,515885,110507,80685,515882,141619,599352,1331,11571,11572,34617,496829,139576,92091,223807,299065,223805,465735,832,154307,144448,144449,111810,580,406466,24774,475457,247237,32327,584,41801,586,113482,134223,128590,96206,96849,80,175574,176725,222164,487263,44121,44122,12378,429404,95,70110,1760,93792,21473,221153,93794,154094,160626,92275,627198,2937,147192,601842,203775,9469,141564],"pointsPerHour":215,"points":495394,"blocktime":24,"taken":51644,"name":"miawita","totalPoints":14114547,"rank":57,"id":63874,"place":28,"uniqueZonesTaken":8180,"region":{"name":"Östergötland","id":139}},"time":"2023-09-26T10:27:31+0000","message":"Dumblydore: tack detsamma 😄🌞💪","region":{"name":"Östergötland","id":139},"type":"chat"}]