[{"medal":31,"time":"2023-09-25T06:53:55+0000","type":"medal","user":{"country":"fi","medals":[93,92,51,90,31],"zones":[14592,11715,154756,177700,37510,38248,353132,93643,12108,12109,60151,42331,570006,15583,20575],"pointsPerHour":0,"points":1451,"blocktime":11,"taken":25,"name":"Dara8448","totalPoints":2456,"rank":5,"id":390740,"place":9968,"uniqueZonesTaken":23,"region":{"name":"Åland","id":177}}},{"medal":51,"time":"2023-09-25T06:53:49+0000","type":"medal","user":{"country":"fi","medals":[93,85,51],"zones":[179298,182610,217666,7186,177702,46837,12105,178392,33837,32175],"pointsPerHour":0,"points":914,"blocktime":10,"taken":11,"name":"izlaaaa","totalPoints":914,"rank":3,"id":409472,"place":9967,"uniqueZonesTaken":11,"region":{"name":"Åland","id":177}}},{"medal":84,"time":"2023-09-25T06:53:44+0000","type":"medal","user":{"country":"fi","medals":[80,84],"zones":[17873,566671,38424,224568,228109],"pointsPerHour":0,"points":508,"blocktime":10,"taken":5,"name":"nick88","totalPoints":508,"rank":2,"id":409477,"place":9967,"uniqueZonesTaken":5,"region":{"name":"Åland","id":177}}},{"medal":80,"time":"2023-09-25T06:53:44+0000","type":"medal","user":{"country":"fi","medals":[80,84],"zones":[17873,566671,38424,224568,228109],"pointsPerHour":0,"points":508,"blocktime":10,"taken":5,"name":"nick88","totalPoints":508,"rank":2,"id":409477,"place":9967,"uniqueZonesTaken":5,"region":{"name":"Åland","id":177}}},{"medal":84,"time":"2023-09-25T06:53:38+0000","type":"medal","user":{"country":"se","medals":[93,84],"zones":[933,22775,80781,566628],"pointsPerHour":0,"points":494,"blocktime":10,"taken":5,"name":"GustavLager","totalPoints":494,"rank":2,"id":409464,"place":9967,"uniqueZonesTaken":5,"region":{"name":"Östergötland","id":139}}},{"medal":84,"time":"2023-09-25T06:53:26+0000","type":"medal","user":{"country":"se","medals":[80,84],"zones":[26051,26052,873,11645,56015],"pointsPerHour":0,"points":717,"blocktime":10,"taken":5,"name":"wilmaaa12","totalPoints":717,"rank":3,"id":409497,"place":9967,"uniqueZonesTaken":5,"region":{"name":"Jönköping","id":133}}},{"medal":80,"time":"2023-09-25T06:53:26+0000","type":"medal","user":{"country":"se","medals":[80,84],"zones":[26051,26052,873,11645,56015],"pointsPerHour":0,"points":717,"blocktime":10,"taken":5,"name":"wilmaaa12","totalPoints":717,"rank":3,"id":409497,"place":9967,"uniqueZonesTaken":5,"region":{"name":"Jönköping","id":133}}},{"medal":80,"time":"2023-09-25T06:53:14+0000","type":"medal","user":{"country":"se","medals":[93,85,80],"zones":[426390,24498,84549,44719],"pointsPerHour":0,"points":544,"blocktime":11,"taken":12,"name":"tillytilde","totalPoints":1616,"rank":4,"id":402298,"place":9967,"uniqueZonesTaken":10,"region":{"name":"Värmland","id":130}}},{"medal":84,"time":"2023-09-25T06:52:45+0000","type":"medal","user":{"country":"se","medals":[93,84],"zones":[31490,31491,7899],"pointsPerHour":0,"points":850,"blocktime":10,"taken":5,"name":"ÔssianR","totalPoints":850,"rank":3,"id":409490,"place":9967,"uniqueZonesTaken":5,"region":{"name":"Jönköping","id":133}}},{"medal":52,"time":"2023-09-25T06:52:11+0000","type":"medal","user":{"country":"fi","medals":[85,92,10,52],"zones":[22625,22626,590444,19176,21513,620261,620260,139468,180653,34127,64816,152883,34129,38257,38423,152986,523707,64125,51677,64126],"pointsPerHour":0,"points":2109,"blocktime":11,"taken":20,"name":"PauG","totalPoints":2109,"rank":5,"id":409471,"place":9967,"uniqueZonesTaken":20,"region":{"name":"Åland","id":177}}},{"medal":80,"time":"2023-09-25T06:51:42+0000","type":"medal","user":{"country":"se","medals":[93,85,80],"zones":[44720,5106,136032,315399,44716],"pointsPerHour":0,"points":927,"blocktime":11,"taken":20,"name":"saracazi","totalPoints":2370,"rank":5,"id":389749,"place":9967,"uniqueZonesTaken":12,"region":{"name":"Värmland","id":130}}},{"medal":85,"time":"2023-09-25T06:51:31+0000","type":"medal","user":{"country":"fi","medals":[93,80,85],"zones":[179298,217666,7186,177702,46837,12105,178392,33837,32175],"pointsPerHour":0,"points":831,"blocktime":10,"taken":10,"name":"izlaaaa","totalPoints":831,"rank":3,"id":409472,"place":9967,"uniqueZonesTaken":10,"region":{"name":"Åland","id":177}}},{"medal":46,"time":"2023-09-25T06:51:08+0000","type":"medal","user":{"country":"se","medals":[90,11,52,32,71,46],"zones":[319844,47328,184224,115140,37797,128902,37800,84875,489485,99759,155441,99762,114258,154646,25751,2424,30873,57081,25753,29531,7452,84703,46943],"pointsPerHour":0,"points":16725,"blocktime":12,"taken":122,"name":"svegen","totalPoints":20501,"rank":11,"id":351731,"place":9967,"uniqueZonesTaken":70,"region":{"name":"Stockholm","id":141}}},{"medal":84,"time":"2023-09-25T06:50:39+0000","type":"medal","user":{"country":"se","medals":[84],"zones":[154006,3039],"pointsPerHour":0,"points":1473,"blocktime":11,"taken":5,"name":"ewlmc","totalPoints":1473,"rank":4,"id":407910,"place":9967,"uniqueZonesTaken":5,"region":{"name":"Uppsala","id":142}}},{"medal":85,"time":"2023-09-25T06:49:41+0000","type":"medal","user":{"country":"se","medals":[93,80,85],"zones":[24497,1029,15850,319752,154253],"pointsPerHour":0,"points":642,"blocktime":11,"taken":11,"name":"antonisacn","totalPoints":1322,"rank":4,"id":402300,"place":9967,"uniqueZonesTaken":8,"region":{"name":"Värmland","id":130}}},{"medal":80,"time":"2023-09-25T06:49:41+0000","type":"medal","user":{"country":"se","medals":[93,80,85],"zones":[24497,1029,15850,319752,154253],"pointsPerHour":0,"points":642,"blocktime":11,"taken":11,"name":"antonisacn","totalPoints":1322,"rank":4,"id":402300,"place":9967,"uniqueZonesTaken":8,"region":{"name":"Värmland","id":130}}},{"medal":10,"time":"2023-09-25T06:48:38+0000","type":"medal","user":{"country":"fi","medals":[51,85,92,10],"zones":[22625,22626,19176,21513,620261,620260,139468,180653,34127,64816,152883,34129,38423,152986,523707,64125,51677,64126],"pointsPerHour":0,"points":1882,"blocktime":11,"taken":18,"name":"PauG","totalPoints":1882,"rank":4,"id":409471,"place":9966,"uniqueZonesTaken":18,"region":{"name":"Åland","id":177}}}]