[{"zone":{"previousOwner":{"name":"grock","id":189790},"dateCreated":"2012-11-13T21:41:55+0000","dateLastTaken":"2021-08-07T19:04:19+0000","latitude":65.620273,"currentOwner":{"name":"Hilla","id":212997},"name":"Björksuset","id":11892,"totalTakeovers":3741,"region":{"area":{"name":"Luleå kommun","id":1798},"country":"se","name":"Norrbotten","id":126},"pointsPerHour":5,"longitude":22.163879,"takeoverPoints":125},"latitude":65.620273,"currentOwner":{"name":"Hilla","id":212997},"time":"2021-08-07T19:04:19+0000","type":"takeover","longitude":22.163879},{"zone":{"previousOwner":{"name":"Kaktus-Mats","id":61706},"dateCreated":"2010-09-02T00:00:00+0000","dateLastTaken":"2021-08-07T19:04:17+0000","latitude":59.857847,"currentOwner":{"name":"UrbanGeeks","id":23402},"name":"ObserveMe","id":470,"totalTakeovers":12939,"region":{"area":{"name":"Uppsala kommun","id":1977},"country":"se","name":"Uppsala","id":142},"pointsPerHour":8,"longitude":17.622562,"takeoverPoints":80},"latitude":59.857847,"currentOwner":{"name":"UrbanGeeks","id":23402},"time":"2021-08-07T19:04:17+0000","type":"takeover","longitude":17.622562},{"zone":{"previousOwner":{"name":"Mizuno","id":77954},"dateCreated":"2017-08-19T09:40:00+0000","dateLastTaken":"2021-08-07T19:04:16+0000","latitude":62.40918,"currentOwner":{"name":"TheCute0ne","id":138887},"name":"SjukVampyr","id":117484,"totalTakeovers":2209,"region":{"area":{"name":"Sundsvalls kommun","id":2056},"country":"se","name":"Västernorrland","id":145},"pointsPerHour":4,"longitude":17.303974,"takeoverPoints":140},"latitude":62.40918,"currentOwner":{"name":"TheCute0ne","id":138887},"time":"2021-08-07T19:04:16+0000","type":"takeover","longitude":17.303974},{"zone":{"previousOwner":{"name":"Xoff","id":103201},"dateCreated":"2019-08-22T11:11:00+0000","dateLastTaken":"2021-08-07T19:04:13+0000","latitude":65.310856,"currentOwner":{"name":"WhiteNinja","id":7032},"name":"Nötöliden","id":204547,"totalTakeovers":577,"region":{"area":{"name":"Piteå kommun","id":1797},"country":"se","name":"Norrbotten","id":126},"pointsPerHour":2,"longitude":21.519172,"takeoverPoints":170},"latitude":65.310856,"currentOwner":{"name":"WhiteNinja","id":7032},"time":"2021-08-07T19:04:13+0000","type":"takeover","longitude":21.519172},{"zone":{"previousOwner":{"name":"Sagarmatha","id":113595},"dateCreated":"2016-12-05T05:36:08+0000","dateLastTaken":"2021-08-07T19:04:09+0000","latitude":59.326389,"currentOwner":{"name":"blur","id":305387},"name":"Hallersrud","id":92316,"totalTakeovers":3156,"region":{"area":{"name":"Hammarö kommun","id":2029},"country":"se","name":"Värmland","id":130},"pointsPerHour":4,"longitude":13.5296,"takeoverPoints":140},"assists":[{"name":"ZoneMaan","id":59836}],"latitude":59.326389,"currentOwner":{"name":"blur","id":305387},"time":"2021-08-07T19:04:09+0000","type":"takeover","longitude":13.5296},{"zone":{"previousOwner":{"name":"kuscha","id":213821},"dateCreated":"2015-04-21T14:00:26+0000","dateLastTaken":"2021-08-07T19:04:07+0000","latitude":65.312144,"currentOwner":{"name":"Ni_ki_ta","id":233048},"name":"TimberTrail","id":49510,"totalTakeovers":7682,"region":{"area":{"name":"Piteå kommun","id":1797},"country":"se","name":"Norrbotten","id":126},"pointsPerHour":6,"longitude":21.485282,"takeoverPoints":110},"latitude":65.312144,"currentOwner":{"name":"Ni_ki_ta","id":233048},"time":"2021-08-07T19:04:07+0000","type":"takeover","longitude":21.485282},{"zone":{"previousOwner":{"name":"Hynbo-K","id":185727},"dateCreated":"2019-04-27T19:28:58+0000","dateLastTaken":"2021-08-07T19:04:07+0000","latitude":59.507577,"currentOwner":{"name":"Nenna-1","id":297465},"name":"Vikstazon","id":189252,"totalTakeovers":469,"region":{"area":{"name":"Kils kommun","id":2035},"country":"se","name":"Värmland","id":130},"pointsPerHour":3,"longitude":13.327499,"takeoverPoints":155},"latitude":59.507577,"currentOwner":{"name":"Nenna-1","id":297465},"time":"2021-08-07T19:04:07+0000","type":"takeover","longitude":13.327499},{"zone":{"previousOwner":{"name":"Bont","id":90307},"dateCreated":"2017-04-28T06:30:00+0000","dateLastTaken":"2021-08-07T19:04:05+0000","latitude":63.740238,"currentOwner":{"name":"ParkMan","id":58815},"name":"MotBerga","id":101975,"totalTakeovers":2584,"region":{"area":{"name":"Umeå kommun","id":2064},"country":"se","name":"Västerbotten","id":127},"pointsPerHour":4,"longitude":20.287617,"takeoverPoints":140},"latitude":63.740238,"currentOwner":{"name":"ParkMan","id":58815},"time":"2021-08-07T19:04:05+0000","type":"takeover","longitude":20.287617},{"zone":{"previousOwner":{"name":"Emjbee","id":311829},"dateCreated":"2021-02-28T01:06:36+0000","dateLastTaken":"2021-08-07T19:04:05+0000","latitude":57.159462,"currentOwner":{"name":"Maxturfer","id":312076},"name":"OldSkeneGreen","id":388713,"totalTakeovers":532,"region":{"area":{"name":"Aberdeenshire","id":2792},"country":"gb","name":"Scotland","id":200},"pointsPerHour":4,"longitude":-2.323365,"takeoverPoints":140},"latitude":57.159462,"currentOwner":{"name":"Maxturfer","id":312076},"time":"2021-08-07T19:04:05+0000","type":"takeover","longitude":-2.323365},{"zone":{"previousOwner":{"name":"mrAce","id":168289},"dateCreated":"2014-07-19T08:21:20+0000","dateLastTaken":"2021-08-07T19:04:00+0000","latitude":59.599236,"currentOwner":{"name":"algo","id":287934},"name":"ZoneSpoon","id":31805,"totalTakeovers":10241,"region":{"area":{"name":"Västerås","id":1807},"country":"se","name":"Västmanland","id":143},"pointsPerHour":7,"longitude":16.45141,"takeoverPoints":95},"latitude":59.599236,"currentOwner":{"name":"algo","id":287934},"time":"2021-08-07T19:04:00+0000","type":"takeover","longitude":16.45141},{"zone":{"previousOwner":{"name":"Arbor","id":47203},"dateCreated":"2010-09-27T12:07:42+0000","dateLastTaken":"2021-08-07T19:03:55+0000","latitude":58.589033,"currentOwner":{"name":"baconbulle","id":180224},"name":"Oxelway","id":928,"totalTakeovers":5974,"region":{"area":{"name":"Norrköpings kommun","id":1853},"country":"se","name":"Östergötland","id":139},"pointsPerHour":5,"longitude":16.202935,"takeoverPoints":125},"latitude":58.589033,"currentOwner":{"name":"baconbulle","id":180224},"time":"2021-08-07T19:03:55+0000","type":"takeover","longitude":16.202935},{"zone":{"previousOwner":{"name":"VidePro","id":304302},"dateCreated":"2015-01-20T06:37:06+0000","dateLastTaken":"2021-08-07T19:03:54+0000","latitude":59.522874,"currentOwner":{"name":"mustbullen","id":58285},"name":"FibbetorpZone","id":43970,"totalTakeovers":6001,"region":{"area":{"name":"Nora kommun","id":1820},"country":"se","name":"Örebro","id":131},"pointsPerHour":6,"longitude":15.014105,"takeoverPoints":110},"latitude":59.522874,"currentOwner":{"name":"mustbullen","id":58285},"time":"2021-08-07T19:03:54+0000","type":"takeover","longitude":15.014105},{"zone":{"previousOwner":{"name":"Blues67","id":188022},"dateCreated":"2014-12-24T11:00:00+0000","dateLastTaken":"2021-08-07T19:03:50+0000","latitude":63.816983,"currentOwner":{"name":"linkaz","id":101631},"name":"Fågelskogen","id":42963,"totalTakeovers":6050,"region":{"area":{"name":"Umeå kommun","id":2064},"country":"se","name":"Västerbotten","id":127},"pointsPerHour":7,"longitude":20.267163,"takeoverPoints":95},"latitude":63.816983,"currentOwner":{"name":"linkaz","id":101631},"time":"2021-08-07T19:03:50+0000","type":"takeover","longitude":20.267163},{"zone":{"previousOwner":{"name":"linkaz","id":101631},"dateCreated":"2015-09-25T04:00:00+0000","dateLastTaken":"2021-08-07T19:03:48+0000","latitude":63.805083,"currentOwner":{"name":"Jaktfalk.JR","id":241446},"name":"Tomteboparken","id":57828,"totalTakeovers":17190,"region":{"area":{"name":"Umeå kommun","id":2064},"country":"se","name":"Västerbotten","id":127},"pointsPerHour":8,"longitude":20.344107,"takeoverPoints":80},"assists":[{"name":"s1xt3nPR0bo1","id":336789},{"name":"Rydja_90","id":336788}],"latitude":63.805083,"currentOwner":{"name":"Jaktfalk.JR","id":241446},"time":"2021-08-07T19:03:48+0000","type":"takeover","longitude":20.344107},{"zone":{"dateCreated":"2021-01-09T07:30:00+0000","dateLastTaken":"2021-08-07T19:03:46+0000","latitude":57.055618,"currentOwner":{"name":"Granite","id":314638},"name":"BourtreeHall","id":364114,"totalTakeovers":90,"region":{"area":{"name":"Aberdeenshire","id":2792},"country":"gb","name":"Scotland","id":200},"pointsPerHour":1,"longitude":-2.138744,"takeoverPoints":185},"latitude":57.055618,"currentOwner":{"name":"Granite","id":314638},"time":"2021-08-07T19:03:46+0000","type":"takeover","longitude":-2.138744},{"zone":{"previousOwner":{"name":"sls_ilves","id":85317},"dateCreated":"2013-03-18T20:25:11+0000","dateLastTaken":"2021-08-07T19:03:45+0000","latitude":58.391522,"currentOwner":{"name":"Ztina","id":312699},"name":"SnedaHenrik","id":15958,"totalTakeovers":3387,"region":{"area":{"name":"Skövde kommun","id":1905},"country":"se","name":"Västra Götaland","id":132},"pointsPerHour":3,"longitude":13.864388,"takeoverPoints":155},"latitude":58.391522,"currentOwner":{"name":"Ztina","id":312699},"time":"2021-08-07T19:03:45+0000","type":"takeover","longitude":13.864388},{"zone":{"previousOwner":{"name":"Knoblauch","id":70153},"dateCreated":"2012-12-24T11:00:00+0000","dateLastTaken":"2021-08-07T19:03:42+0000","latitude":58.402708,"currentOwner":{"name":"Kotten73","id":72916},"name":"Irrblosset","id":12378,"totalTakeovers":16197,"region":{"area":{"name":"Linköpings kommun","id":1852},"country":"se","name":"Östergötland","id":139},"pointsPerHour":6,"longitude":15.600332,"takeoverPoints":110},"latitude":58.402708,"currentOwner":{"name":"Kotten73","id":72916},"time":"2021-08-07T19:03:42+0000","type":"takeover","longitude":15.600332},{"zone":{"previousOwner":{"name":"grock","id":189790},"dateCreated":"2020-06-06T06:06:06+0000","dateLastTaken":"2021-08-07T19:03:42+0000","latitude":65.609535,"currentOwner":{"name":"GammErik","id":213103},"name":"Bilskrotskog","id":278576,"totalTakeovers":651,"region":{"area":{"name":"Luleå kommun","id":1798},"country":"se","name":"Norrbotten","id":126},"pointsPerHour":4,"longitude":22.144167,"takeoverPoints":140},"latitude":65.609535,"currentOwner":{"name":"GammErik","id":213103},"time":"2021-08-07T19:03:42+0000","type":"takeover","longitude":22.144167},{"zone":{"previousOwner":{"name":"Härda","id":317888},"dateCreated":"2019-12-01T11:30:00+0000","dateLastTaken":"2021-08-07T19:03:42+0000","latitude":55.734485,"currentOwner":{"name":"dentarjag","id":311940},"name":"HästStannaHär","id":223838,"totalTakeovers":351,"region":{"area":{"name":"Lunds kommun","id":1948},"country":"se","name":"Skåne","id":135},"pointsPerHour":3,"longitude":13.181714,"takeoverPoints":155},"latitude":55.734485,"currentOwner":{"name":"dentarjag","id":311940},"time":"2021-08-07T19:03:42+0000","type":"takeover","longitude":13.181714},{"zone":{"previousOwner":{"name":"RAGTAG","id":154681},"dateCreated":"2017-06-17T07:00:00+0000","dateLastTaken":"2021-08-07T19:03:37+0000","latitude":63.810776,"currentOwner":{"name":"zxc3","id":114104},"name":"Otw2IKSU","id":114029,"totalTakeovers":4695,"region":{"area":{"name":"Umeå kommun","id":2064},"country":"se","name":"Västerbotten","id":127},"pointsPerHour":8,"longitude":20.252181,"takeoverPoints":80},"latitude":63.810776,"currentOwner":{"name":"zxc3","id":114104},"time":"2021-08-07T19:03:37+0000","type":"takeover","longitude":20.252181},{"zone":{"previousOwner":{"name":"bobsuruncle","id":335217},"dateCreated":"2017-03-25T09:37:42+0000","dateLastTaken":"2021-08-07T19:03:31+0000","latitude":57.475854,"currentOwner":{"name":"fanniesuraunt","id":320035},"name":"DarkUnderpass","id":96816,"totalTakeovers":117,"region":{"area":{"name":"Highland","id":2784},"country":"gb","name":"Scotland","id":200},"pointsPerHour":2,"longitude":-4.160228,"takeoverPoints":170},"latitude":57.475854,"currentOwner":{"name":"fanniesuraunt","id":320035},"time":"2021-08-07T19:03:31+0000","type":"takeover","longitude":-4.160228},{"zone":{"dateCreated":"2017-05-16T20:50:13+0000","dateLastTaken":"2021-08-07T19:03:30+0000","latitude":58.352838,"currentOwner":{"name":"Calluna","id":123960},"name":"Mofalla","id":109652,"totalTakeovers":91,"region":{"area":{"name":"Hjo","id":1927},"country":"se","name":"Västra Götaland","id":132},"type":{"name":"Holy","id":9},"pointsPerHour":1,"longitude":14.197811,"takeoverPoints":185},"assists":[{"name":"Annsofie69","id":212248}],"latitude":58.352838,"currentOwner":{"name":"Calluna","id":123960},"time":"2021-08-07T19:03:30+0000","type":"takeover","longitude":14.197811},{"zone":{"previousOwner":{"name":"Blackstarjack","id":200991},"dateCreated":"2020-06-12T22:37:47+0000","dateLastTaken":"2021-08-07T19:03:29+0000","latitude":63.845092,"currentOwner":{"name":"Knegare","id":335241},"name":"SketHanHär","id":306538,"totalTakeovers":2587,"region":{"area":{"name":"Umeå kommun","id":2064},"country":"se","name":"Västerbotten","id":127},"pointsPerHour":8,"longitude":20.315953,"takeoverPoints":80},"latitude":63.845092,"currentOwner":{"name":"Knegare","id":335241},"time":"2021-08-07T19:03:29+0000","type":"takeover","longitude":20.315953},{"zone":{"previousOwner":{"name":"Froda","id":74168},"dateCreated":"2012-03-20T22:00:54+0000","dateLastTaken":"2021-08-07T19:03:28+0000","latitude":56.901476,"currentOwner":{"name":"siamosaurus","id":144347},"name":"CarpenterZone","id":7147,"totalTakeovers":1334,"region":{"area":{"name":"Alvesta kommun","id":2000},"country":"se","name":"Kronoberg","id":147},"pointsPerHour":4,"longitude":14.562587,"takeoverPoints":140},"latitude":56.901476,"currentOwner":{"name":"siamosaurus","id":144347},"time":"2021-08-07T19:03:28+0000","type":"takeover","longitude":14.562587},{"zone":{"previousOwner":{"name":"tremorbalk","id":16690},"dateCreated":"2013-07-06T17:30:00+0000","dateLastTaken":"2021-08-07T19:03:14+0000","latitude":55.60309,"currentOwner":{"name":"Király","id":169417},"name":"SouthWalk","id":20632,"totalTakeovers":10550,"region":{"area":{"name":"Malmö kommun","id":1898},"country":"se","name":"Skåne","id":135},"pointsPerHour":7,"longitude":13.007169,"takeoverPoints":95},"latitude":55.60309,"currentOwner":{"name":"Király","id":169417},"time":"2021-08-07T19:03:14+0000","type":"takeover","longitude":13.007169},{"zone":{"previousOwner":{"name":"bubobubo","id":145386},"dateCreated":"2021-07-12T14:39:21+0000","dateLastTaken":"2021-08-07T19:03:09+0000","latitude":56.638958,"currentOwner":{"name":"Froda","id":74168},"name":"Diöhallen","id":429860,"totalTakeovers":8,"region":{"area":{"name":"Älmhults kommun","id":1999},"country":"se","name":"Kronoberg","id":147},"pointsPerHour":1,"longitude":14.218624,"takeoverPoints":185},"assists":[{"name":"k_tjing","id":37123}],"latitude":56.638958,"currentOwner":{"name":"Froda","id":74168},"time":"2021-08-07T19:03:09+0000","type":"takeover","longitude":14.218624},{"zone":{"previousOwner":{"name":"TimmyM","id":282180},"dateCreated":"2014-04-16T08:51:12+0000","dateLastTaken":"2021-08-07T19:03:09+0000","latitude":55.919039,"currentOwner":{"name":"féarglas","id":280861},"name":"Doglegzone","id":28293,"totalTakeovers":238,"region":{"area":{"name":"City of Edinburgh","id":2780},"country":"gb","name":"Scotland","id":200},"pointsPerHour":2,"longitude":-3.28961,"takeoverPoints":170},"latitude":55.919039,"currentOwner":{"name":"féarglas","id":280861},"time":"2021-08-07T19:03:09+0000","type":"takeover","longitude":-3.28961},{"zone":{"previousOwner":{"name":"bavima","id":69450},"dateCreated":"2013-08-06T14:05:24+0000","dateLastTaken":"2021-08-07T19:03:08+0000","latitude":65.066489,"currentOwner":{"name":"Snatterman","id":120690},"name":"Kupan","id":21178,"totalTakeovers":1988,"region":{"area":{"name":"Storumans kommun","id":2066},"country":"se","name":"Västerbotten","id":127},"pointsPerHour":3,"longitude":17.156204,"takeoverPoints":155},"latitude":65.066489,"currentOwner":{"name":"Snatterman","id":120690},"time":"2021-08-07T19:03:08+0000","type":"takeover","longitude":17.156204},{"zone":{"previousOwner":{"name":"Mgåvan","id":92466},"dateCreated":"2018-05-05T12:46:08+0000","dateLastTaken":"2021-08-07T19:03:04+0000","latitude":58.690267,"currentOwner":{"name":"Stålblå","id":300091},"name":"MM","id":147182,"totalTakeovers":100,"region":{"area":{"name":"Melleruds kommun","id":1920},"country":"se","name":"Västra Götaland","id":132},"pointsPerHour":2,"longitude":12.469157,"takeoverPoints":170},"latitude":58.690267,"currentOwner":{"name":"Stålblå","id":300091},"time":"2021-08-07T19:03:04+0000","type":"takeover","longitude":12.469157},{"zone":{"previousOwner":{"name":"Fenrisulven","id":14493},"dateCreated":"2021-06-06T17:26:38+0000","dateLastTaken":"2021-08-07T19:03:03+0000","latitude":58.423421,"currentOwner":{"name":"Bath","id":57990},"name":"Tidanstigen","id":412451,"totalTakeovers":55,"region":{"area":{"name":"Tibro","id":1936},"country":"se","name":"Västra Götaland","id":132},"pointsPerHour":2,"longitude":14.148978,"takeoverPoints":170},"latitude":58.423421,"currentOwner":{"name":"Bath","id":57990},"time":"2021-08-07T19:03:03+0000","type":"takeover","longitude":14.148978},{"zone":{"previousOwner":{"name":"Qwicke","id":190350},"dateCreated":"2010-09-04T00:00:00+0000","dateLastTaken":"2021-08-07T19:02:58+0000","latitude":57.654135,"currentOwner":{"name":"Völund","id":26984},"name":"StubbGoal","id":419,"totalTakeovers":6615,"region":{"area":{"name":"Mölndals kommun","id":1886},"country":"se","name":"Västra Götaland","id":132},"pointsPerHour":5,"longitude":11.988401,"takeoverPoints":125},"latitude":57.654135,"currentOwner":{"name":"Völund","id":26984},"time":"2021-08-07T19:02:58+0000","type":"takeover","longitude":11.988401},{"zone":{"previousOwner":{"name":"poisme","id":227090},"dateCreated":"2013-09-27T09:47:51+0000","dateLastTaken":"2021-08-07T19:02:57+0000","latitude":59.123435,"currentOwner":{"name":"Olleklunk","id":253865},"name":"Vialundzone","id":21877,"totalTakeovers":5608,"region":{"area":{"name":"Kumla kommun","id":1816},"country":"se","name":"Örebro","id":131},"pointsPerHour":4,"longitude":15.133768,"takeoverPoints":140},"latitude":59.123435,"currentOwner":{"name":"Olleklunk","id":253865},"time":"2021-08-07T19:02:57+0000","type":"takeover","longitude":15.133768},{"zone":{"previousOwner":{"name":"kuscha","id":213821},"dateLastTaken":"2021-08-07T19:02:55+0000","latitude":65.312921,"totalTakeovers":7877,"type":{"name":"Bridge","id":8},"pointsPerHour":6,"takeoverPoints":110,"dateCreated":"2013-11-04T12:59:20+0000","currentOwner":{"name":"Ni_ki_ta","id":233048},"name":"Sundbro","id":22743,"region":{"area":{"name":"Piteå kommun","id":1797},"country":"se","name":"Norrbotten","id":126},"longitude":21.480795},"latitude":65.312921,"currentOwner":{"name":"Ni_ki_ta","id":233048},"time":"2021-08-07T19:02:55+0000","type":"takeover","longitude":21.480795},{"zone":{"previousOwner":{"name":"trixipixi","id":54280},"dateCreated":"2011-09-15T10:00:00+0000","dateLastTaken":"2021-08-07T19:02:54+0000","latitude":63.817588,"currentOwner":{"name":"morfarpappan49","id":212388},"name":"TegZone","id":3452,"totalTakeovers":8777,"region":{"area":{"name":"Umeå kommun","id":2064},"country":"se","name":"Västerbotten","id":127},"pointsPerHour":7,"longitude":20.245048,"takeoverPoints":95},"latitude":63.817588,"currentOwner":{"name":"morfarpappan49","id":212388},"time":"2021-08-07T19:02:54+0000","type":"takeover","longitude":20.245048},{"zone":{"previousOwner":{"name":"ParkMan","id":58815},"dateCreated":"2014-04-06T10:00:00+0000","dateLastTaken":"2021-08-07T19:02:50+0000","latitude":63.830014,"currentOwner":{"name":"boddiloddan","id":164393},"name":"EastPrince","id":27910,"totalTakeovers":14625,"region":{"area":{"name":"Umeå kommun","id":2064},"country":"se","name":"Västerbotten","id":127},"pointsPerHour":9,"longitude":20.237126,"takeoverPoints":65},"latitude":63.830014,"currentOwner":{"name":"boddiloddan","id":164393},"time":"2021-08-07T19:02:50+0000","type":"takeover","longitude":20.237126},{"zone":{"previousOwner":{"name":"busdriver","id":21002},"dateCreated":"2014-04-18T06:42:09+0000","dateLastTaken":"2021-08-07T19:02:49+0000","latitude":55.616641,"currentOwner":{"name":"Plato","id":200476},"name":"Segevången","id":28331,"totalTakeovers":3102,"region":{"area":{"name":"Malmö kommun","id":1898},"country":"se","name":"Skåne","id":135},"pointsPerHour":5,"longitude":13.051407,"takeoverPoints":125},"latitude":55.616641,"currentOwner":{"name":"Plato","id":200476},"time":"2021-08-07T19:02:49+0000","type":"takeover","longitude":13.051407},{"zone":{"previousOwner":{"name":"Nljlmb","id":226872},"dateCreated":"2017-06-06T21:47:03+0000","dateLastTaken":"2021-08-07T19:02:46+0000","latitude":57.701338,"currentOwner":{"name":"Vintentina","id":60202},"name":"StenEngel","id":109663,"totalTakeovers":7451,"region":{"area":{"name":"Göteborgs kommun","id":1885},"country":"se","name":"Västra Götaland","id":132},"pointsPerHour":8,"longitude":11.982549,"takeoverPoints":80},"assists":[{"name":"fluffen9","id":59392}],"latitude":57.701338,"currentOwner":{"name":"Vintentina","id":60202},"time":"2021-08-07T19:02:46+0000","type":"takeover","longitude":11.982549},{"zone":{"previousOwner":{"name":"Trillian","id":71772},"dateCreated":"2015-04-20T11:00:00+0000","dateLastTaken":"2021-08-07T19:02:46+0000","latitude":57.997948,"currentOwner":{"name":"bonan","id":252589},"name":"Langhammers","id":48746,"totalTakeovers":304,"region":{"area":{"name":"Gotland","id":1881},"country":"se","name":"Gotland","id":138},"pointsPerHour":5,"longitude":19.181392,"takeoverPoints":125},"latitude":57.997948,"currentOwner":{"name":"bonan","id":252589},"time":"2021-08-07T19:02:46+0000","type":"takeover","longitude":19.181392},{"zone":{"previousOwner":{"name":"Blues67","id":188022},"dateCreated":"2015-05-02T19:08:32+0000","dateLastTaken":"2021-08-07T19:02:44+0000","latitude":63.680037,"currentOwner":{"name":"Mijo","id":51919},"name":"Själapiren","id":51660,"totalTakeovers":1397,"region":{"area":{"name":"Umeå kommun","id":2064},"country":"se","name":"Västerbotten","id":127},"pointsPerHour":4,"longitude":20.25776,"takeoverPoints":140},"latitude":63.680037,"currentOwner":{"name":"Mijo","id":51919},"time":"2021-08-07T19:02:44+0000","type":"takeover","longitude":20.25776},{"zone":{"previousOwner":{"name":"AndersVå","id":229715},"dateCreated":"2014-04-16T15:20:53+0000","dateLastTaken":"2021-08-07T19:02:42+0000","latitude":56.034866,"currentOwner":{"name":"mini","id":12436},"name":"Vildanden","id":28316,"totalTakeovers":2079,"region":{"area":{"name":"Kristianstads kommun","id":1950},"country":"se","name":"Skåne","id":135},"pointsPerHour":3,"longitude":14.162356,"takeoverPoints":155},"latitude":56.034866,"currentOwner":{"name":"mini","id":12436},"time":"2021-08-07T19:02:42+0000","type":"takeover","longitude":14.162356},{"zone":{"previousOwner":{"name":"Bath","id":57990},"dateLastTaken":"2021-08-07T19:02:39+0000","latitude":58.408586,"totalTakeovers":3094,"type":{"name":"Holy","id":9},"pointsPerHour":3,"takeoverPoints":155,"dateCreated":"2014-05-09T15:30:00+0000","currentOwner":{"name":"Fenrisulven","id":14493},"name":"Kyrkefalla","id":28969,"region":{"area":{"name":"Tibro","id":1936},"country":"se","name":"Västra Götaland","id":132},"longitude":14.183803},"latitude":58.408586,"currentOwner":{"name":"Fenrisulven","id":14493},"time":"2021-08-07T19:02:39+0000","type":"takeover","longitude":14.183803},{"zone":{"previousOwner":{"name":"Király","id":169417},"dateCreated":"2010-09-30T22:00:02+0000","dateLastTaken":"2021-08-07T19:02:39+0000","latitude":55.574396,"currentOwner":{"name":"Tompa_65","id":160985},"name":"TrellCastle","id":986,"totalTakeovers":3661,"region":{"area":{"name":"Malmö kommun","id":1898},"country":"se","name":"Skåne","id":135},"pointsPerHour":4,"longitude":13.004178,"takeoverPoints":140},"latitude":55.574396,"currentOwner":{"name":"Tompa_65","id":160985},"time":"2021-08-07T19:02:39+0000","type":"takeover","longitude":13.004178},{"zone":{"previousOwner":{"name":"höge45","id":333755},"dateCreated":"2013-02-03T11:00:00+0000","dateLastTaken":"2021-08-07T19:02:33+0000","latitude":59.328734,"currentOwner":{"name":"blur","id":305387},"name":"UnderLövnäs","id":14412,"totalTakeovers":5060,"region":{"area":{"name":"Hammarö kommun","id":2029},"country":"se","name":"Värmland","id":130},"pointsPerHour":4,"longitude":13.528895,"takeoverPoints":140},"assists":[{"name":"ZoneMaan","id":59836}],"latitude":59.328734,"currentOwner":{"name":"blur","id":305387},"time":"2021-08-07T19:02:33+0000","type":"takeover","longitude":13.528895},{"zone":{"previousOwner":{"name":"gaalne","id":75128},"dateCreated":"2012-02-06T12:32:47+0000","dateLastTaken":"2021-08-07T19:02:33+0000","latitude":59.861479,"currentOwner":{"name":"Pellonen73","id":243217},"name":"LonelyField","id":6146,"totalTakeovers":10235,"region":{"area":{"name":"Uppsala kommun","id":1977},"country":"se","name":"Uppsala","id":142},"pointsPerHour":7,"longitude":17.683641,"takeoverPoints":95},"latitude":59.861479,"currentOwner":{"name":"Pellonen73","id":243217},"time":"2021-08-07T19:02:33+0000","type":"takeover","longitude":17.683641},{"zone":{"previousOwner":{"name":"HåkanW","id":15640},"dateCreated":"2015-05-02T17:35:52+0000","dateLastTaken":"2021-08-07T19:02:31+0000","latitude":63.686262,"currentOwner":{"name":"bengtbbb","id":64627},"name":"VåranVäg","id":51654,"totalTakeovers":1408,"region":{"area":{"name":"Umeå kommun","id":2064},"country":"se","name":"Västerbotten","id":127},"pointsPerHour":3,"longitude":20.383458,"takeoverPoints":155},"latitude":63.686262,"currentOwner":{"name":"bengtbbb","id":64627},"time":"2021-08-07T19:02:31+0000","type":"takeover","longitude":20.383458},{"zone":{"previousOwner":{"name":"Blues67","id":188022},"dateCreated":"2013-12-24T01:05:00+0000","dateLastTaken":"2021-08-07T19:02:28+0000","latitude":63.815253,"currentOwner":{"name":"linkaz","id":101631},"name":"Sjukhemmet","id":23905,"totalTakeovers":13082,"region":{"area":{"name":"Umeå kommun","id":2064},"country":"se","name":"Västerbotten","id":127},"pointsPerHour":8,"longitude":20.264783,"takeoverPoints":80},"latitude":63.815253,"currentOwner":{"name":"linkaz","id":101631},"time":"2021-08-07T19:02:28+0000","type":"takeover","longitude":20.264783},{"zone":{"previousOwner":{"name":"Kaktus-Mats","id":61706},"dateLastTaken":"2021-08-07T19:02:28+0000","latitude":59.854803,"totalTakeovers":17437,"type":{"name":"Holy","id":9},"pointsPerHour":8,"takeoverPoints":80,"dateCreated":"2013-04-20T10:59:00+0000","currentOwner":{"name":"UrbanGeeks","id":23402},"name":"Pärleporten","id":17159,"region":{"area":{"name":"Uppsala kommun","id":1977},"country":"se","name":"Uppsala","id":142},"longitude":17.619364},"latitude":59.854803,"currentOwner":{"name":"UrbanGeeks","id":23402},"time":"2021-08-07T19:02:28+0000","type":"takeover","longitude":17.619364},{"zone":{"previousOwner":{"name":"linnea457538","id":133301},"dateCreated":"2015-07-26T20:06:46+0000","dateLastTaken":"2021-08-07T19:02:27+0000","latitude":67.163466,"currentOwner":{"name":"Eliza","id":242724},"name":"Rödingen","id":55931,"totalTakeovers":620,"region":{"area":{"name":"Gällivare kommun","id":1801},"country":"se","name":"Norrbotten","id":126},"pointsPerHour":1,"longitude":20.633468,"takeoverPoints":185},"assists":[{"name":"Zlas","id":241014}],"latitude":67.163466,"currentOwner":{"name":"Eliza","id":242724},"time":"2021-08-07T19:02:27+0000","type":"takeover","longitude":20.633468},{"zone":{"previousOwner":{"name":"TheHamster","id":186957},"dateCreated":"2018-08-20T23:24:50+0000","dateLastTaken":"2021-08-07T19:02:27+0000","latitude":63.664645,"currentOwner":{"name":"TheHamster","id":186957},"name":"Fäbodasvängen","id":156973,"totalTakeovers":23,"region":{"area":{"name":"Jakobstad","id":2214},"country":"fi","name":"Länsi- ja Sisä-Suomi","id":186},"pointsPerHour":1,"longitude":22.579498,"takeoverPoints":185},"latitude":63.664645,"currentOwner":{"name":"TheHamster","id":186957},"time":"2021-08-07T19:02:27+0000","type":"takeover","longitude":22.579498},{"zone":{"previousOwner":{"name":"Weeturfarn","id":63172},"dateCreated":"2021-05-02T14:00:00+0000","dateLastTaken":"2021-08-07T19:02:25+0000","latitude":59.281556,"currentOwner":{"name":"Maqqan","id":23709},"name":"Stigseglet","id":406081,"totalTakeovers":16,"region":{"area":{"name":"Kristinehamns kommun","id":2028},"country":"se","name":"Värmland","id":130},"pointsPerHour":1,"longitude":14.062077,"takeoverPoints":185},"latitude":59.281556,"currentOwner":{"name":"Maqqan","id":23709},"time":"2021-08-07T19:02:25+0000","type":"takeover","longitude":14.062077},{"zone":{"previousOwner":{"name":"jabe48","id":334869},"dateCreated":"2013-07-07T22:33:53+0000","dateLastTaken":"2021-08-07T19:02:23+0000","latitude":63.85196,"currentOwner":{"name":"jeppe1","id":187874},"name":"OstZone","id":20693,"totalTakeovers":15618,"region":{"area":{"name":"Umeå kommun","id":2064},"country":"se","name":"Västerbotten","id":127},"pointsPerHour":8,"longitude":20.329228,"takeoverPoints":80},"latitude":63.85196,"currentOwner":{"name":"jeppe1","id":187874},"time":"2021-08-07T19:02:23+0000","type":"takeover","longitude":20.329228},{"zone":{"previousOwner":{"name":"turfbender","id":93961},"dateCreated":"2016-05-08T01:35:31+0000","dateLastTaken":"2021-08-07T19:02:19+0000","latitude":59.367945,"currentOwner":{"name":"BetulaAlba","id":80722},"name":"AlvaMyrdal","id":69006,"totalTakeovers":7983,"region":{"area":{"name":"Eskilstuna kommun","id":1848},"country":"se","name":"Södermanland","id":140},"pointsPerHour":7,"longitude":16.510705,"takeoverPoints":95},"latitude":59.367945,"currentOwner":{"name":"BetulaAlba","id":80722},"time":"2021-08-07T19:02:19+0000","type":"takeover","longitude":16.510705},{"zone":{"previousOwner":{"name":"chargern","id":177035},"dateCreated":"2014-04-06T10:00:00+0000","dateLastTaken":"2021-08-07T19:02:17+0000","latitude":63.812666,"currentOwner":{"name":"zxc3","id":114104},"name":"OldHawk","id":27909,"totalTakeovers":8171,"region":{"area":{"name":"Umeå kommun","id":2064},"country":"se","name":"Västerbotten","id":127},"pointsPerHour":8,"longitude":20.257785,"takeoverPoints":80},"latitude":63.812666,"currentOwner":{"name":"zxc3","id":114104},"time":"2021-08-07T19:02:17+0000","type":"takeover","longitude":20.257785},{"zone":{"previousOwner":{"name":"VidePro","id":304302},"dateCreated":"2014-04-11T11:32:44+0000","dateLastTaken":"2021-08-07T19:02:13+0000","latitude":59.525458,"currentOwner":{"name":"mustbullen","id":58285},"name":"BearBär","id":28055,"totalTakeovers":6758,"region":{"area":{"name":"Nora kommun","id":1820},"country":"se","name":"Örebro","id":131},"pointsPerHour":6,"longitude":15.017418,"takeoverPoints":110},"latitude":59.525458,"currentOwner":{"name":"mustbullen","id":58285},"time":"2021-08-07T19:02:13+0000","type":"takeover","longitude":15.017418},{"zone":{"previousOwner":{"name":"Vit_Java","id":114491},"dateCreated":"2012-04-01T14:24:41+0000","dateLastTaken":"2021-08-07T19:02:13+0000","latitude":59.62838,"currentOwner":{"name":"ami68","id":167440},"name":"StoneChamber","id":7759,"totalTakeovers":25227,"region":{"area":{"name":"Västerås","id":1807},"country":"se","name":"Västmanland","id":143},"pointsPerHour":8,"longitude":16.605489,"takeoverPoints":80},"latitude":59.62838,"currentOwner":{"name":"ami68","id":167440},"time":"2021-08-07T19:02:13+0000","type":"takeover","longitude":16.605489},{"zone":{"previousOwner":{"name":"Härda","id":317888},"dateCreated":"2013-03-04T20:09:35+0000","dateLastTaken":"2021-08-07T19:02:12+0000","latitude":55.732042,"currentOwner":{"name":"dentarjag","id":311940},"name":"Minnen","id":15522,"totalTakeovers":1338,"region":{"area":{"name":"Lunds kommun","id":1948},"country":"se","name":"Skåne","id":135},"pointsPerHour":3,"longitude":13.181534,"takeoverPoints":155},"latitude":55.732042,"currentOwner":{"name":"dentarjag","id":311940},"time":"2021-08-07T19:02:12+0000","type":"takeover","longitude":13.181534},{"zone":{"previousOwner":{"name":"bubobubo","id":145386},"dateLastTaken":"2021-08-07T19:02:08+0000","latitude":56.902778,"totalTakeovers":93,"type":{"name":"Holy","id":9},"pointsPerHour":4,"takeoverPoints":140,"dateCreated":"2020-10-30T20:14:15+0000","currentOwner":{"name":"siamosaurus","id":144347},"name":"Equmenia","id":349269,"region":{"area":{"name":"Alvesta kommun","id":2000},"country":"se","name":"Kronoberg","id":147},"longitude":14.559277},"latitude":56.902778,"currentOwner":{"name":"siamosaurus","id":144347},"time":"2021-08-07T19:02:08+0000","type":"takeover","longitude":14.559277},{"zone":{"previousOwner":{"name":"hoss","id":40709},"dateCreated":"2013-06-08T12:43:20+0000","dateLastTaken":"2021-08-07T19:02:05+0000","latitude":56.665647,"currentOwner":{"name":"cyklaännumera","id":163694},"name":"FishDrop","id":19322,"totalTakeovers":19379,"region":{"area":{"name":"Kalmar kommun","id":2015},"country":"se","name":"Kalmar","id":137},"pointsPerHour":8,"longitude":16.365431,"takeoverPoints":80},"latitude":56.665647,"currentOwner":{"name":"cyklaännumera","id":163694},"time":"2021-08-07T19:02:05+0000","type":"takeover","longitude":16.365431},{"zone":{"previousOwner":{"name":"crazygoat","id":309090},"dateCreated":"2021-05-20T17:48:58+0000","dateLastTaken":"2021-08-07T19:02:03+0000","latitude":55.868251,"currentOwner":{"name":"crazygoat","id":309090},"name":"TheGreenGun","id":418704,"totalTakeovers":19,"region":{"area":{"name":"Scottish Borders","id":2794},"country":"gb","name":"Scotland","id":200},"pointsPerHour":1,"longitude":-2.089044,"takeoverPoints":185},"latitude":55.868251,"currentOwner":{"name":"crazygoat","id":309090},"time":"2021-08-07T19:02:03+0000","type":"takeover","longitude":-2.089044},{"zone":{"previousOwner":{"name":"grock","id":189790},"dateCreated":"2012-04-12T08:54:15+0000","dateLastTaken":"2021-08-07T19:02:02+0000","latitude":65.609646,"currentOwner":{"name":"GammErik","id":213103},"name":"TillDepån","id":8112,"totalTakeovers":4814,"region":{"area":{"name":"Luleå kommun","id":1798},"country":"se","name":"Norrbotten","id":126},"pointsPerHour":5,"longitude":22.137407,"takeoverPoints":125},"latitude":65.609646,"currentOwner":{"name":"GammErik","id":213103},"time":"2021-08-07T19:02:02+0000","type":"takeover","longitude":22.137407},{"zone":{"previousOwner":{"name":"tremorbalk","id":16690},"dateLastTaken":"2021-08-07T19:02:01+0000","latitude":55.602237,"totalTakeovers":14059,"type":{"name":"Monument","id":21},"pointsPerHour":8,"takeoverPoints":80,"dateCreated":"2013-07-06T17:30:00+0000","currentOwner":{"name":"Király","id":169417},"name":"Wallenbergzon","id":20633,"region":{"area":{"name":"Malmö kommun","id":1898},"country":"se","name":"Skåne","id":135},"longitude":13.003904},"latitude":55.602237,"currentOwner":{"name":"Király","id":169417},"time":"2021-08-07T19:02:01+0000","type":"takeover","longitude":13.003904},{"zone":{"previousOwner":{"name":"Evvan","id":90857},"dateCreated":"2011-12-12T22:00:00+0000","dateLastTaken":"2021-08-07T19:01:59+0000","latitude":63.844592,"currentOwner":{"name":"Blackstarjack","id":200991},"name":"InfantryZone","id":5404,"totalTakeovers":12529,"region":{"area":{"name":"Umeå kommun","id":2064},"country":"se","name":"Västerbotten","id":127},"pointsPerHour":8,"longitude":20.278181,"takeoverPoints":80},"assists":[{"name":"MrDinco","id":11189}],"latitude":63.844592,"currentOwner":{"name":"Blackstarjack","id":200991},"time":"2021-08-07T19:01:59+0000","type":"takeover","longitude":20.278181},{"zone":{"dateCreated":"2016-06-03T06:28:58+0000","dateLastTaken":"2021-08-07T19:01:58+0000","latitude":67.890554,"currentOwner":{"name":"Krukanbenet","id":132886},"name":"Sørvågen","id":78143,"totalTakeovers":18,"region":{"area":{"name":"Moskenes","id":3155},"country":"no","name":"Nordnorge","id":183},"pointsPerHour":1,"longitude":13.025531,"takeoverPoints":185},"latitude":67.890554,"currentOwner":{"name":"Krukanbenet","id":132886},"time":"2021-08-07T19:01:58+0000","type":"takeover","longitude":13.025531},{"zone":{"previousOwner":{"name":"TurfGöran","id":313564},"dateCreated":"2020-06-04T21:32:51+0000","dateLastTaken":"2021-08-07T19:01:57+0000","latitude":59.390427,"currentOwner":{"name":"Adrian1233","id":330001},"name":"HanEllerHon","id":315401,"totalTakeovers":796,"region":{"area":{"name":"Karlstads kommun","id":1827},"country":"se","name":"Värmland","id":130},"pointsPerHour":4,"longitude":13.433838,"takeoverPoints":140},"latitude":59.390427,"currentOwner":{"name":"Adrian1233","id":330001},"time":"2021-08-07T19:01:57+0000","type":"takeover","longitude":13.433838},{"zone":{"previousOwner":{"name":"bubobubo","id":145386},"dateCreated":"2014-04-01T19:49:00+0000","dateLastTaken":"2021-08-07T19:01:56+0000","latitude":56.638759,"currentOwner":{"name":"Froda","id":74168},"name":"Helgerasten","id":27061,"totalTakeovers":465,"region":{"area":{"name":"Älmhults kommun","id":1999},"country":"se","name":"Kronoberg","id":147},"pointsPerHour":2,"longitude":14.222041,"takeoverPoints":170},"assists":[{"name":"k_tjing","id":37123}],"latitude":56.638759,"currentOwner":{"name":"Froda","id":74168},"time":"2021-08-07T19:01:56+0000","type":"takeover","longitude":14.222041},{"zone":{"dateCreated":"2019-05-02T19:02:53+0000","dateLastTaken":"2021-08-07T19:01:46+0000","latitude":58.692509,"currentOwner":{"name":"Stålblå","id":300091},"name":"GremlinGrop","id":190333,"totalTakeovers":56,"region":{"area":{"name":"Melleruds kommun","id":1920},"country":"se","name":"Västra Götaland","id":132},"pointsPerHour":2,"longitude":12.466893,"takeoverPoints":170},"latitude":58.692509,"currentOwner":{"name":"Stålblå","id":300091},"time":"2021-08-07T19:01:46+0000","type":"takeover","longitude":12.466893},{"zone":{"previousOwner":{"name":"bobsuruncle","id":335217},"dateCreated":"2021-01-12T19:20:39+0000","dateLastTaken":"2021-08-07T19:01:34+0000","latitude":57.47313,"currentOwner":{"name":"fanniesuraunt","id":320035},"name":"TakeAwayPath","id":365049,"totalTakeovers":117,"region":{"area":{"name":"Highland","id":2784},"country":"gb","name":"Scotland","id":200},"pointsPerHour":3,"longitude":-4.165585,"takeoverPoints":155},"latitude":57.47313,"currentOwner":{"name":"fanniesuraunt","id":320035},"time":"2021-08-07T19:01:34+0000","type":"takeover","longitude":-4.165585},{"zone":{"previousOwner":{"name":"WhiteNinja","id":7032},"dateCreated":"2011-07-07T20:56:43+0000","dateLastTaken":"2021-08-07T19:01:34+0000","latitude":65.314711,"currentOwner":{"name":"Ni_ki_ta","id":233048},"name":"PiteShore","id":1925,"totalTakeovers":8024,"region":{"area":{"name":"Piteå kommun","id":1797},"country":"se","name":"Norrbotten","id":126},"pointsPerHour":6,"longitude":21.475296,"takeoverPoints":110},"latitude":65.314711,"currentOwner":{"name":"Ni_ki_ta","id":233048},"time":"2021-08-07T19:01:34+0000","type":"takeover","longitude":21.475296},{"zone":{"previousOwner":{"name":"Jagdpanther","id":77661},"dateCreated":"2015-04-30T16:43:55+0000","dateLastTaken":"2021-08-07T19:01:32+0000","latitude":56.70291,"currentOwner":{"name":"Jajjoman","id":289153},"name":"Kompisen","id":50659,"totalTakeovers":4359,"region":{"area":{"name":"Kalmar kommun","id":2015},"country":"se","name":"Kalmar","id":137},"pointsPerHour":4,"longitude":16.341994,"takeoverPoints":140},"latitude":56.70291,"currentOwner":{"name":"Jajjoman","id":289153},"time":"2021-08-07T19:01:32+0000","type":"takeover","longitude":16.341994},{"zone":{"previousOwner":{"name":"ParkMan","id":58815},"dateLastTaken":"2021-08-07T19:01:30+0000","latitude":63.831895,"totalTakeovers":9247,"type":{"name":"Holy","id":9},"pointsPerHour":9,"takeoverPoints":65,"dateCreated":"2017-04-15T05:00:10+0000","currentOwner":{"name":"boddiloddan","id":164393},"name":"HedlundaKyrka","id":98298,"region":{"area":{"name":"Umeå kommun","id":2064},"country":"se","name":"Västerbotten","id":127},"longitude":20.235816},"latitude":63.831895,"currentOwner":{"name":"boddiloddan","id":164393},"time":"2021-08-07T19:01:30+0000","type":"takeover","longitude":20.235816},{"zone":{"previousOwner":{"name":"Miraya","id":268568},"dateCreated":"2013-02-10T00:00:00+0000","dateLastTaken":"2021-08-07T19:01:24+0000","latitude":57.642237,"currentOwner":{"name":"grumpycat","id":230140},"name":"PowderTower","id":14478,"totalTakeovers":8165,"region":{"area":{"name":"Gotland","id":1881},"country":"se","name":"Gotland","id":138},"pointsPerHour":8,"longitude":18.291285,"takeoverPoints":80},"latitude":57.642237,"currentOwner":{"name":"grumpycat","id":230140},"time":"2021-08-07T19:01:24+0000","type":"takeover","longitude":18.291285},{"zone":{"previousOwner":{"name":"Zac","id":279684},"dateCreated":"2017-03-18T07:00:00+0000","dateLastTaken":"2021-08-07T19:01:24+0000","latitude":56.032902,"currentOwner":{"name":"mini","id":12436},"name":"Krillefinkan","id":95778,"totalTakeovers":1571,"region":{"area":{"name":"Kristianstads kommun","id":1950},"country":"se","name":"Skåne","id":135},"pointsPerHour":4,"longitude":14.161919,"takeoverPoints":140},"latitude":56.032902,"currentOwner":{"name":"mini","id":12436},"time":"2021-08-07T19:01:24+0000","type":"takeover","longitude":14.161919},{"zone":{"previousOwner":{"name":"grock","id":189790},"dateCreated":"2014-08-29T20:47:04+0000","dateLastTaken":"2021-08-07T19:01:20+0000","latitude":65.621512,"currentOwner":{"name":"Hilla","id":212997},"name":"StormensÖga","id":33897,"totalTakeovers":3323,"region":{"area":{"name":"Luleå kommun","id":1798},"country":"se","name":"Norrbotten","id":126},"pointsPerHour":4,"longitude":22.173621,"takeoverPoints":140},"latitude":65.621512,"currentOwner":{"name":"Hilla","id":212997},"time":"2021-08-07T19:01:20+0000","type":"takeover","longitude":22.173621},{"zone":{"previousOwner":{"name":"Bath","id":57990},"dateCreated":"2016-11-28T09:00:00+0000","dateLastTaken":"2021-08-07T19:01:14+0000","latitude":58.411014,"currentOwner":{"name":"Fenrisulven","id":14493},"name":"Hjovägen","id":92113,"totalTakeovers":3022,"region":{"area":{"name":"Tibro","id":1936},"country":"se","name":"Västra Götaland","id":132},"pointsPerHour":2,"longitude":14.181207,"takeoverPoints":170},"latitude":58.411014,"currentOwner":{"name":"Fenrisulven","id":14493},"time":"2021-08-07T19:01:14+0000","type":"takeover","longitude":14.181207},{"zone":{"previousOwner":{"name":"poisme","id":227090},"dateCreated":"2011-12-24T11:12:30+0000","dateLastTaken":"2021-08-07T19:01:12+0000","latitude":59.121667,"currentOwner":{"name":"Olleklunk","id":253865},"name":"ThruMeadow","id":5319,"totalTakeovers":5408,"region":{"area":{"name":"Kumla kommun","id":1816},"country":"se","name":"Örebro","id":131},"pointsPerHour":4,"longitude":15.131873,"takeoverPoints":140},"latitude":59.121667,"currentOwner":{"name":"Olleklunk","id":253865},"time":"2021-08-07T19:01:12+0000","type":"takeover","longitude":15.131873},{"zone":{"previousOwner":{"name":"bubobubo","id":145386},"dateLastTaken":"2021-08-07T19:01:11+0000","latitude":56.640544,"totalTakeovers":422,"type":{"name":"Bridge","id":8},"pointsPerHour":2,"takeoverPoints":170,"dateCreated":"2014-04-01T19:48:00+0000","currentOwner":{"name":"Froda","id":74168},"name":"DiöBro","id":27059,"region":{"area":{"name":"Älmhults kommun","id":1999},"country":"se","name":"Kronoberg","id":147},"longitude":14.222337},"assists":[{"name":"k_tjing","id":37123}],"latitude":56.640544,"currentOwner":{"name":"Froda","id":74168},"time":"2021-08-07T19:01:11+0000","type":"takeover","longitude":14.222337},{"zone":{"previousOwner":{"name":"Froda","id":74168},"dateCreated":"2012-02-05T21:26:41+0000","dateLastTaken":"2021-08-07T19:01:08+0000","latitude":56.902916,"currentOwner":{"name":"siamosaurus","id":144347},"name":"AllLiveZone","id":6137,"totalTakeovers":1299,"region":{"area":{"name":"Alvesta kommun","id":2000},"country":"se","name":"Kronoberg","id":147},"pointsPerHour":4,"longitude":14.555943,"takeoverPoints":140},"latitude":56.902916,"currentOwner":{"name":"siamosaurus","id":144347},"time":"2021-08-07T19:01:08+0000","type":"takeover","longitude":14.555943},{"zone":{"dateCreated":"2017-08-27T03:00:00+0000","dateLastTaken":"2021-08-07T19:01:06+0000","latitude":58.06821,"currentOwner":{"name":"HaidyL","id":228972},"name":"Kinneved","id":116874,"totalTakeovers":41,"region":{"area":{"name":"Falköpings kommun","id":1914},"country":"se","name":"Västra Götaland","id":132},"type":{"name":"Holy","id":9},"pointsPerHour":1,"longitude":13.516094,"takeoverPoints":185},"assists":[{"name":"pemel","id":165631}],"latitude":58.06821,"currentOwner":{"name":"HaidyL","id":228972},"time":"2021-08-07T19:01:06+0000","type":"takeover","longitude":13.516094},{"zone":{"previousOwner":{"name":"Skanstorp","id":235048},"dateCreated":"2014-09-07T14:01:00+0000","dateLastTaken":"2021-08-07T19:01:05+0000","latitude":55.696904,"currentOwner":{"name":"Wedvin","id":235017},"name":"Comvuxcorner","id":34655,"totalTakeovers":3364,"region":{"area":{"name":"Lunds kommun","id":1948},"country":"se","name":"Skåne","id":135},"pointsPerHour":5,"longitude":13.22283,"takeoverPoints":125},"assists":[{"name":"Dolby","id":235059}],"latitude":55.696904,"currentOwner":{"name":"Wedvin","id":235017},"time":"2021-08-07T19:01:05+0000","type":"takeover","longitude":13.22283},{"zone":{"previousOwner":{"name":"Fenrisulven","id":14493},"dateCreated":"2014-07-22T10:24:16+0000","dateLastTaken":"2021-08-07T19:01:01+0000","latitude":58.421678,"currentOwner":{"name":"Bath","id":57990},"name":"TidanTower","id":32540,"totalTakeovers":3265,"region":{"area":{"name":"Tibro","id":1936},"country":"se","name":"Västra Götaland","id":132},"pointsPerHour":2,"longitude":14.147906,"takeoverPoints":170},"latitude":58.421678,"currentOwner":{"name":"Bath","id":57990},"time":"2021-08-07T19:01:01+0000","type":"takeover","longitude":14.147906},{"zone":{"previousOwner":{"name":"Pekman","id":230852},"dateCreated":"2016-08-16T10:00:00+0000","dateLastTaken":"2021-08-07T19:01:00+0000","latitude":59.264535,"currentOwner":{"name":"Zest","id":196453},"name":"Gubbröran","id":80706,"totalTakeovers":3853,"region":{"area":{"name":"Stockholms kommun","id":1828},"country":"se","name":"Stockholm","id":141},"pointsPerHour":6,"longitude":18.091307,"takeoverPoints":110},"assists":[{"name":"madpuppy","id":66782}],"latitude":59.264535,"currentOwner":{"name":"Zest","id":196453},"time":"2021-08-07T19:01:00+0000","type":"takeover","longitude":18.091307},{"zone":{"previousOwner":{"name":"Király","id":169417},"dateCreated":"2019-05-09T10:30:00+0000","dateLastTaken":"2021-08-07T19:00:58+0000","latitude":55.570968,"currentOwner":{"name":"Tompa_65","id":160985},"name":"Knasbollen","id":193540,"totalTakeovers":1711,"region":{"area":{"name":"Malmö kommun","id":1898},"country":"se","name":"Skåne","id":135},"pointsPerHour":5,"longitude":13.000468,"takeoverPoints":125},"latitude":55.570968,"currentOwner":{"name":"Tompa_65","id":160985},"time":"2021-08-07T19:00:58+0000","type":"takeover","longitude":13.000468},{"zone":{"previousOwner":{"name":"Arbor","id":47203},"dateCreated":"2013-10-18T18:04:20+0000","dateLastTaken":"2021-08-07T19:00:56+0000","latitude":58.58753,"currentOwner":{"name":"baconbulle","id":180224},"name":"Tvåbacken","id":22272,"totalTakeovers":4961,"region":{"area":{"name":"Norrköpings kommun","id":1853},"country":"se","name":"Östergötland","id":139},"pointsPerHour":4,"longitude":16.206907,"takeoverPoints":140},"latitude":58.58753,"currentOwner":{"name":"baconbulle","id":180224},"time":"2021-08-07T19:00:56+0000","type":"takeover","longitude":16.206907},{"zone":{"previousOwner":{"name":"Borg007","id":281877},"dateCreated":"2017-04-23T10:57:52+0000","dateLastTaken":"2021-08-07T19:00:56+0000","latitude":59.072177,"currentOwner":{"name":"SFL","id":165454},"name":"Trippelplask","id":99880,"totalTakeovers":1782,"region":{"area":{"name":"Hallsbergs kommun","id":1822},"country":"se","name":"Örebro","id":131},"pointsPerHour":3,"longitude":15.09157,"takeoverPoints":155},"latitude":59.072177,"currentOwner":{"name":"SFL","id":165454},"time":"2021-08-07T19:00:56+0000","type":"takeover","longitude":15.09157},{"zone":{"previousOwner":{"name":"lhcper","id":2733},"dateCreated":"2017-12-06T20:06:29+0000","dateLastTaken":"2021-08-07T19:00:55+0000","latitude":58.394199,"currentOwner":{"name":"Knoblauch","id":70153},"name":"Flakyard","id":136350,"totalTakeovers":5821,"region":{"area":{"name":"Linköpings kommun","id":1852},"country":"se","name":"Östergötland","id":139},"pointsPerHour":6,"longitude":15.632969,"takeoverPoints":110},"latitude":58.394199,"currentOwner":{"name":"Knoblauch","id":70153},"time":"2021-08-07T19:00:55+0000","type":"takeover","longitude":15.632969},{"zone":{"previousOwner":{"name":"tremorbalk","id":16690},"dateLastTaken":"2021-08-07T19:00:55+0000","latitude":55.601145,"totalTakeovers":16277,"type":{"name":"Bridge","id":8},"pointsPerHour":9,"takeoverPoints":65,"dateCreated":"2010-09-01T00:00:00+0000","currentOwner":{"name":"Király","id":169417},"name":"SouthBridge","id":634,"region":{"area":{"name":"Malmö kommun","id":1898},"country":"se","name":"Skåne","id":135},"longitude":13.000834},"latitude":55.601145,"currentOwner":{"name":"Király","id":169417},"time":"2021-08-07T19:00:55+0000","type":"takeover","longitude":13.000834},{"zone":{"previousOwner":{"name":"Mr@","id":135604},"dateCreated":"2020-04-16T21:43:32+0000","dateLastTaken":"2021-08-07T19:00:54+0000","latitude":63.812609,"currentOwner":{"name":"linkaz","id":101631},"name":"LaVidaÖstteg","id":246732,"totalTakeovers":2560,"region":{"area":{"name":"Umeå kommun","id":2064},"country":"se","name":"Västerbotten","id":127},"pointsPerHour":8,"longitude":20.269411,"takeoverPoints":80},"latitude":63.812609,"currentOwner":{"name":"linkaz","id":101631},"time":"2021-08-07T19:00:54+0000","type":"takeover","longitude":20.269411},{"zone":{"previousOwner":{"name":"gaalne","id":75128},"dateCreated":"2014-09-03T20:00:00+0000","dateLastTaken":"2021-08-07T19:00:53+0000","latitude":59.861534,"currentOwner":{"name":"Pellonen73","id":243217},"name":"Johannesbäck","id":33701,"totalTakeovers":8858,"region":{"area":{"name":"Uppsala kommun","id":1977},"country":"se","name":"Uppsala","id":142},"pointsPerHour":7,"longitude":17.677824,"takeoverPoints":95},"latitude":59.861534,"currentOwner":{"name":"Pellonen73","id":243217},"time":"2021-08-07T19:00:53+0000","type":"takeover","longitude":17.677824},{"zone":{"previousOwner":{"name":"VidePro","id":304302},"dateCreated":"2016-02-01T11:12:20+0000","dateLastTaken":"2021-08-07T19:00:49+0000","latitude":59.526013,"currentOwner":{"name":"mustbullen","id":58285},"name":"Bärfältet","id":63203,"totalTakeovers":6719,"region":{"area":{"name":"Nora kommun","id":1820},"country":"se","name":"Örebro","id":131},"pointsPerHour":6,"longitude":15.022144,"takeoverPoints":110},"latitude":59.526013,"currentOwner":{"name":"mustbullen","id":58285},"time":"2021-08-07T19:00:49+0000","type":"takeover","longitude":15.022144},{"zone":{"previousOwner":{"name":"Mani","id":27227},"dateCreated":"2015-05-16T08:59:39+0000","dateLastTaken":"2021-08-07T19:00:46+0000","latitude":57.752981,"currentOwner":{"name":"bonna","id":254021},"name":"Långehöjda","id":52482,"totalTakeovers":116,"region":{"area":{"name":"Göteborgs kommun","id":1885},"country":"se","name":"Västra Götaland","id":132},"pointsPerHour":1,"longitude":12.018173,"takeoverPoints":185},"latitude":57.752981,"currentOwner":{"name":"bonna","id":254021},"time":"2021-08-07T19:00:46+0000","type":"takeover","longitude":12.018173},{"zone":{"previousOwner":{"name":"TimmyM","id":282180},"dateCreated":"2021-03-18T10:30:00+0000","dateLastTaken":"2021-08-07T19:00:45+0000","latitude":55.922525,"currentOwner":{"name":"féarglas","id":280861},"name":"SighthillBowl","id":389763,"totalTakeovers":89,"region":{"area":{"name":"City of Edinburgh","id":2780},"country":"gb","name":"Scotland","id":200},"pointsPerHour":2,"longitude":-3.289056,"takeoverPoints":170},"latitude":55.922525,"currentOwner":{"name":"féarglas","id":280861},"time":"2021-08-07T19:00:45+0000","type":"takeover","longitude":-3.289056},{"zone":{"previousOwner":{"name":"Tandem","id":303714},"dateCreated":"2021-01-25T08:00:00+0000","dateLastTaken":"2021-08-07T19:00:42+0000","latitude":55.912633,"currentOwner":{"name":"ELOG","id":335938},"name":"ElectricXing","id":373378,"totalTakeovers":76,"region":{"area":{"name":"East Lothian","id":2786},"country":"gb","name":"Scotland","id":200},"pointsPerHour":2,"longitude":-2.969299,"takeoverPoints":170},"latitude":55.912633,"currentOwner":{"name":"ELOG","id":335938},"time":"2021-08-07T19:00:42+0000","type":"takeover","longitude":-2.969299},{"zone":{"previousOwner":{"name":"erpen","id":155024},"dateCreated":"2011-08-29T16:09:45+0000","dateLastTaken":"2021-08-07T19:00:42+0000","latitude":63.812403,"currentOwner":{"name":"zxc3","id":114104},"name":"LongZone","id":2886,"totalTakeovers":9233,"region":{"area":{"name":"Umeå kommun","id":2064},"country":"se","name":"Västerbotten","id":127},"pointsPerHour":8,"longitude":20.264372,"takeoverPoints":80},"latitude":63.812403,"currentOwner":{"name":"zxc3","id":114104},"time":"2021-08-07T19:00:42+0000","type":"takeover","longitude":20.264372},{"zone":{"previousOwner":{"name":"edeby","id":21042},"dateCreated":"2013-03-15T20:00:00+0000","dateLastTaken":"2021-08-07T19:00:40+0000","latitude":59.359304,"currentOwner":{"name":"HoltAnn","id":60066},"name":"Finningeleden","id":15857,"totalTakeovers":1918,"region":{"area":{"name":"Strängnäs kommun","id":1850},"country":"se","name":"Södermanland","id":140},"pointsPerHour":3,"longitude":17.018011,"takeoverPoints":155},"latitude":59.359304,"currentOwner":{"name":"HoltAnn","id":60066},"time":"2021-08-07T19:00:40+0000","type":"takeover","longitude":17.018011},{"zone":{"previousOwner":{"name":"höge45","id":333755},"dateCreated":"2017-09-04T20:46:38+0000","dateLastTaken":"2021-08-07T19:00:39+0000","latitude":59.32979,"currentOwner":{"name":"blur","id":305387},"name":"BryggerISöder","id":119719,"totalTakeovers":1972,"region":{"area":{"name":"Hammarö kommun","id":2029},"country":"se","name":"Värmland","id":130},"pointsPerHour":4,"longitude":13.533684,"takeoverPoints":140},"assists":[{"name":"ZoneMaan","id":59836}],"latitude":59.32979,"currentOwner":{"name":"blur","id":305387},"time":"2021-08-07T19:00:39+0000","type":"takeover","longitude":13.533684},{"zone":{"previousOwner":{"name":"sls_ilves","id":85317},"dateCreated":"2018-04-30T11:32:52+0000","dateLastTaken":"2021-08-07T19:00:32+0000","latitude":58.390589,"currentOwner":{"name":"Ztina","id":312699},"name":"Zickermans","id":146225,"totalTakeovers":974,"region":{"area":{"name":"Skövde kommun","id":1905},"country":"se","name":"Västra Götaland","id":132},"pointsPerHour":3,"longitude":13.867465,"takeoverPoints":155},"latitude":58.390589,"currentOwner":{"name":"Ztina","id":312699},"time":"2021-08-07T19:00:32+0000","type":"takeover","longitude":13.867465},{"zone":{"previousOwner":{"name":"linkaz","id":101631},"dateCreated":"2011-06-01T00:00:00+0000","dateLastTaken":"2021-08-07T19:00:32+0000","latitude":63.809475,"currentOwner":{"name":"s1xt3nPR0bo1","id":336789},"name":"Ratatosk","id":1732,"totalTakeovers":30657,"region":{"area":{"name":"Umeå kommun","id":2064},"country":"se","name":"Västerbotten","id":127},"pointsPerHour":8,"longitude":20.341256,"takeoverPoints":80},"assists":[{"name":"Rydja_90","id":336788},{"name":"Jaktfalk.JR","id":241446}],"latitude":63.809475,"currentOwner":{"name":"s1xt3nPR0bo1","id":336789},"time":"2021-08-07T19:00:32+0000","type":"takeover","longitude":20.341256},{"zone":{"previousOwner":{"name":"cloudwalker","id":137961},"dateCreated":"2010-12-22T13:17:01+0000","dateLastTaken":"2021-08-07T19:00:30+0000","latitude":55.429483,"currentOwner":{"name":"OccamRider","id":335246},"name":"YCitySquare","id":1187,"totalTakeovers":4560,"region":{"area":{"name":"Ystads kommun","id":1953},"country":"se","name":"Skåne","id":135},"pointsPerHour":8,"longitude":13.819999,"takeoverPoints":80},"latitude":55.429483,"currentOwner":{"name":"OccamRider","id":335246},"time":"2021-08-07T19:00:30+0000","type":"takeover","longitude":13.819999},{"zone":{"previousOwner":{"name":"TurfUlf2","id":186093},"dateCreated":"2020-09-13T12:00:00+0000","dateLastTaken":"2021-08-07T19:00:27+0000","latitude":59.700296,"currentOwner":{"name":"GrandmaDuck","id":209349},"name":"Hemfallet","id":319409,"totalTakeovers":160,"region":{"area":{"name":"Västerås","id":1807},"country":"se","name":"Västmanland","id":143},"pointsPerHour":2,"longitude":16.526845,"takeoverPoints":170},"assists":[{"name":"Jimo","id":8026}],"latitude":59.700296,"currentOwner":{"name":"GrandmaDuck","id":209349},"time":"2021-08-07T19:00:27+0000","type":"takeover","longitude":16.526845},{"zone":{"previousOwner":{"name":"Király","id":169417},"dateCreated":"2014-04-28T08:45:59+0000","dateLastTaken":"2021-08-07T19:00:18+0000","latitude":55.605205,"currentOwner":{"name":"tremorbalk","id":16690},"name":"Mariedal","id":28632,"totalTakeovers":8256,"region":{"area":{"name":"Malmö kommun","id":1898},"country":"se","name":"Skåne","id":135},"pointsPerHour":7,"longitude":12.978564,"takeoverPoints":95},"latitude":55.605205,"currentOwner":{"name":"tremorbalk","id":16690},"time":"2021-08-07T19:00:18+0000","type":"takeover","longitude":12.978564},{"zone":{"previousOwner":{"name":"microblaze","id":165353},"dateCreated":"2012-11-20T15:00:00+0000","dateLastTaken":"2021-08-07T19:00:13+0000","latitude":62.762771,"currentOwner":{"name":"mreast80","id":23991},"name":"Svenskullen","id":12010,"totalTakeovers":248,"region":{"area":{"name":"Bergs kommun","id":2052},"country":"se","name":"Jämtland","id":128},"pointsPerHour":1,"longitude":14.42977,"takeoverPoints":185},"latitude":62.762771,"currentOwner":{"name":"mreast80","id":23991},"time":"2021-08-07T19:00:13+0000","type":"takeover","longitude":14.42977},{"zone":{"previousOwner":{"name":"Muminpappans","id":199952},"dateCreated":"2012-04-14T06:30:12+0000","dateLastTaken":"2021-08-07T19:00:11+0000","latitude":60.23704,"currentOwner":{"name":"MrCoolWat.","id":227290},"name":"CoffeeViews","id":8192,"totalTakeovers":1989,"region":{"area":{"name":"Finström","id":2181},"country":"fi","name":"Åland","id":177},"pointsPerHour":3,"longitude":20.013671,"takeoverPoints":155},"latitude":60.23704,"currentOwner":{"name":"MrCoolWat.","id":227290},"time":"2021-08-07T19:00:11+0000","type":"takeover","longitude":20.013671},{"zone":{"previousOwner":{"name":"Tarniell","id":116062},"dateLastTaken":"2021-08-07T19:00:10+0000","latitude":59.83729,"totalTakeovers":2957,"type":{"name":"Ruins/Ancient Remains","id":16},"pointsPerHour":4,"takeoverPoints":140,"dateCreated":"2011-08-08T18:15:21+0000","currentOwner":{"name":"allinug","id":227848},"name":"Hågazon","id":2556,"region":{"area":{"name":"Uppsala kommun","id":1977},"country":"se","name":"Uppsala","id":142},"longitude":17.586206},"latitude":59.83729,"currentOwner":{"name":"allinug","id":227848},"time":"2021-08-07T19:00:10+0000","type":"takeover","longitude":17.586206},{"zone":{"previousOwner":{"name":"Prostinnan17","id":176578},"dateCreated":"2014-04-16T15:20:53+0000","dateLastTaken":"2021-08-07T19:00:10+0000","latitude":56.031857,"currentOwner":{"name":"mini","id":12436},"name":"Kanalzonen","id":28317,"totalTakeovers":2862,"region":{"area":{"name":"Kristianstads kommun","id":1950},"country":"se","name":"Skåne","id":135},"pointsPerHour":5,"longitude":14.158753,"takeoverPoints":125},"latitude":56.031857,"currentOwner":{"name":"mini","id":12436},"time":"2021-08-07T19:00:10+0000","type":"takeover","longitude":14.158753},{"zone":{"previousOwner":{"name":"Getengullfia","id":134423},"dateCreated":"2014-02-28T23:00:00+0000","dateLastTaken":"2021-08-07T19:00:07+0000","latitude":62.026716,"currentOwner":{"name":"Getengullfia","id":134423},"name":"Bäckedal","id":26117,"totalTakeovers":155,"region":{"area":{"name":"Härjedalens kommun","id":2051},"country":"se","name":"Jämtland","id":128},"pointsPerHour":1,"longitude":14.383638,"takeoverPoints":185},"latitude":62.026716,"currentOwner":{"name":"Getengullfia","id":134423},"time":"2021-08-07T19:00:07+0000","type":"takeover","longitude":14.383638},{"zone":{"previousOwner":{"name":"Kaktus-Mats","id":61706},"dateCreated":"2014-08-22T20:00:00+0000","dateLastTaken":"2021-08-07T19:00:06+0000","latitude":59.851303,"currentOwner":{"name":"UrbanGeeks","id":23402},"name":"Gravhörnet","id":33686,"totalTakeovers":8934,"region":{"area":{"name":"Uppsala kommun","id":1977},"country":"se","name":"Uppsala","id":142},"pointsPerHour":7,"longitude":17.618949,"takeoverPoints":95},"latitude":59.851303,"currentOwner":{"name":"UrbanGeeks","id":23402},"time":"2021-08-07T19:00:06+0000","type":"takeover","longitude":17.618949},{"zone":{"previousOwner":{"name":"chargern","id":177035},"dateCreated":"2012-05-01T22:24:18+0000","dateLastTaken":"2021-08-07T19:00:06+0000","latitude":63.816457,"currentOwner":{"name":"morfarpappan49","id":212388},"name":"TegTower","id":8461,"totalTakeovers":5282,"region":{"area":{"name":"Umeå kommun","id":2064},"country":"se","name":"Västerbotten","id":127},"pointsPerHour":5,"longitude":20.233308,"takeoverPoints":125},"latitude":63.816457,"currentOwner":{"name":"morfarpappan49","id":212388},"time":"2021-08-07T19:00:06+0000","type":"takeover","longitude":20.233308},{"zone":{"previousOwner":{"name":"minbror","id":115250},"dateCreated":"2017-04-28T08:05:08+0000","dateLastTaken":"2021-08-07T19:00:04+0000","latitude":62.41975,"currentOwner":{"name":"ccl","id":240612},"name":"Österro","id":102068,"totalTakeovers":872,"region":{"area":{"name":"Sundsvalls kommun","id":2056},"country":"se","name":"Västernorrland","id":145},"pointsPerHour":3,"longitude":17.21929,"takeoverPoints":155},"latitude":62.41975,"currentOwner":{"name":"ccl","id":240612},"time":"2021-08-07T19:00:04+0000","type":"takeover","longitude":17.21929},{"zone":{"dateCreated":"2015-03-09T21:26:11+0000","dateLastTaken":"2021-08-07T19:00:01+0000","latitude":58.693937,"currentOwner":{"name":"Stålblå","id":300091},"name":"ÖrnZone","id":46504,"totalTakeovers":176,"region":{"area":{"name":"Melleruds kommun","id":1920},"country":"se","name":"Västra Götaland","id":132},"pointsPerHour":1,"longitude":12.469506,"takeoverPoints":185},"latitude":58.693937,"currentOwner":{"name":"Stålblå","id":300091},"time":"2021-08-07T19:00:01+0000","type":"takeover","longitude":12.469506},{"zone":{"previousOwner":{"name":"Qwicke","id":190350},"dateLastTaken":"2021-08-07T18:59:59+0000","latitude":57.6534,"totalTakeovers":1744,"type":{"name":"Holy","id":9},"pointsPerHour":4,"takeoverPoints":140,"dateCreated":"2019-04-13T10:30:00+0000","currentOwner":{"name":"Völund","id":26984},"name":"FässbergsGaKa","id":184235,"region":{"area":{"name":"Mölndals kommun","id":1886},"country":"se","name":"Västra Götaland","id":132},"longitude":11.983812},"latitude":57.6534,"currentOwner":{"name":"Völund","id":26984},"time":"2021-08-07T18:59:59+0000","type":"takeover","longitude":11.983812},{"zone":{"previousOwner":{"name":"Mr@","id":135604},"dateLastTaken":"2021-08-07T18:59:49+0000","latitude":63.811534,"totalTakeovers":12536,"type":{"name":"Bridge","id":8},"pointsPerHour":8,"takeoverPoints":80,"dateCreated":"2012-04-15T22:36:11+0000","currentOwner":{"name":"linkaz","id":101631},"name":"IslandBridge","id":8256,"region":{"area":{"name":"Umeå kommun","id":2064},"country":"se","name":"Västerbotten","id":127},"longitude":20.272841},"latitude":63.811534,"currentOwner":{"name":"linkaz","id":101631},"time":"2021-08-07T18:59:49+0000","type":"takeover","longitude":20.272841},{"zone":{"previousOwner":{"name":"ParkMan","id":58815},"dateCreated":"2011-06-01T00:00:00+0000","dateLastTaken":"2021-08-07T18:59:49+0000","latitude":63.832554,"currentOwner":{"name":"boddiloddan","id":164393},"name":"Signalzone","id":1727,"totalTakeovers":14981,"region":{"area":{"name":"Umeå kommun","id":2064},"country":"se","name":"Västerbotten","id":127},"pointsPerHour":9,"longitude":20.240202,"takeoverPoints":65},"latitude":63.832554,"currentOwner":{"name":"boddiloddan","id":164393},"time":"2021-08-07T18:59:49+0000","type":"takeover","longitude":20.240202},{"zone":{"previousOwner":{"name":"Froda","id":74168},"dateCreated":"2019-06-30T16:36:27+0000","dateLastTaken":"2021-08-07T18:59:48+0000","latitude":56.904415,"currentOwner":{"name":"siamosaurus","id":144347},"name":"AlvestaHaga","id":202504,"totalTakeovers":180,"region":{"area":{"name":"Alvesta kommun","id":2000},"country":"se","name":"Kronoberg","id":147},"pointsPerHour":3,"longitude":14.553218,"takeoverPoints":155},"latitude":56.904415,"currentOwner":{"name":"siamosaurus","id":144347},"time":"2021-08-07T18:59:48+0000","type":"takeover","longitude":14.553218},{"zone":{"previousOwner":{"name":"Király","id":169417},"dateLastTaken":"2021-08-07T18:59:47+0000","latitude":55.573188,"totalTakeovers":4060,"type":{"name":"Monument","id":21},"pointsPerHour":5,"takeoverPoints":125,"dateCreated":"2017-02-10T06:00:00+0000","currentOwner":{"name":"Tompa_65","id":160985},"name":"SveaÅtSvea","id":95220,"region":{"area":{"name":"Malmö kommun","id":1898},"country":"se","name":"Skåne","id":135},"longitude":12.998259},"latitude":55.573188,"currentOwner":{"name":"Tompa_65","id":160985},"time":"2021-08-07T18:59:47+0000","type":"takeover","longitude":12.998259},{"zone":{"previousOwner":{"name":"Slåttermannen","id":241987},"dateCreated":"2021-07-24T12:33:19+0000","dateLastTaken":"2021-08-07T18:59:45+0000","latitude":59.510063,"currentOwner":{"name":"Nenna-1","id":297465},"name":"FolkeKilhage","id":430492,"totalTakeovers":15,"region":{"area":{"name":"Kils kommun","id":2035},"country":"se","name":"Värmland","id":130},"pointsPerHour":1,"longitude":13.327785,"takeoverPoints":185},"latitude":59.510063,"currentOwner":{"name":"Nenna-1","id":297465},"time":"2021-08-07T18:59:45+0000","type":"takeover","longitude":13.327785},{"zone":{"previousOwner":{"name":"Granite","id":314638},"dateCreated":"2021-01-09T07:30:00+0000","dateLastTaken":"2021-08-07T18:59:43+0000","latitude":57.057557,"currentOwner":{"name":"Granite","id":314638},"name":"NorwegianPM","id":364100,"totalTakeovers":130,"region":{"area":{"name":"Aberdeenshire","id":2792},"country":"gb","name":"Scotland","id":200},"pointsPerHour":1,"longitude":-2.137487,"takeoverPoints":185},"latitude":57.057557,"currentOwner":{"name":"Granite","id":314638},"time":"2021-08-07T18:59:43+0000","type":"takeover","longitude":-2.137487},{"zone":{"previousOwner":{"name":"Blackstarjack","id":200991},"dateCreated":"2017-09-11T17:26:04+0000","dateLastTaken":"2021-08-07T18:59:40+0000","latitude":63.840335,"currentOwner":{"name":"Knegare","id":335241},"name":"BecomeTheBall","id":122858,"totalTakeovers":5632,"region":{"area":{"name":"Umeå kommun","id":2064},"country":"se","name":"Västerbotten","id":127},"pointsPerHour":8,"longitude":20.316717,"takeoverPoints":80},"latitude":63.840335,"currentOwner":{"name":"Knegare","id":335241},"time":"2021-08-07T18:59:40+0000","type":"takeover","longitude":20.316717},{"zone":{"previousOwner":{"name":"Vozne","id":136752},"dateLastTaken":"2021-08-07T18:59:40+0000","latitude":63.845705,"totalTakeovers":7213,"type":{"name":"Holy","id":9},"pointsPerHour":7,"takeoverPoints":95,"dateCreated":"2014-06-15T11:02:51+0000","currentOwner":{"name":"MrDinco","id":11189},"name":"NKyrkogården","id":31560,"region":{"area":{"name":"Umeå kommun","id":2064},"country":"se","name":"Västerbotten","id":127},"longitude":20.283922},"assists":[{"name":"Blackstarjack","id":200991}],"latitude":63.845705,"currentOwner":{"name":"MrDinco","id":11189},"time":"2021-08-07T18:59:40+0000","type":"takeover","longitude":20.283922},{"zone":{"previousOwner":{"name":"druuvan","id":74088},"dateCreated":"2012-09-14T10:00:00+0000","dateLastTaken":"2021-08-07T18:59:35+0000","latitude":59.525874,"currentOwner":{"name":"mustbullen","id":58285},"name":"NoraTriangel","id":11332,"totalTakeovers":9558,"region":{"area":{"name":"Nora kommun","id":1820},"country":"se","name":"Örebro","id":131},"pointsPerHour":7,"longitude":15.025949,"takeoverPoints":95},"latitude":59.525874,"currentOwner":{"name":"mustbullen","id":58285},"time":"2021-08-07T18:59:35+0000","type":"takeover","longitude":15.025949},{"zone":{"previousOwner":{"name":"Bath","id":57990},"dateCreated":"2017-11-08T07:00:00+0000","dateLastTaken":"2021-08-07T18:59:34+0000","latitude":58.41173,"currentOwner":{"name":"Fenrisulven","id":14493},"name":"SöderLång","id":136385,"totalTakeovers":2449,"region":{"area":{"name":"Tibro","id":1936},"country":"se","name":"Västra Götaland","id":132},"pointsPerHour":3,"longitude":14.177157,"takeoverPoints":155},"latitude":58.41173,"currentOwner":{"name":"Fenrisulven","id":14493},"time":"2021-08-07T18:59:34+0000","type":"takeover","longitude":14.177157},{"zone":{"previousOwner":{"name":"fabbe2","id":188890},"dateCreated":"2014-01-23T10:00:00+0000","dateLastTaken":"2021-08-07T18:59:33+0000","latitude":55.731429,"currentOwner":{"name":"dentarjag","id":311940},"name":"Reviret","id":25021,"totalTakeovers":2746,"region":{"area":{"name":"Lunds kommun","id":1948},"country":"se","name":"Skåne","id":135},"pointsPerHour":4,"longitude":13.175546,"takeoverPoints":140},"latitude":55.731429,"currentOwner":{"name":"dentarjag","id":311940},"time":"2021-08-07T18:59:33+0000","type":"takeover","longitude":13.175546},{"zone":{"previousOwner":{"name":"turfcarin","id":125609},"dateCreated":"2017-03-11T15:00:00+0000","dateLastTaken":"2021-08-07T18:59:33+0000","latitude":59.301628,"currentOwner":{"name":"Yoda87","id":20332},"name":"SicklaSjöväg","id":95465,"totalTakeovers":3293,"region":{"area":{"name":"Nacka kommun","id":1829},"country":"se","name":"Stockholm","id":141},"pointsPerHour":5,"longitude":18.128373,"takeoverPoints":125},"latitude":59.301628,"currentOwner":{"name":"Yoda87","id":20332},"time":"2021-08-07T18:59:33+0000","type":"takeover","longitude":18.128373},{"zone":{"previousOwner":{"name":"grock","id":189790},"dateCreated":"2011-09-07T17:23:24+0000","dateLastTaken":"2021-08-07T18:59:31+0000","latitude":65.60482,"currentOwner":{"name":"GammErik","id":213103},"name":"CrabHill","id":3144,"totalTakeovers":2911,"region":{"area":{"name":"Luleå kommun","id":1798},"country":"se","name":"Norrbotten","id":126},"pointsPerHour":4,"longitude":22.140541,"takeoverPoints":140},"latitude":65.60482,"currentOwner":{"name":"GammErik","id":213103},"time":"2021-08-07T18:59:31+0000","type":"takeover","longitude":22.140541},{"zone":{"previousOwner":{"name":"Hällakakan","id":228868},"dateCreated":"2013-09-08T17:16:57+0000","dateLastTaken":"2021-08-07T18:59:29+0000","latitude":63.162224,"currentOwner":{"name":"SofiaLoren","id":69230},"name":"Dalgärdet","id":21571,"totalTakeovers":1130,"region":{"area":{"name":"Sollefteå kommun","id":2063},"country":"se","name":"Västernorrland","id":145},"pointsPerHour":2,"longitude":17.264686,"takeoverPoints":170},"latitude":63.162224,"currentOwner":{"name":"SofiaLoren","id":69230},"time":"2021-08-07T18:59:29+0000","type":"takeover","longitude":17.264686},{"zone":{"previousOwner":{"name":"busdriver","id":21002},"dateCreated":"2017-01-01T21:47:47+0000","dateLastTaken":"2021-08-07T18:59:27+0000","latitude":55.615935,"currentOwner":{"name":"Plato","id":200476},"name":"Segevångstorg","id":93672,"totalTakeovers":2670,"region":{"area":{"name":"Malmö kommun","id":1898},"country":"se","name":"Skåne","id":135},"pointsPerHour":5,"longitude":13.047319,"takeoverPoints":125},"latitude":55.615935,"currentOwner":{"name":"Plato","id":200476},"time":"2021-08-07T18:59:27+0000","type":"takeover","longitude":13.047319},{"zone":{"previousOwner":{"name":"nesse","id":74358},"dateCreated":"2012-04-12T20:27:51+0000","dateLastTaken":"2021-08-07T18:59:24+0000","latitude":55.884064,"currentOwner":{"name":"Zune","id":30605},"name":"Vångakrysset","id":8137,"totalTakeovers":2383,"region":{"area":{"name":"Landskrona kommun","id":1951},"country":"se","name":"Skåne","id":135},"pointsPerHour":3,"longitude":12.836247,"takeoverPoints":155},"latitude":55.884064,"currentOwner":{"name":"Zune","id":30605},"time":"2021-08-07T18:59:24+0000","type":"takeover","longitude":12.836247},{"zone":{"previousOwner":{"name":"tremorbalk","id":16690},"dateLastTaken":"2021-08-07T18:59:16+0000","latitude":55.602208,"totalTakeovers":8971,"type":{"name":"Holy","id":9},"pointsPerHour":7,"takeoverPoints":95,"dateCreated":"2010-09-02T00:00:00+0000","currentOwner":{"name":"Király","id":169417},"name":"Torgzone","id":522,"region":{"area":{"name":"Malmö kommun","id":1898},"country":"se","name":"Skåne","id":135},"longitude":12.997043},"latitude":55.602208,"currentOwner":{"name":"Király","id":169417},"time":"2021-08-07T18:59:16+0000","type":"takeover","longitude":12.997043}]