[{"zone":{"previousOwner":{"name":"Folonaj2020","id":279725},"dateCreated":"2016-12-24T11:00:00+0000","dateLastTaken":"2021-08-08T19:51:47+0000","latitude":59.920711,"currentOwner":{"name":"Nattuggla","id":165442},"name":"Bullerskyddat","id":92318,"totalTakeovers":3444,"region":{"area":{"name":"Sala kommun","id":1809},"country":"se","name":"Västmanland","id":143},"pointsPerHour":5,"longitude":16.587841,"takeoverPoints":125},"latitude":59.920711,"currentOwner":{"name":"Nattuggla","id":165442},"time":"2021-08-08T19:51:47+0000","type":"takeover","longitude":16.587841},{"zone":{"previousOwner":{"name":"mattonabike","id":302925},"dateCreated":"2020-12-21T20:29:35+0000","dateLastTaken":"2021-08-08T19:51:46+0000","latitude":57.294575,"currentOwner":{"name":"caz2610","id":312422},"name":"Bainzie","id":358062,"totalTakeovers":191,"region":{"area":{"name":"Aberdeenshire","id":2792},"country":"gb","name":"Scotland","id":200},"pointsPerHour":2,"longitude":-2.392917,"takeoverPoints":170},"latitude":57.294575,"currentOwner":{"name":"caz2610","id":312422},"time":"2021-08-08T19:51:46+0000","type":"takeover","longitude":-2.392917},{"zone":{"previousOwner":{"name":"Igloo","id":252850},"dateLastTaken":"2021-08-08T19:51:45+0000","latitude":59.391329,"totalTakeovers":3142,"type":{"name":"Holy","id":9},"pointsPerHour":4,"takeoverPoints":140,"dateCreated":"2015-07-14T09:56:17+0000","currentOwner":{"name":"clalin","id":202674},"name":"SpångaKyrka","id":55772,"region":{"area":{"name":"Stockholms kommun","id":1828},"country":"se","name":"Stockholm","id":141},"longitude":17.912302},"latitude":59.391329,"currentOwner":{"name":"clalin","id":202674},"time":"2021-08-08T19:51:45+0000","type":"takeover","longitude":17.912302},{"zone":{"previousOwner":{"name":"Dominion","id":243721},"dateCreated":"2014-06-09T12:00:00+0000","dateLastTaken":"2021-08-08T19:51:43+0000","latitude":59.637039,"currentOwner":{"name":"Kronvrak","id":128938},"name":"DrWesterlunds","id":31338,"totalTakeovers":8951,"region":{"area":{"name":"Enköpings kommun","id":1944},"country":"se","name":"Uppsala","id":142},"pointsPerHour":6,"longitude":17.064489,"takeoverPoints":110},"latitude":59.637039,"currentOwner":{"name":"Kronvrak","id":128938},"time":"2021-08-08T19:51:43+0000","type":"takeover","longitude":17.064489},{"zone":{"previousOwner":{"name":"Jimpan76","id":100958},"dateCreated":"2012-09-14T10:00:00+0000","dateLastTaken":"2021-08-08T19:51:38+0000","latitude":59.114642,"currentOwner":{"name":"EwaC","id":100350},"name":"SportfältÖst","id":11325,"totalTakeovers":10295,"region":{"area":{"name":"Kumla kommun","id":1816},"country":"se","name":"Örebro","id":131},"pointsPerHour":5,"longitude":15.1512,"takeoverPoints":125},"latitude":59.114642,"currentOwner":{"name":"EwaC","id":100350},"time":"2021-08-08T19:51:38+0000","type":"takeover","longitude":15.1512},{"zone":{"previousOwner":{"name":"bacchus_","id":225941},"dateCreated":"2014-04-03T07:20:24+0000","dateLastTaken":"2021-08-08T19:51:35+0000","latitude":59.600775,"currentOwner":{"name":"fisken021","id":274406},"name":"FrankeTanka","id":27801,"totalTakeovers":12526,"region":{"area":{"name":"Västerås","id":1807},"country":"se","name":"Västmanland","id":143},"pointsPerHour":8,"longitude":16.522712,"takeoverPoints":80},"assists":[{"name":"supervinden","id":279024}],"latitude":59.600775,"currentOwner":{"name":"fisken021","id":274406},"time":"2021-08-08T19:51:35+0000","type":"takeover","longitude":16.522712},{"zone":{"previousOwner":{"name":"Charlez","id":63976},"dateCreated":"2015-02-13T09:26:02+0000","dateLastTaken":"2021-08-08T19:51:34+0000","latitude":56.735295,"currentOwner":{"name":"-Mighty-","id":139468},"name":"Klängrosen","id":44701,"totalTakeovers":4900,"region":{"area":{"name":"Kalmar kommun","id":2015},"country":"se","name":"Kalmar","id":137},"pointsPerHour":5,"longitude":16.288174,"takeoverPoints":125},"latitude":56.735295,"currentOwner":{"name":"-Mighty-","id":139468},"time":"2021-08-08T19:51:34+0000","type":"takeover","longitude":16.288174},{"zone":{"previousOwner":{"name":"Bont","id":90307},"dateCreated":"2016-08-29T21:24:50+0000","dateLastTaken":"2021-08-08T19:51:34+0000","latitude":63.838607,"currentOwner":{"name":"maggan51","id":331276},"name":"Hagmarkszon","id":81870,"totalTakeovers":5183,"region":{"area":{"name":"Umeå kommun","id":2064},"country":"se","name":"Västerbotten","id":127},"pointsPerHour":8,"longitude":20.276588,"takeoverPoints":80},"latitude":63.838607,"currentOwner":{"name":"maggan51","id":331276},"time":"2021-08-08T19:51:34+0000","type":"takeover","longitude":20.276588},{"zone":{"previousOwner":{"name":"senne","id":13298},"dateCreated":"2019-06-25T15:07:21+0000","dateLastTaken":"2021-08-08T19:51:31+0000","latitude":59.037506,"currentOwner":{"name":"Tomemp","id":261760},"name":"TreVikingar","id":203683,"totalTakeovers":803,"region":{"area":{"name":"Gnesta kommun","id":1880},"country":"se","name":"Södermanland","id":140},"pointsPerHour":4,"longitude":17.327171,"takeoverPoints":140},"latitude":59.037506,"currentOwner":{"name":"Tomemp","id":261760},"time":"2021-08-08T19:51:31+0000","type":"takeover","longitude":17.327171},{"zone":{"previousOwner":{"name":"margrete","id":253039},"dateCreated":"2017-04-11T10:00:00+0000","dateLastTaken":"2021-08-08T19:51:31+0000","latitude":61.472685,"currentOwner":{"name":"Birdlover","id":187461},"name":"ÅrbraIArbrå","id":96327,"totalTakeovers":1674,"region":{"area":{"name":"Bollnäs kommun","id":2048},"country":"se","name":"Gävleborg","id":144},"pointsPerHour":2,"longitude":16.375441,"takeoverPoints":170},"latitude":61.472685,"currentOwner":{"name":"Birdlover","id":187461},"time":"2021-08-08T19:51:31+0000","type":"takeover","longitude":16.375441},{"zone":{"previousOwner":{"name":"ovalfyrkant","id":333844},"dateCreated":"2012-07-16T00:17:17+0000","dateLastTaken":"2021-08-08T19:51:30+0000","latitude":56.693491,"currentOwner":{"name":"GW007","id":77704},"name":"NorraDagö","id":9691,"totalTakeovers":6943,"region":{"area":{"name":"Kalmar kommun","id":2015},"country":"se","name":"Kalmar","id":137},"pointsPerHour":6,"longitude":16.333956,"takeoverPoints":110},"latitude":56.693491,"currentOwner":{"name":"GW007","id":77704},"time":"2021-08-08T19:51:30+0000","type":"takeover","longitude":16.333956},{"zone":{"previousOwner":{"name":"Superelak","id":126940},"dateCreated":"2018-03-23T06:46:11+0000","dateLastTaken":"2021-08-08T19:51:28+0000","latitude":63.822846,"currentOwner":{"name":"Ludovico","id":27680},"name":"BikeToIksu","id":141722,"totalTakeovers":3456,"region":{"area":{"name":"Umeå kommun","id":2064},"country":"se","name":"Västerbotten","id":127},"pointsPerHour":7,"longitude":20.314681,"takeoverPoints":95},"latitude":63.822846,"currentOwner":{"name":"Ludovico","id":27680},"time":"2021-08-08T19:51:28+0000","type":"takeover","longitude":20.314681},{"zone":{"previousOwner":{"name":"#1725","id":281837},"dateCreated":"2019-09-26T18:51:07+0000","dateLastTaken":"2021-08-08T19:51:27+0000","latitude":59.274751,"currentOwner":{"name":"MysMulle","id":76286},"name":"FantansRygg","id":208738,"totalTakeovers":367,"region":{"area":{"name":"Ekerö kommun","id":1839},"country":"se","name":"Stockholm","id":141},"pointsPerHour":3,"longitude":17.765533,"takeoverPoints":155},"latitude":59.274751,"currentOwner":{"name":"MysMulle","id":76286},"time":"2021-08-08T19:51:27+0000","type":"takeover","longitude":17.765533},{"zone":{"previousOwner":{"name":"féarglas","id":280861},"dateCreated":"2021-03-16T07:00:00+0000","dateLastTaken":"2021-08-08T19:51:25+0000","latitude":55.908585,"currentOwner":{"name":"Artful","id":302131},"name":"WeirdTotem","id":393176,"totalTakeovers":64,"region":{"area":{"name":"West Lothian","id":2781},"country":"gb","name":"Scotland","id":200},"pointsPerHour":2,"longitude":-3.495392,"takeoverPoints":170},"latitude":55.908585,"currentOwner":{"name":"Artful","id":302131},"time":"2021-08-08T19:51:25+0000","type":"takeover","longitude":-3.495392},{"zone":{"previousOwner":{"name":"Bollinger***","id":99974},"dateCreated":"2015-01-13T17:00:00+0000","dateLastTaken":"2021-08-08T19:51:24+0000","latitude":61.353898,"currentOwner":{"name":"hösjön","id":257146},"name":"KeepMoving","id":43757,"totalTakeovers":3934,"region":{"area":{"name":"Bollnäs kommun","id":2048},"country":"se","name":"Gävleborg","id":144},"pointsPerHour":5,"longitude":16.386395,"takeoverPoints":125},"latitude":61.353898,"currentOwner":{"name":"hösjön","id":257146},"time":"2021-08-08T19:51:24+0000","type":"takeover","longitude":16.386395},{"zone":{"previousOwner":{"name":"eleKtroFish","id":280461},"dateLastTaken":"2021-08-08T19:51:24+0000","latitude":57.68142,"totalTakeovers":6023,"type":{"name":"Holy","id":9},"pointsPerHour":5,"takeoverPoints":125,"dateCreated":"2013-05-28T19:52:29+0000","currentOwner":{"name":"Funky","id":149372},"name":"Matteus","id":18882,"region":{"area":{"name":"Göteborgs kommun","id":1885},"country":"se","name":"Västra Götaland","id":132},"longitude":11.917228},"latitude":57.68142,"currentOwner":{"name":"Funky","id":149372},"time":"2021-08-08T19:51:24+0000","type":"takeover","longitude":11.917228},{"zone":{"previousOwner":{"name":"Storfiskaren","id":145580},"dateCreated":"2014-09-27T06:00:00+0000","dateLastTaken":"2021-08-08T19:51:24+0000","latitude":60.673121,"currentOwner":{"name":"sonjas","id":217520},"name":"Framsta","id":36814,"totalTakeovers":2920,"region":{"area":{"name":"Gävle kommun","id":1895},"country":"se","name":"Gävleborg","id":144},"pointsPerHour":5,"longitude":17.234791,"takeoverPoints":125},"latitude":60.673121,"currentOwner":{"name":"sonjas","id":217520},"time":"2021-08-08T19:51:24+0000","type":"takeover","longitude":17.234791},{"zone":{"previousOwner":{"name":"TimB","id":41745},"dateCreated":"2012-04-01T20:00:07+0000","dateLastTaken":"2021-08-08T19:51:22+0000","latitude":59.37191,"currentOwner":{"name":"ABECE","id":61470},"name":"LongIsland","id":7795,"totalTakeovers":13081,"region":{"area":{"name":"Karlstads kommun","id":1827},"country":"se","name":"Värmland","id":130},"pointsPerHour":6,"longitude":13.489452,"takeoverPoints":110},"latitude":59.37191,"currentOwner":{"name":"ABECE","id":61470},"time":"2021-08-08T19:51:22+0000","type":"takeover","longitude":13.489452},{"zone":{"dateCreated":"2020-12-10T20:00:00+0000","dateLastTaken":"2021-08-08T19:51:19+0000","latitude":53.076157,"currentOwner":{"name":"sethdnt","id":305348},"name":"Hambro","id":355556,"totalTakeovers":130,"region":{"area":{"name":"Stoke-on-Trent","id":2728},"country":"gb","name":"West Midlands","id":208},"pointsPerHour":1,"longitude":-2.182537,"takeoverPoints":185},"latitude":53.076157,"currentOwner":{"name":"sethdnt","id":305348},"time":"2021-08-08T19:51:19+0000","type":"takeover","longitude":-2.182537},{"zone":{"previousOwner":{"name":"Bont","id":90307},"dateCreated":"2016-03-23T21:15:26+0000","dateLastTaken":"2021-08-08T19:51:15+0000","latitude":63.807803,"currentOwner":{"name":"Cykeltoken","id":227739},"name":"TomteboZone","id":64701,"totalTakeovers":14276,"region":{"area":{"name":"Umeå kommun","id":2064},"country":"se","name":"Västerbotten","id":127},"pointsPerHour":9,"longitude":20.348515,"takeoverPoints":65},"latitude":63.807803,"currentOwner":{"name":"Cykeltoken","id":227739},"time":"2021-08-08T19:51:15+0000","type":"takeover","longitude":20.348515},{"zone":{"previousOwner":{"name":"mattihp","id":10151},"dateCreated":"2015-11-06T11:52:30+0000","dateLastTaken":"2021-08-08T19:51:15+0000","latitude":59.825966,"currentOwner":{"name":"gaalne","id":75128},"name":"Skogsvilan","id":61032,"totalTakeovers":3842,"region":{"area":{"name":"Uppsala kommun","id":1977},"country":"se","name":"Uppsala","id":142},"pointsPerHour":4,"longitude":17.688322,"takeoverPoints":140},"latitude":59.825966,"currentOwner":{"name":"gaalne","id":75128},"time":"2021-08-08T19:51:15+0000","type":"takeover","longitude":17.688322},{"zone":{"previousOwner":{"name":"makrillen71","id":156601},"dateCreated":"2014-06-20T06:56:39+0000","dateLastTaken":"2021-08-08T19:51:10+0000","latitude":59.601973,"currentOwner":{"name":"Frut1994","id":327796},"name":"SoccerSlope","id":31759,"totalTakeovers":9597,"region":{"area":{"name":"Västerås","id":1807},"country":"se","name":"Västmanland","id":143},"pointsPerHour":7,"longitude":16.496935,"takeoverPoints":95},"latitude":59.601973,"currentOwner":{"name":"Frut1994","id":327796},"time":"2021-08-08T19:51:10+0000","type":"takeover","longitude":16.496935},{"zone":{"previousOwner":{"name":"MrXzon","id":144423},"dateCreated":"2015-12-25T19:56:57+0000","dateLastTaken":"2021-08-08T19:51:06+0000","latitude":59.854377,"currentOwner":{"name":"tilverturf","id":166033},"name":"Rapskurvan","id":62395,"totalTakeovers":2728,"region":{"area":{"name":"Uppsala kommun","id":1977},"country":"se","name":"Uppsala","id":142},"pointsPerHour":6,"longitude":17.717461,"takeoverPoints":110},"latitude":59.854377,"currentOwner":{"name":"tilverturf","id":166033},"time":"2021-08-08T19:51:06+0000","type":"takeover","longitude":17.717461},{"zone":{"previousOwner":{"name":"Axxelina","id":302972},"dateLastTaken":"2021-08-08T19:51:05+0000","latitude":57.706888,"totalTakeovers":12138,"type":{"name":"Monument","id":21},"pointsPerHour":8,"takeoverPoints":80,"dateCreated":"2017-03-30T09:28:15+0000","currentOwner":{"name":"eleKtroFish","id":280461},"name":"IngoTheChamp","id":97138,"region":{"area":{"name":"Göteborgs kommun","id":1885},"country":"se","name":"Västra Götaland","id":132},"longitude":11.98567},"latitude":57.706888,"currentOwner":{"name":"eleKtroFish","id":280461},"time":"2021-08-08T19:51:05+0000","type":"takeover","longitude":11.98567},{"zone":{"previousOwner":{"name":"Spirit","id":242887},"dateCreated":"2012-01-08T18:59:56+0000","dateLastTaken":"2021-08-08T19:51:03+0000","latitude":59.28261,"currentOwner":{"name":"annilin","id":42445},"name":"Längbrotorg","id":5595,"totalTakeovers":16711,"region":{"area":{"name":"Örebro kommun","id":1819},"country":"se","name":"Örebro","id":131},"pointsPerHour":7,"longitude":15.224779,"takeoverPoints":95},"latitude":59.28261,"currentOwner":{"name":"annilin","id":42445},"time":"2021-08-08T19:51:03+0000","type":"takeover","longitude":15.224779},{"zone":{"previousOwner":{"name":"Deppen","id":195631},"dateLastTaken":"2021-08-08T19:51:03+0000","latitude":59.324025,"totalTakeovers":12254,"type":{"name":"Bridge","id":8},"pointsPerHour":8,"takeoverPoints":80,"dateCreated":"2010-12-22T21:56:10+0000","currentOwner":{"name":"Rambolina2","id":297598},"name":"WestBridge","id":1235,"region":{"area":{"name":"Stockholms kommun","id":1828},"country":"se","name":"Stockholm","id":141},"longitude":18.027769},"assists":[{"name":"allagunillor","id":298023}],"latitude":59.324025,"currentOwner":{"name":"Rambolina2","id":297598},"time":"2021-08-08T19:51:03+0000","type":"takeover","longitude":18.027769},{"zone":{"previousOwner":{"name":"Anniña","id":207433},"dateCreated":"2016-03-07T02:25:17+0000","dateLastTaken":"2021-08-08T19:50:59+0000","latitude":59.321209,"currentOwner":{"name":"sippa","id":305999},"name":"Sjöbergsplan","id":64100,"totalTakeovers":12025,"region":{"area":{"name":"Stockholms kommun","id":1828},"country":"se","name":"Stockholm","id":141},"pointsPerHour":8,"longitude":18.069586,"takeoverPoints":80},"latitude":59.321209,"currentOwner":{"name":"sippa","id":305999},"time":"2021-08-08T19:50:59+0000","type":"takeover","longitude":18.069586},{"zone":{"previousOwner":{"name":"Geatki","id":101570},"dateCreated":"2013-10-26T23:24:41+0000","dateLastTaken":"2021-08-08T19:50:58+0000","latitude":65.583176,"currentOwner":{"name":"grock","id":189790},"name":"HertsHill","id":22391,"totalTakeovers":2280,"region":{"area":{"name":"Luleå kommun","id":1798},"country":"se","name":"Norrbotten","id":126},"pointsPerHour":4,"longitude":22.241801,"takeoverPoints":140},"latitude":65.583176,"currentOwner":{"name":"grock","id":189790},"time":"2021-08-08T19:50:58+0000","type":"takeover","longitude":22.241801},{"zone":{"previousOwner":{"name":"S.T.","id":189276},"dateCreated":"2016-04-01T06:00:00+0000","dateLastTaken":"2021-08-08T19:50:58+0000","latitude":56.127179,"currentOwner":{"name":"keni","id":271343},"name":"MakadamView","id":64256,"totalTakeovers":360,"region":{"area":{"name":"Åstorps kommun","id":1956},"country":"se","name":"Skåne","id":135},"pointsPerHour":1,"longitude":12.96138,"takeoverPoints":185},"latitude":56.127179,"currentOwner":{"name":"keni","id":271343},"time":"2021-08-08T19:50:58+0000","type":"takeover","longitude":12.96138},{"zone":{"previousOwner":{"name":"CardiffGreenC","id":302121},"dateCreated":"2020-10-19T11:30:00+0000","dateLastTaken":"2021-08-08T19:50:56+0000","latitude":55.978487,"currentOwner":{"name":"TheInquisitor","id":303322},"name":"Golfcut","id":345035,"totalTakeovers":235,"region":{"area":{"name":"East Lothian","id":2786},"country":"gb","name":"Scotland","id":200},"pointsPerHour":2,"longitude":-2.901718,"takeoverPoints":170},"latitude":55.978487,"currentOwner":{"name":"TheInquisitor","id":303322},"time":"2021-08-08T19:50:56+0000","type":"takeover","longitude":-2.901718},{"zone":{"previousOwner":{"name":"Shivers","id":142800},"dateLastTaken":"2021-08-08T19:50:55+0000","latitude":59.3169,"totalTakeovers":5384,"type":{"name":"Monument","id":21},"pointsPerHour":5,"takeoverPoints":125,"dateCreated":"2012-04-15T13:48:46+0000","currentOwner":{"name":"Anniña","id":207433},"name":"ErstasPeak","id":8203,"region":{"area":{"name":"Stockholms kommun","id":1828},"country":"se","name":"Stockholm","id":141},"longitude":18.091145},"latitude":59.3169,"currentOwner":{"name":"Anniña","id":207433},"time":"2021-08-08T19:50:55+0000","type":"takeover","longitude":18.091145},{"zone":{"previousOwner":{"name":"lhcper","id":2733},"dateCreated":"2017-12-06T20:06:29+0000","dateLastTaken":"2021-08-08T19:50:51+0000","latitude":58.394199,"currentOwner":{"name":"Knoblauch","id":70153},"name":"Flakyard","id":136350,"totalTakeovers":5823,"region":{"area":{"name":"Linköpings kommun","id":1852},"country":"se","name":"Östergötland","id":139},"pointsPerHour":6,"longitude":15.632969,"takeoverPoints":110},"latitude":58.394199,"currentOwner":{"name":"Knoblauch","id":70153},"time":"2021-08-08T19:50:51+0000","type":"takeover","longitude":15.632969},{"zone":{"previousOwner":{"name":"Smilla66","id":262620},"dateCreated":"2013-02-06T07:12:51+0000","dateLastTaken":"2021-08-08T19:50:51+0000","latitude":57.728198,"currentOwner":{"name":"MrJokerit","id":81469},"name":"Anekdotzonen","id":14653,"totalTakeovers":5252,"region":{"area":{"name":"Göteborgs kommun","id":1885},"country":"se","name":"Västra Götaland","id":132},"pointsPerHour":6,"longitude":11.964842,"takeoverPoints":110},"latitude":57.728198,"currentOwner":{"name":"MrJokerit","id":81469},"time":"2021-08-08T19:50:51+0000","type":"takeover","longitude":11.964842},{"zone":{"previousOwner":{"name":"ringoingo","id":320503},"dateCreated":"2021-05-26T10:51:20+0000","dateLastTaken":"2021-08-08T19:50:50+0000","latitude":50.955658,"currentOwner":{"name":"JoasK","id":303577},"name":"AlhambraKöln","id":422457,"totalTakeovers":52,"region":{"area":{"name":"Köln","id":3819},"country":"de","name":"Nordrhein-Westfalen","id":445},"pointsPerHour":2,"longitude":6.948431,"takeoverPoints":170},"latitude":50.955658,"currentOwner":{"name":"JoasK","id":303577},"time":"2021-08-08T19:50:50+0000","type":"takeover","longitude":6.948431},{"zone":{"previousOwner":{"name":"microblaze","id":165353},"dateCreated":"2018-06-04T16:13:21+0000","dateLastTaken":"2021-08-08T19:50:46+0000","latitude":63.218024,"currentOwner":{"name":"Mopro","id":292141},"name":"SilvanusOrion","id":153045,"totalTakeovers":326,"region":{"area":{"name":"Krokoms kommun","id":2054},"country":"se","name":"Jämtland","id":128},"pointsPerHour":2,"longitude":14.606956,"takeoverPoints":170},"latitude":63.218024,"currentOwner":{"name":"Mopro","id":292141},"time":"2021-08-08T19:50:46+0000","type":"takeover","longitude":14.606956},{"zone":{"previousOwner":{"name":"TarTurf","id":284577},"dateLastTaken":"2021-08-08T19:50:41+0000","latitude":55.612622,"totalTakeovers":8460,"type":{"name":"Bridge","id":8},"pointsPerHour":8,"takeoverPoints":80,"dateCreated":"2011-01-14T00:00:00+0000","currentOwner":{"name":"Jonte67","id":284492},"name":"Varvbridge","id":1302,"region":{"area":{"name":"Malmö kommun","id":1898},"country":"se","name":"Skåne","id":135},"longitude":12.993679},"latitude":55.612622,"currentOwner":{"name":"Jonte67","id":284492},"time":"2021-08-08T19:50:41+0000","type":"takeover","longitude":12.993679},{"zone":{"previousOwner":{"name":"Spirit","id":242887},"dateCreated":"2010-09-04T14:41:37+0000","dateLastTaken":"2021-08-08T19:50:36+0000","latitude":59.287761,"currentOwner":{"name":"AIK1891","id":71140},"name":"SvampZone","id":532,"totalTakeovers":11965,"region":{"area":{"name":"Örebro kommun","id":1819},"country":"se","name":"Örebro","id":131},"pointsPerHour":8,"longitude":15.225624,"takeoverPoints":80},"latitude":59.287761,"currentOwner":{"name":"AIK1891","id":71140},"time":"2021-08-08T19:50:36+0000","type":"takeover","longitude":15.225624},{"zone":{"previousOwner":{"name":"jeppe1","id":187874},"dateLastTaken":"2021-08-08T19:50:33+0000","latitude":63.857244,"totalTakeovers":12393,"type":{"name":"Holy","id":9},"pointsPerHour":8,"takeoverPoints":80,"dateCreated":"2014-12-11T23:12:14+0000","currentOwner":{"name":"PelSjo","id":183576},"name":"ErsbodaC","id":42687,"region":{"area":{"name":"Umeå kommun","id":2064},"country":"se","name":"Västerbotten","id":127},"longitude":20.312765},"latitude":63.857244,"currentOwner":{"name":"PelSjo","id":183576},"time":"2021-08-08T19:50:33+0000","type":"takeover","longitude":20.312765},{"zone":{"previousOwner":{"name":"Marulken","id":254269},"dateLastTaken":"2021-08-08T19:50:31+0000","latitude":59.331237,"totalTakeovers":12015,"type":{"name":"Bridge","id":8},"pointsPerHour":9,"takeoverPoints":65,"dateCreated":"2016-04-30T16:00:00+0000","currentOwner":{"name":"Fingol","id":100277},"name":"Djurgårdsbron","id":64014,"region":{"area":{"name":"Stockholms kommun","id":1828},"country":"se","name":"Stockholm","id":141},"longitude":18.093669},"latitude":59.331237,"currentOwner":{"name":"Fingol","id":100277},"time":"2021-08-08T19:50:31+0000","type":"takeover","longitude":18.093669},{"zone":{"previousOwner":{"name":"Nomadus","id":40305},"dateCreated":"2014-04-18T11:37:00+0000","dateLastTaken":"2021-08-08T19:50:30+0000","latitude":58.3821,"currentOwner":{"name":"Toka2","id":239329},"name":"SkaraShortcut","id":26315,"totalTakeovers":770,"region":{"area":{"name":"Skara kommun","id":1913},"country":"se","name":"Västra Götaland","id":132},"pointsPerHour":2,"longitude":13.422706,"takeoverPoints":170},"latitude":58.3821,"currentOwner":{"name":"Toka2","id":239329},"time":"2021-08-08T19:50:30+0000","type":"takeover","longitude":13.422706},{"zone":{"previousOwner":{"name":"Bont","id":90307},"dateCreated":"2013-03-15T10:36:12+0000","dateLastTaken":"2021-08-08T19:50:27+0000","latitude":63.826728,"currentOwner":{"name":"Turfstina","id":188391},"name":"ÖstraBrinken","id":15576,"totalTakeovers":16185,"region":{"area":{"name":"Umeå kommun","id":2064},"country":"se","name":"Västerbotten","id":127},"pointsPerHour":9,"longitude":20.244278,"takeoverPoints":65},"latitude":63.826728,"currentOwner":{"name":"Turfstina","id":188391},"time":"2021-08-08T19:50:27+0000","type":"takeover","longitude":20.244278},{"zone":{"previousOwner":{"name":"Flygmalaja","id":18884},"dateCreated":"2012-09-11T21:40:29+0000","dateLastTaken":"2021-08-08T19:50:26+0000","latitude":60.619938,"currentOwner":{"name":"yappoturf","id":281435},"name":"Stångaren","id":11259,"totalTakeovers":5267,"region":{"area":{"name":"Falu kommun","id":1865},"country":"se","name":"Dalarna","id":129},"pointsPerHour":5,"longitude":15.603636,"takeoverPoints":125},"latitude":60.619938,"currentOwner":{"name":"yappoturf","id":281435},"time":"2021-08-08T19:50:26+0000","type":"takeover","longitude":15.603636},{"zone":{"previousOwner":{"name":"I7","id":303250},"dateCreated":"2021-01-10T09:00:00+0000","dateLastTaken":"2021-08-08T19:50:21+0000","latitude":57.104749,"currentOwner":{"name":"klepto7up","id":307995},"name":"CoastalPath","id":364244,"totalTakeovers":141,"region":{"area":{"name":"Aberdeen City","id":2742},"country":"gb","name":"Scotland","id":200},"pointsPerHour":1,"longitude":-2.077602,"takeoverPoints":185},"latitude":57.104749,"currentOwner":{"name":"klepto7up","id":307995},"time":"2021-08-08T19:50:21+0000","type":"takeover","longitude":-2.077602},{"zone":{"previousOwner":{"name":"ovalfyrkant","id":333844},"dateCreated":"2013-09-16T17:36:41+0000","dateLastTaken":"2021-08-08T19:50:21+0000","latitude":56.695328,"currentOwner":{"name":"GW007","id":77704},"name":"NorraTysken","id":21704,"totalTakeovers":7786,"region":{"area":{"name":"Kalmar kommun","id":2015},"country":"se","name":"Kalmar","id":137},"pointsPerHour":6,"longitude":16.332797,"takeoverPoints":110},"latitude":56.695328,"currentOwner":{"name":"GW007","id":77704},"time":"2021-08-08T19:50:21+0000","type":"takeover","longitude":16.332797},{"zone":{"previousOwner":{"name":"mustbullen","id":58285},"dateCreated":"2013-09-02T09:00:00+0000","dateLastTaken":"2021-08-08T19:50:18+0000","latitude":59.117384,"currentOwner":{"name":"Olleklunk","id":253865},"name":"VästraRälsen","id":21480,"totalTakeovers":3808,"region":{"area":{"name":"Kumla kommun","id":1816},"country":"se","name":"Örebro","id":131},"pointsPerHour":3,"longitude":15.136968,"takeoverPoints":155},"latitude":59.117384,"currentOwner":{"name":"Olleklunk","id":253865},"time":"2021-08-08T19:50:18+0000","type":"takeover","longitude":15.136968},{"zone":{"previousOwner":{"name":"grönkulla","id":226804},"dateCreated":"2015-04-12T12:34:44+0000","dateLastTaken":"2021-08-08T19:50:12+0000","latitude":60.157151,"currentOwner":{"name":"Torparn","id":40460},"name":"GårLång","id":48215,"totalTakeovers":393,"region":{"area":{"name":"Ludvika kommun","id":1873},"country":"se","name":"Dalarna","id":129},"pointsPerHour":1,"longitude":15.196724,"takeoverPoints":185},"latitude":60.157151,"currentOwner":{"name":"Torparn","id":40460},"time":"2021-08-08T19:50:12+0000","type":"takeover","longitude":15.196724},{"zone":{"previousOwner":{"name":"Torben","id":300370},"dateCreated":"2012-03-20T00:03:33+0000","dateLastTaken":"2021-08-08T19:50:10+0000","latitude":59.391486,"currentOwner":{"name":"clalin","id":202674},"name":"Xzone","id":7080,"totalTakeovers":3414,"region":{"area":{"name":"Stockholms kommun","id":1828},"country":"se","name":"Stockholm","id":141},"pointsPerHour":4,"longitude":17.907893,"takeoverPoints":140},"latitude":59.391486,"currentOwner":{"name":"clalin","id":202674},"time":"2021-08-08T19:50:10+0000","type":"takeover","longitude":17.907893},{"zone":{"previousOwner":{"name":"Rydja_90","id":336788},"dateCreated":"2012-05-13T21:54:34+0000","dateLastTaken":"2021-08-08T19:50:10+0000","latitude":63.806231,"currentOwner":{"name":"Cykeltoken","id":227739},"name":"NydalaSouth","id":8944,"totalTakeovers":25201,"region":{"area":{"name":"Umeå kommun","id":2064},"country":"se","name":"Västerbotten","id":127},"pointsPerHour":9,"longitude":20.350838,"takeoverPoints":65},"latitude":63.806231,"currentOwner":{"name":"Cykeltoken","id":227739},"time":"2021-08-08T19:50:10+0000","type":"takeover","longitude":20.350838},{"zone":{"previousOwner":{"name":"Svensings","id":288002},"dateCreated":"2017-01-14T08:00:00+0000","dateLastTaken":"2021-08-08T19:50:09+0000","latitude":59.359568,"currentOwner":{"name":"maZmo","id":151499},"name":"Andrabyvägen","id":94117,"totalTakeovers":3458,"region":{"area":{"name":"Stockholms kommun","id":1828},"country":"se","name":"Stockholm","id":141},"pointsPerHour":6,"longitude":17.911788,"takeoverPoints":110},"latitude":59.359568,"currentOwner":{"name":"maZmo","id":151499},"time":"2021-08-08T19:50:09+0000","type":"takeover","longitude":17.911788},{"zone":{"previousOwner":{"name":"Jagdpanther","id":77661},"dateLastTaken":"2021-08-08T19:50:06+0000","latitude":56.688354,"totalTakeovers":4496,"type":{"name":"Bridge","id":8},"pointsPerHour":5,"takeoverPoints":125,"dateCreated":"2013-06-08T17:51:13+0000","currentOwner":{"name":"ovalfyrkant","id":333844},"name":"Hansabron","id":19359,"region":{"area":{"name":"Kalmar kommun","id":2015},"country":"se","name":"Kalmar","id":137},"longitude":16.321628},"latitude":56.688354,"currentOwner":{"name":"ovalfyrkant","id":333844},"time":"2021-08-08T19:50:06+0000","type":"takeover","longitude":16.321628},{"zone":{"previousOwner":{"name":"Bont","id":90307},"dateCreated":"2020-02-29T16:00:00+0000","dateLastTaken":"2021-08-08T19:50:05+0000","latitude":63.840527,"currentOwner":{"name":"maggan51","id":331276},"name":"HyggligtLäge","id":226860,"totalTakeovers":2212,"region":{"area":{"name":"Umeå kommun","id":2064},"country":"se","name":"Västerbotten","id":127},"pointsPerHour":8,"longitude":20.278866,"takeoverPoints":80},"latitude":63.840527,"currentOwner":{"name":"maggan51","id":331276},"time":"2021-08-08T19:50:05+0000","type":"takeover","longitude":20.278866},{"zone":{"previousOwner":{"name":"senne","id":13298},"dateCreated":"2017-03-18T07:00:00+0000","dateLastTaken":"2021-08-08T19:50:04+0000","latitude":59.039302,"currentOwner":{"name":"Tomemp","id":261760},"name":"Stopp","id":95826,"totalTakeovers":1891,"region":{"area":{"name":"Gnesta kommun","id":1880},"country":"se","name":"Södermanland","id":140},"pointsPerHour":4,"longitude":17.325821,"takeoverPoints":140},"latitude":59.039302,"currentOwner":{"name":"Tomemp","id":261760},"time":"2021-08-08T19:50:04+0000","type":"takeover","longitude":17.325821},{"zone":{"previousOwner":{"name":"camry","id":189115},"dateCreated":"2012-04-01T20:10:38+0000","dateLastTaken":"2021-08-08T19:50:02+0000","latitude":59.374739,"currentOwner":{"name":"ABECE","id":61470},"name":"HöökZone","id":7800,"totalTakeovers":16587,"region":{"area":{"name":"Karlstads kommun","id":1827},"country":"se","name":"Värmland","id":130},"pointsPerHour":6,"longitude":13.491088,"takeoverPoints":110},"latitude":59.374739,"currentOwner":{"name":"ABECE","id":61470},"time":"2021-08-08T19:50:02+0000","type":"takeover","longitude":13.491088},{"zone":{"previousOwner":{"name":"Qwicke","id":190350},"dateCreated":"2015-04-05T20:51:19+0000","dateLastTaken":"2021-08-08T19:49:57+0000","latitude":57.587921,"currentOwner":{"name":"du.e.trash","id":235078},"name":"SkinteboGille","id":47886,"totalTakeovers":777,"region":{"area":{"name":"Göteborgs kommun","id":1885},"country":"se","name":"Västra Götaland","id":132},"pointsPerHour":4,"longitude":11.928027,"takeoverPoints":140},"latitude":57.587921,"currentOwner":{"name":"du.e.trash","id":235078},"time":"2021-08-08T19:49:57+0000","type":"takeover","longitude":11.928027},{"zone":{"previousOwner":{"name":"tilverturf","id":166033},"dateCreated":"2011-08-08T18:41:50+0000","dateLastTaken":"2021-08-08T19:49:57+0000","latitude":59.86086,"currentOwner":{"name":"scorp","id":45470},"name":"Syssloman","id":2564,"totalTakeovers":21750,"region":{"area":{"name":"Uppsala kommun","id":1977},"country":"se","name":"Uppsala","id":142},"pointsPerHour":8,"longitude":17.627173,"takeoverPoints":80},"latitude":59.86086,"currentOwner":{"name":"scorp","id":45470},"time":"2021-08-08T19:49:57+0000","type":"takeover","longitude":17.627173},{"zone":{"previousOwner":{"name":"Folonaj2020","id":279725},"dateCreated":"2013-08-19T09:18:58+0000","dateLastTaken":"2021-08-08T19:49:52+0000","latitude":59.92237,"currentOwner":{"name":"Nattuggla","id":165442},"name":"Åkrahallen","id":21360,"totalTakeovers":8137,"region":{"area":{"name":"Sala kommun","id":1809},"country":"se","name":"Västmanland","id":143},"pointsPerHour":5,"longitude":16.588882,"takeoverPoints":125},"latitude":59.92237,"currentOwner":{"name":"Nattuggla","id":165442},"time":"2021-08-08T19:49:52+0000","type":"takeover","longitude":16.588882},{"zone":{"previousOwner":{"name":"larsovegus","id":125816},"dateCreated":"2015-02-04T06:00:00+0000","dateLastTaken":"2021-08-08T19:49:52+0000","latitude":62.623974,"currentOwner":{"name":"Zombiefluffy","id":336805},"name":"Geresta","id":44354,"totalTakeovers":654,"region":{"area":{"name":"Härnösands kommun","id":2057},"country":"se","name":"Västernorrland","id":145},"pointsPerHour":3,"longitude":17.963892,"takeoverPoints":155},"latitude":62.623974,"currentOwner":{"name":"Zombiefluffy","id":336805},"time":"2021-08-08T19:49:52+0000","type":"takeover","longitude":17.963892},{"zone":{"previousOwner":{"name":"Perrac","id":50174},"dateCreated":"2014-03-04T08:49:25+0000","dateLastTaken":"2021-08-08T19:49:46+0000","latitude":59.642863,"currentOwner":{"name":"CRUSAIDER","id":168025},"name":"Vikingagraven","id":26298,"totalTakeovers":5014,"region":{"area":{"name":"Västerås","id":1807},"country":"se","name":"Västmanland","id":143},"pointsPerHour":6,"longitude":16.619377,"takeoverPoints":110},"latitude":59.642863,"currentOwner":{"name":"CRUSAIDER","id":168025},"time":"2021-08-08T19:49:46+0000","type":"takeover","longitude":16.619377},{"zone":{"previousOwner":{"name":"Jonte67","id":284492},"dateCreated":"2016-11-19T18:09:06+0000","dateLastTaken":"2021-08-08T19:49:45+0000","latitude":55.608731,"currentOwner":{"name":"crvenazvezda91","id":223981},"name":"Konduktören","id":91743,"totalTakeovers":3446,"region":{"area":{"name":"Malmö kommun","id":1898},"country":"se","name":"Skåne","id":135},"pointsPerHour":5,"longitude":13.018658,"takeoverPoints":125},"latitude":55.608731,"currentOwner":{"name":"crvenazvezda91","id":223981},"time":"2021-08-08T19:49:45+0000","type":"takeover","longitude":13.018658},{"zone":{"previousOwner":{"name":"donthomasso","id":42661},"dateCreated":"2011-09-15T10:00:00+0000","dateLastTaken":"2021-08-08T19:49:42+0000","latitude":63.844681,"currentOwner":{"name":"Cykelmasen","id":225050},"name":"MargotZone","id":3442,"totalTakeovers":7185,"region":{"area":{"name":"Umeå kommun","id":2064},"country":"se","name":"Västerbotten","id":127},"pointsPerHour":6,"longitude":20.295893,"takeoverPoints":110},"latitude":63.844681,"currentOwner":{"name":"Cykelmasen","id":225050},"time":"2021-08-08T19:49:42+0000","type":"takeover","longitude":20.295893},{"zone":{"previousOwner":{"name":"Cykeltanten","id":165416},"dateCreated":"2012-09-24T18:08:22+0000","dateLastTaken":"2021-08-08T19:49:41+0000","latitude":59.634438,"currentOwner":{"name":"Kronvrak","id":128938},"name":"BluePark","id":11461,"totalTakeovers":17256,"region":{"area":{"name":"Enköpings kommun","id":1944},"country":"se","name":"Uppsala","id":142},"pointsPerHour":8,"longitude":17.066398,"takeoverPoints":80},"latitude":59.634438,"currentOwner":{"name":"Kronvrak","id":128938},"time":"2021-08-08T19:49:41+0000","type":"takeover","longitude":17.066398},{"zone":{"previousOwner":{"name":"Deppen","id":195631},"dateCreated":"2017-11-11T09:00:00+0000","dateLastTaken":"2021-08-08T19:49:39+0000","latitude":59.325734,"currentOwner":{"name":"Rambolina2","id":297598},"name":"NorthWBridge","id":126695,"totalTakeovers":5847,"region":{"area":{"name":"Stockholms kommun","id":1828},"country":"se","name":"Stockholm","id":141},"pointsPerHour":8,"longitude":18.025665,"takeoverPoints":80},"assists":[{"name":"allagunillor","id":298023}],"latitude":59.325734,"currentOwner":{"name":"Rambolina2","id":297598},"time":"2021-08-08T19:49:39+0000","type":"takeover","longitude":18.025665},{"zone":{"previousOwner":{"name":"Bollinger***","id":99974},"dateCreated":"2013-05-11T12:00:00+0000","dateLastTaken":"2021-08-08T19:49:38+0000","latitude":61.35536,"currentOwner":{"name":"hösjön","id":257146},"name":"HedhamreZone","id":17968,"totalTakeovers":2474,"region":{"area":{"name":"Bollnäs kommun","id":2048},"country":"se","name":"Gävleborg","id":144},"pointsPerHour":4,"longitude":16.37838,"takeoverPoints":140},"latitude":61.35536,"currentOwner":{"name":"hösjön","id":257146},"time":"2021-08-08T19:49:38+0000","type":"takeover","longitude":16.37838},{"zone":{"previousOwner":{"name":"Finnboda","id":327792},"dateCreated":"2013-01-14T21:17:46+0000","dateLastTaken":"2021-08-08T19:49:38+0000","latitude":59.308659,"currentOwner":{"name":"Zykla","id":336290},"name":"HenkesBrygga","id":13504,"totalTakeovers":7088,"region":{"area":{"name":"Stockholms kommun","id":1828},"country":"se","name":"Stockholm","id":141},"pointsPerHour":7,"longitude":18.101106,"takeoverPoints":95},"latitude":59.308659,"currentOwner":{"name":"Zykla","id":336290},"time":"2021-08-08T19:49:38+0000","type":"takeover","longitude":18.101106},{"zone":{"previousOwner":{"name":"klosterboss","id":335487},"dateCreated":"2014-10-18T21:15:09+0000","dateLastTaken":"2021-08-08T19:49:36+0000","latitude":57.707061,"currentOwner":{"name":"eleKtroFish","id":280461},"name":"LagOchOrdning","id":38440,"totalTakeovers":11964,"region":{"area":{"name":"Göteborgs kommun","id":1885},"country":"se","name":"Västra Götaland","id":132},"pointsPerHour":8,"longitude":11.982218,"takeoverPoints":80},"latitude":57.707061,"currentOwner":{"name":"eleKtroFish","id":280461},"time":"2021-08-08T19:49:36+0000","type":"takeover","longitude":11.982218},{"zone":{"previousOwner":{"name":"SunYour","id":7781},"dateCreated":"2013-04-28T10:10:00+0000","dateLastTaken":"2021-08-08T19:49:32+0000","latitude":59.597659,"currentOwner":{"name":"supervinden","id":279024},"name":"SteepStair","id":17549,"totalTakeovers":14391,"region":{"area":{"name":"Västerås","id":1807},"country":"se","name":"Västmanland","id":143},"pointsPerHour":8,"longitude":16.52435,"takeoverPoints":80},"assists":[{"name":"fisken021","id":274406}],"latitude":59.597659,"currentOwner":{"name":"supervinden","id":279024},"time":"2021-08-08T19:49:32+0000","type":"takeover","longitude":16.52435},{"zone":{"previousOwner":{"name":"MrXzon","id":144423},"dateCreated":"2015-12-24T10:03:31+0000","dateLastTaken":"2021-08-08T19:49:30+0000","latitude":59.8513,"currentOwner":{"name":"tilverturf","id":166033},"name":"NyGamlaVägen","id":62346,"totalTakeovers":2476,"region":{"area":{"name":"Uppsala kommun","id":1977},"country":"se","name":"Uppsala","id":142},"pointsPerHour":5,"longitude":17.72133,"takeoverPoints":125},"latitude":59.8513,"currentOwner":{"name":"tilverturf","id":166033},"time":"2021-08-08T19:49:30+0000","type":"takeover","longitude":17.72133},{"zone":{"previousOwner":{"name":"Florenskan","id":48548},"dateCreated":"2014-09-05T20:00:00+0000","dateLastTaken":"2021-08-08T19:49:29+0000","latitude":59.829146,"currentOwner":{"name":"gaalne","id":75128},"name":"Vilan","id":34482,"totalTakeovers":4524,"region":{"area":{"name":"Uppsala kommun","id":1977},"country":"se","name":"Uppsala","id":142},"pointsPerHour":4,"longitude":17.688141,"takeoverPoints":140},"latitude":59.829146,"currentOwner":{"name":"gaalne","id":75128},"time":"2021-08-08T19:49:29+0000","type":"takeover","longitude":17.688141},{"zone":{"dateCreated":"2020-12-10T20:00:00+0000","dateLastTaken":"2021-08-08T19:49:27+0000","latitude":53.073061,"currentOwner":{"name":"sethdnt","id":305348},"name":"FreedomBridge","id":355557,"totalTakeovers":155,"region":{"area":{"name":"Stoke-on-Trent","id":2728},"country":"gb","name":"West Midlands","id":208},"type":{"name":"Bridge","id":8},"pointsPerHour":2,"longitude":-2.181681,"takeoverPoints":170},"latitude":53.073061,"currentOwner":{"name":"sethdnt","id":305348},"time":"2021-08-08T19:49:27+0000","type":"takeover","longitude":-2.181681},{"zone":{"previousOwner":{"name":"Geatki","id":101570},"dateCreated":"2015-04-30T16:43:55+0000","dateLastTaken":"2021-08-08T19:49:26+0000","latitude":65.585299,"currentOwner":{"name":"grock","id":189790},"name":"ThePlum","id":50909,"totalTakeovers":2290,"region":{"area":{"name":"Luleå kommun","id":1798},"country":"se","name":"Norrbotten","id":126},"pointsPerHour":5,"longitude":22.237173,"takeoverPoints":125},"latitude":65.585299,"currentOwner":{"name":"grock","id":189790},"time":"2021-08-08T19:49:26+0000","type":"takeover","longitude":22.237173},{"zone":{"previousOwner":{"name":"TarTurf","id":284577},"dateCreated":"2017-09-30T08:30:00+0000","dateLastTaken":"2021-08-08T19:49:26+0000","latitude":55.610796,"currentOwner":{"name":"Jonte67","id":284492},"name":"Orkanbibblan","id":131901,"totalTakeovers":4035,"region":{"area":{"name":"Malmö kommun","id":1898},"country":"se","name":"Skåne","id":135},"pointsPerHour":8,"longitude":12.994949,"takeoverPoints":80},"latitude":55.610796,"currentOwner":{"name":"Jonte67","id":284492},"time":"2021-08-08T19:49:26+0000","type":"takeover","longitude":12.994949},{"zone":{"previousOwner":{"name":"HappyA.10","id":201073},"dateLastTaken":"2021-08-08T19:49:20+0000","latitude":59.823638,"totalTakeovers":25,"type":{"name":"Bridge","id":8},"pointsPerHour":2,"takeoverPoints":170,"dateCreated":"2021-08-07T19:01:49+0000","currentOwner":{"name":"Lill-trulsa","id":201140},"name":"SunneTågbro","id":431163,"region":{"area":{"name":"Sunne kommun","id":2033},"country":"se","name":"Värmland","id":130},"longitude":13.137217},"assists":[{"name":"trulsa","id":113672}],"latitude":59.823638,"currentOwner":{"name":"Lill-trulsa","id":201140},"time":"2021-08-08T19:49:20+0000","type":"takeover","longitude":13.137217},{"zone":{"previousOwner":{"name":"S.T.","id":189276},"dateCreated":"2019-06-01T12:50:16+0000","dateLastTaken":"2021-08-08T19:49:18+0000","latitude":56.128921,"currentOwner":{"name":"keni","id":271343},"name":"CirkelOfLife","id":200288,"totalTakeovers":188,"region":{"area":{"name":"Åstorps kommun","id":1956},"country":"se","name":"Skåne","id":135},"pointsPerHour":1,"longitude":12.961585,"takeoverPoints":185},"latitude":56.128921,"currentOwner":{"name":"keni","id":271343},"time":"2021-08-08T19:49:18+0000","type":"takeover","longitude":12.961585},{"zone":{"previousOwner":{"name":"scorp","id":45470},"dateCreated":"2012-05-03T22:51:56+0000","dateLastTaken":"2021-08-08T19:49:18+0000","latitude":59.856949,"currentOwner":{"name":"Boinkaboinka","id":133017},"name":"LennaCat","id":8543,"totalTakeovers":24945,"region":{"area":{"name":"Uppsala kommun","id":1977},"country":"se","name":"Uppsala","id":142},"pointsPerHour":9,"longitude":17.65642,"takeoverPoints":65},"latitude":59.856949,"currentOwner":{"name":"Boinkaboinka","id":133017},"time":"2021-08-08T19:49:18+0000","type":"takeover","longitude":17.65642},{"zone":{"previousOwner":{"name":"ovalfyrkant","id":333844},"dateCreated":"2015-02-02T10:28:58+0000","dateLastTaken":"2021-08-08T19:49:13+0000","latitude":56.695173,"currentOwner":{"name":"GW007","id":77704},"name":"Sagan","id":44304,"totalTakeovers":4972,"region":{"area":{"name":"Kalmar kommun","id":2015},"country":"se","name":"Kalmar","id":137},"pointsPerHour":5,"longitude":16.336755,"takeoverPoints":125},"latitude":56.695173,"currentOwner":{"name":"GW007","id":77704},"time":"2021-08-08T19:49:13+0000","type":"takeover","longitude":16.336755},{"zone":{"previousOwner":{"name":"T_sam","id":105466},"dateCreated":"2018-06-10T09:56:51+0000","dateLastTaken":"2021-08-08T19:49:05+0000","latitude":62.907465,"currentOwner":{"name":"MariaK17","id":212481},"name":"FrånöTillHäst","id":153680,"totalTakeovers":61,"region":{"area":{"name":"Kramfors kommun","id":2055},"country":"se","name":"Västernorrland","id":145},"pointsPerHour":1,"longitude":17.824751,"takeoverPoints":185},"latitude":62.907465,"currentOwner":{"name":"MariaK17","id":212481},"time":"2021-08-08T19:49:05+0000","type":"takeover","longitude":17.824751},{"zone":{"previousOwner":{"name":"jeppe1","id":187874},"dateCreated":"2013-12-24T11:00:05+0000","dateLastTaken":"2021-08-08T19:49:03+0000","latitude":63.857332,"currentOwner":{"name":"PelSjo","id":183576},"name":"VassleZone","id":23907,"totalTakeovers":10495,"region":{"area":{"name":"Umeå kommun","id":2064},"country":"se","name":"Västerbotten","id":127},"pointsPerHour":7,"longitude":20.307165,"takeoverPoints":95},"latitude":63.857332,"currentOwner":{"name":"PelSjo","id":183576},"time":"2021-08-08T19:49:03+0000","type":"takeover","longitude":20.307165},{"zone":{"previousOwner":{"name":"SFL","id":165454},"dateCreated":"2015-04-03T21:59:59+0000","dateLastTaken":"2021-08-08T19:49:00+0000","latitude":59.258756,"currentOwner":{"name":"sörbysvängen","id":47610},"name":"Ekäng","id":47763,"totalTakeovers":7688,"region":{"area":{"name":"Örebro kommun","id":1819},"country":"se","name":"Örebro","id":131},"pointsPerHour":5,"longitude":15.212669,"takeoverPoints":125},"latitude":59.258756,"currentOwner":{"name":"sörbysvängen","id":47610},"time":"2021-08-08T19:49:00+0000","type":"takeover","longitude":15.212669},{"zone":{"previousOwner":{"name":"Bollinger***","id":99974},"dateCreated":"2013-05-11T12:00:00+0000","dateLastTaken":"2021-08-08T19:48:53+0000","latitude":61.353333,"currentOwner":{"name":"hösjön","id":257146},"name":"LoveTrail","id":17967,"totalTakeovers":2510,"region":{"area":{"name":"Bollnäs kommun","id":2048},"country":"se","name":"Gävleborg","id":144},"pointsPerHour":4,"longitude":16.376622,"takeoverPoints":140},"latitude":61.353333,"currentOwner":{"name":"hösjön","id":257146},"time":"2021-08-08T19:48:53+0000","type":"takeover","longitude":16.376622},{"zone":{"previousOwner":{"name":"mattonabike","id":302925},"dateCreated":"2021-03-24T15:30:00+0000","dateLastTaken":"2021-08-08T19:48:53+0000","latitude":57.294675,"currentOwner":{"name":"caz2610","id":312422},"name":"WhiteleyWell","id":393639,"totalTakeovers":144,"region":{"area":{"name":"Aberdeenshire","id":2792},"country":"gb","name":"Scotland","id":200},"pointsPerHour":2,"longitude":-2.399251,"takeoverPoints":170},"latitude":57.294675,"currentOwner":{"name":"caz2610","id":312422},"time":"2021-08-08T19:48:53+0000","type":"takeover","longitude":-2.399251},{"zone":{"previousOwner":{"name":"Torben","id":300370},"dateCreated":"2012-03-19T23:21:07+0000","dateLastTaken":"2021-08-08T19:48:50+0000","latitude":59.388566,"currentOwner":{"name":"clalin","id":202674},"name":"SpångaSport","id":7047,"totalTakeovers":5568,"region":{"area":{"name":"Stockholms kommun","id":1828},"country":"se","name":"Stockholm","id":141},"pointsPerHour":6,"longitude":17.904328,"takeoverPoints":110},"latitude":59.388566,"currentOwner":{"name":"clalin","id":202674},"time":"2021-08-08T19:48:50+0000","type":"takeover","longitude":17.904328},{"zone":{"previousOwner":{"name":"GreyCat","id":146466},"dateCreated":"2012-11-03T17:43:18+0000","dateLastTaken":"2021-08-08T19:48:46+0000","latitude":57.685258,"currentOwner":{"name":"Funky","id":149372},"name":"Badkulan","id":11812,"totalTakeovers":13245,"region":{"area":{"name":"Göteborgs kommun","id":1885},"country":"se","name":"Västra Götaland","id":132},"pointsPerHour":6,"longitude":11.920332,"takeoverPoints":110},"latitude":57.685258,"currentOwner":{"name":"Funky","id":149372},"time":"2021-08-08T19:48:46+0000","type":"takeover","longitude":11.920332},{"zone":{"previousOwner":{"name":"fiskeLasse","id":30205},"dateCreated":"2014-06-20T06:56:39+0000","dateLastTaken":"2021-08-08T19:48:46+0000","latitude":59.623432,"currentOwner":{"name":"CycloConverter","id":169861},"name":"OdensZone","id":31765,"totalTakeovers":20045,"region":{"area":{"name":"Västerås","id":1807},"country":"se","name":"Västmanland","id":143},"pointsPerHour":8,"longitude":16.595242,"takeoverPoints":80},"latitude":59.623432,"currentOwner":{"name":"CycloConverter","id":169861},"time":"2021-08-08T19:48:46+0000","type":"takeover","longitude":16.595242},{"zone":{"previousOwner":{"name":"jaduglen","id":33330},"dateCreated":"2014-02-28T23:56:06+0000","dateLastTaken":"2021-08-08T19:48:44+0000","latitude":60.653788,"currentOwner":{"name":"tramway","id":260933},"name":"Ramnazon","id":26191,"totalTakeovers":7010,"region":{"area":{"name":"Gävle kommun","id":1895},"country":"se","name":"Gävleborg","id":144},"pointsPerHour":6,"longitude":17.129983,"takeoverPoints":110},"latitude":60.653788,"currentOwner":{"name":"tramway","id":260933},"time":"2021-08-08T19:48:44+0000","type":"takeover","longitude":17.129983},{"zone":{"previousOwner":{"name":"CabinFeather","id":283046},"dateCreated":"2020-08-22T12:00:00+0000","dateLastTaken":"2021-08-08T19:48:43+0000","latitude":55.980059,"currentOwner":{"name":"TheInquisitor","id":303322},"name":"SecondBent","id":320656,"totalTakeovers":247,"region":{"area":{"name":"East Lothian","id":2786},"country":"gb","name":"Scotland","id":200},"pointsPerHour":3,"longitude":-2.906438,"takeoverPoints":155},"latitude":55.980059,"currentOwner":{"name":"TheInquisitor","id":303322},"time":"2021-08-08T19:48:43+0000","type":"takeover","longitude":-2.906438},{"zone":{"previousOwner":{"name":"Stenskott","id":140748},"dateLastTaken":"2021-08-08T19:48:42+0000","latitude":59.96249,"totalTakeovers":3952,"type":{"name":"Holy","id":9},"pointsPerHour":3,"takeoverPoints":155,"dateCreated":"2015-03-15T10:16:45+0000","currentOwner":{"name":"bocklingen","id":66138},"name":"BigHoly","id":46804,"region":{"area":{"name":"Uppsala kommun","id":1977},"country":"se","name":"Uppsala","id":142},"longitude":17.699969},"latitude":59.96249,"currentOwner":{"name":"bocklingen","id":66138},"time":"2021-08-08T19:48:42+0000","type":"takeover","longitude":17.699969},{"zone":{"previousOwner":{"name":"Sanson","id":253033},"dateLastTaken":"2021-08-08T19:48:41+0000","latitude":59.048522,"totalTakeovers":4835,"type":{"name":"Train Station","id":13},"pointsPerHour":6,"takeoverPoints":110,"dateCreated":"2011-12-24T12:02:54+0000","currentOwner":{"name":"St@llion","id":153955},"name":"GnestaRail","id":5443,"region":{"area":{"name":"Gnesta kommun","id":1880},"country":"se","name":"Södermanland","id":140},"longitude":17.312354},"latitude":59.048522,"currentOwner":{"name":"St@llion","id":153955},"time":"2021-08-08T19:48:41+0000","type":"takeover","longitude":17.312354},{"zone":{"previousOwner":{"name":"Sikcud","id":38329},"dateCreated":"2012-09-11T21:30:29+0000","dateLastTaken":"2021-08-08T19:48:41+0000","latitude":59.433074,"currentOwner":{"name":"NightDriver","id":279433},"name":"SpursRoad","id":11253,"totalTakeovers":6064,"region":{"area":{"name":"Järfälla kommun","id":1835},"country":"se","name":"Stockholm","id":141},"pointsPerHour":3,"longitude":17.827821,"takeoverPoints":155},"latitude":59.433074,"currentOwner":{"name":"NightDriver","id":279433},"time":"2021-08-08T19:48:41+0000","type":"takeover","longitude":17.827821},{"zone":{"previousOwner":{"name":"Kjellake","id":305446},"dateCreated":"2019-12-03T11:24:42+0000","dateLastTaken":"2021-08-08T19:48:40+0000","latitude":59.041212,"currentOwner":{"name":"Tomemp","id":261760},"name":"12Penningar","id":224069,"totalTakeovers":807,"region":{"area":{"name":"Gnesta kommun","id":1880},"country":"se","name":"Södermanland","id":140},"pointsPerHour":4,"longitude":17.324649,"takeoverPoints":140},"latitude":59.041212,"currentOwner":{"name":"Tomemp","id":261760},"time":"2021-08-08T19:48:40+0000","type":"takeover","longitude":17.324649},{"zone":{"previousOwner":{"name":"Movemania","id":22813},"dateCreated":"2015-04-04T18:28:46+0000","dateLastTaken":"2021-08-08T19:48:39+0000","latitude":57.653785,"currentOwner":{"name":"Skräddaren_","id":242130},"name":"KonkavtHotell","id":47830,"totalTakeovers":8523,"region":{"area":{"name":"Mölndals kommun","id":1886},"country":"se","name":"Västra Götaland","id":132},"pointsPerHour":7,"longitude":12.01581,"takeoverPoints":95},"latitude":57.653785,"currentOwner":{"name":"Skräddaren_","id":242130},"time":"2021-08-08T19:48:39+0000","type":"takeover","longitude":12.01581},{"zone":{"previousOwner":{"name":"Bont","id":90307},"dateLastTaken":"2021-08-08T19:48:33+0000","latitude":63.839992,"totalTakeovers":13448,"type":{"name":"Holy","id":9},"pointsPerHour":8,"takeoverPoints":80,"dateCreated":"2011-08-29T20:24:06+0000","currentOwner":{"name":"maggan51","id":331276},"name":"LoggingZone","id":2892,"region":{"area":{"name":"Umeå kommun","id":2064},"country":"se","name":"Västerbotten","id":127},"longitude":20.283075},"latitude":63.839992,"currentOwner":{"name":"maggan51","id":331276},"time":"2021-08-08T19:48:33+0000","type":"takeover","longitude":20.283075},{"zone":{"previousOwner":{"name":"Völund","id":26984},"dateCreated":"2014-01-07T15:12:56+0000","dateLastTaken":"2021-08-08T19:48:29+0000","latitude":57.65452,"currentOwner":{"name":"Jyrivaan","id":295480},"name":"ÖsterTingsbo","id":24793,"totalTakeovers":6625,"region":{"area":{"name":"Mölndals kommun","id":1886},"country":"se","name":"Västra Götaland","id":132},"pointsPerHour":5,"longitude":11.999637,"takeoverPoints":125},"latitude":57.65452,"currentOwner":{"name":"Jyrivaan","id":295480},"time":"2021-08-08T19:48:29+0000","type":"takeover","longitude":11.999637},{"zone":{"previousOwner":{"name":"SFL","id":165454},"dateLastTaken":"2021-08-08T19:48:22+0000","latitude":58.963522,"totalTakeovers":107,"type":{"name":"Holy","id":9},"pointsPerHour":1,"takeoverPoints":185,"dateCreated":"2017-07-08T12:08:15+0000","currentOwner":{"name":"kolbaserad","id":242521},"name":"TrippinAround","id":114824,"region":{"area":{"name":"Askersunds kommun","id":1821},"country":"se","name":"Örebro","id":131},"longitude":14.899747},"latitude":58.963522,"currentOwner":{"name":"kolbaserad","id":242521},"time":"2021-08-08T19:48:22+0000","type":"takeover","longitude":14.899747},{"zone":{"previousOwner":{"name":"Folonaj2020","id":279725},"dateCreated":"2018-04-10T09:23:30+0000","dateLastTaken":"2021-08-08T19:48:17+0000","latitude":59.924253,"currentOwner":{"name":"Nattuggla","id":165442},"name":"Silvermyntet","id":143425,"totalTakeovers":3181,"region":{"area":{"name":"Sala kommun","id":1809},"country":"se","name":"Västmanland","id":143},"pointsPerHour":5,"longitude":16.590512,"takeoverPoints":125},"latitude":59.924253,"currentOwner":{"name":"Nattuggla","id":165442},"time":"2021-08-08T19:48:17+0000","type":"takeover","longitude":16.590512},{"zone":{"previousOwner":{"name":"RosaPantern78","id":28845},"dateCreated":"2013-10-13T19:33:14+0000","dateLastTaken":"2021-08-08T19:48:14+0000","latitude":58.378498,"currentOwner":{"name":"stinabus","id":93156},"name":"FootballBeach","id":22163,"totalTakeovers":5699,"region":{"area":{"name":"Linköpings kommun","id":1852},"country":"se","name":"Östergötland","id":139},"pointsPerHour":5,"longitude":15.706488,"takeoverPoints":125},"assists":[{"name":"SirWinston","id":66854}],"latitude":58.378498,"currentOwner":{"name":"stinabus","id":93156},"time":"2021-08-08T19:48:14+0000","type":"takeover","longitude":15.706488},{"zone":{"previousOwner":{"name":"It_is_mine","id":298715},"dateCreated":"2020-06-15T07:00:00+0000","dateLastTaken":"2021-08-08T19:48:14+0000","latitude":55.692259,"currentOwner":{"name":"Dolby","id":235059},"name":"Råbyvägzon","id":316673,"totalTakeovers":631,"region":{"area":{"name":"Lunds kommun","id":1948},"country":"se","name":"Skåne","id":135},"pointsPerHour":5,"longitude":13.207909,"takeoverPoints":125},"assists":[{"name":"Wedvin","id":235017},{"name":"Skanstorp","id":235048}],"latitude":55.692259,"currentOwner":{"name":"Dolby","id":235059},"time":"2021-08-08T19:48:14+0000","type":"takeover","longitude":13.207909},{"zone":{"previousOwner":{"name":"R@W","id":15754},"dateCreated":"2015-10-20T19:10:22+0000","dateLastTaken":"2021-08-08T19:48:13+0000","latitude":55.609269,"currentOwner":{"name":"Jonte67","id":284492},"name":"AnnaLindhZon","id":60477,"totalTakeovers":9936,"region":{"area":{"name":"Malmö kommun","id":1898},"country":"se","name":"Skåne","id":135},"pointsPerHour":8,"longitude":12.996876,"takeoverPoints":80},"latitude":55.609269,"currentOwner":{"name":"Jonte67","id":284492},"time":"2021-08-08T19:48:13+0000","type":"takeover","longitude":12.996876},{"zone":{"previousOwner":{"name":"MarkusAke","id":313595},"dateCreated":"2012-10-29T17:00:00+0000","dateLastTaken":"2021-08-08T19:48:11+0000","latitude":57.645018,"currentOwner":{"name":"GeileZone","id":166716},"name":"WallBench","id":11756,"totalTakeovers":6799,"region":{"area":{"name":"Gotland","id":1881},"country":"se","name":"Gotland","id":138},"pointsPerHour":8,"longitude":18.301317,"takeoverPoints":80},"assists":[{"name":"Svartfågel","id":173639}],"latitude":57.645018,"currentOwner":{"name":"GeileZone","id":166716},"time":"2021-08-08T19:48:11+0000","type":"takeover","longitude":18.301317},{"zone":{"previousOwner":{"name":"LillaTuss","id":130166},"dateCreated":"2014-09-07T08:56:59+0000","dateLastTaken":"2021-08-08T19:48:10+0000","latitude":59.131327,"currentOwner":{"name":"tobbej3","id":78081},"name":"Mossbanan","id":34663,"totalTakeovers":4976,"region":{"area":{"name":"Kumla kommun","id":1816},"country":"se","name":"Örebro","id":131},"pointsPerHour":4,"longitude":15.135054,"takeoverPoints":140},"latitude":59.131327,"currentOwner":{"name":"tobbej3","id":78081},"time":"2021-08-08T19:48:10+0000","type":"takeover","longitude":15.135054},{"zone":{"previousOwner":{"name":"mustbullen","id":58285},"dateCreated":"2014-12-28T21:26:24+0000","dateLastTaken":"2021-08-08T19:48:05+0000","latitude":59.119531,"currentOwner":{"name":"Olleklunk","id":253865},"name":"SyltÅSaft","id":43394,"totalTakeovers":3088,"region":{"area":{"name":"Kumla kommun","id":1816},"country":"se","name":"Örebro","id":131},"pointsPerHour":3,"longitude":15.133016,"takeoverPoints":155},"latitude":59.119531,"currentOwner":{"name":"Olleklunk","id":253865},"time":"2021-08-08T19:48:05+0000","type":"takeover","longitude":15.133016},{"zone":{"previousOwner":{"name":"LongGoneJohn","id":280456},"dateLastTaken":"2021-08-08T19:48:05+0000","latitude":55.608553,"totalTakeovers":20709,"type":{"name":"Train Station","id":13},"pointsPerHour":9,"takeoverPoints":65,"dateCreated":"2010-12-11T10:51:09+0000","currentOwner":{"name":"kato","id":3206},"name":"MalmöStation","id":1166,"region":{"area":{"name":"Malmö kommun","id":1898},"country":"se","name":"Skåne","id":135},"longitude":13.000137},"latitude":55.608553,"currentOwner":{"name":"kato","id":3206},"time":"2021-08-08T19:48:05+0000","type":"takeover","longitude":13.000137},{"zone":{"previousOwner":{"name":"Pilgrim","id":60557},"dateCreated":"2015-04-05T21:04:00+0000","dateLastTaken":"2021-08-08T19:48:05+0000","latitude":57.575656,"currentOwner":{"name":"Qwicke","id":190350},"name":"Killings","id":47896,"totalTakeovers":272,"region":{"area":{"name":"Göteborgs kommun","id":1885},"country":"se","name":"Västra Götaland","id":132},"pointsPerHour":2,"longitude":11.926224,"takeoverPoints":170},"latitude":57.575656,"currentOwner":{"name":"Qwicke","id":190350},"time":"2021-08-08T19:48:05+0000","type":"takeover","longitude":11.926224},{"zone":{"previousOwner":{"name":"Finnboda","id":327792},"dateCreated":"2017-07-12T23:15:03+0000","dateLastTaken":"2021-08-08T19:48:05+0000","latitude":59.309083,"currentOwner":{"name":"Zykla","id":336290},"name":"HenkesLagun","id":115403,"totalTakeovers":7750,"region":{"area":{"name":"Stockholms kommun","id":1828},"country":"se","name":"Stockholm","id":141},"pointsPerHour":7,"longitude":18.103282,"takeoverPoints":95},"latitude":59.309083,"currentOwner":{"name":"Zykla","id":336290},"time":"2021-08-08T19:48:05+0000","type":"takeover","longitude":18.103282},{"zone":{"previousOwner":{"name":"ovalfyrkant","id":333844},"dateCreated":"2011-08-27T07:51:32+0000","dateLastTaken":"2021-08-08T19:48:02+0000","latitude":56.695025,"currentOwner":{"name":"GW007","id":77704},"name":"BergaTower","id":2847,"totalTakeovers":8322,"region":{"area":{"name":"Kalmar kommun","id":2015},"country":"se","name":"Kalmar","id":137},"pointsPerHour":5,"longitude":16.340508,"takeoverPoints":125},"latitude":56.695025,"currentOwner":{"name":"GW007","id":77704},"time":"2021-08-08T19:48:02+0000","type":"takeover","longitude":16.340508},{"zone":{"previousOwner":{"name":"Glasskamp","id":23066},"dateCreated":"2013-06-18T07:35:07+0000","dateLastTaken":"2021-08-08T19:47:59+0000","latitude":59.820294,"currentOwner":{"name":"lordangus","id":154103},"name":"SävjaZone","id":20339,"totalTakeovers":9594,"region":{"area":{"name":"Uppsala kommun","id":1977},"country":"se","name":"Uppsala","id":142},"pointsPerHour":6,"longitude":17.694983,"takeoverPoints":110},"assists":[{"name":"DameHera","id":163295}],"latitude":59.820294,"currentOwner":{"name":"lordangus","id":154103},"time":"2021-08-08T19:47:59+0000","type":"takeover","longitude":17.694983},{"zone":{"previousOwner":{"name":"Madizon","id":52958},"dateCreated":"2015-07-08T15:00:00+0000","dateLastTaken":"2021-08-08T19:47:58+0000","latitude":57.781539,"currentOwner":{"name":"Vesper","id":41403},"name":"OldWater","id":55649,"totalTakeovers":4594,"region":{"area":{"name":"Västerviks kommun","id":2022},"country":"se","name":"Kalmar","id":137},"pointsPerHour":5,"longitude":16.591306,"takeoverPoints":125},"latitude":57.781539,"currentOwner":{"name":"Vesper","id":41403},"time":"2021-08-08T19:47:58+0000","type":"takeover","longitude":16.591306},{"zone":{"previousOwner":{"name":"klosterboss","id":335487},"dateCreated":"2010-11-22T20:27:30+0000","dateLastTaken":"2021-08-08T19:47:58+0000","latitude":57.706318,"currentOwner":{"name":"eleKtroFish","id":280461},"name":"GotParkway","id":1120,"totalTakeovers":16095,"region":{"area":{"name":"Göteborgs kommun","id":1885},"country":"se","name":"Västra Götaland","id":132},"pointsPerHour":7,"longitude":11.978137,"takeoverPoints":95},"latitude":57.706318,"currentOwner":{"name":"eleKtroFish","id":280461},"time":"2021-08-08T19:47:58+0000","type":"takeover","longitude":11.978137},{"zone":{"previousOwner":{"name":"Roger60","id":183939},"dateCreated":"2011-05-30T16:29:26+0000","dateLastTaken":"2021-08-08T19:47:51+0000","latitude":56.68554,"currentOwner":{"name":"ovalfyrkant","id":333844},"name":"DarthMall","id":1755,"totalTakeovers":9589,"region":{"area":{"name":"Kalmar kommun","id":2015},"country":"se","name":"Kalmar","id":137},"pointsPerHour":7,"longitude":16.320668,"takeoverPoints":95},"latitude":56.68554,"currentOwner":{"name":"ovalfyrkant","id":333844},"time":"2021-08-08T19:47:51+0000","type":"takeover","longitude":16.320668},{"zone":{"previousOwner":{"name":"Geatki","id":101570},"dateCreated":"2015-04-30T16:43:55+0000","dateLastTaken":"2021-08-08T19:47:47+0000","latitude":65.585039,"currentOwner":{"name":"grock","id":189790},"name":"KungBore","id":50908,"totalTakeovers":2296,"region":{"area":{"name":"Luleå kommun","id":1798},"country":"se","name":"Norrbotten","id":126},"pointsPerHour":5,"longitude":22.231505,"takeoverPoints":125},"latitude":65.585039,"currentOwner":{"name":"grock","id":189790},"time":"2021-08-08T19:47:47+0000","type":"takeover","longitude":22.231505},{"zone":{"previousOwner":{"name":"Nissepurjo","id":326821},"dateCreated":"2015-04-01T19:00:00+0000","dateLastTaken":"2021-08-08T19:47:45+0000","latitude":59.252134,"currentOwner":{"name":"podhunt","id":185552},"name":"Kungsklippan","id":47329,"totalTakeovers":3410,"region":{"area":{"name":"Huddinge kommun","id":1830},"country":"se","name":"Stockholm","id":141},"pointsPerHour":4,"longitude":17.99949,"takeoverPoints":140},"latitude":59.252134,"currentOwner":{"name":"podhunt","id":185552},"time":"2021-08-08T19:47:45+0000","type":"takeover","longitude":17.99949},{"zone":{"previousOwner":{"name":"Cykeltanten","id":165416},"dateCreated":"2014-05-31T21:12:34+0000","dateLastTaken":"2021-08-08T19:47:43+0000","latitude":59.636435,"currentOwner":{"name":"Kronvrak","id":128938},"name":"Öriket","id":30915,"totalTakeovers":10969,"region":{"area":{"name":"Enköpings kommun","id":1944},"country":"se","name":"Uppsala","id":142},"pointsPerHour":6,"longitude":17.06947,"takeoverPoints":110},"latitude":59.636435,"currentOwner":{"name":"Kronvrak","id":128938},"time":"2021-08-08T19:47:43+0000","type":"takeover","longitude":17.06947},{"zone":{"previousOwner":{"name":"Vicko62","id":283975},"dateCreated":"2013-12-11T21:22:13+0000","dateLastTaken":"2021-08-08T19:47:39+0000","latitude":59.374672,"currentOwner":{"name":"ABECE","id":61470},"name":"Mariebergvik","id":23746,"totalTakeovers":16050,"region":{"area":{"name":"Karlstads kommun","id":1827},"country":"se","name":"Värmland","id":130},"pointsPerHour":7,"longitude":13.49706,"takeoverPoints":95},"latitude":59.374672,"currentOwner":{"name":"ABECE","id":61470},"time":"2021-08-08T19:47:39+0000","type":"takeover","longitude":13.49706},{"zone":{"previousOwner":{"name":"sorensan","id":25980},"dateCreated":"2015-03-22T11:00:00+0000","dateLastTaken":"2021-08-08T19:47:38+0000","latitude":59.874869,"currentOwner":{"name":"missturfcam","id":256836},"name":"Tobbetorget","id":46895,"totalTakeovers":10295,"region":{"area":{"name":"Uppsala kommun","id":1977},"country":"se","name":"Uppsala","id":142},"pointsPerHour":8,"longitude":17.623184,"takeoverPoints":80},"latitude":59.874869,"currentOwner":{"name":"missturfcam","id":256836},"time":"2021-08-08T19:47:38+0000","type":"takeover","longitude":17.623184},{"zone":{"previousOwner":{"name":"MrBelpit","id":328521},"dateCreated":"2020-05-18T14:00:00+0000","dateLastTaken":"2021-08-08T19:47:38+0000","latitude":55.9499,"currentOwner":{"name":"ESOCAli","id":272710},"name":"Clerwood","id":296077,"totalTakeovers":309,"region":{"area":{"name":"City of Edinburgh","id":2780},"country":"gb","name":"Scotland","id":200},"pointsPerHour":2,"longitude":-3.280126,"takeoverPoints":170},"latitude":55.9499,"currentOwner":{"name":"ESOCAli","id":272710},"time":"2021-08-08T19:47:38+0000","type":"takeover","longitude":-3.280126},{"zone":{"dateCreated":"2021-03-23T18:14:45+0000","dateLastTaken":"2021-08-08T19:47:38+0000","latitude":53.328954,"currentOwner":{"name":"LindaGC","id":298817},"name":"ThruTheWall","id":394023,"totalTakeovers":18,"region":{"area":{"name":"Derbyshire","id":2689},"country":"gb","name":"East Midlands","id":203},"pointsPerHour":1,"longitude":-1.73696,"takeoverPoints":185},"latitude":53.328954,"currentOwner":{"name":"LindaGC","id":298817},"time":"2021-08-08T19:47:38+0000","type":"takeover","longitude":-1.73696},{"zone":{"previousOwner":{"name":"ERROR-R","id":167761},"dateCreated":"2011-05-30T16:16:05+0000","dateLastTaken":"2021-08-08T19:47:37+0000","latitude":55.717753,"currentOwner":{"name":"MrSpock","id":30998},"name":"Freshwater","id":1747,"totalTakeovers":14928,"region":{"area":{"name":"Lunds kommun","id":1948},"country":"se","name":"Skåne","id":135},"pointsPerHour":6,"longitude":13.226632,"takeoverPoints":110},"assists":[{"name":"Majakatt","id":244377}],"latitude":55.717753,"currentOwner":{"name":"MrSpock","id":30998},"time":"2021-08-08T19:47:37+0000","type":"takeover","longitude":13.226632},{"zone":{"dateCreated":"2021-05-25T19:38:35+0000","dateLastTaken":"2021-08-08T19:47:32+0000","latitude":53.071466,"currentOwner":{"name":"sethdnt","id":305348},"name":"FoxHollow","id":421590,"totalTakeovers":32,"region":{"area":{"name":"Stoke-on-Trent","id":2728},"country":"gb","name":"West Midlands","id":208},"pointsPerHour":1,"longitude":-2.177791,"takeoverPoints":185},"latitude":53.071466,"currentOwner":{"name":"sethdnt","id":305348},"time":"2021-08-08T19:47:32+0000","type":"takeover","longitude":-2.177791},{"zone":{"previousOwner":{"name":"Bollinger***","id":99974},"dateCreated":"2014-03-25T10:00:00+0000","dateLastTaken":"2021-08-08T19:47:31+0000","latitude":61.351213,"currentOwner":{"name":"hösjön","id":257146},"name":"BollnesTennis","id":27465,"totalTakeovers":3384,"region":{"area":{"name":"Bollnäs kommun","id":2048},"country":"se","name":"Gävleborg","id":144},"pointsPerHour":4,"longitude":16.378468,"takeoverPoints":140},"latitude":61.351213,"currentOwner":{"name":"hösjön","id":257146},"time":"2021-08-08T19:47:31+0000","type":"takeover","longitude":16.378468},{"zone":{"previousOwner":{"name":"eleKtroFish","id":280461},"dateCreated":"2015-11-09T23:53:10+0000","dateLastTaken":"2021-08-08T19:47:29+0000","latitude":57.686698,"currentOwner":{"name":"Funky","id":149372},"name":"SilverkällÄlv","id":61087,"totalTakeovers":9343,"region":{"area":{"name":"Göteborgs kommun","id":1885},"country":"se","name":"Västra Götaland","id":132},"pointsPerHour":6,"longitude":11.917507,"takeoverPoints":110},"latitude":57.686698,"currentOwner":{"name":"Funky","id":149372},"time":"2021-08-08T19:47:29+0000","type":"takeover","longitude":11.917507},{"zone":{"previousOwner":{"name":"Mobius","id":29850},"dateCreated":"2012-03-19T23:50:54+0000","dateLastTaken":"2021-08-08T19:47:23+0000","latitude":59.390171,"currentOwner":{"name":"clalin","id":202674},"name":"TenstaGreen","id":7074,"totalTakeovers":5047,"region":{"area":{"name":"Stockholms kommun","id":1828},"country":"se","name":"Stockholm","id":141},"pointsPerHour":5,"longitude":17.896173,"takeoverPoints":125},"latitude":59.390171,"currentOwner":{"name":"clalin","id":202674},"time":"2021-08-08T19:47:23+0000","type":"takeover","longitude":17.896173},{"zone":{"previousOwner":{"name":"margrete","id":253039},"dateLastTaken":"2021-08-08T19:47:19+0000","latitude":61.471211,"totalTakeovers":1985,"type":{"name":"Train Station","id":13},"pointsPerHour":3,"takeoverPoints":155,"dateCreated":"2013-06-21T13:00:00+0000","currentOwner":{"name":"Birdlover","id":187461},"name":"ArbråStation","id":19643,"region":{"area":{"name":"Bollnäs kommun","id":2048},"country":"se","name":"Gävleborg","id":144},"longitude":16.379723},"latitude":61.471211,"currentOwner":{"name":"Birdlover","id":187461},"time":"2021-08-08T19:47:19+0000","type":"takeover","longitude":16.379723},{"zone":{"previousOwner":{"name":"leniv","id":133303},"dateCreated":"2016-08-31T11:26:09+0000","dateLastTaken":"2021-08-08T19:47:19+0000","latitude":56.052546,"currentOwner":{"name":"Konoplyanka","id":164372},"name":"WallEnd","id":82282,"totalTakeovers":2866,"region":{"area":{"name":"Helsingborgs kommun","id":1947},"country":"se","name":"Skåne","id":135},"pointsPerHour":5,"longitude":12.683353,"takeoverPoints":125},"latitude":56.052546,"currentOwner":{"name":"Konoplyanka","id":164372},"time":"2021-08-08T19:47:19+0000","type":"takeover","longitude":12.683353},{"zone":{"previousOwner":{"name":"~Sisyfos~","id":64357},"dateLastTaken":"2021-08-08T19:47:19+0000","latitude":59.334431,"totalTakeovers":2751,"type":{"name":"Holy","id":9},"pointsPerHour":7,"takeoverPoints":95,"dateCreated":"2017-06-20T13:00:00+0000","currentOwner":{"name":"CS1871","id":247411},"name":"VitaAnskarii","id":114521,"region":{"area":{"name":"Stockholms kommun","id":1828},"country":"se","name":"Stockholm","id":141},"longitude":17.97833},"latitude":59.334431,"currentOwner":{"name":"CS1871","id":247411},"time":"2021-08-08T19:47:19+0000","type":"takeover","longitude":17.97833},{"zone":{"previousOwner":{"name":"SunYour","id":7781},"dateCreated":"2012-12-24T11:00:00+0000","dateLastTaken":"2021-08-08T19:47:18+0000","latitude":59.595418,"currentOwner":{"name":"supervinden","id":279024},"name":"CisternZone","id":12404,"totalTakeovers":18789,"region":{"area":{"name":"Västerås","id":1807},"country":"se","name":"Västmanland","id":143},"pointsPerHour":8,"longitude":16.527312,"takeoverPoints":80},"assists":[{"name":"fisken021","id":274406}],"latitude":59.595418,"currentOwner":{"name":"supervinden","id":279024},"time":"2021-08-08T19:47:18+0000","type":"takeover","longitude":16.527312},{"zone":{"previousOwner":{"name":"lhcper","id":2733},"dateCreated":"2013-06-17T22:14:59+0000","dateLastTaken":"2021-08-08T19:47:16+0000","latitude":58.395951,"currentOwner":{"name":"Knoblauch","id":70153},"name":"Tinnerbäcken","id":20333,"totalTakeovers":11314,"region":{"area":{"name":"Linköpings kommun","id":1852},"country":"se","name":"Östergötland","id":139},"pointsPerHour":6,"longitude":15.62973,"takeoverPoints":110},"latitude":58.395951,"currentOwner":{"name":"Knoblauch","id":70153},"time":"2021-08-08T19:47:16+0000","type":"takeover","longitude":15.62973},{"zone":{"previousOwner":{"name":"Folonaj2020","id":279725},"dateCreated":"2015-08-16T20:00:00+0000","dateLastTaken":"2021-08-08T19:47:15+0000","latitude":59.924295,"currentOwner":{"name":"Nattuggla","id":165442},"name":"MidJohannes","id":56144,"totalTakeovers":5626,"region":{"area":{"name":"Sala kommun","id":1809},"country":"se","name":"Västmanland","id":143},"pointsPerHour":5,"longitude":16.586682,"takeoverPoints":125},"latitude":59.924295,"currentOwner":{"name":"Nattuggla","id":165442},"time":"2021-08-08T19:47:15+0000","type":"takeover","longitude":16.586682},{"zone":{"previousOwner":{"name":"Heureka","id":89635},"dateCreated":"2014-10-10T06:00:00+0000","dateLastTaken":"2021-08-08T19:47:09+0000","latitude":59.255501,"currentOwner":{"name":"VARG82","id":242351},"name":"BästaSvängen","id":37402,"totalTakeovers":11669,"region":{"area":{"name":"Stockholms kommun","id":1828},"country":"se","name":"Stockholm","id":141},"pointsPerHour":6,"longitude":18.088612,"takeoverPoints":110},"latitude":59.255501,"currentOwner":{"name":"VARG82","id":242351},"time":"2021-08-08T19:47:09+0000","type":"takeover","longitude":18.088612},{"zone":{"previousOwner":{"name":"maggan51","id":331276},"dateCreated":"2015-11-20T06:00:00+0000","dateLastTaken":"2021-08-08T19:47:04+0000","latitude":63.856633,"currentOwner":{"name":"PelSjo","id":183576},"name":"UnderYourWay","id":60463,"totalTakeovers":5929,"region":{"area":{"name":"Umeå kommun","id":2064},"country":"se","name":"Västerbotten","id":127},"pointsPerHour":6,"longitude":20.298419,"takeoverPoints":110},"latitude":63.856633,"currentOwner":{"name":"PelSjo","id":183576},"time":"2021-08-08T19:47:04+0000","type":"takeover","longitude":20.298419},{"zone":{"previousOwner":{"name":"Bont","id":90307},"dateCreated":"2012-03-30T19:17:55+0000","dateLastTaken":"2021-08-08T19:47:03+0000","latitude":63.82041,"currentOwner":{"name":"Ludovico","id":27680},"name":"TechnoHouse","id":7700,"totalTakeovers":33341,"region":{"area":{"name":"Umeå kommun","id":2064},"country":"se","name":"Västerbotten","id":127},"pointsPerHour":9,"longitude":20.310951,"takeoverPoints":65},"latitude":63.82041,"currentOwner":{"name":"Ludovico","id":27680},"time":"2021-08-08T19:47:03+0000","type":"takeover","longitude":20.310951},{"zone":{"previousOwner":{"name":"scorp","id":45470},"dateCreated":"2014-09-25T16:00:00+0000","dateLastTaken":"2021-08-08T19:47:02+0000","latitude":59.854621,"currentOwner":{"name":"Boinkaboinka","id":133017},"name":"CoffeeZone","id":37126,"totalTakeovers":15884,"region":{"area":{"name":"Uppsala kommun","id":1977},"country":"se","name":"Uppsala","id":142},"pointsPerHour":8,"longitude":17.651573,"takeoverPoints":80},"latitude":59.854621,"currentOwner":{"name":"Boinkaboinka","id":133017},"time":"2021-08-08T19:47:02+0000","type":"takeover","longitude":17.651573},{"zone":{"previousOwner":{"name":"S.T.","id":189276},"dateCreated":"2018-06-21T18:04:28+0000","dateLastTaken":"2021-08-08T19:46:53+0000","latitude":56.130525,"currentOwner":{"name":"keni","id":271343},"name":"LandetOvan","id":154355,"totalTakeovers":199,"region":{"area":{"name":"Åstorps kommun","id":1956},"country":"se","name":"Skåne","id":135},"pointsPerHour":1,"longitude":12.955924,"takeoverPoints":185},"latitude":56.130525,"currentOwner":{"name":"keni","id":271343},"time":"2021-08-08T19:46:53+0000","type":"takeover","longitude":12.955924},{"zone":{"previousOwner":{"name":"mattonabike","id":302925},"dateCreated":"2021-03-23T15:30:00+0000","dateLastTaken":"2021-08-08T19:46:53+0000","latitude":57.29279,"currentOwner":{"name":"caz2610","id":312422},"name":"BrandedButt","id":393638,"totalTakeovers":148,"region":{"area":{"name":"Aberdeenshire","id":2792},"country":"gb","name":"Scotland","id":200},"pointsPerHour":2,"longitude":-2.396908,"takeoverPoints":170},"latitude":57.29279,"currentOwner":{"name":"caz2610","id":312422},"time":"2021-08-08T19:46:53+0000","type":"takeover","longitude":-2.396908},{"zone":{"previousOwner":{"name":"lavskrika","id":310568},"dateCreated":"2014-02-19T15:00:00+0000","dateLastTaken":"2021-08-08T19:46:52+0000","latitude":59.295142,"currentOwner":{"name":"bussragnar","id":181795},"name":"SandbackaTee","id":25977,"totalTakeovers":2048,"region":{"area":{"name":"Örebro kommun","id":1819},"country":"se","name":"Örebro","id":131},"pointsPerHour":3,"longitude":15.150481,"takeoverPoints":155},"latitude":59.295142,"currentOwner":{"name":"bussragnar","id":181795},"time":"2021-08-08T19:46:52+0000","type":"takeover","longitude":15.150481},{"zone":{"previousOwner":{"name":"᛫ᛈᚨᛚᛏᚾ᛫","id":205446},"dateCreated":"2013-03-08T10:38:04+0000","dateLastTaken":"2021-08-08T19:46:50+0000","latitude":63.826019,"currentOwner":{"name":"Turfstina","id":188391},"name":"Broparken","id":15577,"totalTakeovers":26622,"region":{"area":{"name":"Umeå kommun","id":2064},"country":"se","name":"Västerbotten","id":127},"pointsPerHour":9,"longitude":20.25088,"takeoverPoints":65},"latitude":63.826019,"currentOwner":{"name":"Turfstina","id":188391},"time":"2021-08-08T19:46:50+0000","type":"takeover","longitude":20.25088},{"zone":{"previousOwner":{"name":"CabinFeather","id":283046},"dateCreated":"2021-01-07T08:30:00+0000","dateLastTaken":"2021-08-08T19:46:50+0000","latitude":55.98096,"currentOwner":{"name":"TheInquisitor","id":303322},"name":"AnotherBent","id":361937,"totalTakeovers":202,"region":{"area":{"name":"East Lothian","id":2786},"country":"gb","name":"Scotland","id":200},"pointsPerHour":3,"longitude":-2.90181,"takeoverPoints":155},"latitude":55.98096,"currentOwner":{"name":"TheInquisitor","id":303322},"time":"2021-08-08T19:46:50+0000","type":"takeover","longitude":-2.90181},{"zone":{"previousOwner":{"name":"novan","id":210843},"dateCreated":"2020-01-31T12:28:05+0000","dateLastTaken":"2021-08-08T19:46:49+0000","latitude":59.647386,"currentOwner":{"name":"CRUSAIDER","id":168025},"name":"Ödlegraven","id":226775,"totalTakeovers":1330,"region":{"area":{"name":"Västerås","id":1807},"country":"se","name":"Västmanland","id":143},"pointsPerHour":6,"longitude":16.614132,"takeoverPoints":110},"latitude":59.647386,"currentOwner":{"name":"CRUSAIDER","id":168025},"time":"2021-08-08T19:46:49+0000","type":"takeover","longitude":16.614132}]