[{"medal":93,"time":"2021-08-11T05:01:56+0000","type":"medal","user":{"country":"se","medals":[85,51,92,10,93],"zones":[24208,204433,17011,44100,44101,136042,31832,8441,31833,409193],"pointsPerHour":0,"points":3825,"blocktime":690,"taken":24,"name":"DrVerdandi","totalPoints":3825,"rank":6,"id":336927,"place":6379,"uniqueZonesTaken":18,"region":{"name":"Västmanland","id":143}}},{"sender":{"country":"uk","medals":[77,70,5,79,46,56,67,93,13,28,34,100,16],"zones":[320900,320901,320902,345031,320903,345030,320899,345036,320904,320905,320906,400340,320656,361937,400344,376807,320999,320674,320675,321004,356076,356075,318908,338431,338687],"pointsPerHour":55,"points":48378,"blocktime":1080,"taken":1952,"name":"TheInquisitor","totalPoints":470670,"rank":32,"id":303322,"place":534,"uniqueZonesTaken":396,"region":{"name":"Scotland","id":200}},"time":"2021-08-11T04:38:48+0000","message":"CardiffGreenC: can you not just go a a different way home?","region":{"name":"Scotland","id":200},"type":"chat"}]