[{"zone":{"previousOwner":{"name":"Mgåvan","id":92466},"dateCreated":"2015-12-24T14:00:00+0000","dateLastTaken":"2021-08-07T19:19:21+0000","latitude":58.698097,"currentOwner":{"name":"Stålblå","id":300091},"name":"Underjärn","id":62196,"totalTakeovers":419,"region":{"area":{"name":"Melleruds kommun","id":1920},"country":"se","name":"Västra Götaland","id":132},"pointsPerHour":3,"longitude":12.461276,"takeoverPoints":155},"latitude":58.698097,"currentOwner":{"name":"Stålblå","id":300091},"time":"2021-08-07T19:19:21+0000","type":"takeover","longitude":12.461276},{"zone":{"previousOwner":{"name":"sls_ilves","id":85317},"dateCreated":"2010-09-30T22:00:02+0000","dateLastTaken":"2021-08-07T19:19:20+0000","latitude":58.390324,"currentOwner":{"name":"Ztina","id":312699},"name":"Boulogner","id":864,"totalTakeovers":4692,"region":{"area":{"name":"Skövde kommun","id":1905},"country":"se","name":"Västra Götaland","id":132},"pointsPerHour":5,"longitude":13.85866,"takeoverPoints":125},"latitude":58.390324,"currentOwner":{"name":"Ztina","id":312699},"time":"2021-08-07T19:19:20+0000","type":"takeover","longitude":13.85866},{"zone":{"previousOwner":{"name":"Rydja_90","id":336788},"dateCreated":"2012-05-05T23:37:02+0000","dateLastTaken":"2021-08-07T19:19:19+0000","latitude":63.800852,"currentOwner":{"name":"s1xt3nPR0bo1","id":336789},"name":"Skogsrån","id":8596,"totalTakeovers":11045,"region":{"area":{"name":"Umeå kommun","id":2064},"country":"se","name":"Västerbotten","id":127},"pointsPerHour":7,"longitude":20.358956,"takeoverPoints":95},"assists":[{"name":"Jaktfalk.JR","id":241446}],"latitude":63.800852,"currentOwner":{"name":"s1xt3nPR0bo1","id":336789},"time":"2021-08-07T19:19:19+0000","type":"takeover","longitude":20.358956},{"zone":{"previousOwner":{"name":"grock","id":189790},"dateLastTaken":"2021-08-07T19:19:18+0000","latitude":65.612038,"totalTakeovers":3770,"type":{"name":"Train Station","id":13},"pointsPerHour":5,"takeoverPoints":125,"dateCreated":"2013-07-18T21:21:22+0000","currentOwner":{"name":"GammErik","id":213103},"name":"Notviken","id":20854,"region":{"area":{"name":"Luleå kommun","id":1798},"country":"se","name":"Norrbotten","id":126},"longitude":22.114923},"latitude":65.612038,"currentOwner":{"name":"GammErik","id":213103},"time":"2021-08-07T19:19:18+0000","type":"takeover","longitude":22.114923},{"zone":{"previousOwner":{"name":"zxc3","id":114104},"dateCreated":"2014-12-11T23:20:41+0000","dateLastTaken":"2021-08-07T19:19:16+0000","latitude":63.834203,"currentOwner":{"name":"MrDinco","id":11189},"name":"Utmarksbäcken","id":42689,"totalTakeovers":11432,"region":{"area":{"name":"Umeå kommun","id":2064},"country":"se","name":"Västerbotten","id":127},"pointsPerHour":8,"longitude":20.270687,"takeoverPoints":80},"assists":[{"name":"Blackstarjack","id":200991}],"latitude":63.834203,"currentOwner":{"name":"MrDinco","id":11189},"time":"2021-08-07T19:19:16+0000","type":"takeover","longitude":20.270687},{"zone":{"previousOwner":{"name":"vuuv","id":312612},"dateCreated":"2010-09-30T22:00:02+0000","dateLastTaken":"2021-08-07T19:19:15+0000","latitude":55.605518,"currentOwner":{"name":"Király","id":169417},"name":"Busstop","id":988,"totalTakeovers":11292,"region":{"area":{"name":"Malmö kommun","id":1898},"country":"se","name":"Skåne","id":135},"pointsPerHour":7,"longitude":13.023804,"takeoverPoints":95},"latitude":55.605518,"currentOwner":{"name":"Király","id":169417},"time":"2021-08-07T19:19:15+0000","type":"takeover","longitude":13.023804},{"zone":{"previousOwner":{"name":"morfarpappan49","id":212388},"dateCreated":"2013-02-14T19:15:35+0000","dateLastTaken":"2021-08-07T19:19:11+0000","latitude":63.818554,"currentOwner":{"name":"erpen","id":155024},"name":"Korsvägen","id":15008,"totalTakeovers":15853,"region":{"area":{"name":"Umeå kommun","id":2064},"country":"se","name":"Västerbotten","id":127},"pointsPerHour":8,"longitude":20.229973,"takeoverPoints":80},"latitude":63.818554,"currentOwner":{"name":"erpen","id":155024},"time":"2021-08-07T19:19:11+0000","type":"takeover","longitude":20.229973},{"zone":{"previousOwner":{"name":"Moi2021","id":327456},"dateCreated":"2013-10-26T12:00:00+0000","dateLastTaken":"2021-08-07T19:19:08+0000","latitude":63.824094,"currentOwner":{"name":"boddiloddan","id":164393},"name":"SkolZone","id":22357,"totalTakeovers":19799,"region":{"area":{"name":"Umeå kommun","id":2064},"country":"se","name":"Västerbotten","id":127},"pointsPerHour":9,"longitude":20.281075,"takeoverPoints":65},"latitude":63.824094,"currentOwner":{"name":"boddiloddan","id":164393},"time":"2021-08-07T19:19:08+0000","type":"takeover","longitude":20.281075},{"zone":{"previousOwner":{"name":"Sagarmatha","id":113595},"dateCreated":"2019-05-19T11:01:02+0000","dateLastTaken":"2021-08-07T19:19:03+0000","latitude":59.313805,"currentOwner":{"name":"blur","id":305387},"name":"EldaLugnt","id":196976,"totalTakeovers":182,"region":{"area":{"name":"Hammarö kommun","id":2029},"country":"se","name":"Värmland","id":130},"pointsPerHour":1,"longitude":13.559221,"takeoverPoints":185},"assists":[{"name":"ZoneMaan","id":59836}],"latitude":59.313805,"currentOwner":{"name":"blur","id":305387},"time":"2021-08-07T19:19:03+0000","type":"takeover","longitude":13.559221},{"zone":{"previousOwner":{"name":"DrEvil","id":230410},"dateCreated":"2011-08-25T18:45:33+0000","dateLastTaken":"2021-08-07T19:19:03+0000","latitude":57.765511,"currentOwner":{"name":"Granbera","id":119761},"name":"UnosTower","id":2832,"totalTakeovers":2554,"region":{"area":{"name":"Västerviks kommun","id":2022},"country":"se","name":"Kalmar","id":137},"pointsPerHour":4,"longitude":16.644377,"takeoverPoints":140},"assists":[{"name":"Granbero","id":113364}],"latitude":57.765511,"currentOwner":{"name":"Granbera","id":119761},"time":"2021-08-07T19:19:03+0000","type":"takeover","longitude":16.644377},{"zone":{"previousOwner":{"name":"N46B","id":300757},"dateCreated":"2010-07-17T00:00:00+0000","dateLastTaken":"2021-08-07T19:19:02+0000","latitude":59.336801,"currentOwner":{"name":"alfonsa","id":230609},"name":"StadshagenT","id":207,"totalTakeovers":21142,"region":{"area":{"name":"Stockholms kommun","id":1828},"country":"se","name":"Stockholm","id":141},"pointsPerHour":7,"longitude":18.016921,"takeoverPoints":95},"latitude":59.336801,"currentOwner":{"name":"alfonsa","id":230609},"time":"2021-08-07T19:19:02+0000","type":"takeover","longitude":18.016921},{"zone":{"previousOwner":{"name":"lhcper","id":2733},"dateCreated":"2016-10-03T09:14:12+0000","dateLastTaken":"2021-08-07T19:19:01+0000","latitude":58.394788,"currentOwner":{"name":"RosaPantern78","id":28845},"name":"Johannelund","id":89255,"totalTakeovers":5168,"region":{"area":{"name":"Linköpings kommun","id":1852},"country":"se","name":"Östergötland","id":139},"pointsPerHour":5,"longitude":15.657946,"takeoverPoints":125},"latitude":58.394788,"currentOwner":{"name":"RosaPantern78","id":28845},"time":"2021-08-07T19:19:01+0000","type":"takeover","longitude":15.657946},{"zone":{"previousOwner":{"name":"Strac","id":302230},"dateCreated":"2021-01-02T20:13:02+0000","dateLastTaken":"2021-08-07T19:19:00+0000","latitude":57.14844,"currentOwner":{"name":"Strac","id":302230},"name":"CarniePlains","id":361603,"totalTakeovers":397,"region":{"area":{"name":"Aberdeenshire","id":2792},"country":"gb","name":"Scotland","id":200},"pointsPerHour":2,"longitude":-2.303989,"takeoverPoints":170},"latitude":57.14844,"currentOwner":{"name":"Strac","id":302230},"time":"2021-08-07T19:19:00+0000","type":"takeover","longitude":-2.303989},{"zone":{"previousOwner":{"name":"féarglas","id":280861},"dateCreated":"2020-06-19T16:00:00+0000","dateLastTaken":"2021-08-07T19:18:57+0000","latitude":55.926488,"currentOwner":{"name":"féarglas","id":280861},"name":"TheBikeTrap","id":316653,"totalTakeovers":180,"region":{"area":{"name":"City of Edinburgh","id":2780},"country":"gb","name":"Scotland","id":200},"pointsPerHour":2,"longitude":-3.270337,"takeoverPoints":170},"latitude":55.926488,"currentOwner":{"name":"féarglas","id":280861},"time":"2021-08-07T19:18:57+0000","type":"takeover","longitude":-3.270337},{"zone":{"previousOwner":{"name":"Turfis","id":17586},"dateLastTaken":"2021-08-07T19:18:54+0000","latitude":58.420305,"totalTakeovers":5940,"type":{"name":"Holy","id":9},"pointsPerHour":4,"takeoverPoints":140,"dateCreated":"2015-04-26T21:42:40+0000","currentOwner":{"name":"Bath","id":57990},"name":"Missionzon","id":50367,"region":{"area":{"name":"Tibro","id":1936},"country":"se","name":"Västra Götaland","id":132},"longitude":14.161077},"latitude":58.420305,"currentOwner":{"name":"Bath","id":57990},"time":"2021-08-07T19:18:54+0000","type":"takeover","longitude":14.161077},{"zone":{"previousOwner":{"name":"iras","id":227773},"dateCreated":"2016-08-23T15:31:13+0000","dateLastTaken":"2021-08-07T19:18:53+0000","latitude":56.664324,"currentOwner":{"name":"MFFTurf2","id":105844},"name":"Gathenhielms","id":80618,"totalTakeovers":1208,"region":{"area":{"name":"Halmstads kommun","id":1979},"country":"se","name":"Halland","id":134},"pointsPerHour":4,"longitude":12.827924,"takeoverPoints":140},"latitude":56.664324,"currentOwner":{"name":"MFFTurf2","id":105844},"time":"2021-08-07T19:18:53+0000","type":"takeover","longitude":12.827924},{"zone":{"previousOwner":{"name":"acn71","id":274269},"dateCreated":"2013-11-10T13:37:00+0000","dateLastTaken":"2021-08-07T19:18:52+0000","latitude":59.612016,"currentOwner":{"name":"jeep43","id":62564},"name":"FunkisZone","id":22757,"totalTakeovers":14189,"region":{"area":{"name":"Västerås","id":1807},"country":"se","name":"Västmanland","id":143},"pointsPerHour":8,"longitude":16.591209,"takeoverPoints":80},"latitude":59.612016,"currentOwner":{"name":"jeep43","id":62564},"time":"2021-08-07T19:18:52+0000","type":"takeover","longitude":16.591209},{"zone":{"previousOwner":{"name":"fabbe2","id":188890},"dateCreated":"2011-01-30T11:03:04+0000","dateLastTaken":"2021-08-07T19:18:45+0000","latitude":55.726449,"currentOwner":{"name":"dentarjag","id":311940},"name":"Park","id":1406,"totalTakeovers":2664,"region":{"area":{"name":"Lunds kommun","id":1948},"country":"se","name":"Skåne","id":135},"pointsPerHour":4,"longitude":13.163112,"takeoverPoints":140},"latitude":55.726449,"currentOwner":{"name":"dentarjag","id":311940},"time":"2021-08-07T19:18:45+0000","type":"takeover","longitude":13.163112},{"zone":{"previousOwner":{"name":"robkarlsson","id":8805},"dateCreated":"2010-09-04T14:41:37+0000","dateLastTaken":"2021-08-07T19:18:41+0000","latitude":56.884795,"currentOwner":{"name":"Remonkey","id":143678},"name":"Growpark","id":654,"totalTakeovers":6058,"region":{"area":{"name":"Växjö kommun","id":1995},"country":"se","name":"Kronoberg","id":147},"pointsPerHour":5,"longitude":14.801571,"takeoverPoints":125},"latitude":56.884795,"currentOwner":{"name":"Remonkey","id":143678},"time":"2021-08-07T19:18:41+0000","type":"takeover","longitude":14.801571},{"zone":{"previousOwner":{"name":"Király","id":169417},"dateLastTaken":"2021-08-07T19:18:40+0000","latitude":55.592105,"totalTakeovers":10082,"type":{"name":"Train Station","id":13},"pointsPerHour":8,"takeoverPoints":80,"dateCreated":"2017-02-08T12:26:03+0000","currentOwner":{"name":"Ramsey11","id":115036},"name":"TriangelnSyd","id":95224,"region":{"area":{"name":"Malmö kommun","id":1898},"country":"se","name":"Skåne","id":135},"longitude":13.001856},"latitude":55.592105,"currentOwner":{"name":"Ramsey11","id":115036},"time":"2021-08-07T19:18:40+0000","type":"takeover","longitude":13.001856},{"zone":{"previousOwner":{"name":"Granbrott","id":17421},"dateLastTaken":"2021-08-07T19:18:38+0000","latitude":56.89881,"totalTakeovers":3945,"type":{"name":"Train Station","id":13},"pointsPerHour":7,"takeoverPoints":95,"dateCreated":"2013-12-24T11:00:00+0000","currentOwner":{"name":"siamosaurus","id":144347},"name":"ElfStation","id":24014,"region":{"area":{"name":"Alvesta kommun","id":2000},"country":"se","name":"Kronoberg","id":147},"longitude":14.556849},"latitude":56.89881,"currentOwner":{"name":"siamosaurus","id":144347},"time":"2021-08-07T19:18:38+0000","type":"takeover","longitude":14.556849},{"zone":{"previousOwner":{"name":"grock","id":189790},"dateCreated":"2010-09-04T14:41:37+0000","dateLastTaken":"2021-08-07T19:18:38+0000","latitude":65.584816,"currentOwner":{"name":"Kn_Stofil1","id":164773},"name":"FlorasKulle","id":619,"totalTakeovers":16088,"region":{"area":{"name":"Luleå kommun","id":1798},"country":"se","name":"Norrbotten","id":126},"pointsPerHour":8,"longitude":22.16045,"takeoverPoints":80},"latitude":65.584816,"currentOwner":{"name":"Kn_Stofil1","id":164773},"time":"2021-08-07T19:18:38+0000","type":"takeover","longitude":22.16045},{"zone":{"previousOwner":{"name":"ope83","id":213137},"dateCreated":"2017-05-13T06:29:54+0000","dateLastTaken":"2021-08-07T19:18:31+0000","latitude":65.588249,"currentOwner":{"name":"IceMan","id":1202},"name":"Kallbadet","id":106741,"totalTakeovers":5953,"region":{"area":{"name":"Luleå kommun","id":1798},"country":"se","name":"Norrbotten","id":126},"pointsPerHour":7,"longitude":22.128554,"takeoverPoints":95},"latitude":65.588249,"currentOwner":{"name":"IceMan","id":1202},"time":"2021-08-07T19:18:31+0000","type":"takeover","longitude":22.128554},{"zone":{"previousOwner":{"name":"Tandem","id":303714},"dateLastTaken":"2021-08-07T19:18:23+0000","latitude":55.913273,"totalTakeovers":103,"type":{"name":"Holy","id":9},"pointsPerHour":2,"takeoverPoints":170,"dateCreated":"2020-09-16T18:04:40+0000","currentOwner":{"name":"ELOG","id":335938},"name":"HolyOrmiston","id":331808,"region":{"area":{"name":"East Lothian","id":2786},"country":"gb","name":"Scotland","id":200},"longitude":-2.938652},"latitude":55.913273,"currentOwner":{"name":"ELOG","id":335938},"time":"2021-08-07T19:18:23+0000","type":"takeover","longitude":-2.938652},{"zone":{"previousOwner":{"name":"Perrac","id":50174},"dateCreated":"2013-12-24T16:00:00+0000","dateLastTaken":"2021-08-07T19:18:23+0000","latitude":59.631084,"currentOwner":{"name":"ami68","id":167440},"name":"TillFredholm","id":24166,"totalTakeovers":19883,"region":{"area":{"name":"Västerås","id":1807},"country":"se","name":"Västmanland","id":143},"pointsPerHour":8,"longitude":16.596935,"takeoverPoints":80},"latitude":59.631084,"currentOwner":{"name":"ami68","id":167440},"time":"2021-08-07T19:18:23+0000","type":"takeover","longitude":16.596935},{"zone":{"previousOwner":{"name":"Corellian","id":264701},"dateCreated":"2015-12-25T11:42:28+0000","dateLastTaken":"2021-08-07T19:18:22+0000","latitude":60.118244,"currentOwner":{"name":"Tompaj","id":74138},"name":"Strandnäszone","id":62394,"totalTakeovers":10161,"region":{"area":{"name":"Mariehamn","id":2176},"country":"fi","name":"Åland","id":177},"pointsPerHour":7,"longitude":19.942658,"takeoverPoints":95},"latitude":60.118244,"currentOwner":{"name":"Tompaj","id":74138},"time":"2021-08-07T19:18:22+0000","type":"takeover","longitude":19.942658},{"zone":{"previousOwner":{"name":"Uffeärextrem","id":13458},"dateCreated":"2012-12-24T11:00:00+0000","dateLastTaken":"2021-08-07T19:18:20+0000","latitude":65.32149,"currentOwner":{"name":"Ni_ki_ta","id":233048},"name":"ZtoneZone","id":12339,"totalTakeovers":7413,"region":{"area":{"name":"Piteå kommun","id":1797},"country":"se","name":"Norrbotten","id":126},"pointsPerHour":5,"longitude":21.476363,"takeoverPoints":125},"latitude":65.32149,"currentOwner":{"name":"Ni_ki_ta","id":233048},"time":"2021-08-07T19:18:20+0000","type":"takeover","longitude":21.476363},{"zone":{"previousOwner":{"name":"Zlas","id":241014},"dateCreated":"2019-10-10T18:08:14+0000","dateLastTaken":"2021-08-07T19:18:18+0000","latitude":67.146008,"currentOwner":{"name":"Eliza","id":242724},"name":"Träolja","id":220361,"totalTakeovers":1211,"region":{"area":{"name":"Gällivare kommun","id":1801},"country":"se","name":"Norrbotten","id":126},"pointsPerHour":3,"longitude":20.643262,"takeoverPoints":155},"latitude":67.146008,"currentOwner":{"name":"Eliza","id":242724},"time":"2021-08-07T19:18:18+0000","type":"takeover","longitude":20.643262},{"zone":{"previousOwner":{"name":"Mi035","id":242299},"dateCreated":"2011-09-14T19:49:44+0000","dateLastTaken":"2021-08-07T19:18:15+0000","latitude":59.51684,"currentOwner":{"name":"VincentVega","id":58769},"name":"BuyIsland","id":3303,"totalTakeovers":3688,"region":{"area":{"name":"Köpings kommun","id":1813},"country":"se","name":"Västmanland","id":143},"pointsPerHour":5,"longitude":15.990274,"takeoverPoints":125},"latitude":59.51684,"currentOwner":{"name":"VincentVega","id":58769},"time":"2021-08-07T19:18:15+0000","type":"takeover","longitude":15.990274},{"zone":{"previousOwner":{"name":"Weeturfarn","id":63172},"dateCreated":"2016-06-03T04:00:00+0000","dateLastTaken":"2021-08-07T19:18:08+0000","latitude":59.273293,"currentOwner":{"name":"Maqqan","id":23709},"name":"HjälmarGenväg","id":71306,"totalTakeovers":194,"region":{"area":{"name":"Kristinehamns kommun","id":2028},"country":"se","name":"Värmland","id":130},"pointsPerHour":1,"longitude":14.060908,"takeoverPoints":185},"latitude":59.273293,"currentOwner":{"name":"Maqqan","id":23709},"time":"2021-08-07T19:18:08+0000","type":"takeover","longitude":14.060908},{"zone":{"previousOwner":{"name":"mrgolfer","id":29831},"dateCreated":"2013-06-26T05:00:00+0000","dateLastTaken":"2021-08-07T19:18:06+0000","latitude":59.524572,"currentOwner":{"name":"CulDeSac","id":123337},"name":"Furustigen","id":20473,"totalTakeovers":5814,"region":{"area":{"name":"Köpings kommun","id":1813},"country":"se","name":"Västmanland","id":143},"pointsPerHour":5,"longitude":15.998957,"takeoverPoints":125},"latitude":59.524572,"currentOwner":{"name":"CulDeSac","id":123337},"time":"2021-08-07T19:18:06+0000","type":"takeover","longitude":15.998957},{"zone":{"previousOwner":{"name":"Jockatim","id":31184},"dateCreated":"2011-09-06T17:02:24+0000","dateLastTaken":"2021-08-07T19:18:03+0000","latitude":59.285889,"currentOwner":{"name":"eldmannen","id":325913},"name":"SunnyZone","id":3099,"totalTakeovers":2753,"region":{"area":{"name":"Stockholms kommun","id":1828},"country":"se","name":"Stockholm","id":141},"pointsPerHour":5,"longitude":18.002186,"takeoverPoints":125},"latitude":59.285889,"currentOwner":{"name":"eldmannen","id":325913},"time":"2021-08-07T19:18:03+0000","type":"takeover","longitude":18.002186},{"zone":{"previousOwner":{"name":"Király","id":169417},"dateCreated":"2017-03-18T07:00:00+0000","dateLastTaken":"2021-08-07T19:18:02+0000","latitude":55.592148,"currentOwner":{"name":"Jonte67","id":284492},"name":"Konstgjutarn","id":95749,"totalTakeovers":1402,"region":{"area":{"name":"Malmö kommun","id":1898},"country":"se","name":"Skåne","id":135},"pointsPerHour":5,"longitude":12.933073,"takeoverPoints":125},"latitude":55.592148,"currentOwner":{"name":"Jonte67","id":284492},"time":"2021-08-07T19:18:02+0000","type":"takeover","longitude":12.933073},{"zone":{"previousOwner":{"name":"hoss","id":40709},"dateLastTaken":"2021-08-07T19:17:58+0000","latitude":56.662804,"totalTakeovers":28263,"type":{"name":"Monument","id":21},"pointsPerHour":9,"takeoverPoints":65,"dateCreated":"2011-03-17T07:25:47+0000","currentOwner":{"name":"cyklaännumera","id":163694},"name":"Larmtorget","id":1595,"region":{"area":{"name":"Kalmar kommun","id":2015},"country":"se","name":"Kalmar","id":137},"longitude":16.361016},"latitude":56.662804,"currentOwner":{"name":"cyklaännumera","id":163694},"time":"2021-08-07T19:17:58+0000","type":"takeover","longitude":16.361016},{"zone":{"previousOwner":{"name":"Movemania","id":22813},"dateCreated":"2012-08-12T17:11:00+0000","dateLastTaken":"2021-08-07T19:17:56+0000","latitude":57.674611,"currentOwner":{"name":"Völund","id":26984},"name":"HookFlatPlaza","id":10404,"totalTakeovers":7342,"region":{"area":{"name":"Mölndals kommun","id":1886},"country":"se","name":"Västra Götaland","id":132},"pointsPerHour":6,"longitude":12.007544,"takeoverPoints":110},"latitude":57.674611,"currentOwner":{"name":"Völund","id":26984},"time":"2021-08-07T19:17:56+0000","type":"takeover","longitude":12.007544},{"zone":{"previousOwner":{"name":"HarryBus","id":166993},"dateCreated":"2016-04-28T21:13:56+0000","dateLastTaken":"2021-08-07T19:17:50+0000","latitude":65.261594,"currentOwner":{"name":"acrylic","id":10610},"name":"Glommerssim","id":68237,"totalTakeovers":63,"region":{"area":{"name":"Arvidsjaurs kommun","id":2079},"country":"se","name":"Norrbotten","id":126},"pointsPerHour":1,"longitude":19.640465,"takeoverPoints":185},"assists":[{"name":"nokiakarin","id":86233}],"latitude":65.261594,"currentOwner":{"name":"acrylic","id":10610},"time":"2021-08-07T19:17:50+0000","type":"takeover","longitude":19.640465},{"zone":{"previousOwner":{"name":"Borg007","id":281877},"dateCreated":"2014-02-26T11:00:00+0000","dateLastTaken":"2021-08-07T19:17:40+0000","latitude":59.075192,"currentOwner":{"name":"SFL","id":165454},"name":"Ingendamm","id":26110,"totalTakeovers":1541,"region":{"area":{"name":"Hallsbergs kommun","id":1822},"country":"se","name":"Örebro","id":131},"pointsPerHour":2,"longitude":15.078015,"takeoverPoints":170},"latitude":59.075192,"currentOwner":{"name":"SFL","id":165454},"time":"2021-08-07T19:17:40+0000","type":"takeover","longitude":15.078015},{"zone":{"previousOwner":{"name":"grock","id":189790},"dateCreated":"2013-07-18T21:23:53+0000","dateLastTaken":"2021-08-07T19:17:37+0000","latitude":65.615349,"currentOwner":{"name":"GammErik","id":213103},"name":"RondellZone","id":20855,"totalTakeovers":3593,"region":{"area":{"name":"Luleå kommun","id":1798},"country":"se","name":"Norrbotten","id":126},"pointsPerHour":4,"longitude":22.122262,"takeoverPoints":140},"latitude":65.615349,"currentOwner":{"name":"GammErik","id":213103},"time":"2021-08-07T19:17:37+0000","type":"takeover","longitude":22.122262},{"zone":{"dateCreated":"2020-10-13T13:47:46+0000","dateLastTaken":"2021-08-07T19:17:33+0000","latitude":57.555792,"currentOwner":{"name":"RaphB","id":298204},"name":"BelowAlligin","id":345052,"totalTakeovers":5,"region":{"area":{"name":"Highland","id":2784},"country":"gb","name":"Scotland","id":200},"pointsPerHour":1,"longitude":-5.568039,"takeoverPoints":185},"latitude":57.555792,"currentOwner":{"name":"RaphB","id":298204},"time":"2021-08-07T19:17:33+0000","type":"takeover","longitude":-5.568039},{"zone":{"previousOwner":{"name":"grock","id":189790},"dateCreated":"2014-08-29T20:49:37+0000","dateLastTaken":"2021-08-07T19:17:32+0000","latitude":65.612331,"currentOwner":{"name":"Hilla","id":212997},"name":"Midsommarn","id":33898,"totalTakeovers":4196,"region":{"area":{"name":"Luleå kommun","id":1798},"country":"se","name":"Norrbotten","id":126},"pointsPerHour":5,"longitude":22.167412,"takeoverPoints":125},"latitude":65.612331,"currentOwner":{"name":"Hilla","id":212997},"time":"2021-08-07T19:17:32+0000","type":"takeover","longitude":22.167412},{"zone":{"previousOwner":{"name":"robkarlsson","id":8805},"dateCreated":"2012-04-02T19:23:57+0000","dateLastTaken":"2021-08-07T19:17:26+0000","latitude":56.882801,"currentOwner":{"name":"Remonkey","id":143678},"name":"WestRoadZone","id":7861,"totalTakeovers":5567,"region":{"area":{"name":"Växjö kommun","id":1995},"country":"se","name":"Kronoberg","id":147},"pointsPerHour":4,"longitude":14.804145,"takeoverPoints":140},"latitude":56.882801,"currentOwner":{"name":"Remonkey","id":143678},"time":"2021-08-07T19:17:26+0000","type":"takeover","longitude":14.804145},{"zone":{"previousOwner":{"name":"Mårbacka","id":118441},"dateCreated":"2020-10-19T07:55:30+0000","dateLastTaken":"2021-08-07T19:17:16+0000","latitude":59.110044,"currentOwner":{"name":"Olleklunk","id":253865},"name":"Bangatskröken","id":346959,"totalTakeovers":444,"region":{"area":{"name":"Kumla kommun","id":1816},"country":"se","name":"Örebro","id":131},"pointsPerHour":3,"longitude":15.134757,"takeoverPoints":155},"latitude":59.110044,"currentOwner":{"name":"Olleklunk","id":253865},"time":"2021-08-07T19:17:16+0000","type":"takeover","longitude":15.134757},{"zone":{"previousOwner":{"name":"ulrikase","id":67171},"dateCreated":"2012-03-19T20:56:28+0000","dateLastTaken":"2021-08-07T19:17:12+0000","latitude":58.428296,"currentOwner":{"name":"recycling","id":79989},"name":"TornbyPark","id":7002,"totalTakeovers":6231,"region":{"area":{"name":"Linköpings kommun","id":1852},"country":"se","name":"Östergötland","id":139},"pointsPerHour":5,"longitude":15.610699,"takeoverPoints":125},"latitude":58.428296,"currentOwner":{"name":"recycling","id":79989},"time":"2021-08-07T19:17:12+0000","type":"takeover","longitude":15.610699},{"zone":{"previousOwner":{"name":"Rydja_90","id":336788},"dateCreated":"2019-12-24T12:18:21+0000","dateLastTaken":"2021-08-07T19:17:10+0000","latitude":63.800792,"currentOwner":{"name":"Jaktfalk.JR","id":241446},"name":"Påsktomten","id":224548,"totalTakeovers":3117,"region":{"area":{"name":"Umeå kommun","id":2064},"country":"se","name":"Västerbotten","id":127},"pointsPerHour":8,"longitude":20.350476,"takeoverPoints":80},"latitude":63.800792,"currentOwner":{"name":"Jaktfalk.JR","id":241446},"time":"2021-08-07T19:17:10+0000","type":"takeover","longitude":20.350476},{"zone":{"previousOwner":{"name":"Xoff","id":103201},"dateCreated":"2015-12-24T13:00:00+0000","dateLastTaken":"2021-08-07T19:17:05+0000","latitude":65.32327,"currentOwner":{"name":"Ni_ki_ta","id":233048},"name":"SportyPite","id":62235,"totalTakeovers":6745,"region":{"area":{"name":"Piteå kommun","id":1797},"country":"se","name":"Norrbotten","id":126},"pointsPerHour":5,"longitude":21.47619,"takeoverPoints":125},"latitude":65.32327,"currentOwner":{"name":"Ni_ki_ta","id":233048},"time":"2021-08-07T19:17:05+0000","type":"takeover","longitude":21.47619},{"zone":{"previousOwner":{"name":"duffman","id":278698},"dateCreated":"2010-10-15T00:00:00+0000","dateLastTaken":"2021-08-07T19:17:05+0000","latitude":63.825626,"currentOwner":{"name":"boddiloddan","id":164393},"name":"NewZone","id":994,"totalTakeovers":24803,"region":{"area":{"name":"Umeå kommun","id":2064},"country":"se","name":"Västerbotten","id":127},"pointsPerHour":9,"longitude":20.276337,"takeoverPoints":65},"assists":[{"name":"zxc3","id":114104}],"latitude":63.825626,"currentOwner":{"name":"boddiloddan","id":164393},"time":"2021-08-07T19:17:05+0000","type":"takeover","longitude":20.276337},{"zone":{"previousOwner":{"name":"Mgåvan","id":92466},"dateCreated":"2015-03-09T21:28:37+0000","dateLastTaken":"2021-08-07T19:17:04+0000","latitude":58.697143,"currentOwner":{"name":"Stålblå","id":300091},"name":"Gränszon","id":46505,"totalTakeovers":256,"region":{"area":{"name":"Melleruds kommun","id":1920},"country":"se","name":"Västra Götaland","id":132},"pointsPerHour":2,"longitude":12.464672,"takeoverPoints":170},"latitude":58.697143,"currentOwner":{"name":"Stålblå","id":300091},"time":"2021-08-07T19:17:04+0000","type":"takeover","longitude":12.464672},{"zone":{"previousOwner":{"name":"acn71","id":274269},"dateCreated":"2012-04-01T14:31:11+0000","dateLastTaken":"2021-08-07T19:17:01+0000","latitude":59.614808,"currentOwner":{"name":"jeep43","id":62564},"name":"OhBehave","id":7762,"totalTakeovers":25600,"region":{"area":{"name":"Västerås","id":1807},"country":"se","name":"Västmanland","id":143},"pointsPerHour":8,"longitude":16.589058,"takeoverPoints":80},"latitude":59.614808,"currentOwner":{"name":"jeep43","id":62564},"time":"2021-08-07T19:17:01+0000","type":"takeover","longitude":16.589058},{"zone":{"previousOwner":{"name":"Knoblauch","id":70153},"dateLastTaken":"2021-08-07T19:16:59+0000","latitude":58.402326,"totalTakeovers":20355,"type":{"name":"Winner Zone","id":6},"pointsPerHour":7,"takeoverPoints":95,"dateCreated":"2013-07-03T22:30:00+0000","currentOwner":{"name":"Kotten73","id":72916},"name":"MazarinCross","id":20574,"region":{"area":{"name":"Linköpings kommun","id":1852},"country":"se","name":"Östergötland","id":139},"longitude":15.609802},"latitude":58.402326,"currentOwner":{"name":"Kotten73","id":72916},"time":"2021-08-07T19:16:59+0000","type":"takeover","longitude":15.609802},{"zone":{"previousOwner":{"name":"jabe48","id":334869},"dateCreated":"2012-06-10T14:30:21+0000","dateLastTaken":"2021-08-07T19:16:58+0000","latitude":63.859315,"currentOwner":{"name":"jeppe1","id":187874},"name":"Spårers","id":9419,"totalTakeovers":10575,"region":{"area":{"name":"Umeå kommun","id":2064},"country":"se","name":"Västerbotten","id":127},"pointsPerHour":7,"longitude":20.330904,"takeoverPoints":95},"latitude":63.859315,"currentOwner":{"name":"jeppe1","id":187874},"time":"2021-08-07T19:16:58+0000","type":"takeover","longitude":20.330904},{"zone":{"previousOwner":{"name":"Mi035","id":242299},"dateCreated":"2014-03-26T08:58:13+0000","dateLastTaken":"2021-08-07T19:16:56+0000","latitude":59.519067,"currentOwner":{"name":"VincentVega","id":58769},"name":"TunadalPath","id":27549,"totalTakeovers":4783,"region":{"area":{"name":"Köpings kommun","id":1813},"country":"se","name":"Västmanland","id":143},"pointsPerHour":5,"longitude":15.992669,"takeoverPoints":125},"latitude":59.519067,"currentOwner":{"name":"VincentVega","id":58769},"time":"2021-08-07T19:16:56+0000","type":"takeover","longitude":15.992669},{"zone":{"previousOwner":{"name":"vuuv","id":312612},"dateCreated":"2016-11-19T18:09:06+0000","dateLastTaken":"2021-08-07T19:16:54+0000","latitude":55.608731,"currentOwner":{"name":"Király","id":169417},"name":"Konduktören","id":91743,"totalTakeovers":3442,"region":{"area":{"name":"Malmö kommun","id":1898},"country":"se","name":"Skåne","id":135},"pointsPerHour":5,"longitude":13.018658,"takeoverPoints":125},"latitude":55.608731,"currentOwner":{"name":"Király","id":169417},"time":"2021-08-07T19:16:54+0000","type":"takeover","longitude":13.018658},{"zone":{"previousOwner":{"name":"sls_ilves","id":85317},"dateCreated":"2017-02-04T13:32:40+0000","dateLastTaken":"2021-08-07T19:16:44+0000","latitude":58.391672,"currentOwner":{"name":"Ztina","id":312699},"name":"KallaKårar","id":95079,"totalTakeovers":2356,"region":{"area":{"name":"Skövde kommun","id":1905},"country":"se","name":"Västra Götaland","id":132},"pointsPerHour":5,"longitude":13.856107,"takeoverPoints":125},"latitude":58.391672,"currentOwner":{"name":"Ztina","id":312699},"time":"2021-08-07T19:16:44+0000","type":"takeover","longitude":13.856107},{"zone":{"previousOwner":{"name":"fabbe2","id":188890},"dateCreated":"2021-02-13T14:00:00+0000","dateLastTaken":"2021-08-07T19:16:38+0000","latitude":55.72857,"currentOwner":{"name":"dentarjag","id":311940},"name":"OförskämdBok","id":374497,"totalTakeovers":204,"region":{"area":{"name":"Lunds kommun","id":1948},"country":"se","name":"Skåne","id":135},"pointsPerHour":4,"longitude":13.164109,"takeoverPoints":140},"latitude":55.72857,"currentOwner":{"name":"dentarjag","id":311940},"time":"2021-08-07T19:16:38+0000","type":"takeover","longitude":13.164109},{"zone":{"previousOwner":{"name":"iTurf","id":38915},"dateCreated":"2015-08-30T09:56:31+0000","dateLastTaken":"2021-08-07T19:16:35+0000","latitude":57.638438,"currentOwner":{"name":"grumpycat","id":230140},"name":"Hamnpiren","id":56779,"totalTakeovers":528,"region":{"area":{"name":"Gotland","id":1881},"country":"se","name":"Gotland","id":138},"pointsPerHour":6,"longitude":18.280335,"takeoverPoints":110},"latitude":57.638438,"currentOwner":{"name":"grumpycat","id":230140},"time":"2021-08-07T19:16:35+0000","type":"takeover","longitude":18.280335},{"zone":{"previousOwner":{"name":"BeardyWhisky","id":335980},"dateCreated":"2013-06-15T08:00:00+0000","dateLastTaken":"2021-08-07T19:16:33+0000","latitude":53.793061,"currentOwner":{"name":"jeffcymru","id":306506},"name":"WharfLock","id":19976,"totalTakeovers":37,"region":{"country":"gb","name":"Yorkshire & The Humber","id":202},"pointsPerHour":1,"longitude":-1.551433,"takeoverPoints":185},"latitude":53.793061,"currentOwner":{"name":"jeffcymru","id":306506},"time":"2021-08-07T19:16:33+0000","type":"takeover","longitude":-1.551433},{"zone":{"previousOwner":{"name":"Marauder58","id":334983},"dateLastTaken":"2021-08-07T19:16:31+0000","latitude":63.824682,"totalTakeovers":26740,"type":{"name":"Bridge","id":8},"pointsPerHour":9,"takeoverPoints":65,"dateCreated":"2010-10-12T00:00:00+0000","currentOwner":{"name":"linkaz","id":101631},"name":"UmeBridge","id":1000,"region":{"area":{"name":"Umeå kommun","id":2064},"country":"se","name":"Västerbotten","id":127},"longitude":20.24902},"assists":[{"name":"morfarpappan49","id":212388}],"latitude":63.824682,"currentOwner":{"name":"linkaz","id":101631},"time":"2021-08-07T19:16:31+0000","type":"takeover","longitude":20.24902},{"zone":{"previousOwner":{"name":"SirDannte","id":335809},"dateCreated":"2018-04-21T05:00:00+0000","dateLastTaken":"2021-08-07T19:16:28+0000","latitude":58.535703,"currentOwner":{"name":"SirDannte","id":335809},"name":"RaktOchFint","id":144409,"totalTakeovers":263,"region":{"area":{"name":"Motala kommun","id":1854},"country":"se","name":"Östergötland","id":139},"pointsPerHour":3,"longitude":15.018434,"takeoverPoints":155},"latitude":58.535703,"currentOwner":{"name":"SirDannte","id":335809},"time":"2021-08-07T19:16:28+0000","type":"takeover","longitude":15.018434},{"zone":{"previousOwner":{"name":"Traveller","id":220699},"dateCreated":"2021-05-26T09:36:25+0000","dateLastTaken":"2021-08-07T19:16:28+0000","latitude":59.63046,"currentOwner":{"name":"Evil_B","id":42658},"name":"Traktorägg","id":409521,"totalTakeovers":78,"region":{"area":{"name":"Sigtuna kommun","id":1834},"country":"se","name":"Stockholm","id":141},"pointsPerHour":4,"longitude":17.883045,"takeoverPoints":140},"latitude":59.63046,"currentOwner":{"name":"Evil_B","id":42658},"time":"2021-08-07T19:16:28+0000","type":"takeover","longitude":17.883045},{"zone":{"previousOwner":{"name":"bubobubo","id":145386},"dateCreated":"2012-02-22T20:09:53+0000","dateLastTaken":"2021-08-07T19:16:25+0000","latitude":56.897499,"currentOwner":{"name":"siamosaurus","id":144347},"name":"TrainLake","id":6481,"totalTakeovers":1305,"region":{"area":{"name":"Alvesta kommun","id":2000},"country":"se","name":"Kronoberg","id":147},"pointsPerHour":3,"longitude":14.56038,"takeoverPoints":155},"latitude":56.897499,"currentOwner":{"name":"siamosaurus","id":144347},"time":"2021-08-07T19:16:25+0000","type":"takeover","longitude":14.56038},{"zone":{"previousOwner":{"name":"Movemania","id":22813},"dateCreated":"2013-11-04T09:32:09+0000","dateLastTaken":"2021-08-07T19:16:23+0000","latitude":57.671206,"currentOwner":{"name":"Völund","id":26984},"name":"Berghemmet","id":22640,"totalTakeovers":6536,"region":{"area":{"name":"Mölndals kommun","id":1886},"country":"se","name":"Västra Götaland","id":132},"pointsPerHour":6,"longitude":12.009576,"takeoverPoints":110},"latitude":57.671206,"currentOwner":{"name":"Völund","id":26984},"time":"2021-08-07T19:16:23+0000","type":"takeover","longitude":12.009576},{"zone":{"previousOwner":{"name":"Turfis","id":17586},"dateLastTaken":"2021-08-07T19:16:16+0000","latitude":58.422463,"totalTakeovers":1411,"type":{"name":"Bridge","id":8},"pointsPerHour":4,"takeoverPoints":140,"dateCreated":"2019-10-27T16:30:10+0000","currentOwner":{"name":"Bath","id":57990},"name":"Tibrobrobro","id":221447,"region":{"area":{"name":"Tibro","id":1936},"country":"se","name":"Västra Götaland","id":132},"longitude":14.158282},"latitude":58.422463,"currentOwner":{"name":"Bath","id":57990},"time":"2021-08-07T19:16:16+0000","type":"takeover","longitude":14.158282},{"zone":{"previousOwner":{"name":"megafonen","id":311825},"dateCreated":"2013-08-26T18:33:11+0000","dateLastTaken":"2021-08-07T19:16:12+0000","latitude":59.046119,"currentOwner":{"name":"Kjellake","id":305446},"name":"Dagabacken","id":21391,"totalTakeovers":2324,"region":{"area":{"name":"Gnesta kommun","id":1880},"country":"se","name":"Södermanland","id":140},"pointsPerHour":3,"longitude":17.310388,"takeoverPoints":155},"latitude":59.046119,"currentOwner":{"name":"Kjellake","id":305446},"time":"2021-08-07T19:16:12+0000","type":"takeover","longitude":17.310388},{"zone":{"previousOwner":{"name":"mammahäxan","id":119451},"dateCreated":"2012-07-16T00:44:45+0000","dateLastTaken":"2021-08-07T19:16:11+0000","latitude":56.685835,"currentOwner":{"name":"Ulfheim","id":145761},"name":"KalPondZone","id":9701,"totalTakeovers":9546,"region":{"area":{"name":"Kalmar kommun","id":2015},"country":"se","name":"Kalmar","id":137},"pointsPerHour":6,"longitude":16.356139,"takeoverPoints":110},"latitude":56.685835,"currentOwner":{"name":"Ulfheim","id":145761},"time":"2021-08-07T19:16:11+0000","type":"takeover","longitude":16.356139},{"zone":{"previousOwner":{"name":"TurfTalk","id":145495},"dateCreated":"2011-09-15T10:00:00+0000","dateLastTaken":"2021-08-07T19:16:09+0000","latitude":63.835209,"currentOwner":{"name":"Blackstarjack","id":200991},"name":"Sandaparken","id":3440,"totalTakeovers":15284,"region":{"area":{"name":"Umeå kommun","id":2064},"country":"se","name":"Västerbotten","id":127},"pointsPerHour":8,"longitude":20.278954,"takeoverPoints":80},"assists":[{"name":"MrDinco","id":11189}],"latitude":63.835209,"currentOwner":{"name":"Blackstarjack","id":200991},"time":"2021-08-07T19:16:09+0000","type":"takeover","longitude":20.278954},{"zone":{"previousOwner":{"name":"LeiLar","id":34920},"dateCreated":"2016-09-01T06:00:29+0000","dateLastTaken":"2021-08-07T19:16:08+0000","latitude":63.803351,"currentOwner":{"name":"BL6625","id":227345},"name":"NothingFancy","id":82352,"totalTakeovers":6168,"region":{"area":{"name":"Umeå kommun","id":2064},"country":"se","name":"Västerbotten","id":127},"pointsPerHour":6,"longitude":20.301826,"takeoverPoints":110},"latitude":63.803351,"currentOwner":{"name":"BL6625","id":227345},"time":"2021-08-07T19:16:08+0000","type":"takeover","longitude":20.301826},{"zone":{"previousOwner":{"name":"fluffen9","id":59392},"dateCreated":"2017-12-24T12:00:00+0000","dateLastTaken":"2021-08-07T19:16:04+0000","latitude":57.706672,"currentOwner":{"name":"hans.-hans","id":97495},"name":"Xet","id":139451,"totalTakeovers":9495,"region":{"area":{"name":"Göteborgs kommun","id":1885},"country":"se","name":"Västra Götaland","id":132},"pointsPerHour":8,"longitude":11.974471,"takeoverPoints":80},"latitude":57.706672,"currentOwner":{"name":"hans.-hans","id":97495},"time":"2021-08-07T19:16:04+0000","type":"takeover","longitude":11.974471},{"zone":{"previousOwner":{"name":"TurfUlf2","id":186093},"dateLastTaken":"2021-08-07T19:15:57+0000","latitude":59.699749,"totalTakeovers":2209,"type":{"name":"Holy","id":9},"pointsPerHour":5,"takeoverPoints":125,"dateCreated":"2014-12-24T12:00:00+0000","currentOwner":{"name":"Jimo","id":8026},"name":"SkulChurch","id":43158,"region":{"area":{"name":"Västerås","id":1807},"country":"se","name":"Västmanland","id":143},"longitude":16.428864},"assists":[{"name":"GrandmaDuck","id":209349}],"latitude":59.699749,"currentOwner":{"name":"Jimo","id":8026},"time":"2021-08-07T19:15:57+0000","type":"takeover","longitude":16.428864},{"zone":{"previousOwner":{"name":"ibanezlespaul","id":15227},"dateCreated":"2013-06-21T13:00:00+0000","dateLastTaken":"2021-08-07T19:15:46+0000","latitude":59.614327,"currentOwner":{"name":"jeep43","id":62564},"name":"OakStockRoad","id":19693,"totalTakeovers":19416,"region":{"area":{"name":"Västerås","id":1807},"country":"se","name":"Västmanland","id":143},"pointsPerHour":8,"longitude":16.593484,"takeoverPoints":80},"latitude":59.614327,"currentOwner":{"name":"jeep43","id":62564},"time":"2021-08-07T19:15:46+0000","type":"takeover","longitude":16.593484},{"zone":{"previousOwner":{"name":"Jagdpanther","id":77661},"dateCreated":"2013-06-08T13:52:50+0000","dateLastTaken":"2021-08-07T19:15:42+0000","latitude":56.702338,"currentOwner":{"name":"Jajjoman","id":289153},"name":"WhichWay","id":19340,"totalTakeovers":9688,"region":{"area":{"name":"Kalmar kommun","id":2015},"country":"se","name":"Kalmar","id":137},"pointsPerHour":5,"longitude":16.351195,"takeoverPoints":125},"latitude":56.702338,"currentOwner":{"name":"Jajjoman","id":289153},"time":"2021-08-07T19:15:42+0000","type":"takeover","longitude":16.351195},{"zone":{"previousOwner":{"name":"Svensings","id":288002},"dateCreated":"2017-11-29T06:00:00+0000","dateLastTaken":"2021-08-07T19:15:38+0000","latitude":59.383594,"currentOwner":{"name":"halleballe","id":189114},"name":"LysandeSickan","id":138471,"totalTakeovers":2182,"region":{"area":{"name":"Stockholms kommun","id":1828},"country":"se","name":"Stockholm","id":141},"pointsPerHour":5,"longitude":17.904612,"takeoverPoints":125},"latitude":59.383594,"currentOwner":{"name":"halleballe","id":189114},"time":"2021-08-07T19:15:38+0000","type":"takeover","longitude":17.904612},{"zone":{"previousOwner":{"name":"Mi035","id":242299},"dateCreated":"2019-06-15T21:06:01+0000","dateLastTaken":"2021-08-07T19:15:36+0000","latitude":59.521,"currentOwner":{"name":"VincentVega","id":58769},"name":"Marieskog","id":202402,"totalTakeovers":1527,"region":{"area":{"name":"Köpings kommun","id":1813},"country":"se","name":"Västmanland","id":143},"pointsPerHour":4,"longitude":15.990114,"takeoverPoints":140},"latitude":59.521,"currentOwner":{"name":"VincentVega","id":58769},"time":"2021-08-07T19:15:36+0000","type":"takeover","longitude":15.990114},{"zone":{"previousOwner":{"name":"Lizen","id":190320},"dateCreated":"2017-09-18T07:51:01+0000","dateLastTaken":"2021-08-07T19:15:34+0000","latitude":55.590074,"currentOwner":{"name":"Jonte67","id":284492},"name":"SneakyFishing","id":125314,"totalTakeovers":1138,"region":{"area":{"name":"Malmö kommun","id":1898},"country":"se","name":"Skåne","id":135},"pointsPerHour":4,"longitude":12.927896,"takeoverPoints":140},"latitude":55.590074,"currentOwner":{"name":"Jonte67","id":284492},"time":"2021-08-07T19:15:34+0000","type":"takeover","longitude":12.927896},{"zone":{"previousOwner":{"name":"Olleklunk","id":253865},"dateCreated":"2015-04-26T10:00:00+0000","dateLastTaken":"2021-08-07T19:15:33+0000","latitude":59.127519,"currentOwner":{"name":"tobbej3","id":78081},"name":"FarmStreet","id":50276,"totalTakeovers":2607,"region":{"area":{"name":"Kumla kommun","id":1816},"country":"se","name":"Örebro","id":131},"pointsPerHour":3,"longitude":15.124292,"takeoverPoints":155},"latitude":59.127519,"currentOwner":{"name":"tobbej3","id":78081},"time":"2021-08-07T19:15:33+0000","type":"takeover","longitude":15.124292},{"zone":{"previousOwner":{"name":"Mgåvan","id":92466},"dateCreated":"2018-09-28T05:19:22+0000","dateLastTaken":"2021-08-07T19:15:28+0000","latitude":58.696595,"currentOwner":{"name":"Stålblå","id":300091},"name":"BigOx","id":172741,"totalTakeovers":89,"region":{"area":{"name":"Melleruds kommun","id":1920},"country":"se","name":"Västra Götaland","id":132},"pointsPerHour":2,"longitude":12.469314,"takeoverPoints":170},"latitude":58.696595,"currentOwner":{"name":"Stålblå","id":300091},"time":"2021-08-07T19:15:28+0000","type":"takeover","longitude":12.469314},{"zone":{"previousOwner":{"name":"grock","id":189790},"dateCreated":"2012-11-13T21:33:23+0000","dateLastTaken":"2021-08-07T19:15:26+0000","latitude":65.619742,"currentOwner":{"name":"GammErik","id":213103},"name":"LikeZone","id":11890,"totalTakeovers":3021,"region":{"area":{"name":"Luleå kommun","id":1798},"country":"se","name":"Norrbotten","id":126},"pointsPerHour":5,"longitude":22.117525,"takeoverPoints":125},"latitude":65.619742,"currentOwner":{"name":"GammErik","id":213103},"time":"2021-08-07T19:15:26+0000","type":"takeover","longitude":22.117525},{"zone":{"previousOwner":{"name":"Zlas","id":241014},"dateCreated":"2017-12-24T09:00:15+0000","dateLastTaken":"2021-08-07T19:15:24+0000","latitude":67.149621,"currentOwner":{"name":"Zlas","id":241014},"name":"Rallarplan","id":138241,"totalTakeovers":548,"region":{"area":{"name":"Gällivare kommun","id":1801},"country":"se","name":"Norrbotten","id":126},"pointsPerHour":2,"longitude":20.638095,"takeoverPoints":170},"assists":[{"name":"Eliza","id":242724}],"latitude":67.149621,"currentOwner":{"name":"Zlas","id":241014},"time":"2021-08-07T19:15:24+0000","type":"takeover","longitude":20.638095},{"zone":{"previousOwner":{"name":"jeppe1","id":187874},"dateCreated":"2020-06-03T22:34:52+0000","dateLastTaken":"2021-08-07T19:15:23+0000","latitude":63.674904,"currentOwner":{"name":"bengtbbb","id":64627},"name":"Lövöhällan","id":306537,"totalTakeovers":307,"region":{"area":{"name":"Umeå kommun","id":2064},"country":"se","name":"Västerbotten","id":127},"pointsPerHour":3,"longitude":20.39941,"takeoverPoints":155},"latitude":63.674904,"currentOwner":{"name":"bengtbbb","id":64627},"time":"2021-08-07T19:15:23+0000","type":"takeover","longitude":20.39941},{"zone":{"previousOwner":{"name":"crazygoat","id":309090},"dateCreated":"2020-09-04T12:00:00+0000","dateLastTaken":"2021-08-07T19:15:22+0000","latitude":55.871923,"currentOwner":{"name":"crazygoat","id":309090},"name":"Gunsgreen","id":323888,"totalTakeovers":97,"region":{"area":{"name":"Scottish Borders","id":2794},"country":"gb","name":"Scotland","id":200},"pointsPerHour":1,"longitude":-2.085492,"takeoverPoints":185},"latitude":55.871923,"currentOwner":{"name":"crazygoat","id":309090},"time":"2021-08-07T19:15:22+0000","type":"takeover","longitude":-2.085492},{"zone":{"previousOwner":{"name":"tremorbalk","id":16690},"dateLastTaken":"2021-08-07T19:15:18+0000","latitude":55.608109,"totalTakeovers":12355,"type":{"name":"Bridge","id":8},"pointsPerHour":8,"takeoverPoints":80,"dateCreated":"2010-09-30T22:00:02+0000","currentOwner":{"name":"Király","id":169417},"name":"TullBridge","id":987,"region":{"area":{"name":"Malmö kommun","id":1898},"country":"se","name":"Skåne","id":135},"longitude":13.013241},"latitude":55.608109,"currentOwner":{"name":"Király","id":169417},"time":"2021-08-07T19:15:18+0000","type":"takeover","longitude":13.013241},{"zone":{"previousOwner":{"name":"Xoff","id":103201},"dateCreated":"2011-09-15T10:00:00+0000","dateLastTaken":"2021-08-07T19:15:14+0000","latitude":65.324114,"currentOwner":{"name":"Ni_ki_ta","id":233048},"name":"NisseZone","id":3457,"totalTakeovers":6711,"region":{"area":{"name":"Piteå kommun","id":1797},"country":"se","name":"Norrbotten","id":126},"pointsPerHour":4,"longitude":21.482633,"takeoverPoints":140},"latitude":65.324114,"currentOwner":{"name":"Ni_ki_ta","id":233048},"time":"2021-08-07T19:15:14+0000","type":"takeover","longitude":21.482633},{"zone":{"previousOwner":{"name":"HarryBus","id":166993},"dateCreated":"2015-06-04T11:00:00+0000","dateLastTaken":"2021-08-07T19:15:12+0000","latitude":65.260863,"currentOwner":{"name":"nokiakarin","id":86233},"name":"GlommersGrass","id":54248,"totalTakeovers":107,"region":{"area":{"name":"Arvidsjaurs kommun","id":2079},"country":"se","name":"Norrbotten","id":126},"pointsPerHour":2,"longitude":19.635125,"takeoverPoints":170},"assists":[{"name":"acrylic","id":10610}],"latitude":65.260863,"currentOwner":{"name":"nokiakarin","id":86233},"time":"2021-08-07T19:15:12+0000","type":"takeover","longitude":19.635125},{"zone":{"previousOwner":{"name":"grock","id":189790},"dateCreated":"2012-11-13T21:38:31+0000","dateLastTaken":"2021-08-07T19:15:10+0000","latitude":65.61495,"currentOwner":{"name":"Hilla","id":212997},"name":"BjörkzZone","id":11891,"totalTakeovers":3700,"region":{"area":{"name":"Luleå kommun","id":1798},"country":"se","name":"Norrbotten","id":126},"pointsPerHour":4,"longitude":22.175021,"takeoverPoints":140},"latitude":65.61495,"currentOwner":{"name":"Hilla","id":212997},"time":"2021-08-07T19:15:10+0000","type":"takeover","longitude":22.175021},{"zone":{"previousOwner":{"name":"Strac","id":302230},"dateCreated":"2021-01-02T20:14:06+0000","dateLastTaken":"2021-08-07T19:15:06+0000","latitude":57.156712,"currentOwner":{"name":"Emjbee","id":311829},"name":"SkeneRingRoad","id":361604,"totalTakeovers":837,"region":{"area":{"name":"Aberdeenshire","id":2792},"country":"gb","name":"Scotland","id":200},"pointsPerHour":5,"longitude":-2.314045,"takeoverPoints":125},"assists":[{"name":"Maxturfer","id":312076}],"latitude":57.156712,"currentOwner":{"name":"Emjbee","id":311829},"time":"2021-08-07T19:15:06+0000","type":"takeover","longitude":-2.314045},{"zone":{"previousOwner":{"name":"Playmaker","id":312774},"dateCreated":"2015-02-13T13:31:00+0000","dateLastTaken":"2021-08-07T19:15:04+0000","latitude":57.680837,"currentOwner":{"name":"Miraya","id":268568},"name":"Muramaris","id":44693,"totalTakeovers":565,"region":{"area":{"name":"Gotland","id":1881},"country":"se","name":"Gotland","id":138},"pointsPerHour":2,"longitude":18.344739,"takeoverPoints":170},"latitude":57.680837,"currentOwner":{"name":"Miraya","id":268568},"time":"2021-08-07T19:15:04+0000","type":"takeover","longitude":18.344739},{"zone":{"previousOwner":{"name":"Borg007","id":281877},"dateCreated":"2017-05-23T06:25:13+0000","dateLastTaken":"2021-08-07T19:14:58+0000","latitude":59.071949,"currentOwner":{"name":"SFL","id":165454},"name":"Äpplehagen","id":110740,"totalTakeovers":1094,"region":{"area":{"name":"Hallsbergs kommun","id":1822},"country":"se","name":"Örebro","id":131},"pointsPerHour":2,"longitude":15.069563,"takeoverPoints":170},"latitude":59.071949,"currentOwner":{"name":"SFL","id":165454},"time":"2021-08-07T19:14:58+0000","type":"takeover","longitude":15.069563},{"zone":{"previousOwner":{"name":"hgaw","id":65224},"dateCreated":"2015-08-24T08:06:29+0000","dateLastTaken":"2021-08-07T19:14:52+0000","latitude":56.557554,"currentOwner":{"name":"Froda","id":74168},"name":"FilmFörFolk","id":56642,"totalTakeovers":2602,"region":{"area":{"name":"Älmhults kommun","id":1999},"country":"se","name":"Kronoberg","id":147},"pointsPerHour":2,"longitude":14.143654,"takeoverPoints":170},"assists":[{"name":"k_tjing","id":37123}],"latitude":56.557554,"currentOwner":{"name":"Froda","id":74168},"time":"2021-08-07T19:14:52+0000","type":"takeover","longitude":14.143654},{"zone":{"previousOwner":{"name":"Dadeee","id":327379},"dateCreated":"2016-09-30T12:08:54+0000","dateLastTaken":"2021-08-07T19:14:51+0000","latitude":57.668291,"currentOwner":{"name":"Völund","id":26984},"name":"EnEllerZäta","id":85754,"totalTakeovers":4621,"region":{"area":{"name":"Mölndals kommun","id":1886},"country":"se","name":"Västra Götaland","id":132},"pointsPerHour":7,"longitude":12.01104,"takeoverPoints":95},"latitude":57.668291,"currentOwner":{"name":"Völund","id":26984},"time":"2021-08-07T19:14:51+0000","type":"takeover","longitude":12.01104},{"zone":{"previousOwner":{"name":"Froda","id":74168},"dateLastTaken":"2021-08-07T19:14:48+0000","latitude":56.899153,"totalTakeovers":1404,"type":{"name":"Bridge","id":8},"pointsPerHour":3,"takeoverPoints":155,"dateCreated":"2012-02-05T21:22:30+0000","currentOwner":{"name":"siamosaurus","id":144347},"name":"LoverBridge","id":6136,"region":{"area":{"name":"Alvesta kommun","id":2000},"country":"se","name":"Kronoberg","id":147},"longitude":14.565039},"latitude":56.899153,"currentOwner":{"name":"siamosaurus","id":144347},"time":"2021-08-07T19:14:48+0000","type":"takeover","longitude":14.565039},{"zone":{"previousOwner":{"name":"TimmyM","id":282180},"dateCreated":"2021-01-31T10:00:00+0000","dateLastTaken":"2021-08-07T19:14:47+0000","latitude":55.92515,"currentOwner":{"name":"féarglas","id":280861},"name":"Busted","id":371278,"totalTakeovers":68,"region":{"area":{"name":"City of Edinburgh","id":2780},"country":"gb","name":"Scotland","id":200},"pointsPerHour":1,"longitude":-3.265209,"takeoverPoints":185},"latitude":55.92515,"currentOwner":{"name":"féarglas","id":280861},"time":"2021-08-07T19:14:47+0000","type":"takeover","longitude":-3.265209},{"zone":{"previousOwner":{"name":"Tandem","id":303714},"dateCreated":"2021-01-25T08:00:00+0000","dateLastTaken":"2021-08-07T19:14:38+0000","latitude":55.912651,"currentOwner":{"name":"ELOG","id":335938},"name":"BumpyTrack","id":373384,"totalTakeovers":86,"region":{"area":{"name":"East Lothian","id":2786},"country":"gb","name":"Scotland","id":200},"pointsPerHour":2,"longitude":-2.951963,"takeoverPoints":170},"latitude":55.912651,"currentOwner":{"name":"ELOG","id":335938},"time":"2021-08-07T19:14:38+0000","type":"takeover","longitude":-2.951963},{"zone":{"previousOwner":{"name":"N46B","id":300757},"dateCreated":"2015-04-18T06:08:31+0000","dateLastTaken":"2021-08-07T19:14:35+0000","latitude":59.338024,"currentOwner":{"name":"alfonsa","id":230609},"name":"StGöranPath","id":49115,"totalTakeovers":8286,"region":{"area":{"name":"Stockholms kommun","id":1828},"country":"se","name":"Stockholm","id":141},"pointsPerHour":6,"longitude":18.013788,"takeoverPoints":110},"latitude":59.338024,"currentOwner":{"name":"alfonsa","id":230609},"time":"2021-08-07T19:14:35+0000","type":"takeover","longitude":18.013788},{"zone":{"previousOwner":{"name":"Rydja_90","id":336788},"dateCreated":"2012-05-25T08:31:40+0000","dateLastTaken":"2021-08-07T19:14:27+0000","latitude":63.802061,"currentOwner":{"name":"Jaktfalk.JR","id":241446},"name":"Nymfen","id":9304,"totalTakeovers":18471,"region":{"area":{"name":"Umeå kommun","id":2064},"country":"se","name":"Västerbotten","id":127},"pointsPerHour":8,"longitude":20.345366,"takeoverPoints":80},"assists":[{"name":"s1xt3nPR0bo1","id":336789}],"latitude":63.802061,"currentOwner":{"name":"Jaktfalk.JR","id":241446},"time":"2021-08-07T19:14:27+0000","type":"takeover","longitude":20.345366},{"zone":{"previousOwner":{"name":"mammahäxan","id":119451},"dateCreated":"2016-05-20T19:08:42+0000","dateLastTaken":"2021-08-07T19:14:25+0000","latitude":56.683468,"currentOwner":{"name":"Ulfheim","id":145761},"name":"Tallhagsvägen","id":74409,"totalTakeovers":6680,"region":{"area":{"name":"Kalmar kommun","id":2015},"country":"se","name":"Kalmar","id":137},"pointsPerHour":6,"longitude":16.356844,"takeoverPoints":110},"latitude":56.683468,"currentOwner":{"name":"Ulfheim","id":145761},"time":"2021-08-07T19:14:25+0000","type":"takeover","longitude":16.356844},{"zone":{"previousOwner":{"name":"Turfis","id":17586},"dateCreated":"2013-12-27T09:53:25+0000","dateLastTaken":"2021-08-07T19:14:25+0000","latitude":58.423802,"currentOwner":{"name":"Bath","id":57990},"name":"Ankedammen","id":24440,"totalTakeovers":7240,"region":{"area":{"name":"Tibro","id":1936},"country":"se","name":"Västra Götaland","id":132},"pointsPerHour":4,"longitude":14.158503,"takeoverPoints":140},"latitude":58.423802,"currentOwner":{"name":"Bath","id":57990},"time":"2021-08-07T19:14:25+0000","type":"takeover","longitude":14.158503},{"zone":{"dateCreated":"2021-08-04T10:18:43+0000","dateLastTaken":"2021-08-07T19:14:13+0000","latitude":56.390245,"currentOwner":{"name":"FeTaTo","id":310985},"name":"Crianlarich","id":430950,"totalTakeovers":1,"region":{"area":{"name":"Stirling","id":2787},"country":"gb","name":"Scotland","id":200},"type":{"name":"Train Station","id":13},"pointsPerHour":1,"longitude":-4.618415,"takeoverPoints":185},"latitude":56.390245,"currentOwner":{"name":"FeTaTo","id":310985},"time":"2021-08-07T19:14:13+0000","type":"takeover","longitude":-4.618415}]