[{"zone":{"dateCreated":"2021-08-07T09:00:00+0000","dateLastTaken":"0002-12-02T00:00:00+0000","latitude":51.422,"name":"NewStHill","id":431081,"totalTakeovers":0,"region":{"area":{"name":"London","id":2708},"country":"gb","name":"Greater London","id":207},"pointsPerHour":1,"longitude":0.024143,"takeoverPoints":185},"time":"2021-08-07T09:00:00+0000","type":"zone"},{"zone":{"dateCreated":"2021-08-07T09:00:00+0000","dateLastTaken":"0002-12-02T00:00:00+0000","latitude":51.42416,"name":"Leamings","id":431083,"totalTakeovers":0,"region":{"area":{"name":"London","id":2708},"country":"gb","name":"Greater London","id":207},"pointsPerHour":1,"longitude":0.027175,"takeoverPoints":185},"time":"2021-08-07T09:00:00+0000","type":"zone"},{"zone":{"dateCreated":"2021-08-07T09:00:00+0000","dateLastTaken":"0002-12-02T00:00:00+0000","latitude":51.419381,"name":"TheBlessed","id":431090,"totalTakeovers":0,"region":{"area":{"name":"London","id":2708},"country":"gb","name":"Greater London","id":207},"type":{"name":"Holy","id":9},"pointsPerHour":1,"longitude":0.067772,"takeoverPoints":185},"time":"2021-08-07T09:00:00+0000","type":"zone"},{"zone":{"dateCreated":"2021-08-07T09:00:00+0000","dateLastTaken":"0002-12-02T00:00:00+0000","latitude":51.426612,"name":"MayesChin","id":431085,"totalTakeovers":0,"region":{"area":{"name":"London","id":2708},"country":"gb","name":"Greater London","id":207},"pointsPerHour":1,"longitude":0.03088,"takeoverPoints":185},"time":"2021-08-07T09:00:00+0000","type":"zone"},{"zone":{"dateCreated":"2021-08-07T09:00:00+0000","dateLastTaken":"0002-12-02T00:00:00+0000","latitude":51.421997,"name":"Cranholt","id":431088,"totalTakeovers":0,"region":{"area":{"name":"London","id":2708},"country":"gb","name":"Greater London","id":207},"pointsPerHour":1,"longitude":0.052983,"takeoverPoints":185},"time":"2021-08-07T09:00:00+0000","type":"zone"},{"zone":{"dateCreated":"2021-08-07T09:00:00+0000","dateLastTaken":"0002-12-02T00:00:00+0000","latitude":51.423182,"name":"NewHillBridge","id":431080,"totalTakeovers":0,"region":{"area":{"name":"London","id":2708},"country":"gb","name":"Greater London","id":207},"type":{"name":"Bridge","id":8},"pointsPerHour":1,"longitude":0.03447,"takeoverPoints":185},"time":"2021-08-07T09:00:00+0000","type":"zone"},{"zone":{"dateCreated":"2021-08-07T09:00:00+0000","dateLastTaken":"0002-12-02T00:00:00+0000","latitude":51.414934,"name":"RushPond","id":431092,"totalTakeovers":0,"region":{"area":{"name":"London","id":2708},"country":"gb","name":"Greater London","id":207},"pointsPerHour":1,"longitude":0.0718,"takeoverPoints":185},"time":"2021-08-07T09:00:00+0000","type":"zone"},{"zone":{"dateCreated":"2021-08-07T09:00:00+0000","dateLastTaken":"0002-12-02T00:00:00+0000","latitude":51.417239,"name":"Foxbury","id":431095,"totalTakeovers":0,"region":{"area":{"name":"London","id":2708},"country":"gb","name":"Greater London","id":207},"pointsPerHour":1,"longitude":0.092095,"takeoverPoints":185},"time":"2021-08-07T09:00:00+0000","type":"zone"},{"zone":{"dateCreated":"2021-08-07T09:00:00+0000","dateLastTaken":"0002-12-02T00:00:00+0000","latitude":51.418625,"name":"Sidcup","id":431096,"totalTakeovers":0,"region":{"area":{"name":"London","id":2708},"country":"gb","name":"Greater London","id":207},"pointsPerHour":1,"longitude":0.097722,"takeoverPoints":185},"time":"2021-08-07T09:00:00+0000","type":"zone"},{"zone":{"dateCreated":"2021-08-07T09:00:00+0000","dateLastTaken":"0002-12-02T00:00:00+0000","latitude":51.415736,"name":"Perry","id":431093,"totalTakeovers":0,"region":{"area":{"name":"London","id":2708},"country":"gb","name":"Greater London","id":207},"pointsPerHour":1,"longitude":0.08407,"takeoverPoints":185},"time":"2021-08-07T09:00:00+0000","type":"zone"},{"zone":{"dateCreated":"2021-08-07T09:00:00+0000","dateLastTaken":"0002-12-02T00:00:00+0000","latitude":51.44685,"name":"Arbuthnot","id":431109,"totalTakeovers":0,"region":{"area":{"name":"London","id":2708},"country":"gb","name":"Greater London","id":207},"pointsPerHour":1,"longitude":0.132887,"takeoverPoints":185},"time":"2021-08-07T09:00:00+0000","type":"zone"},{"zone":{"dateCreated":"2021-08-07T09:00:00+0000","dateLastTaken":"0002-12-02T00:00:00+0000","latitude":51.420876,"name":"ElmsteadWood","id":431086,"totalTakeovers":0,"region":{"area":{"name":"London","id":2708},"country":"gb","name":"Greater London","id":207},"pointsPerHour":1,"longitude":0.039722,"takeoverPoints":185},"time":"2021-08-07T09:00:00+0000","type":"zone"},{"zone":{"dateCreated":"2021-08-07T09:00:00+0000","dateLastTaken":"0002-12-02T00:00:00+0000","latitude":51.426197,"name":"PortlandCut","id":431079,"totalTakeovers":0,"region":{"area":{"name":"London","id":2708},"country":"gb","name":"Greater London","id":207},"pointsPerHour":1,"longitude":0.028074,"takeoverPoints":185},"time":"2021-08-07T09:00:00+0000","type":"zone"},{"zone":{"dateCreated":"2021-08-07T09:00:00+0000","dateLastTaken":"0002-12-02T00:00:00+0000","latitude":51.422204,"name":"Elmstead","id":431087,"totalTakeovers":0,"region":{"area":{"name":"London","id":2708},"country":"gb","name":"Greater London","id":207},"pointsPerHour":1,"longitude":0.048683,"takeoverPoints":185},"time":"2021-08-07T09:00:00+0000","type":"zone"},{"zone":{"dateCreated":"2021-08-07T09:00:00+0000","dateLastTaken":"0002-12-02T00:00:00+0000","latitude":51.424738,"name":"MarvelWood","id":431084,"totalTakeovers":0,"region":{"area":{"name":"London","id":2708},"country":"gb","name":"Greater London","id":207},"pointsPerHour":1,"longitude":0.039549,"takeoverPoints":185},"time":"2021-08-07T09:00:00+0000","type":"zone"},{"zone":{"dateCreated":"2021-08-07T09:00:00+0000","dateLastTaken":"0002-12-02T00:00:00+0000","latitude":51.421587,"name":"BurntZone","id":431082,"totalTakeovers":0,"region":{"area":{"name":"London","id":2708},"country":"gb","name":"Greater London","id":207},"pointsPerHour":1,"longitude":0.021945,"takeoverPoints":185},"time":"2021-08-07T09:00:00+0000","type":"zone"},{"zone":{"dateCreated":"2021-08-07T09:00:00+0000","dateLastTaken":"0002-12-02T00:00:00+0000","latitude":51.418336,"name":"Chislehurst","id":431089,"totalTakeovers":0,"region":{"area":{"name":"London","id":2708},"country":"gb","name":"Greater London","id":207},"pointsPerHour":1,"longitude":0.061439,"takeoverPoints":185},"time":"2021-08-07T09:00:00+0000","type":"zone"},{"zone":{"dateCreated":"2021-08-07T09:00:00+0000","dateLastTaken":"0002-12-02T00:00:00+0000","latitude":51.45764,"name":"Bexleyheath","id":431114,"totalTakeovers":0,"region":{"area":{"name":"London","id":2708},"country":"gb","name":"Greater London","id":207},"pointsPerHour":1,"longitude":0.136435,"takeoverPoints":185},"time":"2021-08-07T09:00:00+0000","type":"zone"},{"zone":{"dateCreated":"2021-08-07T09:00:00+0000","dateLastTaken":"0002-12-02T00:00:00+0000","latitude":51.421439,"name":"SidcupPlace","id":431097,"totalTakeovers":0,"region":{"area":{"name":"London","id":2708},"country":"gb","name":"Greater London","id":207},"pointsPerHour":1,"longitude":0.101487,"takeoverPoints":185},"time":"2021-08-07T09:00:00+0000","type":"zone"},{"zone":{"dateCreated":"2021-08-07T09:00:00+0000","dateLastTaken":"0002-12-02T00:00:00+0000","latitude":51.41249,"name":"BromleyWar","id":431091,"totalTakeovers":0,"region":{"area":{"name":"London","id":2708},"country":"gb","name":"Greater London","id":207},"type":{"name":"Monument","id":21},"pointsPerHour":1,"longitude":0.07394,"takeoverPoints":185},"time":"2021-08-07T09:00:00+0000","type":"zone"},{"zone":{"dateCreated":"2021-08-07T09:00:00+0000","dateLastTaken":"0002-12-02T00:00:00+0000","latitude":51.413948,"name":"TheShepherd","id":431094,"totalTakeovers":0,"region":{"area":{"name":"London","id":2708},"country":"gb","name":"Greater London","id":207},"pointsPerHour":1,"longitude":0.080377,"takeoverPoints":185},"time":"2021-08-07T09:00:00+0000","type":"zone"},{"zone":{"dateCreated":"2021-08-07T09:00:00+0000","dateLastTaken":"0002-12-02T00:00:00+0000","latitude":51.480745,"name":"BostallHeath","id":431120,"totalTakeovers":0,"region":{"area":{"name":"London","id":2708},"country":"gb","name":"Greater London","id":207},"pointsPerHour":1,"longitude":0.112707,"takeoverPoints":185},"time":"2021-08-07T09:00:00+0000","type":"zone"},{"zone":{"dateCreated":"2021-08-07T09:00:00+0000","dateLastTaken":"0002-12-02T00:00:00+0000","latitude":51.450812,"name":"PennLane","id":431111,"totalTakeovers":0,"region":{"area":{"name":"London","id":2708},"country":"gb","name":"Greater London","id":207},"pointsPerHour":1,"longitude":0.127079,"takeoverPoints":185},"time":"2021-08-07T09:00:00+0000","type":"zone"},{"zone":{"dateCreated":"2021-08-07T09:00:00+0000","dateLastTaken":"0002-12-02T00:00:00+0000","latitude":51.438583,"name":"Rowanhollies","id":431105,"totalTakeovers":0,"region":{"area":{"name":"London","id":2708},"country":"gb","name":"Greater London","id":207},"pointsPerHour":1,"longitude":0.100466,"takeoverPoints":185},"time":"2021-08-07T09:00:00+0000","type":"zone"},{"zone":{"dateCreated":"2021-08-07T09:00:00+0000","dateLastTaken":"0002-12-02T00:00:00+0000","latitude":51.431747,"name":"ToTheManor","id":431102,"totalTakeovers":0,"region":{"area":{"name":"London","id":2708},"country":"gb","name":"Greater London","id":207},"pointsPerHour":1,"longitude":0.098601,"takeoverPoints":185},"time":"2021-08-07T09:00:00+0000","type":"zone"},{"zone":{"dateCreated":"2021-08-07T09:00:00+0000","dateLastTaken":"0002-12-02T00:00:00+0000","latitude":51.424407,"name":"JennerPark","id":431098,"totalTakeovers":0,"region":{"area":{"name":"London","id":2708},"country":"gb","name":"Greater London","id":207},"pointsPerHour":1,"longitude":0.101662,"takeoverPoints":185},"time":"2021-08-07T09:00:00+0000","type":"zone"},{"zone":{"dateCreated":"2021-08-07T09:00:00+0000","dateLastTaken":"0002-12-02T00:00:00+0000","latitude":51.46223,"name":"BeechwoodCres","id":431124,"totalTakeovers":0,"region":{"area":{"name":"London","id":2708},"country":"gb","name":"Greater London","id":207},"pointsPerHour":1,"longitude":0.129907,"takeoverPoints":185},"time":"2021-08-07T09:00:00+0000","type":"zone"},{"zone":{"dateCreated":"2021-08-07T09:00:00+0000","dateLastTaken":"0002-12-02T00:00:00+0000","latitude":51.455725,"name":"TheRedHouse","id":431115,"totalTakeovers":0,"region":{"area":{"name":"London","id":2708},"country":"gb","name":"Greater London","id":207},"pointsPerHour":1,"longitude":0.13025,"takeoverPoints":185},"time":"2021-08-07T09:00:00+0000","type":"zone"},{"zone":{"dateCreated":"2021-08-07T09:00:00+0000","dateLastTaken":"0002-12-02T00:00:00+0000","latitude":51.457078,"name":"OldEnglish","id":431113,"totalTakeovers":0,"region":{"area":{"name":"London","id":2708},"country":"gb","name":"Greater London","id":207},"pointsPerHour":1,"longitude":0.118753,"takeoverPoints":185},"time":"2021-08-07T09:00:00+0000","type":"zone"},{"zone":{"dateCreated":"2021-08-07T09:00:00+0000","dateLastTaken":"0002-12-02T00:00:00+0000","latitude":51.436119,"name":"SidecupFun","id":431104,"totalTakeovers":0,"region":{"area":{"name":"London","id":2708},"country":"gb","name":"Greater London","id":207},"pointsPerHour":1,"longitude":0.104219,"takeoverPoints":185},"time":"2021-08-07T09:00:00+0000","type":"zone"},{"zone":{"dateCreated":"2021-08-07T09:00:00+0000","dateLastTaken":"0002-12-02T00:00:00+0000","latitude":51.433609,"name":"PoliceSide","id":431103,"totalTakeovers":0,"region":{"area":{"name":"London","id":2708},"country":"gb","name":"Greater London","id":207},"pointsPerHour":1,"longitude":0.1025,"takeoverPoints":185},"time":"2021-08-07T09:00:00+0000","type":"zone"},{"zone":{"dateCreated":"2021-08-07T09:00:00+0000","dateLastTaken":"0002-12-02T00:00:00+0000","latitude":51.468046,"name":"WickhamHill","id":431131,"totalTakeovers":0,"region":{"area":{"name":"London","id":2708},"country":"gb","name":"Greater London","id":207},"pointsPerHour":1,"longitude":0.092954,"takeoverPoints":185},"time":"2021-08-07T09:00:00+0000","type":"zone"},{"zone":{"dateCreated":"2021-08-07T09:00:00+0000","dateLastTaken":"0002-12-02T00:00:00+0000","latitude":51.477366,"name":"PrincessAlice","id":431116,"totalTakeovers":0,"region":{"area":{"name":"London","id":2708},"country":"gb","name":"Greater London","id":207},"type":{"name":"Monument","id":21},"pointsPerHour":1,"longitude":0.097317,"takeoverPoints":185},"time":"2021-08-07T09:00:00+0000","type":"zone"},{"zone":{"dateCreated":"2021-08-07T09:00:00+0000","dateLastTaken":"0002-12-02T00:00:00+0000","latitude":51.471252,"name":"EastWickham","id":431117,"totalTakeovers":0,"region":{"area":{"name":"London","id":2708},"country":"gb","name":"Greater London","id":207},"pointsPerHour":1,"longitude":0.103992,"takeoverPoints":185},"time":"2021-08-07T09:00:00+0000","type":"zone"},{"zone":{"dateCreated":"2021-08-07T09:00:00+0000","dateLastTaken":"0002-12-02T00:00:00+0000","latitude":51.428435,"name":"TheAlder","id":431100,"totalTakeovers":0,"region":{"area":{"name":"London","id":2708},"country":"gb","name":"Greater London","id":207},"pointsPerHour":1,"longitude":0.091228,"takeoverPoints":185},"time":"2021-08-07T09:00:00+0000","type":"zone"},{"zone":{"dateCreated":"2021-08-07T09:00:00+0000","dateLastTaken":"0002-12-02T00:00:00+0000","latitude":51.430852,"name":"LangfordStn","id":431101,"totalTakeovers":0,"region":{"area":{"name":"London","id":2708},"country":"gb","name":"Greater London","id":207},"pointsPerHour":1,"longitude":0.102336,"takeoverPoints":185},"time":"2021-08-07T09:00:00+0000","type":"zone"},{"zone":{"dateCreated":"2021-08-07T09:00:00+0000","dateLastTaken":"0002-12-02T00:00:00+0000","latitude":51.440517,"name":"TheShuttle","id":431106,"totalTakeovers":0,"region":{"area":{"name":"London","id":2708},"country":"gb","name":"Greater London","id":207},"pointsPerHour":1,"longitude":0.116979,"takeoverPoints":185},"time":"2021-08-07T09:00:00+0000","type":"zone"},{"zone":{"dateCreated":"2021-08-07T09:00:00+0000","dateLastTaken":"0002-12-02T00:00:00+0000","latitude":51.463542,"name":"BaxleyheathSt","id":431122,"totalTakeovers":0,"region":{"area":{"name":"London","id":2708},"country":"gb","name":"Greater London","id":207},"pointsPerHour":1,"longitude":0.134357,"takeoverPoints":185},"time":"2021-08-07T09:00:00+0000","type":"zone"},{"zone":{"dateCreated":"2021-08-07T09:00:00+0000","dateLastTaken":"0002-12-02T00:00:00+0000","latitude":51.466419,"name":"OxleasWood","id":431130,"totalTakeovers":0,"region":{"area":{"name":"London","id":2708},"country":"gb","name":"Greater London","id":207},"pointsPerHour":1,"longitude":0.080295,"takeoverPoints":185},"time":"2021-08-07T09:00:00+0000","type":"zone"},{"zone":{"dateCreated":"2021-08-07T09:00:00+0000","dateLastTaken":"0002-12-02T00:00:00+0000","latitude":51.458494,"name":"PlayingGeorge","id":431123,"totalTakeovers":0,"region":{"area":{"name":"London","id":2708},"country":"gb","name":"Greater London","id":207},"pointsPerHour":1,"longitude":0.141416,"takeoverPoints":185},"time":"2021-08-07T09:00:00+0000","type":"zone"},{"zone":{"dateCreated":"2021-08-07T09:00:00+0000","dateLastTaken":"0002-12-02T00:00:00+0000","latitude":51.426377,"name":"CrescentGreen","id":431099,"totalTakeovers":0,"region":{"area":{"name":"London","id":2708},"country":"gb","name":"Greater London","id":207},"pointsPerHour":1,"longitude":0.097155,"takeoverPoints":185},"time":"2021-08-07T09:00:00+0000","type":"zone"},{"zone":{"dateCreated":"2021-08-07T09:00:00+0000","dateLastTaken":"0002-12-02T00:00:00+0000","latitude":51.448945,"name":"ComesInRed","id":431112,"totalTakeovers":0,"region":{"area":{"name":"London","id":2708},"country":"gb","name":"Greater London","id":207},"pointsPerHour":1,"longitude":0.119617,"takeoverPoints":185},"time":"2021-08-07T09:00:00+0000","type":"zone"},{"zone":{"dateCreated":"2021-08-07T09:00:00+0000","dateLastTaken":"0002-12-02T00:00:00+0000","latitude":51.448513,"name":"WalkLikeTudor","id":431110,"totalTakeovers":0,"region":{"area":{"name":"London","id":2708},"country":"gb","name":"Greater London","id":207},"pointsPerHour":1,"longitude":0.132313,"takeoverPoints":185},"time":"2021-08-07T09:00:00+0000","type":"zone"},{"zone":{"dateCreated":"2021-08-07T09:00:00+0000","dateLastTaken":"0002-12-02T00:00:00+0000","latitude":51.445374,"name":"NarrowTurf","id":431108,"totalTakeovers":0,"region":{"area":{"name":"London","id":2708},"country":"gb","name":"Greater London","id":207},"pointsPerHour":1,"longitude":0.124286,"takeoverPoints":185},"time":"2021-08-07T09:00:00+0000","type":"zone"},{"zone":{"dateCreated":"2021-08-07T09:00:00+0000","dateLastTaken":"0002-12-02T00:00:00+0000","latitude":51.470992,"name":"Glenmore","id":431132,"totalTakeovers":0,"region":{"area":{"name":"London","id":2708},"country":"gb","name":"Greater London","id":207},"pointsPerHour":1,"longitude":0.098248,"takeoverPoints":185},"time":"2021-08-07T09:00:00+0000","type":"zone"},{"zone":{"dateCreated":"2021-08-07T09:00:00+0000","dateLastTaken":"0002-12-02T00:00:00+0000","latitude":51.472447,"name":"HolyView","id":431119,"totalTakeovers":0,"region":{"area":{"name":"London","id":2708},"country":"gb","name":"Greater London","id":207},"type":{"name":"Holy","id":9},"pointsPerHour":1,"longitude":0.111861,"takeoverPoints":185},"time":"2021-08-07T09:00:00+0000","type":"zone"},{"zone":{"dateCreated":"2021-08-07T09:00:00+0000","dateLastTaken":"0002-12-02T00:00:00+0000","latitude":51.461514,"name":"Welling","id":431126,"totalTakeovers":0,"region":{"area":{"name":"London","id":2708},"country":"gb","name":"Greater London","id":207},"pointsPerHour":1,"longitude":0.113698,"takeoverPoints":185},"time":"2021-08-07T09:00:00+0000","type":"zone"},{"zone":{"dateCreated":"2021-08-07T09:00:00+0000","dateLastTaken":"0002-12-02T00:00:00+0000","latitude":51.438941,"name":"BridgeTwins","id":431133,"totalTakeovers":0,"region":{"area":{"name":"London","id":2708},"country":"gb","name":"Greater London","id":207},"type":{"name":"Bridge","id":8},"pointsPerHour":1,"longitude":0.110673,"takeoverPoints":185},"time":"2021-08-07T09:00:00+0000","type":"zone"},{"zone":{"dateCreated":"2021-08-07T09:00:00+0000","dateLastTaken":"0002-12-02T00:00:00+0000","latitude":51.46317,"name":"No68","id":431128,"totalTakeovers":0,"region":{"area":{"name":"London","id":2708},"country":"gb","name":"Greater London","id":207},"pointsPerHour":1,"longitude":0.098164,"takeoverPoints":185},"time":"2021-08-07T09:00:00+0000","type":"zone"},{"zone":{"dateCreated":"2021-08-07T09:00:00+0000","dateLastTaken":"0002-12-02T00:00:00+0000","latitude":51.443263,"name":"ShuttlePark","id":431107,"totalTakeovers":0,"region":{"area":{"name":"London","id":2708},"country":"gb","name":"Greater London","id":207},"pointsPerHour":1,"longitude":0.124255,"takeoverPoints":185},"time":"2021-08-07T09:00:00+0000","type":"zone"},{"zone":{"dateCreated":"2021-08-07T09:00:00+0000","dateLastTaken":"0002-12-02T00:00:00+0000","latitude":51.461747,"name":"MontBridge","id":431129,"totalTakeovers":0,"region":{"area":{"name":"London","id":2708},"country":"gb","name":"Greater London","id":207},"type":{"name":"Bridge","id":8},"pointsPerHour":1,"longitude":0.091715,"takeoverPoints":185},"time":"2021-08-07T09:00:00+0000","type":"zone"},{"zone":{"dateCreated":"2021-08-07T09:00:00+0000","dateLastTaken":"0002-12-02T00:00:00+0000","latitude":51.464961,"name":"MuttonGreen","id":431127,"totalTakeovers":0,"region":{"area":{"name":"London","id":2708},"country":"gb","name":"Greater London","id":207},"pointsPerHour":1,"longitude":0.093312,"takeoverPoints":185},"time":"2021-08-07T09:00:00+0000","type":"zone"},{"zone":{"dateCreated":"2021-08-07T09:00:00+0000","dateLastTaken":"0002-12-02T00:00:00+0000","latitude":51.475375,"name":"Camdale","id":431118,"totalTakeovers":0,"region":{"area":{"name":"London","id":2708},"country":"gb","name":"Greater London","id":207},"pointsPerHour":1,"longitude":0.098758,"takeoverPoints":185},"time":"2021-08-07T09:00:00+0000","type":"zone"},{"zone":{"dateCreated":"2021-08-07T09:00:00+0000","dateLastTaken":"0002-12-02T00:00:00+0000","latitude":51.45983,"name":"CrookLog","id":431121,"totalTakeovers":0,"region":{"area":{"name":"London","id":2708},"country":"gb","name":"Greater London","id":207},"pointsPerHour":1,"longitude":0.125775,"takeoverPoints":185},"time":"2021-08-07T09:00:00+0000","type":"zone"},{"zone":{"dateCreated":"2021-08-07T09:00:00+0000","dateLastTaken":"0002-12-02T00:00:00+0000","latitude":51.463372,"name":"Ruskin","id":431125,"totalTakeovers":0,"region":{"area":{"name":"London","id":2708},"country":"gb","name":"Greater London","id":207},"pointsPerHour":1,"longitude":0.103195,"takeoverPoints":185},"time":"2021-08-07T09:00:00+0000","type":"zone"}]