[{"medal":52,"time":"2022-07-05T16:40:48+0000","type":"medal","user":{"country":"se","medals":[93,11,100,90,32,52],"zones":[475236,11235,64419,11236,64420,11238,64422,91050,25807,18927,115858,429331,43895,43896,488957,79069,11229,11230,11231,6847],"pointsPerHour":0,"points":12520,"blocktime":12,"taken":114,"name":"jvstierna","totalPoints":16607,"rank":10,"id":367256,"place":4741,"uniqueZonesTaken":71,"region":{"name":"Stockholm","id":141}}},{"medal":92,"time":"2022-07-05T16:36:53+0000","type":"medal","user":{"country":"se","medals":[93,80,100,85,92],"zones":[428278,21665,17905,11525,468801,116057,170696,170697],"pointsPerHour":0,"points":1991,"blocktime":11,"taken":15,"name":"roffaNr1","totalPoints":1991,"rank":5,"id":367420,"place":4736,"uniqueZonesTaken":15,"region":{"name":"Gotland","id":138}}}]