[{"medal":80,"time":"2022-07-04T06:13:20+0000","type":"medal","user":{"country":"se","medals":[84,80],"zones":[7877,278572,94840,44170,3149],"pointsPerHour":0,"points":1065,"blocktime":10,"taken":7,"name":"polarca","totalPoints":1065,"rank":3,"id":367326,"place":3816,"uniqueZonesTaken":7,"region":{"name":"Norrbotten","id":126}}},{"medal":12,"time":"2022-07-04T06:11:00+0000","type":"medal","user":{"country":"se","medals":[93,52,46,32,90,12],"zones":[94113,321,12417,171,299,140,112,113,24243,148,149,215,111830,120,42169,37081,139064,80090,221,9599],"pointsPerHour":0,"points":4979,"blocktime":13,"taken":219,"name":"anettegeller","totalPoints":30922,"rank":13,"id":366896,"place":3816,"uniqueZonesTaken":100,"region":{"name":"Stockholm","id":141}}},{"country":"se","sender":{"country":"se","medals":[8,63,6,21,47,4,16,67,70,5,27,61,77,90,94,58,15,126,38,79,103,131],"zones":[],"pointsPerHour":0,"points":867,"blocktime":21,"taken":13496,"name":"DIProgan","totalPoints":3944704,"rank":47,"id":42001,"place":2104,"uniqueZonesTaken":1136,"region":{"name":"Västra Götaland","id":132}},"time":"2022-07-04T06:10:31+0000","message":"chateauneuf: 👍","type":"chat"},{"medal":84,"time":"2022-07-04T06:07:09+0000","type":"medal","user":{"country":"se","medals":[84],"zones":[278572,94840,3149],"pointsPerHour":0,"points":858,"blocktime":10,"taken":5,"name":"polarca","totalPoints":858,"rank":3,"id":367326,"place":3814,"uniqueZonesTaken":5,"region":{"name":"Norrbotten","id":126}}}]