[{"medal":6,"time":"2022-07-05T12:56:43+0000","type":"medal","user":{"country":"uk","medals":[10,51,24,4,103,33,12,24,112,6],"zones":[],"pointsPerHour":0,"points":235,"blocktime":16,"taken":962,"name":"haas12_","totalPoints":163600,"rank":24,"id":257203,"place":4627,"uniqueZonesTaken":111,"region":{"name":"South East England","id":205}}},{"sender":{"country":"se","medals":[],"zones":[155866],"pointsPerHour":1,"points":263,"blocktime":10,"taken":1,"name":"Localllerst","totalPoints":263,"rank":1,"id":367363,"place":3848,"uniqueZonesTaken":1,"region":{"name":"Västmanland","id":143}},"time":"2022-07-05T12:55:17+0000","message":"Måste man va ngn speciel lvl eller?","region":{"name":"Västmanland","id":143},"type":"chat"},{"sender":{"country":"se","medals":[],"zones":[155866],"pointsPerHour":1,"points":263,"blocktime":10,"taken":1,"name":"Localllerst","totalPoints":263,"rank":1,"id":367363,"place":3848,"uniqueZonesTaken":1,"region":{"name":"Västmanland","id":143}},"time":"2022-07-05T12:54:53+0000","message":"Hur gör jag ett team?","region":{"name":"Västmanland","id":143},"type":"chat"},{"medal":32,"time":"2022-07-05T12:52:15+0000","type":"medal","user":{"country":"se","medals":[51,92,10,94,100,32],"zones":[44832,44833,26178,23978,24204,23980,23981,23982,24207,220696,44829,44830,44703],"pointsPerHour":0,"points":4833,"blocktime":12,"taken":100,"name":"ValterLind","totalPoints":17045,"rank":10,"id":365183,"place":4624,"uniqueZonesTaken":23,"region":{"name":"Kalmar","id":137}}}]