[{"medal":84,"time":"2022-07-04T15:00:26+0000","type":"medal","user":{"country":"se","medals":[84],"zones":[319748,94230,176239,27901],"pointsPerHour":0,"points":825,"blocktime":10,"taken":5,"name":"Millameter","totalPoints":1012,"rank":3,"id":367311,"place":4251,"uniqueZonesTaken":5,"region":{"name":"Skåne","id":135}}},{"medal":85,"time":"2022-07-04T14:58:08+0000","type":"medal","user":{"country":"se","medals":[80,85],"zones":[168787,11348,11349,11557,43205,117085,12398],"pointsPerHour":0,"points":1366,"blocktime":11,"taken":10,"name":"MirreT","totalPoints":2007,"rank":5,"id":367276,"place":4249,"uniqueZonesTaken":10,"region":{"name":"Jämtland","id":128}}},{"medal":52,"time":"2022-07-04T14:58:02+0000","type":"medal","user":{"country":"no","medals":[94,100,86,6,11,52],"zones":[80065,136194,90688,152963,136195,90690,1603,136193,93797,1604,134662,93798,78537,48077,54254,8657,78138,78141,78143,6910],"pointsPerHour":0,"points":4966,"blocktime":12,"taken":79,"name":"Fiskarpojken","totalPoints":12300,"rank":9,"id":232134,"place":4249,"uniqueZonesTaken":53,"region":{"name":"Nordnorge","id":183}}},{"sender":{"country":"se","medals":[5,16,70,67,22,47,4,58,77,38,95,78,66,28,126,105,50],"zones":[134676,11670,21127,24423,152392,46894],"pointsPerHour":21,"points":2277,"blocktime":21,"taken":14566,"name":"kingpear","totalPoints":3740520,"rank":47,"id":30417,"place":1716,"uniqueZonesTaken":2670,"region":{"name":"Uppsala","id":142}},"time":"2022-07-04T14:54:29+0000","message":"på besök för första gången i uppsala :) var köper jag pizza ? i närheten av där jag är :)","region":{"name":"Uppsala","id":142},"type":"chat"}]