[{"medal":51,"time":"2022-04-05T08:49:49+0000","type":"medal","user":{"country":"se","medals":[51,85],"zones":[2083,6947,2084,80711,32678,2951,2953,407629,32684,8092],"pointsPerHour":0,"points":1237,"blocktime":660,"taken":10,"name":"caisa2.0","totalPoints":1237,"rank":4,"id":357634,"place":4018,"uniqueZonesTaken":10,"region":{"name":"Jämtland","id":128}}},{"medal":85,"time":"2022-04-05T08:49:49+0000","type":"medal","user":{"country":"se","medals":[51,85],"zones":[2083,6947,2084,80711,32678,2951,2953,407629,32684,8092],"pointsPerHour":0,"points":1237,"blocktime":660,"taken":10,"name":"caisa2.0","totalPoints":1237,"rank":4,"id":357634,"place":4018,"uniqueZonesTaken":10,"region":{"name":"Jämtland","id":128}}}]