[{"sender":{"country":"uk","medals":[46,10,79,16,13,77,4,27,58,122,94,5,36,105,131],"zones":[368917,368919,478767,368924,478781,365055,478780,96813,406490,478779],"pointsPerHour":16,"points":2902,"blocktime":1245,"taken":6689,"name":"fanniesuraunt","totalPoints":2098318,"rank":43,"id":320035,"place":1376,"uniqueZonesTaken":499,"region":{"name":"Scotland","id":200}},"time":"2022-04-04T12:37:43+0000","message":":Placid_Casual: can Spottie be added to the highland league?","region":{"name":"Scotland","id":200},"type":"chat"}]