[{"sender":{"country":"se","medals":[79,4,77,70,67,83,123,126,72,16,27,21,59,50,108,75,30,96,130,73,68,91],"zones":[64899,6980,19205,44423,64903,84105,19208,43976,33736,33738,43981,12050,135761,43932,26658,43108,113450,11371,24494,92209,29427,24501,31286,694,44734,1023],"pointsPerHour":132,"points":32499,"blocktime":1350,"taken":31927,"name":"ordoman","totalPoints":5556496,"rank":50,"id":254762,"place":88,"uniqueZonesTaken":3791,"region":{"name":"Värmland","id":130}},"time":"2022-04-05T17:16:22+0000","message":"B4RK: Kan du lämna Nokia Hill åt mig. Kör 2 solar.","region":{"name":"Värmland","id":130},"type":"chat"},{"medal":80,"time":"2022-04-05T17:09:56+0000","type":"medal","user":{"country":"se","medals":[80,84],"zones":[32033,43809,13622,11658,139261],"pointsPerHour":0,"points":585,"blocktime":630,"taken":5,"name":"Jolle41","totalPoints":585,"rank":2,"id":354144,"place":4268,"uniqueZonesTaken":5,"region":{"name":"Västmanland","id":143}}},{"medal":84,"time":"2022-04-05T17:09:56+0000","type":"medal","user":{"country":"se","medals":[80,84],"zones":[32033,43809,13622,11658,139261],"pointsPerHour":0,"points":585,"blocktime":630,"taken":5,"name":"Jolle41","totalPoints":585,"rank":2,"id":354144,"place":4268,"uniqueZonesTaken":5,"region":{"name":"Västmanland","id":143}}}]