[{"medal":80,"time":"2022-04-04T15:03:55+0000","type":"medal","user":{"country":"uk","medals":[85,80],"zones":[93633,93635,93634,93431,93642],"pointsPerHour":0,"points":928,"blocktime":675,"taken":13,"name":"Flojo","totalPoints":2670,"rank":5,"id":355975,"place":3747,"uniqueZonesTaken":6,"region":{"name":"Scotland","id":200}}},{"sender":{"country":"se","medals":[95,28,6,77,47,79,13,55,35,16,128,102],"zones":[180652,26896,26897,1041,26741,37142,2297,37146,26525,70111,8159,927],"pointsPerHour":66,"points":3649,"blocktime":1110,"taken":3881,"name":"guerro","totalPoints":593783,"rank":34,"id":335407,"place":1240,"uniqueZonesTaken":386,"region":{"name":"Östergötland","id":139}},"time":"2022-04-04T14:49:56+0000","message":"👍","region":{"name":"Östergötland","id":139},"type":"chat"}]