[{"medal":51,"time":"2022-04-04T12:30:55+0000","type":"medal","user":{"country":"uk","medals":[93,85,51,92],"zones":[21684,20247,20857,20938,20858,20794,20939,20091,20797,20798],"pointsPerHour":0,"points":2496,"blocktime":690,"taken":15,"name":"Ionian","totalPoints":3595,"rank":6,"id":356275,"place":3659,"uniqueZonesTaken":15,"region":{"name":"Yorkshire & The Humber","id":202}}},{"medal":92,"time":"2022-04-04T12:30:55+0000","type":"medal","user":{"country":"uk","medals":[93,85,51,92],"zones":[21684,20247,20857,20938,20858,20794,20939,20091,20797,20798],"pointsPerHour":0,"points":2496,"blocktime":690,"taken":15,"name":"Ionian","totalPoints":3595,"rank":6,"id":356275,"place":3659,"uniqueZonesTaken":15,"region":{"name":"Yorkshire & The Humber","id":202}}},{"medal":6,"time":"2022-04-04T12:25:59+0000","type":"medal","user":{"country":"se","medals":[46,16,78,4,55,13,94,101,28,35,6],"zones":[1841],"pointsPerHour":0,"points":209,"blocktime":1110,"taken":2514,"name":"Railsplitter","totalPoints":630469,"rank":34,"id":256610,"place":3659,"uniqueZonesTaken":425,"region":{"name":"Östergötland","id":139}}}]