[{"sender":{"country":"se","medals":[90,77,78,94,4,55,66,126,15,46,122,101,38,16],"zones":[481895,481894,95552,7202,18051,115113,95689,61768,27050,1262,24111,476424,16849,92722,115125,486512,64600,153722,153720,153721,7196,211487,18044],"pointsPerHour":60,"points":5290,"blocktime":1230,"taken":10118,"name":"sifferbiten","totalPoints":1897478,"rank":42,"id":123373,"place":992,"uniqueZonesTaken":1117,"region":{"name":"Halland","id":134}},"time":"2022-04-04T17:49:28+0000","message":"äntligen neutrailzer. På en MÅNDAG. Inte en turfare i Kungsbacka på hela dagen.","region":{"name":"Halland","id":134},"type":"chat"},{"medal":92,"time":"2022-04-04T17:48:41+0000","type":"medal","user":{"country":"se","medals":[80,85,92],"zones":[27618,21493,1397,115821,10908,107452,115823,10910,115822],"pointsPerHour":0,"points":2306,"blocktime":675,"taken":15,"name":"MrBirdie71","totalPoints":2306,"rank":5,"id":357484,"place":3836,"uniqueZonesTaken":15,"region":{"name":"Västra Götaland","id":132}}},{"medal":33,"time":"2022-04-04T17:42:07+0000","type":"medal","user":{"country":"se","medals":[80,95,11,103,33],"zones":[25983],"pointsPerHour":0,"points":757,"blocktime":870,"taken":500,"name":"Lights","totalPoints":84440,"rank":18,"id":346629,"place":3833,"uniqueZonesTaken":69,"region":{"name":"Dalarna","id":129}}}]