[{"medal":93,"time":"2022-05-09T10:18:16+0000","type":"medal","user":{"country":"se","medals":[51,92,31,93],"zones":[63888,46529,26099,154193,464532,114949,200230,96183],"pointsPerHour":0,"points":6901,"blocktime":705,"taken":31,"name":"farfarrullarr","totalPoints":6901,"rank":7,"id":360065,"place":6288,"uniqueZonesTaken":23,"region":{"name":"Västerbotten","id":127}}},{"medal":85,"time":"2022-05-09T10:17:41+0000","type":"medal","user":{"country":"dk","medals":[93,100,85],"zones":[34523,5711],"pointsPerHour":0,"points":2456,"blocktime":675,"taken":12,"name":"bmagnuss","totalPoints":2456,"rank":5,"id":362131,"place":6288,"uniqueZonesTaken":12,"region":{"name":"Hovedstaden","id":172}}},{"medal":31,"time":"2022-05-09T10:11:36+0000","type":"medal","user":{"country":"se","medals":[80,31],"zones":[46532,23535],"pointsPerHour":0,"points":5174,"blocktime":690,"taken":25,"name":"maraboo","totalPoints":5174,"rank":6,"id":360227,"place":6287,"uniqueZonesTaken":12,"region":{"name":"Västerbotten","id":127}}}]