[{"medal":128,"time":"2022-05-10T08:39:04+0000","type":"medal","user":{"country":"uk","medals":[10,13,57,47,122,34,16,79,128],"zones":[393478,393479,321413,393476,321414,322567,393477,321415,322562,465920,393486,393484,344719,393485,64395,393482,321416,393483,359947,393480,393481,321430,321431,344720,321436,321437,322205,321438,346526,321432,321433,321434,322458,477976,322459,321444,321445,321446,321447,321440,48037,321441,321442,322466,321443,346530,319791,62508,340541,321348,344788,344784,387155,344787,318173,344796,344795,359907,373992,64376,64377,64378,64379,465916,64380,465915,328315,64383,359930,465912],"pointsPerHour":0,"points":85398,"blocktime":1065,"taken":1521,"name":"Bloo","totalPoints":366652,"rank":31,"id":356829,"place":6508,"uniqueZonesTaken":366,"region":{"name":"Scotland","id":200}}},{"medal":95,"time":"2022-05-10T08:38:16+0000","type":"medal","user":{"country":"se","medals":[84,95],"zones":[458022,154051,97144,80812],"pointsPerHour":0,"points":1296,"blocktime":660,"taken":7,"name":"Tobias2006","totalPoints":1296,"rank":4,"id":362462,"place":6508,"uniqueZonesTaken":6,"region":{"name":"Västra Götaland","id":132}}},{"medal":95,"time":"2022-05-10T08:38:16+0000","type":"medal","user":{"country":"se","medals":[95],"zones":[],"pointsPerHour":0,"points":910,"blocktime":645,"taken":5,"name":"stamsitebror","totalPoints":910,"rank":3,"id":362460,"place":6508,"uniqueZonesTaken":5,"region":{"name":"Västra Götaland","id":132}}},{"medal":95,"time":"2022-05-10T08:38:16+0000","type":"medal","user":{"country":"se","medals":[95],"zones":[65161],"pointsPerHour":0,"points":1095,"blocktime":645,"taken":6,"name":"Charliesexymom","totalPoints":1095,"rank":3,"id":362463,"place":6508,"uniqueZonesTaken":6,"region":{"name":"Västra Götaland","id":132}}},{"medal":85,"time":"2022-05-10T08:38:16+0000","type":"medal","user":{"country":"se","medals":[80,93,85],"zones":[179795,80197,95261,5326],"pointsPerHour":0,"points":2037,"blocktime":675,"taken":11,"name":"FazeMohamed","totalPoints":2037,"rank":5,"id":362459,"place":6508,"uniqueZonesTaken":10,"region":{"name":"Västra Götaland","id":132}}},{"medal":95,"time":"2022-05-10T08:38:16+0000","type":"medal","user":{"country":"se","medals":[95],"zones":[],"pointsPerHour":0,"points":1095,"blocktime":645,"taken":6,"name":"soximaffakka","totalPoints":1095,"rank":3,"id":362457,"place":6508,"uniqueZonesTaken":6,"region":{"name":"Västra Götaland","id":132}}},{"medal":84,"time":"2022-05-10T08:35:09+0000","type":"medal","user":{"country":"se","medals":[84],"zones":[116597,116598,176348,176349],"pointsPerHour":0,"points":925,"blocktime":645,"taken":5,"name":"Hanna.Persson","totalPoints":925,"rank":3,"id":362470,"place":6508,"uniqueZonesTaken":5,"region":{"name":"Västra Götaland","id":132}}}]