[{"medal":32,"time":"2022-05-09T14:46:29+0000","type":"medal","user":{"country":"se","medals":[93,92,80,32],"zones":[505],"pointsPerHour":0,"points":3868,"blocktime":735,"taken":100,"name":"Clifford.jr","totalPoints":12707,"rank":9,"id":358080,"place":6399,"uniqueZonesTaken":20,"region":{"name":"Västmanland","id":143}}},{"medal":119,"time":"2022-05-09T14:42:40+0000","type":"medal","user":{"country":"se","medals":[5,16,67,27,24,70,21,28,66,48,26,24,68,77,17,79,30,59,24,17,116,61,62,24,108,24,126,124,121,17,131,119],"zones":[24512,45158,36711,62221,63599,134258,16053,30102,20953,22073,11324,224542],"pointsPerHour":0,"points":35256,"blocktime":1470,"taken":100000,"name":"galax","totalPoints":16892958,"rank":58,"id":57332,"place":6399,"uniqueZonesTaken":10649,"region":{"name":"Örebro","id":131}}}]