[{"medal":94,"time":"2023-07-05T11:28:07+0000","type":"medal","user":{"country":"se","medals":[94],"zones":[21903],"pointsPerHour":0,"points":340,"blocktime":615,"taken":2,"name":"IrmaTiger","totalPoints":340,"rank":1,"id":399183,"place":5032,"uniqueZonesTaken":2,"region":{"name":"Västerbotten","id":127}}},{"medal":4,"time":"2023-07-05T11:26:24+0000","type":"medal","user":{"country":"se","medals":[95,85,80,100,4],"zones":[],"pointsPerHour":0,"points":235,"blocktime":675,"taken":14,"name":"AneHill","totalPoints":2950,"rank":5,"id":398342,"place":5030,"uniqueZonesTaken":12,"region":{"name":"Dalarna","id":129}}},{"medal":4,"time":"2023-07-05T11:26:24+0000","type":"medal","user":{"country":"se","medals":[67,78,12,52,100,42,95,4],"zones":[26032,96178,178100,113463,121702,113462,650,170137,27933,64639],"pointsPerHour":0,"points":3238,"blocktime":855,"taken":304,"name":"Charmeuren","totalPoints":68730,"rank":17,"id":129027,"place":5030,"uniqueZonesTaken":163,"region":{"name":"Dalarna","id":129}}},{"medal":77,"time":"2023-07-05T11:25:20+0000","type":"medal","user":{"country":"uk","medals":[46,10,16,78,122,93,14,27,68,36,60,68,6,77],"zones":[362049,480451,480450,362050,353164,480461,353163,479772,388697,388698,19616,360165,352485,350564,19618,368871,352486,388705,349601,19622,360163,360168,352488,398827,360171,352491,360170,352490,351348,381620,19825,373748,381619,20093],"pointsPerHour":0,"points":8344,"blocktime":1275,"taken":5646,"name":"TawnyOwl","totalPoints":2716668,"rank":45,"id":307712,"place":5030,"uniqueZonesTaken":627,"region":{"name":"East of England","id":204}}},{"medal":94,"time":"2023-07-05T11:23:26+0000","type":"medal","user":{"country":"se","medals":[127,28,100,46,16,34,13,57,79,94],"zones":[178098,92016,227792,168875,9642,397597,7277],"pointsPerHour":0,"points":6360,"blocktime":1065,"taken":1701,"name":"BangoSkank","totalPoints":391358,"rank":31,"id":386744,"place":5029,"uniqueZonesTaken":410,"region":{"name":"Dalarna","id":129}}}]