[{"medal":80,"time":"2022-07-04T12:32:36+0000","type":"medal","user":{"country":"se","medals":[84,80],"zones":[46880,18196,17546,222105,80639],"pointsPerHour":0,"points":954,"blocktime":645,"taken":6,"name":"the_b_boi","totalPoints":954,"rank":3,"id":367379,"place":4126,"uniqueZonesTaken":5,"region":{"name":"Västmanland","id":143}}},{"medal":42,"time":"2022-07-04T12:30:03+0000","type":"medal","user":{"country":"se","medals":[10,78,46,94,12,55,42],"zones":[9739,1424,8785,99924,94103,17756,24028,31583,168874,9641,31787,44267,31788,7277,9648,21169,1457,21170,8627,42419,8756,42420,8760,8763,11262],"pointsPerHour":0,"points":14719,"blocktime":810,"taken":250,"name":"pepeturfare","totalPoints":40883,"rank":14,"id":365345,"place":4125,"uniqueZonesTaken":109,"region":{"name":"Dalarna","id":129}}},{"medal":84,"time":"2022-07-04T12:29:44+0000","type":"medal","user":{"country":"se","medals":[84],"zones":[46880,17546,222105,80639],"pointsPerHour":0,"points":813,"blocktime":645,"taken":5,"name":"the_b_boi","totalPoints":813,"rank":3,"id":367379,"place":4125,"uniqueZonesTaken":4,"region":{"name":"Västmanland","id":143}}},{"medal":91,"time":"2022-07-04T12:28:50+0000","type":"medal","user":{"country":"se","medals":[79,93,28,4,16,100,117,126,47,77,27,30,60,130,41,74,22,124,91],"zones":[201111,62271],"pointsPerHour":0,"points":3535,"blocktime":1380,"taken":27225,"name":"King_RAH","totalPoints":7096365,"rank":52,"id":170508,"place":4125,"uniqueZonesTaken":5462,"region":{"name":"Skåne","id":135}}},{"medal":7,"time":"2022-07-04T12:23:36+0000","type":"medal","user":{"country":"nl","medals":[93,126,51,101,42,12,7],"zones":[1972],"pointsPerHour":0,"points":220,"blocktime":885,"taken":470,"name":"Rokkerlover","totalPoints":90238,"rank":19,"id":266412,"place":4122,"uniqueZonesTaken":140,"region":{"name":"Noord-Holland","id":117}}}]