[{"sender":{"country":"se","medals":[16,24,77,70,72,67,83,117,4,75,79,21,68,27,17,116,2,68,50,24,66,82,68,68,124,68,68,24,68,3,68,24,126,68,68,68,68,119,68,24,108,17,68,3,68,24,68,17,131,68],"zones":[],"pointsPerHour":0,"points":15387,"blocktime":1470,"taken":134670,"name":"Pike","totalPoints":20974774,"rank":58,"id":207476,"place":347,"uniqueZonesTaken":4865,"region":{"name":"Västerbotten","id":127}},"time":"2022-07-05T03:23:02+0000","message":"Cykeltalibanen: Grattis till bra spurt o kvar i ligan 👏💪","region":{"name":"Västerbotten","id":127},"type":"chat"}]