[{"medal":84,"time":"2022-07-05T12:37:02+0000","type":"medal","user":{"country":"no","medals":[84],"zones":[48023],"pointsPerHour":0,"points":185,"blocktime":660,"taken":5,"name":"trulte41","totalPoints":1378,"rank":4,"id":367179,"place":4621,"uniqueZonesTaken":4,"region":{"name":"Østlandet","id":179}}},{"medal":11,"time":"2022-07-05T12:34:40+0000","type":"medal","user":{"country":"se","medals":[79,10,52,46,32,11],"zones":[354829,354828,9418,31562,44555,9419,8588,11982,54670,11983,496597,7706,52839,33641,28847,26095,95475,179127,18614,18615,18616,18617,180603,18618,487868,3454,180604,135037],"pointsPerHour":0,"points":11165,"blocktime":765,"taken":116,"name":"Snyggroos76","totalPoints":18929,"rank":11,"id":367138,"place":4618,"uniqueZonesTaken":50,"region":{"name":"Västerbotten","id":127}}}]