[{"zone":{"dateCreated":"2021-06-20T19:31:07+0000","dateLastTaken":"0002-12-02T00:00:00+0000","latitude":60.370552,"name":"Dammsand","id":428290,"totalTakeovers":0,"region":{"country":"se","name":"Dalarna","id":129},"pointsPerHour":1,"longitude":15.644139,"takeoverPoints":185},"time":"2021-06-20T19:31:07+0000","type":"zone"},{"zone":{"dateCreated":"2021-06-20T19:30:21+0000","dateLastTaken":"0002-12-02T00:00:00+0000","latitude":60.601842,"name":"Mojäng","id":428289,"totalTakeovers":0,"region":{"country":"se","name":"Dalarna","id":129},"pointsPerHour":1,"longitude":15.097387,"takeoverPoints":185},"time":"2021-06-20T19:30:21+0000","type":"zone"},{"zone":{"dateCreated":"2021-06-20T19:30:03+0000","dateLastTaken":"0002-12-02T00:00:00+0000","latitude":60.54802,"name":"PrestOlles","id":428288,"totalTakeovers":0,"region":{"country":"se","name":"Dalarna","id":129},"pointsPerHour":1,"longitude":15.14098,"takeoverPoints":185},"time":"2021-06-20T19:30:03+0000","type":"zone"},{"zone":{"dateCreated":"2021-06-20T19:22:50+0000","dateLastTaken":"0002-12-02T00:00:00+0000","latitude":60.165189,"name":"Jollasstrand","id":369087,"totalTakeovers":0,"region":{"country":"fi","name":"Etelä-Suomi","id":185},"pointsPerHour":1,"longitude":25.06534,"takeoverPoints":185},"time":"2021-06-20T19:22:50+0000","type":"zone"},{"zone":{"dateCreated":"2021-06-20T19:17:40+0000","dateLastTaken":"0002-12-02T00:00:00+0000","latitude":58.081889,"name":"Kyrmkbao","id":428287,"totalTakeovers":0,"region":{"country":"se","name":"Västra Götaland","id":132},"pointsPerHour":1,"longitude":13.77781,"takeoverPoints":185},"time":"2021-06-20T19:17:40+0000","type":"zone"},{"zone":{"dateCreated":"2021-06-20T18:56:53+0000","dateLastTaken":"0002-12-02T00:00:00+0000","latitude":57.753946,"name":"TaMeMaltÅJäst","id":428286,"totalTakeovers":0,"region":{"country":"se","name":"Västra Götaland","id":132},"pointsPerHour":1,"longitude":12.189479,"takeoverPoints":185},"time":"2021-06-20T18:56:53+0000","type":"zone"},{"zone":{"dateCreated":"2021-06-20T15:29:46+0000","dateLastTaken":"0002-12-02T00:00:00+0000","latitude":59.402381,"name":"Falkögat","id":426390,"totalTakeovers":0,"region":{"country":"se","name":"Värmland","id":130},"pointsPerHour":6,"longitude":13.515789,"takeoverPoints":110},"time":"2021-06-20T15:29:46+0000","type":"zone"},{"zone":{"dateCreated":"2021-06-20T14:54:28+0000","dateLastTaken":"0002-12-02T00:00:00+0000","latitude":55.493228,"name":"Snirklingen","id":426387,"totalTakeovers":0,"region":{"country":"se","name":"Skåne","id":135},"pointsPerHour":1,"longitude":13.007129,"takeoverPoints":185},"time":"2021-06-20T14:54:28+0000","type":"zone"},{"zone":{"dateCreated":"2021-06-20T06:30:00+0000","dateLastTaken":"0002-12-02T00:00:00+0000","latitude":57.622629,"name":"SödraHällarna","id":428278,"totalTakeovers":0,"region":{"country":"se","name":"Gotland","id":138},"pointsPerHour":3,"longitude":18.270903,"takeoverPoints":155},"time":"2021-06-20T06:30:00+0000","type":"zone"},{"zone":{"dateCreated":"2021-06-19T21:47:16+0000","dateLastTaken":"0002-12-02T00:00:00+0000","latitude":44.987892,"name":"WirthLuce","id":428253,"totalTakeovers":0,"region":{"country":"us","name":"Minnesota","id":405},"pointsPerHour":1,"longitude":-93.336969,"takeoverPoints":185},"time":"2021-06-19T21:47:16+0000","type":"zone"},{"zone":{"dateCreated":"2021-06-19T21:43:37+0000","dateLastTaken":"0002-12-02T00:00:00+0000","latitude":44.989308,"name":"WirthOne","id":428252,"totalTakeovers":0,"region":{"country":"us","name":"Minnesota","id":405},"pointsPerHour":1,"longitude":-93.332361,"takeoverPoints":185},"time":"2021-06-19T21:43:37+0000","type":"zone"},{"zone":{"dateCreated":"2021-06-19T21:42:18+0000","dateLastTaken":"0002-12-02T00:00:00+0000","latitude":44.989896,"name":"Wirthless","id":428251,"totalTakeovers":0,"region":{"country":"us","name":"Minnesota","id":405},"pointsPerHour":1,"longitude":-93.33484,"takeoverPoints":185},"time":"2021-06-19T21:42:18+0000","type":"zone"},{"zone":{"dateCreated":"2021-06-19T21:33:22+0000","dateLastTaken":"0002-12-02T00:00:00+0000","latitude":45.026982,"name":"CityLimits","id":428250,"totalTakeovers":0,"region":{"country":"us","name":"Minnesota","id":405},"pointsPerHour":1,"longitude":-92.967548,"takeoverPoints":185},"time":"2021-06-19T21:33:22+0000","type":"zone"},{"zone":{"dateCreated":"2021-06-19T21:32:24+0000","dateLastTaken":"0002-12-02T00:00:00+0000","latitude":45.02995,"name":"36Lake","id":428249,"totalTakeovers":0,"region":{"country":"us","name":"Minnesota","id":405},"pointsPerHour":1,"longitude":-92.951522,"takeoverPoints":185},"time":"2021-06-19T21:32:24+0000","type":"zone"},{"zone":{"dateCreated":"2021-06-19T21:31:55+0000","dateLastTaken":"0002-12-02T00:00:00+0000","latitude":45.037923,"name":"FishOrTurf","id":428248,"totalTakeovers":0,"region":{"country":"us","name":"Minnesota","id":405},"pointsPerHour":1,"longitude":-92.942919,"takeoverPoints":185},"time":"2021-06-19T21:31:55+0000","type":"zone"},{"zone":{"dateCreated":"2021-06-19T21:28:47+0000","dateLastTaken":"0002-12-02T00:00:00+0000","latitude":45.070266,"name":"Lakes","id":428247,"totalTakeovers":0,"region":{"country":"us","name":"Minnesota","id":405},"pointsPerHour":1,"longitude":-92.911157,"takeoverPoints":185},"time":"2021-06-19T21:28:47+0000","type":"zone"},{"zone":{"dateCreated":"2021-06-19T21:27:56+0000","dateLastTaken":"0002-12-02T00:00:00+0000","latitude":45.080042,"name":"Dellwood","id":428246,"totalTakeovers":0,"region":{"country":"us","name":"Minnesota","id":405},"pointsPerHour":1,"longitude":-92.896513,"takeoverPoints":185},"time":"2021-06-19T21:27:56+0000","type":"zone"},{"zone":{"dateCreated":"2021-06-19T21:26:41+0000","dateLastTaken":"0002-12-02T00:00:00+0000","latitude":45.104763,"name":"SteadyNow","id":428245,"totalTakeovers":0,"region":{"country":"us","name":"Minnesota","id":405},"pointsPerHour":1,"longitude":-92.86451,"takeoverPoints":185},"time":"2021-06-19T21:26:41+0000","type":"zone"},{"zone":{"dateCreated":"2021-06-19T21:25:19+0000","dateLastTaken":"0002-12-02T00:00:00+0000","latitude":45.120406,"name":"PinePoint","id":428244,"totalTakeovers":0,"region":{"country":"us","name":"Minnesota","id":405},"pointsPerHour":1,"longitude":-92.838106,"takeoverPoints":185},"time":"2021-06-19T21:25:19+0000","type":"zone"},{"zone":{"dateCreated":"2021-06-19T21:22:42+0000","dateLastTaken":"0002-12-02T00:00:00+0000","latitude":45.076866,"name":"DuluthJct","id":428243,"totalTakeovers":0,"region":{"country":"us","name":"Minnesota","id":405},"pointsPerHour":1,"longitude":-92.900241,"takeoverPoints":185},"time":"2021-06-19T21:22:42+0000","type":"zone"},{"zone":{"dateCreated":"2021-06-19T21:19:58+0000","dateLastTaken":"0002-12-02T00:00:00+0000","latitude":45.056473,"name":"ULiftMeUp","id":428242,"totalTakeovers":0,"region":{"country":"us","name":"Minnesota","id":405},"pointsPerHour":1,"longitude":-92.80306,"takeoverPoints":185},"time":"2021-06-19T21:19:58+0000","type":"zone"},{"zone":{"dateCreated":"2021-06-19T20:45:28+0000","dateLastTaken":"0002-12-02T00:00:00+0000","latitude":46.787629,"name":"TheBestView","id":428241,"totalTakeovers":0,"region":{"country":"us","name":"Minnesota","id":405},"pointsPerHour":1,"longitude":-92.09469,"takeoverPoints":185},"time":"2021-06-19T20:45:28+0000","type":"zone"},{"zone":{"dateCreated":"2021-06-19T20:43:55+0000","dateLastTaken":"0002-12-02T00:00:00+0000","latitude":46.776102,"name":"EngerLookout","id":428240,"totalTakeovers":0,"region":{"country":"us","name":"Minnesota","id":405},"pointsPerHour":1,"longitude":-92.124919,"takeoverPoints":185},"time":"2021-06-19T20:43:55+0000","type":"zone"},{"zone":{"dateCreated":"2021-06-19T20:42:54+0000","dateLastTaken":"0002-12-02T00:00:00+0000","latitude":46.77407,"name":"PointOfRocks","id":428239,"totalTakeovers":0,"region":{"country":"us","name":"Minnesota","id":405},"pointsPerHour":1,"longitude":-92.115572,"takeoverPoints":185},"time":"2021-06-19T20:42:54+0000","type":"zone"},{"zone":{"dateCreated":"2021-06-19T20:42:10+0000","dateLastTaken":"0002-12-02T00:00:00+0000","latitude":46.783139,"name":"HondaPriley","id":428238,"totalTakeovers":0,"region":{"country":"us","name":"Minnesota","id":405},"pointsPerHour":1,"longitude":-92.105999,"takeoverPoints":185},"time":"2021-06-19T20:42:10+0000","type":"zone"},{"zone":{"dateCreated":"2021-06-19T20:41:29+0000","dateLastTaken":"0002-12-02T00:00:00+0000","latitude":46.777733,"name":"FestiveBay","id":428237,"totalTakeovers":0,"region":{"country":"us","name":"Minnesota","id":405},"pointsPerHour":1,"longitude":-92.101478,"takeoverPoints":185},"time":"2021-06-19T20:41:29+0000","type":"zone"},{"zone":{"dateCreated":"2021-06-19T20:40:59+0000","dateLastTaken":"0002-12-02T00:00:00+0000","latitude":46.780175,"name":"DullLakewalk","id":428236,"totalTakeovers":0,"region":{"country":"us","name":"Minnesota","id":405},"pointsPerHour":1,"longitude":-92.091804,"takeoverPoints":185},"time":"2021-06-19T20:40:59+0000","type":"zone"},{"zone":{"dateCreated":"2021-06-19T20:39:49+0000","dateLastTaken":"0002-12-02T00:00:00+0000","latitude":46.780923,"name":"Dullight","id":428235,"totalTakeovers":0,"region":{"country":"us","name":"Minnesota","id":405},"pointsPerHour":1,"longitude":-92.088282,"takeoverPoints":185},"time":"2021-06-19T20:39:49+0000","type":"zone"},{"zone":{"dateCreated":"2021-06-19T20:38:14+0000","dateLastTaken":"0002-12-02T00:00:00+0000","latitude":44.917918,"name":"Bford","id":428234,"totalTakeovers":0,"region":{"country":"us","name":"Minnesota","id":405},"pointsPerHour":1,"longitude":-93.201078,"takeoverPoints":185},"time":"2021-06-19T20:38:14+0000","type":"zone"},{"zone":{"dateCreated":"2021-06-19T19:03:29+0000","dateLastTaken":"0002-12-02T00:00:00+0000","latitude":57.639485,"name":"Tanneskäret","id":408751,"totalTakeovers":0,"region":{"country":"se","name":"Västra Götaland","id":132},"pointsPerHour":4,"longitude":11.891824,"takeoverPoints":140},"time":"2021-06-19T19:03:29+0000","type":"zone"},{"zone":{"dateCreated":"2021-06-19T17:49:51+0000","dateLastTaken":"0002-12-02T00:00:00+0000","latitude":57.725118,"name":"Samaritvägen","id":428058,"totalTakeovers":0,"region":{"country":"se","name":"Västra Götaland","id":132},"pointsPerHour":3,"longitude":12.959901,"takeoverPoints":155},"time":"2021-06-19T17:49:51+0000","type":"zone"},{"zone":{"dateCreated":"2021-06-19T17:10:41+0000","dateLastTaken":"0002-12-02T00:00:00+0000","latitude":57.583173,"name":"Glimmerstigen","id":413532,"totalTakeovers":0,"region":{"country":"se","name":"Västra Götaland","id":132},"pointsPerHour":2,"longitude":12.081517,"takeoverPoints":170},"time":"2021-06-19T17:10:41+0000","type":"zone"},{"zone":{"dateCreated":"2021-06-19T17:05:20+0000","dateLastTaken":"0002-12-02T00:00:00+0000","latitude":56.173793,"name":"GrönskandeZon","id":413529,"totalTakeovers":0,"region":{"country":"se","name":"Skåne","id":135},"pointsPerHour":1,"longitude":13.806839,"takeoverPoints":185},"time":"2021-06-19T17:05:20+0000","type":"zone"},{"zone":{"dateCreated":"2021-06-19T14:00:00+0000","dateLastTaken":"0002-12-02T00:00:00+0000","latitude":60.472908,"name":"ShesALady","id":428209,"totalTakeovers":0,"region":{"country":"fi","name":"Lounais-Suomi","id":184},"pointsPerHour":3,"longitude":22.312718,"takeoverPoints":155},"time":"2021-06-19T14:00:00+0000","type":"zone"},{"zone":{"dateCreated":"2021-06-19T10:36:41+0000","dateLastTaken":"0002-12-02T00:00:00+0000","latitude":52.466131,"name":"AliBaba","id":428212,"totalTakeovers":0,"region":{"country":"de","name":"Berlin","id":440},"pointsPerHour":2,"longitude":13.441074,"takeoverPoints":170},"time":"2021-06-19T10:36:41+0000","type":"zone"},{"zone":{"dateCreated":"2021-06-19T10:00:00+0000","dateLastTaken":"0002-12-02T00:00:00+0000","latitude":60.314292,"name":"Tällholmsvy","id":406372,"totalTakeovers":0,"region":{"country":"fi","name":"Åland","id":177},"pointsPerHour":1,"longitude":20.374245,"takeoverPoints":185},"time":"2021-06-19T10:00:00+0000","type":"zone"},{"zone":{"dateCreated":"2021-06-19T10:00:00+0000","dateLastTaken":"0002-12-02T00:00:00+0000","latitude":60.268346,"name":"SandösundSand","id":406373,"totalTakeovers":0,"region":{"country":"fi","name":"Åland","id":177},"pointsPerHour":1,"longitude":20.393998,"takeoverPoints":185},"time":"2021-06-19T10:00:00+0000","type":"zone"},{"zone":{"dateCreated":"2021-06-19T10:00:00+0000","dateLastTaken":"0002-12-02T00:00:00+0000","latitude":60.347549,"name":"AnniMajaZone","id":406370,"totalTakeovers":0,"region":{"country":"fi","name":"Åland","id":177},"pointsPerHour":1,"longitude":20.330366,"takeoverPoints":185},"time":"2021-06-19T10:00:00+0000","type":"zone"},{"zone":{"dateCreated":"2021-06-19T10:00:00+0000","dateLastTaken":"0002-12-02T00:00:00+0000","latitude":60.224909,"name":"Hummelvik","id":406374,"totalTakeovers":0,"region":{"country":"fi","name":"Åland","id":177},"pointsPerHour":1,"longitude":20.413265,"takeoverPoints":185},"time":"2021-06-19T10:00:00+0000","type":"zone"},{"zone":{"dateCreated":"2021-06-19T10:00:00+0000","dateLastTaken":"0002-12-02T00:00:00+0000","latitude":60.320412,"name":"Vattungsrevet","id":406371,"totalTakeovers":0,"region":{"country":"fi","name":"Åland","id":177},"pointsPerHour":1,"longitude":20.373008,"takeoverPoints":185},"time":"2021-06-19T10:00:00+0000","type":"zone"},{"zone":{"dateCreated":"2021-06-19T07:23:02+0000","dateLastTaken":"0002-12-02T00:00:00+0000","latitude":59.415688,"name":"Skogsarealen","id":411806,"totalTakeovers":0,"region":{"country":"se","name":"Stockholm","id":141},"pointsPerHour":4,"longitude":17.780432,"takeoverPoints":140},"time":"2021-06-19T07:23:02+0000","type":"zone"},{"zone":{"dateCreated":"2021-06-18T17:09:59+0000","dateLastTaken":"0002-12-02T00:00:00+0000","latitude":27.948619,"name":"TAWaterfront","id":428190,"totalTakeovers":0,"region":{"country":"us","name":"Florida","id":226},"pointsPerHour":1,"longitude":-82.462316,"takeoverPoints":185},"time":"2021-06-18T17:09:59+0000","type":"zone"},{"zone":{"dateCreated":"2021-06-18T17:08:30+0000","dateLastTaken":"0002-12-02T00:00:00+0000","latitude":27.944104,"name":"FloridaAqua","id":428207,"totalTakeovers":0,"region":{"country":"us","name":"Florida","id":226},"pointsPerHour":1,"longitude":-82.445385,"takeoverPoints":185},"time":"2021-06-18T17:08:30+0000","type":"zone"},{"zone":{"dateCreated":"2021-06-18T17:06:55+0000","dateLastTaken":"0002-12-02T00:00:00+0000","latitude":27.960477,"name":"E7thAve","id":428205,"totalTakeovers":0,"region":{"country":"us","name":"Florida","id":226},"pointsPerHour":1,"longitude":-82.441647,"takeoverPoints":185},"time":"2021-06-18T17:06:55+0000","type":"zone"},{"zone":{"dateCreated":"2021-06-18T17:06:43+0000","dateLastTaken":"0002-12-02T00:00:00+0000","latitude":27.942242,"name":"USFPark","id":428193,"totalTakeovers":0,"region":{"country":"us","name":"Florida","id":226},"pointsPerHour":1,"longitude":-82.45805,"takeoverPoints":185},"time":"2021-06-18T17:06:43+0000","type":"zone"},{"zone":{"dateCreated":"2021-06-18T17:06:33+0000","dateLastTaken":"0002-12-02T00:00:00+0000","latitude":27.793084,"name":"ApolloBeach","id":428195,"totalTakeovers":0,"region":{"country":"us","name":"Florida","id":226},"pointsPerHour":1,"longitude":-82.418241,"takeoverPoints":185},"time":"2021-06-18T17:06:33+0000","type":"zone"},{"zone":{"dateCreated":"2021-06-18T17:06:12+0000","dateLastTaken":"0002-12-02T00:00:00+0000","latitude":27.974694,"name":"Buccaneers","id":428055,"totalTakeovers":0,"region":{"country":"us","name":"Florida","id":226},"pointsPerHour":1,"longitude":-82.503369,"takeoverPoints":185},"time":"2021-06-18T17:06:12+0000","type":"zone"},{"zone":{"dateCreated":"2021-06-18T17:05:14+0000","dateLastTaken":"0002-12-02T00:00:00+0000","latitude":27.941139,"name":"Cotanchobee","id":428192,"totalTakeovers":0,"region":{"country":"us","name":"Florida","id":226},"pointsPerHour":1,"longitude":-82.45215,"takeoverPoints":185},"time":"2021-06-18T17:05:14+0000","type":"zone"},{"zone":{"dateCreated":"2021-06-18T17:03:47+0000","dateLastTaken":"0002-12-02T00:00:00+0000","latitude":28.033046,"name":"BuschGardens","id":428206,"totalTakeovers":0,"region":{"country":"us","name":"Florida","id":226},"pointsPerHour":1,"longitude":-82.421013,"takeoverPoints":185},"time":"2021-06-18T17:03:47+0000","type":"zone"},{"zone":{"dateCreated":"2021-06-18T17:03:03+0000","dateLastTaken":"0002-12-02T00:00:00+0000","latitude":27.954564,"name":"LaurelBridge","id":428208,"totalTakeovers":0,"region":{"country":"us","name":"Florida","id":226},"pointsPerHour":1,"longitude":-82.464854,"takeoverPoints":185},"time":"2021-06-18T17:03:03+0000","type":"zone"},{"zone":{"dateCreated":"2021-06-18T17:02:40+0000","dateLastTaken":"0002-12-02T00:00:00+0000","latitude":28.013101,"name":"TampaZoo","id":428204,"totalTakeovers":0,"region":{"country":"us","name":"Florida","id":226},"pointsPerHour":1,"longitude":-82.469518,"takeoverPoints":185},"time":"2021-06-18T17:02:40+0000","type":"zone"},{"zone":{"dateCreated":"2021-06-18T17:01:56+0000","dateLastTaken":"0002-12-02T00:00:00+0000","latitude":27.946691,"name":"SticksOfFire","id":428191,"totalTakeovers":0,"region":{"country":"us","name":"Florida","id":226},"pointsPerHour":1,"longitude":-82.463,"takeoverPoints":185},"time":"2021-06-18T17:01:56+0000","type":"zone"},{"zone":{"dateCreated":"2021-06-18T17:00:26+0000","dateLastTaken":"0002-12-02T00:00:00+0000","latitude":27.979286,"name":"TampaAir","id":428194,"totalTakeovers":0,"region":{"country":"us","name":"Florida","id":226},"pointsPerHour":1,"longitude":-82.534703,"takeoverPoints":185},"time":"2021-06-18T17:00:26+0000","type":"zone"},{"zone":{"dateCreated":"2021-06-18T15:00:00+0000","dateLastTaken":"0002-12-02T00:00:00+0000","latitude":60.474764,"name":"ItsNotUnusual","id":423212,"totalTakeovers":0,"region":{"country":"fi","name":"Lounais-Suomi","id":184},"pointsPerHour":1,"longitude":22.312909,"takeoverPoints":185},"time":"2021-06-18T15:00:00+0000","type":"zone"},{"zone":{"dateCreated":"2021-06-18T12:05:42+0000","dateLastTaken":"0002-12-02T00:00:00+0000","latitude":59.588645,"name":"HåboTibble","id":428036,"totalTakeovers":0,"region":{"country":"se","name":"Stockholm","id":141},"pointsPerHour":3,"longitude":17.660895,"takeoverPoints":155},"time":"2021-06-18T12:05:42+0000","type":"zone"},{"zone":{"dateCreated":"2021-06-18T12:03:13+0000","dateLastTaken":"0002-12-02T00:00:00+0000","latitude":59.485501,"name":"Ådöbadet","id":428035,"totalTakeovers":0,"region":{"country":"se","name":"Stockholm","id":141},"pointsPerHour":2,"longitude":17.604472,"takeoverPoints":170},"time":"2021-06-18T12:03:13+0000","type":"zone"},{"zone":{"dateCreated":"2021-06-18T12:00:40+0000","dateLastTaken":"0002-12-02T00:00:00+0000","latitude":59.205358,"name":"Brakmaren","id":428034,"totalTakeovers":0,"region":{"country":"se","name":"Stockholm","id":141},"pointsPerHour":3,"longitude":18.316222,"takeoverPoints":155},"time":"2021-06-18T12:00:40+0000","type":"zone"},{"zone":{"dateCreated":"2021-06-18T12:00:07+0000","dateLastTaken":"0002-12-02T00:00:00+0000","latitude":59.232269,"name":"Hästskostigen","id":428033,"totalTakeovers":0,"region":{"country":"se","name":"Stockholm","id":141},"pointsPerHour":3,"longitude":18.22069,"takeoverPoints":155},"time":"2021-06-18T12:00:07+0000","type":"zone"},{"zone":{"dateCreated":"2021-06-18T12:00:03+0000","dateLastTaken":"0002-12-02T00:00:00+0000","latitude":57.957102,"name":"Hestra","id":428037,"totalTakeovers":0,"region":{"country":"se","name":"Östergötland","id":139},"pointsPerHour":2,"longitude":15.069337,"takeoverPoints":170},"time":"2021-06-18T12:00:03+0000","type":"zone"},{"zone":{"dateCreated":"2021-06-18T11:30:00+0000","dateLastTaken":"0002-12-02T00:00:00+0000","latitude":57.161057,"name":"WesternHill","id":427401,"totalTakeovers":0,"region":{"country":"gb","name":"Scotland","id":200},"pointsPerHour":1,"longitude":-2.29434,"takeoverPoints":185},"time":"2021-06-18T11:30:00+0000","type":"zone"},{"zone":{"dateCreated":"2021-06-18T10:00:00+0000","dateLastTaken":"0002-12-02T00:00:00+0000","latitude":55.847056,"name":"Dunlossite","id":428197,"totalTakeovers":0,"region":{"country":"gb","name":"Scotland","id":200},"pointsPerHour":1,"longitude":-6.109333,"takeoverPoints":185},"time":"2021-06-18T10:00:00+0000","type":"zone"},{"zone":{"dateCreated":"2021-06-18T10:00:00+0000","dateLastTaken":"0002-12-02T00:00:00+0000","latitude":55.715294,"name":"LagganPoint","id":428203,"totalTakeovers":0,"region":{"country":"gb","name":"Scotland","id":200},"pointsPerHour":1,"longitude":-6.331927,"takeoverPoints":185},"time":"2021-06-18T10:00:00+0000","type":"zone"},{"zone":{"dateCreated":"2021-06-18T10:00:00+0000","dateLastTaken":"0002-12-02T00:00:00+0000","latitude":55.620215,"name":"CarraigFhada","id":428198,"totalTakeovers":0,"region":{"country":"gb","name":"Scotland","id":200},"pointsPerHour":1,"longitude":-6.211628,"takeoverPoints":185},"time":"2021-06-18T10:00:00+0000","type":"zone"},{"zone":{"dateCreated":"2021-06-18T10:00:00+0000","dateLastTaken":"0002-12-02T00:00:00+0000","latitude":55.783041,"name":"MachirBay","id":428199,"totalTakeovers":0,"region":{"country":"gb","name":"Scotland","id":200},"pointsPerHour":1,"longitude":-6.456814,"takeoverPoints":185},"time":"2021-06-18T10:00:00+0000","type":"zone"},{"zone":{"dateCreated":"2021-06-18T10:00:00+0000","dateLastTaken":"0002-12-02T00:00:00+0000","latitude":55.835522,"name":"Finlaggan","id":428202,"totalTakeovers":0,"region":{"country":"gb","name":"Scotland","id":200},"pointsPerHour":1,"longitude":-6.172176,"takeoverPoints":185},"time":"2021-06-18T10:00:00+0000","type":"zone"},{"zone":{"dateCreated":"2021-06-18T10:00:00+0000","dateLastTaken":"0002-12-02T00:00:00+0000","latitude":55.936227,"name":"Ruvaal","id":428201,"totalTakeovers":0,"region":{"country":"gb","name":"Scotland","id":200},"pointsPerHour":1,"longitude":-6.123196,"takeoverPoints":185},"time":"2021-06-18T10:00:00+0000","type":"zone"},{"zone":{"dateCreated":"2021-06-18T10:00:00+0000","dateLastTaken":"0002-12-02T00:00:00+0000","latitude":55.806606,"name":"Ferray","id":428196,"totalTakeovers":0,"region":{"country":"gb","name":"Scotland","id":200},"pointsPerHour":1,"longitude":-5.4825,"takeoverPoints":185},"time":"2021-06-18T10:00:00+0000","type":"zone"},{"zone":{"dateCreated":"2021-06-18T10:00:00+0000","dateLastTaken":"0002-12-02T00:00:00+0000","latitude":55.854045,"name":"TonMhor","id":428200,"totalTakeovers":0,"region":{"country":"gb","name":"Scotland","id":200},"pointsPerHour":1,"longitude":-6.418298,"takeoverPoints":185},"time":"2021-06-18T10:00:00+0000","type":"zone"},{"zone":{"dateCreated":"2021-06-18T09:19:58+0000","dateLastTaken":"0002-12-02T00:00:00+0000","latitude":58.374376,"name":"Växthusbacken","id":428064,"totalTakeovers":0,"region":{"country":"se","name":"Västra Götaland","id":132},"pointsPerHour":1,"longitude":12.290418,"takeoverPoints":185},"time":"2021-06-18T09:19:58+0000","type":"zone"},{"zone":{"dateCreated":"2021-06-17T22:04:02+0000","dateLastTaken":"0002-12-02T00:00:00+0000","latitude":65.968681,"name":"Juobmovare","id":427893,"totalTakeovers":0,"region":{"country":"se","name":"Västerbotten","id":127},"pointsPerHour":1,"longitude":16.094177,"takeoverPoints":185},"time":"2021-06-17T22:04:02+0000","type":"zone"},{"zone":{"dateCreated":"2021-06-17T22:01:15+0000","dateLastTaken":"0002-12-02T00:00:00+0000","latitude":65.964206,"name":"Tjulträsk","id":427892,"totalTakeovers":0,"region":{"country":"se","name":"Västerbotten","id":127},"pointsPerHour":1,"longitude":16.04571,"takeoverPoints":185},"time":"2021-06-17T22:01:15+0000","type":"zone"},{"zone":{"dateCreated":"2021-06-17T20:25:23+0000","dateLastTaken":"0002-12-02T00:00:00+0000","latitude":59.172567,"name":"SvartaHörnet","id":427053,"totalTakeovers":0,"region":{"country":"se","name":"Stockholm","id":141},"pointsPerHour":4,"longitude":18.200552,"takeoverPoints":140},"time":"2021-06-17T20:25:23+0000","type":"zone"},{"zone":{"dateCreated":"2021-06-17T19:14:17+0000","dateLastTaken":"0002-12-02T00:00:00+0000","latitude":65.587383,"name":"Jaktlyckan","id":419025,"totalTakeovers":0,"region":{"country":"se","name":"Norrbotten","id":126},"pointsPerHour":3,"longitude":22.24826,"takeoverPoints":155},"time":"2021-06-17T19:14:17+0000","type":"zone"},{"zone":{"dateCreated":"2021-06-17T18:26:51+0000","dateLastTaken":"0002-12-02T00:00:00+0000","latitude":53.526905,"name":"KiplingPark","id":428076,"totalTakeovers":0,"region":{"country":"gb","name":"North West England","id":201},"pointsPerHour":1,"longitude":-2.6485,"takeoverPoints":185},"time":"2021-06-17T18:26:51+0000","type":"zone"},{"zone":{"dateCreated":"2021-06-17T18:24:36+0000","dateLastTaken":"0002-12-02T00:00:00+0000","latitude":53.525306,"name":"WiganFlashes","id":428075,"totalTakeovers":0,"region":{"country":"gb","name":"North West England","id":201},"pointsPerHour":1,"longitude":-2.636726,"takeoverPoints":185},"time":"2021-06-17T18:24:36+0000","type":"zone"},{"zone":{"dateCreated":"2021-06-17T18:23:36+0000","dateLastTaken":"0002-12-02T00:00:00+0000","latitude":53.524856,"name":"MossBridge","id":428074,"totalTakeovers":0,"region":{"country":"gb","name":"North West England","id":201},"pointsPerHour":1,"longitude":-2.63016,"takeoverPoints":185},"time":"2021-06-17T18:23:36+0000","type":"zone"},{"zone":{"dateCreated":"2021-06-17T18:17:14+0000","dateLastTaken":"0002-12-02T00:00:00+0000","latitude":56.125338,"name":"FårViTurfaHär","id":412488,"totalTakeovers":0,"region":{"country":"se","name":"Skåne","id":135},"pointsPerHour":1,"longitude":13.405327,"takeoverPoints":185},"time":"2021-06-17T18:17:14+0000","type":"zone"},{"zone":{"dateCreated":"2021-06-17T18:15:25+0000","dateLastTaken":"0002-12-02T00:00:00+0000","latitude":56.169044,"name":"Gärdesbrinken","id":412487,"totalTakeovers":0,"region":{"country":"se","name":"Skåne","id":135},"pointsPerHour":1,"longitude":13.797002,"takeoverPoints":185},"time":"2021-06-17T18:15:25+0000","type":"zone"},{"zone":{"dateCreated":"2021-06-17T18:09:15+0000","dateLastTaken":"0002-12-02T00:00:00+0000","latitude":55.918604,"name":"Busskuren","id":412481,"totalTakeovers":0,"region":{"country":"se","name":"Skåne","id":135},"pointsPerHour":1,"longitude":12.816724,"takeoverPoints":185},"time":"2021-06-17T18:09:15+0000","type":"zone"},{"zone":{"dateCreated":"2021-06-17T18:00:23+0000","dateLastTaken":"0002-12-02T00:00:00+0000","latitude":57.111994,"name":"Badklippor","id":412471,"totalTakeovers":0,"region":{"country":"se","name":"Halland","id":134},"pointsPerHour":1,"longitude":12.213981,"takeoverPoints":185},"time":"2021-06-17T18:00:23+0000","type":"zone"},{"zone":{"dateCreated":"2021-06-17T17:51:44+0000","dateLastTaken":"0002-12-02T00:00:00+0000","latitude":57.489073,"name":"Säröcykelled","id":412463,"totalTakeovers":0,"region":{"country":"se","name":"Halland","id":134},"pointsPerHour":1,"longitude":12.051905,"takeoverPoints":185},"time":"2021-06-17T17:51:44+0000","type":"zone"},{"zone":{"dateCreated":"2021-06-17T17:29:54+0000","dateLastTaken":"0002-12-02T00:00:00+0000","latitude":58.429385,"name":"Brödträdet","id":412452,"totalTakeovers":0,"region":{"country":"se","name":"Västra Götaland","id":132},"pointsPerHour":1,"longitude":14.186419,"takeoverPoints":185},"time":"2021-06-17T17:29:54+0000","type":"zone"},{"zone":{"dateCreated":"2021-06-17T16:59:56+0000","dateLastTaken":"0002-12-02T00:00:00+0000","latitude":57.510962,"name":"Gökgården","id":412437,"totalTakeovers":0,"region":{"country":"se","name":"Västra Götaland","id":132},"pointsPerHour":1,"longitude":12.694675,"takeoverPoints":185},"time":"2021-06-17T16:59:56+0000","type":"zone"},{"zone":{"dateCreated":"2021-06-17T16:21:29+0000","dateLastTaken":"0002-12-02T00:00:00+0000","latitude":55.645155,"name":"SwirlZone","id":428071,"totalTakeovers":0,"region":{"country":"se","name":"Skåne","id":135},"pointsPerHour":3,"longitude":13.071552,"takeoverPoints":155},"time":"2021-06-17T16:21:29+0000","type":"zone"},{"zone":{"dateCreated":"2021-06-17T15:00:00+0000","dateLastTaken":"0002-12-02T00:00:00+0000","latitude":65.668626,"name":"HundRace","id":425231,"totalTakeovers":0,"region":{"country":"se","name":"Norrbotten","id":126},"pointsPerHour":1,"longitude":20.96086,"takeoverPoints":185},"time":"2021-06-17T15:00:00+0000","type":"zone"},{"zone":{"dateCreated":"2021-06-17T15:00:00+0000","dateLastTaken":"0002-12-02T00:00:00+0000","latitude":65.666915,"name":"TillKanis","id":425230,"totalTakeovers":0,"region":{"country":"se","name":"Norrbotten","id":126},"pointsPerHour":1,"longitude":20.968628,"takeoverPoints":185},"time":"2021-06-17T15:00:00+0000","type":"zone"},{"zone":{"dateCreated":"2021-06-17T15:00:00+0000","dateLastTaken":"0002-12-02T00:00:00+0000","latitude":65.661836,"name":"KanisTopp","id":425232,"totalTakeovers":0,"region":{"country":"se","name":"Norrbotten","id":126},"pointsPerHour":1,"longitude":20.951156,"takeoverPoints":185},"time":"2021-06-17T15:00:00+0000","type":"zone"},{"zone":{"dateCreated":"2021-06-17T12:37:52+0000","dateLastTaken":"0002-12-02T00:00:00+0000","latitude":55.639614,"name":"HolyTottarp","id":428072,"totalTakeovers":0,"region":{"country":"se","name":"Skåne","id":135},"pointsPerHour":2,"longitude":13.153215,"takeoverPoints":170},"time":"2021-06-17T12:37:52+0000","type":"zone"},{"zone":{"dateCreated":"2021-06-17T10:01:25+0000","dateLastTaken":"2021-06-17T11:52:29+0000","latitude":64.737679,"currentOwner":{"name":"Evil_B","id":42658},"name":"Batterihöjden","id":423802,"totalTakeovers":1,"region":{"country":"se","name":"Västerbotten","id":127},"pointsPerHour":1,"longitude":21.072231,"takeoverPoints":185},"time":"2021-06-17T10:01:25+0000","type":"zone"},{"zone":{"dateCreated":"2021-06-17T09:56:59+0000","latitude":57.684752,"name":"HitEllerDit","id":408748,"totalTakeovers":0,"region":{"country":"se","name":"Västra Götaland","id":132},"pointsPerHour":1,"longitude":12.033629,"takeoverPoints":185},"time":"2021-06-17T09:56:59+0000","type":"zone"},{"zone":{"dateCreated":"2021-06-17T09:33:18+0000","latitude":57.847094,"name":"DubbelSjövy","id":428067,"totalTakeovers":0,"region":{"country":"se","name":"Jönköping","id":133},"pointsPerHour":1,"longitude":14.321041,"takeoverPoints":185},"time":"2021-06-17T09:33:18+0000","type":"zone"},{"zone":{"dateCreated":"2021-06-17T09:22:15+0000","latitude":58.348268,"name":"Stolpskott","id":428065,"totalTakeovers":0,"region":{"country":"se","name":"Västra Götaland","id":132},"pointsPerHour":1,"longitude":12.319821,"takeoverPoints":185},"time":"2021-06-17T09:22:15+0000","type":"zone"},{"zone":{"dateCreated":"2021-06-17T09:18:12+0000","dateLastTaken":"2021-06-17T11:22:56+0000","latitude":58.363626,"currentOwner":{"name":"kingpear","id":30417},"name":"Oxelpilgrop","id":428063,"totalTakeovers":1,"region":{"country":"se","name":"Västra Götaland","id":132},"pointsPerHour":1,"longitude":12.351067,"takeoverPoints":185},"time":"2021-06-17T09:18:12+0000","type":"zone"},{"zone":{"dateCreated":"2021-06-17T08:03:31+0000","latitude":57.809999,"name":"Skallebad","id":428062,"totalTakeovers":0,"region":{"country":"se","name":"Västra Götaland","id":132},"pointsPerHour":1,"longitude":13.006736,"takeoverPoints":185},"time":"2021-06-17T08:03:31+0000","type":"zone"},{"zone":{"dateCreated":"2021-06-17T07:58:31+0000","latitude":57.705768,"name":"PickeUdde","id":428061,"totalTakeovers":0,"region":{"country":"se","name":"Västra Götaland","id":132},"pointsPerHour":1,"longitude":12.883838,"takeoverPoints":185},"time":"2021-06-17T07:58:31+0000","type":"zone"},{"zone":{"dateCreated":"2021-06-17T07:41:12+0000","latitude":57.704791,"name":"Kaggsböjen","id":428057,"totalTakeovers":0,"region":{"country":"se","name":"Västra Götaland","id":132},"pointsPerHour":1,"longitude":12.946951,"takeoverPoints":185},"time":"2021-06-17T07:41:12+0000","type":"zone"},{"zone":{"dateCreated":"2021-06-17T07:33:58+0000","latitude":57.720443,"name":"Saffrangången","id":428056,"totalTakeovers":0,"region":{"country":"se","name":"Västra Götaland","id":132},"pointsPerHour":2,"longitude":12.99691,"takeoverPoints":170},"time":"2021-06-17T07:33:58+0000","type":"zone"},{"zone":{"dateCreated":"2021-06-17T04:17:04+0000","dateLastTaken":"2021-06-17T12:21:17+0000","latitude":59.311227,"currentOwner":{"name":"Bubblan","id":35443},"name":"FlixFloxFlax","id":410522,"totalTakeovers":7,"region":{"country":"se","name":"Stockholm","id":141},"pointsPerHour":7,"longitude":18.042988,"takeoverPoints":95},"time":"2021-06-17T04:17:04+0000","type":"zone"},{"zone":{"dateCreated":"2021-06-16T21:58:38+0000","latitude":53.684614,"name":"CloughOasis","id":428054,"totalTakeovers":0,"region":{"country":"gb","name":"Yorkshire & The Humber","id":202},"pointsPerHour":1,"longitude":-2.137742,"takeoverPoints":185},"time":"2021-06-16T21:58:38+0000","type":"zone"}]