[{"zone":{"dateCreated":"2021-06-20T21:44:46+0000","dateLastTaken":"0002-12-02T00:00:00+0000","latitude":60.779642,"name":"SiknäsKyrka","id":428298,"totalTakeovers":0,"region":{"country":"se","name":"Dalarna","id":129},"pointsPerHour":1,"longitude":14.154798,"takeoverPoints":185},"time":"2021-06-20T21:44:46+0000","type":"zone"},{"zone":{"dateCreated":"2021-06-20T21:00:00+0000","dateLastTaken":"0002-12-02T00:00:00+0000","latitude":51.724095,"name":"BurgageGreen","id":428153,"totalTakeovers":0,"region":{"country":"gb","name":"Wales","id":198},"pointsPerHour":1,"longitude":-5.137792,"takeoverPoints":185},"time":"2021-06-20T21:00:00+0000","type":"zone"},{"zone":{"dateCreated":"2021-06-20T21:00:00+0000","dateLastTaken":"0002-12-02T00:00:00+0000","latitude":51.681807,"name":"StAnnsHead","id":428179,"totalTakeovers":0,"region":{"country":"gb","name":"Wales","id":198},"pointsPerHour":1,"longitude":-5.173354,"takeoverPoints":185},"time":"2021-06-20T21:00:00+0000","type":"zone"},{"zone":{"dateCreated":"2021-06-20T21:00:00+0000","dateLastTaken":"0002-12-02T00:00:00+0000","latitude":51.618228,"name":"BarafundleBay","id":428188,"totalTakeovers":0,"region":{"country":"gb","name":"Wales","id":198},"pointsPerHour":1,"longitude":-4.904709,"takeoverPoints":185},"time":"2021-06-20T21:00:00+0000","type":"zone"},{"zone":{"dateCreated":"2021-06-20T21:00:00+0000","dateLastTaken":"0002-12-02T00:00:00+0000","latitude":51.937784,"name":"TheSaltings","id":428277,"totalTakeovers":0,"region":{"country":"gb","name":"East of England","id":204},"pointsPerHour":1,"longitude":1.275416,"takeoverPoints":185},"time":"2021-06-20T21:00:00+0000","type":"zone"},{"zone":{"dateCreated":"2021-06-20T21:00:00+0000","dateLastTaken":"0002-12-02T00:00:00+0000","latitude":51.720285,"name":"MarloesSands","id":428266,"totalTakeovers":0,"region":{"country":"gb","name":"Wales","id":198},"pointsPerHour":1,"longitude":-5.206423,"takeoverPoints":185},"time":"2021-06-20T21:00:00+0000","type":"zone"},{"zone":{"dateCreated":"2021-06-20T21:00:00+0000","dateLastTaken":"0002-12-02T00:00:00+0000","latitude":51.661992,"name":"FreshwaterBay","id":428265,"totalTakeovers":0,"region":{"country":"gb","name":"Wales","id":198},"pointsPerHour":1,"longitude":-5.064296,"takeoverPoints":185},"time":"2021-06-20T21:00:00+0000","type":"zone"},{"zone":{"dateCreated":"2021-06-20T21:00:00+0000","dateLastTaken":"0002-12-02T00:00:00+0000","latitude":51.616344,"name":"TheArches","id":428189,"totalTakeovers":0,"region":{"country":"gb","name":"Wales","id":198},"pointsPerHour":1,"longitude":-4.901865,"takeoverPoints":185},"time":"2021-06-20T21:00:00+0000","type":"zone"},{"zone":{"dateCreated":"2021-06-20T21:00:00+0000","dateLastTaken":"0002-12-02T00:00:00+0000","latitude":51.937401,"name":"Cornwallis","id":428271,"totalTakeovers":0,"region":{"country":"gb","name":"East of England","id":204},"pointsPerHour":1,"longitude":1.28935,"takeoverPoints":185},"time":"2021-06-20T21:00:00+0000","type":"zone"},{"zone":{"dateCreated":"2021-06-20T21:00:00+0000","dateLastTaken":"0002-12-02T00:00:00+0000","latitude":51.703398,"name":"ArosArYLlwybr","id":428169,"totalTakeovers":0,"region":{"country":"gb","name":"Wales","id":198},"pointsPerHour":1,"longitude":-5.154693,"takeoverPoints":185},"time":"2021-06-20T21:00:00+0000","type":"zone"},{"zone":{"dateCreated":"2021-06-20T21:00:00+0000","dateLastTaken":"0002-12-02T00:00:00+0000","latitude":51.617969,"name":"DevilsQuoit","id":428184,"totalTakeovers":0,"region":{"country":"gb","name":"Wales","id":198},"pointsPerHour":1,"longitude":-4.917761,"takeoverPoints":185},"time":"2021-06-20T21:00:00+0000","type":"zone"},{"zone":{"dateCreated":"2021-06-20T21:00:00+0000","dateLastTaken":"0002-12-02T00:00:00+0000","latitude":51.998986,"name":"PentreIfan","id":428267,"totalTakeovers":0,"region":{"country":"gb","name":"Wales","id":198},"pointsPerHour":1,"longitude":-4.769991,"takeoverPoints":185},"time":"2021-06-20T21:00:00+0000","type":"zone"},{"zone":{"dateCreated":"2021-06-20T21:00:00+0000","dateLastTaken":"0002-12-02T00:00:00+0000","latitude":51.707571,"name":"DalePontoon","id":428163,"totalTakeovers":0,"region":{"country":"gb","name":"Wales","id":198},"pointsPerHour":1,"longitude":-5.168259,"takeoverPoints":185},"time":"2021-06-20T21:00:00+0000","type":"zone"},{"zone":{"dateCreated":"2021-06-20T21:00:00+0000","dateLastTaken":"0002-12-02T00:00:00+0000","latitude":51.612143,"name":"SandyRabbits","id":428263,"totalTakeovers":0,"region":{"country":"gb","name":"Wales","id":198},"pointsPerHour":1,"longitude":-4.916207,"takeoverPoints":185},"time":"2021-06-20T21:00:00+0000","type":"zone"},{"zone":{"dateCreated":"2021-06-20T21:00:00+0000","dateLastTaken":"0002-12-02T00:00:00+0000","latitude":51.614078,"name":"BoshertonLily","id":428185,"totalTakeovers":0,"region":{"country":"gb","name":"Wales","id":198},"pointsPerHour":1,"longitude":-4.928977,"takeoverPoints":185},"time":"2021-06-20T21:00:00+0000","type":"zone"},{"zone":{"dateCreated":"2021-06-20T21:00:00+0000","dateLastTaken":"0002-12-02T00:00:00+0000","latitude":51.613095,"name":"RamingHole","id":428264,"totalTakeovers":0,"region":{"country":"gb","name":"Wales","id":198},"pointsPerHour":1,"longitude":-4.90835,"takeoverPoints":185},"time":"2021-06-20T21:00:00+0000","type":"zone"},{"zone":{"dateCreated":"2021-06-20T21:00:00+0000","dateLastTaken":"0002-12-02T00:00:00+0000","latitude":51.615442,"name":"BoshStMichael","id":428186,"totalTakeovers":0,"region":{"country":"gb","name":"Wales","id":198},"pointsPerHour":1,"longitude":-4.939327,"takeoverPoints":185},"time":"2021-06-20T21:00:00+0000","type":"zone"},{"zone":{"dateCreated":"2021-06-20T21:00:00+0000","dateLastTaken":"0002-12-02T00:00:00+0000","latitude":51.935725,"name":"VictoriaMeml","id":428272,"totalTakeovers":0,"region":{"country":"gb","name":"East of England","id":204},"pointsPerHour":1,"longitude":1.282274,"takeoverPoints":185},"time":"2021-06-20T21:00:00+0000","type":"zone"},{"zone":{"dateCreated":"2021-06-20T21:00:00+0000","dateLastTaken":"0002-12-02T00:00:00+0000","latitude":51.72153,"name":"StIshmaelsX","id":428154,"totalTakeovers":0,"region":{"country":"gb","name":"Wales","id":198},"pointsPerHour":1,"longitude":-5.141434,"takeoverPoints":185},"time":"2021-06-20T21:00:00+0000","type":"zone"},{"zone":{"dateCreated":"2021-06-20T21:00:00+0000","dateLastTaken":"0002-12-02T00:00:00+0000","latitude":51.930441,"name":"Dovercourt","id":428273,"totalTakeovers":0,"region":{"country":"gb","name":"East of England","id":204},"pointsPerHour":1,"longitude":1.275402,"takeoverPoints":185},"time":"2021-06-20T21:00:00+0000","type":"zone"},{"zone":{"dateCreated":"2021-06-20T21:00:00+0000","dateLastTaken":"0002-12-02T00:00:00+0000","latitude":51.611034,"name":"StackpoleHead","id":428187,"totalTakeovers":0,"region":{"country":"gb","name":"Wales","id":198},"pointsPerHour":1,"longitude":-4.896991,"takeoverPoints":185},"time":"2021-06-20T21:00:00+0000","type":"zone"},{"zone":{"dateCreated":"2021-06-20T21:00:00+0000","dateLastTaken":"0002-12-02T00:00:00+0000","latitude":51.72155,"name":"IshmaelsGrove","id":428155,"totalTakeovers":0,"region":{"country":"gb","name":"Wales","id":198},"pointsPerHour":1,"longitude":-5.137269,"takeoverPoints":185},"time":"2021-06-20T21:00:00+0000","type":"zone"},{"zone":{"dateCreated":"2021-06-20T21:00:00+0000","dateLastTaken":"0002-12-02T00:00:00+0000","latitude":51.933473,"name":"GoNorthEast","id":428274,"totalTakeovers":0,"region":{"country":"gb","name":"East of England","id":204},"pointsPerHour":1,"longitude":1.278878,"takeoverPoints":185},"time":"2021-06-20T21:00:00+0000","type":"zone"},{"zone":{"dateCreated":"2021-06-20T21:00:00+0000","dateLastTaken":"0002-12-02T00:00:00+0000","latitude":51.938865,"name":"DovercourtStn","id":428275,"totalTakeovers":0,"region":{"country":"gb","name":"East of England","id":204},"pointsPerHour":1,"longitude":1.280521,"takeoverPoints":185},"time":"2021-06-20T21:00:00+0000","type":"zone"},{"zone":{"dateCreated":"2021-06-20T21:00:00+0000","dateLastTaken":"0002-12-02T00:00:00+0000","latitude":51.944575,"name":"LightHarwich","id":428268,"totalTakeovers":0,"region":{"country":"gb","name":"East of England","id":204},"pointsPerHour":1,"longitude":1.288619,"takeoverPoints":185},"time":"2021-06-20T21:00:00+0000","type":"zone"},{"zone":{"dateCreated":"2021-06-20T21:00:00+0000","dateLastTaken":"0002-12-02T00:00:00+0000","latitude":51.939689,"name":"MayorsGarden","id":428276,"totalTakeovers":0,"region":{"country":"gb","name":"East of England","id":204},"pointsPerHour":1,"longitude":1.286396,"takeoverPoints":185},"time":"2021-06-20T21:00:00+0000","type":"zone"},{"zone":{"dateCreated":"2021-06-20T21:00:00+0000","dateLastTaken":"0002-12-02T00:00:00+0000","latitude":51.946835,"name":"NewBellArt","id":428269,"totalTakeovers":0,"region":{"country":"gb","name":"East of England","id":204},"pointsPerHour":1,"longitude":1.288644,"takeoverPoints":185},"time":"2021-06-20T21:00:00+0000","type":"zone"},{"zone":{"dateCreated":"2021-06-20T21:00:00+0000","dateLastTaken":"0002-12-02T00:00:00+0000","latitude":51.941981,"name":"RedoubtFort","id":428270,"totalTakeovers":0,"region":{"country":"gb","name":"East of England","id":204},"pointsPerHour":1,"longitude":1.289002,"takeoverPoints":185},"time":"2021-06-20T21:00:00+0000","type":"zone"},{"zone":{"dateCreated":"2021-06-20T20:31:01+0000","dateLastTaken":"0002-12-02T00:00:00+0000","latitude":60.591237,"name":"HumbleBumble","id":428293,"totalTakeovers":0,"region":{"country":"se","name":"Dalarna","id":129},"pointsPerHour":3,"longitude":15.714343,"takeoverPoints":155},"time":"2021-06-20T20:31:01+0000","type":"zone"},{"zone":{"dateCreated":"2021-06-20T20:24:43+0000","dateLastTaken":"0002-12-02T00:00:00+0000","latitude":60.599631,"name":"Romsarvet","id":428292,"totalTakeovers":0,"region":{"country":"se","name":"Dalarna","id":129},"pointsPerHour":1,"longitude":15.754959,"takeoverPoints":185},"time":"2021-06-20T20:24:43+0000","type":"zone"},{"zone":{"dateCreated":"2021-06-20T20:15:12+0000","dateLastTaken":"0002-12-02T00:00:00+0000","latitude":58.424942,"name":"Korsvik","id":428291,"totalTakeovers":0,"region":{"country":"se","name":"Västra Götaland","id":132},"pointsPerHour":1,"longitude":11.646266,"takeoverPoints":185},"time":"2021-06-20T20:15:12+0000","type":"zone"},{"zone":{"dateCreated":"2021-06-20T20:09:25+0000","dateLastTaken":"0002-12-02T00:00:00+0000","latitude":60.171822,"name":"EiAutoille","id":369124,"totalTakeovers":0,"region":{"country":"fi","name":"Etelä-Suomi","id":185},"pointsPerHour":1,"longitude":24.815008,"takeoverPoints":185},"time":"2021-06-20T20:09:25+0000","type":"zone"},{"zone":{"dateCreated":"2021-06-20T19:31:07+0000","dateLastTaken":"0002-12-02T00:00:00+0000","latitude":60.370552,"name":"Dammsand","id":428290,"totalTakeovers":0,"region":{"country":"se","name":"Dalarna","id":129},"pointsPerHour":1,"longitude":15.644139,"takeoverPoints":185},"time":"2021-06-20T19:31:07+0000","type":"zone"},{"zone":{"dateCreated":"2021-06-20T19:30:21+0000","dateLastTaken":"0002-12-02T00:00:00+0000","latitude":60.601842,"name":"Mojäng","id":428289,"totalTakeovers":0,"region":{"country":"se","name":"Dalarna","id":129},"pointsPerHour":1,"longitude":15.097387,"takeoverPoints":185},"time":"2021-06-20T19:30:21+0000","type":"zone"},{"zone":{"dateCreated":"2021-06-20T19:30:03+0000","dateLastTaken":"0002-12-02T00:00:00+0000","latitude":60.54802,"name":"PrestOlles","id":428288,"totalTakeovers":0,"region":{"country":"se","name":"Dalarna","id":129},"pointsPerHour":1,"longitude":15.14098,"takeoverPoints":185},"time":"2021-06-20T19:30:03+0000","type":"zone"},{"zone":{"dateCreated":"2021-06-20T19:22:50+0000","dateLastTaken":"0002-12-02T00:00:00+0000","latitude":60.165189,"name":"Jollasstrand","id":369087,"totalTakeovers":0,"region":{"country":"fi","name":"Etelä-Suomi","id":185},"pointsPerHour":1,"longitude":25.06534,"takeoverPoints":185},"time":"2021-06-20T19:22:50+0000","type":"zone"},{"zone":{"dateCreated":"2021-06-20T19:17:40+0000","dateLastTaken":"0002-12-02T00:00:00+0000","latitude":58.081889,"name":"Kyrmkbao","id":428287,"totalTakeovers":0,"region":{"country":"se","name":"Västra Götaland","id":132},"pointsPerHour":1,"longitude":13.77781,"takeoverPoints":185},"time":"2021-06-20T19:17:40+0000","type":"zone"},{"zone":{"dateCreated":"2021-06-20T18:56:53+0000","dateLastTaken":"0002-12-02T00:00:00+0000","latitude":57.753946,"name":"TaMeMaltÅJäst","id":428286,"totalTakeovers":0,"region":{"country":"se","name":"Västra Götaland","id":132},"pointsPerHour":1,"longitude":12.189479,"takeoverPoints":185},"time":"2021-06-20T18:56:53+0000","type":"zone"},{"zone":{"dateCreated":"2021-06-20T15:29:46+0000","dateLastTaken":"0002-12-02T00:00:00+0000","latitude":59.402381,"name":"Falkögat","id":426390,"totalTakeovers":0,"region":{"country":"se","name":"Värmland","id":130},"pointsPerHour":6,"longitude":13.515789,"takeoverPoints":110},"time":"2021-06-20T15:29:46+0000","type":"zone"},{"zone":{"dateCreated":"2021-06-20T14:54:28+0000","dateLastTaken":"0002-12-02T00:00:00+0000","latitude":55.493228,"name":"Snirklingen","id":426387,"totalTakeovers":0,"region":{"country":"se","name":"Skåne","id":135},"pointsPerHour":1,"longitude":13.007129,"takeoverPoints":185},"time":"2021-06-20T14:54:28+0000","type":"zone"},{"zone":{"dateCreated":"2021-06-20T06:30:00+0000","dateLastTaken":"0002-12-02T00:00:00+0000","latitude":57.622629,"name":"SödraHällarna","id":428278,"totalTakeovers":0,"region":{"country":"se","name":"Gotland","id":138},"pointsPerHour":3,"longitude":18.270903,"takeoverPoints":155},"time":"2021-06-20T06:30:00+0000","type":"zone"},{"zone":{"dateCreated":"2021-06-19T21:47:16+0000","dateLastTaken":"0002-12-02T00:00:00+0000","latitude":44.987892,"name":"WirthLuce","id":428253,"totalTakeovers":0,"region":{"country":"us","name":"Minnesota","id":405},"pointsPerHour":1,"longitude":-93.336969,"takeoverPoints":185},"time":"2021-06-19T21:47:16+0000","type":"zone"},{"zone":{"dateCreated":"2021-06-19T21:43:37+0000","dateLastTaken":"0002-12-02T00:00:00+0000","latitude":44.989308,"name":"WirthOne","id":428252,"totalTakeovers":0,"region":{"country":"us","name":"Minnesota","id":405},"pointsPerHour":1,"longitude":-93.332361,"takeoverPoints":185},"time":"2021-06-19T21:43:37+0000","type":"zone"},{"zone":{"dateCreated":"2021-06-19T21:42:18+0000","dateLastTaken":"0002-12-02T00:00:00+0000","latitude":44.989896,"name":"Wirthless","id":428251,"totalTakeovers":0,"region":{"country":"us","name":"Minnesota","id":405},"pointsPerHour":1,"longitude":-93.33484,"takeoverPoints":185},"time":"2021-06-19T21:42:18+0000","type":"zone"},{"zone":{"dateCreated":"2021-06-19T21:33:22+0000","dateLastTaken":"0002-12-02T00:00:00+0000","latitude":45.026982,"name":"CityLimits","id":428250,"totalTakeovers":0,"region":{"country":"us","name":"Minnesota","id":405},"pointsPerHour":1,"longitude":-92.967548,"takeoverPoints":185},"time":"2021-06-19T21:33:22+0000","type":"zone"},{"zone":{"dateCreated":"2021-06-19T21:32:24+0000","dateLastTaken":"0002-12-02T00:00:00+0000","latitude":45.02995,"name":"36Lake","id":428249,"totalTakeovers":0,"region":{"country":"us","name":"Minnesota","id":405},"pointsPerHour":1,"longitude":-92.951522,"takeoverPoints":185},"time":"2021-06-19T21:32:24+0000","type":"zone"},{"zone":{"dateCreated":"2021-06-19T21:31:55+0000","dateLastTaken":"0002-12-02T00:00:00+0000","latitude":45.037923,"name":"FishOrTurf","id":428248,"totalTakeovers":0,"region":{"country":"us","name":"Minnesota","id":405},"pointsPerHour":1,"longitude":-92.942919,"takeoverPoints":185},"time":"2021-06-19T21:31:55+0000","type":"zone"},{"zone":{"dateCreated":"2021-06-19T21:28:47+0000","dateLastTaken":"0002-12-02T00:00:00+0000","latitude":45.070266,"name":"Lakes","id":428247,"totalTakeovers":0,"region":{"country":"us","name":"Minnesota","id":405},"pointsPerHour":1,"longitude":-92.911157,"takeoverPoints":185},"time":"2021-06-19T21:28:47+0000","type":"zone"},{"zone":{"dateCreated":"2021-06-19T21:27:56+0000","dateLastTaken":"0002-12-02T00:00:00+0000","latitude":45.080042,"name":"Dellwood","id":428246,"totalTakeovers":0,"region":{"country":"us","name":"Minnesota","id":405},"pointsPerHour":1,"longitude":-92.896513,"takeoverPoints":185},"time":"2021-06-19T21:27:56+0000","type":"zone"},{"zone":{"dateCreated":"2021-06-19T21:26:41+0000","dateLastTaken":"0002-12-02T00:00:00+0000","latitude":45.104763,"name":"SteadyNow","id":428245,"totalTakeovers":0,"region":{"country":"us","name":"Minnesota","id":405},"pointsPerHour":1,"longitude":-92.86451,"takeoverPoints":185},"time":"2021-06-19T21:26:41+0000","type":"zone"},{"zone":{"dateCreated":"2021-06-19T21:25:19+0000","dateLastTaken":"0002-12-02T00:00:00+0000","latitude":45.120406,"name":"PinePoint","id":428244,"totalTakeovers":0,"region":{"country":"us","name":"Minnesota","id":405},"pointsPerHour":1,"longitude":-92.838106,"takeoverPoints":185},"time":"2021-06-19T21:25:19+0000","type":"zone"},{"zone":{"dateCreated":"2021-06-19T21:22:42+0000","dateLastTaken":"0002-12-02T00:00:00+0000","latitude":45.076866,"name":"DuluthJct","id":428243,"totalTakeovers":0,"region":{"country":"us","name":"Minnesota","id":405},"pointsPerHour":1,"longitude":-92.900241,"takeoverPoints":185},"time":"2021-06-19T21:22:42+0000","type":"zone"},{"zone":{"dateCreated":"2021-06-19T21:19:58+0000","dateLastTaken":"0002-12-02T00:00:00+0000","latitude":45.056473,"name":"ULiftMeUp","id":428242,"totalTakeovers":0,"region":{"country":"us","name":"Minnesota","id":405},"pointsPerHour":1,"longitude":-92.80306,"takeoverPoints":185},"time":"2021-06-19T21:19:58+0000","type":"zone"},{"zone":{"dateCreated":"2021-06-19T20:45:28+0000","dateLastTaken":"0002-12-02T00:00:00+0000","latitude":46.787629,"name":"TheBestView","id":428241,"totalTakeovers":0,"region":{"country":"us","name":"Minnesota","id":405},"pointsPerHour":1,"longitude":-92.09469,"takeoverPoints":185},"time":"2021-06-19T20:45:28+0000","type":"zone"},{"zone":{"dateCreated":"2021-06-19T20:43:55+0000","dateLastTaken":"0002-12-02T00:00:00+0000","latitude":46.776102,"name":"EngerLookout","id":428240,"totalTakeovers":0,"region":{"country":"us","name":"Minnesota","id":405},"pointsPerHour":1,"longitude":-92.124919,"takeoverPoints":185},"time":"2021-06-19T20:43:55+0000","type":"zone"},{"zone":{"dateCreated":"2021-06-19T20:42:54+0000","dateLastTaken":"0002-12-02T00:00:00+0000","latitude":46.77407,"name":"PointOfRocks","id":428239,"totalTakeovers":0,"region":{"country":"us","name":"Minnesota","id":405},"pointsPerHour":1,"longitude":-92.115572,"takeoverPoints":185},"time":"2021-06-19T20:42:54+0000","type":"zone"},{"zone":{"dateCreated":"2021-06-19T20:42:10+0000","dateLastTaken":"0002-12-02T00:00:00+0000","latitude":46.783139,"name":"HondaPriley","id":428238,"totalTakeovers":0,"region":{"country":"us","name":"Minnesota","id":405},"pointsPerHour":1,"longitude":-92.105999,"takeoverPoints":185},"time":"2021-06-19T20:42:10+0000","type":"zone"},{"zone":{"dateCreated":"2021-06-19T20:41:29+0000","dateLastTaken":"0002-12-02T00:00:00+0000","latitude":46.777733,"name":"FestiveBay","id":428237,"totalTakeovers":0,"region":{"country":"us","name":"Minnesota","id":405},"pointsPerHour":1,"longitude":-92.101478,"takeoverPoints":185},"time":"2021-06-19T20:41:29+0000","type":"zone"},{"zone":{"dateCreated":"2021-06-19T20:40:59+0000","dateLastTaken":"0002-12-02T00:00:00+0000","latitude":46.780175,"name":"DullLakewalk","id":428236,"totalTakeovers":0,"region":{"country":"us","name":"Minnesota","id":405},"pointsPerHour":1,"longitude":-92.091804,"takeoverPoints":185},"time":"2021-06-19T20:40:59+0000","type":"zone"},{"zone":{"dateCreated":"2021-06-19T20:39:49+0000","dateLastTaken":"0002-12-02T00:00:00+0000","latitude":46.780923,"name":"Dullight","id":428235,"totalTakeovers":0,"region":{"country":"us","name":"Minnesota","id":405},"pointsPerHour":1,"longitude":-92.088282,"takeoverPoints":185},"time":"2021-06-19T20:39:49+0000","type":"zone"},{"zone":{"dateCreated":"2021-06-19T20:38:14+0000","dateLastTaken":"0002-12-02T00:00:00+0000","latitude":44.917918,"name":"Bford","id":428234,"totalTakeovers":0,"region":{"country":"us","name":"Minnesota","id":405},"pointsPerHour":1,"longitude":-93.201078,"takeoverPoints":185},"time":"2021-06-19T20:38:14+0000","type":"zone"},{"zone":{"dateCreated":"2021-06-19T19:03:29+0000","dateLastTaken":"0002-12-02T00:00:00+0000","latitude":57.639485,"name":"Tanneskäret","id":408751,"totalTakeovers":0,"region":{"country":"se","name":"Västra Götaland","id":132},"pointsPerHour":4,"longitude":11.891824,"takeoverPoints":140},"time":"2021-06-19T19:03:29+0000","type":"zone"},{"zone":{"dateCreated":"2021-06-19T17:49:51+0000","dateLastTaken":"0002-12-02T00:00:00+0000","latitude":57.725118,"name":"Samaritvägen","id":428058,"totalTakeovers":0,"region":{"country":"se","name":"Västra Götaland","id":132},"pointsPerHour":3,"longitude":12.959901,"takeoverPoints":155},"time":"2021-06-19T17:49:51+0000","type":"zone"},{"zone":{"dateCreated":"2021-06-19T17:10:41+0000","dateLastTaken":"0002-12-02T00:00:00+0000","latitude":57.583173,"name":"Glimmerstigen","id":413532,"totalTakeovers":0,"region":{"country":"se","name":"Västra Götaland","id":132},"pointsPerHour":2,"longitude":12.081517,"takeoverPoints":170},"time":"2021-06-19T17:10:41+0000","type":"zone"},{"zone":{"dateCreated":"2021-06-19T17:05:20+0000","dateLastTaken":"0002-12-02T00:00:00+0000","latitude":56.173793,"name":"GrönskandeZon","id":413529,"totalTakeovers":0,"region":{"country":"se","name":"Skåne","id":135},"pointsPerHour":1,"longitude":13.806839,"takeoverPoints":185},"time":"2021-06-19T17:05:20+0000","type":"zone"},{"zone":{"dateCreated":"2021-06-19T14:00:00+0000","dateLastTaken":"0002-12-02T00:00:00+0000","latitude":60.472908,"name":"ShesALady","id":428209,"totalTakeovers":0,"region":{"country":"fi","name":"Lounais-Suomi","id":184},"pointsPerHour":3,"longitude":22.312718,"takeoverPoints":155},"time":"2021-06-19T14:00:00+0000","type":"zone"},{"zone":{"dateCreated":"2021-06-19T10:36:41+0000","dateLastTaken":"0002-12-02T00:00:00+0000","latitude":52.466131,"name":"AliBaba","id":428212,"totalTakeovers":0,"region":{"country":"de","name":"Berlin","id":440},"pointsPerHour":2,"longitude":13.441074,"takeoverPoints":170},"time":"2021-06-19T10:36:41+0000","type":"zone"},{"zone":{"dateCreated":"2021-06-19T10:00:00+0000","dateLastTaken":"0002-12-02T00:00:00+0000","latitude":60.314292,"name":"Tällholmsvy","id":406372,"totalTakeovers":0,"region":{"country":"fi","name":"Åland","id":177},"pointsPerHour":1,"longitude":20.374245,"takeoverPoints":185},"time":"2021-06-19T10:00:00+0000","type":"zone"},{"zone":{"dateCreated":"2021-06-19T10:00:00+0000","dateLastTaken":"0002-12-02T00:00:00+0000","latitude":60.268346,"name":"SandösundSand","id":406373,"totalTakeovers":0,"region":{"country":"fi","name":"Åland","id":177},"pointsPerHour":1,"longitude":20.393998,"takeoverPoints":185},"time":"2021-06-19T10:00:00+0000","type":"zone"},{"zone":{"dateCreated":"2021-06-19T10:00:00+0000","dateLastTaken":"0002-12-02T00:00:00+0000","latitude":60.347549,"name":"AnniMajaZone","id":406370,"totalTakeovers":0,"region":{"country":"fi","name":"Åland","id":177},"pointsPerHour":1,"longitude":20.330366,"takeoverPoints":185},"time":"2021-06-19T10:00:00+0000","type":"zone"},{"zone":{"dateCreated":"2021-06-19T10:00:00+0000","dateLastTaken":"0002-12-02T00:00:00+0000","latitude":60.224909,"name":"Hummelvik","id":406374,"totalTakeovers":0,"region":{"country":"fi","name":"Åland","id":177},"pointsPerHour":1,"longitude":20.413265,"takeoverPoints":185},"time":"2021-06-19T10:00:00+0000","type":"zone"},{"zone":{"dateCreated":"2021-06-19T10:00:00+0000","dateLastTaken":"0002-12-02T00:00:00+0000","latitude":60.320412,"name":"Vattungsrevet","id":406371,"totalTakeovers":0,"region":{"country":"fi","name":"Åland","id":177},"pointsPerHour":1,"longitude":20.373008,"takeoverPoints":185},"time":"2021-06-19T10:00:00+0000","type":"zone"},{"zone":{"dateCreated":"2021-06-19T07:23:02+0000","dateLastTaken":"0002-12-02T00:00:00+0000","latitude":59.415688,"name":"Skogsarealen","id":411806,"totalTakeovers":0,"region":{"country":"se","name":"Stockholm","id":141},"pointsPerHour":4,"longitude":17.780432,"takeoverPoints":140},"time":"2021-06-19T07:23:02+0000","type":"zone"},{"zone":{"dateCreated":"2021-06-18T17:09:59+0000","dateLastTaken":"0002-12-02T00:00:00+0000","latitude":27.948619,"name":"TAWaterfront","id":428190,"totalTakeovers":0,"region":{"country":"us","name":"Florida","id":226},"pointsPerHour":1,"longitude":-82.462316,"takeoverPoints":185},"time":"2021-06-18T17:09:59+0000","type":"zone"},{"zone":{"dateCreated":"2021-06-18T17:08:30+0000","dateLastTaken":"0002-12-02T00:00:00+0000","latitude":27.944104,"name":"FloridaAqua","id":428207,"totalTakeovers":0,"region":{"country":"us","name":"Florida","id":226},"pointsPerHour":1,"longitude":-82.445385,"takeoverPoints":185},"time":"2021-06-18T17:08:30+0000","type":"zone"},{"zone":{"dateCreated":"2021-06-18T17:06:55+0000","dateLastTaken":"0002-12-02T00:00:00+0000","latitude":27.960477,"name":"E7thAve","id":428205,"totalTakeovers":0,"region":{"country":"us","name":"Florida","id":226},"pointsPerHour":1,"longitude":-82.441647,"takeoverPoints":185},"time":"2021-06-18T17:06:55+0000","type":"zone"},{"zone":{"dateCreated":"2021-06-18T17:06:43+0000","dateLastTaken":"0002-12-02T00:00:00+0000","latitude":27.942242,"name":"USFPark","id":428193,"totalTakeovers":0,"region":{"country":"us","name":"Florida","id":226},"pointsPerHour":1,"longitude":-82.45805,"takeoverPoints":185},"time":"2021-06-18T17:06:43+0000","type":"zone"},{"zone":{"dateCreated":"2021-06-18T17:06:33+0000","dateLastTaken":"0002-12-02T00:00:00+0000","latitude":27.793084,"name":"ApolloBeach","id":428195,"totalTakeovers":0,"region":{"country":"us","name":"Florida","id":226},"pointsPerHour":1,"longitude":-82.418241,"takeoverPoints":185},"time":"2021-06-18T17:06:33+0000","type":"zone"},{"zone":{"dateCreated":"2021-06-18T17:06:12+0000","dateLastTaken":"0002-12-02T00:00:00+0000","latitude":27.974694,"name":"Buccaneers","id":428055,"totalTakeovers":0,"region":{"country":"us","name":"Florida","id":226},"pointsPerHour":1,"longitude":-82.503369,"takeoverPoints":185},"time":"2021-06-18T17:06:12+0000","type":"zone"},{"zone":{"dateCreated":"2021-06-18T17:05:14+0000","dateLastTaken":"0002-12-02T00:00:00+0000","latitude":27.941139,"name":"Cotanchobee","id":428192,"totalTakeovers":0,"region":{"country":"us","name":"Florida","id":226},"pointsPerHour":1,"longitude":-82.45215,"takeoverPoints":185},"time":"2021-06-18T17:05:14+0000","type":"zone"},{"zone":{"dateCreated":"2021-06-18T17:03:47+0000","dateLastTaken":"0002-12-02T00:00:00+0000","latitude":28.033046,"name":"BuschGardens","id":428206,"totalTakeovers":0,"region":{"country":"us","name":"Florida","id":226},"pointsPerHour":1,"longitude":-82.421013,"takeoverPoints":185},"time":"2021-06-18T17:03:47+0000","type":"zone"},{"zone":{"dateCreated":"2021-06-18T17:03:03+0000","dateLastTaken":"0002-12-02T00:00:00+0000","latitude":27.954564,"name":"LaurelBridge","id":428208,"totalTakeovers":0,"region":{"country":"us","name":"Florida","id":226},"pointsPerHour":1,"longitude":-82.464854,"takeoverPoints":185},"time":"2021-06-18T17:03:03+0000","type":"zone"},{"zone":{"dateCreated":"2021-06-18T17:02:40+0000","dateLastTaken":"0002-12-02T00:00:00+0000","latitude":28.013101,"name":"TampaZoo","id":428204,"totalTakeovers":0,"region":{"country":"us","name":"Florida","id":226},"pointsPerHour":1,"longitude":-82.469518,"takeoverPoints":185},"time":"2021-06-18T17:02:40+0000","type":"zone"},{"zone":{"dateCreated":"2021-06-18T17:01:56+0000","dateLastTaken":"0002-12-02T00:00:00+0000","latitude":27.946691,"name":"SticksOfFire","id":428191,"totalTakeovers":0,"region":{"country":"us","name":"Florida","id":226},"pointsPerHour":1,"longitude":-82.463,"takeoverPoints":185},"time":"2021-06-18T17:01:56+0000","type":"zone"},{"zone":{"dateCreated":"2021-06-18T17:00:26+0000","dateLastTaken":"0002-12-02T00:00:00+0000","latitude":27.979286,"name":"TampaAir","id":428194,"totalTakeovers":0,"region":{"country":"us","name":"Florida","id":226},"pointsPerHour":1,"longitude":-82.534703,"takeoverPoints":185},"time":"2021-06-18T17:00:26+0000","type":"zone"},{"zone":{"dateCreated":"2021-06-18T15:00:00+0000","dateLastTaken":"0002-12-02T00:00:00+0000","latitude":60.474764,"name":"ItsNotUnusual","id":423212,"totalTakeovers":0,"region":{"country":"fi","name":"Lounais-Suomi","id":184},"pointsPerHour":1,"longitude":22.312909,"takeoverPoints":185},"time":"2021-06-18T15:00:00+0000","type":"zone"},{"zone":{"dateCreated":"2021-06-18T12:05:42+0000","dateLastTaken":"0002-12-02T00:00:00+0000","latitude":59.588645,"name":"HåboTibble","id":428036,"totalTakeovers":0,"region":{"country":"se","name":"Stockholm","id":141},"pointsPerHour":3,"longitude":17.660895,"takeoverPoints":155},"time":"2021-06-18T12:05:42+0000","type":"zone"},{"zone":{"dateCreated":"2021-06-18T12:03:13+0000","dateLastTaken":"0002-12-02T00:00:00+0000","latitude":59.485501,"name":"Ådöbadet","id":428035,"totalTakeovers":0,"region":{"country":"se","name":"Stockholm","id":141},"pointsPerHour":2,"longitude":17.604472,"takeoverPoints":170},"time":"2021-06-18T12:03:13+0000","type":"zone"},{"zone":{"dateCreated":"2021-06-18T12:00:40+0000","dateLastTaken":"0002-12-02T00:00:00+0000","latitude":59.205358,"name":"Brakmaren","id":428034,"totalTakeovers":0,"region":{"country":"se","name":"Stockholm","id":141},"pointsPerHour":3,"longitude":18.316222,"takeoverPoints":155},"time":"2021-06-18T12:00:40+0000","type":"zone"},{"zone":{"dateCreated":"2021-06-18T12:00:07+0000","dateLastTaken":"0002-12-02T00:00:00+0000","latitude":59.232269,"name":"Hästskostigen","id":428033,"totalTakeovers":0,"region":{"country":"se","name":"Stockholm","id":141},"pointsPerHour":3,"longitude":18.22069,"takeoverPoints":155},"time":"2021-06-18T12:00:07+0000","type":"zone"},{"zone":{"dateCreated":"2021-06-18T12:00:03+0000","dateLastTaken":"0002-12-02T00:00:00+0000","latitude":57.957102,"name":"Hestra","id":428037,"totalTakeovers":0,"region":{"country":"se","name":"Östergötland","id":139},"pointsPerHour":2,"longitude":15.069337,"takeoverPoints":170},"time":"2021-06-18T12:00:03+0000","type":"zone"},{"zone":{"dateCreated":"2021-06-18T11:30:00+0000","dateLastTaken":"0002-12-02T00:00:00+0000","latitude":57.161057,"name":"WesternHill","id":427401,"totalTakeovers":0,"region":{"country":"gb","name":"Scotland","id":200},"pointsPerHour":1,"longitude":-2.29434,"takeoverPoints":185},"time":"2021-06-18T11:30:00+0000","type":"zone"},{"zone":{"dateCreated":"2021-06-18T10:00:00+0000","dateLastTaken":"0002-12-02T00:00:00+0000","latitude":55.847056,"name":"Dunlossite","id":428197,"totalTakeovers":0,"region":{"country":"gb","name":"Scotland","id":200},"pointsPerHour":1,"longitude":-6.109333,"takeoverPoints":185},"time":"2021-06-18T10:00:00+0000","type":"zone"},{"zone":{"dateCreated":"2021-06-18T10:00:00+0000","dateLastTaken":"0002-12-02T00:00:00+0000","latitude":55.715294,"name":"LagganPoint","id":428203,"totalTakeovers":0,"region":{"country":"gb","name":"Scotland","id":200},"pointsPerHour":1,"longitude":-6.331927,"takeoverPoints":185},"time":"2021-06-18T10:00:00+0000","type":"zone"},{"zone":{"dateCreated":"2021-06-18T10:00:00+0000","dateLastTaken":"0002-12-02T00:00:00+0000","latitude":55.620215,"name":"CarraigFhada","id":428198,"totalTakeovers":0,"region":{"country":"gb","name":"Scotland","id":200},"pointsPerHour":1,"longitude":-6.211628,"takeoverPoints":185},"time":"2021-06-18T10:00:00+0000","type":"zone"},{"zone":{"dateCreated":"2021-06-18T10:00:00+0000","dateLastTaken":"0002-12-02T00:00:00+0000","latitude":55.783041,"name":"MachirBay","id":428199,"totalTakeovers":0,"region":{"country":"gb","name":"Scotland","id":200},"pointsPerHour":1,"longitude":-6.456814,"takeoverPoints":185},"time":"2021-06-18T10:00:00+0000","type":"zone"},{"zone":{"dateCreated":"2021-06-18T10:00:00+0000","dateLastTaken":"0002-12-02T00:00:00+0000","latitude":55.835522,"name":"Finlaggan","id":428202,"totalTakeovers":0,"region":{"country":"gb","name":"Scotland","id":200},"pointsPerHour":1,"longitude":-6.172176,"takeoverPoints":185},"time":"2021-06-18T10:00:00+0000","type":"zone"},{"zone":{"dateCreated":"2021-06-18T10:00:00+0000","dateLastTaken":"0002-12-02T00:00:00+0000","latitude":55.936227,"name":"Ruvaal","id":428201,"totalTakeovers":0,"region":{"country":"gb","name":"Scotland","id":200},"pointsPerHour":1,"longitude":-6.123196,"takeoverPoints":185},"time":"2021-06-18T10:00:00+0000","type":"zone"},{"zone":{"dateCreated":"2021-06-18T10:00:00+0000","dateLastTaken":"0002-12-02T00:00:00+0000","latitude":55.806606,"name":"Ferray","id":428196,"totalTakeovers":0,"region":{"country":"gb","name":"Scotland","id":200},"pointsPerHour":1,"longitude":-5.4825,"takeoverPoints":185},"time":"2021-06-18T10:00:00+0000","type":"zone"}]