[{"sender":{"country":"se","medals":[93,5,11,55,16,28,33],"zones":[134234,12490,185343],"pointsPerHour":5,"points":11131,"blocktime":975,"taken":672,"name":"IföRoger","totalPoints":191410,"rank":25,"id":370656,"place":2172,"uniqueZonesTaken":66,"region":{"name":"Skåne","id":135}},"time":"2022-12-20T08:27:40+0000","message":"IföRoger: t ipopömpäöp ö\n\n\nåtvvt. t ex att br r tv tt ömt t p0 är över y tb t ex mögö. ccae  c vad bör\nt p platser äp(\u2060●\u2060\u2019\u20603\u2060)\u2060♡\u2060(\u2060ε\u2060`🌨️🖕","type":"chat"},{"medal":93,"time":"2022-12-20T08:26:57+0000","type":"medal","user":{"country":"se","medals":[93],"zones":[],"pointsPerHour":0,"points":110,"blocktime":600,"taken":1,"name":"Emiliax2","totalPoints":110,"rank":0,"id":384580,"place":5292,"uniqueZonesTaken":1,"region":{"name":"Örebro","id":131}}}]