[{"medal":93,"time":"2022-01-31T10:49:12+0000","type":"medal","user":{"country":"se","medals":[93],"zones":[],"pointsPerHour":0,"points":110,"blocktime":600,"taken":1,"name":"vladimirimiir","totalPoints":110,"rank":0,"id":354774,"place":6858,"uniqueZonesTaken":1,"region":{"name":"Östergötland","id":139}}},{"medal":78,"time":"2022-01-31T10:46:32+0000","type":"medal","user":{"country":"uk","medals":[127,27,32,11,90,54,78],"zones":[479365,479362,15047,15049,15050,16911,465943,358356,465942,465941,358358,358364,465949,358366,465948,465947,358360,465946,358363,465945,465944,358375,358374,358381,481263,481262,481261,358382,481260,358377,481259,358378,345141,481269,345142,481268,481267,481266,481265,481264,480254,480253,345145,345144,345146],"pointsPerHour":0,"points":54504,"blocktime":840,"taken":177,"name":"HissingSid","totalPoints":57874,"rank":16,"id":353258,"place":6857,"uniqueZonesTaken":57,"region":{"name":"North East England","id":199}}},{"medal":94,"time":"2022-01-31T10:44:07+0000","type":"medal","user":{"country":"se","medals":[94],"zones":[],"pointsPerHour":0,"points":125,"blocktime":600,"taken":1,"name":"wilmendo","totalPoints":125,"rank":0,"id":354772,"place":6857,"uniqueZonesTaken":1,"region":{"name":"Östergötland","id":139}}},{"medal":94,"time":"2022-01-31T10:44:07+0000","type":"medal","user":{"country":"se","medals":[94],"zones":[],"pointsPerHour":0,"points":125,"blocktime":600,"taken":1,"name":"Isaknil","totalPoints":125,"rank":0,"id":354771,"place":6857,"uniqueZonesTaken":1,"region":{"name":"Östergötland","id":139}}}]