[{"medal":52,"time":"2022-01-31T11:42:40+0000","type":"medal","user":{"country":"se","medals":[92,52,42],"zones":[430151,153955,154336,125636,153576,24299,153577,61069,154739,358391,154902,114996,194804,482033,3255,139637,3257,134137,142366,142365],"pointsPerHour":0,"points":11079,"blocktime":900,"taken":250,"name":"walkerman","totalPoints":104415,"rank":20,"id":281050,"place":6872,"uniqueZonesTaken":32,"region":{"name":"Skåne","id":135}}},{"medal":42,"time":"2022-01-31T11:42:40+0000","type":"medal","user":{"country":"se","medals":[92,52,42],"zones":[430151,153955,154336,125636,153576,24299,153577,61069,154739,358391,154902,114996,194804,482033,3255,139637,3257,134137,142366,142365],"pointsPerHour":0,"points":11079,"blocktime":900,"taken":250,"name":"walkerman","totalPoints":104415,"rank":20,"id":281050,"place":6872,"uniqueZonesTaken":32,"region":{"name":"Skåne","id":135}}},{"medal":92,"time":"2022-01-31T11:39:23+0000","type":"medal","user":{"country":"se","medals":[92,93],"zones":[],"pointsPerHour":0,"points":110,"blocktime":675,"taken":16,"name":"matigol","totalPoints":2794,"rank":5,"id":97744,"place":6872,"uniqueZonesTaken":16,"region":{"name":"Stockholm","id":141}}},{"medal":93,"time":"2022-01-31T11:39:23+0000","type":"medal","user":{"country":"se","medals":[92,93],"zones":[],"pointsPerHour":0,"points":110,"blocktime":675,"taken":16,"name":"matigol","totalPoints":2794,"rank":5,"id":97744,"place":6872,"uniqueZonesTaken":16,"region":{"name":"Stockholm","id":141}}}]