[{"medal":154,"time":"2023-10-23T12:21:23+0000","type":"medal","user":{"country":"se","medals":[33,16,47,4,28,5,67,21,70,77,79,57,15,116,17,7,126,122,107,88,127,24,154],"zones":[27105,564940,92761,64664,43737,490926,92762,62395,28892,31487],"pointsPerHour":0,"points":75053,"blocktime":1380,"taken":49743,"name":"Skaparn","totalPoints":7078183,"rank":52,"id":24043,"place":7769,"uniqueZonesTaken":1424,"region":{"name":"Uppsala","id":142}}},{"medal":93,"time":"2023-10-23T12:19:32+0000","type":"medal","user":{"country":"se","medals":[93],"zones":[],"pointsPerHour":0,"points":140,"blocktime":600,"taken":1,"name":"Billy1235578","totalPoints":140,"rank":0,"id":414333,"place":7769,"uniqueZonesTaken":1,"region":{"name":"Stockholm","id":141}}},{"sender":{"country":"se","medals":[17,16,27,22,4,5,67,79,77,58,117,50,126,70,124,72,111,132,119,75,24,91,114,24,155],"zones":[30849,33796,30918,228425,394829,144402,33684,115860,9301,47004,108956,7069,33696,43744,222245,79014,679,599406,556833,570722,11761,474485,8437,33846,700],"pointsPerHour":191,"points":136157,"blocktime":1470,"taken":109026,"name":"pandora","totalPoints":17037037,"rank":58,"id":30309,"place":299,"uniqueZonesTaken":4668,"region":{"name":"Uppsala","id":142}},"time":"2023-10-23T12:15:31+0000","message":"vretalund: ok","region":{"name":"Uppsala","id":142},"type":"chat"}]