[{"medal":155,"time":"2023-10-23T04:39:49+0000","type":"medal","user":{"country":"se","medals":[5,35,16,27,9,22,48,4,68,67,24,72,68,79,112,107,66,50,122,126,117,118,59,130,77,155],"zones":[93763,224518,1434,20493,398,13662,18319,527],"pointsPerHour":0,"points":100783,"blocktime":1470,"taken":94160,"name":"R@W","totalPoints":17225929,"rank":58,"id":15754,"place":7740,"uniqueZonesTaken":2956,"region":{"name":"Skåne","id":135}}},{"medal":153,"time":"2023-10-23T04:33:06+0000","type":"medal","user":{"country":"se","medals":[79,77,47,70,16,94,7,72,24,126,122,15,24,127,107,57,39,153],"zones":[57093,760,154107,154104,154105,45677],"pointsPerHour":0,"points":52719,"blocktime":1290,"taken":15720,"name":"Kaalimah","totalPoints":3359298,"rank":46,"id":187975,"place":7740,"uniqueZonesTaken":1296,"region":{"name":"Västra Götaland","id":132}}}]