[{"medal":153,"time":"2023-10-24T14:01:41+0000","type":"medal","user":{"country":"se","medals":[126,7,16,95,55,83,67,47,70,117,132,105,39,14,79,4,72,77,21,153],"zones":[1056,27811,36451,20740,27812,37573,28808,29736,24046,27055,78450,27957,25367,31322,154808,892],"pointsPerHour":0,"points":50033,"blocktime":1290,"taken":18515,"name":"Tessla","totalPoints":3314515,"rank":46,"id":272993,"place":7861,"uniqueZonesTaken":632,"region":{"name":"Stockholm","id":141}}},{"medal":152,"time":"2023-10-24T13:58:18+0000","type":"medal","user":{"country":"se","medals":[4,6,10,52,126,13,38,132,109,95,152],"zones":[35915],"pointsPerHour":0,"points":25128,"blocktime":1245,"taken":14369,"name":"sweet_mama","totalPoints":2182001,"rank":43,"id":80084,"place":7861,"uniqueZonesTaken":373,"region":{"name":"Stockholm","id":141}}},{"medal":154,"time":"2023-10-24T13:57:49+0000","type":"medal","user":{"country":"se","medals":[16,79,77,99,47,126,15,122,129,108,7,57,72,41,154],"zones":[355181,61930,61931,61932,61933,17901,61934,22863,200306,15540,28341,1366,11351,28251,11868,28253,92220],"pointsPerHour":0,"points":75086,"blocktime":1350,"taken":25480,"name":"reax","totalPoints":5618258,"rank":50,"id":109387,"place":7861,"uniqueZonesTaken":1679,"region":{"name":"Skåne","id":135}}},{"medal":152,"time":"2023-10-24T13:54:12+0000","type":"medal","user":{"country":"se","medals":[46,54,4,10,13,126,95,127,87,106,152],"zones":[95556,15965],"pointsPerHour":0,"points":25173,"blocktime":1350,"taken":37797,"name":"keso502","totalPoints":5628441,"rank":50,"id":111389,"place":7861,"uniqueZonesTaken":278,"region":{"name":"Västmanland","id":143}}}]