[{"sender":{"country":"se","medals":[78,70,6,14,94,24,90,46,117,55,5,102,67,77,132,39],"zones":[91843,1282,36432,36433,91989,91988,3093,3098,55772,36446,117726,7072,7137,94117,138471,7078,7143,7080,96300,24048,11379,7159,7160,139069],"pointsPerHour":117,"points":52062,"blocktime":21,"taken":15786,"name":"Svensings","totalPoints":3146867,"rank":46,"id":288002,"place":352,"uniqueZonesTaken":964,"region":{"name":"Stockholm","id":141}},"time":"2022-11-15T13:56:57+0000","message":"JimmyAIK94: hoppas hen är snäll med dig. Turfa lugnt hemåt sen","region":{"name":"Stockholm","id":141},"type":"chat"},{"sender":{"country":"se","medals":[126,16,95,5,14,67,122,128,6,47,57,104,79,28,24,39],"zones":[7157],"pointsPerHour":6,"points":22488,"blocktime":21,"taken":15811,"name":"JimmyAIK94","totalPoints":2776999,"rank":45,"id":267637,"place":1110,"uniqueZonesTaken":944,"region":{"name":"Stockholm","id":141}},"time":"2022-11-15T13:55:51+0000","message":"Svensings: tandläkaren","region":{"name":"Stockholm","id":141},"type":"chat"},{"sender":{"country":"se","medals":[78,70,6,14,94,24,90,46,117,55,5,102,67,77,132,39],"zones":[91843,1282,36432,36433,91989,91988,3093,3098,55772,7068,36446,117726,7072,7137,94117,138471,7078,7143,7080,96300,24048,11379,7159,7160,139069],"pointsPerHour":124,"points":52055,"blocktime":21,"taken":15786,"name":"Svensings","totalPoints":3146861,"rank":46,"id":288002,"place":352,"uniqueZonesTaken":964,"region":{"name":"Stockholm","id":141}},"time":"2022-11-15T13:53:44+0000","message":"JimmyAIK94: på väg till flemfrid👍","region":{"name":"Stockholm","id":141},"type":"chat"},{"sender":{"country":"se","medals":[126,16,95,5,14,67,122,128,6,47,57,104,79,28,24,39],"zones":[7157],"pointsPerHour":6,"points":22488,"blocktime":21,"taken":15811,"name":"JimmyAIK94","totalPoints":2776998,"rank":45,"id":267637,"place":1109,"uniqueZonesTaken":944,"region":{"name":"Stockholm","id":141}},"time":"2022-11-15T13:52:19+0000","message":"Svensings: ser du mig?","region":{"name":"Stockholm","id":141},"type":"chat"}]