[{"sender":{"country":"se","medals":[16,24,77,17,4,7,57,28,27,5,24,24,117,24,79,116,17,22,67,24,24,24,24,126,48,124,24,70,17,24,24,17,131,74,24,89,108],"zones":[60291,37734,408193,92520,481866,28622,142573,517718,410516,350327,7318,231417,75039],"pointsPerHour":35,"points":46829,"blocktime":23,"taken":52192,"name":"Tålamodet","totalPoints":9648539,"rank":55,"id":188982,"place":354,"uniqueZonesTaken":5168,"region":{"name":"Stockholm","id":141}},"time":"2022-11-14T14:23:49+0000","message":"Pekman: se messenger ☺️","region":{"name":"Stockholm","id":141},"type":"chat"},{"sender":{"country":"se","medals":[70,9,4,16,77,72,83,67,79,48,56,105,99,14,17,66,39,127],"zones":[114193,114192,114191],"pointsPerHour":15,"points":12349,"blocktime":21,"taken":16011,"name":"LeosFriends","totalPoints":3594181,"rank":47,"id":132556,"place":1671,"uniqueZonesTaken":747,"region":{"name":"Västmanland","id":143}},"time":"2022-11-14T14:15:58+0000","message":"hillenhäxan: någon som ska vinna sin liga? 😄","region":{"name":"Västmanland","id":143},"type":"chat"}]