[{"medal":84,"time":"2021-12-14T16:23:40+0000","type":"medal","user":{"country":"se","medals":[84],"zones":[43030],"pointsPerHour":0,"points":918,"blocktime":10,"taken":5,"name":"bruuden1992","totalPoints":918,"rank":3,"id":352670,"place":4959,"uniqueZonesTaken":4,"region":{"name":"Gävleborg","id":144}}},{"medal":93,"time":"2021-12-14T16:15:58+0000","type":"medal","user":{"country":"uk","medals":[84,93],"zones":[],"pointsPerHour":0,"points":155,"blocktime":10,"taken":6,"name":"autumnbank","totalPoints":914,"rank":3,"id":350810,"place":4959,"uniqueZonesTaken":5,"region":{"name":"Scotland","id":200}}}]