[{"medal":84,"time":"2021-12-14T10:26:45+0000","type":"medal","user":{"country":"se","medals":[80,84],"zones":[27843,27844,17909,224718,28190],"pointsPerHour":0,"points":733,"blocktime":10,"taken":5,"name":"Tigre","totalPoints":733,"rank":3,"id":352770,"place":4907,"uniqueZonesTaken":5,"region":{"name":"Skåne","id":135}}},{"medal":80,"time":"2021-12-14T10:26:45+0000","type":"medal","user":{"country":"se","medals":[80,84],"zones":[27843,27844,17909,224718,28190],"pointsPerHour":0,"points":733,"blocktime":10,"taken":5,"name":"Tigre","totalPoints":733,"rank":3,"id":352770,"place":4907,"uniqueZonesTaken":5,"region":{"name":"Skåne","id":135}}},{"medal":104,"time":"2021-12-14T10:22:48+0000","type":"medal","user":{"country":"se","medals":[51,12,34,95,6,129,104],"zones":[11233,45218,200113,25813],"pointsPerHour":0,"points":5630,"blocktime":17,"taken":2052,"name":"brer09","totalPoints":288395,"rank":29,"id":281261,"place":4905,"uniqueZonesTaken":232,"region":{"name":"Stockholm","id":141}}}]