[{"medal":51,"time":"2022-10-04T10:01:28+0000","type":"medal","user":{"country":"se","medals":[51,85],"zones":[2787,235879,90277,2788,62311,12473,20507,76813,137533,171677],"pointsPerHour":0,"points":1630,"blocktime":660,"taken":10,"name":"albmax","totalPoints":1630,"rank":4,"id":380098,"place":4984,"uniqueZonesTaken":10,"region":{"name":"Jönköping","id":133}}},{"medal":85,"time":"2022-10-04T10:01:28+0000","type":"medal","user":{"country":"se","medals":[51,85],"zones":[2787,235879,90277,2788,62311,12473,20507,76813,137533,171677],"pointsPerHour":0,"points":1630,"blocktime":660,"taken":10,"name":"albmax","totalPoints":1630,"rank":4,"id":380098,"place":4984,"uniqueZonesTaken":10,"region":{"name":"Jönköping","id":133}}}]