[{"medal":31,"time":"2022-10-03T10:42:32+0000","type":"medal","user":{"country":"se","medals":[80,31],"zones":[44306,488,13615],"pointsPerHour":0,"points":256,"blocktime":675,"taken":25,"name":"WildEl","totalPoints":2999,"rank":5,"id":368875,"place":4333,"uniqueZonesTaken":12,"region":{"name":"Västmanland","id":143}}},{"medal":37,"time":"2022-10-03T10:41:50+0000","type":"medal","user":{"country":"se","medals":[6,52,13,17,116,103,127,37],"zones":[267,37406],"pointsPerHour":0,"points":864,"blocktime":1185,"taken":7500,"name":"Pampas3","totalPoints":1223887,"rank":39,"id":204069,"place":4333,"uniqueZonesTaken":418,"region":{"name":"Stockholm","id":141}}},{"sender":{"country":"se","medals":[16,5,67,91,79,28,77,47,94,56,50,126,101,130,41],"zones":[50176,37088,12392,50186,907,408138,43955,356753,488785,2294,26745,29371,29373,22623],"pointsPerHour":57,"points":7506,"blocktime":1335,"taken":25170,"name":"goka","totalPoints":4949297,"rank":49,"id":66738,"place":497,"uniqueZonesTaken":3063,"region":{"name":"Östergötland","id":139}},"time":"2022-10-03T10:39:29+0000","message":"Björke: Spökturfar idag?!","region":{"name":"Östergötland","id":139},"type":"chat"},{"medal":51,"time":"2022-10-03T10:37:09+0000","type":"medal","user":{"country":"se","medals":[92,31,51],"zones":[1314,21731,114855,176453,11977,516492,1179,144409,1181,200285],"pointsPerHour":0,"points":2241,"blocktime":705,"taken":32,"name":"nonick","totalPoints":6030,"rank":7,"id":20674,"place":4329,"uniqueZonesTaken":24,"region":{"name":"Östergötland","id":139}}}]