[{"sender":{"country":"se","medals":[12,68,16,22,57,47,10,93,100,5,35,68,130,70],"zones":[142976,142977,44501,154836,60679,17991,194309,17992,114619,44765,47470],"pointsPerHour":21,"points":2503,"blocktime":1140,"taken":3844,"name":"bestrong","totalPoints":805066,"rank":36,"id":357032,"place":1360,"uniqueZonesTaken":238,"region":{"name":"Gotland","id":138}},"time":"2022-10-03T11:01:19+0000","message":"Feanor: Sorry, såg detta nu !","region":{"name":"Gotland","id":138},"type":"chat"},{"medal":93,"time":"2022-10-03T11:00:31+0000","type":"medal","user":{"country":"se","medals":[93],"zones":[1339],"pointsPerHour":0,"points":190,"blocktime":600,"taken":2,"name":"krille06","totalPoints":190,"rank":0,"id":379553,"place":4355,"uniqueZonesTaken":2,"region":{"name":"Östergötland","id":139}}},{"sender":{"country":"se","medals":[4,16,67,9,17,24,26,70,49,24,17,24,8,65,64,69,21,30,68,45,24,17,27,24,25,91,79,77,24,29,17,83,24,113,24,17,116,24,72,68,17,24,124,126,121,108,75,24,68,17,24,24,24,24,118,125,82,132],"zones":[114881,48449,47171,47172,136004,88971,81867,21866,8651,21867,6992,27925,224341,79293,204381,79294],"pointsPerHour":48,"points":8683,"blocktime":1455,"taken":79879,"name":"stefanx46","totalPoints":13887543,"rank":57,"id":36563,"place":401,"uniqueZonesTaken":13288,"region":{"name":"Västerbotten","id":127}},"time":"2022-10-03T10:59:17+0000","message":"roffish: swogge segar 😎","region":{"name":"Västerbotten","id":127},"type":"chat"},{"medal":85,"time":"2022-10-03T10:58:58+0000","type":"medal","user":{"country":"se","medals":[94,100,92,85],"zones":[95461,176297],"pointsPerHour":0,"points":4651,"blocktime":690,"taken":22,"name":"JasseA","totalPoints":4651,"rank":6,"id":379186,"place":4354,"uniqueZonesTaken":22,"region":{"name":"Västra Götaland","id":132}}},{"medal":80,"time":"2022-10-03T10:56:22+0000","type":"medal","user":{"country":"se","medals":[94,85,80],"zones":[62338,839,377,877,11343],"pointsPerHour":0,"points":695,"blocktime":660,"taken":11,"name":"skosulan","totalPoints":1389,"rank":4,"id":379104,"place":4351,"uniqueZonesTaken":10,"region":{"name":"Västra Götaland","id":132}}}]