[{"medal":80,"time":"2022-05-17T05:06:30+0000","type":"medal","user":{"country":"se","medals":[80,84],"zones":[56724,152570,17867,17869,95135],"pointsPerHour":0,"points":1321,"blocktime":660,"taken":5,"name":"HappyStar","totalPoints":1321,"rank":4,"id":363034,"place":7771,"uniqueZonesTaken":5,"region":{"name":"Kronoberg","id":147}}},{"medal":84,"time":"2022-05-17T05:06:30+0000","type":"medal","user":{"country":"se","medals":[80,84],"zones":[56724,152570,17867,17869,95135],"pointsPerHour":0,"points":1321,"blocktime":660,"taken":5,"name":"HappyStar","totalPoints":1321,"rank":4,"id":363034,"place":7771,"uniqueZonesTaken":5,"region":{"name":"Kronoberg","id":147}}},{"medal":51,"time":"2022-05-17T05:05:32+0000","type":"medal","user":{"country":"se","medals":[85,51],"zones":[7024,179296,7074,22836,205173,17030,3095,7047,1578,180733],"pointsPerHour":0,"points":1722,"blocktime":660,"taken":12,"name":"ma2007lin","totalPoints":1722,"rank":4,"id":362275,"place":7771,"uniqueZonesTaken":10,"region":{"name":"Stockholm","id":141}}}]