[{"medal":80,"time":"2022-05-16T10:02:51+0000","type":"medal","user":{"country":"se","medals":[93,84,80],"zones":[20884,30933,93735,69846,1502],"pointsPerHour":0,"points":1102,"blocktime":645,"taken":7,"name":"AgnesBlå","totalPoints":1102,"rank":3,"id":363762,"place":7668,"uniqueZonesTaken":7,"region":{"name":"Halland","id":134}}},{"medal":85,"time":"2022-05-16T10:01:39+0000","type":"medal","user":{"country":"se","medals":[80,85],"zones":[20882,1507,3381,134196,62552,7177,477580,7179,1503],"pointsPerHour":0,"points":1424,"blocktime":660,"taken":10,"name":"Kajsaröd","totalPoints":1424,"rank":4,"id":363766,"place":7668,"uniqueZonesTaken":10,"region":{"name":"Halland","id":134}}},{"sender":{"country":"se","medals":[],"zones":[114800,29521],"pointsPerHour":6,"points":311,"blocktime":615,"taken":2,"name":"CMSM","totalPoints":310,"rank":1,"id":363777,"place":6923,"uniqueZonesTaken":2,"region":{"name":"Stockholm","id":141}},"time":"2022-05-16T09:59:47+0000","message":"Hejjjj","region":{"name":"Stockholm","id":141},"type":"chat"},{"medal":84,"time":"2022-05-16T09:56:59+0000","type":"medal","user":{"country":"se","medals":[93,84],"zones":[30933,93735,69846],"pointsPerHour":0,"points":806,"blocktime":645,"taken":5,"name":"AgnesBlå","totalPoints":806,"rank":3,"id":363762,"place":7668,"uniqueZonesTaken":5,"region":{"name":"Halland","id":134}}}]