[{"medal":93,"time":"2022-05-16T09:25:16+0000","type":"medal","user":{"country":"se","medals":[93],"zones":[],"pointsPerHour":0,"points":185,"blocktime":600,"taken":1,"name":"AgnesBlå","totalPoints":185,"rank":0,"id":363762,"place":7653,"uniqueZonesTaken":1,"region":{"name":"Halland","id":134}}},{"medal":104,"time":"2022-05-16T09:23:09+0000","type":"medal","user":{"country":"se","medals":[16,46,7,28,126,55,95,24,79,37,14,104],"zones":[139569],"pointsPerHour":0,"points":9601,"blocktime":1230,"taken":8667,"name":"lindjack","totalPoints":1897923,"rank":42,"id":77963,"place":7652,"uniqueZonesTaken":600,"region":{"name":"Södermanland","id":140}}}]