[{"medal":151,"time":"2023-10-09T12:45:20+0000","type":"medal","user":{"country":"se","medals":[93,46,28,16,56,13,100,36,27,127,7,151],"zones":[11682,78354,154950,94421,154951,209461,176746,110874,223823,153663,8415],"pointsPerHour":0,"points":11327,"blocktime":1215,"taken":6172,"name":"ForeverYoung","totalPoints":1662650,"rank":41,"id":325448,"place":6380,"uniqueZonesTaken":349,"region":{"name":"Stockholm","id":141}}},{"medal":84,"time":"2023-10-09T12:44:27+0000","type":"medal","user":{"country":"se","medals":[84],"zones":[481893,95687,59946,59951],"pointsPerHour":0,"points":1273,"blocktime":660,"taken":5,"name":"Zelda2023","totalPoints":1273,"rank":4,"id":412270,"place":6380,"uniqueZonesTaken":4,"region":{"name":"Halland","id":134}}},{"medal":84,"time":"2023-10-09T12:43:52+0000","type":"medal","user":{"country":"se","medals":[84],"zones":[96209,84672,115099,24239],"pointsPerHour":0,"points":584,"blocktime":630,"taken":5,"name":"ärleskog","totalPoints":584,"rank":2,"id":413467,"place":6380,"uniqueZonesTaken":5,"region":{"name":"Kalmar","id":137}}},{"sender":{"country":"uk","medals":[122,16,72,127,79,94,15,47,101,59,38,152],"zones":[479173,400517,479172,400514,321664,400515,400512,321666,400513,321673,400520,321675,392727,392726,374227,321822,321828,321829,321830,324583,321826,321827,321774,321834,321643,321652,321653,376823,376822,323120,479166,479165,321663,479164,479163],"pointsPerHour":36,"points":34162,"blocktime":1290,"taken":10487,"name":"MuttsCycles","totalPoints":3320740,"rank":46,"id":353862,"place":647,"uniqueZonesTaken":1608,"region":{"name":"Scotland","id":200}},"time":"2023-10-09T12:43:34+0000","message":"Coaster: you talking to yer self. 😄 you tagged your self.\nit amused me 😁","region":{"name":"Scotland","id":200},"type":"chat"},{"medal":104,"time":"2023-10-09T12:42:58+0000","type":"medal","user":{"country":"se","medals":[80,90,11,94,42,104],"zones":[],"pointsPerHour":0,"points":6560,"blocktime":810,"taken":286,"name":"ShadowMinds","totalPoints":39615,"rank":14,"id":390193,"place":6379,"uniqueZonesTaken":87,"region":{"name":"Örebro","id":131}}},{"medal":151,"time":"2023-10-09T12:41:23+0000","type":"medal","user":{"country":"se","medals":[79,86,11,46,54,10,151],"zones":[1761,179424,78633,431916,20334,22159,77041,2993,22162,203760,22164,54549,22165,22166,7447,7450,425725,200191],"pointsPerHour":0,"points":10012,"blocktime":720,"taken":67,"name":"Grönkål","totalPoints":10012,"rank":8,"id":413251,"place":6378,"uniqueZonesTaken":66,"region":{"name":"Östergötland","id":139}}},{"medal":151,"time":"2023-10-09T12:40:36+0000","type":"medal","user":{"country":"se","medals":[70,27,4,16,72,67,79,77,17,48,22,124,126,68,130,117,107,116,17,83,26,121,82,24,68,91,68,24,118,151],"zones":[44770,23650,23651,23652,20677,23653,569678,20679,569679,45192,96137,25739,224014,25744,25810,25748,279,47609,47610,47611,47612],"pointsPerHour":0,"points":10022,"blocktime":1470,"taken":76673,"name":"St@llion","totalPoints":16625353,"rank":58,"id":153955,"place":6378,"uniqueZonesTaken":11172,"region":{"name":"Västra Götaland","id":132}}},{"medal":151,"time":"2023-10-09T12:38:50+0000","type":"medal","user":{"country":"se","medals":[67,79,46,55,15,28,24,98,103,130,38,7,70,77,151],"zones":[1347,29574,14135,139449,26924,29775],"pointsPerHour":0,"points":10018,"blocktime":1275,"taken":14396,"name":"Murveln","totalPoints":2935676,"rank":45,"id":43199,"place":6376,"uniqueZonesTaken":2153,"region":{"name":"Västra Götaland","id":132}}}]