[{"medal":152,"time":"2023-10-10T04:31:32+0000","type":"medal","user":{"country":"fi","medals":[4,16,77,57,7,67,72,48,112,78,106,14,126,88,127,152],"zones":[65249,65250,7266,96133,228107,62537,33836,117137,139474,16914,62394,178393,38335],"pointsPerHour":0,"points":25009,"blocktime":1365,"taken":45554,"name":"Lillbacka","totalPoints":5929173,"rank":51,"id":92956,"place":6453,"uniqueZonesTaken":609,"region":{"name":"Åland","id":177}}},{"medal":151,"time":"2023-10-10T04:21:35+0000","type":"medal","user":{"country":"se","medals":[78,46,28,97,70,55,7,14,4,126,127,38,108,151],"zones":[33788],"pointsPerHour":0,"points":10010,"blocktime":1245,"taken":13638,"name":"kanel65","totalPoints":2334438,"rank":43,"id":139296,"place":6453,"uniqueZonesTaken":797,"region":{"name":"Södermanland","id":140}}}]