[{"medal":92,"time":"2023-10-10T11:38:18+0000","type":"medal","user":{"country":"se","medals":[94,85,51,90,92],"zones":[12160,81,83,85,103,71,36857,73,1322,36858,78],"pointsPerHour":0,"points":1346,"blocktime":660,"taken":16,"name":"Sköldpadda391","totalPoints":1346,"rank":4,"id":413523,"place":6527,"uniqueZonesTaken":15,"region":{"name":"Östergötland","id":139}}},{"medal":153,"time":"2023-10-10T11:36:26+0000","type":"medal","user":{"country":"se","medals":[67,24,24,43,22,17,16,24,24,70,24,17,24,24,17,26,24,24,62,77,79,17,91,65,48,72,83,58,24,24,17,116,4,24,17,24,126,24,124,24,24,17,24,17,24,132,24,17,24,74,24,107,119,153],"zones":[94789,154698,29165,92239,97299,97298,426322,13623,15959,88950,14872,14873,43197,21757],"pointsPerHour":0,"points":50001,"blocktime":1440,"taken":101316,"name":"BirgittaS","totalPoints":12954132,"rank":56,"id":31552,"place":6527,"uniqueZonesTaken":5242,"region":{"name":"Västmanland","id":143}}},{"medal":151,"time":"2023-10-10T11:34:22+0000","type":"medal","user":{"country":"se","medals":[67,5,79,46,55,28,27,16,94,126,13,7,128,101,41,151],"zones":[28814],"pointsPerHour":0,"points":11030,"blocktime":1350,"taken":25794,"name":"yabosid","totalPoints":5511264,"rank":50,"id":50826,"place":6527,"uniqueZonesTaken":410,"region":{"name":"Västra Götaland","id":132}}},{"medal":151,"time":"2023-10-10T11:33:35+0000","type":"medal","user":{"country":"se","medals":[5,9,67,46,16,55,70,10,7,77,4,117,79,122,126,94,22,103,41,128,50,151],"zones":[27637,24776,179643,234334,27646],"pointsPerHour":0,"points":10132,"blocktime":1350,"taken":29869,"name":"Vakentimmar","totalPoints":5357211,"rank":50,"id":95957,"place":6527,"uniqueZonesTaken":2557,"region":{"name":"Västra Götaland","id":132}}}]