[{"medal":152,"time":"2023-10-10T06:07:20+0000","type":"medal","user":{"country":"se","medals":[16,28,93,46,79,56,126,14,100,38,66,128,152],"zones":[33985,523973,477583,560897,601860,22866,177425,31891,22868,1305,11866,496541,134236,28255,496805,496804,516003,328493,556708,27893,113655,90937,24636,113662],"pointsPerHour":0,"points":25044,"blocktime":1305,"taken":13987,"name":"Sedin0603","totalPoints":3819924,"rank":47,"id":116747,"place":6460,"uniqueZonesTaken":819,"region":{"name":"Skåne","id":135}}},{"medal":127,"time":"2023-10-10T06:04:39+0000","type":"medal","user":{"country":"se","medals":[28,78,12,55,47,33,102,95,152,127],"zones":[22393,33898,43514,22394,564227],"pointsPerHour":0,"points":30794,"blocktime":930,"taken":848,"name":"$lathrox","totalPoints":126414,"rank":22,"id":399130,"place":6460,"uniqueZonesTaken":145,"region":{"name":"Norrbotten","id":126}}},{"country":"se","sender":{"country":"se","medals":[],"zones":[],"pointsPerHour":0,"points":0,"blocktime":615,"taken":3,"name":"Rafaela,5b","totalPoints":393,"rank":1,"id":408271,"place":6460,"uniqueZonesTaken":3},"time":"2023-10-10T06:03:38+0000","message":"1563","type":"chat"},{"country":"se","sender":{"country":"se","medals":[],"zones":[],"pointsPerHour":0,"points":0,"blocktime":615,"taken":3,"name":"Rafaela,5b","totalPoints":393,"rank":1,"id":408271,"place":6460,"uniqueZonesTaken":3},"time":"2023-10-10T06:03:12+0000","message":"Rafaela,5b:","type":"chat"},{"country":"se","sender":{"country":"se","medals":[],"zones":[],"pointsPerHour":0,"points":0,"blocktime":615,"taken":3,"name":"Rafaela,5b","totalPoints":393,"rank":1,"id":408271,"place":6460,"uniqueZonesTaken":3},"time":"2023-10-10T06:02:58+0000","message":"hej bejbi","type":"chat"},{"medal":39,"time":"2023-10-10T06:01:07+0000","type":"medal","user":{"country":"se","medals":[46,28,77,79,66,94,55,4,126,16,102,15,151,39],"zones":[201282,61476,154662,154661,146440,410796,146445,30325,177434,177435,96475,107450,11484,159420],"pointsPerHour":0,"points":18118,"blocktime":1305,"taken":15000,"name":"Ventruce","totalPoints":3554995,"rank":47,"id":118607,"place":6459,"uniqueZonesTaken":1141,"region":{"name":"Halland","id":134}}}]