[{"sender":{"country":"se","medals":[46,54,67,13,28,100,35,94,6],"zones":[704,9675],"pointsPerHour":17,"points":4511,"blocktime":1080,"taken":3857,"name":"Deltafive","totalPoints":440039,"rank":32,"id":155682,"place":3081,"uniqueZonesTaken":369,"region":{"name":"Västmanland","id":143}},"time":"2023-10-10T12:22:44+0000","message":"tine: Nejdå. Ska Norr ut.","region":{"name":"Västmanland","id":143},"type":"chat"},{"medal":153,"time":"2023-10-10T12:21:41+0000","type":"medal","user":{"country":"uk","medals":[77,4,16,79,28,5,67,47,123,103,15,59,128,38,7,24,114,153],"zones":[14723,344390,338817,14724,352833,296077,169163,217992,296072,342409,64337,14678,14679,14681,389273,481434,14686,389286,324590,340084,350512,14581,328317,346495,138559],"pointsPerHour":0,"points":50050,"blocktime":1305,"taken":14512,"name":"ZulaTheAlien:)","totalPoints":3954768,"rank":47,"id":285598,"place":6533,"uniqueZonesTaken":1500,"region":{"name":"Scotland","id":200}}},{"sender":{"country":"se","medals":[46,54,67,13,28,100,35,94,6],"zones":[9675],"pointsPerHour":8,"points":4446,"blocktime":1080,"taken":3856,"name":"Deltafive","totalPoints":439974,"rank":32,"id":155682,"place":3097,"uniqueZonesTaken":369,"region":{"name":"Västmanland","id":143}},"time":"2023-10-10T12:21:17+0000","message":"Nejdå. Jag ska n. Ska du?","region":{"name":"Västmanland","id":143},"type":"chat"},{"sender":{"country":"se","medals":[67,22,47,28,7,55,79,112,24,77,17,15,126,122,118,132,117,107],"zones":[12016,12370,31763,31764,709,18197,79288,5579,9677,10926,31982],"pointsPerHour":88,"points":9088,"blocktime":1410,"taken":79645,"name":"tine","totalPoints":9138920,"rank":54,"id":36446,"place":2275,"uniqueZonesTaken":1525,"region":{"name":"Västmanland","id":143}},"time":"2023-10-10T12:20:28+0000","message":"Deltafive: ska ja vänta?","region":{"name":"Västmanland","id":143},"type":"chat"}]