[{"sender":{"country":"se","medals":[22,16,70,72,4,67,27,24,79,77,17,58,24,24,50,75,17,115,83,30,113,17,91,24,126,123,119,24,110,132,24],"zones":[138246,586,975,976,11921,11922,12378,923,91,22301,22302,95,22304,22305,17569,221154,117283,136352,22306,22307,17572,136359,136356,558,562,97909],"pointsPerHour":137,"points":295171,"blocktime":24,"taken":131992,"name":"Dumblydore","totalPoints":21942817,"rank":58,"id":137368,"place":59,"uniqueZonesTaken":4623,"region":{"name":"Östergötland","id":139}},"time":"2023-01-30T20:17:47+0000","message":"Björke: Jösses vilken imponerande omgång du gör! Helt otroligt! 💪💪👍 Blir det något slags personligt poängrekord?","region":{"name":"Östergötland","id":139},"type":"chat"}]