[{"medal":92,"time":"2022-12-20T12:57:52+0000","type":"medal","user":{"country":"wd","medals":[94,85,80,100,5,92],"zones":[63152,96449,87716,479393,479391,481037,481036,63150,62430],"pointsPerHour":0,"points":5776,"blocktime":11,"taken":24,"name":"Chris60","totalPoints":7219,"rank":7,"id":384241,"place":5311,"uniqueZonesTaken":15,"region":{"name":"Malaysia","id":331}}},{"medal":100,"time":"2022-12-20T12:52:47+0000","type":"medal","user":{"country":"uk","medals":[93,16,46,127,10,57,6,36,14,100],"zones":[389924,355680,62918,447023,340383,14718],"pointsPerHour":0,"points":17077,"blocktime":20,"taken":6311,"name":"KoveshEzorim","totalPoints":1485416,"rank":40,"id":351669,"place":5311,"uniqueZonesTaken":513,"region":{"name":"Scotland","id":200}}}]