[{"sender":{"country":"se","medals":[],"zones":[],"pointsPerHour":0,"points":0,"blocktime":10,"taken":0,"name":"ghost24_allt_","totalPoints":0,"rank":0,"id":371927,"place":5287,"uniqueZonesTaken":0},"time":"2022-12-19T22:34:45+0000","message":"jaisan: Hola","type":"chat"},{"medal":90,"time":"2022-12-19T21:37:38+0000","type":"medal","user":{"country":"se","medals":[53,12,34,7,90],"zones":[529994,155073,179652,96585,45128,96584,45129,45130,45131,467337,45138,45140,20508,20509,153692,130334,90339,203813,20520,210986,155070,515899,256511,64445],"pointsPerHour":0,"points":22706,"blocktime":17,"taken":1283,"name":"Fido","totalPoints":391206,"rank":31,"id":99832,"place":5286,"uniqueZonesTaken":179,"region":{"name":"Jönköping","id":133}}}]