[{"medal":31,"time":"2022-12-20T21:00:46+0000","type":"medal","user":{"country":"uk","medals":[93,100,92,80,31],"zones":[480422,18210,358598,476611,480417,358595,480414],"pointsPerHour":0,"points":5028,"blocktime":11,"taken":25,"name":"russet-apple","totalPoints":5028,"rank":6,"id":384519,"place":5329,"uniqueZonesTaken":20,"region":{"name":"North West England","id":201}}},{"medal":32,"time":"2022-12-20T20:45:42+0000","type":"medal","user":{"country":"no","medals":[51,92,32],"zones":[551565,15340],"pointsPerHour":0,"points":522,"blocktime":13,"taken":100,"name":"godalen9","totalPoints":42482,"rank":14,"id":367310,"place":5329,"uniqueZonesTaken":38,"region":{"name":"Vestlandet","id":181}}}]