[{"sender":{"country":"se","medals":[28,55,7,4,5,70,67,122,47,16,77,79,128,107,95,22,37,15],"zones":[96337,29365],"pointsPerHour":6,"points":14257,"blocktime":20,"taken":8356,"name":"IrenePanik","totalPoints":1484410,"rank":40,"id":292165,"place":1850,"uniqueZonesTaken":1029,"region":{"name":"Östergötland","id":139}},"time":"2022-12-19T17:50:56+0000","message":"Boddington: var rädd om dig! 🌹","region":{"name":"Östergötland","id":139},"type":"chat"},{"sender":{"country":"se","medals":[21,16,64,27,44,17,48,4,59,24,17,28,68,17,67,70,24,79,17,116,77,24,17,30,91,83,24,121,124,126,17,118,24,17,111,132],"zones":[13504,354820,360967,474722,354818,37079,111350,248,313,105053,303],"pointsPerHour":47,"points":70967,"blocktime":24,"taken":85424,"name":"embeoo","totalPoints":14771075,"rank":57,"id":23906,"place":290,"uniqueZonesTaken":16557,"region":{"name":"Stockholm","id":141}},"time":"2022-12-19T17:40:02+0000","message":"Thant: hade inte slagit på än, men mötte när ni gick ut i snön. jag tänkte från stadion ist.","region":{"name":"Stockholm","id":141},"type":"chat"}]