[{"sender":{"country":"se","medals":[7,79,55,16,95,47,131,14,38,101,28],"zones":[114482,97844,7145,36428,7070,37103],"pointsPerHour":29,"points":2768,"blocktime":1245,"taken":13216,"name":"cemo","totalPoints":2149965,"rank":43,"id":319790,"place":1266,"uniqueZonesTaken":696,"region":{"name":"Stockholm","id":141}},"time":"2023-01-02T13:30:35+0000","message":"JimmyAIK94: Gott Nytt År!🎉","region":{"name":"Stockholm","id":141},"type":"chat"},{"medal":100,"time":"2023-01-02T13:30:21+0000","type":"medal","user":{"country":"se","medals":[94,84,100],"zones":[479202],"pointsPerHour":0,"points":1165,"blocktime":645,"taken":6,"name":"SPIDERBOY","totalPoints":1165,"rank":3,"id":384838,"place":4001,"uniqueZonesTaken":6,"region":{"name":"Blekinge","id":136}}},{"sender":{"country":"se","medals":[9,27,4,16,64,67,8,24,70,72,68,77,79,19,75,83,82,21,3,24,24,17,116,66,117,30,1,69,68,63,61,24,24,17,24,126,124,68,17,106,89,2,69,68,74,24,132],"zones":[22528,25984,42944,61635,136324,63753,5322,20878,848,110552,136223,55646,55647,142187,193262,35894,136244,94071,50358,24443,11516,25982,25983,42943],"pointsPerHour":70,"points":5931,"blocktime":1455,"taken":65152,"name":"Caisesiume","totalPoints":14010584,"rank":57,"id":40432,"place":612,"uniqueZonesTaken":5443,"region":{"name":"Västra Götaland","id":132}},"time":"2023-01-02T13:29:45+0000","message":"Gott nytt år!","region":{"name":"Västra Götaland","id":132},"type":"chat"},{"medal":93,"time":"2023-01-02T13:28:35+0000","type":"medal","user":{"country":"uk","medals":[93],"zones":[],"pointsPerHour":0,"points":235,"blocktime":615,"taken":1,"name":"ClimbJabba","totalPoints":235,"rank":1,"id":384552,"place":3998,"uniqueZonesTaken":1,"region":{"name":"Scotland","id":200}}},{"medal":84,"time":"2023-01-02T13:24:57+0000","type":"medal","user":{"country":"se","medals":[94,84],"zones":[479202],"pointsPerHour":0,"points":960,"blocktime":645,"taken":5,"name":"SPIDERBOY","totalPoints":960,"rank":3,"id":384838,"place":3996,"uniqueZonesTaken":5,"region":{"name":"Blekinge","id":136}}}]