[{"sender":{"country":"wd","medals":[16,4,27,57,47,70,67,79,77,94,7,14,83,72,123,126,89,130,102],"zones":[559345,559346,559348,559349],"pointsPerHour":9,"points":2280,"blocktime":1455,"taken":63811,"name":"BetulaAlba","totalPoints":13142468,"rank":57,"id":80722,"place":2094,"uniqueZonesTaken":956,"region":{"name":"Spain","id":211}},"time":"2023-01-03T13:39:54+0000","message":"elgurro: bienvenido de nuevo","region":{"name":"Spain","id":211},"type":"chat"},{"medal":31,"time":"2023-01-03T13:25:26+0000","type":"medal","user":{"country":"se","medals":[80,92,31],"zones":[26128,26124,26125,26126],"pointsPerHour":0,"points":961,"blocktime":705,"taken":25,"name":"Margarina","totalPoints":6429,"rank":7,"id":384078,"place":4410,"uniqueZonesTaken":17,"region":{"name":"Dalarna","id":129}}}]