[{"medal":35,"time":"2022-11-01T16:54:04+0000","type":"medal","user":{"country":"se","medals":[4,28,79,94,55,16,101,47,6,13,122,77,130,35],"zones":[154032,26852,481635,21782],"pointsPerHour":0,"points":86765,"blocktime":17,"taken":2501,"name":"miljönissan","totalPoints":317072,"rank":30,"id":368147,"place":8292,"uniqueZonesTaken":320,"region":{"name":"Västmanland","id":143}}},{"sender":{"country":"se","medals":[28,16,4,9,24,24,24,24,24,24,22,67,48,24,17,24,79,77,24,17,30,24,56,17,116,26,91,24,5,17,24,50,122,108,126,88,24,127,17,24,24],"zones":[17570],"pointsPerHour":7,"points":27301,"blocktime":22,"taken":46738,"name":"Fiona","totalPoints":5838612,"rank":51,"id":36959,"place":2390,"uniqueZonesTaken":3049,"region":{"name":"Östergötland","id":139}},"time":"2022-11-01T16:52:22+0000","message":"Black Lion Inn, vi ses 😄","region":{"name":"Östergötland","id":139},"type":"chat"}]