[{"medal":66,"time":"2022-10-31T14:10:17+0000","type":"medal","user":{"country":"se","medals":[46,10,54,79,35,14,77,4,66],"zones":[47905,61240],"pointsPerHour":0,"points":5363,"blocktime":19,"taken":4497,"name":"Coimbra","totalPoints":959326,"rank":37,"id":47536,"place":8235,"uniqueZonesTaken":673,"region":{"name":"Västra Götaland","id":132}}},{"medal":14,"time":"2022-10-31T14:04:32+0000","type":"medal","user":{"country":"uk","medals":[90,56,70,79,46,127,93,77,35,14],"zones":[346743,62918],"pointsPerHour":0,"points":6527,"blocktime":18,"taken":2706,"name":"GopherTea60","totalPoints":677144,"rank":35,"id":302844,"place":8234,"uniqueZonesTaken":500,"region":{"name":"Scotland","id":200}}}]