[{"sender":{"country":"se","medals":[93,52,11,33],"zones":[11428,306577,95222,473242,15517],"pointsPerHour":16,"points":10903,"blocktime":945,"taken":735,"name":"Kao","totalPoints":158733,"rank":23,"id":332271,"place":2372,"uniqueZonesTaken":71,"region":{"name":"Skåne","id":135}},"time":"2021-12-21T10:32:29+0000","message":"KingenMalmö: haha! God jul till dig med din soffturfare! Fast jag ska nog hinna knycka fler zoner från dig innan jul. 😀","region":{"name":"Skåne","id":135},"type":"chat"},{"medal":128,"time":"2021-12-21T10:25:49+0000","type":"medal","user":{"country":"se","medals":[70,5,67,77,16,10,117,79,55,24,48,91,26,15,123,21,99,24,126,24,107,4,39,128],"zones":[3443,6164,18613,7707,9759],"pointsPerHour":0,"points":14869,"blocktime":1245,"taken":16014,"name":"jeppe1","totalPoints":2325423,"rank":43,"id":187874,"place":5400,"uniqueZonesTaken":1861,"region":{"name":"Västerbotten","id":127}}}]