[{"medal":80,"time":"2021-12-20T18:14:11+0000","type":"medal","user":{"country":"se","medals":[80,84],"zones":[19697,31765,9288,115964,7758],"pointsPerHour":0,"points":434,"blocktime":630,"taken":5,"name":"Jonas&Jack","totalPoints":434,"rank":2,"id":352980,"place":5384,"uniqueZonesTaken":5,"region":{"name":"Västmanland","id":143}}},{"medal":84,"time":"2021-12-20T18:14:11+0000","type":"medal","user":{"country":"se","medals":[80,84],"zones":[19697,31765,9288,115964,7758],"pointsPerHour":0,"points":434,"blocktime":630,"taken":5,"name":"Jonas&Jack","totalPoints":434,"rank":2,"id":352980,"place":5384,"uniqueZonesTaken":5,"region":{"name":"Västmanland","id":143}}},{"medal":51,"time":"2021-12-20T18:05:06+0000","type":"medal","user":{"country":"se","medals":[31,93,92,71,51],"zones":[69010,105298,374,62134,92039,136373,361,18892,18894,18895],"pointsPerHour":0,"points":6638,"blocktime":705,"taken":48,"name":"Elasir","totalPoints":6638,"rank":7,"id":352617,"place":5384,"uniqueZonesTaken":20,"region":{"name":"Västra Götaland","id":132}}}]