[{"medal":93,"time":"2021-12-20T11:42:36+0000","type":"medal","user":{"country":"se","medals":[52,12,33,127,93],"zones":[96785,63008,60289,60290,94514,1571,84677,221301,96778],"pointsPerHour":0,"points":17495,"blocktime":990,"taken":844,"name":"Anubis","totalPoints":215142,"rank":26,"id":326925,"place":5339,"uniqueZonesTaken":189,"region":{"name":"Stockholm","id":141}}},{"medal":127,"time":"2021-12-20T11:41:02+0000","type":"medal","user":{"country":"se","medals":[71,93,126,55,13,36,100,127],"zones":[1088,28770,97987,117895,153994,153995,153998,1229,115471,410665,153997,45047,45048,138136,92255],"pointsPerHour":0,"points":42115,"blocktime":1215,"taken":6805,"name":"leflef","totalPoints":1546685,"rank":41,"id":254611,"place":5339,"uniqueZonesTaken":280,"region":{"name":"Stockholm","id":141}}},{"medal":35,"time":"2021-12-20T11:40:45+0000","type":"medal","user":{"country":"se","medals":[52,90,13,94,7,35],"zones":[8225],"pointsPerHour":0,"points":2284,"blocktime":1065,"taken":2500,"name":"marper","totalPoints":403490,"rank":31,"id":176970,"place":5339,"uniqueZonesTaken":366,"region":{"name":"Stockholm","id":141}}}]