[{"medal":80,"time":"2023-04-17T08:49:31+0000","type":"medal","user":{"country":"se","medals":[84,80],"zones":[105298,69010,11447,184505,1117],"pointsPerHour":0,"points":565,"blocktime":10,"taken":6,"name":"TildeFällefors","totalPoints":565,"rank":2,"id":388618,"place":6458,"uniqueZonesTaken":6,"region":{"name":"Västra Götaland","id":132}}},{"medal":84,"time":"2023-04-17T08:48:03+0000","type":"medal","user":{"country":"se","medals":[84],"zones":[50229],"pointsPerHour":0,"points":881,"blocktime":10,"taken":5,"name":"UsainBolt69","totalPoints":881,"rank":3,"id":388628,"place":6458,"uniqueZonesTaken":5,"region":{"name":"Östergötland","id":139}}},{"medal":84,"time":"2023-04-17T08:46:41+0000","type":"medal","user":{"country":"se","medals":[80,84],"zones":[22849,236210,409523,11254,94122],"pointsPerHour":0,"points":687,"blocktime":10,"taken":5,"name":"Je163","totalPoints":687,"rank":2,"id":381989,"place":6458,"uniqueZonesTaken":5,"region":{"name":"Stockholm","id":141}}},{"medal":80,"time":"2023-04-17T08:46:41+0000","type":"medal","user":{"country":"se","medals":[80,84],"zones":[22849,236210,409523,11254,94122],"pointsPerHour":0,"points":687,"blocktime":10,"taken":5,"name":"Je163","totalPoints":687,"rank":2,"id":381989,"place":6458,"uniqueZonesTaken":5,"region":{"name":"Stockholm","id":141}}}]