[{"medal":53,"time":"2023-04-17T08:35:42+0000","type":"medal","user":{"country":"se","medals":[93,100,92,31,71,53],"zones":[433351,138950,23940,11783,313672,62669,114510,26065,26066,28179,26067,28180,29147,235420,531119,62313,355176,51570,6066,51571,6067,145398,8244,51575,51576,8249,51577,51578,475322,20541],"pointsPerHour":0,"points":7465,"blocktime":11,"taken":38,"name":"abcohlsson","totalPoints":7465,"rank":7,"id":388432,"place":6452,"uniqueZonesTaken":37,"region":{"name":"Jönköping","id":133}}},{"medal":84,"time":"2023-04-17T08:32:47+0000","type":"medal","user":{"country":"se","medals":[80,84],"zones":[1317,117272,361,11451,11453],"pointsPerHour":0,"points":389,"blocktime":10,"taken":5,"name":"tsac","totalPoints":389,"rank":1,"id":388620,"place":6452,"uniqueZonesTaken":5,"region":{"name":"Västra Götaland","id":132}}},{"medal":80,"time":"2023-04-17T08:32:47+0000","type":"medal","user":{"country":"se","medals":[80,84],"zones":[1317,117272,361,11451,11453],"pointsPerHour":0,"points":389,"blocktime":10,"taken":5,"name":"tsac","totalPoints":389,"rank":1,"id":388620,"place":6452,"uniqueZonesTaken":5,"region":{"name":"Västra Götaland","id":132}}},{"medal":42,"time":"2023-04-17T08:29:45+0000","type":"medal","user":{"country":"se","medals":[52,93,11,42],"zones":[37249,37250,515936,152264,167821,176754,174963,176755,174964,176314,558676,519803,7359],"pointsPerHour":0,"points":27201,"blocktime":13,"taken":250,"name":"MrsYellow","totalPoints":50400,"rank":15,"id":387363,"place":6452,"uniqueZonesTaken":56,"region":{"name":"Stockholm","id":141}}}]