[{"medal":84,"time":"2023-04-18T09:47:05+0000","type":"medal","user":{"country":"se","medals":[84],"zones":[27512,9481,14141],"pointsPerHour":0,"points":584,"blocktime":10,"taken":5,"name":"TLGHD","totalPoints":584,"rank":2,"id":389122,"place":6739,"uniqueZonesTaken":5,"region":{"name":"Västra Götaland","id":132}}},{"medal":80,"time":"2023-04-18T09:45:35+0000","type":"medal","user":{"country":"se","medals":[93,80,85],"zones":[136176,50227,50228,50231,27736],"pointsPerHour":0,"points":1563,"blocktime":11,"taken":10,"name":"churizard","totalPoints":1748,"rank":4,"id":317099,"place":6739,"uniqueZonesTaken":6,"region":{"name":"Östergötland","id":139}}},{"medal":85,"time":"2023-04-18T09:45:35+0000","type":"medal","user":{"country":"se","medals":[93,80,85],"zones":[136176,50227,50228,50231,27736],"pointsPerHour":0,"points":1563,"blocktime":11,"taken":10,"name":"churizard","totalPoints":1748,"rank":4,"id":317099,"place":6739,"uniqueZonesTaken":6,"region":{"name":"Östergötland","id":139}}},{"medal":93,"time":"2023-04-18T09:45:23+0000","type":"medal","user":{"country":"gb","medals":[93],"zones":[],"pointsPerHour":0,"points":185,"blocktime":10,"taken":1,"name":"Ivoryguy","totalPoints":185,"rank":0,"id":389138,"place":6739,"uniqueZonesTaken":1,"region":{"name":"North West England","id":201}}},{"medal":84,"time":"2023-04-18T09:44:46+0000","type":"medal","user":{"country":"se","medals":[84],"zones":[14199,424],"pointsPerHour":0,"points":558,"blocktime":10,"taken":5,"name":"KhulanAnna","totalPoints":558,"rank":2,"id":389083,"place":6739,"uniqueZonesTaken":5,"region":{"name":"Västra Götaland","id":132}}},{"medal":84,"time":"2023-04-18T09:43:08+0000","type":"medal","user":{"country":"se","medals":[80,84],"zones":[28247,95560,91034,11743],"pointsPerHour":0,"points":748,"blocktime":10,"taken":5,"name":"juliiiiiiii","totalPoints":748,"rank":3,"id":389115,"place":6738,"uniqueZonesTaken":5,"region":{"name":"Skåne","id":135}}},{"medal":80,"time":"2023-04-18T09:43:08+0000","type":"medal","user":{"country":"se","medals":[80,84],"zones":[28247,95560,91034,11743],"pointsPerHour":0,"points":748,"blocktime":10,"taken":5,"name":"juliiiiiiii","totalPoints":748,"rank":3,"id":389115,"place":6738,"uniqueZonesTaken":5,"region":{"name":"Skåne","id":135}}}]