[{"medal":100,"time":"2023-04-18T08:43:14+0000","type":"medal","user":{"country":"se","medals":[95,100],"zones":[],"pointsPerHour":0,"points":579,"blocktime":10,"taken":7,"name":"vega2","totalPoints":579,"rank":2,"id":389012,"place":6707,"uniqueZonesTaken":7,"region":{"name":"Västra Götaland","id":132}}},{"medal":84,"time":"2023-04-18T08:43:14+0000","type":"medal","user":{"country":"se","medals":[95,100,84],"zones":[21456,11447],"pointsPerHour":0,"points":636,"blocktime":10,"taken":7,"name":"2Ella","totalPoints":636,"rank":2,"id":389022,"place":6707,"uniqueZonesTaken":7,"region":{"name":"Västra Götaland","id":132}}},{"sender":{"country":"se","medals":[55,15,79,28,112,7,47,24,77,123,126,104,130,88],"zones":[14602,23662],"pointsPerHour":16,"points":46917,"blocktime":22,"taken":41185,"name":"carinn","totalPoints":4855572,"rank":49,"id":117795,"place":868,"uniqueZonesTaken":2163,"region":{"name":"Västmanland","id":143}},"time":"2023-04-18T08:42:59+0000","message":"ManUtd50: Det gör inget. Jag tänkte vara artig och vänta in dig","region":{"name":"Västmanland","id":143},"type":"chat"},{"sender":{"country":"se","medals":[67,70,16,24,22,9,48,72,24,79,24,77,66,26,24,17,116,83,57,117,27,24,50,24,17,4,24,111,24,124,126,17,119,17,132,24],"zones":[92224,5572,714,63691,5579,31949,31950,5582,92238,9679,31760,31761,97296,202388,337249,134630,22758,43494,26155,555174,9713,9714,13619,18677,8950,8310,79353,6843,44095,24191,63743],"pointsPerHour":215,"points":79178,"blocktime":24,"taken":119339,"name":"ManUtd50","totalPoints":15156371,"rank":58,"id":92949,"place":446,"uniqueZonesTaken":4198,"region":{"name":"Västmanland","id":143}},"time":"2023-04-18T08:42:09+0000","message":"carinn: dålig koll av mig🙈  sorry🤗","region":{"name":"Västmanland","id":143},"type":"chat"},{"medal":85,"time":"2023-04-18T08:41:39+0000","type":"medal","user":{"country":"se","medals":[51,85],"zones":[7184,66113,66112,95603,7205,95607,95560,7193,587,96682],"pointsPerHour":0,"points":1428,"blocktime":11,"taken":10,"name":"Dessan","totalPoints":1428,"rank":4,"id":388639,"place":6706,"uniqueZonesTaken":10,"region":{"name":"Skåne","id":135}}},{"medal":51,"time":"2023-04-18T08:41:39+0000","type":"medal","user":{"country":"se","medals":[51,85],"zones":[7184,66113,66112,95603,7205,95607,95560,7193,587,96682],"pointsPerHour":0,"points":1428,"blocktime":11,"taken":10,"name":"Dessan","totalPoints":1428,"rank":4,"id":388639,"place":6706,"uniqueZonesTaken":10,"region":{"name":"Skåne","id":135}}},{"sender":{"country":"se","medals":[55,15,79,28,112,7,47,24,77,123,126,104,130,88],"zones":[],"pointsPerHour":0,"points":46757,"blocktime":22,"taken":41183,"name":"carinn","totalPoints":4855412,"rank":49,"id":117795,"place":869,"uniqueZonesTaken":2163,"region":{"name":"Västmanland","id":143}},"time":"2023-04-18T08:40:49+0000","message":"ManUtd50: Aha! Du kör vidare. Då drar jag mot Björnön","region":{"name":"Västmanland","id":143},"type":"chat"},{"medal":80,"time":"2023-04-18T08:40:38+0000","type":"medal","user":{"country":"se","medals":[84,80],"zones":[176645,26712,7064,11450,21501],"pointsPerHour":0,"points":487,"blocktime":10,"taken":6,"name":"lilahanna","totalPoints":487,"rank":2,"id":389013,"place":6704,"uniqueZonesTaken":6,"region":{"name":"Västra Götaland","id":132}}},{"medal":93,"time":"2023-04-18T08:39:50+0000","type":"medal","user":{"country":"se","medals":[93],"zones":[],"pointsPerHour":0,"points":170,"blocktime":10,"taken":1,"name":"kuken12356","totalPoints":170,"rank":0,"id":389066,"place":6701,"uniqueZonesTaken":1,"region":{"name":"Östergötland","id":139}}},{"medal":93,"time":"2023-04-18T08:38:46+0000","type":"medal","user":{"country":"se","medals":[93],"zones":[],"pointsPerHour":0,"points":199,"blocktime":10,"taken":3,"name":"emily4","totalPoints":199,"rank":1,"id":389024,"place":6701,"uniqueZonesTaken":3,"region":{"name":"Västra Götaland","id":132}}}]