[{"sender":{"country":"se","medals":[16,10,55,70,5,64,47,71,6,13,4,98,40,104,131],"zones":[20720,2999],"pointsPerHour":12,"points":1288,"blocktime":21,"taken":23972,"name":"nokiakarin","totalPoints":3641183,"rank":47,"id":86233,"place":2502,"uniqueZonesTaken":374,"region":{"name":"Västerbotten","id":127}},"time":"2022-03-07T16:42:29+0000","message":"eplkurt: tack snälla för hjälp 😊","region":{"name":"Västerbotten","id":127},"type":"chat"},{"sender":{"country":"se","medals":[7,46,126,22,14,107,28,79,55,77,70,98,39,130],"zones":[59594,18028,93741],"pointsPerHour":14,"points":4130,"blocktime":21,"taken":18397,"name":"eplkurt","totalPoints":2537790,"rank":44,"id":32644,"place":1238,"uniqueZonesTaken":683,"region":{"name":"Västerbotten","id":127}},"time":"2022-03-07T16:41:51+0000","message":"Nokiakarin:tagen","region":{"name":"Västerbotten","id":127},"type":"chat"},{"sender":{"country":"se","medals":[4,16,67,9,17,24,26,70,49,24,17,24,8,65,60,64,69,21,30,68,45,24,17,27,24,25,91,79,77,24,29,17,83,24,113,24,17,116,24,72,68,17,24,124,126,89,121,108,75,24,68,17,131,24],"zones":[477575,318438,52836,138535,134213,42314,84653,42958,7694,96494,7697,204689,2900,33654,422768,2903,12119,51672,409214,114553,44570],"pointsPerHour":70,"points":11833,"blocktime":24,"taken":70182,"name":"stefanx46","totalPoints":12172976,"rank":56,"id":36563,"place":327,"uniqueZonesTaken":11929,"region":{"name":"Västerbotten","id":127}},"time":"2022-03-07T16:39:54+0000","message":"nokiakarin: eplkurt räddar dig 😍","region":{"name":"Västerbotten","id":127},"type":"chat"},{"sender":{"country":"se","medals":[16,70,47,4,67,24,5,64,17,72,66,79,77,15,17,22,89,126,108,56,123,115,17,130],"zones":[456707,111559,111561,203819,55627,16851,43731,16852,43732,34645,125751,177525,92090,2428],"pointsPerHour":65,"points":7472,"blocktime":23,"taken":68577,"name":"bjoker","totalPoints":9687084,"rank":55,"id":94674,"place":640,"uniqueZonesTaken":2035,"region":{"name":"Kalmar","id":137}},"time":"2022-03-07T16:38:44+0000","message":"Turfare i Västervik! After turf på onsdag på restaurang Rubinen kl 18. Nya som gamla turfare välkomna!🚴\u200d♂️🚴🏼\u200d♀️","region":{"name":"Kalmar","id":137},"type":"chat"},{"sender":{"country":"se","medals":[4,16,67,9,17,24,26,70,49,24,17,24,8,65,60,64,69,21,30,68,45,24,17,27,24,25,91,79,77,24,29,17,83,24,113,24,17,116,24,72,68,17,24,124,126,89,121,108,75,24,68,17,131,24],"zones":[477575,318438,52836,138535,134213,42314,84653,42958,7694,96494,7697,204689,2900,33654,422768,2903,12119,51672,409214,114553,44570],"pointsPerHour":70,"points":11831,"blocktime":24,"taken":70182,"name":"stefanx46","totalPoints":12172973,"rank":56,"id":36563,"place":327,"uniqueZonesTaken":11929,"region":{"name":"Västerbotten","id":127}},"time":"2022-03-07T16:38:02+0000","message":"eplkurt: ta gärna särskrivning zonen!","region":{"name":"Västerbotten","id":127},"type":"chat"}]