[{"medal":84,"time":"2022-03-08T08:17:46+0000","type":"medal","user":{"country":"gb","medals":[84],"zones":[323138],"pointsPerHour":0,"points":847,"blocktime":10,"taken":5,"name":"JoeWho?","totalPoints":847,"rank":3,"id":356175,"place":4430,"uniqueZonesTaken":5,"region":{"name":"Scotland","id":200}}},{"medal":77,"time":"2022-03-08T08:14:46+0000","type":"medal","user":{"country":"se","medals":[51,93,32,12,79,77],"zones":[11665,1607,37130,475,1564],"pointsPerHour":0,"points":2921,"blocktime":13,"taken":212,"name":"Moliso","totalPoints":23032,"rank":12,"id":355633,"place":4428,"uniqueZonesTaken":100,"region":{"name":"Uppsala","id":142}}},{"medal":95,"time":"2022-03-08T08:05:04+0000","type":"medal","user":{"country":"se","medals":[92,51,31,95],"zones":[],"pointsPerHour":0,"points":2338,"blocktime":11,"taken":37,"name":"Kleppari","totalPoints":6141,"rank":7,"id":355935,"place":4425,"uniqueZonesTaken":21,"region":{"name":"Västmanland","id":143}}},{"medal":95,"time":"2022-03-08T08:05:04+0000","type":"medal","user":{"country":"se","medals":[85,80,95],"zones":[119718],"pointsPerHour":0,"points":1383,"blocktime":11,"taken":14,"name":"Pyrex87","totalPoints":1383,"rank":4,"id":355948,"place":4425,"uniqueZonesTaken":8,"region":{"name":"Västmanland","id":143}}},{"medal":95,"time":"2022-03-08T08:05:04+0000","type":"medal","user":{"country":"se","medals":[80,85,95],"zones":[17554,31765,33771],"pointsPerHour":0,"points":1946,"blocktime":11,"taken":19,"name":"Anna1981","totalPoints":2361,"rank":5,"id":355411,"place":4425,"uniqueZonesTaken":13,"region":{"name":"Västmanland","id":143}}}]