[{"medal":85,"time":"2022-05-17T11:06:15+0000","type":"medal","user":{"country":"se","medals":[51,85,10],"zones":[320869,27842,95539,1364,28341,139396,34086,212778,135784,17900],"pointsPerHour":0,"points":1183,"blocktime":10,"taken":10,"name":"Filipohl","totalPoints":1183,"rank":3,"id":364026,"place":7852,"uniqueZonesTaken":10,"region":{"name":"Skåne","id":135}}},{"medal":10,"time":"2022-05-17T11:06:15+0000","type":"medal","user":{"country":"se","medals":[51,85,10],"zones":[320869,27842,95539,1364,28341,139396,34086,212778,135784,17900],"pointsPerHour":0,"points":1183,"blocktime":10,"taken":10,"name":"Filipohl","totalPoints":1183,"rank":3,"id":364026,"place":7852,"uniqueZonesTaken":10,"region":{"name":"Skåne","id":135}}},{"medal":51,"time":"2022-05-17T11:06:15+0000","type":"medal","user":{"country":"se","medals":[51,85,10],"zones":[320869,27842,95539,1364,28341,139396,34086,212778,135784,17900],"pointsPerHour":0,"points":1183,"blocktime":10,"taken":10,"name":"Filipohl","totalPoints":1183,"rank":3,"id":364026,"place":7852,"uniqueZonesTaken":10,"region":{"name":"Skåne","id":135}}},{"medal":84,"time":"2022-05-17T11:04:23+0000","type":"medal","user":{"country":"se","medals":[93,84],"zones":[92107],"pointsPerHour":0,"points":811,"blocktime":10,"taken":5,"name":"Bajskorv2011","totalPoints":811,"rank":3,"id":362727,"place":7852,"uniqueZonesTaken":3,"region":{"name":"Jämtland","id":128}}},{"medal":85,"time":"2022-05-17T11:01:45+0000","type":"medal","user":{"country":"se","medals":[51,85],"zones":[27057,223809,223808,154215,154023,154805,154024,27290,20715,20716],"pointsPerHour":0,"points":2092,"blocktime":11,"taken":10,"name":"Hahadam","totalPoints":2092,"rank":5,"id":363096,"place":7852,"uniqueZonesTaken":10,"region":{"name":"Stockholm","id":141}}},{"medal":51,"time":"2022-05-17T11:01:45+0000","type":"medal","user":{"country":"se","medals":[51,85],"zones":[27057,223809,223808,154215,154023,154805,154024,27290,20715,20716],"pointsPerHour":0,"points":2092,"blocktime":11,"taken":10,"name":"Hahadam","totalPoints":2092,"rank":5,"id":363096,"place":7852,"uniqueZonesTaken":10,"region":{"name":"Stockholm","id":141}}}]