[{"medal":28,"time":"2022-05-17T12:02:42+0000","type":"medal","user":{"country":"se","medals":[32,92,4,51,28],"zones":[11971,11972,20532,20533,204053,76662,235930,139048,47883,110540],"pointsPerHour":0,"points":5048,"blocktime":13,"taken":223,"name":"Nytjärn","totalPoints":44363,"rank":15,"id":44385,"place":7861,"uniqueZonesTaken":31,"region":{"name":"Jönköping","id":133}}},{"medal":32,"time":"2022-05-17T12:02:36+0000","type":"medal","user":{"country":"se","medals":[92,51,90,32],"zones":[70085,22853,17574,128590,20912,409330,409329,11929,11930,136345,2940,70110],"pointsPerHour":0,"points":3876,"blocktime":12,"taken":100,"name":"Arla1972","totalPoints":21860,"rank":11,"id":353574,"place":7861,"uniqueZonesTaken":22,"region":{"name":"Östergötland","id":139}}},{"country":"se","sender":{"country":"se","medals":[77,79,4,67,24,112,8,70,16,72,15,27,7,24,58,123,126,5,21,75,108,37],"zones":[136368,7053,221164],"pointsPerHour":6,"points":27471,"blocktime":20,"taken":8136,"name":"mrcoolwhat31","totalPoints":1465277,"rank":40,"id":237480,"place":1650,"uniqueZonesTaken":2047,"region":{"name":"Västra Götaland","id":132}},"time":"2022-05-17T11:58:30+0000","message":"mrcoolwhat31: gg","type":"chat"}]