[{"medal":92,"time":"2022-05-16T14:40:37+0000","type":"medal","user":{"country":"se","medals":[85,51,92],"zones":[1888,28353,17844,21333,17847,17639,17640,7193,464906,7215],"pointsPerHour":0,"points":3512,"blocktime":11,"taken":20,"name":"Xmom","totalPoints":3512,"rank":6,"id":362364,"place":7741,"uniqueZonesTaken":15,"region":{"name":"Skåne","id":135}}},{"medal":51,"time":"2022-05-16T14:40:37+0000","type":"medal","user":{"country":"se","medals":[85,51,92],"zones":[1888,28353,17844,21333,17847,17639,17640,7193,464906,7215],"pointsPerHour":0,"points":3512,"blocktime":11,"taken":20,"name":"Xmom","totalPoints":3512,"rank":6,"id":362364,"place":7741,"uniqueZonesTaken":15,"region":{"name":"Skåne","id":135}}},{"medal":85,"time":"2022-05-16T14:39:49+0000","type":"medal","user":{"country":"se","medals":[93,85],"zones":[20642,278615,2420,20645],"pointsPerHour":0,"points":558,"blocktime":11,"taken":10,"name":"Hikmet73bfmno","totalPoints":1560,"rank":4,"id":345202,"place":7741,"uniqueZonesTaken":7,"region":{"name":"Stockholm","id":141}}}]