[{"sender":{"country":"se","medals":[79,4,6,16,24,99,58,68,70,72,122,126,105,14,75,39],"zones":[29152,141475,65605,119719,14411,217999,17198,135762,16051,138102,128665,114874],"pointsPerHour":37,"points":18997,"blocktime":21,"taken":16058,"name":"BrutalBarthel","totalPoints":3040981,"rank":46,"id":186189,"place":337,"uniqueZonesTaken":524,"region":{"name":"Värmland","id":130}},"time":"2022-05-03T16:29:55+0000","message":"Sagarmatha: grattis kung till 100000 takes😎","region":{"name":"Värmland","id":130},"type":"chat"},{"sender":{"country":"uk","medals":[16,79,122,14,60,47,5,36,128,72,93],"zones":[345668,392135,345665,318722,323020,345676,324365,323023,138252,479191,62613,345683,381279,381273,381274,323238,322990,62829,62831,323380,322997,322999,322992,484351,484350,345663,318334,484347,323000,323001,323002,323003],"pointsPerHour":32,"points":8098,"blocktime":21,"taken":6482,"name":"Finnerswinners","totalPoints":2542239,"rank":44,"id":303063,"place":1103,"uniqueZonesTaken":752,"region":{"name":"Scotland","id":200}},"time":"2022-05-03T16:29:45+0000","message":"EdgarP: So true!","region":{"name":"Scotland","id":200},"type":"chat"},{"sender":{"country":"se","medals":[16,126,22,28,94,70,58,27,4,122,14,7,67,5,102,79,129,40,48],"zones":[91714,35913,78440,96362,28239,11311,413526,119216,22227,38233,7545,94811,15354],"pointsPerHour":30,"points":50617,"blocktime":22,"taken":24216,"name":"FlygarAlex","totalPoints":6086245,"rank":51,"id":256903,"place":25,"uniqueZonesTaken":916,"region":{"name":"Stockholm","id":141}},"time":"2022-05-03T16:28:31+0000","message":"Nysättra-Åke .. bra kämpat !!","region":{"name":"Stockholm","id":141},"type":"chat"},{"medal":84,"time":"2022-05-03T16:28:21+0000","type":"medal","user":{"country":"gb","medals":[80,84],"zones":[340967,340567,340566,340569,340568],"pointsPerHour":0,"points":1182,"blocktime":10,"taken":5,"name":"SPH_IaT","totalPoints":1182,"rank":3,"id":360731,"place":4697,"uniqueZonesTaken":5,"region":{"name":"Scotland","id":200}}},{"medal":80,"time":"2022-05-03T16:28:21+0000","type":"medal","user":{"country":"gb","medals":[80,84],"zones":[340967,340567,340566,340569,340568],"pointsPerHour":0,"points":1182,"blocktime":10,"taken":5,"name":"SPH_IaT","totalPoints":1182,"rank":3,"id":360731,"place":4697,"uniqueZonesTaken":5,"region":{"name":"Scotland","id":200}}},{"medal":86,"time":"2022-05-03T16:28:08+0000","type":"medal","user":{"country":"se","medals":[92,53,28,86],"zones":[43393,5315,21091,21321,94062,21488,21073,11697,21877,41853,41854,20158,20159],"pointsPerHour":0,"points":1822,"blocktime":12,"taken":50,"name":"Lukkepuke","totalPoints":9011,"rank":8,"id":323495,"place":4697,"uniqueZonesTaken":38,"region":{"name":"Örebro","id":131}}},{"medal":11,"time":"2022-05-03T16:26:38+0000","type":"medal","user":{"country":"se","medals":[93,90,32,52,11],"zones":[865,224512,835,95079,43144,43146,12812,26319,26320,484151,139440,26322,11347,146225,208758,152023,50582,15958,16951,23224,23225,319160,484152],"pointsPerHour":0,"points":5337,"blocktime":13,"taken":113,"name":"Porterstek","totalPoints":22935,"rank":12,"id":358060,"place":4697,"uniqueZonesTaken":50,"region":{"name":"Västra Götaland","id":132}}},{"sender":{"country":"se","medals":[11,53,4,33,10,16],"zones":[31360,139458,31361,31362,31363,328321,176326,154309,91855,494101,50134,50135,50136,50335,428900,189669,153640,116079,220845,220844,43123,221877,316668,94904,94141,94140,90367,31359],"pointsPerHour":39,"points":12581,"blocktime":16,"taken":718,"name":"Bolero57","totalPoints":194718,"rank":25,"id":28783,"place":653,"uniqueZonesTaken":95,"region":{"name":"Västra Götaland","id":132}},"time":"2022-05-03T16:25:36+0000","message":"Rooffiddler: Försöker töra på mig mer och då fungerar cykrl+turf.","region":{"name":"Västra Götaland","id":132},"type":"chat"}]