[{"sender":{"country":"uk","medals":[16,79,27,7,57,77,127,13,34,93],"zones":[492801,393934,393935,393932,393933,360471,360727,360342,393938,393939,492799,360729],"pointsPerHour":12,"points":3159,"blocktime":19,"taken":1206,"name":"Newcomer","totalPoints":803414,"rank":36,"id":304723,"place":2236,"uniqueZonesTaken":397,"region":{"name":"South East England","id":205}},"time":"2022-05-03T17:45:57+0000","message":"Fozzie, congratulations with league 2","region":{"name":"South East England","id":205},"type":"chat"},{"sender":{"country":"uk","medals":[16,79,27,7,57,77,127,13,34,93],"zones":[492801,393934,393935,393932,393933,360471,360727,360342,393938,393939,492799,360729],"pointsPerHour":12,"points":3159,"blocktime":19,"taken":1206,"name":"Newcomer","totalPoints":803414,"rank":36,"id":304723,"place":2235,"uniqueZonesTaken":397,"region":{"name":"South East England","id":205}},"time":"2022-05-03T17:45:37+0000","message":"My second attempt to post a message here.","region":{"name":"South East England","id":205},"type":"chat"},{"sender":{"country":"se","medals":[17,5,24,24,79,24,16,77,70,17,116,117,107,57,17,72,47,66,24,123,24,126,89,24,74,4,17,131],"zones":[138496,80707,122469,37733,152260,93766,152261,31912,32397,35981,35982,270,35983,35984,35985,25393,35986,114485,481648,220376,57083,18588],"pointsPerHour":66,"points":14780,"blocktime":23,"taken":61520,"name":"BoggieXL","totalPoints":10369990,"rank":55,"id":25775,"place":548,"uniqueZonesTaken":5775,"region":{"name":"Stockholm","id":141}},"time":"2022-05-03T17:44:39+0000","message":"Cyckeltanten81 Varför spökturfar du?","region":{"name":"Stockholm","id":141},"type":"chat"},{"medal":51,"time":"2022-05-03T17:44:18+0000","type":"medal","user":{"country":"uk","medals":[93,85,51],"zones":[328007,217990,44648,329855,329854,42540,14702,350074,14703,14687],"pointsPerHour":0,"points":2014,"blocktime":11,"taken":20,"name":"Takahe","totalPoints":3914,"rank":6,"id":360055,"place":4736,"uniqueZonesTaken":13,"region":{"name":"Scotland","id":200}}},{"medal":93,"time":"2022-05-03T17:34:30+0000","type":"medal","user":{"country":"se","medals":[93],"zones":[28340],"pointsPerHour":0,"points":250,"blocktime":10,"taken":2,"name":"Moqi","totalPoints":250,"rank":1,"id":360805,"place":4730,"uniqueZonesTaken":2,"region":{"name":"Skåne","id":135}}}]