[{"sender":{"country":"se","medals":[67,16,70,77,22,83,27,7,48,72,79,57,117,14,95,122,126,89,104,131],"zones":[96337,50199,46778,50205,12382],"pointsPerHour":14,"points":8311,"blocktime":23,"taken":61915,"name":"Martahari","totalPoints":9310573,"rank":54,"id":143551,"place":1065,"uniqueZonesTaken":653,"region":{"name":"Östergötland","id":139}},"time":"2022-05-03T16:00:24+0000","message":"Är det någon Turfträff idag????","region":{"name":"Östergötland","id":139},"type":"chat"},{"sender":{"country":"se","medals":[67,28,58,79,4,24,16,47,70,50,24,112,22,30,5,64,91,123,126,106,129,88],"zones":[11489,204385,94983,24390,411823,24761,29706,465836,481228,10383],"pointsPerHour":30,"points":11666,"blocktime":23,"taken":40777,"name":"Vuolleriebme","totalPoints":8281920,"rank":54,"id":166514,"place":715,"uniqueZonesTaken":4653,"region":{"name":"Västra Götaland","id":132}},"time":"2022-05-03T16:00:19+0000","message":"Kronvrak:  välkommen till Eklanda😀","region":{"name":"Västra Götaland","id":132},"type":"chat"},{"sender":{"country":"se","medals":[22,16,70,67,27,82,77,4,79,28,68,66,83,123,48,50,64,126,98,106,127,73,68],"zones":[485831,31364,141638,31365,31366,31367,31368,176329,142159,156434,179411,494100,142161,494098,108698,393252,153638,393250,393251,180644,153637,133352,209448,176750,221876,138869,189562,189563,189560,94906,296127,46462],"pointsPerHour":35,"points":10149,"blocktime":24,"taken":33266,"name":"Rooffiddler","totalPoints":13476894,"rank":57,"id":188291,"place":869,"uniqueZonesTaken":3582,"region":{"name":"Västra Götaland","id":132}},"time":"2022-05-03T15:59:25+0000","message":"Bolero57: Ser lite bättre ut men en bit kvar att komma ur utkastningsplats. Väntar på delar till rätta cykeln 😉 Tar Bengan nån dag.","region":{"name":"Västra Götaland","id":132},"type":"chat"},{"sender":{"country":"se","medals":[67,5,16,24,117,70,126,72,98,24,48,14,78,24,123,105,4,24,39,7,58,129],"zones":[19328,17857,74404,5257,17866,24236,5264,92272,62322,947,406736,19321,42682,19325],"pointsPerHour":53,"points":20778,"blocktime":21,"taken":18845,"name":"Podde","totalPoints":3111944,"rank":46,"id":231293,"place":278,"uniqueZonesTaken":964,"region":{"name":"Kronoberg","id":147}},"time":"2022-05-03T15:57:21+0000","message":"Calmare1: Jaså! Lycka till!","region":{"name":"Kalmar","id":137},"type":"chat"},{"medal":85,"time":"2022-05-03T15:56:25+0000","type":"medal","user":{"country":"uk","medals":[80,85],"zones":[318900,476487,15152,389284,318151,169172,169173],"pointsPerHour":0,"points":1620,"blocktime":11,"taken":10,"name":"vetlet","totalPoints":1886,"rank":4,"id":359969,"place":4681,"uniqueZonesTaken":9,"region":{"name":"Scotland","id":200}}},{"sender":{"country":"se","medals":[11,53,4,33,10,16],"zones":[31360,139458,31361,31362,31363,328321,176326,154309,91855,494101,50134,50135,50136,50335,428900,189669,153640,116079,220845,220844,43123,221877,316668,94904,94141,94140,90367,31359],"pointsPerHour":39,"points":12561,"blocktime":16,"taken":718,"name":"Bolero57","totalPoints":194698,"rank":25,"id":28783,"place":648,"uniqueZonesTaken":95,"region":{"name":"Västra Götaland","id":132}},"time":"2022-05-03T15:55:34+0000","message":"rooffiddler: nu har du fått upp farten.","region":{"name":"Västra Götaland","id":132},"type":"chat"}]