[{"country":"jp","sender":{"country":"jp","medals":[5,16,70,4,67,48,21,26,27,72,30,58,91,77,79,17,115,117,122,17,106,129,89,74,68,68],"zones":[374039,374038,374041,204430,374040,281882,374043,374042],"pointsPerHour":9,"points":1972,"blocktime":23,"taken":50601,"name":"svenlutte","totalPoints":7323654,"rank":53,"id":62695,"place":1492,"uniqueZonesTaken":5116,"region":{"name":"Kyūshū Okinawa","id":397}},"time":"2022-05-02T04:05:43+0000","message":"Will stay in JP until early June. Will it be possible to add new turfers during the month of May?","type":"chat"}]