[{"zone":{"previousOwner":{"name":"ElsieSpanner","id":309195},"dateCreated":"2020-09-17T14:30:00+0000","dateLastTaken":"2021-08-22T21:27:14+0000","latitude":55.925078,"currentOwner":{"name":"féarglas","id":280861},"name":"BankJobWatch","id":329451,"totalTakeovers":1093,"region":{"country":"gb","name":"Scotland","id":200},"pointsPerHour":4,"longitude":-3.209375,"takeoverPoints":140},"latitude":55.925078,"currentOwner":{"name":"féarglas","id":280861},"time":"2021-08-22T21:27:14+0000","type":"takeover","longitude":-3.209375},{"zone":{"previousOwner":{"name":"JoanT","id":255485},"dateCreated":"2015-04-11T14:00:00+0000","dateLastTaken":"2021-08-22T21:27:10+0000","latitude":61.346147,"currentOwner":{"name":"speedfox","id":299927},"name":"OldenGate","id":48088,"totalTakeovers":1938,"region":{"country":"se","name":"Gävleborg","id":144},"pointsPerHour":4,"longitude":16.37411,"takeoverPoints":140},"latitude":61.346147,"currentOwner":{"name":"speedfox","id":299927},"time":"2021-08-22T21:27:10+0000","type":"takeover","longitude":16.37411},{"zone":{"previousOwner":{"name":"clofen","id":155343},"dateLastTaken":"2021-08-22T21:27:05+0000","latitude":57.105838,"totalTakeovers":5705,"pointsPerHour":5,"takeoverPoints":125,"dateCreated":"2011-12-06T12:03:39+0000","currentOwner":{"name":"Newbeetle","id":277246},"name":"VarbergGraves","id":5334,"region":{"country":"se","name":"Halland","id":134},"longitude":12.255452},"latitude":57.105838,"currentOwner":{"name":"Newbeetle","id":277246},"time":"2021-08-22T21:27:05+0000","type":"takeover","longitude":12.255452},{"zone":{"previousOwner":{"name":"Jonte67","id":284492},"dateCreated":"2017-07-01T07:30:00+0000","dateLastTaken":"2021-08-22T21:26:59+0000","latitude":55.58916,"currentOwner":{"name":"Király","id":169417},"name":"Trollnäsan","id":111882,"totalTakeovers":3169,"region":{"country":"se","name":"Skåne","id":135},"pointsPerHour":5,"longitude":12.961475,"takeoverPoints":125},"latitude":55.58916,"currentOwner":{"name":"Király","id":169417},"time":"2021-08-22T21:26:59+0000","type":"takeover","longitude":12.961475},{"zone":{"previousOwner":{"name":"cykelgubben","id":257832},"dateLastTaken":"2021-08-22T21:26:58+0000","latitude":63.89833,"totalTakeovers":1134,"pointsPerHour":6,"takeoverPoints":110,"dateCreated":"2020-09-30T22:00:00+0000","currentOwner":{"name":"Bont","id":90307},"name":"Kannibalkanon","id":340133,"region":{"country":"se","name":"Västerbotten","id":127},"longitude":20.550008},"latitude":63.89833,"currentOwner":{"name":"Bont","id":90307},"time":"2021-08-22T21:26:58+0000","type":"takeover","longitude":20.550008},{"zone":{"previousOwner":{"name":"kelih","id":303667},"dateCreated":"2021-07-10T05:54:52+0000","dateLastTaken":"2021-08-22T21:26:46+0000","latitude":44.950415,"currentOwner":{"name":"DragonFires","id":337055},"name":"TheAlps","id":429812,"totalTakeovers":38,"region":{"country":"us","name":"Minnesota","id":405},"pointsPerHour":1,"longitude":-93.249302,"takeoverPoints":185},"latitude":44.950415,"currentOwner":{"name":"DragonFires","id":337055},"time":"2021-08-22T21:26:46+0000","type":"takeover","longitude":-93.249302},{"zone":{"previousOwner":{"name":"NixQ2","id":76139},"dateCreated":"2014-05-16T21:49:52+0000","dateLastTaken":"2021-08-22T21:26:36+0000","latitude":67.134887,"currentOwner":{"name":"Nrgve","id":143951},"name":"Sjökanten","id":29345,"totalTakeovers":5090,"region":{"country":"se","name":"Norrbotten","id":126},"pointsPerHour":4,"longitude":20.670889,"takeoverPoints":140},"latitude":67.134887,"currentOwner":{"name":"Nrgve","id":143951},"time":"2021-08-22T21:26:36+0000","type":"takeover","longitude":20.670889},{"zone":{"previousOwner":{"name":"JENZA","id":105530},"dateCreated":"2016-12-14T06:00:00+0000","dateLastTaken":"2021-08-22T21:26:32+0000","latitude":59.368231,"currentOwner":{"name":"topten","id":17328},"name":"Solhästar","id":91979,"totalTakeovers":2167,"region":{"country":"se","name":"Stockholm","id":141},"pointsPerHour":5,"longitude":17.932678,"takeoverPoints":125},"latitude":59.368231,"currentOwner":{"name":"topten","id":17328},"time":"2021-08-22T21:26:32+0000","type":"takeover","longitude":17.932678},{"zone":{"previousOwner":{"name":"silludden","id":63445},"dateCreated":"2014-08-23T22:50:12+0000","dateLastTaken":"2021-08-22T21:26:25+0000","latitude":55.703911,"currentOwner":{"name":"KPD","id":34508},"name":"SaintPeter","id":33742,"totalTakeovers":15004,"region":{"country":"se","name":"Skåne","id":135},"pointsPerHour":7,"longitude":13.184757,"takeoverPoints":95},"latitude":55.703911,"currentOwner":{"name":"KPD","id":34508},"time":"2021-08-22T21:26:25+0000","type":"takeover","longitude":13.184757},{"zone":{"previousOwner":{"name":"Boinkaboinka","id":133017},"dateCreated":"2011-08-08T18:32:37+0000","dateLastTaken":"2021-08-22T21:26:21+0000","latitude":59.854415,"currentOwner":{"name":"tilverturf","id":166033},"name":"Svintorget","id":2560,"totalTakeovers":27809,"region":{"country":"se","name":"Uppsala","id":142},"pointsPerHour":9,"longitude":17.64759,"takeoverPoints":65},"latitude":59.854415,"currentOwner":{"name":"tilverturf","id":166033},"time":"2021-08-22T21:26:21+0000","type":"takeover","longitude":17.64759},{"zone":{"previousOwner":{"name":"JoanT","id":255485},"dateCreated":"2015-04-11T14:00:00+0000","dateLastTaken":"2021-08-22T21:26:00+0000","latitude":61.347335,"currentOwner":{"name":"speedfox","id":299927},"name":"DirtyCreek","id":48087,"totalTakeovers":2868,"region":{"country":"se","name":"Gävleborg","id":144},"pointsPerHour":4,"longitude":16.377574,"takeoverPoints":140},"latitude":61.347335,"currentOwner":{"name":"speedfox","id":299927},"time":"2021-08-22T21:26:00+0000","type":"takeover","longitude":16.377574},{"zone":{"previousOwner":{"name":"tynnered","id":105908},"dateCreated":"2014-09-08T20:50:00+0000","dateLastTaken":"2021-08-22T21:25:52+0000","latitude":59.382654,"currentOwner":{"name":"blur","id":305387},"name":"Våxnäspark","id":34908,"totalTakeovers":15917,"region":{"country":"se","name":"Värmland","id":130},"pointsPerHour":7,"longitude":13.492532,"takeoverPoints":95},"latitude":59.382654,"currentOwner":{"name":"blur","id":305387},"time":"2021-08-22T21:25:52+0000","type":"takeover","longitude":13.492532},{"zone":{"previousOwner":{"name":"Hodge","id":282118},"dateCreated":"2021-02-28T07:00:00+0000","dateLastTaken":"2021-08-22T21:25:51+0000","latitude":55.846467,"currentOwner":{"name":"SparseRunner","id":310547},"name":"TravelatorCnr","id":388666,"totalTakeovers":174,"region":{"country":"gb","name":"Scotland","id":200},"pointsPerHour":1,"longitude":-3.203217,"takeoverPoints":185},"latitude":55.846467,"currentOwner":{"name":"SparseRunner","id":310547},"time":"2021-08-22T21:25:51+0000","type":"takeover","longitude":-3.203217},{"zone":{"previousOwner":{"name":"MrMagoo","id":259703},"dateCreated":"2017-10-15T18:31:34+0000","dateLastTaken":"2021-08-22T21:25:39+0000","latitude":59.401157,"currentOwner":{"name":"MrMagoo","id":259703},"name":"SideEffects","id":134959,"totalTakeovers":960,"region":{"country":"se","name":"Stockholm","id":141},"pointsPerHour":4,"longitude":18.344243,"takeoverPoints":140},"latitude":59.401157,"currentOwner":{"name":"MrMagoo","id":259703},"time":"2021-08-22T21:25:39+0000","type":"takeover","longitude":18.344243},{"zone":{"previousOwner":{"name":"grock","id":189790},"dateCreated":"2012-04-02T21:22:25+0000","dateLastTaken":"2021-08-22T21:25:26+0000","latitude":65.583279,"currentOwner":{"name":"grock","id":189790},"name":"HuntersTrack","id":7900,"totalTakeovers":2254,"region":{"country":"se","name":"Norrbotten","id":126},"pointsPerHour":4,"longitude":22.215502,"takeoverPoints":140},"latitude":65.583279,"currentOwner":{"name":"grock","id":189790},"time":"2021-08-22T21:25:26+0000","type":"takeover","longitude":22.215502},{"zone":{"previousOwner":{"name":"Wheelstream","id":40570},"dateCreated":"2014-07-31T21:56:18+0000","dateLastTaken":"2021-08-22T21:25:23+0000","latitude":60.680318,"currentOwner":{"name":"cyklisteva","id":144274},"name":"BigEsplanade","id":33178,"totalTakeovers":10087,"region":{"country":"se","name":"Gävleborg","id":144},"pointsPerHour":6,"longitude":17.142543,"takeoverPoints":110},"latitude":60.680318,"currentOwner":{"name":"cyklisteva","id":144274},"time":"2021-08-22T21:25:23+0000","type":"takeover","longitude":17.142543},{"zone":{"previousOwner":{"name":"stinabus","id":93156},"dateCreated":"2018-10-21T16:03:09+0000","dateLastTaken":"2021-08-22T21:25:17+0000","latitude":58.195362,"currentOwner":{"name":"lhcper","id":2733},"name":"ÅtvidGolf","id":176518,"totalTakeovers":90,"region":{"country":"se","name":"Östergötland","id":139},"pointsPerHour":2,"longitude":15.977962,"takeoverPoints":170},"latitude":58.195362,"currentOwner":{"name":"lhcper","id":2733},"time":"2021-08-22T21:25:17+0000","type":"takeover","longitude":15.977962},{"zone":{"previousOwner":{"name":"NixQ2","id":76139},"dateCreated":"2011-04-28T12:36:38+0000","dateLastTaken":"2021-08-22T21:25:14+0000","latitude":67.137079,"currentOwner":{"name":"Nrgve","id":143951},"name":"PoppyZone","id":1640,"totalTakeovers":4128,"region":{"country":"se","name":"Norrbotten","id":126},"pointsPerHour":3,"longitude":20.672705,"takeoverPoints":155},"latitude":67.137079,"currentOwner":{"name":"Nrgve","id":143951},"time":"2021-08-22T21:25:14+0000","type":"takeover","longitude":20.672705},{"zone":{"previousOwner":{"name":"Jonte67","id":284492},"dateCreated":"2017-11-22T18:43:36+0000","dateLastTaken":"2021-08-22T21:25:07+0000","latitude":55.592627,"currentOwner":{"name":"Király","id":169417},"name":"Malmöstjärnor","id":138507,"totalTakeovers":2615,"region":{"country":"se","name":"Skåne","id":135},"pointsPerHour":5,"longitude":12.964863,"takeoverPoints":125},"latitude":55.592627,"currentOwner":{"name":"Király","id":169417},"time":"2021-08-22T21:25:07+0000","type":"takeover","longitude":12.964863},{"zone":{"previousOwner":{"name":"JoasK","id":303577},"dateCreated":"2021-03-03T08:22:48+0000","dateLastTaken":"2021-08-22T21:25:06+0000","latitude":50.786472,"currentOwner":{"name":"JoasK","id":303577},"name":"LeinpfadRhen","id":389184,"totalTakeovers":35,"region":{"country":"de","name":"Nordrhein-Westfalen","id":445},"pointsPerHour":1,"longitude":7.031726,"takeoverPoints":185},"latitude":50.786472,"currentOwner":{"name":"JoasK","id":303577},"time":"2021-08-22T21:25:06+0000","type":"takeover","longitude":7.031726},{"zone":{"previousOwner":{"name":"evalin","id":120753},"dateCreated":"2017-07-15T18:27:09+0000","dateLastTaken":"2021-08-22T21:25:04+0000","latitude":63.179819,"currentOwner":{"name":"Stålblå","id":300091},"name":"TillZkogs","id":114939,"totalTakeovers":467,"region":{"country":"se","name":"Jämtland","id":128},"pointsPerHour":3,"longitude":14.68483,"takeoverPoints":155},"latitude":63.179819,"currentOwner":{"name":"Stålblå","id":300091},"time":"2021-08-22T21:25:04+0000","type":"takeover","longitude":14.68483},{"zone":{"previousOwner":{"name":"JoanT","id":255485},"dateCreated":"2014-05-31T19:02:30+0000","dateLastTaken":"2021-08-22T21:24:49+0000","latitude":61.348857,"currentOwner":{"name":"speedfox","id":299927},"name":"OldHospitalet","id":30911,"totalTakeovers":2918,"region":{"country":"se","name":"Gävleborg","id":144},"pointsPerHour":4,"longitude":16.376225,"takeoverPoints":140},"latitude":61.348857,"currentOwner":{"name":"speedfox","id":299927},"time":"2021-08-22T21:24:49+0000","type":"takeover","longitude":16.376225},{"zone":{"previousOwner":{"name":"Boinkaboinka","id":133017},"dateCreated":"2014-09-25T16:00:00+0000","dateLastTaken":"2021-08-22T21:24:46+0000","latitude":59.854621,"currentOwner":{"name":"tilverturf","id":166033},"name":"CoffeeZone","id":37126,"totalTakeovers":15990,"region":{"country":"se","name":"Uppsala","id":142},"pointsPerHour":8,"longitude":17.651573,"takeoverPoints":80},"latitude":59.854621,"currentOwner":{"name":"tilverturf","id":166033},"time":"2021-08-22T21:24:46+0000","type":"takeover","longitude":17.651573},{"zone":{"previousOwner":{"name":"clofen","id":155343},"dateCreated":"2013-09-21T08:37:59+0000","dateLastTaken":"2021-08-22T21:24:45+0000","latitude":57.106988,"currentOwner":{"name":"Newbeetle","id":277246},"name":"EngelskaPark","id":21791,"totalTakeovers":9124,"region":{"country":"se","name":"Halland","id":134},"pointsPerHour":8,"longitude":12.247575,"takeoverPoints":80},"latitude":57.106988,"currentOwner":{"name":"Newbeetle","id":277246},"time":"2021-08-22T21:24:45+0000","type":"takeover","longitude":12.247575},{"zone":{"previousOwner":{"name":"cykelgubben","id":257832},"dateLastTaken":"2021-08-22T21:24:28+0000","latitude":63.905393,"totalTakeovers":2624,"pointsPerHour":6,"takeoverPoints":110,"dateCreated":"2016-07-26T17:36:22+0000","currentOwner":{"name":"Bont","id":90307},"name":"SävarKyrka","id":79507,"region":{"country":"se","name":"Västerbotten","id":127},"longitude":20.549248},"latitude":63.905393,"currentOwner":{"name":"Bont","id":90307},"time":"2021-08-22T21:24:28+0000","type":"takeover","longitude":20.549248},{"zone":{"previousOwner":{"name":"Hodge","id":282118},"dateCreated":"2021-02-28T07:00:00+0000","dateLastTaken":"2021-08-22T21:24:26+0000","latitude":55.845565,"currentOwner":{"name":"SparseRunner","id":310547},"name":"LookToGolf","id":388668,"totalTakeovers":141,"region":{"country":"gb","name":"Scotland","id":200},"pointsPerHour":1,"longitude":-3.199894,"takeoverPoints":185},"latitude":55.845565,"currentOwner":{"name":"SparseRunner","id":310547},"time":"2021-08-22T21:24:26+0000","type":"takeover","longitude":-3.199894},{"zone":{"previousOwner":{"name":"Cyklonen","id":179784},"dateCreated":"2013-07-14T14:03:07+0000","dateLastTaken":"2021-08-22T21:24:25+0000","latitude":59.422621,"currentOwner":{"name":"Mimikryp","id":31546},"name":"LovesKorridor","id":20746,"totalTakeovers":4154,"region":{"country":"se","name":"Stockholm","id":141},"pointsPerHour":5,"longitude":17.947498,"takeoverPoints":125},"latitude":59.422621,"currentOwner":{"name":"Mimikryp","id":31546},"time":"2021-08-22T21:24:25+0000","type":"takeover","longitude":17.947498},{"zone":{"previousOwner":{"name":"MarkkuEsoc","id":281588},"dateLastTaken":"2021-08-22T21:24:21+0000","latitude":55.924989,"totalTakeovers":377,"pointsPerHour":3,"takeoverPoints":155,"dateCreated":"2021-02-03T20:54:56+0000","currentOwner":{"name":"féarglas","id":280861},"name":"GreatTurfWar","id":381175,"region":{"country":"gb","name":"Scotland","id":200},"longitude":-3.213069},"latitude":55.924989,"currentOwner":{"name":"féarglas","id":280861},"time":"2021-08-22T21:24:21+0000","type":"takeover","longitude":-3.213069},{"zone":{"previousOwner":{"name":"Jomii","id":63235},"dateCreated":"2014-08-23T22:48:38+0000","dateLastTaken":"2021-08-22T21:24:17+0000","latitude":59.381369,"currentOwner":{"name":"blur","id":305387},"name":"Klarälvszon","id":33741,"totalTakeovers":13755,"region":{"country":"se","name":"Värmland","id":130},"pointsPerHour":7,"longitude":13.49248,"takeoverPoints":95},"latitude":59.381369,"currentOwner":{"name":"blur","id":305387},"time":"2021-08-22T21:24:17+0000","type":"takeover","longitude":13.49248},{"zone":{"previousOwner":{"name":"larsovegus","id":125816},"dateLastTaken":"2021-08-22T21:24:04+0000","latitude":62.630951,"totalTakeovers":3946,"pointsPerHour":6,"takeoverPoints":110,"dateCreated":"2011-08-27T08:36:59+0000","currentOwner":{"name":"Sitos","id":334860},"name":"HereChurch","id":2853,"region":{"country":"se","name":"Västernorrland","id":145},"longitude":17.942342},"latitude":62.630951,"currentOwner":{"name":"Sitos","id":334860},"time":"2021-08-22T21:24:04+0000","type":"takeover","longitude":17.942342},{"zone":{"previousOwner":{"name":"bambam1937","id":276292},"dateCreated":"2012-12-24T11:00:00+0000","dateLastTaken":"2021-08-22T21:23:55+0000","latitude":55.705258,"currentOwner":{"name":"KPD","id":34508},"name":"StationWest","id":12329,"totalTakeovers":19302,"region":{"country":"se","name":"Skåne","id":135},"pointsPerHour":8,"longitude":13.185455,"takeoverPoints":80},"latitude":55.705258,"currentOwner":{"name":"KPD","id":34508},"time":"2021-08-22T21:23:55+0000","type":"takeover","longitude":13.185455},{"zone":{"previousOwner":{"name":"KSV","id":122606},"dateCreated":"2017-06-25T11:10:55+0000","dateLastTaken":"2021-08-22T21:23:55+0000","latitude":59.372581,"currentOwner":{"name":"topten","id":17328},"name":"RissneValla","id":114878,"totalTakeovers":3656,"region":{"country":"se","name":"Stockholm","id":141},"pointsPerHour":5,"longitude":17.9329,"takeoverPoints":125},"latitude":59.372581,"currentOwner":{"name":"topten","id":17328},"time":"2021-08-22T21:23:55+0000","type":"takeover","longitude":17.9329},{"zone":{"previousOwner":{"name":"sg3","id":83343},"dateLastTaken":"2021-08-22T21:23:36+0000","latitude":58.284156,"totalTakeovers":7477,"pointsPerHour":6,"takeoverPoints":110,"dateCreated":"2012-10-29T21:54:32+0000","currentOwner":{"name":"Markeng","id":104327},"name":"Klaffbron","id":11766,"region":{"country":"se","name":"Västra Götaland","id":132},"longitude":12.284107},"latitude":58.284156,"currentOwner":{"name":"Markeng","id":104327},"time":"2021-08-22T21:23:36+0000","type":"takeover","longitude":12.284107},{"zone":{"previousOwner":{"name":"Jonte67","id":284492},"dateCreated":"2013-05-14T21:03:43+0000","dateLastTaken":"2021-08-22T21:23:33+0000","latitude":55.594625,"currentOwner":{"name":"Király","id":169417},"name":"EriksDesire","id":18319,"totalTakeovers":6025,"region":{"country":"se","name":"Skåne","id":135},"pointsPerHour":6,"longitude":12.967858,"takeoverPoints":110},"latitude":55.594625,"currentOwner":{"name":"Király","id":169417},"time":"2021-08-22T21:23:33+0000","type":"takeover","longitude":12.967858},{"zone":{"previousOwner":{"name":"Cylindern","id":140777},"dateCreated":"2013-11-04T14:23:41+0000","dateLastTaken":"2021-08-22T21:23:27+0000","latitude":59.270716,"currentOwner":{"name":"svenlutte","id":62695},"name":"BehrnCenter","id":22747,"totalTakeovers":17658,"region":{"country":"se","name":"Örebro","id":131},"pointsPerHour":7,"longitude":15.205865,"takeoverPoints":95},"latitude":59.270716,"currentOwner":{"name":"svenlutte","id":62695},"time":"2021-08-22T21:23:27+0000","type":"takeover","longitude":15.205865},{"zone":{"previousOwner":{"name":"loviskatt","id":297794},"dateCreated":"2019-10-25T19:03:29+0000","dateLastTaken":"2021-08-22T21:23:23+0000","latitude":59.401189,"currentOwner":{"name":"MrMagoo","id":259703},"name":"Vintervaxet","id":208743,"totalTakeovers":576,"region":{"country":"se","name":"Stockholm","id":141},"pointsPerHour":4,"longitude":18.337939,"takeoverPoints":140},"latitude":59.401189,"currentOwner":{"name":"MrMagoo","id":259703},"time":"2021-08-22T21:23:23+0000","type":"takeover","longitude":18.337939},{"zone":{"previousOwner":{"name":"NixQ2","id":76139},"dateCreated":"2019-01-23T19:41:34+0000","dateLastTaken":"2021-08-22T21:23:18+0000","latitude":67.138508,"currentOwner":{"name":"Nrgve","id":143951},"name":"Hedtrappen","id":179192,"totalTakeovers":2128,"region":{"country":"se","name":"Norrbotten","id":126},"pointsPerHour":3,"longitude":20.668639,"takeoverPoints":155},"latitude":67.138508,"currentOwner":{"name":"Nrgve","id":143951},"time":"2021-08-22T21:23:18+0000","type":"takeover","longitude":20.668639},{"zone":{"previousOwner":{"name":"Wheelstream","id":40570},"dateCreated":"2013-09-23T10:00:00+0000","dateLastTaken":"2021-08-22T21:23:18+0000","latitude":60.678918,"currentOwner":{"name":"cyklisteva","id":144274},"name":"FenceGrove","id":21801,"totalTakeovers":10633,"region":{"country":"se","name":"Gävleborg","id":144},"pointsPerHour":7,"longitude":17.146638,"takeoverPoints":95},"latitude":60.678918,"currentOwner":{"name":"cyklisteva","id":144274},"time":"2021-08-22T21:23:18+0000","type":"takeover","longitude":17.146638},{"zone":{"previousOwner":{"name":"evalin","id":120753},"dateCreated":"2017-08-16T19:03:17+0000","dateLastTaken":"2021-08-22T21:23:05+0000","latitude":63.178995,"currentOwner":{"name":"Stålblå","id":300091},"name":"Neribacken","id":117436,"totalTakeovers":1496,"region":{"country":"se","name":"Jämtland","id":128},"pointsPerHour":5,"longitude":14.676321,"takeoverPoints":125},"latitude":63.178995,"currentOwner":{"name":"Stålblå","id":300091},"time":"2021-08-22T21:23:05+0000","type":"takeover","longitude":14.676321},{"zone":{"previousOwner":{"name":"clofen","id":155343},"dateCreated":"2013-05-09T15:23:16+0000","dateLastTaken":"2021-08-22T21:23:05+0000","latitude":57.107989,"currentOwner":{"name":"Newbeetle","id":277246},"name":"EngelPark","id":18066,"totalTakeovers":8425,"region":{"country":"se","name":"Halland","id":134},"pointsPerHour":6,"longitude":12.252554,"takeoverPoints":110},"latitude":57.107989,"currentOwner":{"name":"Newbeetle","id":277246},"time":"2021-08-22T21:23:05+0000","type":"takeover","longitude":12.252554},{"zone":{"previousOwner":{"name":"Boinkaboinka","id":133017},"dateCreated":"2017-05-20T07:00:00+0000","dateLastTaken":"2021-08-22T21:22:56+0000","latitude":59.852705,"currentOwner":{"name":"tilverturf","id":166033},"name":"C4H8Cl2S","id":106339,"totalTakeovers":6258,"region":{"country":"se","name":"Uppsala","id":142},"pointsPerHour":7,"longitude":17.654598,"takeoverPoints":95},"latitude":59.852705,"currentOwner":{"name":"tilverturf","id":166033},"time":"2021-08-22T21:22:56+0000","type":"takeover","longitude":17.654598},{"zone":{"previousOwner":{"name":"KSV","id":122606},"dateCreated":"2013-04-21T07:13:29+0000","dateLastTaken":"2021-08-22T21:22:53+0000","latitude":59.372046,"currentOwner":{"name":"topten","id":17328},"name":"Duvkulla","id":17036,"totalTakeovers":5888,"region":{"country":"se","name":"Stockholm","id":141},"pointsPerHour":5,"longitude":17.936724,"takeoverPoints":125},"latitude":59.372046,"currentOwner":{"name":"topten","id":17328},"time":"2021-08-22T21:22:53+0000","type":"takeover","longitude":17.936724},{"zone":{"previousOwner":{"name":"JoanT","id":255485},"dateCreated":"2018-06-15T06:07:53+0000","dateLastTaken":"2021-08-22T21:22:47+0000","latitude":61.350776,"currentOwner":{"name":"speedfox","id":299927},"name":"SickRoad","id":154190,"totalTakeovers":848,"region":{"country":"se","name":"Gävleborg","id":144},"pointsPerHour":4,"longitude":16.373027,"takeoverPoints":140},"latitude":61.350776,"currentOwner":{"name":"speedfox","id":299927},"time":"2021-08-22T21:22:47+0000","type":"takeover","longitude":16.373027},{"zone":{"previousOwner":{"name":"sg3","id":83343},"dateCreated":"2021-05-09T20:14:13+0000","dateLastTaken":"2021-08-22T21:22:34+0000","latitude":58.286323,"currentOwner":{"name":"Markeng","id":104327},"name":"Spiköstigen","id":409327,"totalTakeovers":153,"region":{"country":"se","name":"Västra Götaland","id":132},"pointsPerHour":5,"longitude":12.283756,"takeoverPoints":125},"latitude":58.286323,"currentOwner":{"name":"Markeng","id":104327},"time":"2021-08-22T21:22:34+0000","type":"takeover","longitude":12.283756},{"zone":{"previousOwner":{"name":"grock","id":189790},"dateLastTaken":"2021-08-22T21:22:32+0000","latitude":65.582635,"totalTakeovers":1844,"pointsPerHour":4,"takeoverPoints":140,"dateCreated":"2015-04-30T16:43:55+0000","currentOwner":{"name":"grock","id":189790},"name":"Örnäsvilan","id":50910,"region":{"country":"se","name":"Norrbotten","id":126},"longitude":22.223094},"latitude":65.582635,"currentOwner":{"name":"grock","id":189790},"time":"2021-08-22T21:22:32+0000","type":"takeover","longitude":22.223094},{"zone":{"previousOwner":{"name":"Possanzini","id":20410},"dateCreated":"2010-07-12T00:00:00+0000","dateLastTaken":"2021-08-22T21:22:28+0000","latitude":59.343463,"currentOwner":{"name":"Thant","id":327074},"name":"Valhallazone","id":248,"totalTakeovers":15670,"region":{"country":"se","name":"Stockholm","id":141},"pointsPerHour":8,"longitude":18.079833,"takeoverPoints":80},"latitude":59.343463,"currentOwner":{"name":"Thant","id":327074},"time":"2021-08-22T21:22:28+0000","type":"takeover","longitude":18.079833},{"zone":{"previousOwner":{"name":"Jomii","id":63235},"dateLastTaken":"2021-08-22T21:22:14+0000","latitude":59.380833,"totalTakeovers":29557,"pointsPerHour":9,"takeoverPoints":65,"dateCreated":"2012-04-01T21:02:58+0000","currentOwner":{"name":"blur","id":305387},"name":"Residenset","id":7822,"region":{"country":"se","name":"Värmland","id":130},"longitude":13.498894},"latitude":59.380833,"currentOwner":{"name":"blur","id":305387},"time":"2021-08-22T21:22:14+0000","type":"takeover","longitude":13.498894}]