[{"medal":22,"time":"2021-08-22T00:17:18+0000","type":"medal","user":{"country":"se","medals":[11,6,51,32,94,102,22],"zones":[319479],"pointsPerHour":0,"points":4085,"blocktime":13,"taken":133,"name":"bjdriver","totalPoints":26111,"rank":12,"id":267678,"place":7096,"uniqueZonesTaken":84,"region":{"name":"Kronoberg","id":147}}},{"medal":5,"time":"2021-08-22T00:16:40+0000","type":"medal","user":{"country":"de","medals":[68,68,77,68,16,46,79,10,13,58,68,34,68,5],"zones":[401094,401093,368129,368192,394718,6521,382636,387663,413452,387662,394777],"pointsPerHour":0,"points":12691,"blocktime":18,"taken":1280,"name":"uschDibb","totalPoints":454260,"rank":32,"id":306827,"place":7096,"uniqueZonesTaken":358,"region":{"name":"Niedersachsen","id":444}}},{"medal":5,"time":"2021-08-22T00:13:54+0000","type":"medal","user":{"country":"se","medals":[46,94,28,33,6,79,13,104,55,122,5],"zones":[233586,27911,246731,228666,18618,31562],"pointsPerHour":0,"points":94218,"blocktime":15,"taken":962,"name":"Xpexial","totalPoints":130120,"rank":22,"id":335611,"place":7096,"uniqueZonesTaken":293,"region":{"name":"Västerbotten","id":127}}}]