[{"medal":102,"time":"2021-08-21T21:52:44+0000","type":"medal","user":{"country":"se","medals":[11,6,51,32,94,102],"zones":[],"pointsPerHour":0,"points":3064,"blocktime":13,"taken":127,"name":"bjdriver","totalPoints":25090,"rank":12,"id":267678,"place":7096,"uniqueZonesTaken":84,"region":{"name":"Kronoberg","id":147}}},{"sender":{"country":"se","medals":[16,27,21,48,45,67,2,24,60,68,24,24,30,2,68,70,24,24,17,68,26,68,24,68,9,17,65,24,4,79,77,91,24,83,17,112,25,72,24,49,113,24,117,24,120,24,104,126,119,123,125],"zones":[134706,355876,56993,134707,355875,29750,5255,355874,91551],"pointsPerHour":15,"points":166072,"blocktime":24,"taken":115036,"name":"Movemania","totalPoints":21127630,"rank":58,"id":22813,"place":181,"uniqueZonesTaken":8606,"region":{"name":"Västra Götaland","id":132}},"time":"2021-08-21T21:49:10+0000","message":"Hello Skopje & Ohrid 🤗","region":{"name":"Macedonia","id":343},"type":"chat"}]