[{"zone":{"previousOwner":{"name":"firstflat","id":305493},"dateCreated":"2018-09-28T10:00:00+0000","dateLastTaken":"2021-08-20T02:58:39+0000","latitude":55.940083,"currentOwner":{"name":"féarglas","id":280861},"name":"Argyle","id":169162,"totalTakeovers":1346,"region":{"country":"gb","name":"Scotland","id":200},"pointsPerHour":6,"longitude":-3.191526,"takeoverPoints":110},"latitude":55.940083,"currentOwner":{"name":"féarglas","id":280861},"time":"2021-08-20T02:58:39+0000","type":"takeover","longitude":-3.191526},{"zone":{"previousOwner":{"name":"blur","id":305387},"dateLastTaken":"2021-08-20T02:58:33+0000","latitude":59.380833,"totalTakeovers":29526,"pointsPerHour":9,"takeoverPoints":65,"dateCreated":"2012-04-01T21:02:58+0000","currentOwner":{"name":"simpson","id":71440},"name":"Residenset","id":7822,"region":{"country":"se","name":"Värmland","id":130},"longitude":13.498894},"latitude":59.380833,"currentOwner":{"name":"simpson","id":71440},"time":"2021-08-20T02:58:33+0000","type":"takeover","longitude":13.498894},{"zone":{"previousOwner":{"name":"harald_legner","id":302918},"dateCreated":"2021-03-09T15:00:00+0000","dateLastTaken":"2021-08-20T02:58:31+0000","latitude":53.550029,"currentOwner":{"name":"Marcus_P","id":311804},"name":"GroßeMenschen","id":392115,"totalTakeovers":138,"region":{"country":"de","name":"Hamburg","id":439},"pointsPerHour":2,"longitude":10.008083,"takeoverPoints":170},"latitude":53.550029,"currentOwner":{"name":"Marcus_P","id":311804},"time":"2021-08-20T02:58:31+0000","type":"takeover","longitude":10.008083},{"zone":{"previousOwner":{"name":"MargoB","id":336695},"dateCreated":"2010-09-04T14:41:37+0000","dateLastTaken":"2021-08-20T02:57:57+0000","latitude":57.720142,"currentOwner":{"name":"Murveln","id":43199},"name":"FictionZone","id":446,"totalTakeovers":3804,"region":{"country":"se","name":"Västra Götaland","id":132},"pointsPerHour":6,"longitude":11.9883,"takeoverPoints":110},"latitude":57.720142,"currentOwner":{"name":"Murveln","id":43199},"time":"2021-08-20T02:57:57+0000","type":"takeover","longitude":11.9883},{"zone":{"previousOwner":{"name":"DaHunter","id":95577},"dateLastTaken":"2021-08-20T02:57:53+0000","latitude":59.424028,"totalTakeovers":21386,"pointsPerHour":8,"takeoverPoints":80,"dateCreated":"2016-03-04T04:00:00+0000","currentOwner":{"name":"Krussidullen","id":74555},"name":"JakanPerrong","id":64015,"region":{"country":"se","name":"Stockholm","id":141},"longitude":17.832731},"latitude":59.424028,"currentOwner":{"name":"Krussidullen","id":74555},"time":"2021-08-20T02:57:53+0000","type":"takeover","longitude":17.832731},{"zone":{"previousOwner":{"name":"harald_legner","id":302918},"dateCreated":"2021-07-31T13:19:39+0000","dateLastTaken":"2021-08-20T02:57:24+0000","latitude":53.548242,"currentOwner":{"name":"Marcus_P","id":311804},"name":"Steinstraße","id":430679,"totalTakeovers":14,"region":{"country":"de","name":"Hamburg","id":439},"pointsPerHour":2,"longitude":10.006592,"takeoverPoints":170},"latitude":53.548242,"currentOwner":{"name":"Marcus_P","id":311804},"time":"2021-08-20T02:57:24+0000","type":"takeover","longitude":10.006592},{"zone":{"previousOwner":{"name":"AlphaDonkey02","id":310386},"dateCreated":"2013-06-15T08:00:00+0000","dateLastTaken":"2021-08-20T02:57:15+0000","latitude":55.941817,"currentOwner":{"name":"féarglas","id":280861},"name":"JedbowWalk","id":14574,"totalTakeovers":1480,"region":{"country":"gb","name":"Scotland","id":200},"pointsPerHour":6,"longitude":-3.192609,"takeoverPoints":110},"latitude":55.941817,"currentOwner":{"name":"féarglas","id":280861},"time":"2021-08-20T02:57:15+0000","type":"takeover","longitude":-3.192609},{"zone":{"previousOwner":{"name":"Corellian","id":264701},"dateLastTaken":"2021-08-20T02:57:10+0000","latitude":60.095186,"totalTakeovers":5372,"pointsPerHour":7,"takeoverPoints":95,"dateCreated":"2019-04-09T14:00:00+0000","currentOwner":{"name":"KråkanKrax","id":120751},"name":"MH4PowerZone","id":182610,"region":{"country":"fi","name":"Åland","id":177},"longitude":19.935227},"latitude":60.095186,"currentOwner":{"name":"KråkanKrax","id":120751},"time":"2021-08-20T02:57:10+0000","type":"takeover","longitude":19.935227},{"zone":{"previousOwner":{"name":"blur","id":305387},"dateCreated":"2011-07-28T22:34:36+0000","dateLastTaken":"2021-08-20T02:57:07+0000","latitude":59.382753,"currentOwner":{"name":"simpson","id":71440},"name":"BrewerZone","id":2331,"totalTakeovers":19085,"region":{"country":"se","name":"Värmland","id":130},"pointsPerHour":8,"longitude":13.495359,"takeoverPoints":80},"latitude":59.382753,"currentOwner":{"name":"simpson","id":71440},"time":"2021-08-20T02:57:07+0000","type":"takeover","longitude":13.495359},{"zone":{"previousOwner":{"name":"Uncouth","id":74248},"dateCreated":"2015-03-22T11:00:00+0000","dateLastTaken":"2021-08-20T02:56:52+0000","latitude":59.865391,"currentOwner":{"name":"Bamse65","id":75652},"name":"HejOchHallå","id":46892,"totalTakeovers":13589,"region":{"country":"se","name":"Uppsala","id":142},"pointsPerHour":8,"longitude":17.655059,"takeoverPoints":80},"latitude":59.865391,"currentOwner":{"name":"Bamse65","id":75652},"time":"2021-08-20T02:56:52+0000","type":"takeover","longitude":17.655059},{"zone":{"previousOwner":{"name":"harald_legner","id":302918},"dateCreated":"2021-04-01T09:00:00+0000","dateLastTaken":"2021-08-20T02:56:21+0000","latitude":53.546461,"currentOwner":{"name":"Marcus_P","id":311804},"name":"WeißeBrücke","id":387564,"totalTakeovers":125,"region":{"country":"de","name":"Hamburg","id":439},"pointsPerHour":2,"longitude":10.004461,"takeoverPoints":170},"latitude":53.546461,"currentOwner":{"name":"Marcus_P","id":311804},"time":"2021-08-20T02:56:21+0000","type":"takeover","longitude":10.004461},{"zone":{"previousOwner":{"name":"MargoB","id":336695},"dateCreated":"2020-12-24T12:00:24+0000","dateLastTaken":"2021-08-20T02:56:04+0000","latitude":57.722998,"currentOwner":{"name":"Murveln","id":43199},"name":"Vassgatan","id":358155,"totalTakeovers":500,"region":{"country":"se","name":"Västra Götaland","id":132},"pointsPerHour":5,"longitude":11.993289,"takeoverPoints":125},"latitude":57.722998,"currentOwner":{"name":"Murveln","id":43199},"time":"2021-08-20T02:56:04+0000","type":"takeover","longitude":11.993289},{"zone":{"previousOwner":{"name":"blur","id":305387},"dateCreated":"2014-09-08T20:50:00+0000","dateLastTaken":"2021-08-20T02:55:59+0000","latitude":59.382654,"currentOwner":{"name":"simpson","id":71440},"name":"Våxnäspark","id":34908,"totalTakeovers":15904,"region":{"country":"se","name":"Värmland","id":130},"pointsPerHour":7,"longitude":13.492532,"takeoverPoints":95},"latitude":59.382654,"currentOwner":{"name":"simpson","id":71440},"time":"2021-08-20T02:55:59+0000","type":"takeover","longitude":13.492532},{"zone":{"previousOwner":{"name":"plux","id":109729},"dateCreated":"2014-12-24T08:12:46+0000","dateLastTaken":"2021-08-20T02:55:51+0000","latitude":59.384653,"currentOwner":{"name":"TobyWalle","id":318147},"name":"Måttet","id":42740,"totalTakeovers":3196,"region":{"country":"se","name":"Södermanland","id":140},"pointsPerHour":5,"longitude":16.490519,"takeoverPoints":125},"latitude":59.384653,"currentOwner":{"name":"TobyWalle","id":318147},"time":"2021-08-20T02:55:51+0000","type":"takeover","longitude":16.490519},{"zone":{"previousOwner":{"name":"Rok","id":311285},"dateCreated":"2014-04-06T09:00:00+0000","dateLastTaken":"2021-08-20T02:55:36+0000","latitude":59.441824,"currentOwner":{"name":"HereIGoAgain","id":254091},"name":"GrindtorpPath","id":27938,"totalTakeovers":2669,"region":{"country":"se","name":"Stockholm","id":141},"pointsPerHour":5,"longitude":18.073737,"takeoverPoints":125},"latitude":59.441824,"currentOwner":{"name":"HereIGoAgain","id":254091},"time":"2021-08-20T02:55:36+0000","type":"takeover","longitude":18.073737},{"zone":{"previousOwner":{"name":"TopFlat","id":300148},"dateCreated":"2013-06-15T08:00:00+0000","dateLastTaken":"2021-08-20T02:55:28+0000","latitude":55.941509,"currentOwner":{"name":"féarglas","id":280861},"name":"MeadowWalk","id":14573,"totalTakeovers":1727,"region":{"country":"gb","name":"Scotland","id":200},"pointsPerHour":6,"longitude":-3.187937,"takeoverPoints":110},"latitude":55.941509,"currentOwner":{"name":"féarglas","id":280861},"time":"2021-08-20T02:55:28+0000","type":"takeover","longitude":-3.187937},{"zone":{"previousOwner":{"name":"blur","id":305387},"dateCreated":"2015-01-09T19:30:00+0000","dateLastTaken":"2021-08-20T02:54:25+0000","latitude":59.38448,"currentOwner":{"name":"simpson","id":71440},"name":"Ljudlöst","id":43650,"totalTakeovers":12210,"region":{"country":"se","name":"Värmland","id":130},"pointsPerHour":7,"longitude":13.493646,"takeoverPoints":95},"latitude":59.38448,"currentOwner":{"name":"simpson","id":71440},"time":"2021-08-20T02:54:25+0000","type":"takeover","longitude":13.493646},{"zone":{"previousOwner":{"name":"Veit","id":317382},"dateLastTaken":"2021-08-20T02:54:00+0000","latitude":53.545633,"totalTakeovers":172,"pointsPerHour":1,"takeoverPoints":185,"dateCreated":"2015-07-07T08:51:47+0000","currentOwner":{"name":"Marcus_P","id":311804},"name":"Speicherstadt","id":55614,"region":{"country":"de","name":"Hamburg","id":439},"longitude":9.999537},"latitude":53.545633,"currentOwner":{"name":"Marcus_P","id":311804},"time":"2021-08-20T02:54:00+0000","type":"takeover","longitude":9.999537},{"zone":{"previousOwner":{"name":"Rok","id":311285},"dateCreated":"2012-04-25T20:36:17+0000","dateLastTaken":"2021-08-20T02:53:30+0000","latitude":59.439722,"currentOwner":{"name":"HereIGoAgain","id":254091},"name":"GrindtorpZone","id":8387,"totalTakeovers":5047,"region":{"country":"se","name":"Stockholm","id":141},"pointsPerHour":6,"longitude":18.071477,"takeoverPoints":110},"latitude":59.439722,"currentOwner":{"name":"HereIGoAgain","id":254091},"time":"2021-08-20T02:53:30+0000","type":"takeover","longitude":18.071477}]