[{"medal":51,"time":"2022-10-18T05:53:28+0000","type":"medal","user":{"country":"se","medals":[10,92,31,51],"zones":[13504,428034,22740,206149,111350,37079,1415,122329,115403,13503],"pointsPerHour":0,"points":2795,"blocktime":675,"taken":26,"name":"norrlands","totalPoints":2795,"rank":5,"id":382062,"place":7275,"uniqueZonesTaken":16,"region":{"name":"Stockholm","id":141}}},{"medal":31,"time":"2022-10-18T05:51:10+0000","type":"medal","user":{"country":"se","medals":[80,10,92,31],"zones":[13504,428034,22740,206149,111350,37079,122329,115403,13503],"pointsPerHour":0,"points":2713,"blocktime":675,"taken":25,"name":"norrlands","totalPoints":2713,"rank":5,"id":382062,"place":7275,"uniqueZonesTaken":16,"region":{"name":"Stockholm","id":141}}},{"sender":{"country":"se","medals":[70,79,77,16,83,67,72,27,4,21,68,117,75,68,131,39,60,68,106,97,15,124],"zones":[48101,43016,91725,43760,43761,17969,17970,17971,232976,24340,43766,41914,48091,48092,114975,41918],"pointsPerHour":41,"points":24040,"blocktime":1305,"taken":19560,"name":"speedfox","totalPoints":3894702,"rank":47,"id":299927,"place":1691,"uniqueZonesTaken":1143,"region":{"name":"Gävleborg","id":144}},"time":"2022-10-18T05:45:30+0000","message":"Naset: Välkommen till Bollnäs! 😀","region":{"name":"Gävleborg","id":144},"type":"chat"}]