[{"medal":51,"time":"2022-10-18T09:57:16+0000","type":"medal","user":{"country":"se","medals":[93,100,92,31,51],"zones":[22832,22833,22849,22835,205047,94122,25372,25373,62030,176317],"pointsPerHour":0,"points":3376,"blocktime":690,"taken":32,"name":"krillejakan","totalPoints":5009,"rank":6,"id":368492,"place":7285,"uniqueZonesTaken":21,"region":{"name":"Stockholm","id":141}}},{"medal":51,"time":"2022-10-18T09:57:10+0000","type":"medal","user":{"country":"se","medals":[51,85],"zones":[24864,94131,12099,12100,218022,12102,154171,113464,431165,115566],"pointsPerHour":0,"points":2309,"blocktime":675,"taken":10,"name":"Virrevilse86","totalPoints":2309,"rank":5,"id":377722,"place":7285,"uniqueZonesTaken":10,"region":{"name":"Värmland","id":130}}},{"medal":85,"time":"2022-10-18T09:57:10+0000","type":"medal","user":{"country":"se","medals":[51,85],"zones":[24864,94131,12099,12100,218022,12102,154171,113464,431165,115566],"pointsPerHour":0,"points":2309,"blocktime":675,"taken":10,"name":"Virrevilse86","totalPoints":2309,"rank":5,"id":377722,"place":7285,"uniqueZonesTaken":10,"region":{"name":"Värmland","id":130}}},{"medal":7,"time":"2022-10-18T09:44:02+0000","type":"medal","user":{"country":"se","medals":[31,46,16,4,55,28,13,94,101,37,79,7],"zones":[142616],"pointsPerHour":0,"points":9004,"blocktime":1200,"taken":8579,"name":"Bebjö","totalPoints":1494472,"rank":40,"id":49374,"place":7284,"uniqueZonesTaken":372,"region":{"name":"Kalmar","id":137}}}]