[{"medal":28,"time":"2022-10-17T19:17:33+0000","type":"medal","user":{"country":"se","medals":[51,85,28],"zones":[30849,8549,31814,30918,33720,394829,557,11901,47005,11902,47006],"pointsPerHour":0,"points":890,"blocktime":645,"taken":11,"name":"Lawk","totalPoints":890,"rank":3,"id":380854,"place":7266,"uniqueZonesTaken":11,"region":{"name":"Uppsala","id":142}}},{"medal":51,"time":"2022-10-17T19:17:00+0000","type":"medal","user":{"country":"se","medals":[51,85,10],"zones":[30849,31814,30918,33720,394829,557,11901,47005,11902,47006],"pointsPerHour":0,"points":809,"blocktime":645,"taken":10,"name":"Lawk","totalPoints":809,"rank":3,"id":380854,"place":7266,"uniqueZonesTaken":10,"region":{"name":"Uppsala","id":142}}},{"medal":85,"time":"2022-10-17T19:17:00+0000","type":"medal","user":{"country":"se","medals":[51,85,10],"zones":[30849,31814,30918,33720,394829,557,11901,47005,11902,47006],"pointsPerHour":0,"points":809,"blocktime":645,"taken":10,"name":"Lawk","totalPoints":809,"rank":3,"id":380854,"place":7266,"uniqueZonesTaken":10,"region":{"name":"Uppsala","id":142}}},{"medal":10,"time":"2022-10-17T19:17:00+0000","type":"medal","user":{"country":"se","medals":[51,85,10],"zones":[30849,31814,30918,33720,394829,557,11901,47005,11902,47006],"pointsPerHour":0,"points":809,"blocktime":645,"taken":10,"name":"Lawk","totalPoints":809,"rank":3,"id":380854,"place":7266,"uniqueZonesTaken":10,"region":{"name":"Uppsala","id":142}}},{"medal":80,"time":"2022-10-17T19:07:34+0000","type":"medal","user":{"country":"se","medals":[80,84],"zones":[31814,557,11901,11902,47006],"pointsPerHour":0,"points":417,"blocktime":615,"taken":5,"name":"Lawk","totalPoints":417,"rank":1,"id":380854,"place":7265,"uniqueZonesTaken":5,"region":{"name":"Uppsala","id":142}}},{"medal":84,"time":"2022-10-17T19:07:34+0000","type":"medal","user":{"country":"se","medals":[80,84],"zones":[31814,557,11901,11902,47006],"pointsPerHour":0,"points":417,"blocktime":615,"taken":5,"name":"Lawk","totalPoints":417,"rank":1,"id":380854,"place":7265,"uniqueZonesTaken":5,"region":{"name":"Uppsala","id":142}}}]