[{"sender":{"country":"se","medals":[67,9,16,24,22,57,48,24,72,79,77,24,66,26,24,17,116,83,117,24,24,50,24,17,4,24,111,24,27,124,126,17,130,17,119,24,17,155],"zones":[636573,636572,636575,636574,43646,31343,20607],"pointsPerHour":30,"points":33125,"blocktime":1455,"taken":109301,"name":"VÄDUREN","totalPoints":13757485,"rank":57,"id":92950,"place":581,"uniqueZonesTaken":4354,"region":{"name":"Västmanland","id":143}},"time":"2023-11-13T08:42:57+0000","message":"skäggfar: hur är underlaget idag ? halt eller bara blött ?","region":{"name":"Västmanland","id":143},"type":"chat"}]