[{"medal":31,"time":"2023-05-30T16:36:20+0000","type":"medal","user":{"country":"se","medals":[80,92,31],"zones":[24496,931,26645,694,19206,29150,44399],"pointsPerHour":0,"points":2997,"blocktime":675,"taken":25,"name":"nomipomi","totalPoints":2997,"rank":5,"id":395568,"place":8706,"uniqueZonesTaken":15,"region":{"name":"Värmland","id":130}}},{"sender":{"country":"se","medals":[93,85,80],"zones":[31993],"pointsPerHour":3,"points":829,"blocktime":690,"taken":19,"name":"extreme_turfer","totalPoints":3782,"rank":6,"id":390542,"place":6464,"uniqueZonesTaken":7,"region":{"name":"Östergötland","id":139}},"time":"2023-05-30T16:34:26+0000","message":"alicewallstrom: du kan inte ta mina zoner på det där sättet!","region":{"name":"Östergötland","id":139},"type":"chat"},{"medal":84,"time":"2023-05-30T16:33:51+0000","type":"medal","user":{"country":"se","medals":[93,84],"zones":[27042,154084],"pointsPerHour":0,"points":964,"blocktime":645,"taken":5,"name":"turfviktor","totalPoints":964,"rank":3,"id":394775,"place":8706,"uniqueZonesTaken":4,"region":{"name":"Västra Götaland","id":132}}},{"medal":80,"time":"2023-05-30T16:32:45+0000","type":"medal","user":{"country":"se","medals":[80,84],"zones":[66915,26314,221016,115118,516168],"pointsPerHour":0,"points":895,"blocktime":645,"taken":5,"name":"Bred","totalPoints":895,"rank":3,"id":396724,"place":8705,"uniqueZonesTaken":5,"region":{"name":"Västra Götaland","id":132}}},{"medal":84,"time":"2023-05-30T16:32:45+0000","type":"medal","user":{"country":"se","medals":[80,84],"zones":[66915,26314,221016,115118,516168],"pointsPerHour":0,"points":895,"blocktime":645,"taken":5,"name":"Bred","totalPoints":895,"rank":3,"id":396724,"place":8705,"uniqueZonesTaken":5,"region":{"name":"Västra Götaland","id":132}}},{"medal":51,"time":"2023-05-30T16:31:09+0000","type":"medal","user":{"country":"se","medals":[93,100,92,90,31,51],"zones":[8944,6994,12226,8259,13059,9572,9765,137482,519727,42317],"pointsPerHour":0,"points":4040,"blocktime":690,"taken":35,"name":"Albins_kompis","totalPoints":4040,"rank":6,"id":396470,"place":8705,"uniqueZonesTaken":26,"region":{"name":"Västerbotten","id":127}}}]