[{"sender":{"country":"se","medals":[4,16,67,72,83,79,70,21,77,75,94,27,126,50,123,127,91,58,107,87],"zones":[47220,47541,47221,47222,47223,47432,3274,47436,57676,14382,47535],"pointsPerHour":11,"points":27109,"blocktime":1350,"taken":37265,"name":"folkölen","totalPoints":5697798,"rank":50,"id":21362,"place":2138,"uniqueZonesTaken":3300,"region":{"name":"Västerbotten","id":127}},"time":"2023-05-30T08:25:49+0000","message":"Guuuud","region":{"name":"Vatican City","id":384},"type":"chat"},{"medal":84,"time":"2023-05-30T08:24:36+0000","type":"medal","user":{"country":"se","medals":[84],"zones":[12779,11343],"pointsPerHour":0,"points":695,"blocktime":630,"taken":5,"name":"TheChipShark","totalPoints":695,"rank":2,"id":396647,"place":8609,"uniqueZonesTaken":5,"region":{"name":"Västra Götaland","id":132}}},{"medal":93,"time":"2023-05-30T08:21:30+0000","type":"medal","user":{"country":"se","medals":[93],"zones":[],"pointsPerHour":0,"points":110,"blocktime":600,"taken":1,"name":"zibskiii","totalPoints":110,"rank":0,"id":396972,"place":8606,"uniqueZonesTaken":1,"region":{"name":"Östergötland","id":139}}}]