[{"medal":80,"time":"2023-05-30T07:26:29+0000","type":"medal","user":{"country":"se","medals":[84,80],"zones":[484151,26322,146225,95079,12810],"pointsPerHour":0,"points":830,"blocktime":645,"taken":6,"name":"SimonKaCl2","totalPoints":830,"rank":3,"id":396919,"place":8591,"uniqueZonesTaken":6,"region":{"name":"Västra Götaland","id":132}}},{"medal":95,"time":"2023-05-30T07:25:43+0000","type":"medal","user":{"country":"se","medals":[95],"zones":[],"pointsPerHour":0,"points":125,"blocktime":600,"taken":1,"name":"Kira_Yoshikage","totalPoints":125,"rank":0,"id":396927,"place":8591,"uniqueZonesTaken":1,"region":{"name":"Västra Götaland","id":132}}},{"medal":90,"time":"2023-05-30T07:23:49+0000","type":"medal","user":{"country":"se","medals":[80,85,90],"zones":[839,43144,840,23242,12779,28987,878,11343],"pointsPerHour":0,"points":1289,"blocktime":675,"taken":20,"name":"AE06d1","totalPoints":3193,"rank":5,"id":313378,"place":8590,"uniqueZonesTaken":14,"region":{"name":"Västra Götaland","id":132}}},{"medal":84,"time":"2023-05-30T07:23:43+0000","type":"medal","user":{"country":"se","medals":[84],"zones":[11344,12818,28987],"pointsPerHour":0,"points":777,"blocktime":645,"taken":5,"name":"Sindhre.","totalPoints":777,"rank":3,"id":396888,"place":8590,"uniqueZonesTaken":5,"region":{"name":"Västra Götaland","id":132}}},{"medal":84,"time":"2023-05-30T07:23:25+0000","type":"medal","user":{"country":"se","medals":[84],"zones":[146225,95079,12810],"pointsPerHour":0,"points":674,"blocktime":630,"taken":5,"name":"SimonKaCl2","totalPoints":674,"rank":2,"id":396919,"place":8590,"uniqueZonesTaken":5,"region":{"name":"Västra Götaland","id":132}}},{"medal":80,"time":"2023-05-30T07:19:59+0000","type":"medal","user":{"country":"se","medals":[96,84,80],"zones":[864,865,12819,377,23243],"pointsPerHour":0,"points":892,"blocktime":645,"taken":7,"name":"First","totalPoints":892,"rank":3,"id":396922,"place":8590,"uniqueZonesTaken":7,"region":{"name":"Västra Götaland","id":132}}}]