[{"medal":84,"time":"2023-05-29T11:49:36+0000","type":"medal","user":{"country":"se","medals":[84],"zones":[11344,12772,28987],"pointsPerHour":0,"points":779,"blocktime":645,"taken":5,"name":"DagAppelqvist","totalPoints":779,"rank":3,"id":396727,"place":8492,"uniqueZonesTaken":5,"region":{"name":"Västra Götaland","id":132}}},{"medal":35,"time":"2023-05-29T11:45:41+0000","type":"medal","user":{"country":"se","medals":[5,55,93,6,28,14,122,127,79,47,35],"zones":[175234,154178,96135,96071,496833,271,272,37394,37395,156438,37396,107607,159509,25753,107608,25754,29531,25756,220,47324,122333,29532,25374,47328,177699,126499,184224,430692,224160,203559,120677,46951,566895,478639,96361,139304,54765,291563,25392,114993,61492,115828,80699,565683,139070],"pointsPerHour":0,"points":117942,"blocktime":1080,"taken":2500,"name":"Voland","totalPoints":445138,"rank":32,"id":137274,"place":8492,"uniqueZonesTaken":618,"region":{"name":"Stockholm","id":141}}},{"medal":80,"time":"2023-05-29T11:43:02+0000","type":"medal","user":{"country":"se","medals":[80,84],"zones":[11346,62338,23243,877,863],"pointsPerHour":0,"points":702,"blocktime":645,"taken":5,"name":"Corren&Ebbun","totalPoints":702,"rank":3,"id":396736,"place":8491,"uniqueZonesTaken":5,"region":{"name":"Västra Götaland","id":132}}},{"medal":84,"time":"2023-05-29T11:43:02+0000","type":"medal","user":{"country":"se","medals":[80,84],"zones":[11346,62338,23243,877,863],"pointsPerHour":0,"points":702,"blocktime":645,"taken":5,"name":"Corren&Ebbun","totalPoints":702,"rank":3,"id":396736,"place":8491,"uniqueZonesTaken":5,"region":{"name":"Västra Götaland","id":132}}},{"medal":80,"time":"2023-05-29T11:43:02+0000","type":"medal","user":{"country":"se","medals":[80,84],"zones":[34720,43233,7942,154996,154997],"pointsPerHour":0,"points":761,"blocktime":645,"taken":5,"name":"3myror","totalPoints":761,"rank":3,"id":396751,"place":8491,"uniqueZonesTaken":5,"region":{"name":"Kalmar","id":137}}},{"medal":84,"time":"2023-05-29T11:43:02+0000","type":"medal","user":{"country":"se","medals":[80,84],"zones":[34720,43233,7942,154996,154997],"pointsPerHour":0,"points":761,"blocktime":645,"taken":5,"name":"3myror","totalPoints":761,"rank":3,"id":396751,"place":8491,"uniqueZonesTaken":5,"region":{"name":"Kalmar","id":137}}}]