[{"medal":100,"time":"2022-08-15T13:32:52+0000","type":"medal","user":{"country":"se","medals":[93,85,80,100],"zones":[9642],"pointsPerHour":0,"points":2586,"blocktime":675,"taken":23,"name":"Team_Theodor","totalPoints":3193,"rank":5,"id":368197,"place":6000,"uniqueZonesTaken":10,"region":{"name":"Dalarna","id":129}}},{"medal":14,"time":"2022-08-15T13:24:43+0000","type":"medal","user":{"country":"se","medals":[79,77,94,46,16,28,55,6,27,35,130,101,14],"zones":[34163,34180,34164,34165,37767,34167,94153,476831,34169,27917,30335],"pointsPerHour":0,"points":19508,"blocktime":1185,"taken":4498,"name":"Axxelina","totalPoints":1237440,"rank":39,"id":302972,"place":5999,"uniqueZonesTaken":500,"region":{"name":"Skåne","id":135}}}]