[{"sender":{"country":"se","medals":[16,9,4,24,67,27,17,17,70,21,77,79,24,57,117,24,24,17,116,72,24,66,24,24,24,124,126,89,24,75,109,24,17,131,24,17,121,83],"zones":[109443,496836,493186,7846,97992,138,7850,91602,185302,7833,493181,253],"pointsPerHour":46,"points":39136,"blocktime":1440,"taken":69333,"name":"TheCat","totalPoints":12603914,"rank":56,"id":35712,"place":644,"uniqueZonesTaken":10103,"region":{"name":"Stockholm","id":141}},"time":"2022-08-15T13:51:04+0000","message":"Xristos: assist?","region":{"name":"Stockholm","id":141},"type":"chat"},{"sender":{"country":"se","medals":[67,22,47,28,7,55,79,112,24,77,17,15,126,122,131,106,118],"zones":[],"pointsPerHour":0,"points":21468,"blocktime":1410,"taken":75504,"name":"tine","totalPoints":8576496,"rank":54,"id":36446,"place":1277,"uniqueZonesTaken":1405,"region":{"name":"Västmanland","id":143}},"time":"2022-08-15T13:49:45+0000","message":"pandamamma: ser att du vänder :)","region":{"name":"Västmanland","id":143},"type":"chat"},{"sender":{"country":"se","medals":[67,22,47,28,7,55,79,112,24,77,17,15,126,122,131,106,118],"zones":[],"pointsPerHour":0,"points":21468,"blocktime":1410,"taken":75504,"name":"tine","totalPoints":8576496,"rank":54,"id":36446,"place":1277,"uniqueZonesTaken":1405,"region":{"name":"Västmanland","id":143}},"time":"2022-08-15T13:49:11+0000","message":"pandamamma: på väg hitåt?","region":{"name":"Västmanland","id":143},"type":"chat"},{"medal":34,"time":"2022-08-15T13:48:25+0000","type":"medal","user":{"country":"se","medals":[16,46,10,93,12,56,127,67,5,101,79,34],"zones":[62338,43144,23243,12812,23244,12111,11346,11347,15958,863,65185,116000,458023,874,12525,139440,146225,478836,475313,411377,28986,16955,319161,428475],"pointsPerHour":0,"points":44479,"blocktime":1035,"taken":1000,"name":"noahdeluxe","totalPoints":274984,"rank":29,"id":361917,"place":6001,"uniqueZonesTaken":172,"region":{"name":"Västra Götaland","id":132}}}]