[{"sender":{"country":"se","medals":[4,47,55,16,5,67,21,27,7,79,77,126,95,128,117,103,15,122,41,155,72],"zones":[23585,24579,24580,480973,5642,23631,455958,21650,725,726,47767,22488,502719,21818,22237],"pointsPerHour":64,"points":45395,"blocktime":1350,"taken":28409,"name":"raz","totalPoints":5251447,"rank":50,"id":2949,"place":604,"uniqueZonesTaken":1176,"region":{"name":"Örebro","id":131}},"time":"2023-12-19T06:04:38+0000","message":"alberget-4a: 🥴😂","region":{"name":"Örebro","id":131},"type":"chat"},{"medal":34,"time":"2023-12-19T06:00:02+0000","type":"medal","user":{"country":"se","medals":[67,6,53,127,152,13,90,93,34],"zones":[760,32601,23338,142504,24474,136319,430],"pointsPerHour":0,"points":15902,"blocktime":975,"taken":1000,"name":"Seator","totalPoints":194702,"rank":25,"id":400558,"place":5340,"uniqueZonesTaken":284,"region":{"name":"Västra Götaland","id":132}}}]