[{"medal":85,"time":"2023-12-18T08:53:46+0000","type":"medal","user":{"country":"se","medals":[80,93,85],"zones":[26044],"pointsPerHour":0,"points":310,"blocktime":660,"taken":10,"name":"Flodhäst99","totalPoints":1760,"rank":4,"id":409571,"place":5289,"uniqueZonesTaken":8,"region":{"name":"Jönköping","id":133}}},{"medal":84,"time":"2023-12-18T08:48:54+0000","type":"medal","user":{"country":"se","medals":[93,100,84],"zones":[772],"pointsPerHour":0,"points":140,"blocktime":645,"taken":7,"name":"Tim2010","totalPoints":1175,"rank":3,"id":409602,"place":5287,"uniqueZonesTaken":6,"region":{"name":"Jönköping","id":133}}}]