[{"medal":54,"time":"2023-03-22T07:21:16+0000","type":"medal","user":{"country":"se","medals":[11,93,32,54],"zones":[78465,565961,235650,223809,235649,223808,176839,38150,92102,28621,155025,207514,27290,27292,3102,63006,63009,29155,29156,154215,154023,29157,154026,154024,20714,154025,20715,27307,20716,175983,237,174125,27057,545785,177271,154805,26167,44093,48062,26175],"pointsPerHour":0,"points":27340,"blocktime":780,"taken":137,"name":"Långsam23","totalPoints":27340,"rank":12,"id":387014,"place":5775,"uniqueZonesTaken":95,"region":{"name":"Stockholm","id":141}}},{"medal":92,"time":"2023-03-22T07:18:30+0000","type":"medal","user":{"country":"se","medals":[80,85,92],"zones":[21139,30346],"pointsPerHour":0,"points":1943,"blocktime":675,"taken":15,"name":"Grothurf","totalPoints":2327,"rank":5,"id":357341,"place":5774,"uniqueZonesTaken":15,"region":{"name":"Södermanland","id":140}}},{"sender":{"country":"se","medals":[70,5,16,67,77,79,17,112,24,68,22,68,91,117,27,26,72,48,125,126,124,89,74,82,132,107],"zones":[22320,593],"pointsPerHour":16,"points":41272,"blocktime":1410,"taken":57950,"name":"ventoux","totalPoints":9428337,"rank":54,"id":113809,"place":932,"uniqueZonesTaken":5467,"region":{"name":"Östergötland","id":139}},"time":"2023-03-22T06:25:41+0000","message":"Oh-Jay: Det är ett trevligt litet berg i Frankrike, så själv kör jag på franska 🙂","region":{"name":"Östergötland","id":139},"type":"chat"}]