[{"medal":84,"time":"2023-02-07T11:55:34+0000","type":"medal","user":{"country":"se","medals":[80,84],"zones":[1219,48243,44260,44263,61767],"pointsPerHour":0,"points":851,"blocktime":10,"taken":5,"name":"CoABAL","totalPoints":851,"rank":3,"id":385746,"place":4378,"uniqueZonesTaken":5,"region":{"name":"Dalarna","id":129}}},{"medal":80,"time":"2023-02-07T11:55:34+0000","type":"medal","user":{"country":"se","medals":[80,84],"zones":[1219,48243,44260,44263,61767],"pointsPerHour":0,"points":851,"blocktime":10,"taken":5,"name":"CoABAL","totalPoints":851,"rank":3,"id":385746,"place":4378,"uniqueZonesTaken":5,"region":{"name":"Dalarna","id":129}}},{"sender":{"country":"se","medals":[16,9,4,24,67,27,17,17,70,21,77,79,24,57,117,24,24,17,116,72,24,66,24,24,24,124,126,89,24,75,24,17,131,24,17,121,83,24,110,24],"zones":[203713,155392,432261,175236,565166,143429,563681,7850,18923,7851,127597,493175,20822,493169,16792,221306,488956,486843,115261,198845],"pointsPerHour":53,"points":11783,"blocktime":24,"taken":73083,"name":"TheCat","totalPoints":13323910,"rank":57,"id":35712,"place":412,"uniqueZonesTaken":10417,"region":{"name":"Stockholm","id":141}},"time":"2023-02-07T11:47:49+0000","message":"peterspirea: nästan","region":{"name":"Stockholm","id":141},"type":"chat"}]