[{"medal":77,"time":"2023-01-31T18:29:42+0000","type":"medal","user":{"country":"se","medals":[93,51,92,90,5,32,79,77,101],"zones":[2558],"pointsPerHour":0,"points":15282,"blocktime":750,"taken":104,"name":"?","totalPoints":15282,"rank":10,"id":385113,"place":6301,"uniqueZonesTaken":41,"region":{"name":"Uppsala","id":142}}},{"medal":101,"time":"2023-01-31T18:29:42+0000","type":"medal","user":{"country":"se","medals":[93,51,92,90,5,32,79,77,101],"zones":[2558],"pointsPerHour":0,"points":15282,"blocktime":750,"taken":104,"name":"?","totalPoints":15282,"rank":10,"id":385113,"place":6301,"uniqueZonesTaken":41,"region":{"name":"Uppsala","id":142}}},{"medal":77,"time":"2023-01-31T18:29:42+0000","type":"medal","user":{"country":"se","medals":[92,80,94,101,5,86,79,77],"zones":[341,37130,1564,4557],"pointsPerHour":0,"points":7913,"blocktime":705,"taken":59,"name":"skenis","totalPoints":7913,"rank":7,"id":385112,"place":6301,"uniqueZonesTaken":35,"region":{"name":"Uppsala","id":142}}},{"sender":{"country":"se","medals":[16,47,95,126,72,4,79,77,123,66,57,70,109,87,131,74,21],"zones":[97140,37493,24599,117097,46761,168872,46762,117098,36750,46751],"pointsPerHour":20,"points":54284,"blocktime":1395,"taken":39296,"name":"humlan17","totalPoints":7731622,"rank":53,"id":191911,"place":1252,"uniqueZonesTaken":5286,"region":{"name":"Södermanland","id":140}},"time":"2023-01-31T18:27:41+0000","message":"TheScout:tyvärr stänger dom 13","region":{"name":"Södermanland","id":140},"type":"chat"}]