[{"medal":92,"time":"2023-01-30T15:44:40+0000","type":"medal","user":{"country":"se","medals":[80,85,92],"zones":[12048,115890,23894,408527,12047],"pointsPerHour":0,"points":2221,"blocktime":675,"taken":15,"name":"Nyp","totalPoints":2221,"rank":5,"id":385468,"place":6260,"uniqueZonesTaken":15,"region":{"name":"Västra Götaland","id":132}}},{"sender":{"country":"se","medals":[93,53,100,33,12,6],"zones":[76647,92696,97835,27055],"pointsPerHour":21,"points":33095,"blocktime":930,"taken":651,"name":"HLN","totalPoints":134605,"rank":22,"id":296721,"place":1824,"uniqueZonesTaken":120,"region":{"name":"Stockholm","id":141}},"time":"2023-01-30T15:32:40+0000","message":"Svensings: 😍","region":{"name":"Stockholm","id":141},"type":"chat"}]