[{"medal":85,"time":"2023-01-31T11:51:51+0000","type":"medal","user":{"country":"gb","medals":[80,85],"zones":[487751,354503,354502,354497,418721,321547],"pointsPerHour":0,"points":1882,"blocktime":660,"taken":10,"name":"captaincasey","totalPoints":1882,"rank":4,"id":385470,"place":6287,"uniqueZonesTaken":8,"region":{"name":"Scotland","id":200}}},{"medal":86,"time":"2023-01-31T11:45:15+0000","type":"medal","user":{"country":"se","medals":[92,90,52,86],"zones":[14657,18881,14146,777,95821,12046,12047,12048,12049,319446,115890,490462,1242,18906,1243],"pointsPerHour":0,"points":8749,"blocktime":720,"taken":50,"name":"Nyp","totalPoints":8749,"rank":8,"id":385468,"place":6286,"uniqueZonesTaken":39,"region":{"name":"Västra Götaland","id":132}}}]