[{"medal":32,"time":"2023-01-30T16:01:41+0000","type":"medal","user":{"country":"se","medals":[93,100,11,53,90,32],"zones":[431043,463042,41798,111367,430670,29515,92234,515659,109068,14613,14616,12124,12125,12131,185313,226854,41772,41837,35950,41839,41776,35952,41841,41781],"pointsPerHour":0,"points":33792,"blocktime":795,"taken":100,"name":"Ullis_T","totalPoints":33981,"rank":13,"id":384786,"place":6261,"uniqueZonesTaken":76,"region":{"name":"Stockholm","id":141}}},{"medal":31,"time":"2023-01-30T15:59:00+0000","type":"medal","user":{"country":"se","medals":[92,52,31],"zones":[7367,206859,278620,7369,76648,8218,29260],"pointsPerHour":0,"points":5452,"blocktime":690,"taken":25,"name":"böcker","totalPoints":5452,"rank":6,"id":385377,"place":6260,"uniqueZonesTaken":23,"region":{"name":"Stockholm","id":141}}}]