[{"zone":{"previousOwner":{"name":"Scrotum","id":94460},"dateCreated":"2012-02-09T18:48:48+0000","dateLastTaken":"2021-06-12T23:56:31+0000","latitude":63.828133,"currentOwner":{"name":"randy55","id":212220},"name":"HomeroadZone","id":6161,"totalTakeovers":16155,"region":{"country":"se","name":"Västerbotten","id":127},"pointsPerHour":8,"longitude":20.274199,"takeoverPoints":80},"latitude":63.828133,"currentOwner":{"name":"randy55","id":212220},"time":"2021-06-12T23:56:31+0000","type":"takeover","longitude":20.274199},{"zone":{"previousOwner":{"name":"Lavinia","id":305950},"dateCreated":"2012-03-27T14:23:43+0000","dateLastTaken":"2021-06-12T23:56:09+0000","latitude":59.246916,"currentOwner":{"name":"Nathan-Drake","id":328067},"name":"WhiteZone","id":7478,"totalTakeovers":4231,"region":{"country":"se","name":"Stockholm","id":141},"pointsPerHour":7,"longitude":18.031441,"takeoverPoints":95},"latitude":59.246916,"currentOwner":{"name":"Nathan-Drake","id":328067},"time":"2021-06-12T23:56:09+0000","type":"takeover","longitude":18.031441},{"zone":{"previousOwner":{"name":"praktikus","id":64871},"dateCreated":"2015-03-07T11:11:41+0000","dateLastTaken":"2021-06-12T23:56:09+0000","latitude":63.815659,"currentOwner":{"name":"inda7","id":61103},"name":"Ålidhöjd","id":46352,"totalTakeovers":23399,"region":{"country":"se","name":"Västerbotten","id":127},"pointsPerHour":9,"longitude":20.318151,"takeoverPoints":65},"latitude":63.815659,"currentOwner":{"name":"inda7","id":61103},"time":"2021-06-12T23:56:09+0000","type":"takeover","longitude":20.318151},{"zone":{"previousOwner":{"name":"Röste","id":107099},"dateCreated":"2012-04-22T11:30:00+0000","dateLastTaken":"2021-06-12T23:56:09+0000","latitude":60.663496,"currentOwner":{"name":"Naset","id":156696},"name":"ColonylotZone","id":8328,"totalTakeovers":8174,"region":{"country":"se","name":"Gävleborg","id":144},"pointsPerHour":6,"longitude":17.162272,"takeoverPoints":110},"latitude":60.663496,"currentOwner":{"name":"Naset","id":156696},"time":"2021-06-12T23:56:09+0000","type":"takeover","longitude":17.162272},{"zone":{"previousOwner":{"name":"Maqqan","id":23709},"dateLastTaken":"2021-06-12T23:56:06+0000","latitude":59.305933,"totalTakeovers":3800,"pointsPerHour":4,"takeoverPoints":140,"dateCreated":"2013-01-01T15:00:00+0000","currentOwner":{"name":"sukram81","id":186555},"name":"Lötstigen","id":12511,"region":{"country":"se","name":"Värmland","id":130},"longitude":14.109505},"latitude":59.305933,"currentOwner":{"name":"sukram81","id":186555},"time":"2021-06-12T23:56:06+0000","type":"takeover","longitude":14.109505},{"zone":{"previousOwner":{"name":"Scott63","id":207476},"dateCreated":"2011-12-12T22:00:00+0000","dateLastTaken":"2021-06-12T23:55:58+0000","latitude":63.844592,"currentOwner":{"name":"Cykeltalibanen","id":267525},"name":"InfantryZone","id":5404,"totalTakeovers":12280,"region":{"country":"se","name":"Västerbotten","id":127},"pointsPerHour":8,"longitude":20.278181,"takeoverPoints":80},"latitude":63.844592,"currentOwner":{"name":"Cykeltalibanen","id":267525},"time":"2021-06-12T23:55:58+0000","type":"takeover","longitude":20.278181},{"zone":{"previousOwner":{"name":"Robsky","id":329614},"dateCreated":"2018-09-29T19:17:54+0000","dateLastTaken":"2021-06-12T23:55:45+0000","latitude":63.776889,"currentOwner":{"name":"ZoneBanger","id":144163},"name":"VitaTaket","id":172926,"totalTakeovers":724,"region":{"country":"se","name":"Västerbotten","id":127},"pointsPerHour":4,"longitude":20.388826,"takeoverPoints":140},"latitude":63.776889,"currentOwner":{"name":"ZoneBanger","id":144163},"time":"2021-06-12T23:55:45+0000","type":"takeover","longitude":20.388826},{"zone":{"previousOwner":{"name":"schnappi.jr","id":202503},"dateCreated":"2014-06-11T12:44:04+0000","dateLastTaken":"2021-06-12T23:55:42+0000","latitude":60.590842,"currentOwner":{"name":"Bertil_on_bike","id":273135},"name":"Hälsinggård","id":31416,"totalTakeovers":1715,"region":{"country":"se","name":"Dalarna","id":129},"pointsPerHour":4,"longitude":15.689537,"takeoverPoints":140},"latitude":60.590842,"currentOwner":{"name":"Bertil_on_bike","id":273135},"time":"2021-06-12T23:55:42+0000","type":"takeover","longitude":15.689537},{"zone":{"previousOwner":{"name":"Scrotum","id":94460},"dateCreated":"2011-12-12T22:00:00+0000","dateLastTaken":"2021-06-12T23:55:40+0000","latitude":63.823227,"currentOwner":{"name":"Scott63","id":207476},"name":"EastSchool","id":5395,"totalTakeovers":18556,"region":{"country":"se","name":"Västerbotten","id":127},"pointsPerHour":8,"longitude":20.294842,"takeoverPoints":80},"latitude":63.823227,"currentOwner":{"name":"Scott63","id":207476},"time":"2021-06-12T23:55:40+0000","type":"takeover","longitude":20.294842},{"zone":{"previousOwner":{"name":"Gofika","id":156402},"dateCreated":"2017-10-28T08:00:00+0000","dateLastTaken":"2021-06-12T23:55:28+0000","latitude":59.346492,"currentOwner":{"name":"iTurf","id":38915},"name":"Torsplan","id":135807,"totalTakeovers":5456,"region":{"country":"se","name":"Stockholm","id":141},"pointsPerHour":8,"longitude":18.034852,"takeoverPoints":80},"latitude":59.346492,"currentOwner":{"name":"iTurf","id":38915},"time":"2021-06-12T23:55:28+0000","type":"takeover","longitude":18.034852},{"zone":{"previousOwner":{"name":"LenaI","id":30500},"dateCreated":"2015-07-15T14:30:22+0000","dateLastTaken":"2021-06-12T23:54:47+0000","latitude":63.818384,"currentOwner":{"name":"linkaz","id":101631},"name":"Sportis","id":55788,"totalTakeovers":25469,"region":{"country":"se","name":"Västerbotten","id":127},"pointsPerHour":9,"longitude":20.318373,"takeoverPoints":65},"latitude":63.818384,"currentOwner":{"name":"linkaz","id":101631},"time":"2021-06-12T23:54:47+0000","type":"takeover","longitude":20.318373},{"zone":{"previousOwner":{"name":"Scrotum","id":94460},"dateCreated":"2015-03-29T19:06:05+0000","dateLastTaken":"2021-06-12T23:54:40+0000","latitude":63.830097,"currentOwner":{"name":"randy55","id":212220},"name":"Riddarzon","id":47617,"totalTakeovers":10448,"region":{"country":"se","name":"Västerbotten","id":127},"pointsPerHour":8,"longitude":20.274196,"takeoverPoints":80},"latitude":63.830097,"currentOwner":{"name":"randy55","id":212220},"time":"2021-06-12T23:54:40+0000","type":"takeover","longitude":20.274196},{"zone":{"previousOwner":{"name":"PelSjo","id":183576},"dateLastTaken":"2021-06-12T23:54:32+0000","latitude":63.845705,"totalTakeovers":7018,"pointsPerHour":7,"takeoverPoints":95,"dateCreated":"2014-06-15T11:02:51+0000","currentOwner":{"name":"Cykeltalibanen","id":267525},"name":"NKyrkogården","id":31560,"region":{"country":"se","name":"Västerbotten","id":127},"longitude":20.283922},"latitude":63.845705,"currentOwner":{"name":"Cykeltalibanen","id":267525},"time":"2021-06-12T23:54:32+0000","type":"takeover","longitude":20.283922},{"zone":{"previousOwner":{"name":"Röste","id":107099},"dateCreated":"2013-09-23T10:00:00+0000","dateLastTaken":"2021-06-12T23:54:20+0000","latitude":60.665351,"currentOwner":{"name":"Naset","id":156696},"name":"TrainHill","id":21798,"totalTakeovers":5860,"region":{"country":"se","name":"Gävleborg","id":144},"pointsPerHour":5,"longitude":17.164969,"takeoverPoints":125},"latitude":60.665351,"currentOwner":{"name":"Naset","id":156696},"time":"2021-06-12T23:54:20+0000","type":"takeover","longitude":17.164969},{"zone":{"previousOwner":{"name":"LeiLar","id":34920},"dateCreated":"2010-10-15T00:00:00+0000","dateLastTaken":"2021-06-12T23:53:46+0000","latitude":63.825537,"currentOwner":{"name":"Scott63","id":207476},"name":"Rockhome","id":997,"totalTakeovers":9467,"region":{"country":"se","name":"Västerbotten","id":127},"pointsPerHour":7,"longitude":20.301564,"takeoverPoints":95},"latitude":63.825537,"currentOwner":{"name":"Scott63","id":207476},"time":"2021-06-12T23:53:46+0000","type":"takeover","longitude":20.301564},{"zone":{"previousOwner":{"name":"schnappi.jr","id":202503},"dateCreated":"2017-12-24T12:00:00+0000","dateLastTaken":"2021-06-12T23:53:41+0000","latitude":60.593374,"currentOwner":{"name":"Bertil_on_bike","id":273135},"name":"Hälsingkonst","id":139407,"totalTakeovers":1191,"region":{"country":"se","name":"Dalarna","id":129},"pointsPerHour":4,"longitude":15.686152,"takeoverPoints":140},"latitude":60.593374,"currentOwner":{"name":"Bertil_on_bike","id":273135},"time":"2021-06-12T23:53:41+0000","type":"takeover","longitude":15.686152},{"zone":{"previousOwner":{"name":"praktikus","id":64871},"dateCreated":"2010-10-15T00:00:00+0000","dateLastTaken":"2021-06-12T23:53:35+0000","latitude":63.818501,"currentOwner":{"name":"linkaz","id":101631},"name":"Farmerzone","id":1003,"totalTakeovers":30589,"region":{"country":"se","name":"Västerbotten","id":127},"pointsPerHour":9,"longitude":20.31442,"takeoverPoints":65},"latitude":63.818501,"currentOwner":{"name":"linkaz","id":101631},"time":"2021-06-12T23:53:35+0000","type":"takeover","longitude":20.31442},{"zone":{"previousOwner":{"name":"Robsky","id":329614},"dateCreated":"2016-12-09T09:09:09+0000","dateLastTaken":"2021-06-12T23:53:25+0000","latitude":63.783142,"currentOwner":{"name":"ZoneBanger","id":144163},"name":"OuterPainting","id":83561,"totalTakeovers":1258,"region":{"country":"se","name":"Västerbotten","id":127},"pointsPerHour":5,"longitude":20.386147,"takeoverPoints":125},"latitude":63.783142,"currentOwner":{"name":"ZoneBanger","id":144163},"time":"2021-06-12T23:53:25+0000","type":"takeover","longitude":20.386147},{"zone":{"previousOwner":{"name":"Jonte67","id":284492},"dateCreated":"2010-09-04T14:41:37+0000","dateLastTaken":"2021-06-12T23:53:21+0000","latitude":55.59647,"currentOwner":{"name":"AnneliCH","id":186304},"name":"Birdzone","id":506,"totalTakeovers":9348,"region":{"country":"se","name":"Skåne","id":135},"pointsPerHour":6,"longitude":12.986076,"takeoverPoints":110},"latitude":55.59647,"currentOwner":{"name":"AnneliCH","id":186304},"time":"2021-06-12T23:53:21+0000","type":"takeover","longitude":12.986076},{"zone":{"previousOwner":{"name":"Taraxacum","id":316693},"dateCreated":"2020-06-23T10:30:54+0000","dateLastTaken":"2021-06-12T23:52:54+0000","latitude":60.40666,"currentOwner":{"name":"Welshman","id":305225},"name":"HeligaVägar","id":317865,"totalTakeovers":189,"region":{"country":"fi","name":"Lounais-Suomi","id":184},"pointsPerHour":3,"longitude":22.343622,"takeoverPoints":155},"latitude":60.40666,"currentOwner":{"name":"Welshman","id":305225},"time":"2021-06-12T23:52:54+0000","type":"takeover","longitude":22.343622},{"zone":{"previousOwner":{"name":"Mattet","id":219968},"dateCreated":"2014-12-28T18:39:54+0000","dateLastTaken":"2021-06-12T23:52:54+0000","latitude":63.844928,"currentOwner":{"name":"Cykeltalibanen","id":267525},"name":"Sandbacka","id":43380,"totalTakeovers":8578,"region":{"country":"se","name":"Västerbotten","id":127},"pointsPerHour":8,"longitude":20.289974,"takeoverPoints":80},"latitude":63.844928,"currentOwner":{"name":"Cykeltalibanen","id":267525},"time":"2021-06-12T23:52:54+0000","type":"takeover","longitude":20.289974},{"zone":{"previousOwner":{"name":"Buzd","id":317315},"dateLastTaken":"2021-06-12T23:52:32+0000","latitude":59.472876,"totalTakeovers":2414,"pointsPerHour":5,"takeoverPoints":125,"dateCreated":"2014-03-28T10:45:11+0000","currentOwner":{"name":"GeoTargus","id":311440},"name":"Stekarbron","id":26169,"region":{"country":"se","name":"Stockholm","id":141},"longitude":17.791818},"latitude":59.472876,"currentOwner":{"name":"GeoTargus","id":311440},"time":"2021-06-12T23:52:32+0000","type":"takeover","longitude":17.791818},{"zone":{"dateCreated":"2020-10-19T10:00:00+0000","dateLastTaken":"2021-06-12T23:52:04+0000","latitude":55.672583,"currentOwner":{"name":"féarglas","id":280861},"name":"Whitelees","id":345682,"totalTakeovers":23,"region":{"country":"gb","name":"Scotland","id":200},"pointsPerHour":1,"longitude":-3.767158,"takeoverPoints":185},"latitude":55.672583,"currentOwner":{"name":"féarglas","id":280861},"time":"2021-06-12T23:52:04+0000","type":"takeover","longitude":-3.767158},{"zone":{"previousOwner":{"name":"Deppen","id":195631},"dateCreated":"2010-07-16T00:00:00+0000","dateLastTaken":"2021-06-12T23:52:01+0000","latitude":59.345035,"currentOwner":{"name":"iTurf","id":38915},"name":"Vanadizone","id":228,"totalTakeovers":16650,"region":{"country":"se","name":"Stockholm","id":141},"pointsPerHour":8,"longitude":18.039636,"takeoverPoints":80},"latitude":59.345035,"currentOwner":{"name":"iTurf","id":38915},"time":"2021-06-12T23:52:01+0000","type":"takeover","longitude":18.039636},{"zone":{"previousOwner":{"name":"Scrotum","id":94460},"dateCreated":"2011-12-12T22:00:00+0000","dateLastTaken":"2021-06-12T23:51:57+0000","latitude":63.831365,"currentOwner":{"name":"randy55","id":212220},"name":"Ståltrådsdam","id":5403,"totalTakeovers":17590,"region":{"country":"se","name":"Västerbotten","id":127},"pointsPerHour":8,"longitude":20.278565,"takeoverPoints":80},"latitude":63.831365,"currentOwner":{"name":"randy55","id":212220},"time":"2021-06-12T23:51:57+0000","type":"takeover","longitude":20.278565},{"zone":{"previousOwner":{"name":"LeiLar","id":34920},"dateCreated":"2012-03-30T19:17:55+0000","dateLastTaken":"2021-06-12T23:51:53+0000","latitude":63.82041,"currentOwner":{"name":"linkaz","id":101631},"name":"TechnoHouse","id":7700,"totalTakeovers":32750,"region":{"country":"se","name":"Västerbotten","id":127},"pointsPerHour":9,"longitude":20.310951,"takeoverPoints":65},"latitude":63.82041,"currentOwner":{"name":"linkaz","id":101631},"time":"2021-06-12T23:51:53+0000","type":"takeover","longitude":20.310951},{"zone":{"previousOwner":{"name":"Havs-sula","id":329563},"dateCreated":"2018-09-21T14:00:00+0000","dateLastTaken":"2021-06-12T23:51:50+0000","latitude":63.787078,"currentOwner":{"name":"ZoneBanger","id":144163},"name":"VidTavlan","id":168220,"totalTakeovers":952,"region":{"country":"se","name":"Västerbotten","id":127},"pointsPerHour":5,"longitude":20.384864,"takeoverPoints":125},"latitude":63.787078,"currentOwner":{"name":"ZoneBanger","id":144163},"time":"2021-06-12T23:51:50+0000","type":"takeover","longitude":20.384864},{"zone":{"previousOwner":{"name":"Jonte67","id":284492},"dateCreated":"2013-07-06T17:30:00+0000","dateLastTaken":"2021-06-12T23:51:42+0000","latitude":55.598767,"currentOwner":{"name":"AnneliCH","id":186304},"name":"EnergyZone","id":20631,"totalTakeovers":9857,"region":{"country":"se","name":"Skåne","id":135},"pointsPerHour":7,"longitude":12.987745,"takeoverPoints":95},"latitude":55.598767,"currentOwner":{"name":"AnneliCH","id":186304},"time":"2021-06-12T23:51:42+0000","type":"takeover","longitude":12.987745},{"zone":{"previousOwner":{"name":"iTurf","id":38915},"dateCreated":"2013-09-11T23:40:00+0000","dateLastTaken":"2021-06-12T23:51:36+0000","latitude":59.341765,"currentOwner":{"name":"Thant","id":327074},"name":"Valhallén","id":21541,"totalTakeovers":9496,"region":{"country":"se","name":"Stockholm","id":141},"pointsPerHour":8,"longitude":18.086571,"takeoverPoints":80},"latitude":59.341765,"currentOwner":{"name":"Thant","id":327074},"time":"2021-06-12T23:51:36+0000","type":"takeover","longitude":18.086571},{"zone":{"previousOwner":{"name":"EQ","id":200915},"dateCreated":"2017-01-16T21:07:11+0000","dateLastTaken":"2021-06-12T23:51:13+0000","latitude":63.847644,"currentOwner":{"name":"Cykeltalibanen","id":267525},"name":"Utterskogen","id":94502,"totalTakeovers":7981,"region":{"country":"se","name":"Västerbotten","id":127},"pointsPerHour":8,"longitude":20.296403,"takeoverPoints":80},"latitude":63.847644,"currentOwner":{"name":"Cykeltalibanen","id":267525},"time":"2021-06-12T23:51:13+0000","type":"takeover","longitude":20.296403},{"zone":{"previousOwner":{"name":"Taraxacum","id":316693},"dateCreated":"2020-06-25T03:31:50+0000","dateLastTaken":"2021-06-12T23:51:02+0000","latitude":60.40671,"currentOwner":{"name":"Welshman","id":305225},"name":"KidsZoo","id":317866,"totalTakeovers":185,"region":{"country":"fi","name":"Lounais-Suomi","id":184},"pointsPerHour":3,"longitude":22.337079,"takeoverPoints":155},"latitude":60.40671,"currentOwner":{"name":"Welshman","id":305225},"time":"2021-06-12T23:51:02+0000","type":"takeover","longitude":22.337079},{"zone":{"previousOwner":{"name":"ESOCWalter","id":280133},"dateCreated":"2021-03-15T19:03:02+0000","dateLastTaken":"2021-06-12T23:51:01+0000","latitude":55.858705,"currentOwner":{"name":"PlanetGary","id":303237},"name":"UpperDalPath","id":393123,"totalTakeovers":8,"region":{"country":"gb","name":"Scotland","id":200},"pointsPerHour":1,"longitude":-3.091441,"takeoverPoints":185},"latitude":55.858705,"currentOwner":{"name":"PlanetGary","id":303237},"time":"2021-06-12T23:51:01+0000","type":"takeover","longitude":-3.091441},{"zone":{"previousOwner":{"name":"umefredrik","id":35038},"dateCreated":"2012-05-15T22:36:50+0000","dateLastTaken":"2021-06-12T23:50:50+0000","latitude":63.828332,"currentOwner":{"name":"Scott63","id":207476},"name":"SkiTrack","id":9086,"totalTakeovers":6513,"region":{"country":"se","name":"Västerbotten","id":127},"pointsPerHour":6,"longitude":20.307483,"takeoverPoints":110},"latitude":63.828332,"currentOwner":{"name":"Scott63","id":207476},"time":"2021-06-12T23:50:50+0000","type":"takeover","longitude":20.307483},{"zone":{"previousOwner":{"name":"Scrotum","id":94460},"dateCreated":"2010-10-15T00:00:00+0000","dateLastTaken":"2021-06-12T23:50:22+0000","latitude":63.83264,"currentOwner":{"name":"randy55","id":212220},"name":"HissRegemente","id":1005,"totalTakeovers":19592,"region":{"country":"se","name":"Västerbotten","id":127},"pointsPerHour":8,"longitude":20.274142,"takeoverPoints":80},"latitude":63.83264,"currentOwner":{"name":"randy55","id":212220},"time":"2021-06-12T23:50:22+0000","type":"takeover","longitude":20.274142},{"zone":{"previousOwner":{"name":"umefredrik","id":35038},"dateCreated":"2017-05-11T07:17:48+0000","dateLastTaken":"2021-06-12T23:50:06+0000","latitude":63.823433,"currentOwner":{"name":"linkaz","id":101631},"name":"Brännbollsyra","id":107911,"totalTakeovers":12897,"region":{"country":"se","name":"Västerbotten","id":127},"pointsPerHour":9,"longitude":20.309473,"takeoverPoints":65},"latitude":63.823433,"currentOwner":{"name":"linkaz","id":101631},"time":"2021-06-12T23:50:06+0000","type":"takeover","longitude":20.309473},{"zone":{"previousOwner":{"name":"Jonte67","id":284492},"dateCreated":"2016-12-24T10:00:00+0000","dateLastTaken":"2021-06-12T23:50:05+0000","latitude":55.596606,"currentOwner":{"name":"AnneliCH","id":186304},"name":"Kruthornet","id":93086,"totalTakeovers":7104,"region":{"country":"se","name":"Skåne","id":135},"pointsPerHour":7,"longitude":12.989853,"takeoverPoints":95},"latitude":55.596606,"currentOwner":{"name":"AnneliCH","id":186304},"time":"2021-06-12T23:50:05+0000","type":"takeover","longitude":12.989853},{"zone":{"previousOwner":{"name":"Grubben","id":198667},"dateCreated":"2014-04-06T10:00:00+0000","dateLastTaken":"2021-06-12T23:49:20+0000","latitude":63.846742,"currentOwner":{"name":"Cykeltalibanen","id":267525},"name":"Lodjuret","id":27911,"totalTakeovers":10156,"region":{"country":"se","name":"Västerbotten","id":127},"pointsPerHour":8,"longitude":20.302255,"takeoverPoints":80},"latitude":63.846742,"currentOwner":{"name":"Cykeltalibanen","id":267525},"time":"2021-06-12T23:49:20+0000","type":"takeover","longitude":20.302255},{"zone":{"previousOwner":{"name":"Karamella","id":158664},"dateCreated":"2012-05-09T10:06:33+0000","dateLastTaken":"2021-06-12T23:49:18+0000","latitude":60.617455,"currentOwner":{"name":"Yxskaft","id":92400},"name":"EastRiverBath","id":8763,"totalTakeovers":8831,"region":{"country":"se","name":"Dalarna","id":129},"pointsPerHour":6,"longitude":15.615857,"takeoverPoints":110},"latitude":60.617455,"currentOwner":{"name":"Yxskaft","id":92400},"time":"2021-06-12T23:49:18+0000","type":"takeover","longitude":15.615857},{"zone":{"previousOwner":{"name":"LeiLar","id":34920},"dateCreated":"2011-09-03T19:05:47+0000","dateLastTaken":"2021-06-12T23:49:09+0000","latitude":63.830429,"currentOwner":{"name":"Scott63","id":207476},"name":"RaspZone","id":2997,"totalTakeovers":8370,"region":{"country":"se","name":"Västerbotten","id":127},"pointsPerHour":7,"longitude":20.311512,"takeoverPoints":95},"latitude":63.830429,"currentOwner":{"name":"Scott63","id":207476},"time":"2021-06-12T23:49:09+0000","type":"takeover","longitude":20.311512},{"zone":{"dateCreated":"2020-10-19T10:00:00+0000","dateLastTaken":"2021-06-12T23:48:59+0000","latitude":55.673511,"currentOwner":{"name":"féarglas","id":280861},"name":"LanarkStation","id":345665,"totalTakeovers":24,"region":{"country":"gb","name":"Scotland","id":200},"pointsPerHour":1,"longitude":-3.772585,"takeoverPoints":185},"latitude":55.673511,"currentOwner":{"name":"féarglas","id":280861},"time":"2021-06-12T23:48:59+0000","type":"takeover","longitude":-3.772585},{"zone":{"previousOwner":{"name":"Taraxacum","id":316693},"dateCreated":"2020-06-25T02:18:52+0000","dateLastTaken":"2021-06-12T23:48:46+0000","latitude":60.405741,"currentOwner":{"name":"Welshman","id":305225},"name":"Ahti","id":317860,"totalTakeovers":204,"region":{"country":"fi","name":"Lounais-Suomi","id":184},"pointsPerHour":3,"longitude":22.330802,"takeoverPoints":155},"latitude":60.405741,"currentOwner":{"name":"Welshman","id":305225},"time":"2021-06-12T23:48:46+0000","type":"takeover","longitude":22.330802},{"zone":{"previousOwner":{"name":"umefredrik","id":35038},"dateCreated":"2012-03-30T21:53:03+0000","dateLastTaken":"2021-06-12T23:48:37+0000","latitude":63.825779,"currentOwner":{"name":"linkaz","id":101631},"name":"MountLily","id":7704,"totalTakeovers":17648,"region":{"country":"se","name":"Västerbotten","id":127},"pointsPerHour":8,"longitude":20.311696,"takeoverPoints":80},"latitude":63.825779,"currentOwner":{"name":"linkaz","id":101631},"time":"2021-06-12T23:48:37+0000","type":"takeover","longitude":20.311696},{"zone":{"previousOwner":{"name":"Scrotum","id":94460},"dateCreated":"2014-12-11T23:20:41+0000","dateLastTaken":"2021-06-12T23:48:22+0000","latitude":63.834203,"currentOwner":{"name":"randy55","id":212220},"name":"Utmarksbäcken","id":42689,"totalTakeovers":11156,"region":{"country":"se","name":"Västerbotten","id":127},"pointsPerHour":8,"longitude":20.270687,"takeoverPoints":80},"latitude":63.834203,"currentOwner":{"name":"randy55","id":212220},"time":"2021-06-12T23:48:22+0000","type":"takeover","longitude":20.270687},{"zone":{"previousOwner":{"name":"hotbike","id":310089},"dateCreated":"2021-02-21T23:12:57+0000","dateLastTaken":"2021-06-12T23:48:19+0000","latitude":44.945908,"currentOwner":{"name":"magikmama","id":304387},"name":"BryantSq","id":387488,"totalTakeovers":59,"region":{"country":"us","name":"Minnesota","id":405},"pointsPerHour":2,"longitude":-93.289704,"takeoverPoints":170},"latitude":44.945908,"currentOwner":{"name":"magikmama","id":304387},"time":"2021-06-12T23:48:19+0000","type":"takeover","longitude":-93.289704},{"zone":{"previousOwner":{"name":"Bont","id":90307},"dateCreated":"2014-12-11T23:09:03+0000","dateLastTaken":"2021-06-12T23:48:18+0000","latitude":63.846168,"currentOwner":{"name":"Cykeltalibanen","id":267525},"name":"GråbenÄrNära","id":42686,"totalTakeovers":9327,"region":{"country":"se","name":"Västerbotten","id":127},"pointsPerHour":8,"longitude":20.306202,"takeoverPoints":80},"latitude":63.846168,"currentOwner":{"name":"Cykeltalibanen","id":267525},"time":"2021-06-12T23:48:18+0000","type":"takeover","longitude":20.306202},{"zone":{"previousOwner":{"name":"busdriver","id":21002},"dateCreated":"2010-09-04T14:41:37+0000","dateLastTaken":"2021-06-12T23:48:11+0000","latitude":55.596439,"currentOwner":{"name":"AnneliCH","id":186304},"name":"Roskilde","id":513,"totalTakeovers":9882,"region":{"country":"se","name":"Skåne","id":135},"pointsPerHour":7,"longitude":12.994827,"takeoverPoints":95},"latitude":55.596439,"currentOwner":{"name":"AnneliCH","id":186304},"time":"2021-06-12T23:48:11+0000","type":"takeover","longitude":12.994827},{"zone":{"previousOwner":{"name":"Deppen","id":195631},"dateCreated":"2015-01-31T13:15:00+0000","dateLastTaken":"2021-06-12T23:48:00+0000","latitude":59.349049,"currentOwner":{"name":"iTurf","id":38915},"name":"RödaBerget","id":44275,"totalTakeovers":5047,"region":{"country":"se","name":"Stockholm","id":141},"pointsPerHour":8,"longitude":18.042949,"takeoverPoints":80},"latitude":59.349049,"currentOwner":{"name":"iTurf","id":38915},"time":"2021-06-12T23:48:00+0000","type":"takeover","longitude":18.042949},{"zone":{"previousOwner":{"name":"ZoneBanger","id":144163},"dateCreated":"2018-09-29T03:00:00+0000","dateLastTaken":"2021-06-12T23:47:58+0000","latitude":63.83254,"currentOwner":{"name":"Scott63","id":207476},"name":"Stadsliden","id":169301,"totalTakeovers":3110,"region":{"country":"se","name":"Västerbotten","id":127},"pointsPerHour":8,"longitude":20.311531,"takeoverPoints":80},"latitude":63.83254,"currentOwner":{"name":"Scott63","id":207476},"time":"2021-06-12T23:47:58+0000","type":"takeover","longitude":20.311531},{"zone":{"dateCreated":"2021-02-05T13:00:00+0000","dateLastTaken":"2021-06-12T23:47:37+0000","latitude":55.672413,"currentOwner":{"name":"féarglas","id":280861},"name":"HolyLanark","id":381273,"totalTakeovers":13,"region":{"country":"gb","name":"Scotland","id":200},"pointsPerHour":1,"longitude":-3.773419,"takeoverPoints":185},"latitude":55.672413,"currentOwner":{"name":"féarglas","id":280861},"time":"2021-06-12T23:47:37+0000","type":"takeover","longitude":-3.773419},{"zone":{"previousOwner":{"name":"bengtbbb","id":64627},"dateCreated":"2018-09-17T19:00:00+0000","dateLastTaken":"2021-06-12T23:47:30+0000","latitude":63.793696,"currentOwner":{"name":"ZoneBanger","id":144163},"name":"Sandalen","id":166218,"totalTakeovers":566,"region":{"country":"se","name":"Västerbotten","id":127},"pointsPerHour":5,"longitude":20.369696,"takeoverPoints":125},"latitude":63.793696,"currentOwner":{"name":"ZoneBanger","id":144163},"time":"2021-06-12T23:47:30+0000","type":"takeover","longitude":20.369696},{"zone":{"previousOwner":{"name":"theMoffe","id":278042},"dateCreated":"2017-07-23T09:00:00+0000","dateLastTaken":"2021-06-12T23:46:54+0000","latitude":59.464578,"currentOwner":{"name":"HeyJune!","id":254091},"name":"CuckooCross","id":111125,"totalTakeovers":1402,"region":{"country":"se","name":"Stockholm","id":141},"pointsPerHour":4,"longitude":18.03195,"takeoverPoints":140},"latitude":59.464578,"currentOwner":{"name":"HeyJune!","id":254091},"time":"2021-06-12T23:46:54+0000","type":"takeover","longitude":18.03195},{"zone":{"previousOwner":{"name":"windman","id":41893},"dateLastTaken":"2021-06-12T23:46:51+0000","latitude":55.59438,"totalTakeovers":10795,"pointsPerHour":8,"takeoverPoints":80,"dateCreated":"2015-02-02T20:43:50+0000","currentOwner":{"name":"AnneliCH","id":186304},"name":"X-zon","id":44333,"region":{"country":"se","name":"Skåne","id":135},"longitude":12.993023},"latitude":55.59438,"currentOwner":{"name":"AnneliCH","id":186304},"time":"2021-06-12T23:46:51+0000","type":"takeover","longitude":12.993023},{"zone":{"previousOwner":{"name":"Bont","id":90307},"dateCreated":"2011-09-07T18:38:57+0000","dateLastTaken":"2021-06-12T23:46:43+0000","latitude":63.844911,"currentOwner":{"name":"Cykeltalibanen","id":267525},"name":"UmePlay","id":3165,"totalTakeovers":12669,"region":{"country":"se","name":"Västerbotten","id":127},"pointsPerHour":8,"longitude":20.308965,"takeoverPoints":80},"latitude":63.844911,"currentOwner":{"name":"Cykeltalibanen","id":267525},"time":"2021-06-12T23:46:43+0000","type":"takeover","longitude":20.308965},{"zone":{"previousOwner":{"name":"ZoneBanger","id":144163},"dateCreated":"2011-09-15T10:00:00+0000","dateLastTaken":"2021-06-12T23:46:41+0000","latitude":63.833846,"currentOwner":{"name":"Scott63","id":207476},"name":"BurnBallBro","id":3441,"totalTakeovers":10862,"region":{"country":"se","name":"Västerbotten","id":127},"pointsPerHour":8,"longitude":20.316827,"takeoverPoints":80},"latitude":63.833846,"currentOwner":{"name":"Scott63","id":207476},"time":"2021-06-12T23:46:41+0000","type":"takeover","longitude":20.316827},{"zone":{"previousOwner":{"name":"Kloska","id":115576},"dateCreated":"2015-02-07T21:12:56+0000","dateLastTaken":"2021-06-12T23:46:23+0000","latitude":63.855734,"currentOwner":{"name":"EQ","id":200915},"name":"TrågZone","id":44554,"totalTakeovers":9464,"region":{"country":"se","name":"Västerbotten","id":127},"pointsPerHour":7,"longitude":20.328026,"takeoverPoints":95},"latitude":63.855734,"currentOwner":{"name":"EQ","id":200915},"time":"2021-06-12T23:46:23+0000","type":"takeover","longitude":20.328026},{"zone":{"previousOwner":{"name":"umefredrik","id":35038},"dateCreated":"2012-03-30T21:56:05+0000","dateLastTaken":"2021-06-12T23:46:22+0000","latitude":63.829864,"currentOwner":{"name":"inda7","id":61103},"name":"TransportStop","id":7705,"totalTakeovers":11186,"region":{"country":"se","name":"Västerbotten","id":127},"pointsPerHour":8,"longitude":20.317326,"takeoverPoints":80},"latitude":63.829864,"currentOwner":{"name":"inda7","id":61103},"time":"2021-06-12T23:46:22+0000","type":"takeover","longitude":20.317326},{"zone":{"previousOwner":{"name":"Pappa_Knas","id":116971},"dateCreated":"2012-04-15T22:02:29+0000","dateLastTaken":"2021-06-12T23:46:12+0000","latitude":59.347002,"currentOwner":{"name":"iTurf","id":38915},"name":"Västeråsgatan","id":8238,"totalTakeovers":10272,"region":{"country":"se","name":"Stockholm","id":141},"pointsPerHour":8,"longitude":18.044161,"takeoverPoints":80},"latitude":59.347002,"currentOwner":{"name":"iTurf","id":38915},"time":"2021-06-12T23:46:12+0000","type":"takeover","longitude":18.044161},{"zone":{"previousOwner":{"name":"iTurf","id":38915},"dateCreated":"2012-04-17T22:28:51+0000","dateLastTaken":"2021-06-12T23:46:04+0000","latitude":59.341071,"currentOwner":{"name":"Thant","id":327074},"name":"TessinSouth","id":8304,"totalTakeovers":16925,"region":{"country":"se","name":"Stockholm","id":141},"pointsPerHour":8,"longitude":18.093087,"takeoverPoints":80},"latitude":59.341071,"currentOwner":{"name":"Thant","id":327074},"time":"2021-06-12T23:46:04+0000","type":"takeover","longitude":18.093087},{"zone":{"previousOwner":{"name":"EwaCla","id":329347},"dateCreated":"2014-12-11T23:14:30+0000","dateLastTaken":"2021-06-12T23:45:54+0000","latitude":63.838057,"currentOwner":{"name":"cotten","id":30036},"name":"IndasGuld","id":42688,"totalTakeovers":7860,"region":{"country":"se","name":"Västerbotten","id":127},"pointsPerHour":7,"longitude":20.225331,"takeoverPoints":95},"latitude":63.838057,"currentOwner":{"name":"cotten","id":30036},"time":"2021-06-12T23:45:54+0000","type":"takeover","longitude":20.225331},{"zone":{"previousOwner":{"name":"Mattet","id":219968},"dateCreated":"2011-09-15T10:00:00+0000","dateLastTaken":"2021-06-12T23:45:30+0000","latitude":63.835209,"currentOwner":{"name":"randy55","id":212220},"name":"Sandaparken","id":3440,"totalTakeovers":15041,"region":{"country":"se","name":"Västerbotten","id":127},"pointsPerHour":7,"longitude":20.278954,"takeoverPoints":95},"latitude":63.835209,"currentOwner":{"name":"randy55","id":212220},"time":"2021-06-12T23:45:30+0000","type":"takeover","longitude":20.278954},{"zone":{"previousOwner":{"name":"Király","id":169417},"dateCreated":"2010-09-02T00:00:00+0000","dateLastTaken":"2021-06-12T23:45:16+0000","latitude":55.592739,"currentOwner":{"name":"AnneliCH","id":186304},"name":"TreesZone","id":399,"totalTakeovers":9759,"region":{"country":"se","name":"Skåne","id":135},"pointsPerHour":7,"longitude":12.989719,"takeoverPoints":95},"latitude":55.592739,"currentOwner":{"name":"AnneliCH","id":186304},"time":"2021-06-12T23:45:16+0000","type":"takeover","longitude":12.989719},{"zone":{"previousOwner":{"name":"ZoneBanger","id":144163},"dateCreated":"2012-11-09T19:20:29+0000","dateLastTaken":"2021-06-12T23:45:14+0000","latitude":63.836298,"currentOwner":{"name":"Scott63","id":207476},"name":"Frisbeekåtan","id":11861,"totalTakeovers":4362,"region":{"country":"se","name":"Västerbotten","id":127},"pointsPerHour":5,"longitude":20.313028,"takeoverPoints":125},"latitude":63.836298,"currentOwner":{"name":"Scott63","id":207476},"time":"2021-06-12T23:45:14+0000","type":"takeover","longitude":20.313028},{"zone":{"previousOwner":{"name":"magikmama","id":304387},"dateLastTaken":"2021-06-12T23:44:32+0000","latitude":44.948434,"totalTakeovers":9,"pointsPerHour":1,"takeoverPoints":185,"dateCreated":"2021-06-02T17:38:09+0000","currentOwner":{"name":"Bstat","id":303529},"name":"TakeASeat","id":425009,"region":{"country":"us","name":"Minnesota","id":405},"longitude":-93.202317},"latitude":44.948434,"currentOwner":{"name":"Bstat","id":303529},"time":"2021-06-12T23:44:32+0000","type":"takeover","longitude":-93.202317},{"zone":{"previousOwner":{"name":"KSV","id":122606},"dateCreated":"2015-08-28T15:53:20+0000","dateLastTaken":"2021-06-12T23:44:32+0000","latitude":59.345929,"currentOwner":{"name":"iTurf","id":38915},"name":"Enkehusparken","id":56770,"totalTakeovers":6377,"region":{"country":"se","name":"Stockholm","id":141},"pointsPerHour":8,"longitude":18.046649,"takeoverPoints":80},"latitude":59.345929,"currentOwner":{"name":"iTurf","id":38915},"time":"2021-06-12T23:44:32+0000","type":"takeover","longitude":18.046649},{"zone":{"previousOwner":{"name":"theMoffe","id":278042},"dateCreated":"2017-04-15T08:00:00+0000","dateLastTaken":"2021-06-12T23:44:25+0000","latitude":59.466427,"currentOwner":{"name":"HeyJune!","id":254091},"name":"VallaPool","id":98136,"totalTakeovers":1293,"region":{"country":"se","name":"Stockholm","id":141},"pointsPerHour":4,"longitude":18.037043,"takeoverPoints":140},"latitude":59.466427,"currentOwner":{"name":"HeyJune!","id":254091},"time":"2021-06-12T23:44:25+0000","type":"takeover","longitude":18.037043},{"zone":{"previousOwner":{"name":"Cykeltoken","id":227739},"dateCreated":"2013-07-07T22:33:53+0000","dateLastTaken":"2021-06-12T23:44:13+0000","latitude":63.85196,"currentOwner":{"name":"EQ","id":200915},"name":"OstZone","id":20693,"totalTakeovers":15206,"region":{"country":"se","name":"Västerbotten","id":127},"pointsPerHour":8,"longitude":20.329228,"takeoverPoints":80},"latitude":63.85196,"currentOwner":{"name":"EQ","id":200915},"time":"2021-06-12T23:44:13+0000","type":"takeover","longitude":20.329228},{"zone":{"previousOwner":{"name":"hotbike","id":310089},"dateCreated":"2021-02-09T18:53:42+0000","dateLastTaken":"2021-06-12T23:44:08+0000","latitude":44.942737,"currentOwner":{"name":"Heathenmomma","id":317592},"name":"PainterCorner","id":381764,"totalTakeovers":75,"region":{"country":"us","name":"Minnesota","id":405},"pointsPerHour":2,"longitude":-93.287816,"takeoverPoints":170},"latitude":44.942737,"currentOwner":{"name":"Heathenmomma","id":317592},"time":"2021-06-12T23:44:08+0000","type":"takeover","longitude":-93.287816},{"zone":{"previousOwner":{"name":"MoraIK","id":158799},"dateCreated":"2017-04-23T11:49:15+0000","dateLastTaken":"2021-06-12T23:43:47+0000","latitude":60.619825,"currentOwner":{"name":"Yxskaft","id":92400},"name":"Korvstoppet","id":99924,"totalTakeovers":6626,"region":{"country":"se","name":"Dalarna","id":129},"pointsPerHour":7,"longitude":15.61901,"takeoverPoints":95},"latitude":60.619825,"currentOwner":{"name":"Yxskaft","id":92400},"time":"2021-06-12T23:43:47+0000","type":"takeover","longitude":15.61901},{"zone":{"previousOwner":{"name":"Király","id":169417},"dateCreated":"2017-02-24T06:00:00+0000","dateLastTaken":"2021-06-12T23:43:45+0000","latitude":55.590997,"currentOwner":{"name":"AnneliCH","id":186304},"name":"BaltMaggan","id":95223,"totalTakeovers":6388,"region":{"country":"se","name":"Skåne","id":135},"pointsPerHour":7,"longitude":12.99209,"takeoverPoints":95},"latitude":55.590997,"currentOwner":{"name":"AnneliCH","id":186304},"time":"2021-06-12T23:43:45+0000","type":"takeover","longitude":12.99209},{"zone":{"previousOwner":{"name":"MRXCOOL","id":146014},"dateCreated":"2015-08-28T16:00:00+0000","dateLastTaken":"2021-06-12T23:43:43+0000","latitude":59.476719,"currentOwner":{"name":"GeoTargus","id":311440},"name":"Trollez","id":56615,"totalTakeovers":631,"region":{"country":"se","name":"Stockholm","id":141},"pointsPerHour":3,"longitude":17.798566,"takeoverPoints":155},"latitude":59.476719,"currentOwner":{"name":"GeoTargus","id":311440},"time":"2021-06-12T23:43:43+0000","type":"takeover","longitude":17.798566},{"zone":{"previousOwner":{"name":"@Ammarnäs_Wear","id":316890},"dateCreated":"2013-07-07T22:57:26+0000","dateLastTaken":"2021-06-12T23:43:42+0000","latitude":63.837137,"currentOwner":{"name":"cotten","id":30036},"name":"TimotejPark","id":20695,"totalTakeovers":10302,"region":{"country":"se","name":"Västerbotten","id":127},"pointsPerHour":7,"longitude":20.234363,"takeoverPoints":95},"latitude":63.837137,"currentOwner":{"name":"cotten","id":30036},"time":"2021-06-12T23:43:42+0000","type":"takeover","longitude":20.234363},{"zone":{"previousOwner":{"name":"vuuv","id":312612},"dateCreated":"2016-06-17T09:52:57+0000","dateLastTaken":"2021-06-12T23:43:37+0000","latitude":55.611407,"currentOwner":{"name":"TXL","id":62645},"name":"Dalhemsport","id":78745,"totalTakeovers":1982,"region":{"country":"se","name":"Skåne","id":135},"pointsPerHour":5,"longitude":13.042528,"takeoverPoints":125},"latitude":55.611407,"currentOwner":{"name":"TXL","id":62645},"time":"2021-06-12T23:43:37+0000","type":"takeover","longitude":13.042528},{"zone":{"previousOwner":{"name":"heff2","id":180382},"dateCreated":"2021-05-15T08:17:18+0000","dateLastTaken":"2021-06-12T23:43:19+0000","latitude":59.509077,"currentOwner":{"name":"Slåttermannen","id":241987},"name":"Talgoxerasten","id":411370,"totalTakeovers":25,"region":{"country":"se","name":"Värmland","id":130},"pointsPerHour":3,"longitude":13.311217,"takeoverPoints":155},"latitude":59.509077,"currentOwner":{"name":"Slåttermannen","id":241987},"time":"2021-06-12T23:43:19+0000","type":"takeover","longitude":13.311217},{"zone":{"previousOwner":{"name":"Scrotum","id":94460},"dateCreated":"2014-05-31T10:00:00+0000","dateLastTaken":"2021-06-12T23:43:16+0000","latitude":63.836672,"currentOwner":{"name":"randy55","id":212220},"name":"LeafPath","id":30208,"totalTakeovers":12293,"region":{"country":"se","name":"Västerbotten","id":127},"pointsPerHour":7,"longitude":20.283518,"takeoverPoints":95},"latitude":63.836672,"currentOwner":{"name":"randy55","id":212220},"time":"2021-06-12T23:43:16+0000","type":"takeover","longitude":20.283518},{"zone":{"previousOwner":{"name":"jeppe1","id":187874},"dateCreated":"2011-08-29T20:17:49+0000","dateLastTaken":"2021-06-12T23:42:47+0000","latitude":63.852447,"currentOwner":{"name":"EQ","id":200915},"name":"CementZone","id":2890,"totalTakeovers":18339,"region":{"country":"se","name":"Västerbotten","id":127},"pointsPerHour":8,"longitude":20.322459,"takeoverPoints":80},"latitude":63.852447,"currentOwner":{"name":"EQ","id":200915},"time":"2021-06-12T23:42:47+0000","type":"takeover","longitude":20.322459},{"zone":{"previousOwner":{"name":"Cykeltalibanen","id":267525},"dateCreated":"2012-08-27T20:49:05+0000","dateLastTaken":"2021-06-12T23:42:46+0000","latitude":63.837409,"currentOwner":{"name":"inda7","id":61103},"name":"TheFields","id":11124,"totalTakeovers":9060,"region":{"country":"se","name":"Västerbotten","id":127},"pointsPerHour":7,"longitude":20.317387,"takeoverPoints":95},"latitude":63.837409,"currentOwner":{"name":"inda7","id":61103},"time":"2021-06-12T23:42:46+0000","type":"takeover","longitude":20.317387},{"zone":{"dateCreated":"2020-10-19T10:00:00+0000","dateLastTaken":"2021-06-12T23:42:41+0000","latitude":55.673488,"currentOwner":{"name":"féarglas","id":280861},"name":"TheTolbooth","id":345667,"totalTakeovers":28,"region":{"country":"gb","name":"Scotland","id":200},"pointsPerHour":1,"longitude":-3.779358,"takeoverPoints":185},"latitude":55.673488,"currentOwner":{"name":"féarglas","id":280861},"time":"2021-06-12T23:42:41+0000","type":"takeover","longitude":-3.779358},{"zone":{"previousOwner":{"name":"@Ammarnäs_Wear","id":316890},"dateCreated":"2015-03-29T19:03:01+0000","dateLastTaken":"2021-06-12T23:42:40+0000","latitude":63.837126,"currentOwner":{"name":"cotten","id":30036},"name":"MellanHusen","id":47616,"totalTakeovers":8036,"region":{"country":"se","name":"Västerbotten","id":127},"pointsPerHour":7,"longitude":20.238945,"takeoverPoints":95},"latitude":63.837126,"currentOwner":{"name":"cotten","id":30036},"time":"2021-06-12T23:42:40+0000","type":"takeover","longitude":20.238945},{"zone":{"previousOwner":{"name":"theMoffe","id":278042},"dateCreated":"2020-09-03T19:13:36+0000","dateLastTaken":"2021-06-12T23:42:36+0000","latitude":59.464582,"currentOwner":{"name":"HeyJune!","id":254091},"name":"OdlaEnPonny","id":319301,"totalTakeovers":563,"region":{"country":"se","name":"Stockholm","id":141},"pointsPerHour":5,"longitude":18.039912,"takeoverPoints":125},"latitude":59.464582,"currentOwner":{"name":"HeyJune!","id":254091},"time":"2021-06-12T23:42:36+0000","type":"takeover","longitude":18.039912},{"zone":{"previousOwner":{"name":"ESOCWalter","id":280133},"dateLastTaken":"2021-06-12T23:42:29+0000","latitude":55.856852,"totalTakeovers":14,"pointsPerHour":1,"takeoverPoints":185,"dateCreated":"2021-03-13T22:00:00+0000","currentOwner":{"name":"PlanetGary","id":303237},"name":"DeanWoodPath","id":392727,"region":{"country":"gb","name":"Scotland","id":200},"longitude":-3.08641},"latitude":55.856852,"currentOwner":{"name":"PlanetGary","id":303237},"time":"2021-06-12T23:42:29+0000","type":"takeover","longitude":-3.08641},{"zone":{"previousOwner":{"name":"KSV","id":122606},"dateCreated":"2013-04-25T17:58:15+0000","dateLastTaken":"2021-06-12T23:42:28+0000","latitude":59.344698,"currentOwner":{"name":"iTurf","id":38915},"name":"SlayingHorse","id":17485,"totalTakeovers":16229,"region":{"country":"se","name":"Stockholm","id":141},"pointsPerHour":8,"longitude":18.050596,"takeoverPoints":80},"latitude":59.344698,"currentOwner":{"name":"iTurf","id":38915},"time":"2021-06-12T23:42:28+0000","type":"takeover","longitude":18.050596},{"zone":{"previousOwner":{"name":"Király","id":169417},"dateCreated":"2014-04-06T12:40:17+0000","dateLastTaken":"2021-06-12T23:42:08+0000","latitude":55.592355,"currentOwner":{"name":"AnneliCH","id":186304},"name":"Pildammen","id":27831,"totalTakeovers":9733,"region":{"country":"se","name":"Skåne","id":135},"pointsPerHour":7,"longitude":12.996422,"takeoverPoints":95},"latitude":55.592355,"currentOwner":{"name":"AnneliCH","id":186304},"time":"2021-06-12T23:42:08+0000","type":"takeover","longitude":12.996422},{"zone":{"previousOwner":{"name":"Vozne","id":136752},"dateCreated":"2012-05-13T21:54:34+0000","dateLastTaken":"2021-06-12T23:41:59+0000","latitude":63.806231,"currentOwner":{"name":"Bont","id":90307},"name":"NydalaSouth","id":8944,"totalTakeovers":24673,"region":{"country":"se","name":"Västerbotten","id":127},"pointsPerHour":9,"longitude":20.350838,"takeoverPoints":65},"latitude":63.806231,"currentOwner":{"name":"Bont","id":90307},"time":"2021-06-12T23:41:59+0000","type":"takeover","longitude":20.350838}]