[{"zone":{"previousOwner":{"name":"MegaWalkers","id":93724},"dateLastTaken":"2021-06-16T02:35:39+0000","latitude":59.369084,"totalTakeovers":13461,"type":{"name":"Train Station","id":13},"pointsPerHour":8,"takeoverPoints":80,"dateCreated":"2010-11-08T19:51:41+0000","currentOwner":{"name":"jompe","id":110837},"name":"Estation","id":1060,"region":{"area":{"name":"Eskilstuna kommun","id":1848},"country":"se","name":"Södermanland","id":140},"longitude":16.506301},"latitude":59.369084,"currentOwner":{"name":"jompe","id":110837},"time":"2021-06-16T02:35:39+0000","type":"takeover","longitude":16.506301},{"zone":{"previousOwner":{"name":"Hdaskydrone","id":262563},"dateLastTaken":"2021-06-16T02:34:51+0000","latitude":60.273955,"totalTakeovers":5946,"type":{"name":"Train Station","id":13},"pointsPerHour":4,"takeoverPoints":140,"dateCreated":"2012-03-20T17:19:17+0000","currentOwner":{"name":"CKAI","id":266592},"name":"HedeStation","id":7130,"region":{"area":{"name":"Hedemora kommun","id":1874},"country":"se","name":"Dalarna","id":129},"longitude":15.980507},"latitude":60.273955,"currentOwner":{"name":"CKAI","id":266592},"time":"2021-06-16T02:34:51+0000","type":"takeover","longitude":15.980507},{"zone":{"previousOwner":{"name":"AudioPelle","id":63238},"dateCreated":"2015-02-25T00:00:00+0000","dateLastTaken":"2021-06-16T02:34:13+0000","latitude":57.435821,"currentOwner":{"name":"AudioPelle","id":63238},"name":"HolyBalls","id":45116,"totalTakeovers":1956,"region":{"area":{"name":"Vaggeryds kommun","id":2013},"country":"se","name":"Jönköping","id":133},"pointsPerHour":1,"longitude":14.10069,"takeoverPoints":185},"latitude":57.435821,"currentOwner":{"name":"AudioPelle","id":63238},"time":"2021-06-16T02:34:13+0000","type":"takeover","longitude":14.10069},{"zone":{"previousOwner":{"name":"ojarnstr","id":41053},"dateCreated":"2019-03-10T18:15:18+0000","dateLastTaken":"2021-06-16T02:33:50+0000","latitude":60.297756,"currentOwner":{"name":"ojarnstr","id":41053},"name":"Hyvilemp","id":180686,"totalTakeovers":1231,"region":{"area":{"name":"Pargas","id":2207},"country":"fi","name":"Lounais-Suomi","id":184},"pointsPerHour":2,"longitude":22.271326,"takeoverPoints":170},"latitude":60.297756,"currentOwner":{"name":"ojarnstr","id":41053},"time":"2021-06-16T02:33:50+0000","type":"takeover","longitude":22.271326},{"zone":{"previousOwner":{"name":"Hdaskydrone","id":262563},"dateCreated":"2020-08-12T20:16:31+0000","dateLastTaken":"2021-06-16T02:33:33+0000","latitude":60.271548,"currentOwner":{"name":"CKAI","id":266592},"name":"VäntaPåTåg","id":319795,"totalTakeovers":900,"region":{"area":{"name":"Hedemora kommun","id":1874},"country":"se","name":"Dalarna","id":129},"pointsPerHour":4,"longitude":15.984488,"takeoverPoints":140},"latitude":60.271548,"currentOwner":{"name":"CKAI","id":266592},"time":"2021-06-16T02:33:33+0000","type":"takeover","longitude":15.984488},{"zone":{"previousOwner":{"name":"g2","id":25689},"dateCreated":"2013-06-07T10:00:00+0000","dateLastTaken":"2021-06-16T02:32:35+0000","latitude":59.368971,"currentOwner":{"name":"jompe","id":110837},"name":"NyforsKnoop","id":19227,"totalTakeovers":7336,"region":{"area":{"name":"Eskilstuna kommun","id":1848},"country":"se","name":"Södermanland","id":140},"pointsPerHour":6,"longitude":16.501975,"takeoverPoints":110},"latitude":59.368971,"currentOwner":{"name":"jompe","id":110837},"time":"2021-06-16T02:32:35+0000","type":"takeover","longitude":16.501975},{"zone":{"previousOwner":{"name":"AudioPelle","id":63238},"dateLastTaken":"2021-06-16T02:32:32+0000","latitude":57.436304,"totalTakeovers":2897,"type":{"name":"Holy","id":9},"pointsPerHour":1,"takeoverPoints":185,"dateCreated":"2013-03-14T15:04:56+0000","currentOwner":{"name":"AudioPelle","id":63238},"name":"SkillChurch","id":15803,"region":{"area":{"name":"Vaggeryds kommun","id":2013},"country":"se","name":"Jönköping","id":133},"longitude":14.094722},"latitude":57.436304,"currentOwner":{"name":"AudioPelle","id":63238},"time":"2021-06-16T02:32:32+0000","type":"takeover","longitude":14.094722},{"zone":{"previousOwner":{"name":"MadMajk","id":18954},"dateLastTaken":"2021-06-16T02:32:26+0000","latitude":57.758028,"totalTakeovers":1618,"type":{"name":"Bridge","id":8},"pointsPerHour":2,"takeoverPoints":170,"dateCreated":"2014-02-23T12:36:47+0000","currentOwner":{"name":"Rainboweyes","id":77318},"name":"Gräshagsbron","id":26056,"region":{"area":{"name":"Jönköpings kommun","id":1897},"country":"se","name":"Jönköping","id":133},"longitude":14.135651},"latitude":57.758028,"currentOwner":{"name":"Rainboweyes","id":77318},"time":"2021-06-16T02:32:26+0000","type":"takeover","longitude":14.135651},{"zone":{"previousOwner":{"name":"hookturf","id":73461},"dateCreated":"2020-03-05T19:18:21+0000","dateLastTaken":"2021-06-16T02:31:42+0000","latitude":58.418636,"currentOwner":{"name":"elmakatt","id":241529},"name":"Vasatorget","id":228319,"totalTakeovers":2875,"region":{"area":{"name":"Linköpings kommun","id":1852},"country":"se","name":"Östergötland","id":139},"pointsPerHour":7,"longitude":15.611594,"takeoverPoints":95},"latitude":58.418636,"currentOwner":{"name":"elmakatt","id":241529},"time":"2021-06-16T02:31:42+0000","type":"takeover","longitude":15.611594},{"zone":{"previousOwner":{"name":"ojarnstr","id":41053},"dateCreated":"2014-02-04T15:39:48+0000","dateLastTaken":"2021-06-16T02:31:28+0000","latitude":60.300994,"currentOwner":{"name":"ojarnstr","id":41053},"name":"SydmoZone","id":25439,"totalTakeovers":2478,"region":{"area":{"name":"Pargas","id":2207},"country":"fi","name":"Lounais-Suomi","id":184},"pointsPerHour":3,"longitude":22.276646,"takeoverPoints":155},"latitude":60.300994,"currentOwner":{"name":"ojarnstr","id":41053},"time":"2021-06-16T02:31:28+0000","type":"takeover","longitude":22.276646},{"zone":{"previousOwner":{"name":"AudioPelle","id":63238},"dateCreated":"2016-06-03T09:30:00+0000","dateLastTaken":"2021-06-16T02:31:14+0000","latitude":57.434587,"currentOwner":{"name":"AudioPelle","id":63238},"name":"PinkFloydZone","id":76857,"totalTakeovers":2260,"region":{"area":{"name":"Vaggeryds kommun","id":2013},"country":"se","name":"Jönköping","id":133},"pointsPerHour":1,"longitude":14.093014,"takeoverPoints":185},"latitude":57.434587,"currentOwner":{"name":"AudioPelle","id":63238},"time":"2021-06-16T02:31:14+0000","type":"takeover","longitude":14.093014},{"zone":{"previousOwner":{"name":"Hdaskydrone","id":262563},"dateCreated":"2019-11-02T19:39:11+0000","dateLastTaken":"2021-06-16T02:31:05+0000","latitude":60.26992,"currentOwner":{"name":"CKAI","id":266592},"name":"WestCoastRd","id":222148,"totalTakeovers":923,"region":{"area":{"name":"Hedemora kommun","id":1874},"country":"se","name":"Dalarna","id":129},"pointsPerHour":3,"longitude":15.967892,"takeoverPoints":155},"latitude":60.26992,"currentOwner":{"name":"CKAI","id":266592},"time":"2021-06-16T02:31:05+0000","type":"takeover","longitude":15.967892},{"zone":{"previousOwner":{"name":"mandorfxx","id":32984},"dateCreated":"2015-01-26T12:40:00+0000","dateLastTaken":"2021-06-16T02:30:25+0000","latitude":57.433837,"currentOwner":{"name":"AudioPelle","id":63238},"name":"TrimOchSim","id":44167,"totalTakeovers":3990,"region":{"area":{"name":"Vaggeryds kommun","id":2013},"country":"se","name":"Jönköping","id":133},"pointsPerHour":2,"longitude":14.091793,"takeoverPoints":170},"latitude":57.433837,"currentOwner":{"name":"AudioPelle","id":63238},"time":"2021-06-16T02:30:25+0000","type":"takeover","longitude":14.091793},{"zone":{"previousOwner":{"name":"Mas-Clas","id":333693},"dateCreated":"2015-12-24T12:30:37+0000","dateLastTaken":"2021-06-16T02:29:55+0000","latitude":59.83472,"currentOwner":{"name":"konfettimoln","id":94194},"name":"TrainVs255","id":62358,"totalTakeovers":5153,"region":{"area":{"name":"Uppsala kommun","id":1977},"country":"se","name":"Uppsala","id":142},"pointsPerHour":7,"longitude":17.691378,"takeoverPoints":95},"latitude":59.83472,"currentOwner":{"name":"konfettimoln","id":94194},"time":"2021-06-16T02:29:55+0000","type":"takeover","longitude":17.691378},{"zone":{"previousOwner":{"name":"ojarnstr","id":41053},"dateLastTaken":"2021-06-16T02:29:47+0000","latitude":60.302936,"totalTakeovers":936,"type":{"name":"Winner Zone","id":6},"pointsPerHour":3,"takeoverPoints":155,"dateCreated":"2020-04-18T07:15:00+0000","currentOwner":{"name":"ojarnstr","id":41053},"name":"MH12Jussin","id":246730,"region":{"area":{"name":"Pargas","id":2207},"country":"fi","name":"Lounais-Suomi","id":184},"longitude":22.277913},"latitude":60.302936,"currentOwner":{"name":"ojarnstr","id":41053},"time":"2021-06-16T02:29:47+0000","type":"takeover","longitude":22.277913},{"zone":{"previousOwner":{"name":"PicaPica20","id":273238},"dateCreated":"2011-09-08T06:24:40+0000","dateLastTaken":"2021-06-16T02:29:20+0000","latitude":59.367221,"currentOwner":{"name":"jompe","id":110837},"name":"OakWallZone","id":3212,"totalTakeovers":4281,"region":{"area":{"name":"Eskilstuna kommun","id":1848},"country":"se","name":"Södermanland","id":140},"pointsPerHour":5,"longitude":16.501922,"takeoverPoints":125},"latitude":59.367221,"currentOwner":{"name":"jompe","id":110837},"time":"2021-06-16T02:29:20+0000","type":"takeover","longitude":16.501922},{"zone":{"previousOwner":{"name":"AudioPelle","id":63238},"dateCreated":"2015-01-26T12:40:00+0000","dateLastTaken":"2021-06-16T02:28:51+0000","latitude":57.435378,"currentOwner":{"name":"AudioPelle","id":63238},"name":"Fåglatunneln","id":44165,"totalTakeovers":2255,"region":{"area":{"name":"Vaggeryds kommun","id":2013},"country":"se","name":"Jönköping","id":133},"pointsPerHour":1,"longitude":14.086675,"takeoverPoints":185},"latitude":57.435378,"currentOwner":{"name":"AudioPelle","id":63238},"time":"2021-06-16T02:28:51+0000","type":"takeover","longitude":14.086675},{"zone":{"previousOwner":{"name":"ojarnstr","id":41053},"dateLastTaken":"2021-06-16T02:28:24+0000","latitude":60.303133,"totalTakeovers":1114,"type":{"name":"Winner Zone","id":6},"pointsPerHour":3,"takeoverPoints":155,"dateCreated":"2020-01-11T13:15:00+0000","currentOwner":{"name":"ojarnstr","id":41053},"name":"MH9lillapark","id":224799,"region":{"area":{"name":"Pargas","id":2207},"country":"fi","name":"Lounais-Suomi","id":184},"longitude":22.282029},"latitude":60.303133,"currentOwner":{"name":"ojarnstr","id":41053},"time":"2021-06-16T02:28:24+0000","type":"takeover","longitude":22.282029},{"zone":{"previousOwner":{"name":"mami3","id":305166},"dateCreated":"2017-02-28T14:48:43+0000","dateLastTaken":"2021-06-16T02:28:15+0000","latitude":35.458258,"currentOwner":{"name":"mami3","id":305166},"name":"Yokoyokoyoko","id":95835,"totalTakeovers":11,"region":{"area":{"name":"横浜市","id":3096},"country":"jp","name":"Kantō","id":396},"pointsPerHour":1,"longitude":139.632742,"takeoverPoints":185},"latitude":35.458258,"currentOwner":{"name":"mami3","id":305166},"time":"2021-06-16T02:28:15+0000","type":"takeover","longitude":139.632742},{"zone":{"previousOwner":{"name":"AudioPelle","id":63238},"dateCreated":"2018-06-04T20:30:09+0000","dateLastTaken":"2021-06-16T02:27:11+0000","latitude":57.433075,"currentOwner":{"name":"AudioPelle","id":63238},"name":"Fåglabäcken","id":153046,"totalTakeovers":876,"region":{"area":{"name":"Vaggeryds kommun","id":2013},"country":"se","name":"Jönköping","id":133},"pointsPerHour":1,"longitude":14.085889,"takeoverPoints":185},"latitude":57.433075,"currentOwner":{"name":"AudioPelle","id":63238},"time":"2021-06-16T02:27:11+0000","type":"takeover","longitude":14.085889},{"zone":{"previousOwner":{"name":"Hdaskydrone","id":262563},"dateCreated":"2013-04-30T19:08:51+0000","dateLastTaken":"2021-06-16T02:26:13+0000","latitude":60.279543,"currentOwner":{"name":"CKAI","id":266592},"name":"Munkbogränden","id":17240,"totalTakeovers":3892,"region":{"area":{"name":"Hedemora kommun","id":1874},"country":"se","name":"Dalarna","id":129},"pointsPerHour":4,"longitude":15.972953,"takeoverPoints":140},"latitude":60.279543,"currentOwner":{"name":"CKAI","id":266592},"time":"2021-06-16T02:26:13+0000","type":"takeover","longitude":15.972953},{"zone":{"previousOwner":{"name":"ojarnstr","id":41053},"dateLastTaken":"2021-06-16T02:26:12+0000","latitude":60.305236,"totalTakeovers":777,"type":{"name":"Winner Zone","id":6},"pointsPerHour":3,"takeoverPoints":155,"dateCreated":"2020-04-21T21:03:53+0000","currentOwner":{"name":"ojarnstr","id":41053},"name":"Grandizone","id":256539,"region":{"area":{"name":"Pargas","id":2207},"country":"fi","name":"Lounais-Suomi","id":184},"longitude":22.283357},"latitude":60.305236,"currentOwner":{"name":"ojarnstr","id":41053},"time":"2021-06-16T02:26:12+0000","type":"takeover","longitude":22.283357},{"zone":{"previousOwner":{"name":"Hagan","id":204233},"dateCreated":"2012-12-24T11:00:00+0000","dateLastTaken":"2021-06-16T02:25:47+0000","latitude":60.097319,"currentOwner":{"name":"KråkanKrax","id":120751},"name":"ÅlandEsplanad","id":12479,"totalTakeovers":19771,"region":{"area":{"name":"Mariehamn","id":2176},"country":"fi","name":"Åland","id":177},"pointsPerHour":8,"longitude":19.939327,"takeoverPoints":80},"latitude":60.097319,"currentOwner":{"name":"KråkanKrax","id":120751},"time":"2021-06-16T02:25:47+0000","type":"takeover","longitude":19.939327},{"zone":{"previousOwner":{"name":"hookturf","id":73461},"dateCreated":"2013-06-17T22:22:29+0000","dateLastTaken":"2021-06-16T02:25:24+0000","latitude":58.417602,"currentOwner":{"name":"elmakatt","id":241529},"name":"Lingvallen","id":20336,"totalTakeovers":8977,"region":{"area":{"name":"Linköpings kommun","id":1852},"country":"se","name":"Östergötland","id":139},"pointsPerHour":6,"longitude":15.603934,"takeoverPoints":110},"latitude":58.417602,"currentOwner":{"name":"elmakatt","id":241529},"time":"2021-06-16T02:25:24+0000","type":"takeover","longitude":15.603934},{"zone":{"previousOwner":{"name":"JollyRoger","id":49203},"dateCreated":"2013-03-14T14:57:29+0000","dateLastTaken":"2021-06-16T02:25:12+0000","latitude":57.430141,"currentOwner":{"name":"AudioPelle","id":63238},"name":"SkillPark","id":15798,"totalTakeovers":3222,"region":{"area":{"name":"Vaggeryds kommun","id":2013},"country":"se","name":"Jönköping","id":133},"pointsPerHour":2,"longitude":14.084279,"takeoverPoints":170},"latitude":57.430141,"currentOwner":{"name":"AudioPelle","id":63238},"time":"2021-06-16T02:25:12+0000","type":"takeover","longitude":14.084279},{"zone":{"previousOwner":{"name":"Hillcat","id":112193},"dateCreated":"2010-09-03T00:00:00+0000","dateLastTaken":"2021-06-16T02:24:29+0000","latitude":59.366311,"currentOwner":{"name":"jompe","id":110837},"name":"IronSquare","id":756,"totalTakeovers":6720,"region":{"area":{"name":"Eskilstuna kommun","id":1848},"country":"se","name":"Södermanland","id":140},"pointsPerHour":6,"longitude":16.508552,"takeoverPoints":110},"latitude":59.366311,"currentOwner":{"name":"jompe","id":110837},"time":"2021-06-16T02:24:29+0000","type":"takeover","longitude":16.508552},{"zone":{"previousOwner":{"name":"AudioPelle","id":63238},"dateCreated":"2014-05-07T22:05:18+0000","dateLastTaken":"2021-06-16T02:23:02+0000","latitude":57.428629,"currentOwner":{"name":"AudioPelle","id":63238},"name":"AsarOchTrän","id":29021,"totalTakeovers":2553,"region":{"area":{"name":"Vaggeryds kommun","id":2013},"country":"se","name":"Jönköping","id":133},"pointsPerHour":1,"longitude":14.077258,"takeoverPoints":185},"latitude":57.428629,"currentOwner":{"name":"AudioPelle","id":63238},"time":"2021-06-16T02:23:02+0000","type":"takeover","longitude":14.077258},{"zone":{"previousOwner":{"name":"Bakläxa","id":295365},"dateCreated":"2017-08-22T19:23:04+0000","dateLastTaken":"2021-06-16T02:22:45+0000","latitude":59.407146,"currentOwner":{"name":"Krussidullen","id":74555},"name":"Kistagårdpark","id":117725,"totalTakeovers":3017,"region":{"area":{"name":"Stockholms kommun","id":1828},"country":"se","name":"Stockholm","id":141},"pointsPerHour":6,"longitude":17.940561,"takeoverPoints":110},"latitude":59.407146,"currentOwner":{"name":"Krussidullen","id":74555},"time":"2021-06-16T02:22:45+0000","type":"takeover","longitude":17.940561},{"zone":{"previousOwner":{"name":"ojarnstr","id":41053},"dateLastTaken":"2021-06-16T02:22:14+0000","latitude":60.30682,"totalTakeovers":692,"type":{"name":"Winner Zone","id":6},"pointsPerHour":3,"takeoverPoints":155,"dateCreated":"2020-06-24T14:00:00+0000","currentOwner":{"name":"ojarnstr","id":41053},"name":"MH14Kaunisto","id":316745,"region":{"area":{"name":"Pargas","id":2207},"country":"fi","name":"Lounais-Suomi","id":184},"longitude":22.290006},"latitude":60.30682,"currentOwner":{"name":"ojarnstr","id":41053},"time":"2021-06-16T02:22:14+0000","type":"takeover","longitude":22.290006},{"zone":{"previousOwner":{"name":"Hillcat","id":112193},"dateCreated":"2016-05-08T01:35:31+0000","dateLastTaken":"2021-06-16T02:21:50+0000","latitude":59.367945,"currentOwner":{"name":"jompe","id":110837},"name":"AlvaMyrdal","id":69006,"totalTakeovers":7762,"region":{"area":{"name":"Eskilstuna kommun","id":1848},"country":"se","name":"Södermanland","id":140},"pointsPerHour":8,"longitude":16.510705,"takeoverPoints":80},"latitude":59.367945,"currentOwner":{"name":"jompe","id":110837},"time":"2021-06-16T02:21:50+0000","type":"takeover","longitude":16.510705}]