[{"zone":{"previousOwner":{"name":"Bstat","id":303529},"dateCreated":"2021-02-05T21:11:01+0000","dateLastTaken":"2021-06-16T01:30:41+0000","latitude":44.952128,"currentOwner":{"name":"Tinman","id":324199},"name":"FlyConcordia","id":381373,"totalTakeovers":47,"region":{"area":{"name":"Ramsey County","id":4068},"country":"us","name":"Minnesota","id":405},"pointsPerHour":1,"longitude":-93.171717,"takeoverPoints":185},"latitude":44.952128,"currentOwner":{"name":"Tinman","id":324199},"time":"2021-06-16T01:30:41+0000","type":"takeover","longitude":-93.171717},{"zone":{"previousOwner":{"name":"Hagan","id":204233},"dateCreated":"2014-08-27T19:02:02+0000","dateLastTaken":"2021-06-16T01:28:18+0000","latitude":60.096809,"currentOwner":{"name":"KråkanKrax","id":120751},"name":"EsplanadeZone","id":33837,"totalTakeovers":15340,"region":{"area":{"name":"Mariehamn","id":2176},"country":"fi","name":"Åland","id":177},"pointsPerHour":8,"longitude":19.930647,"takeoverPoints":80},"latitude":60.096809,"currentOwner":{"name":"KråkanKrax","id":120751},"time":"2021-06-16T01:28:18+0000","type":"takeover","longitude":19.930647},{"zone":{"previousOwner":{"name":"Bstat","id":303529},"dateCreated":"2021-02-05T21:07:24+0000","dateLastTaken":"2021-06-16T01:26:17+0000","latitude":44.959675,"currentOwner":{"name":"Tinman","id":324199},"name":"HamlinePark","id":381371,"totalTakeovers":76,"region":{"area":{"name":"Ramsey County","id":4068},"country":"us","name":"Minnesota","id":405},"pointsPerHour":1,"longitude":-93.166138,"takeoverPoints":185},"latitude":44.959675,"currentOwner":{"name":"Tinman","id":324199},"time":"2021-06-16T01:26:17+0000","type":"takeover","longitude":-93.166138},{"zone":{"dateCreated":"2016-03-30T19:00:00+0000","dateLastTaken":"2021-06-16T01:24:46+0000","latitude":35.467572,"currentOwner":{"name":"mami3","id":305166},"name":"YokoRyokuchi","id":64985,"totalTakeovers":10,"region":{"area":{"name":"横浜市","id":3096},"country":"jp","name":"Kantō","id":396},"pointsPerHour":1,"longitude":139.614915,"takeoverPoints":185},"latitude":35.467572,"currentOwner":{"name":"mami3","id":305166},"time":"2021-06-16T01:24:46+0000","type":"takeover","longitude":139.614915},{"zone":{"previousOwner":{"name":"Bstat","id":303529},"dateCreated":"2021-03-06T19:50:57+0000","dateLastTaken":"2021-06-16T01:23:13+0000","latitude":44.964941,"currentOwner":{"name":"Tinman","id":324199},"name":"HamlineStar","id":389757,"totalTakeovers":48,"region":{"area":{"name":"Ramsey County","id":4068},"country":"us","name":"Minnesota","id":405},"pointsPerHour":1,"longitude":-93.16575,"takeoverPoints":185},"latitude":44.964941,"currentOwner":{"name":"Tinman","id":324199},"time":"2021-06-16T01:23:13+0000","type":"takeover","longitude":-93.16575}]