[{"sender":{"country":"se","medals":[22,67,4,24,70,16,57,27,83,72,79,99,66,24,126,124,24,119,108,75,50,131],"zones":[32032,26850,47652,18309,47653,41738,24170,7757,152876,41745,18200,8312,15961,228120,15963,135932],"pointsPerHour":98,"points":97033,"blocktime":24,"taken":118042,"name":"FlitigaTobbe","totalPoints":19966117,"rank":58,"id":48872,"place":142,"uniqueZonesTaken":2648,"region":{"name":"Västmanland","id":143}},"time":"2023-05-16T15:09:41+0000","message":"GhrytaBhoy: jag med. hem så fort dom möjligt.","region":{"name":"Västmanland","id":143},"type":"chat"},{"sender":{"country":"se","medals":[28,126,55,95,6,47,5,70,77,79,122,106,40,132,15,16],"zones":[41760,710,41766,139653,711,490,7755,7756,152876,29169,20849,41749,14869,14870,14871,37244,41726,150653,41727,42175],"pointsPerHour":110,"points":25733,"blocktime":21,"taken":24510,"name":"GhrytaBhoy","totalPoints":3036936,"rank":46,"id":255523,"place":1151,"uniqueZonesTaken":1070,"region":{"name":"Västmanland","id":143}},"time":"2023-05-16T15:09:09+0000","message":"FlitigaTobbe: vi  är snart  klra","region":{"name":"Västmanland","id":143},"type":"chat"},{"medal":39,"time":"2023-05-16T15:05:22+0000","type":"medal","user":{"country":"se","medals":[53,126,94,46,16,13,102,4,67,6,10,132,39],"zones":[5408,4722,62499,11123,11125,224549,31561,563219,180604],"pointsPerHour":0,"points":29644,"blocktime":20,"taken":15000,"name":"Leania","totalPoints":2125637,"rank":43,"id":234124,"place":6902,"uniqueZonesTaken":444,"region":{"name":"Västerbotten","id":127}}}]