[{"sender":{"country":"wd","medals":[80,92,86],"zones":[559349],"pointsPerHour":2,"points":170,"blocktime":12,"taken":75,"name":"Grave_Dohl","totalPoints":21303,"rank":11,"id":161098,"place":6213,"uniqueZonesTaken":16,"region":{"name":"Spain","id":211}},"time":"2023-05-15T15:43:53+0000","message":"elgurro: jorå, nu så :)","region":{"name":"Spain","id":211},"type":"chat"},{"medal":53,"time":"2023-05-15T15:43:27+0000","type":"medal","user":{"country":"gb","medals":[92,31,53],"zones":[448534,358044,357660,357663,357662,369048,465881,393638,358052,408231,393639,393636,408229,358054,393637,358049,393635,358048,358051,358050,358061,393647,408236,408234,358057,358059,358058,393641,358064,393648],"pointsPerHour":0,"points":11032,"blocktime":12,"taken":44,"name":"On-The-Go","totalPoints":11032,"rank":8,"id":393211,"place":6666,"uniqueZonesTaken":33,"region":{"name":"Scotland","id":200}}},{"sender":{"country":"se","medals":[16,93,77,4,70,6,79,46,27,22,14,107,28,126,5,57,38],"zones":[191266,228018,153024,44179,183942,23524,93788],"pointsPerHour":7,"points":18092,"blocktime":22,"taken":11797,"name":"mfser","totalPoints":4249203,"rank":48,"id":161125,"place":1455,"uniqueZonesTaken":925,"region":{"name":"Värmland","id":130}},"time":"2023-05-15T15:38:58+0000","message":"21","region":{"name":"Värmland","id":130},"type":"chat"}]