[{"sender":{"country":"se","medals":[28,47,16,57,7,77,83,79,98,105,4,126,41,122,15,127],"zones":[1508,11287,28855,21144,649,200778,24681,1740,155020,81599,21151],"pointsPerHour":43,"points":3129,"blocktime":1350,"taken":28355,"name":"spirit303","totalPoints":5073595,"rank":50,"id":46566,"place":1377,"uniqueZonesTaken":1092,"region":{"name":"Dalarna","id":129}},"time":"2021-12-07T07:01:00+0000","message":"Varmt och skönt idag, eller vad säger du WikkeOWL?","region":{"name":"Dalarna","id":129},"type":"chat"},{"medal":130,"time":"2021-12-07T06:55:58+0000","type":"medal","user":{"country":"se","medals":[16,79,47,28,122,57,94,14,103,17,36,130],"zones":[23923,116,474834,474833,139064,139],"pointsPerHour":0,"points":2735,"blocktime":1185,"taken":6074,"name":"Sweper","totalPoints":1141081,"rank":39,"id":166969,"place":3874,"uniqueZonesTaken":609,"region":{"name":"Stockholm","id":141}}}]