[{"sender":{"country":"se","medals":[53,27,16,28,5,93,77,7,13,126,102,36,78],"zones":[346497,55940,355872,176743,45061,117127,176741,8041,5450,109966,483767,115376,278582,80565,3158],"pointsPerHour":19,"points":14750,"blocktime":20,"taken":5921,"name":"Landaar","totalPoints":2157355,"rank":43,"id":82271,"place":2297,"uniqueZonesTaken":335,"region":{"name":"Norrbotten","id":126}},"time":"2022-02-22T06:20:39+0000","message":"FinnishHymn: Tänkte säga hej i morse när jag fick syn på dig men du han hoppa in i en bil och åka iväg.","region":{"name":"Norrbotten","id":126},"type":"chat"},{"sender":{"country":"se","medals":[24,16,17,17,24,24,24,24,27,79,7,24,28,17,116,47,15,4,77,117,24,89,126,22,24,57,111,130,122],"zones":[152354,429410,25382,44711,357474,7368,44712,44713,44714,134958,92341,109079,155348,8374,167742,9597,278618,60798,9598,278619],"pointsPerHour":51,"points":68604,"blocktime":24,"taken":70371,"name":"alligatorn","totalPoints":11840484,"rank":56,"id":26497,"place":452,"uniqueZonesTaken":1346,"region":{"name":"Stockholm","id":141}},"time":"2022-02-22T06:17:25+0000","message":"krokodilen: tack 😍","region":{"name":"Stockholm","id":141},"type":"chat"},{"sender":{"country":"se","medals":[17,16,17,79,7,24,17,116,47,27,56,4,77,117,28,24,126,22,24,15,5,130,122,110,89],"zones":[26529,141568,61609,36459,12240,29299,179799,29302,8377,8378,278617,254],"pointsPerHour":34,"points":46101,"blocktime":23,"taken":50453,"name":"krokodilen","totalPoints":8690888,"rank":54,"id":45356,"place":800,"uniqueZonesTaken":1127,"region":{"name":"Stockholm","id":141}},"time":"2022-02-22T06:16:55+0000","message":"alligatorn: verkligen tur, lycka till, hör av dig 😋","region":{"name":"Stockholm","id":141},"type":"chat"},{"sender":{"country":"se","medals":[24,16,17,17,24,24,24,24,27,79,7,24,28,17,116,47,15,4,77,117,24,89,126,22,24,57,111,130,122],"zones":[152354,429410,25382,44711,357474,7368,44712,44713,44714,134958,92341,109079,155348,8374,167742,9597,278618,60798,9598,278619],"pointsPerHour":51,"points":68601,"blocktime":24,"taken":70371,"name":"alligatorn","totalPoints":11840482,"rank":56,"id":26497,"place":452,"uniqueZonesTaken":1346,"region":{"name":"Stockholm","id":141}},"time":"2022-02-22T06:14:45+0000","message":"krokodilen: inte halt plogat vinden i ryggen","region":{"name":"Stockholm","id":141},"type":"chat"}]