[{"sender":{"country":"se","medals":[51,92,93,86],"zones":[9342],"pointsPerHour":9,"points":3969,"blocktime":12,"taken":88,"name":"MoreThanWord","totalPoints":8794,"rank":8,"id":351524,"place":3270,"uniqueZonesTaken":24,"region":{"name":"Västra Götaland","id":132}},"time":"2021-12-21T05:10:28+0000","message":"Tjoho.. NY DAG NYA MÖJLIGHETER!!","region":{"name":"Västra Götaland","id":132},"type":"chat"},{"sender":{"country":"se","medals":[67,79,16,117,5,21,4,27,77,123,94,72,100,70,7,35,15,57,48,130],"zones":[43535],"pointsPerHour":1,"points":83719,"blocktime":19,"taken":4986,"name":"MonoMono","totalPoints":750485,"rank":36,"id":328075,"place":255,"uniqueZonesTaken":1051,"region":{"name":"Stockholm","id":141}},"time":"2021-12-21T03:33:48+0000","message":"Hola Chile","region":{"name":"Chile","id":256},"type":"chat"}]