[{"medal":52,"time":"2021-12-20T14:50:42+0000","type":"medal","user":{"country":"se","medals":[5,3,6,42,12,90,52],"zones":[104867,22885,34693,23335,62986,62987,206254,34544,91026,115127,200308,176730,316572,80216,92859,299039,92861,92860,179165,92862],"pointsPerHour":0,"points":3828,"blocktime":17,"taken":451,"name":"Paradigmet","totalPoints":254549,"rank":28,"id":1265,"place":5365,"uniqueZonesTaken":161,"region":{"name":"Skåne","id":135}}},{"sender":{"country":"se","medals":[95,78,54,77,126,13,36,10,104,7,16],"zones":[285046,285047,31621,9669,9670,359570,146373,31624,31626,1658,224159],"pointsPerHour":21,"points":41379,"blocktime":20,"taken":6701,"name":"Doddan","totalPoints":1734552,"rank":41,"id":175377,"place":775,"uniqueZonesTaken":321,"region":{"name":"Södermanland","id":140}},"time":"2021-12-20T14:49:25+0000","message":"CSS\ncsilewis: Det var trevlig den tid vi bodde i vår stuga i Sandvik. På hemmaplan i Trosa nu. Dyker upp i Laholm igen till våren.","region":{"name":"Södermanland","id":140},"type":"chat"},{"medal":93,"time":"2021-12-20T14:47:54+0000","type":"medal","user":{"country":"se","medals":[93],"zones":[],"pointsPerHour":0,"points":185,"blocktime":10,"taken":1,"name":"ninja2000","totalPoints":185,"rank":0,"id":352976,"place":5365,"uniqueZonesTaken":1,"region":{"name":"Örebro","id":131}}}]