[{"medal":11,"time":"2023-09-04T18:02:04+0000","type":"medal","user":{"country":"se","medals":[51,94,100,10,86,11],"zones":[200385,47651,200389,17544,17545,56141,1840,31826,31827,84564,1783,319451],"pointsPerHour":0,"points":6551,"blocktime":12,"taken":60,"name":"lurkburk","totalPoints":9415,"rank":8,"id":402677,"place":4963,"uniqueZonesTaken":50,"region":{"name":"Västmanland","id":143}}},{"medal":128,"time":"2023-09-04T18:00:27+0000","type":"medal","user":{"country":"se","medals":[24,17,24,24,70,77,79,24,24,24,126,51,16,34,24,17,116,24,24,91,30,105,14,128],"zones":[18882,141504,438,139338],"pointsPerHour":0,"points":1028,"blocktime":17,"taken":1782,"name":"stefanzz","totalPoints":406244,"rank":31,"id":79933,"place":4961,"uniqueZonesTaken":501,"region":{"name":"Västra Götaland","id":132}}},{"medal":32,"time":"2023-09-04T17:55:50+0000","type":"medal","user":{"country":"se","medals":[10,11,53,46,32],"zones":[485830,356751,29354,586469,65870,117390,117710,476776,26740,563902,26743,560433,60730,519864],"pointsPerHour":0,"points":10247,"blocktime":12,"taken":100,"name":"OrvarK","totalPoints":17099,"rank":10,"id":402496,"place":4956,"uniqueZonesTaken":62,"region":{"name":"Östergötland","id":139}}}]