[{"medal":31,"time":"2023-09-05T14:40:02+0000","type":"medal","user":{"country":"se","medals":[51,92,31],"zones":[3360,204848,677,154549,221178,367],"pointsPerHour":0,"points":1113,"blocktime":11,"taken":25,"name":"stefani<3","totalPoints":5404,"rank":6,"id":401863,"place":5426,"uniqueZonesTaken":22,"region":{"name":"Västernorrland","id":145}}},{"medal":80,"time":"2023-09-05T14:34:47+0000","type":"medal","user":{"country":"se","medals":[84,80],"zones":[27024,571292,78470,78459,115434],"pointsPerHour":0,"points":807,"blocktime":10,"taken":6,"name":"thyra11","totalPoints":807,"rank":3,"id":404099,"place":5425,"uniqueZonesTaken":5,"region":{"name":"Stockholm","id":141}}}]