[{"medal":84,"time":"2023-09-04T08:36:32+0000","type":"medal","user":{"country":"se","medals":[80,84],"zones":[839,12779,6061,878,11343],"pointsPerHour":0,"points":689,"blocktime":10,"taken":5,"name":"Parviz","totalPoints":689,"rank":2,"id":403758,"place":4332,"uniqueZonesTaken":5,"region":{"name":"Västra Götaland","id":132}}},{"medal":80,"time":"2023-09-04T08:36:32+0000","type":"medal","user":{"country":"se","medals":[80,84],"zones":[839,12779,6061,878,11343],"pointsPerHour":0,"points":689,"blocktime":10,"taken":5,"name":"Parviz","totalPoints":689,"rank":2,"id":403758,"place":4332,"uniqueZonesTaken":5,"region":{"name":"Västra Götaland","id":132}}},{"medal":85,"time":"2023-09-04T08:36:26+0000","type":"medal","user":{"country":"se","medals":[80,93,85],"zones":[19216,20375],"pointsPerHour":0,"points":190,"blocktime":10,"taken":10,"name":"eLiamJon","totalPoints":1014,"rank":3,"id":395038,"place":4332,"uniqueZonesTaken":7,"region":{"name":"Södermanland","id":140}}},{"medal":85,"time":"2023-09-04T08:36:15+0000","type":"medal","user":{"country":"se","medals":[80,85],"zones":[65185,204128,837,92616,16956],"pointsPerHour":0,"points":2252,"blocktime":11,"taken":10,"name":"Larivesnale","totalPoints":2252,"rank":5,"id":403759,"place":4331,"uniqueZonesTaken":10,"region":{"name":"Västra Götaland","id":132}}},{"medal":84,"time":"2023-09-04T08:34:30+0000","type":"medal","user":{"country":"se","medals":[80,84],"zones":[78465,78470,115434,28621,26175],"pointsPerHour":0,"points":629,"blocktime":10,"taken":5,"name":"Viktor.yng","totalPoints":629,"rank":2,"id":403778,"place":4331,"uniqueZonesTaken":5,"region":{"name":"Stockholm","id":141}}},{"medal":80,"time":"2023-09-04T08:34:30+0000","type":"medal","user":{"country":"se","medals":[80,84],"zones":[78465,78470,115434,28621,26175],"pointsPerHour":0,"points":629,"blocktime":10,"taken":5,"name":"Viktor.yng","totalPoints":629,"rank":2,"id":403778,"place":4331,"uniqueZonesTaken":5,"region":{"name":"Stockholm","id":141}}},{"medal":84,"time":"2023-09-04T08:34:24+0000","type":"medal","user":{"country":"se","medals":[80,84],"zones":[21057,525162,1059,9672,20317],"pointsPerHour":0,"points":553,"blocktime":10,"taken":5,"name":"stretchan","totalPoints":553,"rank":2,"id":403822,"place":4331,"uniqueZonesTaken":5,"region":{"name":"Södermanland","id":140}}},{"medal":80,"time":"2023-09-04T08:34:24+0000","type":"medal","user":{"country":"se","medals":[80,84],"zones":[21057,525162,1059,9672,20317],"pointsPerHour":0,"points":553,"blocktime":10,"taken":5,"name":"stretchan","totalPoints":553,"rank":2,"id":403822,"place":4331,"uniqueZonesTaken":5,"region":{"name":"Södermanland","id":140}}},{"medal":92,"time":"2023-09-04T08:33:48+0000","type":"medal","user":{"country":"se","medals":[85,93,80,92],"zones":[42739,1061,5435,428957,559124],"pointsPerHour":0,"points":481,"blocktime":11,"taken":16,"name":"TuvaJ","totalPoints":1514,"rank":4,"id":373978,"place":4331,"uniqueZonesTaken":15,"region":{"name":"Södermanland","id":140}}},{"medal":80,"time":"2023-09-04T08:33:48+0000","type":"medal","user":{"country":"se","medals":[85,93,80,92],"zones":[42739,1061,5435,428957,559124],"pointsPerHour":0,"points":481,"blocktime":11,"taken":16,"name":"TuvaJ","totalPoints":1514,"rank":4,"id":373978,"place":4331,"uniqueZonesTaken":15,"region":{"name":"Södermanland","id":140}}},{"medal":93,"time":"2023-09-04T08:32:10+0000","type":"medal","user":{"country":"se","medals":[93],"zones":[],"pointsPerHour":0,"points":110,"blocktime":10,"taken":1,"name":"Mikeoxsmall","totalPoints":110,"rank":0,"id":403828,"place":4325,"uniqueZonesTaken":1,"region":{"name":"Skåne","id":135}}}]