[{"sender":{"country":"se","medals":[70,16,67,24,72,24,68,24,79,24,83,112,75,2,68,24,2,68,77,24,4,68,68,21,68,24,50,24,24,126,124,119,110,24,132,27,91,82,30,69,68],"zones":[8253],"pointsPerHour":7,"points":17512,"blocktime":1470,"taken":129890,"name":"Superelak","totalPoints":19005752,"rank":58,"id":126940,"place":314,"uniqueZonesTaken":4979,"region":{"name":"Västerbotten","id":127}},"time":"2022-11-08T15:15:18+0000","message":"Pike: 🤣","region":{"name":"Västerbotten","id":127},"type":"chat"},{"sender":{"country":"se","medals":[70,16,67,24,72,24,68,24,79,24,83,112,75,2,68,24,2,68,77,24,4,68,68,21,68,24,50,24,24,126,124,119,110,24,132,27,91,82,30,69,68],"zones":[8253],"pointsPerHour":7,"points":17511,"blocktime":1470,"taken":129890,"name":"Superelak","totalPoints":19005752,"rank":58,"id":126940,"place":314,"uniqueZonesTaken":4979,"region":{"name":"Västerbotten","id":127}},"time":"2022-11-08T15:14:34+0000","message":"tantorange: Tack så mycket. Hoppas ni hade trevligt på ert besök i Umeå 😊","region":{"name":"Västerbotten","id":127},"type":"chat"},{"medal":31,"time":"2022-11-08T15:11:12+0000","type":"medal","user":{"country":"se","medals":[92,80,31],"zones":[36860],"pointsPerHour":0,"points":624,"blocktime":690,"taken":25,"name":"Mr_Cypher","totalPoints":3558,"rank":6,"id":16097,"place":4165,"uniqueZonesTaken":21,"region":{"name":"Östergötland","id":139}}},{"medal":52,"time":"2022-11-08T15:10:43+0000","type":"medal","user":{"country":"no","medals":[93,100,92,86,52],"zones":[58976,60512,295972,220227,295973,9154,9156,210662,9190,114025,63914,33066,296014,9194,296015,9195,58894,29908,41788,480121],"pointsPerHour":0,"points":6108,"blocktime":780,"taken":72,"name":"Pepperrot","totalPoints":25670,"rank":12,"id":380596,"place":4165,"uniqueZonesTaken":42,"region":{"name":"Østlandet","id":179}}},{"medal":92,"time":"2022-11-08T15:10:43+0000","type":"medal","user":{"country":"se","medals":[93,80,100,31,92],"zones":[9318,9319,9320,60424,7822],"pointsPerHour":0,"points":1106,"blocktime":705,"taken":29,"name":"nutelladog","totalPoints":6493,"rank":7,"id":381767,"place":4165,"uniqueZonesTaken":15,"region":{"name":"Värmland","id":130}}}]