[{"medal":85,"time":"2022-11-07T10:47:18+0000","type":"medal","user":{"country":"uk","medals":[85],"zones":[358364,556820],"pointsPerHour":0,"points":975,"blocktime":675,"taken":10,"name":"ZoR","totalPoints":1910,"rank":5,"id":383313,"place":3379,"uniqueZonesTaken":5,"region":{"name":"North East England","id":199}}},{"medal":85,"time":"2022-11-07T10:44:52+0000","type":"medal","user":{"country":"se","medals":[80,85],"zones":[90538],"pointsPerHour":0,"points":235,"blocktime":675,"taken":10,"name":"Pacce","totalPoints":3241,"rank":5,"id":382460,"place":3378,"uniqueZonesTaken":5,"region":{"name":"Kalmar","id":137}}},{"sender":{"country":"se","medals":[77,16,126,122,22,5,70,56,79,48,72,24,4,7,130,39,17,116,106,15,24],"zones":[107747,119618,30346,908,29357,26894,60718,26895,2289,21142,4982,119615,927,8159],"pointsPerHour":72,"points":14158,"blocktime":1290,"taken":18876,"name":"Forestrush","totalPoints":3107764,"rank":46,"id":271444,"place":177,"uniqueZonesTaken":1138,"region":{"name":"Östergötland","id":139}},"time":"2022-11-07T10:25:19+0000","message":"Är det några turfare som kommer till pubträffen på Black Lion Inn imorgon?","region":{"name":"Östergötland","id":139},"type":"chat"}]