[{"medal":92,"time":"2022-11-07T15:56:03+0000","type":"medal","user":{"country":"uk","medals":[85,93,80,92],"zones":[358375,480256,358365,358367,358366,358377,480250],"pointsPerHour":0,"points":1858,"blocktime":690,"taken":23,"name":"Izper04","totalPoints":5232,"rank":6,"id":367465,"place":3727,"uniqueZonesTaken":15,"region":{"name":"North East England","id":199}}},{"sender":{"country":"se","medals":[85],"zones":[],"pointsPerHour":0,"points":342,"blocktime":675,"taken":13,"name":"KungKlint","totalPoints":2112,"rank":5,"id":382275,"place":3079,"uniqueZonesTaken":6,"region":{"name":"Stockholm","id":141}},"time":"2022-11-07T15:54:58+0000","message":"Pingue: test","region":{"name":"Stockholm","id":141},"type":"chat"},{"sender":{"country":"se","medals":[85],"zones":[],"pointsPerHour":0,"points":342,"blocktime":675,"taken":13,"name":"KungKlint","totalPoints":2112,"rank":5,"id":382275,"place":3079,"uniqueZonesTaken":6,"region":{"name":"Stockholm","id":141}},"time":"2022-11-07T15:53:56+0000","message":"pingue:","region":{"name":"Stockholm","id":141},"type":"chat"},{"sender":{"country":"se","medals":[85],"zones":[],"pointsPerHour":0,"points":342,"blocktime":675,"taken":13,"name":"KungKlint","totalPoints":2112,"rank":5,"id":382275,"place":3077,"uniqueZonesTaken":6,"region":{"name":"Stockholm","id":141}},"time":"2022-11-07T15:53:04+0000","message":":Noahharley ojojoj","region":{"name":"Stockholm","id":141},"type":"chat"}]