[{"medal":93,"time":"2022-11-08T11:24:33+0000","type":"medal","user":{"country":"se","medals":[92,51,32,6,93],"zones":[],"pointsPerHour":0,"points":533,"blocktime":750,"taken":129,"name":"Jowanse","totalPoints":17082,"rank":10,"id":369091,"place":4067,"uniqueZonesTaken":31,"region":{"name":"Uppsala","id":142}}},{"medal":93,"time":"2022-11-08T11:22:47+0000","type":"medal","user":{"country":"se","medals":[93],"zones":[],"pointsPerHour":0,"points":170,"blocktime":615,"taken":2,"name":"manssimba","totalPoints":238,"rank":1,"id":383333,"place":4065,"uniqueZonesTaken":2,"region":{"name":"Stockholm","id":141}}},{"sender":{"country":"se","medals":[9,16,4,6,3,27,3,64,48,24,1,67,24,68,24,68,70,24,68,68,68,2,68,24,68,61,72,79,77,3,68,62,68,17,112,68,60,2,68,83,24,22,17,119,68,68,15,68,68,68,68,68,68,68,68,68,126,122,105,127],"zones":[142514,31728,7617,16900,7620,353779,130795,21194,2988,11436,366],"pointsPerHour":46,"points":1981,"blocktime":1485,"taken":164505,"name":"MadMajk","totalPoints":33018635,"rank":59,"id":18954,"place":2146,"uniqueZonesTaken":1221,"region":{"name":"Jönköping","id":133}},"time":"2022-11-08T11:10:20+0000","message":"geoturfwera: ❤️","region":{"name":"Jönköping","id":133},"type":"chat"}]