[{"sender":{"country":"se","medals":[70,16,67,24,72,24,68,24,79,24,83,112,75,2,68,24,2,68,77,24,4,68,68,21,68,24,50,24,24,126,124,119,110,24,132,27,91,82,30,69,68],"zones":[8253],"pointsPerHour":7,"points":17512,"blocktime":1470,"taken":129890,"name":"Superelak","totalPoints":19005752,"rank":58,"id":126940,"place":314,"uniqueZonesTaken":4979,"region":{"name":"Västerbotten","id":127}},"time":"2022-11-08T15:15:18+0000","message":"Pike: 🤣","region":{"name":"Västerbotten","id":127},"type":"chat"}]