[{"medal":89,"time":"2022-11-07T17:03:02+0000","type":"medal","user":{"country":"se","medals":[67,16,4,28,78,57,48,66,77,98,24,15,83,126,123,108,130,21,89],"zones":[90113,30176,432226,33782,42776,42777,42778,178233,30173],"pointsPerHour":0,"points":1182,"blocktime":1425,"taken":49998,"name":"champiz","totalPoints":9608091,"rank":55,"id":41099,"place":3793,"uniqueZonesTaken":2013,"region":{"name":"Södermanland","id":140}}},{"medal":92,"time":"2022-11-07T17:00:51+0000","type":"medal","user":{"country":"se","medals":[31,51,92],"zones":[31888,3045,138954,30796,178495],"pointsPerHour":0,"points":2022,"blocktime":705,"taken":44,"name":"sadhomosexual","totalPoints":7082,"rank":7,"id":383293,"place":3791,"uniqueZonesTaken":15,"region":{"name":"Uppsala","id":142}}},{"medal":93,"time":"2022-11-07T16:53:09+0000","type":"medal","user":{"country":"uk","medals":[85,93],"zones":[358364,480250],"pointsPerHour":0,"points":2074,"blocktime":675,"taken":16,"name":"ZoR","totalPoints":3009,"rank":5,"id":383313,"place":3787,"uniqueZonesTaken":6,"region":{"name":"North East England","id":199}}}]