[{"medal":42,"time":"2022-11-08T16:01:16+0000","type":"medal","user":{"country":"se","medals":[90,93,53,12,16,42],"zones":[62464,45152,26177,45153,230305,1636,468802,117064,14474,514893,14475,14476,14477,18189,33331,143511,46869,419038,221179,468799,45150,481240],"pointsPerHour":0,"points":13616,"blocktime":840,"taken":250,"name":"kaysersiz","totalPoints":58443,"rank":16,"id":183797,"place":4184,"uniqueZonesTaken":108,"region":{"name":"Gotland","id":138}}},{"medal":129,"time":"2022-11-08T15:57:57+0000","type":"medal","user":{"country":"se","medals":[31,55,47,16,4,67,70,28,15,94,79,66,77,126,39,106,129],"zones":[11446,62134],"pointsPerHour":0,"points":1696,"blocktime":1245,"taken":17314,"name":"kjelleman","totalPoints":2239650,"rank":43,"id":66325,"place":4183,"uniqueZonesTaken":1585,"region":{"name":"Västra Götaland","id":132}}}]