[{"zone":{"previousOwner":{"name":"Taraxacum","id":316693},"dateCreated":"2012-08-28T21:23:18+0000","dateLastTaken":"2021-07-22T00:14:27+0000","latitude":60.404723,"currentOwner":{"name":"Welshman","id":305225},"name":"CourtsZone","id":11141,"totalTakeovers":290,"region":{"area":{"name":"Kaarina","id":2206},"country":"fi","name":"Lounais-Suomi","id":184},"pointsPerHour":1,"longitude":22.359453,"takeoverPoints":185},"latitude":60.404723,"currentOwner":{"name":"Welshman","id":305225},"time":"2021-07-22T00:14:27+0000","type":"takeover","longitude":22.359453},{"zone":{"previousOwner":{"name":"Rok","id":311285},"dateCreated":"2018-10-04T05:00:00+0000","dateLastTaken":"2021-07-22T00:14:14+0000","latitude":59.441184,"currentOwner":{"name":"JulyMyFriend?","id":254091},"name":"LångaBacken","id":174957,"totalTakeovers":2319,"region":{"area":{"name":"Täby kommun","id":1841},"country":"se","name":"Stockholm","id":141},"pointsPerHour":7,"longitude":18.06159,"takeoverPoints":95},"latitude":59.441184,"currentOwner":{"name":"JulyMyFriend?","id":254091},"time":"2021-07-22T00:14:14+0000","type":"takeover","longitude":18.06159},{"zone":{"previousOwner":{"name":"Rok","id":311285},"dateCreated":"2015-08-30T19:03:28+0000","dateLastTaken":"2021-07-22T00:11:30+0000","latitude":59.438942,"currentOwner":{"name":"JulyMyFriend?","id":254091},"name":"TäbyTricks","id":56792,"totalTakeovers":4296,"region":{"area":{"name":"Täby kommun","id":1841},"country":"se","name":"Stockholm","id":141},"pointsPerHour":7,"longitude":18.062169,"takeoverPoints":95},"latitude":59.438942,"currentOwner":{"name":"JulyMyFriend?","id":254091},"time":"2021-07-22T00:11:30+0000","type":"takeover","longitude":18.062169},{"zone":{"previousOwner":{"name":"MtkaHek","id":303521},"dateCreated":"2021-02-09T22:18:14+0000","dateLastTaken":"2021-07-22T00:11:03+0000","latitude":44.945961,"currentOwner":{"name":"MtkaHek","id":303521},"name":"GrovelandPark","id":381798,"totalTakeovers":61,"region":{"area":{"name":"Hennepin County","id":4063},"country":"us","name":"Minnesota","id":405},"pointsPerHour":1,"longitude":-93.491642,"takeoverPoints":185},"latitude":44.945961,"currentOwner":{"name":"MtkaHek","id":303521},"time":"2021-07-22T00:11:03+0000","type":"takeover","longitude":-93.491642},{"zone":{"previousOwner":{"name":"Glasskamp","id":23066},"dateCreated":"2015-02-14T05:00:00+0000","dateLastTaken":"2021-07-22T00:10:29+0000","latitude":59.782733,"currentOwner":{"name":"fotominne","id":273615},"name":"SkarIs","id":44642,"totalTakeovers":2624,"region":{"area":{"name":"Uppsala kommun","id":1977},"country":"se","name":"Uppsala","id":142},"pointsPerHour":5,"longitude":17.624993,"takeoverPoints":125},"latitude":59.782733,"currentOwner":{"name":"fotominne","id":273615},"time":"2021-07-22T00:10:29+0000","type":"takeover","longitude":17.624993},{"zone":{"previousOwner":{"name":"SHGustaf","id":234552},"dateCreated":"2011-04-28T12:41:21+0000","dateLastTaken":"2021-07-22T00:09:08+0000","latitude":67.129845,"currentOwner":{"name":"NixQ2","id":76139},"name":"ReedSwamp","id":1641,"totalTakeovers":4716,"region":{"area":{"name":"Gällivare kommun","id":1801},"country":"se","name":"Norrbotten","id":126},"pointsPerHour":4,"longitude":20.66555,"takeoverPoints":140},"latitude":67.129845,"currentOwner":{"name":"NixQ2","id":76139},"time":"2021-07-22T00:09:08+0000","type":"takeover","longitude":20.66555}]