[{"medal":31,"time":"2021-07-22T17:11:53+0000","type":"medal","user":{"country":"uk","medals":[93,31],"zones":[322203],"pointsPerHour":0,"points":966,"blocktime":705,"taken":25,"name":"srawfrut","totalPoints":5929,"rank":7,"id":332997,"place":7024,"uniqueZonesTaken":6,"region":{"name":"Scotland","id":200}}},{"medal":32,"time":"2021-07-22T17:10:53+0000","type":"medal","user":{"country":"no","medals":[51,101,11,95,32],"zones":[8706,8707,61084],"pointsPerHour":0,"points":1792,"blocktime":780,"taken":100,"name":"Hulder","totalPoints":27347,"rank":12,"id":202541,"place":0,"uniqueZonesTaken":62,"region":{"name":"Nordnorge","id":183}}},{"medal":15,"time":"2021-07-22T17:00:27+0000","type":"medal","user":{"country":"se","medals":[77,94,54,126,10,5,47,123,16,79,35,107,6,15],"zones":[37760,24320,142215,454,91655,107910,91656,37770,47882,11725,47886,24784,9489,24785,228438,75991,108955,28383,411814,61475,34148,2279,412463,64491,115114,50156,64492,64493,37230,64494,34161,34162,323254,92722,115125,139447,408752,5689,5690,17853,37759],"pointsPerHour":0,"points":60005,"blocktime":1140,"taken":4618,"name":"Smilla66","totalPoints":775954,"rank":36,"id":262620,"place":7023,"uniqueZonesTaken":1000,"region":{"name":"Västra Götaland","id":132}}}]