[{"medal":90,"time":"2021-07-28T07:26:31+0000","type":"medal","user":{"country":"se","medals":[51,92,31,90],"zones":[11440,22529,11442,222966,23799,27739,43099,27740,18350,322763],"pointsPerHour":0,"points":5310,"blocktime":690,"taken":31,"name":"Sofia14","totalPoints":5310,"rank":6,"id":256342,"place":7414,"uniqueZonesTaken":19,"region":{"name":"Värmland","id":130}}},{"medal":7,"time":"2021-07-28T07:22:57+0000","type":"medal","user":{"country":"se","medals":[13,46,95,99,103,10,54,16,35,78,4,7],"zones":[3028],"pointsPerHour":0,"points":45253,"blocktime":1065,"taken":2790,"name":"Susmumriken","totalPoints":359967,"rank":31,"id":254357,"place":7414,"uniqueZonesTaken":442,"region":{"name":"Örebro","id":131}}}]