[{"medal":84,"time":"2022-01-31T06:10:09+0000","type":"medal","user":{"country":"se","medals":[84],"zones":[102525,92670,86078],"pointsPerHour":0,"points":854,"blocktime":10,"taken":5,"name":"K1-BulletSpeed","totalPoints":854,"rank":3,"id":354655,"place":6830,"uniqueZonesTaken":3,"region":{"name":"Västra Götaland","id":132}}},{"sender":{"country":"se","medals":[16,78,70,56,13,28,67,77,95,128,5,47,102,35,7],"zones":[28674,318294,146385,1540,44388,43092,1142,223796,374493,11769,177433],"pointsPerHour":22,"points":113149,"blocktime":19,"taken":3391,"name":"Simkungen1","totalPoints":761127,"rank":36,"id":229678,"place":484,"uniqueZonesTaken":417,"region":{"name":"Halland","id":134}},"time":"2022-01-31T05:23:04+0000","message":"Tack 🙏","region":{"name":"Värmland","id":130},"type":"chat"}]