[{"medal":128,"time":"2022-02-01T14:07:14+0000","type":"medal","user":{"country":"se","medals":[67,16,72,99,79,68,83,57,48,22,4,24,15,70,113,117,77,91,126,106,38,27,128],"zones":[115328,408071,83556,12486,354285,34633,74408,74417,52921,44313,52922,1375],"pointsPerHour":0,"points":56307,"blocktime":20,"taken":10093,"name":"Malteus","totalPoints":1518094,"rank":41,"id":156452,"place":7053,"uniqueZonesTaken":2065,"region":{"name":"Kalmar","id":137}}},{"medal":84,"time":"2022-02-01T13:57:03+0000","type":"medal","user":{"country":"se","medals":[84],"zones":[48738],"pointsPerHour":0,"points":873,"blocktime":10,"taken":5,"name":"Dinkelspiel","totalPoints":873,"rank":3,"id":354857,"place":7053,"uniqueZonesTaken":4,"region":{"name":"Gotland","id":138}}}]