[{"medal":84,"time":"2023-05-02T07:14:48+0000","type":"medal","user":{"country":"fi","medals":[84],"zones":[7186,39842,93239,62493],"pointsPerHour":0,"points":450,"blocktime":630,"taken":5,"name":"filandels","totalPoints":450,"rank":2,"id":391465,"place":8569,"uniqueZonesTaken":5,"region":{"name":"Åland","id":177}}},{"medal":93,"time":"2023-05-02T07:14:30+0000","type":"medal","user":{"country":"fi","medals":[93],"zones":[33371],"pointsPerHour":0,"points":190,"blocktime":600,"taken":2,"name":"oatitta","totalPoints":190,"rank":0,"id":391468,"place":8567,"uniqueZonesTaken":2,"region":{"name":"Åland","id":177}}},{"medal":80,"time":"2023-05-02T07:13:51+0000","type":"medal","user":{"country":"se","medals":[80,84],"zones":[3393,1506,3396,25915,178269],"pointsPerHour":0,"points":748,"blocktime":645,"taken":5,"name":"Ebba&Corinne","totalPoints":748,"rank":3,"id":391460,"place":8567,"uniqueZonesTaken":5,"region":{"name":"Halland","id":134}}},{"medal":84,"time":"2023-05-02T07:13:51+0000","type":"medal","user":{"country":"se","medals":[80,84],"zones":[3393,1506,3396,25915,178269],"pointsPerHour":0,"points":748,"blocktime":645,"taken":5,"name":"Ebba&Corinne","totalPoints":748,"rank":3,"id":391460,"place":8567,"uniqueZonesTaken":5,"region":{"name":"Halland","id":134}}},{"medal":51,"time":"2023-05-02T07:11:16+0000","type":"medal","user":{"country":"se","medals":[51,85,10],"zones":[20881,3381,62552,96360,154235,25914,569764,569765,465770,154236],"pointsPerHour":0,"points":1541,"blocktime":660,"taken":10,"name":"melleludde","totalPoints":1541,"rank":4,"id":391459,"place":8567,"uniqueZonesTaken":10,"region":{"name":"Halland","id":134}}},{"medal":85,"time":"2023-05-02T07:11:16+0000","type":"medal","user":{"country":"se","medals":[51,85,10],"zones":[20881,3381,62552,96360,154235,25914,569764,569765,465770,154236],"pointsPerHour":0,"points":1541,"blocktime":660,"taken":10,"name":"melleludde","totalPoints":1541,"rank":4,"id":391459,"place":8567,"uniqueZonesTaken":10,"region":{"name":"Halland","id":134}}},{"medal":10,"time":"2023-05-02T07:11:16+0000","type":"medal","user":{"country":"se","medals":[51,85,10],"zones":[20881,3381,62552,96360,154235,25914,569764,569765,465770,154236],"pointsPerHour":0,"points":1541,"blocktime":660,"taken":10,"name":"melleludde","totalPoints":1541,"rank":4,"id":391459,"place":8567,"uniqueZonesTaken":10,"region":{"name":"Halland","id":134}}},{"sender":{"country":"se","medals":[],"zones":[],"pointsPerHour":0,"points":1,"blocktime":600,"taken":0,"name":"JonaÅSmurfarna","totalPoints":1,"rank":0,"id":390332,"place":8567,"uniqueZonesTaken":0},"time":"2023-05-02T07:11:08+0000","message":"H","type":"chat"},{"medal":84,"time":"2023-05-02T07:10:30+0000","type":"medal","user":{"country":"se","medals":[94,84],"zones":[78513,16791],"pointsPerHour":0,"points":493,"blocktime":630,"taken":5,"name":"coolgirl123","totalPoints":493,"rank":2,"id":391457,"place":8567,"uniqueZonesTaken":5,"region":{"name":"Stockholm","id":141}}},{"medal":84,"time":"2023-05-02T07:09:44+0000","type":"medal","user":{"country":"fi","medals":[94,84],"zones":[15584,64127],"pointsPerHour":0,"points":490,"blocktime":630,"taken":5,"name":"hu_goo","totalPoints":490,"rank":2,"id":391397,"place":8567,"uniqueZonesTaken":5,"region":{"name":"Åland","id":177}}}]