[{"sender":{"country":"se","medals":[5,16,27,58,43,67,64,22,62,17,24,4,8,70,68,17,24,48,24,24,17,26,50,24,72,24,77,91,24,17,113,24,79,17,116,24,117,119,17,24,122,24,24,126,24,17,24,17,132,110,24],"zones":[11283,6932,9382,321449,21373,21039],"pointsPerHour":30,"points":47140,"blocktime":1470,"taken":187834,"name":"LeiLar","totalPoints":23448289,"rank":58,"id":34920,"place":1591,"uniqueZonesTaken":4054,"region":{"name":"Västerbotten","id":127}},"time":"2023-05-01T18:41:47+0000","message":"MarresmacK: Välkommen till Turf. 😀","region":{"name":"Västerbotten","id":127},"type":"chat"}]