[{"zone":{"previousOwner":{"name":"tur(f)gor","id":144328},"dateLastTaken":"2021-06-11T01:34:50+0000","latitude":63.824682,"totalTakeovers":26098,"type":{"name":"Bridge","id":8},"pointsPerHour":9,"takeoverPoints":65,"dateCreated":"2010-10-12T00:00:00+0000","currentOwner":{"name":"Cykeltalibanen","id":267525},"name":"UmeBridge","id":1000,"region":{"area":{"name":"Umeå kommun","id":2064},"country":"se","name":"Västerbotten","id":127},"longitude":20.24902},"latitude":63.824682,"currentOwner":{"name":"Cykeltalibanen","id":267525},"time":"2021-06-11T01:34:50+0000","type":"takeover","longitude":20.24902},{"zone":{"previousOwner":{"name":"hotbike","id":310089},"dateCreated":"2021-02-03T19:05:19+0000","dateLastTaken":"2021-06-11T01:34:41+0000","latitude":44.980534,"currentOwner":{"name":"Bstat","id":303529},"name":"DontCollapse","id":381116,"totalTakeovers":76,"region":{"area":{"name":"Hennepin County","id":4063},"country":"us","name":"Minnesota","id":405},"pointsPerHour":2,"longitude":-93.245076,"takeoverPoints":170},"latitude":44.980534,"currentOwner":{"name":"Bstat","id":303529},"time":"2021-06-11T01:34:41+0000","type":"takeover","longitude":-93.245076},{"zone":{"previousOwner":{"name":"tempatti","id":139122},"dateCreated":"2017-10-03T08:57:14+0000","dateLastTaken":"2021-06-11T01:34:40+0000","latitude":60.434049,"currentOwner":{"name":"Welshman","id":305225},"name":"VähäKenttä","id":132762,"totalTakeovers":1180,"region":{"area":{"name":"Turku","id":2201},"country":"fi","name":"Lounais-Suomi","id":184},"pointsPerHour":4,"longitude":22.254185,"takeoverPoints":140},"latitude":60.434049,"currentOwner":{"name":"Welshman","id":305225},"time":"2021-06-11T01:34:40+0000","type":"takeover","longitude":22.254185},{"zone":{"previousOwner":{"name":"Boinkaboinka","id":133017},"dateCreated":"2014-04-30T07:30:00+0000","dateLastTaken":"2021-06-11T01:33:10+0000","latitude":59.85927,"currentOwner":{"name":"fotominne","id":273615},"name":"ForsrännThis","id":28715,"totalTakeovers":3489,"region":{"area":{"name":"Uppsala kommun","id":1977},"country":"se","name":"Uppsala","id":142},"pointsPerHour":4,"longitude":17.634529,"takeoverPoints":140},"latitude":59.85927,"currentOwner":{"name":"fotominne","id":273615},"time":"2021-06-11T01:33:10+0000","type":"takeover","longitude":17.634529},{"zone":{"previousOwner":{"name":"tur(f)gor","id":144328},"dateCreated":"2012-07-01T19:48:51+0000","dateLastTaken":"2021-06-11T01:32:53+0000","latitude":63.823217,"currentOwner":{"name":"Cykeltalibanen","id":267525},"name":"UmeBrofäste","id":9577,"totalTakeovers":13219,"region":{"area":{"name":"Umeå kommun","id":2064},"country":"se","name":"Västerbotten","id":127},"pointsPerHour":8,"longitude":20.252909,"takeoverPoints":80},"latitude":63.823217,"currentOwner":{"name":"Cykeltalibanen","id":267525},"time":"2021-06-11T01:32:53+0000","type":"takeover","longitude":20.252909},{"zone":{"previousOwner":{"name":"grock","id":189790},"dateCreated":"2012-11-13T21:06:31+0000","dateLastTaken":"2021-06-11T01:32:42+0000","latitude":65.555832,"currentOwner":{"name":"GammErik","id":213103},"name":"LalpZone","id":11889,"totalTakeovers":141,"region":{"area":{"name":"Luleå kommun","id":1798},"country":"se","name":"Norrbotten","id":126},"pointsPerHour":1,"longitude":21.926344,"takeoverPoints":185},"latitude":65.555832,"currentOwner":{"name":"GammErik","id":213103},"time":"2021-06-11T01:32:42+0000","type":"takeover","longitude":21.926344},{"zone":{"previousOwner":{"name":"CanC","id":240542},"dateCreated":"2020-12-28T17:22:38+0000","dateLastTaken":"2021-06-11T01:32:00+0000","latitude":60.428226,"currentOwner":{"name":"Welshman","id":305225},"name":"Merivoima","id":359839,"totalTakeovers":286,"region":{"area":{"name":"Turku","id":2201},"country":"fi","name":"Lounais-Suomi","id":184},"pointsPerHour":4,"longitude":22.241934,"takeoverPoints":140},"latitude":60.428226,"currentOwner":{"name":"Welshman","id":305225},"time":"2021-06-11T01:32:00+0000","type":"takeover","longitude":22.241934},{"zone":{"previousOwner":{"name":"marklunde","id":305897},"dateCreated":"2015-12-24T14:00:00+0000","dateLastTaken":"2021-06-11T01:31:58+0000","latitude":63.82122,"currentOwner":{"name":"Cykeltalibanen","id":267525},"name":"InteBaraÄldre","id":62194,"totalTakeovers":11127,"region":{"area":{"name":"Umeå kommun","id":2064},"country":"se","name":"Västerbotten","id":127},"pointsPerHour":8,"longitude":20.252462,"takeoverPoints":80},"latitude":63.82122,"currentOwner":{"name":"Cykeltalibanen","id":267525},"time":"2021-06-11T01:31:58+0000","type":"takeover","longitude":20.252462},{"zone":{"previousOwner":{"name":"randy55","id":212220},"dateLastTaken":"2021-06-11T01:31:03+0000","latitude":63.819945,"totalTakeovers":20004,"type":{"name":"Holy","id":9},"pointsPerHour":8,"takeoverPoints":80,"dateCreated":"2011-06-01T00:00:00+0000","currentOwner":{"name":"Cykeltalibanen","id":267525},"name":"Shutchurch","id":1723,"region":{"area":{"name":"Umeå kommun","id":2064},"country":"se","name":"Västerbotten","id":127},"longitude":20.254544},"latitude":63.819945,"currentOwner":{"name":"Cykeltalibanen","id":267525},"time":"2021-06-11T01:31:03+0000","type":"takeover","longitude":20.254544},{"zone":{"previousOwner":{"name":"CanC","id":240542},"dateLastTaken":"2021-06-11T01:30:17+0000","latitude":60.422591,"totalTakeovers":361,"type":{"name":"Bridge","id":8},"pointsPerHour":3,"takeoverPoints":155,"dateCreated":"2016-01-06T06:00:00+0000","currentOwner":{"name":"Welshman","id":305225},"name":"HirvenSilta","id":62521,"region":{"area":{"name":"Turku","id":2201},"country":"fi","name":"Lounais-Suomi","id":184},"longitude":22.23572},"latitude":60.422591,"currentOwner":{"name":"Welshman","id":305225},"time":"2021-06-11T01:30:17+0000","type":"takeover","longitude":22.23572},{"zone":{"previousOwner":{"name":"tur(f)gor","id":144328},"dateCreated":"2015-03-29T18:50:58+0000","dateLastTaken":"2021-06-11T01:29:31+0000","latitude":63.822277,"currentOwner":{"name":"Cykeltalibanen","id":267525},"name":"Åzon","id":47613,"totalTakeovers":9784,"region":{"area":{"name":"Umeå kommun","id":2064},"country":"se","name":"Västerbotten","id":127},"pointsPerHour":8,"longitude":20.256952,"takeoverPoints":80},"latitude":63.822277,"currentOwner":{"name":"Cykeltalibanen","id":267525},"time":"2021-06-11T01:29:31+0000","type":"takeover","longitude":20.256952},{"zone":{"previousOwner":{"name":"Zacly","id":327470},"dateLastTaken":"2021-06-11T01:29:28+0000","latitude":59.858073,"totalTakeovers":22688,"type":{"name":"Holy","id":9},"pointsPerHour":8,"takeoverPoints":80,"dateCreated":"2011-03-02T18:16:27+0000","currentOwner":{"name":"fotominne","id":273615},"name":"GammelMaja","id":1564,"region":{"area":{"name":"Uppsala kommun","id":1977},"country":"se","name":"Uppsala","id":142},"longitude":17.632253},"latitude":59.858073,"currentOwner":{"name":"fotominne","id":273615},"time":"2021-06-11T01:29:28+0000","type":"takeover","longitude":17.632253},{"zone":{"previousOwner":{"name":"CanC","id":240542},"dateCreated":"2018-06-12T10:31:59+0000","dateLastTaken":"2021-06-11T01:29:04+0000","latitude":60.4239,"currentOwner":{"name":"Welshman","id":305225},"name":"EiSillanAlla","id":153872,"totalTakeovers":158,"region":{"area":{"name":"Turku","id":2201},"country":"fi","name":"Lounais-Suomi","id":184},"pointsPerHour":2,"longitude":22.237627,"takeoverPoints":170},"latitude":60.4239,"currentOwner":{"name":"Welshman","id":305225},"time":"2021-06-11T01:29:04+0000","type":"takeover","longitude":22.237627},{"zone":{"previousOwner":{"name":"Zacly","id":327470},"dateLastTaken":"2021-06-11T01:28:01+0000","latitude":59.857207,"totalTakeovers":8984,"type":{"name":"Monument","id":21},"pointsPerHour":8,"takeoverPoints":80,"dateCreated":"2014-09-25T16:00:00+0000","currentOwner":{"name":"fotominne","id":273615},"name":"Befrielsen","id":37130,"region":{"area":{"name":"Uppsala kommun","id":1977},"country":"se","name":"Uppsala","id":142},"longitude":17.628643},"latitude":59.857207,"currentOwner":{"name":"fotominne","id":273615},"time":"2021-06-11T01:28:01+0000","type":"takeover","longitude":17.628643},{"zone":{"previousOwner":{"name":"randy55","id":212220},"dateCreated":"2011-06-01T00:00:00+0000","dateLastTaken":"2021-06-11T01:27:52+0000","latitude":63.82108,"currentOwner":{"name":"Cykeltalibanen","id":267525},"name":"Youmebeach","id":1722,"totalTakeovers":15246,"region":{"area":{"name":"Umeå kommun","id":2064},"country":"se","name":"Västerbotten","id":127},"pointsPerHour":8,"longitude":20.261788,"takeoverPoints":80},"latitude":63.82108,"currentOwner":{"name":"Cykeltalibanen","id":267525},"time":"2021-06-11T01:27:52+0000","type":"takeover","longitude":20.261788},{"zone":{"previousOwner":{"name":"tempatti","id":139122},"dateCreated":"2016-02-17T11:30:00+0000","dateLastTaken":"2021-06-11T01:26:48+0000","latitude":60.430498,"currentOwner":{"name":"Welshman","id":305225},"name":"StålarminZone","id":63506,"totalTakeovers":1890,"region":{"area":{"name":"Turku","id":2201},"country":"fi","name":"Lounais-Suomi","id":184},"pointsPerHour":5,"longitude":22.240744,"takeoverPoints":125},"latitude":60.430498,"currentOwner":{"name":"Welshman","id":305225},"time":"2021-06-11T01:26:48+0000","type":"takeover","longitude":22.240744},{"zone":{"previousOwner":{"name":"Zacly","id":327470},"dateLastTaken":"2021-06-11T01:26:43+0000","latitude":59.855897,"totalTakeovers":10774,"type":{"name":"Holy","id":9},"pointsPerHour":8,"takeoverPoints":80,"dateCreated":"2011-04-13T00:00:00+0000","currentOwner":{"name":"fotominne","id":273615},"name":"Sluthagen","id":1609,"region":{"area":{"name":"Uppsala kommun","id":1977},"country":"se","name":"Uppsala","id":142},"longitude":17.62625},"latitude":59.855897,"currentOwner":{"name":"fotominne","id":273615},"time":"2021-06-11T01:26:43+0000","type":"takeover","longitude":17.62625},{"zone":{"previousOwner":{"name":"tempatti","id":139122},"dateCreated":"2018-01-01T15:47:35+0000","dateLastTaken":"2021-06-11T01:26:02+0000","latitude":60.431097,"currentOwner":{"name":"Welshman","id":305225},"name":"Pontus","id":139672,"totalTakeovers":1565,"region":{"area":{"name":"Turku","id":2201},"country":"fi","name":"Lounais-Suomi","id":184},"pointsPerHour":5,"longitude":22.245505,"takeoverPoints":125},"latitude":60.431097,"currentOwner":{"name":"Welshman","id":305225},"time":"2021-06-11T01:26:02+0000","type":"takeover","longitude":22.245505},{"zone":{"previousOwner":{"name":"LenaI","id":30500},"dateCreated":"2013-10-26T12:00:42+0000","dateLastTaken":"2021-06-11T01:25:32+0000","latitude":63.817121,"currentOwner":{"name":"Cykeltalibanen","id":267525},"name":"ÅkerZone","id":22360,"totalTakeovers":12424,"region":{"area":{"name":"Umeå kommun","id":2064},"country":"se","name":"Västerbotten","id":127},"pointsPerHour":8,"longitude":20.259213,"takeoverPoints":80},"latitude":63.817121,"currentOwner":{"name":"Cykeltalibanen","id":267525},"time":"2021-06-11T01:25:32+0000","type":"takeover","longitude":20.259213},{"zone":{"previousOwner":{"name":"tempatti","id":139122},"dateCreated":"2015-12-24T16:00:00+0000","dateLastTaken":"2021-06-11T01:25:13+0000","latitude":60.431931,"currentOwner":{"name":"Welshman","id":305225},"name":"LilleHeikkilä","id":62052,"totalTakeovers":1909,"region":{"area":{"name":"Turku","id":2201},"country":"fi","name":"Lounais-Suomi","id":184},"pointsPerHour":5,"longitude":22.251,"takeoverPoints":125},"latitude":60.431931,"currentOwner":{"name":"Welshman","id":305225},"time":"2021-06-11T01:25:13+0000","type":"takeover","longitude":22.251},{"zone":{"previousOwner":{"name":"Zacly","id":327470},"dateLastTaken":"2021-06-11T01:24:43+0000","latitude":59.854803,"totalTakeovers":17134,"type":{"name":"Holy","id":9},"pointsPerHour":8,"takeoverPoints":80,"dateCreated":"2013-04-20T10:59:00+0000","currentOwner":{"name":"fotominne","id":273615},"name":"Pärleporten","id":17159,"region":{"area":{"name":"Uppsala kommun","id":1977},"country":"se","name":"Uppsala","id":142},"longitude":17.619364},"latitude":59.854803,"currentOwner":{"name":"fotominne","id":273615},"time":"2021-06-11T01:24:43+0000","type":"takeover","longitude":17.619364},{"zone":{"previousOwner":{"name":"Juliuscaesar","id":121978},"dateCreated":"2017-10-06T09:29:58+0000","dateLastTaken":"2021-06-11T01:24:10+0000","latitude":60.432133,"currentOwner":{"name":"Welshman","id":305225},"name":"VähäUittamo","id":133856,"totalTakeovers":1142,"region":{"area":{"name":"Turku","id":2201},"country":"fi","name":"Lounais-Suomi","id":184},"pointsPerHour":4,"longitude":22.258075,"takeoverPoints":140},"latitude":60.432133,"currentOwner":{"name":"Welshman","id":305225},"time":"2021-06-11T01:24:10+0000","type":"takeover","longitude":22.258075},{"zone":{"previousOwner":{"name":"Tinman","id":324199},"dateCreated":"2021-03-20T00:08:44+0000","dateLastTaken":"2021-06-11T01:24:03+0000","latitude":44.989185,"currentOwner":{"name":"Bstat","id":303529},"name":"IslandLife","id":393669,"totalTakeovers":55,"region":{"area":{"name":"Hennepin County","id":4063},"country":"us","name":"Minnesota","id":405},"pointsPerHour":3,"longitude":-93.262265,"takeoverPoints":155},"latitude":44.989185,"currentOwner":{"name":"Bstat","id":303529},"time":"2021-06-11T01:24:03+0000","type":"takeover","longitude":-93.262265},{"zone":{"previousOwner":{"name":"linkaz","id":101631},"dateCreated":"2011-08-29T21:27:37+0000","dateLastTaken":"2021-06-11T01:23:59+0000","latitude":63.814324,"currentOwner":{"name":"Cykeltalibanen","id":267525},"name":"WinterRing","id":2908,"totalTakeovers":10348,"region":{"area":{"name":"Umeå kommun","id":2064},"country":"se","name":"Västerbotten","id":127},"pointsPerHour":8,"longitude":20.254846,"takeoverPoints":80},"latitude":63.814324,"currentOwner":{"name":"Cykeltalibanen","id":267525},"time":"2021-06-11T01:23:59+0000","type":"takeover","longitude":20.254846},{"zone":{"previousOwner":{"name":"Juliuscaesar","id":121978},"dateCreated":"2017-02-02T11:16:00+0000","dateLastTaken":"2021-06-11T01:23:19+0000","latitude":60.431947,"currentOwner":{"name":"Welshman","id":305225},"name":"Parkbacken","id":95024,"totalTakeovers":1209,"region":{"area":{"name":"Turku","id":2201},"country":"fi","name":"Lounais-Suomi","id":184},"pointsPerHour":4,"longitude":22.262008,"takeoverPoints":140},"latitude":60.431947,"currentOwner":{"name":"Welshman","id":305225},"time":"2021-06-11T01:23:19+0000","type":"takeover","longitude":22.262008},{"zone":{"previousOwner":{"name":"YotH","id":136726},"dateCreated":"2020-12-13T10:00:00+0000","dateLastTaken":"2021-06-11T01:22:58+0000","latitude":60.095367,"currentOwner":{"name":"KråkanKrax","id":120751},"name":"ChessSquare","id":353124,"totalTakeovers":937,"region":{"area":{"name":"Mariehamn","id":2176},"country":"fi","name":"Åland","id":177},"pointsPerHour":7,"longitude":19.938046,"takeoverPoints":95},"latitude":60.095367,"currentOwner":{"name":"KråkanKrax","id":120751},"time":"2021-06-11T01:22:58+0000","type":"takeover","longitude":19.938046},{"zone":{"previousOwner":{"name":"Vismut","id":327578},"dateCreated":"2010-09-01T00:00:00+0000","dateLastTaken":"2021-06-11T01:22:57+0000","latitude":59.852622,"currentOwner":{"name":"fotominne","id":273615},"name":"KarlWood","id":691,"totalTakeovers":15909,"region":{"area":{"name":"Uppsala kommun","id":1977},"country":"se","name":"Uppsala","id":142},"pointsPerHour":8,"longitude":17.615269,"takeoverPoints":80},"latitude":59.852622,"currentOwner":{"name":"fotominne","id":273615},"time":"2021-06-11T01:22:57+0000","type":"takeover","longitude":17.615269},{"zone":{"previousOwner":{"name":"mariegumman","id":228726},"dateCreated":"2012-05-05T23:01:18+0000","dateLastTaken":"2021-06-11T01:22:49+0000","latitude":63.812635,"currentOwner":{"name":"Cykeltalibanen","id":267525},"name":"VärdBesfäret","id":8593,"totalTakeovers":7983,"region":{"area":{"name":"Umeå kommun","id":2064},"country":"se","name":"Västerbotten","id":127},"pointsPerHour":8,"longitude":20.253537,"takeoverPoints":80},"latitude":63.812635,"currentOwner":{"name":"Cykeltalibanen","id":267525},"time":"2021-06-11T01:22:49+0000","type":"takeover","longitude":20.253537},{"zone":{"previousOwner":{"name":"Tinman","id":324199},"dateLastTaken":"2021-06-11T01:22:26+0000","latitude":44.990715,"totalTakeovers":94,"type":{"name":"Bridge","id":8},"pointsPerHour":3,"takeoverPoints":155,"dateCreated":"2021-01-18T19:18:36+0000","currentOwner":{"name":"Bstat","id":303529},"name":"NicolletBoom","id":368807,"region":{"area":{"name":"Hennepin County","id":4063},"country":"us","name":"Minnesota","id":405},"longitude":-93.265553},"latitude":44.990715,"currentOwner":{"name":"Bstat","id":303529},"time":"2021-06-11T01:22:26+0000","type":"takeover","longitude":-93.265553},{"zone":{"previousOwner":{"name":"Juliuscaesar","id":121978},"dateCreated":"2016-11-22T13:03:18+0000","dateLastTaken":"2021-06-11T01:22:17+0000","latitude":60.432027,"currentOwner":{"name":"Welshman","id":305225},"name":"LittleHenry","id":91882,"totalTakeovers":1369,"region":{"area":{"name":"Turku","id":2201},"country":"fi","name":"Lounais-Suomi","id":184},"pointsPerHour":4,"longitude":22.266217,"takeoverPoints":140},"latitude":60.432027,"currentOwner":{"name":"Welshman","id":305225},"time":"2021-06-11T01:22:17+0000","type":"takeover","longitude":22.266217},{"zone":{"previousOwner":{"name":"mariegumman","id":228726},"dateCreated":"2017-06-17T07:00:00+0000","dateLastTaken":"2021-06-11T01:21:47+0000","latitude":63.810776,"currentOwner":{"name":"Cykeltalibanen","id":267525},"name":"Otw2IKSU","id":114029,"totalTakeovers":4424,"region":{"area":{"name":"Umeå kommun","id":2064},"country":"se","name":"Västerbotten","id":127},"pointsPerHour":8,"longitude":20.252181,"takeoverPoints":80},"latitude":63.810776,"currentOwner":{"name":"Cykeltalibanen","id":267525},"time":"2021-06-11T01:21:47+0000","type":"takeover","longitude":20.252181},{"zone":{"previousOwner":{"name":"0beroff","id":80119},"dateCreated":"2019-02-17T15:04:49+0000","dateLastTaken":"2021-06-11T01:21:39+0000","latitude":59.403546,"currentOwner":{"name":"TXZBlue","id":50709},"name":"AngantyrZone","id":179986,"totalTakeovers":419,"region":{"area":{"name":"Danderyds kommun","id":1844},"country":"se","name":"Stockholm","id":141},"pointsPerHour":4,"longitude":18.04747,"takeoverPoints":140},"latitude":59.403546,"currentOwner":{"name":"TXZBlue","id":50709},"time":"2021-06-11T01:21:39+0000","type":"takeover","longitude":18.04747},{"zone":{"previousOwner":{"name":"Tinman","id":324199},"dateCreated":"2021-02-05T21:18:48+0000","dateLastTaken":"2021-06-11T01:21:21+0000","latitude":44.991238,"currentOwner":{"name":"Bstat","id":303529},"name":"BoomBoomBoom","id":381380,"totalTakeovers":84,"region":{"area":{"name":"Hennepin County","id":4063},"country":"us","name":"Minnesota","id":405},"pointsPerHour":3,"longitude":-93.268529,"takeoverPoints":155},"latitude":44.991238,"currentOwner":{"name":"Bstat","id":303529},"time":"2021-06-11T01:21:21+0000","type":"takeover","longitude":-93.268529},{"zone":{"previousOwner":{"name":"Zacly","id":327470},"dateCreated":"2017-01-28T08:00:00+0000","dateLastTaken":"2021-06-11T01:21:10+0000","latitude":59.851228,"currentOwner":{"name":"fotominne","id":273615},"name":"Magnetism","id":94125,"totalTakeovers":8136,"region":{"area":{"name":"Uppsala kommun","id":1977},"country":"se","name":"Uppsala","id":142},"pointsPerHour":8,"longitude":17.612857,"takeoverPoints":80},"latitude":59.851228,"currentOwner":{"name":"fotominne","id":273615},"time":"2021-06-11T01:21:10+0000","type":"takeover","longitude":17.612857}]