[{"zone":{"previousOwner":{"name":"Thomasturf","id":254377},"dateLastTaken":"2021-06-11T01:00:14+0000","latitude":52.374667,"totalTakeovers":238,"type":{"name":"Bridge","id":8},"pointsPerHour":1,"takeoverPoints":185,"dateCreated":"2016-03-19T22:00:00+0000","currentOwner":{"name":"mana333","id":242497},"name":"MultatuliPl","id":64577,"region":{"area":{"name":"Amsterdam","id":2374},"country":"nl","name":"Noord-Holland","id":117},"longitude":4.889422},"latitude":52.374667,"currentOwner":{"name":"mana333","id":242497},"time":"2021-06-11T01:00:14+0000","type":"takeover","longitude":4.889422},{"zone":{"previousOwner":{"name":"Bont","id":90307},"dateCreated":"2013-10-26T12:00:00+0000","dateLastTaken":"2021-06-11T01:00:00+0000","latitude":63.824094,"currentOwner":{"name":"Cykeltalibanen","id":267525},"name":"SkolZone","id":22357,"totalTakeovers":19351,"region":{"area":{"name":"Umeå kommun","id":2064},"country":"se","name":"Västerbotten","id":127},"pointsPerHour":9,"longitude":20.281075,"takeoverPoints":65},"latitude":63.824094,"currentOwner":{"name":"Cykeltalibanen","id":267525},"time":"2021-06-11T01:00:00+0000","type":"takeover","longitude":20.281075},{"zone":{"previousOwner":{"name":"Tinman","id":324199},"dateCreated":"2021-05-16T19:51:13+0000","dateLastTaken":"2021-06-11T00:59:45+0000","latitude":45.005923,"currentOwner":{"name":"Bstat","id":303529},"name":"LeaningOver","id":411787,"totalTakeovers":8,"region":{"area":{"name":"Hennepin County","id":4063},"country":"us","name":"Minnesota","id":405},"pointsPerHour":1,"longitude":-93.275268,"takeoverPoints":185},"latitude":45.005923,"currentOwner":{"name":"Bstat","id":303529},"time":"2021-06-11T00:59:45+0000","type":"takeover","longitude":-93.275268},{"zone":{"previousOwner":{"name":"FunkyKringel","id":48817},"dateCreated":"2012-04-11T21:33:38+0000","dateLastTaken":"2021-06-11T00:58:51+0000","latitude":63.82398,"currentOwner":{"name":"Cykeltalibanen","id":267525},"name":"EastOreStreet","id":8072,"totalTakeovers":29204,"region":{"area":{"name":"Umeå kommun","id":2064},"country":"se","name":"Västerbotten","id":127},"pointsPerHour":9,"longitude":20.286336,"takeoverPoints":65},"latitude":63.82398,"currentOwner":{"name":"Cykeltalibanen","id":267525},"time":"2021-06-11T00:58:51+0000","type":"takeover","longitude":20.286336},{"zone":{"previousOwner":{"name":"Thomasturf","id":254377},"dateLastTaken":"2021-06-11T00:58:01+0000","latitude":52.372941,"totalTakeovers":515,"type":{"name":"Castle/Fort","id":14},"pointsPerHour":1,"takeoverPoints":185,"dateCreated":"2011-07-20T20:21:07+0000","currentOwner":{"name":"mana333","id":242497},"name":"RoyalZone","id":1958,"region":{"area":{"name":"Amsterdam","id":2374},"country":"nl","name":"Noord-Holland","id":117},"longitude":4.890886},"latitude":52.372941,"currentOwner":{"name":"mana333","id":242497},"time":"2021-06-11T00:58:01+0000","type":"takeover","longitude":4.890886},{"zone":{"previousOwner":{"name":"FunkyKringel","id":48817},"dateCreated":"2014-04-06T10:00:00+0000","dateLastTaken":"2021-06-11T00:57:52+0000","latitude":63.822838,"currentOwner":{"name":"Cykeltalibanen","id":267525},"name":"BlueUnderpass","id":27906,"totalTakeovers":25216,"region":{"area":{"name":"Umeå kommun","id":2064},"country":"se","name":"Västerbotten","id":127},"pointsPerHour":9,"longitude":20.289529,"takeoverPoints":65},"latitude":63.822838,"currentOwner":{"name":"Cykeltalibanen","id":267525},"time":"2021-06-11T00:57:52+0000","type":"takeover","longitude":20.289529},{"zone":{"previousOwner":{"name":"åsanna","id":259883},"dateCreated":"2014-06-09T12:00:00+0000","dateLastTaken":"2021-06-11T00:57:47+0000","latitude":59.847725,"currentOwner":{"name":"fotominne","id":273615},"name":"FyrisPark","id":31326,"totalTakeovers":3880,"region":{"area":{"name":"Uppsala kommun","id":1977},"country":"se","name":"Uppsala","id":142},"pointsPerHour":7,"longitude":17.558755,"takeoverPoints":95},"latitude":59.847725,"currentOwner":{"name":"fotominne","id":273615},"time":"2021-06-11T00:57:47+0000","type":"takeover","longitude":17.558755},{"zone":{"previousOwner":{"name":"Hubba","id":49250},"dateCreated":"2013-02-06T07:12:51+0000","dateLastTaken":"2021-06-11T00:57:12+0000","latitude":57.728198,"currentOwner":{"name":"MrJokerit","id":81469},"name":"Anekdotzonen","id":14653,"totalTakeovers":5016,"region":{"area":{"name":"Göteborgs kommun","id":1885},"country":"se","name":"Västra Götaland","id":132},"pointsPerHour":6,"longitude":11.964842,"takeoverPoints":110},"latitude":57.728198,"currentOwner":{"name":"MrJokerit","id":81469},"time":"2021-06-11T00:57:12+0000","type":"takeover","longitude":11.964842},{"zone":{"previousOwner":{"name":"Actott","id":167472},"dateCreated":"2016-03-23T21:00:00+0000","dateLastTaken":"2021-06-11T00:56:47+0000","latitude":63.822403,"currentOwner":{"name":"Cykeltalibanen","id":267525},"name":"Umeå500","id":64697,"totalTakeovers":20452,"region":{"area":{"name":"Umeå kommun","id":2064},"country":"se","name":"Västerbotten","id":127},"pointsPerHour":9,"longitude":20.28544,"takeoverPoints":65},"latitude":63.822403,"currentOwner":{"name":"Cykeltalibanen","id":267525},"time":"2021-06-11T00:56:47+0000","type":"takeover","longitude":20.28544},{"zone":{"previousOwner":{"name":"Thomasturf","id":254377},"dateCreated":"2019-12-24T10:03:11+0000","dateLastTaken":"2021-06-11T00:56:36+0000","latitude":52.370537,"currentOwner":{"name":"mana333","id":242497},"name":"Leeuwaarden","id":224445,"totalTakeovers":105,"region":{"area":{"name":"Amsterdam","id":2374},"country":"nl","name":"Noord-Holland","id":117},"pointsPerHour":1,"longitude":4.890717,"takeoverPoints":185},"latitude":52.370537,"currentOwner":{"name":"mana333","id":242497},"time":"2021-06-11T00:56:36+0000","type":"takeover","longitude":4.890717},{"zone":{"previousOwner":{"name":"FunkyKringel","id":48817},"dateCreated":"2011-05-31T00:00:00+0000","dateLastTaken":"2021-06-11T00:55:34+0000","latitude":63.820699,"currentOwner":{"name":"Cykeltalibanen","id":267525},"name":"Misterzone","id":1724,"totalTakeovers":26994,"region":{"area":{"name":"Umeå kommun","id":2064},"country":"se","name":"Västerbotten","id":127},"pointsPerHour":9,"longitude":20.28525,"takeoverPoints":65},"latitude":63.820699,"currentOwner":{"name":"Cykeltalibanen","id":267525},"time":"2021-06-11T00:55:34+0000","type":"takeover","longitude":20.28525},{"zone":{"previousOwner":{"name":"Thomasturf","id":254377},"dateCreated":"2011-07-20T21:51:57+0000","dateLastTaken":"2021-06-11T00:55:24+0000","latitude":52.368843,"currentOwner":{"name":"mana333","id":242497},"name":"SpuiZone","id":1972,"totalTakeovers":417,"region":{"area":{"name":"Amsterdam","id":2374},"country":"nl","name":"Noord-Holland","id":117},"pointsPerHour":1,"longitude":4.889979,"takeoverPoints":185},"latitude":52.368843,"currentOwner":{"name":"mana333","id":242497},"time":"2021-06-11T00:55:24+0000","type":"takeover","longitude":4.889979},{"zone":{"previousOwner":{"name":"HypnoToad","id":312175},"dateCreated":"2021-03-20T00:21:27+0000","dateLastTaken":"2021-06-11T00:55:04+0000","latitude":44.957562,"currentOwner":{"name":"woody","id":303562},"name":"SouthwestDown","id":393678,"totalTakeovers":43,"region":{"area":{"name":"Hennepin County","id":4063},"country":"us","name":"Minnesota","id":405},"pointsPerHour":2,"longitude":-93.366236,"takeoverPoints":170},"latitude":44.957562,"currentOwner":{"name":"woody","id":303562},"time":"2021-06-11T00:55:04+0000","type":"takeover","longitude":-93.366236},{"zone":{"previousOwner":{"name":"Tinman","id":324199},"dateCreated":"2021-02-28T16:49:48+0000","dateLastTaken":"2021-06-11T00:54:47+0000","latitude":45.004124,"currentOwner":{"name":"Bstat","id":303529},"name":"OrvinLoop","id":388795,"totalTakeovers":62,"region":{"area":{"name":"Hennepin County","id":4063},"country":"us","name":"Minnesota","id":405},"pointsPerHour":2,"longitude":-93.275907,"takeoverPoints":170},"latitude":45.004124,"currentOwner":{"name":"Bstat","id":303529},"time":"2021-06-11T00:54:47+0000","type":"takeover","longitude":-93.275907},{"zone":{"previousOwner":{"name":"FunkyKringel","id":48817},"dateCreated":"2016-09-09T09:09:09+0000","dateLastTaken":"2021-06-11T00:54:03+0000","latitude":63.8186,"currentOwner":{"name":"Cykeltalibanen","id":267525},"name":"InklämdKaj","id":83253,"totalTakeovers":16824,"region":{"area":{"name":"Umeå kommun","id":2064},"country":"se","name":"Västerbotten","id":127},"pointsPerHour":9,"longitude":20.283691,"takeoverPoints":65},"latitude":63.8186,"currentOwner":{"name":"Cykeltalibanen","id":267525},"time":"2021-06-11T00:54:03+0000","type":"takeover","longitude":20.283691},{"zone":{"previousOwner":{"name":"Thomasturf","id":254377},"dateCreated":"2016-03-08T11:00:00+0000","dateLastTaken":"2021-06-11T00:53:41+0000","latitude":52.366971,"currentOwner":{"name":"mana333","id":242497},"name":"Munttoren","id":64218,"totalTakeovers":389,"region":{"area":{"name":"Amsterdam","id":2374},"country":"nl","name":"Noord-Holland","id":117},"pointsPerHour":1,"longitude":4.893047,"takeoverPoints":185},"latitude":52.366971,"currentOwner":{"name":"mana333","id":242497},"time":"2021-06-11T00:53:41+0000","type":"takeover","longitude":4.893047},{"zone":{"previousOwner":{"name":"FunkyKringel","id":48817},"dateCreated":"2011-05-31T00:00:00+0000","dateLastTaken":"2021-06-11T00:53:04+0000","latitude":63.819656,"currentOwner":{"name":"Cykeltalibanen","id":267525},"name":"Klädnypan","id":1725,"totalTakeovers":25704,"region":{"area":{"name":"Umeå kommun","id":2064},"country":"se","name":"Västerbotten","id":127},"pointsPerHour":9,"longitude":20.279522,"takeoverPoints":65},"latitude":63.819656,"currentOwner":{"name":"Cykeltalibanen","id":267525},"time":"2021-06-11T00:53:04+0000","type":"takeover","longitude":20.279522},{"zone":{"previousOwner":{"name":"Tinman","id":324199},"dateCreated":"2021-02-28T16:50:34+0000","dateLastTaken":"2021-06-11T00:52:20+0000","latitude":44.999361,"currentOwner":{"name":"Bstat","id":303529},"name":"OffBroadway","id":388796,"totalTakeovers":66,"region":{"area":{"name":"Hennepin County","id":4063},"country":"us","name":"Minnesota","id":405},"pointsPerHour":2,"longitude":-93.276571,"takeoverPoints":170},"latitude":44.999361,"currentOwner":{"name":"Bstat","id":303529},"time":"2021-06-11T00:52:20+0000","type":"takeover","longitude":-93.276571},{"zone":{"previousOwner":{"name":"FunkyKringel","id":48817},"dateCreated":"2011-05-31T00:00:00+0000","dateLastTaken":"2021-06-11T00:52:10+0000","latitude":63.820366,"currentOwner":{"name":"Cykeltalibanen","id":267525},"name":"UmeåArt","id":1726,"totalTakeovers":25462,"region":{"area":{"name":"Umeå kommun","id":2064},"country":"se","name":"Västerbotten","id":127},"pointsPerHour":9,"longitude":20.27548,"takeoverPoints":65},"latitude":63.820366,"currentOwner":{"name":"Cykeltalibanen","id":267525},"time":"2021-06-11T00:52:10+0000","type":"takeover","longitude":20.27548},{"zone":{"previousOwner":{"name":"Thomasturf","id":254377},"dateCreated":"2016-03-19T22:00:00+0000","dateLastTaken":"2021-06-11T00:51:58+0000","latitude":52.368734,"currentOwner":{"name":"mana333","id":242497},"name":"Turfdraagster","id":64583,"totalTakeovers":253,"region":{"area":{"name":"Amsterdam","id":2374},"country":"nl","name":"Noord-Holland","id":117},"pointsPerHour":1,"longitude":4.894407,"takeoverPoints":185},"latitude":52.368734,"currentOwner":{"name":"mana333","id":242497},"time":"2021-06-11T00:51:58+0000","type":"takeover","longitude":4.894407},{"zone":{"previousOwner":{"name":"Bont","id":90307},"dateCreated":"2013-04-15T12:35:06+0000","dateLastTaken":"2021-06-11T00:50:47+0000","latitude":63.822209,"currentOwner":{"name":"Cykeltalibanen","id":267525},"name":"Kyrkbrinken","id":15393,"totalTakeovers":23543,"region":{"area":{"name":"Umeå kommun","id":2064},"country":"se","name":"Västerbotten","id":127},"pointsPerHour":9,"longitude":20.268788,"takeoverPoints":65},"latitude":63.822209,"currentOwner":{"name":"Cykeltalibanen","id":267525},"time":"2021-06-11T00:50:47+0000","type":"takeover","longitude":20.268788},{"zone":{"previousOwner":{"name":"Thomasturf","id":254377},"dateLastTaken":"2021-06-11T00:50:29+0000","latitude":52.370754,"totalTakeovers":265,"type":{"name":"Bridge","id":8},"pointsPerHour":1,"takeoverPoints":185,"dateCreated":"2016-03-08T11:00:00+0000","currentOwner":{"name":"mana333","id":242497},"name":"Lommertbrug","id":64219,"region":{"area":{"name":"Amsterdam","id":2374},"country":"nl","name":"Noord-Holland","id":117},"longitude":4.894733},"latitude":52.370754,"currentOwner":{"name":"mana333","id":242497},"time":"2021-06-11T00:50:29+0000","type":"takeover","longitude":4.894733},{"zone":{"previousOwner":{"name":"Tinman","id":324199},"dateCreated":"2021-02-28T16:54:24+0000","dateLastTaken":"2021-06-11T00:49:45+0000","latitude":44.996423,"currentOwner":{"name":"Bstat","id":303529},"name":"17AndWet","id":388798,"totalTakeovers":66,"region":{"area":{"name":"Hennepin County","id":4063},"country":"us","name":"Minnesota","id":405},"pointsPerHour":2,"longitude":-93.276133,"takeoverPoints":170},"latitude":44.996423,"currentOwner":{"name":"Bstat","id":303529},"time":"2021-06-11T00:49:45+0000","type":"takeover","longitude":-93.276133},{"zone":{"previousOwner":{"name":"Bont","id":90307},"dateCreated":"2010-10-06T00:00:00+0000","dateLastTaken":"2021-06-11T00:49:42+0000","latitude":63.823166,"currentOwner":{"name":"Cykeltalibanen","id":267525},"name":"TreeGarden","id":600,"totalTakeovers":28327,"region":{"area":{"name":"Umeå kommun","id":2064},"country":"se","name":"Västerbotten","id":127},"pointsPerHour":9,"longitude":20.264946,"takeoverPoints":65},"latitude":63.823166,"currentOwner":{"name":"Cykeltalibanen","id":267525},"time":"2021-06-11T00:49:42+0000","type":"takeover","longitude":20.264946},{"zone":{"previousOwner":{"name":"Thomasturf","id":254377},"dateLastTaken":"2021-06-11T00:49:00+0000","latitude":52.372828,"totalTakeovers":318,"type":{"name":"Monument","id":21},"pointsPerHour":1,"takeoverPoints":185,"dateCreated":"2017-06-02T08:45:01+0000","currentOwner":{"name":"mana333","id":242497},"name":"DeVrede","id":113148,"region":{"area":{"name":"Amsterdam","id":2374},"country":"nl","name":"Noord-Holland","id":117},"longitude":4.89395},"latitude":52.372828,"currentOwner":{"name":"mana333","id":242497},"time":"2021-06-11T00:49:00+0000","type":"takeover","longitude":4.89395},{"zone":{"previousOwner":{"name":"benjaradona","id":141225},"dateCreated":"2014-12-20T23:28:19+0000","dateLastTaken":"2021-06-11T00:48:45+0000","latitude":63.824065,"currentOwner":{"name":"Cykeltalibanen","id":267525},"name":"VävenÄven","id":42940,"totalTakeovers":24478,"region":{"area":{"name":"Umeå kommun","id":2064},"country":"se","name":"Västerbotten","id":127},"pointsPerHour":9,"longitude":20.261085,"takeoverPoints":65},"latitude":63.824065,"currentOwner":{"name":"Cykeltalibanen","id":267525},"time":"2021-06-11T00:48:45+0000","type":"takeover","longitude":20.261085},{"zone":{"previousOwner":{"name":"pompa","id":278095},"dateLastTaken":"2021-06-11T00:48:27+0000","latitude":59.848587,"totalTakeovers":1417,"type":{"name":"Holy","id":9},"pointsPerHour":4,"takeoverPoints":140,"dateCreated":"2015-07-22T08:00:00+0000","currentOwner":{"name":"fotominne","id":273615},"name":"LäbyKyrka","id":55885,"region":{"area":{"name":"Uppsala kommun","id":1977},"country":"se","name":"Uppsala","id":142},"longitude":17.523635},"latitude":59.848587,"currentOwner":{"name":"fotominne","id":273615},"time":"2021-06-11T00:48:27+0000","type":"takeover","longitude":17.523635},{"zone":{"previousOwner":{"name":"benjaradona","id":141225},"dateCreated":"2013-11-07T10:13:43+0000","dateLastTaken":"2021-06-11T00:47:37+0000","latitude":63.824879,"currentOwner":{"name":"Cykeltalibanen","id":267525},"name":"NästanIÄlven","id":22800,"totalTakeovers":23187,"region":{"area":{"name":"Umeå kommun","id":2064},"country":"se","name":"Västerbotten","id":127},"pointsPerHour":9,"longitude":20.256217,"takeoverPoints":65},"latitude":63.824879,"currentOwner":{"name":"Cykeltalibanen","id":267525},"time":"2021-06-11T00:47:37+0000","type":"takeover","longitude":20.256217},{"zone":{"previousOwner":{"name":"Thomasturf","id":254377},"dateLastTaken":"2021-06-11T00:47:16+0000","latitude":52.374025,"totalTakeovers":371,"type":{"name":"Holy","id":9},"pointsPerHour":1,"takeoverPoints":185,"dateCreated":"2011-07-20T20:24:55+0000","currentOwner":{"name":"mana333","id":242497},"name":"OldChurch","id":1959,"region":{"area":{"name":"Amsterdam","id":2374},"country":"nl","name":"Noord-Holland","id":117},"longitude":4.897739},"latitude":52.374025,"currentOwner":{"name":"mana333","id":242497},"time":"2021-06-11T00:47:16+0000","type":"takeover","longitude":4.897739},{"zone":{"previousOwner":{"name":"Slayerrr","id":108878},"dateLastTaken":"2021-06-11T00:46:34+0000","latitude":60.101407,"totalTakeovers":12145,"type":{"name":"Winner Zone","id":6},"pointsPerHour":8,"takeoverPoints":80,"dateCreated":"2018-02-07T08:00:00+0000","currentOwner":{"name":"KråkanKrax","id":120751},"name":"Kråkvalvet","id":141044,"region":{"area":{"name":"Mariehamn","id":2176},"country":"fi","name":"Åland","id":177},"longitude":19.941889},"assists":[{"name":"GrusiDojan","id":118132}],"latitude":60.101407,"currentOwner":{"name":"KråkanKrax","id":120751},"time":"2021-06-11T00:46:34+0000","type":"takeover","longitude":19.941889},{"zone":{"previousOwner":{"name":"Marauder","id":209362},"dateCreated":"2013-03-08T10:38:04+0000","dateLastTaken":"2021-06-11T00:46:28+0000","latitude":63.826019,"currentOwner":{"name":"Cykeltalibanen","id":267525},"name":"Broparken","id":15577,"totalTakeovers":25955,"region":{"area":{"name":"Umeå kommun","id":2064},"country":"se","name":"Västerbotten","id":127},"pointsPerHour":9,"longitude":20.25088,"takeoverPoints":65},"latitude":63.826019,"currentOwner":{"name":"Cykeltalibanen","id":267525},"time":"2021-06-11T00:46:28+0000","type":"takeover","longitude":20.25088},{"zone":{"previousOwner":{"name":"Slayerrr","id":108878},"dateCreated":"2015-12-24T22:06:24+0000","dateLastTaken":"2021-06-11T00:45:34+0000","latitude":60.10061,"currentOwner":{"name":"KråkanKrax","id":120751},"name":"Ålandica","id":62390,"totalTakeovers":19740,"region":{"area":{"name":"Mariehamn","id":2176},"country":"fi","name":"Åland","id":177},"pointsPerHour":9,"longitude":19.943772,"takeoverPoints":65},"assists":[{"name":"GrusiDojan","id":118132}],"latitude":60.10061,"currentOwner":{"name":"KråkanKrax","id":120751},"time":"2021-06-11T00:45:34+0000","type":"takeover","longitude":19.943772}]