[{"medal":85,"time":"2023-06-13T09:28:01+0000","type":"medal","user":{"country":"se","medals":[80,85],"zones":[2977,16902,16904,9625,9627,55884,29135],"pointsPerHour":0,"points":1533,"blocktime":11,"taken":10,"name":"Lotuus","totalPoints":1533,"rank":4,"id":398325,"place":6276,"uniqueZonesTaken":10,"region":{"name":"Jönköping","id":133}}},{"medal":84,"time":"2023-06-13T09:27:03+0000","type":"medal","user":{"country":"se","medals":[84],"zones":[2976,8451,21740],"pointsPerHour":0,"points":704,"blocktime":10,"taken":5,"name":"E_E_E","totalPoints":704,"rank":3,"id":398292,"place":6275,"uniqueZonesTaken":5,"region":{"name":"Jönköping","id":133}}},{"medal":90,"time":"2023-06-13T09:26:57+0000","type":"medal","user":{"country":"se","medals":[31,92,51,90],"zones":[28625,23924,27830,28327,20632,28632,20633,522,33754,989,1006],"pointsPerHour":0,"points":2894,"blocktime":11,"taken":30,"name":"lorris","totalPoints":2894,"rank":5,"id":398235,"place":6275,"uniqueZonesTaken":17,"region":{"name":"Skåne","id":135}}},{"medal":51,"time":"2023-06-13T09:25:59+0000","type":"medal","user":{"country":"se","medals":[95,85,90,92,51],"zones":[1105,21746,916,16901,1797,9622,2968,43352,7870,36414],"pointsPerHour":0,"points":1630,"blocktime":11,"taken":24,"name":"maltich","totalPoints":3509,"rank":6,"id":360634,"place":6275,"uniqueZonesTaken":17,"region":{"name":"Jönköping","id":133}}},{"medal":51,"time":"2023-06-13T09:25:12+0000","type":"medal","user":{"country":"se","medals":[31,92,51],"zones":[23924,27830,28327,20632,28632,20633,522,33754,989,1006],"pointsPerHour":0,"points":2767,"blocktime":11,"taken":29,"name":"lorris","totalPoints":2767,"rank":5,"id":398235,"place":6275,"uniqueZonesTaken":16,"region":{"name":"Skåne","id":135}}},{"medal":84,"time":"2023-06-13T09:24:31+0000","type":"medal","user":{"country":"se","medals":[84],"zones":[36427,21741],"pointsPerHour":0,"points":703,"blocktime":10,"taken":5,"name":"fellan775","totalPoints":703,"rank":3,"id":398332,"place":6275,"uniqueZonesTaken":5,"region":{"name":"Jönköping","id":133}}},{"medal":92,"time":"2023-06-13T09:22:46+0000","type":"medal","user":{"country":"se","medals":[80,31,92],"zones":[23924,28327,20632,28632,20633,522,33754,989,1006],"pointsPerHour":0,"points":2655,"blocktime":11,"taken":28,"name":"lorris","totalPoints":2655,"rank":5,"id":398235,"place":6275,"uniqueZonesTaken":15,"region":{"name":"Skåne","id":135}}}]