[{"sender":{"country":"se","medals":[16,67,48,68,68,70,68,59,68,72,79,77,95,83,122,119,110,126,14,127],"zones":[1474,580,128589,23951,80,23953,12308,86,88,922,177438,44124,136350,489498,483431,1760,1762,60709,872,20333,20334,8110,8306,36856,10809,34617,10810,34618],"pointsPerHour":164,"points":79264,"blocktime":24,"taken":142139,"name":"Fridolf","totalPoints":19703558,"rank":58,"id":69016,"place":234,"uniqueZonesTaken":533,"region":{"name":"Östergötland","id":139}},"time":"2023-06-13T10:22:50+0000","message":"stinabus:Tanten, ledig idag också. Vad har hänt med arbetsmoralen ?","region":{"name":"Östergötland","id":139},"type":"chat"},{"medal":93,"time":"2023-06-13T10:18:17+0000","type":"medal","user":{"country":"se","medals":[93],"zones":[43353],"pointsPerHour":0,"points":592,"blocktime":10,"taken":4,"name":"alfons33","totalPoints":592,"rank":2,"id":398321,"place":6277,"uniqueZonesTaken":4,"region":{"name":"Jönköping","id":133}}},{"medal":51,"time":"2023-06-13T10:18:17+0000","type":"medal","user":{"country":"se","medals":[85,51],"zones":[2977,15041,8451,2981,16904,9625,9627,55884,21740,29135],"pointsPerHour":0,"points":2085,"blocktime":11,"taken":14,"name":"Lotuus","totalPoints":2085,"rank":5,"id":398325,"place":6277,"uniqueZonesTaken":14,"region":{"name":"Jönköping","id":133}}}]