[{"medal":117,"time":"2023-06-13T04:27:25+0000","type":"medal","user":{"country":"se","medals":[16,57,46,28,78,14,93,35,66,117],"zones":[516519,137546,80216,62990,92862],"pointsPerHour":0,"points":15498,"blocktime":19,"taken":3210,"name":"bemerx","totalPoints":1077622,"rank":38,"id":240455,"place":6229,"uniqueZonesTaken":849,"region":{"name":"Skåne","id":135}}},{"medal":31,"time":"2023-06-13T04:26:44+0000","type":"medal","user":{"country":"se","medals":[80,92,31],"zones":[47928],"pointsPerHour":0,"points":170,"blocktime":11,"taken":25,"name":"Annlinne72","totalPoints":5276,"rank":6,"id":355036,"place":6228,"uniqueZonesTaken":15,"region":{"name":"Jönköping","id":133}}},{"sender":{"country":"se","medals":[67,16,27,4,68,21,68,68,1,69,68,70,9,8,3,68,62,30,69,68,3,68,2,68,68,17,72,2,68,24,75,64,68,68,79,77,83,82,3,68,2,68,17,24,68,91,113,26,68,17,116,117,24,24,69,68,119,24,1,69,68,17,24,126,108,124,24,24,17,68,121,17,131,24,24],"zones":[400,306645,20629,1303,180699,145038],"pointsPerHour":18,"points":148100,"blocktime":24,"taken":186625,"name":"TXL","totalPoints":38601103,"rank":59,"id":62645,"place":42,"uniqueZonesTaken":10851,"region":{"name":"Skåne","id":135}},"time":"2023-06-13T04:26:17+0000","message":"Tompa_65: Godmorgon 👍😊","region":{"name":"Skåne","id":135},"type":"chat"},{"sender":{"country":"se","medals":[16,70,67,77,79,27,99,57,72,4,7,126,83,21,123,75,117,15,89,106,132,24],"zones":[225440,20612,517,193540,7495,139434,20618,310031,92525,152238,155854,152237,23344,23345,23346,364119,23347,95220,31353,516477,27834,219384,364123],"pointsPerHour":76,"points":80868,"blocktime":24,"taken":59176,"name":"Tompa_65","totalPoints":11222987,"rank":56,"id":160985,"place":212,"uniqueZonesTaken":1057,"region":{"name":"Skåne","id":135}},"time":"2023-06-13T04:25:44+0000","message":"TXL: Goooodmorning😁","region":{"name":"Skåne","id":135},"type":"chat"},{"medal":84,"time":"2023-06-13T04:10:23+0000","type":"medal","user":{"country":"fi","medals":[84],"zones":[38248],"pointsPerHour":0,"points":80,"blocktime":10,"taken":5,"name":"murra","totalPoints":576,"rank":2,"id":394466,"place":6227,"uniqueZonesTaken":5,"region":{"name":"Åland","id":177}}}]