[{"medal":93,"time":"2023-06-12T13:00:53+0000","type":"medal","user":{"country":"se","medals":[93],"zones":[605],"pointsPerHour":0,"points":280,"blocktime":10,"taken":2,"name":"usualChaos","totalPoints":280,"rank":1,"id":398285,"place":6166,"uniqueZonesTaken":2,"region":{"name":"Västra Götaland","id":132}}},{"medal":80,"time":"2023-06-12T12:53:01+0000","type":"medal","user":{"country":"se","medals":[85,80],"zones":[1363,90773,1751,27853,1006],"pointsPerHour":0,"points":1442,"blocktime":11,"taken":16,"name":"lorris","totalPoints":1442,"rank":4,"id":398235,"place":6164,"uniqueZonesTaken":7,"region":{"name":"Skåne","id":135}}}]