[{"medal":80,"time":"2023-06-13T07:47:09+0000","type":"medal","user":{"country":"se","medals":[84,80],"zones":[16904,21740,226814,7870,29135],"pointsPerHour":0,"points":829,"blocktime":10,"taken":6,"name":"Melwindooo","totalPoints":829,"rank":3,"id":398319,"place":6258,"uniqueZonesTaken":6,"region":{"name":"Jönköping","id":133}}},{"medal":84,"time":"2023-06-13T07:42:54+0000","type":"medal","user":{"country":"se","medals":[84],"zones":[203812],"pointsPerHour":0,"points":1049,"blocktime":10,"taken":5,"name":"Getinghonung","totalPoints":1049,"rank":3,"id":398264,"place":6258,"uniqueZonesTaken":4,"region":{"name":"Kalmar","id":137}}}]