[{"sender":{"country":"se","medals":[16,47,4,77,79,72,57,70,50,17,115,66,123,126,17,128,17,105,87],"zones":[12424,1226,175],"pointsPerHour":26,"points":220,"blocktime":1365,"taken":35418,"name":"captHaddock","totalPoints":6252663,"rank":51,"id":136973,"place":2891,"uniqueZonesTaken":3961,"region":{"name":"Stockholm","id":141}},"time":"2022-10-03T05:56:16+0000","message":"Yoda87: kan du skippa stationen idag?","region":{"name":"Stockholm","id":141},"type":"chat"},{"country":"se","sender":{"country":"se","medals":[28,79,16,77,24,7,117,56,4,99,123,126,15,107,48,89,128],"zones":[20608,63692],"pointsPerHour":16,"points":1768,"blocktime":1365,"taken":52668,"name":"boki","totalPoints":5958008,"rank":51,"id":208220,"place":1377,"uniqueZonesTaken":1117,"region":{"name":"Västmanland","id":143}},"time":"2022-10-03T05:54:20+0000","message":"clakin:vilken bra start på veckan!😅","type":"chat"},{"medal":85,"time":"2022-10-03T05:47:38+0000","type":"medal","user":{"country":"se","medals":[80,85],"zones":[38275,38276,189925,33854],"pointsPerHour":0,"points":2023,"blocktime":675,"taken":10,"name":"DemonIsIce","totalPoints":2023,"rank":5,"id":379212,"place":3977,"uniqueZonesTaken":6,"region":{"name":"Jönköping","id":133}}}]