[{"medal":93,"time":"2022-10-04T08:54:04+0000","type":"medal","user":{"country":"se","medals":[93],"zones":[33986,64909,11967],"pointsPerHour":0,"points":865,"blocktime":645,"taken":5,"name":"Wååg","totalPoints":865,"rank":3,"id":379296,"place":4950,"uniqueZonesTaken":5,"region":{"name":"Skåne","id":135}}},{"medal":84,"time":"2022-10-04T08:54:04+0000","type":"medal","user":{"country":"se","medals":[84],"zones":[223808,154023,154024,20716],"pointsPerHour":0,"points":703,"blocktime":645,"taken":5,"name":"Nicomich","totalPoints":703,"rank":3,"id":379340,"place":4950,"uniqueZonesTaken":5,"region":{"name":"Stockholm","id":141}}},{"medal":84,"time":"2022-10-04T08:54:04+0000","type":"medal","user":{"country":"se","medals":[94,84],"zones":[296896,90939,428314],"pointsPerHour":0,"points":1035,"blocktime":645,"taken":6,"name":"Andersson192","totalPoints":1035,"rank":3,"id":380006,"place":4950,"uniqueZonesTaken":6,"region":{"name":"Skåne","id":135}}},{"medal":100,"time":"2022-10-04T08:52:12+0000","type":"medal","user":{"country":"se","medals":[94,100],"zones":[411253,24319],"pointsPerHour":0,"points":1375,"blocktime":660,"taken":8,"name":"Kullegård","totalPoints":1375,"rank":4,"id":379267,"place":4947,"uniqueZonesTaken":8,"region":{"name":"Skåne","id":135}}},{"medal":80,"time":"2022-10-04T08:51:37+0000","type":"medal","user":{"country":"se","medals":[80,84],"zones":[20338,61033,44794,33261,44797],"pointsPerHour":0,"points":478,"blocktime":630,"taken":5,"name":"Latheim","totalPoints":478,"rank":2,"id":380042,"place":4947,"uniqueZonesTaken":5,"region":{"name":"Uppsala","id":142}}},{"medal":84,"time":"2022-10-04T08:51:37+0000","type":"medal","user":{"country":"se","medals":[80,84],"zones":[20338,61033,44794,33261,44797],"pointsPerHour":0,"points":478,"blocktime":630,"taken":5,"name":"Latheim","totalPoints":478,"rank":2,"id":380042,"place":4947,"uniqueZonesTaken":5,"region":{"name":"Uppsala","id":142}}},{"country":"se","sender":{"country":"se","medals":[],"zones":[],"pointsPerHour":0,"points":0,"blocktime":600,"taken":0,"name":"DiddeR","totalPoints":0,"rank":0,"id":380076,"place":4945,"uniqueZonesTaken":0},"time":"2022-10-04T08:49:51+0000","message":"amongus","type":"chat"},{"medal":84,"time":"2022-10-04T08:49:40+0000","type":"medal","user":{"country":"se","medals":[84],"zones":[64905,226761,11963],"pointsPerHour":0,"points":867,"blocktime":645,"taken":5,"name":"FabbeLabbe4832","totalPoints":867,"rank":3,"id":379991,"place":4945,"uniqueZonesTaken":5,"region":{"name":"Skåne","id":135}}},{"medal":84,"time":"2022-10-04T08:49:28+0000","type":"medal","user":{"country":"se","medals":[84],"zones":[223809,27290,479947],"pointsPerHour":0,"points":858,"blocktime":645,"taken":5,"name":"luuvet","totalPoints":858,"rank":3,"id":379345,"place":4945,"uniqueZonesTaken":5,"region":{"name":"Stockholm","id":141}}}]