[{"medal":31,"time":"2022-10-03T17:32:17+0000","type":"medal","user":{"country":"se","medals":[92,52,16,31],"zones":[47924,141639,55976,55978],"pointsPerHour":0,"points":6222,"blocktime":705,"taken":25,"name":"Pepega","totalPoints":6222,"rank":7,"id":379242,"place":4733,"uniqueZonesTaken":25,"region":{"name":"Jönköping","id":133}}},{"medal":77,"time":"2022-10-03T17:25:09+0000","type":"medal","user":{"country":"se","medals":[5,21,9,10,16,34,17,46,4,54,66,14,26,24,24,17,96,100,77],"zones":[340,634,522],"pointsPerHour":0,"points":1730,"blocktime":1050,"taken":1948,"name":"ER","totalPoints":348893,"rank":30,"id":16626,"place":4731,"uniqueZonesTaken":547,"region":{"name":"Skåne","id":135}}}]