[{"medal":51,"time":"2023-04-11T14:47:17+0000","type":"medal","user":{"country":"gb","medals":[85,51],"zones":[365637,365653,365655,365638,397554,361153,365632,365635,365634,364986],"pointsPerHour":0,"points":2837,"blocktime":11,"taken":13,"name":"Alpacamebags","totalPoints":2837,"rank":5,"id":388114,"place":5800,"uniqueZonesTaken":13,"region":{"name":"West Midlands","id":208}}},{"medal":84,"time":"2023-04-11T14:44:47+0000","type":"medal","user":{"country":"se","medals":[94,100,84],"zones":[31786],"pointsPerHour":0,"points":1369,"blocktime":11,"taken":8,"name":"Willeextreme","totalPoints":1369,"rank":4,"id":388130,"place":5800,"uniqueZonesTaken":8,"region":{"name":"Dalarna","id":129}}}]