[{"sender":{"country":"se","medals":[5,67,54,90,22,79,4,70,117,91,16,24,17,24,24,24,122,126,47,109,24,50,24,24,17,116,132,77,73],"zones":[1571,1892,114597,1909,230,14606,7070],"pointsPerHour":39,"points":10901,"blocktime":1320,"taken":30162,"name":"MarioBoy","totalPoints":4097085,"rank":48,"id":150008,"place":2900,"uniqueZonesTaken":3012,"region":{"name":"Stockholm","id":141}},"time":"2023-01-24T15:23:58+0000","message":"JimmyAIK94: lugnt ibland orkar jag inte gå de där extra stegen till Söderberga när jag är på väg hem från jobbet 😄","region":{"name":"Stockholm","id":141},"type":"chat"}]