[{"sender":{"country":"uk","medals":[90,54,46,6,34,101,95,14],"zones":[393159,499328,364418,381122,94921,94920,381102,364424,381110,63448,499327,478463,63449,499326,499325,63451,381118,478459,478458,478457,492505,381115,393115],"pointsPerHour":30,"points":18768,"blocktime":1110,"taken":1913,"name":"Topsyturfy","totalPoints":583413,"rank":34,"id":298314,"place":2224,"uniqueZonesTaken":681,"region":{"name":"Scotland","id":200}},"time":"2023-01-24T11:37:44+0000","message":"applepip: made it to a little bridge recently. Quite tricky as path to it from east not on map. do you folk with bikes cycle thru the ford?","region":{"name":"Scotland","id":200},"type":"chat"},{"medal":31,"time":"2023-01-24T11:35:15+0000","type":"medal","user":{"country":"se","medals":[80,31],"zones":[78435,91699,37402,37403],"pointsPerHour":0,"points":3115,"blocktime":675,"taken":25,"name":"grafiten","totalPoints":3115,"rank":5,"id":384728,"place":5958,"uniqueZonesTaken":13,"region":{"name":"Stockholm","id":141}}}]