[{"zone":{"previousOwner":{"name":"TimmyM","id":282180},"dateCreated":"2020-08-27T16:00:00+0000","dateLastTaken":"2021-07-18T05:00:29+0000","latitude":55.889495,"currentOwner":{"name":"kjtindall","id":292775},"name":"SundanceKid","id":322191,"totalTakeovers":546,"region":{"country":"gb","name":"Scotland","id":200},"pointsPerHour":3,"longitude":-3.345973,"takeoverPoints":155},"latitude":55.889495,"currentOwner":{"name":"kjtindall","id":292775},"time":"2021-07-18T05:00:29+0000","type":"takeover","longitude":-3.345973},{"zone":{"previousOwner":{"name":"Mats2020","id":240865},"dateCreated":"2011-09-15T10:00:00+0000","dateLastTaken":"2021-07-18T05:00:21+0000","latitude":59.302643,"currentOwner":{"name":"Turfarmor","id":166232},"name":"GolfBusZone","id":3475,"totalTakeovers":2135,"region":{"country":"se","name":"Örebro","id":131},"pointsPerHour":4,"longitude":14.57177,"takeoverPoints":140},"latitude":59.302643,"currentOwner":{"name":"Turfarmor","id":166232},"time":"2021-07-18T05:00:21+0000","type":"takeover","longitude":14.57177},{"zone":{"previousOwner":{"name":"ysel","id":64817},"dateCreated":"2010-09-04T14:41:37+0000","dateLastTaken":"2021-07-18T05:00:20+0000","latitude":59.860136,"currentOwner":{"name":"port80","id":316231},"name":"Årstablomman","id":529,"totalTakeovers":9682,"region":{"country":"se","name":"Uppsala","id":142},"pointsPerHour":8,"longitude":17.690709,"takeoverPoints":80},"latitude":59.860136,"currentOwner":{"name":"port80","id":316231},"time":"2021-07-18T05:00:20+0000","type":"takeover","longitude":17.690709},{"zone":{"previousOwner":{"name":"ZwiftTurfer","id":308857},"dateCreated":"2020-11-01T09:17:25+0000","dateLastTaken":"2021-07-18T05:00:19+0000","latitude":53.348131,"currentOwner":{"name":"ZwiftTurfer","id":308857},"name":"DobcroftMill","id":349610,"totalTakeovers":140,"region":{"country":"gb","name":"Yorkshire & The Humber","id":202},"pointsPerHour":1,"longitude":-1.509395,"takeoverPoints":185},"latitude":53.348131,"currentOwner":{"name":"ZwiftTurfer","id":308857},"time":"2021-07-18T05:00:19+0000","type":"takeover","longitude":-1.509395},{"zone":{"previousOwner":{"name":"steventon_gang","id":282399},"dateCreated":"2021-02-17T08:00:00+0000","dateLastTaken":"2021-07-18T05:00:13+0000","latitude":53.019054,"currentOwner":{"name":"Str1der","id":298407},"name":"HassamGreen","id":382862,"totalTakeovers":47,"region":{"country":"gb","name":"West Midlands","id":208},"pointsPerHour":1,"longitude":-2.232098,"takeoverPoints":185},"latitude":53.019054,"currentOwner":{"name":"Str1der","id":298407},"time":"2021-07-18T05:00:13+0000","type":"takeover","longitude":-2.232098},{"zone":{"previousOwner":{"name":"omnivore","id":72063},"dateCreated":"2017-12-02T16:50:25+0000","dateLastTaken":"2021-07-18T05:00:11+0000","latitude":59.801814,"currentOwner":{"name":"ZoneTherapist","id":76854},"name":"SunnerstaGård","id":138876,"totalTakeovers":4509,"region":{"country":"se","name":"Uppsala","id":142},"pointsPerHour":6,"longitude":17.660218,"takeoverPoints":110},"latitude":59.801814,"currentOwner":{"name":"ZoneTherapist","id":76854},"time":"2021-07-18T05:00:11+0000","type":"takeover","longitude":17.660218},{"zone":{"previousOwner":{"name":"Joamo","id":125983},"dateCreated":"2018-10-09T04:13:29+0000","dateLastTaken":"2021-07-18T05:00:00+0000","latitude":59.626612,"currentOwner":{"name":"Jonathan.f","id":203054},"name":"ÖlstaUnder","id":174964,"totalTakeovers":937,"region":{"country":"se","name":"Stockholm","id":141},"pointsPerHour":4,"longitude":17.793679,"takeoverPoints":140},"latitude":59.626612,"currentOwner":{"name":"Jonathan.f","id":203054},"time":"2021-07-18T05:00:00+0000","type":"takeover","longitude":17.793679},{"zone":{"previousOwner":{"name":"TheMadMats","id":35987},"dateCreated":"2012-12-24T11:00:00+0000","dateLastTaken":"2021-07-18T04:59:57+0000","latitude":59.002351,"currentOwner":{"name":"vinzon","id":187615},"name":"Lassthorpe","id":12389,"totalTakeovers":4492,"region":{"country":"se","name":"Södermanland","id":140},"pointsPerHour":3,"longitude":16.222321,"takeoverPoints":155},"latitude":59.002351,"currentOwner":{"name":"vinzon","id":187615},"time":"2021-07-18T04:59:57+0000","type":"takeover","longitude":16.222321},{"zone":{"previousOwner":{"name":"Pekka74","id":330394},"dateCreated":"2013-06-17T08:23:57+0000","dateLastTaken":"2021-07-18T04:59:57+0000","latitude":59.412808,"currentOwner":{"name":"FireStorm","id":335533},"name":"FredmanVarHär","id":20314,"totalTakeovers":2816,"region":{"country":"se","name":"Södermanland","id":140},"pointsPerHour":4,"longitude":16.476018,"takeoverPoints":140},"latitude":59.412808,"currentOwner":{"name":"FireStorm","id":335533},"time":"2021-07-18T04:59:57+0000","type":"takeover","longitude":16.476018},{"zone":{"previousOwner":{"name":"Tosan","id":122350},"dateCreated":"2013-08-02T08:00:00+0000","dateLastTaken":"2021-07-18T04:59:53+0000","latitude":60.626237,"currentOwner":{"name":"Tosan","id":122350},"name":"Blomsterkulle","id":21128,"totalTakeovers":1338,"region":{"country":"se","name":"Uppsala","id":142},"pointsPerHour":3,"longitude":17.416676,"takeoverPoints":155},"latitude":60.626237,"currentOwner":{"name":"Tosan","id":122350},"time":"2021-07-18T04:59:53+0000","type":"takeover","longitude":17.416676},{"zone":{"previousOwner":{"name":"krombe","id":271382},"dateCreated":"2010-10-17T15:21:01+0000","dateLastTaken":"2021-07-18T04:59:45+0000","latitude":59.365163,"currentOwner":{"name":"karmor","id":232514},"name":"BabordZone","id":1022,"totalTakeovers":9504,"region":{"country":"se","name":"Värmland","id":130},"pointsPerHour":7,"longitude":13.494022,"takeoverPoints":95},"latitude":59.365163,"currentOwner":{"name":"karmor","id":232514},"time":"2021-07-18T04:59:45+0000","type":"takeover","longitude":13.494022},{"zone":{"previousOwner":{"name":"Király","id":169417},"dateCreated":"2011-01-30T11:03:04+0000","dateLastTaken":"2021-07-18T04:59:40+0000","latitude":55.592,"currentOwner":{"name":"Svepet","id":299128},"name":"CirclePark","id":1435,"totalTakeovers":13287,"region":{"country":"se","name":"Skåne","id":135},"pointsPerHour":7,"longitude":13.011609,"takeoverPoints":95},"latitude":55.592,"currentOwner":{"name":"Svepet","id":299128},"time":"2021-07-18T04:59:40+0000","type":"takeover","longitude":13.011609},{"zone":{"previousOwner":{"name":"HoltAnn","id":60066},"dateCreated":"2011-05-01T12:27:24+0000","dateLastTaken":"2021-07-18T04:59:37+0000","latitude":59.373443,"currentOwner":{"name":"jompe","id":110837},"name":"ParkenZoone","id":1647,"totalTakeovers":5266,"region":{"country":"se","name":"Södermanland","id":140},"pointsPerHour":7,"longitude":16.482443,"takeoverPoints":95},"latitude":59.373443,"currentOwner":{"name":"jompe","id":110837},"time":"2021-07-18T04:59:37+0000","type":"takeover","longitude":16.482443},{"zone":{"previousOwner":{"name":"galax","id":57332},"dateCreated":"2014-01-30T10:49:30+0000","dateLastTaken":"2021-07-18T04:59:34+0000","latitude":59.304989,"currentOwner":{"name":"solidsnail","id":324576},"name":"Humlafura","id":25285,"totalTakeovers":5142,"region":{"country":"se","name":"Örebro","id":131},"pointsPerHour":5,"longitude":14.507009,"takeoverPoints":125},"latitude":59.304989,"currentOwner":{"name":"solidsnail","id":324576},"time":"2021-07-18T04:59:34+0000","type":"takeover","longitude":14.507009},{"zone":{"previousOwner":{"name":"Chrillewille","id":273241},"dateCreated":"2020-12-26T19:11:14+0000","dateLastTaken":"2021-07-18T04:59:24+0000","latitude":59.589428,"currentOwner":{"name":"boki","id":208220},"name":"HamreBirdie","id":359096,"totalTakeovers":508,"region":{"country":"se","name":"Västmanland","id":143},"pointsPerHour":6,"longitude":16.601245,"takeoverPoints":110},"latitude":59.589428,"currentOwner":{"name":"boki","id":208220},"time":"2021-07-18T04:59:24+0000","type":"takeover","longitude":16.601245},{"zone":{"previousOwner":{"name":"Frökenathena","id":240979},"dateCreated":"2014-12-24T12:00:00+0000","dateLastTaken":"2021-07-18T04:59:13+0000","latitude":59.626459,"currentOwner":{"name":"Ferna","id":55488},"name":"Sportfånen","id":43193,"totalTakeovers":10937,"region":{"country":"se","name":"Västmanland","id":143},"pointsPerHour":8,"longitude":16.52978,"takeoverPoints":80},"latitude":59.626459,"currentOwner":{"name":"Ferna","id":55488},"time":"2021-07-18T04:59:13+0000","type":"takeover","longitude":16.52978},{"zone":{"previousOwner":{"name":"Wsnurr","id":28714},"dateCreated":"2013-05-05T19:08:00+0000","dateLastTaken":"2021-07-18T04:59:10+0000","latitude":56.045883,"currentOwner":{"name":"UnluckyOne","id":262656},"name":"AdolfsWoods","id":17849,"totalTakeovers":822,"region":{"country":"se","name":"Skåne","id":135},"pointsPerHour":2,"longitude":12.749429,"takeoverPoints":170},"latitude":56.045883,"currentOwner":{"name":"UnluckyOne","id":262656},"time":"2021-07-18T04:59:10+0000","type":"takeover","longitude":12.749429},{"zone":{"previousOwner":{"name":"Ucka","id":74558},"dateCreated":"2016-08-03T13:15:02+0000","dateLastTaken":"2021-07-18T04:59:08+0000","latitude":59.630088,"currentOwner":{"name":"whitebike","id":228856},"name":"Dorsilla","id":80136,"totalTakeovers":258,"region":{"country":"se","name":"Uppsala","id":142},"pointsPerHour":1,"longitude":16.972093,"takeoverPoints":185},"latitude":59.630088,"currentOwner":{"name":"whitebike","id":228856},"time":"2021-07-18T04:59:08+0000","type":"takeover","longitude":16.972093},{"zone":{"previousOwner":{"name":"Sucuriju","id":334898},"dateCreated":"2016-06-09T04:00:00+0000","dateLastTaken":"2021-07-18T04:59:06+0000","latitude":59.486516,"currentOwner":{"name":"Sucuriju","id":334898},"name":"Autobahn","id":78462,"totalTakeovers":2489,"region":{"country":"se","name":"Stockholm","id":141},"pointsPerHour":4,"longitude":17.741411,"takeoverPoints":140},"latitude":59.486516,"currentOwner":{"name":"Sucuriju","id":334898},"time":"2021-07-18T04:59:06+0000","type":"takeover","longitude":17.741411},{"zone":{"previousOwner":{"name":"steventon_gang","id":282399},"dateCreated":"2021-02-17T08:00:00+0000","dateLastTaken":"2021-07-18T04:59:00+0000","latitude":53.021019,"currentOwner":{"name":"Str1der","id":298407},"name":"NoWayThrough","id":382864,"totalTakeovers":40,"region":{"country":"gb","name":"West Midlands","id":208},"pointsPerHour":1,"longitude":-2.23382,"takeoverPoints":185},"latitude":53.021019,"currentOwner":{"name":"Str1der","id":298407},"time":"2021-07-18T04:59:00+0000","type":"takeover","longitude":-2.23382},{"zone":{"previousOwner":{"name":"Vintentina","id":60202},"dateCreated":"2016-05-20T04:00:00+0000","dateLastTaken":"2021-07-18T04:58:58+0000","latitude":59.331802,"currentOwner":{"name":"Vintentina","id":60202},"name":"Skoghallsådra","id":71763,"totalTakeovers":2324,"region":{"country":"se","name":"Värmland","id":130},"pointsPerHour":4,"longitude":13.464279,"takeoverPoints":140},"latitude":59.331802,"currentOwner":{"name":"Vintentina","id":60202},"time":"2021-07-18T04:58:58+0000","type":"takeover","longitude":13.464279},{"zone":{"previousOwner":{"name":"Fashven","id":297782},"dateCreated":"2020-09-02T12:00:00+0000","dateLastTaken":"2021-07-18T04:58:52+0000","latitude":55.821141,"currentOwner":{"name":"Biorach","id":302584},"name":"Powerbridge","id":323699,"totalTakeovers":284,"region":{"country":"gb","name":"Scotland","id":200},"pointsPerHour":4,"longitude":-4.264088,"takeoverPoints":140},"latitude":55.821141,"currentOwner":{"name":"Biorach","id":302584},"time":"2021-07-18T04:58:52+0000","type":"takeover","longitude":-4.264088},{"zone":{"previousOwner":{"name":"omnivore","id":72063},"dateCreated":"2012-03-28T18:55:30+0000","dateLastTaken":"2021-07-18T04:58:43+0000","latitude":59.804223,"currentOwner":{"name":"ZoneTherapist","id":76854},"name":"Dopping","id":7563,"totalTakeovers":8024,"region":{"country":"se","name":"Uppsala","id":142},"pointsPerHour":7,"longitude":17.658987,"takeoverPoints":95},"latitude":59.804223,"currentOwner":{"name":"ZoneTherapist","id":76854},"time":"2021-07-18T04:58:43+0000","type":"takeover","longitude":17.658987},{"zone":{"previousOwner":{"name":"velocipedrytta","id":19596},"dateCreated":"2012-07-20T00:08:13+0000","dateLastTaken":"2021-07-18T04:58:33+0000","latitude":56.209125,"currentOwner":{"name":"velocipedrytta","id":19596},"name":"TuveBack","id":9722,"totalTakeovers":1486,"region":{"country":"se","name":"Blekinge","id":136},"pointsPerHour":3,"longitude":15.267984,"takeoverPoints":155},"latitude":56.209125,"currentOwner":{"name":"velocipedrytta","id":19596},"time":"2021-07-18T04:58:33+0000","type":"takeover","longitude":15.267984},{"zone":{"previousOwner":{"name":"TimmyM","id":282180},"dateCreated":"2020-08-27T16:00:00+0000","dateLastTaken":"2021-07-18T04:58:30+0000","latitude":55.886504,"currentOwner":{"name":"kjtindall","id":292775},"name":"FindTheZone","id":321041,"totalTakeovers":412,"region":{"country":"gb","name":"Scotland","id":200},"pointsPerHour":2,"longitude":-3.343005,"takeoverPoints":170},"latitude":55.886504,"currentOwner":{"name":"kjtindall","id":292775},"time":"2021-07-18T04:58:30+0000","type":"takeover","longitude":-3.343005},{"zone":{"previousOwner":{"name":"Moi2021","id":327456},"dateCreated":"2015-02-08T09:01:30+0000","dateLastTaken":"2021-07-18T04:58:29+0000","latitude":59.386392,"currentOwner":{"name":"DrBengt","id":228134},"name":"Hirudinea","id":44576,"totalTakeovers":4035,"region":{"country":"se","name":"Stockholm","id":141},"pointsPerHour":6,"longitude":17.984047,"takeoverPoints":110},"latitude":59.386392,"currentOwner":{"name":"DrBengt","id":228134},"time":"2021-07-18T04:58:29+0000","type":"takeover","longitude":17.984047},{"zone":{"previousOwner":{"name":"Jomii","id":63235},"dateCreated":"2018-09-25T05:00:00+0000","dateLastTaken":"2021-07-18T04:58:28+0000","latitude":59.367391,"currentOwner":{"name":"karmor","id":232514},"name":"Båtbussbrygga","id":169986,"totalTakeovers":4058,"region":{"country":"se","name":"Värmland","id":130},"pointsPerHour":7,"longitude":13.494112,"takeoverPoints":95},"latitude":59.367391,"currentOwner":{"name":"karmor","id":232514},"time":"2021-07-18T04:58:28+0000","type":"takeover","longitude":13.494112},{"zone":{"previousOwner":{"name":"Naset","id":156696},"dateCreated":"2013-01-05T22:18:13+0000","dateLastTaken":"2021-07-18T04:58:23+0000","latitude":60.625093,"currentOwner":{"name":"Tosan","id":122350},"name":"SkutCenter","id":12535,"totalTakeovers":1702,"region":{"country":"se","name":"Uppsala","id":142},"pointsPerHour":3,"longitude":17.412486,"takeoverPoints":155},"latitude":60.625093,"currentOwner":{"name":"Tosan","id":122350},"time":"2021-07-18T04:58:23+0000","type":"takeover","longitude":17.412486},{"zone":{"previousOwner":{"name":"Király","id":169417},"dateLastTaken":"2021-07-18T04:58:21+0000","latitude":55.590399,"totalTakeovers":7206,"pointsPerHour":6,"takeoverPoints":110,"dateCreated":"2017-10-16T22:25:00+0000","currentOwner":{"name":"Svepet","id":299128},"name":"Király002","id":135024,"region":{"country":"se","name":"Skåne","id":135},"longitude":13.010764},"latitude":55.590399,"currentOwner":{"name":"Svepet","id":299128},"time":"2021-07-18T04:58:21+0000","type":"takeover","longitude":13.010764},{"zone":{"previousOwner":{"name":"vaktarn.JR","id":211354},"dateCreated":"2016-03-22T13:12:23+0000","dateLastTaken":"2021-07-18T04:58:20+0000","latitude":59.858424,"currentOwner":{"name":"port80","id":316231},"name":"LennaKitty","id":64664,"totalTakeovers":7457,"region":{"country":"se","name":"Uppsala","id":142},"pointsPerHour":8,"longitude":17.682211,"takeoverPoints":80},"latitude":59.858424,"currentOwner":{"name":"port80","id":316231},"time":"2021-07-18T04:58:20+0000","type":"takeover","longitude":17.682211},{"zone":{"previousOwner":{"name":"Uralstrix","id":92422},"dateCreated":"2021-01-29T17:00:33+0000","dateLastTaken":"2021-07-18T04:58:15+0000","latitude":60.679763,"currentOwner":{"name":"Lindhardt","id":212850},"name":"MalungsMack","id":364842,"totalTakeovers":12,"region":{"country":"se","name":"Dalarna","id":129},"pointsPerHour":1,"longitude":13.730842,"takeoverPoints":185},"latitude":60.679763,"currentOwner":{"name":"Lindhardt","id":212850},"time":"2021-07-18T04:58:15+0000","type":"takeover","longitude":13.730842},{"zone":{"previousOwner":{"name":"Lemonad","id":76368},"dateCreated":"2017-08-27T03:00:00+0000","dateLastTaken":"2021-07-18T04:58:04+0000","latitude":59.484492,"currentOwner":{"name":"Sucuriju","id":334898},"name":"Ekhammar","id":117545,"totalTakeovers":2195,"region":{"country":"se","name":"Stockholm","id":141},"pointsPerHour":4,"longitude":17.739435,"takeoverPoints":140},"latitude":59.484492,"currentOwner":{"name":"Sucuriju","id":334898},"time":"2021-07-18T04:58:04+0000","type":"takeover","longitude":17.739435},{"zone":{"previousOwner":{"name":"GW007","id":77704},"dateCreated":"2012-11-27T20:12:41+0000","dateLastTaken":"2021-07-18T04:58:01+0000","latitude":56.669241,"currentOwner":{"name":"MrBungle","id":44781},"name":"ThorSauce","id":12059,"totalTakeovers":7832,"region":{"country":"se","name":"Kalmar","id":137},"pointsPerHour":6,"longitude":16.329645,"takeoverPoints":110},"latitude":56.669241,"currentOwner":{"name":"MrBungle","id":44781},"time":"2021-07-18T04:58:01+0000","type":"takeover","longitude":16.329645},{"zone":{"previousOwner":{"name":"Smile","id":69951},"dateCreated":"2013-12-01T22:00:00+0000","dateLastTaken":"2021-07-18T04:58:00+0000","latitude":59.319991,"currentOwner":{"name":"Ripasso","id":124415},"name":"ÖstraStensta","id":23581,"totalTakeovers":1347,"region":{"country":"se","name":"Örebro","id":131},"pointsPerHour":2,"longitude":15.189054,"takeoverPoints":170},"latitude":59.319991,"currentOwner":{"name":"Ripasso","id":124415},"time":"2021-07-18T04:58:00+0000","type":"takeover","longitude":15.189054},{"zone":{"previousOwner":{"name":"TheMadMats","id":35987},"dateCreated":"2013-12-24T11:00:15+0000","dateLastTaken":"2021-07-18T04:57:53+0000","latitude":59.004898,"currentOwner":{"name":"vinzon","id":187615},"name":"Vallafält","id":23860,"totalTakeovers":3523,"region":{"country":"se","name":"Södermanland","id":140},"pointsPerHour":3,"longitude":16.218426,"takeoverPoints":155},"latitude":59.004898,"currentOwner":{"name":"vinzon","id":187615},"time":"2021-07-18T04:57:53+0000","type":"takeover","longitude":16.218426},{"zone":{"previousOwner":{"name":"steventon_gang","id":282399},"dateCreated":"2021-02-17T08:00:00+0000","dateLastTaken":"2021-07-18T04:57:52+0000","latitude":53.023012,"currentOwner":{"name":"Str1der","id":298407},"name":"NoLightHere","id":382861,"totalTakeovers":44,"region":{"country":"gb","name":"West Midlands","id":208},"pointsPerHour":1,"longitude":-2.235473,"takeoverPoints":185},"latitude":53.023012,"currentOwner":{"name":"Str1der","id":298407},"time":"2021-07-18T04:57:52+0000","type":"takeover","longitude":-2.235473},{"zone":{"previousOwner":{"name":"JulyMyFriend?","id":254091},"dateCreated":"2012-11-29T19:56:39+0000","dateLastTaken":"2021-07-18T04:57:41+0000","latitude":59.43536,"currentOwner":{"name":"Electromatic","id":163659},"name":"NoseStation","id":12084,"totalTakeovers":5622,"region":{"country":"se","name":"Stockholm","id":141},"pointsPerHour":7,"longitude":18.059046,"takeoverPoints":95},"latitude":59.43536,"currentOwner":{"name":"Electromatic","id":163659},"time":"2021-07-18T04:57:41+0000","type":"takeover","longitude":18.059046},{"zone":{"previousOwner":{"name":"Femöringen","id":114501},"dateLastTaken":"2021-07-18T04:57:38+0000","latitude":58.658512,"totalTakeovers":3259,"pointsPerHour":5,"takeoverPoints":125,"dateCreated":"2015-03-12T22:00:00+0000","currentOwner":{"name":"AudioPelle","id":63238},"name":"Ståltheten","id":46766,"region":{"country":"se","name":"Södermanland","id":140},"longitude":17.112248},"latitude":58.658512,"currentOwner":{"name":"AudioPelle","id":63238},"time":"2021-07-18T04:57:38+0000","type":"takeover","longitude":17.112248},{"zone":{"previousOwner":{"name":"Wsnurr","id":28714},"dateCreated":"2020-12-25T11:45:00+0000","dateLastTaken":"2021-07-18T04:57:34+0000","latitude":56.043618,"currentOwner":{"name":"UnluckyOne","id":262656},"name":"AttilasHunner","id":355179,"totalTakeovers":107,"region":{"country":"se","name":"Skåne","id":135},"pointsPerHour":2,"longitude":12.745776,"takeoverPoints":170},"latitude":56.043618,"currentOwner":{"name":"UnluckyOne","id":262656},"time":"2021-07-18T04:57:34+0000","type":"takeover","longitude":12.745776},{"zone":{"previousOwner":{"name":"Chrillewille","id":273241},"dateCreated":"2010-09-04T14:41:37+0000","dateLastTaken":"2021-07-18T04:57:33+0000","latitude":59.614521,"currentOwner":{"name":"Pilot","id":239724},"name":"ArosPark","id":701,"totalTakeovers":29722,"region":{"country":"se","name":"Västmanland","id":143},"pointsPerHour":9,"longitude":16.546228,"takeoverPoints":65},"latitude":59.614521,"currentOwner":{"name":"Pilot","id":239724},"time":"2021-07-18T04:57:33+0000","type":"takeover","longitude":16.546228},{"zone":{"previousOwner":{"name":"Joamo","id":125983},"dateCreated":"2018-09-23T22:50:25+0000","dateLastTaken":"2021-07-18T04:57:26+0000","latitude":59.630277,"currentOwner":{"name":"Jonathan.f","id":203054},"name":"TullenÄrNära","id":169762,"totalTakeovers":1072,"region":{"country":"se","name":"Stockholm","id":141},"pointsPerHour":4,"longitude":17.807825,"takeoverPoints":140},"latitude":59.630277,"currentOwner":{"name":"Jonathan.f","id":203054},"time":"2021-07-18T04:57:26+0000","type":"takeover","longitude":17.807825},{"zone":{"previousOwner":{"name":"Chrillewille","id":273241},"dateCreated":"2014-06-12T14:14:33+0000","dateLastTaken":"2021-07-18T04:57:18+0000","latitude":59.591981,"currentOwner":{"name":"boki","id":208220},"name":"Vassegoda","id":31453,"totalTakeovers":8567,"region":{"country":"se","name":"Västmanland","id":143},"pointsPerHour":7,"longitude":16.600623,"takeoverPoints":95},"latitude":59.591981,"currentOwner":{"name":"boki","id":208220},"time":"2021-07-18T04:57:18+0000","type":"takeover","longitude":16.600623},{"zone":{"previousOwner":{"name":"Kruse","id":23306},"dateCreated":"2016-01-09T06:00:00+0000","dateLastTaken":"2021-07-18T04:57:17+0000","latitude":59.306657,"currentOwner":{"name":"solidsnail","id":324576},"name":"Trädsidan","id":62568,"totalTakeovers":8384,"region":{"country":"se","name":"Örebro","id":131},"pointsPerHour":7,"longitude":14.503734,"takeoverPoints":95},"latitude":59.306657,"currentOwner":{"name":"solidsnail","id":324576},"time":"2021-07-18T04:57:17+0000","type":"takeover","longitude":14.503734},{"zone":{"previousOwner":{"name":"fluffen9","id":59392},"dateCreated":"2015-04-03T06:00:00+0000","dateLastTaken":"2021-07-18T04:57:16+0000","latitude":59.327892,"currentOwner":{"name":"Vintentina","id":60202},"name":"BåtBus","id":44140,"totalTakeovers":4592,"region":{"country":"se","name":"Värmland","id":130},"pointsPerHour":5,"longitude":13.465079,"takeoverPoints":125},"latitude":59.327892,"currentOwner":{"name":"Vintentina","id":60202},"time":"2021-07-18T04:57:16+0000","type":"takeover","longitude":13.465079},{"zone":{"previousOwner":{"name":"EnZonTill","id":216808},"dateCreated":"2015-02-23T09:00:00+0000","dateLastTaken":"2021-07-18T04:57:14+0000","latitude":57.296913,"currentOwner":{"name":"EnZonTill","id":216808},"name":"Mossarparn","id":45056,"totalTakeovers":2077,"region":{"country":"se","name":"Jönköping","id":133},"pointsPerHour":3,"longitude":13.554697,"takeoverPoints":155},"latitude":57.296913,"currentOwner":{"name":"EnZonTill","id":216808},"time":"2021-07-18T04:57:14+0000","type":"takeover","longitude":13.554697},{"zone":{"previousOwner":{"name":"frigga7","id":213117},"dateCreated":"2014-10-11T08:17:39+0000","dateLastTaken":"2021-07-18T04:57:13+0000","latitude":59.414836,"currentOwner":{"name":"FireStorm","id":335533},"name":"Hellströms","id":37715,"totalTakeovers":1897,"region":{"country":"se","name":"Södermanland","id":140},"pointsPerHour":3,"longitude":16.485787,"takeoverPoints":155},"latitude":59.414836,"currentOwner":{"name":"FireStorm","id":335533},"time":"2021-07-18T04:57:13+0000","type":"takeover","longitude":16.485787},{"zone":{"previousOwner":{"name":"Jomii","id":63235},"dateCreated":"2012-04-01T20:07:06+0000","dateLastTaken":"2021-07-18T04:56:56+0000","latitude":59.370034,"currentOwner":{"name":"karmor","id":232514},"name":"OrrholmsZone","id":7799,"totalTakeovers":11650,"region":{"country":"se","name":"Värmland","id":130},"pointsPerHour":7,"longitude":13.496237,"takeoverPoints":95},"latitude":59.370034,"currentOwner":{"name":"karmor","id":232514},"time":"2021-07-18T04:56:56+0000","type":"takeover","longitude":13.496237},{"zone":{"previousOwner":{"name":"GW007","id":77704},"dateCreated":"2014-09-06T23:40:02+0000","dateLastTaken":"2021-07-18T04:56:42+0000","latitude":56.67008,"currentOwner":{"name":"MrBungle","id":44781},"name":"CalmareYards","id":34628,"totalTakeovers":5756,"region":{"country":"se","name":"Kalmar","id":137},"pointsPerHour":6,"longitude":16.325424,"takeoverPoints":110},"latitude":56.67008,"currentOwner":{"name":"MrBungle","id":44781},"time":"2021-07-18T04:56:42+0000","type":"takeover","longitude":16.325424},{"zone":{"previousOwner":{"name":"Roundhead","id":233054},"dateCreated":"2014-10-28T13:50:21+0000","dateLastTaken":"2021-07-18T04:56:36+0000","latitude":59.371964,"currentOwner":{"name":"jompe","id":110837},"name":"Parkenbadet","id":41570,"totalTakeovers":3838,"region":{"country":"se","name":"Södermanland","id":140},"pointsPerHour":7,"longitude":16.479424,"takeoverPoints":95},"latitude":59.371964,"currentOwner":{"name":"jompe","id":110837},"time":"2021-07-18T04:56:36+0000","type":"takeover","longitude":16.479424},{"zone":{"previousOwner":{"name":"tur","id":148395},"dateCreated":"2012-12-24T11:00:00+0000","dateLastTaken":"2021-07-18T04:56:30+0000","latitude":59.858443,"currentOwner":{"name":"port80","id":316231},"name":"ApelGrå","id":12408,"totalTakeovers":11396,"region":{"country":"se","name":"Uppsala","id":142},"pointsPerHour":8,"longitude":17.677415,"takeoverPoints":80},"latitude":59.858443,"currentOwner":{"name":"port80","id":316231},"time":"2021-07-18T04:56:30+0000","type":"takeover","longitude":17.677415},{"zone":{"previousOwner":{"name":"GreenLight","id":141280},"dateLastTaken":"2021-07-18T04:56:27+0000","latitude":60.623576,"totalTakeovers":2866,"pointsPerHour":3,"takeoverPoints":155,"dateCreated":"2013-01-05T22:12:38+0000","currentOwner":{"name":"Tosan","id":122350},"name":"SkutStation","id":12533,"region":{"country":"se","name":"Uppsala","id":142},"longitude":17.405629},"latitude":60.623576,"currentOwner":{"name":"Tosan","id":122350},"time":"2021-07-18T04:56:27+0000","type":"takeover","longitude":17.405629},{"zone":{"previousOwner":{"name":"omnivore","id":72063},"dateCreated":"2012-10-03T19:16:57+0000","dateLastTaken":"2021-07-18T04:56:25+0000","latitude":59.80842,"currentOwner":{"name":"ZoneTherapist","id":76854},"name":"UllsKil","id":11633,"totalTakeovers":5014,"region":{"country":"se","name":"Uppsala","id":142},"pointsPerHour":6,"longitude":17.657874,"takeoverPoints":110},"latitude":59.80842,"currentOwner":{"name":"ZoneTherapist","id":76854},"time":"2021-07-18T04:56:25+0000","type":"takeover","longitude":17.657874},{"zone":{"previousOwner":{"name":"Király","id":169417},"dateCreated":"2010-09-30T22:00:02+0000","dateLastTaken":"2021-07-18T04:56:24+0000","latitude":55.589267,"currentOwner":{"name":"Svepet","id":299128},"name":"Nobelway","id":983,"totalTakeovers":10703,"region":{"country":"se","name":"Skåne","id":135},"pointsPerHour":6,"longitude":13.013883,"takeoverPoints":110},"latitude":55.589267,"currentOwner":{"name":"Svepet","id":299128},"time":"2021-07-18T04:56:24+0000","type":"takeover","longitude":13.013883},{"zone":{"previousOwner":{"name":"Moi2021","id":327456},"dateCreated":"2016-12-18T06:00:00+0000","dateLastTaken":"2021-07-18T04:56:18+0000","latitude":59.38482,"currentOwner":{"name":"DrBengt","id":228134},"name":"Vinthundsväng","id":92692,"totalTakeovers":2228,"region":{"country":"se","name":"Stockholm","id":141},"pointsPerHour":5,"longitude":17.977559,"takeoverPoints":125},"latitude":59.38482,"currentOwner":{"name":"DrBengt","id":228134},"time":"2021-07-18T04:56:18+0000","type":"takeover","longitude":17.977559},{"zone":{"previousOwner":{"name":"Chrillewille","id":273241},"dateCreated":"2016-12-24T12:00:00+0000","dateLastTaken":"2021-07-18T04:56:15+0000","latitude":59.615038,"currentOwner":{"name":"Pilot","id":239724},"name":"KopparKalle","id":92228,"totalTakeovers":11642,"region":{"country":"se","name":"Västmanland","id":143},"pointsPerHour":9,"longitude":16.551029,"takeoverPoints":65},"latitude":59.615038,"currentOwner":{"name":"Pilot","id":239724},"time":"2021-07-18T04:56:15+0000","type":"takeover","longitude":16.551029},{"zone":{"previousOwner":{"name":"galax","id":57332},"dateCreated":"2017-12-17T13:19:08+0000","dateLastTaken":"2021-07-18T04:56:13+0000","latitude":59.305016,"currentOwner":{"name":"solidsnail","id":324576},"name":"CyklaPå","id":139102,"totalTakeovers":4639,"region":{"country":"se","name":"Örebro","id":131},"pointsPerHour":7,"longitude":14.501546,"takeoverPoints":95},"latitude":59.305016,"currentOwner":{"name":"solidsnail","id":324576},"time":"2021-07-18T04:56:13+0000","type":"takeover","longitude":14.501546},{"zone":{"previousOwner":{"name":"Frökenathena","id":240979},"dateCreated":"2013-12-24T15:00:00+0000","dateLastTaken":"2021-07-18T04:56:09+0000","latitude":59.626228,"currentOwner":{"name":"Ferna","id":55488},"name":"SmallCreek","id":24185,"totalTakeovers":8250,"region":{"country":"se","name":"Västmanland","id":143},"pointsPerHour":8,"longitude":16.534867,"takeoverPoints":80},"latitude":59.626228,"currentOwner":{"name":"Ferna","id":55488},"time":"2021-07-18T04:56:09+0000","type":"takeover","longitude":16.534867},{"zone":{"previousOwner":{"name":"Ringblomma","id":41832},"dateLastTaken":"2021-07-18T04:56:09+0000","latitude":58.445961,"totalTakeovers":2146,"pointsPerHour":5,"takeoverPoints":125,"dateCreated":"2011-05-24T06:40:04+0000","currentOwner":{"name":"vildapeln","id":317420},"name":"WhatCastle","id":1703,"region":{"country":"se","name":"Östergötland","id":139},"longitude":14.88358},"latitude":58.445961,"currentOwner":{"name":"vildapeln","id":317420},"time":"2021-07-18T04:56:09+0000","type":"takeover","longitude":14.88358},{"zone":{"previousOwner":{"name":"SUPERIOЯ","id":122085},"dateCreated":"2016-08-01T15:00:00+0000","dateLastTaken":"2021-07-18T04:56:04+0000","latitude":59.48069,"currentOwner":{"name":"Sucuriju","id":334898},"name":"UBG","id":80098,"totalTakeovers":2908,"region":{"country":"se","name":"Stockholm","id":141},"pointsPerHour":4,"longitude":17.732492,"takeoverPoints":140},"latitude":59.48069,"currentOwner":{"name":"Sucuriju","id":334898},"time":"2021-07-18T04:56:04+0000","type":"takeover","longitude":17.732492},{"zone":{"previousOwner":{"name":"Joamo","id":125983},"dateCreated":"2021-07-13T10:48:33+0000","dateLastTaken":"2021-07-18T04:56:01+0000","latitude":59.630117,"currentOwner":{"name":"Jonathan.f","id":203054},"name":"TurfaMedBuss","id":410664,"totalTakeovers":7,"region":{"country":"se","name":"Stockholm","id":141},"pointsPerHour":3,"longitude":17.814743,"takeoverPoints":155},"latitude":59.630117,"currentOwner":{"name":"Jonathan.f","id":203054},"time":"2021-07-18T04:56:01+0000","type":"takeover","longitude":17.814743},{"zone":{"previousOwner":{"name":"hkburre","id":253553},"dateCreated":"2015-03-12T22:00:00+0000","dateLastTaken":"2021-07-18T04:55:59+0000","latitude":58.659461,"currentOwner":{"name":"AudioPelle","id":63238},"name":"Viksvängen","id":46764,"totalTakeovers":3098,"region":{"country":"se","name":"Södermanland","id":140},"pointsPerHour":4,"longitude":17.105748,"takeoverPoints":140},"latitude":58.659461,"currentOwner":{"name":"AudioPelle","id":63238},"time":"2021-07-18T04:55:59+0000","type":"takeover","longitude":17.105748},{"zone":{"previousOwner":{"name":"PuBBeN","id":159094},"dateCreated":"2017-12-09T17:41:55+0000","dateLastTaken":"2021-07-18T04:55:52+0000","latitude":59.328563,"currentOwner":{"name":"Vintentina","id":60202},"name":"Spelvägen","id":139265,"totalTakeovers":2573,"region":{"country":"se","name":"Värmland","id":130},"pointsPerHour":5,"longitude":13.470765,"takeoverPoints":125},"latitude":59.328563,"currentOwner":{"name":"Vintentina","id":60202},"time":"2021-07-18T04:55:52+0000","type":"takeover","longitude":13.470765},{"zone":{"previousOwner":{"name":"Chrillewille","id":273241},"dateCreated":"2010-09-04T14:41:37+0000","dateLastTaken":"2021-07-18T04:55:50+0000","latitude":59.599148,"currentOwner":{"name":"flammande","id":200035},"name":"SpantZone","id":716,"totalTakeovers":16812,"region":{"country":"se","name":"Västmanland","id":143},"pointsPerHour":8,"longitude":16.518951,"takeoverPoints":80},"latitude":59.599148,"currentOwner":{"name":"flammande","id":200035},"time":"2021-07-18T04:55:50+0000","type":"takeover","longitude":16.518951},{"zone":{"previousOwner":{"name":"Fashven","id":297782},"dateCreated":"2020-09-02T12:00:00+0000","dateLastTaken":"2021-07-18T04:55:49+0000","latitude":55.820672,"currentOwner":{"name":"Biorach","id":302584},"name":"Holmlea","id":323700,"totalTakeovers":265,"region":{"country":"gb","name":"Scotland","id":200},"pointsPerHour":4,"longitude":-4.261106,"takeoverPoints":140},"latitude":55.820672,"currentOwner":{"name":"Biorach","id":302584},"time":"2021-07-18T04:55:49+0000","type":"takeover","longitude":-4.261106},{"zone":{"previousOwner":{"name":"Ucka","id":74558},"dateLastTaken":"2021-07-18T04:55:22+0000","latitude":59.633021,"totalTakeovers":967,"pointsPerHour":2,"takeoverPoints":170,"dateCreated":"2015-09-05T14:32:30+0000","currentOwner":{"name":"whitebike","id":228856},"name":"TillingeKyrka","id":57087,"region":{"country":"se","name":"Uppsala","id":142},"longitude":16.988682},"latitude":59.633021,"currentOwner":{"name":"whitebike","id":228856},"time":"2021-07-18T04:55:22+0000","type":"takeover","longitude":16.988682},{"zone":{"previousOwner":{"name":"Torekov","id":240677},"dateCreated":"2018-06-15T21:16:09+0000","dateLastTaken":"2021-07-18T04:55:22+0000","latitude":59.396413,"currentOwner":{"name":"Battigoal","id":55564},"name":"Rudsberget","id":154253,"totalTakeovers":1627,"region":{"country":"se","name":"Värmland","id":130},"pointsPerHour":3,"longitude":13.518124,"takeoverPoints":155},"latitude":59.396413,"currentOwner":{"name":"Battigoal","id":55564},"time":"2021-07-18T04:55:22+0000","type":"takeover","longitude":13.518124}]