[{"sender":{"country":"se","medals":[16,5,24,67,24,24,17,24,4,24,17,24,28,70,24,24,24,79,77,17,24,24,24,24,22,17,116,24,24,24,24,24,91,24,24,24,126,122,40,50,48,58,24,107,24],"zones":[26592,47634,96099,85586,438,221195,214603],"pointsPerHour":14,"points":25501,"blocktime":21,"taken":23046,"name":"Blockbusterz","totalPoints":3882645,"rank":47,"id":27286,"place":1549,"uniqueZonesTaken":2648,"region":{"name":"Västra Götaland","id":132}},"time":"2021-07-18T15:53:06+0000","message":"Hej alla Turfare i Karlstad!\nha en fin och härlig sommar 😃","region":{"name":"Värmland","id":130},"type":"chat"},{"sender":{"country":"se","medals":[5,16,70,47,7,27,79,77,67,4,57,15,94,126,28,41,103],"zones":[97985,3041,49795,153990,175239,199334,139279,32047,410665,42866,115476,202358,22069,7640,155391,411801],"pointsPerHour":49,"points":42770,"blocktime":23,"taken":27217,"name":"erx007","totalPoints":6685280,"rank":52,"id":76576,"place":960,"uniqueZonesTaken":1275,"region":{"name":"Stockholm","id":141}},"time":"2021-07-18T15:52:41+0000","message":"kungen50: ha en fin kväll på bogårdsvägen","region":{"name":"Stockholm","id":141},"type":"chat"},{"sender":{"country":"se","medals":[5,16,70,47,7,27,79,77,67,4,57,15,94,126,28,41,103],"zones":[97985,3041,49795,153990,175239,199334,139279,32047,410665,42866,115476,202358,22069,7640,155391,411801],"pointsPerHour":49,"points":42768,"blocktime":23,"taken":27217,"name":"erx007","totalPoints":6685279,"rank":52,"id":76576,"place":960,"uniqueZonesTaken":1275,"region":{"name":"Stockholm","id":141}},"time":"2021-07-18T15:51:03+0000","message":"kungen50: bor Sandra eller kvar där ? turfa på","region":{"name":"Stockholm","id":141},"type":"chat"},{"medal":7,"time":"2021-07-18T15:48:26+0000","type":"medal","user":{"country":"se","medals":[52,90,13,94,35,103,7],"zones":[484],"pointsPerHour":0,"points":1394,"blocktime":19,"taken":4764,"name":"Thesture","totalPoints":815189,"rank":36,"id":165401,"place":6644,"uniqueZonesTaken":357,"region":{"name":"Kalmar","id":137}}}]