[{"sender":{"country":"se","medals":[16,67,5,24,70,4,64,22,9,28,17,77,79,57,24,24,7,17,116,117,24,27,17,24,104,15,122,48,126,87,17,130],"zones":[126257,44850,25235,25260,90252,92671],"pointsPerHour":25,"points":25565,"blocktime":1365,"taken":37620,"name":"Madde68","totalPoints":6361156,"rank":51,"id":100575,"place":762,"uniqueZonesTaken":1095,"region":{"name":"Örebro","id":131}},"time":"2022-01-10T13:32:55+0000","message":"swebear: 😊","region":{"name":"Örebro","id":131},"type":"chat"},{"sender":{"country":"se","medals":[5,16,70,67,24,28,24,77,79,112,24,66,56,24,117,4,104,50,126,122,47,21,41,129],"zones":[217926,206213,179621,7469,20878,848,50358,25016,25017,22554,890,22555,11516,154079,136316,14143],"pointsPerHour":51,"points":16963,"blocktime":1350,"taken":28901,"name":"swebear","totalPoints":5287941,"rank":50,"id":21548,"place":1241,"uniqueZonesTaken":3552,"region":{"name":"Västra Götaland","id":132}},"time":"2022-01-10T13:31:41+0000","message":"Madde68: har för mig att vi sågs vid denna förra gången jag åkte 12:30 från Göteborg också. Ha det fint!","region":{"name":"Örebro","id":131},"type":"chat"},{"sender":{"country":"se","medals":[16,67,5,24,70,4,64,22,9,28,17,77,79,57,24,24,7,17,116,117,24,27,17,24,104,15,122,48,126,87,17,130],"zones":[126257,44850,25235,25260,90252,92671],"pointsPerHour":25,"points":25564,"blocktime":1365,"taken":37620,"name":"Madde68","totalPoints":6361155,"rank":51,"id":100575,"place":762,"uniqueZonesTaken":1095,"region":{"name":"Örebro","id":131}},"time":"2022-01-10T13:30:58+0000","message":"swebear: blev blockad även imorse.. , ha d bra","region":{"name":"Örebro","id":131},"type":"chat"}]