[{"medal":38,"time":"2022-01-11T06:55:29+0000","type":"medal","user":{"country":"se","medals":[4,28,70,94,55,16,78,47,126,13,104,7,38],"zones":[93778,206384,3450],"pointsPerHour":0,"points":7734,"blocktime":1215,"taken":10000,"name":"Cados","totalPoints":1569387,"rank":41,"id":163926,"place":5248,"uniqueZonesTaken":311,"region":{"name":"Västerbotten","id":127}}},{"sender":{"country":"se","medals":[70,67,57,68,5,16,68,68,68,79,68,68,77,75,22,24,15,72,4,24,66,68,30,24,108,124,126,24,119,98,130,24],"zones":[42849,26161,47721,47722,125310],"pointsPerHour":26,"points":40431,"blocktime":1470,"taken":107709,"name":"Aldo","totalPoints":16024487,"rank":58,"id":120009,"place":415,"uniqueZonesTaken":2474,"region":{"name":"Västmanland","id":143}},"time":"2022-01-11T06:44:49+0000","message":"TurtlePe: stäng inte av dig när du tagit en zon, det är inte schysst","region":{"name":"Västmanland","id":143},"type":"chat"}]