[{"sender":{"country":"se","medals":[16,67,5,24,70,4,64,22,9,28,17,77,79,57,24,24,7,17,116,117,24,27,17,24,104,15,122,48,126,87,17,130],"zones":[44850,90252,92671],"pointsPerHour":14,"points":27068,"blocktime":1365,"taken":37631,"name":"Madde68","totalPoints":6362660,"rank":51,"id":100575,"place":803,"uniqueZonesTaken":1095,"region":{"name":"Örebro","id":131}},"time":"2022-01-11T14:01:41+0000","message":"Dr.PaPPa: 😓trodde inte ni gick häråt?","region":{"name":"Örebro","id":131},"type":"chat"},{"sender":{"country":"se","medals":[4,67,47,22,5,16,79,72,27,57,15,24,17,116,77,30,66,24,126,122,39,117,17,105,128],"zones":[33664,29542,278604,23752,29544,99880,29545,7466,23754,29546,29547,23757,24814,24815,25234,25235,322974,26844,26845,193375,93151],"pointsPerHour":54,"points":29076,"blocktime":1305,"taken":18083,"name":"Dr.PaPPa","totalPoints":3541388,"rank":47,"id":108695,"place":736,"uniqueZonesTaken":1704,"region":{"name":"Örebro","id":131}},"time":"2022-01-11T14:00:30+0000","message":"Madde68: va fan!!! Blockar du 😜😜😜😂😂😂","region":{"name":"Örebro","id":131},"type":"chat"},{"sender":{"country":"se","medals":[16,22,28,70,79,67,5,126,7,57,14,122,94,48,103,77,39,129],"zones":[27843,17909,34551,31944,31945,17930,1404,185359,224718,28190,1135],"pointsPerHour":28,"points":32232,"blocktime":1305,"taken":19381,"name":"Wokoholic","totalPoints":3505593,"rank":47,"id":240495,"place":633,"uniqueZonesTaken":697,"region":{"name":"Skåne","id":135}},"time":"2022-01-11T13:57:03+0000","message":"Tveskägg: 😂 Tack för att du rensade.","region":{"name":"Skåne","id":135},"type":"chat"}]