[{"medal":80,"time":"2022-08-29T15:16:22+0000","type":"medal","user":{"country":"se","medals":[80,84],"zones":[29541,515616,61495,47423],"pointsPerHour":0,"points":718,"blocktime":645,"taken":5,"name":"FlisanSickan","totalPoints":718,"rank":3,"id":369859,"place":7518,"uniqueZonesTaken":5,"region":{"name":"Stockholm","id":141}}},{"medal":84,"time":"2022-08-29T15:16:22+0000","type":"medal","user":{"country":"se","medals":[80,84],"zones":[29541,515616,61495,47423],"pointsPerHour":0,"points":718,"blocktime":645,"taken":5,"name":"FlisanSickan","totalPoints":718,"rank":3,"id":369859,"place":7518,"uniqueZonesTaken":5,"region":{"name":"Stockholm","id":141}}},{"medal":36,"time":"2022-08-29T15:13:18+0000","type":"medal","user":{"country":"se","medals":[5,4,57,48,9,7,70,67,71,72,14,93,36],"zones":[109699,8261,6166,5405,8253],"pointsPerHour":0,"points":978,"blocktime":1125,"taken":5000,"name":"Jontaan","totalPoints":708929,"rank":35,"id":31336,"place":7518,"uniqueZonesTaken":525,"region":{"name":"Västerbotten","id":127}}},{"medal":14,"time":"2022-08-29T15:06:58+0000","type":"medal","user":{"country":"fi","medals":[4,28,77,79,56,99,16,122,105,70,126,83,48,130,36,14],"zones":[324357,37509,324355,328527,474763,474762,37519,34128,203924,7192,481439,38426,38427,481436,203928,38428,481435,481433,80544,481443,481442,481440,80486,396206,428908,425453,396210],"pointsPerHour":0,"points":90262,"blocktime":1140,"taken":5669,"name":"LonelyRider","totalPoints":815132,"rank":36,"id":159668,"place":7518,"uniqueZonesTaken":500,"region":{"name":"Åland","id":177}}}]