[{"sender":{"country":"uk","medals":[16,67,27,22,79,5,59,77,123,96,102,127,72,15,75,41],"zones":[321536,381197,499982,499981,381194,320661,320662,320658,499575,324596,321525,324597,321526,374007,321527,499571,499570,515570,387699,499952,324595,513599,321532,513598,321533,513532,321528,374009,499578,321529,374008,513529,499576,321531,374010],"pointsPerHour":95,"points":309344,"blocktime":1380,"taken":28829,"name":"CardiffSoulCru","totalPoints":7124795,"rank":52,"id":302121,"place":51,"uniqueZonesTaken":1143,"region":{"name":"Scotland","id":200}},"time":"2022-08-30T07:52:02+0000","message":"Drylaw13: I 🙂got it..it's a beauty","region":{"name":"Scotland","id":200},"type":"chat"},{"medal":93,"time":"2022-08-30T07:51:07+0000","type":"medal","user":{"country":"se","medals":[93],"zones":[],"pointsPerHour":0,"points":65,"blocktime":600,"taken":1,"name":"lovensighan","totalPoints":65,"rank":0,"id":370688,"place":7552,"uniqueZonesTaken":1,"region":{"name":"Uppsala","id":142}}},{"medal":92,"time":"2022-08-30T07:45:59+0000","type":"medal","user":{"country":"se","medals":[51,31,92],"zones":[11713],"pointsPerHour":0,"points":5575,"blocktime":705,"taken":42,"name":"annchis","totalPoints":6592,"rank":7,"id":335738,"place":7552,"uniqueZonesTaken":15,"region":{"name":"Uppsala","id":142}}}]