[{"medal":33,"time":"2022-08-30T15:34:31+0000","type":"medal","user":{"country":"se","medals":[100,12,97,127,6,52,33],"zones":[96865,96864,210831,94124,317259,109648,529,55922,46901,46902,46903,204505,59420,46910],"pointsPerHour":0,"points":15372,"blocktime":885,"taken":500,"name":"Quistlilie","totalPoints":88085,"rank":19,"id":336730,"place":7665,"uniqueZonesTaken":189,"region":{"name":"Uppsala","id":142}}},{"sender":{"country":"de","medals":[127,11,55,42],"zones":[201472,478468,478467,478080,201490,62424,319263,319264,480749,480748,319272,480747,319273,480745,319274,480744,480755,200759,480754,200763,478078,201471,200766,201469],"pointsPerHour":28,"points":11143,"blocktime":960,"taken":296,"name":"ZenWalker","totalPoints":173941,"rank":24,"id":352555,"place":3350,"uniqueZonesTaken":91,"region":{"name":"Hessen","id":450}},"time":"2022-08-30T15:29:57+0000","message":"Ich habe die Krone 👑 wieder 😊","region":{"name":"Hessen","id":450},"type":"chat"},{"medal":31,"time":"2022-08-30T15:26:45+0000","type":"medal","user":{"country":"se","medals":[51,92,31],"zones":[5410,474489],"pointsPerHour":0,"points":4365,"blocktime":690,"taken":25,"name":"qzxw","totalPoints":4365,"rank":6,"id":369444,"place":7666,"uniqueZonesTaken":15,"region":{"name":"Västerbotten","id":127}}}]