[{"medal":84,"time":"2022-08-30T13:49:19+0000","type":"medal","user":{"country":"se","medals":[93,84],"zones":[2787,15814],"pointsPerHour":0,"points":697,"blocktime":630,"taken":5,"name":"TimpaQ","totalPoints":697,"rank":2,"id":370778,"place":7656,"uniqueZonesTaken":4,"region":{"name":"Jönköping","id":133}}},{"medal":85,"time":"2022-08-30T13:49:13+0000","type":"medal","user":{"country":"se","medals":[80,85],"zones":[3117],"pointsPerHour":0,"points":1200,"blocktime":660,"taken":10,"name":"Hakkan1","totalPoints":1200,"rank":4,"id":370458,"place":7656,"uniqueZonesTaken":6,"region":{"name":"Örebro","id":131}}},{"medal":93,"time":"2022-08-30T13:40:44+0000","type":"medal","user":{"country":"se","medals":[93],"zones":[],"pointsPerHour":0,"points":185,"blocktime":600,"taken":1,"name":"edde_ngb","totalPoints":185,"rank":0,"id":370821,"place":7654,"uniqueZonesTaken":1,"region":{"name":"Kalmar","id":137}}}]