[{"medal":84,"time":"2022-08-30T08:46:03+0000","type":"medal","user":{"country":"se","medals":[84],"zones":[109664,10919],"pointsPerHour":0,"points":552,"blocktime":630,"taken":5,"name":"Petter88","totalPoints":552,"rank":2,"id":358085,"place":7559,"uniqueZonesTaken":3,"region":{"name":"Västra Götaland","id":132}}},{"medal":78,"time":"2022-08-30T08:43:19+0000","type":"medal","user":{"country":"se","medals":[93,85,51,78],"zones":[43152,608,486502,80803,1122,93715,610,202437,1016,95816,75898],"pointsPerHour":0,"points":1992,"blocktime":675,"taken":12,"name":"Wolly","totalPoints":1992,"rank":5,"id":370461,"place":7559,"uniqueZonesTaken":12,"region":{"name":"Västra Götaland","id":132}}}]