[{"sender":{"country":"se","medals":[95,103,126,22,47,28,13,6,34,16,79,128,56],"zones":[31746,61189,42421,36903],"pointsPerHour":18,"points":121366,"blocktime":1035,"taken":1779,"name":"BlabJR","totalPoints":287344,"rank":29,"id":228860,"place":487,"uniqueZonesTaken":346,"region":{"name":"Dalarna","id":129}},"time":"2022-08-30T14:06:36+0000","message":"iswink: varje månad","region":{"name":"Dalarna","id":129},"type":"chat"},{"sender":{"country":"se","medals":[95,103,126,22,47,28,13,6,34,16,79,128,56],"zones":[31746,61189,42421,36903],"pointsPerHour":18,"points":121366,"blocktime":1035,"taken":1779,"name":"BlabJR","totalPoints":287344,"rank":29,"id":228860,"place":487,"uniqueZonesTaken":346,"region":{"name":"Dalarna","id":129}},"time":"2022-08-30T14:06:19+0000","message":"iswink: Man ska ta så många zoner som möjligt och försöka ha mest poäng av alla i gula världen, om du har det vinner du en runda som är varj","region":{"name":"Dalarna","id":129},"type":"chat"},{"medal":51,"time":"2022-08-30T13:59:23+0000","type":"medal","user":{"country":"gb","medals":[85,51,92],"zones":[410166,322180,322181,322182,410165,322183,322176,410160,322178,322172],"pointsPerHour":0,"points":4202,"blocktime":690,"taken":20,"name":"maisland","totalPoints":4202,"rank":6,"id":369384,"place":7658,"uniqueZonesTaken":15,"region":{"name":"West Midlands","id":208}}},{"medal":92,"time":"2022-08-30T13:59:23+0000","type":"medal","user":{"country":"gb","medals":[85,51,92],"zones":[410166,322180,322181,322182,410165,322183,322176,410160,322178,322172],"pointsPerHour":0,"points":4202,"blocktime":690,"taken":20,"name":"maisland","totalPoints":4202,"rank":6,"id":369384,"place":7658,"uniqueZonesTaken":15,"region":{"name":"West Midlands","id":208}}}]