[{"medal":80,"time":"2022-08-29T08:08:30+0000","type":"medal","user":{"country":"se","medals":[80,84],"zones":[136371,21346,55846,413534,1241],"pointsPerHour":0,"points":480,"blocktime":630,"taken":5,"name":"ebbalordemyr","totalPoints":480,"rank":2,"id":370516,"place":7441,"uniqueZonesTaken":5,"region":{"name":"Västra Götaland","id":132}}},{"medal":84,"time":"2022-08-29T08:08:30+0000","type":"medal","user":{"country":"se","medals":[80,84],"zones":[136371,21346,55846,413534,1241],"pointsPerHour":0,"points":480,"blocktime":630,"taken":5,"name":"ebbalordemyr","totalPoints":480,"rank":2,"id":370516,"place":7441,"uniqueZonesTaken":5,"region":{"name":"Västra Götaland","id":132}}}]