[{"medal":92,"time":"2022-04-26T15:24:19+0000","type":"medal","user":{"country":"se","medals":[96,80,85,92],"zones":[97458,6948,2950,93238,8107,8108,449370],"pointsPerHour":0,"points":925,"blocktime":675,"taken":15,"name":"Vanda.","totalPoints":2039,"rank":5,"id":342558,"place":7355,"uniqueZonesTaken":15,"region":{"name":"Jämtland","id":128}}},{"medal":31,"time":"2022-04-26T15:23:24+0000","type":"medal","user":{"country":"se","medals":[100,95,31],"zones":[146483],"pointsPerHour":0,"points":3455,"blocktime":675,"taken":26,"name":"VaporeonL","totalPoints":3455,"rank":5,"id":358233,"place":7355,"uniqueZonesTaken":12,"region":{"name":"Östergötland","id":139}}},{"medal":80,"time":"2022-04-26T15:22:41+0000","type":"medal","user":{"country":"se","medals":[84,80],"zones":[12386,81863,430875,11374,8287],"pointsPerHour":0,"points":917,"blocktime":645,"taken":8,"name":"halleballe2","totalPoints":917,"rank":3,"id":358982,"place":7355,"uniqueZonesTaken":8,"region":{"name":"Örebro","id":131}}},{"medal":84,"time":"2022-04-26T15:11:32+0000","type":"medal","user":{"country":"se","medals":[84],"zones":[430875,11374],"pointsPerHour":0,"points":628,"blocktime":630,"taken":5,"name":"halleballe2","totalPoints":628,"rank":2,"id":358982,"place":7355,"uniqueZonesTaken":5,"region":{"name":"Stockholm","id":141}}}]