[{"medal":102,"time":"2023-02-28T10:32:41+0000","type":"medal","user":{"country":"se","medals":[46,5,7,10,94,14,55,35,122,128,79,102],"zones":[208736,38262,92102,38264,76635,38266],"pointsPerHour":0,"points":79347,"blocktime":18,"taken":3338,"name":"Askman&Glum","totalPoints":625207,"rank":34,"id":77595,"place":6343,"uniqueZonesTaken":952,"region":{"name":"Stockholm","id":141}}},{"medal":86,"time":"2023-02-28T10:22:55+0000","type":"medal","user":{"country":"se","medals":[93,92,80,86],"zones":[90133],"pointsPerHour":0,"points":5863,"blocktime":12,"taken":50,"name":"Eveningfire","totalPoints":8189,"rank":8,"id":368762,"place":6343,"uniqueZonesTaken":36,"region":{"name":"Stockholm","id":141}}}]