[{"zone":{"previousOwner":{"name":"Betty60","id":298701},"dateCreated":"2014-04-14T21:02:39+0000","dateLastTaken":"2021-06-29T12:16:40+0000","latitude":56.660301,"currentOwner":{"name":"jojjis73","id":279669},"name":"Jutaplatsen","id":28230,"totalTakeovers":854,"region":{"country":"se","name":"Halland","id":134},"pointsPerHour":3,"longitude":12.805891,"takeoverPoints":155},"latitude":56.660301,"currentOwner":{"name":"jojjis73","id":279669},"time":"2021-06-29T12:16:40+0000","type":"takeover","longitude":12.805891},{"zone":{"previousOwner":{"name":"JH1","id":333052},"dateCreated":"2012-11-19T22:49:15+0000","dateLastTaken":"2021-06-29T12:16:40+0000","latitude":59.364674,"currentOwner":{"name":"Jajanina","id":334753},"name":"ArmyZone","id":11986,"totalTakeovers":15572,"region":{"country":"se","name":"Stockholm","id":141},"pointsPerHour":8,"longitude":17.994758,"takeoverPoints":80},"latitude":59.364674,"currentOwner":{"name":"Jajanina","id":334753},"time":"2021-06-29T12:16:40+0000","type":"takeover","longitude":17.994758},{"zone":{"previousOwner":{"name":"F1DD3Z","id":57232},"dateCreated":"2015-02-17T06:00:00+0000","dateLastTaken":"2021-06-29T12:16:38+0000","latitude":59.33648,"currentOwner":{"name":"kyssen","id":212606},"name":"Medbacken","id":44816,"totalTakeovers":1437,"region":{"country":"se","name":"Södermanland","id":140},"pointsPerHour":3,"longitude":16.47952,"takeoverPoints":155},"latitude":59.33648,"currentOwner":{"name":"kyssen","id":212606},"time":"2021-06-29T12:16:38+0000","type":"takeover","longitude":16.47952},{"zone":{"previousOwner":{"name":"theAce","id":5183},"dateCreated":"2010-08-03T00:00:00+0000","dateLastTaken":"2021-06-29T12:16:37+0000","latitude":58.411636,"currentOwner":{"name":"hookturf","id":73461},"name":"Hunnecross","id":85,"totalTakeovers":26854,"region":{"country":"se","name":"Östergötland","id":139},"pointsPerHour":8,"longitude":15.612442,"takeoverPoints":80},"latitude":58.411636,"currentOwner":{"name":"hookturf","id":73461},"time":"2021-06-29T12:16:37+0000","type":"takeover","longitude":15.612442},{"zone":{"previousOwner":{"name":"Tompa_65","id":160985},"dateLastTaken":"2021-06-29T12:16:37+0000","latitude":55.562671,"totalTakeovers":917,"pointsPerHour":2,"takeoverPoints":170,"dateCreated":"2013-12-24T11:00:00+0000","currentOwner":{"name":"BAx","id":51122},"name":"FosieKyrka","id":23928,"region":{"country":"se","name":"Skåne","id":135},"longitude":13.024609},"latitude":55.562671,"currentOwner":{"name":"BAx","id":51122},"time":"2021-06-29T12:16:37+0000","type":"takeover","longitude":13.024609},{"zone":{"previousOwner":{"name":"Maceca","id":219217},"dateCreated":"2014-12-24T08:12:46+0000","dateLastTaken":"2021-06-29T12:16:37+0000","latitude":58.759441,"currentOwner":{"name":"Grönjäveln","id":117520},"name":"SamsPath","id":42968,"totalTakeovers":1544,"region":{"country":"se","name":"Södermanland","id":140},"pointsPerHour":3,"longitude":16.990166,"takeoverPoints":155},"latitude":58.759441,"currentOwner":{"name":"Grönjäveln","id":117520},"time":"2021-06-29T12:16:37+0000","type":"takeover","longitude":16.990166},{"zone":{"previousOwner":{"name":"Grottis","id":135798},"dateCreated":"2012-05-02T21:45:31+0000","dateLastTaken":"2021-06-29T12:16:36+0000","latitude":59.499869,"currentOwner":{"name":"Stabac","id":247515},"name":"HolmfridsHalf","id":8495,"totalTakeovers":912,"region":{"country":"se","name":"Stockholm","id":141},"pointsPerHour":3,"longitude":18.092734,"takeoverPoints":155},"latitude":59.499869,"currentOwner":{"name":"Stabac","id":247515},"time":"2021-06-29T12:16:36+0000","type":"takeover","longitude":18.092734},{"zone":{"previousOwner":{"name":"Weeturfarn","id":63172},"dateCreated":"2014-05-28T19:22:33+0000","dateLastTaken":"2021-06-29T12:16:35+0000","latitude":59.389666,"currentOwner":{"name":"friper","id":116273},"name":"Tågbrozon","id":30082,"totalTakeovers":7961,"region":{"country":"se","name":"Värmland","id":130},"pointsPerHour":6,"longitude":13.562312,"takeoverPoints":110},"latitude":59.389666,"currentOwner":{"name":"friper","id":116273},"time":"2021-06-29T12:16:35+0000","type":"takeover","longitude":13.562312},{"zone":{"previousOwner":{"name":"Naturturf","id":165279},"dateCreated":"2013-12-24T08:51:08+0000","dateLastTaken":"2021-06-29T12:16:34+0000","latitude":58.035396,"currentOwner":{"name":"toticci","id":120348},"name":"Majorskullan","id":23946,"totalTakeovers":1179,"region":{"country":"se","name":"Jönköping","id":133},"pointsPerHour":1,"longitude":14.972587,"takeoverPoints":185},"latitude":58.035396,"currentOwner":{"name":"toticci","id":120348},"time":"2021-06-29T12:16:34+0000","type":"takeover","longitude":14.972587},{"zone":{"previousOwner":{"name":"Strac","id":302230},"dateCreated":"2013-06-15T08:00:00+0000","dateLastTaken":"2021-06-29T12:16:33+0000","latitude":57.132135,"currentOwner":{"name":"CoffeeCup","id":312772},"name":"Lodgezone","id":14460,"totalTakeovers":208,"region":{"country":"gb","name":"Scotland","id":200},"pointsPerHour":3,"longitude":-2.107937,"takeoverPoints":155},"latitude":57.132135,"currentOwner":{"name":"CoffeeCup","id":312772},"time":"2021-06-29T12:16:33+0000","type":"takeover","longitude":-2.107937},{"zone":{"previousOwner":{"name":"Flip81","id":281426},"dateCreated":"2019-04-30T22:38:19+0000","dateLastTaken":"2021-06-29T12:16:33+0000","latitude":59.247404,"currentOwner":{"name":"snowwoman","id":145648},"name":"MörnerZone","id":5600,"totalTakeovers":7173,"region":{"country":"se","name":"Örebro","id":131},"pointsPerHour":7,"longitude":15.167294,"takeoverPoints":95},"latitude":59.247404,"currentOwner":{"name":"snowwoman","id":145648},"time":"2021-06-29T12:16:33+0000","type":"takeover","longitude":15.167294},{"zone":{"previousOwner":{"name":"svartvitt1908","id":238414},"dateCreated":"2013-12-24T16:00:00+0000","dateLastTaken":"2021-06-29T12:16:32+0000","latitude":59.400784,"currentOwner":{"name":"Ennaj","id":165902},"name":"NybyCross","id":24218,"totalTakeovers":892,"region":{"country":"se","name":"Västmanland","id":143},"pointsPerHour":3,"longitude":15.854323,"takeoverPoints":155},"latitude":59.400784,"currentOwner":{"name":"Ennaj","id":165902},"time":"2021-06-29T12:16:32+0000","type":"takeover","longitude":15.854323},{"zone":{"previousOwner":{"name":"Eliza","id":242724},"dateCreated":"2020-04-28T17:51:35+0000","dateLastTaken":"2021-06-29T12:16:28+0000","latitude":65.588058,"currentOwner":{"name":"grock","id":189790},"name":"LargeSalmons","id":278571,"totalTakeovers":109,"region":{"country":"se","name":"Norrbotten","id":126},"pointsPerHour":3,"longitude":22.055199,"takeoverPoints":155},"latitude":65.588058,"currentOwner":{"name":"grock","id":189790},"time":"2021-06-29T12:16:28+0000","type":"takeover","longitude":22.055199},{"zone":{"previousOwner":{"name":"xaghra","id":316144},"dateCreated":"2014-09-25T16:00:00+0000","dateLastTaken":"2021-06-29T12:16:27+0000","latitude":59.854621,"currentOwner":{"name":"Oxid","id":200662},"name":"CoffeeZone","id":37126,"totalTakeovers":15574,"region":{"country":"se","name":"Uppsala","id":142},"pointsPerHour":8,"longitude":17.651573,"takeoverPoints":80},"latitude":59.854621,"currentOwner":{"name":"Oxid","id":200662},"time":"2021-06-29T12:16:27+0000","type":"takeover","longitude":17.651573},{"zone":{"previousOwner":{"name":"baltazzar","id":158953},"dateCreated":"2017-03-23T11:00:00+0000","dateLastTaken":"2021-06-29T12:16:26+0000","latitude":64.615276,"currentOwner":{"name":"Petalouda","id":159233},"name":"BuraInMig","id":96175,"totalTakeovers":731,"region":{"country":"se","name":"Västerbotten","id":127},"pointsPerHour":2,"longitude":21.214731,"takeoverPoints":170},"latitude":64.615276,"currentOwner":{"name":"Petalouda","id":159233},"time":"2021-06-29T12:16:26+0000","type":"takeover","longitude":21.214731},{"zone":{"previousOwner":{"name":"gebejo","id":143411},"dateCreated":"2014-08-02T16:16:48+0000","dateLastTaken":"2021-06-29T12:16:24+0000","latitude":60.673085,"currentOwner":{"name":"socker51","id":101724},"name":"SeSåDeSimmar","id":33182,"totalTakeovers":6396,"region":{"country":"se","name":"Gävleborg","id":144},"pointsPerHour":7,"longitude":17.120101,"takeoverPoints":95},"latitude":60.673085,"currentOwner":{"name":"socker51","id":101724},"time":"2021-06-29T12:16:24+0000","type":"takeover","longitude":17.120101},{"zone":{"previousOwner":{"name":"applepip","id":305326},"dateLastTaken":"2021-06-29T12:16:23+0000","latitude":57.474985,"totalTakeovers":535,"pointsPerHour":3,"takeoverPoints":155,"dateCreated":"2020-12-24T07:36:12+0000","currentOwner":{"name":"Lauraloll","id":312759},"name":"EpiscopalJohn","id":358599,"region":{"country":"gb","name":"Scotland","id":200},"longitude":-4.216996},"latitude":57.474985,"currentOwner":{"name":"Lauraloll","id":312759},"time":"2021-06-29T12:16:23+0000","type":"takeover","longitude":-4.216996},{"zone":{"previousOwner":{"name":"BulteniBo","id":122129},"dateCreated":"2017-08-14T12:32:56+0000","dateLastTaken":"2021-06-29T12:16:23+0000","latitude":59.22323,"currentOwner":{"name":"Tålamodet","id":188982},"name":"InBetweenberg","id":115438,"totalTakeovers":315,"region":{"country":"se","name":"Stockholm","id":141},"pointsPerHour":2,"longitude":17.904349,"takeoverPoints":170},"latitude":59.22323,"currentOwner":{"name":"Tålamodet","id":188982},"time":"2021-06-29T12:16:23+0000","type":"takeover","longitude":17.904349},{"zone":{"previousOwner":{"name":"DrAcula","id":42118},"dateCreated":"2012-07-20T20:32:06+0000","dateLastTaken":"2021-06-29T12:16:18+0000","latitude":65.584559,"currentOwner":{"name":"CKAI","id":266592},"name":"LuleShopping","id":9737,"totalTakeovers":16599,"region":{"country":"se","name":"Norrbotten","id":126},"pointsPerHour":8,"longitude":22.155326,"takeoverPoints":80},"latitude":65.584559,"currentOwner":{"name":"CKAI","id":266592},"time":"2021-06-29T12:16:18+0000","type":"takeover","longitude":22.155326},{"zone":{"previousOwner":{"name":"gilla","id":58846},"dateCreated":"2012-02-06T12:29:03+0000","dateLastTaken":"2021-06-29T12:16:18+0000","latitude":62.379736,"currentOwner":{"name":"Lazycat","id":59545},"name":"RebetZone","id":6144,"totalTakeovers":8275,"region":{"country":"se","name":"Västernorrland","id":145},"pointsPerHour":6,"longitude":17.316101,"takeoverPoints":110},"latitude":62.379736,"currentOwner":{"name":"Lazycat","id":59545},"time":"2021-06-29T12:16:18+0000","type":"takeover","longitude":17.316101},{"zone":{"dateCreated":"2020-07-20T19:15:03+0000","dateLastTaken":"2021-06-29T12:16:16+0000","latitude":58.953903,"currentOwner":{"name":"Lynx55","id":211767},"name":"Spikstenen","id":318879,"totalTakeovers":24,"region":{"country":"se","name":"Södermanland","id":140},"pointsPerHour":1,"longitude":16.885512,"takeoverPoints":185},"latitude":58.953903,"currentOwner":{"name":"Lynx55","id":211767},"time":"2021-06-29T12:16:16+0000","type":"takeover","longitude":16.885512},{"zone":{"previousOwner":{"name":"Dino1","id":92550},"dateCreated":"2014-04-18T11:37:00+0000","dateLastTaken":"2021-06-29T12:16:09+0000","latitude":57.986745,"currentOwner":{"name":"Paxxxaralla","id":299323},"name":"WaterTip","id":26253,"totalTakeovers":1653,"region":{"country":"se","name":"Västra Götaland","id":132},"pointsPerHour":2,"longitude":11.548263,"takeoverPoints":170},"latitude":57.986745,"currentOwner":{"name":"Paxxxaralla","id":299323},"time":"2021-06-29T12:16:09+0000","type":"takeover","longitude":11.548263},{"zone":{"previousOwner":{"name":"Flygmalaja","id":18884},"dateCreated":"2016-09-22T11:00:00+0000","dateLastTaken":"2021-06-29T12:16:08+0000","latitude":60.604036,"currentOwner":{"name":"vindturf","id":118672},"name":"TheaterValley","id":87275,"totalTakeovers":7225,"region":{"country":"se","name":"Dalarna","id":129},"pointsPerHour":7,"longitude":15.632478,"takeoverPoints":95},"latitude":60.604036,"currentOwner":{"name":"vindturf","id":118672},"time":"2021-06-29T12:16:08+0000","type":"takeover","longitude":15.632478},{"zone":{"previousOwner":{"name":"varnkorv","id":297370},"dateCreated":"2014-07-26T12:00:00+0000","dateLastTaken":"2021-06-29T12:16:07+0000","latitude":63.198818,"currentOwner":{"name":"Harmild","id":298782},"name":"TatLugnt","id":32671,"totalTakeovers":2216,"region":{"country":"se","name":"Jämtland","id":128},"pointsPerHour":5,"longitude":14.639968,"takeoverPoints":125},"latitude":63.198818,"currentOwner":{"name":"Harmild","id":298782},"time":"2021-06-29T12:16:07+0000","type":"takeover","longitude":14.639968},{"zone":{"previousOwner":{"name":"GekkoMan","id":14063},"dateLastTaken":"2021-06-29T12:16:07+0000","latitude":59.62928,"totalTakeovers":2833,"pointsPerHour":6,"takeoverPoints":110,"dateCreated":"2014-11-25T12:57:49+0000","currentOwner":{"name":"sweghozt","id":140429},"name":"BlåBroZon","id":42265,"region":{"country":"se","name":"Västmanland","id":143},"longitude":16.204947},"latitude":59.62928,"currentOwner":{"name":"sweghozt","id":140429},"time":"2021-06-29T12:16:07+0000","type":"takeover","longitude":16.204947},{"zone":{"previousOwner":{"name":"PeTurf","id":36002},"dateLastTaken":"2021-06-29T12:16:06+0000","latitude":58.453059,"totalTakeovers":1353,"pointsPerHour":4,"takeoverPoints":140,"dateCreated":"2014-07-11T22:25:42+0000","currentOwner":{"name":"WikkeOWL","id":18624},"name":"WhatWater","id":32332,"region":{"country":"se","name":"Östergötland","id":139},"longitude":14.891636},"latitude":58.453059,"currentOwner":{"name":"WikkeOWL","id":18624},"time":"2021-06-29T12:16:06+0000","type":"takeover","longitude":14.891636},{"zone":{"previousOwner":{"name":"NitaG","id":313528},"dateCreated":"2013-06-07T10:00:00+0000","dateLastTaken":"2021-06-29T12:16:06+0000","latitude":59.378771,"currentOwner":{"name":"svegus1","id":278638},"name":"ThomasPark","id":19229,"totalTakeovers":2760,"region":{"country":"se","name":"Södermanland","id":140},"pointsPerHour":4,"longitude":17.019156,"takeoverPoints":140},"latitude":59.378771,"currentOwner":{"name":"svegus1","id":278638},"time":"2021-06-29T12:16:06+0000","type":"takeover","longitude":17.019156},{"zone":{"previousOwner":{"name":"CareFox","id":305546},"dateCreated":"2012-09-24T22:41:36+0000","dateLastTaken":"2021-06-29T12:16:03+0000","latitude":59.875252,"currentOwner":{"name":"xaghra","id":316144},"name":"FyrisWalk","id":11499,"totalTakeovers":11345,"region":{"country":"se","name":"Uppsala","id":142},"pointsPerHour":8,"longitude":17.607319,"takeoverPoints":80},"latitude":59.875252,"currentOwner":{"name":"xaghra","id":316144},"time":"2021-06-29T12:16:03+0000","type":"takeover","longitude":17.607319},{"zone":{"previousOwner":{"name":"Evaluator","id":252892},"dateCreated":"2010-09-03T00:00:00+0000","dateLastTaken":"2021-06-29T12:15:56+0000","latitude":59.861867,"currentOwner":{"name":"qivasaa","id":37264},"name":"LinnéZone","id":475,"totalTakeovers":12202,"region":{"country":"se","name":"Uppsala","id":142},"pointsPerHour":9,"longitude":17.633282,"takeoverPoints":65},"latitude":59.861867,"currentOwner":{"name":"qivasaa","id":37264},"time":"2021-06-29T12:15:56+0000","type":"takeover","longitude":17.633282},{"zone":{"previousOwner":{"name":"Bluethunder","id":198646},"dateCreated":"2010-10-16T00:00:00+0000","dateLastTaken":"2021-06-29T12:15:54+0000","latitude":63.8108,"currentOwner":{"name":"WildWest","id":256604},"name":"TheoryZone","id":995,"totalTakeovers":30162,"region":{"country":"se","name":"Västerbotten","id":127},"pointsPerHour":9,"longitude":20.313158,"takeoverPoints":65},"latitude":63.8108,"currentOwner":{"name":"WildWest","id":256604},"time":"2021-06-29T12:15:54+0000","type":"takeover","longitude":20.313158},{"zone":{"previousOwner":{"name":"HarryBus","id":166993},"dateCreated":"2015-08-16T20:00:00+0000","dateLastTaken":"2021-06-29T12:15:49+0000","latitude":59.512017,"currentOwner":{"name":"BjörnBel","id":205132},"name":"Ringryttarn","id":56134,"totalTakeovers":2678,"region":{"country":"se","name":"Västmanland","id":143},"pointsPerHour":4,"longitude":15.960739,"takeoverPoints":140},"latitude":59.512017,"currentOwner":{"name":"BjörnBel","id":205132},"time":"2021-06-29T12:15:49+0000","type":"takeover","longitude":15.960739},{"zone":{"previousOwner":{"name":"Kaktus-Mats","id":61706},"dateCreated":"2011-03-17T00:00:00+0000","dateLastTaken":"2021-06-29T12:15:48+0000","latitude":56.671713,"currentOwner":{"name":"Demon","id":52681},"name":"KalmarVarv","id":1594,"totalTakeovers":3152,"region":{"country":"se","name":"Kalmar","id":137},"pointsPerHour":3,"longitude":16.377774,"takeoverPoints":155},"latitude":56.671713,"currentOwner":{"name":"Demon","id":52681},"time":"2021-06-29T12:15:48+0000","type":"takeover","longitude":16.377774},{"zone":{"previousOwner":{"name":"Andols","id":2895},"dateCreated":"2016-08-13T09:00:00+0000","dateLastTaken":"2021-06-29T12:15:43+0000","latitude":58.309864,"currentOwner":{"name":"Bleinad","id":317854},"name":"Airfieldway","id":80551,"totalTakeovers":371,"region":{"country":"se","name":"Västra Götaland","id":132},"pointsPerHour":1,"longitude":12.330737,"takeoverPoints":185},"latitude":58.309864,"currentOwner":{"name":"Bleinad","id":317854},"time":"2021-06-29T12:15:43+0000","type":"takeover","longitude":12.330737},{"zone":{"previousOwner":{"name":"hösjön","id":257146},"dateCreated":"2015-01-13T17:00:00+0000","dateLastTaken":"2021-06-29T12:15:43+0000","latitude":61.353898,"currentOwner":{"name":"millroy","id":95378},"name":"KeepMoving","id":43757,"totalTakeovers":3841,"region":{"country":"se","name":"Gävleborg","id":144},"pointsPerHour":4,"longitude":16.386395,"takeoverPoints":140},"latitude":61.353898,"currentOwner":{"name":"millroy","id":95378},"time":"2021-06-29T12:15:43+0000","type":"takeover","longitude":16.386395},{"zone":{"previousOwner":{"name":"Dale","id":74655},"dateCreated":"2018-07-01T09:15:43+0000","dateLastTaken":"2021-06-29T12:15:41+0000","latitude":63.394907,"currentOwner":{"name":"goka","id":66738},"name":"ÅreVatten","id":154613,"totalTakeovers":158,"region":{"country":"se","name":"Jämtland","id":128},"pointsPerHour":1,"longitude":13.080189,"takeoverPoints":185},"latitude":63.394907,"currentOwner":{"name":"goka","id":66738},"time":"2021-06-29T12:15:41+0000","type":"takeover","longitude":13.080189},{"zone":{"previousOwner":{"name":"Lillatanten","id":25936},"dateCreated":"2012-04-15T13:28:33+0000","dateLastTaken":"2021-06-29T12:15:39+0000","latitude":59.30877,"currentOwner":{"name":"tequilagold","id":27638},"name":"VickerZone","id":8197,"totalTakeovers":8169,"region":{"country":"se","name":"Stockholm","id":141},"pointsPerHour":8,"longitude":18.050062,"takeoverPoints":80},"latitude":59.30877,"currentOwner":{"name":"tequilagold","id":27638},"time":"2021-06-29T12:15:39+0000","type":"takeover","longitude":18.050062},{"zone":{"previousOwner":{"name":"JH1","id":333052},"dateCreated":"2017-07-15T07:00:00+0000","dateLastTaken":"2021-06-29T12:15:39+0000","latitude":59.3583,"currentOwner":{"name":"Cinderella","id":143885},"name":"EricGrate","id":115084,"totalTakeovers":11685,"region":{"country":"se","name":"Stockholm","id":141},"pointsPerHour":8,"longitude":18.001534,"takeoverPoints":80},"latitude":59.3583,"currentOwner":{"name":"Cinderella","id":143885},"time":"2021-06-29T12:15:39+0000","type":"takeover","longitude":18.001534},{"zone":{"previousOwner":{"name":"AW62","id":137885},"dateCreated":"2012-02-01T14:31:13+0000","dateLastTaken":"2021-06-29T12:15:38+0000","latitude":59.619494,"currentOwner":{"name":"BirgittaS","id":31552},"name":"GunpowderZone","id":6098,"totalTakeovers":21825,"region":{"country":"se","name":"Västmanland","id":143},"pointsPerHour":8,"longitude":16.553498,"takeoverPoints":80},"latitude":59.619494,"currentOwner":{"name":"BirgittaS","id":31552},"time":"2021-06-29T12:15:38+0000","type":"takeover","longitude":16.553498},{"zone":{"previousOwner":{"name":"stuvstabiker","id":187341},"dateCreated":"2012-03-22T00:21:45+0000","dateLastTaken":"2021-06-29T12:15:38+0000","latitude":59.2597,"currentOwner":{"name":"Granbrott","id":17421},"name":"OlsZone","id":7314,"totalTakeovers":3543,"region":{"country":"se","name":"Stockholm","id":141},"pointsPerHour":6,"longitude":18.007333,"takeoverPoints":110},"latitude":59.2597,"currentOwner":{"name":"Granbrott","id":17421},"time":"2021-06-29T12:15:38+0000","type":"takeover","longitude":18.007333},{"zone":{"previousOwner":{"name":"praktikus","id":64871},"dateCreated":"2014-11-27T23:05:04+0000","dateLastTaken":"2021-06-29T12:15:38+0000","latitude":63.812621,"currentOwner":{"name":"late","id":242070},"name":"PineParty","id":42318,"totalTakeovers":16781,"region":{"country":"se","name":"Västerbotten","id":127},"pointsPerHour":8,"longitude":20.298134,"takeoverPoints":80},"latitude":63.812621,"currentOwner":{"name":"late","id":242070},"time":"2021-06-29T12:15:38+0000","type":"takeover","longitude":20.298134},{"zone":{"previousOwner":{"name":"tine","id":36446},"dateCreated":"2016-12-24T12:00:00+0000","dateLastTaken":"2021-06-29T12:15:37+0000","latitude":59.615038,"currentOwner":{"name":"CRUSAIDER","id":168025},"name":"KopparKalle","id":92228,"totalTakeovers":11486,"region":{"country":"se","name":"Västmanland","id":143},"pointsPerHour":9,"longitude":16.551029,"takeoverPoints":65},"latitude":59.615038,"currentOwner":{"name":"CRUSAIDER","id":168025},"time":"2021-06-29T12:15:37+0000","type":"takeover","longitude":16.551029},{"zone":{"previousOwner":{"name":"Smartino","id":49274},"dateCreated":"2014-09-19T16:00:00+0000","dateLastTaken":"2021-06-29T12:15:37+0000","latitude":58.410054,"currentOwner":{"name":"hookturf","id":73461},"name":"VästÖstgöta","id":36858,"totalTakeovers":12136,"region":{"country":"se","name":"Östergötland","id":139},"pointsPerHour":8,"longitude":15.609641,"takeoverPoints":80},"latitude":58.410054,"currentOwner":{"name":"hookturf","id":73461},"time":"2021-06-29T12:15:37+0000","type":"takeover","longitude":15.609641},{"zone":{"previousOwner":{"name":"Flygmalaja","id":18884},"dateCreated":"2016-04-01T07:00:00+0000","dateLastTaken":"2021-06-29T12:15:35+0000","latitude":60.608959,"currentOwner":{"name":"Karamella","id":158664},"name":"TrotzKristine","id":64872,"totalTakeovers":7277,"region":{"country":"se","name":"Dalarna","id":129},"pointsPerHour":6,"longitude":15.633447,"takeoverPoints":110},"latitude":60.608959,"currentOwner":{"name":"Karamella","id":158664},"time":"2021-06-29T12:15:35+0000","type":"takeover","longitude":15.633447},{"zone":{"previousOwner":{"name":"Jkongo","id":277981},"dateCreated":"2016-04-30T20:00:00+0000","dateLastTaken":"2021-06-29T12:15:30+0000","latitude":56.19441,"currentOwner":{"name":"HaraldTH","id":23712},"name":"ÖSpanet","id":68441,"totalTakeovers":136,"region":{"country":"se","name":"Blekinge","id":136},"pointsPerHour":1,"longitude":15.592372,"takeoverPoints":185},"latitude":56.19441,"currentOwner":{"name":"HaraldTH","id":23712},"time":"2021-06-29T12:15:30+0000","type":"takeover","longitude":15.592372},{"zone":{"previousOwner":{"name":"Bitterman","id":115759},"dateCreated":"2019-12-24T16:31:37+0000","dateLastTaken":"2021-06-29T12:15:26+0000","latitude":63.837645,"currentOwner":{"name":"cykelgubben","id":257832},"name":"TrioVidFyran","id":224549,"totalTakeovers":2783,"region":{"country":"se","name":"Västerbotten","id":127},"pointsPerHour":8,"longitude":20.336782,"takeoverPoints":80},"latitude":63.837645,"currentOwner":{"name":"cykelgubben","id":257832},"time":"2021-06-29T12:15:26+0000","type":"takeover","longitude":20.336782},{"zone":{"previousOwner":{"name":"Maceca","id":219217},"dateCreated":"2014-12-24T08:12:46+0000","dateLastTaken":"2021-06-29T12:15:19+0000","latitude":58.761053,"currentOwner":{"name":"Grönjäveln","id":117520},"name":"Rosie","id":42969,"totalTakeovers":1687,"region":{"country":"se","name":"Södermanland","id":140},"pointsPerHour":3,"longitude":16.99326,"takeoverPoints":155},"latitude":58.761053,"currentOwner":{"name":"Grönjäveln","id":117520},"time":"2021-06-29T12:15:19+0000","type":"takeover","longitude":16.99326},{"zone":{"previousOwner":{"name":"zaph","id":52694},"dateCreated":"2015-07-15T06:00:00+0000","dateLastTaken":"2021-06-29T12:15:19+0000","latitude":59.145185,"currentOwner":{"name":"skrubbel","id":226950},"name":"Täbybanan","id":55673,"totalTakeovers":2906,"region":{"country":"se","name":"Örebro","id":131},"pointsPerHour":5,"longitude":15.136527,"takeoverPoints":125},"latitude":59.145185,"currentOwner":{"name":"skrubbel","id":226950},"time":"2021-06-29T12:15:19+0000","type":"takeover","longitude":15.136527},{"zone":{"previousOwner":{"name":"Finnerswinners","id":303063},"dateCreated":"2020-09-07T10:00:00+0000","dateLastTaken":"2021-06-29T12:15:17+0000","latitude":55.814719,"currentOwner":{"name":"FeTaTo","id":310985},"name":"Pinmore","id":324368,"totalTakeovers":9,"region":{"country":"gb","name":"Scotland","id":200},"pointsPerHour":1,"longitude":-4.370105,"takeoverPoints":185},"latitude":55.814719,"currentOwner":{"name":"FeTaTo","id":310985},"time":"2021-06-29T12:15:17+0000","type":"takeover","longitude":-4.370105},{"zone":{"dateCreated":"2021-06-28T06:58:13+0000","dateLastTaken":"2021-06-29T12:15:16+0000","latitude":59.239621,"currentOwner":{"name":"ordoman","id":254762},"name":"ÄngebäckStn","id":428924,"totalTakeovers":1,"region":{"country":"se","name":"Örebro","id":131},"pointsPerHour":1,"longitude":14.408059,"takeoverPoints":185},"latitude":59.239621,"currentOwner":{"name":"ordoman","id":254762},"time":"2021-06-29T12:15:16+0000","type":"takeover","longitude":14.408059},{"zone":{"previousOwner":{"name":"Weeturfarn","id":63172},"dateCreated":"2014-06-05T14:01:36+0000","dateLastTaken":"2021-06-29T12:15:15+0000","latitude":59.388593,"currentOwner":{"name":"friper","id":116273},"name":"Hedenhös","id":31284,"totalTakeovers":8700,"region":{"country":"se","name":"Värmland","id":130},"pointsPerHour":7,"longitude":13.560735,"takeoverPoints":95},"latitude":59.388593,"currentOwner":{"name":"friper","id":116273},"time":"2021-06-29T12:15:15+0000","type":"takeover","longitude":13.560735},{"zone":{"previousOwner":{"name":"grock","id":189790},"dateCreated":"2014-06-24T22:42:28+0000","dateLastTaken":"2021-06-29T12:15:13+0000","latitude":65.62027,"currentOwner":{"name":"Geatki","id":101570},"name":"DocentPath","id":31924,"totalTakeovers":2905,"region":{"country":"se","name":"Norrbotten","id":126},"pointsPerHour":6,"longitude":22.152305,"takeoverPoints":110},"latitude":65.62027,"currentOwner":{"name":"Geatki","id":101570},"time":"2021-06-29T12:15:13+0000","type":"takeover","longitude":22.152305},{"zone":{"previousOwner":{"name":"FizzCal","id":316274},"dateCreated":"2020-11-06T21:32:10+0000","dateLastTaken":"2021-06-29T12:15:11+0000","latitude":51.510096,"currentOwner":{"name":"sleepdep","id":303150},"name":"LimehouseLock","id":350147,"totalTakeovers":42,"region":{"country":"gb","name":"Greater London","id":207},"pointsPerHour":1,"longitude":-0.036781,"takeoverPoints":185},"latitude":51.510096,"currentOwner":{"name":"sleepdep","id":303150},"time":"2021-06-29T12:15:11+0000","type":"takeover","longitude":-0.036781},{"zone":{"previousOwner":{"name":"Disab","id":28206},"dateCreated":"2017-01-23T11:00:00+0000","dateLastTaken":"2021-06-29T12:15:10+0000","latitude":64.749696,"currentOwner":{"name":"nokiakarin","id":86233},"name":"SärSkrivning","id":93741,"totalTakeovers":7146,"region":{"country":"se","name":"Västerbotten","id":127},"pointsPerHour":7,"longitude":20.97653,"takeoverPoints":95},"latitude":64.749696,"currentOwner":{"name":"nokiakarin","id":86233},"time":"2021-06-29T12:15:10+0000","type":"takeover","longitude":20.97653},{"zone":{"previousOwner":{"name":"marklunda","id":279370},"dateLastTaken":"2021-06-29T12:15:10+0000","latitude":63.824682,"totalTakeovers":26300,"pointsPerHour":9,"takeoverPoints":65,"dateCreated":"2010-10-12T00:00:00+0000","currentOwner":{"name":"Clouds","id":335115},"name":"UmeBridge","id":1000,"region":{"country":"se","name":"Västerbotten","id":127},"longitude":20.24902},"latitude":63.824682,"currentOwner":{"name":"Clouds","id":335115},"time":"2021-06-29T12:15:10+0000","type":"takeover","longitude":20.24902},{"zone":{"previousOwner":{"name":"fluffen9","id":59392},"dateCreated":"2015-04-03T06:00:00+0000","dateLastTaken":"2021-06-29T12:15:09+0000","latitude":59.327892,"currentOwner":{"name":"karmor","id":232514},"name":"BåtBus","id":44140,"totalTakeovers":4544,"region":{"country":"se","name":"Värmland","id":130},"pointsPerHour":5,"longitude":13.465079,"takeoverPoints":125},"latitude":59.327892,"currentOwner":{"name":"karmor","id":232514},"time":"2021-06-29T12:15:09+0000","type":"takeover","longitude":13.465079},{"zone":{"previousOwner":{"name":"clalin","id":202674},"dateCreated":"2014-04-04T06:30:00+0000","dateLastTaken":"2021-06-29T12:15:09+0000","latitude":59.423999,"currentOwner":{"name":"eweone","id":95764},"name":"Riddarplatsen","id":27810,"totalTakeovers":20082,"region":{"country":"se","name":"Stockholm","id":141},"pointsPerHour":8,"longitude":17.83532,"takeoverPoints":80},"latitude":59.423999,"currentOwner":{"name":"eweone","id":95764},"time":"2021-06-29T12:15:09+0000","type":"takeover","longitude":17.83532},{"zone":{"previousOwner":{"name":"AnneliCH","id":186304},"dateCreated":"2012-03-27T23:17:52+0000","dateLastTaken":"2021-06-29T12:15:06+0000","latitude":55.57942,"currentOwner":{"name":"Király","id":169417},"name":"MobiliaZone","id":7504,"totalTakeovers":7513,"region":{"country":"se","name":"Skåne","id":135},"pointsPerHour":7,"longitude":13.002551,"takeoverPoints":95},"latitude":55.57942,"currentOwner":{"name":"Király","id":169417},"time":"2021-06-29T12:15:06+0000","type":"takeover","longitude":13.002551},{"zone":{"previousOwner":{"name":"Aimless","id":270823},"dateCreated":"2016-12-03T12:49:14+0000","dateLastTaken":"2021-06-29T12:15:04+0000","latitude":59.244717,"currentOwner":{"name":"snowwoman","id":145648},"name":"Brunnslocket","id":92518,"totalTakeovers":3351,"region":{"country":"se","name":"Örebro","id":131},"pointsPerHour":6,"longitude":15.16902,"takeoverPoints":110},"latitude":59.244717,"currentOwner":{"name":"snowwoman","id":145648},"time":"2021-06-29T12:15:04+0000","type":"takeover","longitude":15.16902},{"zone":{"previousOwner":{"name":"Aibo","id":282953},"dateLastTaken":"2021-06-29T12:15:03+0000","latitude":55.843395,"totalTakeovers":166,"pointsPerHour":2,"takeoverPoints":170,"dateCreated":"2020-11-11T18:32:30+0000","currentOwner":{"name":"Hodge","id":282118},"name":"InkBridge","id":350627,"region":{"country":"gb","name":"Scotland","id":200},"longitude":-3.211218},"latitude":55.843395,"currentOwner":{"name":"Hodge","id":282118},"time":"2021-06-29T12:15:03+0000","type":"takeover","longitude":-3.211218},{"zone":{"previousOwner":{"name":"DIProgan","id":42001},"dateCreated":"2014-12-24T09:00:00+0000","dateLastTaken":"2021-06-29T12:15:01+0000","latitude":58.06243,"currentOwner":{"name":"Flisan62","id":43530},"name":"LiteSkogBara","id":43134,"totalTakeovers":914,"region":{"country":"se","name":"Västra Götaland","id":132},"pointsPerHour":3,"longitude":11.835857,"takeoverPoints":155},"latitude":58.06243,"currentOwner":{"name":"Flisan62","id":43530},"time":"2021-06-29T12:15:01+0000","type":"takeover","longitude":11.835857},{"zone":{"previousOwner":{"name":"cloudwalker","id":137961},"dateLastTaken":"2021-06-29T12:14:58+0000","latitude":55.598009,"totalTakeovers":5292,"pointsPerHour":5,"takeoverPoints":125,"dateCreated":"2013-05-01T08:00:00+0000","currentOwner":{"name":"takamine","id":281213},"name":"MiddleYard","id":17581,"region":{"country":"se","name":"Skåne","id":135},"longitude":13.018937},"latitude":55.598009,"currentOwner":{"name":"takamine","id":281213},"time":"2021-06-29T12:14:58+0000","type":"takeover","longitude":13.018937},{"zone":{"previousOwner":{"name":"xaghra","id":316144},"dateCreated":"2012-05-03T22:51:56+0000","dateLastTaken":"2021-06-29T12:14:56+0000","latitude":59.856949,"currentOwner":{"name":"Oxid","id":200662},"name":"LennaCat","id":8543,"totalTakeovers":24511,"region":{"country":"se","name":"Uppsala","id":142},"pointsPerHour":9,"longitude":17.65642,"takeoverPoints":65},"latitude":59.856949,"currentOwner":{"name":"Oxid","id":200662},"time":"2021-06-29T12:14:56+0000","type":"takeover","longitude":17.65642},{"zone":{"previousOwner":{"name":"bjorre","id":34220},"dateLastTaken":"2021-06-29T12:14:55+0000","latitude":60.898913,"totalTakeovers":333,"pointsPerHour":1,"takeoverPoints":185,"dateCreated":"2015-09-05T20:37:07+0000","currentOwner":{"name":"susanne5","id":31133},"name":"Sixten","id":57104,"region":{"country":"se","name":"Dalarna","id":129},"longitude":13.387121},"latitude":60.898913,"currentOwner":{"name":"susanne5","id":31133},"time":"2021-06-29T12:14:55+0000","type":"takeover","longitude":13.387121},{"zone":{"previousOwner":{"name":"Strac","id":302230},"dateCreated":"2013-06-15T08:00:00+0000","dateLastTaken":"2021-06-29T12:14:54+0000","latitude":57.131128,"currentOwner":{"name":"CoffeeCup","id":312772},"name":"Hardzone","id":14459,"totalTakeovers":143,"region":{"country":"gb","name":"Scotland","id":200},"pointsPerHour":3,"longitude":-2.114926,"takeoverPoints":155},"latitude":57.131128,"currentOwner":{"name":"CoffeeCup","id":312772},"time":"2021-06-29T12:14:54+0000","type":"takeover","longitude":-2.114926},{"zone":{"previousOwner":{"name":"Lionheart","id":229275},"dateLastTaken":"2021-06-29T12:14:53+0000","latitude":59.621345,"totalTakeovers":31555,"pointsPerHour":9,"takeoverPoints":65,"dateCreated":"2012-05-22T16:14:37+0000","currentOwner":{"name":"Latteböna","id":144350},"name":"TomasZone","id":9288,"region":{"country":"se","name":"Västmanland","id":143},"longitude":16.590456},"latitude":59.621345,"currentOwner":{"name":"Latteböna","id":144350},"time":"2021-06-29T12:14:53+0000","type":"takeover","longitude":16.590456},{"zone":{"previousOwner":{"name":"Hjulpynt","id":20890},"dateCreated":"2021-06-02T07:13:25+0000","dateLastTaken":"2021-06-29T12:14:52+0000","latitude":59.409821,"currentOwner":{"name":"wabbe65","id":55204},"name":"KöpaDandybil","id":411798,"totalTakeovers":78,"region":{"country":"se","name":"Stockholm","id":141},"pointsPerHour":1,"longitude":18.039346,"takeoverPoints":185},"latitude":59.409821,"currentOwner":{"name":"wabbe65","id":55204},"time":"2021-06-29T12:14:52+0000","type":"takeover","longitude":18.039346},{"zone":{"previousOwner":{"name":"0beroff","id":80119},"dateCreated":"2013-07-08T08:23:58+0000","dateLastTaken":"2021-06-29T12:14:50+0000","latitude":59.427895,"currentOwner":{"name":"snyggast","id":262361},"name":"NosevilleAllé","id":20699,"totalTakeovers":3183,"region":{"country":"se","name":"Stockholm","id":141},"pointsPerHour":6,"longitude":18.080949,"takeoverPoints":110},"latitude":59.427895,"currentOwner":{"name":"snyggast","id":262361},"time":"2021-06-29T12:14:50+0000","type":"takeover","longitude":18.080949},{"zone":{"previousOwner":{"name":"Betty60","id":298701},"dateCreated":"2016-08-13T15:18:13+0000","dateLastTaken":"2021-06-29T12:14:49+0000","latitude":56.65789,"currentOwner":{"name":"Podde","id":231293},"name":"LarsHärdgrop","id":80623,"totalTakeovers":331,"region":{"country":"se","name":"Halland","id":134},"pointsPerHour":2,"longitude":12.800832,"takeoverPoints":170},"latitude":56.65789,"currentOwner":{"name":"Podde","id":231293},"time":"2021-06-29T12:14:49+0000","type":"takeover","longitude":12.800832},{"zone":{"previousOwner":{"name":"Naturturf","id":165279},"dateCreated":"2016-05-11T08:44:31+0000","dateLastTaken":"2021-06-29T12:14:48+0000","latitude":58.038734,"currentOwner":{"name":"toticci","id":120348},"name":"KjellHammaren","id":71011,"totalTakeovers":468,"region":{"country":"se","name":"Jönköping","id":133},"pointsPerHour":1,"longitude":14.972448,"takeoverPoints":185},"latitude":58.038734,"currentOwner":{"name":"toticci","id":120348},"time":"2021-06-29T12:14:48+0000","type":"takeover","longitude":14.972448},{"zone":{"previousOwner":{"name":"EmErika","id":324598},"dateCreated":"2010-09-04T14:41:37+0000","dateLastTaken":"2021-06-29T12:14:48+0000","latitude":65.584816,"currentOwner":{"name":"CKAI","id":266592},"name":"FlorasKulle","id":619,"totalTakeovers":15809,"region":{"country":"se","name":"Norrbotten","id":126},"pointsPerHour":8,"longitude":22.16045,"takeoverPoints":80},"latitude":65.584816,"currentOwner":{"name":"CKAI","id":266592},"time":"2021-06-29T12:14:48+0000","type":"takeover","longitude":22.16045},{"zone":{"previousOwner":{"name":"veld","id":316792},"dateCreated":"2020-08-25T14:00:00+0000","dateLastTaken":"2021-06-29T12:14:47+0000","latitude":56.036648,"currentOwner":{"name":"spreadsheet","id":302924},"name":"Dalgety","id":321416,"totalTakeovers":168,"region":{"country":"gb","name":"Scotland","id":200},"pointsPerHour":3,"longitude":-3.347888,"takeoverPoints":155},"latitude":56.036648,"currentOwner":{"name":"spreadsheet","id":302924},"time":"2021-06-29T12:14:47+0000","type":"takeover","longitude":-3.347888},{"zone":{"previousOwner":{"name":"anthi","id":285613},"dateCreated":"2012-04-01T14:24:41+0000","dateLastTaken":"2021-06-29T12:14:44+0000","latitude":59.62838,"currentOwner":{"name":"CycloConverter","id":169861},"name":"StoneChamber","id":7759,"totalTakeovers":24971,"region":{"country":"se","name":"Västmanland","id":143},"pointsPerHour":8,"longitude":16.605489,"takeoverPoints":80},"latitude":59.62838,"currentOwner":{"name":"CycloConverter","id":169861},"time":"2021-06-29T12:14:44+0000","type":"takeover","longitude":16.605489},{"zone":{"previousOwner":{"name":"Granbero","id":113364},"dateCreated":"2018-04-30T18:27:58+0000","dateLastTaken":"2021-06-29T12:14:44+0000","latitude":57.495667,"currentOwner":{"name":"Grandpa","id":75540},"name":"HultsfredBoll","id":143538,"totalTakeovers":221,"region":{"country":"se","name":"Kalmar","id":137},"pointsPerHour":1,"longitude":15.859193,"takeoverPoints":185},"latitude":57.495667,"currentOwner":{"name":"Grandpa","id":75540},"time":"2021-06-29T12:14:44+0000","type":"takeover","longitude":15.859193},{"zone":{"previousOwner":{"name":"Flurr1","id":200573},"dateCreated":"2014-09-03T16:02:20+0000","dateLastTaken":"2021-06-29T12:14:40+0000","latitude":57.751768,"currentOwner":{"name":"pawik","id":210314},"name":"BlåHuset","id":34294,"totalTakeovers":776,"region":{"country":"se","name":"Västra Götaland","id":132},"pointsPerHour":3,"longitude":12.258617,"takeoverPoints":155},"latitude":57.751768,"currentOwner":{"name":"pawik","id":210314},"time":"2021-06-29T12:14:40+0000","type":"takeover","longitude":12.258617},{"zone":{"previousOwner":{"name":"alfonsa","id":230609},"dateCreated":"2016-10-07T14:55:59+0000","dateLastTaken":"2021-06-29T12:14:39+0000","latitude":59.336967,"currentOwner":{"name":"Teachermain","id":326148},"name":"KungKarlsStra","id":90100,"totalTakeovers":12730,"region":{"country":"se","name":"Stockholm","id":141},"pointsPerHour":9,"longitude":18.033625,"takeoverPoints":65},"latitude":59.336967,"currentOwner":{"name":"Teachermain","id":326148},"time":"2021-06-29T12:14:39+0000","type":"takeover","longitude":18.033625},{"zone":{"previousOwner":{"name":"jösses...då","id":113416},"dateLastTaken":"2021-06-29T12:14:35+0000","latitude":57.639688,"totalTakeovers":4336,"pointsPerHour":4,"takeoverPoints":140,"dateCreated":"2014-01-06T23:15:00+0000","currentOwner":{"name":"Fartygspodden","id":255305},"name":"GolfBridge","id":24785,"region":{"country":"se","name":"Västra Götaland","id":132},"longitude":11.921221},"latitude":57.639688,"currentOwner":{"name":"Fartygspodden","id":255305},"time":"2021-06-29T12:14:35+0000","type":"takeover","longitude":11.921221},{"zone":{"previousOwner":{"name":"libitina79","id":112852},"dateCreated":"2013-02-05T11:24:37+0000","dateLastTaken":"2021-06-29T12:14:34+0000","latitude":57.711008,"currentOwner":{"name":"sjörövarjenny","id":280157},"name":"KrutNisse","id":14630,"totalTakeovers":13605,"region":{"country":"se","name":"Västra Götaland","id":132},"pointsPerHour":8,"longitude":11.97061,"takeoverPoints":80},"latitude":57.711008,"currentOwner":{"name":"sjörövarjenny","id":280157},"time":"2021-06-29T12:14:34+0000","type":"takeover","longitude":11.97061},{"zone":{"previousOwner":{"name":"munki","id":304416},"dateCreated":"2021-01-30T08:30:00+0000","dateLastTaken":"2021-06-29T12:14:33+0000","latitude":55.980191,"currentOwner":{"name":"Echo-Seven","id":304229},"name":"Lennoxblane","id":374265,"totalTakeovers":42,"region":{"country":"gb","name":"Scotland","id":200},"pointsPerHour":1,"longitude":-4.25117,"takeoverPoints":185},"latitude":55.980191,"currentOwner":{"name":"Echo-Seven","id":304229},"time":"2021-06-29T12:14:33+0000","type":"takeover","longitude":-4.25117},{"zone":{"previousOwner":{"name":"solidsnail","id":324576},"dateCreated":"2013-12-28T22:00:00+0000","dateLastTaken":"2021-06-29T12:14:33+0000","latitude":59.324605,"currentOwner":{"name":"Packo","id":8147},"name":"Hyttåsvägen","id":24513,"totalTakeovers":9594,"region":{"country":"se","name":"Örebro","id":131},"pointsPerHour":7,"longitude":14.534405,"takeoverPoints":95},"latitude":59.324605,"currentOwner":{"name":"Packo","id":8147},"time":"2021-06-29T12:14:33+0000","type":"takeover","longitude":14.534405},{"zone":{"previousOwner":{"name":"Mach1","id":69871},"dateCreated":"2017-07-05T11:20:18+0000","dateLastTaken":"2021-06-29T12:14:32+0000","latitude":60.896458,"currentOwner":{"name":"Mach1","id":69871},"name":"RättIndustri","id":115166,"totalTakeovers":367,"region":{"country":"se","name":"Dalarna","id":129},"pointsPerHour":2,"longitude":15.139694,"takeoverPoints":170},"latitude":60.896458,"currentOwner":{"name":"Mach1","id":69871},"time":"2021-06-29T12:14:32+0000","type":"takeover","longitude":15.139694},{"zone":{"previousOwner":{"name":"jimggus","id":54752},"dateCreated":"2012-07-11T10:35:07+0000","dateLastTaken":"2021-06-29T12:14:29+0000","latitude":57.79068,"currentOwner":{"name":"BWG","id":98031},"name":"SärlaZone","id":9623,"totalTakeovers":5457,"region":{"country":"se","name":"Jönköping","id":133},"pointsPerHour":5,"longitude":14.244825,"takeoverPoints":125},"latitude":57.79068,"currentOwner":{"name":"BWG","id":98031},"time":"2021-06-29T12:14:29+0000","type":"takeover","longitude":14.244825},{"zone":{"previousOwner":{"name":"Smartino","id":49274},"dateCreated":"2010-08-04T00:00:00+0000","dateLastTaken":"2021-06-29T12:14:26+0000","latitude":58.406592,"currentOwner":{"name":"Fiona","id":36959},"name":"VallaCircle","id":79,"totalTakeovers":16506,"region":{"country":"se","name":"Östergötland","id":139},"pointsPerHour":7,"longitude":15.582949,"takeoverPoints":95},"latitude":58.406592,"currentOwner":{"name":"Fiona","id":36959},"time":"2021-06-29T12:14:26+0000","type":"takeover","longitude":15.582949},{"zone":{"previousOwner":{"name":"gebejo","id":143411},"dateLastTaken":"2021-06-29T12:14:25+0000","latitude":60.674978,"totalTakeovers":5616,"pointsPerHour":7,"takeoverPoints":95,"dateCreated":"2015-03-15T09:54:41+0000","currentOwner":{"name":"socker51","id":101724},"name":"GhastlyZone","id":46802,"region":{"country":"se","name":"Gävleborg","id":144},"longitude":17.117447},"latitude":60.674978,"currentOwner":{"name":"socker51","id":101724},"time":"2021-06-29T12:14:25+0000","type":"takeover","longitude":17.117447},{"zone":{"previousOwner":{"name":"HarryBus","id":166993},"dateCreated":"2013-06-29T17:00:00+0000","dateLastTaken":"2021-06-29T12:14:24+0000","latitude":59.512902,"currentOwner":{"name":"BjörnBel","id":205132},"name":"HorseshoeZone","id":20481,"totalTakeovers":3281,"region":{"country":"se","name":"Västmanland","id":143},"pointsPerHour":4,"longitude":15.963583,"takeoverPoints":140},"latitude":59.512902,"currentOwner":{"name":"BjörnBel","id":205132},"time":"2021-06-29T12:14:24+0000","type":"takeover","longitude":15.963583},{"zone":{"previousOwner":{"name":"TheToad","id":306220},"dateLastTaken":"2021-06-29T12:14:23+0000","latitude":55.952179,"totalTakeovers":1175,"pointsPerHour":7,"takeoverPoints":95,"dateCreated":"2013-06-15T08:00:00+0000","currentOwner":{"name":"bythesea","id":289445},"name":"Scottzone","id":14556,"region":{"country":"gb","name":"Scotland","id":200},"longitude":-3.193592},"latitude":55.952179,"currentOwner":{"name":"bythesea","id":289445},"time":"2021-06-29T12:14:23+0000","type":"takeover","longitude":-3.193592},{"zone":{"previousOwner":{"name":"foxxy","id":136818},"dateCreated":"2010-07-12T00:00:00+0000","dateLastTaken":"2021-06-29T12:14:15+0000","latitude":59.314928,"currentOwner":{"name":"Bubblan","id":35443},"name":"MediZone","id":116,"totalTakeovers":32097,"region":{"country":"se","name":"Stockholm","id":141},"pointsPerHour":9,"longitude":18.072038,"takeoverPoints":65},"latitude":59.314928,"currentOwner":{"name":"Bubblan","id":35443},"time":"2021-06-29T12:14:15+0000","type":"takeover","longitude":18.072038},{"zone":{"previousOwner":{"name":"HåkanW","id":15640},"dateCreated":"2013-11-30T22:03:27+0000","dateLastTaken":"2021-06-29T12:14:12+0000","latitude":63.699983,"currentOwner":{"name":"bengtbbb","id":64627},"name":"VälkommenÅter","id":23553,"totalTakeovers":5724,"region":{"country":"se","name":"Västerbotten","id":127},"pointsPerHour":6,"longitude":20.359048,"takeoverPoints":110},"latitude":63.699983,"currentOwner":{"name":"bengtbbb","id":64627},"time":"2021-06-29T12:14:12+0000","type":"takeover","longitude":20.359048},{"zone":{"previousOwner":{"name":"Calmare1","id":77612},"dateCreated":"2015-04-30T16:43:55+0000","dateLastTaken":"2021-06-29T12:14:10+0000","latitude":56.658685,"currentOwner":{"name":"Kaktus-Mats","id":61706},"name":"ToWalkOrMove","id":50841,"totalTakeovers":7379,"region":{"country":"se","name":"Kalmar","id":137},"pointsPerHour":6,"longitude":16.32552,"takeoverPoints":110},"latitude":56.658685,"currentOwner":{"name":"Kaktus-Mats","id":61706},"time":"2021-06-29T12:14:10+0000","type":"takeover","longitude":16.32552},{"zone":{"previousOwner":{"name":"tine","id":36446},"dateCreated":"2016-02-18T10:02:56+0000","dateLastTaken":"2021-06-29T12:14:09+0000","latitude":59.617022,"currentOwner":{"name":"BirgittaS","id":31552},"name":"Kopparmetall","id":63652,"totalTakeovers":15309,"region":{"country":"se","name":"Västmanland","id":143},"pointsPerHour":9,"longitude":16.553243,"takeoverPoints":65},"latitude":59.617022,"currentOwner":{"name":"BirgittaS","id":31552},"time":"2021-06-29T12:14:09+0000","type":"takeover","longitude":16.553243},{"zone":{"previousOwner":{"name":"Weeturfarn","id":63172},"dateCreated":"2015-01-18T11:00:00+0000","dateLastTaken":"2021-06-29T12:14:08+0000","latitude":59.388937,"currentOwner":{"name":"friper","id":116273},"name":"BakomStrömmen","id":43909,"totalTakeovers":8562,"region":{"country":"se","name":"Värmland","id":130},"pointsPerHour":7,"longitude":13.556771,"takeoverPoints":95},"latitude":59.388937,"currentOwner":{"name":"friper","id":116273},"time":"2021-06-29T12:14:08+0000","type":"takeover","longitude":13.556771},{"zone":{"previousOwner":{"name":"F1DD3Z","id":57232},"dateCreated":"2015-02-17T06:00:00+0000","dateLastTaken":"2021-06-29T12:14:03+0000","latitude":59.33277,"currentOwner":{"name":"kyssen","id":212606},"name":"Skogstorparen","id":44817,"totalTakeovers":1880,"region":{"country":"se","name":"Södermanland","id":140},"pointsPerHour":3,"longitude":16.470826,"takeoverPoints":155},"latitude":59.33277,"currentOwner":{"name":"kyssen","id":212606},"time":"2021-06-29T12:14:03+0000","type":"takeover","longitude":16.470826},{"zone":{"previousOwner":{"name":"Peek","id":25211},"dateCreated":"2014-02-28T16:00:00+0000","dateLastTaken":"2021-06-29T12:14:02+0000","latitude":59.637704,"currentOwner":{"name":"HerrX","id":141145},"name":"EnterTheMine","id":26164,"totalTakeovers":33455,"region":{"country":"se","name":"Västmanland","id":143},"pointsPerHour":8,"longitude":16.583429,"takeoverPoints":80},"latitude":59.637704,"currentOwner":{"name":"HerrX","id":141145},"time":"2021-06-29T12:14:02+0000","type":"takeover","longitude":16.583429},{"zone":{"previousOwner":{"name":"makrillen71","id":156601},"dateCreated":"2019-06-08T11:00:00+0000","dateLastTaken":"2021-06-29T12:13:59+0000","latitude":59.599001,"currentOwner":{"name":"algo","id":287934},"name":"Snabblögning","id":201502,"totalTakeovers":2937,"region":{"country":"se","name":"Västmanland","id":143},"pointsPerHour":8,"longitude":16.532029,"takeoverPoints":80},"latitude":59.599001,"currentOwner":{"name":"algo","id":287934},"time":"2021-06-29T12:13:59+0000","type":"takeover","longitude":16.532029},{"zone":{"previousOwner":{"name":"JH1","id":333052},"dateCreated":"2017-02-25T08:00:00+0000","dateLastTaken":"2021-06-29T12:13:55+0000","latitude":59.366563,"currentOwner":{"name":"Jajanina","id":334753},"name":"LiteVinter","id":94208,"totalTakeovers":6321,"region":{"country":"se","name":"Stockholm","id":141},"pointsPerHour":7,"longitude":17.992985,"takeoverPoints":95},"latitude":59.366563,"currentOwner":{"name":"Jajanina","id":334753},"time":"2021-06-29T12:13:55+0000","type":"takeover","longitude":17.992985},{"zone":{"previousOwner":{"name":"Jakbox","id":272456},"dateLastTaken":"2021-06-29T12:13:55+0000","latitude":59.259795,"totalTakeovers":8681,"pointsPerHour":8,"takeoverPoints":80,"dateCreated":"2013-10-14T18:30:06+0000","currentOwner":{"name":"Tystberga","id":326613},"name":"Hökisbron","id":22198,"region":{"country":"se","name":"Stockholm","id":141},"longitude":18.07278},"latitude":59.259795,"currentOwner":{"name":"Tystberga","id":326613},"time":"2021-06-29T12:13:55+0000","type":"takeover","longitude":18.07278},{"zone":{"previousOwner":{"name":"Xperiens","id":187031},"dateCreated":"2016-12-10T06:00:00+0000","dateLastTaken":"2021-06-29T12:13:52+0000","latitude":59.279398,"currentOwner":{"name":"GoSt","id":37199},"name":"VårDuva","id":91708,"totalTakeovers":2226,"region":{"country":"se","name":"Stockholm","id":141},"pointsPerHour":3,"longitude":17.8855,"takeoverPoints":155},"latitude":59.279398,"currentOwner":{"name":"GoSt","id":37199},"time":"2021-06-29T12:13:52+0000","type":"takeover","longitude":17.8855},{"zone":{"previousOwner":{"name":"Aibo","id":282953},"dateCreated":"2020-11-11T18:31:53+0000","dateLastTaken":"2021-06-29T12:13:49+0000","latitude":55.842021,"currentOwner":{"name":"Hodge","id":282118},"name":"Corunna","id":350626,"totalTakeovers":158,"region":{"country":"gb","name":"Scotland","id":200},"pointsPerHour":2,"longitude":-3.214437,"takeoverPoints":170},"latitude":55.842021,"currentOwner":{"name":"Hodge","id":282118},"time":"2021-06-29T12:13:49+0000","type":"takeover","longitude":-3.214437},{"zone":{"previousOwner":{"name":"zaph","id":52694},"dateCreated":"2013-11-27T16:00:00+0000","dateLastTaken":"2021-06-29T12:13:48+0000","latitude":59.146417,"currentOwner":{"name":"skrubbel","id":226950},"name":"Smedtorpszon","id":23426,"totalTakeovers":4344,"region":{"country":"se","name":"Örebro","id":131},"pointsPerHour":4,"longitude":15.140214,"takeoverPoints":140},"latitude":59.146417,"currentOwner":{"name":"skrubbel","id":226950},"time":"2021-06-29T12:13:48+0000","type":"takeover","longitude":15.140214},{"zone":{"previousOwner":{"name":"Rodrick","id":3660},"dateCreated":"2011-12-12T22:00:00+0000","dateLastTaken":"2021-06-29T12:13:47+0000","latitude":63.836216,"currentOwner":{"name":"cykelgubben","id":257832},"name":"UmeBeach","id":5408,"totalTakeovers":9653,"region":{"country":"se","name":"Västerbotten","id":127},"pointsPerHour":8,"longitude":20.339766,"takeoverPoints":80},"latitude":63.836216,"currentOwner":{"name":"cykelgubben","id":257832},"time":"2021-06-29T12:13:47+0000","type":"takeover","longitude":20.339766},{"zone":{"previousOwner":{"name":"svartvitt1908","id":238414},"dateCreated":"2020-10-30T17:56:14+0000","dateLastTaken":"2021-06-29T12:13:46+0000","latitude":59.400263,"currentOwner":{"name":"Ennaj","id":165902},"name":"Electrified","id":349215,"totalTakeovers":115,"region":{"country":"se","name":"Västmanland","id":143},"pointsPerHour":2,"longitude":15.844606,"takeoverPoints":170},"latitude":59.400263,"currentOwner":{"name":"Ennaj","id":165902},"time":"2021-06-29T12:13:46+0000","type":"takeover","longitude":15.844606},{"zone":{"previousOwner":{"name":"orienteeringf","id":317616},"dateCreated":"2021-01-13T17:10:00+0000","dateLastTaken":"2021-06-29T12:13:46+0000","latitude":52.068127,"currentOwner":{"name":"BCountrySoul","id":303998},"name":"CupcakePath","id":360330,"totalTakeovers":13,"region":{"country":"gb","name":"South East England","id":205},"pointsPerHour":1,"longitude":-0.752597,"takeoverPoints":185},"latitude":52.068127,"currentOwner":{"name":"BCountrySoul","id":303998},"time":"2021-06-29T12:13:46+0000","type":"takeover","longitude":-0.752597},{"zone":{"previousOwner":{"name":"KoSA","id":139189},"dateCreated":"2012-09-15T16:50:48+0000","dateLastTaken":"2021-06-29T12:13:46+0000","latitude":58.38664,"currentOwner":{"name":"gåråstår","id":226619},"name":"UgglasOperan","id":11343,"totalTakeovers":6319,"region":{"country":"se","name":"Västra Götaland","id":132},"pointsPerHour":5,"longitude":13.846334,"takeoverPoints":125},"latitude":58.38664,"currentOwner":{"name":"gåråstår","id":226619},"time":"2021-06-29T12:13:46+0000","type":"takeover","longitude":13.846334},{"zone":{"previousOwner":{"name":"hno.","id":119341},"dateLastTaken":"2021-06-29T12:13:44+0000","latitude":58.894852,"totalTakeovers":3182,"pointsPerHour":5,"takeoverPoints":125,"dateCreated":"2012-07-14T09:26:53+0000","currentOwner":{"name":"senne","id":13298},"name":"PantyCreek","id":9667,"region":{"country":"se","name":"Södermanland","id":140},"longitude":17.550024},"latitude":58.894852,"currentOwner":{"name":"senne","id":13298},"time":"2021-06-29T12:13:44+0000","type":"takeover","longitude":17.550024},{"zone":{"previousOwner":{"name":"illumia","id":314411},"dateCreated":"2011-09-05T18:50:13+0000","dateLastTaken":"2021-06-29T12:13:44+0000","latitude":59.857838,"currentOwner":{"name":"Oxid","id":200662},"name":"Fålhagen","id":3057,"totalTakeovers":18407,"region":{"country":"se","name":"Uppsala","id":142},"pointsPerHour":9,"longitude":17.660266,"takeoverPoints":65},"latitude":59.857838,"currentOwner":{"name":"Oxid","id":200662},"time":"2021-06-29T12:13:44+0000","type":"takeover","longitude":17.660266},{"zone":{"previousOwner":{"name":"Strac","id":302230},"dateCreated":"2013-06-15T08:00:00+0000","dateLastTaken":"2021-06-29T12:13:42+0000","latitude":57.130149,"currentOwner":{"name":"CoffeeCup","id":312772},"name":"Grayzone","id":14458,"totalTakeovers":136,"region":{"country":"gb","name":"Scotland","id":200},"pointsPerHour":2,"longitude":-2.118926,"takeoverPoints":170},"latitude":57.130149,"currentOwner":{"name":"CoffeeCup","id":312772},"time":"2021-06-29T12:13:42+0000","type":"takeover","longitude":-2.118926},{"zone":{"previousOwner":{"name":"chippo","id":330212},"dateCreated":"2014-05-17T09:32:10+0000","dateLastTaken":"2021-06-29T12:13:41+0000","latitude":58.578917,"currentOwner":{"name":"Pixiedust","id":76121},"name":"Stafettpinne","id":29366,"totalTakeovers":3032,"region":{"country":"se","name":"Östergötland","id":139},"pointsPerHour":7,"longitude":16.170048,"takeoverPoints":95},"latitude":58.578917,"currentOwner":{"name":"Pixiedust","id":76121},"time":"2021-06-29T12:13:41+0000","type":"takeover","longitude":16.170048},{"zone":{"previousOwner":{"name":"AJT","id":257045},"dateCreated":"2010-09-30T22:00:02+0000","dateLastTaken":"2021-06-29T12:13:41+0000","latitude":58.395583,"currentOwner":{"name":"Levin","id":12077},"name":"JohannelundC","id":869,"totalTakeovers":25896,"region":{"country":"se","name":"Östergötland","id":139},"pointsPerHour":8,"longitude":15.661612,"takeoverPoints":80},"latitude":58.395583,"currentOwner":{"name":"Levin","id":12077},"time":"2021-06-29T12:13:41+0000","type":"takeover","longitude":15.661612},{"zone":{"previousOwner":{"name":"Buzd","id":317315},"dateCreated":"2017-11-16T11:25:18+0000","dateLastTaken":"2021-06-29T12:13:37+0000","latitude":59.351027,"currentOwner":{"name":"Emlomaliv","id":139262},"name":"SpanaBrospann","id":138149,"totalTakeovers":4710,"region":{"country":"se","name":"Stockholm","id":141},"pointsPerHour":8,"longitude":17.973201,"takeoverPoints":80},"latitude":59.351027,"currentOwner":{"name":"Emlomaliv","id":139262},"time":"2021-06-29T12:13:37+0000","type":"takeover","longitude":17.973201},{"zone":{"previousOwner":{"name":"Torben","id":300370},"dateCreated":"2012-03-20T21:50:26+0000","dateLastTaken":"2021-06-29T12:13:35+0000","latitude":59.361316,"currentOwner":{"name":"maZmo","id":151499},"name":"RåckstaWest","id":7143,"totalTakeovers":9343,"region":{"country":"se","name":"Stockholm","id":141},"pointsPerHour":7,"longitude":17.88164,"takeoverPoints":95},"latitude":59.361316,"currentOwner":{"name":"maZmo","id":151499},"time":"2021-06-29T12:13:35+0000","type":"takeover","longitude":17.88164},{"zone":{"previousOwner":{"name":"MajaD","id":327261},"dateCreated":"2018-09-21T09:25:38+0000","dateLastTaken":"2021-06-29T12:13:33+0000","latitude":60.721577,"currentOwner":{"name":"MajaD","id":327261},"name":"OldShortCut","id":168877,"totalTakeovers":111,"region":{"country":"se","name":"Dalarna","id":129},"pointsPerHour":1,"longitude":14.988488,"takeoverPoints":185},"latitude":60.721577,"currentOwner":{"name":"MajaD","id":327261},"time":"2021-06-29T12:13:33+0000","type":"takeover","longitude":14.988488},{"zone":{"previousOwner":{"name":"JankaO","id":317586},"dateCreated":"2012-03-21T22:40:06+0000","dateLastTaken":"2021-06-29T12:13:33+0000","latitude":60.610118,"currentOwner":{"name":"Karamella","id":158664},"name":"Kristines","id":7277,"totalTakeovers":5566,"region":{"country":"se","name":"Dalarna","id":129},"pointsPerHour":6,"longitude":15.637277,"takeoverPoints":110},"latitude":60.610118,"currentOwner":{"name":"Karamella","id":158664},"time":"2021-06-29T12:13:33+0000","type":"takeover","longitude":15.637277},{"zone":{"previousOwner":{"name":"Lasso","id":69943},"dateCreated":"2017-07-03T20:47:47+0000","dateLastTaken":"2021-06-29T12:13:31+0000","latitude":60.645616,"currentOwner":{"name":"52Bäckis","id":331454},"name":"VändStureVänd","id":115110,"totalTakeovers":2040,"region":{"country":"se","name":"Gävleborg","id":144},"pointsPerHour":6,"longitude":17.135472,"takeoverPoints":110},"latitude":60.645616,"currentOwner":{"name":"52Bäckis","id":331454},"time":"2021-06-29T12:13:31+0000","type":"takeover","longitude":17.135472},{"zone":{"previousOwner":{"name":"stuvstabiker","id":187341},"dateCreated":"2017-07-06T06:32:34+0000","dateLastTaken":"2021-06-29T12:13:31+0000","latitude":59.25689,"currentOwner":{"name":"Granbrott","id":17421},"name":"Gällerstaduva","id":112536,"totalTakeovers":1250,"region":{"country":"se","name":"Stockholm","id":141},"pointsPerHour":5,"longitude":18.009878,"takeoverPoints":125},"latitude":59.25689,"currentOwner":{"name":"Granbrott","id":17421},"time":"2021-06-29T12:13:31+0000","type":"takeover","longitude":18.009878},{"zone":{"previousOwner":{"name":"Lionheart","id":229275},"dateCreated":"2013-06-21T13:00:00+0000","dateLastTaken":"2021-06-29T12:13:28+0000","latitude":59.617814,"currentOwner":{"name":"scarymom","id":212980},"name":"IronAge","id":19695,"totalTakeovers":15776,"region":{"country":"se","name":"Västmanland","id":143},"pointsPerHour":8,"longitude":16.61241,"takeoverPoints":80},"latitude":59.617814,"currentOwner":{"name":"scarymom","id":212980},"time":"2021-06-29T12:13:28+0000","type":"takeover","longitude":16.61241},{"zone":{"previousOwner":{"name":"Salte","id":303411},"dateLastTaken":"2021-06-29T12:13:28+0000","latitude":56.844561,"totalTakeovers":132,"pointsPerHour":1,"takeoverPoints":185,"dateCreated":"2018-08-16T10:03:00+0000","currentOwner":{"name":"medvjed","id":235076},"name":"Bredsättra","id":156449,"region":{"country":"se","name":"Kalmar","id":137},"longitude":16.793858},"latitude":56.844561,"currentOwner":{"name":"medvjed","id":235076},"time":"2021-06-29T12:13:28+0000","type":"takeover","longitude":16.793858},{"zone":{"previousOwner":{"name":"mini","id":12436},"dateCreated":"2013-05-01T08:00:00+0000","dateLastTaken":"2021-06-29T12:13:26+0000","latitude":56.027355,"currentOwner":{"name":"Plassen28","id":280072},"name":"SouthPlaza","id":17640,"totalTakeovers":2708,"region":{"country":"se","name":"Skåne","id":135},"pointsPerHour":4,"longitude":14.159241,"takeoverPoints":140},"latitude":56.027355,"currentOwner":{"name":"Plassen28","id":280072},"time":"2021-06-29T12:13:26+0000","type":"takeover","longitude":14.159241},{"zone":{"previousOwner":{"name":"Robbo52","id":302593},"dateCreated":"2020-09-23T10:30:00+0000","dateLastTaken":"2021-06-29T12:13:25+0000","latitude":56.018757,"currentOwner":{"name":"FiFVO","id":284486},"name":"TallestZone","id":333849,"totalTakeovers":90,"region":{"country":"gb","name":"Scotland","id":200},"pointsPerHour":2,"longitude":-3.723129,"takeoverPoints":170},"latitude":56.018757,"currentOwner":{"name":"FiFVO","id":284486},"time":"2021-06-29T12:13:25+0000","type":"takeover","longitude":-3.723129},{"zone":{"previousOwner":{"name":"morrrkan","id":2311},"dateCreated":"2017-01-14T08:00:00+0000","dateLastTaken":"2021-06-29T12:13:25+0000","latitude":60.383604,"currentOwner":{"name":"T-Gubben","id":320526},"name":"SouthMansion","id":94196,"totalTakeovers":299,"region":{"country":"se","name":"Uppsala","id":142},"pointsPerHour":1,"longitude":17.237815,"takeoverPoints":185},"latitude":60.383604,"currentOwner":{"name":"T-Gubben","id":320526},"time":"2021-06-29T12:13:25+0000","type":"takeover","longitude":17.237815},{"zone":{"previousOwner":{"name":"RosaPantern78","id":28845},"dateCreated":"2010-08-03T00:00:00+0000","dateLastTaken":"2021-06-29T12:13:25+0000","latitude":58.408279,"currentOwner":{"name":"hookturf","id":73461},"name":"Watertower","id":86,"totalTakeovers":12692,"region":{"country":"se","name":"Östergötland","id":139},"pointsPerHour":7,"longitude":15.611257,"takeoverPoints":95},"latitude":58.408279,"currentOwner":{"name":"hookturf","id":73461},"time":"2021-06-29T12:13:25+0000","type":"takeover","longitude":15.611257},{"zone":{"previousOwner":{"name":"Weeturfarn","id":63172},"dateCreated":"2015-09-13T08:15:30+0000","dateLastTaken":"2021-06-29T12:13:24+0000","latitude":59.309907,"currentOwner":{"name":"AnCaOL","id":228780},"name":"Mastis","id":57682,"totalTakeovers":2316,"region":{"country":"se","name":"Värmland","id":130},"pointsPerHour":5,"longitude":14.103177,"takeoverPoints":125},"latitude":59.309907,"currentOwner":{"name":"AnCaOL","id":228780},"time":"2021-06-29T12:13:24+0000","type":"takeover","longitude":14.103177},{"zone":{"previousOwner":{"name":"ManUtd50","id":92949},"dateCreated":"2013-06-06T06:00:00+0000","dateLastTaken":"2021-06-29T12:13:19+0000","latitude":59.592119,"currentOwner":{"name":"HarryLime","id":23877},"name":"ByBuyRail","id":18676,"totalTakeovers":10521,"region":{"country":"se","name":"Västmanland","id":143},"pointsPerHour":7,"longitude":16.485867,"takeoverPoints":95},"latitude":59.592119,"currentOwner":{"name":"HarryLime","id":23877},"time":"2021-06-29T12:13:19+0000","type":"takeover","longitude":16.485867},{"zone":{"previousOwner":{"name":"homeguard","id":185087},"dateCreated":"2010-07-12T00:00:00+0000","dateLastTaken":"2021-06-29T12:13:19+0000","latitude":59.339748,"currentOwner":{"name":"wertyre","id":334863},"name":"KickSomeBalls","id":132,"totalTakeovers":6425,"region":{"country":"se","name":"Stockholm","id":141},"pointsPerHour":6,"longitude":18.109086,"takeoverPoints":110},"latitude":59.339748,"currentOwner":{"name":"wertyre","id":334863},"time":"2021-06-29T12:13:19+0000","type":"takeover","longitude":18.109086},{"zone":{"previousOwner":{"name":"z14me2take","id":119941},"dateLastTaken":"2021-06-29T12:13:18+0000","latitude":57.709407,"totalTakeovers":33963,"pointsPerHour":9,"takeoverPoints":65,"dateCreated":"2013-08-30T21:53:10+0000","currentOwner":{"name":"sjörövarjenny","id":280157},"name":"GötaCentral","id":21454,"region":{"country":"se","name":"Västra Götaland","id":132},"longitude":11.971536},"latitude":57.709407,"currentOwner":{"name":"sjörövarjenny","id":280157},"time":"2021-06-29T12:13:18+0000","type":"takeover","longitude":11.971536},{"zone":{"previousOwner":{"name":"CloughamanSROC","id":297493},"dateCreated":"2020-12-04T21:48:18+0000","dateLastTaken":"2021-06-29T12:13:17+0000","latitude":54.033298,"currentOwner":{"name":"TurfanatorSROC","id":304618},"name":"PaulsZone","id":354712,"totalTakeovers":141,"region":{"country":"gb","name":"North West England","id":201},"pointsPerHour":2,"longitude":-2.796901,"takeoverPoints":170},"latitude":54.033298,"currentOwner":{"name":"TurfanatorSROC","id":304618},"time":"2021-06-29T12:13:17+0000","type":"takeover","longitude":-2.796901},{"zone":{"previousOwner":{"name":"CareFox","id":305546},"dateCreated":"2015-12-24T21:18:15+0000","dateLastTaken":"2021-06-29T12:13:14+0000","latitude":59.872426,"currentOwner":{"name":"xaghra","id":316144},"name":"Fyristån","id":62369,"totalTakeovers":7767,"region":{"country":"se","name":"Uppsala","id":142},"pointsPerHour":8,"longitude":17.611014,"takeoverPoints":80},"latitude":59.872426,"currentOwner":{"name":"xaghra","id":316144},"time":"2021-06-29T12:13:14+0000","type":"takeover","longitude":17.611014},{"zone":{"previousOwner":{"name":"grock","id":189790},"dateCreated":"2010-09-04T14:41:37+0000","dateLastTaken":"2021-06-29T12:13:14+0000","latitude":65.582878,"currentOwner":{"name":"DrAcula","id":42118},"name":"LuleCityHall","id":614,"totalTakeovers":13059,"region":{"country":"se","name":"Norrbotten","id":126},"pointsPerHour":8,"longitude":22.144322,"takeoverPoints":80},"latitude":65.582878,"currentOwner":{"name":"DrAcula","id":42118},"time":"2021-06-29T12:13:14+0000","type":"takeover","longitude":22.144322},{"zone":{"previousOwner":{"name":"hösjön","id":257146},"dateCreated":"2014-12-24T03:18:01+0000","dateLastTaken":"2021-06-29T12:13:10+0000","latitude":61.353522,"currentOwner":{"name":"millroy","id":95378},"name":"Åttiotrean","id":43017,"totalTakeovers":3658,"region":{"country":"se","name":"Gävleborg","id":144},"pointsPerHour":4,"longitude":16.391642,"takeoverPoints":140},"latitude":61.353522,"currentOwner":{"name":"millroy","id":95378},"time":"2021-06-29T12:13:10+0000","type":"takeover","longitude":16.391642},{"zone":{"previousOwner":{"name":"tribalray","id":320035},"dateCreated":"2021-01-07T09:30:00+0000","dateLastTaken":"2021-06-29T12:13:09+0000","latitude":57.480272,"currentOwner":{"name":"Lauraloll","id":312759},"name":"HiddenWorld","id":362287,"totalTakeovers":372,"region":{"country":"gb","name":"Scotland","id":200},"pointsPerHour":2,"longitude":-4.217498,"takeoverPoints":170},"latitude":57.480272,"currentOwner":{"name":"Lauraloll","id":312759},"time":"2021-06-29T12:13:09+0000","type":"takeover","longitude":-4.217498},{"zone":{"previousOwner":{"name":"regor1","id":132740},"dateCreated":"2010-09-04T14:41:37+0000","dateLastTaken":"2021-06-29T12:13:08+0000","latitude":59.610305,"currentOwner":{"name":"camillis","id":282283},"name":"SkrapanZone","id":483,"totalTakeovers":49518,"region":{"country":"se","name":"Västmanland","id":143},"pointsPerHour":9,"longitude":16.550374,"takeoverPoints":65},"latitude":59.610305,"currentOwner":{"name":"camillis","id":282283},"time":"2021-06-29T12:13:08+0000","type":"takeover","longitude":16.550374},{"zone":{"previousOwner":{"name":"Redbit","id":140991},"dateCreated":"2014-11-30T21:21:49+0000","dateLastTaken":"2021-06-29T12:13:07+0000","latitude":65.618853,"currentOwner":{"name":"Geatki","id":101570},"name":"PorsöCentrum","id":42390,"totalTakeovers":5741,"region":{"country":"se","name":"Norrbotten","id":126},"pointsPerHour":6,"longitude":22.146359,"takeoverPoints":110},"latitude":65.618853,"currentOwner":{"name":"Geatki","id":101570},"time":"2021-06-29T12:13:07+0000","type":"takeover","longitude":22.146359},{"zone":{"previousOwner":{"name":"Fozzie","id":315729},"dateCreated":"2014-02-23T18:32:46+0000","dateLastTaken":"2021-06-29T12:13:07+0000","latitude":51.416555,"currentOwner":{"name":"danfrosty","id":334468},"name":"BracknellSq","id":26077,"totalTakeovers":153,"region":{"country":"gb","name":"South East England","id":205},"pointsPerHour":2,"longitude":-0.749129,"takeoverPoints":170},"latitude":51.416555,"currentOwner":{"name":"danfrosty","id":334468},"time":"2021-06-29T12:13:07+0000","type":"takeover","longitude":-0.749129},{"zone":{"previousOwner":{"name":"Thoor","id":201025},"dateCreated":"2014-01-01T00:00:02+0000","dateLastTaken":"2021-06-29T12:13:06+0000","latitude":59.29505,"currentOwner":{"name":"KollPåGubben","id":163496},"name":"WillysPark","id":24099,"totalTakeovers":7712,"region":{"country":"se","name":"Stockholm","id":141},"pointsPerHour":8,"longitude":18.107261,"takeoverPoints":80},"latitude":59.29505,"currentOwner":{"name":"KollPåGubben","id":163496},"time":"2021-06-29T12:13:06+0000","type":"takeover","longitude":18.107261},{"zone":{"previousOwner":{"name":"ghbl","id":136982},"dateCreated":"2017-09-23T09:00:00+0000","dateLastTaken":"2021-06-29T12:13:06+0000","latitude":63.810843,"currentOwner":{"name":"WildWest","id":256604},"name":"MellanJobb","id":126255,"totalTakeovers":13711,"region":{"country":"se","name":"Västerbotten","id":127},"pointsPerHour":8,"longitude":20.320126,"takeoverPoints":80},"latitude":63.810843,"currentOwner":{"name":"WildWest","id":256604},"time":"2021-06-29T12:13:06+0000","type":"takeover","longitude":20.320126},{"zone":{"previousOwner":{"name":"Mach1","id":69871},"dateCreated":"2020-09-28T19:16:32+0000","dateLastTaken":"2021-06-29T12:13:05+0000","latitude":60.895873,"currentOwner":{"name":"Mach1","id":69871},"name":"RättGenväg","id":319159,"totalTakeovers":86,"region":{"country":"se","name":"Dalarna","id":129},"pointsPerHour":2,"longitude":15.135529,"takeoverPoints":170},"latitude":60.895873,"currentOwner":{"name":"Mach1","id":69871},"time":"2021-06-29T12:13:05+0000","type":"takeover","longitude":15.135529},{"zone":{"previousOwner":{"name":"Stabac","id":247515},"dateCreated":"2018-08-15T17:56:26+0000","dateLastTaken":"2021-06-29T12:13:01+0000","latitude":59.504598,"currentOwner":{"name":"Stabac","id":247515},"name":"Trädgårdsstan","id":156416,"totalTakeovers":163,"region":{"country":"se","name":"Stockholm","id":141},"pointsPerHour":2,"longitude":18.088687,"takeoverPoints":170},"latitude":59.504598,"currentOwner":{"name":"Stabac","id":247515},"time":"2021-06-29T12:13:01+0000","type":"takeover","longitude":18.088687},{"zone":{"previousOwner":{"name":"veld","id":316792},"dateCreated":"2020-08-25T14:00:00+0000","dateLastTaken":"2021-06-29T12:13:00+0000","latitude":56.037035,"currentOwner":{"name":"spreadsheet","id":302924},"name":"Jubilee","id":321433,"totalTakeovers":158,"region":{"country":"gb","name":"Scotland","id":200},"pointsPerHour":3,"longitude":-3.351456,"takeoverPoints":155},"latitude":56.037035,"currentOwner":{"name":"spreadsheet","id":302924},"time":"2021-06-29T12:13:00+0000","type":"takeover","longitude":-3.351456},{"zone":{"previousOwner":{"name":"gerald_flux.rc","id":306374},"dateCreated":"2017-04-15T08:00:00+0000","dateLastTaken":"2021-06-29T12:12:58+0000","latitude":61.934057,"currentOwner":{"name":"popeye","id":22678},"name":"Strykjärnet","id":98151,"totalTakeovers":257,"region":{"country":"se","name":"Gävleborg","id":144},"pointsPerHour":1,"longitude":17.217362,"takeoverPoints":185},"latitude":61.934057,"currentOwner":{"name":"popeye","id":22678},"time":"2021-06-29T12:12:58+0000","type":"takeover","longitude":17.217362},{"zone":{"previousOwner":{"name":"Tompa_65","id":160985},"dateLastTaken":"2021-06-29T12:12:56+0000","latitude":55.581826,"totalTakeovers":4081,"pointsPerHour":7,"takeoverPoints":95,"dateCreated":"2018-07-04T23:24:19+0000","currentOwner":{"name":"Király","id":169417},"name":"Király005","id":154683,"region":{"country":"se","name":"Skåne","id":135},"longitude":13.004552},"latitude":55.581826,"currentOwner":{"name":"Király","id":169417},"time":"2021-06-29T12:12:56+0000","type":"takeover","longitude":13.004552},{"zone":{"previousOwner":{"name":"Heureka","id":89635},"dateLastTaken":"2021-06-29T12:12:54+0000","latitude":58.037807,"totalTakeovers":2727,"pointsPerHour":2,"takeoverPoints":170,"dateCreated":"2011-08-08T16:58:07+0000","currentOwner":{"name":"toticci","id":120348},"name":"TranStation","id":2554,"region":{"country":"se","name":"Jönköping","id":133},"longitude":14.975174},"latitude":58.037807,"currentOwner":{"name":"toticci","id":120348},"time":"2021-06-29T12:12:54+0000","type":"takeover","longitude":14.975174},{"zone":{"previousOwner":{"name":"FunkyKringel","id":48817},"dateCreated":"2014-08-17T18:01:02+0000","dateLastTaken":"2021-06-29T12:12:54+0000","latitude":63.822128,"currentOwner":{"name":"GGC","id":71714},"name":"AxtorpZone","id":33640,"totalTakeovers":25433,"region":{"country":"se","name":"Västerbotten","id":127},"pointsPerHour":9,"longitude":20.300833,"takeoverPoints":65},"latitude":63.822128,"currentOwner":{"name":"GGC","id":71714},"time":"2021-06-29T12:12:54+0000","type":"takeover","longitude":20.300833},{"zone":{"previousOwner":{"name":"canon","id":66935},"dateCreated":"2015-02-02T19:10:15+0000","dateLastTaken":"2021-06-29T12:12:52+0000","latitude":59.359239,"currentOwner":{"name":"Buzd","id":317315},"name":"SolnaFlower","id":44318,"totalTakeovers":11237,"region":{"country":"se","name":"Stockholm","id":141},"pointsPerHour":7,"longitude":18.006228,"takeoverPoints":95},"latitude":59.359239,"currentOwner":{"name":"Buzd","id":317315},"time":"2021-06-29T12:12:52+0000","type":"takeover","longitude":18.006228},{"zone":{"previousOwner":{"name":"AEM","id":48890},"dateCreated":"2012-03-21T18:16:25+0000","dateLastTaken":"2021-06-29T12:12:48+0000","latitude":59.620747,"currentOwner":{"name":"Latteböna","id":144350},"name":"SplitLiveZone","id":7259,"totalTakeovers":30627,"region":{"country":"se","name":"Västmanland","id":143},"pointsPerHour":8,"longitude":16.596453,"takeoverPoints":80},"latitude":59.620747,"currentOwner":{"name":"Latteböna","id":144350},"time":"2021-06-29T12:12:48+0000","type":"takeover","longitude":16.596453},{"zone":{"previousOwner":{"name":"varnkorv","id":297370},"dateCreated":"2012-05-12T18:59:52+0000","dateLastTaken":"2021-06-29T12:12:47+0000","latitude":63.201067,"currentOwner":{"name":"Harmild","id":298782},"name":"LugnvikBeach","id":8908,"totalTakeovers":2537,"region":{"country":"se","name":"Jämtland","id":128},"pointsPerHour":5,"longitude":14.636186,"takeoverPoints":125},"latitude":63.201067,"currentOwner":{"name":"Harmild","id":298782},"time":"2021-06-29T12:12:47+0000","type":"takeover","longitude":14.636186},{"zone":{"previousOwner":{"name":"FizzCal","id":316274},"dateCreated":"2013-06-15T08:00:00+0000","dateLastTaken":"2021-06-29T12:12:47+0000","latitude":51.509103,"currentOwner":{"name":"sleepdep","id":303150},"name":"SouthRope","id":13762,"totalTakeovers":56,"region":{"country":"gb","name":"Greater London","id":207},"pointsPerHour":1,"longitude":-0.032533,"takeoverPoints":185},"latitude":51.509103,"currentOwner":{"name":"sleepdep","id":303150},"time":"2021-06-29T12:12:47+0000","type":"takeover","longitude":-0.032533},{"zone":{"previousOwner":{"name":"dabbo","id":166306},"dateCreated":"2014-03-15T07:33:07+0000","dateLastTaken":"2021-06-29T12:12:41+0000","latitude":57.265289,"currentOwner":{"name":"Inlin","id":198789},"name":"BathIslet","id":26855,"totalTakeovers":6836,"region":{"country":"se","name":"Kalmar","id":137},"pointsPerHour":5,"longitude":16.455719,"takeoverPoints":125},"latitude":57.265289,"currentOwner":{"name":"Inlin","id":198789},"time":"2021-06-29T12:12:41+0000","type":"takeover","longitude":16.455719},{"zone":{"previousOwner":{"name":"Weeturfarn","id":63172},"dateCreated":"2014-12-24T09:00:00+0000","dateLastTaken":"2021-06-29T12:12:41+0000","latitude":59.388407,"currentOwner":{"name":"friper","id":116273},"name":"BeaverNest","id":43109,"totalTakeovers":7550,"region":{"country":"se","name":"Värmland","id":130},"pointsPerHour":6,"longitude":13.550722,"takeoverPoints":110},"latitude":59.388407,"currentOwner":{"name":"friper","id":116273},"time":"2021-06-29T12:12:41+0000","type":"takeover","longitude":13.550722},{"zone":{"previousOwner":{"name":"Hjulpynt","id":20890},"dateCreated":"2019-12-13T06:00:00+0000","dateLastTaken":"2021-06-29T12:12:40+0000","latitude":59.406287,"currentOwner":{"name":"wabbe65","id":55204},"name":"Kämpekungar","id":224021,"totalTakeovers":516,"region":{"country":"se","name":"Stockholm","id":141},"pointsPerHour":5,"longitude":18.044441,"takeoverPoints":125},"latitude":59.406287,"currentOwner":{"name":"wabbe65","id":55204},"time":"2021-06-29T12:12:40+0000","type":"takeover","longitude":18.044441},{"zone":{"previousOwner":{"name":"GammErik","id":213103},"dateCreated":"2014-07-15T01:21:27+0000","dateLastTaken":"2021-06-29T12:12:39+0000","latitude":65.618514,"currentOwner":{"name":"Redbit","id":140991},"name":"BluePinZone","id":32451,"totalTakeovers":3120,"region":{"country":"se","name":"Norrbotten","id":126},"pointsPerHour":6,"longitude":22.047994,"takeoverPoints":110},"latitude":65.618514,"currentOwner":{"name":"Redbit","id":140991},"time":"2021-06-29T12:12:39+0000","type":"takeover","longitude":22.047994},{"zone":{"previousOwner":{"name":"jimggus","id":54752},"dateCreated":"2014-12-28T09:58:46+0000","dateLastTaken":"2021-06-29T12:12:37+0000","latitude":57.79287,"currentOwner":{"name":"BWG","id":98031},"name":"SannaBeach","id":43354,"totalTakeovers":2198,"region":{"country":"se","name":"Jönköping","id":133},"pointsPerHour":4,"longitude":14.242982,"takeoverPoints":140},"latitude":57.79287,"currentOwner":{"name":"BWG","id":98031},"time":"2021-06-29T12:12:37+0000","type":"takeover","longitude":14.242982},{"zone":{"previousOwner":{"name":"Karamella","id":158664},"dateLastTaken":"2021-06-29T12:12:35+0000","latitude":60.605661,"totalTakeovers":17848,"pointsPerHour":8,"takeoverPoints":80,"dateCreated":"2012-05-09T08:43:30+0000","currentOwner":{"name":"vindturf","id":118672},"name":"FlowerBridge","id":8756,"region":{"country":"se","name":"Dalarna","id":129},"longitude":15.630109},"latitude":60.605661,"currentOwner":{"name":"vindturf","id":118672},"time":"2021-06-29T12:12:35+0000","type":"takeover","longitude":15.630109},{"zone":{"previousOwner":{"name":"egmondir","id":176939},"dateCreated":"2014-04-17T15:41:43+0000","dateLastTaken":"2021-06-29T12:12:34+0000","latitude":59.290082,"currentOwner":{"name":"HaHaHaHasse","id":275863},"name":"Ufot","id":28377,"totalTakeovers":8526,"region":{"country":"se","name":"Stockholm","id":141},"pointsPerHour":7,"longitude":18.085473,"takeoverPoints":95},"latitude":59.290082,"currentOwner":{"name":"HaHaHaHasse","id":275863},"time":"2021-06-29T12:12:34+0000","type":"takeover","longitude":18.085473},{"zone":{"previousOwner":{"name":"Viadd1","id":163911},"dateCreated":"2014-03-03T09:05:49+0000","dateLastTaken":"2021-06-29T12:12:33+0000","latitude":59.874755,"currentOwner":{"name":"rons","id":14764},"name":"VirsboHamn","id":26264,"totalTakeovers":648,"region":{"country":"se","name":"Västmanland","id":143},"pointsPerHour":2,"longitude":16.035549,"takeoverPoints":170},"latitude":59.874755,"currentOwner":{"name":"rons","id":14764},"time":"2021-06-29T12:12:33+0000","type":"takeover","longitude":16.035549},{"zone":{"dateCreated":"2017-06-11T17:57:39+0000","dateLastTaken":"2021-06-29T12:12:32+0000","latitude":54.701006,"currentOwner":{"name":"Placid_Casual","id":312475},"name":"TeaBreak","id":114145,"totalTakeovers":1,"region":{"country":"gb","name":"Scotland","id":200},"pointsPerHour":1,"longitude":-4.364589,"takeoverPoints":185},"latitude":54.701006,"currentOwner":{"name":"Placid_Casual","id":312475},"time":"2021-06-29T12:12:32+0000","type":"takeover","longitude":-4.364589},{"zone":{"previousOwner":{"name":"svartvitt1908","id":238414},"dateCreated":"2014-06-20T06:54:22+0000","dateLastTaken":"2021-06-29T12:12:25+0000","latitude":59.40268,"currentOwner":{"name":"Ennaj","id":165902},"name":"ThePriest","id":31835,"totalTakeovers":856,"region":{"country":"se","name":"Västmanland","id":143},"pointsPerHour":2,"longitude":15.844873,"takeoverPoints":170},"latitude":59.40268,"currentOwner":{"name":"Ennaj","id":165902},"time":"2021-06-29T12:12:25+0000","type":"takeover","longitude":15.844873},{"zone":{"previousOwner":{"name":"Kimber","id":294087},"dateCreated":"2017-11-24T09:54:06+0000","dateLastTaken":"2021-06-29T12:12:25+0000","latitude":60.300606,"currentOwner":{"name":"ojarnstr","id":41053},"name":"TennbyFirst","id":138544,"totalTakeovers":1398,"region":{"country":"fi","name":"Lounais-Suomi","id":184},"pointsPerHour":2,"longitude":22.315848,"takeoverPoints":170},"latitude":60.300606,"currentOwner":{"name":"ojarnstr","id":41053},"time":"2021-06-29T12:12:25+0000","type":"takeover","longitude":22.315848},{"zone":{"previousOwner":{"name":"solidsnail","id":324576},"dateCreated":"2013-10-09T06:06:45+0000","dateLastTaken":"2021-06-29T12:12:23+0000","latitude":59.324458,"currentOwner":{"name":"Packo","id":8147},"name":"SturesKoloni","id":22073,"totalTakeovers":7146,"region":{"country":"se","name":"Örebro","id":131},"pointsPerHour":6,"longitude":14.526974,"takeoverPoints":110},"latitude":59.324458,"currentOwner":{"name":"Packo","id":8147},"time":"2021-06-29T12:12:23+0000","type":"takeover","longitude":14.526974},{"zone":{"previousOwner":{"name":"beha","id":186270},"dateCreated":"2014-09-07T08:52:29+0000","dateLastTaken":"2021-06-29T12:12:21+0000","latitude":59.261457,"currentOwner":{"name":"Lejfis","id":158950},"name":"StorHjälmar","id":34661,"totalTakeovers":1626,"region":{"country":"se","name":"Örebro","id":131},"pointsPerHour":3,"longitude":15.274179,"takeoverPoints":155},"latitude":59.261457,"currentOwner":{"name":"Lejfis","id":158950},"time":"2021-06-29T12:12:21+0000","type":"takeover","longitude":15.274179},{"zone":{"previousOwner":{"name":"zaph","id":52694},"dateCreated":"2016-11-24T19:58:21+0000","dateLastTaken":"2021-06-29T12:12:21+0000","latitude":59.149256,"currentOwner":{"name":"skrubbel","id":226950},"name":"VälkommenHit","id":91962,"totalTakeovers":1629,"region":{"country":"se","name":"Örebro","id":131},"pointsPerHour":4,"longitude":15.140592,"takeoverPoints":140},"latitude":59.149256,"currentOwner":{"name":"skrubbel","id":226950},"time":"2021-06-29T12:12:21+0000","type":"takeover","longitude":15.140592},{"zone":{"previousOwner":{"name":"munki","id":304416},"dateCreated":"2021-01-30T08:30:00+0000","dateLastTaken":"2021-06-29T12:12:18+0000","latitude":55.979864,"currentOwner":{"name":"Echo-Seven","id":304229},"name":"Pow","id":374264,"totalTakeovers":41,"region":{"country":"gb","name":"Scotland","id":200},"pointsPerHour":1,"longitude":-4.240189,"takeoverPoints":185},"latitude":55.979864,"currentOwner":{"name":"Echo-Seven","id":304229},"time":"2021-06-29T12:12:18+0000","type":"takeover","longitude":-4.240189},{"zone":{"previousOwner":{"name":"IA19","id":256513},"dateCreated":"2015-08-28T10:00:00+0000","dateLastTaken":"2021-06-29T12:12:17+0000","latitude":57.773886,"currentOwner":{"name":"IA19","id":256513},"name":"Svarttorp","id":56755,"totalTakeovers":233,"region":{"country":"se","name":"Jönköping","id":133},"pointsPerHour":1,"longitude":14.424023,"takeoverPoints":185},"latitude":57.773886,"currentOwner":{"name":"IA19","id":256513},"time":"2021-06-29T12:12:17+0000","type":"takeover","longitude":14.424023},{"zone":{"previousOwner":{"name":"Strac","id":302230},"dateCreated":"2020-09-12T14:30:00+0000","dateLastTaken":"2021-06-29T12:12:17+0000","latitude":57.128651,"currentOwner":{"name":"CoffeeCup","id":312772},"name":"Ruthrie","id":328286,"totalTakeovers":134,"region":{"country":"gb","name":"Scotland","id":200},"pointsPerHour":2,"longitude":-2.124108,"takeoverPoints":170},"latitude":57.128651,"currentOwner":{"name":"CoffeeCup","id":312772},"time":"2021-06-29T12:12:17+0000","type":"takeover","longitude":-2.124108},{"zone":{"previousOwner":{"name":"HarryBus","id":166993},"dateCreated":"2015-08-16T20:00:00+0000","dateLastTaken":"2021-06-29T12:12:17+0000","latitude":59.510077,"currentOwner":{"name":"BjörnBel","id":205132},"name":"Ryttarskogen","id":56135,"totalTakeovers":2146,"region":{"country":"se","name":"Västmanland","id":143},"pointsPerHour":4,"longitude":15.964231,"takeoverPoints":140},"latitude":59.510077,"currentOwner":{"name":"BjörnBel","id":205132},"time":"2021-06-29T12:12:17+0000","type":"takeover","longitude":15.964231},{"zone":{"previousOwner":{"name":"Deneva","id":68382},"dateCreated":"2015-03-06T12:00:00+0000","dateLastTaken":"2021-06-29T12:12:11+0000","latitude":57.699921,"currentOwner":{"name":"Alvsjosemlan","id":46136},"name":"Synvillan","id":45661,"totalTakeovers":3409,"region":{"country":"se","name":"Västra Götaland","id":132},"pointsPerHour":5,"longitude":12.013817,"takeoverPoints":125},"latitude":57.699921,"currentOwner":{"name":"Alvsjosemlan","id":46136},"time":"2021-06-29T12:12:11+0000","type":"takeover","longitude":12.013817},{"zone":{"previousOwner":{"name":"RosaPantern78","id":28845},"dateCreated":"2011-05-30T16:39:08+0000","dateLastTaken":"2021-06-29T12:12:07+0000","latitude":58.407005,"currentOwner":{"name":"hookturf","id":73461},"name":"Ohzone","id":1762,"totalTakeovers":11565,"region":{"country":"se","name":"Östergötland","id":139},"pointsPerHour":6,"longitude":15.614669,"takeoverPoints":110},"latitude":58.407005,"currentOwner":{"name":"hookturf","id":73461},"time":"2021-06-29T12:12:07+0000","type":"takeover","longitude":15.614669},{"zone":{"previousOwner":{"name":"Helge70","id":108710},"dateCreated":"2014-01-05T10:55:00+0000","dateLastTaken":"2021-06-29T12:12:04+0000","latitude":56.683715,"currentOwner":{"name":"SmedbyLady","id":166480},"name":"SeGamlaEken","id":24733,"totalTakeovers":4774,"region":{"country":"se","name":"Kalmar","id":137},"pointsPerHour":4,"longitude":16.240036,"takeoverPoints":140},"latitude":56.683715,"currentOwner":{"name":"SmedbyLady","id":166480},"time":"2021-06-29T12:12:04+0000","type":"takeover","longitude":16.240036},{"zone":{"previousOwner":{"name":"ingbra","id":280407},"dateCreated":"2011-01-02T00:00:00+0000","dateLastTaken":"2021-06-29T12:11:59+0000","latitude":63.158811,"currentOwner":{"name":"magnefikdoja","id":291803},"name":"BigIronZone","id":1266,"totalTakeovers":2716,"region":{"country":"se","name":"Jämtland","id":128},"pointsPerHour":4,"longitude":14.658398,"takeoverPoints":140},"latitude":63.158811,"currentOwner":{"name":"magnefikdoja","id":291803},"time":"2021-06-29T12:11:59+0000","type":"takeover","longitude":14.658398},{"zone":{"previousOwner":{"name":"Lasso","id":69943},"dateCreated":"2014-05-31T18:19:00+0000","dateLastTaken":"2021-06-29T12:11:57+0000","latitude":60.646447,"currentOwner":{"name":"52Bäckis","id":331454},"name":"SturesBorg","id":30897,"totalTakeovers":3097,"region":{"country":"se","name":"Gävleborg","id":144},"pointsPerHour":6,"longitude":17.132186,"takeoverPoints":110},"latitude":60.646447,"currentOwner":{"name":"52Bäckis","id":331454},"time":"2021-06-29T12:11:57+0000","type":"takeover","longitude":17.132186},{"zone":{"previousOwner":{"name":"KnöchlaMannen","id":303394},"dateCreated":"2010-08-03T00:00:00+0000","dateLastTaken":"2021-06-29T12:11:55+0000","latitude":58.409614,"currentOwner":{"name":"recycling","id":79989},"name":"TrädSquare","id":78,"totalTakeovers":37155,"region":{"country":"se","name":"Östergötland","id":139},"pointsPerHour":8,"longitude":15.624386,"takeoverPoints":80},"latitude":58.409614,"currentOwner":{"name":"recycling","id":79989},"time":"2021-06-29T12:11:55+0000","type":"takeover","longitude":15.624386},{"zone":{"previousOwner":{"name":"tine","id":36446},"dateCreated":"2012-07-14T11:00:00+0000","dateLastTaken":"2021-06-29T12:11:55+0000","latitude":59.616783,"currentOwner":{"name":"BirgittaS","id":31552},"name":"MetalZone","id":9674,"totalTakeovers":23950,"region":{"country":"se","name":"Västmanland","id":143},"pointsPerHour":9,"longitude":16.557344,"takeoverPoints":65},"latitude":59.616783,"currentOwner":{"name":"BirgittaS","id":31552},"time":"2021-06-29T12:11:55+0000","type":"takeover","longitude":16.557344},{"zone":{"previousOwner":{"name":"illumia","id":314411},"dateCreated":"2011-08-08T18:45:03+0000","dateLastTaken":"2021-06-29T12:11:54+0000","latitude":59.861443,"currentOwner":{"name":"Oxid","id":200662},"name":"BjörkWay","id":2565,"totalTakeovers":13802,"region":{"country":"se","name":"Uppsala","id":142},"pointsPerHour":8,"longitude":17.665332,"takeoverPoints":80},"latitude":59.861443,"currentOwner":{"name":"Oxid","id":200662},"time":"2021-06-29T12:11:54+0000","type":"takeover","longitude":17.665332},{"zone":{"previousOwner":{"name":"HaileGåBraSel","id":318543},"dateCreated":"2012-04-15T13:27:35+0000","dateLastTaken":"2021-06-29T12:11:51+0000","latitude":59.309824,"currentOwner":{"name":"tequilagold","id":27638},"name":"SugarLane","id":8196,"totalTakeovers":10059,"region":{"country":"se","name":"Stockholm","id":141},"pointsPerHour":9,"longitude":18.045291,"takeoverPoints":65},"latitude":59.309824,"currentOwner":{"name":"tequilagold","id":27638},"time":"2021-06-29T12:11:51+0000","type":"takeover","longitude":18.045291},{"zone":{"previousOwner":{"name":"gå-for-it","id":48607},"dateCreated":"2018-04-11T21:10:30+0000","dateLastTaken":"2021-06-29T12:11:51+0000","latitude":57.600569,"currentOwner":{"name":"Battigoal","id":55564},"name":"VibbleVävare","id":143522,"totalTakeovers":618,"region":{"country":"se","name":"Gotland","id":138},"pointsPerHour":4,"longitude":18.247147,"takeoverPoints":140},"latitude":57.600569,"currentOwner":{"name":"Battigoal","id":55564},"time":"2021-06-29T12:11:51+0000","type":"takeover","longitude":18.247147},{"zone":{"previousOwner":{"name":"Xperiens","id":187031},"dateCreated":"2016-11-19T06:00:00+0000","dateLastTaken":"2021-06-29T12:11:51+0000","latitude":59.277031,"currentOwner":{"name":"GoSt","id":37199},"name":"Parkleken","id":91707,"totalTakeovers":2436,"region":{"country":"se","name":"Stockholm","id":141},"pointsPerHour":4,"longitude":17.883486,"takeoverPoints":140},"latitude":59.277031,"currentOwner":{"name":"GoSt","id":37199},"time":"2021-06-29T12:11:51+0000","type":"takeover","longitude":17.883486},{"zone":{"previousOwner":{"name":"Guldvaskarn","id":24207},"dateCreated":"2012-05-09T14:15:35+0000","dateLastTaken":"2021-06-29T12:11:49+0000","latitude":60.61256,"currentOwner":{"name":"Karamella","id":158664},"name":"PrisonBreak","id":8785,"totalTakeovers":6145,"region":{"country":"se","name":"Dalarna","id":129},"pointsPerHour":5,"longitude":15.63421,"takeoverPoints":125},"latitude":60.61256,"currentOwner":{"name":"Karamella","id":158664},"time":"2021-06-29T12:11:49+0000","type":"takeover","longitude":15.63421},{"zone":{"previousOwner":{"name":"Kaktus-Mats","id":61706},"dateLastTaken":"2021-06-29T12:11:49+0000","latitude":56.669457,"totalTakeovers":427,"pointsPerHour":3,"takeoverPoints":155,"dateCreated":"2019-11-08T15:00:00+0000","currentOwner":{"name":"Demon","id":52681},"name":"MasterZone001","id":222242,"region":{"country":"se","name":"Kalmar","id":137},"longitude":16.380575},"latitude":56.669457,"currentOwner":{"name":"Demon","id":52681},"time":"2021-06-29T12:11:49+0000","type":"takeover","longitude":16.380575},{"zone":{"previousOwner":{"name":"Tompa_65","id":160985},"dateCreated":"2018-06-30T16:00:00+0000","dateLastTaken":"2021-06-29T12:11:49+0000","latitude":55.558035,"currentOwner":{"name":"BAx","id":51122},"name":"TheFiddler","id":152240,"totalTakeovers":1158,"region":{"country":"se","name":"Skåne","id":135},"pointsPerHour":4,"longitude":13.020865,"takeoverPoints":140},"latitude":55.558035,"currentOwner":{"name":"BAx","id":51122},"time":"2021-06-29T12:11:49+0000","type":"takeover","longitude":13.020865},{"zone":{"previousOwner":{"name":"#1725","id":281837},"dateCreated":"2018-01-06T09:00:00+0000","dateLastTaken":"2021-06-29T12:11:48+0000","latitude":59.342462,"currentOwner":{"name":"Possanzini","id":20410},"name":"TessinC","id":139042,"totalTakeovers":6143,"region":{"country":"se","name":"Stockholm","id":141},"pointsPerHour":8,"longitude":18.094518,"takeoverPoints":80},"latitude":59.342462,"currentOwner":{"name":"Possanzini","id":20410},"time":"2021-06-29T12:11:48+0000","type":"takeover","longitude":18.094518},{"zone":{"previousOwner":{"name":"gogubben","id":320630},"dateCreated":"2010-08-04T00:00:00+0000","dateLastTaken":"2021-06-29T12:11:45+0000","latitude":57.707999,"currentOwner":{"name":"masten","id":120000},"name":"QueensPark","id":346,"totalTakeovers":45401,"region":{"country":"se","name":"Västra Götaland","id":132},"pointsPerHour":9,"longitude":11.973434,"takeoverPoints":65},"latitude":57.707999,"currentOwner":{"name":"masten","id":120000},"time":"2021-06-29T12:11:45+0000","type":"takeover","longitude":11.973434},{"zone":{"previousOwner":{"name":"AndersVå","id":229715},"dateCreated":"2013-05-01T08:00:00+0000","dateLastTaken":"2021-06-29T12:11:45+0000","latitude":56.029305,"currentOwner":{"name":"Plassen28","id":280072},"name":"LittlePlaza","id":17639,"totalTakeovers":3861,"region":{"country":"se","name":"Skåne","id":135},"pointsPerHour":5,"longitude":14.156631,"takeoverPoints":125},"latitude":56.029305,"currentOwner":{"name":"Plassen28","id":280072},"time":"2021-06-29T12:11:45+0000","type":"takeover","longitude":14.156631},{"zone":{"previousOwner":{"name":"Lanne","id":300279},"dateCreated":"2020-05-12T20:47:20+0000","dateLastTaken":"2021-06-29T12:11:43+0000","latitude":59.606021,"currentOwner":{"name":"Tq1","id":307947},"name":"Munkhyttan","id":292128,"totalTakeovers":104,"region":{"country":"se","name":"Örebro","id":131},"pointsPerHour":2,"longitude":15.131937,"takeoverPoints":170},"latitude":59.606021,"currentOwner":{"name":"Tq1","id":307947},"time":"2021-06-29T12:11:43+0000","type":"takeover","longitude":15.131937},{"zone":{"previousOwner":{"name":"ghbl","id":136982},"dateCreated":"2014-04-06T10:00:00+0000","dateLastTaken":"2021-06-29T12:11:43+0000","latitude":63.809446,"currentOwner":{"name":"WildWest","id":256604},"name":"SocialZone","id":27914,"totalTakeovers":22815,"region":{"country":"se","name":"Västerbotten","id":127},"pointsPerHour":9,"longitude":20.321903,"takeoverPoints":65},"latitude":63.809446,"currentOwner":{"name":"WildWest","id":256604},"time":"2021-06-29T12:11:43+0000","type":"takeover","longitude":20.321903},{"zone":{"previousOwner":{"name":"Superelak","id":126940},"dateLastTaken":"2021-06-29T12:11:42+0000","latitude":63.834052,"totalTakeovers":2012,"pointsPerHour":7,"takeoverPoints":95,"dateCreated":"2019-05-15T16:00:00+0000","currentOwner":{"name":"cykelgubben","id":257832},"name":"BontPegasus","id":193818,"region":{"country":"se","name":"Västerbotten","id":127},"longitude":20.345821},"latitude":63.834052,"currentOwner":{"name":"cykelgubben","id":257832},"time":"2021-06-29T12:11:42+0000","type":"takeover","longitude":20.345821},{"zone":{"previousOwner":{"name":"Giftorm","id":141696},"dateCreated":"2013-10-24T18:30:43+0000","dateLastTaken":"2021-06-29T12:11:42+0000","latitude":59.26182,"currentOwner":{"name":"Tystberga","id":326613},"name":"GubbSpeedway","id":22199,"totalTakeovers":7562,"region":{"country":"se","name":"Stockholm","id":141},"pointsPerHour":8,"longitude":18.066351,"takeoverPoints":80},"latitude":59.26182,"currentOwner":{"name":"Tystberga","id":326613},"time":"2021-06-29T12:11:42+0000","type":"takeover","longitude":18.066351},{"zone":{"previousOwner":{"name":"speedfox","id":299927},"dateCreated":"2019-12-03T10:55:16+0000","dateLastTaken":"2021-06-29T12:11:38+0000","latitude":61.356004,"currentOwner":{"name":"millroy","id":95378},"name":"BirchTarn","id":224053,"totalTakeovers":1021,"region":{"country":"se","name":"Gävleborg","id":144},"pointsPerHour":5,"longitude":16.392837,"takeoverPoints":125},"latitude":61.356004,"currentOwner":{"name":"millroy","id":95378},"time":"2021-06-29T12:11:38+0000","type":"takeover","longitude":16.392837}]