[{"zone":{"dateCreated":"2021-07-02T20:57:51+0000","dateLastTaken":"0002-12-02T00:00:00+0000","latitude":62.017311,"name":"Lortvarpen","id":429332,"totalTakeovers":0,"region":{"country":"se","name":"Gävleborg","id":144},"pointsPerHour":1,"longitude":17.415322,"takeoverPoints":185},"time":"2021-07-02T20:57:51+0000","type":"zone"},{"zone":{"dateCreated":"2021-07-02T20:52:37+0000","dateLastTaken":"0002-12-02T00:00:00+0000","latitude":59.310987,"name":"ZigZagStairs","id":429331,"totalTakeovers":0,"region":{"country":"se","name":"Stockholm","id":141},"pointsPerHour":4,"longitude":18.121076,"takeoverPoints":140},"time":"2021-07-02T20:52:37+0000","type":"zone"}]