[{"zone":{"dateCreated":"2021-06-30T15:00:00+0000","dateLastTaken":"0002-12-02T00:00:00+0000","latitude":60.612204,"name":"LugnaLänken","id":428296,"totalTakeovers":0,"region":{"country":"se","name":"Dalarna","id":129},"pointsPerHour":1,"longitude":15.665355,"takeoverPoints":185},"time":"2021-06-30T15:00:00+0000","type":"zone"},{"zone":{"dateCreated":"2021-06-30T15:00:00+0000","dateLastTaken":"0002-12-02T00:00:00+0000","latitude":60.616543,"name":"MyckelMeckel","id":428295,"totalTakeovers":0,"region":{"country":"se","name":"Dalarna","id":129},"pointsPerHour":3,"longitude":15.670262,"takeoverPoints":155},"time":"2021-06-30T15:00:00+0000","type":"zone"}]