[{"medal":84,"time":"2021-06-30T13:17:00+0000","type":"medal","user":{"country":"se","medals":[80,84],"zones":[21763,29176,8312,29177],"pointsPerHour":0,"points":477,"blocktime":10,"taken":5,"name":"Novaswift","totalPoints":477,"rank":2,"id":335227,"place":7476,"uniqueZonesTaken":5,"region":{"name":"Västmanland","id":143}}},{"medal":80,"time":"2021-06-30T13:17:00+0000","type":"medal","user":{"country":"se","medals":[80,84],"zones":[21763,29176,8312,29177],"pointsPerHour":0,"points":477,"blocktime":10,"taken":5,"name":"Novaswift","totalPoints":477,"rank":2,"id":335227,"place":7476,"uniqueZonesTaken":5,"region":{"name":"Västmanland","id":143}}},{"sender":{"country":"se","medals":[10,11,54,78,42],"zones":[11568,21316,9628,2989],"pointsPerHour":14,"points":35501,"blocktime":14,"taken":398,"name":"Volvon","totalPoints":91760,"rank":19,"id":319164,"place":1802,"uniqueZonesTaken":90,"region":{"name":"Jönköping","id":133}},"time":"2021-06-30T13:15:19+0000","message":"🇸🇪🇸🇪🇸🇪🇸🇪🇸🇪🇸🇪🇸🇪🇸🇪","type":"chat"}]