[{"medal":84,"time":"2023-01-16T19:37:34+0000","type":"medal","user":{"country":"se","medals":[80,84],"zones":[94115,43575,55592,43578,82879],"pointsPerHour":0,"points":598,"blocktime":10,"taken":5,"name":"Jern81","totalPoints":598,"rank":2,"id":385168,"place":5631,"uniqueZonesTaken":5,"region":{"name":"Stockholm","id":141}}},{"medal":80,"time":"2023-01-16T19:37:34+0000","type":"medal","user":{"country":"se","medals":[80,84],"zones":[94115,43575,55592,43578,82879],"pointsPerHour":0,"points":598,"blocktime":10,"taken":5,"name":"Jern81","totalPoints":598,"rank":2,"id":385168,"place":5631,"uniqueZonesTaken":5,"region":{"name":"Stockholm","id":141}}}]