[{"medal":84,"time":"2023-01-16T08:01:50+0000","type":"medal","user":{"country":"se","medals":[84],"zones":[50246],"pointsPerHour":0,"points":155,"blocktime":10,"taken":5,"name":"elliot231","totalPoints":549,"rank":2,"id":370512,"place":5571,"uniqueZonesTaken":5,"region":{"name":"Uppsala","id":142}}},{"sender":{"country":"se","medals":[94,54,16,46,78,10,34,7,102,13],"zones":[175810,114113,175811,147203,518981,2050,139911,139909,321486,780,512855,89104,89108,200277,12055,518303,28314,21338,28315,28317,95777,139426,95778,2468,485806,485805,485803,449707,19629,485815,485812,517300,517297,485808,1464,485817],"pointsPerHour":54,"points":40558,"blocktime":18,"taken":1901,"name":"Unicorn79","totalPoints":448301,"rank":32,"id":254229,"place":758,"uniqueZonesTaken":257,"region":{"name":"Skåne","id":135}},"time":"2023-01-16T07:57:21+0000","message":"Mini, det är tufft att hänga med när du är i farten🤣","region":{"name":"Skåne","id":135},"type":"chat"},{"medal":85,"time":"2023-01-16T07:44:45+0000","type":"medal","user":{"country":"se","medals":[85],"zones":[114484,22202,37403,11118],"pointsPerHour":0,"points":989,"blocktime":10,"taken":10,"name":"grafiten","totalPoints":989,"rank":3,"id":384728,"place":5567,"uniqueZonesTaken":6,"region":{"name":"Stockholm","id":141}}}]