[{"sender":{"country":"se","medals":[67,16,4,27,60,21,70,43,30,68,17,72,69,68,75,77,83,79,99,24,117,24,24,24,69,68,91,25,119,108,126,74,24,124,130],"zones":[114946,17891,15542,26217,27837],"pointsPerHour":29,"points":20211,"blocktime":24,"taken":124922,"name":"Tveskägg","totalPoints":22909635,"rank":58,"id":50274,"place":1141,"uniqueZonesTaken":5784,"region":{"name":"Skåne","id":135}},"time":"2022-01-11T11:02:09+0000","message":"FickDemon: nix","region":{"name":"Skåne","id":135},"type":"chat"},{"medal":93,"time":"2022-01-11T11:01:24+0000","type":"medal","user":{"country":"fi","medals":[93],"zones":[34117,34118,428049,14761],"pointsPerHour":0,"points":524,"blocktime":10,"taken":5,"name":"Heija","totalPoints":524,"rank":2,"id":353616,"place":5269,"uniqueZonesTaken":5,"region":{"name":"Åland","id":177}}},{"sender":{"country":"se","medals":[16,70,4,30,5,67,43,17,72,47,22,77,79,117,24,112,24,58,91,25,126,24,124,89,109,74,130],"zones":[27840,114944,27841,11362,28339,80265,95545,21819,114943,34687],"pointsPerHour":56,"points":50600,"blocktime":23,"taken":62373,"name":"FickDemon","totalPoints":10878223,"rank":55,"id":85452,"place":295,"uniqueZonesTaken":5008,"region":{"name":"Skåne","id":135}},"time":"2022-01-11T11:00:40+0000","message":"tveskägg:assist?","region":{"name":"Skåne","id":135},"type":"chat"},{"medal":86,"time":"2022-01-11T11:00:10+0000","type":"medal","user":{"country":"uk","medals":[92,52,86],"zones":[351428,351431,351430,351427,392655,476439,392662,349523,349533,349532,349278,349534,349275,349531,349541,349540,94179,94181,94180,349539,94182,349538,94185,94184],"pointsPerHour":0,"points":10824,"blocktime":12,"taken":50,"name":"kendalman","totalPoints":16585,"rank":10,"id":353025,"place":5269,"uniqueZonesTaken":31,"region":{"name":"North West England","id":201}}},{"medal":80,"time":"2022-01-11T10:59:06+0000","type":"medal","user":{"country":"se","medals":[85,80],"zones":[29168,18199,29160,2252,29167],"pointsPerHour":0,"points":1428,"blocktime":11,"taken":11,"name":"Emil52","totalPoints":1428,"rank":4,"id":353594,"place":5269,"uniqueZonesTaken":10,"region":{"name":"Västmanland","id":143}}},{"medal":127,"time":"2022-01-11T10:56:12+0000","type":"medal","user":{"country":"se","medals":[52,86,11,127],"zones":[8064,44192,222081,43173,236197,354818,1578,7022,150253,64015,23313,92085,92086,25370,62462,138045],"pointsPerHour":0,"points":19957,"blocktime":12,"taken":95,"name":"Spanaren66","totalPoints":20412,"rank":11,"id":353198,"place":5269,"uniqueZonesTaken":58,"region":{"name":"Stockholm","id":141}}}]