[{"medal":85,"time":"2022-01-10T11:49:55+0000","type":"medal","user":{"country":"se","medals":[80,85],"zones":[34720,200194,42466,7946,1758],"pointsPerHour":0,"points":1592,"blocktime":11,"taken":10,"name":"iamcool","totalPoints":1881,"rank":4,"id":325194,"place":5170,"uniqueZonesTaken":7,"region":{"name":"Kalmar","id":137}}},{"medal":80,"time":"2022-01-10T11:46:42+0000","type":"medal","user":{"country":"se","medals":[84,80],"zones":[200194,42466,7946,1758,292123],"pointsPerHour":0,"points":1436,"blocktime":11,"taken":9,"name":"iamcool","totalPoints":1725,"rank":4,"id":325194,"place":5168,"uniqueZonesTaken":6,"region":{"name":"Kalmar","id":137}}},{"medal":93,"time":"2022-01-10T11:45:46+0000","type":"medal","user":{"country":"se","medals":[93],"zones":[],"pointsPerHour":0,"points":140,"blocktime":10,"taken":1,"name":"eveforever","totalPoints":140,"rank":0,"id":353591,"place":5167,"uniqueZonesTaken":1,"region":{"name":"Halland","id":134}}}]