[{"medal":15,"time":"2022-01-11T09:26:26+0000","type":"medal","user":{"country":"se","medals":[93,35,79,28,54,46,7,127,15],"zones":[22210,413524,7171,36436,11604,22841,37100,23645,139101],"pointsPerHour":0,"points":15317,"blocktime":18,"taken":3815,"name":"Alcam","totalPoints":708898,"rank":35,"id":297726,"place":5262,"uniqueZonesTaken":1000,"region":{"name":"Stockholm","id":141}}},{"medal":79,"time":"2022-01-11T09:25:53+0000","type":"medal","user":{"country":"uk","medals":[10,95,16,101,47,57,13,122,35,79],"zones":[318885,345031,320807,478000,320812,320813,320670,320863,320858,23150,23151],"pointsPerHour":0,"points":19656,"blocktime":19,"taken":4414,"name":"CabinFeather","totalPoints":1095025,"rank":38,"id":283046,"place":5262,"uniqueZonesTaken":419,"region":{"name":"Scotland","id":200}}},{"medal":127,"time":"2022-01-11T09:21:16+0000","type":"medal","user":{"country":"se","medals":[51,32,11,127],"zones":[154274,21664,468802,170697,60315,142972,63919,142973],"pointsPerHour":0,"points":18088,"blocktime":12,"taken":127,"name":"Elgano","totalPoints":19885,"rank":11,"id":352381,"place":5261,"uniqueZonesTaken":53,"region":{"name":"Gotland","id":138}}}]