[{"medal":79,"time":"2022-08-01T06:50:51+0000","type":"medal","user":{"country":"se","medals":[52,12,96,7,100,42,79],"zones":[154630,47176,226779,47177,226778,47178],"pointsPerHour":0,"points":7985,"blocktime":15,"taken":485,"name":"Ceve","totalPoints":114951,"rank":21,"id":228111,"place":7600,"uniqueZonesTaken":238,"region":{"name":"Västernorrland","id":145}}},{"medal":80,"time":"2022-08-01T06:48:51+0000","type":"medal","user":{"country":"se","medals":[85,93,92,80],"zones":[91538,24182,24183,31805,31806],"pointsPerHour":0,"points":2504,"blocktime":11,"taken":16,"name":"miljönissan","totalPoints":2504,"rank":5,"id":368147,"place":7600,"uniqueZonesTaken":16,"region":{"name":"Gotland","id":138}}},{"medal":92,"time":"2022-08-01T06:43:54+0000","type":"medal","user":{"country":"se","medals":[85,93,92],"zones":[91538,24182,24183,31805],"pointsPerHour":0,"points":2422,"blocktime":11,"taken":15,"name":"miljönissan","totalPoints":2422,"rank":5,"id":368147,"place":7600,"uniqueZonesTaken":15,"region":{"name":"Gotland","id":138}}}]