[{"medal":92,"time":"2022-08-01T09:44:24+0000","type":"medal","user":{"country":"se","medals":[93,85,51,92],"zones":[80707,80709,37732,37733,37734,7319],"pointsPerHour":0,"points":2419,"blocktime":11,"taken":17,"name":"vixlox","totalPoints":2419,"rank":5,"id":368521,"place":7606,"uniqueZonesTaken":15,"region":{"name":"Stockholm","id":141}}},{"medal":6,"time":"2022-08-01T09:37:57+0000","type":"medal","user":{"country":"se","medals":[94,34,103,13,53,6],"zones":[9708,446697],"pointsPerHour":0,"points":7273,"blocktime":18,"taken":1866,"name":"csilewis","totalPoints":489563,"rank":33,"id":279587,"place":7606,"uniqueZonesTaken":332,"region":{"name":"Stockholm","id":141}}}]