[{"sender":{"country":"se","medals":[95,102,6,53,13,28,16,34,131,46],"zones":[117713,117712,2290,60722,936,560432,163119,519866,519865],"pointsPerHour":29,"points":19504,"blocktime":1035,"taken":1585,"name":"Nuköööörvi","totalPoints":270672,"rank":29,"id":336194,"place":1824,"uniqueZonesTaken":380,"region":{"name":"Östergötland","id":139}},"time":"2023-02-21T06:13:12+0000","message":"Björke: Så roligt! Vi försöker komma! 😊","region":{"name":"Östergötland","id":139},"type":"chat"}]