[{"medal":84,"time":"2022-07-25T04:38:31+0000","type":"medal","user":{"country":"se","medals":[93,84],"zones":[355040,142187],"pointsPerHour":0,"points":917,"blocktime":10,"taken":5,"name":"Rick75","totalPoints":917,"rank":3,"id":368153,"place":7108,"uniqueZonesTaken":4,"region":{"name":"Västra Götaland","id":132}}},{"medal":86,"time":"2022-07-25T04:30:49+0000","type":"medal","user":{"country":"se","medals":[93,92,80,86],"zones":[346741,142418,28502,136308,476046],"pointsPerHour":0,"points":8609,"blocktime":12,"taken":50,"name":"zpig","totalPoints":9229,"rank":8,"id":367192,"place":7108,"uniqueZonesTaken":27,"region":{"name":"Södermanland","id":140}}}]