[{"medal":154,"time":"2023-10-10T15:12:43+0000","type":"medal","user":{"country":"se","medals":[70,67,16,4,26,77,79,83,91,76,30,117,75,72,57,126,50,123,49,89,25,24,132,24,17,115,45,111,154],"zones":[36736,33712,12336,36737,136200,176733],"pointsPerHour":0,"points":75052,"blocktime":23,"taken":61885,"name":"Medicus","totalPoints":9511568,"rank":55,"id":144728,"place":6567,"uniqueZonesTaken":3300,"region":{"name":"Norrbotten","id":126}}},{"sender":{"country":"uk","medals":[93,53,90,101,12,78,42,16],"zones":[364455,364451,351375,351381,351380,351383,351382,351376,351379,351390,351385,351384],"pointsPerHour":12,"points":4611,"blocktime":15,"taken":373,"name":"Arnsturf#","totalPoints":143958,"rank":23,"id":384278,"place":3092,"uniqueZonesTaken":157,"region":{"name":"Scotland","id":200}},"time":"2023-10-10T15:12:39+0000","message":"I am seriously cnsdrn, 🪡🧵my cycling gloves 2 sleeves of my cycln jkt, 2me it mks a lot of sense, cause of frequent temperature changes,","region":{"name":"Scotland","id":200},"type":"chat"},{"medal":72,"time":"2023-10-10T15:12:00+0000","type":"medal","user":{"country":"se","medals":[93,46,55,13,127,100,6,34,79,16,152,72],"zones":[44513,7621,2984,2985,26058,476781,474060,44523,31723,95725,31725,96335,2990,2991,96336,570966],"pointsPerHour":0,"points":40413,"blocktime":17,"taken":1445,"name":"Crille_f","totalPoints":315878,"rank":30,"id":399270,"place":6567,"uniqueZonesTaken":381,"region":{"name":"Jönköping","id":133}}},{"medal":151,"time":"2023-10-10T15:11:48+0000","type":"medal","user":{"country":"se","medals":[28,46,16,5,67,95,77,55,14,78,66,101,126,73,151],"zones":[12160,2992,15569,85,103,12377,36857,73,36858,36860,94766],"pointsPerHour":0,"points":10093,"blocktime":21,"taken":30392,"name":"Apalos","totalPoints":3728120,"rank":47,"id":133421,"place":6567,"uniqueZonesTaken":705,"region":{"name":"Östergötland","id":139}}},{"medal":153,"time":"2023-10-10T15:07:59+0000","type":"medal","user":{"country":"se","medals":[77,79,22,72,95,103,67,16,75,14,59,123,4,128,35,153],"zones":[428295,61189,61190,140153,65214,9423],"pointsPerHour":0,"points":50078,"blocktime":18,"taken":2680,"name":"Koster.jr","totalPoints":528958,"rank":33,"id":386631,"place":6567,"uniqueZonesTaken":555,"region":{"name":"Dalarna","id":129}}}]