[{"medal":71,"time":"2021-07-06T08:45:19+0000","type":"medal","user":{"country":"se","medals":[84,80,71],"zones":[92307,12243,11987,11989,224725,139401],"pointsPerHour":0,"points":595,"blocktime":10,"taken":8,"name":"Lavida","totalPoints":818,"rank":3,"id":329083,"place":4493,"uniqueZonesTaken":6,"region":{"name":"Stockholm","id":141}}},{"medal":80,"time":"2021-07-06T08:44:56+0000","type":"medal","user":{"country":"se","medals":[93,84,80],"zones":[64419,64420,43898,79068,11230],"pointsPerHour":0,"points":766,"blocktime":10,"taken":6,"name":"Barkie","totalPoints":766,"rank":3,"id":335416,"place":4492,"uniqueZonesTaken":6,"region":{"name":"Stockholm","id":141}}},{"medal":84,"time":"2021-07-06T08:43:27+0000","type":"medal","user":{"country":"se","medals":[93,84],"zones":[64419,43898,79068,11230],"pointsPerHour":0,"points":625,"blocktime":10,"taken":5,"name":"Barkie","totalPoints":625,"rank":2,"id":335416,"place":4491,"uniqueZonesTaken":5,"region":{"name":"Stockholm","id":141}}},{"medal":80,"time":"2021-07-06T08:38:11+0000","type":"medal","user":{"country":"se","medals":[84,80],"zones":[92307,12243,11987,224725,139401],"pointsPerHour":0,"points":510,"blocktime":10,"taken":7,"name":"Lavida","totalPoints":733,"rank":3,"id":329083,"place":4486,"uniqueZonesTaken":5,"region":{"name":"Stockholm","id":141}}}]