[{"sender":{"country":"se","medals":[70,5,67,21,28,91,26,79,47,77,30,56,16,94,101,50,126,73],"zones":[44098,7747,548,5575,488,220410,63690,31805],"pointsPerHour":50,"points":3753,"blocktime":22,"taken":32903,"name":"OlMan81Yrs","totalPoints":4205416,"rank":48,"id":119315,"place":1605,"uniqueZonesTaken":2771,"region":{"name":"Västmanland","id":143}},"time":"2021-07-06T09:01:03+0000","message":"VÄDUREN: Tack för tipset!","region":{"name":"Västmanland","id":143},"type":"chat"},{"medal":51,"time":"2021-07-06T09:00:20+0000","type":"medal","user":{"country":"se","medals":[71,85,51],"zones":[78449,7168,92307,12243,11987,11989,224725,11990,139401,78701],"pointsPerHour":0,"points":929,"blocktime":10,"taken":12,"name":"Lavida","totalPoints":1152,"rank":3,"id":329083,"place":4504,"uniqueZonesTaken":10,"region":{"name":"Stockholm","id":141}}}]