[{"medal":35,"time":"2023-03-07T06:33:47+0000","type":"medal","user":{"country":"se","medals":[10,95,71,52,128,16,6,13,103,46,35],"zones":[289,21667,30342,38234],"pointsPerHour":0,"points":847,"blocktime":17,"taken":2500,"name":"Tarzantuffing","totalPoints":390707,"rank":31,"id":319792,"place":4191,"uniqueZonesTaken":357,"region":{"name":"Stockholm","id":141}}},{"sender":{"country":"se","medals":[16,70,4,67,24,5,64,17,72,66,79,77,15,17,22,126,56,123,17,130,17,116,109,48,118],"zones":[456707,203819,94953,2443,2444,43731,43732,111605,34645,52917,125751,52918,111607,177525,297055,45723,92090],"pointsPerHour":100,"points":5448,"blocktime":24,"taken":78030,"name":"bjoker","totalPoints":11054747,"rank":56,"id":94674,"place":983,"uniqueZonesTaken":2142,"region":{"name":"Kalmar","id":137}},"time":"2023-03-07T06:26:50+0000","message":"Podde: Vore jättekul om det funkade. Vet du var restaurangen är? Breviksvägen 16.","region":{"name":"Kalmar","id":137},"type":"chat"}]