[{"medal":52,"time":"2023-03-06T21:10:22+0000","type":"medal","user":{"country":"de","medals":[92,31,52],"zones":[103425,566217,566218,391968,394656,203883,203951,203886,203950,45006,45007,393430,393431,203953,203952,394655,203898,203897,394653,394651],"pointsPerHour":0,"points":4885,"blocktime":11,"taken":38,"name":"Lubienchen","totalPoints":8057,"rank":7,"id":386729,"place":4163,"uniqueZonesTaken":26,"region":{"name":"Schleswig-Holstein","id":443}}},{"medal":107,"time":"2023-03-06T20:59:35+0000","type":"medal","user":{"country":"fi","medals":[95,90,16,12,52,35,127,6,107],"zones":[480110,328524,120075,455577,328522],"pointsPerHour":0,"points":2605,"blocktime":18,"taken":3609,"name":"firtinho","totalPoints":552861,"rank":33,"id":208860,"place":4162,"uniqueZonesTaken":198,"region":{"name":"Åland","id":177}}}]