[{"sender":{"country":"se","medals":[79,16,5,67,122,70,77,4,72,47,94,57,127,15,7,103,36],"zones":[387,374,11481,1500,1118,447],"pointsPerHour":50,"points":1185,"blocktime":20,"taken":5369,"name":"Fafng","totalPoints":1278100,"rank":40,"id":311395,"place":2682,"uniqueZonesTaken":1573,"region":{"name":"Västra Götaland","id":132}},"time":"2023-03-07T11:44:09+0000","message":"Hansbersa: assist?","region":{"name":"Västra Götaland","id":132},"type":"chat"},{"sender":{"country":"se","medals":[67,70,16,24,22,9,48,72,24,79,24,77,66,26,24,17,116,83,57,117,27,24,50,24,17,4,24,111,24,124,126,17,119,17,132,24],"zones":[62306,95556,7750,26155,17548,26156,31949,26158,18674,18675,18676,9716,26294,98296,8313,125311],"pointsPerHour":90,"points":23617,"blocktime":24,"taken":118199,"name":"ManUtd50","totalPoints":15000572,"rank":58,"id":92949,"place":132,"uniqueZonesTaken":4198,"region":{"name":"Västmanland","id":143}},"time":"2023-03-07T11:23:08+0000","message":"carinn: Tack. Blir lugnare framöver. Kanske en spiral eller så🤗","region":{"name":"Västmanland","id":143},"type":"chat"}]