[{"medal":31,"time":"2022-04-19T10:42:42+0000","type":"medal","user":{"country":"se","medals":[51,92,93,31],"zones":[30755],"pointsPerHour":0,"points":5818,"blocktime":11,"taken":27,"name":"PyretMini","totalPoints":5818,"rank":7,"id":357664,"place":6380,"uniqueZonesTaken":21,"region":{"name":"Halland","id":134}}},{"sender":{"country":"se","medals":[79,77,16,47,70,126,28,5,67,98,6,15,57,124,107,22,117,4,128,40],"zones":[2246],"pointsPerHour":9,"points":54754,"blocktime":21,"taken":22829,"name":"missturfcam","totalPoints":3379785,"rank":46,"id":256836,"place":728,"uniqueZonesTaken":1498,"region":{"name":"Uppsala","id":142}},"time":"2022-04-19T10:40:24+0000","message":"miss_u inte schysst att spökturfa!!","region":{"name":"Västmanland","id":143},"type":"chat"},{"medal":93,"time":"2022-04-19T10:36:11+0000","type":"medal","user":{"country":"se","medals":[93],"zones":[18045],"pointsPerHour":0,"points":265,"blocktime":10,"taken":2,"name":"rrtfj","totalPoints":265,"rank":1,"id":358428,"place":6375,"uniqueZonesTaken":2,"region":{"name":"Halland","id":134}}}]