[{"medal":84,"time":"2023-02-14T09:43:09+0000","type":"medal","user":{"country":"se","medals":[84],"zones":[224775,97467,23245],"pointsPerHour":0,"points":1285,"blocktime":660,"taken":5,"name":"Lidköping89","totalPoints":1285,"rank":4,"id":385250,"place":5303,"uniqueZonesTaken":5,"region":{"name":"Västra Götaland","id":132}}},{"medal":84,"time":"2023-02-14T09:39:13+0000","type":"medal","user":{"country":"se","medals":[84],"zones":[106517,908,119615],"pointsPerHour":0,"points":660,"blocktime":630,"taken":5,"name":"NNMS","totalPoints":660,"rank":2,"id":386092,"place":5302,"uniqueZonesTaken":4,"region":{"name":"Östergötland","id":139}}}]