[{"medal":127,"time":"2023-02-14T11:09:00+0000","type":"medal","user":{"country":"se","medals":[93,32,11,52,127],"zones":[354820,41698,41700,105701,324576,474722,324578,20650,111149,14605,278612,24272,242,128667,78170,114364],"pointsPerHour":0,"points":19897,"blocktime":795,"taken":189,"name":"Kattblomma","totalPoints":30455,"rank":13,"id":385283,"place":5318,"uniqueZonesTaken":69,"region":{"name":"Stockholm","id":141}}},{"sender":{"country":"se","medals":[16,122,47,79,22,28,107,4,57,95,127,7,38,50],"zones":[78287],"pointsPerHour":5,"points":9480,"blocktime":1245,"taken":13850,"name":"Virulf","totalPoints":2140574,"rank":43,"id":278756,"place":2061,"uniqueZonesTaken":2726,"region":{"name":"Stockholm","id":141}},"time":"2023-02-14T10:57:37+0000","message":"bflod:Attans, jag dagdrömde","region":{"name":"Stockholm","id":141},"type":"chat"}]