[{"medal":31,"time":"2022-09-26T08:52:45+0000","type":"medal","user":{"country":"se","medals":[80,92,31],"zones":[34649,90872,938,34650,26859,34651,22351,515576],"pointsPerHour":0,"points":4298,"blocktime":690,"taken":25,"name":"Tdahlen","totalPoints":4298,"rank":6,"id":370447,"place":9251,"uniqueZonesTaken":19,"region":{"name":"Kalmar","id":137}}},{"sender":{"country":"se","medals":[16,4,24,70,15,48,72,79,77,24,99,91,5,67,82,126,123,68,127,108,87],"zones":[22529,28738,22531,431618,22532,179658,18348,18349,18350,11440,11443,222966,23799,43098,152281,43099],"pointsPerHour":36,"points":47897,"blocktime":1410,"taken":35073,"name":"TimB","totalPoints":9407055,"rank":54,"id":41745,"place":1307,"uniqueZonesTaken":2120,"region":{"name":"Värmland","id":130}},"time":"2022-09-26T08:50:31+0000","message":"Weeturfarn: Sugen på robotarm?","region":{"name":"Värmland","id":130},"type":"chat"},{"medal":80,"time":"2022-09-26T08:44:41+0000","type":"medal","user":{"country":"se","medals":[85,80,92],"zones":[23993,34649,938,34650,22351],"pointsPerHour":0,"points":3705,"blocktime":690,"taken":21,"name":"Tdahlen","totalPoints":3705,"rank":6,"id":370447,"place":9246,"uniqueZonesTaken":15,"region":{"name":"Kalmar","id":137}}},{"medal":92,"time":"2022-09-26T08:44:41+0000","type":"medal","user":{"country":"se","medals":[85,80,92],"zones":[23993,34649,938,34650,22351],"pointsPerHour":0,"points":3705,"blocktime":690,"taken":21,"name":"Tdahlen","totalPoints":3705,"rank":6,"id":370447,"place":9246,"uniqueZonesTaken":15,"region":{"name":"Kalmar","id":137}}}]