[{"medal":53,"time":"2022-09-27T12:20:07+0000","type":"medal","user":{"country":"se","medals":[94,100,92,67,86,53],"zones":[154882,139331,154881,153030,153028,153029,110476,64653,175245,62289,64597,208853,413731,476844,151342,476843,204143,484328,90933,374513,432371,37557,201268,43255,115000,20602,20604,224062,20605,20606],"pointsPerHour":0,"points":13044,"blocktime":735,"taken":61,"name":"Mariamia","totalPoints":13044,"rank":9,"id":375208,"place":9550,"uniqueZonesTaken":47,"region":{"name":"Skåne","id":135}}},{"medal":93,"time":"2022-09-27T12:10:06+0000","type":"medal","user":{"country":"se","medals":[93],"zones":[],"pointsPerHour":0,"points":80,"blocktime":600,"taken":1,"name":"ABALP","totalPoints":80,"rank":0,"id":378080,"place":9550,"uniqueZonesTaken":1,"region":{"name":"Stockholm","id":141}}}]