[{"medal":85,"time":"2022-05-09T11:47:39+0000","type":"medal","user":{"country":"se","medals":[93,85],"zones":[113456,20405,11694],"pointsPerHour":0,"points":1923,"blocktime":11,"taken":10,"name":"Ofelia_61","totalPoints":1923,"rank":5,"id":360298,"place":6332,"uniqueZonesTaken":5,"region":{"name":"Dalarna","id":129}}},{"medal":85,"time":"2022-05-09T11:47:10+0000","type":"medal","user":{"country":"se","medals":[80,94,85],"zones":[599],"pointsPerHour":0,"points":220,"blocktime":11,"taken":11,"name":"OliviaFridaEmp","totalPoints":1287,"rank":4,"id":354520,"place":6332,"uniqueZonesTaken":9,"region":{"name":"Skåne","id":135}}},{"medal":94,"time":"2022-05-09T11:46:58+0000","type":"medal","user":{"country":"se","medals":[94],"zones":[],"pointsPerHour":0,"points":80,"blocktime":10,"taken":1,"name":"Julianemi","totalPoints":80,"rank":0,"id":362232,"place":6330,"uniqueZonesTaken":1,"region":{"name":"Skåne","id":135}}},{"medal":94,"time":"2022-05-09T11:46:58+0000","type":"medal","user":{"country":"se","medals":[94],"zones":[],"pointsPerHour":0,"points":80,"blocktime":10,"taken":1,"name":"LisaEmmy","totalPoints":80,"rank":0,"id":362235,"place":6330,"uniqueZonesTaken":1,"region":{"name":"Skåne","id":135}}},{"medal":84,"time":"2022-05-09T11:45:27+0000","type":"medal","user":{"country":"se","medals":[84],"zones":[9482,12043,30558,7055],"pointsPerHour":0,"points":451,"blocktime":10,"taken":5,"name":"OliciaGti","totalPoints":451,"rank":2,"id":362220,"place":6328,"uniqueZonesTaken":5,"region":{"name":"Västra Götaland","id":132}}},{"medal":94,"time":"2022-05-09T11:43:36+0000","type":"medal","user":{"country":"se","medals":[84,80,94],"zones":[],"pointsPerHour":0,"points":110,"blocktime":10,"taken":10,"name":"OliviaFridaEmp","totalPoints":1177,"rank":3,"id":354520,"place":6327,"uniqueZonesTaken":8,"region":{"name":"Skåne","id":135}}},{"medal":94,"time":"2022-05-09T11:43:36+0000","type":"medal","user":{"country":"se","medals":[94],"zones":[],"pointsPerHour":0,"points":110,"blocktime":10,"taken":1,"name":"MaxochHampus","totalPoints":110,"rank":0,"id":362236,"place":6327,"uniqueZonesTaken":1,"region":{"name":"Skåne","id":135}}}]