[{"medal":92,"time":"2022-05-10T09:54:50+0000","type":"medal","user":{"country":"se","medals":[80,85,92],"zones":[26044],"pointsPerHour":0,"points":1282,"blocktime":11,"taken":17,"name":"ljbarbarer7E","totalPoints":3648,"rank":6,"id":354955,"place":6534,"uniqueZonesTaken":15,"region":{"name":"Jönköping","id":133}}},{"medal":80,"time":"2022-05-10T09:48:36+0000","type":"medal","user":{"country":"se","medals":[80,84],"zones":[1106,62307,12469,21736,24888],"pointsPerHour":0,"points":613,"blocktime":10,"taken":5,"name":"lbs_keten","totalPoints":613,"rank":2,"id":362502,"place":6531,"uniqueZonesTaken":5,"region":{"name":"Jönköping","id":133}}},{"medal":84,"time":"2022-05-10T09:48:36+0000","type":"medal","user":{"country":"se","medals":[80,84],"zones":[1106,62307,12469,21736,24888],"pointsPerHour":0,"points":613,"blocktime":10,"taken":5,"name":"lbs_keten","totalPoints":613,"rank":2,"id":362502,"place":6531,"uniqueZonesTaken":5,"region":{"name":"Jönköping","id":133}}}]