[{"medal":84,"time":"2022-05-10T11:25:49+0000","type":"medal","user":{"country":"se","medals":[93,84],"zones":[477461,7239,46893,15581],"pointsPerHour":0,"points":537,"blocktime":10,"taken":5,"name":"SB21Telma","totalPoints":537,"rank":2,"id":362486,"place":6597,"uniqueZonesTaken":5,"region":{"name":"Uppsala","id":142}}},{"medal":84,"time":"2022-05-10T11:24:26+0000","type":"medal","user":{"country":"se","medals":[93,84],"zones":[52917,456707,177525],"pointsPerHour":0,"points":551,"blocktime":10,"taken":5,"name":"kinder1969","totalPoints":551,"rank":2,"id":362015,"place":6597,"uniqueZonesTaken":5,"region":{"name":"Kalmar","id":137}}},{"medal":84,"time":"2022-05-10T11:23:58+0000","type":"medal","user":{"country":"se","medals":[84],"zones":[11647],"pointsPerHour":0,"points":983,"blocktime":10,"taken":5,"name":"ljalven7a","totalPoints":983,"rank":3,"id":362142,"place":6597,"uniqueZonesTaken":5,"region":{"name":"Jönköping","id":133}}},{"medal":80,"time":"2022-05-10T11:21:34+0000","type":"medal","user":{"country":"se","medals":[84,80],"zones":[8530,108978,224279,181799,1705],"pointsPerHour":0,"points":837,"blocktime":10,"taken":7,"name":"flugkammen","totalPoints":837,"rank":3,"id":362572,"place":6597,"uniqueZonesTaken":7,"region":{"name":"Stockholm","id":141}}},{"medal":84,"time":"2022-05-10T11:21:34+0000","type":"medal","user":{"country":"se","medals":[84],"zones":[772],"pointsPerHour":0,"points":898,"blocktime":10,"taken":5,"name":"ljdvärg7A","totalPoints":898,"rank":3,"id":362140,"place":6597,"uniqueZonesTaken":5,"region":{"name":"Jönköping","id":133}}},{"medal":84,"time":"2022-05-10T11:20:12+0000","type":"medal","user":{"country":"se","medals":[84],"zones":[11666,11667,432757,175849],"pointsPerHour":0,"points":512,"blocktime":10,"taken":5,"name":"sb21mohsasi","totalPoints":512,"rank":2,"id":362553,"place":6594,"uniqueZonesTaken":5,"region":{"name":"Uppsala","id":142}}}]