[{"sender":{"country":"se","medals":[67,24,16,24,27,24,70,4,24,77,17,24,79,24,30,57,17,116,24,117,91,25,72,83,47,21,24,76,17,24,24,24,24,123,126,74,125,26,40,24,24,17,128,24,109],"zones":[173443,425733,412482,412481,21454,43087,428311,137555,104731,496803,114983,204133,1704,488750,275309,275310,154728,176041,275305,275307,275316,275313,275315,412476,67323,67322],"pointsPerHour":40,"points":53775,"blocktime":22,"taken":23426,"name":"Gusi","totalPoints":5479560,"rank":50,"id":26240,"place":424,"uniqueZonesTaken":7193,"region":{"name":"Skåne","id":135}},"time":"2022-05-10T18:16:40+0000","message":"Puckan: sorry såg dig för sent","region":{"name":"Västra Götaland","id":132},"type":"chat"},{"medal":84,"time":"2022-05-10T18:12:43+0000","type":"medal","user":{"country":"se","medals":[80,84],"zones":[179206,147192,203775,223804,154509],"pointsPerHour":0,"points":910,"blocktime":10,"taken":5,"name":"SuuperLN","totalPoints":910,"rank":3,"id":362682,"place":6697,"uniqueZonesTaken":5,"region":{"name":"Östergötland","id":139}}},{"medal":80,"time":"2022-05-10T18:12:43+0000","type":"medal","user":{"country":"se","medals":[80,84],"zones":[179206,147192,203775,223804,154509],"pointsPerHour":0,"points":910,"blocktime":10,"taken":5,"name":"SuuperLN","totalPoints":910,"rank":3,"id":362682,"place":6697,"uniqueZonesTaken":5,"region":{"name":"Östergötland","id":139}}},{"sender":{"country":"se","medals":[93,100],"zones":[154154],"pointsPerHour":5,"points":1203,"blocktime":11,"taken":11,"name":"alvarstam","totalPoints":1203,"rank":4,"id":362675,"place":4679,"uniqueZonesTaken":11,"region":{"name":"Dalarna","id":129}},"time":"2022-05-10T18:11:50+0000","message":"alvarstam:","region":{"name":"Dalarna","id":129},"type":"chat"}]