[{"medal":85,"time":"2022-05-10T18:29:03+0000","type":"medal","user":{"country":"se","medals":[51,85],"zones":[96849,96850,179206,24777,147192,110507,203775,1326,223804,154509],"pointsPerHour":0,"points":1823,"blocktime":11,"taken":10,"name":"SuuperLN","totalPoints":1823,"rank":4,"id":362682,"place":6698,"uniqueZonesTaken":10,"region":{"name":"Östergötland","id":139}}},{"medal":51,"time":"2022-05-10T18:29:03+0000","type":"medal","user":{"country":"se","medals":[51,85],"zones":[96849,96850,179206,24777,147192,110507,203775,1326,223804,154509],"pointsPerHour":0,"points":1823,"blocktime":11,"taken":10,"name":"SuuperLN","totalPoints":1823,"rank":4,"id":362682,"place":6698,"uniqueZonesTaken":10,"region":{"name":"Östergötland","id":139}}},{"medal":31,"time":"2022-05-10T18:23:46+0000","type":"medal","user":{"country":"se","medals":[95,100,31],"zones":[12036,29220,92106],"pointsPerHour":0,"points":4146,"blocktime":11,"taken":25,"name":"WiggoJ","totalPoints":4146,"rank":6,"id":361630,"place":6697,"uniqueZonesTaken":11,"region":{"name":"Jämtland","id":128}}},{"medal":100,"time":"2022-05-10T18:23:46+0000","type":"medal","user":{"country":"se","medals":[95,85,100],"zones":[486497,42733,80588],"pointsPerHour":0,"points":1678,"blocktime":11,"taken":11,"name":"kejeje","totalPoints":1678,"rank":4,"id":362678,"place":6697,"uniqueZonesTaken":9,"region":{"name":"Jämtland","id":128}}}]