[{"sender":{"country":"se","medals":[7,46,126,22,14,107,28,79,55,77,70,98,40,132],"zones":[510224,12120],"pointsPerHour":13,"points":17950,"blocktime":1290,"taken":22463,"name":"eplkurt","totalPoints":3081117,"rank":46,"id":32644,"place":1243,"uniqueZonesTaken":768,"region":{"name":"Västerbotten","id":127}},"time":"2022-10-10T09:37:47+0000","message":"Zido: Vi går till Arken","region":{"name":"Västerbotten","id":127},"type":"chat"},{"medal":42,"time":"2022-10-10T09:36:00+0000","type":"medal","user":{"country":"se","medals":[93,51,92,127,42],"zones":[516966,169299,7697,358647,114551,33654,114555,61982,474489],"pointsPerHour":0,"points":24824,"blocktime":810,"taken":250,"name":"björnenbuse","totalPoints":42717,"rank":14,"id":377379,"place":6555,"uniqueZonesTaken":37,"region":{"name":"Västerbotten","id":127}}},{"sender":{"country":"se","medals":[78,11,55,90,16,34,129,46],"zones":[80385,80386,80389,138884,28744,96011,5329,28754,5332,25942,3414,3415,28762,115738,154655,50269,223843,1313,96352,154656,394274,479139,24038,56747,484648,12466,321270,321468,178360,24059,75903,75902],"pointsPerHour":77,"points":39477,"blocktime":1080,"taken":1774,"name":"BlåLingonHjort","totalPoints":430705,"rank":32,"id":367862,"place":463,"uniqueZonesTaken":87,"region":{"name":"Halland","id":134}},"time":"2022-10-10T09:30:11+0000","message":"Drottningen: Blåste bra på skrea strand ut på bryggan inget bad idag","region":{"name":"Halland","id":134},"type":"chat"}]