[{"medal":28,"time":"2022-10-10T15:40:35+0000","type":"medal","user":{"country":"se","medals":[46,93,12,56,42,28],"zones":[152258,41793,41795,111367,430670,92233,109067,431883,29519,107412,14616,410142,430872,455960,12129,35939,226854,129828,430688,35942,47783,47785,41837,35950,35951,432425,34420,41785],"pointsPerHour":0,"points":11187,"blocktime":885,"taken":317,"name":"Knas1","totalPoints":91702,"rank":19,"id":373649,"place":6622,"uniqueZonesTaken":219,"region":{"name":"Stockholm","id":141}}},{"medal":31,"time":"2022-10-10T15:37:46+0000","type":"medal","user":{"country":"se","medals":[93,100,92,31],"zones":[45155],"pointsPerHour":0,"points":3757,"blocktime":690,"taken":25,"name":"robnidooh","totalPoints":3757,"rank":6,"id":380342,"place":6622,"uniqueZonesTaken":16,"region":{"name":"Örebro","id":131}}}]