[{"medal":80,"time":"2022-10-11T06:54:25+0000","type":"medal","user":{"country":"se","medals":[84,80],"zones":[865,62338,208758,16951,28987],"pointsPerHour":0,"points":633,"blocktime":630,"taken":7,"name":"mff/sämst","totalPoints":633,"rank":2,"id":381531,"place":6672,"uniqueZonesTaken":7,"region":{"name":"Västra Götaland","id":132}}},{"medal":93,"time":"2022-10-11T06:52:18+0000","type":"medal","user":{"country":"se","medals":[85,80,93],"zones":[45012,50239],"pointsPerHour":0,"points":2616,"blocktime":675,"taken":18,"name":"Plytan","totalPoints":3113,"rank":5,"id":375538,"place":6672,"uniqueZonesTaken":6,"region":{"name":"Västmanland","id":143}}},{"medal":80,"time":"2022-10-11T06:45:46+0000","type":"medal","user":{"country":"se","medals":[80,84],"zones":[203659,17385,17386,141582,141583],"pointsPerHour":0,"points":910,"blocktime":645,"taken":5,"name":"Skåneresenären","totalPoints":910,"rank":3,"id":381541,"place":6671,"uniqueZonesTaken":5,"region":{"name":"Norrbotten","id":126}}},{"medal":84,"time":"2022-10-11T06:45:46+0000","type":"medal","user":{"country":"se","medals":[80,84],"zones":[203659,17385,17386,141582,141583],"pointsPerHour":0,"points":910,"blocktime":645,"taken":5,"name":"Skåneresenären","totalPoints":910,"rank":3,"id":381541,"place":6671,"uniqueZonesTaken":5,"region":{"name":"Norrbotten","id":126}}}]