[{"zone":{"dateCreated":"2021-06-12T09:14:00+0000","dateLastTaken":"0002-12-02T00:00:00+0000","latitude":59.190843,"name":"Motorvägskoll","id":410496,"totalTakeovers":0,"region":{"area":{"name":"Nykvarns kommun","id":1893},"country":"se","name":"Stockholm","id":141},"pointsPerHour":2,"longitude":17.459039,"takeoverPoints":170},"time":"2021-06-12T09:14:00+0000","type":"zone"},{"zone":{"dateCreated":"2021-06-12T07:00:00+0000","dateLastTaken":"0002-12-02T00:00:00+0000","latitude":53.810321,"name":"TraveTrave","id":418897,"totalTakeovers":0,"region":{"area":{"name":"Stormarn","id":4144},"country":"de","name":"Schleswig-Holstein","id":443},"pointsPerHour":1,"longitude":10.383264,"takeoverPoints":185},"time":"2021-06-12T07:00:00+0000","type":"zone"},{"zone":{"dateCreated":"2021-06-12T07:00:00+0000","dateLastTaken":"0002-12-02T00:00:00+0000","latitude":53.823218,"name":"Altfresenburg","id":418905,"totalTakeovers":0,"region":{"area":{"name":"Stormarn","id":4144},"country":"de","name":"Schleswig-Holstein","id":443},"pointsPerHour":1,"longitude":10.359931,"takeoverPoints":185},"time":"2021-06-12T07:00:00+0000","type":"zone"},{"zone":{"dateCreated":"2021-06-12T07:00:00+0000","dateLastTaken":"0002-12-02T00:00:00+0000","latitude":53.821287,"name":"Mennokate","id":418904,"totalTakeovers":0,"region":{"area":{"name":"Stormarn","id":4144},"country":"de","name":"Schleswig-Holstein","id":443},"type":{"name":"Monument","id":21},"pointsPerHour":1,"longitude":10.371746,"takeoverPoints":185},"time":"2021-06-12T07:00:00+0000","type":"zone"},{"zone":{"dateCreated":"2021-06-12T07:00:00+0000","dateLastTaken":"0002-12-02T00:00:00+0000","latitude":53.804228,"name":"KreuzKurpark","id":418914,"totalTakeovers":0,"region":{"area":{"name":"Stormarn","id":4144},"country":"de","name":"Schleswig-Holstein","id":443},"pointsPerHour":1,"longitude":10.374987,"takeoverPoints":185},"time":"2021-06-12T07:00:00+0000","type":"zone"},{"zone":{"dateCreated":"2021-06-12T07:00:00+0000","dateLastTaken":"0002-12-02T00:00:00+0000","latitude":53.812694,"name":"AnDerStrasse","id":418908,"totalTakeovers":0,"region":{"area":{"name":"Stormarn","id":4144},"country":"de","name":"Schleswig-Holstein","id":443},"pointsPerHour":1,"longitude":10.340925,"takeoverPoints":185},"time":"2021-06-12T07:00:00+0000","type":"zone"},{"zone":{"dateCreated":"2021-06-12T07:00:00+0000","dateLastTaken":"0002-12-02T00:00:00+0000","latitude":53.811341,"name":"TraveHier","id":418898,"totalTakeovers":0,"region":{"area":{"name":"Stormarn","id":4144},"country":"de","name":"Schleswig-Holstein","id":443},"pointsPerHour":1,"longitude":10.389572,"takeoverPoints":185},"time":"2021-06-12T07:00:00+0000","type":"zone"},{"zone":{"dateCreated":"2021-06-12T07:00:00+0000","dateLastTaken":"0002-12-02T00:00:00+0000","latitude":53.819021,"name":"ErsteMemeler","id":418900,"totalTakeovers":0,"region":{"area":{"name":"Stormarn","id":4144},"country":"de","name":"Schleswig-Holstein","id":443},"pointsPerHour":1,"longitude":10.385555,"takeoverPoints":185},"time":"2021-06-12T07:00:00+0000","type":"zone"},{"zone":{"dateCreated":"2021-06-12T07:00:00+0000","dateLastTaken":"0002-12-02T00:00:00+0000","latitude":53.80796,"name":"HohenkampG","id":418912,"totalTakeovers":0,"region":{"area":{"name":"Stormarn","id":4144},"country":"de","name":"Schleswig-Holstein","id":443},"pointsPerHour":1,"longitude":10.361528,"takeoverPoints":185},"time":"2021-06-12T07:00:00+0000","type":"zone"},{"zone":{"dateCreated":"2021-06-12T07:00:00+0000","dateLastTaken":"0002-12-02T00:00:00+0000","latitude":53.812312,"name":"Nebenstraße","id":418910,"totalTakeovers":0,"region":{"area":{"name":"Stormarn","id":4144},"country":"de","name":"Schleswig-Holstein","id":443},"pointsPerHour":1,"longitude":10.35139,"takeoverPoints":185},"time":"2021-06-12T07:00:00+0000","type":"zone"},{"zone":{"dateCreated":"2021-06-12T07:00:00+0000","dateLastTaken":"0002-12-02T00:00:00+0000","latitude":53.815265,"name":"Nelkenpfad","id":418899,"totalTakeovers":0,"region":{"area":{"name":"Stormarn","id":4144},"country":"de","name":"Schleswig-Holstein","id":443},"pointsPerHour":1,"longitude":10.390833,"takeoverPoints":185},"time":"2021-06-12T07:00:00+0000","type":"zone"},{"zone":{"dateCreated":"2021-06-12T07:00:00+0000","dateLastTaken":"0002-12-02T00:00:00+0000","latitude":53.805833,"name":"BadOldesloe","id":418895,"totalTakeovers":0,"region":{"area":{"name":"Stormarn","id":4144},"country":"de","name":"Schleswig-Holstein","id":443},"type":{"name":"Train Station","id":13},"pointsPerHour":1,"longitude":10.381341,"takeoverPoints":185},"time":"2021-06-12T07:00:00+0000","type":"zone"},{"zone":{"dateCreated":"2021-06-12T07:00:00+0000","dateLastTaken":"0002-12-02T00:00:00+0000","latitude":53.818831,"name":"TraveBr","id":418901,"totalTakeovers":0,"region":{"area":{"name":"Stormarn","id":4144},"country":"de","name":"Schleswig-Holstein","id":443},"type":{"name":"Bridge","id":8},"pointsPerHour":1,"longitude":10.392689,"takeoverPoints":185},"time":"2021-06-12T07:00:00+0000","type":"zone"},{"zone":{"dateCreated":"2021-06-12T07:00:00+0000","dateLastTaken":"0002-12-02T00:00:00+0000","latitude":53.809246,"name":"GrünerWald","id":418911,"totalTakeovers":0,"region":{"area":{"name":"Stormarn","id":4144},"country":"de","name":"Schleswig-Holstein","id":443},"pointsPerHour":1,"longitude":10.355687,"takeoverPoints":185},"time":"2021-06-12T07:00:00+0000","type":"zone"},{"zone":{"dateCreated":"2021-06-12T07:00:00+0000","dateLastTaken":"0002-12-02T00:00:00+0000","latitude":53.804688,"name":"SecretPfad","id":418913,"totalTakeovers":0,"region":{"area":{"name":"Stormarn","id":4144},"country":"de","name":"Schleswig-Holstein","id":443},"pointsPerHour":1,"longitude":10.367794,"takeoverPoints":185},"time":"2021-06-12T07:00:00+0000","type":"zone"},{"zone":{"dateCreated":"2021-06-12T07:00:00+0000","dateLastTaken":"0002-12-02T00:00:00+0000","latitude":53.816917,"name":"ZoneHier","id":418907,"totalTakeovers":0,"region":{"area":{"name":"Stormarn","id":4144},"country":"de","name":"Schleswig-Holstein","id":443},"pointsPerHour":1,"longitude":10.339526,"takeoverPoints":185},"time":"2021-06-12T07:00:00+0000","type":"zone"},{"zone":{"dateCreated":"2021-06-12T07:00:00+0000","dateLastTaken":"0002-12-02T00:00:00+0000","latitude":53.810418,"name":"DorfY","id":418909,"totalTakeovers":0,"region":{"area":{"name":"Stormarn","id":4144},"country":"de","name":"Schleswig-Holstein","id":443},"pointsPerHour":1,"longitude":10.348718,"takeoverPoints":185},"time":"2021-06-12T07:00:00+0000","type":"zone"},{"zone":{"dateCreated":"2021-06-12T07:00:00+0000","dateLastTaken":"0002-12-02T00:00:00+0000","latitude":53.808673,"name":"OldsloeMitte","id":418896,"totalTakeovers":0,"region":{"area":{"name":"Stormarn","id":4144},"country":"de","name":"Schleswig-Holstein","id":443},"pointsPerHour":1,"longitude":10.37738,"takeoverPoints":185},"time":"2021-06-12T07:00:00+0000","type":"zone"},{"zone":{"dateCreated":"2021-06-12T07:00:00+0000","dateLastTaken":"0002-12-02T00:00:00+0000","latitude":53.815632,"name":"Königsteich","id":418902,"totalTakeovers":0,"region":{"area":{"name":"Stormarn","id":4144},"country":"de","name":"Schleswig-Holstein","id":443},"pointsPerHour":1,"longitude":10.375051,"takeoverPoints":185},"time":"2021-06-12T07:00:00+0000","type":"zone"},{"zone":{"dateCreated":"2021-06-12T07:00:00+0000","dateLastTaken":"0002-12-02T00:00:00+0000","latitude":53.819908,"name":"KolbergKörlin","id":418903,"totalTakeovers":0,"region":{"area":{"name":"Stormarn","id":4144},"country":"de","name":"Schleswig-Holstein","id":443},"pointsPerHour":1,"longitude":10.378945,"takeoverPoints":185},"time":"2021-06-12T07:00:00+0000","type":"zone"},{"zone":{"dateCreated":"2021-06-12T07:00:00+0000","dateLastTaken":"0002-12-02T00:00:00+0000","latitude":53.820359,"name":"ZurGrünenBr","id":418906,"totalTakeovers":0,"region":{"area":{"name":"Stormarn","id":4144},"country":"de","name":"Schleswig-Holstein","id":443},"type":{"name":"Bridge","id":8},"pointsPerHour":1,"longitude":10.348551,"takeoverPoints":185},"time":"2021-06-12T07:00:00+0000","type":"zone"},{"zone":{"dateCreated":"2021-06-12T05:30:00+0000","dateLastTaken":"0002-12-02T00:00:00+0000","latitude":57.588313,"name":"TheSeabank","id":427355,"totalTakeovers":0,"region":{"area":{"name":"Highland","id":2784},"country":"gb","name":"Scotland","id":200},"pointsPerHour":1,"longitude":-3.890362,"takeoverPoints":185},"time":"2021-06-12T05:30:00+0000","type":"zone"},{"zone":{"dateCreated":"2021-06-12T05:30:00+0000","dateLastTaken":"0002-12-02T00:00:00+0000","latitude":57.584835,"name":"NairnIt","id":427357,"totalTakeovers":0,"region":{"area":{"name":"Highland","id":2784},"country":"gb","name":"Scotland","id":200},"pointsPerHour":1,"longitude":-3.886466,"takeoverPoints":185},"time":"2021-06-12T05:30:00+0000","type":"zone"},{"zone":{"dateCreated":"2021-06-12T05:30:00+0000","dateLastTaken":"0002-12-02T00:00:00+0000","latitude":57.589097,"name":"AlbertThurlow","id":427356,"totalTakeovers":0,"region":{"area":{"name":"Highland","id":2784},"country":"gb","name":"Scotland","id":200},"pointsPerHour":1,"longitude":-3.884139,"takeoverPoints":185},"time":"2021-06-12T05:30:00+0000","type":"zone"},{"zone":{"dateCreated":"2021-06-12T05:30:00+0000","dateLastTaken":"0002-12-02T00:00:00+0000","latitude":57.584907,"name":"Altonburn","id":427358,"totalTakeovers":0,"region":{"area":{"name":"Highland","id":2784},"country":"gb","name":"Scotland","id":200},"pointsPerHour":1,"longitude":-3.892248,"takeoverPoints":185},"time":"2021-06-12T05:30:00+0000","type":"zone"},{"zone":{"dateCreated":"2021-06-12T05:30:00+0000","dateLastTaken":"0002-12-02T00:00:00+0000","latitude":57.585751,"name":"TheSutor","id":427366,"totalTakeovers":0,"region":{"area":{"name":"Highland","id":2784},"country":"gb","name":"Scotland","id":200},"pointsPerHour":1,"longitude":-3.845736,"takeoverPoints":185},"time":"2021-06-12T05:30:00+0000","type":"zone"},{"zone":{"dateCreated":"2021-06-12T05:30:00+0000","dateLastTaken":"0002-12-02T00:00:00+0000","latitude":57.583293,"name":"WyvisBeech","id":427360,"totalTakeovers":0,"region":{"area":{"name":"Highland","id":2784},"country":"gb","name":"Scotland","id":200},"pointsPerHour":1,"longitude":-3.884674,"takeoverPoints":185},"time":"2021-06-12T05:30:00+0000","type":"zone"},{"zone":{"dateCreated":"2021-06-12T05:30:00+0000","dateLastTaken":"0002-12-02T00:00:00+0000","latitude":57.581945,"name":"BeechGrass","id":427363,"totalTakeovers":0,"region":{"area":{"name":"Highland","id":2784},"country":"gb","name":"Scotland","id":200},"pointsPerHour":1,"longitude":-3.88854,"takeoverPoints":185},"time":"2021-06-12T05:30:00+0000","type":"zone"},{"zone":{"dateCreated":"2021-06-12T05:30:00+0000","dateLastTaken":"0002-12-02T00:00:00+0000","latitude":57.578745,"name":"Tradespark","id":427361,"totalTakeovers":0,"region":{"area":{"name":"Highland","id":2784},"country":"gb","name":"Scotland","id":200},"pointsPerHour":1,"longitude":-3.89037,"takeoverPoints":185},"time":"2021-06-12T05:30:00+0000","type":"zone"},{"zone":{"dateCreated":"2021-06-12T05:30:00+0000","dateLastTaken":"0002-12-02T00:00:00+0000","latitude":57.582018,"name":"Assynt","id":427359,"totalTakeovers":0,"region":{"area":{"name":"Highland","id":2784},"country":"gb","name":"Scotland","id":200},"pointsPerHour":1,"longitude":-3.879232,"takeoverPoints":185},"time":"2021-06-12T05:30:00+0000","type":"zone"},{"zone":{"dateCreated":"2021-06-12T05:30:00+0000","dateLastTaken":"0002-12-02T00:00:00+0000","latitude":57.591909,"name":"TopLoader","id":427367,"totalTakeovers":0,"region":{"area":{"name":"Highland","id":2784},"country":"gb","name":"Scotland","id":200},"pointsPerHour":1,"longitude":-3.836,"takeoverPoints":185},"time":"2021-06-12T05:30:00+0000","type":"zone"},{"zone":{"dateCreated":"2021-06-12T05:30:00+0000","dateLastTaken":"0002-12-02T00:00:00+0000","latitude":57.577265,"name":"NairnByNairn","id":427364,"totalTakeovers":0,"region":{"area":{"name":"Highland","id":2784},"country":"gb","name":"Scotland","id":200},"pointsPerHour":1,"longitude":-3.866902,"takeoverPoints":185},"time":"2021-06-12T05:30:00+0000","type":"zone"},{"zone":{"dateCreated":"2021-06-12T05:30:00+0000","dateLastTaken":"0002-12-02T00:00:00+0000","latitude":57.579857,"name":"InvernessBus","id":427362,"totalTakeovers":0,"region":{"area":{"name":"Highland","id":2784},"country":"gb","name":"Scotland","id":200},"pointsPerHour":1,"longitude":-3.883726,"takeoverPoints":185},"time":"2021-06-12T05:30:00+0000","type":"zone"},{"zone":{"dateCreated":"2021-06-12T05:30:00+0000","dateLastTaken":"0002-12-02T00:00:00+0000","latitude":57.588272,"name":"GaryLarson","id":427365,"totalTakeovers":0,"region":{"area":{"name":"Highland","id":2784},"country":"gb","name":"Scotland","id":200},"pointsPerHour":1,"longitude":-3.833124,"takeoverPoints":185},"time":"2021-06-12T05:30:00+0000","type":"zone"},{"zone":{"dateCreated":"2021-06-11T18:18:06+0000","dateLastTaken":"0002-12-02T00:00:00+0000","latitude":57.446162,"name":"AileanDonan","id":427388,"totalTakeovers":0,"region":{"area":{"name":"Highland","id":2784},"country":"gb","name":"Scotland","id":200},"pointsPerHour":1,"longitude":-4.251911,"takeoverPoints":185},"time":"2021-06-11T18:18:06+0000","type":"zone"},{"zone":{"dateCreated":"2021-06-11T18:15:54+0000","dateLastTaken":"0002-12-02T00:00:00+0000","latitude":57.447339,"name":"CuldTurfer","id":427387,"totalTakeovers":0,"region":{"area":{"name":"Highland","id":2784},"country":"gb","name":"Scotland","id":200},"pointsPerHour":1,"longitude":-4.222872,"takeoverPoints":185},"time":"2021-06-11T18:15:54+0000","type":"zone"},{"zone":{"dateCreated":"2021-06-11T18:14:33+0000","dateLastTaken":"0002-12-02T00:00:00+0000","latitude":56.154834,"name":"PangaISkogen","id":412486,"totalTakeovers":0,"region":{"area":{"name":"Hässleholms kommun","id":1952},"country":"se","name":"Skåne","id":135},"pointsPerHour":1,"longitude":13.787922,"takeoverPoints":185},"time":"2021-06-11T18:14:33+0000","type":"zone"},{"zone":{"dateCreated":"2021-06-11T18:13:38+0000","dateLastTaken":"0002-12-02T00:00:00+0000","latitude":57.469646,"name":"DieHard","id":427383,"totalTakeovers":0,"region":{"area":{"name":"Highland","id":2784},"country":"gb","name":"Scotland","id":200},"pointsPerHour":1,"longitude":-4.239951,"takeoverPoints":185},"time":"2021-06-11T18:13:38+0000","type":"zone"},{"zone":{"dateCreated":"2021-06-11T18:12:34+0000","dateLastTaken":"0002-12-02T00:00:00+0000","latitude":57.449365,"name":"Slackbuie","id":427380,"totalTakeovers":0,"region":{"area":{"name":"Highland","id":2784},"country":"gb","name":"Scotland","id":200},"pointsPerHour":1,"longitude":-4.214528,"takeoverPoints":185},"time":"2021-06-11T18:12:34+0000","type":"zone"},{"zone":{"dateCreated":"2021-06-11T12:06:25+0000","dateLastTaken":"0002-12-02T00:00:00+0000","latitude":58.382836,"name":"Rogslösa","id":425953,"totalTakeovers":0,"region":{"area":{"name":"Vadstena","id":1864},"country":"se","name":"Östergötland","id":139},"type":{"name":"Holy","id":9},"pointsPerHour":1,"longitude":14.743162,"takeoverPoints":185},"time":"2021-06-11T12:06:25+0000","type":"zone"},{"zone":{"dateCreated":"2021-06-11T12:00:06+0000","dateLastTaken":"0002-12-02T00:00:00+0000","latitude":58.412601,"name":"OrlundaKyrka","id":425952,"totalTakeovers":0,"region":{"area":{"name":"Vadstena","id":1864},"country":"se","name":"Östergötland","id":139},"type":{"name":"Holy","id":9},"pointsPerHour":1,"longitude":14.978528,"takeoverPoints":185},"time":"2021-06-11T12:00:06+0000","type":"zone"},{"zone":{"dateCreated":"2021-06-11T10:00:00+0000","dateLastTaken":"0002-12-02T00:00:00+0000","latitude":57.066511,"name":"HighFolkMus","id":427348,"totalTakeovers":0,"region":{"area":{"name":"Highland","id":2784},"country":"gb","name":"Scotland","id":200},"pointsPerHour":1,"longitude":-4.110178,"takeoverPoints":185},"time":"2021-06-11T10:00:00+0000","type":"zone"},{"zone":{"dateCreated":"2021-06-11T10:00:00+0000","dateLastTaken":"0002-12-02T00:00:00+0000","latitude":57.252045,"name":"Tomintoul","id":427346,"totalTakeovers":0,"region":{"area":{"name":"Moray","id":2798},"country":"gb","name":"Scotland","id":200},"pointsPerHour":1,"longitude":-3.379269,"takeoverPoints":185},"time":"2021-06-11T10:00:00+0000","type":"zone"},{"zone":{"dateCreated":"2021-06-11T10:00:00+0000","dateLastTaken":"0002-12-02T00:00:00+0000","latitude":57.072231,"name":"RthvnBarracks","id":427351,"totalTakeovers":0,"region":{"area":{"name":"Highland","id":2784},"country":"gb","name":"Scotland","id":200},"type":{"name":"Ruins/Ancient Remains","id":16},"pointsPerHour":1,"longitude":-4.039449,"takeoverPoints":185},"time":"2021-06-11T10:00:00+0000","type":"zone"},{"zone":{"dateCreated":"2021-06-11T10:00:00+0000","dateLastTaken":"0002-12-02T00:00:00+0000","latitude":57.249654,"name":"HolyTomintoul","id":427347,"totalTakeovers":0,"region":{"area":{"name":"Moray","id":2798},"country":"gb","name":"Scotland","id":200},"type":{"name":"Holy","id":9},"pointsPerHour":1,"longitude":-3.377626,"takeoverPoints":185},"time":"2021-06-11T10:00:00+0000","type":"zone"},{"zone":{"dateCreated":"2021-06-11T10:00:00+0000","dateLastTaken":"0002-12-02T00:00:00+0000","latitude":57.073557,"name":"RSPBInshMarsh","id":427352,"totalTakeovers":0,"region":{"area":{"name":"Highland","id":2784},"country":"gb","name":"Scotland","id":200},"pointsPerHour":1,"longitude":-4.021766,"takeoverPoints":185},"time":"2021-06-11T10:00:00+0000","type":"zone"},{"zone":{"dateCreated":"2021-06-11T10:00:00+0000","dateLastTaken":"0002-12-02T00:00:00+0000","latitude":57.080374,"name":"KingussieGrn","id":427350,"totalTakeovers":0,"region":{"area":{"name":"Highland","id":2784},"country":"gb","name":"Scotland","id":200},"pointsPerHour":1,"longitude":-4.055871,"takeoverPoints":185},"time":"2021-06-11T10:00:00+0000","type":"zone"},{"zone":{"dateCreated":"2021-06-11T06:00:00+0000","dateLastTaken":"0002-12-02T00:00:00+0000","latitude":59.667219,"name":"HawkPit","id":426489,"totalTakeovers":0,"region":{"area":{"name":"Västerås","id":1807},"country":"se","name":"Västmanland","id":143},"pointsPerHour":1,"longitude":16.597682,"takeoverPoints":185},"time":"2021-06-11T06:00:00+0000","type":"zone"},{"zone":{"dateCreated":"2021-06-11T05:00:00+0000","dateLastTaken":"0002-12-02T00:00:00+0000","latitude":57.600225,"name":"EastNairn","id":426417,"totalTakeovers":0,"region":{"area":{"name":"Highland","id":2784},"country":"gb","name":"Scotland","id":200},"pointsPerHour":1,"longitude":-3.8226,"takeoverPoints":185},"time":"2021-06-11T05:00:00+0000","type":"zone"},{"zone":{"dateCreated":"2021-06-11T05:00:00+0000","dateLastTaken":"0002-12-02T00:00:00+0000","latitude":57.585523,"name":"LochloySnake","id":426420,"totalTakeovers":0,"region":{"area":{"name":"Highland","id":2784},"country":"gb","name":"Scotland","id":200},"pointsPerHour":1,"longitude":-3.853161,"takeoverPoints":185},"time":"2021-06-11T05:00:00+0000","type":"zone"},{"zone":{"dateCreated":"2021-06-11T05:00:00+0000","dateLastTaken":"0002-12-02T00:00:00+0000","latitude":57.593859,"name":"CulbinSands","id":426414,"totalTakeovers":0,"region":{"area":{"name":"Highland","id":2784},"country":"gb","name":"Scotland","id":200},"pointsPerHour":1,"longitude":-3.849907,"takeoverPoints":185},"time":"2021-06-11T05:00:00+0000","type":"zone"},{"zone":{"dateCreated":"2021-06-11T05:00:00+0000","dateLastTaken":"0002-12-02T00:00:00+0000","latitude":57.618804,"name":"MidCulbin","id":426416,"totalTakeovers":0,"region":{"area":{"name":"Moray","id":2798},"country":"gb","name":"Scotland","id":200},"pointsPerHour":1,"longitude":-3.738264,"takeoverPoints":185},"time":"2021-06-11T05:00:00+0000","type":"zone"},{"zone":{"dateCreated":"2021-06-11T05:00:00+0000","dateLastTaken":"0002-12-02T00:00:00+0000","latitude":57.587222,"name":"Meadowlea","id":426421,"totalTakeovers":0,"region":{"area":{"name":"Highland","id":2784},"country":"gb","name":"Scotland","id":200},"pointsPerHour":1,"longitude":-3.842544,"takeoverPoints":185},"time":"2021-06-11T05:00:00+0000","type":"zone"},{"zone":{"dateCreated":"2021-06-11T05:00:00+0000","dateLastTaken":"0002-12-02T00:00:00+0000","latitude":57.583503,"name":"SplashOfNairn","id":426422,"totalTakeovers":0,"region":{"area":{"name":"Highland","id":2784},"country":"gb","name":"Scotland","id":200},"pointsPerHour":1,"longitude":-3.864669,"takeoverPoints":185},"time":"2021-06-11T05:00:00+0000","type":"zone"},{"zone":{"dateCreated":"2021-06-11T05:00:00+0000","dateLastTaken":"0002-12-02T00:00:00+0000","latitude":57.58998,"name":"OldBarView","id":426419,"totalTakeovers":0,"region":{"area":{"name":"Highland","id":2784},"country":"gb","name":"Scotland","id":200},"pointsPerHour":1,"longitude":-3.84401,"takeoverPoints":185},"time":"2021-06-11T05:00:00+0000","type":"zone"},{"zone":{"dateCreated":"2021-06-11T05:00:00+0000","dateLastTaken":"0002-12-02T00:00:00+0000","latitude":57.608648,"name":"CulbinWest","id":426415,"totalTakeovers":0,"region":{"area":{"name":"Highland","id":2784},"country":"gb","name":"Scotland","id":200},"pointsPerHour":1,"longitude":-3.787951,"takeoverPoints":185},"time":"2021-06-11T05:00:00+0000","type":"zone"},{"zone":{"dateCreated":"2021-06-11T05:00:00+0000","dateLastTaken":"0002-12-02T00:00:00+0000","latitude":57.244769,"name":"GartenersBath","id":426423,"totalTakeovers":0,"region":{"area":{"name":"Highland","id":2784},"country":"gb","name":"Scotland","id":200},"type":{"name":"Water Zone","id":3},"pointsPerHour":1,"longitude":-3.698541,"takeoverPoints":185},"time":"2021-06-11T05:00:00+0000","type":"zone"},{"zone":{"dateCreated":"2021-06-11T05:00:00+0000","dateLastTaken":"0002-12-02T00:00:00+0000","latitude":57.595243,"name":"StepLikeAKing","id":426418,"totalTakeovers":0,"region":{"area":{"name":"Highland","id":2784},"country":"gb","name":"Scotland","id":200},"pointsPerHour":1,"longitude":-3.835783,"takeoverPoints":185},"time":"2021-06-11T05:00:00+0000","type":"zone"},{"zone":{"dateCreated":"2021-06-10T22:53:29+0000","dateLastTaken":"0002-12-02T00:00:00+0000","latitude":57.183576,"name":"MaBhuachaille","id":427353,"totalTakeovers":0,"region":{"area":{"name":"Highland","id":2784},"country":"gb","name":"Scotland","id":200},"pointsPerHour":1,"longitude":-3.671089,"takeoverPoints":185},"time":"2021-06-10T22:53:29+0000","type":"zone"},{"zone":{"dateCreated":"2021-06-10T22:42:58+0000","dateLastTaken":"0002-12-02T00:00:00+0000","latitude":57.066261,"name":"StBridesKirk","id":427349,"totalTakeovers":0,"region":{"area":{"name":"Highland","id":2784},"country":"gb","name":"Scotland","id":200},"type":{"name":"Holy","id":9},"pointsPerHour":1,"longitude":-4.120553,"takeoverPoints":185},"time":"2021-06-10T22:42:58+0000","type":"zone"},{"zone":{"dateCreated":"2021-06-10T21:52:26+0000","dateLastTaken":"0002-12-02T00:00:00+0000","latitude":55.495364,"name":"AquaMaryne","id":427345,"totalTakeovers":0,"region":{"area":{"name":"Scottish Borders","id":2794},"country":"gb","name":"Scotland","id":200},"pointsPerHour":1,"longitude":-3.196405,"takeoverPoints":185},"time":"2021-06-10T21:52:26+0000","type":"zone"},{"zone":{"dateCreated":"2021-06-10T21:00:00+0000","dateLastTaken":"0002-12-02T00:00:00+0000","latitude":67.015422,"name":"UllattiKyrka","id":423210,"totalTakeovers":0,"region":{"area":{"name":"Gällivare kommun","id":1801},"country":"se","name":"Norrbotten","id":126},"type":{"name":"Holy","id":9},"pointsPerHour":1,"longitude":21.812227,"takeoverPoints":185},"time":"2021-06-10T21:00:00+0000","type":"zone"},{"zone":{"dateCreated":"2021-06-10T21:00:00+0000","dateLastTaken":"0002-12-02T00:00:00+0000","latitude":67.170204,"name":"GällivareGolf","id":423211,"totalTakeovers":0,"region":{"area":{"name":"Gällivare kommun","id":1801},"country":"se","name":"Norrbotten","id":126},"pointsPerHour":1,"longitude":20.617427,"takeoverPoints":185},"time":"2021-06-10T21:00:00+0000","type":"zone"},{"zone":{"dateCreated":"2021-06-10T20:00:00+0000","dateLastTaken":"0002-12-02T00:00:00+0000","latitude":63.302927,"name":"Älgstråket","id":425019,"totalTakeovers":0,"region":{"area":{"name":"Örnsköldsviks kommun","id":2058},"country":"se","name":"Västernorrland","id":145},"pointsPerHour":1,"longitude":18.611556,"takeoverPoints":185},"time":"2021-06-10T20:00:00+0000","type":"zone"},{"zone":{"dateCreated":"2021-06-10T20:00:00+0000","dateLastTaken":"0002-12-02T00:00:00+0000","latitude":63.282175,"name":"LångaJärven","id":425026,"totalTakeovers":0,"region":{"area":{"name":"Örnsköldsviks kommun","id":2058},"country":"se","name":"Västernorrland","id":145},"pointsPerHour":2,"longitude":18.741213,"takeoverPoints":170},"time":"2021-06-10T20:00:00+0000","type":"zone"},{"zone":{"dateCreated":"2021-06-10T19:11:00+0000","dateLastTaken":"0002-12-02T00:00:00+0000","latitude":50.99877,"name":"Neusser","id":427215,"totalTakeovers":0,"region":{"area":{"name":"Köln","id":3819},"country":"de","name":"Nordrhein-Westfalen","id":445},"pointsPerHour":1,"longitude":6.935332,"takeoverPoints":185},"time":"2021-06-10T19:11:00+0000","type":"zone"},{"zone":{"dateCreated":"2021-06-10T19:08:43+0000","dateLastTaken":"0002-12-02T00:00:00+0000","latitude":51.002136,"name":"FortIla","id":427214,"totalTakeovers":0,"region":{"area":{"name":"Köln","id":3819},"country":"de","name":"Nordrhein-Westfalen","id":445},"pointsPerHour":1,"longitude":6.93147,"takeoverPoints":185},"time":"2021-06-10T19:08:43+0000","type":"zone"},{"zone":{"dateCreated":"2021-06-10T19:04:23+0000","dateLastTaken":"0002-12-02T00:00:00+0000","latitude":51.021218,"name":"Merkenich","id":427213,"totalTakeovers":0,"region":{"area":{"name":"Köln","id":3819},"country":"de","name":"Nordrhein-Westfalen","id":445},"pointsPerHour":1,"longitude":6.955147,"takeoverPoints":185},"time":"2021-06-10T19:04:23+0000","type":"zone"},{"zone":{"dateCreated":"2021-06-10T18:58:38+0000","dateLastTaken":"0002-12-02T00:00:00+0000","latitude":51.020481,"name":"FühlingerSüd","id":427212,"totalTakeovers":0,"region":{"area":{"name":"Köln","id":3819},"country":"de","name":"Nordrhein-Westfalen","id":445},"pointsPerHour":1,"longitude":6.932286,"takeoverPoints":185},"time":"2021-06-10T18:58:38+0000","type":"zone"},{"zone":{"dateCreated":"2021-06-10T18:56:02+0000","dateLastTaken":"0002-12-02T00:00:00+0000","latitude":51.034724,"name":"FühlingerNord","id":427211,"totalTakeovers":0,"region":{"area":{"name":"Köln","id":3819},"country":"de","name":"Nordrhein-Westfalen","id":445},"pointsPerHour":1,"longitude":6.905958,"takeoverPoints":185},"time":"2021-06-10T18:56:02+0000","type":"zone"},{"zone":{"dateCreated":"2021-06-10T18:44:04+0000","dateLastTaken":"0002-12-02T00:00:00+0000","latitude":51.459215,"name":"NorbertPark","id":427210,"totalTakeovers":0,"region":{"area":{"name":"London","id":2708},"country":"gb","name":"Greater London","id":207},"pointsPerHour":1,"longitude":-0.044848,"takeoverPoints":185},"time":"2021-06-10T18:44:04+0000","type":"zone"},{"zone":{"dateCreated":"2021-06-10T18:40:27+0000","dateLastTaken":"0002-12-02T00:00:00+0000","latitude":51.443878,"name":"DulwichWalk","id":427209,"totalTakeovers":0,"region":{"area":{"name":"London","id":2708},"country":"gb","name":"Greater London","id":207},"pointsPerHour":1,"longitude":-0.086824,"takeoverPoints":185},"time":"2021-06-10T18:40:27+0000","type":"zone"},{"zone":{"dateCreated":"2021-06-10T18:08:17+0000","dateLastTaken":"0002-12-02T00:00:00+0000","latitude":44.933146,"name":"SmithAvBridge","id":427208,"totalTakeovers":0,"region":{"area":{"name":"Ramsey County","id":4068},"country":"us","name":"Minnesota","id":405},"type":{"name":"Bridge","id":8},"pointsPerHour":1,"longitude":-93.104377,"takeoverPoints":185},"time":"2021-06-10T18:08:17+0000","type":"zone"},{"zone":{"dateCreated":"2021-06-10T18:06:45+0000","dateLastTaken":"0002-12-02T00:00:00+0000","latitude":44.951114,"name":"ConcordiaDale","id":427207,"totalTakeovers":0,"region":{"area":{"name":"Ramsey County","id":4068},"country":"us","name":"Minnesota","id":405},"pointsPerHour":1,"longitude":-93.126125,"takeoverPoints":185},"time":"2021-06-10T18:06:45+0000","type":"zone"},{"zone":{"dateCreated":"2021-06-10T18:05:45+0000","dateLastTaken":"0002-12-02T00:00:00+0000","latitude":44.945789,"name":"McQuillan","id":427206,"totalTakeovers":0,"region":{"area":{"name":"Ramsey County","id":4068},"country":"us","name":"Minnesota","id":405},"pointsPerHour":1,"longitude":-93.121515,"takeoverPoints":185},"time":"2021-06-10T18:05:45+0000","type":"zone"},{"zone":{"dateCreated":"2021-06-10T18:04:53+0000","dateLastTaken":"0002-12-02T00:00:00+0000","latitude":44.973322,"name":"RambosPal","id":427205,"totalTakeovers":0,"region":{"area":{"name":"Ramsey County","id":4068},"country":"us","name":"Minnesota","id":405},"pointsPerHour":1,"longitude":-93.092395,"takeoverPoints":185},"time":"2021-06-10T18:04:53+0000","type":"zone"},{"zone":{"dateCreated":"2021-06-10T18:02:38+0000","dateLastTaken":"0002-12-02T00:00:00+0000","latitude":45.020251,"name":"AudubonEast","id":427204,"totalTakeovers":0,"region":{"area":{"name":"Hennepin County","id":4063},"country":"us","name":"Minnesota","id":405},"pointsPerHour":1,"longitude":-93.238683,"takeoverPoints":185},"time":"2021-06-10T18:02:38+0000","type":"zone"},{"zone":{"dateCreated":"2021-06-10T18:02:18+0000","dateLastTaken":"0002-12-02T00:00:00+0000","latitude":45.019492,"name":"AudubonWest","id":427203,"totalTakeovers":0,"region":{"area":{"name":"Hennepin County","id":4063},"country":"us","name":"Minnesota","id":405},"pointsPerHour":1,"longitude":-93.241872,"takeoverPoints":185},"time":"2021-06-10T18:02:18+0000","type":"zone"},{"zone":{"dateCreated":"2021-06-10T18:01:10+0000","dateLastTaken":"0002-12-02T00:00:00+0000","latitude":45.056704,"name":"KordiakBear","id":427202,"totalTakeovers":0,"region":{"area":{"name":"Anoka County","id":4234},"country":"us","name":"Minnesota","id":405},"pointsPerHour":1,"longitude":-93.233271,"takeoverPoints":185},"time":"2021-06-10T18:01:10+0000","type":"zone"},{"zone":{"dateCreated":"2021-06-10T17:58:27+0000","dateLastTaken":"0002-12-02T00:00:00+0000","latitude":45.038406,"name":"PrestemonPark","id":427201,"totalTakeovers":0,"region":{"area":{"name":"Anoka County","id":4234},"country":"us","name":"Minnesota","id":405},"pointsPerHour":1,"longitude":-93.22951,"takeoverPoints":185},"time":"2021-06-10T17:58:27+0000","type":"zone"},{"zone":{"dateCreated":"2021-06-10T17:57:48+0000","dateLastTaken":"0002-12-02T00:00:00+0000","latitude":45.04544,"name":"SilverFork","id":427200,"totalTakeovers":0,"region":{"area":{"name":"Ramsey County","id":4068},"country":"us","name":"Minnesota","id":405},"pointsPerHour":1,"longitude":-93.222216,"takeoverPoints":185},"time":"2021-06-10T17:57:48+0000","type":"zone"},{"zone":{"dateCreated":"2021-06-10T17:56:50+0000","dateLastTaken":"0002-12-02T00:00:00+0000","latitude":45.041173,"name":"JoChapel","id":427199,"totalTakeovers":0,"region":{"area":{"name":"Ramsey County","id":4068},"country":"us","name":"Minnesota","id":405},"type":{"name":"Holy","id":9},"pointsPerHour":1,"longitude":-93.171128,"takeoverPoints":185},"time":"2021-06-10T17:56:50+0000","type":"zone"},{"zone":{"dateCreated":"2021-06-10T17:55:53+0000","dateLastTaken":"0002-12-02T00:00:00+0000","latitude":45.047723,"name":"GiveMeHope","id":427198,"totalTakeovers":0,"region":{"area":{"name":"Ramsey County","id":4068},"country":"us","name":"Minnesota","id":405},"pointsPerHour":1,"longitude":-93.173912,"takeoverPoints":185},"time":"2021-06-10T17:55:53+0000","type":"zone"},{"zone":{"dateCreated":"2021-06-10T17:53:44+0000","dateLastTaken":"0002-12-02T00:00:00+0000","latitude":45.002593,"name":"Jevne","id":427197,"totalTakeovers":0,"region":{"area":{"name":"Hennepin County","id":4063},"country":"us","name":"Minnesota","id":405},"pointsPerHour":1,"longitude":-93.423386,"takeoverPoints":185},"time":"2021-06-10T17:53:44+0000","type":"zone"},{"zone":{"dateCreated":"2021-06-10T17:52:36+0000","dateLastTaken":"0002-12-02T00:00:00+0000","latitude":44.909439,"name":"SlimShady","id":427196,"totalTakeovers":0,"region":{"area":{"name":"Hennepin County","id":4063},"country":"us","name":"Minnesota","id":405},"type":{"name":"Bridge","id":8},"pointsPerHour":1,"longitude":-93.432342,"takeoverPoints":185},"time":"2021-06-10T17:52:36+0000","type":"zone"},{"zone":{"dateCreated":"2021-06-10T17:51:40+0000","dateLastTaken":"0002-12-02T00:00:00+0000","latitude":44.905319,"name":"WetTrail","id":427195,"totalTakeovers":0,"region":{"area":{"name":"Hennepin County","id":4063},"country":"us","name":"Minnesota","id":405},"pointsPerHour":1,"longitude":-93.45764,"takeoverPoints":185},"time":"2021-06-10T17:51:40+0000","type":"zone"},{"zone":{"dateCreated":"2021-06-10T17:50:07+0000","dateLastTaken":"0002-12-02T00:00:00+0000","latitude":44.911427,"name":"MaywoodBridge","id":427194,"totalTakeovers":0,"region":{"area":{"name":"Hennepin County","id":4063},"country":"us","name":"Minnesota","id":405},"type":{"name":"Bridge","id":8},"pointsPerHour":1,"longitude":-93.449215,"takeoverPoints":185},"time":"2021-06-10T17:50:07+0000","type":"zone"},{"zone":{"dateCreated":"2021-06-10T17:49:05+0000","dateLastTaken":"0002-12-02T00:00:00+0000","latitude":44.900859,"name":"PurgatoryP","id":427193,"totalTakeovers":0,"region":{"area":{"name":"Hennepin County","id":4063},"country":"us","name":"Minnesota","id":405},"pointsPerHour":1,"longitude":-93.498301,"takeoverPoints":185},"time":"2021-06-10T17:49:05+0000","type":"zone"},{"zone":{"dateCreated":"2021-06-10T17:47:59+0000","dateLastTaken":"0002-12-02T00:00:00+0000","latitude":44.934613,"name":"DartmouthDash","id":427192,"totalTakeovers":0,"region":{"area":{"name":"Hennepin County","id":4063},"country":"us","name":"Minnesota","id":405},"pointsPerHour":1,"longitude":-93.493839,"takeoverPoints":185},"time":"2021-06-10T17:47:59+0000","type":"zone"},{"zone":{"dateCreated":"2021-06-10T17:45:56+0000","dateLastTaken":"0002-12-02T00:00:00+0000","latitude":44.937366,"name":"Elmwood","id":427191,"totalTakeovers":0,"region":{"area":{"name":"Hennepin County","id":4063},"country":"us","name":"Minnesota","id":405},"pointsPerHour":1,"longitude":-93.488918,"takeoverPoints":185},"time":"2021-06-10T17:45:56+0000","type":"zone"},{"zone":{"dateCreated":"2021-06-10T17:44:52+0000","dateLastTaken":"0002-12-02T00:00:00+0000","latitude":44.941619,"name":"SquishyPedals","id":427190,"totalTakeovers":0,"region":{"area":{"name":"Hennepin County","id":4063},"country":"us","name":"Minnesota","id":405},"pointsPerHour":1,"longitude":-93.472884,"takeoverPoints":185},"time":"2021-06-10T17:44:52+0000","type":"zone"},{"zone":{"dateCreated":"2021-06-10T17:44:04+0000","dateLastTaken":"0002-12-02T00:00:00+0000","latitude":44.918047,"name":"Tharriet","id":427189,"totalTakeovers":0,"region":{"area":{"name":"Hennepin County","id":4063},"country":"us","name":"Minnesota","id":405},"pointsPerHour":1,"longitude":-93.313014,"takeoverPoints":185},"time":"2021-06-10T17:44:04+0000","type":"zone"},{"zone":{"dateCreated":"2021-06-10T17:43:00+0000","dateLastTaken":"0002-12-02T00:00:00+0000","latitude":44.929974,"name":"CreekyMinney","id":427188,"totalTakeovers":0,"region":{"area":{"name":"Hennepin County","id":4063},"country":"us","name":"Minnesota","id":405},"pointsPerHour":1,"longitude":-93.3718,"takeoverPoints":185},"time":"2021-06-10T17:43:00+0000","type":"zone"},{"zone":{"dateCreated":"2021-06-10T17:42:31+0000","dateLastTaken":"0002-12-02T00:00:00+0000","latitude":44.929495,"name":"MinneCreeky","id":427187,"totalTakeovers":0,"region":{"area":{"name":"Hennepin County","id":4063},"country":"us","name":"Minnesota","id":405},"pointsPerHour":1,"longitude":-93.371559,"takeoverPoints":185},"time":"2021-06-10T17:42:31+0000","type":"zone"},{"zone":{"dateCreated":"2021-06-10T17:40:44+0000","dateLastTaken":"0002-12-02T00:00:00+0000","latitude":44.925292,"name":"UnterDen","id":427186,"totalTakeovers":0,"region":{"area":{"name":"Hennepin County","id":4063},"country":"us","name":"Minnesota","id":405},"pointsPerHour":1,"longitude":-93.321085,"takeoverPoints":185},"time":"2021-06-10T17:40:44+0000","type":"zone"},{"zone":{"dateCreated":"2021-06-10T17:39:28+0000","dateLastTaken":"0002-12-02T00:00:00+0000","latitude":44.928423,"name":"HarrietNorth","id":427185,"totalTakeovers":0,"region":{"area":{"name":"Hennepin County","id":4063},"country":"us","name":"Minnesota","id":405},"pointsPerHour":1,"longitude":-93.303239,"takeoverPoints":185},"time":"2021-06-10T17:39:28+0000","type":"zone"},{"zone":{"dateCreated":"2021-06-10T17:39:08+0000","dateLastTaken":"0002-12-02T00:00:00+0000","latitude":44.934228,"name":"RetroTurf","id":427184,"totalTakeovers":0,"region":{"area":{"name":"Hennepin County","id":4063},"country":"us","name":"Minnesota","id":405},"pointsPerHour":1,"longitude":-93.284534,"takeoverPoints":185},"time":"2021-06-10T17:39:08+0000","type":"zone"},{"zone":{"dateCreated":"2021-06-10T17:37:48+0000","dateLastTaken":"0002-12-02T00:00:00+0000","latitude":44.939758,"name":"RickGreen","id":427183,"totalTakeovers":0,"region":{"area":{"name":"Hennepin County","id":4063},"country":"us","name":"Minnesota","id":405},"pointsPerHour":1,"longitude":-93.27056,"takeoverPoints":185},"time":"2021-06-10T17:37:48+0000","type":"zone"},{"zone":{"dateCreated":"2021-06-10T17:33:29+0000","dateLastTaken":"0002-12-02T00:00:00+0000","latitude":44.926773,"name":"HolyBlood","id":427182,"totalTakeovers":0,"region":{"area":{"name":"Ramsey County","id":4068},"country":"us","name":"Minnesota","id":405},"type":{"name":"Holy","id":9},"pointsPerHour":1,"longitude":-93.159076,"takeoverPoints":185},"time":"2021-06-10T17:33:29+0000","type":"zone"}]