[{"zone":{"previousOwner":{"name":"Grönjäveln","id":117520},"dateCreated":"2017-12-14T18:28:07+0000","dateLastTaken":"2021-06-13T04:05:54+0000","latitude":58.681372,"currentOwner":{"name":"AudioPelle","id":63238},"name":"Isbergsbacken","id":138104,"totalTakeovers":629,"region":{"area":{"name":"Oxelösunds kommun","id":1849},"country":"se","name":"Södermanland","id":140},"pointsPerHour":3,"longitude":17.097189,"takeoverPoints":155},"latitude":58.681372,"currentOwner":{"name":"AudioPelle","id":63238},"time":"2021-06-13T04:05:54+0000","type":"takeover","longitude":17.097189},{"zone":{"previousOwner":{"name":"Nystagmus","id":92092},"dateCreated":"2012-03-29T21:49:06+0000","dateLastTaken":"2021-06-13T04:05:50+0000","latitude":57.727241,"currentOwner":{"name":"MaryLand","id":314899},"name":"SevenMileZone","id":7674,"totalTakeovers":779,"region":{"area":{"name":"Borås kommun","id":1903},"country":"se","name":"Västra Götaland","id":132},"pointsPerHour":2,"longitude":12.985242,"takeoverPoints":170},"latitude":57.727241,"currentOwner":{"name":"MaryLand","id":314899},"time":"2021-06-13T04:05:50+0000","type":"takeover","longitude":12.985242},{"zone":{"previousOwner":{"name":"LeiLar","id":34920},"dateCreated":"2015-03-29T19:13:58+0000","dateLastTaken":"2021-06-13T04:05:21+0000","latitude":63.804107,"currentOwner":{"name":"Jaktfalk","id":20160},"name":"KattguldZone","id":47619,"totalTakeovers":14584,"region":{"area":{"name":"Umeå kommun","id":2064},"country":"se","name":"Västerbotten","id":127},"pointsPerHour":8,"longitude":20.317738,"takeoverPoints":80},"latitude":63.804107,"currentOwner":{"name":"Jaktfalk","id":20160},"time":"2021-06-13T04:05:21+0000","type":"takeover","longitude":20.317738},{"zone":{"previousOwner":{"name":"MrXzon","id":144423},"dateCreated":"2010-08-11T00:00:00+0000","dateLastTaken":"2021-06-13T04:05:15+0000","latitude":59.854567,"currentOwner":{"name":"fotominne","id":273615},"name":"Dayzone","id":370,"totalTakeovers":22035,"region":{"area":{"name":"Uppsala kommun","id":1977},"country":"se","name":"Uppsala","id":142},"pointsPerHour":8,"longitude":17.631819,"takeoverPoints":80},"latitude":59.854567,"currentOwner":{"name":"fotominne","id":273615},"time":"2021-06-13T04:05:15+0000","type":"takeover","longitude":17.631819},{"zone":{"previousOwner":{"name":"Borg007","id":281877},"dateCreated":"2019-03-17T11:30:00+0000","dateLastTaken":"2021-06-13T04:05:13+0000","latitude":59.064375,"currentOwner":{"name":"Kungen002","id":118365},"name":"LångaÄngsbarn","id":180648,"totalTakeovers":3816,"region":{"area":{"name":"Hallsbergs kommun","id":1822},"country":"se","name":"Örebro","id":131},"pointsPerHour":6,"longitude":15.115746,"takeoverPoints":110},"latitude":59.064375,"currentOwner":{"name":"Kungen002","id":118365},"time":"2021-06-13T04:05:13+0000","type":"takeover","longitude":15.115746},{"zone":{"previousOwner":{"name":"Charlez","id":63976},"dateLastTaken":"2021-06-13T04:05:04+0000","latitude":56.656392,"totalTakeovers":8474,"type":{"name":"Winner Zone","id":6},"pointsPerHour":6,"takeoverPoints":110,"dateCreated":"2013-11-04T11:00:00+0000","currentOwner":{"name":"GW007","id":77704},"name":"ThroneOfSune","id":22702,"region":{"area":{"name":"Kalmar kommun","id":2015},"country":"se","name":"Kalmar","id":137},"longitude":16.353214},"latitude":56.656392,"currentOwner":{"name":"GW007","id":77704},"time":"2021-06-13T04:05:04+0000","type":"takeover","longitude":16.353214},{"zone":{"previousOwner":{"name":"RoJo","id":211984},"dateLastTaken":"2021-06-13T04:04:58+0000","latitude":58.20126,"totalTakeovers":3645,"type":{"name":"Bridge","id":8},"pointsPerHour":4,"takeoverPoints":140,"dateCreated":"2014-09-25T16:00:00+0000","currentOwner":{"name":"lenab54","id":113777},"name":"MetareZone","id":37136,"region":{"area":{"name":"Valdemarsviks kommun","id":1862},"country":"se","name":"Östergötland","id":139},"longitude":16.597009},"latitude":58.20126,"currentOwner":{"name":"lenab54","id":113777},"time":"2021-06-13T04:04:58+0000","type":"takeover","longitude":16.597009},{"zone":{"previousOwner":{"name":"Animal","id":35969},"dateCreated":"2017-04-15T08:00:00+0000","dateLastTaken":"2021-06-13T04:04:47+0000","latitude":58.499929,"currentOwner":{"name":"plux","id":109729},"name":"LidBlindtarm","id":97466,"totalTakeovers":2152,"region":{"area":{"name":"Lidköpings kommun","id":1906},"country":"se","name":"Västra Götaland","id":132},"pointsPerHour":3,"longitude":13.1796,"takeoverPoints":155},"latitude":58.499929,"currentOwner":{"name":"plux","id":109729},"time":"2021-06-13T04:04:47+0000","type":"takeover","longitude":13.1796},{"zone":{"previousOwner":{"name":"beha","id":186270},"dateCreated":"2013-10-31T07:00:00+0000","dateLastTaken":"2021-06-13T04:04:32+0000","latitude":59.231546,"currentOwner":{"name":"swift64","id":326287},"name":"MosjöDunge","id":22483,"totalTakeovers":1833,"region":{"area":{"name":"Örebro kommun","id":1819},"country":"se","name":"Örebro","id":131},"pointsPerHour":3,"longitude":15.159211,"takeoverPoints":155},"latitude":59.231546,"currentOwner":{"name":"swift64","id":326287},"time":"2021-06-13T04:04:32+0000","type":"takeover","longitude":15.159211},{"zone":{"previousOwner":{"name":"Borg007","id":281877},"dateCreated":"2017-02-05T00:00:00+0000","dateLastTaken":"2021-06-13T04:04:18+0000","latitude":59.065233,"currentOwner":{"name":"Kungen002","id":118365},"name":"HattFnatt","id":94137,"totalTakeovers":9882,"region":{"area":{"name":"Hallsbergs kommun","id":1822},"country":"se","name":"Örebro","id":131},"pointsPerHour":7,"longitude":15.112484,"takeoverPoints":95},"latitude":59.065233,"currentOwner":{"name":"Kungen002","id":118365},"time":"2021-06-13T04:04:18+0000","type":"takeover","longitude":15.112484},{"zone":{"previousOwner":{"name":"LeiLar","id":34920},"dateCreated":"2012-06-05T21:28:50+0000","dateLastTaken":"2021-06-13T04:04:13+0000","latitude":63.806604,"currentOwner":{"name":"Jaktfalk","id":20160},"name":"TreeWay","id":9383,"totalTakeovers":18705,"region":{"area":{"name":"Umeå kommun","id":2064},"country":"se","name":"Västerbotten","id":127},"pointsPerHour":8,"longitude":20.31708,"takeoverPoints":80},"latitude":63.806604,"currentOwner":{"name":"Jaktfalk","id":20160},"time":"2021-06-13T04:04:13+0000","type":"takeover","longitude":20.31708},{"zone":{"previousOwner":{"name":"-Morten-","id":313198},"dateCreated":"2021-03-04T08:37:07+0000","dateLastTaken":"2021-06-13T04:04:11+0000","latitude":53.867767,"currentOwner":{"name":"GM20","id":334451},"name":"Marlinring","id":389362,"totalTakeovers":163,"region":{"area":{"name":"Lübeck","id":3879},"country":"de","name":"Schleswig-Holstein","id":443},"pointsPerHour":3,"longitude":10.722558,"takeoverPoints":155},"assists":[{"name":"Kurbel","id":312543}],"latitude":53.867767,"currentOwner":{"name":"GM20","id":334451},"time":"2021-06-13T04:04:11+0000","type":"takeover","longitude":10.722558},{"zone":{"previousOwner":{"name":"Vismut","id":327578},"dateCreated":"2010-09-03T00:00:00+0000","dateLastTaken":"2021-06-13T04:04:08+0000","latitude":59.866327,"currentOwner":{"name":"omnivore","id":72063},"name":"HighNose","id":476,"totalTakeovers":17540,"region":{"area":{"name":"Uppsala kommun","id":1977},"country":"se","name":"Uppsala","id":142},"pointsPerHour":8,"longitude":17.643851,"takeoverPoints":80},"latitude":59.866327,"currentOwner":{"name":"omnivore","id":72063},"time":"2021-06-13T04:04:08+0000","type":"takeover","longitude":17.643851},{"zone":{"dateCreated":"2016-05-17T10:00:00+0000","dateLastTaken":"2021-06-13T04:03:45+0000","latitude":66.754918,"currentOwner":{"name":"Uralstrix","id":92422},"name":"Riksgrense","id":63782,"totalTakeovers":47,"region":{"area":{"name":"Saltdal","id":2622},"country":"no","name":"Nordnorge","id":183},"pointsPerHour":1,"longitude":15.832641,"takeoverPoints":185},"latitude":66.754918,"currentOwner":{"name":"Uralstrix","id":92422},"time":"2021-06-13T04:03:45+0000","type":"takeover","longitude":15.832641},{"zone":{"previousOwner":{"name":"Calmare1","id":77612},"dateCreated":"2010-09-04T14:41:37+0000","dateLastTaken":"2021-06-13T04:03:41+0000","latitude":56.666893,"currentOwner":{"name":"Mossetomten","id":301020},"name":"FoxPlay","id":657,"totalTakeovers":10967,"region":{"area":{"name":"Kalmar kommun","id":2015},"country":"se","name":"Kalmar","id":137},"pointsPerHour":7,"longitude":16.364185,"takeoverPoints":95},"latitude":56.666893,"currentOwner":{"name":"Mossetomten","id":301020},"time":"2021-06-13T04:03:41+0000","type":"takeover","longitude":16.364185},{"zone":{"previousOwner":{"name":"Eamonn","id":9400},"dateCreated":"2012-03-22T00:27:34+0000","dateLastTaken":"2021-06-13T04:03:35+0000","latitude":59.279612,"currentOwner":{"name":"Nathan-Drake","id":328067},"name":"GamleSvarten","id":7315,"totalTakeovers":4931,"region":{"area":{"name":"Stockholms kommun","id":1828},"country":"se","name":"Stockholm","id":141},"pointsPerHour":7,"longitude":18.002701,"takeoverPoints":95},"latitude":59.279612,"currentOwner":{"name":"Nathan-Drake","id":328067},"time":"2021-06-13T04:03:35+0000","type":"takeover","longitude":18.002701},{"zone":{"previousOwner":{"name":"brandy","id":97615},"dateCreated":"2013-12-20T14:00:00+0000","dateLastTaken":"2021-06-13T04:03:34+0000","latitude":60.679463,"currentOwner":{"name":"birdyboy","id":69964},"name":"CrossNose","id":23597,"totalTakeovers":2692,"region":{"area":{"name":"Gävle kommun","id":1895},"country":"se","name":"Gävleborg","id":144},"pointsPerHour":3,"longitude":17.264706,"takeoverPoints":155},"latitude":60.679463,"currentOwner":{"name":"birdyboy","id":69964},"time":"2021-06-13T04:03:34+0000","type":"takeover","longitude":17.264706},{"zone":{"previousOwner":{"name":"Grönjäveln","id":117520},"dateCreated":"2015-03-10T00:00:00+0000","dateLastTaken":"2021-06-13T04:03:22+0000","latitude":58.682489,"currentOwner":{"name":"AudioPelle","id":63238},"name":"Asparen","id":46342,"totalTakeovers":4115,"region":{"area":{"name":"Oxelösunds kommun","id":1849},"country":"se","name":"Södermanland","id":140},"pointsPerHour":5,"longitude":17.089556,"takeoverPoints":125},"latitude":58.682489,"currentOwner":{"name":"AudioPelle","id":63238},"time":"2021-06-13T04:03:22+0000","type":"takeover","longitude":17.089556},{"zone":{"previousOwner":{"name":"RoJo","id":211984},"dateLastTaken":"2021-06-13T04:03:20+0000","latitude":58.200517,"totalTakeovers":3339,"type":{"name":"Bridge","id":8},"pointsPerHour":4,"takeoverPoints":140,"dateCreated":"2016-06-06T04:00:00+0000","currentOwner":{"name":"lenab54","id":113777},"name":"HållÅtSidan","id":77046,"region":{"area":{"name":"Valdemarsviks kommun","id":1862},"country":"se","name":"Östergötland","id":139},"longitude":16.592531},"latitude":58.200517,"currentOwner":{"name":"lenab54","id":113777},"time":"2021-06-13T04:03:20+0000","type":"takeover","longitude":16.592531},{"zone":{"previousOwner":{"name":"Borg007","id":281877},"dateLastTaken":"2021-06-13T04:03:12+0000","latitude":59.067305,"totalTakeovers":20254,"type":{"name":"Train Station","id":13},"pointsPerHour":8,"takeoverPoints":80,"dateCreated":"2012-03-27T06:10:07+0000","currentOwner":{"name":"Kungen002","id":118365},"name":"HallsbergRail","id":7469,"region":{"area":{"name":"Hallsbergs kommun","id":1822},"country":"se","name":"Örebro","id":131},"longitude":15.111343},"latitude":59.067305,"currentOwner":{"name":"Kungen002","id":118365},"time":"2021-06-13T04:03:12+0000","type":"takeover","longitude":15.111343},{"zone":{"previousOwner":{"name":"Charlez","id":63976},"dateLastTaken":"2021-06-13T04:02:56+0000","latitude":56.653841,"totalTakeovers":6671,"type":{"name":"Winner Zone","id":6},"pointsPerHour":6,"takeoverPoints":110,"dateCreated":"2015-04-11T12:00:00+0000","currentOwner":{"name":"GW007","id":77704},"name":"Demonized","id":48079,"region":{"area":{"name":"Kalmar kommun","id":2015},"country":"se","name":"Kalmar","id":137},"longitude":16.35144},"latitude":56.653841,"currentOwner":{"name":"GW007","id":77704},"time":"2021-06-13T04:02:56+0000","type":"takeover","longitude":16.35144},{"zone":{"previousOwner":{"name":"umefredrik","id":35038},"dateCreated":"2019-01-23T06:05:10+0000","dateLastTaken":"2021-06-13T04:02:53+0000","latitude":63.808543,"currentOwner":{"name":"Jaktfalk","id":20160},"name":"Ålidhemcirkel","id":179128,"totalTakeovers":8356,"region":{"area":{"name":"Umeå kommun","id":2064},"country":"se","name":"Västerbotten","id":127},"pointsPerHour":8,"longitude":20.316384,"takeoverPoints":80},"latitude":63.808543,"currentOwner":{"name":"Jaktfalk","id":20160},"time":"2021-06-13T04:02:53+0000","type":"takeover","longitude":20.316384},{"zone":{"previousOwner":{"name":"beha","id":186270},"dateCreated":"2017-07-08T18:02:29+0000","dateLastTaken":"2021-06-13T04:02:35+0000","latitude":59.228863,"currentOwner":{"name":"swift64","id":326287},"name":"Moholmsraka","id":114532,"totalTakeovers":622,"region":{"area":{"name":"Örebro kommun","id":1819},"country":"se","name":"Örebro","id":131},"pointsPerHour":2,"longitude":15.16117,"takeoverPoints":170},"latitude":59.228863,"currentOwner":{"name":"swift64","id":326287},"time":"2021-06-13T04:02:35+0000","type":"takeover","longitude":15.16117},{"zone":{"previousOwner":{"name":"-SORTSIUS-","id":333084},"dateCreated":"2013-11-13T13:37:00+0000","dateLastTaken":"2021-06-13T04:02:19+0000","latitude":59.591122,"currentOwner":{"name":"Stridis","id":313716},"name":"Djuphamnen","id":22760,"totalTakeovers":7075,"region":{"area":{"name":"Västerås","id":1807},"country":"se","name":"Västmanland","id":143},"pointsPerHour":7,"longitude":16.515999,"takeoverPoints":95},"latitude":59.591122,"currentOwner":{"name":"Stridis","id":313716},"time":"2021-06-13T04:02:19+0000","type":"takeover","longitude":16.515999},{"zone":{"previousOwner":{"name":"Borg007","id":281877},"dateCreated":"2017-09-23T09:00:00+0000","dateLastTaken":"2021-06-13T04:02:17+0000","latitude":59.069556,"currentOwner":{"name":"Kungen002","id":118365},"name":"Farmenbin","id":126257,"totalTakeovers":1757,"region":{"area":{"name":"Hallsbergs kommun","id":1822},"country":"se","name":"Örebro","id":131},"pointsPerHour":4,"longitude":15.111197,"takeoverPoints":140},"latitude":59.069556,"currentOwner":{"name":"Kungen002","id":118365},"time":"2021-06-13T04:02:17+0000","type":"takeover","longitude":15.111197},{"zone":{"previousOwner":{"name":"Nystagmus","id":92092},"dateCreated":"2020-08-20T22:25:14+0000","dateLastTaken":"2021-06-13T04:02:06+0000","latitude":57.727942,"currentOwner":{"name":"MaryLand","id":314899},"name":"Glashus","id":321162,"totalTakeovers":62,"region":{"area":{"name":"Borås kommun","id":1903},"country":"se","name":"Västra Götaland","id":132},"pointsPerHour":1,"longitude":12.991214,"takeoverPoints":185},"latitude":57.727942,"currentOwner":{"name":"MaryLand","id":314899},"time":"2021-06-13T04:02:06+0000","type":"takeover","longitude":12.991214},{"zone":{"dateCreated":"2016-08-27T10:30:00+0000","dateLastTaken":"2021-06-13T04:02:03+0000","latitude":66.754991,"currentOwner":{"name":"Uralstrix","id":92422},"name":"Riksgräns","id":81574,"totalTakeovers":42,"region":{"area":{"name":"Arjeplogs kommun","id":2078},"country":"se","name":"Norrbotten","id":126},"pointsPerHour":1,"longitude":15.835154,"takeoverPoints":185},"latitude":66.754991,"currentOwner":{"name":"Uralstrix","id":92422},"time":"2021-06-13T04:02:03+0000","type":"takeover","longitude":15.835154},{"zone":{"previousOwner":{"name":"Calmare1","id":77612},"dateCreated":"2010-12-10T00:00:00+0000","dateLastTaken":"2021-06-13T04:02:03+0000","latitude":56.655209,"currentOwner":{"name":"GW007","id":77704},"name":"Sundpark","id":952,"totalTakeovers":14191,"region":{"area":{"name":"Kalmar kommun","id":2015},"country":"se","name":"Kalmar","id":137},"pointsPerHour":7,"longitude":16.348847,"takeoverPoints":95},"latitude":56.655209,"currentOwner":{"name":"GW007","id":77704},"time":"2021-06-13T04:02:03+0000","type":"takeover","longitude":16.348847},{"zone":{"previousOwner":{"name":"mokisen","id":334098},"dateCreated":"2014-05-29T23:24:01+0000","dateLastTaken":"2021-06-13T04:02:02+0000","latitude":59.36385,"currentOwner":{"name":"jompe","id":110837},"name":"Eskils4H","id":30818,"totalTakeovers":3517,"region":{"area":{"name":"Eskilstuna kommun","id":1848},"country":"se","name":"Södermanland","id":140},"pointsPerHour":5,"longitude":16.463573,"takeoverPoints":125},"latitude":59.36385,"currentOwner":{"name":"jompe","id":110837},"time":"2021-06-13T04:02:02+0000","type":"takeover","longitude":16.463573},{"zone":{"previousOwner":{"name":"MrXzon","id":144423},"dateLastTaken":"2021-06-13T04:01:49+0000","latitude":59.853484,"totalTakeovers":7569,"type":{"name":"Castle/Fort","id":14},"pointsPerHour":7,"takeoverPoints":95,"dateCreated":"2012-10-09T22:54:46+0000","currentOwner":{"name":"fotominne","id":273615},"name":"CastleStairs","id":11662,"region":{"area":{"name":"Uppsala kommun","id":1977},"country":"se","name":"Uppsala","id":142},"longitude":17.633959},"latitude":59.853484,"currentOwner":{"name":"fotominne","id":273615},"time":"2021-06-13T04:01:49+0000","type":"takeover","longitude":17.633959},{"zone":{"previousOwner":{"name":"Lannister","id":20681},"dateCreated":"2014-04-06T10:00:00+0000","dateLastTaken":"2021-06-13T04:01:42+0000","latitude":63.809446,"currentOwner":{"name":"Jaktfalk","id":20160},"name":"SocialZone","id":27914,"totalTakeovers":22663,"region":{"area":{"name":"Umeå kommun","id":2064},"country":"se","name":"Västerbotten","id":127},"pointsPerHour":9,"longitude":20.321903,"takeoverPoints":65},"latitude":63.809446,"currentOwner":{"name":"Jaktfalk","id":20160},"time":"2021-06-13T04:01:42+0000","type":"takeover","longitude":20.321903},{"zone":{"previousOwner":{"name":"-Morten-","id":313198},"dateCreated":"2021-04-30T07:00:00+0000","dateLastTaken":"2021-06-13T04:01:39+0000","latitude":53.866265,"currentOwner":{"name":"GM20","id":334451},"name":"Meesenplatz","id":400068,"totalTakeovers":58,"region":{"area":{"name":"Lübeck","id":3879},"country":"de","name":"Schleswig-Holstein","id":443},"pointsPerHour":2,"longitude":10.718447,"takeoverPoints":170},"assists":[{"name":"Kurbel","id":312543}],"latitude":53.866265,"currentOwner":{"name":"GM20","id":334451},"time":"2021-06-13T04:01:39+0000","type":"takeover","longitude":10.718447},{"zone":{"previousOwner":{"name":"Boinkaboinka","id":133017},"dateLastTaken":"2021-06-13T04:01:35+0000","latitude":59.86788,"totalTakeovers":16524,"type":{"name":"Holy","id":9},"pointsPerHour":8,"takeoverPoints":80,"dateCreated":"2012-10-29T10:48:02+0000","currentOwner":{"name":"omnivore","id":72063},"name":"PerrasPlats","id":11761,"region":{"area":{"name":"Uppsala kommun","id":1977},"country":"se","name":"Uppsala","id":142},"longitude":17.649574},"latitude":59.86788,"currentOwner":{"name":"omnivore","id":72063},"time":"2021-06-13T04:01:35+0000","type":"takeover","longitude":17.649574},{"zone":{"previousOwner":{"name":"Grönjäveln","id":117520},"dateCreated":"2015-03-12T22:00:00+0000","dateLastTaken":"2021-06-13T04:01:14+0000","latitude":58.685224,"currentOwner":{"name":"AudioPelle","id":63238},"name":"Vägvalet","id":46733,"totalTakeovers":1381,"region":{"area":{"name":"Oxelösunds kommun","id":1849},"country":"se","name":"Södermanland","id":140},"pointsPerHour":3,"longitude":17.093544,"takeoverPoints":155},"latitude":58.685224,"currentOwner":{"name":"AudioPelle","id":63238},"time":"2021-06-13T04:01:14+0000","type":"takeover","longitude":17.093544},{"zone":{"previousOwner":{"name":"Calmare1","id":77612},"dateCreated":"2016-05-20T19:21:35+0000","dateLastTaken":"2021-06-13T04:01:12+0000","latitude":56.654374,"currentOwner":{"name":"GW007","id":77704},"name":"SundPath","id":74413,"totalTakeovers":8090,"region":{"area":{"name":"Kalmar kommun","id":2015},"country":"se","name":"Kalmar","id":137},"pointsPerHour":6,"longitude":16.345931,"takeoverPoints":110},"latitude":56.654374,"currentOwner":{"name":"GW007","id":77704},"time":"2021-06-13T04:01:12+0000","type":"takeover","longitude":16.345931},{"zone":{"dateCreated":"2016-12-13T22:00:00+0000","dateLastTaken":"2021-06-13T04:01:08+0000","latitude":-37.817726,"currentOwner":{"name":"AnaXOz","id":243418},"name":"FlinderStairs","id":92479,"totalTakeovers":40,"region":{"name":"Australia","id":222},"pointsPerHour":1,"longitude":144.967283,"takeoverPoints":185},"latitude":-37.817726,"currentOwner":{"name":"AnaXOz","id":243418},"time":"2021-06-13T04:01:08+0000","type":"takeover","longitude":144.967283},{"zone":{"previousOwner":{"name":"Lannister","id":20681},"dateCreated":"2017-09-23T09:00:00+0000","dateLastTaken":"2021-06-13T04:00:34+0000","latitude":63.810843,"currentOwner":{"name":"Jaktfalk","id":20160},"name":"MellanJobb","id":126255,"totalTakeovers":13579,"region":{"area":{"name":"Umeå kommun","id":2064},"country":"se","name":"Västerbotten","id":127},"pointsPerHour":8,"longitude":20.320126,"takeoverPoints":80},"latitude":63.810843,"currentOwner":{"name":"Jaktfalk","id":20160},"time":"2021-06-13T04:00:34+0000","type":"takeover","longitude":20.320126},{"zone":{"previousOwner":{"name":"Baarman","id":16869},"dateCreated":"2014-04-17T13:16:27+0000","dateLastTaken":"2021-06-13T04:00:26+0000","latitude":59.279004,"currentOwner":{"name":"Nathan-Drake","id":328067},"name":"RiverlakeCity","id":28371,"totalTakeovers":14041,"region":{"area":{"name":"Stockholms kommun","id":1828},"country":"se","name":"Stockholm","id":141},"pointsPerHour":8,"longitude":18.00903,"takeoverPoints":80},"latitude":59.279004,"currentOwner":{"name":"Nathan-Drake","id":328067},"time":"2021-06-13T04:00:26+0000","type":"takeover","longitude":18.00903},{"zone":{"previousOwner":{"name":"Calmare1","id":77612},"dateCreated":"2013-09-16T17:59:22+0000","dateLastTaken":"2021-06-13T04:00:17+0000","latitude":56.653482,"currentOwner":{"name":"GW007","id":77704},"name":"4Hagen","id":21712,"totalTakeovers":12552,"region":{"area":{"name":"Kalmar kommun","id":2015},"country":"se","name":"Kalmar","id":137},"pointsPerHour":6,"longitude":16.342935,"takeoverPoints":110},"latitude":56.653482,"currentOwner":{"name":"GW007","id":77704},"time":"2021-06-13T04:00:17+0000","type":"takeover","longitude":16.342935},{"zone":{"previousOwner":{"name":"MrXzon","id":144423},"dateLastTaken":"2021-06-13T04:00:12+0000","latitude":59.853904,"totalTakeovers":3728,"type":{"name":"Winner Zone","id":6},"pointsPerHour":7,"takeoverPoints":95,"dateCreated":"2016-03-15T21:00:00+0000","currentOwner":{"name":"fotominne","id":273615},"name":"SJ201601","id":64439,"region":{"area":{"name":"Uppsala kommun","id":1977},"country":"se","name":"Uppsala","id":142},"longitude":17.636171},"latitude":59.853904,"currentOwner":{"name":"fotominne","id":273615},"time":"2021-06-13T04:00:12+0000","type":"takeover","longitude":17.636171},{"zone":{"previousOwner":{"name":"-Morten-","id":313198},"dateCreated":"2021-03-04T08:31:48+0000","dateLastTaken":"2021-06-13T04:00:05+0000","latitude":53.864108,"currentOwner":{"name":"GM20","id":334451},"name":"KaufhofPlatz","id":389357,"totalTakeovers":358,"region":{"area":{"name":"Lübeck","id":3879},"country":"de","name":"Schleswig-Holstein","id":443},"pointsPerHour":5,"longitude":10.719387,"takeoverPoints":125},"assists":[{"name":"Kurbel","id":312543}],"latitude":53.864108,"currentOwner":{"name":"GM20","id":334451},"time":"2021-06-13T04:00:05+0000","type":"takeover","longitude":10.719387},{"zone":{"previousOwner":{"name":"Boinkaboinka","id":133017},"dateCreated":"2018-05-10T05:00:00+0000","dateLastTaken":"2021-06-13T04:00:01+0000","latitude":59.868344,"currentOwner":{"name":"omnivore","id":72063},"name":"Kvarngärde","id":144403,"totalTakeovers":6482,"region":{"area":{"name":"Uppsala kommun","id":1977},"country":"se","name":"Uppsala","id":142},"pointsPerHour":8,"longitude":17.653163,"takeoverPoints":80},"latitude":59.868344,"currentOwner":{"name":"omnivore","id":72063},"time":"2021-06-13T04:00:01+0000","type":"takeover","longitude":17.653163},{"zone":{"previousOwner":{"name":"beha","id":186270},"dateCreated":"2013-10-31T07:00:00+0000","dateLastTaken":"2021-06-13T03:59:58+0000","latitude":59.226083,"currentOwner":{"name":"swift64","id":326287},"name":"Mobackaplan","id":22482,"totalTakeovers":2278,"region":{"area":{"name":"Örebro kommun","id":1819},"country":"se","name":"Örebro","id":131},"pointsPerHour":4,"longitude":15.156044,"takeoverPoints":140},"latitude":59.226083,"currentOwner":{"name":"swift64","id":326287},"time":"2021-06-13T03:59:58+0000","type":"takeover","longitude":15.156044},{"zone":{"previousOwner":{"name":"Calmare1","id":77612},"dateCreated":"2021-05-08T07:00:00+0000","dateLastTaken":"2021-06-13T03:59:29+0000","latitude":56.669223,"currentOwner":{"name":"Mossetomten","id":301020},"name":"Supporten","id":408063,"totalTakeovers":123,"region":{"area":{"name":"Kalmar kommun","id":2015},"country":"se","name":"Kalmar","id":137},"pointsPerHour":6,"longitude":16.362875,"takeoverPoints":110},"latitude":56.669223,"currentOwner":{"name":"Mossetomten","id":301020},"time":"2021-06-13T03:59:29+0000","type":"takeover","longitude":16.362875},{"zone":{"previousOwner":{"name":"Calmare1","id":77612},"dateCreated":"2013-06-08T12:29:16+0000","dateLastTaken":"2021-06-13T03:59:24+0000","latitude":56.652381,"currentOwner":{"name":"GW007","id":77704},"name":"SundStone","id":19317,"totalTakeovers":11308,"region":{"area":{"name":"Kalmar kommun","id":2015},"country":"se","name":"Kalmar","id":137},"pointsPerHour":6,"longitude":16.339909,"takeoverPoints":110},"latitude":56.652381,"currentOwner":{"name":"GW007","id":77704},"time":"2021-06-13T03:59:24+0000","type":"takeover","longitude":16.339909},{"zone":{"previousOwner":{"name":"CardiffSoulCru","id":302121},"dateCreated":"2021-05-09T07:00:00+0000","dateLastTaken":"2021-06-13T03:59:16+0000","latitude":55.980161,"currentOwner":{"name":"CardiffSoulCru","id":302121},"name":"ViewHopetoun","id":408247,"totalTakeovers":23,"region":{"area":{"name":"East Lothian","id":2786},"country":"gb","name":"Scotland","id":200},"pointsPerHour":1,"longitude":-2.817228,"takeoverPoints":185},"latitude":55.980161,"currentOwner":{"name":"CardiffSoulCru","id":302121},"time":"2021-06-13T03:59:16+0000","type":"takeover","longitude":-2.817228},{"zone":{"previousOwner":{"name":"Bikegirl","id":188982},"dateLastTaken":"2021-06-13T03:59:08+0000","latitude":59.278388,"totalTakeovers":14769,"type":{"name":"Train Station","id":13},"pointsPerHour":9,"takeoverPoints":65,"dateCreated":"2017-12-13T16:29:06+0000","currentOwner":{"name":"Nathan-Drake","id":328067},"name":"ÄlvsjöStation","id":137561,"region":{"area":{"name":"Stockholms kommun","id":1828},"country":"se","name":"Stockholm","id":141},"longitude":18.010729},"latitude":59.278388,"currentOwner":{"name":"Nathan-Drake","id":328067},"time":"2021-06-13T03:59:08+0000","type":"takeover","longitude":18.010729},{"zone":{"previousOwner":{"name":"Lillkvadden","id":70204},"dateCreated":"2019-10-22T09:39:35+0000","dateLastTaken":"2021-06-13T03:59:06+0000","latitude":58.194483,"currentOwner":{"name":"lenab54","id":113777},"name":"TrampaSnett","id":221159,"totalTakeovers":108,"region":{"area":{"name":"Valdemarsviks kommun","id":1862},"country":"se","name":"Östergötland","id":139},"pointsPerHour":1,"longitude":16.577722,"takeoverPoints":185},"latitude":58.194483,"currentOwner":{"name":"lenab54","id":113777},"time":"2021-06-13T03:59:06+0000","type":"takeover","longitude":16.577722},{"zone":{"previousOwner":{"name":"-SORTSIUS-","id":333084},"dateCreated":"2014-07-19T08:16:00+0000","dateLastTaken":"2021-06-13T03:59:04+0000","latitude":59.592648,"currentOwner":{"name":"Stridis","id":313716},"name":"TapZone","id":31804,"totalTakeovers":6380,"region":{"area":{"name":"Västerås","id":1807},"country":"se","name":"Västmanland","id":143},"pointsPerHour":8,"longitude":16.519352,"takeoverPoints":80},"latitude":59.592648,"currentOwner":{"name":"Stridis","id":313716},"time":"2021-06-13T03:59:04+0000","type":"takeover","longitude":16.519352},{"zone":{"previousOwner":{"name":"Lannister","id":20681},"dateCreated":"2012-06-05T21:32:34+0000","dateLastTaken":"2021-06-13T03:58:48+0000","latitude":63.812757,"currentOwner":{"name":"Jaktfalk","id":20160},"name":"StipendieZone","id":9384,"totalTakeovers":19615,"region":{"area":{"name":"Umeå kommun","id":2064},"country":"se","name":"Västerbotten","id":127},"pointsPerHour":8,"longitude":20.322007,"takeoverPoints":80},"latitude":63.812757,"currentOwner":{"name":"Jaktfalk","id":20160},"time":"2021-06-13T03:58:48+0000","type":"takeover","longitude":20.322007},{"zone":{"previousOwner":{"name":"mokisen","id":334098},"dateCreated":"2014-10-04T08:32:27+0000","dateLastTaken":"2021-06-13T03:58:45+0000","latitude":59.361494,"currentOwner":{"name":"jompe","id":110837},"name":"NickelPath","id":37499,"totalTakeovers":3337,"region":{"area":{"name":"Eskilstuna kommun","id":1848},"country":"se","name":"Södermanland","id":140},"pointsPerHour":6,"longitude":16.46471,"takeoverPoints":110},"latitude":59.361494,"currentOwner":{"name":"jompe","id":110837},"time":"2021-06-13T03:58:45+0000","type":"takeover","longitude":16.46471},{"zone":{"previousOwner":{"name":"tilverturf","id":166033},"dateCreated":"2010-09-04T14:41:37+0000","dateLastTaken":"2021-06-13T03:58:32+0000","latitude":59.870322,"currentOwner":{"name":"omnivore","id":72063},"name":"Thunman","id":679,"totalTakeovers":16551,"region":{"area":{"name":"Uppsala kommun","id":1977},"country":"se","name":"Uppsala","id":142},"pointsPerHour":8,"longitude":17.65384,"takeoverPoints":80},"latitude":59.870322,"currentOwner":{"name":"omnivore","id":72063},"time":"2021-06-13T03:58:32+0000","type":"takeover","longitude":17.65384},{"zone":{"previousOwner":{"name":"Grönjäveln","id":117520},"dateCreated":"2015-03-12T22:00:00+0000","dateLastTaken":"2021-06-13T03:58:24+0000","latitude":58.681881,"currentOwner":{"name":"AudioPelle","id":63238},"name":"IngetAttSeHär","id":46759,"totalTakeovers":3575,"region":{"area":{"name":"Oxelösunds kommun","id":1849},"country":"se","name":"Södermanland","id":140},"pointsPerHour":5,"longitude":17.082146,"takeoverPoints":125},"latitude":58.681881,"currentOwner":{"name":"AudioPelle","id":63238},"time":"2021-06-13T03:58:24+0000","type":"takeover","longitude":17.082146},{"zone":{"previousOwner":{"name":"-Morten-","id":313198},"dateCreated":"2021-05-22T07:00:00+0000","dateLastTaken":"2021-06-13T03:58:14+0000","latitude":53.86274,"currentOwner":{"name":"GM20","id":334451},"name":"MaxMaxMax","id":413235,"totalTakeovers":61,"region":{"area":{"name":"Lübeck","id":3879},"country":"de","name":"Schleswig-Holstein","id":443},"pointsPerHour":4,"longitude":10.716924,"takeoverPoints":140},"latitude":53.86274,"currentOwner":{"name":"GM20","id":334451},"time":"2021-06-13T03:58:14+0000","type":"takeover","longitude":10.716924},{"zone":{"previousOwner":{"name":"Aniara64","id":322386},"dateCreated":"2015-04-29T20:46:21+0000","dateLastTaken":"2021-06-13T03:58:13+0000","latitude":57.73177,"currentOwner":{"name":"MaryLand","id":314899},"name":"Nanozon","id":51272,"totalTakeovers":536,"region":{"area":{"name":"Borås kommun","id":1903},"country":"se","name":"Västra Götaland","id":132},"pointsPerHour":3,"longitude":12.985396,"takeoverPoints":155},"latitude":57.73177,"currentOwner":{"name":"MaryLand","id":314899},"time":"2021-06-13T03:58:13+0000","type":"takeover","longitude":12.985396},{"zone":{"previousOwner":{"name":"Calmare1","id":77612},"dateLastTaken":"2021-06-13T03:58:12+0000","latitude":56.6503,"totalTakeovers":8118,"type":{"name":"Winner Zone","id":6},"pointsPerHour":6,"takeoverPoints":110,"dateCreated":"2015-03-08T08:00:00+0000","currentOwner":{"name":"GW007","id":77704},"name":"GWsGuldpärla","id":46364,"region":{"area":{"name":"Kalmar kommun","id":2015},"country":"se","name":"Kalmar","id":137},"longitude":16.337048},"latitude":56.6503,"currentOwner":{"name":"GW007","id":77704},"time":"2021-06-13T03:58:12+0000","type":"takeover","longitude":16.337048},{"zone":{"previousOwner":{"name":"simpson","id":71440},"dateCreated":"2013-06-07T06:49:55+0000","dateLastTaken":"2021-06-13T03:57:59+0000","latitude":59.390814,"currentOwner":{"name":"Stigen","id":114564},"name":"SäteriVåx","id":19204,"totalTakeovers":13618,"region":{"area":{"name":"Karlstads kommun","id":1827},"country":"se","name":"Värmland","id":130},"pointsPerHour":8,"longitude":13.481974,"takeoverPoints":80},"latitude":59.390814,"currentOwner":{"name":"Stigen","id":114564},"time":"2021-06-13T03:57:59+0000","type":"takeover","longitude":13.481974},{"zone":{"previousOwner":{"name":"linkaz","id":101631},"dateCreated":"2015-06-12T10:32:20+0000","dateLastTaken":"2021-06-13T03:57:16+0000","latitude":63.814764,"currentOwner":{"name":"Jaktfalk","id":20160},"name":"Kolbäcksrakan","id":54661,"totalTakeovers":15630,"region":{"area":{"name":"Umeå kommun","id":2064},"country":"se","name":"Västerbotten","id":127},"pointsPerHour":8,"longitude":20.327526,"takeoverPoints":80},"latitude":63.814764,"currentOwner":{"name":"Jaktfalk","id":20160},"time":"2021-06-13T03:57:16+0000","type":"takeover","longitude":20.327526},{"zone":{"previousOwner":{"name":"Rällepälle","id":247095},"dateCreated":"2013-06-08T12:32:28+0000","dateLastTaken":"2021-06-13T03:56:57+0000","latitude":56.651581,"currentOwner":{"name":"GW007","id":77704},"name":"Lillviken","id":19319,"totalTakeovers":11158,"region":{"area":{"name":"Kalmar kommun","id":2015},"country":"se","name":"Kalmar","id":137},"pointsPerHour":6,"longitude":16.334348,"takeoverPoints":110},"latitude":56.651581,"currentOwner":{"name":"GW007","id":77704},"time":"2021-06-13T03:56:57+0000","type":"takeover","longitude":16.334348},{"zone":{"previousOwner":{"name":"Grönjäveln","id":117520},"dateCreated":"2015-03-12T22:00:00+0000","dateLastTaken":"2021-06-13T03:56:46+0000","latitude":58.680771,"currentOwner":{"name":"AudioPelle","id":63238},"name":"Nygammalt","id":46757,"totalTakeovers":3696,"region":{"area":{"name":"Oxelösunds kommun","id":1849},"country":"se","name":"Södermanland","id":140},"pointsPerHour":5,"longitude":17.075503,"takeoverPoints":125},"latitude":58.680771,"currentOwner":{"name":"AudioPelle","id":63238},"time":"2021-06-13T03:56:46+0000","type":"takeover","longitude":17.075503},{"zone":{"previousOwner":{"name":"edjur","id":50729},"dateCreated":"2010-09-12T18:31:42+0000","dateLastTaken":"2021-06-13T03:56:45+0000","latitude":59.849234,"currentOwner":{"name":"fotominne","id":273615},"name":"GetWellZone","id":868,"totalTakeovers":12897,"region":{"area":{"name":"Uppsala kommun","id":1977},"country":"se","name":"Uppsala","id":142},"pointsPerHour":8,"longitude":17.636651,"takeoverPoints":80},"latitude":59.849234,"currentOwner":{"name":"fotominne","id":273615},"time":"2021-06-13T03:56:45+0000","type":"takeover","longitude":17.636651},{"zone":{"previousOwner":{"name":"Lillkvadden","id":70204},"dateCreated":"2015-09-13T09:00:00+0000","dateLastTaken":"2021-06-13T03:56:44+0000","latitude":58.191514,"currentOwner":{"name":"lenab54","id":113777},"name":"Ekgården","id":57684,"totalTakeovers":2536,"region":{"area":{"name":"Valdemarsviks kommun","id":1862},"country":"se","name":"Östergötland","id":139},"pointsPerHour":1,"longitude":16.5721,"takeoverPoints":185},"latitude":58.191514,"currentOwner":{"name":"lenab54","id":113777},"time":"2021-06-13T03:56:44+0000","type":"takeover","longitude":16.5721},{"zone":{"previousOwner":{"name":"-Morten-","id":313198},"dateCreated":"2021-03-20T08:00:00+0000","dateLastTaken":"2021-06-13T03:56:13+0000","latitude":53.860301,"currentOwner":{"name":"GM20","id":334451},"name":"Rübenkoppel","id":392982,"totalTakeovers":214,"region":{"area":{"name":"Lübeck","id":3879},"country":"de","name":"Schleswig-Holstein","id":443},"pointsPerHour":4,"longitude":10.719063,"takeoverPoints":140},"assists":[{"name":"Kurbel","id":312543}],"latitude":53.860301,"currentOwner":{"name":"GM20","id":334451},"time":"2021-06-13T03:56:13+0000","type":"takeover","longitude":10.719063},{"zone":{"previousOwner":{"name":"tilverturf","id":166033},"dateCreated":"2012-12-24T11:00:00+0000","dateLastTaken":"2021-06-13T03:56:13+0000","latitude":59.868137,"currentOwner":{"name":"omnivore","id":72063},"name":"MultiFuel","id":12405,"totalTakeovers":12323,"region":{"area":{"name":"Uppsala kommun","id":1977},"country":"se","name":"Uppsala","id":142},"pointsPerHour":8,"longitude":17.659061,"takeoverPoints":80},"latitude":59.868137,"currentOwner":{"name":"omnivore","id":72063},"time":"2021-06-13T03:56:13+0000","type":"takeover","longitude":17.659061},{"zone":{"previousOwner":{"name":"Rällepälle","id":247095},"dateCreated":"2013-12-24T11:00:00+0000","dateLastTaken":"2021-06-13T03:55:43+0000","latitude":56.652487,"currentOwner":{"name":"GW007","id":77704},"name":"Flundran","id":23983,"totalTakeovers":8446,"region":{"area":{"name":"Kalmar kommun","id":2015},"country":"se","name":"Kalmar","id":137},"pointsPerHour":6,"longitude":16.331307,"takeoverPoints":110},"latitude":56.652487,"currentOwner":{"name":"GW007","id":77704},"time":"2021-06-13T03:55:43+0000","type":"takeover","longitude":16.331307},{"zone":{"previousOwner":{"name":"inda7","id":61103},"dateCreated":"2013-02-21T21:15:58+0000","dateLastTaken":"2021-06-13T03:55:41+0000","latitude":63.812198,"currentOwner":{"name":"Jaktfalk","id":20160},"name":"Tomtekorset","id":15114,"totalTakeovers":21998,"region":{"area":{"name":"Umeå kommun","id":2064},"country":"se","name":"Västerbotten","id":127},"pointsPerHour":9,"longitude":20.334469,"takeoverPoints":65},"latitude":63.812198,"currentOwner":{"name":"Jaktfalk","id":20160},"time":"2021-06-13T03:55:41+0000","type":"takeover","longitude":20.334469},{"zone":{"previousOwner":{"name":"Bikegirl","id":188982},"dateLastTaken":"2021-06-13T03:55:35+0000","latitude":59.274725,"totalTakeovers":7465,"type":{"name":"Bridge","id":8},"pointsPerHour":8,"takeoverPoints":80,"dateCreated":"2014-10-25T06:00:00+0000","currentOwner":{"name":"Nathan-Drake","id":328067},"name":"Halvsnurr","id":37743,"region":{"area":{"name":"Stockholms kommun","id":1828},"country":"se","name":"Stockholm","id":141},"longitude":18.017166},"latitude":59.274725,"currentOwner":{"name":"Nathan-Drake","id":328067},"time":"2021-06-13T03:55:35+0000","type":"takeover","longitude":18.017166},{"zone":{"previousOwner":{"name":"Grönjäveln","id":117520},"dateCreated":"2015-03-12T22:00:00+0000","dateLastTaken":"2021-06-13T03:55:21+0000","latitude":58.682496,"currentOwner":{"name":"AudioPelle","id":63238},"name":"BarBara","id":46756,"totalTakeovers":5077,"region":{"area":{"name":"Oxelösunds kommun","id":1849},"country":"se","name":"Södermanland","id":140},"pointsPerHour":5,"longitude":17.069414,"takeoverPoints":125},"latitude":58.682496,"currentOwner":{"name":"AudioPelle","id":63238},"time":"2021-06-13T03:55:21+0000","type":"takeover","longitude":17.069414},{"zone":{"previousOwner":{"name":"simpson","id":71440},"dateLastTaken":"2021-06-13T03:55:13+0000","latitude":59.388856,"totalTakeovers":10116,"type":{"name":"Winner Zone","id":6},"pointsPerHour":7,"takeoverPoints":95,"dateCreated":"2016-09-09T03:00:00+0000","currentOwner":{"name":"Stigen","id":114564},"name":"Simpson","id":84105,"region":{"area":{"name":"Karlstads kommun","id":1827},"country":"se","name":"Värmland","id":130},"longitude":13.474186},"latitude":59.388856,"currentOwner":{"name":"Stigen","id":114564},"time":"2021-06-13T03:55:13+0000","type":"takeover","longitude":13.474186},{"zone":{"previousOwner":{"name":"MrXzon","id":144423},"dateCreated":"2014-03-21T04:39:56+0000","dateLastTaken":"2021-06-13T03:55:02+0000","latitude":59.852163,"currentOwner":{"name":"fotominne","id":273615},"name":"MotStenPåSten","id":27106,"totalTakeovers":9136,"region":{"area":{"name":"Uppsala kommun","id":1977},"country":"se","name":"Uppsala","id":142},"pointsPerHour":8,"longitude":17.636952,"takeoverPoints":80},"latitude":59.852163,"currentOwner":{"name":"fotominne","id":273615},"time":"2021-06-13T03:55:02+0000","type":"takeover","longitude":17.636952},{"zone":{"previousOwner":{"name":"Bont","id":90307},"dateCreated":"2017-12-11T17:41:08+0000","dateLastTaken":"2021-06-13T03:54:45+0000","latitude":63.810081,"currentOwner":{"name":"Jaktfalk","id":20160},"name":"PlayWithTroll","id":122863,"totalTakeovers":11088,"region":{"area":{"name":"Umeå kommun","id":2064},"country":"se","name":"Västerbotten","id":127},"pointsPerHour":9,"longitude":20.335005,"takeoverPoints":65},"latitude":63.810081,"currentOwner":{"name":"Jaktfalk","id":20160},"time":"2021-06-13T03:54:45+0000","type":"takeover","longitude":20.335005},{"zone":{"previousOwner":{"name":"Rällepälle","id":247095},"dateCreated":"2016-05-20T19:31:24+0000","dateLastTaken":"2021-06-13T03:54:34+0000","latitude":56.655092,"currentOwner":{"name":"GW007","id":77704},"name":"GrimField","id":74417,"totalTakeovers":9575,"region":{"area":{"name":"Kalmar kommun","id":2015},"country":"se","name":"Kalmar","id":137},"pointsPerHour":6,"longitude":16.33165,"takeoverPoints":110},"latitude":56.655092,"currentOwner":{"name":"GW007","id":77704},"time":"2021-06-13T03:54:34+0000","type":"takeover","longitude":16.33165},{"zone":{"previousOwner":{"name":"beha","id":186270},"dateCreated":"2014-01-14T18:00:00+0000","dateLastTaken":"2021-06-13T03:54:28+0000","latitude":59.219021,"currentOwner":{"name":"swift64","id":326287},"name":"GälleBrunn","id":24878,"totalTakeovers":647,"region":{"area":{"name":"Örebro kommun","id":1819},"country":"se","name":"Örebro","id":131},"pointsPerHour":2,"longitude":15.14735,"takeoverPoints":170},"latitude":59.219021,"currentOwner":{"name":"swift64","id":326287},"time":"2021-06-13T03:54:28+0000","type":"takeover","longitude":15.14735},{"zone":{"previousOwner":{"name":"VincentVega","id":58769},"dateCreated":"2016-02-22T17:00:00+0000","dateLastTaken":"2021-06-13T03:54:23+0000","latitude":59.513087,"currentOwner":{"name":"mrgolfer","id":29831},"name":"KöpingBilturf","id":63752,"totalTakeovers":2608,"region":{"area":{"name":"Köpings kommun","id":1813},"country":"se","name":"Västmanland","id":143},"pointsPerHour":5,"longitude":15.9454,"takeoverPoints":125},"latitude":59.513087,"currentOwner":{"name":"mrgolfer","id":29831},"time":"2021-06-13T03:54:23+0000","type":"takeover","longitude":15.9454},{"zone":{"previousOwner":{"name":"-Morten-","id":313198},"dateCreated":"2021-04-05T06:00:00+0000","dateLastTaken":"2021-06-13T03:54:17+0000","latitude":53.859082,"currentOwner":{"name":"GM20","id":334451},"name":"Bertramshof","id":394788,"totalTakeovers":147,"region":{"area":{"name":"Lübeck","id":3879},"country":"de","name":"Schleswig-Holstein","id":443},"pointsPerHour":3,"longitude":10.714131,"takeoverPoints":155},"assists":[{"name":"Kurbel","id":312543}],"latitude":53.859082,"currentOwner":{"name":"GM20","id":334451},"time":"2021-06-13T03:54:17+0000","type":"takeover","longitude":10.714131},{"zone":{"previousOwner":{"name":"Bikegirl","id":188982},"dateCreated":"2016-06-05T01:02:14+0000","dateLastTaken":"2021-06-13T03:54:07+0000","latitude":59.27208,"currentOwner":{"name":"Nathan-Drake","id":328067},"name":"Turingeparken","id":78441,"totalTakeovers":5399,"region":{"area":{"name":"Stockholms kommun","id":1828},"country":"se","name":"Stockholm","id":141},"pointsPerHour":7,"longitude":18.018039,"takeoverPoints":95},"latitude":59.27208,"currentOwner":{"name":"Nathan-Drake","id":328067},"time":"2021-06-13T03:54:07+0000","type":"takeover","longitude":18.018039},{"zone":{"previousOwner":{"name":"Calmare1","id":77612},"dateCreated":"2012-07-16T00:49:03+0000","dateLastTaken":"2021-06-13T03:54:06+0000","latitude":56.670307,"currentOwner":{"name":"Mossetomten","id":301020},"name":"SomJutet","id":9702,"totalTakeovers":13202,"region":{"area":{"name":"Kalmar kommun","id":2015},"country":"se","name":"Kalmar","id":137},"pointsPerHour":7,"longitude":16.357967,"takeoverPoints":95},"latitude":56.670307,"currentOwner":{"name":"Mossetomten","id":301020},"time":"2021-06-13T03:54:06+0000","type":"takeover","longitude":16.357967},{"zone":{"previousOwner":{"name":"tilverturf","id":166033},"dateCreated":"2010-09-04T14:41:37+0000","dateLastTaken":"2021-06-13T03:54:01+0000","latitude":59.864824,"currentOwner":{"name":"omnivore","id":72063},"name":"BirdPaddock","id":477,"totalTakeovers":16442,"region":{"area":{"name":"Uppsala kommun","id":1977},"country":"se","name":"Uppsala","id":142},"pointsPerHour":8,"longitude":17.662874,"takeoverPoints":80},"latitude":59.864824,"currentOwner":{"name":"omnivore","id":72063},"time":"2021-06-13T03:54:01+0000","type":"takeover","longitude":17.662874},{"zone":{"previousOwner":{"name":"Grönjäveln","id":117520},"dateCreated":"2015-01-20T00:00:00+0000","dateLastTaken":"2021-06-13T03:53:56+0000","latitude":58.685035,"currentOwner":{"name":"AudioPelle","id":63238},"name":"TheOnlyWay","id":43966,"totalTakeovers":2703,"region":{"area":{"name":"Oxelösunds kommun","id":1849},"country":"se","name":"Södermanland","id":140},"pointsPerHour":4,"longitude":17.065641,"takeoverPoints":140},"latitude":58.685035,"currentOwner":{"name":"AudioPelle","id":63238},"time":"2021-06-13T03:53:56+0000","type":"takeover","longitude":17.065641},{"zone":{"previousOwner":{"name":"Bont","id":90307},"dateCreated":"2019-02-16T22:51:28+0000","dateLastTaken":"2021-06-13T03:53:45+0000","latitude":63.807734,"currentOwner":{"name":"Jaktfalk","id":20160},"name":"VitterYtter","id":179979,"totalTakeovers":6853,"region":{"area":{"name":"Umeå kommun","id":2064},"country":"se","name":"Västerbotten","id":127},"pointsPerHour":9,"longitude":20.336249,"takeoverPoints":65},"latitude":63.807734,"currentOwner":{"name":"Jaktfalk","id":20160},"time":"2021-06-13T03:53:45+0000","type":"takeover","longitude":20.336249},{"zone":{"previousOwner":{"name":"simpson","id":71440},"dateCreated":"2013-01-01T15:00:00+0000","dateLastTaken":"2021-06-13T03:53:06+0000","latitude":59.38621,"currentOwner":{"name":"Stigen","id":114564},"name":"VåxIndustry","id":12502,"totalTakeovers":13084,"region":{"area":{"name":"Karlstads kommun","id":1827},"country":"se","name":"Värmland","id":130},"pointsPerHour":8,"longitude":13.472895,"takeoverPoints":80},"latitude":59.38621,"currentOwner":{"name":"Stigen","id":114564},"time":"2021-06-13T03:53:06+0000","type":"takeover","longitude":13.472895},{"zone":{"previousOwner":{"name":"Calmare1","id":77612},"dateCreated":"2013-09-16T17:55:35+0000","dateLastTaken":"2021-06-13T03:52:55+0000","latitude":56.65456,"currentOwner":{"name":"GW007","id":77704},"name":"Lillvikenbron","id":21711,"totalTakeovers":10893,"region":{"area":{"name":"Kalmar kommun","id":2015},"country":"se","name":"Kalmar","id":137},"pointsPerHour":6,"longitude":16.335596,"takeoverPoints":110},"latitude":56.65456,"currentOwner":{"name":"GW007","id":77704},"time":"2021-06-13T03:52:55+0000","type":"takeover","longitude":16.335596},{"zone":{"previousOwner":{"name":"Lillkvadden","id":70204},"dateCreated":"2015-09-13T09:00:00+0000","dateLastTaken":"2021-06-13T03:52:54+0000","latitude":58.197091,"currentOwner":{"name":"lenab54","id":113777},"name":"Julholmten","id":57683,"totalTakeovers":2198,"region":{"area":{"name":"Valdemarsviks kommun","id":1862},"country":"se","name":"Östergötland","id":139},"pointsPerHour":1,"longitude":16.579885,"takeoverPoints":185},"latitude":58.197091,"currentOwner":{"name":"lenab54","id":113777},"time":"2021-06-13T03:52:54+0000","type":"takeover","longitude":16.579885},{"zone":{"previousOwner":{"name":"Bont","id":90307},"dateCreated":"2013-02-19T21:15:19+0000","dateLastTaken":"2021-06-13T03:52:41+0000","latitude":63.805548,"currentOwner":{"name":"Jaktfalk","id":20160},"name":"Sjöfrun","id":15113,"totalTakeovers":17757,"region":{"area":{"name":"Umeå kommun","id":2064},"country":"se","name":"Västerbotten","id":127},"pointsPerHour":8,"longitude":20.337422,"takeoverPoints":80},"latitude":63.805548,"currentOwner":{"name":"Jaktfalk","id":20160},"time":"2021-06-13T03:52:41+0000","type":"takeover","longitude":20.337422},{"zone":{"previousOwner":{"name":"MrXzon","id":144423},"dateCreated":"2011-04-13T13:37:47+0000","dateLastTaken":"2021-06-13T03:52:36+0000","latitude":59.854216,"currentOwner":{"name":"fotominne","id":273615},"name":"Herbertzone","id":1608,"totalTakeovers":10523,"region":{"area":{"name":"Uppsala kommun","id":1977},"country":"se","name":"Uppsala","id":142},"pointsPerHour":8,"longitude":17.637073,"takeoverPoints":80},"latitude":59.854216,"currentOwner":{"name":"fotominne","id":273615},"time":"2021-06-13T03:52:36+0000","type":"takeover","longitude":17.637073},{"zone":{"previousOwner":{"name":"Mach1","id":69871},"dateCreated":"2018-06-14T17:53:26+0000","dateLastTaken":"2021-06-13T03:52:24+0000","latitude":60.902367,"currentOwner":{"name":"Bamse65","id":75652},"name":"Badstranden","id":154089,"totalTakeovers":167,"region":{"area":{"name":"Rättviks kommun","id":1877},"country":"se","name":"Dalarna","id":129},"pointsPerHour":1,"longitude":15.014285,"takeoverPoints":185},"latitude":60.902367,"currentOwner":{"name":"Bamse65","id":75652},"time":"2021-06-13T03:52:24+0000","type":"takeover","longitude":15.014285},{"zone":{"previousOwner":{"name":"mokisen","id":334098},"dateCreated":"2014-10-04T08:32:27+0000","dateLastTaken":"2021-06-13T03:52:12+0000","latitude":59.359449,"currentOwner":{"name":"jompe","id":110837},"name":"Rubinen","id":37498,"totalTakeovers":3493,"region":{"area":{"name":"Eskilstuna kommun","id":1848},"country":"se","name":"Södermanland","id":140},"pointsPerHour":5,"longitude":16.470733,"takeoverPoints":125},"latitude":59.359449,"currentOwner":{"name":"jompe","id":110837},"time":"2021-06-13T03:52:12+0000","type":"takeover","longitude":16.470733},{"zone":{"previousOwner":{"name":"Nystagmus","id":92092},"dateLastTaken":"2021-06-13T03:52:10+0000","latitude":57.732041,"totalTakeovers":105,"type":{"name":"Bridge","id":8},"pointsPerHour":2,"takeoverPoints":170,"dateCreated":"2021-01-31T13:05:03+0000","currentOwner":{"name":"MaryLand","id":314899},"name":"Bastubron","id":354835,"region":{"area":{"name":"Borås kommun","id":1903},"country":"se","name":"Västra Götaland","id":132},"longitude":13.015947},"latitude":57.732041,"currentOwner":{"name":"MaryLand","id":314899},"time":"2021-06-13T03:52:10+0000","type":"takeover","longitude":13.015947},{"zone":{"previousOwner":{"name":"Bikegirl","id":188982},"dateCreated":"2013-11-13T00:21:34+0000","dateLastTaken":"2021-06-13T03:52:02+0000","latitude":59.268809,"currentOwner":{"name":"Nathan-Drake","id":328067},"name":"Löpmagen","id":22846,"totalTakeovers":4993,"region":{"area":{"name":"Stockholms kommun","id":1828},"country":"se","name":"Stockholm","id":141},"pointsPerHour":6,"longitude":18.019842,"takeoverPoints":110},"latitude":59.268809,"currentOwner":{"name":"Nathan-Drake","id":328067},"time":"2021-06-13T03:52:02+0000","type":"takeover","longitude":18.019842},{"zone":{"previousOwner":{"name":"simpson","id":71440},"dateCreated":"2013-12-28T22:00:00+0000","dateLastTaken":"2021-06-13T03:51:51+0000","latitude":59.385556,"currentOwner":{"name":"Stigen","id":114564},"name":"PetersInland","id":24494,"totalTakeovers":12252,"region":{"area":{"name":"Karlstads kommun","id":1827},"country":"se","name":"Värmland","id":130},"pointsPerHour":7,"longitude":13.46886,"takeoverPoints":95},"latitude":59.385556,"currentOwner":{"name":"Stigen","id":114564},"time":"2021-06-13T03:51:51+0000","type":"takeover","longitude":13.46886},{"zone":{"previousOwner":{"name":"Lillkvadden","id":70204},"dateCreated":"2018-09-12T07:57:32+0000","dateLastTaken":"2021-06-13T03:51:40+0000","latitude":58.198826,"currentOwner":{"name":"lenab54","id":113777},"name":"MotSörby","id":163251,"totalTakeovers":330,"region":{"area":{"name":"Valdemarsviks kommun","id":1862},"country":"se","name":"Östergötland","id":139},"pointsPerHour":1,"longitude":16.581368,"takeoverPoints":185},"latitude":58.198826,"currentOwner":{"name":"lenab54","id":113777},"time":"2021-06-13T03:51:40+0000","type":"takeover","longitude":16.581368},{"zone":{"previousOwner":{"name":"Grönjäveln","id":117520},"dateCreated":"2015-01-20T00:00:00+0000","dateLastTaken":"2021-06-13T03:51:36+0000","latitude":58.687791,"currentOwner":{"name":"AudioPelle","id":63238},"name":"Tvärstopp","id":43963,"totalTakeovers":2717,"region":{"area":{"name":"Oxelösunds kommun","id":1849},"country":"se","name":"Södermanland","id":140},"pointsPerHour":4,"longitude":17.058532,"takeoverPoints":140},"latitude":58.687791,"currentOwner":{"name":"AudioPelle","id":63238},"time":"2021-06-13T03:51:36+0000","type":"takeover","longitude":17.058532},{"zone":{"previousOwner":{"name":"Calmare1","id":77612},"dateCreated":"2016-05-20T19:29:06+0000","dateLastTaken":"2021-06-13T03:51:31+0000","latitude":56.656026,"currentOwner":{"name":"GW007","id":77704},"name":"VikingTurf","id":74416,"totalTakeovers":8203,"region":{"area":{"name":"Kalmar kommun","id":2015},"country":"se","name":"Kalmar","id":137},"pointsPerHour":6,"longitude":16.339458,"takeoverPoints":110},"latitude":56.656026,"currentOwner":{"name":"GW007","id":77704},"time":"2021-06-13T03:51:31+0000","type":"takeover","longitude":16.339458},{"zone":{"previousOwner":{"name":"inda7","id":61103},"dateCreated":"2015-09-25T04:00:00+0000","dateLastTaken":"2021-06-13T03:51:22+0000","latitude":63.805083,"currentOwner":{"name":"Jaktfalk","id":20160},"name":"Tomteboparken","id":57828,"totalTakeovers":16838,"region":{"area":{"name":"Umeå kommun","id":2064},"country":"se","name":"Västerbotten","id":127},"pointsPerHour":8,"longitude":20.344107,"takeoverPoints":80},"latitude":63.805083,"currentOwner":{"name":"Jaktfalk","id":20160},"time":"2021-06-13T03:51:22+0000","type":"takeover","longitude":20.344107}]