[{"medal":31,"time":"2021-09-27T05:28:28+0000","type":"medal","user":{"country":"se","medals":[31],"zones":[13672],"pointsPerHour":0,"points":4359,"blocktime":690,"taken":25,"name":"PinkPrincess10","totalPoints":4359,"rank":6,"id":340214,"place":9289,"uniqueZonesTaken":3,"region":{"name":"Stockholm","id":141}}},{"sender":{"country":"se","medals":[16,70,22,67,4,27,17,72,75,79,77,83,24,60,24,19,24,91,19,116,24,74,17,123,118,24,126,106,117,127],"zones":[97843,31922,118711,48056,76653,45758],"pointsPerHour":31,"points":68968,"blocktime":1470,"taken":92501,"name":"RiddervanMyyl","totalPoints":15060420,"rank":58,"id":94662,"place":949,"uniqueZonesTaken":6249,"region":{"name":"Stockholm","id":141}},"time":"2021-09-27T05:19:32+0000","message":"Leifons: det är du som är Slayers å inte jsg","region":{"name":"Stockholm","id":141},"type":"chat"}]