[{"medal":80,"time":"2021-09-28T09:46:11+0000","type":"medal","user":{"country":"se","medals":[84,80],"zones":[24019,179204,17864,5258,5260],"pointsPerHour":0,"points":933,"blocktime":645,"taken":6,"name":"LisaStark","totalPoints":933,"rank":3,"id":347167,"place":9565,"uniqueZonesTaken":6,"region":{"name":"Kronoberg","id":147}}},{"medal":84,"time":"2021-09-28T09:45:14+0000","type":"medal","user":{"country":"se","medals":[84],"zones":[24019,24020,5259],"pointsPerHour":0,"points":733,"blocktime":645,"taken":5,"name":"AntonAxelsson","totalPoints":733,"rank":3,"id":347105,"place":9565,"uniqueZonesTaken":5,"region":{"name":"Kronoberg","id":147}}},{"medal":31,"time":"2021-09-28T09:42:44+0000","type":"medal","user":{"country":"se","medals":[80,94,31],"zones":[92312],"pointsPerHour":0,"points":3384,"blocktime":675,"taken":25,"name":"hectorlittle","totalPoints":3384,"rank":5,"id":346176,"place":9565,"uniqueZonesTaken":12,"region":{"name":"Stockholm","id":141}}},{"medal":77,"time":"2021-09-28T09:42:27+0000","type":"medal","user":{"country":"se","medals":[10,16,97,5,47,67,68,70,4,71,106,123,57,6,15,127,38,77],"zones":[2949,8265,155090,342,8092,8094,133858,20577,8097,55970,57059,6947,95652,32678,32679,32680,95720,97450,32684,42733,87663,93238,109501,117437],"pointsPerHour":0,"points":184025,"blocktime":1230,"taken":10486,"name":"ingbra","totalPoints":1947260,"rank":42,"id":280407,"place":9565,"uniqueZonesTaken":1123,"region":{"name":"Jämtland","id":128}}},{"medal":84,"time":"2021-09-28T09:41:25+0000","type":"medal","user":{"country":"se","medals":[84],"zones":[1125],"pointsPerHour":0,"points":543,"blocktime":630,"taken":5,"name":"Starla81","totalPoints":543,"rank":2,"id":345893,"place":9565,"uniqueZonesTaken":5,"region":{"name":"Stockholm","id":141}}}]