[{"medal":31,"time":"2021-09-28T06:46:22+0000","type":"medal","user":{"country":"se","medals":[92,51,94,31],"zones":[95237,179796],"pointsPerHour":0,"points":3048,"blocktime":690,"taken":25,"name":"Karate.Kid","totalPoints":4749,"rank":6,"id":337568,"place":9478,"uniqueZonesTaken":23,"region":{"name":"Kalmar","id":137}}},{"medal":80,"time":"2021-09-28T06:44:47+0000","type":"medal","user":{"country":"se","medals":[84,80],"zones":[12306,1558,179204,429338,5262],"pointsPerHour":0,"points":891,"blocktime":645,"taken":6,"name":"FelixCarlsson","totalPoints":891,"rank":3,"id":345772,"place":9478,"uniqueZonesTaken":6,"region":{"name":"Kronoberg","id":147}}},{"medal":84,"time":"2021-09-28T06:43:57+0000","type":"medal","user":{"country":"se","medals":[93,84],"zones":[24017,79395,653],"pointsPerHour":0,"points":539,"blocktime":630,"taken":5,"name":"William_Strand","totalPoints":539,"rank":2,"id":346997,"place":9478,"uniqueZonesTaken":5,"region":{"name":"Kronoberg","id":147}}},{"medal":84,"time":"2021-09-28T06:43:13+0000","type":"medal","user":{"country":"se","medals":[84],"zones":[44128,7861,7919],"pointsPerHour":0,"points":614,"blocktime":630,"taken":5,"name":"Ilmedina","totalPoints":614,"rank":2,"id":346585,"place":9478,"uniqueZonesTaken":5,"region":{"name":"Kronoberg","id":147}}},{"medal":84,"time":"2021-09-28T06:42:56+0000","type":"medal","user":{"country":"se","medals":[84],"zones":[7860,1557,17754,958],"pointsPerHour":0,"points":525,"blocktime":630,"taken":5,"name":"MutteG","totalPoints":525,"rank":2,"id":347039,"place":9478,"uniqueZonesTaken":5,"region":{"name":"Kronoberg","id":147}}},{"medal":80,"time":"2021-09-28T06:42:44+0000","type":"medal","user":{"country":"se","medals":[80,84],"zones":[24019,337233,5259,5261,958],"pointsPerHour":0,"points":733,"blocktime":645,"taken":5,"name":"EmilieB.Steder","totalPoints":733,"rank":3,"id":346561,"place":9478,"uniqueZonesTaken":5,"region":{"name":"Kronoberg","id":147}}},{"medal":84,"time":"2021-09-28T06:42:44+0000","type":"medal","user":{"country":"se","medals":[80,84],"zones":[24019,337233,5259,5261,958],"pointsPerHour":0,"points":733,"blocktime":645,"taken":5,"name":"EmilieB.Steder","totalPoints":733,"rank":3,"id":346561,"place":9478,"uniqueZonesTaken":5,"region":{"name":"Kronoberg","id":147}}},{"sender":{"country":"se","medals":[46,5,9,22,16,17,67,4,17,24,24,24,24,17,115,15,55,24,24,10,126,79,123,24,106,66,17,127,88],"zones":[152,12074,143],"pointsPerHour":12,"points":83973,"blocktime":1365,"taken":40053,"name":"Lillatanten","totalPoints":5918429,"rank":51,"id":25936,"place":803,"uniqueZonesTaken":2139,"region":{"name":"Stockholm","id":141}},"time":"2021-09-28T06:42:19+0000","message":"sofo-pete: idag fick du den😀","region":{"name":"Stockholm","id":141},"type":"chat"},{"medal":80,"time":"2021-09-28T06:39:22+0000","type":"medal","user":{"country":"se","medals":[84,80],"zones":[24098,24099,24084,269,25375],"pointsPerHour":0,"points":822,"blocktime":645,"taken":7,"name":"Zigge94","totalPoints":822,"rank":3,"id":345511,"place":9478,"uniqueZonesTaken":6,"region":{"name":"Stockholm","id":141}}}]