[{"sender":{"country":"se","medals":[67,5,16,24,117,70,126,72,24,48,24,123,4,24,7,15,130,17,116,59,22,24,107,24,79,41,24,77,24],"zones":[23987,431235,228671],"pointsPerHour":9,"points":29227,"blocktime":1335,"taken":26840,"name":"Podde","totalPoints":4543669,"rank":49,"id":231293,"place":643,"uniqueZonesTaken":1707,"region":{"name":"Kalmar","id":137}},"time":"2023-03-14T13:38:02+0000","message":"HerrNilsson83: kom om du vill!!","region":{"name":"Kalmar","id":137},"type":"chat"},{"sender":{"country":"se","medals":[67,5,16,24,117,70,126,72,24,48,24,123,4,24,7,15,130,17,116,59,22,24,107,24,79,41,24,77,24],"zones":[23987,431235,228671],"pointsPerHour":9,"points":29227,"blocktime":1335,"taken":26840,"name":"Podde","totalPoints":4543669,"rank":49,"id":231293,"place":643,"uniqueZonesTaken":1707,"region":{"name":"Kalmar","id":137}},"time":"2023-03-14T13:37:49+0000","message":"HerrNilsson83: skojade 🤣","region":{"name":"Kalmar","id":137},"type":"chat"},{"sender":{"country":"se","medals":[67,5,47,56,28,16,6,94,14,35,78,128,104],"zones":[34705,25889,155328,152561,114517,61142,50167,63896,93194,44699,27068],"pointsPerHour":21,"points":14989,"blocktime":1110,"taken":3087,"name":"HerrNilsson83","totalPoints":635813,"rank":34,"id":355113,"place":1382,"uniqueZonesTaken":632,"region":{"name":"Kalmar","id":137}},"time":"2023-03-14T13:37:44+0000","message":"Podde: kommer","region":{"name":"Kalmar","id":137},"type":"chat"},{"sender":{"country":"se","medals":[67,5,16,24,117,70,126,72,24,48,24,123,4,24,7,15,130,17,116,59,22,24,107,24,79,41,24,77,24],"zones":[23987,431235,228671],"pointsPerHour":9,"points":29226,"blocktime":1335,"taken":26840,"name":"Podde","totalPoints":4543669,"rank":49,"id":231293,"place":643,"uniqueZonesTaken":1707,"region":{"name":"Kalmar","id":137}},"time":"2023-03-14T13:36:47+0000","message":"HerrNilsson83: vänd hitåt!!!!","region":{"name":"Kalmar","id":137},"type":"chat"},{"medal":32,"time":"2023-03-14T13:24:41+0000","type":"medal","user":{"country":"se","medals":[93,51,11,32],"zones":[63008,12418,242,243,63012,15334,114521,126,63006,14607],"pointsPerHour":0,"points":12278,"blocktime":735,"taken":100,"name":"qfredda","totalPoints":13548,"rank":9,"id":14019,"place":5257,"uniqueZonesTaken":58,"region":{"name":"Stockholm","id":141}}}]