[{"medal":42,"time":"2023-03-14T06:51:13+0000","type":"medal","user":{"country":"se","medals":[92,94,100,51,42],"zones":[1569,115476,94812],"pointsPerHour":0,"points":4886,"blocktime":795,"taken":250,"name":"Marptic","totalPoints":31351,"rank":13,"id":202711,"place":5219,"uniqueZonesTaken":43,"region":{"name":"Stockholm","id":141}}},{"medal":33,"time":"2023-03-14T06:43:40+0000","type":"medal","user":{"country":"se","medals":[94,6,4,12,10,52,128,103,33],"zones":[11761,144403,12405],"pointsPerHour":0,"points":9783,"blocktime":840,"taken":500,"name":"Falkor","totalPoints":58529,"rank":16,"id":336428,"place":5218,"uniqueZonesTaken":144,"region":{"name":"Uppsala","id":142}}}]