[{"medal":95,"time":"2022-09-20T17:25:41+0000","type":"medal","user":{"country":"se","medals":[95],"zones":[],"pointsPerHour":0,"points":125,"blocktime":10,"taken":1,"name":"starmonke","totalPoints":125,"rank":0,"id":376273,"place":8464,"uniqueZonesTaken":1,"region":{"name":"Stockholm","id":141}}},{"medal":95,"time":"2022-09-20T17:25:41+0000","type":"medal","user":{"country":"se","medals":[95],"zones":[],"pointsPerHour":0,"points":280,"blocktime":10,"taken":2,"name":"Ior71","totalPoints":280,"rank":1,"id":376246,"place":8464,"uniqueZonesTaken":2,"region":{"name":"Stockholm","id":141}}},{"medal":95,"time":"2022-09-20T17:25:41+0000","type":"medal","user":{"country":"se","medals":[95],"zones":[13674],"pointsPerHour":0,"points":435,"blocktime":10,"taken":4,"name":"MonKung","totalPoints":638,"rank":2,"id":349818,"place":8464,"uniqueZonesTaken":4,"region":{"name":"Stockholm","id":141}}}]