[{"medal":84,"time":"2022-09-19T08:42:01+0000","type":"medal","user":{"country":"se","medals":[93,84],"zones":[8616,65199],"pointsPerHour":0,"points":616,"blocktime":10,"taken":5,"name":"OliverBlom191","totalPoints":616,"rank":2,"id":375045,"place":8107,"uniqueZonesTaken":4,"region":{"name":"Dalarna","id":129}}},{"sender":{"country":"se","medals":[16,55,6,12,77,70,95,33,67,10,127,103,46],"zones":[481796,42307,139334,6981,6982,165701,3463,176778,90761,117129,475919,3464,117128,176779,114890,114893,176781,96149,356113,203735,64020,96148,9494,101718,475920,148699,148697,81573,80876,428904,224433,145393,94842,393789,135742,139646,115389,155454,115390,139645,155453],"pointsPerHour":48,"points":64608,"blocktime":16,"taken":861,"name":"A*1","totalPoints":227410,"rank":27,"id":366580,"place":634,"uniqueZonesTaken":208,"region":{"name":"Norrbotten","id":126}},"time":"2022-09-19T08:40:56+0000","message":"Varmt välkomna till Kalix och ta omgångsunika så behöver jag inte bara göra återbesök under veckans omgång. Win win 😃","region":{"name":"Norrbotten","id":126},"type":"chat"},{"medal":84,"time":"2022-09-19T08:38:55+0000","type":"medal","user":{"country":"se","medals":[93,84],"zones":[480999,50249],"pointsPerHour":0,"points":235,"blocktime":10,"taken":5,"name":"\u2026.","totalPoints":688,"rank":2,"id":370236,"place":8107,"uniqueZonesTaken":5,"region":{"name":"Uppsala","id":142}}}]