[{"medal":7,"time":"2023-04-04T05:37:18+0000","type":"medal","user":{"country":"se","medals":[93,77,79,16,28,56,4,46,14,101,36,7],"zones":[6798],"pointsPerHour":0,"points":787,"blocktime":19,"taken":5342,"name":"Gedackt","totalPoints":782845,"rank":36,"id":295376,"place":4024,"uniqueZonesTaken":589,"region":{"name":"Uppsala","id":142}}},{"sender":{"country":"se","medals":[78,126,77,24,13,55,16,130,24,112,38,101],"zones":[7393,7394,490445,517847,26675,356822,17172,25909,17173,27510,26679,17175,17176,17180,26685],"pointsPerHour":41,"points":7865,"blocktime":21,"taken":12874,"name":"bonna","totalPoints":2827827,"rank":45,"id":254021,"place":748,"uniqueZonesTaken":397,"region":{"name":"Västra Götaland","id":132}},"time":"2023-04-04T05:05:10+0000","message":"bonna:lokom33: Morgon,tidigt uppe med🐓","region":{"name":"Västra Götaland","id":132},"type":"chat"}]