[{"sender":{"country":"se","medals":[16,26,22,91,68,99,79,24,68,68,30,82,72,2,68,75,5,17,121,124,111,119,130,68,69],"zones":[25185,558747,485107,78982,516960,422767,217994,8111],"pointsPerHour":28,"points":2142,"blocktime":24,"taken":116800,"name":"Falken55","totalPoints":25699504,"rank":59,"id":99268,"place":2249,"uniqueZonesTaken":15461,"region":{"name":"Norrbotten","id":126}},"time":"2023-04-04T12:28:01+0000","message":"Geatki: Fast inte så länge till;-)","region":{"name":"Norrbotten","id":126},"type":"chat"}]