[{"medal":31,"time":"2021-11-16T08:59:54+0000","type":"medal","user":{"country":"gb","medals":[51,92,31],"zones":[350453,361605,361604,361607,388710,361606,358033,361600,358031,388712,393497],"pointsPerHour":0,"points":3851,"blocktime":690,"taken":25,"name":"Katytoodler","totalPoints":3851,"rank":6,"id":351934,"place":5608,"uniqueZonesTaken":22,"region":{"name":"Scotland","id":200}}},{"medal":84,"time":"2021-11-16T08:50:52+0000","type":"medal","user":{"country":"se","medals":[84],"zones":[5602,138965,33163],"pointsPerHour":0,"points":892,"blocktime":645,"taken":5,"name":"Rackelhane","totalPoints":892,"rank":3,"id":351778,"place":5607,"uniqueZonesTaken":3,"region":{"name":"Örebro","id":131}}}]