[{"medal":41,"time":"2021-11-15T13:29:38+0000","type":"medal","user":{"country":"se","medals":[93,5,16,126,66,79,117,15,48,26,58,123,72,127,103,41],"zones":[7168,44576,20738,161482,265,103595,177801,78701,178351,78700,213165,92693,92692,114908,94207],"pointsPerHour":0,"points":40014,"blocktime":1335,"taken":25000,"name":"DrBengt","totalPoints":4741856,"rank":49,"id":228134,"place":5550,"uniqueZonesTaken":1525,"region":{"name":"Stockholm","id":141}}},{"sender":{"country":"se","medals":[94,101,28,12,78,56,47,34,127,16,6],"zones":[178497,12003,37500],"pointsPerHour":12,"points":87124,"blocktime":1095,"taken":2277,"name":"Fimpen70","totalPoints":482961,"rank":33,"id":336641,"place":86,"uniqueZonesTaken":236,"region":{"name":"Södermanland","id":140}},"time":"2021-11-15T13:25:19+0000","message":"PEKOMON: jag tävlar i allt, jag bara e sådan 🤪 sen sporrar det som fan att andra e ute och cyklar oxå 😊","region":{"name":"Södermanland","id":140},"type":"chat"},{"medal":52,"time":"2021-11-15T13:21:31+0000","type":"medal","user":{"country":"se","medals":[92,31,52],"zones":[64544,25952,26848,26849,50275,25705,25706,24812,24813,90926,32335,11317,159412,23482,26715,23484,23486,23487,25951,26847],"pointsPerHour":0,"points":4521,"blocktime":690,"taken":26,"name":"gowir22","totalPoints":4521,"rank":6,"id":351718,"place":5549,"uniqueZonesTaken":22,"region":{"name":"Örebro","id":131}}}]