[{"medal":51,"time":"2021-12-28T17:13:38+0000","type":"medal","user":{"country":"se","medals":[93,100,92,31,51],"zones":[9681,706,5428,24164,9288,89896,7259,19693,2813,44718],"pointsPerHour":0,"points":4148,"blocktime":11,"taken":43,"name":"SuzFli","totalPoints":4148,"rank":6,"id":353109,"place":5852,"uniqueZonesTaken":35,"region":{"name":"Västmanland","id":143}}},{"sender":{"country":"uk","medals":[94,47,100,16,28,55,35,127,13],"zones":[358021,358020,476869,476868,476866,358019,358029,358031,427401,393495,465877,465876,393489,393496,388709,388708,388707,388719,388718,350453,350455,388721,476859,350456],"pointsPerHour":67,"points":30149,"blocktime":18,"taken":3195,"name":"LeTourBeard","totalPoints":599608,"rank":34,"id":311923,"place":1610,"uniqueZonesTaken":267,"region":{"name":"Scotland","id":200}},"time":"2021-12-28T17:11:44+0000","message":"Emjbee 👍","region":{"name":"Scotland","id":200},"type":"chat"},{"medal":85,"time":"2021-12-28T17:04:41+0000","type":"medal","user":{"country":"se","medals":[93,80,100,85],"zones":[47744,43040,281825,56137,224538,155871],"pointsPerHour":0,"points":1623,"blocktime":11,"taken":12,"name":"Bettan67","totalPoints":1623,"rank":4,"id":353140,"place":5852,"uniqueZonesTaken":11,"region":{"name":"Västmanland","id":143}}}]