[{"medal":86,"time":"2021-12-28T13:53:59+0000","type":"medal","user":{"country":"uk","medals":[80,86],"zones":[349559,349104],"pointsPerHour":0,"points":340,"blocktime":12,"taken":50,"name":"newtonfell","totalPoints":10347,"rank":8,"id":298213,"place":5830,"uniqueZonesTaken":11,"region":{"name":"North West England","id":201}}},{"sender":{"country":"se","medals":[47,16,28,79,77,57,14,70,95,73,110],"zones":[545,43938],"pointsPerHour":13,"points":21645,"blocktime":22,"taken":34798,"name":"adde45","totalPoints":4763092,"rank":49,"id":128558,"place":2035,"uniqueZonesTaken":756,"region":{"name":"Värmland","id":130}},"time":"2021-12-28T13:51:35+0000","message":"git: mal zoner","region":{"name":"Örebro","id":131},"type":"chat"},{"medal":101,"time":"2021-12-28T13:45:00+0000","type":"medal","user":{"country":"uk","medals":[16,79,10,46,93,13,122,58,33,101],"zones":[458722,458723,387187,455598],"pointsPerHour":0,"points":1295,"blocktime":17,"taken":662,"name":"funkybadger","totalPoints":249032,"rank":28,"id":325221,"place":5828,"uniqueZonesTaken":295,"region":{"name":"Scotland","id":200}}}]