[{"sender":{"country":"se","medals":[46,55,100,13,28,34,122,94,6,16,130],"zones":[75041,50194,50190],"pointsPerHour":5,"points":27057,"blocktime":17,"taken":2148,"name":"TeamGrim","totalPoints":368056,"rank":31,"id":336584,"place":1751,"uniqueZonesTaken":463,"region":{"name":"Östergötland","id":139}},"time":"2021-12-28T17:48:32+0000","message":"guerro: hoppas du ser denna också. Dags att vakna - kolla gruppen\u2026","region":{"name":"Östergötland","id":139},"type":"chat"},{"medal":92,"time":"2021-12-28T17:48:31+0000","type":"medal","user":{"country":"se","medals":[93,80,100,85,92],"zones":[47744,43040,281825,56137,224538,96744,155871],"pointsPerHour":0,"points":2240,"blocktime":11,"taken":16,"name":"Bettan67","totalPoints":2240,"rank":5,"id":353140,"place":5853,"uniqueZonesTaken":15,"region":{"name":"Västmanland","id":143}}},{"medal":42,"time":"2021-12-28T17:43:06+0000","type":"medal","user":{"country":"uk","medals":[52,11,94,42],"zones":[361762,340927,340926,340937],"pointsPerHour":0,"points":14724,"blocktime":14,"taken":250,"name":"ViolaPlayer","totalPoints":77872,"rank":18,"id":316265,"place":5853,"uniqueZonesTaken":97,"region":{"name":"Scotland","id":200}}}]