[{"medal":107,"time":"2022-08-15T16:42:49+0000","type":"medal","user":{"country":"se","medals":[79,10,53,46,13,127,95,36,7,107],"zones":[],"pointsPerHour":0,"points":7492,"blocktime":1140,"taken":5511,"name":"port80","totalPoints":754664,"rank":36,"id":316231,"place":6022,"uniqueZonesTaken":426,"region":{"name":"Uppsala","id":142}}},{"medal":11,"time":"2022-08-15T16:37:25+0000","type":"medal","user":{"country":"se","medals":[51,86,11],"zones":[16896,16899,33823],"pointsPerHour":0,"points":525,"blocktime":750,"taken":66,"name":"LBS_Duke","totalPoints":16844,"rank":10,"id":357034,"place":6021,"uniqueZonesTaken":50,"region":{"name":"Jönköping","id":133}}}]