[{"medal":84,"time":"2022-08-16T09:37:47+0000","type":"medal","user":{"country":"de","medals":[84],"zones":[139527],"pointsPerHour":0,"points":621,"blocktime":645,"taken":5,"name":"Kraftwerk","totalPoints":1089,"rank":3,"id":358611,"place":6074,"uniqueZonesTaken":5,"region":{"name":"Niedersachsen","id":444}}},{"medal":52,"time":"2022-08-16T09:23:33+0000","type":"medal","user":{"country":"uk","medals":[92,31,52],"zones":[364717,364716,17994,364719,17995,364718,17996,17997,364715,17998,364714,17999,18002,18003,18006,18007,18011,18012,18013,18014],"pointsPerHour":0,"points":6023,"blocktime":720,"taken":28,"name":"Evryltlbreeze","totalPoints":8308,"rank":8,"id":367381,"place":6072,"uniqueZonesTaken":20,"region":{"name":"South East England","id":205}}}]