[{"zone":{"previousOwner":{"name":"0beroff","id":80119},"dateCreated":"2016-12-22T22:45:10+0000","dateLastTaken":"2021-08-20T01:44:19+0000","latitude":59.41932,"currentOwner":{"name":"HereIGoAgain","id":254091},"name":"NäsbyÄng","id":93211,"totalTakeovers":1053,"region":{"area":{"name":"Täby kommun","id":1841},"country":"se","name":"Stockholm","id":141},"pointsPerHour":4,"longitude":18.100571,"takeoverPoints":140},"latitude":59.41932,"currentOwner":{"name":"HereIGoAgain","id":254091},"time":"2021-08-20T01:44:19+0000","type":"takeover","longitude":18.100571},{"zone":{"previousOwner":{"name":"GrusiDojan","id":118132},"dateCreated":"2018-12-31T22:00:00+0000","dateLastTaken":"2021-08-20T01:42:08+0000","latitude":60.08365,"currentOwner":{"name":"KråkanKrax","id":120751},"name":"Isthmus19","id":178472,"totalTakeovers":5029,"region":{"area":{"name":"Mariehamn","id":2176},"country":"fi","name":"Åland","id":177},"pointsPerHour":7,"longitude":19.943174,"takeoverPoints":95},"latitude":60.08365,"currentOwner":{"name":"KråkanKrax","id":120751},"time":"2021-08-20T01:42:08+0000","type":"takeover","longitude":19.943174},{"zone":{"previousOwner":{"name":"horseyj","id":301040},"dateCreated":"2013-06-15T08:00:00+0000","dateLastTaken":"2021-08-20T01:42:03+0000","latitude":55.947546,"currentOwner":{"name":"féarglas","id":280861},"name":"Grassmarket","id":14641,"totalTakeovers":882,"region":{"area":{"name":"City of Edinburgh","id":2780},"country":"gb","name":"Scotland","id":200},"pointsPerHour":5,"longitude":-3.196041,"takeoverPoints":125},"latitude":55.947546,"currentOwner":{"name":"féarglas","id":280861},"time":"2021-08-20T01:42:03+0000","type":"takeover","longitude":-3.196041},{"zone":{"previousOwner":{"name":"Corellian","id":264701},"dateLastTaken":"2021-08-20T01:40:42+0000","latitude":60.08124,"totalTakeovers":6480,"type":{"name":"Winner Zone","id":6},"pointsPerHour":5,"takeoverPoints":125,"dateCreated":"2016-06-18T06:55:36+0000","currentOwner":{"name":"GrusiDojan","id":118132},"name":"HorelliTrail","id":78758,"region":{"area":{"name":"Mariehamn","id":2176},"country":"fi","name":"Åland","id":177},"longitude":19.941262},"latitude":60.08124,"currentOwner":{"name":"GrusiDojan","id":118132},"time":"2021-08-20T01:40:42+0000","type":"takeover","longitude":19.941262},{"zone":{"previousOwner":{"name":"Corellian","id":264701},"dateLastTaken":"2021-08-20T01:39:39+0000","latitude":60.079371,"totalTakeovers":7164,"type":{"name":"Winner Zone","id":6},"pointsPerHour":7,"takeoverPoints":95,"dateCreated":"2018-02-28T08:00:00+0000","currentOwner":{"name":"KråkanKrax","id":120751},"name":"RanchenRoad","id":141450,"region":{"area":{"name":"Mariehamn","id":2176},"country":"fi","name":"Åland","id":177},"longitude":19.942892},"latitude":60.079371,"currentOwner":{"name":"KråkanKrax","id":120751},"time":"2021-08-20T01:39:39+0000","type":"takeover","longitude":19.942892}]