[{"sender":{"country":"se","medals":[79,7,16,95,15,126,47,77,56,104,123,38,128,72,4],"zones":[203584,9721,37706,136125],"pointsPerHour":26,"points":14180,"blocktime":21,"taken":14636,"name":"froskand","totalPoints":2598761,"rank":44,"id":230537,"place":1609,"uniqueZonesTaken":2349,"region":{"name":"Stockholm","id":141}},"time":"2022-10-10T16:58:12+0000","message":"Tack men ska österut","region":{"name":"Stockholm","id":141},"type":"chat"},{"medal":80,"time":"2022-10-10T16:57:48+0000","type":"medal","user":{"country":"se","medals":[84,80],"zones":[9409,389634,9352,12457,8799],"pointsPerHour":0,"points":643,"blocktime":10,"taken":6,"name":"humphi3","totalPoints":843,"rank":3,"id":379137,"place":6635,"uniqueZonesTaken":6,"region":{"name":"Blekinge","id":136}}},{"sender":{"country":"se","medals":[5,79,16,128,100,15,47,95,123,72,7,4,57,38],"zones":[160,7843,164,165,200132,8202,119215,37744,37232,78512,37234,526875,90162,35892,22197,24568,15353,15710,159],"pointsPerHour":99,"points":61303,"blocktime":20,"taken":10069,"name":"zinkcity","totalPoints":1895117,"rank":42,"id":330825,"place":233,"uniqueZonesTaken":2050,"region":{"name":"Stockholm","id":141}},"time":"2022-10-10T16:57:32+0000","message":":froskand jag kan vänta in","region":{"name":"Stockholm","id":141},"type":"chat"},{"medal":90,"time":"2022-10-10T16:56:19+0000","type":"medal","user":{"country":"fi","medals":[93,92,51,31,90],"zones":[518310,246693,80487,66119,518319,431727,518316,200207,200206,313675,155890,155891,200208,155894,155892,155893,155899],"pointsPerHour":0,"points":4168,"blocktime":11,"taken":27,"name":"kinaros","totalPoints":4168,"rank":6,"id":380319,"place":6635,"uniqueZonesTaken":25,"region":{"name":"Åland","id":177}}}]