[{"medal":84,"time":"2022-10-11T13:18:33+0000","type":"medal","user":{"country":"se","medals":[95,100,84],"zones":[613],"pointsPerHour":0,"points":1475,"blocktime":11,"taken":9,"name":"MiniMongot","totalPoints":1475,"rank":4,"id":380582,"place":6734,"uniqueZonesTaken":9,"region":{"name":"Norrbotten","id":126}}},{"medal":34,"time":"2022-10-11T13:18:28+0000","type":"medal","user":{"country":"se","medals":[52,6,12,97,103,34],"zones":[23607,483744,23608,23609,145903],"pointsPerHour":0,"points":1162,"blocktime":16,"taken":1000,"name":"Regina","totalPoints":215574,"rank":26,"id":76872,"place":6734,"uniqueZonesTaken":123,"region":{"name":"Jämtland","id":128}}},{"medal":40,"time":"2022-10-11T13:14:35+0000","type":"medal","user":{"country":"se","medals":[94,6,5,47,101,57,16,28,70,4,13,68,126,127,40],"zones":[48736,46467,1635,58285,61615,18192,62514,155601,154230,36758,36759,36760],"pointsPerHour":0,"points":20344,"blocktime":21,"taken":20000,"name":"Kjell65","totalPoints":3636123,"rank":47,"id":208487,"place":6732,"uniqueZonesTaken":376,"region":{"name":"Gotland","id":138}}},{"medal":84,"time":"2022-10-11T13:14:12+0000","type":"medal","user":{"country":"se","medals":[84],"zones":[429447,63206,7786,64894],"pointsPerHour":0,"points":899,"blocktime":10,"taken":5,"name":"JustaTurferBoy","totalPoints":899,"rank":3,"id":381367,"place":6732,"uniqueZonesTaken":4,"region":{"name":"Värmland","id":130}}},{"medal":85,"time":"2022-10-11T13:13:26+0000","type":"medal","user":{"country":"se","medals":[80,85],"zones":[63008,176,111825,322,138,236,237],"pointsPerHour":0,"points":890,"blocktime":10,"taken":10,"name":"Ed_Kranier","totalPoints":890,"rank":3,"id":381373,"place":6732,"uniqueZonesTaken":10,"region":{"name":"Stockholm","id":141}}}]