[{"medal":128,"time":"2021-10-11T11:28:53+0000","type":"medal","user":{"country":"se","medals":[79,16,77,67,70,72,83,75,21,60,3,68,4,113,68,17,116,66,24,24,24,68,17,27,89,124,68,121,126,107,24,17,128],"zones":[52097,89248,411812,120679,1902,1903,465847,28368,202355,35921,35922,35923,23316,43578,355039],"pointsPerHour":0,"points":50504,"blocktime":1455,"taken":69121,"name":"peterspirea","totalPoints":14209210,"rank":57,"id":175379,"place":6344,"uniqueZonesTaken":12899,"region":{"name":"Stockholm","id":141}}},{"medal":85,"time":"2021-10-11T11:27:56+0000","type":"medal","user":{"country":"se","medals":[93,100,92,85],"zones":[152968],"pointsPerHour":0,"points":420,"blocktime":675,"taken":17,"name":"Kastanjen","totalPoints":3402,"rank":5,"id":283876,"place":6343,"uniqueZonesTaken":16,"region":{"name":"Värmland","id":130}}},{"medal":80,"time":"2021-10-11T11:27:39+0000","type":"medal","user":{"country":"se","medals":[80,84],"zones":[152550,96484,152551,155914,55823],"pointsPerHour":0,"points":1176,"blocktime":645,"taken":5,"name":"Höxmo","totalPoints":1176,"rank":3,"id":339456,"place":6342,"uniqueZonesTaken":5,"region":{"name":"Västernorrland","id":145}}},{"medal":84,"time":"2021-10-11T11:27:39+0000","type":"medal","user":{"country":"se","medals":[80,84],"zones":[152550,96484,152551,155914,55823],"pointsPerHour":0,"points":1176,"blocktime":645,"taken":5,"name":"Höxmo","totalPoints":1176,"rank":3,"id":339456,"place":6342,"uniqueZonesTaken":5,"region":{"name":"Västernorrland","id":145}}},{"sender":{"country":"se","medals":[5,16,70,47,7,27,79,77,67,4,57,15,94,126,28,41,103,128],"zones":[25187,153988,153992,153993,117898,139278,119692,22063,84691,222169,155390,155391],"pointsPerHour":45,"points":29057,"blocktime":1380,"taken":28646,"name":"erx007","totalPoints":7026396,"rank":52,"id":76576,"place":836,"uniqueZonesTaken":1300,"region":{"name":"Stockholm","id":141}},"time":"2021-10-11T11:24:54+0000","message":"Turfsmurf: assist dag ? 😂 hälsa nenne09","region":{"name":"Stockholm","id":141},"type":"chat"},{"medal":90,"time":"2021-10-11T11:21:58+0000","type":"medal","user":{"country":"se","medals":[86,52,94,100,11,90],"zones":[32673,32674,95651,32675,200135,97449,318445,8266,56973,92110,56976,342,56984,223192,8092,8093],"pointsPerHour":0,"points":17444,"blocktime":765,"taken":95,"name":"TurfTess","totalPoints":19778,"rank":11,"id":348096,"place":6338,"uniqueZonesTaken":50,"region":{"name":"Jämtland","id":128}}}]