[{"medal":31,"time":"2021-10-11T06:17:58+0000","type":"medal","user":{"country":"fi","medals":[51,92,93,31],"zones":[9861,3337,9838],"pointsPerHour":0,"points":5145,"blocktime":690,"taken":25,"name":"AxelV","totalPoints":5145,"rank":6,"id":348325,"place":6293,"uniqueZonesTaken":18,"region":{"name":"Etelä-Suomi","id":185}}},{"medal":100,"time":"2021-10-11T06:15:16+0000","type":"medal","user":{"country":"fi","medals":[97,100],"zones":[],"pointsPerHour":0,"points":865,"blocktime":645,"taken":5,"name":"luckyärbäst","totalPoints":865,"rank":3,"id":348264,"place":6293,"uniqueZonesTaken":5,"region":{"name":"Etelä-Suomi","id":185}}},{"sender":{"country":"fi","medals":[85,97],"zones":[9842,61694],"pointsPerHour":2,"points":3113,"blocktime":675,"taken":16,"name":"EebuH","totalPoints":3113,"rank":5,"id":348201,"place":3349,"uniqueZonesTaken":9,"region":{"name":"Etelä-Suomi","id":185}},"time":"2021-10-11T06:13:39+0000","message":"VI KOMMER!!!","region":{"name":"Etelä-Suomi","id":185},"type":"chat"},{"medal":85,"time":"2021-10-11T06:10:17+0000","type":"medal","user":{"country":"se","medals":[80,85],"zones":[155870,6156],"pointsPerHour":0,"points":251,"blocktime":660,"taken":10,"name":"Theo7777","totalPoints":1256,"rank":4,"id":308612,"place":6290,"uniqueZonesTaken":10,"region":{"name":"Västmanland","id":143}}}]