[{"medal":52,"time":"2021-10-11T13:30:14+0000","type":"medal","user":{"country":"se","medals":[93,32,127,100,11,52],"zones":[44576,20737,20738,22214,12071,12072,208746,265,177801,178351,213165,92302,94798,152342,92693,92692,354002,92310,24058,114908],"pointsPerHour":0,"points":21763,"blocktime":780,"taken":176,"name":"Götlaborg","totalPoints":27076,"rank":12,"id":346607,"place":6400,"uniqueZonesTaken":56,"region":{"name":"Stockholm","id":141}}},{"medal":31,"time":"2021-10-11T13:29:23+0000","type":"medal","user":{"country":"se","medals":[92,51,31],"zones":[775],"pointsPerHour":0,"points":1673,"blocktime":675,"taken":25,"name":"cossmoss","totalPoints":2724,"rank":5,"id":344768,"place":6400,"uniqueZonesTaken":18,"region":{"name":"Västra Götaland","id":132}}},{"medal":128,"time":"2021-10-11T13:29:06+0000","type":"medal","user":{"country":"se","medals":[67,16,7,4,70,56,22,47,72,79,77,98,14,117,126,38,101,128],"zones":[66881,382149,96211,361185,21784,23689,23690,26860,223999,115100,24239],"pointsPerHour":0,"points":18149,"blocktime":1245,"taken":12301,"name":"Chokladtårtan","totalPoints":2336632,"rank":43,"id":59083,"place":6400,"uniqueZonesTaken":743,"region":{"name":"Kalmar","id":137}}}]