[{"medal":84,"time":"2021-10-11T13:19:00+0000","type":"medal","user":{"country":"se","medals":[93,84],"zones":[29618,9646],"pointsPerHour":0,"points":501,"blocktime":630,"taken":5,"name":"Linnea213","totalPoints":615,"rank":2,"id":295704,"place":6400,"uniqueZonesTaken":4,"region":{"name":"Dalarna","id":129}}},{"medal":80,"time":"2021-10-11T13:18:48+0000","type":"medal","user":{"country":"se","medals":[93,84,80],"zones":[9649,29617,8919,8920,318747],"pointsPerHour":0,"points":919,"blocktime":645,"taken":8,"name":"Brellelelle07","totalPoints":1125,"rank":3,"id":295698,"place":6400,"uniqueZonesTaken":8,"region":{"name":"Dalarna","id":129}}},{"medal":85,"time":"2021-10-11T13:18:03+0000","type":"medal","user":{"country":"se","medals":[93,85],"zones":[428294,21172,9518],"pointsPerHour":0,"points":1020,"blocktime":660,"taken":10,"name":"xxcooleddiexx","totalPoints":1229,"rank":4,"id":295680,"place":6400,"uniqueZonesTaken":9,"region":{"name":"Dalarna","id":129}}},{"medal":93,"time":"2021-10-11T13:15:39+0000","type":"medal","user":{"country":"se","medals":[84,93],"zones":[3333,154154,9518],"pointsPerHour":0,"points":1130,"blocktime":645,"taken":9,"name":"Knokeli","totalPoints":1130,"rank":3,"id":349518,"place":6400,"uniqueZonesTaken":9,"region":{"name":"Dalarna","id":129}}},{"medal":80,"time":"2021-10-11T13:15:06+0000","type":"medal","user":{"country":"se","medals":[84,80],"zones":[1460,7285,177640,7275,133357],"pointsPerHour":0,"points":888,"blocktime":645,"taken":6,"name":"patten123","totalPoints":888,"rank":3,"id":349519,"place":6400,"uniqueZonesTaken":5,"region":{"name":"Dalarna","id":129}}},{"medal":84,"time":"2021-10-11T13:15:00+0000","type":"medal","user":{"country":"se","medals":[84],"zones":[8785,42419],"pointsPerHour":0,"points":586,"blocktime":630,"taken":5,"name":"Lisen234","totalPoints":586,"rank":2,"id":349516,"place":6400,"uniqueZonesTaken":5,"region":{"name":"Dalarna","id":129}}},{"medal":85,"time":"2021-10-11T13:14:54+0000","type":"medal","user":{"country":"se","medals":[93,80,85,90],"zones":[9648,1457,1458,42420,7276],"pointsPerHour":0,"points":1048,"blocktime":645,"taken":10,"name":"Enhörning07","totalPoints":1048,"rank":3,"id":349520,"place":0,"uniqueZonesTaken":9,"region":{"name":"Dalarna","id":129}}},{"medal":90,"time":"2021-10-11T13:14:54+0000","type":"medal","user":{"country":"se","medals":[93,80,85,90],"zones":[9648,1457,1458,42420,7276],"pointsPerHour":0,"points":1048,"blocktime":645,"taken":10,"name":"Enhörning07","totalPoints":1048,"rank":3,"id":349520,"place":0,"uniqueZonesTaken":9,"region":{"name":"Dalarna","id":129}}},{"medal":93,"time":"2021-10-11T13:14:09+0000","type":"medal","user":{"country":"se","medals":[93],"zones":[7275],"pointsPerHour":0,"points":658,"blocktime":630,"taken":5,"name":"junipuni12345","totalPoints":658,"rank":2,"id":349517,"place":6400,"uniqueZonesTaken":5,"region":{"name":"Dalarna","id":129}}}]