[{"medal":128,"time":"2021-10-11T06:44:43+0000","type":"medal","user":{"country":"se","medals":[4,10,115,126,15,22,47,56,123,24,79,38,107,66,128],"zones":[91969,3094,334,21406,23311],"pointsPerHour":0,"points":12602,"blocktime":1260,"taken":13016,"name":"mlb","totalPoints":2498909,"rank":44,"id":180393,"place":6298,"uniqueZonesTaken":2351,"region":{"name":"Stockholm","id":141}}},{"medal":128,"time":"2021-10-11T06:41:57+0000","type":"medal","user":{"country":"se","medals":[70,67,16,4,26,77,79,83,91,76,30,117,75,72,57,95,109,126,50,88,123,49,128],"zones":[347987,9737,7914,619,41887,176733],"pointsPerHour":0,"points":21806,"blocktime":1395,"taken":49858,"name":"Medicus","totalPoints":7814825,"rank":53,"id":144728,"place":6297,"uniqueZonesTaken":3035,"region":{"name":"Norrbotten","id":126}}},{"medal":93,"time":"2021-10-11T06:41:57+0000","type":"medal","user":{"country":"se","medals":[93],"zones":[],"pointsPerHour":0,"points":110,"blocktime":600,"taken":1,"name":"fillepille111","totalPoints":110,"rank":0,"id":349390,"place":6297,"uniqueZonesTaken":1,"region":{"name":"Västmanland","id":143}}}]