[{"sender":{"country":"se","medals":[90,77,100,78,94,4,55,66,126,37,15,46,122],"zones":[115125,95689,153720],"pointsPerHour":3,"points":1682,"blocktime":20,"taken":9623,"name":"sifferbiten","totalPoints":1775935,"rank":42,"id":123373,"place":4642,"uniqueZonesTaken":1105,"region":{"name":"Halland","id":134}},"time":"2021-11-30T08:20:24+0000","message":"8-ball: i gruppen Turf Göteborg på Facebook finns artikeln i läsbart skick","region":{"name":"Halland","id":134},"type":"chat"},{"sender":{"country":"se","medals":[4,16,46,79,56,28,126,27,77,94,103,7,38,127,14],"zones":[223843,32226,394274,24038,28751,28754,428306,428304,28758,428305,28759,28760,28761,75899,28763,24059,28764,153215,28766],"pointsPerHour":20,"points":95311,"blocktime":21,"taken":11076,"name":"Drottningen","totalPoints":3084338,"rank":46,"id":233096,"place":503,"uniqueZonesTaken":540,"region":{"name":"Halland","id":134}},"time":"2021-11-30T08:05:39+0000","message":"Artikeln var i Hallands nyheter den 26 november.","region":{"name":"Halland","id":134},"type":"chat"}]