[{"medal":84,"time":"2021-10-04T13:10:12+0000","type":"medal","user":{"country":"fi","medals":[95,97,100,84],"zones":[10416],"pointsPerHour":0,"points":1620,"blocktime":11,"taken":8,"name":"Eetu","totalPoints":1620,"rank":4,"id":348224,"place":4285,"uniqueZonesTaken":6,"region":{"name":"Etelä-Suomi","id":185}}},{"medal":128,"time":"2021-10-04T13:09:59+0000","type":"medal","user":{"country":"se","medals":[5,93,55,100,67,70,6,28,47,13,36,128],"zones":[7747,24183],"pointsPerHour":0,"points":1309,"blocktime":19,"taken":5058,"name":"algo","totalPoints":827986,"rank":36,"id":287934,"place":4285,"uniqueZonesTaken":283,"region":{"name":"Västmanland","id":143}}},{"medal":84,"time":"2021-10-04T13:09:14+0000","type":"medal","user":{"country":"se","medals":[80,84],"zones":[7860,1558,429338,5261,5262],"pointsPerHour":0,"points":656,"blocktime":10,"taken":5,"name":"Selma,s","totalPoints":656,"rank":2,"id":348374,"place":4284,"uniqueZonesTaken":5,"region":{"name":"Kronoberg","id":147}}},{"medal":80,"time":"2021-10-04T13:09:14+0000","type":"medal","user":{"country":"se","medals":[80,84],"zones":[7860,1558,429338,5261,5262],"pointsPerHour":0,"points":656,"blocktime":10,"taken":5,"name":"Selma,s","totalPoints":656,"rank":2,"id":348374,"place":4284,"uniqueZonesTaken":5,"region":{"name":"Kronoberg","id":147}}},{"medal":84,"time":"2021-10-04T13:09:02+0000","type":"medal","user":{"country":"se","medals":[94,84],"zones":[24019,337233,5259,958],"pointsPerHour":0,"points":597,"blocktime":10,"taken":5,"name":"0MiD","totalPoints":597,"rank":2,"id":348439,"place":4284,"uniqueZonesTaken":4,"region":{"name":"Kronoberg","id":147}}},{"medal":128,"time":"2021-10-04T13:03:18+0000","type":"medal","user":{"country":"se","medals":[16,28,27,22,70,67,47,57,77,95,36,6,79,104,14,123,128],"zones":[60720,119617,26737,26898,119618,26743,356751,29354,175576,29356,26894],"pointsPerHour":0,"points":8187,"blocktime":19,"taken":7170,"name":"chippo","totalPoints":1248153,"rank":39,"id":330212,"place":4279,"uniqueZonesTaken":539,"region":{"name":"Östergötland","id":139}}}]