[{"medal":128,"time":"2021-10-04T14:25:08+0000","type":"medal","user":{"country":"se","medals":[16,17,24,5,24,17,72,67,22,48,91,24,18,79,17,116,50,58,17,77,24,88,126,124,4,109,128],"zones":[46352,43378,1003,55788,46351],"pointsPerHour":0,"points":4832,"blocktime":22,"taken":49445,"name":"WombaWomba","totalPoints":6042073,"rank":51,"id":74035,"place":4350,"uniqueZonesTaken":4329,"region":{"name":"Västerbotten","id":127}}},{"sender":{"country":"se","medals":[5,16,79,72,7,68,4,70,67,21,77,96,27,68,108,15,126,59,124,68,75,89,68,128],"zones":[45010,44151,275980,43865,47739,43871],"pointsPerHour":22,"points":905,"blocktime":24,"taken":54356,"name":"HarryBus","totalPoints":11036216,"rank":56,"id":166993,"place":2577,"uniqueZonesTaken":2008,"region":{"name":"Västmanland","id":143}},"time":"2021-10-04T14:24:54+0000","message":"gregga: Tackar, en bonus man fått kämpa för laget!","region":{"name":"Västmanland","id":143},"type":"chat"},{"medal":128,"time":"2021-10-04T14:23:48+0000","type":"medal","user":{"country":"se","medals":[16,54,97,6,77,47,34,28,13,105,128],"zones":[43731,456707,34645,177525,203819],"pointsPerHour":0,"points":7674,"blocktime":17,"taken":1997,"name":"MisterC","totalPoints":308478,"rank":30,"id":311227,"place":4348,"uniqueZonesTaken":293,"region":{"name":"Kalmar","id":137}}},{"sender":{"country":"se","medals":[79,46,77,70,5,67,102,16,10,35,6,13,95,4,56,128],"zones":[223810,95299,8421,8423,179434,8424,410666,410667,408811,8431,62033,413522,28150,413521,28151,42874,57180],"pointsPerHour":54,"points":4399,"blocktime":19,"taken":3916,"name":"Vipervirus","totalPoints":950298,"rank":37,"id":280276,"place":1016,"uniqueZonesTaken":295,"region":{"name":"Stockholm","id":141}},"time":"2021-10-04T14:23:20+0000","message":"eddyzero: vem e du då? Ålder o allt 😁 o starkt jobbat","region":{"name":"Stockholm","id":141},"type":"chat"},{"sender":{"country":"se","medals":[67,5,16,55,47,44,28,79,24,77,24,17,117,24,24,17,116,15,70,122,126,107,88,7,127],"zones":[33795],"pointsPerHour":8,"points":2184,"blocktime":22,"taken":42230,"name":"SaffieSiri","totalPoints":5016603,"rank":50,"id":101150,"place":1707,"uniqueZonesTaken":1188,"region":{"name":"Uppsala","id":142}},"time":"2021-10-04T14:19:41+0000","message":"mpmoke: väntar in vid Pärle","region":{"name":"Uppsala","id":142},"type":"chat"}]