[{"medal":46,"time":"2021-10-05T13:21:27+0000","type":"medal","user":{"country":"gb","medals":[92,52,86,46],"zones":[359045,358759,359046,358918,358913,389601,389602,388748,358764,388751,358927,388745,396311,358743,396309,358908,358905,358904,358907,358906],"pointsPerHour":0,"points":9357,"blocktime":12,"taken":50,"name":"notski","totalPoints":9357,"rank":8,"id":348488,"place":4930,"uniqueZonesTaken":35,"region":{"name":"Wales","id":198}}},{"medal":86,"time":"2021-10-05T13:21:27+0000","type":"medal","user":{"country":"gb","medals":[92,52,86,46],"zones":[359045,358759,359046,358918,358913,389601,389602,388748,358764,388751,358927,388745,396311,358743,396309,358908,358905,358904,358907,358906],"pointsPerHour":0,"points":9357,"blocktime":12,"taken":50,"name":"notski","totalPoints":9357,"rank":8,"id":348488,"place":4930,"uniqueZonesTaken":35,"region":{"name":"Wales","id":198}}},{"medal":84,"time":"2021-10-05T13:21:16+0000","type":"medal","user":{"country":"se","medals":[84],"zones":[18722,3048,3049,418697],"pointsPerHour":0,"points":777,"blocktime":10,"taken":5,"name":"ThunmanIKA","totalPoints":777,"rank":3,"id":348717,"place":4930,"uniqueZonesTaken":4,"region":{"name":"Uppsala","id":142}}},{"medal":84,"time":"2021-10-05T13:16:52+0000","type":"medal","user":{"country":"se","medals":[80,84],"zones":[223808,154023,154024,154025,20716],"pointsPerHour":0,"points":866,"blocktime":10,"taken":5,"name":"AmezTanjaOscar","totalPoints":866,"rank":3,"id":348705,"place":4929,"uniqueZonesTaken":5,"region":{"name":"Stockholm","id":141}}},{"medal":80,"time":"2021-10-05T13:16:52+0000","type":"medal","user":{"country":"se","medals":[80,84],"zones":[223808,154023,154024,154025,20716],"pointsPerHour":0,"points":866,"blocktime":10,"taken":5,"name":"AmezTanjaOscar","totalPoints":866,"rank":3,"id":348705,"place":4929,"uniqueZonesTaken":5,"region":{"name":"Stockholm","id":141}}}]