[{"medal":31,"time":"2021-11-16T12:20:05+0000","type":"medal","user":{"country":"se","medals":[94,92,90,101,31],"zones":[7258],"pointsPerHour":0,"points":2880,"blocktime":11,"taken":32,"name":"joyfromph","totalPoints":2880,"rank":5,"id":351854,"place":5627,"uniqueZonesTaken":27,"region":{"name":"Västmanland","id":143}}},{"medal":85,"time":"2021-11-16T12:15:32+0000","type":"medal","user":{"country":"se","medals":[80,85],"zones":[20372,15516,92524,62254,119470,60479],"pointsPerHour":0,"points":1390,"blocktime":11,"taken":10,"name":"klasseasse","totalPoints":1390,"rank":4,"id":351887,"place":5627,"uniqueZonesTaken":8,"region":{"name":"Skåne","id":135}}}]