[{"medal":101,"time":"2022-01-18T13:30:47+0000","type":"medal","user":{"country":"uk","medals":[54,12,78,90,97,77,70,34,130,101],"zones":[411236,468965,468964,364416,63447,478460,63452,411242,364360,364424,169132],"pointsPerHour":0,"points":19273,"blocktime":1050,"taken":1343,"name":"fairways","totalPoints":344916,"rank":30,"id":335064,"place":6008,"uniqueZonesTaken":189,"region":{"name":"Scotland","id":200}}},{"medal":13,"time":"2022-01-18T13:26:26+0000","type":"medal","user":{"country":"se","medals":[95,126,52,6,33,70,100,13],"zones":[115328,83556,21381,52922,25787,117068,1375,111566],"pointsPerHour":0,"points":7394,"blocktime":960,"taken":748,"name":"Anhau","totalPoints":163341,"rank":24,"id":257005,"place":6008,"uniqueZonesTaken":250,"region":{"name":"Kalmar","id":137}}},{"medal":92,"time":"2022-01-18T13:25:29+0000","type":"medal","user":{"country":"se","medals":[93,80,31,92],"zones":[],"pointsPerHour":0,"points":4613,"blocktime":690,"taken":26,"name":"gulsvart78","totalPoints":4613,"rank":6,"id":353477,"place":6008,"uniqueZonesTaken":15,"region":{"name":"Västerbotten","id":127}}}]