[{"medal":34,"time":"2022-01-17T08:40:45+0000","type":"medal","user":{"country":"se","medals":[16,70,57,10,46,13,79,122,4,93,100,34],"zones":[185331,136317],"pointsPerHour":0,"points":3455,"blocktime":1080,"taken":1000,"name":"rajraj85","totalPoints":468188,"rank":32,"id":274216,"place":5879,"uniqueZonesTaken":368,"region":{"name":"Västra Götaland","id":132}}},{"medal":42,"time":"2022-01-17T08:30:07+0000","type":"medal","user":{"country":"se","medals":[90,53,11,42],"zones":[42437,176362,138859,42442,114477,9341,20285],"pointsPerHour":0,"points":7969,"blocktime":855,"taken":250,"name":"Peppekaka","totalPoints":70693,"rank":17,"id":346313,"place":5879,"uniqueZonesTaken":52,"region":{"name":"Västra Götaland","id":132}}}]