[{"medal":51,"time":"2022-01-17T09:22:31+0000","type":"medal","user":{"country":"dk","medals":[93,100,92,31,51],"zones":[233687,33909,5720,5657,5721,62154,5658,34475,33901,34527],"pointsPerHour":0,"points":2229,"blocktime":705,"taken":32,"name":"JRantzau","totalPoints":6982,"rank":7,"id":353098,"place":5883,"uniqueZonesTaken":26,"region":{"name":"Hovedstaden","id":172}}},{"sender":{"country":"se","medals":[70,67,57,68,5,16,68,68,68,79,68,68,77,75,22,24,15,72,4,24,66,68,30,24,108,124,126,24,119,98,130,24],"zones":[117057,42849,47656,31791,119697,26161,31346,95474,31796,226774,31797,9529,15965,125310],"pointsPerHour":83,"points":67114,"blocktime":1470,"taken":107890,"name":"Aldo","totalPoints":16051170,"rank":58,"id":120009,"place":409,"uniqueZonesTaken":2474,"region":{"name":"Västmanland","id":143}},"time":"2022-01-17T09:09:52+0000","message":"MrSnyten;assist","region":{"name":"Västmanland","id":143},"type":"chat"}]