[{"sender":{"country":"se","medals":[67,5,22,16,93,28,47,79,7,56,4,14,103,127,41],"zones":[139106,24898,139105,7045,360,24846,25006,25010,93174,1243,14142,233692,80190],"pointsPerHour":48,"points":28758,"blocktime":22,"taken":25285,"name":"Livorno","totalPoints":4526287,"rank":49,"id":165719,"place":1285,"uniqueZonesTaken":669,"region":{"name":"Västra Götaland","id":132}},"time":"2022-01-17T04:28:24+0000","message":"MrJokerit: Ofan ingen Covid övertid då? Vi har då helt galen personalbrist på grund av det.","region":{"name":"Västra Götaland","id":132},"type":"chat"},{"sender":{"country":"se","medals":[67,4,70,16,79,77,83,72,68,21,113,27,75,2,68,30,24,24,82,1,69,68,17,116,24,117,1,69,68,113,24,68,68,20,24,91,24,124,24,118,126,24,120,107,24,24,17,130],"zones":[478791,80192,57091,96965,43085,42064,139289,236194,22818,22820,22821,22629,428896,360,10921,119211,478632,432,25009,482037,92850,31412,479858,479857,114875,136376,21435,14653,114876,14143],"pointsPerHour":82,"points":72613,"blocktime":24,"taken":92951,"name":"MrJokerit","totalPoints":16675428,"rank":58,"id":81469,"place":351,"uniqueZonesTaken":9378,"region":{"name":"Västra Götaland","id":132}},"time":"2022-01-17T04:10:13+0000","message":"Livorno: Ja nu ska det sovas. precis avslutat arbetsveckan. nu 7 dagar ledigt, wooo~~","region":{"name":"Västra Götaland","id":132},"type":"chat"}]