[{"sender":{"country":"se","medals":[46,54,4,10,13,126,73,104,95],"zones":[],"pointsPerHour":0,"points":5476,"blocktime":22,"taken":34237,"name":"keso502","totalPoints":5094890,"rank":50,"id":111389,"place":3394,"uniqueZonesTaken":271,"region":{"name":"Västmanland","id":143}},"time":"2022-01-17T21:33:22+0000","message":"Bra jobbat Steken.🐈","region":{"name":"Västmanland","id":143},"type":"chat"},{"country":"se","sender":{"country":"se","medals":[126,16,95,103,5,14,67,122,128,90,6,38,47,57],"zones":[25345,114597,7142,92697,33129,7145,97837,333,7070],"pointsPerHour":50,"points":108821,"blocktime":20,"taken":11558,"name":"JimmyAIK94","totalPoints":2016199,"rank":42,"id":267637,"place":171,"uniqueZonesTaken":782,"region":{"name":"Stockholm","id":141}},"time":"2022-01-17T21:22:07+0000","message":"Mrsnyten: kan du ta jontes zoner?","type":"chat"}]