[{"medal":93,"time":"2023-05-08T09:06:07+0000","type":"medal","user":{"country":"se","medals":[93],"zones":[],"pointsPerHour":0,"points":370,"blocktime":615,"taken":2,"name":"Neo69420?","totalPoints":370,"rank":1,"id":392357,"place":4314,"uniqueZonesTaken":2,"region":{"name":"Skåne","id":135}}},{"country":"se","sender":{"country":"se","medals":[],"zones":[],"pointsPerHour":0,"points":0,"blocktime":615,"taken":2,"name":"Willy_Wigger","totalPoints":286,"rank":1,"id":380894,"place":4314,"uniqueZonesTaken":2},"time":"2023-05-08T09:05:48+0000","message":"🥵🥵","type":"chat"},{"country":"se","sender":{"country":"se","medals":[],"zones":[],"pointsPerHour":0,"points":0,"blocktime":600,"taken":0,"name":"Alvar96","totalPoints":0,"rank":0,"id":392378,"place":4314,"uniqueZonesTaken":0},"time":"2023-05-08T09:05:31+0000","message":"Barnkärare","type":"chat"},{"country":"se","sender":{"country":"se","medals":[],"zones":[],"pointsPerHour":0,"points":0,"blocktime":600,"taken":0,"name":"Alvar96","totalPoints":0,"rank":0,"id":392378,"place":4314,"uniqueZonesTaken":0},"time":"2023-05-08T09:05:01+0000","message":"🍒🍒🍑🍑","type":"chat"},{"country":"se","sender":{"country":"se","medals":[],"zones":[],"pointsPerHour":0,"points":0,"blocktime":600,"taken":0,"name":"Emil.16266","totalPoints":0,"rank":0,"id":392382,"place":4314,"uniqueZonesTaken":0},"time":"2023-05-08T09:04:59+0000","message":"👶🏿","type":"chat"},{"country":"se","sender":{"country":"se","medals":[],"zones":[],"pointsPerHour":0,"points":0,"blocktime":600,"taken":0,"name":"Alvar96","totalPoints":0,"rank":0,"id":392378,"place":4314,"uniqueZonesTaken":0},"time":"2023-05-08T09:04:47+0000","message":"🇸🇪🇸🇪🇸🇪🇸🇪🇸🇪","type":"chat"},{"country":"se","sender":{"country":"se","medals":[],"zones":[],"pointsPerHour":0,"points":0,"blocktime":615,"taken":2,"name":"Willy_Wigger","totalPoints":286,"rank":1,"id":380894,"place":4314,"uniqueZonesTaken":2},"time":"2023-05-08T09:04:44+0000","message":"👧👧","type":"chat"},{"country":"se","sender":{"country":"se","medals":[],"zones":[],"pointsPerHour":0,"points":0,"blocktime":600,"taken":0,"name":"Alvar96","totalPoints":0,"rank":0,"id":392378,"place":4314,"uniqueZonesTaken":0},"time":"2023-05-08T09:04:39+0000","message":"Snopp","type":"chat"},{"country":"se","sender":{"country":"se","medals":[],"zones":[],"pointsPerHour":0,"points":0,"blocktime":600,"taken":0,"name":"Emil.16266","totalPoints":0,"rank":0,"id":392382,"place":4314,"uniqueZonesTaken":0},"time":"2023-05-08T09:04:30+0000","message":"👉🏽👌🏻🔞🔞🔞😱","type":"chat"},{"medal":93,"time":"2023-05-08T09:04:28+0000","type":"medal","user":{"country":"se","medals":[93],"zones":[],"pointsPerHour":0,"points":125,"blocktime":630,"taken":3,"name":"Lizzza","totalPoints":495,"rank":2,"id":390519,"place":4314,"uniqueZonesTaken":2,"region":{"name":"Stockholm","id":141}}},{"country":"se","sender":{"country":"se","medals":[],"zones":[],"pointsPerHour":0,"points":0,"blocktime":600,"taken":0,"name":"Alvar96","totalPoints":0,"rank":0,"id":392378,"place":4314,"uniqueZonesTaken":0},"time":"2023-05-08T09:04:21+0000","message":"Kuk neger","type":"chat"},{"country":"se","sender":{"country":"se","medals":[],"zones":[],"pointsPerHour":0,"points":0,"blocktime":600,"taken":0,"name":"Emil.16266","totalPoints":0,"rank":0,"id":392382,"place":4314,"uniqueZonesTaken":0},"time":"2023-05-08T09:04:00+0000","message":"🔞🔞","type":"chat"},{"sender":{"country":"se","medals":[],"zones":[],"pointsPerHour":0,"points":0,"blocktime":600,"taken":0,"name":"Alvar96","totalPoints":0,"rank":0,"id":392378,"place":4314,"uniqueZonesTaken":0},"time":"2023-05-08T09:03:58+0000","message":"I like children","type":"chat"},{"sender":{"country":"se","medals":[],"zones":[],"pointsPerHour":0,"points":0,"blocktime":600,"taken":0,"name":"Emil.16266","totalPoints":0,"rank":0,"id":392382,"place":4314,"uniqueZonesTaken":0},"time":"2023-05-08T09:03:46+0000","message":"Flabben","type":"chat"},{"country":"se","sender":{"country":"se","medals":[],"zones":[],"pointsPerHour":0,"points":0,"blocktime":600,"taken":0,"name":"Alvar96","totalPoints":0,"rank":0,"id":392378,"place":4314,"uniqueZonesTaken":0},"time":"2023-05-08T09:03:45+0000","message":"Självmordsbombare","type":"chat"},{"sender":{"country":"se","medals":[],"zones":[],"pointsPerHour":0,"points":0,"blocktime":600,"taken":0,"name":"Emil.16266","totalPoints":0,"rank":0,"id":392382,"place":4314,"uniqueZonesTaken":0},"time":"2023-05-08T09:03:38+0000","message":"Bitch","type":"chat"},{"country":"se","sender":{"country":"se","medals":[],"zones":[],"pointsPerHour":0,"points":0,"blocktime":600,"taken":0,"name":"Emil.16266","totalPoints":0,"rank":0,"id":392382,"place":4313,"uniqueZonesTaken":0},"time":"2023-05-08T09:03:30+0000","message":"Sara sediki","type":"chat"},{"country":"se","sender":{"country":"se","medals":[],"zones":[],"pointsPerHour":0,"points":0,"blocktime":600,"taken":0,"name":"Emil.16266","totalPoints":0,"rank":0,"id":392382,"place":4312,"uniqueZonesTaken":0},"time":"2023-05-08T09:03:00+0000","message":"Eyy håll käft","type":"chat"}]