[{"medal":85,"time":"2023-05-09T12:00:17+0000","type":"medal","user":{"country":"se","medals":[95,85],"zones":[50602],"pointsPerHour":0,"points":205,"blocktime":645,"taken":10,"name":"mr_winge","totalPoints":1131,"rank":3,"id":372599,"place":5126,"uniqueZonesTaken":9,"region":{"name":"Kalmar","id":137}}},{"medal":100,"time":"2023-05-09T11:57:49+0000","type":"medal","user":{"country":"se","medals":[95,84,100],"zones":[555139],"pointsPerHour":0,"points":205,"blocktime":645,"taken":9,"name":"godo","totalPoints":880,"rank":3,"id":372602,"place":5122,"uniqueZonesTaken":8,"region":{"name":"Kalmar","id":137}}},{"medal":95,"time":"2023-05-09T11:57:49+0000","type":"medal","user":{"country":"se","medals":[95],"zones":[],"pointsPerHour":0,"points":205,"blocktime":615,"taken":2,"name":"Ahmadhadrosi","totalPoints":205,"rank":1,"id":392813,"place":5122,"uniqueZonesTaken":2,"region":{"name":"Kalmar","id":137}}},{"medal":95,"time":"2023-05-09T11:57:49+0000","type":"medal","user":{"country":"se","medals":[95],"zones":[],"pointsPerHour":0,"points":110,"blocktime":600,"taken":1,"name":"Jonnaa","totalPoints":110,"rank":0,"id":392812,"place":5122,"uniqueZonesTaken":1,"region":{"name":"Kalmar","id":137}}},{"medal":93,"time":"2023-05-09T11:56:14+0000","type":"medal","user":{"country":"se","medals":[93],"zones":[],"pointsPerHour":0,"points":110,"blocktime":600,"taken":1,"name":"bulkenturken","totalPoints":110,"rank":0,"id":392829,"place":5120,"uniqueZonesTaken":1,"region":{"name":"Kalmar","id":137}}},{"medal":73,"time":"2023-05-09T11:54:44+0000","type":"medal","user":{"country":"se","medals":[55,16,97,4,28,78,14,47,22,67,66,77,107,131,73],"zones":[6144,24368,532498,550355,18203,18204],"pointsPerHour":0,"points":4765,"blocktime":1350,"taken":30001,"name":"Lazycat","totalPoints":5019215,"rank":50,"id":59545,"place":5117,"uniqueZonesTaken":860,"region":{"name":"Västernorrland","id":145}}}]