[{"sender":{"country":"se","medals":[5,77,99,24,79,16,126,70,72,47,24,6,122,14,106,57,24,67,39,127],"zones":[134214,409216,27911,42314,2892,182607,7695,81870,7696,46354,7698,42322,51666,113554,46355,7703,220372,61981,68446,9764,52836,138535,94502,200233,200232,84653,306536,28846,84654,226860,84656,358647,42686],"pointsPerHour":126,"points":16627,"blocktime":1260,"taken":17868,"name":"EQ","totalPoints":2613083,"rank":44,"id":200915,"place":186,"uniqueZonesTaken":761,"region":{"name":"Västerbotten","id":127}},"time":"2022-08-08T10:30:38+0000","message":"Ok :)","region":{"name":"Västerbotten","id":127},"type":"chat"},{"sender":{"country":"se","medals":[16,5,24,4,24,7,24,9,72,24,79,112,24,56,70,15,77,24,27,126,75,123,106,24,88,130],"zones":[30210,9574,33641,9419,11982,26095,60463,496597,3443,51668,18614,180635,7707,42687],"pointsPerHour":101,"points":5633,"blocktime":1365,"taken":45431,"name":"WhiteNinja","totalPoints":6260487,"rank":51,"id":7032,"place":870,"uniqueZonesTaken":1227,"region":{"name":"Västerbotten","id":127}},"time":"2022-08-08T10:30:30+0000","message":"EQ: färdig 😆","region":{"name":"Västerbotten","id":127},"type":"chat"},{"medal":93,"time":"2022-08-08T10:30:02+0000","type":"medal","user":{"country":"se","medals":[51,92,31,93],"zones":[],"pointsPerHour":0,"points":125,"blocktime":705,"taken":29,"name":"ottosalad","totalPoints":5588,"rank":7,"id":366960,"place":3898,"uniqueZonesTaken":18,"region":{"name":"Stockholm","id":141}}},{"sender":{"country":"se","medals":[5,77,99,24,79,16,126,70,72,47,24,6,122,14,106,57,24,67,39,127],"zones":[134214,409216,27911,42314,2892,182607,7695,81870,7696,46354,7698,42322,51666,113554,46355,7703,220372,61981,68446,9764,52836,138535,94502,200233,200232,84653,306536,28846,84654,226860,84656,358647,42686],"pointsPerHour":126,"points":16625,"blocktime":1260,"taken":17868,"name":"EQ","totalPoints":2613081,"rank":44,"id":200915,"place":186,"uniqueZonesTaken":761,"region":{"name":"Västerbotten","id":127}},"time":"2022-08-08T10:29:35+0000","message":"WhiteNinja: Riktning? :)","region":{"name":"Västerbotten","id":127},"type":"chat"},{"sender":{"country":"se","medals":[4,16,70,22,67,7,77,117,78,27,5,126,47,58,123,131,100,95,72,89,15],"zones":[409158,409159,144439,151866,160622,95374,2863,381418,463336,154749],"pointsPerHour":25,"points":17138,"blocktime":1440,"taken":50668,"name":"Krappis","totalPoints":11777115,"rank":56,"id":155974,"place":168,"uniqueZonesTaken":1005,"region":{"name":"Kalmar","id":137}},"time":"2022-08-08T10:28:38+0000","message":"Podde: okioki","region":{"name":"Kalmar","id":137},"type":"chat"},{"medal":94,"time":"2022-08-08T10:27:51+0000","type":"medal","user":{"country":"se","medals":[94],"zones":[142969],"pointsPerHour":0,"points":295,"blocktime":660,"taken":4,"name":"Viktor132","totalPoints":1320,"rank":4,"id":367710,"place":3891,"uniqueZonesTaken":4,"region":{"name":"Dalarna","id":129}}},{"sender":{"country":"se","medals":[79,4,6,16,24,99,58,68,70,72,122,126,105,14,75,39,127],"zones":[29152,46477,14413,77199,221869,65614,480968,138102,346707,152030,31294,134301],"pointsPerHour":41,"points":1947,"blocktime":1290,"taken":17899,"name":"BrutalBarthel","totalPoints":3448150,"rank":46,"id":186189,"place":1809,"uniqueZonesTaken":536,"region":{"name":"Värmland","id":130}},"time":"2022-08-08T10:25:41+0000","message":"Sagarmatha: DETSAMMA! ÖKA!!!","region":{"name":"Värmland","id":130},"type":"chat"}]