[{"medal":51,"time":"2022-08-08T17:20:44+0000","type":"medal","user":{"country":"se","medals":[6,11,32,51],"zones":[20608,9681,7762,5626,828,19693,32030,494,12367,9679],"pointsPerHour":0,"points":797,"blocktime":735,"taken":102,"name":"sara_76","totalPoints":14568,"rank":9,"id":211897,"place":4324,"uniqueZonesTaken":67,"region":{"name":"Västmanland","id":143}}},{"medal":84,"time":"2022-08-08T17:19:17+0000","type":"medal","user":{"country":"se","medals":[84],"zones":[96320,24437,286153,50367],"pointsPerHour":0,"points":943,"blocktime":645,"taken":5,"name":"trollmiijan","totalPoints":943,"rank":3,"id":368905,"place":4323,"uniqueZonesTaken":5,"region":{"name":"Västra Götaland","id":132}}},{"medal":80,"time":"2022-08-08T17:17:24+0000","type":"medal","user":{"country":"se","medals":[93,85,80],"zones":[6481,1841,76659,12380,24014],"pointsPerHour":0,"points":595,"blocktime":675,"taken":20,"name":"Bobbo1","totalPoints":3386,"rank":5,"id":368463,"place":4322,"uniqueZonesTaken":8,"region":{"name":"Kronoberg","id":147}}},{"medal":32,"time":"2022-08-08T17:16:36+0000","type":"medal","user":{"country":"se","medals":[80,6,11,32],"zones":[20608,7762,5626,828,32030,494,12367,9679],"pointsPerHour":0,"points":617,"blocktime":735,"taken":100,"name":"sara_76","totalPoints":14388,"rank":9,"id":211897,"place":4320,"uniqueZonesTaken":65,"region":{"name":"Västmanland","id":143}}},{"sender":{"country":"se","medals":[27,16,28,79,77,30,68,22,76,91,48,82,69,68,98,124,126,24,89,74,111,131],"zones":[59344,328497,27913,1771,17566],"pointsPerHour":20,"points":4562,"blocktime":1440,"taken":57768,"name":"nesse","totalPoints":11737071,"rank":56,"id":74358,"place":1317,"uniqueZonesTaken":5398,"region":{"name":"Skåne","id":135}},"time":"2022-08-08T17:16:32+0000","message":"recycling: grattis vilket omkast från Skåne! Men synd att Király bara blev Tysk.","region":{"name":"Östergötland","id":139},"type":"chat"},{"sender":{"country":"se","medals":[79,16,55,34,47,105,10,17,116,131,6,14],"zones":[178376,23467,393770,33170,3122,451604,533,176788,119706,180670,235422,29214,428953],"pointsPerHour":41,"points":3631,"blocktime":1065,"taken":2335,"name":"SuperVera","totalPoints":394710,"rank":31,"id":280596,"place":1517,"uniqueZonesTaken":510,"region":{"name":"Örebro","id":131}},"time":"2022-08-08T17:15:41+0000","message":"GCN: ok","region":{"name":"Örebro","id":131},"type":"chat"}]