[{"medal":84,"time":"2022-04-25T07:23:23+0000","type":"medal","user":{"country":"se","medals":[84],"zones":[64417,978,21893,21534],"pointsPerHour":0,"points":407,"blocktime":10,"taken":5,"name":"sagfilp","totalPoints":407,"rank":1,"id":359112,"place":7097,"uniqueZonesTaken":5,"region":{"name":"Stockholm","id":141}}},{"medal":85,"time":"2022-04-25T07:22:19+0000","type":"medal","user":{"country":"se","medals":[80,93,85],"zones":[36448,37249,36450,1253,23318,117722,7359],"pointsPerHour":0,"points":1633,"blocktime":11,"taken":10,"name":"DT05","totalPoints":1633,"rank":4,"id":359070,"place":7096,"uniqueZonesTaken":10,"region":{"name":"Stockholm","id":141}}},{"medal":84,"time":"2022-04-25T07:21:54+0000","type":"medal","user":{"country":"se","medals":[84],"zones":[154288,141575,20743,12429],"pointsPerHour":0,"points":672,"blocktime":10,"taken":5,"name":"Coolingstoring","totalPoints":672,"rank":2,"id":359119,"place":7096,"uniqueZonesTaken":5,"region":{"name":"Stockholm","id":141}}},{"medal":80,"time":"2022-04-25T07:21:03+0000","type":"medal","user":{"country":"se","medals":[97,100,85,92,80],"zones":[28160,94420,23319,348862,28159],"pointsPerHour":0,"points":910,"blocktime":11,"taken":19,"name":"FTE","totalPoints":2200,"rank":5,"id":266787,"place":7096,"uniqueZonesTaken":19,"region":{"name":"Stockholm","id":141}}},{"medal":84,"time":"2022-04-25T07:20:16+0000","type":"medal","user":{"country":"se","medals":[80,84],"zones":[117766,217,115402,80090,33102],"pointsPerHour":0,"points":484,"blocktime":10,"taken":5,"name":"gretaselma","totalPoints":484,"rank":2,"id":359115,"place":7096,"uniqueZonesTaken":5,"region":{"name":"Stockholm","id":141}}},{"medal":80,"time":"2022-04-25T07:20:16+0000","type":"medal","user":{"country":"se","medals":[80,84],"zones":[117766,217,115402,80090,33102],"pointsPerHour":0,"points":484,"blocktime":10,"taken":5,"name":"gretaselma","totalPoints":484,"rank":2,"id":359115,"place":7096,"uniqueZonesTaken":5,"region":{"name":"Stockholm","id":141}}},{"medal":85,"time":"2022-04-25T07:19:41+0000","type":"medal","user":{"country":"se","medals":[95,100,85],"zones":[215,33099,175],"pointsPerHour":0,"points":502,"blocktime":10,"taken":10,"name":"ixi","totalPoints":882,"rank":3,"id":261630,"place":7096,"uniqueZonesTaken":9,"region":{"name":"Stockholm","id":141}}},{"medal":84,"time":"2022-04-25T07:18:13+0000","type":"medal","user":{"country":"se","medals":[84],"zones":[36452,9465,117724],"pointsPerHour":0,"points":584,"blocktime":10,"taken":5,"name":"PerfectPal1872","totalPoints":584,"rank":2,"id":359111,"place":7095,"uniqueZonesTaken":5,"region":{"name":"Stockholm","id":141}}}]