[{"medal":96,"time":"2022-04-26T09:00:57+0000","type":"medal","user":{"country":"se","medals":[96],"zones":[],"pointsPerHour":0,"points":155,"blocktime":10,"taken":1,"name":"qamarxnghxhedd","totalPoints":155,"rank":0,"id":359423,"place":7303,"uniqueZonesTaken":1,"region":{"name":"Västra Götaland","id":132}}},{"medal":96,"time":"2022-04-26T09:00:57+0000","type":"medal","user":{"country":"se","medals":[96],"zones":[],"pointsPerHour":0,"points":155,"blocktime":10,"taken":1,"name":"Mahdimahmoudm","totalPoints":155,"rank":0,"id":359424,"place":7303,"uniqueZonesTaken":1,"region":{"name":"Västra Götaland","id":132}}},{"medal":96,"time":"2022-04-26T09:00:57+0000","type":"medal","user":{"country":"se","medals":[96],"zones":[],"pointsPerHour":0,"points":155,"blocktime":10,"taken":1,"name":"emiralvisa","totalPoints":155,"rank":0,"id":359427,"place":7303,"uniqueZonesTaken":1,"region":{"name":"Västra Götaland","id":132}}},{"medal":96,"time":"2022-04-26T09:00:57+0000","type":"medal","user":{"country":"se","medals":[96],"zones":[],"pointsPerHour":0,"points":155,"blocktime":10,"taken":1,"name":"ville404","totalPoints":155,"rank":0,"id":359420,"place":7303,"uniqueZonesTaken":1,"region":{"name":"Västra Götaland","id":132}}},{"medal":96,"time":"2022-04-26T09:00:57+0000","type":"medal","user":{"country":"se","medals":[96],"zones":[],"pointsPerHour":0,"points":155,"blocktime":10,"taken":1,"name":"smilla89","totalPoints":155,"rank":0,"id":359425,"place":7303,"uniqueZonesTaken":1,"region":{"name":"Västra Götaland","id":132}}},{"medal":96,"time":"2022-04-26T09:00:57+0000","type":"medal","user":{"country":"se","medals":[96],"zones":[],"pointsPerHour":0,"points":155,"blocktime":10,"taken":1,"name":"Ollekung","totalPoints":155,"rank":0,"id":359422,"place":7303,"uniqueZonesTaken":1,"region":{"name":"Västra Götaland","id":132}}},{"medal":84,"time":"2022-04-26T09:00:45+0000","type":"medal","user":{"country":"se","medals":[84],"zones":[106517,208984,908],"pointsPerHour":0,"points":645,"blocktime":10,"taken":5,"name":"NourZ","totalPoints":645,"rank":2,"id":359396,"place":7303,"uniqueZonesTaken":5,"region":{"name":"Östergötland","id":139}}},{"medal":10,"time":"2022-04-26T09:00:10+0000","type":"medal","user":{"country":"se","medals":[80,85,10],"zones":[90929,593,138512,17668,37144,37145,228056],"pointsPerHour":0,"points":1093,"blocktime":10,"taken":12,"name":"Macks1","totalPoints":1093,"rank":3,"id":359397,"place":7303,"uniqueZonesTaken":12,"region":{"name":"Östergötland","id":139}}},{"medal":84,"time":"2022-04-26T08:59:45+0000","type":"medal","user":{"country":"se","medals":[80,84],"zones":[21137,4983,4984,80781,926],"pointsPerHour":0,"points":552,"blocktime":10,"taken":5,"name":"Nabil1","totalPoints":552,"rank":2,"id":359405,"place":7303,"uniqueZonesTaken":5,"region":{"name":"Östergötland","id":139}}},{"medal":80,"time":"2022-04-26T08:59:45+0000","type":"medal","user":{"country":"se","medals":[80,84],"zones":[21137,4983,4984,80781,926],"pointsPerHour":0,"points":552,"blocktime":10,"taken":5,"name":"Nabil1","totalPoints":552,"rank":2,"id":359405,"place":7303,"uniqueZonesTaken":5,"region":{"name":"Östergötland","id":139}}},{"medal":80,"time":"2022-04-26T08:57:41+0000","type":"medal","user":{"country":"se","medals":[84,80],"zones":[595,95106,22774,4984,906],"pointsPerHour":0,"points":643,"blocktime":10,"taken":7,"name":"calleballe11","totalPoints":643,"rank":2,"id":359393,"place":7302,"uniqueZonesTaken":7,"region":{"name":"Östergötland","id":139}}},{"medal":84,"time":"2022-04-26T08:57:17+0000","type":"medal","user":{"country":"se","medals":[80,84],"zones":[22321,26743,29354,356751,29355],"pointsPerHour":0,"points":673,"blocktime":10,"taken":5,"name":"callle","totalPoints":673,"rank":2,"id":359391,"place":7302,"uniqueZonesTaken":5,"region":{"name":"Östergötland","id":139}}},{"medal":80,"time":"2022-04-26T08:57:17+0000","type":"medal","user":{"country":"se","medals":[80,84],"zones":[22321,26743,29354,356751,29355],"pointsPerHour":0,"points":673,"blocktime":10,"taken":5,"name":"callle","totalPoints":673,"rank":2,"id":359391,"place":7302,"uniqueZonesTaken":5,"region":{"name":"Östergötland","id":139}}},{"medal":90,"time":"2022-04-26T08:55:54+0000","type":"medal","user":{"country":"se","medals":[80,85,90],"zones":[90929,593,95106,37144,37145,9514,228056,12383],"pointsPerHour":0,"points":914,"blocktime":10,"taken":10,"name":"Macks1","totalPoints":914,"rank":3,"id":359397,"place":7302,"uniqueZonesTaken":10,"region":{"name":"Östergötland","id":139}}},{"medal":85,"time":"2022-04-26T08:55:54+0000","type":"medal","user":{"country":"se","medals":[80,85,90],"zones":[90929,593,95106,37144,37145,9514,228056,12383],"pointsPerHour":0,"points":914,"blocktime":10,"taken":10,"name":"Macks1","totalPoints":914,"rank":3,"id":359397,"place":7302,"uniqueZonesTaken":10,"region":{"name":"Östergötland","id":139}}}]