[{"sender":{"country":"se","medals":[16,94,72,7,103,78,48,122,83,67,58,70,89,77,22,15,130],"zones":[51585,139396,31882,27853,1362,1363,90773,1364,597,598,599,1751,23961,222233,28189,82271,34086,15529,355180,135784,62252,1006,1135,43248,17907,1079,34552,114938,1403,1407],"pointsPerHour":176,"points":116811,"blocktime":23,"taken":60720,"name":"fabbe2","totalPoints":10881059,"rank":55,"id":188890,"place":367,"uniqueZonesTaken":1146,"region":{"name":"Skåne","id":135}},"time":"2022-04-25T14:29:31+0000","message":"Wokoholic: japp","region":{"name":"Skåne","id":135},"type":"chat"},{"sender":{"country":"se","medals":[16,94,72,7,103,78,48,122,83,67,58,70,89,77,22,15,130],"zones":[51585,139396,31882,27853,1362,1363,90773,1364,597,598,599,1751,23961,222233,28189,82271,34086,15529,355180,135784,62252,1006,1135,43248,17907,1079,34552,114938,1403,1407],"pointsPerHour":176,"points":116810,"blocktime":23,"taken":60720,"name":"fabbe2","totalPoints":10881059,"rank":55,"id":188890,"place":367,"uniqueZonesTaken":1146,"region":{"name":"Skåne","id":135}},"time":"2022-04-25T14:29:22+0000","message":"japp","region":{"name":"Skåne","id":135},"type":"chat"},{"sender":{"country":"se","medals":[16,22,28,70,79,67,5,126,7,57,14,122,94,48,103,77,130,40],"zones":[25024,90821,27850,128586,33742,31889,1746,1749,318291,23962,2460,2461,2464,28193,154784,154087,26213,26214,12329,15531,11884,320872,17902,185336,25019],"pointsPerHour":93,"points":128499,"blocktime":22,"taken":23447,"name":"Wokoholic","totalPoints":4206342,"rank":48,"id":240495,"place":325,"uniqueZonesTaken":757,"region":{"name":"Skåne","id":135}},"time":"2022-04-25T14:29:05+0000","message":"fabbe2: är du på väg mot stationen?","region":{"name":"Skåne","id":135},"type":"chat"},{"medal":80,"time":"2022-04-25T14:27:43+0000","type":"medal","user":{"country":"se","medals":[93,84,80],"zones":[1104,1105,7618,9623,2969],"pointsPerHour":0,"points":939,"blocktime":10,"taken":7,"name":"Augustarvid","totalPoints":939,"rank":3,"id":359275,"place":7216,"uniqueZonesTaken":7,"region":{"name":"Jönköping","id":133}}},{"medal":94,"time":"2022-04-25T14:26:38+0000","type":"medal","user":{"country":"se","medals":[80,84,94],"zones":[7616,7617,8067,7620,1655,108958],"pointsPerHour":0,"points":924,"blocktime":10,"taken":7,"name":"MeNSa","totalPoints":924,"rank":3,"id":359265,"place":7216,"uniqueZonesTaken":7,"region":{"name":"Jönköping","id":133}}},{"medal":94,"time":"2022-04-25T14:26:38+0000","type":"medal","user":{"country":"se","medals":[94],"zones":[458432,6488,9630],"pointsPerHour":0,"points":780,"blocktime":10,"taken":5,"name":"mrleiva","totalPoints":780,"rank":3,"id":359266,"place":7216,"uniqueZonesTaken":5,"region":{"name":"Jönköping","id":133}}},{"medal":31,"time":"2022-04-25T14:26:14+0000","type":"medal","user":{"country":"se","medals":[51,92,10,31],"zones":[7619,16900,7621,430496,7622,2985,21737,476781,26058,2988,2989,11437,31728,28885,1656,824,7868,180959],"pointsPerHour":0,"points":3310,"blocktime":11,"taken":25,"name":"l.kallvant","totalPoints":3310,"rank":5,"id":359073,"place":7216,"uniqueZonesTaken":25,"region":{"name":"Jönköping","id":133}}},{"medal":94,"time":"2022-04-25T14:23:17+0000","type":"medal","user":{"country":"se","medals":[94],"zones":[],"pointsPerHour":0,"points":376,"blocktime":10,"taken":3,"name":"DanaJ","totalPoints":376,"rank":1,"id":359261,"place":7215,"uniqueZonesTaken":2,"region":{"name":"Jönköping","id":133}}},{"medal":94,"time":"2022-04-25T14:23:17+0000","type":"medal","user":{"country":"se","medals":[94],"zones":[766],"pointsPerHour":0,"points":500,"blocktime":10,"taken":3,"name":"Jimmy12345","totalPoints":500,"rank":2,"id":359211,"place":7215,"uniqueZonesTaken":3,"region":{"name":"Jönköping","id":133}}}]