[{"medal":84,"time":"2022-04-26T10:11:29+0000","type":"medal","user":{"country":"se","medals":[80,84],"zones":[224099,43046,7190,115129,63276],"pointsPerHour":0,"points":836,"blocktime":10,"taken":5,"name":"linnsvahn","totalPoints":836,"rank":3,"id":359456,"place":7326,"uniqueZonesTaken":5,"region":{"name":"Halland","id":134}}},{"medal":80,"time":"2022-04-26T10:11:29+0000","type":"medal","user":{"country":"se","medals":[80,84],"zones":[224099,43046,7190,115129,63276],"pointsPerHour":0,"points":836,"blocktime":10,"taken":5,"name":"linnsvahn","totalPoints":836,"rank":3,"id":359456,"place":7326,"uniqueZonesTaken":5,"region":{"name":"Halland","id":134}}},{"medal":84,"time":"2022-04-26T10:11:23+0000","type":"medal","user":{"country":"se","medals":[93,84],"zones":[154978,3385,224521,63277],"pointsPerHour":0,"points":820,"blocktime":10,"taken":5,"name":"Gustavovimmer","totalPoints":820,"rank":3,"id":359458,"place":7326,"uniqueZonesTaken":5,"region":{"name":"Halland","id":134}}},{"medal":85,"time":"2022-04-26T10:11:05+0000","type":"medal","user":{"country":"se","medals":[80,85],"zones":[37144,2297,115064,9514],"pointsPerHour":0,"points":1091,"blocktime":10,"taken":10,"name":"Peter2008","totalPoints":1091,"rank":3,"id":359133,"place":7326,"uniqueZonesTaken":6,"region":{"name":"Östergötland","id":139}}},{"medal":7,"time":"2022-04-26T10:08:41+0000","type":"medal","user":{"country":"de","medals":[79,67,16,77,70,27,68,117,68,83,72,82,15,124,4,3,69,68,68,97,102,8,68,69,68,68,75,21,69,68,130,68,39,69,68,7],"zones":[413446,358532,373771,399881,200460,429193,388370,393233,200347,392094,479642,479641,14245,368172,479662,408872,201520,200375,201014,484925,488380,381881,488379,393018,381882,393805,361678,393803,381397,361681,361680,430673,388445,200411,362461,381404,430684,387551,430682,430683,381400,381403,430681,381402,361690,488807,361701,488806,396388,488805,474213,394212,488804,387558,394213,361707,488808,186349,430454,430450,388849,430451,488827,403448,430457],"pointsPerHour":0,"points":158823,"blocktime":22,"taken":16622,"name":"Marcus_P","totalPoints":5899760,"rank":51,"id":311804,"place":7326,"uniqueZonesTaken":1648,"region":{"name":"Hamburg","id":439}}},{"sender":{"country":"se","medals":[90,51,6,100,11,94,32,79],"zones":[95552,153713,476415,27049,396780,7196,24111],"pointsPerHour":19,"points":5009,"blocktime":13,"taken":131,"name":"Villeni","totalPoints":22621,"rank":12,"id":335816,"place":3976,"uniqueZonesTaken":89,"region":{"name":"Halland","id":134}},"time":"2022-04-26T10:01:41+0000","message":"Fan va gött, lvl 12 och brigelover medaljen på lunchrasten","region":{"name":"Halland","id":134},"type":"chat"}]