[{"medal":86,"time":"2021-07-05T07:01:51+0000","type":"medal","user":{"country":"se","medals":[93,92,80,86],"zones":[116057],"pointsPerHour":0,"points":80,"blocktime":705,"taken":50,"name":"Tigger1","totalPoints":6381,"rank":7,"id":329399,"place":3801,"uniqueZonesTaken":17,"region":{"name":"Gotland","id":138}}},{"medal":90,"time":"2021-07-05T06:57:57+0000","type":"medal","user":{"country":"se","medals":[100,95,92,31,51,90],"zones":[63910,95110,69894,180652,178354,26896,26897,22322,4979,1782,21112,37146,69535],"pointsPerHour":0,"points":4845,"blocktime":690,"taken":38,"name":"Garbo23","totalPoints":4845,"rank":6,"id":335407,"place":3798,"uniqueZonesTaken":27,"region":{"name":"Östergötland","id":139}}}]