[{"sender":{"country":"fi","medals":[77,16,78,67,22,7,70,72,14,5,126,97,48,4,27,105,73,59,123],"zones":[10279,9815,11095,9817,9818,9819,9820,11087],"pointsPerHour":8,"points":1904,"blocktime":1365,"taken":30375,"name":"MrCoolWat.","totalPoints":5881803,"rank":51,"id":227290,"place":1794,"uniqueZonesTaken":651,"region":{"name":"Pohjois-Suomi","id":188}},"time":"2021-07-05T14:24:51+0000","message":"Welshman: congratulations to another gold medal","type":"chat"},{"medal":92,"time":"2021-07-05T14:24:44+0000","type":"medal","user":{"country":"uk","medals":[80,85,92],"zones":[365621],"pointsPerHour":0,"points":235,"blocktime":690,"taken":21,"name":"Suffguy","totalPoints":4606,"rank":6,"id":334142,"place":4196,"uniqueZonesTaken":15,"region":{"name":"Greater London","id":207}}},{"sender":{"country":"fi","medals":[77,16,78,67,22,7,70,72,14,5,126,97,48,4,27,105,73,59,123],"zones":[10279,9815,11095,9817,9818,9819,9820,11087],"pointsPerHour":8,"points":1904,"blocktime":1365,"taken":30375,"name":"MrCoolWat.","totalPoints":5881803,"rank":51,"id":227290,"place":1793,"uniqueZonesTaken":651,"region":{"name":"Pohjois-Suomi","id":188}},"time":"2021-07-05T14:23:23+0000","message":"Aicar: grattis till medaljerna","type":"chat"}]