[{"sender":{"country":"se","medals":[16,24,48,67,70,24,26,15,72,24,91,45,112,24,83,27,79,107,57,122,4,126,89],"zones":[15136,15008,64546,54663,1000,30217,2889,9706,15115,43372,8589,26093,2895,43375,8592,6165,2998,42393,141721,9471],"pointsPerHour":145,"points":6019,"blocktime":1395,"taken":50038,"name":"Harlequin","totalPoints":7737935,"rank":53,"id":31991,"place":709,"uniqueZonesTaken":2133,"region":{"name":"Västerbotten","id":127}},"time":"2021-07-05T08:03:13+0000","message":"Superelak: spruta 2","region":{"name":"Västerbotten","id":127},"type":"chat"},{"medal":85,"time":"2021-07-05T08:03:02+0000","type":"medal","user":{"country":"uk","medals":[51,85],"zones":[352821,316598,316599,352822,339217,318032,339219,355667,355666,355662],"pointsPerHour":0,"points":2498,"blocktime":675,"taken":10,"name":"Pekijala","totalPoints":2498,"rank":5,"id":335281,"place":3859,"uniqueZonesTaken":10,"region":{"name":"Scotland","id":200}}},{"medal":51,"time":"2021-07-05T08:03:02+0000","type":"medal","user":{"country":"uk","medals":[51,85],"zones":[352821,316598,316599,352822,339217,318032,339219,355667,355666,355662],"pointsPerHour":0,"points":2498,"blocktime":675,"taken":10,"name":"Pekijala","totalPoints":2498,"rank":5,"id":335281,"place":3859,"uniqueZonesTaken":10,"region":{"name":"Scotland","id":200}}},{"sender":{"country":"se","medals":[70,16,67,24,72,24,68,24,79,24,83,112,75,59,2,68,24,2,68,77,24,4,68,68,21,68,24,66,50,24,109,24,126,124,119],"zones":[94785,8256,9088,8257,8258,109699,47619,27909,2886,54664,81871,246732,8593,6163,22356,2908,360984,190240,995,94501,9383,999,114026,114029,1004,44535,179128,8254,8255],"pointsPerHour":222,"points":19948,"blocktime":1470,"taken":108694,"name":"Superelak","totalPoints":15627668,"rank":58,"id":126940,"place":81,"uniqueZonesTaken":3246,"region":{"name":"Västerbotten","id":127}},"time":"2021-07-05T08:02:39+0000","message":"Harlequin: 👍","region":{"name":"Västerbotten","id":127},"type":"chat"},{"sender":{"country":"se","medals":[16,24,48,67,70,24,26,15,72,24,91,45,112,24,83,27,79,107,57,122,4,126,89],"zones":[15136,15008,64546,54663,1000,30217,2889,9706,15115,43372,8589,26093,2895,43375,8592,6165,2998,42393,141721,9471],"pointsPerHour":145,"points":6017,"blocktime":1395,"taken":50038,"name":"Harlequin","totalPoints":7737932,"rank":53,"id":31991,"place":709,"uniqueZonesTaken":2133,"region":{"name":"Västerbotten","id":127}},"time":"2021-07-05T08:02:19+0000","message":"Superelak: nolia","region":{"name":"Västerbotten","id":127},"type":"chat"},{"sender":{"country":"se","medals":[70,16,67,24,72,24,68,24,79,24,83,112,75,59,2,68,24,2,68,77,24,4,68,68,21,68,24,66,50,24,109,24,126,124,119],"zones":[94785,8256,9088,8257,8258,109699,47619,27909,2886,54664,81871,246732,8593,6163,22356,2908,360984,190240,995,94501,9383,999,114026,114029,1004,44535,179128,8254,8255],"pointsPerHour":222,"points":19944,"blocktime":1470,"taken":108694,"name":"Superelak","totalPoints":15627664,"rank":58,"id":126940,"place":81,"uniqueZonesTaken":3246,"region":{"name":"Västerbotten","id":127}},"time":"2021-07-05T08:01:29+0000","message":"Harlequin: jag är på väg mot Röbäck, hur är din plan?","region":{"name":"Västerbotten","id":127},"type":"chat"},{"sender":{"country":"fi","medals":[16,46,62,4,7,30,54,13,28,114,17,39,126,104],"zones":[98323,37938,35908,7189,194292,33371],"pointsPerHour":37,"points":1404,"blocktime":1275,"taken":19986,"name":"Allebazi","totalPoints":2799574,"rank":45,"id":78724,"place":1746,"uniqueZonesTaken":433,"region":{"name":"Åland","id":177}},"time":"2021-07-05T07:59:25+0000","message":"Ok om jag träffar dem😊","region":{"name":"Åland","id":177},"type":"chat"},{"sender":{"country":"fi","medals":[16,4,77,94,67,96,83,122,79,68,126,21,6,70,75,72,59,68,108,68,73,14,68],"zones":[141450,33835,34125,15570,350326,150646,24664,224568,42939,138558,62494,392187,15583],"pointsPerHour":81,"points":14554,"blocktime":1350,"taken":34759,"name":"Corellian","totalPoints":5017919,"rank":50,"id":264701,"place":180,"uniqueZonesTaken":530,"region":{"name":"Åland","id":177}},"time":"2021-07-05T07:58:43+0000","message":"Allebazi: se ovan, verkar svårt stt stava idsg 🙄","region":{"name":"Åland","id":177},"type":"chat"},{"sender":{"country":"se","medals":[67,22,47,28,7,55,79,112,24,77,17,15,89,126,122,104],"zones":[704,109475,63652,92228,485,9674,9675,31339,9676,63694,17552,6098,12370,7763,31764,92116,18197],"pointsPerHour":143,"points":3734,"blocktime":1395,"taken":67895,"name":"tine","totalPoints":7671798,"rank":53,"id":36446,"place":1051,"uniqueZonesTaken":1263,"region":{"name":"Västmanland","id":143}},"time":"2021-07-05T07:55:48+0000","message":"Åkersbo: ber om ursäkt, försökte åka ur zonen men..","region":{"name":"Västmanland","id":143},"type":"chat"}]