[{"medal":90,"time":"2023-04-25T08:38:58+0000","type":"medal","user":{"country":"se","medals":[93,84,80,90],"zones":[62324,42404,281809,18069,115817,18075,12478],"pointsPerHour":0,"points":1686,"blocktime":11,"taken":10,"name":"Oliver.strang","totalPoints":1686,"rank":4,"id":390396,"place":7799,"uniqueZonesTaken":10,"region":{"name":"Kronoberg","id":147}}},{"medal":90,"time":"2023-04-25T08:38:58+0000","type":"medal","user":{"country":"se","medals":[93,100,85,90],"zones":[89120,18103,115818,89119],"pointsPerHour":0,"points":1687,"blocktime":11,"taken":10,"name":"Alvarwass","totalPoints":1687,"rank":4,"id":390386,"place":7799,"uniqueZonesTaken":10,"region":{"name":"Kronoberg","id":147}}},{"medal":85,"time":"2023-04-25T08:38:58+0000","type":"medal","user":{"country":"se","medals":[93,100,85,90],"zones":[89120,18103,115818,89119],"pointsPerHour":0,"points":1687,"blocktime":11,"taken":10,"name":"Alvarwass","totalPoints":1687,"rank":4,"id":390386,"place":7799,"uniqueZonesTaken":10,"region":{"name":"Kronoberg","id":147}}},{"medal":84,"time":"2023-04-25T08:34:19+0000","type":"medal","user":{"country":"se","medals":[94,84],"zones":[21473,21474,567743,97785],"pointsPerHour":0,"points":627,"blocktime":10,"taken":5,"name":"Maxx123","totalPoints":782,"rank":3,"id":387191,"place":7794,"uniqueZonesTaken":5,"region":{"name":"Östergötland","id":139}}}]