[{"sender":{"country":"uk","medals":[93,84],"zones":[351380,351373,389945,364456],"pointsPerHour":4,"points":1405,"blocktime":11,"taken":5,"name":"Arnsturf#","totalPoints":1404,"rank":4,"id":384278,"place":5495,"uniqueZonesTaken":5,"region":{"name":"Scotland","id":200}},"time":"2023-04-25T19:37:14+0000","message":"Annoying, cause I wanted to take CSL's Zone on 🐍 Snakey, it said taking Zone/leaving CSL's Zone","region":{"name":"Scotland","id":200},"type":"chat"},{"sender":{"country":"se","medals":[4,126,6,16,28,70,57,24,79,97,22,75,64,106,24,123,130,24,15,83,39,27],"zones":[517719,465844,57983],"pointsPerHour":6,"points":36146,"blocktime":21,"taken":17125,"name":"theMoffe","totalPoints":3567917,"rank":47,"id":278042,"place":1664,"uniqueZonesTaken":1096,"region":{"name":"Stockholm","id":141}},"time":"2023-04-25T19:37:03+0000","message":"pope: vänta?","region":{"name":"Stockholm","id":141},"type":"chat"},{"sender":{"country":"uk","medals":[93,84],"zones":[351380,351373,389945,364456],"pointsPerHour":4,"points":1405,"blocktime":11,"taken":5,"name":"Arnsturf#","totalPoints":1404,"rank":4,"id":384278,"place":5495,"uniqueZonesTaken":5,"region":{"name":"Scotland","id":200}},"time":"2023-04-25T19:34:46+0000","message":"it only showing I took 1 zone 🤐","region":{"name":"Scotland","id":200},"type":"chat"}]