[{"medal":80,"time":"2022-04-18T13:00:28+0000","type":"medal","user":{"country":"se","medals":[85,80],"zones":[134263,11116,47598,7007,47599],"pointsPerHour":0,"points":2619,"blocktime":675,"taken":18,"name":"Fopson","totalPoints":2619,"rank":5,"id":356444,"place":6256,"uniqueZonesTaken":12,"region":{"name":"Stockholm","id":141}}},{"sender":{"country":"fi","medals":[122,77,72,78,16,5,59,4,14,96,75,22,107,127,37],"zones":[217666,14761,60556,60557,33837,313675,228108,63856,64816,34132,72501,152983,428049,7191,6968,152984,74012,62493],"pointsPerHour":103,"points":12705,"blocktime":1200,"taken":8982,"name":"Hblom","totalPoints":1291146,"rank":40,"id":305896,"place":2441,"uniqueZonesTaken":541,"region":{"name":"Åland","id":177}},"time":"2022-04-18T12:55:27+0000","message":"MrCoolWat.: greed 250?","region":{"name":"Åland","id":177},"type":"chat"}]