[{"medal":80,"time":"2022-04-19T13:59:32+0000","type":"medal","user":{"country":"se","medals":[5,31,92,80],"zones":[8758,12183,8759,31706,227246],"pointsPerHour":0,"points":1032,"blocktime":705,"taken":35,"name":"AljonZ","totalPoints":5540,"rank":7,"id":43008,"place":6421,"uniqueZonesTaken":17,"region":{"name":"Dalarna","id":129}}},{"medal":85,"time":"2022-04-19T13:55:22+0000","type":"medal","user":{"country":"gb","medals":[80,85],"zones":[392661,392662,392657,392658],"pointsPerHour":0,"points":2068,"blocktime":675,"taken":10,"name":"smurfturf1","totalPoints":2068,"rank":5,"id":358332,"place":6421,"uniqueZonesTaken":10,"region":{"name":"North West England","id":201}}},{"medal":92,"time":"2022-04-19T13:52:27+0000","type":"medal","user":{"country":"se","medals":[5,31,92],"zones":[31706,227246],"pointsPerHour":0,"points":625,"blocktime":690,"taken":32,"name":"AljonZ","totalPoints":5134,"rank":6,"id":43008,"place":6420,"uniqueZonesTaken":15,"region":{"name":"Dalarna","id":129}}}]