[{"medal":93,"time":"2022-04-18T12:04:23+0000","type":"medal","user":{"country":"se","medals":[93],"zones":[62485],"pointsPerHour":0,"points":235,"blocktime":630,"taken":4,"name":"Arasfang","totalPoints":474,"rank":2,"id":267988,"place":6234,"uniqueZonesTaken":3,"region":{"name":"Gävleborg","id":144}}},{"sender":{"country":"se","medals":[16,24,70,4,67,17,24,26,44,29,72,91,79,77,83,75,113,22,24,27,68,17,117,76,49,68,24,116,17,30,82,24,62,124,126,121,111,119,17,125,24,131],"zones":[203926,480110,474762,328522],"pointsPerHour":9,"points":124173,"blocktime":1470,"taken":117252,"name":"Munin","totalPoints":17091323,"rank":58,"id":62408,"place":145,"uniqueZonesTaken":13140,"region":{"name":"Uppsala","id":142}},"time":"2022-04-18T12:02:12+0000","message":"Tack Mariehamn och Åland för lånet av z denna gång 😸","region":{"name":"Åland","id":177},"type":"chat"},{"medal":11,"time":"2022-04-18T12:00:52+0000","type":"medal","user":{"country":"wd","medals":[51,93,100,86,6,11],"zones":[43536,362359],"pointsPerHour":0,"points":831,"blocktime":795,"taken":62,"name":"mimzers99","totalPoints":28013,"rank":13,"id":334240,"place":6233,"uniqueZonesTaken":50,"region":{"name":"Peru","id":257}}}]