[{"medal":80,"time":"2022-04-19T12:58:39+0000","type":"medal","user":{"country":"se","medals":[93,84,80],"zones":[30755,139444,30758,95690,24109],"pointsPerHour":0,"points":1319,"blocktime":660,"taken":8,"name":"ecco2k","totalPoints":1319,"rank":4,"id":358433,"place":6415,"uniqueZonesTaken":8,"region":{"name":"Halland","id":134}}},{"medal":85,"time":"2022-04-19T12:58:33+0000","type":"medal","user":{"country":"se","medals":[80,85],"zones":[30753,7202,64600,18044,211487,481898,61471],"pointsPerHour":0,"points":1457,"blocktime":660,"taken":10,"name":"AlvTaren","totalPoints":1457,"rank":4,"id":358466,"place":6415,"uniqueZonesTaken":9,"region":{"name":"Halland","id":134}}},{"medal":80,"time":"2022-04-19T12:55:30+0000","type":"medal","user":{"country":"se","medals":[84,80],"zones":[481894,24113,113914,7196,1262],"pointsPerHour":0,"points":971,"blocktime":645,"taken":7,"name":"Danijela","totalPoints":971,"rank":3,"id":358390,"place":6415,"uniqueZonesTaken":7,"region":{"name":"Halland","id":134}}},{"medal":52,"time":"2022-04-19T12:54:00+0000","type":"medal","user":{"country":"se","medals":[92,52,86],"zones":[138115,347489,203814,347491,22407,203812,114185,154280,82380,360944,23991,12730,12731,61148,12732,12733,61149,12734,43231,61151],"pointsPerHour":0,"points":10176,"blocktime":720,"taken":50,"name":"Fat_duck","totalPoints":10176,"rank":8,"id":358119,"place":6415,"uniqueZonesTaken":34,"region":{"name":"Kalmar","id":137}}},{"medal":86,"time":"2022-04-19T12:54:00+0000","type":"medal","user":{"country":"se","medals":[92,52,86],"zones":[138115,347489,203814,347491,22407,203812,114185,154280,82380,360944,23991,12730,12731,61148,12732,12733,61149,12734,43231,61151],"pointsPerHour":0,"points":10176,"blocktime":720,"taken":50,"name":"Fat_duck","totalPoints":10176,"rank":8,"id":358119,"place":6415,"uniqueZonesTaken":34,"region":{"name":"Kalmar","id":137}}}]