[{"medal":80,"time":"2022-04-19T12:21:21+0000","type":"medal","user":{"country":"se","medals":[93,84,80],"zones":[412466,412465,203802,64602,62588],"pointsPerHour":0,"points":1065,"blocktime":645,"taken":6,"name":"AntonJR","totalPoints":1065,"rank":3,"id":358371,"place":6408,"uniqueZonesTaken":6,"region":{"name":"Halland","id":134}}},{"medal":94,"time":"2022-04-19T12:20:32+0000","type":"medal","user":{"country":"se","medals":[94],"zones":[],"pointsPerHour":0,"points":170,"blocktime":600,"taken":1,"name":"IdaBruhn","totalPoints":170,"rank":0,"id":358373,"place":6408,"uniqueZonesTaken":1,"region":{"name":"Halland","id":134}}},{"medal":94,"time":"2022-04-19T12:20:32+0000","type":"medal","user":{"country":"se","medals":[94],"zones":[],"pointsPerHour":0,"points":170,"blocktime":600,"taken":1,"name":"sommarnelly","totalPoints":170,"rank":0,"id":358468,"place":6408,"uniqueZonesTaken":1,"region":{"name":"Halland","id":134}}},{"medal":84,"time":"2022-04-19T12:19:26+0000","type":"medal","user":{"country":"se","medals":[93,84],"zones":[412466,203802,64602,62588],"pointsPerHour":0,"points":880,"blocktime":645,"taken":5,"name":"AntonJR","totalPoints":880,"rank":3,"id":358371,"place":6408,"uniqueZonesTaken":5,"region":{"name":"Halland","id":134}}}]