[{"sender":{"country":"se","medals":[16,24,21,67,70,17,3,68,79,20,83,75,4,17,116,27,72,24,82,1,69,68,68,68,68,24,17,1,69,68,24,24,77,68,91,68,108,24,123,120,24,118,24,126,17,68,24,68,128],"zones":[136195,136192,8658,136193,141473,136198,8662,8649,54250,176735],"pointsPerHour":10,"points":111350,"blocktime":1470,"taken":97272,"name":"Kygni","totalPoints":16675999,"rank":58,"id":105263,"place":195,"uniqueZonesTaken":9009,"region":{"name":"Norrbotten","id":126}},"time":"2022-04-18T13:31:35+0000","message":"QueenBitch: finns även info om det i det senaste omgångsmailet :)","region":{"name":"Norrbotten","id":126},"type":"chat"},{"sender":{"country":"se","medals":[67,16,17,4,5,55,24,17,28,15,66,24,17,112,47,77,70,79,103,117,21,24,17,8,40,122,126],"zones":[141555,8644,101734,17576,139658,185288,206861],"pointsPerHour":7,"points":7473,"blocktime":1320,"taken":23498,"name":"QueenBitch","totalPoints":4314972,"rank":48,"id":74022,"place":3049,"uniqueZonesTaken":2453,"region":{"name":"Norrbotten","id":126}},"time":"2022-04-18T13:31:07+0000","message":"Kygni: Ska kolla! Tack.","region":{"name":"Norrbotten","id":126},"type":"chat"},{"sender":{"country":"se","medals":[16,24,21,67,70,17,3,68,79,20,83,75,4,17,116,27,72,24,82,1,69,68,68,68,68,24,17,1,69,68,24,24,77,68,91,68,108,24,123,120,24,118,24,126,17,68,24,68,128],"zones":[136195,136192,8658,136193,141473,136198,8662,8649,54250,176735],"pointsPerHour":10,"points":111350,"blocktime":1470,"taken":97272,"name":"Kygni","totalPoints":16675998,"rank":58,"id":105263,"place":195,"uniqueZonesTaken":9009,"region":{"name":"Norrbotten","id":126}},"time":"2022-04-18T13:30:48+0000","message":"QueenBitch: det finns info i facebook gruppen","region":{"name":"Norrbotten","id":126},"type":"chat"},{"sender":{"country":"se","medals":[67,16,17,4,5,55,24,17,28,15,66,24,17,112,47,77,70,79,103,117,21,24,17,8,40,122,126],"zones":[141555,8644,101734,17576,139658,185288,206861],"pointsPerHour":7,"points":7473,"blocktime":1320,"taken":23498,"name":"QueenBitch","totalPoints":4314972,"rank":48,"id":74022,"place":3049,"uniqueZonesTaken":2453,"region":{"name":"Norrbotten","id":126}},"time":"2022-04-18T13:30:22+0000","message":"Kygni: Oj, vad ni är aktiva! 😄 Ska försöka minnas ifall jag är hör. Finns det info på Facebook?","region":{"name":"Norrbotten","id":126},"type":"chat"},{"sender":{"country":"se","medals":[16,24,21,67,70,17,3,68,79,20,83,75,4,17,116,27,72,24,82,1,69,68,68,68,68,24,17,1,69,68,24,24,77,68,91,68,108,24,123,120,24,118,24,126,17,68,24,68,128],"zones":[136195,136192,8658,136193,141473,136198,8662,8649,54250,176735],"pointsPerHour":10,"points":111350,"blocktime":1470,"taken":97272,"name":"Kygni","totalPoints":16675998,"rank":58,"id":105263,"place":195,"uniqueZonesTaken":9009,"region":{"name":"Norrbotten","id":126}},"time":"2022-04-18T13:29:14+0000","message":"QueenBitch: är du med på triathlon eventet + midnight 11e juni?","region":{"name":"Norrbotten","id":126},"type":"chat"},{"sender":{"country":"se","medals":[16,24,21,67,70,17,3,68,79,20,83,75,4,17,116,27,72,24,82,1,69,68,68,68,68,24,17,1,69,68,24,24,77,68,91,68,108,24,123,120,24,118,24,126,17,68,24,68,128],"zones":[136195,136192,8658,136193,141473,136198,8662,8649,54250,176735],"pointsPerHour":10,"points":111350,"blocktime":1470,"taken":97272,"name":"Kygni","totalPoints":16675998,"rank":58,"id":105263,"place":195,"uniqueZonesTaken":9009,"region":{"name":"Norrbotten","id":126}},"time":"2022-04-18T13:28:59+0000","message":"QueenBitch: ok :)","region":{"name":"Norrbotten","id":126},"type":"chat"},{"sender":{"country":"se","medals":[67,16,17,4,5,55,24,17,28,15,66,24,17,112,47,77,70,79,103,117,21,24,17,8,40,122,126],"zones":[141555,8644,101734,17576,139658,185288,206861],"pointsPerHour":7,"points":7472,"blocktime":1320,"taken":23498,"name":"QueenBitch","totalPoints":4314972,"rank":48,"id":74022,"place":3049,"uniqueZonesTaken":2453,"region":{"name":"Norrbotten","id":126}},"time":"2022-04-18T13:28:52+0000","message":"Kygni: Nej, är inte i stan då. Reser bara förbi då och då. Men kul att ni ska ses! 🙂","region":{"name":"Norrbotten","id":126},"type":"chat"},{"sender":{"country":"se","medals":[16,24,21,67,70,17,3,68,79,20,83,75,4,17,116,27,72,24,82,1,69,68,68,68,68,24,17,1,69,68,24,24,77,68,91,68,108,24,123,120,24,118,24,126,17,68,24,68,128],"zones":[136195,136192,8658,136193,141473,136198,8662,8649,54250,176735],"pointsPerHour":10,"points":111350,"blocktime":1470,"taken":97272,"name":"Kygni","totalPoints":16675998,"rank":58,"id":105263,"place":195,"uniqueZonesTaken":9009,"region":{"name":"Norrbotten","id":126}},"time":"2022-04-18T13:28:47+0000","message":"QueenBitch:","region":{"name":"Norrbotten","id":126},"type":"chat"},{"sender":{"country":"se","medals":[16,24,21,67,70,17,3,68,79,20,83,75,4,17,116,27,72,24,82,1,69,68,68,68,68,24,17,1,69,68,24,24,77,68,91,68,108,24,123,120,24,118,24,126,17,68,24,68,128],"zones":[136195,136192,8658,136193,141473,136198,8662,8649,54250,176735],"pointsPerHour":10,"points":111350,"blocktime":1470,"taken":97272,"name":"Kygni","totalPoints":16675998,"rank":58,"id":105263,"place":195,"uniqueZonesTaken":9009,"region":{"name":"Norrbotten","id":126}},"time":"2022-04-18T13:27:58+0000","message":"Queenbitch: Är du med på turfträffen fredag 18;30?","region":{"name":"Norrbotten","id":126},"type":"chat"},{"medal":80,"time":"2022-04-18T13:27:29+0000","type":"medal","user":{"country":"se","medals":[80,85],"zones":[117895,218036,90541,90540,409529],"pointsPerHour":0,"points":2145,"blocktime":675,"taken":10,"name":"MimziiQueen","totalPoints":2145,"rank":5,"id":350343,"place":6260,"uniqueZonesTaken":8,"region":{"name":"Stockholm","id":141}}},{"medal":85,"time":"2022-04-18T13:27:29+0000","type":"medal","user":{"country":"se","medals":[80,85],"zones":[117895,218036,90541,90540,409529],"pointsPerHour":0,"points":2145,"blocktime":675,"taken":10,"name":"MimziiQueen","totalPoints":2145,"rank":5,"id":350343,"place":6260,"uniqueZonesTaken":8,"region":{"name":"Stockholm","id":141}}},{"sender":{"country":"fi","medals":[67,16,5,21,70,69,68,68,69,9,27,69,68,17,4,69,68,64,3,69,68,77,75,72,81,3,69,68,62,69,68,24,49,91,79,50,122,126,109,89,17,115,131],"zones":[485126,485125,485124,61765,485129,203923,455582,76639,455590,485159,76640,485158,485154,455587,455585,387181,455598,387180,387182,326696,458728,387185,387184,387187,79035,79034,387192],"pointsPerHour":28,"points":51946,"blocktime":1425,"taken":56463,"name":"KråkanKrax","totalPoints":9670512,"rank":55,"id":120751,"place":716,"uniqueZonesTaken":3124,"region":{"name":"Åland","id":177}},"time":"2022-04-18T13:25:15+0000","message":"today visiting Wallace Monument in Stirling.","region":{"name":"Scotland","id":200},"type":"chat"}]