[{"medal":51,"time":"2023-07-31T13:28:09+0000","type":"medal","user":{"country":"se","medals":[51,85],"zones":[976,22305,136352,2932,1157,872,10810,923,489498,22302],"pointsPerHour":0,"points":1012,"blocktime":645,"taken":10,"name":"Roxy","totalPoints":1012,"rank":3,"id":400166,"place":7894,"uniqueZonesTaken":10,"region":{"name":"Östergötland","id":139}}},{"medal":85,"time":"2023-07-31T13:28:09+0000","type":"medal","user":{"country":"se","medals":[51,85],"zones":[976,22305,136352,2932,1157,872,10810,923,489498,22302],"pointsPerHour":0,"points":1012,"blocktime":645,"taken":10,"name":"Roxy","totalPoints":1012,"rank":3,"id":400166,"place":7894,"uniqueZonesTaken":10,"region":{"name":"Östergötland","id":139}}},{"medal":85,"time":"2023-07-31T13:27:40+0000","type":"medal","user":{"country":"se","medals":[80,85],"zones":[1889,200193,351478,136036,526222,34696,432031,1151],"pointsPerHour":0,"points":1565,"blocktime":660,"taken":10,"name":"morticia64","totalPoints":1565,"rank":4,"id":400172,"place":7894,"uniqueZonesTaken":9,"region":{"name":"Kalmar","id":137}}},{"medal":80,"time":"2023-07-31T13:23:35+0000","type":"medal","user":{"country":"se","medals":[85,93,80],"zones":[180000,208567,92853,11722,64266],"pointsPerHour":0,"points":3331,"blocktime":675,"taken":17,"name":"Xptn","totalPoints":3331,"rank":5,"id":399989,"place":7893,"uniqueZonesTaken":12,"region":{"name":"Skåne","id":135}}},{"medal":39,"time":"2023-07-31T13:21:56+0000","type":"medal","user":{"country":"se","medals":[5,67,6,16,93,13,70,28,126,79,57,122,127,48,100,39],"zones":[43392,178371,23426,204684,193363,24598,220245,20504,34970,191263,64543,63199,25952,21088,21091,50277,34663,96742,21803,25963,25964,21484,24813,94066,11317,43957,159412,28024,55673,23482,23484,22526,23487],"pointsPerHour":0,"points":70428,"blocktime":1275,"taken":15000,"name":"Ignavus","totalPoints":2866131,"rank":45,"id":62439,"place":7893,"uniqueZonesTaken":454,"region":{"name":"Örebro","id":131}}}]