[{"medal":33,"time":"2022-08-15T16:13:30+0000","type":"medal","user":{"country":"se","medals":[12,55,33],"zones":[30913,64738,23811,43715,64739,30916,43718,30791,18286,18287,64016,25968,8913,94128],"pointsPerHour":0,"points":24651,"blocktime":15,"taken":500,"name":"asjoh","totalPoints":122679,"rank":21,"id":364795,"place":6017,"uniqueZonesTaken":175,"region":{"name":"Uppsala","id":142}}},{"sender":{"country":"se","medals":[28,93,58,6,13,122,48,16,79,77,100,35,128],"zones":[27458,139009,963,1286,143429,21512,61256,8331,11534,11535,80462,6095,178258,486871,6096,468950,281813,62488,17946,33178,226777,17947,603,17948,33180,36830,3169,36833,3170,21801,43882,318440,121710,222188,23602,30898,23604,178231,30903,139007],"pointsPerHour":154,"points":226534,"blocktime":18,"taken":3075,"name":"Sunshine!","totalPoints":553549,"rank":33,"id":367858,"place":5,"uniqueZonesTaken":378,"region":{"name":"Gävleborg","id":144}},"time":"2022-08-15T16:11:40+0000","message":"Losthhh: Tack snälla! Nu blir det jobbigt när semestern är slut men får försöka hinna med ett pass på kvällen iaf! 😅 Bra jobbat du med!","region":{"name":"Gävleborg","id":144},"type":"chat"},{"sender":{"country":"se","medals":[16,70,79,77,58,7,67,72,68,117,15,126,75,27,22,96,104,124,88,129,68],"zones":[45713,45715,515764,114549,45719,202404],"pointsPerHour":20,"points":31164,"blocktime":23,"taken":47758,"name":"gregga","totalPoints":8967484,"rank":54,"id":232882,"place":863,"uniqueZonesTaken":2040,"region":{"name":"Västmanland","id":143}},"time":"2022-08-15T16:04:26+0000","message":"Ghrimms: 👍","region":{"name":"Västmanland","id":143},"type":"chat"}]