[{"medal":93,"time":"2022-08-15T08:54:44+0000","type":"medal","user":{"country":"se","medals":[51,92,86,93],"zones":[324260,465846,278608,94119,22215,22216,136126],"pointsPerHour":0,"points":11559,"blocktime":12,"taken":81,"name":"Belly","totalPoints":11559,"rank":8,"id":369031,"place":5954,"uniqueZonesTaken":37,"region":{"name":"Stockholm","id":141}}},{"medal":52,"time":"2022-08-15T08:53:28+0000","type":"medal","user":{"country":"se","medals":[94,92,90,31,52],"zones":[48225,6243,48228,228422,113513,228427,364844,1387,113514,1388,81135,138643,81136,3027,32023,23290,48220,23294,48222,23295],"pointsPerHour":0,"points":6040,"blocktime":11,"taken":30,"name":"Viktor132","totalPoints":7065,"rank":7,"id":367710,"place":5954,"uniqueZonesTaken":30,"region":{"name":"Dalarna","id":129}}},{"sender":{"country":"se","medals":[5,67,16,22,27,70,7,50,72,47,57,77,95,79,126,123,87,131,103],"zones":[45186,45187,20676,45188,45189,45190,278,45191,25150],"pointsPerHour":30,"points":16724,"blocktime":23,"taken":36850,"name":"MrDent","totalPoints":9271665,"rank":54,"id":50092,"place":1531,"uniqueZonesTaken":3740,"region":{"name":"Stockholm","id":141}},"time":"2022-08-15T08:49:03+0000","message":"St@llion: 👍","region":{"name":"Stockholm","id":141},"type":"chat"}]