[{"medal":33,"time":"2022-08-15T08:42:37+0000","type":"medal","user":{"country":"se","medals":[93,12,47,28,22,105,70,33],"zones":[408071,155327],"pointsPerHour":0,"points":59852,"blocktime":14,"taken":524,"name":"kurrep2","totalPoints":59852,"rank":16,"id":369006,"place":5951,"uniqueZonesTaken":206,"region":{"name":"Kalmar","id":137}}},{"medal":31,"time":"2022-08-15T08:24:29+0000","type":"medal","user":{"country":"se","medals":[94,92,51,90,31],"zones":[48225,6243,113513,1387,113514,1388,81135,138643,81136,3027,32023,48220,23294,48222,23295],"pointsPerHour":0,"points":5237,"blocktime":11,"taken":25,"name":"Viktor132","totalPoints":6263,"rank":7,"id":367710,"place":5948,"uniqueZonesTaken":25,"region":{"name":"Dalarna","id":129}}}]