[{"zone":{"dateCreated":"2021-07-14T12:28:10+0000","dateLastTaken":"0002-12-02T00:00:00+0000","latitude":57.477754,"name":"Källkroken","id":430002,"totalTakeovers":0,"region":{"country":"se","name":"Västra Götaland","id":132},"pointsPerHour":1,"longitude":13.364075,"takeoverPoints":185},"time":"2021-07-14T12:28:10+0000","type":"zone"},{"zone":{"dateCreated":"2021-07-14T12:07:13+0000","dateLastTaken":"0002-12-02T00:00:00+0000","latitude":55.699348,"name":"DammFem","id":409201,"totalTakeovers":0,"region":{"country":"se","name":"Skåne","id":135},"pointsPerHour":3,"longitude":13.153974,"takeoverPoints":155},"time":"2021-07-14T12:07:13+0000","type":"zone"}]