[{"zone":{"dateCreated":"2021-07-12T21:40:47+0000","dateLastTaken":"0002-12-02T00:00:00+0000","latitude":53.681612,"name":"Schmuggelst","id":429879,"totalTakeovers":0,"region":{"country":"de","name":"Schleswig-Holstein","id":443},"pointsPerHour":1,"longitude":9.99942,"takeoverPoints":185},"time":"2021-07-12T21:40:47+0000","type":"zone"},{"zone":{"dateCreated":"2021-07-12T21:29:57+0000","dateLastTaken":"0002-12-02T00:00:00+0000","latitude":53.67509,"name":"HermesTümpel","id":429877,"totalTakeovers":0,"region":{"country":"de","name":"Hamburg","id":439},"pointsPerHour":1,"longitude":9.993406,"takeoverPoints":185},"time":"2021-07-12T21:29:57+0000","type":"zone"}]