[{"zone":{"previousOwner":{"name":"gregga","id":232882},"dateCreated":"2011-01-07T10:06:16+0000","dateLastTaken":"2021-07-13T11:53:52+0000","latitude":59.920623,"currentOwner":{"name":"Folonaj2020","id":279725},"name":"Lundbergs","id":1284,"totalTakeovers":11528,"region":{"country":"se","name":"Västmanland","id":143},"pointsPerHour":6,"longitude":16.599159,"takeoverPoints":110},"latitude":59.920623,"currentOwner":{"name":"Folonaj2020","id":279725},"time":"2021-07-13T11:53:52+0000","type":"takeover","longitude":16.599159},{"zone":{"previousOwner":{"name":"Bont","id":90307},"dateCreated":"2019-02-16T23:06:25+0000","dateLastTaken":"2021-07-13T11:53:52+0000","latitude":63.900254,"currentOwner":{"name":"WhiteNinja","id":7032},"name":"Spannspan","id":179980,"totalTakeovers":241,"region":{"country":"se","name":"Västerbotten","id":127},"pointsPerHour":1,"longitude":19.722385,"takeoverPoints":185},"latitude":63.900254,"currentOwner":{"name":"WhiteNinja","id":7032},"time":"2021-07-13T11:53:52+0000","type":"takeover","longitude":19.722385},{"zone":{"previousOwner":{"name":"Eliza","id":242724},"dateCreated":"2015-04-30T16:43:55+0000","dateLastTaken":"2021-07-13T11:53:51+0000","latitude":65.58201,"currentOwner":{"name":"Eliza","id":242724},"name":"ResidensBD","id":50906,"totalTakeovers":7949,"region":{"country":"se","name":"Norrbotten","id":126},"pointsPerHour":7,"longitude":22.130296,"takeoverPoints":95},"latitude":65.58201,"currentOwner":{"name":"Eliza","id":242724},"time":"2021-07-13T11:53:51+0000","type":"takeover","longitude":22.130296},{"zone":{"previousOwner":{"name":"Artful","id":302131},"dateCreated":"2020-09-23T10:30:00+0000","dateLastTaken":"2021-07-13T11:53:49+0000","latitude":56.001777,"currentOwner":{"name":"FiFVO","id":284486},"name":"MrsSpey","id":333858,"totalTakeovers":63,"region":{"country":"gb","name":"Scotland","id":200},"pointsPerHour":1,"longitude":-3.718105,"takeoverPoints":185},"latitude":56.001777,"currentOwner":{"name":"FiFVO","id":284486},"time":"2021-07-13T11:53:49+0000","type":"takeover","longitude":-3.718105},{"zone":{"previousOwner":{"name":"Bflod","id":253072},"dateCreated":"2011-12-24T12:56:22+0000","dateLastTaken":"2021-07-13T11:53:49+0000","latitude":59.378054,"currentOwner":{"name":"kustbolotta","id":212644},"name":"HarbourZone","id":5439,"totalTakeovers":5591,"region":{"country":"se","name":"Södermanland","id":140},"pointsPerHour":7,"longitude":17.027659,"takeoverPoints":95},"latitude":59.378054,"currentOwner":{"name":"kustbolotta","id":212644},"time":"2021-07-13T11:53:49+0000","type":"takeover","longitude":17.027659},{"zone":{"previousOwner":{"name":"GoodyCao","id":167849},"dateCreated":"2017-06-06T10:00:00+0000","dateLastTaken":"2021-07-13T11:53:45+0000","latitude":56.450869,"currentOwner":{"name":"Grandpa","id":75540},"name":"Kaplansgatan","id":113980,"totalTakeovers":80,"region":{"country":"se","name":"Kronoberg","id":147},"pointsPerHour":1,"longitude":13.593438,"takeoverPoints":185},"latitude":56.450869,"currentOwner":{"name":"Grandpa","id":75540},"time":"2021-07-13T11:53:45+0000","type":"takeover","longitude":13.593438},{"zone":{"previousOwner":{"name":"hookturf","id":73461},"dateCreated":"2020-10-30T19:32:18+0000","dateLastTaken":"2021-07-13T11:53:44+0000","latitude":58.400201,"currentOwner":{"name":"Ute&cyklar","id":326415},"name":"Ram'sHell","id":349264,"totalTakeovers":836,"region":{"country":"se","name":"Östergötland","id":139},"pointsPerHour":7,"longitude":15.631623,"takeoverPoints":95},"latitude":58.400201,"currentOwner":{"name":"Ute&cyklar","id":326415},"time":"2021-07-13T11:53:44+0000","type":"takeover","longitude":15.631623},{"zone":{"previousOwner":{"name":"masten","id":120000},"dateLastTaken":"2021-07-13T11:53:41+0000","latitude":57.708399,"totalTakeovers":16051,"pointsPerHour":7,"takeoverPoints":95,"dateCreated":"2012-03-19T23:33:47+0000","currentOwner":{"name":"Dadeee","id":327379},"name":"Stampens","id":7059,"region":{"country":"se","name":"Västra Götaland","id":132},"longitude":11.987261},"latitude":57.708399,"currentOwner":{"name":"Dadeee","id":327379},"time":"2021-07-13T11:53:41+0000","type":"takeover","longitude":11.987261},{"zone":{"previousOwner":{"name":"Sucuriju","id":334898},"dateCreated":"2017-08-27T03:00:00+0000","dateLastTaken":"2021-07-13T11:53:39+0000","latitude":59.484492,"currentOwner":{"name":"N3K","id":75709},"name":"Ekhammar","id":117545,"totalTakeovers":2179,"region":{"country":"se","name":"Stockholm","id":141},"pointsPerHour":4,"longitude":17.739435,"takeoverPoints":140},"latitude":59.484492,"currentOwner":{"name":"N3K","id":75709},"time":"2021-07-13T11:53:39+0000","type":"takeover","longitude":17.739435},{"zone":{"previousOwner":{"name":"GW007","id":77704},"dateCreated":"2018-05-10T21:34:26+0000","dateLastTaken":"2021-07-13T11:53:38+0000","latitude":56.663194,"currentOwner":{"name":"Snabelanna","id":27629},"name":"Fyllerimaskin","id":148710,"totalTakeovers":4269,"region":{"country":"se","name":"Kalmar","id":137},"pointsPerHour":7,"longitude":16.342079,"takeoverPoints":95},"latitude":56.663194,"currentOwner":{"name":"Snabelanna","id":27629},"time":"2021-07-13T11:53:38+0000","type":"takeover","longitude":16.342079},{"zone":{"previousOwner":{"name":"Liza46","id":105797},"dateCreated":"2020-04-13T18:07:16+0000","dateLastTaken":"2021-07-13T11:53:37+0000","latitude":57.646957,"currentOwner":{"name":"Rulf","id":163017},"name":"IngenÅkerHär","id":235962,"totalTakeovers":808,"region":{"country":"se","name":"Jönköping","id":133},"pointsPerHour":3,"longitude":14.682074,"takeoverPoints":155},"latitude":57.646957,"currentOwner":{"name":"Rulf","id":163017},"time":"2021-07-13T11:53:37+0000","type":"takeover","longitude":14.682074},{"zone":{"dateCreated":"2014-02-09T09:29:03+0000","dateLastTaken":"2021-07-13T11:53:36+0000","latitude":53.310648,"currentOwner":{"name":"FeTaTo","id":310985},"name":"FforddDerwen","id":25621,"totalTakeovers":4,"region":{"country":"gb","name":"Wales","id":198},"pointsPerHour":1,"longitude":-3.479889,"takeoverPoints":185},"latitude":53.310648,"currentOwner":{"name":"FeTaTo","id":310985},"time":"2021-07-13T11:53:36+0000","type":"takeover","longitude":-3.479889},{"zone":{"previousOwner":{"name":"ordoman","id":254762},"dateCreated":"2019-08-28T19:19:37+0000","dateLastTaken":"2021-07-13T11:53:36+0000","latitude":59.508102,"currentOwner":{"name":"Slåttermannen","id":241987},"name":"Glasdammen","id":206357,"totalTakeovers":10,"region":{"country":"se","name":"Värmland","id":130},"pointsPerHour":1,"longitude":12.370738,"takeoverPoints":185},"latitude":59.508102,"currentOwner":{"name":"Slåttermannen","id":241987},"time":"2021-07-13T11:53:36+0000","type":"takeover","longitude":12.370738},{"zone":{"previousOwner":{"name":"Ni_ki_ta","id":233048},"dateCreated":"2012-05-01T22:05:47+0000","dateLastTaken":"2021-07-13T11:53:33+0000","latitude":65.321233,"currentOwner":{"name":"Wiking300","id":120001},"name":"TurboZone","id":8457,"totalTakeovers":2191,"region":{"country":"se","name":"Norrbotten","id":126},"pointsPerHour":2,"longitude":21.421048,"takeoverPoints":170},"latitude":65.321233,"currentOwner":{"name":"Wiking300","id":120001},"time":"2021-07-13T11:53:33+0000","type":"takeover","longitude":21.421048},{"zone":{"dateCreated":"2013-05-09T14:28:44+0000","dateLastTaken":"2021-07-13T11:53:33+0000","latitude":56.995141,"currentOwner":{"name":"MissLi","id":64216},"name":"EndOfRiver","id":18056,"totalTakeovers":196,"region":{"country":"se","name":"Halland","id":134},"pointsPerHour":1,"longitude":13.242031,"takeoverPoints":185},"latitude":56.995141,"currentOwner":{"name":"MissLi","id":64216},"time":"2021-07-13T11:53:33+0000","type":"takeover","longitude":13.242031},{"zone":{"previousOwner":{"name":"Dominion","id":243721},"dateCreated":"2012-05-12T19:06:03+0000","dateLastTaken":"2021-07-13T11:53:32+0000","latitude":59.649856,"currentOwner":{"name":"Cykeltanten","id":165416},"name":"Runhällen","id":8911,"totalTakeovers":6619,"region":{"country":"se","name":"Uppsala","id":142},"pointsPerHour":4,"longitude":17.071857,"takeoverPoints":140},"latitude":59.649856,"currentOwner":{"name":"Cykeltanten","id":165416},"time":"2021-07-13T11:53:32+0000","type":"takeover","longitude":17.071857},{"zone":{"previousOwner":{"name":"millroy","id":95378},"dateLastTaken":"2021-07-13T11:53:29+0000","latitude":61.346175,"totalTakeovers":6810,"pointsPerHour":6,"takeoverPoints":110,"dateCreated":"2015-03-14T12:41:16+0000","currentOwner":{"name":"DaHunter","id":95577},"name":"SpookyZone","id":46785,"region":{"country":"se","name":"Gävleborg","id":144},"longitude":16.386571},"latitude":61.346175,"currentOwner":{"name":"DaHunter","id":95577},"time":"2021-07-13T11:53:29+0000","type":"takeover","longitude":16.386571},{"zone":{"dateCreated":"2021-07-03T09:00:00+0000","dateLastTaken":"2021-07-13T11:53:29+0000","latitude":51.425458,"currentOwner":{"name":"AJHB","id":312833},"name":"HaydonsRoad","id":429113,"totalTakeovers":1,"region":{"country":"gb","name":"Greater London","id":207},"pointsPerHour":1,"longitude":-0.189212,"takeoverPoints":185},"latitude":51.425458,"currentOwner":{"name":"AJHB","id":312833},"time":"2021-07-13T11:53:29+0000","type":"takeover","longitude":-0.189212},{"zone":{"previousOwner":{"name":"Heureka","id":89635},"dateLastTaken":"2021-07-13T11:53:27+0000","latitude":59.32682,"totalTakeovers":2285,"pointsPerHour":5,"takeoverPoints":125,"dateCreated":"2010-08-15T00:00:00+0000","currentOwner":{"name":"KnZoon","id":37763},"name":"CastleZone","id":170,"region":{"country":"se","name":"Stockholm","id":141},"longitude":18.071673},"latitude":59.32682,"currentOwner":{"name":"KnZoon","id":37763},"time":"2021-07-13T11:53:27+0000","type":"takeover","longitude":18.071673},{"zone":{"previousOwner":{"name":"joumanzone","id":121940},"dateLastTaken":"2021-07-13T11:53:26+0000","latitude":61.497858,"totalTakeovers":343,"pointsPerHour":2,"takeoverPoints":170,"dateCreated":"2018-01-02T19:17:30+0000","currentOwner":{"name":"MrCoolWat.","id":227290},"name":"GoSomewhere","id":139715,"region":{"country":"fi","name":"Länsi- ja Sisä-Suomi","id":186},"longitude":23.773897},"latitude":61.497858,"currentOwner":{"name":"MrCoolWat.","id":227290},"time":"2021-07-13T11:53:26+0000","type":"takeover","longitude":23.773897},{"zone":{"previousOwner":{"name":"Borgåtippan","id":226326},"dateCreated":"2016-01-09T06:00:00+0000","dateLastTaken":"2021-07-13T11:53:26+0000","latitude":60.392073,"currentOwner":{"name":"borgåbisin","id":227541},"name":"Åstrandspark","id":62598,"totalTakeovers":713,"region":{"country":"fi","name":"Etelä-Suomi","id":185},"pointsPerHour":3,"longitude":25.660881,"takeoverPoints":155},"latitude":60.392073,"currentOwner":{"name":"borgåbisin","id":227541},"time":"2021-07-13T11:53:26+0000","type":"takeover","longitude":25.660881},{"zone":{"previousOwner":{"name":"ForeverYoung","id":325448},"dateCreated":"2012-12-24T11:00:00+0000","dateLastTaken":"2021-07-13T11:53:20+0000","latitude":59.416748,"currentOwner":{"name":"Cyklonen","id":179784},"name":"Milstenen","id":12429,"totalTakeovers":4189,"region":{"country":"se","name":"Stockholm","id":141},"pointsPerHour":6,"longitude":17.932687,"takeoverPoints":110},"latitude":59.416748,"currentOwner":{"name":"Cyklonen","id":179784},"time":"2021-07-13T11:53:20+0000","type":"takeover","longitude":17.932687},{"zone":{"previousOwner":{"name":"Kissen","id":241974},"dateCreated":"2013-09-01T10:00:00+0000","dateLastTaken":"2021-07-13T11:53:20+0000","latitude":55.692984,"currentOwner":{"name":"Zac","id":279684},"name":"Råbyparken","id":21460,"totalTakeovers":3111,"region":{"country":"se","name":"Skåne","id":135},"pointsPerHour":6,"longitude":13.236842,"takeoverPoints":110},"latitude":55.692984,"currentOwner":{"name":"Zac","id":279684},"time":"2021-07-13T11:53:20+0000","type":"takeover","longitude":13.236842},{"zone":{"previousOwner":{"name":"Kildor","id":144397},"dateCreated":"2010-07-19T00:00:00+0000","dateLastTaken":"2021-07-13T11:53:20+0000","latitude":59.337668,"currentOwner":{"name":"magnusn","id":125888},"name":"Karlazone","id":244,"totalTakeovers":18285,"region":{"country":"se","name":"Stockholm","id":141},"pointsPerHour":8,"longitude":18.090054,"takeoverPoints":80},"latitude":59.337668,"currentOwner":{"name":"magnusn","id":125888},"time":"2021-07-13T11:53:20+0000","type":"takeover","longitude":18.090054},{"zone":{"previousOwner":{"name":"pellea64","id":91681},"dateCreated":"2012-05-04T17:32:37+0000","dateLastTaken":"2021-07-13T11:53:17+0000","latitude":58.994086,"currentOwner":{"name":"vindturf","id":118672},"name":"CatLibrary","id":8570,"totalTakeovers":9680,"region":{"country":"se","name":"Södermanland","id":140},"pointsPerHour":5,"longitude":16.202654,"takeoverPoints":125},"latitude":58.994086,"currentOwner":{"name":"vindturf","id":118672},"time":"2021-07-13T11:53:17+0000","type":"takeover","longitude":16.202654},{"zone":{"dateCreated":"2011-09-14T14:46:25+0000","dateLastTaken":"2021-07-13T11:53:09+0000","latitude":51.50735,"currentOwner":{"name":"sleepdep","id":303150},"name":"HydeLongWater","id":3271,"totalTakeovers":334,"region":{"country":"gb","name":"Greater London","id":207},"pointsPerHour":2,"longitude":-0.175012,"takeoverPoints":170},"latitude":51.50735,"currentOwner":{"name":"sleepdep","id":303150},"time":"2021-07-13T11:53:09+0000","type":"takeover","longitude":-0.175012},{"zone":{"previousOwner":{"name":"Rok","id":311285},"dateCreated":"2016-12-24T06:00:00+0000","dateLastTaken":"2021-07-13T11:53:07+0000","latitude":59.369456,"currentOwner":{"name":"TheBennett","id":49026},"name":"Bergianska","id":92297,"totalTakeovers":1161,"region":{"country":"se","name":"Stockholm","id":141},"pointsPerHour":5,"longitude":18.046306,"takeoverPoints":125},"latitude":59.369456,"currentOwner":{"name":"TheBennett","id":49026},"time":"2021-07-13T11:53:07+0000","type":"takeover","longitude":18.046306},{"zone":{"previousOwner":{"name":"allagunillor","id":298023},"dateCreated":"2018-08-21T08:23:59+0000","dateLastTaken":"2021-07-13T11:53:07+0000","latitude":56.059598,"currentOwner":{"name":"Cliffhanger84","id":63398},"name":"Hjortakrok","id":156875,"totalTakeovers":59,"region":{"country":"se","name":"Blekinge","id":136},"pointsPerHour":1,"longitude":14.590317,"takeoverPoints":185},"latitude":56.059598,"currentOwner":{"name":"Cliffhanger84","id":63398},"time":"2021-07-13T11:53:07+0000","type":"takeover","longitude":14.590317},{"zone":{"previousOwner":{"name":"ade_sSROC","id":304412},"dateCreated":"2021-02-18T21:58:53+0000","dateLastTaken":"2021-07-13T11:53:06+0000","latitude":54.046136,"currentOwner":{"name":"srocmikej","id":310566},"name":"WillowLane","id":381427,"totalTakeovers":112,"region":{"country":"gb","name":"North West England","id":201},"pointsPerHour":3,"longitude":-2.829407,"takeoverPoints":155},"latitude":54.046136,"currentOwner":{"name":"srocmikej","id":310566},"time":"2021-07-13T11:53:06+0000","type":"takeover","longitude":-2.829407},{"zone":{"previousOwner":{"name":"Mr@","id":135604},"dateCreated":"2016-09-01T06:36:06+0000","dateLastTaken":"2021-07-13T11:53:03+0000","latitude":63.796994,"currentOwner":{"name":"morfarpappan49","id":212388},"name":"Entrézon","id":82354,"totalTakeovers":2788,"region":{"country":"se","name":"Västerbotten","id":127},"pointsPerHour":6,"longitude":20.204437,"takeoverPoints":110},"latitude":63.796994,"currentOwner":{"name":"morfarpappan49","id":212388},"time":"2021-07-13T11:53:03+0000","type":"takeover","longitude":20.204437},{"zone":{"dateCreated":"2013-06-15T08:00:00+0000","dateLastTaken":"2021-07-13T11:53:03+0000","latitude":53.642619,"currentOwner":{"name":"CoffeeCup","id":312772},"name":"WatchFootball","id":18741,"totalTakeovers":7,"region":{"country":"gb","name":"Yorkshire & The Humber","id":202},"pointsPerHour":1,"longitude":-1.833063,"takeoverPoints":185},"latitude":53.642619,"currentOwner":{"name":"CoffeeCup","id":312772},"time":"2021-07-13T11:53:03+0000","type":"takeover","longitude":-1.833063},{"zone":{"previousOwner":{"name":"LillaTuss","id":130166},"dateCreated":"2013-12-31T23:00:00+0000","dateLastTaken":"2021-07-13T11:53:02+0000","latitude":59.13288,"currentOwner":{"name":"sina49","id":228650},"name":"Dalagatan","id":24594,"totalTakeovers":5471,"region":{"country":"se","name":"Örebro","id":131},"pointsPerHour":4,"longitude":15.149772,"takeoverPoints":140},"latitude":59.13288,"currentOwner":{"name":"sina49","id":228650},"time":"2021-07-13T11:53:02+0000","type":"takeover","longitude":15.149772},{"zone":{"dateCreated":"2021-03-07T18:00:00+0000","dateLastTaken":"2021-07-13T11:53:01+0000","latitude":53.559576,"currentOwner":{"name":"Veit","id":317382},"name":"CircusZwei","id":389018,"totalTakeovers":12,"region":{"country":"de","name":"Hamburg","id":439},"pointsPerHour":1,"longitude":10.082358,"takeoverPoints":185},"latitude":53.559576,"currentOwner":{"name":"Veit","id":317382},"time":"2021-07-13T11:53:01+0000","type":"takeover","longitude":10.082358},{"zone":{"previousOwner":{"name":"Karamella","id":158664},"dateCreated":"2011-01-21T13:38:44+0000","dateLastTaken":"2021-07-13T11:53:01+0000","latitude":60.607696,"currentOwner":{"name":"Flygmalaja","id":18884},"name":"Ölandsparken","id":1424,"totalTakeovers":16184,"region":{"country":"se","name":"Dalarna","id":129},"pointsPerHour":8,"longitude":15.626816,"takeoverPoints":80},"latitude":60.607696,"currentOwner":{"name":"Flygmalaja","id":18884},"time":"2021-07-13T11:53:01+0000","type":"takeover","longitude":15.626816},{"zone":{"previousOwner":{"name":"Zoombiey","id":57655},"dateCreated":"2017-02-04T14:04:00+0000","dateLastTaken":"2021-07-13T11:52:56+0000","latitude":60.346979,"currentOwner":{"name":"ellgesr","id":181127},"name":"LFArena","id":94054,"totalTakeovers":632,"region":{"country":"se","name":"Uppsala","id":142},"pointsPerHour":2,"longitude":17.505538,"takeoverPoints":170},"latitude":60.346979,"currentOwner":{"name":"ellgesr","id":181127},"time":"2021-07-13T11:52:56+0000","type":"takeover","longitude":17.505538},{"zone":{"previousOwner":{"name":"benjaradona","id":141225},"dateCreated":"2014-08-17T18:01:02+0000","dateLastTaken":"2021-07-13T11:52:53+0000","latitude":63.822128,"currentOwner":{"name":"MrTJ","id":51633},"name":"AxtorpZone","id":33640,"totalTakeovers":25591,"region":{"country":"se","name":"Västerbotten","id":127},"pointsPerHour":9,"longitude":20.300833,"takeoverPoints":65},"latitude":63.822128,"currentOwner":{"name":"MrTJ","id":51633},"time":"2021-07-13T11:52:53+0000","type":"takeover","longitude":20.300833},{"zone":{"previousOwner":{"name":"Veit","id":317382},"dateCreated":"2021-03-25T09:57:57+0000","dateLastTaken":"2021-07-13T11:52:50+0000","latitude":53.558066,"currentOwner":{"name":"Marcus_P","id":311804},"name":"Wicklung","id":394214,"totalTakeovers":17,"region":{"country":"de","name":"Hamburg","id":439},"pointsPerHour":1,"longitude":9.928042,"takeoverPoints":185},"latitude":53.558066,"currentOwner":{"name":"Marcus_P","id":311804},"time":"2021-07-13T11:52:50+0000","type":"takeover","longitude":9.928042},{"zone":{"previousOwner":{"name":"Brellir","id":82495},"dateCreated":"2015-11-06T04:00:00+0000","dateLastTaken":"2021-07-13T11:52:50+0000","latitude":64.595557,"currentOwner":{"name":"Grubben","id":198667},"name":"Grillbua","id":60317,"totalTakeovers":1029,"region":{"country":"se","name":"Västerbotten","id":127},"pointsPerHour":2,"longitude":18.71423,"takeoverPoints":170},"latitude":64.595557,"currentOwner":{"name":"Grubben","id":198667},"time":"2021-07-13T11:52:50+0000","type":"takeover","longitude":18.71423},{"zone":{"previousOwner":{"name":"buk13y","id":335647},"dateCreated":"2020-10-17T10:30:00+0000","dateLastTaken":"2021-07-13T11:52:49+0000","latitude":55.984871,"currentOwner":{"name":"buk13y","id":335647},"name":"QueenNewton","id":340982,"totalTakeovers":55,"region":{"country":"gb","name":"Scotland","id":200},"pointsPerHour":1,"longitude":-3.424863,"takeoverPoints":185},"latitude":55.984871,"currentOwner":{"name":"buk13y","id":335647},"time":"2021-07-13T11:52:49+0000","type":"takeover","longitude":-3.424863},{"zone":{"previousOwner":{"name":"sumo","id":66734},"dateCreated":"2013-05-09T15:17:01+0000","dateLastTaken":"2021-07-13T11:52:49+0000","latitude":57.102477,"currentOwner":{"name":"Tanån","id":65481},"name":"HästPåGubbe","id":18064,"totalTakeovers":5726,"region":{"country":"se","name":"Halland","id":134},"pointsPerHour":4,"longitude":12.250058,"takeoverPoints":140},"latitude":57.102477,"currentOwner":{"name":"Tanån","id":65481},"time":"2021-07-13T11:52:49+0000","type":"takeover","longitude":12.250058},{"zone":{"previousOwner":{"name":"Röste","id":107099},"dateCreated":"2014-02-28T23:33:31+0000","dateLastTaken":"2021-07-13T11:52:47+0000","latitude":61.34525,"currentOwner":{"name":"DaHunter","id":95577},"name":"BollanChurch","id":26187,"totalTakeovers":5768,"region":{"country":"se","name":"Gävleborg","id":144},"pointsPerHour":5,"longitude":16.388228,"takeoverPoints":125},"latitude":61.34525,"currentOwner":{"name":"DaHunter","id":95577},"time":"2021-07-13T11:52:47+0000","type":"takeover","longitude":16.388228},{"zone":{"previousOwner":{"name":"AW62","id":137885},"dateCreated":"2011-12-24T12:31:48+0000","dateLastTaken":"2021-07-13T11:52:45+0000","latitude":59.609282,"currentOwner":{"name":"Dagu9","id":94858},"name":"BermudaZone","id":5431,"totalTakeovers":45926,"region":{"country":"se","name":"Västmanland","id":143},"pointsPerHour":9,"longitude":16.553166,"takeoverPoints":65},"latitude":59.609282,"currentOwner":{"name":"Dagu9","id":94858},"time":"2021-07-13T11:52:45+0000","type":"takeover","longitude":16.553166},{"zone":{"previousOwner":{"name":"perfnurt","id":187075},"dateCreated":"2017-08-12T07:30:00+0000","dateLastTaken":"2021-07-13T11:52:44+0000","latitude":55.832886,"currentOwner":{"name":"grimric","id":267536},"name":"LiteVerkstad","id":115863,"totalTakeovers":315,"region":{"country":"se","name":"Skåne","id":135},"pointsPerHour":2,"longitude":13.319733,"takeoverPoints":170},"latitude":55.832886,"currentOwner":{"name":"grimric","id":267536},"time":"2021-07-13T11:52:44+0000","type":"takeover","longitude":13.319733},{"zone":{"previousOwner":{"name":"zido","id":32646},"dateCreated":"2015-04-12T21:32:35+0000","dateLastTaken":"2021-07-13T11:52:43+0000","latitude":64.737192,"currentOwner":{"name":"Radagast18","id":162382},"name":"Nålen","id":48450,"totalTakeovers":7154,"region":{"country":"se","name":"Västerbotten","id":127},"pointsPerHour":7,"longitude":20.977485,"takeoverPoints":95},"latitude":64.737192,"currentOwner":{"name":"Radagast18","id":162382},"time":"2021-07-13T11:52:43+0000","type":"takeover","longitude":20.977485},{"zone":{"previousOwner":{"name":"Dräängen","id":182267},"dateCreated":"2019-12-15T06:46:47+0000","dateLastTaken":"2021-07-13T11:52:42+0000","latitude":58.423769,"currentOwner":{"name":"hookturf","id":73461},"name":"TheBigZ","id":223803,"totalTakeovers":1373,"region":{"country":"se","name":"Östergötland","id":139},"pointsPerHour":5,"longitude":15.584288,"takeoverPoints":125},"latitude":58.423769,"currentOwner":{"name":"hookturf","id":73461},"time":"2021-07-13T11:52:42+0000","type":"takeover","longitude":15.584288},{"zone":{"previousOwner":{"name":"gregga","id":232882},"dateCreated":"2012-03-20T14:29:43+0000","dateLastTaken":"2021-07-13T11:52:37+0000","latitude":59.919194,"currentOwner":{"name":"Folonaj2020","id":279725},"name":"MineBridge","id":7110,"totalTakeovers":7858,"region":{"country":"se","name":"Västmanland","id":143},"pointsPerHour":5,"longitude":16.59386,"takeoverPoints":125},"latitude":59.919194,"currentOwner":{"name":"Folonaj2020","id":279725},"time":"2021-07-13T11:52:37+0000","type":"takeover","longitude":16.59386},{"zone":{"previousOwner":{"name":"onson","id":213119},"dateCreated":"2015-07-19T13:10:54+0000","dateLastTaken":"2021-07-13T11:52:37+0000","latitude":57.684219,"currentOwner":{"name":"Pilgrim","id":60557},"name":"SeventhSeal","id":55846,"totalTakeovers":6439,"region":{"country":"se","name":"Västra Götaland","id":132},"pointsPerHour":7,"longitude":11.941991,"takeoverPoints":95},"latitude":57.684219,"currentOwner":{"name":"Pilgrim","id":60557},"time":"2021-07-13T11:52:37+0000","type":"takeover","longitude":11.941991},{"zone":{"previousOwner":{"name":"Schoppinghour","id":208689},"dateCreated":"2017-10-17T05:00:00+0000","dateLastTaken":"2021-07-13T11:52:35+0000","latitude":59.629401,"currentOwner":{"name":"molex","id":240222},"name":"BadOak","id":122467,"totalTakeovers":2550,"region":{"country":"se","name":"Stockholm","id":141},"pointsPerHour":5,"longitude":17.823904,"takeoverPoints":125},"latitude":59.629401,"currentOwner":{"name":"molex","id":240222},"time":"2021-07-13T11:52:35+0000","type":"takeover","longitude":17.823904},{"zone":{"previousOwner":{"name":"BeccyOz","id":305776},"dateCreated":"2020-12-27T12:54:41+0000","dateLastTaken":"2021-07-13T11:52:32+0000","latitude":56.189712,"currentOwner":{"name":"skyhigh","id":304907},"name":"Dykedale","id":359368,"totalTakeovers":299,"region":{"country":"gb","name":"Scotland","id":200},"pointsPerHour":3,"longitude":-3.933399,"takeoverPoints":155},"latitude":56.189712,"currentOwner":{"name":"skyhigh","id":304907},"time":"2021-07-13T11:52:32+0000","type":"takeover","longitude":-3.933399},{"zone":{"previousOwner":{"name":"MrTJ","id":51633},"dateCreated":"2016-04-01T07:28:49+0000","dateLastTaken":"2021-07-13T11:52:31+0000","latitude":63.835234,"currentOwner":{"name":"Skäret","id":38885},"name":"1April","id":65093,"totalTakeovers":9745,"region":{"country":"se","name":"Västerbotten","id":127},"pointsPerHour":8,"longitude":20.239567,"takeoverPoints":80},"latitude":63.835234,"currentOwner":{"name":"Skäret","id":38885},"time":"2021-07-13T11:52:31+0000","type":"takeover","longitude":20.239567},{"zone":{"previousOwner":{"name":"Heureka","id":89635},"dateCreated":"2010-07-18T00:00:00+0000","dateLastTaken":"2021-07-13T11:52:30+0000","latitude":59.326327,"currentOwner":{"name":"KnZoon","id":37763},"name":"SkyldraGevär","id":169,"totalTakeovers":15506,"region":{"country":"se","name":"Stockholm","id":141},"pointsPerHour":8,"longitude":18.070266,"takeoverPoints":80},"latitude":59.326327,"currentOwner":{"name":"KnZoon","id":37763},"time":"2021-07-13T11:52:30+0000","type":"takeover","longitude":18.070266},{"zone":{"previousOwner":{"name":"chankipanki","id":67717},"dateCreated":"2011-12-01T16:50:17+0000","dateLastTaken":"2021-07-13T11:52:29+0000","latitude":59.324416,"currentOwner":{"name":"Ravion","id":233063},"name":"Roundabout","id":5312,"totalTakeovers":11361,"region":{"country":"se","name":"Örebro","id":131},"pointsPerHour":7,"longitude":14.506741,"takeoverPoints":95},"latitude":59.324416,"currentOwner":{"name":"Ravion","id":233063},"time":"2021-07-13T11:52:29+0000","type":"takeover","longitude":14.506741},{"zone":{"dateCreated":"2021-03-14T09:00:00+0000","dateLastTaken":"2021-07-13T11:52:29+0000","latitude":55.679372,"currentOwner":{"name":"Cubist","id":320037},"name":"Starthaven","id":392702,"totalTakeovers":3,"region":{"country":"gb","name":"Scotland","id":200},"pointsPerHour":1,"longitude":-4.060466,"takeoverPoints":185},"latitude":55.679372,"currentOwner":{"name":"Cubist","id":320037},"time":"2021-07-13T11:52:29+0000","type":"takeover","longitude":-4.060466},{"zone":{"previousOwner":{"name":"steventon_gang","id":282399},"dateCreated":"2021-03-14T11:19:47+0000","dateLastTaken":"2021-07-13T11:52:29+0000","latitude":53.797911,"currentOwner":{"name":"floss","id":304415},"name":"HiddenSpot","id":392782,"totalTakeovers":24,"region":{"country":"gb","name":"North West England","id":201},"pointsPerHour":1,"longitude":-2.696986,"takeoverPoints":185},"latitude":53.797911,"currentOwner":{"name":"floss","id":304415},"time":"2021-07-13T11:52:29+0000","type":"takeover","longitude":-2.696986},{"zone":{"previousOwner":{"name":"Ikaros7H","id":60941},"dateCreated":"2015-05-20T06:00:00+0000","dateLastTaken":"2021-07-13T11:52:26+0000","latitude":63.803961,"currentOwner":{"name":"Lonian","id":18495},"name":"Sagotjärnen","id":52840,"totalTakeovers":2947,"region":{"country":"se","name":"Västerbotten","id":127},"pointsPerHour":5,"longitude":20.375692,"takeoverPoints":125},"latitude":63.803961,"currentOwner":{"name":"Lonian","id":18495},"time":"2021-07-13T11:52:26+0000","type":"takeover","longitude":20.375692},{"zone":{"previousOwner":{"name":"Zmulan1","id":111968},"dateCreated":"2013-04-24T08:00:00+0000","dateLastTaken":"2021-07-13T11:52:21+0000","latitude":59.381496,"currentOwner":{"name":"tynnered","id":105908},"name":"ManPåKlippa","id":17420,"totalTakeovers":18961,"region":{"country":"se","name":"Värmland","id":130},"pointsPerHour":8,"longitude":13.487252,"takeoverPoints":80},"latitude":59.381496,"currentOwner":{"name":"tynnered","id":105908},"time":"2021-07-13T11:52:21+0000","type":"takeover","longitude":13.487252},{"zone":{"previousOwner":{"name":"Kn_Stofil1","id":164773},"dateCreated":"2012-04-02T21:44:16+0000","dateLastTaken":"2021-07-13T11:52:19+0000","latitude":65.583494,"currentOwner":{"name":"Eliza","id":242724},"name":"RopeHitEnd","id":7913,"totalTakeovers":9699,"region":{"country":"se","name":"Norrbotten","id":126},"pointsPerHour":7,"longitude":22.126608,"takeoverPoints":95},"latitude":65.583494,"currentOwner":{"name":"Eliza","id":242724},"time":"2021-07-13T11:52:19+0000","type":"takeover","longitude":22.126608},{"zone":{"previousOwner":{"name":"ulrikase","id":67171},"dateCreated":"2010-08-03T00:00:00+0000","dateLastTaken":"2021-07-13T11:52:18+0000","latitude":58.398947,"currentOwner":{"name":"Ute&cyklar","id":326415},"name":"Bergatornet","id":87,"totalTakeovers":7950,"region":{"country":"se","name":"Östergötland","id":139},"pointsPerHour":7,"longitude":15.634849,"takeoverPoints":95},"latitude":58.398947,"currentOwner":{"name":"Ute&cyklar","id":326415},"time":"2021-07-13T11:52:18+0000","type":"takeover","longitude":15.634849},{"zone":{"previousOwner":{"name":"Wheelstream","id":40570},"dateCreated":"2017-08-02T10:35:08+0000","dateLastTaken":"2021-07-13T11:52:15+0000","latitude":60.672727,"currentOwner":{"name":"Smile","id":69951},"name":"Brynäsgränd","id":116008,"totalTakeovers":3821,"region":{"country":"se","name":"Gävleborg","id":144},"pointsPerHour":6,"longitude":17.166033,"takeoverPoints":110},"latitude":60.672727,"currentOwner":{"name":"Smile","id":69951},"time":"2021-07-13T11:52:15+0000","type":"takeover","longitude":17.166033},{"zone":{"previousOwner":{"name":"Liza46","id":105797},"dateCreated":"2017-05-21T19:19:35+0000","dateLastTaken":"2021-07-13T11:52:12+0000","latitude":57.649524,"currentOwner":{"name":"Rulf","id":163017},"name":"BodaDuTaDenna","id":110541,"totalTakeovers":2196,"region":{"country":"se","name":"Jönköping","id":133},"pointsPerHour":3,"longitude":14.679701,"takeoverPoints":155},"latitude":57.649524,"currentOwner":{"name":"Rulf","id":163017},"time":"2021-07-13T11:52:12+0000","type":"takeover","longitude":14.679701},{"zone":{"previousOwner":{"name":"Fhin","id":164786},"dateCreated":"2013-12-24T11:00:02+0000","dateLastTaken":"2021-07-13T11:52:11+0000","latitude":59.60302,"currentOwner":{"name":"mer","id":168036},"name":"Lekalind","id":23795,"totalTakeovers":2175,"region":{"country":"se","name":"Örebro","id":131},"pointsPerHour":4,"longitude":15.226456,"takeoverPoints":140},"latitude":59.60302,"currentOwner":{"name":"mer","id":168036},"time":"2021-07-13T11:52:11+0000","type":"takeover","longitude":15.226456},{"zone":{"previousOwner":{"name":"Munin","id":62408},"dateCreated":"2012-11-13T23:49:15+0000","dateLastTaken":"2021-07-13T11:52:10+0000","latitude":59.878188,"currentOwner":{"name":"tur","id":148395},"name":"GränbyCross","id":11899,"totalTakeovers":7558,"region":{"country":"se","name":"Uppsala","id":142},"pointsPerHour":7,"longitude":17.677211,"takeoverPoints":95},"latitude":59.878188,"currentOwner":{"name":"tur","id":148395},"time":"2021-07-13T11:52:10+0000","type":"takeover","longitude":17.677211},{"zone":{"previousOwner":{"name":"kromamazon","id":211986},"dateCreated":"2013-05-09T15:45:07+0000","dateLastTaken":"2021-07-13T11:52:09+0000","latitude":56.834951,"currentOwner":{"name":"hakalov","id":137136},"name":"Ågårdszon","id":18069,"totalTakeovers":4799,"region":{"country":"se","name":"Kronoberg","id":147},"pointsPerHour":4,"longitude":13.946065,"takeoverPoints":140},"latitude":56.834951,"currentOwner":{"name":"hakalov","id":137136},"time":"2021-07-13T11:52:09+0000","type":"takeover","longitude":13.946065},{"zone":{"previousOwner":{"name":"Roger60","id":183939},"dateCreated":"2017-02-18T08:00:00+0000","dateLastTaken":"2021-07-13T11:52:07+0000","latitude":59.329956,"currentOwner":{"name":"MarioBoy","id":150008},"name":"Waterfront","id":94233,"totalTakeovers":15252,"region":{"country":"se","name":"Stockholm","id":141},"pointsPerHour":9,"longitude":18.056416,"takeoverPoints":65},"latitude":59.329956,"currentOwner":{"name":"MarioBoy","id":150008},"time":"2021-07-13T11:52:07+0000","type":"takeover","longitude":18.056416},{"zone":{"previousOwner":{"name":"Blues67","id":188022},"dateCreated":"2018-09-25T12:15:00+0000","dateLastTaken":"2021-07-13T11:52:03+0000","latitude":63.769061,"currentOwner":{"name":"HåkanW","id":15640},"name":"Ytterladan","id":170778,"totalTakeovers":925,"region":{"country":"se","name":"Västerbotten","id":127},"pointsPerHour":4,"longitude":20.386479,"takeoverPoints":140},"latitude":63.769061,"currentOwner":{"name":"HåkanW","id":15640},"time":"2021-07-13T11:52:03+0000","type":"takeover","longitude":20.386479},{"zone":{"previousOwner":{"name":"ForeverYoung","id":325448},"dateCreated":"2018-06-18T05:00:00+0000","dateLastTaken":"2021-07-13T11:52:01+0000","latitude":59.417501,"currentOwner":{"name":"Cyklonen","id":179784},"name":"PotestAlnus","id":154288,"totalTakeovers":1822,"region":{"country":"se","name":"Stockholm","id":141},"pointsPerHour":5,"longitude":17.937072,"takeoverPoints":125},"latitude":59.417501,"currentOwner":{"name":"Cyklonen","id":179784},"time":"2021-07-13T11:52:01+0000","type":"takeover","longitude":17.937072},{"zone":{"previousOwner":{"name":"SEBontheway","id":334608},"dateLastTaken":"2021-07-13T11:52:00+0000","latitude":59.866654,"totalTakeovers":19198,"pointsPerHour":8,"takeoverPoints":80,"dateCreated":"2010-09-03T00:00:00+0000","currentOwner":{"name":"throkk","id":16063},"name":"BlackBack","id":559,"region":{"country":"se","name":"Uppsala","id":142},"longitude":17.626362},"latitude":59.866654,"currentOwner":{"name":"throkk","id":16063},"time":"2021-07-13T11:52:00+0000","type":"takeover","longitude":17.626362},{"zone":{"previousOwner":{"name":"Abruptor","id":116482},"dateCreated":"2017-05-13T07:00:00+0000","dateLastTaken":"2021-07-13T11:52:00+0000","latitude":58.426394,"currentOwner":{"name":"recycling","id":79989},"name":"StoraTjälvan","id":108688,"totalTakeovers":830,"region":{"country":"se","name":"Östergötland","id":139},"pointsPerHour":3,"longitude":15.665327,"takeoverPoints":155},"latitude":58.426394,"currentOwner":{"name":"recycling","id":79989},"time":"2021-07-13T11:52:00+0000","type":"takeover","longitude":15.665327},{"zone":{"previousOwner":{"name":"Abacus","id":110951},"dateCreated":"2015-04-21T15:00:26+0000","dateLastTaken":"2021-07-13T11:51:59+0000","latitude":65.819088,"currentOwner":{"name":"wd40","id":335165},"name":"HerrMelin","id":49503,"totalTakeovers":849,"region":{"country":"se","name":"Norrbotten","id":126},"pointsPerHour":2,"longitude":21.710502,"takeoverPoints":170},"latitude":65.819088,"currentOwner":{"name":"wd40","id":335165},"time":"2021-07-13T11:51:59+0000","type":"takeover","longitude":21.710502},{"zone":{"previousOwner":{"name":"Fopanius","id":75668},"dateCreated":"2010-09-04T14:41:37+0000","dateLastTaken":"2021-07-13T11:51:59+0000","latitude":59.269713,"currentOwner":{"name":"Susmumriken","id":254357},"name":"Våghustorget","id":482,"totalTakeovers":36323,"region":{"country":"se","name":"Örebro","id":131},"pointsPerHour":9,"longitude":15.210769,"takeoverPoints":65},"latitude":59.269713,"currentOwner":{"name":"Susmumriken","id":254357},"time":"2021-07-13T11:51:59+0000","type":"takeover","longitude":15.210769},{"zone":{"previousOwner":{"name":"ESOCWalter","id":280133},"dateCreated":"2021-01-25T08:00:00+0000","dateLastTaken":"2021-07-13T11:51:54+0000","latitude":55.917299,"currentOwner":{"name":"Cruachan","id":304571},"name":"ParkByPuddle","id":373381,"totalTakeovers":113,"region":{"country":"gb","name":"Scotland","id":200},"pointsPerHour":2,"longitude":-2.935516,"takeoverPoints":170},"latitude":55.917299,"currentOwner":{"name":"Cruachan","id":304571},"time":"2021-07-13T11:51:54+0000","type":"takeover","longitude":-2.935516},{"zone":{"previousOwner":{"name":"kjtindall","id":292775},"dateCreated":"2020-08-27T10:00:00+0000","dateLastTaken":"2021-07-13T11:51:53+0000","latitude":56.08027,"currentOwner":{"name":"Roselea","id":309108},"name":"LauristonStep","id":322133,"totalTakeovers":79,"region":{"country":"gb","name":"Scotland","id":200},"pointsPerHour":2,"longitude":-3.434309,"takeoverPoints":170},"latitude":56.08027,"currentOwner":{"name":"Roselea","id":309108},"time":"2021-07-13T11:51:53+0000","type":"takeover","longitude":-3.434309},{"zone":{"previousOwner":{"name":"gilla","id":58846},"dateLastTaken":"2021-07-13T11:51:53+0000","latitude":62.467598,"totalTakeovers":223,"pointsPerHour":1,"takeoverPoints":185,"dateCreated":"2016-04-01T14:04:01+0000","currentOwner":{"name":"Florence","id":70365},"name":"StandChurch","id":64736,"region":{"country":"se","name":"Västernorrland","id":145},"longitude":17.150057},"latitude":62.467598,"currentOwner":{"name":"Florence","id":70365},"time":"2021-07-13T11:51:53+0000","type":"takeover","longitude":17.150057},{"zone":{"previousOwner":{"name":"millroy","id":95378},"dateCreated":"2015-01-13T17:00:00+0000","dateLastTaken":"2021-07-13T11:51:51+0000","latitude":61.343334,"currentOwner":{"name":"DaHunter","id":95577},"name":"Snabbköpet","id":43765,"totalTakeovers":3947,"region":{"country":"se","name":"Gävleborg","id":144},"pointsPerHour":5,"longitude":16.385741,"takeoverPoints":125},"latitude":61.343334,"currentOwner":{"name":"DaHunter","id":95577},"time":"2021-07-13T11:51:51+0000","type":"takeover","longitude":16.385741},{"zone":{"previousOwner":{"name":"Vit_Java","id":114491},"dateCreated":"2012-04-01T14:24:41+0000","dateLastTaken":"2021-07-13T11:51:51+0000","latitude":59.62838,"currentOwner":{"name":"NonneNoel08","id":276255},"name":"StoneChamber","id":7759,"totalTakeovers":25071,"region":{"country":"se","name":"Västmanland","id":143},"pointsPerHour":8,"longitude":16.605489,"takeoverPoints":80},"latitude":59.62838,"currentOwner":{"name":"NonneNoel08","id":276255},"time":"2021-07-13T11:51:51+0000","type":"takeover","longitude":16.605489},{"zone":{"previousOwner":{"name":"Masun","id":243170},"dateCreated":"2018-05-17T15:48:43+0000","dateLastTaken":"2021-07-13T11:51:50+0000","latitude":59.400687,"currentOwner":{"name":"HerrGårman","id":159396},"name":"Citrusfrukter","id":150165,"totalTakeovers":1681,"region":{"country":"se","name":"Stockholm","id":141},"pointsPerHour":5,"longitude":17.795728,"takeoverPoints":125},"latitude":59.400687,"currentOwner":{"name":"HerrGårman","id":159396},"time":"2021-07-13T11:51:50+0000","type":"takeover","longitude":17.795728},{"zone":{"previousOwner":{"name":"Munin","id":62408},"dateCreated":"2012-09-24T22:44:32+0000","dateLastTaken":"2021-07-13T11:51:48+0000","latitude":59.869845,"currentOwner":{"name":"Boinkaboinka","id":133017},"name":"FinlandsFärja","id":11501,"totalTakeovers":9950,"region":{"country":"se","name":"Uppsala","id":142},"pointsPerHour":6,"longitude":17.608634,"takeoverPoints":110},"latitude":59.869845,"currentOwner":{"name":"Boinkaboinka","id":133017},"time":"2021-07-13T11:51:48+0000","type":"takeover","longitude":17.608634},{"zone":{"previousOwner":{"name":"Karamella","id":158664},"dateCreated":"2014-12-24T11:00:00+0000","dateLastTaken":"2021-07-13T11:51:46+0000","latitude":60.60933,"currentOwner":{"name":"Flygmalaja","id":18884},"name":"KallesBrygga","id":42419,"totalTakeovers":12484,"region":{"country":"se","name":"Dalarna","id":129},"pointsPerHour":7,"longitude":15.624041,"takeoverPoints":95},"latitude":60.60933,"currentOwner":{"name":"Flygmalaja","id":18884},"time":"2021-07-13T11:51:46+0000","type":"takeover","longitude":15.624041},{"zone":{"previousOwner":{"name":"iTurf","id":38915},"dateCreated":"2013-09-16T14:27:41+0000","dateLastTaken":"2021-07-13T11:51:35+0000","latitude":59.322885,"currentOwner":{"name":"Heureka","id":89635},"name":"GamlaStanT","id":21667,"totalTakeovers":28537,"region":{"country":"se","name":"Stockholm","id":141},"pointsPerHour":9,"longitude":18.067775,"takeoverPoints":65},"latitude":59.322885,"currentOwner":{"name":"Heureka","id":89635},"time":"2021-07-13T11:51:35+0000","type":"takeover","longitude":18.067775},{"zone":{"previousOwner":{"name":"gregga","id":232882},"dateCreated":"2014-12-24T12:00:00+0000","dateLastTaken":"2021-07-13T11:51:33+0000","latitude":59.917495,"currentOwner":{"name":"Folonaj2020","id":279725},"name":"JakobMats","id":42853,"totalTakeovers":6405,"region":{"country":"se","name":"Västmanland","id":143},"pointsPerHour":6,"longitude":16.591454,"takeoverPoints":110},"latitude":59.917495,"currentOwner":{"name":"Folonaj2020","id":279725},"time":"2021-07-13T11:51:33+0000","type":"takeover","longitude":16.591454},{"zone":{"previousOwner":{"name":"Kissen","id":241974},"dateCreated":"2013-12-24T11:00:00+0000","dateLastTaken":"2021-07-13T11:51:32+0000","latitude":55.688738,"currentOwner":{"name":"Zac","id":279684},"name":"Ankzonen","id":23959,"totalTakeovers":2305,"region":{"country":"se","name":"Skåne","id":135},"pointsPerHour":6,"longitude":13.234444,"takeoverPoints":110},"latitude":55.688738,"currentOwner":{"name":"Zac","id":279684},"time":"2021-07-13T11:51:32+0000","type":"takeover","longitude":13.234444},{"zone":{"previousOwner":{"name":"minbror","id":115250},"dateCreated":"2011-11-01T22:19:58+0000","dateLastTaken":"2021-07-13T11:51:30+0000","latitude":62.394916,"currentOwner":{"name":"andand49","id":205164},"name":"SundKommun","id":4350,"totalTakeovers":5666,"region":{"country":"se","name":"Västernorrland","id":145},"pointsPerHour":5,"longitude":17.309605,"takeoverPoints":125},"latitude":62.394916,"currentOwner":{"name":"andand49","id":205164},"time":"2021-07-13T11:51:30+0000","type":"takeover","longitude":17.309605},{"zone":{"previousOwner":{"name":"MrTJ","id":51633},"dateCreated":"2015-03-29T18:54:18+0000","dateLastTaken":"2021-07-13T11:51:30+0000","latitude":63.834517,"currentOwner":{"name":"Skäret","id":38885},"name":"Galoppzon","id":47614,"totalTakeovers":13783,"region":{"country":"se","name":"Västerbotten","id":127},"pointsPerHour":8,"longitude":20.235518,"takeoverPoints":80},"latitude":63.834517,"currentOwner":{"name":"Skäret","id":38885},"time":"2021-07-13T11:51:30+0000","type":"takeover","longitude":20.235518},{"zone":{"previousOwner":{"name":"tramway","id":260933},"dateCreated":"2017-11-06T22:33:39+0000","dateLastTaken":"2021-07-13T11:51:28+0000","latitude":57.706934,"currentOwner":{"name":"stefanx46","id":36563},"name":"WellPark","id":136373,"totalTakeovers":14360,"region":{"country":"se","name":"Västra Götaland","id":132},"pointsPerHour":9,"longitude":11.969728,"takeoverPoints":65},"latitude":57.706934,"currentOwner":{"name":"stefanx46","id":36563},"time":"2021-07-13T11:51:28+0000","type":"takeover","longitude":11.969728},{"zone":{"previousOwner":{"name":"boddiloddan","id":164393},"dateCreated":"2014-05-31T10:00:00+0000","dateLastTaken":"2021-07-13T11:51:25+0000","latitude":63.811942,"currentOwner":{"name":"linkaz","id":101631},"name":"VolleyBeach","id":30211,"totalTakeovers":9984,"region":{"country":"se","name":"Västerbotten","id":127},"pointsPerHour":8,"longitude":20.347669,"takeoverPoints":80},"latitude":63.811942,"currentOwner":{"name":"linkaz","id":101631},"time":"2021-07-13T11:51:25+0000","type":"takeover","longitude":20.347669},{"zone":{"previousOwner":{"name":"VÄDUREN","id":92950},"dateCreated":"2012-04-01T13:14:39+0000","dateLastTaken":"2021-07-13T11:51:25+0000","latitude":59.586146,"currentOwner":{"name":"trevlig","id":278167},"name":"HackstaZone","id":7746,"totalTakeovers":5374,"region":{"country":"se","name":"Västmanland","id":143},"pointsPerHour":5,"longitude":16.478374,"takeoverPoints":125},"latitude":59.586146,"currentOwner":{"name":"trevlig","id":278167},"time":"2021-07-13T11:51:25+0000","type":"takeover","longitude":16.478374},{"zone":{"previousOwner":{"name":"Brellir","id":82495},"dateCreated":"2014-05-31T10:00:00+0000","dateLastTaken":"2021-07-13T11:51:21+0000","latitude":64.595979,"currentOwner":{"name":"Grubben","id":198667},"name":"MittIBäret","id":30237,"totalTakeovers":1243,"region":{"country":"se","name":"Västerbotten","id":127},"pointsPerHour":2,"longitude":18.718614,"takeoverPoints":170},"latitude":64.595979,"currentOwner":{"name":"Grubben","id":198667},"time":"2021-07-13T11:51:21+0000","type":"takeover","longitude":18.718614},{"zone":{"previousOwner":{"name":"Ni_ki_ta","id":233048},"dateCreated":"2012-05-01T22:09:29+0000","dateLastTaken":"2021-07-13T11:51:21+0000","latitude":65.323941,"currentOwner":{"name":"Wiking300","id":120001},"name":"Pacepath","id":8459,"totalTakeovers":1460,"region":{"country":"se","name":"Norrbotten","id":126},"pointsPerHour":2,"longitude":21.410249,"takeoverPoints":170},"latitude":65.323941,"currentOwner":{"name":"Wiking300","id":120001},"time":"2021-07-13T11:51:21+0000","type":"takeover","longitude":21.410249},{"zone":{"previousOwner":{"name":"SUPERIOЯ","id":122085},"dateLastTaken":"2021-07-13T11:51:19+0000","latitude":59.475842,"totalTakeovers":2084,"pointsPerHour":4,"takeoverPoints":140,"dateCreated":"2017-04-10T10:36:42+0000","currentOwner":{"name":"MRXCOOL","id":146014},"name":"Strandsbron","id":97978,"region":{"country":"se","name":"Stockholm","id":141},"longitude":17.742199},"latitude":59.475842,"currentOwner":{"name":"MRXCOOL","id":146014},"time":"2021-07-13T11:51:19+0000","type":"takeover","longitude":17.742199},{"zone":{"dateCreated":"2013-06-15T08:00:00+0000","dateLastTaken":"2021-07-13T11:51:18+0000","latitude":56.462829,"currentOwner":{"name":"LangTouner","id":302846},"name":"FleucharZone","id":16936,"totalTakeovers":10,"region":{"country":"gb","name":"Scotland","id":200},"pointsPerHour":1,"longitude":-2.995548,"takeoverPoints":185},"latitude":56.462829,"currentOwner":{"name":"LangTouner","id":302846},"time":"2021-07-13T11:51:18+0000","type":"takeover","longitude":-2.995548},{"zone":{"previousOwner":{"name":"NTU","id":145374},"dateCreated":"2013-02-10T00:00:00+0000","dateLastTaken":"2021-07-13T11:51:18+0000","latitude":59.638192,"currentOwner":{"name":"Frökenathena","id":240979},"name":"MultiCross","id":13622,"totalTakeovers":16809,"region":{"country":"se","name":"Västmanland","id":143},"pointsPerHour":8,"longitude":16.521008,"takeoverPoints":80},"latitude":59.638192,"currentOwner":{"name":"Frökenathena","id":240979},"time":"2021-07-13T11:51:18+0000","type":"takeover","longitude":16.521008},{"zone":{"previousOwner":{"name":"Kingslayer","id":23543},"dateCreated":"2021-05-22T19:00:00+0000","dateLastTaken":"2021-07-13T11:51:16+0000","latitude":56.254499,"currentOwner":{"name":"reax","id":109387},"name":"Lädermuseet","id":419020,"totalTakeovers":15,"region":{"country":"se","name":"Skåne","id":135},"pointsPerHour":1,"longitude":12.86509,"takeoverPoints":185},"latitude":56.254499,"currentOwner":{"name":"reax","id":109387},"time":"2021-07-13T11:51:16+0000","type":"takeover","longitude":12.86509},{"zone":{"previousOwner":{"name":"Styret62","id":211342},"dateCreated":"2015-04-05T22:50:28+0000","dateLastTaken":"2021-07-13T11:51:16+0000","latitude":57.173778,"currentOwner":{"name":".Y.","id":74646},"name":"Bredaryd","id":47932,"totalTakeovers":358,"region":{"country":"se","name":"Jönköping","id":133},"pointsPerHour":1,"longitude":13.737842,"takeoverPoints":185},"latitude":57.173778,"currentOwner":{"name":".Y.","id":74646},"time":"2021-07-13T11:51:16+0000","type":"takeover","longitude":13.737842},{"zone":{"previousOwner":{"name":"mrcanyon","id":175976},"dateCreated":"2015-08-28T10:00:00+0000","dateLastTaken":"2021-07-13T11:51:15+0000","latitude":56.888076,"currentOwner":{"name":"söndag","id":27366},"name":"Rån","id":56747,"totalTakeovers":1678,"region":{"country":"se","name":"Halland","id":134},"pointsPerHour":4,"longitude":12.497332,"takeoverPoints":140},"latitude":56.888076,"currentOwner":{"name":"söndag","id":27366},"time":"2021-07-13T11:51:15+0000","type":"takeover","longitude":12.497332},{"zone":{"previousOwner":{"name":"Lindhardt","id":212850},"dateLastTaken":"2021-07-13T11:51:14+0000","latitude":57.706888,"totalTakeovers":11976,"pointsPerHour":9,"takeoverPoints":65,"dateCreated":"2017-03-30T09:28:15+0000","currentOwner":{"name":"Dadeee","id":327379},"name":"IngoTheChamp","id":97138,"region":{"country":"se","name":"Västra Götaland","id":132},"longitude":11.98567},"latitude":57.706888,"currentOwner":{"name":"Dadeee","id":327379},"time":"2021-07-13T11:51:14+0000","type":"takeover","longitude":11.98567},{"zone":{"previousOwner":{"name":"Dräängen","id":182267},"dateCreated":"2013-12-24T08:51:08+0000","dateLastTaken":"2021-07-13T11:51:12+0000","latitude":58.397508,"currentOwner":{"name":"lhcper","id":2733},"name":"Vallfarten","id":23950,"totalTakeovers":10876,"region":{"country":"se","name":"Östergötland","id":139},"pointsPerHour":6,"longitude":15.572752,"takeoverPoints":110},"latitude":58.397508,"currentOwner":{"name":"lhcper","id":2733},"time":"2021-07-13T11:51:12+0000","type":"takeover","longitude":15.572752},{"zone":{"previousOwner":{"name":"Uncouth","id":74248},"dateCreated":"2012-03-22T10:48:05+0000","dateLastTaken":"2021-07-13T11:51:10+0000","latitude":58.028954,"currentOwner":{"name":"wolf71swe","id":50348},"name":"ToVisingsö","id":7325,"totalTakeovers":1572,"region":{"country":"se","name":"Jönköping","id":133},"pointsPerHour":4,"longitude":14.456963,"takeoverPoints":140},"latitude":58.028954,"currentOwner":{"name":"wolf71swe","id":50348},"time":"2021-07-13T11:51:10+0000","type":"takeover","longitude":14.456963},{"zone":{"previousOwner":{"name":"poisme","id":227090},"dateCreated":"2013-12-31T23:00:00+0000","dateLastTaken":"2021-07-13T11:51:08+0000","latitude":59.119454,"currentOwner":{"name":"EwaC","id":100350},"name":"StTorgils","id":24596,"totalTakeovers":7085,"region":{"country":"se","name":"Örebro","id":131},"pointsPerHour":5,"longitude":15.150618,"takeoverPoints":125},"latitude":59.119454,"currentOwner":{"name":"EwaC","id":100350},"time":"2021-07-13T11:51:08+0000","type":"takeover","longitude":15.150618},{"zone":{"previousOwner":{"name":"onson","id":213119},"dateCreated":"2013-08-18T10:20:16+0000","dateLastTaken":"2021-07-13T11:51:08+0000","latitude":57.684156,"currentOwner":{"name":"Pilgrim","id":60557},"name":"Plaskdammen","id":21344,"totalTakeovers":10040,"region":{"country":"se","name":"Västra Götaland","id":132},"pointsPerHour":8,"longitude":11.947135,"takeoverPoints":80},"latitude":57.684156,"currentOwner":{"name":"Pilgrim","id":60557},"time":"2021-07-13T11:51:08+0000","type":"takeover","longitude":11.947135},{"zone":{"previousOwner":{"name":"Packo","id":8147},"dateCreated":"2021-07-11T10:26:31+0000","dateLastTaken":"2021-07-13T11:51:07+0000","latitude":59.312964,"currentOwner":{"name":"Blixtenkga","id":53162},"name":"Snedskogen","id":429855,"totalTakeovers":6,"region":{"country":"se","name":"Örebro","id":131},"pointsPerHour":6,"longitude":14.510387,"takeoverPoints":110},"latitude":59.312964,"currentOwner":{"name":"Blixtenkga","id":53162},"time":"2021-07-13T11:51:07+0000","type":"takeover","longitude":14.510387},{"zone":{"previousOwner":{"name":"Artoo","id":61453},"dateCreated":"2010-09-30T22:00:02+0000","dateLastTaken":"2021-07-13T11:51:07+0000","latitude":57.265748,"currentOwner":{"name":"HerculesP","id":65399},"name":"Lilltorget","id":940,"totalTakeovers":11275,"region":{"country":"se","name":"Kalmar","id":137},"pointsPerHour":7,"longitude":16.447253,"takeoverPoints":95},"latitude":57.265748,"currentOwner":{"name":"HerculesP","id":65399},"time":"2021-07-13T11:51:07+0000","type":"takeover","longitude":16.447253},{"zone":{"previousOwner":{"name":"VanOnTour","id":281076},"dateCreated":"2013-12-28T22:00:00+0000","dateLastTaken":"2021-07-13T11:51:07+0000","latitude":59.326081,"currentOwner":{"name":"Ravion","id":233063},"name":"Bergslagshall","id":24502,"totalTakeovers":13247,"region":{"country":"se","name":"Örebro","id":131},"pointsPerHour":7,"longitude":14.502365,"takeoverPoints":95},"latitude":59.326081,"currentOwner":{"name":"Ravion","id":233063},"time":"2021-07-13T11:51:07+0000","type":"takeover","longitude":14.502365},{"zone":{"previousOwner":{"name":"Heva","id":54046},"dateCreated":"2017-12-27T06:00:00+0000","dateLastTaken":"2021-07-13T11:51:06+0000","latitude":59.309997,"currentOwner":{"name":"perran","id":177324},"name":"Liljeholmen","id":138504,"totalTakeovers":7185,"region":{"country":"se","name":"Stockholm","id":141},"pointsPerHour":8,"longitude":18.022608,"takeoverPoints":80},"latitude":59.309997,"currentOwner":{"name":"perran","id":177324},"time":"2021-07-13T11:51:06+0000","type":"takeover","longitude":18.022608},{"zone":{"previousOwner":{"name":"ManUtd50","id":92949},"dateCreated":"2013-04-28T10:10:00+0000","dateLastTaken":"2021-07-13T11:51:05+0000","latitude":59.6002,"currentOwner":{"name":"valcar","id":56304},"name":"ConstructWay","id":17550,"totalTakeovers":8557,"region":{"country":"se","name":"Västmanland","id":143},"pointsPerHour":6,"longitude":16.512538,"takeoverPoints":110},"latitude":59.6002,"currentOwner":{"name":"valcar","id":56304},"time":"2021-07-13T11:51:05+0000","type":"takeover","longitude":16.512538},{"zone":{"previousOwner":{"name":"@5","id":335133},"dateCreated":"2011-08-05T00:00:00+0000","dateLastTaken":"2021-07-13T11:51:04+0000","latitude":64.199808,"currentOwner":{"name":"Superelak","id":126940},"name":"BigRoadZone","id":2438,"totalTakeovers":771,"region":{"country":"se","name":"Västerbotten","id":127},"pointsPerHour":2,"longitude":19.696558,"takeoverPoints":170},"latitude":64.199808,"currentOwner":{"name":"Superelak","id":126940},"time":"2021-07-13T11:51:04+0000","type":"takeover","longitude":19.696558},{"zone":{"previousOwner":{"name":"ForeverYoung","id":325448},"dateCreated":"2013-07-11T18:56:42+0000","dateLastTaken":"2021-07-13T11:51:01+0000","latitude":59.418924,"currentOwner":{"name":"Cyklonen","id":179784},"name":"HeSellsShells","id":20743,"totalTakeovers":4547,"region":{"country":"se","name":"Stockholm","id":141},"pointsPerHour":6,"longitude":17.939604,"takeoverPoints":110},"latitude":59.418924,"currentOwner":{"name":"Cyklonen","id":179784},"time":"2021-07-13T11:51:01+0000","type":"takeover","longitude":17.939604},{"zone":{"previousOwner":{"name":"Dräängen","id":182267},"dateCreated":"2013-11-12T21:21:20+0000","dateLastTaken":"2021-07-13T11:51:00+0000","latitude":58.422965,"currentOwner":{"name":"hookturf","id":73461},"name":"ClockYard","id":22854,"totalTakeovers":5416,"region":{"country":"se","name":"Östergötland","id":139},"pointsPerHour":4,"longitude":15.579141,"takeoverPoints":140},"latitude":58.422965,"currentOwner":{"name":"hookturf","id":73461},"time":"2021-07-13T11:51:00+0000","type":"takeover","longitude":15.579141},{"zone":{"dateCreated":"2020-04-12T15:08:09+0000","dateLastTaken":"2021-07-13T11:51:00+0000","latitude":57.405916,"currentOwner":{"name":"KollPåGubben","id":163496},"name":"SävsjöUtkant","id":235420,"totalTakeovers":32,"region":{"country":"se","name":"Jönköping","id":133},"pointsPerHour":1,"longitude":14.648202,"takeoverPoints":185},"latitude":57.405916,"currentOwner":{"name":"KollPåGubben","id":163496},"time":"2021-07-13T11:51:00+0000","type":"takeover","longitude":14.648202},{"zone":{"previousOwner":{"name":"Kn_Stofil1","id":164773},"dateCreated":"2017-12-23T10:08:05+0000","dateLastTaken":"2021-07-13T11:50:59+0000","latitude":65.584077,"currentOwner":{"name":"Eliza","id":242724},"name":"Soczon","id":139424,"totalTakeovers":5758,"region":{"country":"se","name":"Norrbotten","id":126},"pointsPerHour":7,"longitude":22.133103,"takeoverPoints":95},"latitude":65.584077,"currentOwner":{"name":"Eliza","id":242724},"time":"2021-07-13T11:50:59+0000","type":"takeover","longitude":22.133103},{"zone":{"previousOwner":{"name":"JH1","id":333052},"dateLastTaken":"2021-07-13T11:50:58+0000","latitude":58.9968,"totalTakeovers":14020,"pointsPerHour":8,"takeoverPoints":80,"dateCreated":"2013-01-04T20:00:00+0000","currentOwner":{"name":"vindturf","id":118672},"name":"StationCat","id":12520,"region":{"country":"se","name":"Södermanland","id":140},"longitude":16.20774},"latitude":58.9968,"currentOwner":{"name":"vindturf","id":118672},"time":"2021-07-13T11:50:58+0000","type":"takeover","longitude":16.20774},{"zone":{"previousOwner":{"name":"nåttbra","id":56145},"dateCreated":"2014-01-29T23:00:00+0000","dateLastTaken":"2021-07-13T11:50:57+0000","latitude":59.246653,"currentOwner":{"name":"Turfarmor","id":166232},"name":"Vintermyren","id":25232,"totalTakeovers":1785,"region":{"country":"se","name":"Örebro","id":131},"pointsPerHour":3,"longitude":14.455695,"takeoverPoints":155},"latitude":59.246653,"currentOwner":{"name":"Turfarmor","id":166232},"time":"2021-07-13T11:50:57+0000","type":"takeover","longitude":14.455695},{"zone":{"previousOwner":{"name":"Lannister","id":20681},"dateCreated":"2013-12-24T11:01:05+0000","dateLastTaken":"2021-07-13T11:50:53+0000","latitude":63.843681,"currentOwner":{"name":"Kajsaklara","id":334581},"name":"Allézonen","id":23908,"totalTakeovers":6481,"region":{"country":"se","name":"Västerbotten","id":127},"pointsPerHour":7,"longitude":20.161292,"takeoverPoints":95},"latitude":63.843681,"currentOwner":{"name":"Kajsaklara","id":334581},"time":"2021-07-13T11:50:53+0000","type":"takeover","longitude":20.161292},{"zone":{"previousOwner":{"name":"baavik","id":232967},"dateCreated":"2015-01-12T18:00:00+0000","dateLastTaken":"2021-07-13T11:50:52+0000","latitude":59.398831,"currentOwner":{"name":"Ita","id":145707},"name":"Åliden","id":43669,"totalTakeovers":536,"region":{"country":"se","name":"Värmland","id":130},"pointsPerHour":1,"longitude":13.187117,"takeoverPoints":185},"latitude":59.398831,"currentOwner":{"name":"Ita","id":145707},"time":"2021-07-13T11:50:52+0000","type":"takeover","longitude":13.187117},{"zone":{"previousOwner":{"name":"erpen","id":155024},"dateCreated":"2011-08-29T20:30:34+0000","dateLastTaken":"2021-07-13T11:50:51+0000","latitude":63.820493,"currentOwner":{"name":"Timmyz_","id":203411},"name":"Domaren","id":2895,"totalTakeovers":15815,"region":{"country":"se","name":"Västerbotten","id":127},"pointsPerHour":8,"longitude":20.24128,"takeoverPoints":80},"latitude":63.820493,"currentOwner":{"name":"Timmyz_","id":203411},"time":"2021-07-13T11:50:51+0000","type":"takeover","longitude":20.24128},{"zone":{"previousOwner":{"name":"Robsky","id":329614},"dateCreated":"2013-09-25T22:07:05+0000","dateLastTaken":"2021-07-13T11:50:50+0000","latitude":63.708855,"currentOwner":{"name":"Stövaren","id":252995},"name":"NoHolmTower","id":21859,"totalTakeovers":3548,"region":{"country":"se","name":"Västerbotten","id":127},"pointsPerHour":6,"longitude":20.379718,"takeoverPoints":110},"latitude":63.708855,"currentOwner":{"name":"Stövaren","id":252995},"time":"2021-07-13T11:50:50+0000","type":"takeover","longitude":20.379718},{"zone":{"dateCreated":"2013-06-15T08:00:00+0000","dateLastTaken":"2021-07-13T11:50:48+0000","latitude":51.510538,"currentOwner":{"name":"sleepdep","id":303150},"name":"ItalianGarden","id":12943,"totalTakeovers":441,"region":{"country":"gb","name":"Greater London","id":207},"pointsPerHour":2,"longitude":-0.175522,"takeoverPoints":170},"latitude":51.510538,"currentOwner":{"name":"sleepdep","id":303150},"time":"2021-07-13T11:50:48+0000","type":"takeover","longitude":-0.175522},{"zone":{"previousOwner":{"name":"ESOCWalter","id":280133},"dateCreated":"2021-03-10T08:00:00+0000","dateLastTaken":"2021-07-13T11:50:42+0000","latitude":55.920149,"currentOwner":{"name":"Cruachan","id":304571},"name":"HibsGate","id":392188,"totalTakeovers":60,"region":{"country":"gb","name":"Scotland","id":200},"pointsPerHour":1,"longitude":-2.935881,"takeoverPoints":185},"latitude":55.920149,"currentOwner":{"name":"Cruachan","id":304571},"time":"2021-07-13T11:50:42+0000","type":"takeover","longitude":-2.935881},{"zone":{"previousOwner":{"name":"Röste","id":107099},"dateCreated":"2020-07-29T18:07:25+0000","dateLastTaken":"2021-07-13T11:50:40+0000","latitude":61.340339,"currentOwner":{"name":"DaHunter","id":95577},"name":"Forsmyran","id":319200,"totalTakeovers":547,"region":{"country":"se","name":"Gävleborg","id":144},"pointsPerHour":4,"longitude":16.386719,"takeoverPoints":140},"latitude":61.340339,"currentOwner":{"name":"DaHunter","id":95577},"time":"2021-07-13T11:50:40+0000","type":"takeover","longitude":16.386719},{"zone":{"previousOwner":{"name":"sumo","id":66734},"dateCreated":"2011-01-19T16:38:43+0000","dateLastTaken":"2021-07-13T11:50:37+0000","latitude":57.100925,"currentOwner":{"name":"greenlander","id":65129},"name":"BlankasPlats","id":1367,"totalTakeovers":6788,"region":{"country":"se","name":"Halland","id":134},"pointsPerHour":4,"longitude":12.25229,"takeoverPoints":140},"latitude":57.100925,"currentOwner":{"name":"greenlander","id":65129},"time":"2021-07-13T11:50:37+0000","type":"takeover","longitude":12.25229},{"zone":{"previousOwner":{"name":"Liza46","id":105797},"dateCreated":"2016-06-03T10:00:00+0000","dateLastTaken":"2021-07-13T11:50:34+0000","latitude":57.652824,"currentOwner":{"name":"Rulf","id":163017},"name":"SpixigaZonen","id":76661,"totalTakeovers":1942,"region":{"country":"se","name":"Jönköping","id":133},"pointsPerHour":3,"longitude":14.678652,"takeoverPoints":155},"latitude":57.652824,"currentOwner":{"name":"Rulf","id":163017},"time":"2021-07-13T11:50:34+0000","type":"takeover","longitude":14.678652},{"zone":{"previousOwner":{"name":"Dubbelsexa","id":11245},"dateCreated":"2012-04-22T19:32:43+0000","dateLastTaken":"2021-07-13T11:50:34+0000","latitude":59.629098,"currentOwner":{"name":"Hjälstaviken","id":140827},"name":"MaratonZone","id":8334,"totalTakeovers":12105,"region":{"country":"se","name":"Uppsala","id":142},"pointsPerHour":6,"longitude":17.063717,"takeoverPoints":110},"latitude":59.629098,"currentOwner":{"name":"Hjälstaviken","id":140827},"time":"2021-07-13T11:50:34+0000","type":"takeover","longitude":17.063717},{"zone":{"previousOwner":{"name":"steventon_gang","id":282399},"dateCreated":"2021-02-23T17:38:44+0000","dateLastTaken":"2021-07-13T11:50:34+0000","latitude":53.795538,"currentOwner":{"name":"floss","id":304415},"name":"TowerLane","id":387760,"totalTakeovers":36,"region":{"country":"gb","name":"North West England","id":201},"pointsPerHour":1,"longitude":-2.697907,"takeoverPoints":185},"latitude":53.795538,"currentOwner":{"name":"floss","id":304415},"time":"2021-07-13T11:50:34+0000","type":"takeover","longitude":-2.697907},{"zone":{"previousOwner":{"name":"Rekorren","id":136173},"dateLastTaken":"2021-07-13T11:50:33+0000","latitude":57.827179,"totalTakeovers":919,"pointsPerHour":2,"takeoverPoints":170,"dateCreated":"2016-12-19T07:59:13+0000","currentOwner":{"name":"ingoburr","id":261785},"name":"FristadStn","id":92956,"region":{"country":"se","name":"Västra Götaland","id":132},"longitude":13.008488},"latitude":57.827179,"currentOwner":{"name":"ingoburr","id":261785},"time":"2021-07-13T11:50:33+0000","type":"takeover","longitude":13.008488},{"zone":{"previousOwner":{"name":"LIAR","id":64755},"dateCreated":"2021-06-04T07:00:00+0000","dateLastTaken":"2021-07-13T11:50:33+0000","latitude":57.653807,"currentOwner":{"name":"MedievalTurf","id":79413},"name":"NorraBryggan","id":425588,"totalTakeovers":71,"region":{"country":"se","name":"Gotland","id":138},"pointsPerHour":5,"longitude":18.302551,"takeoverPoints":125},"latitude":57.653807,"currentOwner":{"name":"MedievalTurf","id":79413},"time":"2021-07-13T11:50:33+0000","type":"takeover","longitude":18.302551},{"zone":{"previousOwner":{"name":"Florence","id":70365},"dateCreated":"2021-04-24T13:11:25+0000","dateLastTaken":"2021-07-13T11:50:33+0000","latitude":63.02839,"currentOwner":{"name":"Bittanpåberge","id":76016},"name":"BispForsen","id":403569,"totalTakeovers":23,"region":{"country":"se","name":"Jämtland","id":128},"pointsPerHour":2,"longitude":16.619135,"takeoverPoints":170},"latitude":63.02839,"currentOwner":{"name":"Bittanpåberge","id":76016},"time":"2021-07-13T11:50:33+0000","type":"takeover","longitude":16.619135},{"zone":{"previousOwner":{"name":"PiffPuff","id":181851},"dateCreated":"2014-08-25T18:22:11+0000","dateLastTaken":"2021-07-13T11:50:32+0000","latitude":60.884078,"currentOwner":{"name":"Vandelay","id":136542},"name":"UtPåBryggan","id":33759,"totalTakeovers":2513,"region":{"country":"se","name":"Dalarna","id":129},"pointsPerHour":6,"longitude":15.112661,"takeoverPoints":110},"latitude":60.884078,"currentOwner":{"name":"Vandelay","id":136542},"time":"2021-07-13T11:50:32+0000","type":"takeover","longitude":15.112661},{"zone":{"previousOwner":{"name":"Karamella","id":158664},"dateCreated":"2011-02-09T15:03:21+0000","dateLastTaken":"2021-07-13T11:50:30+0000","latitude":60.611345,"currentOwner":{"name":"Flygmalaja","id":18884},"name":"FaluPath","id":1457,"totalTakeovers":15214,"region":{"country":"se","name":"Dalarna","id":129},"pointsPerHour":7,"longitude":15.623752,"takeoverPoints":95},"latitude":60.611345,"currentOwner":{"name":"Flygmalaja","id":18884},"time":"2021-07-13T11:50:30+0000","type":"takeover","longitude":15.623752},{"zone":{"previousOwner":{"name":"LillaTuss","id":130166},"dateCreated":"2013-09-02T09:00:00+0000","dateLastTaken":"2021-07-13T11:50:29+0000","latitude":59.13643,"currentOwner":{"name":"poisme","id":227090},"name":"Majstigen","id":21482,"totalTakeovers":4477,"region":{"country":"se","name":"Örebro","id":131},"pointsPerHour":3,"longitude":15.146864,"takeoverPoints":155},"latitude":59.13643,"currentOwner":{"name":"poisme","id":227090},"time":"2021-07-13T11:50:29+0000","type":"takeover","longitude":15.146864},{"zone":{"dateCreated":"2020-07-27T20:30:00+0000","dateLastTaken":"2021-07-13T11:50:29+0000","latitude":51.889068,"currentOwner":{"name":"thorkel","id":333268},"name":"KätheKollwitz","id":319141,"totalTakeovers":3,"region":{"country":"de","name":"Sachsen-Anhalt","id":453},"pointsPerHour":1,"longitude":11.052321,"takeoverPoints":185},"latitude":51.889068,"currentOwner":{"name":"thorkel","id":333268},"time":"2021-07-13T11:50:29+0000","type":"takeover","longitude":11.052321},{"zone":{"previousOwner":{"name":"Bitterman","id":115759},"dateCreated":"2011-12-12T22:00:00+0000","dateLastTaken":"2021-07-13T11:50:26+0000","latitude":63.823227,"currentOwner":{"name":"MrTJ","id":51633},"name":"EastSchool","id":5395,"totalTakeovers":18807,"region":{"country":"se","name":"Västerbotten","id":127},"pointsPerHour":9,"longitude":20.294842,"takeoverPoints":65},"latitude":63.823227,"currentOwner":{"name":"MrTJ","id":51633},"time":"2021-07-13T11:50:26+0000","type":"takeover","longitude":20.294842},{"zone":{"previousOwner":{"name":"redtrek","id":232288},"dateLastTaken":"2021-07-13T11:50:25+0000","latitude":63.036084,"totalTakeovers":199,"pointsPerHour":1,"takeoverPoints":185,"dateCreated":"2016-08-20T06:00:00+0000","currentOwner":{"name":"Orginator","id":178112},"name":"LockneKyrka","id":80880,"region":{"country":"se","name":"Jämtland","id":128},"longitude":14.814197},"latitude":63.036084,"currentOwner":{"name":"Orginator","id":178112},"time":"2021-07-13T11:50:25+0000","type":"takeover","longitude":14.814197},{"zone":{"previousOwner":{"name":"edgygrl","id":298976},"dateCreated":"2020-08-29T07:00:00+0000","dateLastTaken":"2021-07-13T11:50:21+0000","latitude":55.603001,"currentOwner":{"name":"MsJ","id":282984},"name":"AnEasy","id":322960,"totalTakeovers":120,"region":{"country":"gb","name":"Scotland","id":200},"pointsPerHour":1,"longitude":-2.733421,"takeoverPoints":185},"latitude":55.603001,"currentOwner":{"name":"MsJ","id":282984},"time":"2021-07-13T11:50:21+0000","type":"takeover","longitude":-2.733421},{"zone":{"previousOwner":{"name":"gumsan63","id":71827},"dateCreated":"2014-08-18T22:23:03+0000","dateLastTaken":"2021-07-13T11:50:15+0000","latitude":64.738612,"currentOwner":{"name":"Radagast18","id":162382},"name":"Företagszon","id":33658,"totalTakeovers":8320,"region":{"country":"se","name":"Västerbotten","id":127},"pointsPerHour":7,"longitude":20.986181,"takeoverPoints":95},"latitude":64.738612,"currentOwner":{"name":"Radagast18","id":162382},"time":"2021-07-13T11:50:15+0000","type":"takeover","longitude":20.986181},{"zone":{"previousOwner":{"name":"Jordskott","id":105177},"dateCreated":"2018-06-13T21:41:17+0000","dateLastTaken":"2021-07-13T11:50:14+0000","latitude":59.631482,"currentOwner":{"name":"thelinkan","id":30983},"name":"GultGuld","id":153953,"totalTakeovers":4056,"region":{"country":"se","name":"Uppsala","id":142},"pointsPerHour":5,"longitude":17.112848,"takeoverPoints":125},"latitude":59.631482,"currentOwner":{"name":"thelinkan","id":30983},"time":"2021-07-13T11:50:14+0000","type":"takeover","longitude":17.112848},{"zone":{"previousOwner":{"name":"Radagast18","id":162382},"dateCreated":"2021-05-03T20:16:52+0000","dateLastTaken":"2021-07-13T11:50:14+0000","latitude":64.745847,"currentOwner":{"name":"hock67","id":71826},"name":"Hemmans","id":407628,"totalTakeovers":598,"region":{"country":"se","name":"Västerbotten","id":127},"pointsPerHour":7,"longitude":20.991038,"takeoverPoints":95},"latitude":64.745847,"currentOwner":{"name":"hock67","id":71826},"time":"2021-07-13T11:50:14+0000","type":"takeover","longitude":20.991038},{"zone":{"previousOwner":{"name":"iTurf","id":38915},"dateCreated":"2012-02-06T12:22:58+0000","dateLastTaken":"2021-07-13T11:50:11+0000","latitude":59.852396,"currentOwner":{"name":"Laponia","id":77324},"name":"FriendCity","id":6141,"totalTakeovers":11944,"region":{"country":"se","name":"Uppsala","id":142},"pointsPerHour":8,"longitude":17.608693,"takeoverPoints":80},"latitude":59.852396,"currentOwner":{"name":"Laponia","id":77324},"time":"2021-07-13T11:50:11+0000","type":"takeover","longitude":17.608693},{"zone":{"dateCreated":"2021-01-26T09:30:00+0000","dateLastTaken":"2021-07-13T11:50:09+0000","latitude":56.202603,"currentOwner":{"name":"Ärtan101","id":335236},"name":"Plöningen","id":355190,"totalTakeovers":19,"region":{"country":"se","name":"Skåne","id":135},"pointsPerHour":1,"longitude":12.57413,"takeoverPoints":185},"latitude":56.202603,"currentOwner":{"name":"Ärtan101","id":335236},"time":"2021-07-13T11:50:09+0000","type":"takeover","longitude":12.57413},{"zone":{"previousOwner":{"name":"ade_sSROC","id":304412},"dateCreated":"2021-03-22T19:05:18+0000","dateLastTaken":"2021-07-13T11:50:07+0000","latitude":54.039568,"currentOwner":{"name":"srocmikej","id":310566},"name":"BendingRoad","id":393899,"totalTakeovers":71,"region":{"country":"gb","name":"North West England","id":201},"pointsPerHour":2,"longitude":-2.828059,"takeoverPoints":170},"latitude":54.039568,"currentOwner":{"name":"srocmikej","id":310566},"time":"2021-07-13T11:50:07+0000","type":"takeover","longitude":-2.828059},{"zone":{"previousOwner":{"name":"grimric","id":267536},"dateLastTaken":"2021-07-13T11:50:05+0000","latitude":55.584467,"totalTakeovers":372,"pointsPerHour":1,"takeoverPoints":185,"dateCreated":"2014-06-09T14:55:09+0000","currentOwner":{"name":"Király","id":169417},"name":"Ankdamm","id":31347,"region":{"country":"se","name":"Skåne","id":135},"longitude":13.182006},"latitude":55.584467,"currentOwner":{"name":"Király","id":169417},"time":"2021-07-13T11:50:05+0000","type":"takeover","longitude":13.182006},{"zone":{"previousOwner":{"name":"kallec56","id":110338},"dateCreated":"2017-07-26T10:39:57+0000","dateLastTaken":"2021-07-13T11:50:05+0000","latitude":56.837724,"currentOwner":{"name":"hakalov","id":137136},"name":"Förhjort","id":115818,"totalTakeovers":2084,"region":{"country":"se","name":"Kronoberg","id":147},"pointsPerHour":3,"longitude":13.948348,"takeoverPoints":155},"latitude":56.837724,"currentOwner":{"name":"hakalov","id":137136},"time":"2021-07-13T11:50:05+0000","type":"takeover","longitude":13.948348},{"zone":{"previousOwner":{"name":"ordoman","id":254762},"dateCreated":"2012-03-19T15:53:04+0000","dateLastTaken":"2021-07-13T11:50:04+0000","latitude":59.400211,"currentOwner":{"name":"BossLady55","id":242194},"name":"RåtorpShore","id":6980,"totalTakeovers":3552,"region":{"country":"se","name":"Värmland","id":130},"pointsPerHour":5,"longitude":13.498495,"takeoverPoints":125},"latitude":59.400211,"currentOwner":{"name":"BossLady55","id":242194},"time":"2021-07-13T11:50:04+0000","type":"takeover","longitude":13.498495},{"zone":{"previousOwner":{"name":"Rok","id":311285},"dateCreated":"2014-08-04T20:32:34+0000","dateLastTaken":"2021-07-13T11:50:00+0000","latitude":57.638378,"currentOwner":{"name":"CatEva","id":230151},"name":"AlleyWithView","id":33331,"totalTakeovers":4953,"region":{"country":"se","name":"Gotland","id":138},"pointsPerHour":7,"longitude":18.29508,"takeoverPoints":95},"latitude":57.638378,"currentOwner":{"name":"CatEva","id":230151},"time":"2021-07-13T11:50:00+0000","type":"takeover","longitude":18.29508},{"zone":{"previousOwner":{"name":"poisme","id":227090},"dateCreated":"2020-06-28T19:02:19+0000","dateLastTaken":"2021-07-13T11:50:00+0000","latitude":59.121509,"currentOwner":{"name":"EwaC","id":100350},"name":"Aquarelle","id":278600,"totalTakeovers":1238,"region":{"country":"se","name":"Örebro","id":131},"pointsPerHour":6,"longitude":15.150765,"takeoverPoints":110},"latitude":59.121509,"currentOwner":{"name":"EwaC","id":100350},"time":"2021-07-13T11:50:00+0000","type":"takeover","longitude":15.150765},{"zone":{"previousOwner":{"name":"féarglas","id":280861},"dateCreated":"2020-11-17T09:30:00+0000","dateLastTaken":"2021-07-13T11:50:00+0000","latitude":55.932209,"currentOwner":{"name":"EsocNora","id":335082},"name":"StenTheBowler","id":350527,"totalTakeovers":237,"region":{"country":"gb","name":"Scotland","id":200},"pointsPerHour":3,"longitude":-3.258486,"takeoverPoints":155},"latitude":55.932209,"currentOwner":{"name":"EsocNora","id":335082},"time":"2021-07-13T11:50:00+0000","type":"takeover","longitude":-3.258486},{"zone":{"previousOwner":{"name":"Kissen","id":241974},"dateCreated":"2017-02-25T06:00:00+0000","dateLastTaken":"2021-07-13T11:49:58+0000","latitude":55.689552,"currentOwner":{"name":"Zac","id":279684},"name":"Råbykaj","id":95538,"totalTakeovers":1589,"region":{"country":"se","name":"Skåne","id":135},"pointsPerHour":6,"longitude":13.228161,"takeoverPoints":110},"latitude":55.689552,"currentOwner":{"name":"Zac","id":279684},"time":"2021-07-13T11:49:58+0000","type":"takeover","longitude":13.228161},{"zone":{"previousOwner":{"name":"Dominion","id":243721},"dateCreated":"2014-06-10T12:00:00+0000","dateLastTaken":"2021-07-13T11:49:55+0000","latitude":59.647343,"currentOwner":{"name":"Cykeltanten","id":165416},"name":"Gesälldunge","id":31392,"totalTakeovers":5496,"region":{"country":"se","name":"Uppsala","id":142},"pointsPerHour":4,"longitude":17.074036,"takeoverPoints":140},"latitude":59.647343,"currentOwner":{"name":"Cykeltanten","id":165416},"time":"2021-07-13T11:49:55+0000","type":"takeover","longitude":17.074036},{"zone":{"previousOwner":{"name":"Medicus","id":144728},"dateCreated":"2014-07-26T12:00:00+0000","dateLastTaken":"2021-07-13T11:49:54+0000","latitude":63.181302,"currentOwner":{"name":"Pappamogge","id":93779},"name":"Surfbukten","id":32675,"totalTakeovers":4413,"region":{"country":"se","name":"Jämtland","id":128},"pointsPerHour":6,"longitude":14.621594,"takeoverPoints":110},"latitude":63.181302,"currentOwner":{"name":"Pappamogge","id":93779},"time":"2021-07-13T11:49:54+0000","type":"takeover","longitude":14.621594},{"zone":{"previousOwner":{"name":"Zoombiey","id":57655},"dateCreated":"2013-11-02T18:00:00+0000","dateLastTaken":"2021-07-13T11:49:54+0000","latitude":60.347991,"currentOwner":{"name":"lönnen","id":174989},"name":"TipTopTierp","id":22650,"totalTakeovers":1123,"region":{"country":"se","name":"Uppsala","id":142},"pointsPerHour":1,"longitude":17.497566,"takeoverPoints":185},"latitude":60.347991,"currentOwner":{"name":"lönnen","id":174989},"time":"2021-07-13T11:49:54+0000","type":"takeover","longitude":17.497566},{"zone":{"previousOwner":{"name":"frowdrik","id":117064},"dateCreated":"2018-09-11T05:00:00+0000","dateLastTaken":"2021-07-13T11:49:52+0000","latitude":59.221265,"currentOwner":{"name":"BulteniBo","id":122129},"name":"Plåsterkåken","id":161479,"totalTakeovers":3366,"region":{"country":"se","name":"Stockholm","id":141},"pointsPerHour":6,"longitude":17.937191,"takeoverPoints":110},"latitude":59.221265,"currentOwner":{"name":"BulteniBo","id":122129},"time":"2021-07-13T11:49:52+0000","type":"takeover","longitude":17.937191},{"zone":{"previousOwner":{"name":"Timmyz_","id":203411},"dateCreated":"2013-01-10T16:00:00+0000","dateLastTaken":"2021-07-13T11:49:52+0000","latitude":63.832077,"currentOwner":{"name":"Skäret","id":38885},"name":"Kombobäcken","id":13150,"totalTakeovers":16840,"region":{"country":"se","name":"Västerbotten","id":127},"pointsPerHour":8,"longitude":20.230252,"takeoverPoints":80},"latitude":63.832077,"currentOwner":{"name":"Skäret","id":38885},"time":"2021-07-13T11:49:52+0000","type":"takeover","longitude":20.230252},{"zone":{"previousOwner":{"name":"TechNoir","id":116536},"dateCreated":"2011-02-09T14:40:59+0000","dateLastTaken":"2021-07-13T11:49:52+0000","latitude":58.995915,"currentOwner":{"name":"vindturf","id":118672},"name":"CatSquare","id":1448,"totalTakeovers":13727,"region":{"country":"se","name":"Södermanland","id":140},"pointsPerHour":6,"longitude":16.205893,"takeoverPoints":110},"latitude":58.995915,"currentOwner":{"name":"vindturf","id":118672},"time":"2021-07-13T11:49:52+0000","type":"takeover","longitude":16.205893},{"zone":{"previousOwner":{"name":"Borgåtippan","id":226326},"dateCreated":"2016-03-24T06:00:00+0000","dateLastTaken":"2021-07-13T11:49:50+0000","latitude":60.390952,"currentOwner":{"name":"borgåbisin","id":227541},"name":"Blomtorget","id":62673,"totalTakeovers":581,"region":{"country":"fi","name":"Etelä-Suomi","id":185},"pointsPerHour":3,"longitude":25.656181,"takeoverPoints":155},"latitude":60.390952,"currentOwner":{"name":"borgåbisin","id":227541},"time":"2021-07-13T11:49:50+0000","type":"takeover","longitude":25.656181},{"zone":{"previousOwner":{"name":"HerrGårman","id":159396},"dateCreated":"2018-09-19T22:27:19+0000","dateLastTaken":"2021-07-13T11:49:49+0000","latitude":59.429109,"currentOwner":{"name":"Sucuriju","id":334898},"name":"Nertrappning","id":167825,"totalTakeovers":399,"region":{"country":"se","name":"Stockholm","id":141},"pointsPerHour":3,"longitude":17.795371,"takeoverPoints":155},"latitude":59.429109,"currentOwner":{"name":"Sucuriju","id":334898},"time":"2021-07-13T11:49:49+0000","type":"takeover","longitude":17.795371},{"zone":{"previousOwner":{"name":"gregga","id":232882},"dateCreated":"2012-09-19T07:30:00+0000","dateLastTaken":"2021-07-13T11:49:48+0000","latitude":59.913158,"currentOwner":{"name":"Folonaj2020","id":279725},"name":"SalaTower","id":11397,"totalTakeovers":3896,"region":{"country":"se","name":"Västmanland","id":143},"pointsPerHour":4,"longitude":16.592883,"takeoverPoints":140},"latitude":59.913158,"currentOwner":{"name":"Folonaj2020","id":279725},"time":"2021-07-13T11:49:48+0000","type":"takeover","longitude":16.592883},{"zone":{"previousOwner":{"name":"hookturf","id":73461},"dateCreated":"2017-08-19T07:00:00+0000","dateLastTaken":"2021-07-13T11:49:44+0000","latitude":58.396822,"currentOwner":{"name":"Ute&cyklar","id":326415},"name":"AhhVisse","id":117109,"totalTakeovers":6093,"region":{"country":"se","name":"Östergötland","id":139},"pointsPerHour":7,"longitude":15.640161,"takeoverPoints":95},"latitude":58.396822,"currentOwner":{"name":"Ute&cyklar","id":326415},"time":"2021-07-13T11:49:44+0000","type":"takeover","longitude":15.640161},{"zone":{"previousOwner":{"name":"Röste","id":107099},"dateCreated":"2015-04-11T14:00:00+0000","dateLastTaken":"2021-07-13T11:49:41+0000","latitude":61.337681,"currentOwner":{"name":"DaHunter","id":95577},"name":"Mejerizon","id":48085,"totalTakeovers":1831,"region":{"country":"se","name":"Gävleborg","id":144},"pointsPerHour":3,"longitude":16.390008,"takeoverPoints":155},"latitude":61.337681,"currentOwner":{"name":"DaHunter","id":95577},"time":"2021-07-13T11:49:41+0000","type":"takeover","longitude":16.390008},{"zone":{"previousOwner":{"name":"Pilgrim","id":60557},"dateCreated":"2015-02-20T11:00:00+0000","dateLastTaken":"2021-07-13T11:49:40+0000","latitude":57.696457,"currentOwner":{"name":"Blackwall","id":58476},"name":"Allmänheten","id":44825,"totalTakeovers":10773,"region":{"country":"se","name":"Västra Götaland","id":132},"pointsPerHour":6,"longitude":11.928785,"takeoverPoints":110},"latitude":57.696457,"currentOwner":{"name":"Blackwall","id":58476},"time":"2021-07-13T11:49:40+0000","type":"takeover","longitude":11.928785},{"zone":{"previousOwner":{"name":"turfmassi","id":122409},"dateCreated":"2011-04-13T14:19:12+0000","dateLastTaken":"2021-07-13T11:49:39+0000","latitude":59.335761,"currentOwner":{"name":"sushih","id":62534},"name":"HallmanZone","id":1626,"totalTakeovers":10119,"region":{"country":"se","name":"Stockholm","id":141},"pointsPerHour":8,"longitude":18.042334,"takeoverPoints":80},"latitude":59.335761,"currentOwner":{"name":"sushih","id":62534},"time":"2021-07-13T11:49:39+0000","type":"takeover","longitude":18.042334},{"zone":{"dateCreated":"2014-02-09T09:26:21+0000","dateLastTaken":"2021-07-13T11:49:39+0000","latitude":53.315477,"currentOwner":{"name":"FeTaTo","id":310985},"name":"AledGrass","id":25620,"totalTakeovers":3,"region":{"country":"gb","name":"Wales","id":198},"pointsPerHour":1,"longitude":-3.480403,"takeoverPoints":185},"latitude":53.315477,"currentOwner":{"name":"FeTaTo","id":310985},"time":"2021-07-13T11:49:39+0000","type":"takeover","longitude":-3.480403},{"zone":{"previousOwner":{"name":"zonesniffer","id":114171},"dateCreated":"2019-05-14T11:48:22+0000","dateLastTaken":"2021-07-13T11:49:35+0000","latitude":63.849978,"currentOwner":{"name":"Maxlion","id":282389},"name":"MarkMyAnu","id":180604,"totalTakeovers":665,"region":{"country":"se","name":"Västerbotten","id":127},"pointsPerHour":3,"longitude":20.372314,"takeoverPoints":155},"latitude":63.849978,"currentOwner":{"name":"Maxlion","id":282389},"time":"2021-07-13T11:49:35+0000","type":"takeover","longitude":20.372314},{"zone":{"previousOwner":{"name":"Welshman","id":305225},"dateCreated":"2012-07-28T09:42:20+0000","dateLastTaken":"2021-07-13T11:49:34+0000","latitude":60.440124,"currentOwner":{"name":"redmountrider","id":121176},"name":"WTCturku","id":9811,"totalTakeovers":1157,"region":{"country":"fi","name":"Lounais-Suomi","id":184},"pointsPerHour":4,"longitude":22.239566,"takeoverPoints":140},"latitude":60.440124,"currentOwner":{"name":"redmountrider","id":121176},"time":"2021-07-13T11:49:34+0000","type":"takeover","longitude":22.239566},{"zone":{"previousOwner":{"name":"Brellir","id":82495},"dateCreated":"2016-04-30T19:01:15+0000","dateLastTaken":"2021-07-13T11:49:32+0000","latitude":64.593479,"currentOwner":{"name":"Grubben","id":198667},"name":"Bäckmyren","id":68448,"totalTakeovers":1022,"region":{"country":"se","name":"Västerbotten","id":127},"pointsPerHour":2,"longitude":18.721883,"takeoverPoints":170},"latitude":64.593479,"currentOwner":{"name":"Grubben","id":198667},"time":"2021-07-13T11:49:32+0000","type":"takeover","longitude":18.721883},{"zone":{"previousOwner":{"name":"gregga","id":232882},"dateCreated":"2019-10-13T11:21:50+0000","dateLastTaken":"2021-07-13T11:49:30+0000","latitude":59.911261,"currentOwner":{"name":"TURFMORMOR8","id":74690},"name":"LuckyLiving","id":220405,"totalTakeovers":1542,"region":{"country":"se","name":"Västmanland","id":143},"pointsPerHour":5,"longitude":16.592371,"takeoverPoints":125},"latitude":59.911261,"currentOwner":{"name":"TURFMORMOR8","id":74690},"time":"2021-07-13T11:49:30+0000","type":"takeover","longitude":16.592371},{"zone":{"previousOwner":{"name":"Skräddaren_","id":242130},"dateLastTaken":"2021-07-13T11:49:30+0000","latitude":57.655858,"totalTakeovers":7251,"pointsPerHour":7,"takeoverPoints":95,"dateCreated":"2016-11-24T07:58:50+0000","currentOwner":{"name":"Movemania","id":22813},"name":"MölnStation","id":91654,"region":{"country":"se","name":"Västra Götaland","id":132},"longitude":12.018848},"latitude":57.655858,"currentOwner":{"name":"Movemania","id":22813},"time":"2021-07-13T11:49:30+0000","type":"takeover","longitude":12.018848},{"zone":{"previousOwner":{"name":"tiggys","id":228708},"dateCreated":"2011-09-07T00:00:00+0000","dateLastTaken":"2021-07-13T11:49:29+0000","latitude":59.285664,"currentOwner":{"name":"Colt","id":53832},"name":"WifeField","id":3101,"totalTakeovers":17238,"region":{"country":"se","name":"Stockholm","id":141},"pointsPerHour":8,"longitude":17.964988,"takeoverPoints":80},"latitude":59.285664,"currentOwner":{"name":"Colt","id":53832},"time":"2021-07-13T11:49:29+0000","type":"takeover","longitude":17.964988},{"zone":{"previousOwner":{"name":"NTU","id":145374},"dateCreated":"2017-12-10T07:00:00+0000","dateLastTaken":"2021-07-13T11:49:27+0000","latitude":59.639147,"currentOwner":{"name":"Frökenathena","id":240979},"name":"Orientalen","id":139261,"totalTakeovers":7655,"region":{"country":"se","name":"Västmanland","id":143},"pointsPerHour":8,"longitude":16.524092,"takeoverPoints":80},"latitude":59.639147,"currentOwner":{"name":"Frökenathena","id":240979},"time":"2021-07-13T11:49:27+0000","type":"takeover","longitude":16.524092},{"zone":{"previousOwner":{"name":"PicaPica20","id":273238},"dateCreated":"2016-05-08T01:35:31+0000","dateLastTaken":"2021-07-13T11:49:26+0000","latitude":59.367945,"currentOwner":{"name":"ProfKalkyl","id":52207},"name":"AlvaMyrdal","id":69006,"totalTakeovers":7888,"region":{"country":"se","name":"Södermanland","id":140},"pointsPerHour":7,"longitude":16.510705,"takeoverPoints":95},"latitude":59.367945,"currentOwner":{"name":"ProfKalkyl","id":52207},"time":"2021-07-13T11:49:26+0000","type":"takeover","longitude":16.510705},{"zone":{"previousOwner":{"name":"mulino75","id":28355},"dateCreated":"2014-04-01T19:55:00+0000","dateLastTaken":"2021-07-13T11:49:26+0000","latitude":56.84167,"currentOwner":{"name":"AvisVesuvius","id":8381},"name":"Ekevallen","id":27067,"totalTakeovers":232,"region":{"country":"se","name":"Kronoberg","id":147},"pointsPerHour":1,"longitude":15.395706,"takeoverPoints":185},"latitude":56.84167,"currentOwner":{"name":"AvisVesuvius","id":8381},"time":"2021-07-13T11:49:26+0000","type":"takeover","longitude":15.395706},{"zone":{"previousOwner":{"name":"mattonabike","id":302925},"dateCreated":"2021-03-19T07:30:00+0000","dateLastTaken":"2021-07-13T11:49:23+0000","latitude":57.101363,"currentOwner":{"name":":Bydand-98:","id":302785},"name":"MalcolmsStair","id":393589,"totalTakeovers":65,"region":{"country":"gb","name":"Scotland","id":200},"pointsPerHour":2,"longitude":-2.274947,"takeoverPoints":170},"latitude":57.101363,"currentOwner":{"name":":Bydand-98:","id":302785},"time":"2021-07-13T11:49:23+0000","type":"takeover","longitude":-2.274947},{"zone":{"previousOwner":{"name":"Gofika","id":156402},"dateCreated":"2010-12-10T15:05:19+0000","dateLastTaken":"2021-07-13T11:49:22+0000","latitude":57.367491,"currentOwner":{"name":"kallec56","id":110338},"name":"LongErik","id":1147,"totalTakeovers":525,"region":{"country":"se","name":"Kalmar","id":137},"pointsPerHour":4,"longitude":17.09689,"takeoverPoints":140},"latitude":57.367491,"currentOwner":{"name":"kallec56","id":110338},"time":"2021-07-13T11:49:22+0000","type":"takeover","longitude":17.09689},{"zone":{"previousOwner":{"name":"zido","id":32646},"dateCreated":"2012-11-18T16:46:14+0000","dateLastTaken":"2021-07-13T11:49:19+0000","latitude":64.745233,"currentOwner":{"name":"hock67","id":71826},"name":"PupilStreet","id":11981,"totalTakeovers":6957,"region":{"country":"se","name":"Västerbotten","id":127},"pointsPerHour":7,"longitude":20.985971,"takeoverPoints":95},"latitude":64.745233,"currentOwner":{"name":"hock67","id":71826},"time":"2021-07-13T11:49:19+0000","type":"takeover","longitude":20.985971},{"zone":{"previousOwner":{"name":"Mr@","id":135604},"dateLastTaken":"2021-07-13T11:49:17+0000","latitude":63.80608,"totalTakeovers":1891,"pointsPerHour":7,"takeoverPoints":95,"dateCreated":"2019-07-29T10:27:17+0000","currentOwner":{"name":"morfarpappan49","id":212388},"name":"StenigBro","id":204376,"region":{"country":"se","name":"Västerbotten","id":127},"longitude":20.200177},"latitude":63.80608,"currentOwner":{"name":"morfarpappan49","id":212388},"time":"2021-07-13T11:49:17+0000","type":"takeover","longitude":20.200177},{"zone":{"dateCreated":"2021-01-17T16:25:28+0000","dateLastTaken":"2021-07-13T11:49:17+0000","latitude":53.555002,"currentOwner":{"name":"Veit","id":317382},"name":"Hermannstal","id":368685,"totalTakeovers":25,"region":{"country":"de","name":"Hamburg","id":439},"pointsPerHour":1,"longitude":10.085679,"takeoverPoints":185},"latitude":53.555002,"currentOwner":{"name":"Veit","id":317382},"time":"2021-07-13T11:49:17+0000","type":"takeover","longitude":10.085679},{"zone":{"previousOwner":{"name":"Munin","id":62408},"dateCreated":"2012-05-23T21:38:49+0000","dateLastTaken":"2021-07-13T11:49:16+0000","latitude":59.868037,"currentOwner":{"name":"Boinkaboinka","id":133017},"name":"Klockparken","id":9303,"totalTakeovers":8363,"region":{"country":"se","name":"Uppsala","id":142},"pointsPerHour":6,"longitude":17.613155,"takeoverPoints":110},"latitude":59.868037,"currentOwner":{"name":"Boinkaboinka","id":133017},"time":"2021-07-13T11:49:16+0000","type":"takeover","longitude":17.613155},{"zone":{"previousOwner":{"name":"PlanetGary","id":303237},"dateLastTaken":"2021-07-13T11:49:16+0000","latitude":55.872398,"totalTakeovers":192,"pointsPerHour":3,"takeoverPoints":155,"dateCreated":"2020-08-27T13:00:00+0000","currentOwner":{"name":"PlanetGary","id":303237},"name":"Pittendriech","id":321606,"region":{"country":"gb","name":"Scotland","id":200},"longitude":-3.090507},"latitude":55.872398,"currentOwner":{"name":"PlanetGary","id":303237},"time":"2021-07-13T11:49:16+0000","type":"takeover","longitude":-3.090507},{"zone":{"previousOwner":{"name":"Dräängen","id":182267},"dateCreated":"2013-11-12T21:20:21+0000","dateLastTaken":"2021-07-13T11:49:13+0000","latitude":58.422848,"currentOwner":{"name":"hookturf","id":73461},"name":"SörgårdZone","id":22853,"totalTakeovers":5600,"region":{"country":"se","name":"Östergötland","id":139},"pointsPerHour":4,"longitude":15.57452,"takeoverPoints":140},"latitude":58.422848,"currentOwner":{"name":"hookturf","id":73461},"time":"2021-07-13T11:49:13+0000","type":"takeover","longitude":15.57452},{"zone":{"previousOwner":{"name":"sumo","id":66734},"dateCreated":"2013-09-21T08:53:53+0000","dateLastTaken":"2021-07-13T11:49:13+0000","latitude":57.100173,"currentOwner":{"name":"greenlander","id":65129},"name":"Påskfältet","id":21794,"totalTakeovers":4432,"region":{"country":"se","name":"Halland","id":134},"pointsPerHour":4,"longitude":12.255791,"takeoverPoints":140},"latitude":57.100173,"currentOwner":{"name":"greenlander","id":65129},"time":"2021-07-13T11:49:13+0000","type":"takeover","longitude":12.255791},{"zone":{"previousOwner":{"name":"Karamella","id":158664},"dateCreated":"2014-12-24T11:00:00+0000","dateLastTaken":"2021-07-13T11:49:13+0000","latitude":60.613484,"currentOwner":{"name":"Flygmalaja","id":18884},"name":"BrusaHögre","id":42420,"totalTakeovers":11637,"region":{"country":"se","name":"Dalarna","id":129},"pointsPerHour":7,"longitude":15.621624,"takeoverPoints":95},"latitude":60.613484,"currentOwner":{"name":"Flygmalaja","id":18884},"time":"2021-07-13T11:49:13+0000","type":"takeover","longitude":15.621624},{"zone":{"previousOwner":{"name":"mrcanyon","id":175976},"dateCreated":"2018-07-15T05:00:00+0000","dateLastTaken":"2021-07-13T11:49:13+0000","latitude":56.886265,"currentOwner":{"name":"söndag","id":27366},"name":"Klitterzonen","id":154656,"totalTakeovers":1024,"region":{"country":"se","name":"Halland","id":134},"pointsPerHour":4,"longitude":12.501121,"takeoverPoints":140},"latitude":56.886265,"currentOwner":{"name":"söndag","id":27366},"time":"2021-07-13T11:49:13+0000","type":"takeover","longitude":12.501121},{"zone":{"previousOwner":{"name":"vivi1","id":162251},"dateCreated":"2011-12-01T16:51:27+0000","dateLastTaken":"2021-07-13T11:49:12+0000","latitude":59.328776,"currentOwner":{"name":"Ventura","id":199588},"name":"FrödingPark","id":5313,"totalTakeovers":9450,"region":{"country":"se","name":"Örebro","id":131},"pointsPerHour":6,"longitude":14.50012,"takeoverPoints":110},"latitude":59.328776,"currentOwner":{"name":"Ventura","id":199588},"time":"2021-07-13T11:49:12+0000","type":"takeover","longitude":14.50012},{"zone":{"previousOwner":{"name":"perfnurt","id":187075},"dateCreated":"2016-11-14T11:00:00+0000","dateLastTaken":"2021-07-13T11:49:11+0000","latitude":55.834535,"currentOwner":{"name":"grimric","id":267536},"name":"Orthanc","id":90931,"totalTakeovers":430,"region":{"country":"se","name":"Skåne","id":135},"pointsPerHour":2,"longitude":13.309145,"takeoverPoints":170},"latitude":55.834535,"currentOwner":{"name":"grimric","id":267536},"time":"2021-07-13T11:49:11+0000","type":"takeover","longitude":13.309145},{"zone":{"previousOwner":{"name":"minbror","id":115250},"dateCreated":"2012-04-11T22:48:25+0000","dateLastTaken":"2021-07-13T11:49:02+0000","latitude":62.395803,"currentOwner":{"name":"andand49","id":205164},"name":"Tivoliparken","id":8091,"totalTakeovers":2013,"region":{"country":"se","name":"Västernorrland","id":145},"pointsPerHour":2,"longitude":17.315115,"takeoverPoints":170},"latitude":62.395803,"currentOwner":{"name":"andand49","id":205164},"time":"2021-07-13T11:49:02+0000","type":"takeover","longitude":17.315115},{"zone":{"previousOwner":{"name":"GW007","id":77704},"dateCreated":"2013-06-08T12:34:46+0000","dateLastTaken":"2021-07-13T11:48:59+0000","latitude":56.659101,"currentOwner":{"name":"Snabelanna","id":27629},"name":"Magganplan","id":19320,"totalTakeovers":18530,"region":{"country":"se","name":"Kalmar","id":137},"pointsPerHour":8,"longitude":16.342898,"takeoverPoints":80},"latitude":56.659101,"currentOwner":{"name":"Snabelanna","id":27629},"time":"2021-07-13T11:48:59+0000","type":"takeover","longitude":16.342898},{"zone":{"previousOwner":{"name":"grimric","id":267536},"dateCreated":"2019-12-26T11:30:00+0000","dateLastTaken":"2021-07-13T11:48:56+0000","latitude":55.5826,"currentOwner":{"name":"Király","id":169417},"name":"Joachimzonen","id":223927,"totalTakeovers":123,"region":{"country":"se","name":"Skåne","id":135},"pointsPerHour":1,"longitude":13.179398,"takeoverPoints":185},"latitude":55.5826,"currentOwner":{"name":"Király","id":169417},"time":"2021-07-13T11:48:56+0000","type":"takeover","longitude":13.179398},{"zone":{"previousOwner":{"name":"SEBontheway","id":334608},"dateCreated":"2010-09-02T00:00:00+0000","dateLastTaken":"2021-07-13T11:48:56+0000","latitude":59.866492,"currentOwner":{"name":"throkk","id":16063},"name":"RailBush","id":682,"totalTakeovers":21268,"region":{"country":"se","name":"Uppsala","id":142},"pointsPerHour":8,"longitude":17.621271,"takeoverPoints":80},"latitude":59.866492,"currentOwner":{"name":"throkk","id":16063},"time":"2021-07-13T11:48:56+0000","type":"takeover","longitude":17.621271},{"zone":{"previousOwner":{"name":"Veit","id":317382},"dateCreated":"2021-05-01T07:00:00+0000","dateLastTaken":"2021-07-13T11:48:56+0000","latitude":53.555767,"currentOwner":{"name":"Marcus_P","id":311804},"name":"GelberStock","id":403447,"totalTakeovers":9,"region":{"country":"de","name":"Hamburg","id":439},"pointsPerHour":1,"longitude":9.92261,"takeoverPoints":185},"latitude":53.555767,"currentOwner":{"name":"Marcus_P","id":311804},"time":"2021-07-13T11:48:56+0000","type":"takeover","longitude":9.92261},{"zone":{"previousOwner":{"name":"Geatki","id":101570},"dateCreated":"2012-03-19T17:45:24+0000","dateLastTaken":"2021-07-13T11:48:53+0000","latitude":65.591865,"currentOwner":{"name":"Grader1","id":187594},"name":"ArvidPark","id":6984,"totalTakeovers":666,"region":{"country":"se","name":"Norrbotten","id":126},"pointsPerHour":3,"longitude":19.175963,"takeoverPoints":155},"latitude":65.591865,"currentOwner":{"name":"Grader1","id":187594},"time":"2021-07-13T11:48:53+0000","type":"takeover","longitude":19.175963},{"zone":{"previousOwner":{"name":"Traveller","id":220699},"dateLastTaken":"2021-07-13T11:48:50+0000","latitude":57.707306,"totalTakeovers":38961,"pointsPerHour":9,"takeoverPoints":65,"dateCreated":"2010-08-15T00:00:00+0000","currentOwner":{"name":"stefanx46","id":36563},"name":"GAZone","id":387,"region":{"country":"se","name":"Västra Götaland","id":132},"longitude":11.967094},"latitude":57.707306,"currentOwner":{"name":"stefanx46","id":36563},"time":"2021-07-13T11:48:50+0000","type":"takeover","longitude":11.967094},{"zone":{"previousOwner":{"name":"BajenOnTheRun","id":36507},"dateCreated":"2013-04-26T11:00:00+0000","dateLastTaken":"2021-07-13T11:48:49+0000","latitude":58.994663,"currentOwner":{"name":"vindturf","id":118672},"name":"Köpmangatan","id":17497,"totalTakeovers":12670,"region":{"country":"se","name":"Södermanland","id":140},"pointsPerHour":6,"longitude":16.208825,"takeoverPoints":110},"latitude":58.994663,"currentOwner":{"name":"vindturf","id":118672},"time":"2021-07-13T11:48:49+0000","type":"takeover","longitude":16.208825},{"zone":{"previousOwner":{"name":"KingOfTheSlope","id":30780},"dateCreated":"2017-01-28T08:00:00+0000","dateLastTaken":"2021-07-13T11:48:47+0000","latitude":59.851228,"currentOwner":{"name":"Laponia","id":77324},"name":"Magnetism","id":94125,"totalTakeovers":8318,"region":{"country":"se","name":"Uppsala","id":142},"pointsPerHour":8,"longitude":17.612857,"takeoverPoints":80},"latitude":59.851228,"currentOwner":{"name":"Laponia","id":77324},"time":"2021-07-13T11:48:47+0000","type":"takeover","longitude":17.612857},{"zone":{"previousOwner":{"name":"ToFo","id":186013},"dateCreated":"2017-01-28T08:00:00+0000","dateLastTaken":"2021-07-13T11:48:47+0000","latitude":59.339139,"currentOwner":{"name":"Knasmasken","id":309744},"name":"Valhöll","id":94240,"totalTakeovers":5577,"region":{"country":"se","name":"Stockholm","id":141},"pointsPerHour":7,"longitude":18.097773,"takeoverPoints":95},"latitude":59.339139,"currentOwner":{"name":"Knasmasken","id":309744},"time":"2021-07-13T11:48:47+0000","type":"takeover","longitude":18.097773},{"zone":{"previousOwner":{"name":"urdlunga","id":298117},"dateLastTaken":"2021-07-13T11:48:47+0000","latitude":63.179667,"totalTakeovers":5591,"pointsPerHour":6,"takeoverPoints":110,"dateCreated":"2010-08-15T00:00:00+0000","currentOwner":{"name":"Pappamogge","id":93779},"name":"EasterZone","id":342,"region":{"country":"se","name":"Jämtland","id":128},"longitude":14.624951},"latitude":63.179667,"currentOwner":{"name":"Pappamogge","id":93779},"time":"2021-07-13T11:48:47+0000","type":"takeover","longitude":14.624951}]