[{"zone":{"dateCreated":"2021-07-12T14:44:14+0000","dateLastTaken":"0002-12-02T00:00:00+0000","latitude":56.538929,"name":"Frodekollen","id":429863,"totalTakeovers":0,"region":{"country":"se","name":"Kronoberg","id":147},"pointsPerHour":1,"longitude":14.133286,"takeoverPoints":185},"time":"2021-07-12T14:44:14+0000","type":"zone"},{"zone":{"dateCreated":"2021-07-12T14:43:10+0000","dateLastTaken":"0002-12-02T00:00:00+0000","latitude":56.534492,"name":"Stålslätten","id":429862,"totalTakeovers":0,"region":{"country":"se","name":"Kronoberg","id":147},"pointsPerHour":1,"longitude":14.132933,"takeoverPoints":185},"time":"2021-07-12T14:43:10+0000","type":"zone"},{"zone":{"dateCreated":"2021-07-12T14:40:25+0000","dateLastTaken":"0002-12-02T00:00:00+0000","latitude":56.635665,"name":"Taxåsklint","id":429861,"totalTakeovers":0,"region":{"country":"se","name":"Kronoberg","id":147},"pointsPerHour":1,"longitude":14.169108,"takeoverPoints":185},"time":"2021-07-12T14:40:25+0000","type":"zone"}]