[{"zone":{"previousOwner":{"name":"Borg007","id":281877},"dateLastTaken":"2021-07-13T05:38:13+0000","latitude":59.063979,"totalTakeovers":11934,"pointsPerHour":6,"takeoverPoints":110,"dateCreated":"2013-08-27T14:00:00+0000","currentOwner":{"name":"Madde68","id":100575},"name":"Allébadet","id":21423,"region":{"country":"se","name":"Örebro","id":131},"longitude":15.105364},"latitude":59.063979,"currentOwner":{"name":"Madde68","id":100575},"time":"2021-07-13T05:38:13+0000","type":"takeover","longitude":15.105364},{"zone":{"previousOwner":{"name":"Dropkick","id":226955},"dateCreated":"2010-09-01T00:00:00+0000","dateLastTaken":"2021-07-13T05:38:13+0000","latitude":57.775674,"currentOwner":{"name":"MadMajk","id":18954},"name":"TheCriss","id":591,"totalTakeovers":9201,"region":{"country":"se","name":"Jönköping","id":133},"pointsPerHour":4,"longitude":14.153181,"takeoverPoints":140},"latitude":57.775674,"currentOwner":{"name":"MadMajk","id":18954},"time":"2021-07-13T05:38:13+0000","type":"takeover","longitude":14.153181},{"zone":{"previousOwner":{"name":"Typnia","id":281281},"dateCreated":"2015-12-04T13:51:03+0000","dateLastTaken":"2021-07-13T05:38:09+0000","latitude":60.173335,"currentOwner":{"name":"EarlyBravo","id":121018},"name":"VarsaPark","id":61714,"totalTakeovers":1232,"region":{"country":"fi","name":"Etelä-Suomi","id":185},"pointsPerHour":2,"longitude":24.95008,"takeoverPoints":170},"latitude":60.173335,"currentOwner":{"name":"EarlyBravo","id":121018},"time":"2021-07-13T05:38:09+0000","type":"takeover","longitude":24.95008},{"zone":{"previousOwner":{"name":"LangTouner","id":302846},"dateCreated":"2021-02-11T14:42:27+0000","dateLastTaken":"2021-07-13T05:38:08+0000","latitude":56.113151,"currentOwner":{"name":"devongrove","id":303727},"name":"AlloaWalk","id":382111,"totalTakeovers":66,"region":{"country":"gb","name":"Scotland","id":200},"pointsPerHour":1,"longitude":-3.766028,"takeoverPoints":185},"latitude":56.113151,"currentOwner":{"name":"devongrove","id":303727},"time":"2021-07-13T05:38:08+0000","type":"takeover","longitude":-3.766028},{"zone":{"previousOwner":{"name":"allinug","id":227848},"dateCreated":"2010-09-01T00:00:00+0000","dateLastTaken":"2021-07-13T05:38:06+0000","latitude":59.861387,"currentOwner":{"name":"KingOfTheSlope","id":30780},"name":"VaksalaTorg","id":473,"totalTakeovers":26841,"region":{"country":"se","name":"Uppsala","id":142},"pointsPerHour":9,"longitude":17.647737,"takeoverPoints":65},"latitude":59.861387,"currentOwner":{"name":"KingOfTheSlope","id":30780},"time":"2021-07-13T05:38:06+0000","type":"takeover","longitude":17.647737},{"zone":{"previousOwner":{"name":"SUPERIOЯ","id":122085},"dateCreated":"2014-02-28T10:58:13+0000","dateLastTaken":"2021-07-13T05:38:03+0000","latitude":59.491723,"currentOwner":{"name":"Sucuriju","id":334898},"name":"Rydis","id":26175,"totalTakeovers":3394,"region":{"country":"se","name":"Stockholm","id":141},"pointsPerHour":5,"longitude":17.74884,"takeoverPoints":125},"latitude":59.491723,"currentOwner":{"name":"Sucuriju","id":334898},"time":"2021-07-13T05:38:03+0000","type":"takeover","longitude":17.74884},{"zone":{"previousOwner":{"name":"Pappa_Knas","id":116971},"dateCreated":"2013-04-14T07:32:36+0000","dateLastTaken":"2021-07-13T05:38:03+0000","latitude":59.266139,"currentOwner":{"name":"Gölin","id":46121},"name":"Järnkoll","id":17038,"totalTakeovers":3472,"region":{"country":"se","name":"Stockholm","id":141},"pointsPerHour":5,"longitude":17.996206,"takeoverPoints":125},"latitude":59.266139,"currentOwner":{"name":"Gölin","id":46121},"time":"2021-07-13T05:38:03+0000","type":"takeover","longitude":17.996206},{"zone":{"previousOwner":{"name":"miawita","id":63874},"dateLastTaken":"2021-07-13T05:37:56+0000","latitude":60.283715,"totalTakeovers":2931,"pointsPerHour":4,"takeoverPoints":140,"dateCreated":"2017-07-07T16:00:00+0000","currentOwner":{"name":"CKAI","id":266592},"name":"SnickarenZone","id":115207,"region":{"country":"se","name":"Dalarna","id":129},"longitude":15.984962},"latitude":60.283715,"currentOwner":{"name":"CKAI","id":266592},"time":"2021-07-13T05:37:56+0000","type":"takeover","longitude":15.984962},{"zone":{"previousOwner":{"name":"Spökisturfaren","id":299364},"dateCreated":"2018-06-15T15:28:35+0000","dateLastTaken":"2021-07-13T05:37:55+0000","latitude":57.625942,"currentOwner":{"name":"gå-for-it","id":48607},"name":"VisbyIshall","id":154231,"totalTakeovers":1061,"region":{"country":"se","name":"Gotland","id":138},"pointsPerHour":5,"longitude":18.329596,"takeoverPoints":125},"latitude":57.625942,"currentOwner":{"name":"gå-for-it","id":48607},"time":"2021-07-13T05:37:55+0000","type":"takeover","longitude":18.329596},{"zone":{"previousOwner":{"name":"Torben","id":300370},"dateLastTaken":"2021-07-13T05:37:52+0000","latitude":59.375129,"totalTakeovers":7090,"pointsPerHour":7,"takeoverPoints":95,"dateCreated":"2012-02-04T15:17:02+0000","currentOwner":{"name":"Squash1","id":325767},"name":"Stemdykezone","id":6110,"region":{"country":"se","name":"Stockholm","id":141},"longitude":17.865571},"latitude":59.375129,"currentOwner":{"name":"Squash1","id":325767},"time":"2021-07-13T05:37:52+0000","type":"takeover","longitude":17.865571},{"zone":{"previousOwner":{"name":"broccoliA-M","id":300340},"dateCreated":"2014-02-23T12:11:54+0000","dateLastTaken":"2021-07-13T05:37:49+0000","latitude":57.752192,"currentOwner":{"name":"peter70sko","id":54081},"name":"Bultstigen","id":26043,"totalTakeovers":1868,"region":{"country":"se","name":"Jönköping","id":133},"pointsPerHour":2,"longitude":14.167786,"takeoverPoints":170},"latitude":57.752192,"currentOwner":{"name":"peter70sko","id":54081},"time":"2021-07-13T05:37:49+0000","type":"takeover","longitude":14.167786},{"zone":{"previousOwner":{"name":"gilla","id":58846},"dateCreated":"2014-03-02T15:00:46+0000","dateLastTaken":"2021-07-13T05:37:49+0000","latitude":62.388963,"currentOwner":{"name":"wall\u2022e","id":234781},"name":"Midälva","id":26203,"totalTakeovers":2678,"region":{"country":"se","name":"Västernorrland","id":145},"pointsPerHour":3,"longitude":17.264696,"takeoverPoints":155},"latitude":62.388963,"currentOwner":{"name":"wall\u2022e","id":234781},"time":"2021-07-13T05:37:49+0000","type":"takeover","longitude":17.264696},{"zone":{"previousOwner":{"name":"capri","id":186499},"dateCreated":"2014-09-01T13:07:08+0000","dateLastTaken":"2021-07-13T05:37:49+0000","latitude":59.75525,"currentOwner":{"name":"kustbolotta","id":212644},"name":"TäljePiren","id":34000,"totalTakeovers":1270,"region":{"country":"se","name":"Stockholm","id":141},"pointsPerHour":5,"longitude":18.723702,"takeoverPoints":125},"latitude":59.75525,"currentOwner":{"name":"kustbolotta","id":212644},"time":"2021-07-13T05:37:49+0000","type":"takeover","longitude":18.723702},{"zone":{"previousOwner":{"name":"TheUrw","id":282370},"dateCreated":"2019-01-26T20:08:38+0000","dateLastTaken":"2021-07-13T05:37:48+0000","latitude":59.351619,"currentOwner":{"name":"Wowbagger","id":91182},"name":"ByHuvudsta","id":179294,"totalTakeovers":2259,"region":{"country":"se","name":"Stockholm","id":141},"pointsPerHour":7,"longitude":17.98344,"takeoverPoints":95},"latitude":59.351619,"currentOwner":{"name":"Wowbagger","id":91182},"time":"2021-07-13T05:37:48+0000","type":"takeover","longitude":17.98344},{"zone":{"previousOwner":{"name":"Rod_Polsan","id":129152},"dateCreated":"2020-01-11T07:03:22+0000","dateLastTaken":"2021-07-13T05:37:43+0000","latitude":59.165403,"currentOwner":{"name":"T-Gubben","id":320526},"name":"TorvallaHund","id":225109,"totalTakeovers":1414,"region":{"country":"se","name":"Stockholm","id":141},"pointsPerHour":6,"longitude":18.149679,"takeoverPoints":110},"latitude":59.165403,"currentOwner":{"name":"T-Gubben","id":320526},"time":"2021-07-13T05:37:43+0000","type":"takeover","longitude":18.149679},{"zone":{"previousOwner":{"name":"pimjoh","id":293884},"dateCreated":"2012-04-01T14:47:28+0000","dateLastTaken":"2021-07-13T05:37:42+0000","latitude":59.624085,"currentOwner":{"name":"Aldo","id":120009},"name":"SnytenZone","id":7769,"totalTakeovers":15941,"region":{"country":"se","name":"Västmanland","id":143},"pointsPerHour":8,"longitude":16.478505,"takeoverPoints":80},"latitude":59.624085,"currentOwner":{"name":"Aldo","id":120009},"time":"2021-07-13T05:37:42+0000","type":"takeover","longitude":16.478505},{"zone":{"previousOwner":{"name":"LeiLar","id":34920},"dateCreated":"2012-11-30T07:33:10+0000","dateLastTaken":"2021-07-13T05:37:41+0000","latitude":60.624978,"currentOwner":{"name":"linnetti","id":245060},"name":"BensinZone","id":12093,"totalTakeovers":2068,"region":{"country":"se","name":"Gävleborg","id":144},"pointsPerHour":2,"longitude":16.782903,"takeoverPoints":170},"latitude":60.624978,"currentOwner":{"name":"linnetti","id":245060},"time":"2021-07-13T05:37:41+0000","type":"takeover","longitude":16.782903},{"zone":{"previousOwner":{"name":"FlitigaTobbe","id":48872},"dateCreated":"2013-03-18T07:41:11+0000","dateLastTaken":"2021-07-13T05:37:39+0000","latitude":59.639351,"currentOwner":{"name":"Ferna","id":55488},"name":"PotStop","id":15959,"totalTakeovers":15605,"region":{"country":"se","name":"Västmanland","id":143},"pointsPerHour":8,"longitude":16.527477,"takeoverPoints":80},"latitude":59.639351,"currentOwner":{"name":"Ferna","id":55488},"time":"2021-07-13T05:37:39+0000","type":"takeover","longitude":16.527477},{"zone":{"previousOwner":{"name":"Mattet","id":219968},"dateCreated":"2015-03-07T11:12:48+0000","dateLastTaken":"2021-07-13T05:37:38+0000","latitude":63.816688,"currentOwner":{"name":"Bitterman","id":115759},"name":"Kökszon","id":46353,"totalTakeovers":21002,"region":{"country":"se","name":"Västerbotten","id":127},"pointsPerHour":9,"longitude":20.304575,"takeoverPoints":65},"latitude":63.816688,"currentOwner":{"name":"Bitterman","id":115759},"time":"2021-07-13T05:37:38+0000","type":"takeover","longitude":20.304575},{"zone":{"previousOwner":{"name":"derdlim","id":117540},"dateCreated":"2013-01-29T16:03:52+0000","dateLastTaken":"2021-07-13T05:37:36+0000","latitude":58.749689,"currentOwner":{"name":"TurfGalningen","id":26205},"name":"FolkungPolis","id":14207,"totalTakeovers":11948,"region":{"country":"se","name":"Södermanland","id":140},"pointsPerHour":6,"longitude":17.015193,"takeoverPoints":110},"latitude":58.749689,"currentOwner":{"name":"TurfGalningen","id":26205},"time":"2021-07-13T05:37:36+0000","type":"takeover","longitude":17.015193},{"zone":{"previousOwner":{"name":"Welshman","id":305225},"dateCreated":"2014-01-02T11:59:32+0000","dateLastTaken":"2021-07-13T05:37:35+0000","latitude":60.444713,"currentOwner":{"name":"markkaLM","id":200359},"name":"Hansa","id":24667,"totalTakeovers":1057,"region":{"country":"fi","name":"Lounais-Suomi","id":184},"pointsPerHour":4,"longitude":22.236484,"takeoverPoints":140},"latitude":60.444713,"currentOwner":{"name":"markkaLM","id":200359},"time":"2021-07-13T05:37:35+0000","type":"takeover","longitude":22.236484},{"zone":{"previousOwner":{"name":"stefanx46","id":36563},"dateCreated":"2019-10-03T10:30:00+0000","dateLastTaken":"2021-07-13T05:37:34+0000","latitude":55.665975,"currentOwner":{"name":"vildapeln","id":317420},"name":"BommenIHuvet","id":208848,"totalTakeovers":330,"region":{"country":"se","name":"Skåne","id":135},"pointsPerHour":2,"longitude":13.0837,"takeoverPoints":170},"latitude":55.665975,"currentOwner":{"name":"vildapeln","id":317420},"time":"2021-07-13T05:37:34+0000","type":"takeover","longitude":13.0837},{"zone":{"previousOwner":{"name":"Roineo","id":335617},"dateCreated":"2020-02-20T12:00:00+0000","dateLastTaken":"2021-07-13T05:37:31+0000","latitude":60.900995,"currentOwner":{"name":"Popet","id":119449},"name":"SolleCamp","id":226813,"totalTakeovers":147,"region":{"country":"se","name":"Dalarna","id":129},"pointsPerHour":2,"longitude":14.581316,"takeoverPoints":170},"latitude":60.900995,"currentOwner":{"name":"Popet","id":119449},"time":"2021-07-13T05:37:31+0000","type":"takeover","longitude":14.581316},{"zone":{"previousOwner":{"name":"madiemaniac","id":335540},"dateCreated":"2014-05-31T10:00:00+0000","dateLastTaken":"2021-07-13T05:37:26+0000","latitude":63.811942,"currentOwner":{"name":"NonPlusUltra","id":105943},"name":"VolleyBeach","id":30211,"totalTakeovers":9982,"region":{"country":"se","name":"Västerbotten","id":127},"pointsPerHour":8,"longitude":20.347669,"takeoverPoints":80},"latitude":63.811942,"currentOwner":{"name":"NonPlusUltra","id":105943},"time":"2021-07-13T05:37:26+0000","type":"takeover","longitude":20.347669},{"zone":{"previousOwner":{"name":"turftituz","id":242150},"dateCreated":"2021-02-03T19:32:52+0000","dateLastTaken":"2021-07-13T05:37:25+0000","latitude":58.468013,"currentOwner":{"name":"Smusslan","id":315519},"name":"Albogan","id":381145,"totalTakeovers":168,"region":{"country":"se","name":"Östergötland","id":139},"pointsPerHour":4,"longitude":16.324789,"takeoverPoints":140},"latitude":58.468013,"currentOwner":{"name":"Smusslan","id":315519},"time":"2021-07-13T05:37:25+0000","type":"takeover","longitude":16.324789},{"zone":{"previousOwner":{"name":"Tosan","id":122350},"dateCreated":"2015-04-19T10:00:00+0000","dateLastTaken":"2021-07-13T05:37:22+0000","latitude":60.611713,"currentOwner":{"name":"Tosan","id":122350},"name":"Näsboda","id":49203,"totalTakeovers":687,"region":{"country":"se","name":"Uppsala","id":142},"pointsPerHour":2,"longitude":17.420759,"takeoverPoints":170},"latitude":60.611713,"currentOwner":{"name":"Tosan","id":122350},"time":"2021-07-13T05:37:22+0000","type":"takeover","longitude":17.420759},{"zone":{"previousOwner":{"name":"HaraldTH","id":23712},"dateCreated":"2014-03-04T06:00:00+0000","dateLastTaken":"2021-07-13T05:37:20+0000","latitude":56.18579,"currentOwner":{"name":"Jkongo","id":277981},"name":"WämöView","id":26279,"totalTakeovers":572,"region":{"country":"se","name":"Blekinge","id":136},"pointsPerHour":1,"longitude":15.610146,"takeoverPoints":185},"latitude":56.18579,"currentOwner":{"name":"Jkongo","id":277981},"time":"2021-07-13T05:37:20+0000","type":"takeover","longitude":15.610146},{"zone":{"previousOwner":{"name":"Bigbang","id":106128},"dateCreated":"2017-12-24T12:00:00+0000","dateLastTaken":"2021-07-13T05:37:19+0000","latitude":60.493996,"currentOwner":{"name":"Birgitsdottir","id":316414},"name":"Paradisporten","id":139410,"totalTakeovers":1523,"region":{"country":"se","name":"Dalarna","id":129},"pointsPerHour":4,"longitude":15.390558,"takeoverPoints":140},"latitude":60.493996,"currentOwner":{"name":"Birgitsdottir","id":316414},"time":"2021-07-13T05:37:19+0000","type":"takeover","longitude":15.390558},{"zone":{"previousOwner":{"name":"Espingen","id":166882},"dateCreated":"2014-02-19T22:33:49+0000","dateLastTaken":"2021-07-13T05:37:18+0000","latitude":57.765483,"currentOwner":{"name":"Hälge61","id":187263},"name":"BrevidRondell","id":25990,"totalTakeovers":14563,"region":{"country":"se","name":"Kalmar","id":137},"pointsPerHour":6,"longitude":16.600396,"takeoverPoints":110},"latitude":57.765483,"currentOwner":{"name":"Hälge61","id":187263},"time":"2021-07-13T05:37:18+0000","type":"takeover","longitude":16.600396},{"zone":{"previousOwner":{"name":"KPD","id":34508},"dateCreated":"2020-12-06T15:30:00+0000","dateLastTaken":"2021-07-13T05:37:16+0000","latitude":56.159661,"currentOwner":{"name":"tlgbgxx","id":16818},"name":"Fotbollsskytt","id":349673,"totalTakeovers":24,"region":{"country":"se","name":"Skåne","id":135},"pointsPerHour":1,"longitude":13.782822,"takeoverPoints":185},"latitude":56.159661,"currentOwner":{"name":"tlgbgxx","id":16818},"time":"2021-07-13T05:37:16+0000","type":"takeover","longitude":13.782822},{"zone":{"previousOwner":{"name":"g2","id":25689},"dateCreated":"2011-12-24T12:51:20+0000","dateLastTaken":"2021-07-13T05:37:14+0000","latitude":59.364668,"currentOwner":{"name":"takamine","id":281213},"name":"EskilWoods","id":5436,"totalTakeovers":1117,"region":{"country":"se","name":"Södermanland","id":140},"pointsPerHour":4,"longitude":16.483713,"takeoverPoints":140},"latitude":59.364668,"currentOwner":{"name":"takamine","id":281213},"time":"2021-07-13T05:37:14+0000","type":"takeover","longitude":16.483713},{"zone":{"previousOwner":{"name":"\"Pilgrimen\"","id":36000},"dateCreated":"2015-09-13T09:00:00+0000","dateLastTaken":"2021-07-13T05:37:03+0000","latitude":58.448648,"currentOwner":{"name":"Fellkis","id":97754},"name":"GreatRoadZone","id":57693,"totalTakeovers":1440,"region":{"country":"se","name":"Östergötland","id":139},"pointsPerHour":4,"longitude":14.89386,"takeoverPoints":140},"latitude":58.448648,"currentOwner":{"name":"Fellkis","id":97754},"time":"2021-07-13T05:37:03+0000","type":"takeover","longitude":14.89386},{"zone":{"previousOwner":{"name":"Dropkick","id":226955},"dateCreated":"2014-06-17T19:25:55+0000","dateLastTaken":"2021-07-13T05:36:56+0000","latitude":57.774082,"currentOwner":{"name":"MadMajk","id":18954},"name":"GrönaSture","id":31726,"totalTakeovers":4907,"region":{"country":"se","name":"Jönköping","id":133},"pointsPerHour":5,"longitude":14.15045,"takeoverPoints":125},"latitude":57.774082,"currentOwner":{"name":"MadMajk","id":18954},"time":"2021-07-13T05:36:56+0000","type":"takeover","longitude":14.15045},{"zone":{"previousOwner":{"name":"Leksa","id":254484},"dateCreated":"2020-08-06T16:34:38+0000","dateLastTaken":"2021-07-13T05:36:55+0000","latitude":60.227625,"currentOwner":{"name":"Leksa","id":254484},"name":"ViikkiSport","id":285007,"totalTakeovers":77,"region":{"country":"fi","name":"Etelä-Suomi","id":185},"pointsPerHour":1,"longitude":25.026716,"takeoverPoints":185},"latitude":60.227625,"currentOwner":{"name":"Leksa","id":254484},"time":"2021-07-13T05:36:55+0000","type":"takeover","longitude":25.026716},{"zone":{"previousOwner":{"name":"Dominion","id":243721},"dateCreated":"2016-12-24T11:00:00+0000","dateLastTaken":"2021-07-13T05:36:52+0000","latitude":59.644451,"currentOwner":{"name":"Dudu","id":264635},"name":"Tårtan","id":90975,"totalTakeovers":9381,"region":{"country":"se","name":"Uppsala","id":142},"pointsPerHour":5,"longitude":17.082177,"takeoverPoints":125},"latitude":59.644451,"currentOwner":{"name":"Dudu","id":264635},"time":"2021-07-13T05:36:52+0000","type":"takeover","longitude":17.082177},{"zone":{"previousOwner":{"name":"sorken21","id":327625},"dateCreated":"2013-04-17T06:58:18+0000","dateLastTaken":"2021-07-13T05:36:50+0000","latitude":59.387224,"currentOwner":{"name":"KSV","id":122606},"name":"Torpstugan","id":17030,"totalTakeovers":5266,"region":{"country":"se","name":"Stockholm","id":141},"pointsPerHour":6,"longitude":17.911893,"takeoverPoints":110},"latitude":59.387224,"currentOwner":{"name":"KSV","id":122606},"time":"2021-07-13T05:36:50+0000","type":"takeover","longitude":17.911893},{"zone":{"previousOwner":{"name":"gilla","id":58846},"dateCreated":"2014-05-07T14:00:08+0000","dateLastTaken":"2021-07-13T05:36:47+0000","latitude":62.388086,"currentOwner":{"name":"wall\u2022e","id":234781},"name":"Midälvan","id":28953,"totalTakeovers":2756,"region":{"country":"se","name":"Västernorrland","id":145},"pointsPerHour":4,"longitude":17.268409,"takeoverPoints":140},"latitude":62.388086,"currentOwner":{"name":"wall\u2022e","id":234781},"time":"2021-07-13T05:36:47+0000","type":"takeover","longitude":17.268409},{"zone":{"previousOwner":{"name":"Blodgivare","id":263729},"dateCreated":"2017-12-17T13:19:08+0000","dateLastTaken":"2021-07-13T05:36:46+0000","latitude":59.305016,"currentOwner":{"name":"solidsnail","id":324576},"name":"CyklaPå","id":139102,"totalTakeovers":4607,"region":{"country":"se","name":"Örebro","id":131},"pointsPerHour":7,"longitude":14.501546,"takeoverPoints":95},"latitude":59.305016,"currentOwner":{"name":"solidsnail","id":324576},"time":"2021-07-13T05:36:46+0000","type":"takeover","longitude":14.501546},{"zone":{"previousOwner":{"name":"Typnia","id":281281},"dateCreated":"2013-12-24T10:00:00+0000","dateLastTaken":"2021-07-13T05:36:45+0000","latitude":60.173153,"currentOwner":{"name":"EarlyBravo","id":121018},"name":"Kaisaniemen","id":24151,"totalTakeovers":1940,"region":{"country":"fi","name":"Etelä-Suomi","id":185},"pointsPerHour":2,"longitude":24.945016,"takeoverPoints":170},"latitude":60.173153,"currentOwner":{"name":"EarlyBravo","id":121018},"time":"2021-07-13T05:36:45+0000","type":"takeover","longitude":24.945016},{"zone":{"previousOwner":{"name":"SUPERIOЯ","id":122085},"dateCreated":"2018-08-23T06:54:26+0000","dateLastTaken":"2021-07-13T05:36:38+0000","latitude":59.488815,"currentOwner":{"name":"Sucuriju","id":334898},"name":"RawLamb","id":157377,"totalTakeovers":674,"region":{"country":"se","name":"Stockholm","id":141},"pointsPerHour":4,"longitude":17.750499,"takeoverPoints":140},"latitude":59.488815,"currentOwner":{"name":"Sucuriju","id":334898},"time":"2021-07-13T05:36:38+0000","type":"takeover","longitude":17.750499},{"zone":{"previousOwner":{"name":"RunOlofRun","id":159132},"dateCreated":"2013-10-03T15:55:40+0000","dateLastTaken":"2021-07-13T05:36:38+0000","latitude":59.314538,"currentOwner":{"name":"2-mas","id":130947},"name":"Kvastmakarn","id":21892,"totalTakeovers":5260,"region":{"country":"se","name":"Stockholm","id":141},"pointsPerHour":6,"longitude":18.095735,"takeoverPoints":110},"latitude":59.314538,"currentOwner":{"name":"2-mas","id":130947},"time":"2021-07-13T05:36:38+0000","type":"takeover","longitude":18.095735},{"zone":{"previousOwner":{"name":"féarglas","id":280861},"dateCreated":"2020-08-27T10:00:00+0000","dateLastTaken":"2021-07-13T05:36:33+0000","latitude":56.068247,"currentOwner":{"name":"kjtindall","id":292775},"name":"WoodmillPark","id":322152,"totalTakeovers":115,"region":{"country":"gb","name":"Scotland","id":200},"pointsPerHour":1,"longitude":-3.431824,"takeoverPoints":185},"latitude":56.068247,"currentOwner":{"name":"kjtindall","id":292775},"time":"2021-07-13T05:36:33+0000","type":"takeover","longitude":-3.431824},{"zone":{"previousOwner":{"name":"nijmegenaar","id":199619},"dateCreated":"2015-01-20T06:37:06+0000","dateLastTaken":"2021-07-13T05:36:32+0000","latitude":59.522874,"currentOwner":{"name":"PeBo","id":297558},"name":"FibbetorpZone","id":43970,"totalTakeovers":5893,"region":{"country":"se","name":"Örebro","id":131},"pointsPerHour":7,"longitude":15.014105,"takeoverPoints":95},"latitude":59.522874,"currentOwner":{"name":"PeBo","id":297558},"time":"2021-07-13T05:36:32+0000","type":"takeover","longitude":15.014105},{"zone":{"previousOwner":{"name":"Bamse65","id":75652},"dateCreated":"2011-08-08T18:38:01+0000","dateLastTaken":"2021-07-13T05:36:29+0000","latitude":59.860816,"currentOwner":{"name":"KingOfTheSlope","id":30780},"name":"Tripolis","id":2563,"totalTakeovers":20021,"region":{"country":"se","name":"Uppsala","id":142},"pointsPerHour":8,"longitude":17.65202,"takeoverPoints":80},"latitude":59.860816,"currentOwner":{"name":"KingOfTheSlope","id":30780},"time":"2021-07-13T05:36:29+0000","type":"takeover","longitude":17.65202},{"zone":{"previousOwner":{"name":"TT61","id":139231},"dateCreated":"2020-02-14T08:00:00+0000","dateLastTaken":"2021-07-13T05:36:27+0000","latitude":58.472276,"currentOwner":{"name":"turfbender","id":93961},"name":"LundsbrunnStn","id":224834,"totalTakeovers":91,"region":{"country":"se","name":"Västra Götaland","id":132},"pointsPerHour":1,"longitude":13.443221,"takeoverPoints":185},"latitude":58.472276,"currentOwner":{"name":"turfbender","id":93961},"time":"2021-07-13T05:36:27+0000","type":"takeover","longitude":13.443221},{"zone":{"previousOwner":{"name":"markkaLM","id":200359},"dateCreated":"2012-08-09T19:39:07+0000","dateLastTaken":"2021-07-13T05:36:23+0000","latitude":60.443842,"currentOwner":{"name":"OKK","id":271361},"name":"JäätelöZone","id":10330,"totalTakeovers":4840,"region":{"country":"fi","name":"Lounais-Suomi","id":184},"pointsPerHour":6,"longitude":22.255206,"takeoverPoints":110},"latitude":60.443842,"currentOwner":{"name":"OKK","id":271361},"time":"2021-07-13T05:36:23+0000","type":"takeover","longitude":22.255206},{"zone":{"previousOwner":{"name":"gregga","id":232882},"dateCreated":"2015-03-06T06:00:00+0000","dateLastTaken":"2021-07-13T05:36:23+0000","latitude":59.919475,"currentOwner":{"name":"marypoppins","id":48730},"name":"Harmoniskt","id":45715,"totalTakeovers":2495,"region":{"country":"se","name":"Västmanland","id":143},"pointsPerHour":3,"longitude":16.620389,"takeoverPoints":155},"latitude":59.919475,"currentOwner":{"name":"marypoppins","id":48730},"time":"2021-07-13T05:36:23+0000","type":"takeover","longitude":16.620389},{"zone":{"previousOwner":{"name":"madiemaniac","id":335540},"dateLastTaken":"2021-07-13T05:36:20+0000","latitude":63.809841,"totalTakeovers":1235,"pointsPerHour":8,"takeoverPoints":80,"dateCreated":"2020-11-11T19:00:00+0000","currentOwner":{"name":"NonPlusUltra","id":105943},"name":"Bont400＋","id":350051,"region":{"country":"se","name":"Västerbotten","id":127},"longitude":20.348075},"latitude":63.809841,"currentOwner":{"name":"NonPlusUltra","id":105943},"time":"2021-07-13T05:36:20+0000","type":"takeover","longitude":20.348075},{"zone":{"previousOwner":{"name":"forestgrump","id":306268},"dateCreated":"2021-02-08T15:00:00+0000","dateLastTaken":"2021-07-13T05:36:20+0000","latitude":56.113026,"currentOwner":{"name":"devongrove","id":303727},"name":"TaranWoods","id":381692,"totalTakeovers":79,"region":{"country":"gb","name":"Scotland","id":200},"pointsPerHour":2,"longitude":-3.774419,"takeoverPoints":170},"latitude":56.113026,"currentOwner":{"name":"devongrove","id":303727},"time":"2021-07-13T05:36:20+0000","type":"takeover","longitude":-3.774419},{"zone":{"previousOwner":{"name":"PastaPutin","id":148021},"dateCreated":"2011-01-19T16:21:24+0000","dateLastTaken":"2021-07-13T05:36:20+0000","latitude":55.715479,"currentOwner":{"name":"glurf","id":253657},"name":"FarmerCross","id":1365,"totalTakeovers":5094,"region":{"country":"se","name":"Skåne","id":135},"pointsPerHour":6,"longitude":13.172975,"takeoverPoints":110},"latitude":55.715479,"currentOwner":{"name":"glurf","id":253657},"time":"2021-07-13T05:36:20+0000","type":"takeover","longitude":13.172975},{"zone":{"previousOwner":{"name":"Falo","id":43501},"dateCreated":"2014-02-18T15:00:00+0000","dateLastTaken":"2021-07-13T05:36:19+0000","latitude":59.316918,"currentOwner":{"name":"VildeVik","id":102408},"name":"Skrantaskolan","id":25957,"totalTakeovers":10347,"region":{"country":"se","name":"Örebro","id":131},"pointsPerHour":5,"longitude":14.498675,"takeoverPoints":125},"latitude":59.316918,"currentOwner":{"name":"VildeVik","id":102408},"time":"2021-07-13T05:36:19+0000","type":"takeover","longitude":14.498675},{"zone":{"previousOwner":{"name":"EwaCla","id":329347},"dateCreated":"2012-03-21T21:51:59+0000","dateLastTaken":"2021-07-13T05:36:18+0000","latitude":60.28475,"currentOwner":{"name":"CKAI","id":266592},"name":"Badkrukan","id":7261,"totalTakeovers":5061,"region":{"country":"se","name":"Dalarna","id":129},"pointsPerHour":4,"longitude":15.981576,"takeoverPoints":140},"latitude":60.28475,"currentOwner":{"name":"CKAI","id":266592},"time":"2021-07-13T05:36:18+0000","type":"takeover","longitude":15.981576},{"zone":{"previousOwner":{"name":"Doppe","id":209368},"dateCreated":"2015-04-30T16:43:55+0000","dateLastTaken":"2021-07-13T05:36:16+0000","latitude":57.764158,"currentOwner":{"name":"Hälge61","id":187263},"name":"Peace","id":50647,"totalTakeovers":12843,"region":{"country":"se","name":"Kalmar","id":137},"pointsPerHour":7,"longitude":16.598319,"takeoverPoints":95},"latitude":57.764158,"currentOwner":{"name":"Hälge61","id":187263},"time":"2021-07-13T05:36:16+0000","type":"takeover","longitude":16.598319},{"zone":{"previousOwner":{"name":"TheMadMats","id":35987},"dateCreated":"2016-04-13T20:30:06+0000","dateLastTaken":"2021-07-13T05:36:16+0000","latitude":58.996379,"currentOwner":{"name":"vindturf","id":118672},"name":"Högmossezon","id":65975,"totalTakeovers":1873,"region":{"country":"se","name":"Södermanland","id":140},"pointsPerHour":3,"longitude":16.174795,"takeoverPoints":155},"latitude":58.996379,"currentOwner":{"name":"vindturf","id":118672},"time":"2021-07-13T05:36:16+0000","type":"takeover","longitude":16.174795},{"zone":{"previousOwner":{"name":"PelSjo","id":183576},"dateCreated":"2012-12-24T11:00:00+0000","dateLastTaken":"2021-07-13T05:36:16+0000","latitude":63.846873,"currentOwner":{"name":"Schrink","id":160130},"name":"Björnskogen","id":12411,"totalTakeovers":14532,"region":{"country":"se","name":"Västerbotten","id":127},"pointsPerHour":8,"longitude":20.317844,"takeoverPoints":80},"latitude":63.846873,"currentOwner":{"name":"Schrink","id":160130},"time":"2021-07-13T05:36:16+0000","type":"takeover","longitude":20.317844},{"zone":{"previousOwner":{"name":"Borg007","id":281877},"dateCreated":"2017-02-05T00:00:00+0000","dateLastTaken":"2021-07-13T05:36:15+0000","latitude":59.065233,"currentOwner":{"name":"Madde68","id":100575},"name":"HattFnatt","id":94137,"totalTakeovers":10079,"region":{"country":"se","name":"Örebro","id":131},"pointsPerHour":7,"longitude":15.112484,"takeoverPoints":95},"latitude":59.065233,"currentOwner":{"name":"Madde68","id":100575},"time":"2021-07-13T05:36:15+0000","type":"takeover","longitude":15.112484},{"zone":{"previousOwner":{"name":"Harlequin","id":31991},"dateCreated":"2017-04-15T05:01:07+0000","dateLastTaken":"2021-07-13T05:36:15+0000","latitude":63.827782,"currentOwner":{"name":"anvod","id":144698},"name":"Kvarnvägen","id":98299,"totalTakeovers":6124,"region":{"country":"se","name":"Västerbotten","id":127},"pointsPerHour":8,"longitude":20.218992,"takeoverPoints":80},"latitude":63.827782,"currentOwner":{"name":"anvod","id":144698},"time":"2021-07-13T05:36:15+0000","type":"takeover","longitude":20.218992},{"zone":{"previousOwner":{"name":"CardiffGreenC","id":302121},"dateCreated":"2021-01-28T08:00:00+0000","dateLastTaken":"2021-07-13T05:36:14+0000","latitude":55.952427,"currentOwner":{"name":"CardiffGreenC","id":302121},"name":"GraemeSeesIt","id":374008,"totalTakeovers":75,"region":{"country":"gb","name":"Scotland","id":200},"pointsPerHour":1,"longitude":-2.801522,"takeoverPoints":185},"latitude":55.952427,"currentOwner":{"name":"CardiffGreenC","id":302121},"time":"2021-07-13T05:36:14+0000","type":"takeover","longitude":-2.801522},{"zone":{"previousOwner":{"name":"Rod_Polsan","id":129152},"dateCreated":"2011-07-31T10:00:46+0000","dateLastTaken":"2021-07-13T05:36:08+0000","latitude":59.166989,"currentOwner":{"name":"T-Gubben","id":320526},"name":"OlofPark","id":2417,"totalTakeovers":7647,"region":{"country":"se","name":"Stockholm","id":141},"pointsPerHour":6,"longitude":18.146654,"takeoverPoints":110},"latitude":59.166989,"currentOwner":{"name":"T-Gubben","id":320526},"time":"2021-07-13T05:36:08+0000","type":"takeover","longitude":18.146654},{"zone":{"previousOwner":{"name":"FlitigaTobbe","id":48872},"dateCreated":"2017-04-01T19:53:34+0000","dateLastTaken":"2021-07-13T05:36:07+0000","latitude":59.640927,"currentOwner":{"name":"Ferna","id":55488},"name":"Grävlingen","id":97298,"totalTakeovers":9434,"region":{"country":"se","name":"Västmanland","id":143},"pointsPerHour":7,"longitude":16.530609,"takeoverPoints":95},"latitude":59.640927,"currentOwner":{"name":"Ferna","id":55488},"time":"2021-07-13T05:36:07+0000","type":"takeover","longitude":16.530609},{"zone":{"previousOwner":{"name":"Jonas_L","id":202630},"dateCreated":"2015-12-24T06:00:52+0000","dateLastTaken":"2021-07-13T05:36:03+0000","latitude":60.622695,"currentOwner":{"name":"linnetti","id":245060},"name":"NamnlösPark","id":62213,"totalTakeovers":1653,"region":{"country":"se","name":"Gävleborg","id":144},"pointsPerHour":3,"longitude":16.780317,"takeoverPoints":155},"latitude":60.622695,"currentOwner":{"name":"linnetti","id":245060},"time":"2021-07-13T05:36:03+0000","type":"takeover","longitude":16.780317},{"zone":{"previousOwner":{"name":"broccoliA-M","id":300340},"dateCreated":"2014-02-23T12:14:21+0000","dateLastTaken":"2021-07-13T05:35:59+0000","latitude":57.751833,"currentOwner":{"name":"peter70sko","id":54081},"name":"IndustryPath","id":26044,"totalTakeovers":1493,"region":{"country":"se","name":"Jönköping","id":133},"pointsPerHour":2,"longitude":14.161373,"takeoverPoints":170},"latitude":57.751833,"currentOwner":{"name":"peter70sko","id":54081},"time":"2021-07-13T05:35:59+0000","type":"takeover","longitude":14.161373},{"zone":{"previousOwner":{"name":"brippe","id":80180},"dateCreated":"2015-03-07T12:32:56+0000","dateLastTaken":"2021-07-13T05:35:54+0000","latitude":57.777834,"currentOwner":{"name":"Laht","id":186712},"name":"Alabama","id":45945,"totalTakeovers":10383,"region":{"country":"se","name":"Kalmar","id":137},"pointsPerHour":6,"longitude":16.608114,"takeoverPoints":110},"latitude":57.777834,"currentOwner":{"name":"Laht","id":186712},"time":"2021-07-13T05:35:54+0000","type":"takeover","longitude":16.608114},{"zone":{"previousOwner":{"name":"TheUrw","id":282370},"dateCreated":"2013-12-08T11:23:23+0000","dateLastTaken":"2021-07-13T05:35:52+0000","latitude":59.352193,"currentOwner":{"name":"Wowbagger","id":91182},"name":"Jonstorp","id":23663,"totalTakeovers":6483,"region":{"country":"se","name":"Stockholm","id":141},"pointsPerHour":7,"longitude":17.979478,"takeoverPoints":95},"latitude":59.352193,"currentOwner":{"name":"Wowbagger","id":91182},"time":"2021-07-13T05:35:52+0000","type":"takeover","longitude":17.979478},{"zone":{"previousOwner":{"name":"Cekt","id":2191},"dateCreated":"2013-10-16T18:33:12+0000","dateLastTaken":"2021-07-13T05:35:51+0000","latitude":59.257838,"currentOwner":{"name":"VARG82","id":242351},"name":"HökenT","id":22202,"totalTakeovers":16119,"region":{"country":"se","name":"Stockholm","id":141},"pointsPerHour":8,"longitude":18.082439,"takeoverPoints":80},"latitude":59.257838,"currentOwner":{"name":"VARG82","id":242351},"time":"2021-07-13T05:35:51+0000","type":"takeover","longitude":18.082439},{"zone":{"previousOwner":{"name":"FiFVO","id":284486},"dateCreated":"2020-08-28T10:00:00+0000","dateLastTaken":"2021-07-13T05:35:49+0000","latitude":55.982398,"currentOwner":{"name":"Wullie","id":323178},"name":"LochEast","id":322547,"totalTakeovers":181,"region":{"country":"gb","name":"Scotland","id":200},"pointsPerHour":2,"longitude":-3.59031,"takeoverPoints":170},"latitude":55.982398,"currentOwner":{"name":"Wullie","id":323178},"time":"2021-07-13T05:35:49+0000","type":"takeover","longitude":-3.59031},{"zone":{"previousOwner":{"name":"Bigbang","id":106128},"dateCreated":"2012-10-20T09:42:52+0000","dateLastTaken":"2021-07-13T05:35:43+0000","latitude":60.495812,"currentOwner":{"name":"Birgitsdottir","id":316414},"name":"Grusplan","id":11689,"totalTakeovers":4329,"region":{"country":"se","name":"Dalarna","id":129},"pointsPerHour":4,"longitude":15.396565,"takeoverPoints":140},"latitude":60.495812,"currentOwner":{"name":"Birgitsdottir","id":316414},"time":"2021-07-13T05:35:43+0000","type":"takeover","longitude":15.396565},{"zone":{"previousOwner":{"name":"KingCogg","id":302879},"dateCreated":"2020-12-26T18:16:15+0000","dateLastTaken":"2021-07-13T05:35:40+0000","latitude":51.883338,"currentOwner":{"name":"NobodySpecial","id":310018},"name":"RobinsPath","id":359077,"totalTakeovers":27,"region":{"country":"gb","name":"East of England","id":204},"pointsPerHour":1,"longitude":0.679899,"takeoverPoints":185},"latitude":51.883338,"currentOwner":{"name":"NobodySpecial","id":310018},"time":"2021-07-13T05:35:40+0000","type":"takeover","longitude":0.679899},{"zone":{"previousOwner":{"name":"Pappa_Knas","id":116971},"dateCreated":"2013-04-13T07:34:10+0000","dateLastTaken":"2021-07-13T05:35:40+0000","latitude":59.260628,"currentOwner":{"name":"Gölin","id":46121},"name":"Storskogsväg","id":17039,"totalTakeovers":3185,"region":{"country":"se","name":"Stockholm","id":141},"pointsPerHour":5,"longitude":17.997707,"takeoverPoints":125},"latitude":59.260628,"currentOwner":{"name":"Gölin","id":46121},"time":"2021-07-13T05:35:40+0000","type":"takeover","longitude":17.997707},{"zone":{"previousOwner":{"name":"gilla","id":58846},"dateCreated":"2014-05-07T14:00:08+0000","dateLastTaken":"2021-07-13T05:35:36+0000","latitude":62.386497,"currentOwner":{"name":"wall\u2022e","id":234781},"name":"SallysWoods","id":28954,"totalTakeovers":1159,"region":{"country":"se","name":"Västernorrland","id":145},"pointsPerHour":3,"longitude":17.267244,"takeoverPoints":155},"latitude":62.386497,"currentOwner":{"name":"wall\u2022e","id":234781},"time":"2021-07-13T05:35:36+0000","type":"takeover","longitude":17.267244},{"zone":{"previousOwner":{"name":"MrDinco","id":11189},"dateCreated":"2016-01-10T21:11:19+0000","dateLastTaken":"2021-07-13T05:35:34+0000","latitude":63.815509,"currentOwner":{"name":"Bitterman","id":115759},"name":"SpotlightKid","id":62642,"totalTakeovers":21490,"region":{"country":"se","name":"Västerbotten","id":127},"pointsPerHour":8,"longitude":20.301176,"takeoverPoints":80},"latitude":63.815509,"currentOwner":{"name":"Bitterman","id":115759},"time":"2021-07-13T05:35:34+0000","type":"takeover","longitude":20.301176},{"zone":{"previousOwner":{"name":"Roundhead","id":233054},"dateCreated":"2013-07-31T16:00:00+0000","dateLastTaken":"2021-07-13T05:35:30+0000","latitude":59.372905,"currentOwner":{"name":"jompe","id":110837},"name":"Flackersta","id":21055,"totalTakeovers":4069,"region":{"country":"se","name":"Södermanland","id":140},"pointsPerHour":6,"longitude":16.476074,"takeoverPoints":110},"latitude":59.372905,"currentOwner":{"name":"jompe","id":110837},"time":"2021-07-13T05:35:30+0000","type":"takeover","longitude":16.476074},{"zone":{"previousOwner":{"name":"Nissepurjo","id":326821},"dateLastTaken":"2021-07-13T05:35:28+0000","latitude":59.216296,"totalTakeovers":169,"pointsPerHour":4,"takeoverPoints":140,"dateCreated":"2021-01-16T13:00:00+0000","currentOwner":{"name":"Nathan-Drake","id":328067},"name":"LoasBro","id":353908,"region":{"country":"se","name":"Stockholm","id":141},"longitude":18.161407},"latitude":59.216296,"currentOwner":{"name":"Nathan-Drake","id":328067},"time":"2021-07-13T05:35:28+0000","type":"takeover","longitude":18.161407},{"zone":{"previousOwner":{"name":"heff2","id":180382},"dateLastTaken":"2021-07-13T05:35:27+0000","latitude":59.523579,"totalTakeovers":1773,"pointsPerHour":3,"takeoverPoints":155,"dateCreated":"2012-12-31T23:00:00+0000","currentOwner":{"name":"Hynbo-K","id":185727},"name":"Forsbron","id":12499,"region":{"country":"se","name":"Värmland","id":130},"longitude":13.482756},"latitude":59.523579,"currentOwner":{"name":"Hynbo-K","id":185727},"time":"2021-07-13T05:35:27+0000","type":"takeover","longitude":13.482756},{"zone":{"previousOwner":{"name":"PEKOMON","id":184856},"dateCreated":"2012-03-26T00:01:31+0000","dateLastTaken":"2021-07-13T05:35:27+0000","latitude":58.749311,"currentOwner":{"name":"TurfGalningen","id":26205},"name":"DomainZone","id":7371,"totalTakeovers":8756,"region":{"country":"se","name":"Södermanland","id":140},"pointsPerHour":5,"longitude":17.022675,"takeoverPoints":125},"latitude":58.749311,"currentOwner":{"name":"TurfGalningen","id":26205},"time":"2021-07-13T05:35:27+0000","type":"takeover","longitude":17.022675},{"zone":{"previousOwner":{"name":"WOHOoooo","id":35131},"dateCreated":"2015-12-24T11:00:00+0000","dateLastTaken":"2021-07-13T05:35:26+0000","latitude":59.594826,"currentOwner":{"name":"mga49","id":274273},"name":"Stålverkzon","id":62306,"totalTakeovers":10804,"region":{"country":"se","name":"Västmanland","id":143},"pointsPerHour":8,"longitude":16.48312,"takeoverPoints":80},"latitude":59.594826,"currentOwner":{"name":"mga49","id":274273},"time":"2021-07-13T05:35:26+0000","type":"takeover","longitude":16.48312},{"zone":{"previousOwner":{"name":"madiemaniac","id":335540},"dateCreated":"2016-03-23T21:15:26+0000","dateLastTaken":"2021-07-13T05:35:25+0000","latitude":63.807803,"currentOwner":{"name":"NonPlusUltra","id":105943},"name":"TomteboZone","id":64701,"totalTakeovers":14084,"region":{"country":"se","name":"Västerbotten","id":127},"pointsPerHour":9,"longitude":20.348515,"takeoverPoints":65},"latitude":63.807803,"currentOwner":{"name":"NonPlusUltra","id":105943},"time":"2021-07-13T05:35:25+0000","type":"takeover","longitude":20.348515},{"zone":{"previousOwner":{"name":"Slóðbrótari","id":91564},"dateCreated":"2015-01-12T17:00:00+0000","dateLastTaken":"2021-07-13T05:35:24+0000","latitude":59.63948,"currentOwner":{"name":"carohl","id":165283},"name":"Fannazon","id":43716,"totalTakeovers":8677,"region":{"country":"se","name":"Uppsala","id":142},"pointsPerHour":5,"longitude":17.101683,"takeoverPoints":125},"latitude":59.63948,"currentOwner":{"name":"carohl","id":165283},"time":"2021-07-13T05:35:24+0000","type":"takeover","longitude":17.101683},{"zone":{"previousOwner":{"name":"takayama","id":253773},"dateCreated":"2012-08-20T10:00:00+0000","dateLastTaken":"2021-07-13T05:35:24+0000","latitude":60.171215,"currentOwner":{"name":"EarlyBravo","id":121018},"name":"TrainSquare","id":9753,"totalTakeovers":3733,"region":{"country":"fi","name":"Etelä-Suomi","id":185},"pointsPerHour":2,"longitude":24.943854,"takeoverPoints":170},"latitude":60.171215,"currentOwner":{"name":"EarlyBravo","id":121018},"time":"2021-07-13T05:35:24+0000","type":"takeover","longitude":24.943854},{"zone":{"previousOwner":{"name":"Caisesiume","id":40432},"dateCreated":"2017-02-15T09:42:57+0000","dateLastTaken":"2021-07-13T05:35:23+0000","latitude":60.162946,"currentOwner":{"name":"Craft","id":61589},"name":"UggleKronGryt","id":94093,"totalTakeovers":3250,"region":{"country":"se","name":"Dalarna","id":129},"pointsPerHour":4,"longitude":16.176974,"takeoverPoints":140},"latitude":60.162946,"currentOwner":{"name":"Craft","id":61589},"time":"2021-07-13T05:35:23+0000","type":"takeover","longitude":16.176974},{"zone":{"previousOwner":{"name":"147","id":133657},"dateCreated":"2013-08-05T20:02:00+0000","dateLastTaken":"2021-07-13T05:35:22+0000","latitude":56.130336,"currentOwner":{"name":"S.T.","id":189276},"name":"MöllaZone","id":21143,"totalTakeovers":1451,"region":{"country":"se","name":"Skåne","id":135},"pointsPerHour":2,"longitude":12.943953,"takeoverPoints":170},"latitude":56.130336,"currentOwner":{"name":"S.T.","id":189276},"time":"2021-07-13T05:35:22+0000","type":"takeover","longitude":12.943953},{"zone":{"previousOwner":{"name":"Sandra82","id":276565},"dateCreated":"2012-04-17T20:57:12+0000","dateLastTaken":"2021-07-13T05:35:21+0000","latitude":59.267108,"currentOwner":{"name":"morm","id":70798},"name":"PawnZone","id":8286,"totalTakeovers":14508,"region":{"country":"se","name":"Örebro","id":131},"pointsPerHour":7,"longitude":15.21189,"takeoverPoints":95},"latitude":59.267108,"currentOwner":{"name":"morm","id":70798},"time":"2021-07-13T05:35:21+0000","type":"takeover","longitude":15.21189},{"zone":{"previousOwner":{"name":"Torbanator1","id":331309},"dateCreated":"2020-05-01T20:31:06+0000","dateLastTaken":"2021-07-13T05:35:21+0000","latitude":59.383998,"currentOwner":{"name":"KSV","id":122606},"name":"Stridsåsen","id":281804,"totalTakeovers":421,"region":{"country":"se","name":"Stockholm","id":141},"pointsPerHour":4,"longitude":17.914111,"takeoverPoints":140},"latitude":59.383998,"currentOwner":{"name":"KSV","id":122606},"time":"2021-07-13T05:35:21+0000","type":"takeover","longitude":17.914111},{"zone":{"previousOwner":{"name":"tilverturf","id":166033},"dateCreated":"2013-04-20T10:57:00+0000","dateLastTaken":"2021-07-13T05:35:18+0000","latitude":59.845445,"currentOwner":{"name":"mattihp","id":10151},"name":"TurPåFältet","id":17165,"totalTakeovers":1735,"region":{"country":"se","name":"Uppsala","id":142},"pointsPerHour":3,"longitude":17.581824,"takeoverPoints":155},"latitude":59.845445,"currentOwner":{"name":"mattihp","id":10151},"time":"2021-07-13T05:35:18+0000","type":"takeover","longitude":17.581824},{"zone":{"previousOwner":{"name":"féarglas","id":280861},"dateCreated":"2020-12-06T08:28:50+0000","dateLastTaken":"2021-07-13T05:35:16+0000","latitude":56.070996,"currentOwner":{"name":"kjtindall","id":292775},"name":"GarvockOrBust","id":354961,"totalTakeovers":119,"region":{"country":"gb","name":"Scotland","id":200},"pointsPerHour":2,"longitude":-3.430504,"takeoverPoints":170},"latitude":56.070996,"currentOwner":{"name":"kjtindall","id":292775},"time":"2021-07-13T05:35:16+0000","type":"takeover","longitude":-3.430504},{"zone":{"previousOwner":{"name":"Espingen","id":166882},"dateCreated":"2017-09-25T08:28:38+0000","dateLastTaken":"2021-07-13T05:35:15+0000","latitude":57.762516,"currentOwner":{"name":"Hälge61","id":187263},"name":"Didrikslund","id":128873,"totalTakeovers":7355,"region":{"country":"se","name":"Kalmar","id":137},"pointsPerHour":6,"longitude":16.600157,"takeoverPoints":110},"latitude":57.762516,"currentOwner":{"name":"Hälge61","id":187263},"time":"2021-07-13T05:35:15+0000","type":"takeover","longitude":16.600157},{"zone":{"previousOwner":{"name":"algo","id":287934},"dateLastTaken":"2021-07-13T05:35:14+0000","latitude":59.510757,"totalTakeovers":782,"pointsPerHour":2,"takeoverPoints":170,"dateCreated":"2013-06-30T16:00:00+0000","currentOwner":{"name":"AIK1891","id":71140},"name":"Skoftesta","id":20485,"region":{"country":"se","name":"Västmanland","id":143},"longitude":15.946874},"latitude":59.510757,"currentOwner":{"name":"AIK1891","id":71140},"time":"2021-07-13T05:35:14+0000","type":"takeover","longitude":15.946874},{"zone":{"previousOwner":{"name":"Timmyz_","id":203411},"dateCreated":"2014-05-31T10:00:00+0000","dateLastTaken":"2021-07-13T05:35:12+0000","latitude":63.837889,"currentOwner":{"name":"Lannister","id":20681},"name":"BikeView","id":30222,"totalTakeovers":5532,"region":{"country":"se","name":"Västerbotten","id":127},"pointsPerHour":7,"longitude":20.15513,"takeoverPoints":95},"latitude":63.837889,"currentOwner":{"name":"Lannister","id":20681},"time":"2021-07-13T05:35:12+0000","type":"takeover","longitude":20.15513},{"zone":{"previousOwner":{"name":"Tveskägg","id":50274},"dateCreated":"2018-04-26T05:00:00+0000","dateLastTaken":"2021-07-13T05:35:07+0000","latitude":55.668806,"currentOwner":{"name":"vildapeln","id":317420},"name":"Ekkilen","id":145038,"totalTakeovers":625,"region":{"country":"se","name":"Skåne","id":135},"pointsPerHour":3,"longitude":13.085569,"takeoverPoints":155},"latitude":55.668806,"currentOwner":{"name":"vildapeln","id":317420},"time":"2021-07-13T05:35:07+0000","type":"takeover","longitude":13.085569},{"zone":{"previousOwner":{"name":"RunOlofRun","id":159132},"dateCreated":"2013-12-24T11:00:30+0000","dateLastTaken":"2021-07-13T05:35:07+0000","latitude":59.312605,"currentOwner":{"name":"2-mas","id":130947},"name":"Skånebonde","id":24243,"totalTakeovers":7681,"region":{"country":"se","name":"Stockholm","id":141},"pointsPerHour":7,"longitude":18.093679,"takeoverPoints":95},"latitude":59.312605,"currentOwner":{"name":"2-mas","id":130947},"time":"2021-07-13T05:35:07+0000","type":"takeover","longitude":18.093679},{"zone":{"previousOwner":{"name":"nijmegenaar","id":199619},"dateCreated":"2015-12-25T13:00:00+0000","dateLastTaken":"2021-07-13T05:35:07+0000","latitude":59.525362,"currentOwner":{"name":"PeBo","id":297558},"name":"FibbEsstorp","id":62230,"totalTakeovers":5034,"region":{"country":"se","name":"Örebro","id":131},"pointsPerHour":7,"longitude":15.009462,"takeoverPoints":95},"latitude":59.525362,"currentOwner":{"name":"PeBo","id":297558},"time":"2021-07-13T05:35:07+0000","type":"takeover","longitude":15.009462},{"zone":{"previousOwner":{"name":"capri","id":186499},"dateLastTaken":"2021-07-13T05:35:01+0000","latitude":59.754471,"totalTakeovers":1024,"pointsPerHour":5,"takeoverPoints":125,"dateCreated":"2014-09-01T12:24:16+0000","currentOwner":{"name":"kustbolotta","id":212644},"name":"MayorBridge","id":33997,"region":{"country":"se","name":"Stockholm","id":141},"longitude":18.730574},"latitude":59.754471,"currentOwner":{"name":"kustbolotta","id":212644},"time":"2021-07-13T05:35:01+0000","type":"takeover","longitude":18.730574},{"zone":{"previousOwner":{"name":"Rulf","id":163017},"dateCreated":"2011-06-24T00:00:00+0000","dateLastTaken":"2021-07-13T05:35:01+0000","latitude":57.652998,"currentOwner":{"name":"MonoMono","id":328075},"name":"NoseSea","id":1841,"totalTakeovers":7168,"region":{"country":"se","name":"Jönköping","id":133},"pointsPerHour":5,"longitude":14.696939,"takeoverPoints":125},"latitude":57.652998,"currentOwner":{"name":"MonoMono","id":328075},"time":"2021-07-13T05:35:01+0000","type":"takeover","longitude":14.696939},{"zone":{"previousOwner":{"name":"tinariwen","id":64077},"dateCreated":"2010-09-04T14:41:37+0000","dateLastTaken":"2021-07-13T05:35:00+0000","latitude":59.276652,"currentOwner":{"name":"LowTechLenny","id":120639},"name":"Karlaparken","id":723,"totalTakeovers":18486,"region":{"country":"se","name":"Örebro","id":131},"pointsPerHour":7,"longitude":15.197849,"takeoverPoints":95},"latitude":59.276652,"currentOwner":{"name":"LowTechLenny","id":120639},"time":"2021-07-13T05:35:00+0000","type":"takeover","longitude":15.197849},{"zone":{"previousOwner":{"name":"TNT","id":226957},"dateCreated":"2014-08-09T09:32:33+0000","dateLastTaken":"2021-07-13T05:34:56+0000","latitude":57.773965,"currentOwner":{"name":"MadMajk","id":18954},"name":"SneakPeak","id":33452,"totalTakeovers":4064,"region":{"country":"se","name":"Jönköping","id":133},"pointsPerHour":4,"longitude":14.146104,"takeoverPoints":140},"latitude":57.773965,"currentOwner":{"name":"MadMajk","id":18954},"time":"2021-07-13T05:34:56+0000","type":"takeover","longitude":14.146104},{"zone":{"previousOwner":{"name":"Majestix","id":212651},"dateLastTaken":"2021-07-13T05:34:55+0000","latitude":63.144042,"totalTakeovers":2099,"pointsPerHour":4,"takeoverPoints":140,"dateCreated":"2016-08-13T03:00:00+0000","currentOwner":{"name":"nagotnice","id":312000},"name":"HolyÄngsmo","id":80587,"region":{"country":"se","name":"Jämtland","id":128},"longitude":14.757494},"latitude":63.144042,"currentOwner":{"name":"nagotnice","id":312000},"time":"2021-07-13T05:34:55+0000","type":"takeover","longitude":14.757494},{"zone":{"previousOwner":{"name":"Ulriwi","id":327763},"dateCreated":"2016-12-24T11:00:00+0000","dateLastTaken":"2021-07-13T05:34:51+0000","latitude":57.688286,"currentOwner":{"name":"Rokker","id":21909},"name":"4FourFårFore","id":91557,"totalTakeovers":408,"region":{"country":"se","name":"Västra Götaland","id":132},"pointsPerHour":2,"longitude":12.01593,"takeoverPoints":170},"latitude":57.688286,"currentOwner":{"name":"Rokker","id":21909},"time":"2021-07-13T05:34:51+0000","type":"takeover","longitude":12.01593},{"zone":{"previousOwner":{"name":"Kruse","id":23306},"dateCreated":"2016-04-18T09:51:59+0000","dateLastTaken":"2021-07-13T05:34:51+0000","latitude":59.316647,"currentOwner":{"name":"Mrs.Strike","id":109682},"name":"Sädezon","id":66141,"totalTakeovers":4015,"region":{"country":"se","name":"Örebro","id":131},"pointsPerHour":5,"longitude":14.481304,"takeoverPoints":125},"latitude":59.316647,"currentOwner":{"name":"Mrs.Strike","id":109682},"time":"2021-07-13T05:34:51+0000","type":"takeover","longitude":14.481304},{"zone":{"previousOwner":{"name":"Jonas_L","id":202630},"dateCreated":"2011-07-23T11:54:59+0000","dateLastTaken":"2021-07-13T05:34:51+0000","latitude":60.62189,"currentOwner":{"name":"linnetti","id":245060},"name":"JernZone","id":2091,"totalTakeovers":4590,"region":{"country":"se","name":"Gävleborg","id":144},"pointsPerHour":4,"longitude":16.77624,"takeoverPoints":140},"latitude":60.62189,"currentOwner":{"name":"linnetti","id":245060},"time":"2021-07-13T05:34:51+0000","type":"takeover","longitude":16.77624},{"zone":{"previousOwner":{"name":"crocky","id":328880},"dateCreated":"2012-03-26T12:15:57+0000","dateLastTaken":"2021-07-13T05:34:51+0000","latitude":59.437679,"currentOwner":{"name":"Electromatic","id":163659},"name":"NoseDale","id":7437,"totalTakeovers":5330,"region":{"country":"se","name":"Stockholm","id":141},"pointsPerHour":7,"longitude":18.064983,"takeoverPoints":95},"latitude":59.437679,"currentOwner":{"name":"Electromatic","id":163659},"time":"2021-07-13T05:34:51+0000","type":"takeover","longitude":18.064983},{"zone":{"previousOwner":{"name":"turftituz","id":242150},"dateCreated":"2019-06-02T09:12:30+0000","dateLastTaken":"2021-07-13T05:34:50+0000","latitude":58.467964,"currentOwner":{"name":"Smusslan","id":315519},"name":"OrienteraMera","id":200343,"totalTakeovers":312,"region":{"country":"se","name":"Östergötland","id":139},"pointsPerHour":3,"longitude":16.331291,"takeoverPoints":155},"latitude":58.467964,"currentOwner":{"name":"Smusslan","id":315519},"time":"2021-07-13T05:34:50+0000","type":"takeover","longitude":16.331291},{"zone":{"previousOwner":{"name":"Tosan","id":122350},"dateCreated":"2013-01-05T22:21:42+0000","dateLastTaken":"2021-07-13T05:34:50+0000","latitude":60.617859,"currentOwner":{"name":"Tosan","id":122350},"name":"Vretgatan","id":12537,"totalTakeovers":1796,"region":{"country":"se","name":"Uppsala","id":142},"pointsPerHour":3,"longitude":17.421617,"takeoverPoints":155},"latitude":60.617859,"currentOwner":{"name":"Tosan","id":122350},"time":"2021-07-13T05:34:50+0000","type":"takeover","longitude":17.421617},{"zone":{"previousOwner":{"name":"AudioPelle","id":63238},"dateCreated":"2020-05-06T19:03:43+0000","dateLastTaken":"2021-07-13T05:34:49+0000","latitude":58.671133,"currentOwner":{"name":"AudioPelle","id":63238},"name":"BaraFörCykel","id":285051,"totalTakeovers":858,"region":{"country":"se","name":"Södermanland","id":140},"pointsPerHour":5,"longitude":17.073145,"takeoverPoints":125},"latitude":58.671133,"currentOwner":{"name":"AudioPelle","id":63238},"time":"2021-07-13T05:34:49+0000","type":"takeover","longitude":17.073145},{"zone":{"previousOwner":{"name":"EwaCla","id":329347},"dateCreated":"2012-03-20T17:11:51+0000","dateLastTaken":"2021-07-13T05:34:49+0000","latitude":60.28183,"currentOwner":{"name":"CKAI","id":266592},"name":"Henemoren","id":7127,"totalTakeovers":5587,"region":{"country":"se","name":"Dalarna","id":129},"pointsPerHour":4,"longitude":15.98262,"takeoverPoints":140},"latitude":60.28183,"currentOwner":{"name":"CKAI","id":266592},"time":"2021-07-13T05:34:49+0000","type":"takeover","longitude":15.98262},{"zone":{"previousOwner":{"name":"musicman050","id":253976},"dateCreated":"2013-05-05T18:53:02+0000","dateLastTaken":"2021-07-13T05:34:48+0000","latitude":56.859376,"currentOwner":{"name":"apeson64","id":124644},"name":"Vallrondellen","id":17863,"totalTakeovers":3156,"region":{"country":"se","name":"Kronoberg","id":147},"pointsPerHour":3,"longitude":14.810233,"takeoverPoints":155},"latitude":56.859376,"currentOwner":{"name":"apeson64","id":124644},"time":"2021-07-13T05:34:48+0000","type":"takeover","longitude":14.810233},{"zone":{"previousOwner":{"name":"Rod_Polsan","id":129152},"dateCreated":"2014-11-01T09:00:00+0000","dateLastTaken":"2021-07-13T05:34:44+0000","latitude":59.16935,"currentOwner":{"name":"T-Gubben","id":320526},"name":"SarumanZone","id":41695,"totalTakeovers":6124,"region":{"country":"se","name":"Stockholm","id":141},"pointsPerHour":5,"longitude":18.147254,"takeoverPoints":125},"latitude":59.16935,"currentOwner":{"name":"T-Gubben","id":320526},"time":"2021-07-13T05:34:44+0000","type":"takeover","longitude":18.147254},{"zone":{"previousOwner":{"name":"gilla","id":58846},"dateCreated":"2011-11-04T09:00:00+0000","dateLastTaken":"2021-07-13T05:34:42+0000","latitude":62.385221,"currentOwner":{"name":"wall\u2022e","id":234781},"name":"SundHeat","id":4529,"totalTakeovers":1230,"region":{"country":"se","name":"Västernorrland","id":145},"pointsPerHour":3,"longitude":17.267787,"takeoverPoints":155},"latitude":62.385221,"currentOwner":{"name":"wall\u2022e","id":234781},"time":"2021-07-13T05:34:42+0000","type":"takeover","longitude":17.267787},{"zone":{"previousOwner":{"name":"brippe","id":80180},"dateCreated":"2015-03-07T12:32:56+0000","dateLastTaken":"2021-07-13T05:34:36+0000","latitude":57.775752,"currentOwner":{"name":"Laht","id":186712},"name":"Skogshagen","id":45944,"totalTakeovers":11474,"region":{"country":"se","name":"Kalmar","id":137},"pointsPerHour":6,"longitude":16.609783,"takeoverPoints":110},"latitude":57.775752,"currentOwner":{"name":"Laht","id":186712},"time":"2021-07-13T05:34:36+0000","type":"takeover","longitude":16.609783},{"zone":{"previousOwner":{"name":"KingOfTheSlope","id":30780},"dateLastTaken":"2021-07-13T05:34:36+0000","latitude":59.873911,"totalTakeovers":12416,"pointsPerHour":8,"takeoverPoints":80,"dateCreated":"2010-09-04T14:41:37+0000","currentOwner":{"name":"Munin","id":62408},"name":"MosqueZone","id":468,"region":{"country":"se","name":"Uppsala","id":142},"longitude":17.637954},"latitude":59.873911,"currentOwner":{"name":"Munin","id":62408},"time":"2021-07-13T05:34:36+0000","type":"takeover","longitude":17.637954},{"zone":{"previousOwner":{"name":"SUPERIOЯ","id":122085},"dateCreated":"2019-05-22T06:00:00+0000","dateLastTaken":"2021-07-13T05:34:36+0000","latitude":59.486072,"currentOwner":{"name":"Sucuriju","id":334898},"name":"ArmaKrakar","id":187417,"totalTakeovers":373,"region":{"country":"se","name":"Stockholm","id":141},"pointsPerHour":3,"longitude":17.749524,"takeoverPoints":155},"latitude":59.486072,"currentOwner":{"name":"Sucuriju","id":334898},"time":"2021-07-13T05:34:36+0000","type":"takeover","longitude":17.749524},{"zone":{"previousOwner":{"name":"HaraldTH","id":23712},"dateCreated":"2015-03-06T06:00:00+0000","dateLastTaken":"2021-07-13T05:34:32+0000","latitude":56.185705,"currentOwner":{"name":"Jkongo","id":277981},"name":"Annebo","id":45633,"totalTakeovers":1491,"region":{"country":"se","name":"Blekinge","id":136},"pointsPerHour":1,"longitude":15.603902,"takeoverPoints":185},"latitude":56.185705,"currentOwner":{"name":"Jkongo","id":277981},"time":"2021-07-13T05:34:32+0000","type":"takeover","longitude":15.603902},{"zone":{"previousOwner":{"name":"FlitigaTobbe","id":48872},"dateCreated":"2013-02-10T00:00:00+0000","dateLastTaken":"2021-07-13T05:34:32+0000","latitude":59.639548,"currentOwner":{"name":"Ferna","id":55488},"name":"SouthPot","id":14873,"totalTakeovers":15783,"region":{"country":"se","name":"Västmanland","id":143},"pointsPerHour":8,"longitude":16.534415,"takeoverPoints":80},"latitude":59.639548,"currentOwner":{"name":"Ferna","id":55488},"time":"2021-07-13T05:34:32+0000","type":"takeover","longitude":16.534415},{"zone":{"previousOwner":{"name":"derdlim","id":117540},"dateCreated":"2019-07-18T10:30:00+0000","dateLastTaken":"2021-07-13T05:34:28+0000","latitude":58.748086,"currentOwner":{"name":"TurfGalningen","id":26205},"name":"TRexEatKids","id":204145,"totalTakeovers":2020,"region":{"country":"se","name":"Södermanland","id":140},"pointsPerHour":6,"longitude":17.022936,"takeoverPoints":110},"latitude":58.748086,"currentOwner":{"name":"TurfGalningen","id":26205},"time":"2021-07-13T05:34:28+0000","type":"takeover","longitude":17.022936},{"zone":{"previousOwner":{"name":"DrGryta","id":78765},"dateCreated":"2012-03-18T14:36:34+0000","dateLastTaken":"2021-07-13T05:34:25+0000","latitude":58.275348,"currentOwner":{"name":"yr.ll","id":133204},"name":"Norrahamnen","id":6966,"totalTakeovers":1689,"region":{"country":"se","name":"Västra Götaland","id":132},"pointsPerHour":2,"longitude":11.424941,"takeoverPoints":170},"latitude":58.275348,"currentOwner":{"name":"yr.ll","id":133204},"time":"2021-07-13T05:34:25+0000","type":"takeover","longitude":11.424941},{"zone":{"previousOwner":{"name":"Bigbang","id":106128},"dateCreated":"2020-02-07T23:41:19+0000","dateLastTaken":"2021-07-13T05:34:22+0000","latitude":60.493661,"currentOwner":{"name":"Birgitsdottir","id":316414},"name":"TjänaTjärna","id":227245,"totalTakeovers":925,"region":{"country":"se","name":"Dalarna","id":129},"pointsPerHour":5,"longitude":15.399362,"takeoverPoints":125},"latitude":60.493661,"currentOwner":{"name":"Birgitsdottir","id":316414},"time":"2021-07-13T05:34:22+0000","type":"takeover","longitude":15.399362},{"zone":{"previousOwner":{"name":"VincentVega","id":58769},"dateCreated":"2016-02-22T17:00:00+0000","dateLastTaken":"2021-07-13T05:34:21+0000","latitude":59.513087,"currentOwner":{"name":"Chrillewille","id":273241},"name":"KöpingBilturf","id":63752,"totalTakeovers":2653,"region":{"country":"se","name":"Västmanland","id":143},"pointsPerHour":6,"longitude":15.9454,"takeoverPoints":110},"latitude":59.513087,"currentOwner":{"name":"Chrillewille","id":273241},"time":"2021-07-13T05:34:21+0000","type":"takeover","longitude":15.9454},{"zone":{"previousOwner":{"name":"broccoliA-M","id":300340},"dateCreated":"2010-09-02T00:00:00+0000","dateLastTaken":"2021-07-13T05:34:20+0000","latitude":57.752418,"currentOwner":{"name":"peter70sko","id":54081},"name":"VärnamoRoad","id":772,"totalTakeovers":3502,"region":{"country":"se","name":"Jönköping","id":133},"pointsPerHour":3,"longitude":14.154421,"takeoverPoints":155},"latitude":57.752418,"currentOwner":{"name":"peter70sko","id":54081},"time":"2021-07-13T05:34:20+0000","type":"takeover","longitude":14.154421},{"zone":{"previousOwner":{"name":"Welshman","id":305225},"dateCreated":"2018-10-11T07:43:52+0000","dateLastTaken":"2021-07-13T05:34:19+0000","latitude":60.442743,"currentOwner":{"name":"markkaLM","id":200359},"name":"Tallimäki","id":175855,"totalTakeovers":631,"region":{"country":"fi","name":"Lounais-Suomi","id":184},"pointsPerHour":4,"longitude":22.237251,"takeoverPoints":140},"latitude":60.442743,"currentOwner":{"name":"markkaLM","id":200359},"time":"2021-07-13T05:34:19+0000","type":"takeover","longitude":22.237251},{"zone":{"previousOwner":{"name":"Erna113","id":8228},"dateCreated":"2013-07-29T16:00:00+0000","dateLastTaken":"2021-07-13T05:34:19+0000","latitude":59.319447,"currentOwner":{"name":"VildeVik","id":102408},"name":"Skrantaplats","id":20952,"totalTakeovers":10809,"region":{"country":"se","name":"Örebro","id":131},"pointsPerHour":6,"longitude":14.496273,"takeoverPoints":110},"latitude":59.319447,"currentOwner":{"name":"VildeVik","id":102408},"time":"2021-07-13T05:34:19+0000","type":"takeover","longitude":14.496273},{"zone":{"previousOwner":{"name":"Spökisturfaren","id":299364},"dateCreated":"2012-09-26T06:33:00+0000","dateLastTaken":"2021-07-13T05:34:15+0000","latitude":57.626747,"currentOwner":{"name":"gå-for-it","id":48607},"name":"DwarfPine","id":11524,"totalTakeovers":2662,"region":{"country":"se","name":"Gotland","id":138},"pointsPerHour":5,"longitude":18.319592,"takeoverPoints":125},"latitude":57.626747,"currentOwner":{"name":"gå-for-it","id":48607},"time":"2021-07-13T05:34:15+0000","type":"takeover","longitude":18.319592},{"zone":{"previousOwner":{"name":"Folonaj2020","id":279725},"dateCreated":"2017-01-03T15:24:17+0000","dateLastTaken":"2021-07-13T05:34:15+0000","latitude":59.919828,"currentOwner":{"name":"marypoppins","id":48730},"name":"KungVäsby","id":93725,"totalTakeovers":3801,"region":{"country":"se","name":"Västmanland","id":143},"pointsPerHour":5,"longitude":16.614822,"takeoverPoints":125},"latitude":59.919828,"currentOwner":{"name":"marypoppins","id":48730},"time":"2021-07-13T05:34:15+0000","type":"takeover","longitude":16.614822},{"zone":{"previousOwner":{"name":"Bamse65","id":75652},"dateCreated":"2012-05-03T22:59:23+0000","dateLastTaken":"2021-07-13T05:34:12+0000","latitude":59.863842,"currentOwner":{"name":"KingOfTheSlope","id":30780},"name":"TorkelZone","id":8547,"totalTakeovers":18674,"region":{"country":"se","name":"Uppsala","id":142},"pointsPerHour":8,"longitude":17.65348,"takeoverPoints":80},"latitude":59.863842,"currentOwner":{"name":"KingOfTheSlope","id":30780},"time":"2021-07-13T05:34:12+0000","type":"takeover","longitude":17.65348},{"zone":{"previousOwner":{"name":"Espingen","id":166882},"dateCreated":"2015-04-30T16:43:55+0000","dateLastTaken":"2021-07-13T05:34:11+0000","latitude":57.760958,"currentOwner":{"name":"Hälge61","id":187263},"name":"Mossgången","id":50645,"totalTakeovers":12407,"region":{"country":"se","name":"Kalmar","id":137},"pointsPerHour":6,"longitude":16.602068,"takeoverPoints":110},"latitude":57.760958,"currentOwner":{"name":"Hälge61","id":187263},"time":"2021-07-13T05:34:11+0000","type":"takeover","longitude":16.602068},{"zone":{"previousOwner":{"name":"forestgrump","id":306268},"dateCreated":"2021-02-08T15:00:00+0000","dateLastTaken":"2021-07-13T05:34:11+0000","latitude":56.111826,"currentOwner":{"name":"devongrove","id":303727},"name":"TheTummel","id":381691,"totalTakeovers":84,"region":{"country":"gb","name":"Scotland","id":200},"pointsPerHour":2,"longitude":-3.781276,"takeoverPoints":170},"latitude":56.111826,"currentOwner":{"name":"devongrove","id":303727},"time":"2021-07-13T05:34:11+0000","type":"takeover","longitude":-3.781276},{"zone":{"previousOwner":{"name":"chankipanki","id":67717},"dateCreated":"2016-01-09T06:00:00+0000","dateLastTaken":"2021-07-13T05:34:10+0000","latitude":59.306657,"currentOwner":{"name":"solidsnail","id":324576},"name":"Trädsidan","id":62568,"totalTakeovers":8344,"region":{"country":"se","name":"Örebro","id":131},"pointsPerHour":7,"longitude":14.503734,"takeoverPoints":95},"latitude":59.306657,"currentOwner":{"name":"solidsnail","id":324576},"time":"2021-07-13T05:34:10+0000","type":"takeover","longitude":14.503734},{"zone":{"previousOwner":{"name":"Antingen","id":329338},"dateCreated":"2016-03-10T22:52:17+0000","dateLastTaken":"2021-07-13T05:34:09+0000","latitude":57.782911,"currentOwner":{"name":"19Ovechkin","id":175121},"name":"Jutaholmsplan","id":64164,"totalTakeovers":249,"region":{"country":"se","name":"Jönköping","id":133},"pointsPerHour":2,"longitude":14.307881,"takeoverPoints":170},"latitude":57.782911,"currentOwner":{"name":"19Ovechkin","id":175121},"time":"2021-07-13T05:34:09+0000","type":"takeover","longitude":14.307881},{"zone":{"previousOwner":{"name":"madiemaniac","id":335540},"dateCreated":"2012-05-13T21:54:34+0000","dateLastTaken":"2021-07-13T05:34:08+0000","latitude":63.806231,"currentOwner":{"name":"Bont","id":90307},"name":"NydalaSouth","id":8944,"totalTakeovers":24944,"region":{"country":"se","name":"Västerbotten","id":127},"pointsPerHour":8,"longitude":20.350838,"takeoverPoints":80},"latitude":63.806231,"currentOwner":{"name":"Bont","id":90307},"time":"2021-07-13T05:34:08+0000","type":"takeover","longitude":20.350838},{"zone":{"previousOwner":{"name":"gunron","id":181189},"dateCreated":"2012-11-23T13:00:00+0000","dateLastTaken":"2021-07-13T05:34:08+0000","latitude":63.161264,"currentOwner":{"name":"Bupu","id":13923},"name":"Lillkorset","id":12031,"totalTakeovers":9953,"region":{"country":"se","name":"Jämtland","id":128},"pointsPerHour":7,"longitude":14.704952,"takeoverPoints":95},"latitude":63.161264,"currentOwner":{"name":"Bupu","id":13923},"time":"2021-07-13T05:34:08+0000","type":"takeover","longitude":14.704952},{"zone":{"previousOwner":{"name":"pgk69","id":313756},"dateCreated":"2016-12-10T06:00:00+0000","dateLastTaken":"2021-07-13T05:33:58+0000","latitude":59.252917,"currentOwner":{"name":"pgk69","id":313756},"name":"Drevet","id":91694,"totalTakeovers":1099,"region":{"country":"se","name":"Stockholm","id":141},"pointsPerHour":3,"longitude":18.132521,"takeoverPoints":155},"latitude":59.252917,"currentOwner":{"name":"pgk69","id":313756},"time":"2021-07-13T05:33:58+0000","type":"takeover","longitude":18.132521},{"zone":{"previousOwner":{"name":"Jonas_L","id":202630},"dateCreated":"2015-03-08T17:00:00+0000","dateLastTaken":"2021-07-13T05:33:57+0000","latitude":60.620406,"currentOwner":{"name":"linnetti","id":245060},"name":"Kysskrysset","id":46424,"totalTakeovers":3726,"region":{"country":"se","name":"Gävleborg","id":144},"pointsPerHour":5,"longitude":16.776061,"takeoverPoints":125},"latitude":60.620406,"currentOwner":{"name":"linnetti","id":245060},"time":"2021-07-13T05:33:57+0000","type":"takeover","longitude":16.776061},{"zone":{"previousOwner":{"name":"AnneliCH","id":186304},"dateCreated":"2012-03-27T23:28:04+0000","dateLastTaken":"2021-07-13T05:33:52+0000","latitude":55.568228,"currentOwner":{"name":"Mola73","id":211171},"name":"ProfessorPark","id":7506,"totalTakeovers":3678,"region":{"country":"se","name":"Skåne","id":135},"pointsPerHour":4,"longitude":13.015976,"takeoverPoints":140},"latitude":55.568228,"currentOwner":{"name":"Mola73","id":211171},"time":"2021-07-13T05:33:52+0000","type":"takeover","longitude":13.015976},{"zone":{"previousOwner":{"name":"féarglas","id":280861},"dateCreated":"2020-12-06T08:28:14+0000","dateLastTaken":"2021-07-13T05:33:51+0000","latitude":56.069661,"currentOwner":{"name":"kjtindall","id":292775},"name":"EastEndGirls","id":354960,"totalTakeovers":103,"region":{"country":"gb","name":"Scotland","id":200},"pointsPerHour":2,"longitude":-3.437171,"takeoverPoints":170},"latitude":56.069661,"currentOwner":{"name":"kjtindall","id":292775},"time":"2021-07-13T05:33:51+0000","type":"takeover","longitude":-3.437171},{"zone":{"previousOwner":{"name":"ros-pionen","id":163397},"dateCreated":"2012-04-15T13:33:50+0000","dateLastTaken":"2021-07-13T05:33:49+0000","latitude":59.316819,"currentOwner":{"name":"ros-pionen","id":163397},"name":"ReiWaterEast","id":8199,"totalTakeovers":7509,"region":{"country":"se","name":"Stockholm","id":141},"pointsPerHour":7,"longitude":18.024277,"takeoverPoints":95},"latitude":59.316819,"currentOwner":{"name":"ros-pionen","id":163397},"time":"2021-07-13T05:33:49+0000","type":"takeover","longitude":18.024277},{"zone":{"previousOwner":{"name":"edeby","id":21042},"dateCreated":"2017-06-19T13:40:47+0000","dateLastTaken":"2021-07-13T05:33:48+0000","latitude":59.254958,"currentOwner":{"name":"NOKpappan","id":160265},"name":"Slottsholmen","id":110490,"totalTakeovers":586,"region":{"country":"se","name":"Södermanland","id":140},"pointsPerHour":3,"longitude":17.21993,"takeoverPoints":155},"latitude":59.254958,"currentOwner":{"name":"NOKpappan","id":160265},"time":"2021-07-13T05:33:48+0000","type":"takeover","longitude":17.21993},{"zone":{"previousOwner":{"name":"TNT","id":226957},"dateCreated":"2012-12-24T11:00:00+0000","dateLastTaken":"2021-07-13T05:33:48+0000","latitude":57.775549,"currentOwner":{"name":"MadMajk","id":18954},"name":"BäckaHigh","id":12471,"totalTakeovers":5022,"region":{"country":"se","name":"Jönköping","id":133},"pointsPerHour":4,"longitude":14.148034,"takeoverPoints":140},"latitude":57.775549,"currentOwner":{"name":"MadMajk","id":18954},"time":"2021-07-13T05:33:48+0000","type":"takeover","longitude":14.148034},{"zone":{"previousOwner":{"name":"KrFr","id":331502},"dateCreated":"2017-06-12T20:29:09+0000","dateLastTaken":"2021-07-13T05:33:46+0000","latitude":58.448516,"currentOwner":{"name":"Fellkis","id":97754},"name":"WhatSquare","id":114186,"totalTakeovers":1159,"region":{"country":"se","name":"Östergötland","id":139},"pointsPerHour":5,"longitude":14.890233,"takeoverPoints":125},"latitude":58.448516,"currentOwner":{"name":"Fellkis","id":97754},"time":"2021-07-13T05:33:46+0000","type":"takeover","longitude":14.890233},{"zone":{"previousOwner":{"name":"CardiffGreenC","id":302121},"dateCreated":"2021-01-28T08:00:00+0000","dateLastTaken":"2021-07-13T05:33:37+0000","latitude":55.955015,"currentOwner":{"name":"CardiffGreenC","id":302121},"name":"GatesideTrees","id":374010,"totalTakeovers":97,"region":{"country":"gb","name":"Scotland","id":200},"pointsPerHour":2,"longitude":-2.803735,"takeoverPoints":170},"latitude":55.955015,"currentOwner":{"name":"CardiffGreenC","id":302121},"time":"2021-07-13T05:33:37+0000","type":"takeover","longitude":-2.803735},{"zone":{"previousOwner":{"name":"KingCogg","id":302879},"dateCreated":"2020-12-26T18:14:48+0000","dateLastTaken":"2021-07-13T05:33:34+0000","latitude":51.881238,"currentOwner":{"name":"NobodySpecial","id":310018},"name":"CloseToRoad","id":359075,"totalTakeovers":36,"region":{"country":"gb","name":"East of England","id":204},"pointsPerHour":1,"longitude":0.680814,"takeoverPoints":185},"latitude":51.881238,"currentOwner":{"name":"NobodySpecial","id":310018},"time":"2021-07-13T05:33:34+0000","type":"takeover","longitude":0.680814},{"zone":{"previousOwner":{"name":"BigJumanji","id":61425},"dateCreated":"2012-06-23T23:56:50+0000","dateLastTaken":"2021-07-13T05:33:27+0000","latitude":58.538611,"currentOwner":{"name":"MsJumanji","id":59690},"name":"MotUtsikten","id":9523,"totalTakeovers":1091,"region":{"country":"se","name":"Östergötland","id":139},"pointsPerHour":1,"longitude":15.037415,"takeoverPoints":185},"latitude":58.538611,"currentOwner":{"name":"MsJumanji","id":59690},"time":"2021-07-13T05:33:27+0000","type":"takeover","longitude":15.037415},{"zone":{"previousOwner":{"name":"smygarn1","id":243040},"dateCreated":"2015-09-06T00:29:50+0000","dateLastTaken":"2021-07-13T05:33:26+0000","latitude":59.60669,"currentOwner":{"name":"Voinaika","id":52484},"name":"Vilasund","id":57186,"totalTakeovers":11447,"region":{"country":"se","name":"Västmanland","id":143},"pointsPerHour":8,"longitude":16.583822,"takeoverPoints":80},"latitude":59.60669,"currentOwner":{"name":"Voinaika","id":52484},"time":"2021-07-13T05:33:26+0000","type":"takeover","longitude":16.583822},{"zone":{"previousOwner":{"name":"Kexchoklad","id":58043},"dateCreated":"2016-08-05T04:00:00+0000","dateLastTaken":"2021-07-13T05:33:24+0000","latitude":55.557202,"currentOwner":{"name":"sadelgnidaren","id":202931},"name":"Afrikaparken","id":80264,"totalTakeovers":932,"region":{"country":"se","name":"Skåne","id":135},"pointsPerHour":2,"longitude":12.914168,"takeoverPoints":170},"latitude":55.557202,"currentOwner":{"name":"sadelgnidaren","id":202931},"time":"2021-07-13T05:33:24+0000","type":"takeover","longitude":12.914168},{"zone":{"previousOwner":{"name":"Plassen28","id":280072},"dateCreated":"2021-06-11T18:14:33+0000","dateLastTaken":"2021-07-13T05:33:21+0000","latitude":56.154834,"currentOwner":{"name":"tlgbgxx","id":16818},"name":"PangaISkogen","id":412486,"totalTakeovers":9,"region":{"country":"se","name":"Skåne","id":135},"pointsPerHour":1,"longitude":13.787922,"takeoverPoints":185},"latitude":56.154834,"currentOwner":{"name":"tlgbgxx","id":16818},"time":"2021-07-13T05:33:21+0000","type":"takeover","longitude":13.787922},{"zone":{"previousOwner":{"name":"heff2","id":180382},"dateCreated":"2013-03-15T14:00:00+0000","dateLastTaken":"2021-07-13T05:33:21+0000","latitude":59.527813,"currentOwner":{"name":"Hynbo-K","id":185727},"name":"Dragonella","id":15843,"totalTakeovers":2140,"region":{"country":"se","name":"Värmland","id":130},"pointsPerHour":4,"longitude":13.479283,"takeoverPoints":140},"latitude":59.527813,"currentOwner":{"name":"Hynbo-K","id":185727},"time":"2021-07-13T05:33:21+0000","type":"takeover","longitude":13.479283},{"zone":{"previousOwner":{"name":"omm","id":309019},"dateCreated":"2019-07-25T19:15:00+0000","dateLastTaken":"2021-07-13T05:33:21+0000","latitude":52.508717,"currentOwner":{"name":"Megachip","id":98053},"name":"Steinplatz","id":200492,"totalTakeovers":70,"region":{"country":"de","name":"Berlin","id":440},"pointsPerHour":1,"longitude":13.325932,"takeoverPoints":185},"latitude":52.508717,"currentOwner":{"name":"Megachip","id":98053},"time":"2021-07-13T05:33:21+0000","type":"takeover","longitude":13.325932},{"zone":{"previousOwner":{"name":"takayama","id":253773},"dateLastTaken":"2021-07-13T05:33:20+0000","latitude":60.171103,"totalTakeovers":4148,"pointsPerHour":3,"takeoverPoints":155,"dateCreated":"2015-12-04T13:39:56+0000","currentOwner":{"name":"EarlyBravo","id":121018},"name":"HelsinkiTrain","id":61708,"region":{"country":"fi","name":"Etelä-Suomi","id":185},"longitude":24.940042},"latitude":60.171103,"currentOwner":{"name":"EarlyBravo","id":121018},"time":"2021-07-13T05:33:20+0000","type":"takeover","longitude":24.940042},{"zone":{"previousOwner":{"name":"Nomadus","id":40305},"dateCreated":"2010-09-30T22:00:02+0000","dateLastTaken":"2021-07-13T05:33:20+0000","latitude":58.503975,"currentOwner":{"name":"Potkin","id":303579},"name":"Solsidan","id":852,"totalTakeovers":7000,"region":{"country":"se","name":"Västra Götaland","id":132},"pointsPerHour":6,"longitude":13.156978,"takeoverPoints":110},"latitude":58.503975,"currentOwner":{"name":"Potkin","id":303579},"time":"2021-07-13T05:33:20+0000","type":"takeover","longitude":13.156978},{"zone":{"previousOwner":{"name":"Rappapå","id":52562},"dateCreated":"2011-04-13T14:07:02+0000","dateLastTaken":"2021-07-13T05:33:20+0000","latitude":59.341681,"currentOwner":{"name":"Cekt","id":2191},"name":"Tomtebo","id":1619,"totalTakeovers":19597,"region":{"country":"se","name":"Stockholm","id":141},"pointsPerHour":9,"longitude":18.037671,"takeoverPoints":65},"latitude":59.341681,"currentOwner":{"name":"Cekt","id":2191},"time":"2021-07-13T05:33:20+0000","type":"takeover","longitude":18.037671},{"zone":{"previousOwner":{"name":"Roundhead","id":233054},"dateLastTaken":"2021-07-13T05:33:19+0000","latitude":59.369322,"totalTakeovers":1204,"pointsPerHour":4,"takeoverPoints":140,"dateCreated":"2015-07-14T08:00:00+0000","currentOwner":{"name":"takamine","id":281213},"name":"PluxCorner","id":55765,"region":{"country":"se","name":"Södermanland","id":140},"longitude":16.474735},"latitude":59.369322,"currentOwner":{"name":"takamine","id":281213},"time":"2021-07-13T05:33:19+0000","type":"takeover","longitude":16.474735},{"zone":{"previousOwner":{"name":"forestgrump","id":306268},"dateCreated":"2021-03-11T06:00:00+0000","dateLastTaken":"2021-07-13T05:33:17+0000","latitude":56.113995,"currentOwner":{"name":"devongrove","id":303727},"name":"WalledGardens","id":392364,"totalTakeovers":59,"region":{"country":"gb","name":"Scotland","id":200},"pointsPerHour":2,"longitude":-3.781728,"takeoverPoints":170},"latitude":56.113995,"currentOwner":{"name":"devongrove","id":303727},"time":"2021-07-13T05:33:17+0000","type":"takeover","longitude":-3.781728},{"zone":{"previousOwner":{"name":"capri","id":186499},"dateCreated":"2021-05-14T19:38:21+0000","dateLastTaken":"2021-07-13T05:33:17+0000","latitude":59.752898,"currentOwner":{"name":"kustbolotta","id":212644},"name":"KärlekIRopnäs","id":411316,"totalTakeovers":76,"region":{"country":"se","name":"Stockholm","id":141},"pointsPerHour":5,"longitude":18.729096,"takeoverPoints":125},"latitude":59.752898,"currentOwner":{"name":"kustbolotta","id":212644},"time":"2021-07-13T05:33:17+0000","type":"takeover","longitude":18.729096},{"zone":{"previousOwner":{"name":"KingOfTheSlope","id":30780},"dateCreated":"2021-04-17T07:06:11+0000","dateLastTaken":"2021-07-13T05:33:17+0000","latitude":59.876887,"currentOwner":{"name":"Munin","id":62408},"name":"NäraMålet","id":399121,"totalTakeovers":437,"region":{"country":"se","name":"Uppsala","id":142},"pointsPerHour":8,"longitude":17.636018,"takeoverPoints":80},"latitude":59.876887,"currentOwner":{"name":"Munin","id":62408},"time":"2021-07-13T05:33:17+0000","type":"takeover","longitude":17.636018},{"zone":{"previousOwner":{"name":"TheMadMats","id":35987},"dateCreated":"2014-07-28T22:00:00+0000","dateLastTaken":"2021-07-13T05:33:16+0000","latitude":58.996113,"currentOwner":{"name":"vindturf","id":118672},"name":"Mejerifred","id":32939,"totalTakeovers":3099,"region":{"country":"se","name":"Södermanland","id":140},"pointsPerHour":3,"longitude":16.188876,"takeoverPoints":155},"latitude":58.996113,"currentOwner":{"name":"vindturf","id":118672},"time":"2021-07-13T05:33:16+0000","type":"takeover","longitude":16.188876},{"zone":{"previousOwner":{"name":"FlitigaTobbe","id":48872},"dateCreated":"2016-12-11T12:00:00+0000","dateLastTaken":"2021-07-13T05:33:16+0000","latitude":59.639196,"currentOwner":{"name":"Ferna","id":55488},"name":"WildLife","id":92239,"totalTakeovers":10922,"region":{"country":"se","name":"Västmanland","id":143},"pointsPerHour":8,"longitude":16.539377,"takeoverPoints":80},"latitude":59.639196,"currentOwner":{"name":"Ferna","id":55488},"time":"2021-07-13T05:33:16+0000","type":"takeover","longitude":16.539377},{"zone":{"previousOwner":{"name":"hkburre","id":253553},"dateCreated":"2016-05-08T01:48:02+0000","dateLastTaken":"2021-07-13T05:33:15+0000","latitude":58.670925,"currentOwner":{"name":"AudioPelle","id":63238},"name":"Bearcroft","id":69007,"totalTakeovers":5062,"region":{"country":"se","name":"Södermanland","id":140},"pointsPerHour":6,"longitude":17.080039,"takeoverPoints":110},"latitude":58.670925,"currentOwner":{"name":"AudioPelle","id":63238},"time":"2021-07-13T05:33:15+0000","type":"takeover","longitude":17.080039},{"zone":{"previousOwner":{"name":"Torbanator1","id":331309},"dateCreated":"2016-12-13T06:00:00+0000","dateLastTaken":"2021-07-13T05:33:12+0000","latitude":59.379705,"currentOwner":{"name":"KSV","id":122606},"name":"Bromstensplan","id":91972,"totalTakeovers":1341,"region":{"country":"se","name":"Stockholm","id":141},"pointsPerHour":3,"longitude":17.914789,"takeoverPoints":155},"latitude":59.379705,"currentOwner":{"name":"KSV","id":122606},"time":"2021-07-13T05:33:12+0000","type":"takeover","longitude":17.914789},{"zone":{"previousOwner":{"name":"SUPERIOЯ","id":122085},"dateCreated":"2014-03-02T10:49:29+0000","dateLastTaken":"2021-07-13T05:33:11+0000","latitude":59.487889,"currentOwner":{"name":"Sucuriju","id":334898},"name":"Rankhuset","id":26172,"totalTakeovers":1483,"region":{"country":"se","name":"Stockholm","id":141},"pointsPerHour":4,"longitude":17.756099,"takeoverPoints":140},"latitude":59.487889,"currentOwner":{"name":"Sucuriju","id":334898},"time":"2021-07-13T05:33:11+0000","type":"takeover","longitude":17.756099}]