[{"medal":95,"time":"2023-05-29T11:25:00+0000","type":"medal","user":{"country":"se","medals":[95],"zones":[],"pointsPerHour":0,"points":155,"blocktime":10,"taken":1,"name":"Ohiodrajo92","totalPoints":155,"rank":0,"id":396740,"place":8485,"uniqueZonesTaken":1,"region":{"name":"Kalmar","id":137}}},{"medal":95,"time":"2023-05-29T11:25:00+0000","type":"medal","user":{"country":"se","medals":[95],"zones":[],"pointsPerHour":0,"points":155,"blocktime":10,"taken":1,"name":"Mango:)","totalPoints":155,"rank":0,"id":396750,"place":8485,"uniqueZonesTaken":1,"region":{"name":"Kalmar","id":137}}},{"medal":95,"time":"2023-05-29T11:25:00+0000","type":"medal","user":{"country":"se","medals":[95],"zones":[],"pointsPerHour":0,"points":155,"blocktime":10,"taken":1,"name":"Frank_Oland","totalPoints":155,"rank":0,"id":396742,"place":8485,"uniqueZonesTaken":1,"region":{"name":"Kalmar","id":137}}},{"medal":11,"time":"2023-05-29T11:24:48+0000","type":"medal","user":{"country":"se","medals":[51,86,93,11],"zones":[21638,95240,92667,23723,139868,7422,27983],"pointsPerHour":0,"points":15804,"blocktime":12,"taken":85,"name":"k-Moss","totalPoints":15804,"rank":10,"id":395624,"place":8484,"uniqueZonesTaken":50,"region":{"name":"Västra Götaland","id":132}}},{"medal":85,"time":"2023-05-29T11:24:18+0000","type":"medal","user":{"country":"se","medals":[80,85],"zones":[33841,11666,11667,432757,5971,179429,33707,175849,7244],"pointsPerHour":0,"points":892,"blocktime":10,"taken":10,"name":"Xavdah1","totalPoints":892,"rank":3,"id":396658,"place":8483,"uniqueZonesTaken":9,"region":{"name":"Uppsala","id":142}}},{"medal":84,"time":"2023-05-29T11:23:48+0000","type":"medal","user":{"country":"se","medals":[84],"zones":[933,21141,92139],"pointsPerHour":0,"points":318,"blocktime":10,"taken":5,"name":"fatema1judi","totalPoints":512,"rank":2,"id":379552,"place":8483,"uniqueZonesTaken":5,"region":{"name":"Östergötland","id":139}}},{"medal":80,"time":"2023-05-29T11:22:58+0000","type":"medal","user":{"country":"se","medals":[84,80],"zones":[21136,929,2291,97796,201380],"pointsPerHour":0,"points":651,"blocktime":10,"taken":6,"name":"Edwinas","totalPoints":651,"rank":2,"id":396707,"place":8480,"uniqueZonesTaken":6,"region":{"name":"Östergötland","id":139}}},{"medal":100,"time":"2023-05-29T11:22:52+0000","type":"medal","user":{"country":"se","medals":[85,80,94,100],"zones":[],"pointsPerHour":0,"points":170,"blocktime":11,"taken":21,"name":"Seth/Bettan","totalPoints":5327,"rank":6,"id":383884,"place":8480,"uniqueZonesTaken":12,"region":{"name":"Uppsala","id":142}}},{"medal":80,"time":"2023-05-29T11:22:34+0000","type":"medal","user":{"country":"se","medals":[93,84,80],"zones":[90929,70160,17668,37145,228056],"pointsPerHour":0,"points":499,"blocktime":10,"taken":6,"name":"kinojodienells","totalPoints":499,"rank":2,"id":396711,"place":8478,"uniqueZonesTaken":6,"region":{"name":"Östergötland","id":139}}},{"medal":84,"time":"2023-05-29T11:21:59+0000","type":"medal","user":{"country":"se","medals":[80,84],"zones":[17670,115063,115062,907,22319],"pointsPerHour":0,"points":481,"blocktime":10,"taken":5,"name":"ahmayaliealva","totalPoints":481,"rank":2,"id":396703,"place":8477,"uniqueZonesTaken":5,"region":{"name":"Östergötland","id":139}}},{"medal":80,"time":"2023-05-29T11:21:59+0000","type":"medal","user":{"country":"se","medals":[80,84],"zones":[17670,115063,115062,907,22319],"pointsPerHour":0,"points":481,"blocktime":10,"taken":5,"name":"ahmayaliealva","totalPoints":481,"rank":2,"id":396703,"place":8477,"uniqueZonesTaken":5,"region":{"name":"Östergötland","id":139}}},{"medal":41,"time":"2023-05-29T11:21:22+0000","type":"medal","user":{"country":"se","medals":[16,66,5,67,27,47,26,4,56,77,99,28,117,50,79,122,126,107,128,41],"zones":[7713,87427,138496,201381,286147,35912,7722,20971,978,1619,108980,187419,136248,42458,137561,29534],"pointsPerHour":0,"points":35284,"blocktime":22,"taken":25000,"name":"acinom66","totalPoints":4963344,"rank":49,"id":32394,"place":8477,"uniqueZonesTaken":4229,"region":{"name":"Stockholm","id":141}}}]