[{"country":"se","sender":{"country":"se","medals":[],"zones":[],"pointsPerHour":0,"points":0,"blocktime":10,"taken":0,"name":"Emanuel75","totalPoints":0,"rank":0,"id":396540,"place":8721,"uniqueZonesTaken":0},"time":"2023-05-30T20:07:41+0000","message":"🍑🍆💦","type":"chat"},{"medal":80,"time":"2023-05-30T20:07:36+0000","type":"medal","user":{"country":"se","medals":[80,84],"zones":[31440,31441,10947,31444,10948],"pointsPerHour":0,"points":476,"blocktime":10,"taken":5,"name":"floRidia","totalPoints":476,"rank":2,"id":397123,"place":8721,"uniqueZonesTaken":5,"region":{"name":"Västmanland","id":143}}},{"medal":84,"time":"2023-05-30T20:07:36+0000","type":"medal","user":{"country":"se","medals":[80,84],"zones":[31440,31441,10947,31444,10948],"pointsPerHour":0,"points":476,"blocktime":10,"taken":5,"name":"floRidia","totalPoints":476,"rank":2,"id":397123,"place":8721,"uniqueZonesTaken":5,"region":{"name":"Västmanland","id":143}}},{"country":"se","sender":{"country":"se","medals":[],"zones":[],"pointsPerHour":0,"points":0,"blocktime":10,"taken":0,"name":"Emanuel75","totalPoints":0,"rank":0,"id":396540,"place":8721,"uniqueZonesTaken":0},"time":"2023-05-30T20:07:14+0000","message":"🙋🏻\u200d♂️🙋🏻\u200d♂️🙋🏻\u200d♂️🙋🏻\u200d♂️🙋🏻\u200d♂️🙋🏻\u200d♂️🙋🏻\u200d♂️🙋🏻\u200d♂️🙋🏻\u200d♂️🙋🏻\u200d♂️","type":"chat"},{"medal":84,"time":"2023-05-30T20:04:52+0000","type":"medal","user":{"country":"se","medals":[95,84],"zones":[33736],"pointsPerHour":0,"points":590,"blocktime":10,"taken":5,"name":"NicoTheBest","totalPoints":590,"rank":2,"id":395151,"place":8721,"uniqueZonesTaken":5,"region":{"name":"Värmland","id":130}}},{"country":"se","sender":{"country":"se","medals":[],"zones":[],"pointsPerHour":0,"points":0,"blocktime":10,"taken":0,"name":"Emanuel75","totalPoints":0,"rank":0,"id":396540,"place":8721,"uniqueZonesTaken":0},"time":"2023-05-30T20:04:09+0000","message":"Adolf hitlers mamma 👩","type":"chat"}]