[{"medal":42,"time":"2023-05-29T15:46:34+0000","type":"medal","user":{"country":"se","medals":[51,94,11,127,42],"zones":[12160,85,17567],"pointsPerHour":0,"points":8015,"blocktime":13,"taken":250,"name":"GillarAttGå","totalPoints":34417,"rank":13,"id":388031,"place":8529,"uniqueZonesTaken":92,"region":{"name":"Östergötland","id":139}}},{"medal":101,"time":"2023-05-29T15:46:21+0000","type":"medal","user":{"country":"se","medals":[51,94,10,11,32,77,101],"zones":[2848,122871,51961,34620],"pointsPerHour":0,"points":6821,"blocktime":12,"taken":112,"name":"Robinking123","totalPoints":15507,"rank":10,"id":296267,"place":8529,"uniqueZonesTaken":55,"region":{"name":"Kalmar","id":137}}},{"medal":92,"time":"2023-05-29T15:41:42+0000","type":"medal","user":{"country":"se","medals":[85,51,92],"zones":[144228,18760,508078,43793,26131,296272,758,11766,21911,60124,43772,484473],"pointsPerHour":0,"points":4659,"blocktime":11,"taken":22,"name":"Alinde","totalPoints":4659,"rank":6,"id":394749,"place":8529,"uniqueZonesTaken":15,"region":{"name":"Västra Götaland","id":132}}}]