[{"country":"se","sender":{"country":"se","medals":[],"zones":[],"pointsPerHour":0,"points":0,"blocktime":10,"taken":0,"name":"Hugokungen","totalPoints":0,"rank":0,"id":396613,"place":8413,"uniqueZonesTaken":0},"time":"2023-05-29T08:36:08+0000","message":"hej","type":"chat"},{"medal":95,"time":"2023-05-29T08:35:30+0000","type":"medal","user":{"country":"se","medals":[95],"zones":[],"pointsPerHour":0,"points":450,"blocktime":10,"taken":3,"name":"code.orgen","totalPoints":450,"rank":2,"id":396598,"place":8413,"uniqueZonesTaken":2,"region":{"name":"Västernorrland","id":145}}},{"medal":95,"time":"2023-05-29T08:35:30+0000","type":"medal","user":{"country":"se","medals":[95],"zones":[4349],"pointsPerHour":0,"points":435,"blocktime":10,"taken":3,"name":"bilme","totalPoints":435,"rank":2,"id":396599,"place":8413,"uniqueZonesTaken":3,"region":{"name":"Västernorrland","id":145}}},{"medal":95,"time":"2023-05-29T08:35:30+0000","type":"medal","user":{"country":"se","medals":[95],"zones":[16841],"pointsPerHour":0,"points":295,"blocktime":10,"taken":2,"name":"geeber","totalPoints":295,"rank":1,"id":396597,"place":8413,"uniqueZonesTaken":2,"region":{"name":"Västernorrland","id":145}}},{"medal":100,"time":"2023-05-29T08:33:22+0000","type":"medal","user":{"country":"se","medals":[95,100],"zones":[],"pointsPerHour":0,"points":790,"blocktime":10,"taken":5,"name":"Elliott09","totalPoints":790,"rank":3,"id":396573,"place":8411,"uniqueZonesTaken":4,"region":{"name":"Västernorrland","id":145}}},{"medal":100,"time":"2023-05-29T08:33:22+0000","type":"medal","user":{"country":"se","medals":[95,100],"zones":[],"pointsPerHour":0,"points":790,"blocktime":10,"taken":5,"name":"erikblind1997","totalPoints":790,"rank":3,"id":396601,"place":8411,"uniqueZonesTaken":4,"region":{"name":"Västernorrland","id":145}}},{"medal":90,"time":"2023-05-29T08:28:17+0000","type":"medal","user":{"country":"se","medals":[93,51,92,31,90],"zones":[113504,46339,46756,46757,46342,102054,46759,46760,46761,46733,568325,30189,481716,22773,7958,411546,224157,43966,7967],"pointsPerHour":0,"points":5855,"blocktime":11,"taken":36,"name":"smågodis","totalPoints":5855,"rank":7,"id":393548,"place":8412,"uniqueZonesTaken":21,"region":{"name":"Södermanland","id":140}}}]