[{"medal":96,"time":"2023-05-30T07:02:26+0000","type":"medal","user":{"country":"se","medals":[96],"zones":[],"pointsPerHour":0,"points":140,"blocktime":10,"taken":1,"name":"First","totalPoints":140,"rank":0,"id":396922,"place":8582,"uniqueZonesTaken":1,"region":{"name":"Västra Götaland","id":132}}},{"medal":96,"time":"2023-05-30T07:02:26+0000","type":"medal","user":{"country":"se","medals":[96],"zones":[],"pointsPerHour":0,"points":140,"blocktime":10,"taken":1,"name":"Arvid.J","totalPoints":140,"rank":0,"id":396850,"place":8582,"uniqueZonesTaken":1,"region":{"name":"Västra Götaland","id":132}}},{"medal":96,"time":"2023-05-30T07:02:26+0000","type":"medal","user":{"country":"se","medals":[96],"zones":[],"pointsPerHour":0,"points":140,"blocktime":10,"taken":1,"name":"ZetZin","totalPoints":140,"rank":0,"id":396849,"place":8582,"uniqueZonesTaken":1,"region":{"name":"Västra Götaland","id":132}}},{"medal":96,"time":"2023-05-30T07:02:26+0000","type":"medal","user":{"country":"se","medals":[96],"zones":[],"pointsPerHour":0,"points":140,"blocktime":10,"taken":1,"name":"Isho","totalPoints":140,"rank":0,"id":396900,"place":8582,"uniqueZonesTaken":1,"region":{"name":"Västra Götaland","id":132}}},{"medal":96,"time":"2023-05-30T07:02:26+0000","type":"medal","user":{"country":"se","medals":[96],"zones":[],"pointsPerHour":0,"points":140,"blocktime":10,"taken":1,"name":"Nabil.Alkhatib","totalPoints":140,"rank":0,"id":396873,"place":8582,"uniqueZonesTaken":1,"region":{"name":"Västra Götaland","id":132}}},{"medal":96,"time":"2023-05-30T07:02:26+0000","type":"medal","user":{"country":"se","medals":[96],"zones":[],"pointsPerHour":0,"points":140,"blocktime":10,"taken":1,"name":"GabrielLide","totalPoints":140,"rank":0,"id":396918,"place":8582,"uniqueZonesTaken":1,"region":{"name":"Västra Götaland","id":132}}},{"medal":96,"time":"2023-05-30T07:02:26+0000","type":"medal","user":{"country":"se","medals":[96],"zones":[],"pointsPerHour":0,"points":140,"blocktime":10,"taken":1,"name":"Majed1","totalPoints":140,"rank":0,"id":396846,"place":8582,"uniqueZonesTaken":1,"region":{"name":"Västra Götaland","id":132}}},{"medal":84,"time":"2023-05-30T07:01:23+0000","type":"medal","user":{"country":"se","medals":[80,84],"zones":[481079,75075,173440,18052,565441],"pointsPerHour":0,"points":839,"blocktime":10,"taken":5,"name":"Mellle","totalPoints":839,"rank":3,"id":396861,"place":8582,"uniqueZonesTaken":5,"region":{"name":"Halland","id":134}}},{"medal":80,"time":"2023-05-30T07:01:23+0000","type":"medal","user":{"country":"se","medals":[80,84],"zones":[481079,75075,173440,18052,565441],"pointsPerHour":0,"points":839,"blocktime":10,"taken":5,"name":"Mellle","totalPoints":839,"rank":3,"id":396861,"place":8582,"uniqueZonesTaken":5,"region":{"name":"Halland","id":134}}},{"sender":{"country":"se","medals":[5,70,46,77,79,90,55,34,128,94,13,22,103,67],"zones":[50369,50244,517315,204043,26891,50252,26893,50253,80273,96337,488791,80275,510740,57683,210839,127253,57684,50199,54040,564051,432409,63905,165226,143531,154216,121707,328368,560432,484154,96126],"pointsPerHour":49,"points":125421,"blocktime":17,"taken":2046,"name":"eastmattis","totalPoints":386596,"rank":31,"id":387528,"place":431,"uniqueZonesTaken":307,"region":{"name":"Östergötland","id":139}},"time":"2023-05-30T07:00:55+0000","message":"tack så mycket för infon. Hoppas du blir glad för rensningen👍😎","region":{"name":"Östergötland","id":139},"type":"chat"},{"sender":{"country":"se","medals":[4,70,91,68,58,126,77,16,79,123,117,5,67,107,64,48,27,50,132,99,24,21,41,72],"zones":[319749,22305,23459,1448,12520,1449,32939,537893,69009,11953,83,110484,17497,8570,23515,11933,11935,139325,143965],"pointsPerHour":91,"points":89712,"blocktime":22,"taken":26261,"name":"pellea64","totalPoints":4727978,"rank":49,"id":91681,"place":710,"uniqueZonesTaken":3547,"region":{"name":"Södermanland","id":140}},"time":"2023-05-30T06:59:51+0000","message":"guerro: och nu är jag tillbaka i Östergötland och såg din kommentar;-)","region":{"name":"Östergötland","id":139},"type":"chat"},{"medal":93,"time":"2023-05-30T06:59:17+0000","type":"medal","user":{"country":"se","medals":[93],"zones":[],"pointsPerHour":0,"points":370,"blocktime":10,"taken":2,"name":"memiem","totalPoints":370,"rank":1,"id":396914,"place":8581,"uniqueZonesTaken":2,"region":{"name":"Västra Götaland","id":132}}},{"sender":{"country":"se","medals":[16,4,67,27,22,5,17,72,48,79,77,70,17,66,24,24,17,17,115,60,126,123,106,74,118,17,132],"zones":[549514,154241,565253,54797,564231,516629,177428,432284,432285,156962,138530,138531,93088,222113,222112,46372,549548,138532,228904,474283,143535,7983,364842,8367,8368,8369,8370,8371,8372,168886,356528,168887,50357,81591,168890,50360,168891,168888,168889,50364,114109,90175,472504,142914,50368,480967,142915,50370,50371,54212,66116,50373,142916,50374,142917,28871,50376,50379,50380,547418,485589,547419,57685,141527,57686,154458,154330,154328,154329,61788,61789,69855,155107,55521,115051,525154,33770,525155,115053,24685,509672,45040,24689,97523,24691,482036,203765,77047,77048,560243,145401,96125,226812],"pointsPerHour":108,"points":235942,"blocktime":24,"taken":85575,"name":"Lillkvadden","totalPoints":24323222,"rank":58,"id":70204,"place":115,"uniqueZonesTaken":5972,"region":{"name":"Östergötland","id":139}},"time":"2023-05-30T06:59:04+0000","message":"eastmattis: mickedif: går att köra hela varvet runt där","region":{"name":"Östergötland","id":139},"type":"chat"},{"medal":32,"time":"2023-05-30T06:58:32+0000","type":"medal","user":{"country":"se","medals":[93,100,92,52,32],"zones":[51568,6065,155075,51569,51570,145398,51574,198276,51575,428509,576535],"pointsPerHour":0,"points":19716,"blocktime":12,"taken":100,"name":"ronol59","totalPoints":21094,"rank":11,"id":389808,"place":8580,"uniqueZonesTaken":41,"region":{"name":"Jönköping","id":133}}},{"medal":85,"time":"2023-05-30T06:55:09+0000","type":"medal","user":{"country":"se","medals":[94,85],"zones":[139445,18045,61471],"pointsPerHour":0,"points":1619,"blocktime":11,"taken":10,"name":"jagdetden","totalPoints":1619,"rank":4,"id":395948,"place":8579,"uniqueZonesTaken":10,"region":{"name":"Halland","id":134}}}]