[{"country":"se","sender":{"country":"se","medals":[4,28,47,55,16,5,67,21,27,7,79,77,126,95,128,117,40,103,15,122],"zones":[316576],"pointsPerHour":1,"points":31442,"blocktime":1335,"taken":24764,"name":"raz","totalPoints":4584587,"rank":49,"id":2949,"place":686,"uniqueZonesTaken":1112,"region":{"name":"Örebro","id":131}},"time":"2023-04-10T18:18:29+0000","message":"Tveskägg: Jag ska byta mobil i dagarna så jag håller mig till zoner appen tycker att jag är i tills dess! Många tack för svar och tips!","type":"chat"},{"medal":93,"time":"2023-04-10T18:15:12+0000","type":"medal","user":{"country":"se","medals":[93],"zones":[115062],"pointsPerHour":0,"points":205,"blocktime":615,"taken":2,"name":"Delfinus","totalPoints":205,"rank":1,"id":388131,"place":5687,"uniqueZonesTaken":2,"region":{"name":"Östergötland","id":139}}}]