[{"medal":85,"time":"2023-02-13T11:41:55+0000","type":"medal","user":{"country":"se","medals":[100,96,85],"zones":[526227],"pointsPerHour":0,"points":680,"blocktime":11,"taken":11,"name":"Alfredrigbo","totalPoints":1601,"rank":4,"id":383999,"place":5197,"uniqueZonesTaken":10,"region":{"name":"Blekinge","id":136}}},{"medal":100,"time":"2023-02-13T11:36:53+0000","type":"medal","user":{"country":"se","medals":[94,100],"zones":[],"pointsPerHour":0,"points":610,"blocktime":10,"taken":5,"name":"Linneaaa11","totalPoints":610,"rank":2,"id":386040,"place":5190,"uniqueZonesTaken":5,"region":{"name":"Blekinge","id":136}}}]