[{"sender":{"country":"se","medals":[42,67,16,4,24,27,70,9,68,72,21,79,77,83,75,82,17,115,26,117,91,122,50,89,126,131,105],"zones":[142279,97188,166313,84781,154035,477622,62354,74547,17011,113493,110516,125398,113494,46489,46493,47422,166332,94078],"pointsPerHour":31,"points":18279,"blocktime":24,"taken":65636,"name":"VincentVega","totalPoints":14141294,"rank":57,"id":58769,"place":1070,"uniqueZonesTaken":3107,"region":{"name":"Västmanland","id":143}},"time":"2023-02-13T05:20:42+0000","message":"Gutteg: allvarligt?","region":{"name":"Västmanland","id":143},"type":"chat"},{"medal":36,"time":"2023-02-13T05:03:05+0000","type":"medal","user":{"country":"se","medals":[51,94,11,107,6,128,36],"zones":[11314,20948],"pointsPerHour":0,"points":4438,"blocktime":18,"taken":5000,"name":"sofie-dfs","totalPoints":721718,"rank":35,"id":304459,"place":5122,"uniqueZonesTaken":77,"region":{"name":"Örebro","id":131}}}]