[{"medal":92,"time":"2023-05-22T11:24:30+0000","type":"medal","user":{"country":"se","medals":[85,51,92],"zones":[404418,64900,111821,62061,114863,114865,114867,114868,590076,430298,425880,425881],"pointsPerHour":0,"points":3189,"blocktime":675,"taken":15,"name":"helloworld6319","totalPoints":3189,"rank":5,"id":393919,"place":7543,"uniqueZonesTaken":15,"region":{"name":"Värmland","id":130}}},{"medal":85,"time":"2023-05-22T11:21:36+0000","type":"medal","user":{"country":"se","medals":[80,93,85],"zones":[7798],"pointsPerHour":0,"points":435,"blocktime":645,"taken":10,"name":"will.i.am","totalPoints":1074,"rank":3,"id":369934,"place":7542,"uniqueZonesTaken":7,"region":{"name":"Värmland","id":130}}},{"medal":94,"time":"2023-05-22T11:20:55+0000","type":"medal","user":{"country":"se","medals":[94],"zones":[26862],"pointsPerHour":0,"points":220,"blocktime":615,"taken":2,"name":"Tanja02","totalPoints":220,"rank":1,"id":395078,"place":7542,"uniqueZonesTaken":2,"region":{"name":"Kalmar","id":137}}}]