[{"country":"se","sender":{"country":"se","medals":[],"zones":[],"pointsPerHour":0,"points":0,"blocktime":600,"taken":0,"name":"erikmarina123","totalPoints":0,"rank":0,"id":395134,"place":7575,"uniqueZonesTaken":0},"time":"2023-05-22T13:05:57+0000","message":"Hi","type":"chat"},{"medal":80,"time":"2023-05-22T13:02:01+0000","type":"medal","user":{"country":"se","medals":[80,84],"zones":[339,9482,12043,30558,109663],"pointsPerHour":0,"points":419,"blocktime":615,"taken":5,"name":"naeeeemi","totalPoints":419,"rank":1,"id":395127,"place":7574,"uniqueZonesTaken":5,"region":{"name":"Västra Götaland","id":132}}},{"medal":84,"time":"2023-05-22T13:02:01+0000","type":"medal","user":{"country":"se","medals":[80,84],"zones":[339,9482,12043,30558,109663],"pointsPerHour":0,"points":419,"blocktime":615,"taken":5,"name":"naeeeemi","totalPoints":419,"rank":1,"id":395127,"place":7574,"uniqueZonesTaken":5,"region":{"name":"Västra Götaland","id":132}}},{"medal":85,"time":"2023-05-22T12:59:59+0000","type":"medal","user":{"country":"se","medals":[114,17,100,85],"zones":[1577],"pointsPerHour":0,"points":1157,"blocktime":645,"taken":14,"name":"Ganondorf","totalPoints":1157,"rank":3,"id":394704,"place":7574,"uniqueZonesTaken":12,"region":{"name":"Västerbotten","id":127}}}]