[{"sender":{"country":"se","medals":[16,48,70,67,22,9,72,4,79,24,77,17,24,27,17,117,59,24,24,24,26,17,116,74,91,123,126,83,118,110,132],"zones":[153666,432167,49126,3046,111145,424714,80145,109971,514069,34259,432178,472562,136245,109977,306520,306522],"pointsPerHour":38,"points":84170,"blocktime":1440,"taken":87011,"name":"xelryz","totalPoints":12583007,"rank":56,"id":37514,"place":482,"uniqueZonesTaken":7227,"region":{"name":"Uppsala","id":142}},"time":"2023-05-23T05:00:18+0000","message":"Wowbagger: en zon i farten 👍","region":{"name":"Stockholm","id":141},"type":"chat"},{"sender":{"country":"se","medals":[4,79,47,56,77,16,94,103,26,126,122,50,128,88,72,91],"zones":[8224,20737,13665,563148,12424,22217,12425,37706,1226,208744,115084,20750,22193,17203,97845,17144,1081,44318,16447,67614],"pointsPerHour":118,"points":33217,"blocktime":1380,"taken":43296,"name":"Wowbagger","totalPoints":6536919,"rank":52,"id":91182,"place":1424,"uniqueZonesTaken":2902,"region":{"name":"Stockholm","id":141}},"time":"2023-05-23T04:59:36+0000","message":"xelryz: tågmöte","region":{"name":"Stockholm","id":141},"type":"chat"},{"medal":33,"time":"2023-05-23T04:51:10+0000","type":"medal","user":{"country":"se","medals":[51,93,6,12,33],"zones":[28371,80727,80728,1610,137561],"pointsPerHour":0,"points":9724,"blocktime":870,"taken":500,"name":"CamGyll","totalPoints":79148,"rank":18,"id":317562,"place":7632,"uniqueZonesTaken":136,"region":{"name":"Stockholm","id":141}}}]