[{"medal":80,"time":"2023-05-22T12:27:34+0000","type":"medal","user":{"country":"se","medals":[84,80],"zones":[43232,1376,1158,2796,2797],"pointsPerHour":0,"points":1222,"blocktime":660,"taken":7,"name":"Nova.e.kung","totalPoints":1222,"rank":4,"id":395096,"place":7566,"uniqueZonesTaken":7,"region":{"name":"Kalmar","id":137}}},{"medal":80,"time":"2023-05-22T12:27:06+0000","type":"medal","user":{"country":"se","medals":[80,84],"zones":[11344,12115,840,28987,517836],"pointsPerHour":0,"points":867,"blocktime":645,"taken":5,"name":"EmNaNo07D1","totalPoints":867,"rank":3,"id":395111,"place":7566,"uniqueZonesTaken":5,"region":{"name":"Västra Götaland","id":132}}},{"medal":84,"time":"2023-05-22T12:27:06+0000","type":"medal","user":{"country":"se","medals":[80,84],"zones":[11344,12115,840,28987,517836],"pointsPerHour":0,"points":867,"blocktime":645,"taken":5,"name":"EmNaNo07D1","totalPoints":867,"rank":3,"id":395111,"place":7566,"uniqueZonesTaken":5,"region":{"name":"Västra Götaland","id":132}}},{"medal":51,"time":"2023-05-22T12:26:18+0000","type":"medal","user":{"country":"se","medals":[93,100,92,86,51],"zones":[97297,13619,22758,8310,5574,79353,31789,12013,12014,31759],"pointsPerHour":0,"points":5494,"blocktime":705,"taken":53,"name":"ametli","totalPoints":6344,"rank":7,"id":391496,"place":7566,"uniqueZonesTaken":19,"region":{"name":"Västmanland","id":143}}}]