[{"country":"se","sender":{"country":"se","medals":[],"zones":[],"pointsPerHour":0,"points":0,"blocktime":600,"taken":0,"name":"MartinaNilsson","totalPoints":0,"rank":0,"id":394877,"place":7510,"uniqueZonesTaken":0},"time":"2023-05-22T08:44:16+0000","message":"Dags att komma tillbaka nu, 7A👏🏻","type":"chat"},{"medal":80,"time":"2023-05-22T08:43:16+0000","type":"medal","user":{"country":"se","medals":[84,80],"zones":[15091,476436,525153,122476,181039],"pointsPerHour":0,"points":1172,"blocktime":645,"taken":8,"name":"Oscar95","totalPoints":1172,"rank":3,"id":394997,"place":7510,"uniqueZonesTaken":6,"region":{"name":"Stockholm","id":141}}},{"medal":93,"time":"2023-05-22T08:42:46+0000","type":"medal","user":{"country":"se","medals":[93],"zones":[],"pointsPerHour":0,"points":95,"blocktime":600,"taken":1,"name":"jonljung","totalPoints":95,"rank":0,"id":395036,"place":7509,"uniqueZonesTaken":1,"region":{"name":"Södermanland","id":140}}},{"sender":{"country":"se","medals":[77,24,79,16,126,70,72,24,6,14,24,67,128,107,83,41,24,58,123,48,17,17,115],"zones":[169301],"pointsPerHour":7,"points":118403,"blocktime":1320,"taken":29977,"name":"EQ","totalPoints":4472543,"rank":48,"id":200915,"place":231,"uniqueZonesTaken":927,"region":{"name":"Västerbotten","id":127}},"time":"2023-05-22T08:42:04+0000","message":"MrJokerit: Hejdå! Kul att du besökte oss och tog med så fint väder! Var verkligen less på snön.","region":{"name":"Västerbotten","id":127},"type":"chat"},{"medal":93,"time":"2023-05-22T08:38:20+0000","type":"medal","user":{"country":"se","medals":[93],"zones":[170697],"pointsPerHour":0,"points":265,"blocktime":615,"taken":2,"name":"JOLOEEG","totalPoints":265,"rank":1,"id":395033,"place":7504,"uniqueZonesTaken":2,"region":{"name":"Gotland","id":138}}},{"medal":84,"time":"2023-05-22T08:38:20+0000","type":"medal","user":{"country":"se","medals":[84],"zones":[525152,1661,20702],"pointsPerHour":0,"points":734,"blocktime":645,"taken":5,"name":"Henrik7","totalPoints":734,"rank":3,"id":395001,"place":7504,"uniqueZonesTaken":5,"region":{"name":"Stockholm","id":141}}}]