[{"medal":86,"time":"2022-01-24T17:08:09+0000","type":"medal","user":{"country":"se","medals":[92,51,90,86],"zones":[10522,381145],"pointsPerHour":0,"points":7864,"blocktime":11,"taken":50,"name":"Dr.Finkel","totalPoints":7864,"rank":7,"id":353404,"place":6472,"uniqueZonesTaken":27,"region":{"name":"Östergötland","id":139}}},{"sender":{"country":"se","medals":[126,16,95,103,5,14,67,122,128,90,6,38,47,57],"zones":[],"pointsPerHour":0,"points":123385,"blocktime":20,"taken":11624,"name":"JimmyAIK94","totalPoints":2030763,"rank":42,"id":267637,"place":250,"uniqueZonesTaken":782,"region":{"name":"Stockholm","id":141}},"time":"2022-01-24T17:00:30+0000","message":"FlygarAlex: assist?","region":{"name":"Stockholm","id":141},"type":"chat"}]