[{"medal":80,"time":"2022-01-25T12:56:21+0000","type":"medal","user":{"country":"se","medals":[95,100,85,80],"zones":[109472,44097,44098,488,11630],"pointsPerHour":0,"points":957,"blocktime":10,"taken":12,"name":"aspect","totalPoints":957,"rank":3,"id":354411,"place":6536,"uniqueZonesTaken":9,"region":{"name":"Västmanland","id":143}}},{"medal":51,"time":"2022-01-25T12:51:00+0000","type":"medal","user":{"country":"se","medals":[85,51],"zones":[43248,28337,34657,11361,31889,17907,114938,1471,28335,1007],"pointsPerHour":0,"points":1427,"blocktime":11,"taken":11,"name":"olillya","totalPoints":1427,"rank":4,"id":354457,"place":6532,"uniqueZonesTaken":11,"region":{"name":"Skåne","id":135}}}]