[{"sender":{"country":"se","medals":[67,79,16,117,5,21,4,27,77,123,94,72,100,70,7,15,57,48,130,36],"zones":[128,20752,46913,28161,37076,8404,43497,43535],"pointsPerHour":15,"points":89554,"blocktime":19,"taken":5550,"name":"MonoMono","totalPoints":840336,"rank":36,"id":328075,"place":494,"uniqueZonesTaken":1161,"region":{"name":"Stockholm","id":141}},"time":"2022-01-24T19:24:11+0000","message":"Lill-Johan: 👍","region":{"name":"Stockholm","id":141},"type":"chat"},{"medal":86,"time":"2022-01-24T19:23:47+0000","type":"medal","user":{"country":"gb","medals":[93,92,51,101,86],"zones":[321556,321511,323825,323841,323900,48473],"pointsPerHour":0,"points":14047,"blocktime":12,"taken":50,"name":"FrontFlipMan","totalPoints":14047,"rank":9,"id":353526,"place":6474,"uniqueZonesTaken":47,"region":{"name":"Scotland","id":200}}},{"sender":{"country":"se","medals":[67,79,16,117,5,21,4,27,77,123,94,72,100,70,7,15,57,48,130,36],"zones":[128,20752,46913,28161,37076,8404,43497,43535],"pointsPerHour":15,"points":89554,"blocktime":19,"taken":5550,"name":"MonoMono","totalPoints":840336,"rank":36,"id":328075,"place":494,"uniqueZonesTaken":1161,"region":{"name":"Stockholm","id":141}},"time":"2022-01-24T19:23:09+0000","message":"Lill-Johan: Tomtebo?","region":{"name":"Stockholm","id":141},"type":"chat"},{"sender":{"country":"se","medals":[16,4,67,70,21,79,77,24,72,83,57,48,91,24,24,116,17,26,24,74,126,123,41,107,127],"zones":[1619,55764,62068,474722,324659,117561,169085],"pointsPerHour":18,"points":20385,"blocktime":22,"taken":28303,"name":"Lill-Johan","totalPoints":5084052,"rank":50,"id":52459,"place":2355,"uniqueZonesTaken":6741,"region":{"name":"Stockholm","id":141}},"time":"2022-01-24T19:20:15+0000","message":"MonoMono: Tog den i tunnelbanan. Helt otroligt.","region":{"name":"Stockholm","id":141},"type":"chat"},{"medal":32,"time":"2022-01-24T19:18:45+0000","type":"medal","user":{"country":"se","medals":[92,51,32],"zones":[1888,82280,25466],"pointsPerHour":0,"points":564,"blocktime":12,"taken":100,"name":"Karma38","totalPoints":19808,"rank":11,"id":257934,"place":6474,"uniqueZonesTaken":41,"region":{"name":"Skåne","id":135}}}]