[{"medal":84,"time":"2022-01-24T12:17:19+0000","type":"medal","user":{"country":"se","medals":[80,84],"zones":[141490,83570,25013,22631,12445],"pointsPerHour":0,"points":689,"blocktime":10,"taken":5,"name":"LoLlipopRazors","totalPoints":689,"rank":2,"id":354282,"place":6444,"uniqueZonesTaken":5,"region":{"name":"Västra Götaland","id":132}}},{"medal":80,"time":"2022-01-24T12:17:19+0000","type":"medal","user":{"country":"se","medals":[80,84],"zones":[141490,83570,25013,22631,12445],"pointsPerHour":0,"points":689,"blocktime":10,"taken":5,"name":"LoLlipopRazors","totalPoints":689,"rank":2,"id":354282,"place":6444,"uniqueZonesTaken":5,"region":{"name":"Västra Götaland","id":132}}},{"medal":37,"time":"2022-01-24T12:10:35+0000","type":"medal","user":{"country":"se","medals":[46,22,52,16,79,77,126,72,4,14,97,5,127,7,108,37],"zones":[25989],"pointsPerHour":0,"points":33358,"blocktime":19,"taken":7509,"name":"RödGubbe","totalPoints":1025064,"rank":38,"id":130421,"place":6443,"uniqueZonesTaken":621,"region":{"name":"Kalmar","id":137}}}]