[{"medal":84,"time":"2022-01-25T14:16:12+0000","type":"medal","user":{"country":"se","medals":[80,84],"zones":[51585,17908,199077,281849,1469],"pointsPerHour":0,"points":493,"blocktime":10,"taken":5,"name":"EbbHamp","totalPoints":493,"rank":2,"id":354484,"place":6559,"uniqueZonesTaken":5,"region":{"name":"Skåne","id":135}}},{"medal":80,"time":"2022-01-25T14:16:06+0000","type":"medal","user":{"country":"se","medals":[80],"zones":[51585,17908,199077,281849,1469],"pointsPerHour":0,"points":493,"blocktime":10,"taken":5,"name":"EbbHamp","totalPoints":493,"rank":2,"id":354484,"place":6559,"uniqueZonesTaken":5,"region":{"name":"Skåne","id":135}}},{"medal":93,"time":"2022-01-25T14:13:49+0000","type":"medal","user":{"country":"se","medals":[93],"zones":[599,185359,20542],"pointsPerHour":0,"points":456,"blocktime":10,"taken":4,"name":"LinneaEllen","totalPoints":456,"rank":2,"id":354486,"place":6556,"uniqueZonesTaken":4,"region":{"name":"Skåne","id":135}}},{"medal":84,"time":"2022-01-25T14:12:23+0000","type":"medal","user":{"country":"se","medals":[84],"zones":[1362,114933,20550,31882],"pointsPerHour":0,"points":434,"blocktime":10,"taken":5,"name":"NoahMan","totalPoints":434,"rank":2,"id":354359,"place":6556,"uniqueZonesTaken":5,"region":{"name":"Skåne","id":135}}},{"medal":93,"time":"2022-01-25T14:11:43+0000","type":"medal","user":{"country":"uk","medals":[11,55,32,93],"zones":[351429,351431,351430,351426,351436,392655,351433,351432,351435,351434,392661,476439,392660,392663,392662,392657,392656,349523,116567,349522,392658,348253,349277,349533,349532,348254,349278,349273,349275,349274,94177,349541,94179,94178,349542,349537,94181,94180,393891,349539,349538,94182,94184,94186,94509,94510],"pointsPerHour":0,"points":37966,"blocktime":13,"taken":111,"name":"kendalman","totalPoints":43728,"rank":14,"id":353025,"place":6556,"uniqueZonesTaken":65,"region":{"name":"North West England","id":201}}}]