[{"medal":85,"time":"2022-01-25T16:23:39+0000","type":"medal","user":{"country":"se","medals":[80,85],"zones":[7223,176843,146446,102525,27518,92670,86078],"pointsPerHour":0,"points":1680,"blocktime":11,"taken":10,"name":"K1Predator5","totalPoints":1680,"rank":4,"id":354409,"place":6574,"uniqueZonesTaken":9,"region":{"name":"Västra Götaland","id":132}}},{"sender":{"country":"se","medals":[67,79,16,122,28,14,4,48,57,103,77,68,39,95,6,117,130],"zones":[44800,2561,30850,7940,37128,62345,8462,94543,686,24787,62358,203540,223156,33689,79517,57086,14495,15359],"pointsPerHour":116,"points":154132,"blocktime":21,"taken":18824,"name":"mattihp","totalPoints":2473253,"rank":44,"id":10151,"place":190,"uniqueZonesTaken":911,"region":{"name":"Uppsala","id":142}},"time":"2022-01-25T16:21:37+0000","message":"tilverturf: assist kuggebro?","region":{"name":"Uppsala","id":142},"type":"chat"}]