[{"medal":32,"time":"2022-01-25T13:08:08+0000","type":"medal","user":{"country":"se","medals":[92,51,32],"zones":[44642,34259,7560],"pointsPerHour":0,"points":11500,"blocktime":12,"taken":100,"name":"Tessanturf","totalPoints":17085,"rank":10,"id":351928,"place":6539,"uniqueZonesTaken":19,"region":{"name":"Uppsala","id":142}}},{"medal":130,"time":"2022-01-25T13:06:47+0000","type":"medal","user":{"country":"se","medals":[90,93,12,100,53,35,130],"zones":[224011,653,5262,7919,222098,155921,1558,1561,955,429338,57726,429337,959],"pointsPerHour":0,"points":55045,"blocktime":18,"taken":2627,"name":"turfsnail","totalPoints":581551,"rank":34,"id":281840,"place":6539,"uniqueZonesTaken":160,"region":{"name":"Kronoberg","id":147}}}]