[{"medal":93,"time":"2022-01-24T10:48:51+0000","type":"medal","user":{"country":"gb","medals":[93],"zones":[],"pointsPerHour":0,"points":185,"blocktime":10,"taken":1,"name":"DillyDolly","totalPoints":185,"rank":0,"id":353630,"place":6434,"uniqueZonesTaken":1,"region":{"name":"North West England","id":201}}},{"medal":92,"time":"2022-01-24T10:45:16+0000","type":"medal","user":{"country":"gb","medals":[51,85,92],"zones":[357633,358511,357614,364494,364468,362039,362038,361712,357631,373662,357630,357625,357624,362040,357627],"pointsPerHour":0,"points":3126,"blocktime":11,"taken":15,"name":"Sketchy","totalPoints":3126,"rank":5,"id":354140,"place":6433,"uniqueZonesTaken":15,"region":{"name":"East of England","id":204}}},{"medal":53,"time":"2022-01-24T10:41:58+0000","type":"medal","user":{"country":"se","medals":[93,16,33,11,53],"zones":[76672,93376,44613,14982,44231,23945,24716,24717,153047,29020,119069,43360,429414,171682,223842,171683,189921,64549,171684,11954,11955,11956,11957,12215,12216,137530,45113,119224,45114,44159],"pointsPerHour":0,"points":47168,"blocktime":15,"taken":573,"name":"BittenS","totalPoints":131330,"rank":22,"id":351516,"place":6433,"uniqueZonesTaken":60,"region":{"name":"Jönköping","id":133}}}]