[{"medal":128,"time":"2021-10-25T15:07:15+0000","type":"medal","user":{"country":"se","medals":[5,22,47,16,67,70,10,15,94,66,117,56,38,4,126,77,102,122,78,128],"zones":[20737,138475,63006,63007],"pointsPerHour":0,"points":24938,"blocktime":1245,"taken":14485,"name":"snobben64","totalPoints":2235704,"rank":43,"id":56737,"place":7866,"uniqueZonesTaken":1930,"region":{"name":"Stockholm","id":141}}},{"medal":127,"time":"2021-10-25T15:03:18+0000","type":"medal","user":{"country":"uk","medals":[5,28,67,34,46,13,107,53,98,6,127],"zones":[19780,348881,374541,346747],"pointsPerHour":0,"points":26252,"blocktime":1065,"taken":2291,"name":"ESOCKisaKat","totalPoints":385660,"rank":31,"id":298730,"place":7866,"uniqueZonesTaken":456,"region":{"name":"West Midlands","id":208}}},{"medal":80,"time":"2021-10-25T15:03:06+0000","type":"medal","user":{"country":"se","medals":[93,80,84],"zones":[46451,465842,27110,95078,96189],"pointsPerHour":0,"points":1026,"blocktime":645,"taken":6,"name":"MoistGirl69","totalPoints":1026,"rank":3,"id":351054,"place":7866,"uniqueZonesTaken":6,"region":{"name":"Västra Götaland","id":132}}},{"medal":84,"time":"2021-10-25T15:03:06+0000","type":"medal","user":{"country":"se","medals":[93,80,84],"zones":[46451,465842,27110,95078,96189],"pointsPerHour":0,"points":1026,"blocktime":645,"taken":6,"name":"MoistGirl69","totalPoints":1026,"rank":3,"id":351054,"place":7866,"uniqueZonesTaken":6,"region":{"name":"Västra Götaland","id":132}}},{"medal":90,"time":"2021-10-25T15:02:30+0000","type":"medal","user":{"country":"se","medals":[92,52,86,90],"zones":[428806,42437,359520,42438,406382,207626,42445,114478,95664,42449,42450,83250,203707,203705,180569,50363,203548],"pointsPerHour":0,"points":21252,"blocktime":765,"taken":74,"name":"Peppekaka","totalPoints":21744,"rank":11,"id":346313,"place":7866,"uniqueZonesTaken":42,"region":{"name":"Västra Götaland","id":132}}},{"medal":84,"time":"2021-10-25T15:01:14+0000","type":"medal","user":{"country":"se","medals":[84],"zones":[12078],"pointsPerHour":0,"points":739,"blocktime":660,"taken":5,"name":"Fantomas","totalPoints":1251,"rank":4,"id":339950,"place":7866,"uniqueZonesTaken":1,"region":{"name":"Stockholm","id":141}}}]