[{"medal":51,"time":"2021-10-25T12:10:13+0000","type":"medal","user":{"country":"se","medals":[93,101,86,51,11],"zones":[117280,113666,64836,152551,155914,316700,158441,117279,95311,80110],"pointsPerHour":0,"points":10483,"blocktime":720,"taken":54,"name":"Starshine85","totalPoints":10483,"rank":8,"id":350905,"place":7856,"uniqueZonesTaken":50,"region":{"name":"Västernorrland","id":145}}},{"medal":11,"time":"2021-10-25T12:10:13+0000","type":"medal","user":{"country":"se","medals":[93,101,86,51,11],"zones":[117280,113666,64836,152551,155914,316700,158441,117279,95311,80110],"pointsPerHour":0,"points":10483,"blocktime":720,"taken":54,"name":"Starshine85","totalPoints":10483,"rank":8,"id":350905,"place":7856,"uniqueZonesTaken":50,"region":{"name":"Västernorrland","id":145}}},{"medal":84,"time":"2021-10-25T12:10:13+0000","type":"medal","user":{"country":"se","medals":[93,84],"zones":[24406],"pointsPerHour":0,"points":1051,"blocktime":645,"taken":6,"name":"lahoraes","totalPoints":1051,"rank":3,"id":350664,"place":7856,"uniqueZonesTaken":6,"region":{"name":"Uppsala","id":142}}}]