[{"medal":128,"time":"2021-10-26T04:54:34+0000","type":"medal","user":{"country":"se","medals":[93,100,10,11,46,53,78,33,128],"zones":[200113,111154,11236,22740,1414,117766,24092,24093],"pointsPerHour":0,"points":67096,"blocktime":900,"taken":773,"name":"Beppo62","totalPoints":107943,"rank":20,"id":340134,"place":7874,"uniqueZonesTaken":79,"region":{"name":"Stockholm","id":141}}},{"sender":{"country":"se","medals":[4,16,27,69,68,5,21,67,69,68,69,68,70,47,69,68,68,69,69,68,69,68,72,69,68,82,94,69,68,15,77,69,68,69,68,69,68,66,79,106,126,122,117,88,128],"zones":[3217,136308,1449,19227,27947],"pointsPerHour":25,"points":70119,"blocktime":1440,"taken":43465,"name":"TheMadMats","totalPoints":11125492,"rank":56,"id":35987,"place":885,"uniqueZonesTaken":1685,"region":{"name":"Södermanland","id":140}},"time":"2021-10-26T04:52:43+0000","message":"pellea64: Tack 👍😊","region":{"name":"Södermanland","id":140},"type":"chat"}]