[{"medal":84,"time":"2022-09-13T07:16:18+0000","type":"medal","user":{"country":"se","medals":[93,84],"zones":[22080,482,22747,23791],"pointsPerHour":0,"points":360,"blocktime":10,"taken":5,"name":"gäbalvasibell","totalPoints":360,"rank":1,"id":374331,"place":6917,"uniqueZonesTaken":5,"region":{"name":"Örebro","id":131}}},{"medal":84,"time":"2022-09-13T07:16:01+0000","type":"medal","user":{"country":"se","medals":[84],"zones":[50245,483416],"pointsPerHour":0,"points":763,"blocktime":10,"taken":5,"name":"Ulfe","totalPoints":763,"rank":3,"id":374325,"place":6917,"uniqueZonesTaken":4,"region":{"name":"Uppsala","id":142}}},{"country":"as","sender":{"country":"as","medals":[],"zones":[],"pointsPerHour":0,"points":1,"blocktime":10,"taken":0,"name":"hamemm01","totalPoints":1,"rank":0,"id":374309,"place":6917,"uniqueZonesTaken":0},"time":"2022-09-13T07:13:16+0000","message":"Hello","type":"chat"},{"medal":84,"time":"2022-09-13T07:12:31+0000","type":"medal","user":{"country":"se","medals":[84],"zones":[18720,480999,178390],"pointsPerHour":0,"points":616,"blocktime":10,"taken":5,"name":"deborabreznica","totalPoints":616,"rank":2,"id":374310,"place":6917,"uniqueZonesTaken":5,"region":{"name":"Uppsala","id":142}}},{"medal":84,"time":"2022-09-13T07:11:46+0000","type":"medal","user":{"country":"se","medals":[80,84],"zones":[62565,411279,12027,21612,543],"pointsPerHour":0,"points":450,"blocktime":10,"taken":5,"name":"Zelga","totalPoints":450,"rank":2,"id":374335,"place":6917,"uniqueZonesTaken":5,"region":{"name":"Örebro","id":131}}},{"medal":80,"time":"2022-09-13T07:11:46+0000","type":"medal","user":{"country":"se","medals":[80,84],"zones":[62565,411279,12027,21612,543],"pointsPerHour":0,"points":450,"blocktime":10,"taken":5,"name":"Zelga","totalPoints":450,"rank":2,"id":374335,"place":6917,"uniqueZonesTaken":5,"region":{"name":"Örebro","id":131}}}]