[{"medal":14,"time":"2022-09-13T06:36:34+0000","type":"medal","user":{"country":"se","medals":[93,57,16,79,77,28,47,27,130,6,36,14],"zones":[224009,22475,56078,56079,43924,16341,43927,206362,28637,12510,43104,47520,32545,47521,47522,179168,7779,136161,15848,11305,24880,14262,429438,14264,95037],"pointsPerHour":0,"points":95014,"blocktime":20,"taken":6492,"name":"Aner","totalPoints":2042583,"rank":42,"id":346266,"place":6900,"uniqueZonesTaken":500,"region":{"name":"Värmland","id":130}}},{"medal":84,"time":"2022-09-13T06:35:36+0000","type":"medal","user":{"country":"se","medals":[84],"zones":[317252,3384,31320,484670],"pointsPerHour":0,"points":866,"blocktime":10,"taken":5,"name":"ALM","totalPoints":866,"rank":3,"id":374296,"place":6900,"uniqueZonesTaken":5,"region":{"name":"Halland","id":134}}},{"medal":127,"time":"2022-09-13T06:35:02+0000","type":"medal","user":{"country":"se","medals":[67,16,22,4,24,70,48,27,72,49,77,79,91,17,58,89,99,107,83,123,50,127],"zones":[19696,31336,24168,46905,46907,46908,175583,31070,7759,34271],"pointsPerHour":0,"points":95489,"blocktime":23,"taken":59040,"name":"Ironhorse","totalPoints":7395305,"rank":53,"id":46186,"place":6900,"uniqueZonesTaken":2595,"region":{"name":"Västmanland","id":143}}},{"country":"se","sender":{"country":"se","medals":[],"zones":[],"pointsPerHour":0,"points":0,"blocktime":10,"taken":0,"name":"otjernstrom","totalPoints":1,"rank":0,"id":189245,"place":6898,"uniqueZonesTaken":0},"time":"2022-09-13T06:27:47+0000","message":"N21b - eventet är 60min. Återsamling vid hallen 9:25!","type":"chat"}]