[{"sender":{"country":"se","medals":[16,67,24,9,21,58,68,70,24,24,24,72,24,75,24,17,24,77,113,24,24,79,117,66,24,50,24,24,4,24,126,83,124,24,88,115,17,109,24,24,24,132],"zones":[1732,15113,179979,15114,122863],"pointsPerHour":44,"points":43479,"blocktime":22,"taken":48777,"name":"inda7","totalPoints":5867323,"rank":51,"id":61103,"place":524,"uniqueZonesTaken":3377,"region":{"name":"Västerbotten","id":127}},"time":"2022-09-12T06:34:44+0000","message":"praktikus:ta den,vi väntar på kolbäcksrakan","region":{"name":"Västerbotten","id":127},"type":"chat"}]