[{"medal":84,"time":"2022-09-13T11:32:25+0000","type":"medal","user":{"country":"se","medals":[94,84],"zones":[429397,139270,156807,12198],"pointsPerHour":0,"points":1066,"blocktime":10,"taken":6,"name":"eliaslj","totalPoints":1066,"rank":3,"id":372040,"place":7017,"uniqueZonesTaken":6,"region":{"name":"Skåne","id":135}}},{"medal":84,"time":"2022-09-13T11:29:22+0000","type":"medal","user":{"country":"se","medals":[80,84],"zones":[64903,696,19209,19210,7515],"pointsPerHour":0,"points":422,"blocktime":10,"taken":5,"name":"etad","totalPoints":422,"rank":2,"id":357698,"place":7013,"uniqueZonesTaken":5,"region":{"name":"Värmland","id":130}}},{"medal":80,"time":"2022-09-13T11:29:22+0000","type":"medal","user":{"country":"se","medals":[80,84],"zones":[64903,696,19209,19210,7515],"pointsPerHour":0,"points":422,"blocktime":10,"taken":5,"name":"etad","totalPoints":422,"rank":2,"id":357698,"place":7013,"uniqueZonesTaken":5,"region":{"name":"Värmland","id":130}}},{"medal":6,"time":"2022-09-13T11:28:36+0000","type":"medal","user":{"country":"de","medals":[92,53,86,6],"zones":[101041,201378,203600,201447,220663,362320,101038],"pointsPerHour":0,"points":2547,"blocktime":12,"taken":50,"name":"Schotte","totalPoints":16647,"rank":10,"id":302644,"place":7013,"uniqueZonesTaken":49,"region":{"name":"Sachsen","id":452}}},{"medal":86,"time":"2022-09-13T11:28:36+0000","type":"medal","user":{"country":"de","medals":[92,53,86,6],"zones":[101041,201378,203600,201447,220663,362320,101038],"pointsPerHour":0,"points":2547,"blocktime":12,"taken":50,"name":"Schotte","totalPoints":16647,"rank":10,"id":302644,"place":7013,"uniqueZonesTaken":49,"region":{"name":"Sachsen","id":452}}},{"medal":84,"time":"2022-09-13T11:27:04+0000","type":"medal","user":{"country":"se","medals":[94,84],"zones":[116018,115212,223932,23567],"pointsPerHour":0,"points":910,"blocktime":10,"taken":5,"name":"LeoJohansson.","totalPoints":910,"rank":3,"id":372039,"place":7010,"uniqueZonesTaken":5,"region":{"name":"Skåne","id":135}}}]