[{"medal":84,"time":"2022-09-12T08:32:54+0000","type":"medal","user":{"country":"se","medals":[84],"zones":[9648,762,44267],"pointsPerHour":0,"points":452,"blocktime":10,"taken":5,"name":"kingsized","totalPoints":452,"rank":2,"id":373905,"place":6665,"uniqueZonesTaken":5,"region":{"name":"Dalarna","id":129}}},{"sender":{"country":"se","medals":[5,67,27,70,16,93,57,28,4,47,122,79,14,77,131,41],"zones":[157378,93200,517862,111124,474748,444666,32188,8399,135789,155389],"pointsPerHour":41,"points":46148,"blocktime":22,"taken":26904,"name":"Daily-∞","totalPoints":5982310,"rank":51,"id":254091,"place":493,"uniqueZonesTaken":569,"region":{"name":"Stockholm","id":141}},"time":"2022-09-12T08:31:07+0000","message":"MrJokerit: Btw, I never ever heard of Roffe Ruff. Who did?","type":"chat"},{"medal":84,"time":"2022-09-12T08:30:03+0000","type":"medal","user":{"country":"se","medals":[93,84],"zones":[5312,24868,151862],"pointsPerHour":0,"points":598,"blocktime":10,"taken":5,"name":"Ukrainian","totalPoints":598,"rank":2,"id":373921,"place":6665,"uniqueZonesTaken":5,"region":{"name":"Örebro","id":131}}}]