[{"medal":102,"time":"2023-10-17T09:55:53+0000","type":"medal","user":{"country":"se","medals":[79,96,22,6,77,72,55,13,34,47,129,16,70,152,102],"zones":[113905,35912,157,13502],"pointsPerHour":0,"points":43829,"blocktime":17,"taken":1998,"name":"turfnylle","totalPoints":264752,"rank":29,"id":399973,"place":7346,"uniqueZonesTaken":343,"region":{"name":"Stockholm","id":141}}},{"medal":151,"time":"2023-10-17T09:52:35+0000","type":"medal","user":{"country":"se","medals":[16,127,13,55,117,97,34,151],"zones":[815],"pointsPerHour":0,"points":10515,"blocktime":17,"taken":1469,"name":"punkaren","totalPoints":299349,"rank":29,"id":390805,"place":7345,"uniqueZonesTaken":499,"region":{"name":"Västra Götaland","id":132}}}]