[{"medal":85,"time":"2023-10-17T07:28:15+0000","type":"medal","user":{"country":"se","medals":[80,85],"zones":[864,835,15958,327939,43144,874,11343],"pointsPerHour":0,"points":1092,"blocktime":10,"taken":10,"name":"Kittyblaberg","totalPoints":1092,"rank":3,"id":392729,"place":7326,"uniqueZonesTaken":9,"region":{"name":"Västra Götaland","id":132}}},{"medal":152,"time":"2023-10-17T07:27:30+0000","type":"medal","user":{"country":"se","medals":[4,54,79,16,46,15,90,123,117,36,131,98,24,66,30,105,152],"zones":[489476,568205,34517,557887,136364,5646,5918,34526,64318],"pointsPerHour":0,"points":25018,"blocktime":19,"taken":6693,"name":"Battlepoodle","totalPoints":1041645,"rank":38,"id":207535,"place":7326,"uniqueZonesTaken":1467,"region":{"name":"Stockholm","id":141}}},{"medal":32,"time":"2023-10-17T07:22:06+0000","type":"medal","user":{"country":"se","medals":[52,11,32],"zones":[15393,1577,45596,1726],"pointsPerHour":0,"points":5082,"blocktime":12,"taken":100,"name":"elefantöra","totalPoints":9807,"rank":8,"id":411681,"place":7326,"uniqueZonesTaken":68,"region":{"name":"Västerbotten","id":127}}}]