[{"sender":{"country":"se","medals":[16,24,70,4,67,17,24,26,44,29,72,91,79,77,83,75,113,22,24,27,68,17,117,76,49,68,24,116,17,30,82,24,62,124,126,121,119,17,125,24,17,132,24,68,17,45,24,143,24,153],"zones":[64017,470,6151,553987,200392,200398,6143],"pointsPerHour":46,"points":59652,"blocktime":24,"taken":150404,"name":"Munin","totalPoints":22177049,"rank":58,"id":62408,"place":684,"uniqueZonesTaken":19458,"region":{"name":"Uppsala","id":142}},"time":"2023-10-16T18:55:19+0000","message":"qivasaa: 😸","region":{"name":"Uppsala","id":142},"type":"chat"},{"sender":{"country":"se","medals":[5,16,9,28,67,17,17,22,79,77,17,27,91,49,17,116,126,50,124,4,26,131,17,89,57,75,17,152,109],"zones":[27105,33796,1573,1607,64680,4557,8463,48081,341,2454,2456,698,1564,28892,2558],"pointsPerHour":117,"points":34869,"blocktime":23,"taken":57491,"name":"qivasaa","totalPoints":8148639,"rank":54,"id":37264,"place":1257,"uniqueZonesTaken":3533,"region":{"name":"Uppsala","id":142}},"time":"2023-10-16T18:55:05+0000","message":"Munin: jajamen","region":{"name":"Uppsala","id":142},"type":"chat"},{"sender":{"country":"se","medals":[16,24,70,4,67,17,24,26,44,29,72,91,79,77,83,75,113,22,24,27,68,17,117,76,49,68,24,116,17,30,82,24,62,124,126,121,119,17,125,24,17,132,24,68,17,45,24,143,24,153],"zones":[64017,470,6151,553987,200392,200398,6143],"pointsPerHour":46,"points":59651,"blocktime":24,"taken":150404,"name":"Munin","totalPoints":22177048,"rank":58,"id":62408,"place":684,"uniqueZonesTaken":19458,"region":{"name":"Uppsala","id":142}},"time":"2023-10-16T18:54:42+0000","message":"qivasaa: assist WindyHome?","region":{"name":"Uppsala","id":142},"type":"chat"},{"medal":151,"time":"2023-10-16T18:52:21+0000","type":"medal","user":{"country":"se","medals":[17,24,24,70,77,79,24,24,91,24,126,52,16,24,26,17,116,24,24,30,14,34,106,129,24,151],"zones":[],"pointsPerHour":0,"points":10062,"blocktime":16,"taken":1335,"name":"MirreLi","totalPoints":227648,"rank":27,"id":73840,"place":7301,"uniqueZonesTaken":578,"region":{"name":"Västra Götaland","id":132}}}]