[{"medal":93,"time":"2023-10-16T08:15:28+0000","type":"medal","user":{"country":"se","medals":[93],"zones":[],"pointsPerHour":0,"points":310,"blocktime":10,"taken":2,"name":"Ir1s","totalPoints":310,"rank":1,"id":414006,"place":7168,"uniqueZonesTaken":2,"region":{"name":"Stockholm","id":141}}},{"medal":153,"time":"2023-10-16T08:13:37+0000","type":"medal","user":{"country":"se","medals":[16,55,17,47,22,79,77,72,15,117,17,115,123,126,89,131,91,103,153],"zones":[138498,8240,57184,92304,12067,211,64104,64091,204],"pointsPerHour":0,"points":50006,"blocktime":23,"taken":62074,"name":"Rubacava","totalPoints":7888146,"rank":53,"id":56448,"place":7168,"uniqueZonesTaken":1453,"region":{"name":"Stockholm","id":141}}},{"medal":85,"time":"2023-10-16T08:12:56+0000","type":"medal","user":{"country":"se","medals":[51,85],"zones":[28832,2981,29015,29143,16904,602755,226814,29054,7870,21743],"pointsPerHour":0,"points":1693,"blocktime":11,"taken":10,"name":"TURF_JKPG","totalPoints":1693,"rank":4,"id":407772,"place":7168,"uniqueZonesTaken":10,"region":{"name":"Jönköping","id":133}}},{"medal":51,"time":"2023-10-16T08:12:56+0000","type":"medal","user":{"country":"se","medals":[51,85],"zones":[28832,2981,29015,29143,16904,602755,226814,29054,7870,21743],"pointsPerHour":0,"points":1693,"blocktime":11,"taken":10,"name":"TURF_JKPG","totalPoints":1693,"rank":4,"id":407772,"place":7168,"uniqueZonesTaken":10,"region":{"name":"Jönköping","id":133}}},{"medal":86,"time":"2023-10-16T08:11:22+0000","type":"medal","user":{"country":"se","medals":[80,86],"zones":[179810,115721,2861,519738,228669],"pointsPerHour":0,"points":5366,"blocktime":11,"taken":50,"name":"Baccus","totalPoints":7332,"rank":7,"id":410215,"place":7168,"uniqueZonesTaken":11,"region":{"name":"Kalmar","id":137}}},{"medal":152,"time":"2023-10-16T08:08:05+0000","type":"medal","user":{"country":"se","medals":[93,100,11,32,52,152],"zones":[219394,481730,47909,28806,29033,29034,28940,29038,80819,7412,233588,7416,65336,172923,7417,413532,7418,515452,601271,515448],"pointsPerHour":0,"points":25012,"blocktime":13,"taken":156,"name":"Kaffet","totalPoints":33472,"rank":13,"id":410059,"place":7166,"uniqueZonesTaken":59,"region":{"name":"Västra Götaland","id":132}}}]