[{"medal":86,"time":"2023-10-16T18:33:48+0000","type":"medal","user":{"country":"se","medals":[93,80,92,86],"zones":[7480,111883,481930,20510],"pointsPerHour":0,"points":5202,"blocktime":12,"taken":50,"name":"cnm85","totalPoints":9229,"rank":8,"id":382610,"place":7301,"uniqueZonesTaken":25,"region":{"name":"Skåne","id":135}}},{"medal":86,"time":"2023-10-16T18:28:14+0000","type":"medal","user":{"country":"gb","medals":[51,92,86],"zones":[321541,321542,320902,321543,350305,320897,321544,321524,321525,321522,365778,321523,374002,318905],"pointsPerHour":0,"points":8354,"blocktime":12,"taken":50,"name":"Kenica","totalPoints":8354,"rank":8,"id":412246,"place":7301,"uniqueZonesTaken":35,"region":{"name":"Scotland","id":200}}}]