[{"medal":94,"time":"2023-04-18T07:09:24+0000","type":"medal","user":{"country":"se","medals":[94],"zones":[50233],"pointsPerHour":0,"points":370,"blocktime":10,"taken":2,"name":"saga122","totalPoints":370,"rank":1,"id":388922,"place":6646,"uniqueZonesTaken":2,"region":{"name":"Östergötland","id":139}}},{"medal":94,"time":"2023-04-18T07:09:24+0000","type":"medal","user":{"country":"se","medals":[94],"zones":[],"pointsPerHour":0,"points":185,"blocktime":10,"taken":1,"name":"Tuva.3","totalPoints":185,"rank":0,"id":388919,"place":6646,"uniqueZonesTaken":1,"region":{"name":"Östergötland","id":139}}},{"medal":80,"time":"2023-04-18T07:08:09+0000","type":"medal","user":{"country":"se","medals":[84,80],"zones":[11360,138580,199077,20550,23960],"pointsPerHour":0,"points":569,"blocktime":10,"taken":7,"name":"T_HSacred","totalPoints":968,"rank":3,"id":272081,"place":6646,"uniqueZonesTaken":7,"region":{"name":"Skåne","id":135}}},{"medal":84,"time":"2023-04-18T07:02:22+0000","type":"medal","user":{"country":"se","medals":[80,84],"zones":[514518,17319,27835,1470,27838],"pointsPerHour":0,"points":702,"blocktime":10,"taken":5,"name":"steffegamer","totalPoints":702,"rank":3,"id":388928,"place":6645,"uniqueZonesTaken":5,"region":{"name":"Skåne","id":135}}},{"medal":80,"time":"2023-04-18T07:02:22+0000","type":"medal","user":{"country":"se","medals":[80,84],"zones":[514518,17319,27835,1470,27838],"pointsPerHour":0,"points":702,"blocktime":10,"taken":5,"name":"steffegamer","totalPoints":702,"rank":3,"id":388928,"place":6645,"uniqueZonesTaken":5,"region":{"name":"Skåne","id":135}}}]