[{"medal":84,"time":"2023-04-18T08:30:15+0000","type":"medal","user":{"country":"se","medals":[94,84],"zones":[372,136373],"pointsPerHour":0,"points":341,"blocktime":10,"taken":5,"name":"Sofianr3","totalPoints":341,"rank":1,"id":389030,"place":6696,"uniqueZonesTaken":5,"region":{"name":"Västra Götaland","id":132}}},{"medal":84,"time":"2023-04-18T08:28:53+0000","type":"medal","user":{"country":"se","medals":[93,84],"zones":[21454],"pointsPerHour":0,"points":387,"blocktime":10,"taken":5,"name":"lilaellen","totalPoints":387,"rank":1,"id":389007,"place":6696,"uniqueZonesTaken":5,"region":{"name":"Västra Götaland","id":132}}},{"medal":95,"time":"2023-04-18T08:27:41+0000","type":"medal","user":{"country":"se","medals":[95],"zones":[361,11451],"pointsPerHour":0,"points":305,"blocktime":10,"taken":4,"name":"vega2","totalPoints":305,"rank":1,"id":389012,"place":6692,"uniqueZonesTaken":4,"region":{"name":"Västra Götaland","id":132}}},{"medal":84,"time":"2023-04-18T08:25:36+0000","type":"medal","user":{"country":"se","medals":[94,84],"zones":[184505,1117],"pointsPerHour":0,"points":417,"blocktime":10,"taken":5,"name":"frivi5","totalPoints":417,"rank":1,"id":389023,"place":6690,"uniqueZonesTaken":5,"region":{"name":"Västra Götaland","id":132}}}]