[{"sender":{"country":"se","medals":[79,77,28,24,16,17,5,67,70,27,48,21,68,126,4,124,117,59,108,24,17,116,91,49,26,74,132,45,30,25,125,24,118],"zones":[14786,49123,470339,21604,470338,50153,49129,17165,11632,44594,30869,79383,31486],"pointsPerHour":21,"points":218937,"blocktime":24,"taken":79674,"name":"allinug","totalPoints":14104474,"rank":57,"id":227848,"place":44,"uniqueZonesTaken":6105,"region":{"name":"Uppsala","id":142}},"time":"2023-04-17T18:37:34+0000","message":"Haquin: Ska bara ta några zoner på mitt varv (24 runt Uppsala)","region":{"name":"Uppsala","id":142},"type":"chat"}]