[{"medal":51,"time":"2022-07-11T15:42:46+0000","type":"medal","user":{"country":"se","medals":[85,92,90,51],"zones":[37714,30819,32389,37717,37718,37720,8153,37722,8155],"pointsPerHour":0,"points":3509,"blocktime":11,"taken":20,"name":"Bosom","totalPoints":3509,"rank":6,"id":367512,"place":5931,"uniqueZonesTaken":19,"region":{"name":"Södermanland","id":140}}},{"medal":93,"time":"2022-07-11T15:40:41+0000","type":"medal","user":{"country":"se","medals":[93],"zones":[46804,44597,18118],"pointsPerHour":0,"points":486,"blocktime":10,"taken":4,"name":"Nitsirk","totalPoints":486,"rank":2,"id":367681,"place":5930,"uniqueZonesTaken":4,"region":{"name":"Uppsala","id":142}}},{"medal":90,"time":"2022-07-11T15:35:02+0000","type":"medal","user":{"country":"se","medals":[80,85,92,90],"zones":[37713,37714,8149,8150,37720,8153,8154,37722,8155],"pointsPerHour":0,"points":2960,"blocktime":11,"taken":16,"name":"Bosom","totalPoints":2960,"rank":5,"id":367512,"place":5930,"uniqueZonesTaken":15,"region":{"name":"Södermanland","id":140}}},{"medal":92,"time":"2022-07-11T15:35:02+0000","type":"medal","user":{"country":"se","medals":[80,85,92,90],"zones":[37713,37714,8149,8150,37720,8153,8154,37722,8155],"pointsPerHour":0,"points":2960,"blocktime":11,"taken":16,"name":"Bosom","totalPoints":2960,"rank":5,"id":367512,"place":5930,"uniqueZonesTaken":15,"region":{"name":"Södermanland","id":140}}}]