[{"medal":12,"time":"2022-07-12T14:48:45+0000","type":"medal","user":{"country":"se","medals":[93,90,71,32,102,52,12],"zones":[37408,7585,78435,43171,37411,94500,8614,8615,7592,192878,192877,114483,47606,47607,24280,47608,80091,80093,315545,80092,75039,1567],"pointsPerHour":0,"points":16789,"blocktime":13,"taken":192,"name":"kolaåberg","totalPoints":29755,"rank":13,"id":366107,"place":6049,"uniqueZonesTaken":100,"region":{"name":"Stockholm","id":141}}},{"medal":37,"time":"2022-07-12T14:44:13+0000","type":"medal","user":{"country":"se","medals":[11,9,16,67,5,27,46,4,28,70,15,66,97,100,57,126,122,79,37],"zones":[7794,33737,204905,44732],"pointsPerHour":0,"points":1117,"blocktime":20,"taken":7500,"name":"Walking","totalPoints":1732604,"rank":41,"id":46828,"place":6049,"uniqueZonesTaken":1920,"region":{"name":"Värmland","id":130}}}]