[{"medal":79,"time":"2022-07-11T14:55:02+0000","type":"medal","user":{"country":"se","medals":[126,16,95,5,14,67,122,128,6,38,47,57,104,10,79],"zones":[84531,3093,114263,7158,7159,36428,22221,7134,6110,37103],"pointsPerHour":0,"points":40280,"blocktime":21,"taken":13549,"name":"JimmyAIK94","totalPoints":2378574,"rank":44,"id":267637,"place":5923,"uniqueZonesTaken":840,"region":{"name":"Stockholm","id":141}}},{"medal":31,"time":"2022-07-11T14:54:26+0000","type":"medal","user":{"country":"se","medals":[100,80,94,92,77,31],"zones":[926],"pointsPerHour":0,"points":3051,"blocktime":11,"taken":36,"name":"Snoka","totalPoints":5504,"rank":7,"id":367148,"place":5923,"uniqueZonesTaken":30,"region":{"name":"Västra Götaland","id":132}}},{"medal":14,"time":"2022-07-11T14:54:02+0000","type":"medal","user":{"country":"se","medals":[5,94,67,70,24,122,35,16,79,55,130,28,102,47,14],"zones":[57729,52930,57730,57731,43364,43366,43367,180617,59280,59281,59282,79506,155318,324561,11126,9756,180606],"pointsPerHour":0,"points":46343,"blocktime":18,"taken":3854,"name":"DJ81","totalPoints":615019,"rank":34,"id":337187,"place":5923,"uniqueZonesTaken":500,"region":{"name":"Västerbotten","id":127}}}]