[{"sender":{"country":"se","medals":[5,67,64,16,47,22,24,4,17,72,79,77,15,27,66,26,57,126,123,88,103,129,116,17],"zones":[137536,180678,23686,23693,22349,22350,96208,8338,54294,56662,2839,235417,43229,179805,26855,154981,939,25773,12461,26862,515575,26864,23993,515576],"pointsPerHour":98,"points":42390,"blocktime":23,"taken":44339,"name":"MariaDeje","totalPoints":8638309,"rank":54,"id":41536,"place":569,"uniqueZonesTaken":2111,"region":{"name":"Kalmar","id":137}},"time":"2022-07-11T18:38:48+0000","message":"Callet: Ja! Vart kom du ifrån? Hoppas jag inte förstörde din plan?","region":{"name":"Kalmar","id":137},"type":"chat"},{"sender":{"country":"se","medals":[46,5,22,67,55,24,7,16,70,15,90,77,79,4,126,102,127,73,17,116],"zones":[29226,940],"pointsPerHour":11,"points":10333,"blocktime":22,"taken":32108,"name":"Callet","totalPoints":5699460,"rank":50,"id":49038,"place":2102,"uniqueZonesTaken":2065,"region":{"name":"Kalmar","id":137}},"time":"2022-07-11T18:37:43+0000","message":"MariaDeje: funkar det bra att cykla i gruset?","region":{"name":"Kalmar","id":137},"type":"chat"},{"sender":{"country":"se","medals":[5,77,28,70,47,79,4,16,67,94,117,22,123,126,15,103,130,38,91,57],"zones":[94912,22755,480050],"pointsPerHour":24,"points":13402,"blocktime":20,"taken":11551,"name":"Kartago","totalPoints":1321487,"rank":40,"id":232934,"place":1762,"uniqueZonesTaken":1970,"region":{"name":"Västmanland","id":143}},"time":"2022-07-11T18:37:30+0000","message":"tack för info, båda två.","region":{"name":"Västmanland","id":143},"type":"chat"},{"sender":{"country":"se","medals":[5,77,28,70,47,79,4,16,67,94,117,22,123,126,15,103,130,38,91,57],"zones":[94912,22755,480050],"pointsPerHour":24,"points":13402,"blocktime":20,"taken":11551,"name":"Kartago","totalPoints":1321487,"rank":40,"id":232934,"place":1762,"uniqueZonesTaken":1970,"region":{"name":"Västmanland","id":143}},"time":"2022-07-11T18:37:17+0000","message":"ibanezlespaul: Oj, så pass... då tänker jag inte cykla dit.","region":{"name":"Västmanland","id":143},"type":"chat"},{"sender":{"country":"wd","medals":[79,16,28,127,67,97,122,57,35,77,14,47,103,6],"zones":[373509,431302,373508,431303,373511,393860,431300,373510,393861,431301,393858,431298,393859,431299,373507,393856,431296,373506,393857,431297,373513,373515,431304,373514,431305,431142,431143,430958,357229,431151,430959,431148,430956,431149,430957,431146,430966,431154,431152,430960,431294,93177,431295,393855,431292,357241,431291],"pointsPerHour":47,"points":17041,"blocktime":19,"taken":3586,"name":"ktmcnl","totalPoints":985200,"rank":38,"id":336566,"place":1491,"uniqueZonesTaken":651,"region":{"name":"Ireland","id":266}},"time":"2022-07-11T18:36:49+0000","message":"Spike_L: have fun! I\u2019ll tKe a few of the south side ones back tomorrow but working so not going to get to the city centre\u2026","region":{"name":"Ireland","id":266},"type":"chat"},{"medal":4,"time":"2022-07-11T18:31:27+0000","type":"medal","user":{"country":"se","medals":[53,126,94,46,90,16,13,102,38,130,4],"zones":[178992,224549,47193],"pointsPerHour":0,"points":11589,"blocktime":20,"taken":10502,"name":"Leania","totalPoints":1541122,"rank":41,"id":234124,"place":5964,"uniqueZonesTaken":307,"region":{"name":"Västerbotten","id":127}}}]