[{"medal":7,"time":"2022-07-12T07:29:01+0000","type":"medal","user":{"country":"se","medals":[80,86,101,11,94,7],"zones":[],"pointsPerHour":0,"points":725,"blocktime":12,"taken":88,"name":"KeepOnLooking","totalPoints":15554,"rank":10,"id":279713,"place":5988,"uniqueZonesTaken":65,"region":{"name":"Kalmar","id":137}}},{"medal":93,"time":"2022-07-12T07:26:04+0000","type":"medal","user":{"country":"jp","medals":[93],"zones":[65727],"pointsPerHour":0,"points":470,"blocktime":10,"taken":2,"name":"misato","totalPoints":470,"rank":2,"id":367690,"place":5986,"uniqueZonesTaken":2,"region":{"name":"Kansai","id":390}}},{"medal":28,"time":"2022-07-12T07:25:06+0000","type":"medal","user":{"country":"se","medals":[92,52,46,32,28],"zones":[44705,38273,38274,488771,7877,7910,7879,617,618,139464,12335,21363,11894,23606,50906,139644],"pointsPerHour":0,"points":14995,"blocktime":12,"taken":108,"name":"polarca","totalPoints":14995,"rank":9,"id":367326,"place":5986,"uniqueZonesTaken":46,"region":{"name":"Norrbotten","id":126}}},{"medal":6,"time":"2022-07-12T07:25:06+0000","type":"medal","user":{"country":"se","medals":[54,12,34,90,16,6],"zones":[141546,21770,21771,21772,139055,24432,208849,21462,246965,21463,21464,201274,21465,154876,34462],"pointsPerHour":0,"points":7236,"blocktime":18,"taken":1317,"name":"Skugg@n67","totalPoints":411278,"rank":32,"id":346876,"place":5986,"uniqueZonesTaken":160,"region":{"name":"Skåne","id":135}}}]