[{"sender":{"country":"se","medals":[5,16,24,67,24,27,70,7,43,28,47,24,17,15,78,116,17,117,122,59,68,126,4,127,102,87],"zones":[485111,396802,569998,286162,12215,92329,32235],"pointsPerHour":7,"points":26722,"blocktime":23,"taken":35998,"name":"geoturfwera","totalPoints":9641441,"rank":55,"id":32963,"place":1616,"uniqueZonesTaken":1786,"region":{"name":"Jönköping","id":133}},"time":"2023-07-17T22:20:57+0000","message":"DuckMySick: Haha, på onsdag blir nästa löprunda😊👍🏽","region":{"name":"Jönköping","id":133},"type":"chat"},{"medal":86,"time":"2023-07-17T22:14:39+0000","type":"medal","user":{"country":"se","medals":[92,51,86],"zones":[7728,62692,1588,1589,62984,27913,30330,122475,80266,1772,23966],"pointsPerHour":0,"points":2979,"blocktime":12,"taken":50,"name":"qdbp","totalPoints":11564,"rank":8,"id":13638,"place":6920,"uniqueZonesTaken":28,"region":{"name":"Skåne","id":135}}}]