[{"sender":{"country":"se","medals":[16,9,4,72,48,68,79,24,77,68,96,68,68,59,7,15,122,67,5,126,68,118,103],"zones":[],"pointsPerHour":0,"points":15498,"blocktime":24,"taken":84103,"name":"Suzzo","totalPoints":19318943,"rank":58,"id":123234,"place":2334,"uniqueZonesTaken":1524,"region":{"name":"Södermanland","id":140}},"time":"2023-07-18T07:25:27+0000","message":"plux: De er mitt hjertes rose\nvofor reiste du din kör💓🍻","region":{"name":"Södermanland","id":140},"type":"chat"},{"medal":53,"time":"2023-07-18T07:01:41+0000","type":"medal","user":{"country":"dk","medals":[90,86,11,53],"zones":[568264,62149,34313,34314,568194,34315,568195,6923,34316,568196,6862,568263,568199,565146,34007,568233,568224,34280,568225,582561,582562,34282,582563,568228,568250,568251,34295,568244,568245,568246],"pointsPerHour":0,"points":6188,"blocktime":13,"taken":56,"name":"pcheick","totalPoints":26284,"rank":12,"id":25326,"place":6928,"uniqueZonesTaken":56,"region":{"name":"Hovedstaden","id":172}}}]