[{"sender":{"country":"se","medals":[16,122,47,79,22,28,107,4,57,95,127,7,38,50],"zones":[78287],"pointsPerHour":5,"points":9480,"blocktime":20,"taken":13850,"name":"Virulf","totalPoints":2140574,"rank":43,"id":278756,"place":2061,"uniqueZonesTaken":2726,"region":{"name":"Stockholm","id":141}},"time":"2023-02-14T10:57:37+0000","message":"bflod:Attans, jag dagdrömde","region":{"name":"Stockholm","id":141},"type":"chat"},{"medal":31,"time":"2023-02-14T10:49:38+0000","type":"medal","user":{"country":"se","medals":[96,80,92,31],"zones":[121712,226,229,246,6075],"pointsPerHour":0,"points":2922,"blocktime":11,"taken":25,"name":"harilase","totalPoints":2922,"rank":5,"id":385752,"place":5313,"uniqueZonesTaken":16,"region":{"name":"Stockholm","id":141}}}]