[{"medal":84,"time":"2023-02-13T17:54:10+0000","type":"medal","user":{"country":"se","medals":[84],"zones":[25969,64514],"pointsPerHour":0,"points":640,"blocktime":10,"taken":5,"name":"Julchan","totalPoints":640,"rank":2,"id":385944,"place":5267,"uniqueZonesTaken":5,"region":{"name":"Uppsala","id":142}}},{"medal":52,"time":"2023-02-13T17:52:44+0000","type":"medal","user":{"country":"se","medals":[93,92,31,52],"zones":[353,516,141510,136005,522,117258,17580,428552,402,23924,340,11417,20633,634,33754,24986,11420,636,20636,42397],"pointsPerHour":0,"points":3746,"blocktime":11,"taken":30,"name":"minime08","totalPoints":3746,"rank":6,"id":385976,"place":5267,"uniqueZonesTaken":28,"region":{"name":"Skåne","id":135}}}]