[{"sender":{"country":"se","medals":[67,5,16,24,117,70,126,72,24,48,24,123,4,24,7,15,130,17,116,59,22,24,107,24,79,41,24,77,24],"zones":[114960,431235,349723],"pointsPerHour":6,"points":64377,"blocktime":22,"taken":26317,"name":"Podde","totalPoints":4445480,"rank":48,"id":231293,"place":165,"uniqueZonesTaken":1700,"region":{"name":"Kalmar","id":137}},"time":"2023-02-13T08:35:45+0000","message":"HerrNilsson83: folk gillar att jaga poddezoner, rare så att säga","region":{"name":"Kalmar","id":137},"type":"chat"},{"medal":102,"time":"2023-02-13T07:50:32+0000","type":"medal","user":{"country":"se","medals":[93,51,32,11,102],"zones":[],"pointsPerHour":0,"points":380,"blocktime":12,"taken":111,"name":"Bepsi","totalPoints":19140,"rank":11,"id":384776,"place":5137,"uniqueZonesTaken":51,"region":{"name":"Stockholm","id":141}}}]