[{"medal":51,"time":"2023-02-14T11:45:54+0000","type":"medal","user":{"country":"se","medals":[86,92,51],"zones":[222162,11313,525182,428926,46393,487262,169883,46394,102319,169884],"pointsPerHour":0,"points":3186,"blocktime":12,"taken":98,"name":"Matrix71","totalPoints":18942,"rank":11,"id":230641,"place":5332,"uniqueZonesTaken":16,"region":{"name":"Västra Götaland","id":132}}},{"medal":92,"time":"2023-02-14T11:45:08+0000","type":"medal","user":{"country":"se","medals":[80,85,94,92],"zones":[208984,1339,926],"pointsPerHour":0,"points":722,"blocktime":11,"taken":15,"name":"Axel070","totalPoints":2856,"rank":5,"id":384486,"place":5332,"uniqueZonesTaken":15,"region":{"name":"Östergötland","id":139}}},{"medal":84,"time":"2023-02-14T11:45:08+0000","type":"medal","user":{"country":"se","medals":[94,84],"zones":[21142,26744,30346],"pointsPerHour":0,"points":722,"blocktime":10,"taken":6,"name":"mange08","totalPoints":722,"rank":3,"id":386104,"place":5332,"uniqueZonesTaken":6,"region":{"name":"Östergötland","id":139}}},{"medal":93,"time":"2023-02-14T11:44:55+0000","type":"medal","user":{"country":"se","medals":[93],"zones":[],"pointsPerHour":0,"points":80,"blocktime":10,"taken":1,"name":"leo12","totalPoints":80,"rank":0,"id":386105,"place":5332,"uniqueZonesTaken":1,"region":{"name":"Östergötland","id":139}}},{"medal":51,"time":"2023-02-14T11:40:05+0000","type":"medal","user":{"country":"se","medals":[85,51],"zones":[224775,145046,26135,97465,97467,97466,26332,23245,26333,564919],"pointsPerHour":0,"points":2466,"blocktime":11,"taken":12,"name":"Lidköping89","totalPoints":2466,"rank":5,"id":385250,"place":5330,"uniqueZonesTaken":12,"region":{"name":"Västra Götaland","id":132}}}]