[{"sender":{"country":"se","medals":[24,16,48,70,67,68,64,27,79,72,4,77,83,66,99,24,124,126,58,24,50,111,132,24,89],"zones":[32452,32453,7881,204617,3148,7884,7887,84560,24145,11409,11410,7892,7894,7896,7898,7900,50908,176735,50909,50910,50911,514209,409260,278575,21871,33716,22389,22390,22391,564914,49404],"pointsPerHour":85,"points":58071,"blocktime":23,"taken":50209,"name":"Geatki","totalPoints":9702838,"rank":55,"id":101570,"place":204,"uniqueZonesTaken":2589,"region":{"name":"Norrbotten","id":126}},"time":"2023-02-13T11:00:33+0000","message":"Kygni: behöver du något?","region":{"name":"Norrbotten","id":126},"type":"chat"},{"sender":{"country":"se","medals":[51,92,10,94,86,100],"zones":[],"pointsPerHour":0,"points":0,"blocktime":12,"taken":68,"name":"Slo","totalPoints":11503,"rank":8,"id":201560,"place":5163,"uniqueZonesTaken":27,"region":{"name":"Västernorrland","id":145}},"time":"2023-02-13T10:58:49+0000","message":"OneCashKing: Glömt medicinen?","region":{"name":"Västernorrland","id":145},"type":"chat"},{"medal":101,"time":"2023-02-13T10:57:48+0000","type":"medal","user":{"country":"se","medals":[80,31,92,95,101],"zones":[547420,1370],"pointsPerHour":0,"points":1797,"blocktime":12,"taken":50,"name":"Telde","totalPoints":8699,"rank":8,"id":371749,"place":5163,"uniqueZonesTaken":36,"region":{"name":"Dalarna","id":129}}},{"sender":{"country":"se","medals":[16,24,77,17,4,7,57,28,27,5,24,24,117,24,79,116,17,22,67,24,24,24,24,126,48,124,24,70,17,24,24,17,74,24,89,108,132,24],"zones":[119700,28616,8344,23321,28622,411800],"pointsPerHour":22,"points":26188,"blocktime":23,"taken":54039,"name":"Tålamodet","totalPoints":10027616,"rank":55,"id":188982,"place":720,"uniqueZonesTaken":5263,"region":{"name":"Stockholm","id":141}},"time":"2023-02-13T10:53:02+0000","message":"0beroff: ja, fy sjutton 😆","region":{"name":"Stockholm","id":141},"type":"chat"}]