[{"medal":85,"time":"2022-02-08T10:36:40+0000","type":"medal","user":{"country":"uk","medals":[51,85],"zones":[364212,479318,479317,479316,364209,364205,364204,364207,364203,364202],"pointsPerHour":0,"points":1996,"blocktime":11,"taken":10,"name":"TLABDN","totalPoints":1996,"rank":5,"id":354641,"place":4456,"uniqueZonesTaken":10,"region":{"name":"Scotland","id":200}}},{"medal":51,"time":"2022-02-08T10:36:40+0000","type":"medal","user":{"country":"uk","medals":[51,85],"zones":[364212,479318,479317,479316,364209,364205,364204,364207,364203,364202],"pointsPerHour":0,"points":1996,"blocktime":11,"taken":10,"name":"TLABDN","totalPoints":1996,"rank":5,"id":354641,"place":4456,"uniqueZonesTaken":10,"region":{"name":"Scotland","id":200}}}]