[{"medal":11,"time":"2022-02-07T09:37:57+0000","type":"medal","user":{"country":"se","medals":[94,126,51,32,101,11],"zones":[36423,428330],"pointsPerHour":0,"points":705,"blocktime":13,"taken":123,"name":"malta","totalPoints":22800,"rank":12,"id":252415,"place":3990,"uniqueZonesTaken":50,"region":{"name":"Västra Götaland","id":132}}},{"sender":{"country":"se","medals":[16,4,47,5,72,79,57,95,7,126,105,14,87,127],"zones":[31808,31745,296908,34121,11593,11854,33679,33680,31376,31377,33681,31378,33682,31379,31380,18198,31340,31980,31341,31342,480053,480052,480051,20607],"pointsPerHour":116,"points":7697,"blocktime":23,"taken":37417,"name":"steken","totalPoints":7228941,"rank":52,"id":144169,"place":373,"uniqueZonesTaken":595,"region":{"name":"Västmanland","id":143}},"time":"2022-02-07T09:33:29+0000","message":"GhrytaBhoy kör försiktigt det kan vara halt.","region":{"name":"Västmanland","id":143},"type":"chat"}]