[{"medal":31,"time":"2022-02-08T12:50:36+0000","type":"medal","user":{"country":"se","medals":[92,51,31],"zones":[60218,443481],"pointsPerHour":0,"points":3496,"blocktime":11,"taken":25,"name":"gyarwed","totalPoints":4160,"rank":6,"id":355117,"place":4502,"uniqueZonesTaken":19,"region":{"name":"Kalmar","id":137}}},{"medal":80,"time":"2022-02-08T12:49:31+0000","type":"medal","user":{"country":"se","medals":[95,85,80],"zones":[95793,95794,408815,222126,126591],"pointsPerHour":0,"points":1356,"blocktime":11,"taken":13,"name":"BollPonken","totalPoints":2315,"rank":5,"id":353539,"place":4502,"uniqueZonesTaken":8,"region":{"name":"Stockholm","id":141}}},{"medal":90,"time":"2022-02-08T12:49:14+0000","type":"medal","user":{"country":"de","medals":[92,52,32,90],"zones":[478918,466245,478917,473408,478921,475286,479390,479389,479388,479387,479386,479385,479407,479405,479404,479403,479402,474280,478967,404018,479408,430833,373503,478968],"pointsPerHour":0,"points":6397,"blocktime":13,"taken":186,"name":"nettirb","totalPoints":53348,"rank":15,"id":352745,"place":4502,"uniqueZonesTaken":47,"region":{"name":"Nordrhein-Westfalen","id":445}}},{"medal":77,"time":"2022-02-08T12:38:14+0000","type":"medal","user":{"country":"fi","medals":[94,6,55,28,47,126,5,37,14,108,128,77],"zones":[46837,62537,396204,428907,13614,396201,38335],"pointsPerHour":0,"points":5767,"blocktime":20,"taken":9725,"name":"Rödjas","totalPoints":1349035,"rank":40,"id":228822,"place":4492,"uniqueZonesTaken":517,"region":{"name":"Åland","id":177}}}]