[{"medal":53,"time":"2023-06-05T08:44:05+0000","type":"medal","user":{"country":"se","medals":[90,92,86,46,16,53],"zones":[32324,32325,32326,99849,99851,99850,99852,1168,108691,61780,136345,20572,20573,17574,8109,50288,50289,528570,50290,50291,50292,50293,50294,50295,50296,50297,571,92093,92094,563127],"pointsPerHour":0,"points":8303,"blocktime":12,"taken":53,"name":"Rednose","totalPoints":8303,"rank":8,"id":397782,"place":4129,"uniqueZonesTaken":44,"region":{"name":"Östergötland","id":139}}},{"medal":4,"time":"2023-06-05T08:37:01+0000","type":"medal","user":{"country":"se","medals":[93,100,53,90,16,12,42,6,4],"zones":[115176],"pointsPerHour":0,"points":235,"blocktime":14,"taken":273,"name":"Ullis_T","totalPoints":94798,"rank":19,"id":384786,"place":4123,"uniqueZonesTaken":152,"region":{"name":"Stockholm","id":141}}}]