[{"medal":93,"time":"2022-09-06T06:52:15+0000","type":"medal","user":{"country":"se","medals":[84,93],"zones":[42967],"pointsPerHour":0,"points":295,"blocktime":660,"taken":8,"name":"Jonathan.N6a","totalPoints":1319,"rank":4,"id":362891,"place":4954,"uniqueZonesTaken":7,"region":{"name":"Södermanland","id":140}}},{"medal":93,"time":"2022-09-06T06:51:35+0000","type":"medal","user":{"country":"se","medals":[93],"zones":[],"pointsPerHour":0,"points":170,"blocktime":600,"taken":1,"name":"wiggo_p","totalPoints":170,"rank":0,"id":372216,"place":4953,"uniqueZonesTaken":1,"region":{"name":"Stockholm","id":141}}},{"medal":84,"time":"2022-09-06T06:49:51+0000","type":"medal","user":{"country":"se","medals":[84],"zones":[41684,41685],"pointsPerHour":0,"points":718,"blocktime":645,"taken":5,"name":"bros73382829","totalPoints":718,"rank":3,"id":372208,"place":4951,"uniqueZonesTaken":5,"region":{"name":"Stockholm","id":141}}},{"medal":93,"time":"2022-09-06T06:48:40+0000","type":"medal","user":{"country":"se","medals":[93],"zones":[],"pointsPerHour":0,"points":155,"blocktime":600,"taken":1,"name":"telmen","totalPoints":155,"rank":0,"id":372212,"place":4951,"uniqueZonesTaken":1,"region":{"name":"Stockholm","id":141}}},{"medal":93,"time":"2022-09-06T06:47:14+0000","type":"medal","user":{"country":"dk","medals":[52,68,32,6,30,11,93],"zones":[5488,26999,27004],"pointsPerHour":0,"points":927,"blocktime":900,"taken":200,"name":"linea11","totalPoints":102867,"rank":20,"id":137343,"place":4947,"uniqueZonesTaken":51,"region":{"name":"Nordjylland","id":176}}}]