[{"medal":90,"time":"2022-09-05T08:50:02+0000","type":"medal","user":{"country":"se","medals":[80,93,85,90],"zones":[11376,20963,220661,5320,5417,3117,55678,97358],"pointsPerHour":0,"points":929,"blocktime":645,"taken":11,"name":"rashford","totalPoints":929,"rank":3,"id":371865,"place":4224,"uniqueZonesTaken":11,"region":{"name":"Örebro","id":131}}},{"medal":84,"time":"2022-09-05T08:49:02+0000","type":"medal","user":{"country":"se","medals":[93,84],"zones":[278596,62130,28729,3113],"pointsPerHour":0,"points":1045,"blocktime":645,"taken":5,"name":"Neo.D","totalPoints":1045,"rank":3,"id":371864,"place":4221,"uniqueZonesTaken":5,"region":{"name":"Värmland","id":130}}},{"medal":93,"time":"2022-09-05T08:48:39+0000","type":"medal","user":{"country":"se","medals":[93],"zones":[170697],"pointsPerHour":0,"points":205,"blocktime":615,"taken":2,"name":"LHolst","totalPoints":205,"rank":1,"id":371813,"place":4220,"uniqueZonesTaken":2,"region":{"name":"Gotland","id":138}}},{"medal":93,"time":"2022-09-05T08:48:33+0000","type":"medal","user":{"country":"se","medals":[93],"zones":[47505],"pointsPerHour":0,"points":310,"blocktime":615,"taken":2,"name":"Chipstutte","totalPoints":310,"rank":1,"id":371897,"place":4219,"uniqueZonesTaken":2,"region":{"name":"Stockholm","id":141}}},{"sender":{"country":"se","medals":[16,55,6,12,77,70,95,33,67,10,102],"zones":[428902,55938,361159,47171,42307,165702,47172,151271,6981,62246,3463,411361,90760,411369,475920,488860,488859,155454],"pointsPerHour":25,"points":8392,"blocktime":960,"taken":618,"name":"A*1","totalPoints":171195,"rank":24,"id":366580,"place":536,"uniqueZonesTaken":190,"region":{"name":"Norrbotten","id":126}},"time":"2022-09-05T08:48:31+0000","message":"Affe69: Kul fråga. Cyklar och går.","region":{"name":"Norrbotten","id":126},"type":"chat"},{"medal":93,"time":"2022-09-05T08:48:03+0000","type":"medal","user":{"country":"se","medals":[93],"zones":[],"pointsPerHour":0,"points":131,"blocktime":600,"taken":2,"name":"ambassadör","totalPoints":131,"rank":0,"id":371867,"place":4218,"uniqueZonesTaken":2,"region":{"name":"Örebro","id":131}}},{"medal":93,"time":"2022-09-05T08:47:57+0000","type":"medal","user":{"country":"se","medals":[93],"zones":[],"pointsPerHour":0,"points":155,"blocktime":600,"taken":1,"name":"vem.e.hon","totalPoints":155,"rank":0,"id":371899,"place":4217,"uniqueZonesTaken":1,"region":{"name":"Stockholm","id":141}}},{"medal":80,"time":"2022-09-05T08:47:39+0000","type":"medal","user":{"country":"se","medals":[84,80],"zones":[43200,354,62565,729,8285],"pointsPerHour":0,"points":619,"blocktime":630,"taken":8,"name":"rudiger","totalPoints":619,"rank":2,"id":371874,"place":4215,"uniqueZonesTaken":8,"region":{"name":"Örebro","id":131}}},{"medal":84,"time":"2022-09-05T08:47:21+0000","type":"medal","user":{"country":"se","medals":[84],"zones":[31192,23791,22079],"pointsPerHour":0,"points":394,"blocktime":615,"taken":5,"name":"Aya11","totalPoints":394,"rank":1,"id":371876,"place":4214,"uniqueZonesTaken":5,"region":{"name":"Örebro","id":131}}},{"medal":85,"time":"2022-09-05T08:47:15+0000","type":"medal","user":{"country":"se","medals":[80,93,85],"zones":[11376,220661,5320,5417,3117,55678,97358],"pointsPerHour":0,"points":831,"blocktime":645,"taken":10,"name":"rashford","totalPoints":831,"rank":3,"id":371865,"place":4214,"uniqueZonesTaken":10,"region":{"name":"Örebro","id":131}}},{"sender":{"country":"se","medals":[77,70,16,48,5,79,94,28,58,67,27,6,14,68,68,21,4,107,68,126,119,123,132],"zones":[1024,64898,1026,107460,141060,64902,44360,7822,515977,99861,44436,32212,486099,125402,21083,221854,43869,178396,26657,29153,26658,932,24488,43112,204905,7787,24493,202163,7794,61043,23796,7797,138100,31288,317500,183931,44731],"pointsPerHour":208,"points":6510,"blocktime":1470,"taken":103912,"name":"nilbir","totalPoints":16315585,"rank":58,"id":182660,"place":710,"uniqueZonesTaken":824,"region":{"name":"Värmland","id":130}},"time":"2022-09-05T08:46:25+0000","message":"RobinS: ska du runt örsh","region":{"name":"Värmland","id":130},"type":"chat"},{"medal":94,"time":"2022-09-05T08:46:16+0000","type":"medal","user":{"country":"se","medals":[94],"zones":[],"pointsPerHour":0,"points":155,"blocktime":600,"taken":1,"name":"Tovelobest","totalPoints":155,"rank":0,"id":371634,"place":4211,"uniqueZonesTaken":1,"region":{"name":"Stockholm","id":141}}},{"medal":94,"time":"2022-09-05T08:46:16+0000","type":"medal","user":{"country":"se","medals":[94],"zones":[],"pointsPerHour":0,"points":155,"blocktime":600,"taken":1,"name":"Restid","totalPoints":155,"rank":0,"id":371631,"place":4211,"uniqueZonesTaken":1,"region":{"name":"Stockholm","id":141}}},{"medal":51,"time":"2022-09-05T08:45:29+0000","type":"medal","user":{"country":"se","medals":[94,85,90,51],"zones":[20967,31192,24569,538,92938,22716,734,8286,127598,735],"pointsPerHour":0,"points":1015,"blocktime":645,"taken":11,"name":"Minister","totalPoints":1015,"rank":3,"id":371870,"place":4210,"uniqueZonesTaken":11,"region":{"name":"Örebro","id":131}}},{"medal":84,"time":"2022-09-05T08:44:30+0000","type":"medal","user":{"country":"se","medals":[93,84],"zones":[2259,12027,21612],"pointsPerHour":0,"points":419,"blocktime":615,"taken":5,"name":"Björn23an","totalPoints":419,"rank":1,"id":371866,"place":4209,"uniqueZonesTaken":5,"region":{"name":"Örebro","id":131}}}]