[{"sender":{"country":"se","medals":[27,16,9,4,67,21,17,30,60,70,24,24,17,24,24,17,24,72,24,26,24,77,79,83,17,24,24,24,24,91,17,116,24,117,75,113,24,24,24,68,17,24,76,25,24,124,24,126,24,121,119,24,24,17,111,24,17,24,24,132],"zones":[219394,98051,107909,29707,142221,24786,24789,228437,180638,319448,413531,27745,90272,421,488737,27753,488749,29034,485164,485163,7212,481321,80819,7410,7412,7413,7414,97913,515453,7418,7419,98045],"pointsPerHour":102,"points":30815,"blocktime":1470,"taken":121671,"name":"Mani","totalPoints":23432446,"rank":58,"id":27227,"place":99,"uniqueZonesTaken":12612,"region":{"name":"Västra Götaland","id":132}},"time":"2022-09-05T19:06:09+0000","message":"Qwicke: jag pratade i telefon så hade inte koll på läget 😄","region":{"name":"Västra Götaland","id":132},"type":"chat"},{"medal":33,"time":"2022-09-05T19:02:24+0000","type":"medal","user":{"country":"uk","medals":[79,55,16,12,95,101,33],"zones":[364759,381718,493203,365051],"pointsPerHour":0,"points":795,"blocktime":975,"taken":500,"name":"Harefeet","totalPoints":186425,"rank":25,"id":356695,"place":4843,"uniqueZonesTaken":108,"region":{"name":"Yorkshire & The Humber","id":202}}},{"medal":84,"time":"2022-09-05T19:01:07+0000","type":"medal","user":{"country":"se","medals":[93,84],"zones":[29768,145032],"pointsPerHour":0,"points":310,"blocktime":645,"taken":5,"name":"gabbeflabbe","totalPoints":828,"rank":3,"id":371731,"place":4843,"uniqueZonesTaken":4,"region":{"name":"Västra Götaland","id":132}}}]