[{"sender":{"country":"se","medals":[126,4,24,103,46,7,14,10,131,67,38,96,16,55],"zones":[115857,9682,32116,22757,27542,26295,26296,13625,828],"pointsPerHour":59,"points":12574,"blocktime":1200,"taken":12142,"name":"acn71","totalPoints":1408479,"rank":40,"id":274269,"place":509,"uniqueZonesTaken":634,"region":{"name":"Västmanland","id":143}},"time":"2022-09-05T20:32:43+0000","message":"Gurr\n\n\nacn71;crudaider,tack","region":{"name":"Västmanland","id":143},"type":"chat"},{"sender":{"country":"se","medals":[70,67,77,16,83,79,72,75,68,24,17,116,22,68,4,66,59,126,124,24,118,131,108,50],"zones":[31072,31073,707,119718,31978,7758,2255,10928,56147,32115,56148,5429,29173,31767,29175,138971,483772,34270],"pointsPerHour":131,"points":21460,"blocktime":1440,"taken":83820,"name":"CRUSAIDER","totalPoints":11851998,"rank":56,"id":168025,"place":245,"uniqueZonesTaken":2582,"region":{"name":"Västmanland","id":143}},"time":"2022-09-05T20:30:52+0000","message":"acn71:bra jobbat💪","region":{"name":"Västmanland","id":143},"type":"chat"}]