[{"medal":85,"time":"2022-09-06T12:47:36+0000","type":"medal","user":{"country":"se","medals":[93,85],"zones":[25012],"pointsPerHour":0,"points":95,"blocktime":660,"taken":10,"name":"Ramtin","totalPoints":1359,"rank":4,"id":370845,"place":5188,"uniqueZonesTaken":4,"region":{"name":"Västra Götaland","id":132}}},{"medal":85,"time":"2022-09-06T12:42:10+0000","type":"medal","user":{"country":"se","medals":[94,85],"zones":[7818],"pointsPerHour":0,"points":241,"blocktime":660,"taken":10,"name":"AntonRolf","totalPoints":1791,"rank":4,"id":371452,"place":5185,"uniqueZonesTaken":9,"region":{"name":"Värmland","id":130}}}]