[{"medal":128,"time":"2022-03-21T07:09:39+0000","type":"medal","user":{"country":"se","medals":[70,16,27,15,4,43,58,72,24,68,67,7,5,21,75,77,79,17,112,24,103,24,88,126,128],"zones":[223200,136373,18888,12042,224665,11819,21645,21454,7423],"pointsPerHour":0,"points":31512,"blocktime":23,"taken":46177,"name":"z14me2take","totalPoints":7268057,"rank":53,"id":119941,"place":6231,"uniqueZonesTaken":2324,"region":{"name":"Västra Götaland","id":132}}},{"medal":28,"time":"2022-03-21T07:00:12+0000","type":"medal","user":{"country":"se","medals":[94,6,13,46,102,127,34,78,53,28],"zones":[64896,64897,43650,33738,33739,33741,7822,119703,695,16056,2331,34908,1023],"pointsPerHour":0,"points":31283,"blocktime":16,"taken":1560,"name":"moanils","totalPoints":234091,"rank":27,"id":339114,"place":6230,"uniqueZonesTaken":388,"region":{"name":"Värmland","id":130}}}]