[{"sender":{"country":"se","medals":[126,90,46,71,13,103,54,7,36,95],"zones":[115265,7746,29700,337249,95303,18311,17547,5583,31343,31344,31345,27797,27798,9718,8311,572,20607],"pointsPerHour":102,"points":33541,"blocktime":19,"taken":7489,"name":"mga49","totalPoints":910115,"rank":37,"id":274273,"place":1234,"uniqueZonesTaken":351,"region":{"name":"Västmanland","id":143}},"time":"2022-03-21T10:13:52+0000","message":"väduren 👍","region":{"name":"Västmanland","id":143},"type":"chat"},{"sender":{"country":"se","medals":[67,9,16,24,22,57,48,24,72,79,77,24,66,26,24,17,116,83,117,24,24,50,24,17,4,24,111,24,27,124,126,118,17,130],"zones":[31808,5572,964,7750,34120,34121,17548,31948,31760,31761,33682,31380,134630,96745,9713,13618,480053,9714,18674,13619,480052,18675,480051,9716,78967,8313,138172,31807],"pointsPerHour":184,"points":63917,"blocktime":24,"taken":93683,"name":"VÄDUREN","totalPoints":11645126,"rank":56,"id":92950,"place":517,"uniqueZonesTaken":3911,"region":{"name":"Västmanland","id":143}},"time":"2022-03-21T10:13:41+0000","message":"mga49: ut på stora vägen där lastbilar åker där är vägen in","region":{"name":"Västmanland","id":143},"type":"chat"},{"medal":85,"time":"2022-03-21T10:11:13+0000","type":"medal","user":{"country":"se","medals":[93,80,85],"zones":[7656,176763,94843,7659,47645,35901,474424],"pointsPerHour":0,"points":1985,"blocktime":11,"taken":10,"name":"TheChosenIMDb","totalPoints":1985,"rank":5,"id":356781,"place":6247,"uniqueZonesTaken":9,"region":{"name":"Jönköping","id":133}}}]