[{"medal":78,"time":"2022-03-21T17:26:15+0000","type":"medal","user":{"country":"se","medals":[93,84,78],"zones":[371,1607,475],"pointsPerHour":0,"points":656,"blocktime":10,"taken":8,"name":"ManniPanni","totalPoints":656,"rank":2,"id":356875,"place":6227,"uniqueZonesTaken":5,"region":{"name":"Uppsala","id":142}}},{"sender":{"country":"se","medals":[70,16,79,77,67,27,117,72,95,83,60,21,75,15,124,6,130,73,104],"zones":[97285,24585,80296,733,22238],"pointsPerHour":26,"points":143122,"blocktime":22,"taken":34710,"name":"TuonoV4","totalPoints":6102739,"rank":51,"id":280997,"place":106,"uniqueZonesTaken":1588,"region":{"name":"Skåne","id":135}},"time":"2022-03-21T17:17:27+0000","message":"🙏🏻 Örebro för denna gången 😎 blev 28 nya unika turfare 😃 och runt 40 nya zoner 😃 nästa gång får nog cykeln följa med 😉","region":{"name":"Örebro","id":131},"type":"chat"}]