[{"medal":51,"time":"2023-05-30T09:02:34+0000","type":"medal","user":{"country":"se","medals":[85,90,92,93,51],"zones":[12818,12115,116005,95080,306494,517836,12779,6061,878,11343],"pointsPerHour":0,"points":2919,"blocktime":675,"taken":19,"name":"TheChipShark","totalPoints":2919,"rank":5,"id":396647,"place":8619,"uniqueZonesTaken":17,"region":{"name":"Västra Götaland","id":132}}},{"medal":84,"time":"2023-05-30T09:00:44+0000","type":"medal","user":{"country":"se","medals":[84],"zones":[11344,840,28987],"pointsPerHour":0,"points":777,"blocktime":645,"taken":5,"name":"Telebread","totalPoints":777,"rank":3,"id":396979,"place":8619,"uniqueZonesTaken":5,"region":{"name":"Västra Götaland","id":132}}},{"medal":51,"time":"2023-05-30T08:59:37+0000","type":"medal","user":{"country":"se","medals":[51,85],"zones":[22320,22321,593,17668,22775,115062,22776,1339,429693,22319],"pointsPerHour":0,"points":912,"blocktime":645,"taken":10,"name":"irmasin","totalPoints":912,"rank":3,"id":396858,"place":8619,"uniqueZonesTaken":10,"region":{"name":"Östergötland","id":139}}},{"medal":85,"time":"2023-05-30T08:59:37+0000","type":"medal","user":{"country":"se","medals":[51,85],"zones":[22320,22321,593,17668,22775,115062,22776,1339,429693,22319],"pointsPerHour":0,"points":912,"blocktime":645,"taken":10,"name":"irmasin","totalPoints":912,"rank":3,"id":396858,"place":8619,"uniqueZonesTaken":10,"region":{"name":"Östergötland","id":139}}},{"medal":51,"time":"2023-05-30T08:58:45+0000","type":"medal","user":{"country":"se","medals":[94,100,92,6,32,51],"zones":[582616,7777,7778,7779,235648,147078,96199,404417,16536,29151],"pointsPerHour":0,"points":5471,"blocktime":795,"taken":115,"name":"Henning_","totalPoints":29479,"rank":13,"id":384138,"place":8619,"uniqueZonesTaken":33,"region":{"name":"Värmland","id":130}}},{"medal":84,"time":"2023-05-30T08:56:31+0000","type":"medal","user":{"country":"se","medals":[84],"zones":[18596],"pointsPerHour":0,"points":712,"blocktime":645,"taken":5,"name":"Lilyaaaa","totalPoints":712,"rank":3,"id":396683,"place":8618,"uniqueZonesTaken":5,"region":{"name":"Värmland","id":130}}}]