[{"sender":{"country":"se","medals":[22,67,4,24,70,16,57,27,83,15,72,79,48,99,66,24,126,118,107,124,130,24],"zones":[26850,47652,47653,18309,41766,710,41738,7755,41745,20849,41749,14871,18200,15961,135932,150653],"pointsPerHour":94,"points":149174,"blocktime":1470,"taken":95434,"name":"FlitigaTobbe","totalPoints":16060472,"rank":58,"id":48872,"place":191,"uniqueZonesTaken":2127,"region":{"name":"Västmanland","id":143}},"time":"2022-01-25T06:31:05+0000","message":"Aeromackan: den jag gnällde på i lördags svepte 15 zoner med bil. skillnad?","region":{"name":"Västmanland","id":143},"type":"chat"}]