[{"sender":{"country":"se","medals":[5,22,16,47,27,43,17,64,36,67,7,17,28,70,24,17,15,4,77,24,79,99,117,56,126,122,24,24,87,128,105],"zones":[27105,474485,33684,2564,12406,43739,28892,7246,6143],"pointsPerHour":73,"points":32569,"blocktime":1335,"taken":37575,"name":"throkk","totalPoints":4573316,"rank":49,"id":16063,"place":1731,"uniqueZonesTaken":1381,"region":{"name":"Uppsala","id":142}},"time":"2022-01-25T13:59:52+0000","message":"mattihp: vretalund: fick-chatt ovan, tydligen är det nåt på g i juni, kanske? 🙄","region":{"name":"Uppsala","id":142},"type":"chat"},{"medal":93,"time":"2022-01-25T13:58:21+0000","type":"medal","user":{"country":"se","medals":[93],"zones":[],"pointsPerHour":0,"points":110,"blocktime":600,"taken":1,"name":"RyanHenrik","totalPoints":110,"rank":0,"id":354444,"place":6548,"uniqueZonesTaken":1,"region":{"name":"Skåne","id":135}}},{"medal":84,"time":"2022-01-25T13:56:51+0000","type":"medal","user":{"country":"fi","medals":[93,84],"zones":[396705,34123,12107,62495],"pointsPerHour":0,"points":665,"blocktime":630,"taken":6,"name":"arbinoo2","totalPoints":665,"rank":2,"id":354483,"place":6548,"uniqueZonesTaken":6,"region":{"name":"Åland","id":177}}},{"medal":100,"time":"2022-01-25T13:56:51+0000","type":"medal","user":{"country":"fi","medals":[93,80,85,92,100],"zones":[111568,33621,63433],"pointsPerHour":0,"points":2143,"blocktime":675,"taken":18,"name":"Arbinoo","totalPoints":2143,"rank":5,"id":353910,"place":6548,"uniqueZonesTaken":15,"region":{"name":"Åland","id":177}}},{"medal":92,"time":"2022-01-25T13:52:53+0000","type":"medal","user":{"country":"fi","medals":[93,80,85,92],"zones":[111568,33621,63433],"pointsPerHour":0,"points":2033,"blocktime":675,"taken":17,"name":"Arbinoo","totalPoints":2033,"rank":5,"id":353910,"place":6548,"uniqueZonesTaken":15,"region":{"name":"Åland","id":177}}}]