[{"medal":93,"time":"2022-01-25T11:29:51+0000","type":"medal","user":{"country":"se","medals":[93],"zones":[9586],"pointsPerHour":0,"points":385,"blocktime":615,"taken":3,"name":"Henrylor","totalPoints":385,"rank":1,"id":354412,"place":6509,"uniqueZonesTaken":3,"region":{"name":"Stockholm","id":141}}},{"medal":85,"time":"2022-01-25T11:28:34+0000","type":"medal","user":{"country":"se","medals":[80,85],"zones":[23956,10520,94861],"pointsPerHour":0,"points":1516,"blocktime":660,"taken":10,"name":"Retroformia","totalPoints":1516,"rank":4,"id":354353,"place":6508,"uniqueZonesTaken":9,"region":{"name":"Östergötland","id":139}}},{"sender":{"country":"se","medals":[5,47,16,4,28,67,70,58,97,79,38,126,15,66],"zones":[89094,427166,104682,412477,43246],"pointsPerHour":6,"points":3517,"blocktime":1260,"taken":13904,"name":"Ensamvarg","totalPoints":2695090,"rank":44,"id":3727,"place":4190,"uniqueZonesTaken":1126,"region":{"name":"Gävleborg","id":144}},"time":"2022-01-25T11:27:48+0000","message":"hippon: kul att bilturfa ?","region":{"name":"Skåne","id":135},"type":"chat"},{"medal":101,"time":"2022-01-25T11:27:24+0000","type":"medal","user":{"country":"se","medals":[93,80,92,86,101],"zones":[63689],"pointsPerHour":0,"points":10251,"blocktime":720,"taken":70,"name":"gulsvart78","totalPoints":10251,"rank":8,"id":353477,"place":6508,"uniqueZonesTaken":42,"region":{"name":"Västerbotten","id":127}}},{"medal":93,"time":"2022-01-25T11:27:12+0000","type":"medal","user":{"country":"se","medals":[93],"zones":[],"pointsPerHour":0,"points":80,"blocktime":600,"taken":1,"name":"Elissoman","totalPoints":80,"rank":0,"id":354437,"place":6508,"uniqueZonesTaken":1,"region":{"name":"Stockholm","id":141}}},{"medal":80,"time":"2022-01-25T11:24:11+0000","type":"medal","user":{"country":"se","medals":[80,84],"zones":[31488,529,64664,43736,94124],"pointsPerHour":0,"points":554,"blocktime":630,"taken":5,"name":"baranoeda","totalPoints":554,"rank":2,"id":354438,"place":6507,"uniqueZonesTaken":5,"region":{"name":"Uppsala","id":142}}},{"medal":84,"time":"2022-01-25T11:24:11+0000","type":"medal","user":{"country":"se","medals":[80,84],"zones":[31488,529,64664,43736,94124],"pointsPerHour":0,"points":554,"blocktime":630,"taken":5,"name":"baranoeda","totalPoints":554,"rank":2,"id":354438,"place":6507,"uniqueZonesTaken":5,"region":{"name":"Uppsala","id":142}}}]