[{"sender":{"country":"se","medals":[71,47,16,28,77,22,70,5,126,97,122,56,67,40,14,105,7,130],"zones":[178242,319172,81291,224719,1748,1750,11354,14618,11355,33755,28191,11359,28192,223849,17910,17911,92217,28344,17913,28345,92219,28346,28347,25023],"pointsPerHour":120,"points":84320,"blocktime":1320,"taken":24765,"name":"MrSpock","totalPoints":4025564,"rank":48,"id":30998,"place":567,"uniqueZonesTaken":537,"region":{"name":"Skåne","id":135}},"time":"2022-01-25T12:39:43+0000","message":"Mycket folk i Lund idag! 👍","region":{"name":"Skåne","id":135},"type":"chat"},{"medal":80,"time":"2022-01-25T12:39:27+0000","type":"medal","user":{"country":"se","medals":[93,100,85,80],"zones":[1362,1364,17318,135784,95535],"pointsPerHour":0,"points":1417,"blocktime":660,"taken":14,"name":"arvidmoshthaba","totalPoints":1417,"rank":4,"id":354435,"place":6531,"uniqueZonesTaken":14,"region":{"name":"Skåne","id":135}}},{"medal":93,"time":"2022-01-25T12:37:11+0000","type":"medal","user":{"country":"se","medals":[51,85,93],"zones":[355180,224718,185359,1135,1364,17909,34551,599,1403,28189,20542,28190],"pointsPerHour":0,"points":1697,"blocktime":660,"taken":13,"name":"magda_narin","totalPoints":1697,"rank":4,"id":354390,"place":6530,"uniqueZonesTaken":13,"region":{"name":"Skåne","id":135}}},{"medal":84,"time":"2022-01-25T12:34:47+0000","type":"medal","user":{"country":"se","medals":[84],"zones":[18677,2246,139416,6843],"pointsPerHour":0,"points":361,"blocktime":615,"taken":5,"name":"ViktorP04","totalPoints":361,"rank":1,"id":354472,"place":6529,"uniqueZonesTaken":5,"region":{"name":"Västmanland","id":143}}}]