[{"medal":84,"time":"2023-03-20T14:48:07+0000","type":"medal","user":{"country":"gb","medals":[80,84],"zones":[351828,351495,431331,351502,354331],"pointsPerHour":0,"points":1000,"blocktime":10,"taken":5,"name":"DellyTeeeee","totalPoints":1000,"rank":3,"id":387228,"place":5674,"uniqueZonesTaken":5,"region":{"name":"Scotland","id":200}}},{"medal":92,"time":"2023-03-20T14:48:07+0000","type":"medal","user":{"country":"se","medals":[93,100,85,92],"zones":[850],"pointsPerHour":0,"points":844,"blocktime":11,"taken":20,"name":"Skara","totalPoints":3763,"rank":6,"id":383566,"place":5674,"uniqueZonesTaken":15,"region":{"name":"Västra Götaland","id":132}}},{"medal":80,"time":"2023-03-20T14:48:07+0000","type":"medal","user":{"country":"gb","medals":[80,84],"zones":[351828,351495,431331,351502,354331],"pointsPerHour":0,"points":1000,"blocktime":10,"taken":5,"name":"DellyTeeeee","totalPoints":1000,"rank":3,"id":387228,"place":5674,"uniqueZonesTaken":5,"region":{"name":"Scotland","id":200}}}]