[{"medal":42,"time":"2023-03-21T18:54:34+0000","type":"medal","user":{"country":"se","medals":[93,52,90,100,12,42],"zones":[],"pointsPerHour":0,"points":1090,"blocktime":14,"taken":250,"name":"falken85","totalPoints":89094,"rank":19,"id":195059,"place":5766,"uniqueZonesTaken":109,"region":{"name":"Uppsala","id":142}}},{"sender":{"country":"se","medals":[16,28,70,64,77,79,126,58,48,4,68,123,38,66,17,115,107,127,50,26],"zones":[8320,8321,961,521989,428612,1444,3591,43880,43882,23598,46802,429333,565502,519697,12089,545778,13628,481945,228124],"pointsPerHour":96,"points":39946,"blocktime":21,"taken":13969,"name":"Lemshimmer","totalPoints":2646610,"rank":44,"id":104604,"place":947,"uniqueZonesTaken":3376,"region":{"name":"Gävleborg","id":144}},"time":"2023-03-21T18:42:24+0000","message":"Lemshimmer: så ska du turfa med moped rekommenderar jag att du håller dig till asfalterade stadsområden :-)","region":{"name":"Gävleborg","id":144},"type":"chat"}]