[{"medal":132,"time":"2023-03-20T19:11:23+0000","type":"medal","user":{"country":"se","medals":[70,95,53,10,4,71,7,13,104,35,132],"zones":[406742,62498,139467,46350,107838],"pointsPerHour":0,"points":19827,"blocktime":18,"taken":2697,"name":"Thiger","totalPoints":576544,"rank":34,"id":356884,"place":5695,"uniqueZonesTaken":329,"region":{"name":"Västerbotten","id":127}}},{"sender":{"country":"se","medals":[47,16,28,79,77,57,14,70,95,87,6,111],"zones":[61043,932,24495],"pointsPerHour":16,"points":26872,"blocktime":22,"taken":37985,"name":"adde45","totalPoints":5196307,"rank":50,"id":128558,"place":1329,"uniqueZonesTaken":805,"region":{"name":"Värmland","id":130}},"time":"2023-03-20T18:49:17+0000","message":"Jomii: kriga dygnet runt","region":{"name":"Värmland","id":130},"type":"chat"}]