[{"sender":{"country":"se","medals":[28,47,5,16,96,127,122,103,35,56,14],"zones":[706,18310,63693,7757,7758,9681,721,722,17555,31956,7764,20763,7259,15963,63709,138528,24166,41768,179635,29171,26164,115380,29174,29178,29180,29181],"pointsPerHour":193,"points":194317,"blocktime":1080,"taken":3053,"name":"novan","totalPoints":413294,"rank":32,"id":210843,"place":266,"uniqueZonesTaken":516,"region":{"name":"Västmanland","id":143}},"time":"2021-09-29T17:51:04+0000","message":"Perrac: super!","region":{"name":"Västmanland","id":143},"type":"chat"},{"sender":{"country":"se","medals":[5,67,16,24,70,44,48,24,27,66,24,4,15,79,77,24,112,17,72,58,24,123,118,126,24,108,127],"zones":[11200,11202,21763,78535,92140,20497,29176,8312,15961,21753,29177,21754,150653],"pointsPerHour":72,"points":52110,"blocktime":1455,"taken":90772,"name":"Perrac","totalPoints":13216576,"rank":57,"id":50174,"place":1364,"uniqueZonesTaken":1630,"region":{"name":"Västmanland","id":143}},"time":"2021-09-29T17:50:43+0000","message":"novan: ska ta omgångsunika","region":{"name":"Västmanland","id":143},"type":"chat"},{"sender":{"country":"se","medals":[28,47,5,16,96,127,122,103,35,56,14],"zones":[706,18310,63693,7757,7758,9681,721,722,17555,31956,7764,20763,7259,15963,63709,138528,24166,41768,179635,29171,26164,115380,29174,29178,29180,29181],"pointsPerHour":193,"points":194314,"blocktime":1080,"taken":3053,"name":"novan","totalPoints":413290,"rank":32,"id":210843,"place":266,"uniqueZonesTaken":516,"region":{"name":"Västmanland","id":143}},"time":"2021-09-29T17:49:57+0000","message":"Perrac: Hejja vad bra behövs 🙌🏻","region":{"name":"Västmanland","id":143},"type":"chat"},{"sender":{"country":"se","medals":[48,24,67,24,24,16,14,24,7,72,70,77,79,58,83,17,116,4,89,126,24,122,107,127],"zones":[20608,546,22755,7432,22760,7434,14602,63754,5579,19693,23662,31982,7762,56146,54772,12404,11224,11610,31803,828,31804,201502],"pointsPerHour":179,"points":146542,"blocktime":1410,"taken":63555,"name":"jeep43","totalPoints":8504134,"rank":54,"id":62564,"place":421,"uniqueZonesTaken":918,"region":{"name":"Västmanland","id":143}},"time":"2021-09-29T17:48:58+0000","message":"novan: lite unika 👍","region":{"name":"Västmanland","id":143},"type":"chat"},{"medal":80,"time":"2021-09-29T17:48:26+0000","type":"medal","user":{"country":"se","medals":[80,84],"zones":[24801,382480,176456,176457,224776],"pointsPerHour":0,"points":1217,"blocktime":660,"taken":5,"name":"ostrukturerad","totalPoints":1217,"rank":4,"id":346572,"place":9781,"uniqueZonesTaken":5,"region":{"name":"Blekinge","id":136}}},{"medal":84,"time":"2021-09-29T17:48:26+0000","type":"medal","user":{"country":"se","medals":[80,84],"zones":[24801,382480,176456,176457,224776],"pointsPerHour":0,"points":1217,"blocktime":660,"taken":5,"name":"ostrukturerad","totalPoints":1217,"rank":4,"id":346572,"place":9781,"uniqueZonesTaken":5,"region":{"name":"Blekinge","id":136}}},{"sender":{"country":"se","medals":[28,47,5,16,96,127,122,103,35,56,14],"zones":[706,18310,63693,7757,7758,9681,721,722,17555,31956,7764,20763,7259,15963,63709,138528,24166,41767,41768,179635,29171,26164,115380,29174,29178,29180,29181],"pointsPerHour":200,"points":194305,"blocktime":1080,"taken":3053,"name":"novan","totalPoints":413281,"rank":32,"id":210843,"place":266,"uniqueZonesTaken":516,"region":{"name":"Västmanland","id":143}},"time":"2021-09-29T17:47:19+0000","message":"jeep43: hejja!!! :-)","region":{"name":"Västmanland","id":143},"type":"chat"},{"sender":{"country":"se","medals":[67,9,16,24,22,57,48,24,72,79,77,24,66,26,24,17,116,83,117,24,24,50,24,17,4,24,111,24,27,124,126,118,17,127],"zones":[],"pointsPerHour":0,"points":121642,"blocktime":1440,"taken":89363,"name":"VÄDUREN","totalPoints":11143157,"rank":56,"id":92950,"place":537,"uniqueZonesTaken":3827,"region":{"name":"Västmanland","id":143}},"time":"2021-09-29T17:42:44+0000","message":"jeep43: långt hemifrån! Bra kört !","region":{"name":"Västmanland","id":143},"type":"chat"}]