[{"sender":{"country":"se","medals":[70,67,77,16,83,79,72,75,68,24,17,116,15,22,68,4,66,59,107,89,126,124,127],"zones":[11200,17733,17736,11658,492,17553,31474,31763,178353,13621,18678,5624,115963,24187,93148,15966],"pointsPerHour":110,"points":272309,"blocktime":1425,"taken":68912,"name":"CRUSAIDER","totalPoints":9774474,"rank":55,"id":168025,"place":113,"uniqueZonesTaken":2125,"region":{"name":"Västmanland","id":143}},"time":"2021-09-28T18:18:22+0000","message":"Gusmasen: jag siktar på råby fixar du södra gryta","region":{"name":"Västmanland","id":143},"type":"chat"},{"sender":{"country":"se","medals":[67,16,5,24,15,57,24,27,70,22,72,24,77,79,66,48,24,17,116,24,123,126,104,89,24,127],"zones":[711,29160,29161,29162,7756,29166,29167,29168,29169,14869,14870,18199,296286],"pointsPerHour":80,"points":214054,"blocktime":1425,"taken":59608,"name":"Gusmasen","totalPoints":9567715,"rank":55,"id":45475,"place":209,"uniqueZonesTaken":1772,"region":{"name":"Västmanland","id":143}},"time":"2021-09-28T18:18:14+0000","message":"CRUSAIDER: ok?","region":{"name":"Västmanland","id":143},"type":"chat"},{"sender":{"country":"se","medals":[67,16,5,24,15,57,24,27,70,22,72,24,77,79,66,48,24,17,116,24,123,126,104,89,24,127],"zones":[711,29160,29161,29162,7756,29166,29167,29168,29169,14869,14870,18199,296286],"pointsPerHour":80,"points":214053,"blocktime":1425,"taken":59608,"name":"Gusmasen","totalPoints":9567714,"rank":55,"id":45475,"place":209,"uniqueZonesTaken":1772,"region":{"name":"Västmanland","id":143}},"time":"2021-09-28T18:17:37+0000","message":"CRUSAIDER: blev lite ändrad plan nu. Får ta mig ner via svartån","region":{"name":"Västmanland","id":143},"type":"chat"},{"medal":80,"time":"2021-09-28T18:12:56+0000","type":"medal","user":{"country":"se","medals":[80,84],"zones":[17160,28282,115083,683,24429],"pointsPerHour":0,"points":494,"blocktime":630,"taken":5,"name":"annactornqvist","totalPoints":494,"rank":2,"id":347354,"place":9668,"uniqueZonesTaken":5,"region":{"name":"Uppsala","id":142}}},{"medal":84,"time":"2021-09-28T18:12:56+0000","type":"medal","user":{"country":"se","medals":[80,84],"zones":[17160,28282,115083,683,24429],"pointsPerHour":0,"points":494,"blocktime":630,"taken":5,"name":"annactornqvist","totalPoints":494,"rank":2,"id":347354,"place":9668,"uniqueZonesTaken":5,"region":{"name":"Uppsala","id":142}}}]