[{"medal":92,"time":"2021-10-18T08:52:36+0000","type":"medal","user":{"country":"se","medals":[85,51,92],"zones":[153666,25184,8418,354310,122473,22186,1230,22066,119698,20758,136245,348765,94202,148607,97982],"pointsPerHour":0,"points":2110,"blocktime":675,"taken":16,"name":"Joeman","totalPoints":2110,"rank":5,"id":350240,"place":7171,"uniqueZonesTaken":15,"region":{"name":"Stockholm","id":141}}},{"medal":127,"time":"2021-10-18T08:40:47+0000","type":"medal","user":{"country":"se","medals":[51,79,10,67,6,94,12,104,35,127],"zones":[25185,115477,45045,94538,56619,30846],"pointsPerHour":0,"points":22914,"blocktime":1080,"taken":2584,"name":"calle345","totalPoints":414273,"rank":32,"id":172246,"place":7171,"uniqueZonesTaken":212,"region":{"name":"Stockholm","id":141}}}]