[{"medal":84,"time":"2021-10-19T12:07:07+0000","type":"medal","user":{"country":"se","medals":[93,84],"zones":[55648],"pointsPerHour":0,"points":727,"blocktime":645,"taken":6,"name":"Morfarbjo","totalPoints":727,"rank":3,"id":350468,"place":7314,"uniqueZonesTaken":6,"region":{"name":"Kalmar","id":137}}},{"medal":53,"time":"2021-10-19T12:06:11+0000","type":"medal","user":{"country":"se","medals":[92,31,53],"zones":[154243,1409,154240,1410,842,843,22414,183949,1360,223058,223057,1556,1109,223062,1110,92121,12192,93730,316588,1516,359349,46513,46514,429429,46515,115255,382908,95739,176188,382907],"pointsPerHour":0,"points":11139,"blocktime":720,"taken":44,"name":"Offapoffa","totalPoints":11139,"rank":8,"id":349997,"place":7314,"uniqueZonesTaken":44,"region":{"name":"Västra Götaland","id":132}}},{"medal":85,"time":"2021-10-19T12:01:36+0000","type":"medal","user":{"country":"se","medals":[80,93,85],"zones":[316512],"pointsPerHour":0,"points":185,"blocktime":675,"taken":10,"name":"smihma","totalPoints":2699,"rank":5,"id":276487,"place":7313,"uniqueZonesTaken":8,"region":{"name":"Uppsala","id":142}}}]