[{"medal":80,"time":"2021-10-18T09:12:35+0000","type":"medal","user":{"country":"se","medals":[93,85,80],"zones":[78449,12243,224725,11990,139401],"pointsPerHour":0,"points":1193,"blocktime":660,"taken":13,"name":"wongback","totalPoints":1309,"rank":4,"id":348098,"place":7177,"uniqueZonesTaken":8,"region":{"name":"Stockholm","id":141}}},{"medal":84,"time":"2021-10-18T09:10:30+0000","type":"medal","user":{"country":"se","medals":[84],"zones":[22207],"pointsPerHour":0,"points":95,"blocktime":645,"taken":5,"name":"SofiaAlvaAlana","totalPoints":789,"rank":3,"id":344001,"place":7176,"uniqueZonesTaken":5,"region":{"name":"Stockholm","id":141}}},{"medal":85,"time":"2021-10-18T09:01:35+0000","type":"medal","user":{"country":"se","medals":[93,85],"zones":[12243,139401],"pointsPerHour":0,"points":948,"blocktime":645,"taken":10,"name":"wongback","totalPoints":1065,"rank":3,"id":348098,"place":7173,"uniqueZonesTaken":6,"region":{"name":"Stockholm","id":141}}}]