[{"medal":42,"time":"2021-10-18T04:24:04+0000","type":"medal","user":{"country":"se","medals":[80,92,100,94,42],"zones":[51656],"pointsPerHour":0,"points":8195,"blocktime":810,"taken":250,"name":"Annamaria8","totalPoints":36509,"rank":14,"id":337582,"place":7159,"uniqueZonesTaken":16,"region":{"name":"Västerbotten","id":127}}},{"medal":128,"time":"2021-10-18T04:13:06+0000","type":"medal","user":{"country":"se","medals":[22,67,5,16,70,10,17,4,24,47,17,77,79,17,56,17,91,117,62,17,89,74,123,126,24,26,17,115,109,128],"zones":[78433,44194,223813,34539,1100,28653,270,34545,91699,7317,37402,22202,22203,7037],"pointsPerHour":0,"points":63583,"blocktime":1425,"taken":71629,"name":"Heureka","totalPoints":10025271,"rank":55,"id":89635,"place":7159,"uniqueZonesTaken":6167,"region":{"name":"Stockholm","id":141}}}]