[{"medal":128,"time":"2021-10-18T07:56:03+0000","type":"medal","user":{"country":"se","medals":[67,16,70,77,22,83,27,7,48,72,79,57,117,14,95,122,126,89,104,128],"zones":[46432,221139,154116,4982,4984,88,80781,57278,46430],"pointsPerHour":0,"points":38223,"blocktime":1410,"taken":58458,"name":"Martahari","totalPoints":8859702,"rank":54,"id":143551,"place":7171,"uniqueZonesTaken":646,"region":{"name":"Östergötland","id":139}}},{"medal":11,"time":"2021-10-18T07:43:15+0000","type":"medal","user":{"country":"gb","medals":[52,86,11],"zones":[376821,321748,321750,321586,321587,321582,321593,321755],"pointsPerHour":0,"points":12402,"blocktime":735,"taken":59,"name":"sparkleblue","totalPoints":12402,"rank":9,"id":349826,"place":7169,"uniqueZonesTaken":50,"region":{"name":"Scotland","id":200}}}]