[{"medal":128,"time":"2021-11-01T15:16:19+0000","type":"medal","user":{"country":"se","medals":[16,27,70,79,72,48,5,22,58,68,67,7,14,4,77,24,99,24,107,17,87,128],"zones":[22498,22499,92517,22500,22501,95814,748,30095,110739,11542,351358,5596],"pointsPerHour":0,"points":126114,"blocktime":23,"taken":35320,"name":"putnek","totalPoints":6606120,"rank":52,"id":161515,"place":8259,"uniqueZonesTaken":879,"region":{"name":"Örebro","id":131}}},{"medal":93,"time":"2021-11-01T15:14:11+0000","type":"medal","user":{"country":"se","medals":[93],"zones":[35918,35919],"pointsPerHour":0,"points":241,"blocktime":10,"taken":3,"name":"BABABOE2.0","totalPoints":241,"rank":1,"id":351359,"place":0,"uniqueZonesTaken":3,"region":{"name":"Stockholm","id":141}}},{"medal":6,"time":"2021-11-01T15:12:33+0000","type":"medal","user":{"country":"se","medals":[67,86,11,52,6],"zones":[152396,43024,5425,203569,178230,92759,134676,468816,18201,135035,387194,24351],"pointsPerHour":0,"points":15910,"blocktime":12,"taken":85,"name":"plingela70","totalPoints":15910,"rank":10,"id":349462,"place":8259,"uniqueZonesTaken":62,"region":{"name":"Gävleborg","id":144}}},{"medal":41,"time":"2021-11-01T15:09:46+0000","type":"medal","user":{"country":"se","medals":[16,9,14,10,47,57,22,67,5,93,100,78,41],"zones":[88416,224082,20514,26210,518,390,138507,178268,18319],"pointsPerHour":0,"points":13137,"blocktime":22,"taken":25000,"name":"miwer","totalPoints":4911292,"rank":49,"id":9161,"place":8259,"uniqueZonesTaken":716,"region":{"name":"Skåne","id":135}}}]