[{"sender":{"country":"se","medals":[16,17,21,27,9,4,67,24,17,58,68,70,17,72,45,79,91,77,30,26,83,17,115,117,75,17,120,119,124,126,110,17,128],"zones":[43745,27106,33796,868,6151,23175,30887,64680,1608,4557,64017,35954,41842,474485,98066,9300,47002],"pointsPerHour":112,"points":141541,"blocktime":24,"taken":122017,"name":"KingOfTheSlope","totalPoints":17107785,"rank":58,"id":30780,"place":443,"uniqueZonesTaken":9713,"region":{"name":"Uppsala","id":142}},"time":"2021-11-02T06:44:06+0000","message":"mattihp: såg inte meddelandet, men tack för att du väntade 😊","region":{"name":"Uppsala","id":142},"type":"chat"},{"medal":100,"time":"2021-11-02T06:41:06+0000","type":"medal","user":{"country":"se","medals":[79,77,122,4,55,14,47,7,28,35,127,94,100],"zones":[1125,138469,7720,33099,115402,22223,2416,427062,22224,22739,7831,94812,89246],"pointsPerHour":0,"points":52181,"blocktime":18,"taken":2739,"name":"AllaCalle","totalPoints":496625,"rank":33,"id":321000,"place":8272,"uniqueZonesTaken":886,"region":{"name":"Stockholm","id":141}}}]