[{"medal":85,"time":"2021-11-01T14:39:06+0000","type":"medal","user":{"country":"se","medals":[80,85],"zones":[97298,426322,14872,14873,490,37244,24173,92239],"pointsPerHour":0,"points":818,"blocktime":10,"taken":10,"name":"Klara1212","totalPoints":818,"rank":3,"id":351354,"place":8257,"uniqueZonesTaken":9,"region":{"name":"Västmanland","id":143}}},{"sender":{"country":"se","medals":[16,67,17,70,4,27,24,15,44,72,77,79,83,24,48,21,66,117,17,116,58,24,118,123,126,104,128],"zones":[257,30339,64100,21893,117766,201,115402,37231,92846,16786,16788,116,16789,37237,8218,11677,64093,131839,122463,64095],"pointsPerHour":162,"points":170417,"blocktime":24,"taken":96354,"name":"NisseNasse","totalPoints":14452376,"rank":57,"id":54085,"place":302,"uniqueZonesTaken":2247,"region":{"name":"Stockholm","id":141}},"time":"2021-11-01T14:38:26+0000","message":"embeoo: man får ju ta på skyddsvästen numera, och cykla utan att stanna till längre stund. Borde kanske spökturfa också. 🤔","region":{"name":"Stockholm","id":141},"type":"chat"},{"medal":90,"time":"2021-11-01T14:37:24+0000","type":"medal","user":{"country":"se","medals":[85,51,92,90],"zones":[41760,89895,41766,711,10922,2252,7756,29166,24174,29168,29169,14869,41749,14870,296286,41726,42175],"pointsPerHour":0,"points":1886,"blocktime":11,"taken":20,"name":"Ludvig080909","totalPoints":1993,"rank":5,"id":299511,"place":8257,"uniqueZonesTaken":19,"region":{"name":"Västmanland","id":143}}},{"sender":{"country":"se","medals":[16,67,17,70,4,27,24,15,44,72,77,79,83,24,48,21,66,117,17,116,58,24,118,123,126,104,128],"zones":[257,30339,64100,21893,117766,201,115402,37231,92846,16786,16788,116,16789,37237,8218,11677,64093,131839,122463,64095],"pointsPerHour":162,"points":170408,"blocktime":24,"taken":96354,"name":"NisseNasse","totalPoints":14452368,"rank":57,"id":54085,"place":302,"uniqueZonesTaken":2247,"region":{"name":"Stockholm","id":141}},"time":"2021-11-01T14:35:17+0000","message":"embeoo: hehe, jag har en plan (denna vecka). 😉","region":{"name":"Stockholm","id":141},"type":"chat"}]