[{"medal":84,"time":"2021-11-02T08:36:20+0000","type":"medal","user":{"country":"se","medals":[80,84],"zones":[2464,185336,94171,2461,24270],"pointsPerHour":0,"points":911,"blocktime":10,"taken":5,"name":"basket","totalPoints":911,"rank":3,"id":252786,"place":8275,"uniqueZonesTaken":5,"region":{"name":"Skåne","id":135}}},{"medal":80,"time":"2021-11-02T08:36:19+0000","type":"medal","user":{"country":"se","medals":[80,84],"zones":[2464,185336,94171,2461,24270],"pointsPerHour":0,"points":911,"blocktime":10,"taken":5,"name":"basket","totalPoints":911,"rank":3,"id":252786,"place":8275,"uniqueZonesTaken":5,"region":{"name":"Skåne","id":135}}},{"medal":42,"time":"2021-11-02T07:56:55+0000","type":"medal","user":{"country":"se","medals":[53,11,79,10,77,42],"zones":[224534,9501,33790],"pointsPerHour":0,"points":5089,"blocktime":13,"taken":250,"name":"Aviaroc","totalPoints":41330,"rank":14,"id":261185,"place":8273,"uniqueZonesTaken":73,"region":{"name":"Uppsala","id":142}}}]