[{"sender":{"country":"se","medals":[42,17,16,17,79,7,24,17,116,47,27,56,4,77,117,28,109,24,126,22,88,24,15,5,128],"zones":[206858],"pointsPerHour":1,"points":160727,"blocktime":23,"taken":48360,"name":"krokodilen","totalPoints":8349066,"rank":54,"id":45356,"place":349,"uniqueZonesTaken":1010,"region":{"name":"Stockholm","id":141}},"time":"2021-11-02T08:51:57+0000","message":"alligatorn jag kom 1min för tidigt 😋","region":{"name":"Stockholm","id":141},"type":"chat"},{"medal":31,"time":"2021-11-02T08:44:31+0000","type":"medal","user":{"country":"se","medals":[95,80,92,31],"zones":[137551],"pointsPerHour":0,"points":838,"blocktime":11,"taken":25,"name":"Banan10000","totalPoints":7225,"rank":7,"id":336935,"place":8275,"uniqueZonesTaken":18,"region":{"name":"Skåne","id":135}}}]