[{"medal":42,"time":"2022-12-12T17:44:07+0000","type":"medal","user":{"country":"se","medals":[92,51,90,97,100,42],"zones":[150,151,122456],"pointsPerHour":0,"points":12007,"blocktime":13,"taken":250,"name":"DanPetter","totalPoints":27770,"rank":13,"id":383523,"place":4937,"uniqueZonesTaken":37,"region":{"name":"Stockholm","id":141}}},{"medal":84,"time":"2022-12-12T17:27:29+0000","type":"medal","user":{"country":"se","medals":[84],"zones":[24245,7574],"pointsPerHour":0,"points":840,"blocktime":10,"taken":5,"name":"biorn","totalPoints":840,"rank":3,"id":384430,"place":4936,"uniqueZonesTaken":5,"region":{"name":"Stockholm","id":141}}}]