[{"sender":{"country":"se","medals":[67,16,57,70,21,27,28,4,48,24,9,66,77,79,26,50,64,17,116,24,83,117,124,126,17,111,131,87,17],"zones":[43874,45012,275980,92281,42377,51545,43865,47739],"pointsPerHour":20,"points":4304,"blocktime":23,"taken":36974,"name":"KrilleB","totalPoints":7308846,"rank":53,"id":62251,"place":1112,"uniqueZonesTaken":4923,"region":{"name":"Västmanland","id":143}},"time":"2022-06-06T12:52:13+0000","message":"Fåret_Shaun: vardagar 06-17","region":{"name":"Västmanland","id":143},"type":"chat"},{"sender":{"country":"se","medals":[67,16,57,70,21,27,28,4,48,24,9,66,77,79,26,50,64,17,116,24,83,117,124,126,17,111,131,87,17],"zones":[43874,45012,275980,92281,42377,51545,43865,47739],"pointsPerHour":20,"points":4303,"blocktime":23,"taken":36974,"name":"KrilleB","totalPoints":7308846,"rank":53,"id":62251,"place":1111,"uniqueZonesTaken":4923,"region":{"name":"Västmanland","id":143}},"time":"2022-06-06T12:51:40+0000","message":"må","region":{"name":"Västmanland","id":143},"type":"chat"},{"sender":{"country":"se","medals":[28,77,79,16,57,6,22,108,124,48,24,112,128,50,40],"zones":[44464,44465,44466,42376,8440],"pointsPerHour":7,"points":4743,"blocktime":21,"taken":22960,"name":"Fåret_Shaun","totalPoints":3571415,"rank":47,"id":298893,"place":1038,"uniqueZonesTaken":3160,"region":{"name":"Västmanland","id":143}},"time":"2022-06-06T12:51:10+0000","message":"KrilleB: Hur tar man zonen Bruket?","region":{"name":"Västmanland","id":143},"type":"chat"},{"medal":35,"time":"2022-06-06T12:50:21+0000","type":"medal","user":{"country":"se","medals":[51,94,12,104,90,35],"zones":[3440,994,95554,51667,2891],"pointsPerHour":0,"points":1162,"blocktime":17,"taken":2500,"name":"maluren","totalPoints":255581,"rank":28,"id":339459,"place":4141,"uniqueZonesTaken":176,"region":{"name":"Västerbotten","id":127}}},{"medal":92,"time":"2022-06-06T12:50:08+0000","type":"medal","user":{"country":"se","medals":[80,85,93,92],"zones":[7707,5403,135036,9759],"pointsPerHour":0,"points":613,"blocktime":11,"taken":15,"name":"THEO-w-2011","totalPoints":1343,"rank":4,"id":365537,"place":4141,"uniqueZonesTaken":15,"region":{"name":"Västerbotten","id":127}}},{"sender":{"country":"se","medals":[79,77,16,95,15,6,127,107,124,48,58,22,68,40,72],"zones":[44467,45011,45014,136041,409194,44990],"pointsPerHour":7,"points":4571,"blocktime":21,"taken":21309,"name":"Gurra98","totalPoints":3257651,"rank":46,"id":298894,"place":1066,"uniqueZonesTaken":2419,"region":{"name":"Västmanland","id":143}},"time":"2022-06-06T12:47:38+0000","message":"KrilleB: Tack 😂😂","region":{"name":"Västmanland","id":143},"type":"chat"}]