[{"sender":{"country":"se","medals":[46,126,16,55,95,103,5,14,67,122,128,90,6,38],"zones":[7170,335,1615,150253,23313,92085,25365,92086,25370,25371,1213,62462],"pointsPerHour":56,"points":60961,"blocktime":20,"taken":10659,"name":"JimmyAIK94","totalPoints":1850984,"rank":42,"id":267637,"place":127,"uniqueZonesTaken":720,"region":{"name":"Stockholm","id":141}},"time":"2021-12-13T13:37:22+0000","message":"Svensings: aha, möjligt att de var klassen där som gick vid blomman när jag var där för typ 30min sedan ? 🙈","region":{"name":"Stockholm","id":141},"type":"chat"},{"sender":{"country":"se","medals":[54,78,100,70,36,6,14,94,24,90,46,130],"zones":[91843,11379,3093,138471,25350,76647,316552,36429],"pointsPerHour":30,"points":34694,"blocktime":20,"taken":7393,"name":"Svensings","totalPoints":1419150,"rank":40,"id":288002,"place":375,"uniqueZonesTaken":629,"region":{"name":"Stockholm","id":141}},"time":"2021-12-13T13:35:20+0000","message":"JimmyAIK94: kan ha barnbarn ändå!","region":{"name":"Stockholm","id":141},"type":"chat"}]