[{"medal":31,"time":"2021-12-13T08:16:25+0000","type":"medal","user":{"country":"se","medals":[80,31],"zones":[46405,152068,46406,147083,116621],"pointsPerHour":0,"points":1808,"blocktime":12,"taken":25,"name":"Ling123","totalPoints":12796,"rank":9,"id":351455,"place":4804,"uniqueZonesTaken":10,"region":{"name":"Västra Götaland","id":132}}},{"sender":{"country":"se","medals":[46,126,16,55,95,103,5,14,67,122,128,90,6,38],"zones":[36433,7157,1213],"pointsPerHour":20,"points":56916,"blocktime":20,"taken":10628,"name":"JimmyAIK94","totalPoints":1846940,"rank":42,"id":267637,"place":132,"uniqueZonesTaken":719,"region":{"name":"Stockholm","id":141}},"time":"2021-12-13T08:11:19+0000","message":"Zuma: vart ska du?","region":{"name":"Stockholm","id":141},"type":"chat"}]