[{"medal":80,"time":"2023-02-27T13:27:00+0000","type":"medal","user":{"country":"se","medals":[80,84],"zones":[1009,372,178343,21501,815],"pointsPerHour":0,"points":376,"blocktime":10,"taken":5,"name":"hampen05","totalPoints":376,"rank":1,"id":386587,"place":6299,"uniqueZonesTaken":5,"region":{"name":"Västra Götaland","id":132}}},{"medal":84,"time":"2023-02-27T13:27:00+0000","type":"medal","user":{"country":"se","medals":[80,84],"zones":[1009,372,178343,21501,815],"pointsPerHour":0,"points":376,"blocktime":10,"taken":5,"name":"hampen05","totalPoints":376,"rank":1,"id":386587,"place":6299,"uniqueZonesTaken":5,"region":{"name":"Västra Götaland","id":132}}},{"medal":84,"time":"2023-02-27T13:23:42+0000","type":"medal","user":{"country":"se","medals":[80,84],"zones":[339,1350,12043,30558,447],"pointsPerHour":0,"points":389,"blocktime":10,"taken":5,"name":"TMA","totalPoints":389,"rank":1,"id":386601,"place":6299,"uniqueZonesTaken":5,"region":{"name":"Västra Götaland","id":132}}},{"medal":80,"time":"2023-02-27T13:23:42+0000","type":"medal","user":{"country":"se","medals":[80,84],"zones":[339,1350,12043,30558,447],"pointsPerHour":0,"points":389,"blocktime":10,"taken":5,"name":"TMA","totalPoints":389,"rank":1,"id":386601,"place":6299,"uniqueZonesTaken":5,"region":{"name":"Västra Götaland","id":132}}},{"medal":93,"time":"2023-02-27T13:19:55+0000","type":"medal","user":{"country":"se","medals":[93],"zones":[],"pointsPerHour":0,"points":95,"blocktime":10,"taken":1,"name":"Stargazers","totalPoints":95,"rank":0,"id":386594,"place":6299,"uniqueZonesTaken":1,"region":{"name":"Västra Götaland","id":132}}}]