[{"sender":{"country":"uk","medals":[46,22,55,35,131,78,117,70,14,97,28,106],"zones":[16006,64345,484332,382905,382906],"pointsPerHour":9,"points":4793,"blocktime":1170,"taken":4089,"name":"Cubist","totalPoints":1052669,"rank":38,"id":320037,"place":1016,"uniqueZonesTaken":634,"region":{"name":"Scotland","id":200}},"time":"2022-09-05T11:27:23+0000","message":"McSnow: Are you heading to BlythPark?","region":{"name":"Scotland","id":200},"type":"chat"},{"sender":{"country":"se","medals":[],"zones":[6907],"pointsPerHour":1,"points":235,"blocktime":615,"taken":1,"name":"BrunoGamer","totalPoints":235,"rank":1,"id":372052,"place":3577,"uniqueZonesTaken":1,"region":{"name":"Norrbotten","id":126}},"time":"2022-09-05T11:24:26+0000","message":"Hejhej","region":{"name":"Norrbotten","id":126},"type":"chat"},{"medal":84,"time":"2022-09-05T11:23:56+0000","type":"medal","user":{"country":"se","medals":[93,84],"zones":[426389,7818,62058,179134],"pointsPerHour":0,"points":539,"blocktime":630,"taken":5,"name":"emiliafage","totalPoints":539,"rank":2,"id":372028,"place":4466,"uniqueZonesTaken":4,"region":{"name":"Värmland","id":130}}},{"sender":{"country":"se","medals":[4,16,67,70,8,27,24,9,72,21,79,77,24,66,24,113,75,26,24,24,83,126,50,108,131,73,17,116,124,82,68],"zones":[62496,62497,62498,139467],"pointsPerHour":14,"points":2934,"blocktime":1410,"taken":33122,"name":"Brellir","totalPoints":9077631,"rank":54,"id":82495,"place":1416,"uniqueZonesTaken":3298,"region":{"name":"Västerbotten","id":127}},"time":"2022-09-05T11:22:59+0000","message":"Knegare: Grattis till ditt R!","region":{"name":"Västerbotten","id":127},"type":"chat"}]