[{"medal":84,"time":"2022-09-06T15:35:44+0000","type":"medal","user":{"country":"se","medals":[93,84],"zones":[45940],"pointsPerHour":0,"points":495,"blocktime":630,"taken":5,"name":"APELSINEN_ALLE","totalPoints":495,"rank":2,"id":372172,"place":5279,"uniqueZonesTaken":5,"region":{"name":"Kalmar","id":137}}},{"sender":{"country":"se","medals":[22,67,4,24,70,16,57,27,83,15,72,79,48,99,66,24,126,107,124,130,24,119],"zones":[43809,109476,21752,713,15962,43180,319416,43807],"pointsPerHour":33,"points":43319,"blocktime":1470,"taken":105096,"name":"FlitigaTobbe","totalPoints":17708490,"rank":58,"id":48872,"place":76,"uniqueZonesTaken":2223,"region":{"name":"Västmanland","id":143}},"time":"2022-09-06T15:35:31+0000","message":"AEM: vid zonen","region":{"name":"Västmanland","id":143},"type":"chat"},{"sender":{"country":"se","medals":[67,4,24,70,16,24,57,21,7,72,48,99,79,24,77,17,83,24,50,24,108,123,126,24,89,132],"zones":[],"pointsPerHour":0,"points":2418,"blocktime":1380,"taken":52578,"name":"AEM","totalPoints":6842134,"rank":52,"id":48890,"place":2389,"uniqueZonesTaken":3097,"region":{"name":"Västmanland","id":143}},"time":"2022-09-06T15:34:55+0000","message":"FlitigaTobbe: ska jag vänta i 4 minuter?","region":{"name":"Västmanland","id":143},"type":"chat"},{"sender":{"country":"se","medals":[22,67,4,24,70,16,57,27,83,15,72,79,48,99,66,24,126,107,124,130,24,119],"zones":[43809,109476,21752,713,15962,43180,319416,43807],"pointsPerHour":33,"points":43318,"blocktime":1470,"taken":105096,"name":"FlitigaTobbe","totalPoints":17708489,"rank":58,"id":48872,"place":76,"uniqueZonesTaken":2223,"region":{"name":"Västmanland","id":143}},"time":"2022-09-06T15:34:04+0000","message":"AEM:Vänta pp perrac","region":{"name":"Västmanland","id":143},"type":"chat"},{"medal":93,"time":"2022-09-06T15:32:10+0000","type":"medal","user":{"country":"se","medals":[93],"zones":[],"pointsPerHour":0,"points":400,"blocktime":615,"taken":4,"name":"APELSINEN_ALLE","totalPoints":400,"rank":1,"id":372172,"place":5274,"uniqueZonesTaken":4,"region":{"name":"Kalmar","id":137}}},{"sender":{"country":"se","medals":[16,9,67,68,68,21,68,68,70,24,2,68,4,2,68,27,68,68,68,72,3,68,26,75,1,69,68,79,77,89,83,68,2,68,68,82,1,69,68,68,50,1,69,68,17,17,119,116,117,91,25,30,76,68,109,68,3,68,24,68,68,68,68,68,17,68,49,123,126,68,68,68,68,130,68],"zones":[30081,30084,110535,327842,43977,32106,75914,33740,7821,26640,31283,29429,47513,12505,47514,47515,43931,47516,47517,183933],"pointsPerHour":112,"points":32985,"blocktime":1485,"taken":284619,"name":"simpson","totalPoints":44784775,"rank":59,"id":71440,"place":164,"uniqueZonesTaken":4134,"region":{"name":"Värmland","id":130}},"time":"2022-09-06T15:31:51+0000","message":"ok 😀","region":{"name":"Värmland","id":130},"type":"chat"},{"sender":{"country":"se","medals":[5,67,16,24,70,44,48,24,27,66,24,4,15,79,77,24,112,17,72,58,24,123,126,24,108,131,119],"zones":[11201,102067,26164,71721,71720,41769,63709],"pointsPerHour":34,"points":12688,"blocktime":1470,"taken":103092,"name":"Perrac","totalPoints":15245757,"rank":58,"id":50174,"place":684,"uniqueZonesTaken":1762,"region":{"name":"Västmanland","id":143}},"time":"2022-09-06T15:31:47+0000","message":"FlitigaTobbe: ok","region":{"name":"Västmanland","id":143},"type":"chat"},{"sender":{"country":"se","medals":[67,5,16,24,117,70,126,72,24,48,24,123,4,24,7,15,130,17,116,40,59,22,24,107,24,79],"zones":[43904,3329,7809,26626,43906,7810,30082,43907,30083,43908,43909,92423,43910,26632,217999,46477,77199,44176,44177,12051,128665,43930,43933,141475,119719,63022,17198,221869,17199,92209,16051,31284,826,114874,830,31296,521924,480968,44239,135762,486101,486096,43866,29152,43109,44142,29432,93693],"pointsPerHour":197,"points":80368,"blocktime":1320,"taken":24909,"name":"Podde","totalPoints":4185661,"rank":48,"id":231293,"place":9,"uniqueZonesTaken":1557,"region":{"name":"Värmland","id":130}},"time":"2022-09-06T15:31:35+0000","message":"simpson: du får de zonerna 😁","region":{"name":"Värmland","id":130},"type":"chat"},{"sender":{"country":"se","medals":[22,67,4,24,70,16,57,27,83,15,72,79,48,99,66,24,126,107,124,130,24,119],"zones":[319412,43809,109476,21752,713,15962,43180,319416,43807],"pointsPerHour":35,"points":43251,"blocktime":1470,"taken":105095,"name":"FlitigaTobbe","totalPoints":17708422,"rank":58,"id":48872,"place":76,"uniqueZonesTaken":2223,"region":{"name":"Västmanland","id":143}},"time":"2022-09-06T15:31:25+0000","message":"Perrac: vill ha FireArm","region":{"name":"Västmanland","id":143},"type":"chat"},{"medal":86,"time":"2022-09-06T15:30:32+0000","type":"medal","user":{"country":"se","medals":[51,92,86],"zones":[],"pointsPerHour":0,"points":1153,"blocktime":720,"taken":50,"name":"qzxw","totalPoints":8384,"rank":8,"id":369444,"place":5273,"uniqueZonesTaken":18,"region":{"name":"Västerbotten","id":127}}}]