[{"sender":{"country":"de","medals":[16,79,77,123,15,28,6,47,27,22,94,130,103,36,67,59],"zones":[424998,165248,393924,319143,393922,501634,318941,45178,393757,319145,501624],"pointsPerHour":17,"points":3569,"blocktime":1230,"taken":6758,"name":"HappyHibby","totalPoints":1844871,"rank":42,"id":353247,"place":1501,"uniqueZonesTaken":2203,"region":{"name":"Sachsen-Anhalt","id":453}},"time":"2022-09-05T17:08:27+0000","message":"Mx5man: waiting for you!","region":{"name":"Berlin","id":440},"type":"chat"},{"medal":10,"time":"2022-09-05T17:04:33+0000","type":"medal","user":{"country":"se","medals":[53,5,4,67,12,33,7,10],"zones":[29765,29766,7302,7303,29767,145035,94984,7306,29771,7307,473577,62256,62257],"pointsPerHour":0,"points":7410,"blocktime":975,"taken":724,"name":"ItzArtiqz","totalPoints":188661,"rank":25,"id":100414,"place":4781,"uniqueZonesTaken":189,"region":{"name":"Västra Götaland","id":132}}},{"medal":51,"time":"2022-09-05T17:04:21+0000","type":"medal","user":{"country":"se","medals":[92,51,31],"zones":[111153,481879,47427,22019,7348,222118,61495,515616,895,47423],"pointsPerHour":0,"points":2751,"blocktime":690,"taken":25,"name":"FlisanSickan","totalPoints":4575,"rank":6,"id":369859,"place":4781,"uniqueZonesTaken":20,"region":{"name":"Stockholm","id":141}}},{"medal":31,"time":"2022-09-05T17:04:21+0000","type":"medal","user":{"country":"se","medals":[92,51,31],"zones":[111153,481879,47427,22019,7348,222118,61495,515616,895,47423],"pointsPerHour":0,"points":2751,"blocktime":690,"taken":25,"name":"FlisanSickan","totalPoints":4575,"rank":6,"id":369859,"place":4781,"uniqueZonesTaken":20,"region":{"name":"Stockholm","id":141}}},{"medal":32,"time":"2022-09-05T17:03:04+0000","type":"medal","user":{"country":"se","medals":[97,51,11,32],"zones":[178402,142432,22658,193382,33764,193386,180649,465067,361163,115121,11190,46294,23511,23512,95800,176760,204159,176831,481850],"pointsPerHour":0,"points":5175,"blocktime":765,"taken":100,"name":"Lemera","totalPoints":21446,"rank":11,"id":369558,"place":4778,"uniqueZonesTaken":89,"region":{"name":"Örebro","id":131}}}]