[{"medal":80,"time":"2022-09-06T12:30:32+0000","type":"medal","user":{"country":"se","medals":[80,84],"zones":[96676,41685,426496,139262,481867],"pointsPerHour":0,"points":689,"blocktime":630,"taken":5,"name":"scaldenius","totalPoints":689,"rank":2,"id":372440,"place":5178,"uniqueZonesTaken":5,"region":{"name":"Stockholm","id":141}}},{"medal":84,"time":"2022-09-06T12:30:32+0000","type":"medal","user":{"country":"se","medals":[80,84],"zones":[96676,41685,426496,139262,481867],"pointsPerHour":0,"points":689,"blocktime":630,"taken":5,"name":"scaldenius","totalPoints":689,"rank":2,"id":372440,"place":5178,"uniqueZonesTaken":5,"region":{"name":"Stockholm","id":141}}},{"sender":{"country":"se","medals":[24,16,17,17,24,24,24,24,27,79,24,28,17,116,47,15,4,77,117,24,126,22,24,57,111,122,131,66,30,118],"zones":[24068,7368,179799,26197,155348,109080,26523,278617,278619,26529,429410,44711,357474,44712,61609,134958,179823,29299,92341,92340,8374,29302,8378,29307,254,60798],"pointsPerHour":81,"points":20455,"blocktime":1440,"taken":75273,"name":"alligatorn","totalPoints":12827720,"rank":56,"id":26497,"place":365,"uniqueZonesTaken":1436,"region":{"name":"Stockholm","id":141}},"time":"2022-09-06T12:24:57+0000","message":"krokodilen: ok","region":{"name":"Stockholm","id":141},"type":"chat"}]