[{"medal":80,"time":"2022-09-05T07:32:15+0000","type":"medal","user":{"country":"se","medals":[80,84],"zones":[154274,425588,12374,116057,56778],"pointsPerHour":0,"points":600,"blocktime":630,"taken":5,"name":"E.Bolin","totalPoints":600,"rank":2,"id":371804,"place":4104,"uniqueZonesTaken":5,"region":{"name":"Gotland","id":138}}},{"medal":84,"time":"2022-09-05T07:32:15+0000","type":"medal","user":{"country":"se","medals":[80,84],"zones":[154274,425588,12374,116057,56778],"pointsPerHour":0,"points":600,"blocktime":630,"taken":5,"name":"E.Bolin","totalPoints":600,"rank":2,"id":371804,"place":4104,"uniqueZonesTaken":5,"region":{"name":"Gotland","id":138}}},{"medal":80,"time":"2022-09-05T07:30:11+0000","type":"medal","user":{"country":"se","medals":[93,84,80],"zones":[33328,33330,11755,93756,115263],"pointsPerHour":0,"points":659,"blocktime":630,"taken":7,"name":"mtofften","totalPoints":659,"rank":2,"id":371807,"place":4101,"uniqueZonesTaken":7,"region":{"name":"Gotland","id":138}}},{"medal":93,"time":"2022-09-05T07:23:22+0000","type":"medal","user":{"country":"se","medals":[93],"zones":[],"pointsPerHour":0,"points":220,"blocktime":615,"taken":1,"name":"elsahansen","totalPoints":220,"rank":1,"id":371825,"place":4095,"uniqueZonesTaken":1,"region":{"name":"Halland","id":134}}}]