[{"medal":100,"time":"2023-09-11T06:55:20+0000","type":"medal","user":{"country":"se","medals":[84,95,100],"zones":[],"pointsPerHour":0,"points":235,"blocktime":645,"taken":9,"name":"jonkanbus","totalPoints":1028,"rank":3,"id":340191,"place":7112,"uniqueZonesTaken":8,"region":{"name":"Kalmar","id":137}}},{"medal":95,"time":"2023-09-11T06:55:20+0000","type":"medal","user":{"country":"se","medals":[95],"zones":[23688],"pointsPerHour":0,"points":235,"blocktime":615,"taken":2,"name":"Jonkan69","totalPoints":235,"rank":1,"id":405768,"place":7112,"uniqueZonesTaken":2,"region":{"name":"Kalmar","id":137}}},{"medal":85,"time":"2023-09-11T06:53:36+0000","type":"medal","user":{"country":"se","medals":[85],"zones":[21352],"pointsPerHour":0,"points":939,"blocktime":660,"taken":10,"name":"grenen222","totalPoints":1257,"rank":4,"id":403612,"place":7111,"uniqueZonesTaken":6,"region":{"name":"Stockholm","id":141}}},{"sender":{"country":"se","medals":[16,67,117,5,17,116,4,79,77,70,57,27,124,47,21,103,66,26,24,132,74,28,40],"zones":[1281,601418,165,600268,13288,600869,119215,348759,1235,28373,30842,30843,608535],"pointsPerHour":46,"points":31513,"blocktime":1290,"taken":21148,"name":"MorningWalker","totalPoints":3363716,"rank":46,"id":355167,"place":865,"uniqueZonesTaken":5802,"region":{"name":"Stockholm","id":141}},"time":"2023-09-11T06:51:57+0000","message":"Shitty: 👋","region":{"name":"Stockholm","id":141},"type":"chat"}]