[{"sender":{"country":"se","medals":[22,67,4,24,70,16,27,83,72,79,99,66,24,126,124,24,119,108,75,50,132,59,77],"zones":[224579,42082,94789,710,60713,7754,24172,24173,164496,34130,426322,14871,79289,5625,14874,37244,483770,150652],"pointsPerHour":93,"points":163588,"blocktime":1470,"taken":123684,"name":"FlitigaTobbe","totalPoints":20957335,"rank":58,"id":48872,"place":50,"uniqueZonesTaken":2962,"region":{"name":"Västmanland","id":143}},"time":"2023-09-11T16:43:17+0000","message":"ripe: 👍","region":{"name":"Västmanland","id":143},"type":"chat"},{"sender":{"country":"se","medals":[77,79,16,22,124,48,24,112,72,24,60,68,129,87,74,91,110],"zones":[],"pointsPerHour":0,"points":16924,"blocktime":1365,"taken":38726,"name":"ripe","totalPoints":6215520,"rank":51,"id":298893,"place":1596,"uniqueZonesTaken":5060,"region":{"name":"Västmanland","id":143}},"time":"2023-09-11T16:43:04+0000","message":"FlitigaTobbe: nej då vi ska hem via återbruket","region":{"name":"Västmanland","id":143},"type":"chat"},{"sender":{"country":"se","medals":[22,67,4,24,70,16,27,83,72,79,99,66,24,126,124,24,119,108,75,50,132,59,77],"zones":[224579,42082,94789,710,60713,7754,24172,24173,164496,34130,426322,14871,79289,14874,37244,483770,150652],"pointsPerHour":87,"points":163477,"blocktime":1470,"taken":123683,"name":"FlitigaTobbe","totalPoints":20957223,"rank":58,"id":48872,"place":50,"uniqueZonesTaken":2962,"region":{"name":"Västmanland","id":143}},"time":"2023-09-11T16:42:07+0000","message":"ripe:ska ni över på Skallberget?","region":{"name":"Västmanland","id":143},"type":"chat"},{"sender":{"country":"se","medals":[22,67,4,24,70,16,27,83,72,79,99,66,24,126,124,24,119,108,75,50,132,59,77],"zones":[224579,42082,94789,710,60713,7754,24172,24173,164496,34130,426322,14871,79289,14874,37244,483770,150652],"pointsPerHour":87,"points":163474,"blocktime":1470,"taken":123683,"name":"FlitigaTobbe","totalPoints":20957221,"rank":58,"id":48872,"place":50,"uniqueZonesTaken":2962,"region":{"name":"Västmanland","id":143}},"time":"2023-09-11T16:40:37+0000","message":"ripe:vart?","region":{"name":"Västmanland","id":143},"type":"chat"},{"medal":102,"time":"2023-09-11T16:37:55+0000","type":"medal","user":{"country":"se","medals":[94,80,86,11,10,102],"zones":[490],"pointsPerHour":0,"points":5302,"blocktime":705,"taken":80,"name":"zack15","totalPoints":7915,"rank":7,"id":401088,"place":7332,"uniqueZonesTaken":59,"region":{"name":"Västmanland","id":143}}}]