[{"medal":31,"time":"2023-09-12T12:09:25+0000","type":"medal","user":{"country":"se","medals":[51,92,31],"zones":[84549,44716],"pointsPerHour":0,"points":4457,"blocktime":690,"taken":25,"name":"Märta7A","totalPoints":4457,"rank":6,"id":404884,"place":7533,"uniqueZonesTaken":18,"region":{"name":"Värmland","id":130}}},{"medal":84,"time":"2023-09-12T12:09:13+0000","type":"medal","user":{"country":"se","medals":[84],"zones":[24498,62058,7818],"pointsPerHour":0,"points":480,"blocktime":630,"taken":5,"name":"minnaaaaa","totalPoints":480,"rank":2,"id":406345,"place":7533,"uniqueZonesTaken":5,"region":{"name":"Värmland","id":130}}},{"medal":84,"time":"2023-09-12T12:09:01+0000","type":"medal","user":{"country":"se","medals":[84],"zones":[382149],"pointsPerHour":0,"points":140,"blocktime":630,"taken":5,"name":"juliabrundin","totalPoints":659,"rank":2,"id":370719,"place":7532,"uniqueZonesTaken":4,"region":{"name":"Kalmar","id":137}}},{"medal":80,"time":"2023-09-12T12:08:50+0000","type":"medal","user":{"country":"se","medals":[93,84,80],"zones":[11990,208746,78701,7167,92302],"pointsPerHour":0,"points":701,"blocktime":645,"taken":7,"name":"AlAgAm","totalPoints":701,"rank":3,"id":406343,"place":7532,"uniqueZonesTaken":7,"region":{"name":"Stockholm","id":141}}},{"medal":80,"time":"2023-09-12T12:05:50+0000","type":"medal","user":{"country":"se","medals":[80,84],"zones":[34112,351303,7156,1253,37702],"pointsPerHour":0,"points":703,"blocktime":645,"taken":5,"name":"ArvidN.","totalPoints":703,"rank":3,"id":406342,"place":7528,"uniqueZonesTaken":5,"region":{"name":"Stockholm","id":141}}},{"medal":84,"time":"2023-09-12T12:05:50+0000","type":"medal","user":{"country":"se","medals":[80,84],"zones":[34112,351303,7156,1253,37702],"pointsPerHour":0,"points":703,"blocktime":645,"taken":5,"name":"ArvidN.","totalPoints":703,"rank":3,"id":406342,"place":7528,"uniqueZonesTaken":5,"region":{"name":"Stockholm","id":141}}},{"medal":80,"time":"2023-09-12T12:05:50+0000","type":"medal","user":{"country":"se","medals":[95,84,80],"zones":[37701,37703,103641,92687,97838],"pointsPerHour":0,"points":791,"blocktime":645,"taken":7,"name":"Cornelisdigbik","totalPoints":791,"rank":3,"id":406337,"place":7528,"uniqueZonesTaken":7,"region":{"name":"Stockholm","id":141}}},{"medal":94,"time":"2023-09-12T12:05:50+0000","type":"medal","user":{"country":"se","medals":[94],"zones":[23688],"pointsPerHour":0,"points":295,"blocktime":615,"taken":2,"name":"AbbeAbbelito","totalPoints":295,"rank":1,"id":406366,"place":7528,"uniqueZonesTaken":2,"region":{"name":"Kalmar","id":137}}},{"medal":84,"time":"2023-09-12T12:04:39+0000","type":"medal","user":{"country":"se","medals":[93,84],"zones":[28324,511],"pointsPerHour":0,"points":739,"blocktime":645,"taken":5,"name":"N1VL3M","totalPoints":739,"rank":3,"id":406096,"place":7526,"uniqueZonesTaken":5,"region":{"name":"Skåne","id":135}}},{"medal":93,"time":"2023-09-12T12:04:39+0000","type":"medal","user":{"country":"se","medals":[84,93],"zones":[224082,18317,178268],"pointsPerHour":0,"points":1403,"blocktime":660,"taken":8,"name":"Akevivan","totalPoints":1403,"rank":4,"id":405682,"place":7526,"uniqueZonesTaken":6,"region":{"name":"Skåne","id":135}}},{"medal":84,"time":"2023-09-12T12:04:05+0000","type":"medal","user":{"country":"se","medals":[84],"zones":[7050,97823,519800],"pointsPerHour":0,"points":524,"blocktime":630,"taken":5,"name":"AdrianShrecsGF","totalPoints":524,"rank":2,"id":406346,"place":7526,"uniqueZonesTaken":5,"region":{"name":"Stockholm","id":141}}}]