[{"medal":84,"time":"2023-09-11T16:10:53+0000","type":"medal","user":{"country":"se","medals":[93,84],"zones":[154321,22292,26201],"pointsPerHour":0,"points":895,"blocktime":645,"taken":5,"name":"Mangrove","totalPoints":895,"rank":3,"id":406081,"place":7329,"uniqueZonesTaken":5,"region":{"name":"Västernorrland","id":145}}},{"medal":13,"time":"2023-09-11T16:09:16+0000","type":"medal","user":{"country":"se","medals":[90,79,46,55,42,77,16,127,13],"zones":[102273,80385,138883,25921,55170,102274,75910,44746,28746,525446,512852,25942,177433,1313,154656,476772,61476,56747,153714,153715,30321,30326,115126,178360,113918,75902],"pointsPerHour":0,"points":29887,"blocktime":915,"taken":475,"name":"gravewisdom","totalPoints":114238,"rank":21,"id":400434,"place":7329,"uniqueZonesTaken":250,"region":{"name":"Halland","id":134}}},{"sender":{"country":"se","medals":[7,5,16,79,70,28,56,126,117,27,97,22,122,15,128,4,73,106,75],"zones":[354311,21890,354310,109445,7429,117896,7433,69896,92299,64012,64013,293514,115470,466056,411799,155920,566044,564639,514072,13481,58282,13482,13484,13485,13487,224812,514487,8501,155447,86071,154810,61497,563636,97983,93630,230851,153666,152259,157376,29509,532431,28616,94538,12238,12239,8408,12127,204508,78430,25184,92256,8418,64101,138468,46576,408817,252],"pointsPerHour":204,"points":55735,"blocktime":1365,"taken":33343,"name":"Spikbebis75","totalPoints":6344949,"rank":51,"id":92852,"place":455,"uniqueZonesTaken":1473,"region":{"name":"Stockholm","id":141}},"time":"2023-09-11T16:09:09+0000","message":"ForeverYoung: för mycket mygg... rullade på","region":{"name":"Stockholm","id":141},"type":"chat"},{"medal":80,"time":"2023-09-11T16:07:26+0000","type":"medal","user":{"country":"se","medals":[80,84],"zones":[222114,47844,77046,50378,121707],"pointsPerHour":0,"points":835,"blocktime":645,"taken":5,"name":"Brandfarlig","totalPoints":835,"rank":3,"id":406082,"place":7329,"uniqueZonesTaken":5,"region":{"name":"Östergötland","id":139}}},{"medal":84,"time":"2023-09-11T16:07:26+0000","type":"medal","user":{"country":"se","medals":[80,84],"zones":[222114,47844,77046,50378,121707],"pointsPerHour":0,"points":835,"blocktime":645,"taken":5,"name":"Brandfarlig","totalPoints":835,"rank":3,"id":406082,"place":7329,"uniqueZonesTaken":5,"region":{"name":"Östergötland","id":139}}},{"medal":31,"time":"2023-09-11T16:07:20+0000","type":"medal","user":{"country":"se","medals":[51,92,31],"zones":[529976,404372,396802,208711,7208,63274,32235,92333,32236,1501,404377],"pointsPerHour":0,"points":5582,"blocktime":705,"taken":25,"name":"myzzans","totalPoints":5582,"rank":7,"id":403657,"place":7327,"uniqueZonesTaken":25,"region":{"name":"Halland","id":134}}},{"sender":{"country":"se","medals":[5,46,22,70,67,12,10,16,55,71,37,6,93],"zones":[21088,34663],"pointsPerHour":12,"points":13327,"blocktime":1200,"taken":8487,"name":"Eriica","totalPoints":1410876,"rank":40,"id":44978,"place":1887,"uniqueZonesTaken":217,"region":{"name":"Örebro","id":131}},"time":"2023-09-11T16:05:49+0000","message":"är det vanligt att turfa med elcykel nuförtiden btw?","region":{"name":"Örebro","id":131},"type":"chat"}]