[{"medal":36,"time":"2023-09-12T07:37:01+0000","type":"medal","user":{"country":"se","medals":[94,53,13,7,90,101,36],"zones":[3169,2035,36821,519698,42313,23594,36703],"pointsPerHour":0,"points":3372,"blocktime":1185,"taken":5000,"name":"BomEva","totalPoints":1139385,"rank":39,"id":242024,"place":7407,"uniqueZonesTaken":388,"region":{"name":"Gävleborg","id":144}}},{"medal":93,"time":"2023-09-12T07:34:08+0000","type":"medal","user":{"country":"se","medals":[93],"zones":[28196],"pointsPerHour":0,"points":220,"blocktime":615,"taken":2,"name":"Karlzzon","totalPoints":220,"rank":1,"id":406152,"place":7405,"uniqueZonesTaken":2,"region":{"name":"Stockholm","id":141}}}]