[{"medal":93,"time":"2023-09-12T10:23:16+0000","type":"medal","user":{"country":"fi","medals":[93],"zones":[],"pointsPerHour":0,"points":95,"blocktime":600,"taken":1,"name":"xcmogge1","totalPoints":95,"rank":0,"id":406102,"place":7470,"uniqueZonesTaken":1,"region":{"name":"Åland","id":177}}},{"medal":93,"time":"2023-09-12T10:22:32+0000","type":"medal","user":{"country":"fi","medals":[93],"zones":[32175],"pointsPerHour":0,"points":175,"blocktime":600,"taken":2,"name":"Vioooi","totalPoints":175,"rank":0,"id":406291,"place":7467,"uniqueZonesTaken":2,"region":{"name":"Åland","id":177}}},{"medal":85,"time":"2023-09-12T10:19:25+0000","type":"medal","user":{"country":"se","medals":[94,85],"zones":[78470],"pointsPerHour":0,"points":1952,"blocktime":675,"taken":11,"name":"InaW","totalPoints":1952,"rank":5,"id":404100,"place":7467,"uniqueZonesTaken":6,"region":{"name":"Stockholm","id":141}}}]