[{"medal":13,"time":"2022-10-31T14:32:57+0000","type":"medal","user":{"country":"se","medals":[93,77,52,10,79,46,33,6,100,13],"zones":[14649,21435,117901],"pointsPerHour":0,"points":9562,"blocktime":915,"taken":792,"name":"rexgreen","totalPoints":123522,"rank":21,"id":366527,"place":8239,"uniqueZonesTaken":250,"region":{"name":"Västra Götaland","id":132}}},{"medal":85,"time":"2022-10-31T14:28:47+0000","type":"medal","user":{"country":"se","medals":[80,85],"zones":[31443,206214,31445,223195,8282,43403,11165,11166],"pointsPerHour":0,"points":880,"blocktime":645,"taken":10,"name":"Jullesvenssn","totalPoints":1186,"rank":3,"id":369034,"place":8238,"uniqueZonesTaken":9,"region":{"name":"Örebro","id":131}}}]