[{"sender":{"country":"se","medals":[70,28,5,21,16,77,67,48,79,57,122,6,99,24,38,105,128,117,15],"zones":[20705,15093,109447,27814,1258,2814,62031],"pointsPerHour":38,"points":109725,"blocktime":1230,"taken":11801,"name":"FredFlinta","totalPoints":1905221,"rank":42,"id":234160,"place":617,"uniqueZonesTaken":1038,"region":{"name":"Stockholm","id":141}},"time":"2022-10-31T07:46:31+0000","message":"Svajje: nära att du fick Bålsta zonen. Jag hade tur o armhålade den.","region":{"name":"Uppsala","id":142},"type":"chat"},{"medal":11,"time":"2022-10-31T07:36:33+0000","type":"medal","user":{"country":"se","medals":[93,32,51,11],"zones":[152196,76647,29735,29736,62462,96607,27055,150253,1615,42831],"pointsPerHour":0,"points":22710,"blocktime":825,"taken":238,"name":"HLN","totalPoints":46908,"rank":15,"id":296721,"place":8204,"uniqueZonesTaken":50,"region":{"name":"Stockholm","id":141}}}]