[{"medal":80,"time":"2023-01-09T15:16:04+0000","type":"medal","user":{"country":"de","medals":[80,84],"zones":[512823,381989,512822,512821,520272],"pointsPerHour":0,"points":1226,"blocktime":660,"taken":5,"name":"Francesca_Rose","totalPoints":1226,"rank":4,"id":384788,"place":5250,"uniqueZonesTaken":5,"region":{"name":"Berlin","id":440}}},{"medal":84,"time":"2023-01-09T15:16:04+0000","type":"medal","user":{"country":"de","medals":[80,84],"zones":[512823,381989,512822,512821,520272],"pointsPerHour":0,"points":1226,"blocktime":660,"taken":5,"name":"Francesca_Rose","totalPoints":1226,"rank":4,"id":384788,"place":5250,"uniqueZonesTaken":5,"region":{"name":"Berlin","id":440}}},{"medal":94,"time":"2023-01-09T15:14:07+0000","type":"medal","user":{"country":"se","medals":[92,51,32,94],"zones":[259,37941,258197,175257,113149,117071,43183],"pointsPerHour":0,"points":9004,"blocktime":780,"taken":108,"name":"Lilith","totalPoints":22319,"rank":12,"id":384682,"place":5249,"uniqueZonesTaken":27,"region":{"name":"Stockholm","id":141}}},{"medal":131,"time":"2023-01-09T15:14:01+0000","type":"medal","user":{"country":"se","medals":[16,5,21,10,77,46,93,24,126,4,100,66,35,70,15,24,117,79,67,55,131],"zones":[45105,27617,21508,25590,23895,176842,10889,7049,21439],"pointsPerHour":0,"points":13777,"blocktime":1140,"taken":4046,"name":"PowerMike","totalPoints":858894,"rank":36,"id":15199,"place":5249,"uniqueZonesTaken":1171,"region":{"name":"Västra Götaland","id":132}}},{"medal":52,"time":"2023-01-09T15:09:35+0000","type":"medal","user":{"country":"uk","medals":[86,11,52],"zones":[373895,359712,364783,373897,373896,323179,321524,364785,364784,374003,364786,321523,323164,323196,374012,364446,323192,323193,323161,374011],"pointsPerHour":0,"points":10082,"blocktime":750,"taken":81,"name":"Danemark","totalPoints":16332,"rank":10,"id":384434,"place":5247,"uniqueZonesTaken":51,"region":{"name":"Scotland","id":200}}}]