[{"sender":{"country":"uk","medals":[95,51,104,33,13],"zones":[358930,388530,348329,354570],"pointsPerHour":5,"points":14535,"blocktime":945,"taken":674,"name":"elixir","totalPoints":154362,"rank":23,"id":368071,"place":1173,"uniqueZonesTaken":300,"region":{"name":"North West England","id":201}},"time":"2023-01-09T07:21:03+0000","message":"steventon_gang:","region":{"name":"North West England","id":201},"type":"chat"},{"medal":86,"time":"2023-01-09T06:54:40+0000","type":"medal","user":{"country":"se","medals":[6,11,86],"zones":[7317],"pointsPerHour":0,"points":95,"blocktime":735,"taken":79,"name":"johalinn","totalPoints":13372,"rank":9,"id":18534,"place":5177,"uniqueZonesTaken":56,"region":{"name":"Stockholm","id":141}}}]