[{"medal":100,"time":"2023-01-16T10:54:27+0000","type":"medal","user":{"country":"se","medals":[92,52,94,42,100],"zones":[160610,11360,27841,20547,154119,515808,61065,61066,154120,526940,95547,27836],"pointsPerHour":0,"points":6793,"blocktime":840,"taken":293,"name":"Grovdjuret","totalPoints":54716,"rank":16,"id":379899,"place":5584,"uniqueZonesTaken":35,"region":{"name":"Skåne","id":135}}},{"medal":94,"time":"2023-01-16T10:34:19+0000","type":"medal","user":{"country":"se","medals":[52,7,4,13,126,38,129,103,94],"zones":[9717],"pointsPerHour":0,"points":10253,"blocktime":1215,"taken":11333,"name":"Busulle","totalPoints":1697244,"rank":41,"id":136653,"place":5584,"uniqueZonesTaken":304,"region":{"name":"Västmanland","id":143}}}]