[{"sender":{"country":"se","medals":[5,16,67,68,7,47,70,24,28,4,77,79,14,27,58,94,101,126,88,22,127,24],"zones":[44706,33315,44707,3460,180966,21872,11409,21363,88949,8121,49403,49404,176735],"pointsPerHour":53,"points":9306,"blocktime":1410,"taken":45215,"name":"Norrlandskotte","totalPoints":9422422,"rank":54,"id":37160,"place":2612,"uniqueZonesTaken":725,"region":{"name":"Norrbotten","id":126}},"time":"2023-01-17T08:40:08+0000","message":"Kygni: Det fungerar så jag kommer.","region":{"name":"Norrbotten","id":126},"type":"chat"}]