[{"medal":94,"time":"2023-01-16T10:34:19+0000","type":"medal","user":{"country":"se","medals":[52,7,4,13,126,38,129,103,94],"zones":[9717],"pointsPerHour":0,"points":10253,"blocktime":1215,"taken":11333,"name":"Busulle","totalPoints":1697244,"rank":41,"id":136653,"place":5584,"uniqueZonesTaken":304,"region":{"name":"Västmanland","id":143}}},{"medal":80,"time":"2023-01-16T10:29:34+0000","type":"medal","user":{"country":"se","medals":[93,85,80],"zones":[34560,481508,205173,34557,34559],"pointsPerHour":0,"points":2575,"blocktime":675,"taken":14,"name":"Svba","totalPoints":2575,"rank":5,"id":384719,"place":5584,"uniqueZonesTaken":7,"region":{"name":"Stockholm","id":141}}}]