[{"sender":{"country":"se","medals":[17,5,24,24,79,24,16,77,70,17,116,117,107,57,17,72,47,66,24,123,24,126,89,24,74,4,17,17,24,132],"zones":[35984,78433,11120,35985,7585,31921,35986,7590,463038,32397],"pointsPerHour":23,"points":62533,"blocktime":1440,"taken":68813,"name":"BoggieXL","totalPoints":11623158,"rank":56,"id":25775,"place":384,"uniqueZonesTaken":6833,"region":{"name":"Stockholm","id":141}},"time":"2023-01-16T11:02:07+0000","message":"Wheelstream Vad gör du i storstan?","region":{"name":"Stockholm","id":141},"type":"chat"},{"sender":{"country":"se","medals":[16,67,27,21,24,17,4,30,9,68,68,70,64,68,72,24,60,75,77,79,24,83,91,17,116,117,17,126,124,74,118,104,17,130,26],"zones":[27458,30339,131,55592,119627,26891,301,35892,16791,24568,33180,131839,15710,159],"pointsPerHour":80,"points":77277,"blocktime":1470,"taken":87446,"name":"Wheelstream","totalPoints":17086373,"rank":58,"id":40570,"place":267,"uniqueZonesTaken":5833,"region":{"name":"Gävleborg","id":144}},"time":"2023-01-16T11:01:31+0000","message":"BoggieXL: Hej","region":{"name":"Stockholm","id":141},"type":"chat"},{"medal":88,"time":"2023-01-16T10:57:58+0000","type":"medal","user":{"country":"se","medals":[5,28,9,24,22,48,67,16,1,17,61,4,15,68,70,59,27,77,79,95,103,66,127,88],"zones":[112538],"pointsPerHour":0,"points":5371,"blocktime":1365,"taken":40000,"name":"Scalextric","totalPoints":5805950,"rank":51,"id":47676,"place":5584,"uniqueZonesTaken":2446,"region":{"name":"Stockholm","id":141}}},{"medal":100,"time":"2023-01-16T10:54:27+0000","type":"medal","user":{"country":"se","medals":[92,52,94,42,100],"zones":[160610,11360,27841,20547,154119,515808,61065,61066,154120,526940,95547,27836],"pointsPerHour":0,"points":6793,"blocktime":840,"taken":293,"name":"Grovdjuret","totalPoints":54716,"rank":16,"id":379899,"place":5584,"uniqueZonesTaken":35,"region":{"name":"Skåne","id":135}}}]