[{"medal":51,"time":"2023-01-24T12:06:39+0000","type":"medal","user":{"country":"se","medals":[31,92,51],"zones":[97440,78435,91699,61490,274,110873,24281,37401,37402,37403],"pointsPerHour":0,"points":3809,"blocktime":11,"taken":31,"name":"grafiten","totalPoints":3809,"rank":6,"id":384728,"place":5960,"uniqueZonesTaken":17,"region":{"name":"Stockholm","id":141}}},{"medal":78,"time":"2023-01-24T12:05:01+0000","type":"medal","user":{"country":"se","medals":[94,6,12,34,52,104,78],"zones":[43888,24423,41896,204539,432222,41897,323886,12538,79514,423819],"pointsPerHour":0,"points":45163,"blocktime":16,"taken":1209,"name":"Tufsan28","totalPoints":223102,"rank":27,"id":354627,"place":5960,"uniqueZonesTaken":181,"region":{"name":"Gävleborg","id":144}}}]