[{"medal":95,"time":"2023-01-23T16:03:15+0000","type":"medal","user":{"country":"uk","medals":[95],"zones":[],"pointsPerHour":0,"points":140,"blocktime":10,"taken":1,"name":"daisydog","totalPoints":140,"rank":0,"id":385310,"place":5938,"uniqueZonesTaken":1,"region":{"name":"Scotland","id":200}}},{"medal":95,"time":"2023-01-23T16:03:15+0000","type":"medal","user":{"country":"gb","medals":[95],"zones":[479056],"pointsPerHour":0,"points":295,"blocktime":10,"taken":2,"name":"mejo","totalPoints":295,"rank":1,"id":385307,"place":5938,"uniqueZonesTaken":2,"region":{"name":"Scotland","id":200}}},{"medal":129,"time":"2023-01-23T16:01:13+0000","type":"medal","user":{"country":"se","medals":[4,93,52,33,100,13,129],"zones":[360961,92053,116,134,21351,31914,523069,128667,278616,122332,208765],"pointsPerHour":0,"points":22240,"blocktime":15,"taken":856,"name":"granskott","totalPoints":136516,"rank":22,"id":375885,"place":5937,"uniqueZonesTaken":252,"region":{"name":"Stockholm","id":141}}},{"medal":95,"time":"2023-01-23T16:00:14+0000","type":"medal","user":{"country":"gb","medals":[95],"zones":[],"pointsPerHour":0,"points":155,"blocktime":10,"taken":1,"name":"Tails","totalPoints":155,"rank":0,"id":385306,"place":5937,"uniqueZonesTaken":1,"region":{"name":"Scotland","id":200}}},{"medal":95,"time":"2023-01-23T16:00:14+0000","type":"medal","user":{"country":"uk","medals":[51,92,31,95],"zones":[430823,357492,498341,358508],"pointsPerHour":0,"points":5725,"blocktime":11,"taken":26,"name":"Out\u2019n\u2019About","totalPoints":5942,"rank":7,"id":384621,"place":5937,"uniqueZonesTaken":24,"region":{"name":"Scotland","id":200}}},{"medal":95,"time":"2023-01-23T16:00:14+0000","type":"medal","user":{"country":"gb","medals":[95],"zones":[],"pointsPerHour":0,"points":155,"blocktime":10,"taken":1,"name":"mejo4.0","totalPoints":155,"rank":0,"id":385311,"place":5937,"uniqueZonesTaken":1,"region":{"name":"Scotland","id":200}}},{"medal":42,"time":"2023-01-23T15:57:57+0000","type":"medal","user":{"country":"se","medals":[51,127,95,11,102,42],"zones":[259,95797,484481,258197,90886,7352,514510,7356,154511,43183],"pointsPerHour":0,"points":29916,"blocktime":13,"taken":250,"name":"YearZero","totalPoints":39702,"rank":14,"id":384685,"place":5936,"uniqueZonesTaken":51,"region":{"name":"Stockholm","id":141}}}]