[{"medal":54,"time":"2022-05-16T08:29:09+0000","type":"medal","user":{"country":"se","medals":[16,33,7,78,12,10,54],"zones":[153986,115200,85764,178376,178377,475338,361162,33170,451604,33173,451603,176788,11160,62233,119706,139103,235422,235421,319194,318426,20958,428953,33439,20959,429030,20960,429028,429029,63205,393770,429032,393769,3120,136243,3122,3123,220662,481854,180669,203580],"pointsPerHour":0,"points":30744,"blocktime":16,"taken":872,"name":"Pilate","totalPoints":239272,"rank":27,"id":73487,"place":7633,"uniqueZonesTaken":105,"region":{"name":"Örebro","id":131}}},{"medal":84,"time":"2022-05-16T08:28:16+0000","type":"medal","user":{"country":"se","medals":[84],"zones":[278596,21938,62130,93144],"pointsPerHour":0,"points":910,"blocktime":10,"taken":5,"name":"Elias19","totalPoints":910,"rank":3,"id":363719,"place":7632,"uniqueZonesTaken":5,"region":{"name":"Värmland","id":130}}},{"medal":85,"time":"2022-05-16T08:26:32+0000","type":"medal","user":{"country":"se","medals":[80,85],"zones":[61008,94856,135773],"pointsPerHour":0,"points":3756,"blocktime":11,"taken":10,"name":"Fit_Flatworm","totalPoints":3756,"rank":6,"id":361256,"place":7632,"uniqueZonesTaken":8,"region":{"name":"Kalmar","id":137}}},{"medal":95,"time":"2022-05-16T08:26:09+0000","type":"medal","user":{"country":"se","medals":[95],"zones":[],"pointsPerHour":0,"points":185,"blocktime":10,"taken":1,"name":"Maja5688","totalPoints":185,"rank":0,"id":363725,"place":7632,"uniqueZonesTaken":1,"region":{"name":"Värmland","id":130}}},{"medal":94,"time":"2022-05-16T08:25:57+0000","type":"medal","user":{"country":"se","medals":[94],"zones":[29831],"pointsPerHour":0,"points":340,"blocktime":10,"taken":2,"name":"Hanahharbas","totalPoints":340,"rank":1,"id":363684,"place":7632,"uniqueZonesTaken":2,"region":{"name":"Västra Götaland","id":132}}},{"medal":94,"time":"2022-05-16T08:25:57+0000","type":"medal","user":{"country":"se","medals":[94],"zones":[],"pointsPerHour":0,"points":340,"blocktime":10,"taken":2,"name":"lilysvanström","totalPoints":340,"rank":1,"id":363682,"place":7632,"uniqueZonesTaken":2,"region":{"name":"Västra Götaland","id":132}}},{"medal":11,"time":"2022-05-16T08:24:42+0000","type":"medal","user":{"country":"se","medals":[93,51,86,10,11],"zones":[97297,13617,5574],"pointsPerHour":0,"points":8805,"blocktime":12,"taken":79,"name":"Epa-Jesus","totalPoints":9548,"rank":8,"id":359146,"place":7632,"uniqueZonesTaken":50,"region":{"name":"Västmanland","id":143}}},{"medal":93,"time":"2022-05-16T08:23:21+0000","type":"medal","user":{"country":"se","medals":[93],"zones":[],"pointsPerHour":0,"points":155,"blocktime":10,"taken":1,"name":"lilysvanström","totalPoints":155,"rank":0,"id":363682,"place":7632,"uniqueZonesTaken":1,"region":{"name":"Västra Götaland","id":132}}}]