[{"medal":85,"time":"2022-05-17T07:29:56+0000","type":"medal","user":{"country":"se","medals":[80,85],"zones":[17904],"pointsPerHour":0,"points":140,"blocktime":10,"taken":10,"name":"FrodeJ","totalPoints":1182,"rank":3,"id":348959,"place":7805,"uniqueZonesTaken":10,"region":{"name":"Gotland","id":138}}},{"medal":84,"time":"2022-05-17T07:26:59+0000","type":"medal","user":{"country":"se","medals":[84],"zones":[11753,18190],"pointsPerHour":0,"points":236,"blocktime":10,"taken":5,"name":"viggohell","totalPoints":623,"rank":2,"id":301038,"place":7804,"uniqueZonesTaken":5,"region":{"name":"Gotland","id":138}}},{"medal":80,"time":"2022-05-17T07:18:34+0000","type":"medal","user":{"country":"se","medals":[85,80],"zones":[21664,33330,11755,1628,115263],"pointsPerHour":0,"points":509,"blocktime":11,"taken":11,"name":"turf_är_sämst","totalPoints":1241,"rank":4,"id":356156,"place":7803,"uniqueZonesTaken":7,"region":{"name":"Gotland","id":138}}}]