[{"sender":{"country":"se","medals":[67,47,28,16,57,24,7,79,17,112,15,122,126,88,103,131],"zones":[29700,134630,712,17547,9711,9712,31345,31762,27795,24181,91959,24182,27799,24183,220410,31802,572,31805,31806],"pointsPerHour":133,"points":52991,"blocktime":23,"taken":47289,"name":"Ljuset","totalPoints":6660663,"rank":52,"id":59919,"place":845,"uniqueZonesTaken":1722,"region":{"name":"Västmanland","id":143}},"time":"2022-05-16T16:57:35+0000","message":"Jonte.r:Vilken väg tar du?","region":{"name":"Västmanland","id":143},"type":"chat"},{"sender":{"country":"se","medals":[9,16,62,64,67,7,28,57,4,17,21,24,48,17,27,113,24,15,79,77,17,17,116,117,83,113,24,24,24,17,24,24,118,104,126,24,123,24,131],"zones":[44312,34634,12063],"pointsPerHour":12,"points":61122,"blocktime":24,"taken":95883,"name":"Snabelanna","totalPoints":13529085,"rank":57,"id":27629,"place":677,"uniqueZonesTaken":1958,"region":{"name":"Kalmar","id":137}},"time":"2022-05-16T16:57:01+0000","message":"bjoker: 🤗☀️ Gjort! \n👍🚴","region":{"name":"Kalmar","id":137},"type":"chat"},{"medal":32,"time":"2022-05-16T16:56:44+0000","type":"medal","user":{"country":"se","medals":[80,92,93,32],"zones":[21344],"pointsPerHour":0,"points":7571,"blocktime":12,"taken":100,"name":"Kermit11","totalPoints":14499,"rank":9,"id":358277,"place":7753,"uniqueZonesTaken":40,"region":{"name":"Västra Götaland","id":132}}},{"medal":92,"time":"2022-05-16T16:52:16+0000","type":"medal","user":{"country":"se","medals":[80,85,92],"zones":[11570,224663,23957,26614,80684],"pointsPerHour":0,"points":2492,"blocktime":11,"taken":15,"name":"malcar74","totalPoints":2492,"rank":5,"id":304565,"place":7752,"uniqueZonesTaken":15,"region":{"name":"Östergötland","id":139}}}]