[{"medal":84,"time":"2023-05-08T13:08:45+0000","type":"medal","user":{"country":"se","medals":[84],"zones":[95120,208882,151864,578677],"pointsPerHour":0,"points":621,"blocktime":645,"taken":5,"name":"08ella","totalPoints":844,"rank":3,"id":370616,"place":4572,"uniqueZonesTaken":5,"region":{"name":"Kalmar","id":137}}},{"sender":{"country":"se","medals":[77,79,28,94,46,70,16,7,14,102,126,39,127,56],"zones":[223793,133665,7688,92953,97740,565558],"pointsPerHour":12,"points":1610,"blocktime":1320,"taken":18299,"name":"PockevonAnka","totalPoints":4448309,"rank":48,"id":64223,"place":2190,"uniqueZonesTaken":728,"region":{"name":"Västra Götaland","id":132}},"time":"2023-05-08T12:59:11+0000","message":"Cryo: GPS:en levde ett eget liv där. Hade den sen tidigare så jag drog","region":{"name":"Västra Götaland","id":132},"type":"chat"}]