[{"sender":{"country":"se","medals":[16,28,57,6,79,48,27,98,117,22,5,15,126,108,4,122,128,87],"zones":[176,476822,24099,116,54885,134,24266,139],"pointsPerHour":47,"points":4618,"blocktime":1365,"taken":35084,"name":"GeileZone","totalPoints":6419847,"rank":51,"id":166716,"place":1699,"uniqueZonesTaken":1377,"region":{"name":"Stockholm","id":141}},"time":"2023-05-09T14:15:37+0000","message":"ros-pionen: Spökturfare och en som tar zoner precis framför andra?","region":{"name":"Stockholm","id":141},"type":"chat"},{"medal":42,"time":"2023-05-09T14:15:36+0000","type":"medal","user":{"country":"se","medals":[54,28,47,16,12,42],"zones":[92228,413197,24187,9550],"pointsPerHour":0,"points":21863,"blocktime":795,"taken":250,"name":"snickers1","totalPoints":31462,"rank":13,"id":392160,"place":5196,"uniqueZonesTaken":162,"region":{"name":"Västmanland","id":143}}},{"medal":101,"time":"2023-05-09T14:13:41+0000","type":"medal","user":{"country":"se","medals":[94,7,49,11,54,46,32,10,101],"zones":[570683],"pointsPerHour":0,"points":2780,"blocktime":780,"taken":126,"name":"Nrgve","totalPoints":24548,"rank":12,"id":342330,"place":5195,"uniqueZonesTaken":89,"region":{"name":"Skåne","id":135}}},{"sender":{"country":"se","medals":[93,46,127,13,16,79,35,28,57,103,66],"zones":[50582,839,23226,306494,515420,12779,6061,26319,11343,484152],"pointsPerHour":35,"points":12615,"blocktime":1170,"taken":4353,"name":"Porterstek","totalPoints":1109717,"rank":38,"id":358060,"place":671,"uniqueZonesTaken":472,"region":{"name":"Västra Götaland","id":132}},"time":"2023-05-09T14:03:12+0000","message":"@noahdelux","region":{"name":"Västra Götaland","id":132},"type":"chat"}]