[{"medal":80,"time":"2023-05-08T13:29:09+0000","type":"medal","user":{"country":"se","medals":[80,84],"zones":[178354,97795,1782,69894,8157],"pointsPerHour":0,"points":614,"blocktime":630,"taken":5,"name":"claraElinAnge","totalPoints":614,"rank":2,"id":392527,"place":4593,"uniqueZonesTaken":5,"region":{"name":"Östergötland","id":139}}},{"medal":84,"time":"2023-05-08T13:29:09+0000","type":"medal","user":{"country":"se","medals":[80,84],"zones":[178354,97795,1782,69894,8157],"pointsPerHour":0,"points":614,"blocktime":630,"taken":5,"name":"claraElinAnge","totalPoints":614,"rank":2,"id":392527,"place":4593,"uniqueZonesTaken":5,"region":{"name":"Östergötland","id":139}}},{"medal":101,"time":"2023-05-08T13:27:29+0000","type":"medal","user":{"country":"se","medals":[12,46,56,28,79,16,94,34,101],"zones":[55671],"pointsPerHour":0,"points":3084,"blocktime":1035,"taken":1315,"name":"whroom","totalPoints":284660,"rank":29,"id":382632,"place":4590,"uniqueZonesTaken":196,"region":{"name":"Örebro","id":131}}},{"medal":80,"time":"2023-05-08T13:25:58+0000","type":"medal","user":{"country":"se","medals":[80,84],"zones":[117713,2293,936,519866,519865],"pointsPerHour":0,"points":598,"blocktime":630,"taken":5,"name":"emmaamina","totalPoints":598,"rank":2,"id":392538,"place":4590,"uniqueZonesTaken":5,"region":{"name":"Östergötland","id":139}}},{"medal":84,"time":"2023-05-08T13:25:58+0000","type":"medal","user":{"country":"se","medals":[80,84],"zones":[117713,2293,936,519866,519865],"pointsPerHour":0,"points":598,"blocktime":630,"taken":5,"name":"emmaamina","totalPoints":598,"rank":2,"id":392538,"place":4590,"uniqueZonesTaken":5,"region":{"name":"Östergötland","id":139}}},{"medal":80,"time":"2023-05-08T13:24:49+0000","type":"medal","user":{"country":"se","medals":[84,80],"zones":[22320,593,115063,17670,22621],"pointsPerHour":0,"points":575,"blocktime":630,"taken":6,"name":"Alvinedvin","totalPoints":575,"rank":2,"id":392533,"place":4590,"uniqueZonesTaken":6,"region":{"name":"Östergötland","id":139}}}]