[{"medal":93,"time":"2023-05-08T12:41:27+0000","type":"medal","user":{"country":"se","medals":[93],"zones":[516630,358646],"pointsPerHour":0,"points":525,"blocktime":645,"taken":5,"name":"hjalle21","totalPoints":943,"rank":3,"id":361155,"place":4539,"uniqueZonesTaken":5,"region":{"name":"Västerbotten","id":127}}},{"country":"se","sender":{"country":"se","medals":[93],"zones":[],"pointsPerHour":0,"points":0,"blocktime":615,"taken":1,"name":"Noelblop","totalPoints":235,"rank":1,"id":384105,"place":4537,"uniqueZonesTaken":1},"time":"2023-05-08T12:40:34+0000","message":"VÄDUREN:","type":"chat"}]