[{"medal":79,"time":"2023-05-09T12:06:17+0000","type":"medal","user":{"country":"se","medals":[92,52,32,79],"zones":[525162,42995,19223,5433,17194,9579,9580,20317,3215],"pointsPerHour":0,"points":6766,"blocktime":765,"taken":109,"name":"Thermoss","totalPoints":18565,"rank":11,"id":391630,"place":5133,"uniqueZonesTaken":40,"region":{"name":"Södermanland","id":140}}},{"medal":84,"time":"2023-05-09T12:05:30+0000","type":"medal","user":{"country":"se","medals":[94,84],"zones":[18034,1224],"pointsPerHour":0,"points":285,"blocktime":630,"taken":5,"name":"sigrud","totalPoints":568,"rank":2,"id":372593,"place":5133,"uniqueZonesTaken":5,"region":{"name":"Kalmar","id":137}}},{"medal":85,"time":"2023-05-09T12:03:38+0000","type":"medal","user":{"country":"se","medals":[95,100,85],"zones":[555139,2444],"pointsPerHour":0,"points":441,"blocktime":645,"taken":11,"name":"godo","totalPoints":1116,"rank":3,"id":372602,"place":5130,"uniqueZonesTaken":10,"region":{"name":"Kalmar","id":137}}},{"medal":93,"time":"2023-05-09T12:02:27+0000","type":"medal","user":{"country":"se","medals":[93],"zones":[84668],"pointsPerHour":0,"points":205,"blocktime":615,"taken":2,"name":"CyKLaR","totalPoints":205,"rank":1,"id":392822,"place":5129,"uniqueZonesTaken":2,"region":{"name":"Kalmar","id":137}}}]