[{"medal":12,"time":"2023-05-08T17:01:00+0000","type":"medal","user":{"country":"se","medals":[93,51,101,32,7,70,12],"zones":[25508,25509,117272,62571,11451,11452],"pointsPerHour":0,"points":1688,"blocktime":825,"taken":189,"name":"ChrizzlyBear","totalPoints":49932,"rank":15,"id":357571,"place":4756,"uniqueZonesTaken":100,"region":{"name":"Örebro","id":131}}},{"medal":46,"time":"2023-05-08T17:00:36+0000","type":"medal","user":{"country":"se","medals":[90,11,32,54,46],"zones":[408199,37249,94215,94217,94216,135817,94797,167822,37261,94796,167821,139099,49242,558676,169762,90977,122467,23910,23912,103593,117547,23915,117549,117548,410664,117550,176754,42864,90545,141554,176755,13681,557563,90165,174964,49207,176314,483774,176313,519803,37245,92798],"pointsPerHour":0,"points":9082,"blocktime":765,"taken":105,"name":"HannaHYLK","totalPoints":19482,"rank":11,"id":391372,"place":0,"uniqueZonesTaken":63,"region":{"name":"Stockholm","id":141}}},{"medal":80,"time":"2023-05-08T16:58:11+0000","type":"medal","user":{"country":"se","medals":[80,84],"zones":[1379,42407,45656,45642,62285],"pointsPerHour":0,"points":904,"blocktime":645,"taken":5,"name":"mogge28","totalPoints":904,"rank":3,"id":392223,"place":4754,"uniqueZonesTaken":5,"region":{"name":"Blekinge","id":136}}},{"medal":84,"time":"2023-05-08T16:58:11+0000","type":"medal","user":{"country":"se","medals":[80,84],"zones":[1379,42407,45656,45642,62285],"pointsPerHour":0,"points":904,"blocktime":645,"taken":5,"name":"mogge28","totalPoints":904,"rank":3,"id":392223,"place":4754,"uniqueZonesTaken":5,"region":{"name":"Blekinge","id":136}}},{"medal":53,"time":"2023-05-08T16:57:29+0000","type":"medal","user":{"country":"se","medals":[94,128,103,10,34,12,53],"zones":[432262,7745,139649,27461,19654,1286,19655,12360,474702,338828,24329,24330,281813,46803,46423,46424,207519,46429,46431,82400,147043,46434,64613,2090,2091,41903,116080,7732,7734,155004],"pointsPerHour":0,"points":9799,"blocktime":1020,"taken":1225,"name":"Morken13","totalPoints":247502,"rank":28,"id":384155,"place":4754,"uniqueZonesTaken":106,"region":{"name":"Gävleborg","id":144}}},{"medal":101,"time":"2023-05-08T16:56:41+0000","type":"medal","user":{"country":"se","medals":[93,86,92,101],"zones":[],"pointsPerHour":0,"points":125,"blocktime":735,"taken":89,"name":"Sweet16","totalPoints":12307,"rank":9,"id":334813,"place":4754,"uniqueZonesTaken":18,"region":{"name":"Västmanland","id":143}}},{"medal":31,"time":"2023-05-08T16:53:45+0000","type":"medal","user":{"country":"se","medals":[94,100,80,92,31],"zones":[11281],"pointsPerHour":0,"points":420,"blocktime":690,"taken":25,"name":"wolverineye","totalPoints":4139,"rank":6,"id":319181,"place":4751,"uniqueZonesTaken":17,"region":{"name":"Västerbotten","id":127}}}]