[{"sender":{"country":"se","medals":[67,22,47,28,7,55,79,112,24,77,17,15,126,122,118,132,117,107],"zones":[44994,92324,60712,44728,8312,60713,41770,21355],"pointsPerHour":36,"points":33796,"blocktime":1410,"taken":78468,"name":"tine","totalPoints":8978042,"rank":54,"id":36446,"place":1826,"uniqueZonesTaken":1481,"region":{"name":"Västmanland","id":143}},"time":"2023-06-27T14:11:46+0000","message":"DeltaFive: jag väntar","region":{"name":"Västmanland","id":143},"type":"chat"},{"sender":{"country":"se","medals":[16,126,79,77,70,117,67,72,24,58,22,124,24,112,108,83,132,7,50,88,75,24,27,4],"zones":[44288,44992,44993,144459,144456,11659,144457,144460,114195,60308,114197,114196,60312,7769,11225,43876,47720,10923,61102,31792,31472,31793,31473,31794,29170,31795,180599,13624,14907,24188,14909,24189,575],"pointsPerHour":177,"points":85416,"blocktime":1380,"taken":48074,"name":"MrSnyten","totalPoints":6681382,"rank":52,"id":271110,"place":777,"uniqueZonesTaken":2554,"region":{"name":"Västmanland","id":143}},"time":"2023-06-27T14:09:49+0000","message":"turfink: på väg hem eller tänkte du cykla?","region":{"name":"Västmanland","id":143},"type":"chat"},{"medal":95,"time":"2023-06-27T14:04:33+0000","type":"medal","user":{"country":"se","medals":[100,85,95],"zones":[80562,175773],"pointsPerHour":0,"points":2367,"blocktime":675,"taken":12,"name":"Williox","totalPoints":2367,"rank":5,"id":398877,"place":7354,"uniqueZonesTaken":11,"region":{"name":"Västra Götaland","id":132}}}]