[{"medal":84,"time":"2023-06-27T11:22:24+0000","type":"medal","user":{"country":"se","medals":[84],"zones":[203686,201290],"pointsPerHour":0,"points":741,"blocktime":645,"taken":5,"name":"WASTER","totalPoints":741,"rank":3,"id":299585,"place":7343,"uniqueZonesTaken":4,"region":{"name":"Västerbotten","id":127}}},{"medal":102,"time":"2023-06-27T11:12:34+0000","type":"medal","user":{"country":"se","medals":[5,4,10,16,52,9,67,71,97,7,36,126,14,102],"zones":[57039],"pointsPerHour":0,"points":3553,"blocktime":1155,"taken":5563,"name":"amec","totalPoints":897182,"rank":37,"id":18449,"place":7341,"uniqueZonesTaken":515,"region":{"name":"Jämtland","id":128}}}]