[{"country":"gb","sender":{"country":"gb","medals":[],"zones":[],"pointsPerHour":0,"points":0,"blocktime":600,"taken":0,"name":"Bwoodroot1","totalPoints":0,"rank":0,"id":398902,"place":7326,"uniqueZonesTaken":0},"time":"2023-06-27T00:51:23+0000","message":"That's weird, my Zones Are there, but their in red, not green, I'm perplexed🚲⏲️😊","type":"chat"},{"country":"gb","sender":{"country":"gb","medals":[],"zones":[],"pointsPerHour":0,"points":0,"blocktime":600,"taken":0,"name":"Bwoodroot1","totalPoints":0,"rank":0,"id":398902,"place":7326,"uniqueZonesTaken":0},"time":"2023-06-27T00:46:25+0000","message":"it's a New Day, it's a New Dawn, Come Rain or Shine... On a bike, Turfing, It's a Wonderful Day :-D","type":"chat"}]