[{"sender":{"country":"se","medals":[4,24,16,67,70,59,1,69,68,27,21,64,24,3,68,17,62,72,75,68,77,79,99,68,24,61,83,66,24,117,123,126,24,119,111,130,50],"zones":[156422,155323],"pointsPerHour":6,"points":78499,"blocktime":1470,"taken":158355,"name":"Calmare1","totalPoints":23047938,"rank":58,"id":77612,"place":867,"uniqueZonesTaken":2872,"region":{"name":"Kalmar","id":137}},"time":"2023-06-27T17:47:50+0000","message":"Podde: Håll fart 💨","region":{"name":"Kalmar","id":137},"type":"chat"},{"sender":{"country":"se","medals":[16,5,28,44,27,22,48,15,24,17,67,4,60,2,68,24,66,98,78,126,102,131,87],"zones":[88],"pointsPerHour":7,"points":20670,"blocktime":1350,"taken":35447,"name":"KarinAlfrida","totalPoints":5673230,"rank":50,"id":41186,"place":2526,"uniqueZonesTaken":1965,"region":{"name":"Östergötland","id":139}},"time":"2023-06-27T17:46:39+0000","message":"WS: Dålig täckning inne på Uas men jag tar mig hemåt via Helizone!","region":{"name":"Östergötland","id":139},"type":"chat"},{"medal":6,"time":"2023-06-27T17:38:26+0000","type":"medal","user":{"country":"nl","medals":[93,12,33,90,55,6],"zones":[204067],"pointsPerHour":0,"points":235,"blocktime":1035,"taken":970,"name":"BigGav","totalPoints":296844,"rank":29,"id":304175,"place":7372,"uniqueZonesTaken":211,"region":{"name":"Noord-Holland","id":117}}}]