[{"medal":51,"time":"2022-04-26T10:51:37+0000","type":"medal","user":{"country":"se","medals":[51,85],"zones":[138514,20883,11267,20887,20888,24121,22346,484667,20892,479],"pointsPerHour":0,"points":1504,"blocktime":660,"taken":10,"name":"detinns","totalPoints":1504,"rank":4,"id":359459,"place":7331,"uniqueZonesTaken":10,"region":{"name":"Halland","id":134}}},{"medal":85,"time":"2022-04-26T10:51:37+0000","type":"medal","user":{"country":"se","medals":[51,85],"zones":[138514,20883,11267,20887,20888,24121,22346,484667,20892,479],"pointsPerHour":0,"points":1504,"blocktime":660,"taken":10,"name":"detinns","totalPoints":1504,"rank":4,"id":359459,"place":7331,"uniqueZonesTaken":10,"region":{"name":"Halland","id":134}}},{"medal":80,"time":"2022-04-26T10:49:55+0000","type":"medal","user":{"country":"se","medals":[93,80,84],"zones":[92338,7188,20885,22345,1503],"pointsPerHour":0,"points":859,"blocktime":645,"taken":6,"name":"Linsasas","totalPoints":859,"rank":3,"id":359461,"place":7330,"uniqueZonesTaken":6,"region":{"name":"Halland","id":134}}},{"medal":84,"time":"2022-04-26T10:49:55+0000","type":"medal","user":{"country":"se","medals":[93,80,84],"zones":[92338,7188,20885,22345,1503],"pointsPerHour":0,"points":859,"blocktime":645,"taken":6,"name":"Linsasas","totalPoints":859,"rank":3,"id":359461,"place":7330,"uniqueZonesTaken":6,"region":{"name":"Halland","id":134}}},{"medal":92,"time":"2022-04-26T10:48:20+0000","type":"medal","user":{"country":"se","medals":[80,85,92],"zones":[90929,70160,95107,95106,37144,37145,115064],"pointsPerHour":0,"points":965,"blocktime":675,"taken":24,"name":"KorvenXD","totalPoints":2774,"rank":5,"id":337684,"place":7330,"uniqueZonesTaken":15,"region":{"name":"Östergötland","id":139}}},{"medal":93,"time":"2022-04-26T10:45:42+0000","type":"medal","user":{"country":"se","medals":[93],"zones":[92338,7188,20885,22345],"pointsPerHour":0,"points":717,"blocktime":645,"taken":5,"name":"Linsasas","totalPoints":717,"rank":3,"id":359461,"place":7330,"uniqueZonesTaken":5,"region":{"name":"Halland","id":134}}},{"medal":80,"time":"2022-04-26T10:45:42+0000","type":"medal","user":{"country":"se","medals":[80,84],"zones":[7185,757,20886,22344,7177],"pointsPerHour":0,"points":761,"blocktime":645,"taken":5,"name":"xXjarreboyXx","totalPoints":761,"rank":3,"id":359460,"place":7330,"uniqueZonesTaken":5,"region":{"name":"Halland","id":134}}},{"medal":84,"time":"2022-04-26T10:45:42+0000","type":"medal","user":{"country":"se","medals":[80,84],"zones":[7185,757,20886,22344,7177],"pointsPerHour":0,"points":761,"blocktime":645,"taken":5,"name":"xXjarreboyXx","totalPoints":761,"rank":3,"id":359460,"place":7330,"uniqueZonesTaken":5,"region":{"name":"Halland","id":134}}}]