[{"medal":84,"time":"2022-04-25T06:51:49+0000","type":"medal","user":{"country":"se","medals":[95,100,84],"zones":[22739],"pointsPerHour":0,"points":175,"blocktime":630,"taken":6,"name":"ixi","totalPoints":555,"rank":2,"id":261630,"place":7073,"uniqueZonesTaken":5,"region":{"name":"Stockholm","id":141}}},{"medal":100,"time":"2022-04-25T06:47:36+0000","type":"medal","user":{"country":"se","medals":[95,100],"zones":[],"pointsPerHour":0,"points":95,"blocktime":630,"taken":5,"name":"ixi","totalPoints":475,"rank":2,"id":261630,"place":7069,"uniqueZonesTaken":4,"region":{"name":"Stockholm","id":141}}}]