[{"sender":{"country":"se","medals":[90,51,6,100,11,94,32,79],"zones":[30753,7202,153713,64600,396780,107450,18044,481898],"pointsPerHour":20,"points":6113,"blocktime":780,"taken":137,"name":"villeni","totalPoints":23725,"rank":12,"id":335816,"place":3792,"uniqueZonesTaken":90,"region":{"name":"Halland","id":134}},"time":"2022-04-26T18:16:38+0000","message":"Farfelkügel: tack!","region":{"name":"Halland","id":134},"type":"chat"},{"medal":100,"time":"2022-04-26T18:16:18+0000","type":"medal","user":{"country":"se","medals":[93,84,100],"zones":[31704,408139],"pointsPerHour":0,"points":1733,"blocktime":660,"taken":9,"name":"Superidol22","totalPoints":1733,"rank":4,"id":359064,"place":7367,"uniqueZonesTaken":9,"region":{"name":"Södermanland","id":140}}},{"medal":51,"time":"2022-04-26T18:13:22+0000","type":"medal","user":{"country":"se","medals":[51,85],"zones":[21136,22321,929,22322,285015,21112,92139,907,119615,69535],"pointsPerHour":0,"points":1139,"blocktime":645,"taken":10,"name":"malki","totalPoints":1139,"rank":3,"id":359547,"place":7367,"uniqueZonesTaken":10,"region":{"name":"Östergötland","id":139}}},{"medal":85,"time":"2022-04-26T18:13:22+0000","type":"medal","user":{"country":"se","medals":[51,85],"zones":[21136,22321,929,22322,285015,21112,92139,907,119615,69535],"pointsPerHour":0,"points":1139,"blocktime":645,"taken":10,"name":"malki","totalPoints":1139,"rank":3,"id":359547,"place":7367,"uniqueZonesTaken":10,"region":{"name":"Östergötland","id":139}}},{"medal":92,"time":"2022-04-26T18:08:17+0000","type":"medal","user":{"country":"uk","medals":[93,80,85,92],"zones":[323384,318777,62862],"pointsPerHour":0,"points":925,"blocktime":690,"taken":15,"name":"bampot","totalPoints":3686,"rank":6,"id":355842,"place":7367,"uniqueZonesTaken":15,"region":{"name":"Scotland","id":200}}}]