[{"medal":85,"time":"2022-04-26T13:31:53+0000","type":"medal","user":{"country":"se","medals":[93,80,85],"zones":[200144,246725,24600],"pointsPerHour":0,"points":2390,"blocktime":675,"taken":10,"name":"zonräven2","totalPoints":2390,"rank":5,"id":358229,"place":7350,"uniqueZonesTaken":8,"region":{"name":"Västra Götaland","id":132}}},{"medal":84,"time":"2022-04-26T13:30:23+0000","type":"medal","user":{"country":"se","medals":[93,84],"zones":[8158],"pointsPerHour":0,"points":481,"blocktime":630,"taken":5,"name":"lourinq","totalPoints":481,"rank":2,"id":359377,"place":7350,"uniqueZonesTaken":3,"region":{"name":"Östergötland","id":139}}},{"sender":{"country":"se","medals":[5,16,4,67,24,22,56,48,24,24,70,24,24,77,79,7,72,15,24,17,116,88,107,126],"zones":[11200,11201,11202,138528,47651,29189,41767,41768,44296,41769,296909,63756,92140,721,26163,29177],"pointsPerHour":78,"points":6813,"blocktime":1365,"taken":43800,"name":"CanMan","totalPoints":6110552,"rank":51,"id":26632,"place":3659,"uniqueZonesTaken":1107,"region":{"name":"Västmanland","id":143}},"time":"2022-04-26T13:27:47+0000","message":"Popet: jaaa","region":{"name":"Västmanland","id":143},"type":"chat"},{"sender":{"country":"se","medals":[67,16,9,47,112,66,22,77,4,56,17,102,83,15,70,79,72,122,126,128,89],"zones":[44994,22660,31433,428298,428299,433416,428297,433417,216466,722,202384,141527,51541,15963,46370,204449,46371,181227,7982,203378,102066,29178,29179,114621,130301,29180,29181,226813,11198,226812,11199],"pointsPerHour":80,"points":77819,"blocktime":1410,"taken":53247,"name":"Popet","totalPoints":8008861,"rank":54,"id":119449,"place":751,"uniqueZonesTaken":1476,"region":{"name":"Västmanland","id":143}},"time":"2022-04-26T13:27:02+0000","message":"CanMan:Motvind eller 🚴\u200d♂️","region":{"name":"Västmanland","id":143},"type":"chat"}]