[{"sender":{"country":"se","medals":[22,67,4,5,47,10,16,24,24,9,24,24,79,77,26,91,30,24,17,116,45,57,50,126,123,108,88,131],"zones":[9714,34263,281779],"pointsPerHour":10,"points":43886,"blocktime":1365,"taken":43242,"name":"Pharmis","totalPoints":6337963,"rank":51,"id":57013,"place":1318,"uniqueZonesTaken":4204,"region":{"name":"Västmanland","id":143}},"time":"2022-04-25T08:33:18+0000","message":"VÄDUREN: Absolut👍🥰","region":{"name":"Västmanland","id":143},"type":"chat"},{"sender":{"country":"se","medals":[67,9,16,24,22,57,48,24,72,79,77,24,66,26,24,17,116,83,117,24,24,50,24,17,4,24,111,24,27,124,126,118,17,130],"zones":[31345,5570,62306,29700,337249,18676,17547,572,31807],"pointsPerHour":60,"points":89604,"blocktime":1440,"taken":94610,"name":"VÄDUREN","totalPoints":11760156,"rank":56,"id":92950,"place":552,"uniqueZonesTaken":3912,"region":{"name":"Västmanland","id":143}},"time":"2022-04-25T08:32:48+0000","message":"Pharmis: bra ledsagare 🤣","region":{"name":"Västmanland","id":143},"type":"chat"},{"sender":{"country":"se","medals":[22,67,4,5,47,10,16,24,24,9,24,24,79,77,26,91,30,24,17,116,45,57,50,126,123,108,88,131],"zones":[34263,281779],"pointsPerHour":3,"points":43791,"blocktime":1365,"taken":43241,"name":"Pharmis","totalPoints":6337867,"rank":51,"id":57013,"place":1319,"uniqueZonesTaken":4204,"region":{"name":"Västmanland","id":143}},"time":"2022-04-25T08:32:04+0000","message":"VÄDUREN: Hihi jo Flipperdags! 👍😂","region":{"name":"Västmanland","id":143},"type":"chat"},{"medal":93,"time":"2022-04-25T08:31:42+0000","type":"medal","user":{"country":"se","medals":[93],"zones":[],"pointsPerHour":0,"points":95,"blocktime":600,"taken":1,"name":"galpgoshenrik","totalPoints":95,"rank":0,"id":359164,"place":7118,"uniqueZonesTaken":1,"region":{"name":"Stockholm","id":141}}},{"sender":{"country":"se","medals":[67,9,16,24,22,57,48,24,72,79,77,24,66,26,24,17,116,83,117,24,24,50,24,17,4,24,111,24,27,124,126,118,17,130],"zones":[31345,5570,62306,29700,337249,18676,17547,572,31807],"pointsPerHour":60,"points":89602,"blocktime":1440,"taken":94610,"name":"VÄDUREN","totalPoints":11760154,"rank":56,"id":92950,"place":552,"uniqueZonesTaken":3912,"region":{"name":"Västmanland","id":143}},"time":"2022-04-25T08:31:18+0000","message":"Pharmis:finbesök  på Bäckby!","region":{"name":"Västmanland","id":143},"type":"chat"},{"sender":{"country":"se","medals":[16,66,5,67,27,47,26,4,56,77,99,28,117,50,79,122,40,126,127,107],"zones":[187778,47427,484483,7588,28196,20645,92135,21352,92520,90536,267,115853,111149,51533,90161,114800,2420,7348,108980,7351,136248,105052,29534],"pointsPerHour":89,"points":24246,"blocktime":1320,"taken":22629,"name":"acinom66","totalPoints":4479801,"rank":48,"id":32394,"place":2146,"uniqueZonesTaken":3890,"region":{"name":"Stockholm","id":141}},"time":"2022-04-25T08:30:43+0000","message":"PiffPuff: Műllers är fint fik. tack detsamma!! ☀️","region":{"name":"Stockholm","id":141},"type":"chat"},{"sender":{"country":"se","medals":[78,67,102,4,16,28,57,117,47,24,99,6,126,122,37,15],"zones":[42880,22016,42881,30881,22018,22019,22021,116068,90886,481879,224019,7347,95797,481874,95796,224020,137464,221305,287],"pointsPerHour":28,"points":10626,"blocktime":1245,"taken":9095,"name":"PiffPuff","totalPoints":2211592,"rank":43,"id":181851,"place":3131,"uniqueZonesTaken":1124,"region":{"name":"Stockholm","id":141}},"time":"2022-04-25T08:30:00+0000","message":"@acinom66 härligt! ha så trevligt","region":{"name":"Stockholm","id":141},"type":"chat"},{"sender":{"country":"se","medals":[16,66,5,67,27,47,26,4,56,77,99,28,117,50,79,122,40,126,127,107],"zones":[187778,47427,484483,7588,28196,20645,92135,21352,92520,90536,267,115853,111149,51533,90161,114800,2420,7348,108980,7351,136248,105052,29534],"pointsPerHour":89,"points":24244,"blocktime":1320,"taken":22629,"name":"acinom66","totalPoints":4479799,"rank":48,"id":32394,"place":2146,"uniqueZonesTaken":3890,"region":{"name":"Stockholm","id":141}},"time":"2022-04-25T08:29:31+0000","message":"PiffPuff: Nej jag tänkte gå o fika nu. ingen långturf udag. Så turfa på du.","region":{"name":"Stockholm","id":141},"type":"chat"},{"medal":84,"time":"2022-04-25T08:28:51+0000","type":"medal","user":{"country":"se","medals":[84],"zones":[2297],"pointsPerHour":0,"points":530,"blocktime":630,"taken":5,"name":"Alicehelmi","totalPoints":530,"rank":2,"id":357922,"place":7116,"uniqueZonesTaken":5,"region":{"name":"Östergötland","id":139}}},{"sender":{"country":"se","medals":[78,67,102,4,16,28,57,117,47,24,99,6,126,122,37,15],"zones":[42880,22016,42881,30881,22018,22019,22021,116068,90886,481879,224019,7347,95797,481874,95796,224020,137464,221305,287],"pointsPerHour":28,"points":10626,"blocktime":1245,"taken":9095,"name":"PiffPuff","totalPoints":2211591,"rank":43,"id":181851,"place":3131,"uniqueZonesTaken":1124,"region":{"name":"Stockholm","id":141}},"time":"2022-04-25T08:28:33+0000","message":"@acinom66 tänkte du turfa ut mot vattnet eller centralt i nynäs? ska ta en långpromenad med barnvagnen 🥰","region":{"name":"Stockholm","id":141},"type":"chat"}]