[{"medal":93,"time":"2022-04-26T12:50:28+0000","type":"medal","user":{"country":"se","medals":[93],"zones":[],"pointsPerHour":0,"points":185,"blocktime":600,"taken":1,"name":"Simon...","totalPoints":185,"rank":0,"id":359516,"place":7348,"uniqueZonesTaken":1,"region":{"name":"Halland","id":134}}},{"medal":84,"time":"2022-04-26T12:46:30+0000","type":"medal","user":{"country":"se","medals":[80,84],"zones":[17669,4982,30345,12382,26527],"pointsPerHour":0,"points":511,"blocktime":630,"taken":5,"name":"idaolsson1","totalPoints":511,"rank":2,"id":359503,"place":7347,"uniqueZonesTaken":5,"region":{"name":"Östergötland","id":139}}},{"medal":80,"time":"2022-04-26T12:46:30+0000","type":"medal","user":{"country":"se","medals":[80,84],"zones":[17669,4982,30345,12382,26527],"pointsPerHour":0,"points":511,"blocktime":630,"taken":5,"name":"idaolsson1","totalPoints":511,"rank":2,"id":359503,"place":7347,"uniqueZonesTaken":5,"region":{"name":"Östergötland","id":139}}}]