[{"zone":{"previousOwner":{"name":"kustbolotta","id":212644},"dateCreated":"2016-12-24T11:00:00+0000","dateLastTaken":"2021-07-17T04:07:20+0000","latitude":58.678576,"currentOwner":{"name":"AudioPelle","id":63238},"name":"AspaGenväg","id":92674,"totalTakeovers":2473,"region":{"area":{"name":"Oxelösunds kommun","id":1849},"country":"se","name":"Södermanland","id":140},"pointsPerHour":4,"longitude":17.08162,"takeoverPoints":140},"latitude":58.678576,"currentOwner":{"name":"AudioPelle","id":63238},"time":"2021-07-17T04:07:20+0000","type":"takeover","longitude":17.08162},{"zone":{"previousOwner":{"name":"Pinarello","id":48749},"dateCreated":"2014-09-15T20:43:23+0000","dateLastTaken":"2021-07-17T04:07:03+0000","latitude":59.313815,"currentOwner":{"name":"solidsnail","id":324576},"name":"Boängäng","id":36711,"totalTakeovers":5669,"region":{"area":{"name":"Karlskoga kommun","id":1818},"country":"se","name":"Örebro","id":131},"pointsPerHour":6,"longitude":14.51405,"takeoverPoints":110},"latitude":59.313815,"currentOwner":{"name":"solidsnail","id":324576},"time":"2021-07-17T04:07:03+0000","type":"takeover","longitude":14.51405},{"zone":{"previousOwner":{"name":"makrillen71","id":156601},"dateCreated":"2012-03-26T13:18:26+0000","dateLastTaken":"2021-07-17T04:06:48+0000","latitude":59.595071,"currentOwner":{"name":"boki","id":208220},"name":"MälarPierZone","id":7457,"totalTakeovers":11369,"region":{"area":{"name":"Västerås","id":1807},"country":"se","name":"Västmanland","id":143},"pointsPerHour":7,"longitude":16.587495,"takeoverPoints":95},"latitude":59.595071,"currentOwner":{"name":"boki","id":208220},"time":"2021-07-17T04:06:48+0000","type":"takeover","longitude":16.587495},{"zone":{"previousOwner":{"name":"MRXCOOL","id":146014},"dateCreated":"2016-08-01T15:00:00+0000","dateLastTaken":"2021-07-17T04:06:42+0000","latitude":59.48069,"currentOwner":{"name":"Sucuriju","id":334898},"name":"UBG","id":80098,"totalTakeovers":2905,"region":{"area":{"name":"Upplands-Bro kommun","id":1832},"country":"se","name":"Stockholm","id":141},"pointsPerHour":4,"longitude":17.732492,"takeoverPoints":140},"latitude":59.48069,"currentOwner":{"name":"Sucuriju","id":334898},"time":"2021-07-17T04:06:42+0000","type":"takeover","longitude":17.732492},{"zone":{"previousOwner":{"name":"kag79","id":305660},"dateCreated":"2020-09-16T16:00:00+0000","dateLastTaken":"2021-07-17T04:06:23+0000","latitude":55.989355,"currentOwner":{"name":"féarglas","id":280861},"name":"Morven","id":331790,"totalTakeovers":58,"region":{"area":{"name":"Falkirk Council","id":2793},"country":"gb","name":"Scotland","id":200},"pointsPerHour":1,"longitude":-3.720504,"takeoverPoints":185},"latitude":55.989355,"currentOwner":{"name":"féarglas","id":280861},"time":"2021-07-17T04:06:23+0000","type":"takeover","longitude":-3.720504},{"zone":{"previousOwner":{"name":"snattarn","id":141073},"dateCreated":"2013-04-28T10:10:00+0000","dateLastTaken":"2021-07-17T04:06:22+0000","latitude":59.609492,"currentOwner":{"name":"olds425","id":317608},"name":"ShortZone","id":17545,"totalTakeovers":5837,"region":{"area":{"name":"Hallstahammars kommun","id":1811},"country":"se","name":"Västmanland","id":143},"pointsPerHour":5,"longitude":16.240914,"takeoverPoints":125},"latitude":59.609492,"currentOwner":{"name":"olds425","id":317608},"time":"2021-07-17T04:06:22+0000","type":"takeover","longitude":16.240914},{"zone":{"previousOwner":{"name":"Hillcat","id":112193},"dateLastTaken":"2021-07-17T04:06:21+0000","latitude":59.366746,"totalTakeovers":14422,"type":{"name":"Bridge","id":8},"pointsPerHour":8,"takeoverPoints":80,"dateCreated":"2010-11-08T19:46:15+0000","currentOwner":{"name":"takamine","id":281213},"name":"RudeBridge","id":1058,"region":{"area":{"name":"Eskilstuna kommun","id":1848},"country":"se","name":"Södermanland","id":140},"longitude":16.517089},"latitude":59.366746,"currentOwner":{"name":"takamine","id":281213},"time":"2021-07-17T04:06:21+0000","type":"takeover","longitude":16.517089},{"zone":{"previousOwner":{"name":"Boinkaboinka","id":133017},"dateCreated":"2014-09-25T16:00:00+0000","dateLastTaken":"2021-07-17T04:06:17+0000","latitude":59.854621,"currentOwner":{"name":"Lill-stina","id":73476},"name":"CoffeeZone","id":37126,"totalTakeovers":15707,"region":{"area":{"name":"Uppsala kommun","id":1977},"country":"se","name":"Uppsala","id":142},"pointsPerHour":8,"longitude":17.651573,"takeoverPoints":80},"latitude":59.854621,"currentOwner":{"name":"Lill-stina","id":73476},"time":"2021-07-17T04:06:17+0000","type":"takeover","longitude":17.651573},{"zone":{"previousOwner":{"name":"CabinFeather","id":283046},"dateCreated":"2020-08-22T12:00:00+0000","dateLastTaken":"2021-07-17T04:06:12+0000","latitude":55.977389,"currentOwner":{"name":"CardiffGreenC","id":302121},"name":"Longniddry","id":320659,"totalTakeovers":318,"region":{"area":{"name":"East Lothian","id":2786},"country":"gb","name":"Scotland","id":200},"pointsPerHour":3,"longitude":-2.896361,"takeoverPoints":155},"latitude":55.977389,"currentOwner":{"name":"CardiffGreenC","id":302121},"time":"2021-07-17T04:06:12+0000","type":"takeover","longitude":-2.896361},{"zone":{"previousOwner":{"name":"tilverturf","id":166033},"dateCreated":"2011-03-17T00:00:00+0000","dateLastTaken":"2021-07-17T04:06:05+0000","latitude":59.852987,"currentOwner":{"name":"ZoneTherapist","id":76854},"name":"Sickhouse","id":1572,"totalTakeovers":21986,"region":{"area":{"name":"Uppsala kommun","id":1977},"country":"se","name":"Uppsala","id":142},"pointsPerHour":9,"longitude":17.641008,"takeoverPoints":65},"latitude":59.852987,"currentOwner":{"name":"ZoneTherapist","id":76854},"time":"2021-07-17T04:06:05+0000","type":"takeover","longitude":17.641008},{"zone":{"previousOwner":{"name":"Lillkvadden","id":70204},"dateCreated":"2015-09-13T09:00:00+0000","dateLastTaken":"2021-07-17T04:05:38+0000","latitude":58.197091,"currentOwner":{"name":"lenab54","id":113777},"name":"Julholmten","id":57683,"totalTakeovers":2225,"region":{"area":{"name":"Valdemarsviks kommun","id":1862},"country":"se","name":"Östergötland","id":139},"pointsPerHour":2,"longitude":16.579885,"takeoverPoints":170},"latitude":58.197091,"currentOwner":{"name":"lenab54","id":113777},"time":"2021-07-17T04:05:38+0000","type":"takeover","longitude":16.579885},{"zone":{"previousOwner":{"name":"Ysing","id":333760},"dateCreated":"2017-05-25T11:02:26+0000","dateLastTaken":"2021-07-17T04:05:37+0000","latitude":59.433707,"currentOwner":{"name":"Electromatic","id":163659},"name":"Kunskapstörst","id":109453,"totalTakeovers":2811,"region":{"area":{"name":"Täby kommun","id":1841},"country":"se","name":"Stockholm","id":141},"pointsPerHour":5,"longitude":18.078408,"takeoverPoints":125},"latitude":59.433707,"currentOwner":{"name":"Electromatic","id":163659},"time":"2021-07-17T04:05:37+0000","type":"takeover","longitude":18.078408},{"zone":{"previousOwner":{"name":"kustbolotta","id":212644},"dateCreated":"2014-09-06T20:00:00+0000","dateLastTaken":"2021-07-17T04:05:10+0000","latitude":58.680334,"currentOwner":{"name":"AudioPelle","id":63238},"name":"TwoTwoTwo7","id":33788,"totalTakeovers":2695,"region":{"area":{"name":"Oxelösunds kommun","id":1849},"country":"se","name":"Södermanland","id":140},"pointsPerHour":4,"longitude":17.088957,"takeoverPoints":140},"latitude":58.680334,"currentOwner":{"name":"AudioPelle","id":63238},"time":"2021-07-17T04:05:10+0000","type":"takeover","longitude":17.088957},{"zone":{"previousOwner":{"name":"sus","id":19241},"dateLastTaken":"2021-07-17T04:04:48+0000","latitude":59.854986,"totalTakeovers":37101,"type":{"name":"Bridge","id":8},"pointsPerHour":9,"takeoverPoints":65,"dateCreated":"2011-08-08T18:21:19+0000","currentOwner":{"name":"ZoneTherapist","id":76854},"name":"DonutZone","id":2558,"region":{"area":{"name":"Uppsala kommun","id":1977},"country":"se","name":"Uppsala","id":142},"longitude":17.641532},"latitude":59.854986,"currentOwner":{"name":"ZoneTherapist","id":76854},"time":"2021-07-17T04:04:48+0000","type":"takeover","longitude":17.641532},{"zone":{"previousOwner":{"name":"snattarn","id":141073},"dateCreated":"2017-04-28T07:45:00+0000","dateLastTaken":"2021-07-17T04:04:34+0000","latitude":59.607344,"currentOwner":{"name":"olds425","id":317608},"name":"Odlaren","id":102065,"totalTakeovers":2486,"region":{"area":{"name":"Hallstahammars kommun","id":1811},"country":"se","name":"Västmanland","id":143},"pointsPerHour":4,"longitude":16.236449,"takeoverPoints":140},"latitude":59.607344,"currentOwner":{"name":"olds425","id":317608},"time":"2021-07-17T04:04:34+0000","type":"takeover","longitude":16.236449},{"zone":{"previousOwner":{"name":"Lillkvadden","id":70204},"dateCreated":"2018-09-12T07:57:32+0000","dateLastTaken":"2021-07-17T04:04:33+0000","latitude":58.198826,"currentOwner":{"name":"lenab54","id":113777},"name":"MotSörby","id":163251,"totalTakeovers":358,"region":{"area":{"name":"Valdemarsviks kommun","id":1862},"country":"se","name":"Östergötland","id":139},"pointsPerHour":2,"longitude":16.581368,"takeoverPoints":170},"latitude":58.198826,"currentOwner":{"name":"lenab54","id":113777},"time":"2021-07-17T04:04:33+0000","type":"takeover","longitude":16.581368},{"zone":{"previousOwner":{"name":"Pinarello","id":48749},"dateCreated":"2021-07-11T10:26:31+0000","dateLastTaken":"2021-07-17T04:04:30+0000","latitude":59.312964,"currentOwner":{"name":"solidsnail","id":324576},"name":"Snedskogen","id":429855,"totalTakeovers":11,"region":{"area":{"name":"Karlskoga kommun","id":1818},"country":"se","name":"Örebro","id":131},"pointsPerHour":6,"longitude":14.510387,"takeoverPoints":110},"latitude":59.312964,"currentOwner":{"name":"solidsnail","id":324576},"time":"2021-07-17T04:04:30+0000","type":"takeover","longitude":14.510387},{"zone":{"previousOwner":{"name":"StorEken","id":278833},"dateCreated":"2012-03-27T22:47:07+0000","dateLastTaken":"2021-07-17T04:04:09+0000","latitude":55.58897,"currentOwner":{"name":"Bäckagubben","id":161324},"name":"AmicitiaPark","id":7484,"totalTakeovers":2429,"region":{"area":{"name":"Malmö kommun","id":1898},"country":"se","name":"Skåne","id":135},"pointsPerHour":3,"longitude":12.951949,"takeoverPoints":155},"assists":[{"name":"KollPåGubben","id":163496}],"latitude":55.58897,"currentOwner":{"name":"Bäckagubben","id":161324},"time":"2021-07-17T04:04:09+0000","type":"takeover","longitude":12.951949},{"zone":{"previousOwner":{"name":"NickiBee16","id":329107},"dateCreated":"2021-05-15T15:06:52+0000","dateLastTaken":"2021-07-17T04:04:08+0000","latitude":44.93574,"currentOwner":{"name":"fluteswedie","id":303502},"name":"HeyataOtunwe","id":411395,"totalTakeovers":20,"region":{"area":{"name":"Hennepin County","id":4063},"country":"us","name":"Minnesota","id":405},"pointsPerHour":2,"longitude":-93.305901,"takeoverPoints":170},"latitude":44.93574,"currentOwner":{"name":"fluteswedie","id":303502},"time":"2021-07-17T04:04:08+0000","type":"takeover","longitude":-93.305901},{"zone":{"previousOwner":{"name":"CabinFeather","id":283046},"dateCreated":"2021-04-30T07:00:00+0000","dateLastTaken":"2021-07-17T04:03:56+0000","latitude":55.979068,"currentOwner":{"name":"CardiffGreenC","id":302121},"name":"ForthSeer","id":400343,"totalTakeovers":70,"region":{"area":{"name":"East Lothian","id":2786},"country":"gb","name":"Scotland","id":200},"pointsPerHour":3,"longitude":-2.89376,"takeoverPoints":155},"latitude":55.979068,"currentOwner":{"name":"CardiffGreenC","id":302121},"time":"2021-07-17T04:03:56+0000","type":"takeover","longitude":-2.89376},{"zone":{"previousOwner":{"name":"makrillen71","id":156601},"dateCreated":"2013-07-12T07:44:59+0000","dateLastTaken":"2021-07-17T04:03:48+0000","latitude":59.596961,"currentOwner":{"name":"boki","id":208220},"name":"MälarPier","id":20763,"totalTakeovers":12007,"region":{"area":{"name":"Västerås","id":1807},"country":"se","name":"Västmanland","id":143},"pointsPerHour":8,"longitude":16.582268,"takeoverPoints":80},"latitude":59.596961,"currentOwner":{"name":"boki","id":208220},"time":"2021-07-17T04:03:48+0000","type":"takeover","longitude":16.582268},{"zone":{"previousOwner":{"name":"jepa73","id":242766},"dateLastTaken":"2021-07-17T04:03:42+0000","latitude":59.627946,"totalTakeovers":11971,"type":{"name":"Train Station","id":13},"pointsPerHour":8,"takeoverPoints":80,"dateCreated":"2012-03-23T22:10:10+0000","currentOwner":{"name":"mara48","id":311747},"name":"MarsStation","id":7358,"region":{"area":{"name":"Sigtuna kommun","id":1834},"country":"se","name":"Stockholm","id":141},"longitude":17.861275},"latitude":59.627946,"currentOwner":{"name":"mara48","id":311747},"time":"2021-07-17T04:03:42+0000","type":"takeover","longitude":17.861275},{"zone":{"previousOwner":{"name":"sus","id":19241},"dateLastTaken":"2021-07-17T04:03:35+0000","latitude":59.856757,"totalTakeovers":35021,"type":{"name":"Bridge","id":8},"pointsPerHour":9,"takeoverPoints":65,"dateCreated":"2011-11-05T17:19:41+0000","currentOwner":{"name":"ZoneTherapist","id":76854},"name":"FlowerBro","id":4557,"region":{"area":{"name":"Uppsala kommun","id":1977},"country":"se","name":"Uppsala","id":142},"longitude":17.639423},"latitude":59.856757,"currentOwner":{"name":"ZoneTherapist","id":76854},"time":"2021-07-17T04:03:35+0000","type":"takeover","longitude":17.639423},{"zone":{"previousOwner":{"name":"Rod_Polsan","id":129152},"dateCreated":"2013-11-11T00:09:13+0000","dateLastTaken":"2021-07-17T04:03:14+0000","latitude":59.181635,"currentOwner":{"name":"Mitzi","id":277077},"name":"Tjejdungen","id":22843,"totalTakeovers":5064,"region":{"area":{"name":"Haninge kommun","id":1883},"country":"se","name":"Stockholm","id":141},"pointsPerHour":5,"longitude":18.184968,"takeoverPoints":125},"latitude":59.181635,"currentOwner":{"name":"Mitzi","id":277077},"time":"2021-07-17T04:03:14+0000","type":"takeover","longitude":18.184968},{"zone":{"previousOwner":{"name":"Lillkvadden","id":70204},"dateCreated":"2015-04-26T23:00:00+0000","dateLastTaken":"2021-07-17T04:03:03+0000","latitude":58.201012,"currentOwner":{"name":"lenab54","id":113777},"name":"Sörbysvängen","id":50379,"totalTakeovers":2231,"region":{"area":{"name":"Valdemarsviks kommun","id":1862},"country":"se","name":"Östergötland","id":139},"pointsPerHour":2,"longitude":16.583478,"takeoverPoints":170},"latitude":58.201012,"currentOwner":{"name":"lenab54","id":113777},"time":"2021-07-17T04:03:03+0000","type":"takeover","longitude":16.583478},{"zone":{"previousOwner":{"name":"Bamse65","id":75652},"dateLastTaken":"2021-07-17T04:03:01+0000","latitude":59.860362,"totalTakeovers":17457,"type":{"name":"Holy","id":9},"pointsPerHour":8,"takeoverPoints":80,"dateCreated":"2010-09-01T00:00:00+0000","currentOwner":{"name":"Lill-stina","id":73476},"name":"AllTorkels","id":684,"region":{"area":{"name":"Uppsala kommun","id":1977},"country":"se","name":"Uppsala","id":142},"longitude":17.656909},"latitude":59.860362,"currentOwner":{"name":"Lill-stina","id":73476},"time":"2021-07-17T04:03:01+0000","type":"takeover","longitude":17.656909},{"zone":{"previousOwner":{"name":"snattarn","id":141073},"dateCreated":"2017-04-01T20:06:32+0000","dateLastTaken":"2021-07-17T04:02:49+0000","latitude":59.607194,"currentOwner":{"name":"olds425","id":317608},"name":"SloeberryPath","id":97300,"totalTakeovers":2421,"region":{"area":{"name":"Hallstahammars kommun","id":1811},"country":"se","name":"Västmanland","id":143},"pointsPerHour":4,"longitude":16.241646,"takeoverPoints":140},"latitude":59.607194,"currentOwner":{"name":"olds425","id":317608},"time":"2021-07-17T04:02:49+0000","type":"takeover","longitude":16.241646},{"zone":{"previousOwner":{"name":"CabinFeather","id":283046},"dateCreated":"2020-08-22T12:00:00+0000","dateLastTaken":"2021-07-17T04:02:27+0000","latitude":55.979172,"currentOwner":{"name":"CardiffGreenC","id":302121},"name":"LyarsLaire","id":320660,"totalTakeovers":340,"region":{"area":{"name":"East Lothian","id":2786},"country":"gb","name":"Scotland","id":200},"pointsPerHour":3,"longitude":-2.890145,"takeoverPoints":155},"latitude":55.979172,"currentOwner":{"name":"CardiffGreenC","id":302121},"time":"2021-07-17T04:02:27+0000","type":"takeover","longitude":-2.890145}]