[{"sender":{"country":"se","medals":[70,28,95,98,24,55,6,5,78,77,16,47,107,17,116,24,67,14,126,41],"zones":[995,11285,8905,430365,42318],"pointsPerHour":40,"points":29124,"blocktime":1275,"taken":26398,"name":"Bluethunder","totalPoints":2855435,"rank":45,"id":198646,"place":1568,"uniqueZonesTaken":524,"region":{"name":"Västerbotten","id":127}},"time":"2021-07-20T22:42:24+0000","message":":parkman välkommen till den nya zonen ;)","region":{"name":"Västerbotten","id":127},"type":"chat"},{"medal":103,"time":"2021-07-20T22:02:36+0000","type":"medal","user":{"country":"se","medals":[95,79,28,77,5,53,46,12,42,22,103],"zones":[45218,278,111350,18923],"pointsPerHour":0,"points":2129,"blocktime":840,"taken":431,"name":"Queeniepie","totalPoints":55891,"rank":16,"id":322797,"place":6858,"uniqueZonesTaken":126,"region":{"name":"Stockholm","id":141}}}]