[{"zone":{"previousOwner":{"name":"Granbero","id":113364},"dateCreated":"2016-06-05T00:46:55+0000","dateLastTaken":"2021-07-20T22:11:34+0000","latitude":59.317774,"currentOwner":{"name":"iTurf","id":38915},"name":"T-Zinken","id":78439,"totalTakeovers":10764,"region":{"area":{"name":"Stockholms kommun","id":1828},"country":"se","name":"Stockholm","id":141},"pointsPerHour":8,"longitude":18.050113,"takeoverPoints":80},"latitude":59.317774,"currentOwner":{"name":"iTurf","id":38915},"time":"2021-07-20T22:11:34+0000","type":"takeover","longitude":18.050113},{"zone":{"previousOwner":{"name":"Queeniepie","id":322797},"dateCreated":"2017-06-17T07:00:00+0000","dateLastTaken":"2021-07-20T22:11:34+0000","latitude":59.312449,"currentOwner":{"name":"Krussidullen","id":74555},"name":"Henriksdal","id":111350,"totalTakeovers":7065,"region":{"area":{"name":"Nacka kommun","id":1829},"country":"se","name":"Stockholm","id":141},"pointsPerHour":7,"longitude":18.108128,"takeoverPoints":95},"latitude":59.312449,"currentOwner":{"name":"Krussidullen","id":74555},"time":"2021-07-20T22:11:34+0000","type":"takeover","longitude":18.108128},{"zone":{"previousOwner":{"name":"Norrlandskotte","id":37160},"dateCreated":"2015-01-13T09:24:16+0000","dateLastTaken":"2021-07-20T22:11:29+0000","latitude":65.56429,"currentOwner":{"name":"Norrlandskotte","id":37160},"name":"Friskus","id":43750,"totalTakeovers":2127,"region":{"area":{"name":"Luleå kommun","id":1798},"country":"se","name":"Norrbotten","id":126},"pointsPerHour":4,"longitude":22.196525,"takeoverPoints":140},"latitude":65.56429,"currentOwner":{"name":"Norrlandskotte","id":37160},"time":"2021-07-20T22:11:29+0000","type":"takeover","longitude":22.196525},{"zone":{"previousOwner":{"name":"bythesea","id":289445},"dateCreated":"2021-02-12T09:00:00+0000","dateLastTaken":"2021-07-20T22:11:26+0000","latitude":55.939921,"currentOwner":{"name":"Cruachan","id":304571},"name":"StonyBollards","id":376800,"totalTakeovers":297,"region":{"area":{"name":"East Lothian","id":2786},"country":"gb","name":"Scotland","id":200},"pointsPerHour":3,"longitude":-3.066569,"takeoverPoints":155},"latitude":55.939921,"currentOwner":{"name":"Cruachan","id":304571},"time":"2021-07-20T22:11:26+0000","type":"takeover","longitude":-3.066569},{"zone":{"previousOwner":{"name":"MICKE456","id":306246},"dateCreated":"2016-06-06T04:00:00+0000","dateLastTaken":"2021-07-20T22:11:18+0000","latitude":59.493041,"currentOwner":{"name":"SUPERIOЯ","id":122085},"name":"KungsängenIP","id":78465,"totalTakeovers":2223,"region":{"area":{"name":"Upplands-Bro kommun","id":1832},"country":"se","name":"Stockholm","id":141},"pointsPerHour":4,"longitude":17.742961,"takeoverPoints":140},"latitude":59.493041,"currentOwner":{"name":"SUPERIOЯ","id":122085},"time":"2021-07-20T22:11:18+0000","type":"takeover","longitude":17.742961},{"zone":{"previousOwner":{"name":"airwolf","id":153838},"dateCreated":"2014-12-24T06:00:00+0000","dateLastTaken":"2021-07-20T22:11:03+0000","latitude":59.405187,"currentOwner":{"name":"NightDriver","id":279433},"name":"BarkarLasse","id":43173,"totalTakeovers":4125,"region":{"area":{"name":"Järfälla kommun","id":1835},"country":"se","name":"Stockholm","id":141},"pointsPerHour":6,"longitude":17.871762,"takeoverPoints":110},"latitude":59.405187,"currentOwner":{"name":"NightDriver","id":279433},"time":"2021-07-20T22:11:03+0000","type":"takeover","longitude":17.871762},{"zone":{"previousOwner":{"name":"speedfox","id":299927},"dateCreated":"2015-01-13T17:00:00+0000","dateLastTaken":"2021-07-20T22:10:50+0000","latitude":61.349455,"currentOwner":{"name":"Röste","id":107099},"name":"Knogjärnet","id":43754,"totalTakeovers":3969,"region":{"area":{"name":"Bollnäs kommun","id":2048},"country":"se","name":"Gävleborg","id":144},"pointsPerHour":5,"longitude":16.399869,"takeoverPoints":125},"latitude":61.349455,"currentOwner":{"name":"Röste","id":107099},"time":"2021-07-20T22:10:50+0000","type":"takeover","longitude":16.399869},{"zone":{"previousOwner":{"name":"SunYour","id":7781},"dateCreated":"2016-02-18T22:50:21+0000","dateLastTaken":"2021-07-20T22:10:48+0000","latitude":59.60931,"currentOwner":{"name":"FlitigaTobbe","id":48872},"name":"KlippanZone","id":63691,"totalTakeovers":20816,"region":{"area":{"name":"Västerås","id":1807},"country":"se","name":"Västmanland","id":143},"pointsPerHour":9,"longitude":16.540161,"takeoverPoints":65},"latitude":59.60931,"currentOwner":{"name":"FlitigaTobbe","id":48872},"time":"2021-07-20T22:10:48+0000","type":"takeover","longitude":16.540161},{"zone":{"previousOwner":{"name":"Bath","id":57990},"dateCreated":"2019-10-27T21:56:51+0000","dateLastTaken":"2021-07-20T22:10:43+0000","latitude":58.410532,"currentOwner":{"name":"Fenrisulven","id":14493},"name":"Hörnerakan","id":221448,"totalTakeovers":1508,"region":{"area":{"name":"Tibro","id":1936},"country":"se","name":"Västra Götaland","id":132},"pointsPerHour":4,"longitude":14.170554,"takeoverPoints":140},"latitude":58.410532,"currentOwner":{"name":"Fenrisulven","id":14493},"time":"2021-07-20T22:10:43+0000","type":"takeover","longitude":14.170554},{"zone":{"previousOwner":{"name":"Marpii2004","id":265339},"dateCreated":"2012-12-02T17:43:33+0000","dateLastTaken":"2021-07-20T22:10:43+0000","latitude":60.099173,"currentOwner":{"name":"Corellian","id":264701},"name":"Lyceum","id":12105,"totalTakeovers":20457,"region":{"area":{"name":"Mariehamn","id":2176},"country":"fi","name":"Åland","id":177},"pointsPerHour":8,"longitude":19.93438,"takeoverPoints":80},"latitude":60.099173,"currentOwner":{"name":"Corellian","id":264701},"time":"2021-07-20T22:10:43+0000","type":"takeover","longitude":19.93438},{"zone":{"previousOwner":{"name":"TuonoV4","id":280997},"dateCreated":"2017-08-23T07:30:00+0000","dateLastTaken":"2021-07-20T22:10:38+0000","latitude":55.607903,"currentOwner":{"name":"TXL","id":62645},"name":"MalmöLive","id":117258,"totalTakeovers":5535,"region":{"area":{"name":"Malmö kommun","id":1898},"country":"se","name":"Skåne","id":135},"pointsPerHour":7,"longitude":12.993725,"takeoverPoints":95},"latitude":55.607903,"currentOwner":{"name":"TXL","id":62645},"time":"2021-07-20T22:10:38+0000","type":"takeover","longitude":12.993725},{"zone":{"previousOwner":{"name":"ESOCJanet","id":280592},"dateCreated":"2013-06-15T08:00:00+0000","dateLastTaken":"2021-07-20T22:10:36+0000","latitude":55.941817,"currentOwner":{"name":"ESOC-Q","id":300851},"name":"JedbowWalk","id":14574,"totalTakeovers":1425,"region":{"area":{"name":"City of Edinburgh","id":2780},"country":"gb","name":"Scotland","id":200},"pointsPerHour":6,"longitude":-3.192609,"takeoverPoints":110},"latitude":55.941817,"currentOwner":{"name":"ESOC-Q","id":300851},"time":"2021-07-20T22:10:36+0000","type":"takeover","longitude":-3.192609},{"zone":{"previousOwner":{"name":"Vortex","id":102337},"dateCreated":"2016-03-24T17:00:00+0000","dateLastTaken":"2021-07-20T22:10:33+0000","latitude":61.367401,"currentOwner":{"name":"speedfox","id":299927},"name":"SloeZone","id":64630,"totalTakeovers":486,"region":{"area":{"name":"Bollnäs kommun","id":2048},"country":"se","name":"Gävleborg","id":144},"pointsPerHour":2,"longitude":16.372276,"takeoverPoints":170},"latitude":61.367401,"currentOwner":{"name":"speedfox","id":299927},"time":"2021-07-20T22:10:33+0000","type":"takeover","longitude":16.372276},{"zone":{"previousOwner":{"name":"Fashven","id":297782},"dateCreated":"2020-08-30T08:00:00+0000","dateLastTaken":"2021-07-20T22:10:26+0000","latitude":55.783398,"currentOwner":{"name":"Finnerswinners","id":303063},"name":"BalgrayBeach","id":323043,"totalTakeovers":25,"region":{"area":{"name":"East Renfrewshire","id":2800},"country":"gb","name":"Scotland","id":200},"pointsPerHour":1,"longitude":-4.373497,"takeoverPoints":185},"latitude":55.783398,"currentOwner":{"name":"Finnerswinners","id":303063},"time":"2021-07-20T22:10:26+0000","type":"takeover","longitude":-4.373497},{"zone":{"previousOwner":{"name":"bythesea","id":289445},"dateCreated":"2021-03-18T14:30:00+0000","dateLastTaken":"2021-07-20T22:10:25+0000","latitude":55.938794,"currentOwner":{"name":"Cruachan","id":304571},"name":"StoneyTurfer","id":389414,"totalTakeovers":172,"region":{"area":{"name":"East Lothian","id":2786},"country":"gb","name":"Scotland","id":200},"pointsPerHour":4,"longitude":-3.069452,"takeoverPoints":140},"latitude":55.938794,"currentOwner":{"name":"Cruachan","id":304571},"time":"2021-07-20T22:10:25+0000","type":"takeover","longitude":-3.069452},{"zone":{"previousOwner":{"name":"Tdgc52","id":227396},"dateCreated":"2016-12-24T11:00:00+0000","dateLastTaken":"2021-07-20T22:10:06+0000","latitude":57.627652,"currentOwner":{"name":"jösses...då","id":113416},"name":"Välenviken","id":92667,"totalTakeovers":1738,"region":{"area":{"name":"Göteborgs kommun","id":1885},"country":"se","name":"Västra Götaland","id":132},"pointsPerHour":3,"longitude":11.908333,"takeoverPoints":155},"latitude":57.627652,"currentOwner":{"name":"jösses...då","id":113416},"time":"2021-07-20T22:10:06+0000","type":"takeover","longitude":11.908333},{"zone":{"previousOwner":{"name":"NorCs","id":304945},"dateCreated":"2021-01-18T22:41:46+0000","dateLastTaken":"2021-07-20T22:10:05+0000","latitude":52.664141,"currentOwner":{"name":"SuburbanBirder","id":304809},"name":"TheWoodpecker","id":368875,"totalTakeovers":28,"region":{"area":{"name":"Norfolk","id":2678},"country":"gb","name":"East of England","id":204},"pointsPerHour":1,"longitude":1.185066,"takeoverPoints":185},"latitude":52.664141,"currentOwner":{"name":"SuburbanBirder","id":304809},"time":"2021-07-20T22:10:05+0000","type":"takeover","longitude":1.185066},{"zone":{"previousOwner":{"name":"Birykow","id":264072},"dateCreated":"2012-03-20T23:02:30+0000","dateLastTaken":"2021-07-20T22:09:54+0000","latitude":60.116344,"currentOwner":{"name":"Kennedy10","id":219798},"name":"Långnäs","id":7199,"totalTakeovers":1168,"region":{"area":{"name":"Lumparland","id":2178},"country":"fi","name":"Åland","id":177},"pointsPerHour":3,"longitude":20.297719,"takeoverPoints":155},"latitude":60.116344,"currentOwner":{"name":"Kennedy10","id":219798},"time":"2021-07-20T22:09:54+0000","type":"takeover","longitude":20.297719},{"zone":{"previousOwner":{"name":"MICKE456","id":306246},"dateCreated":"2014-02-28T10:58:13+0000","dateLastTaken":"2021-07-20T22:09:43+0000","latitude":59.491723,"currentOwner":{"name":"SUPERIOЯ","id":122085},"name":"Rydis","id":26175,"totalTakeovers":3426,"region":{"area":{"name":"Upplands-Bro kommun","id":1832},"country":"se","name":"Stockholm","id":141},"pointsPerHour":5,"longitude":17.74884,"takeoverPoints":125},"latitude":59.491723,"currentOwner":{"name":"SUPERIOЯ","id":122085},"time":"2021-07-20T22:09:43+0000","type":"takeover","longitude":17.74884},{"zone":{"previousOwner":{"name":"SunYour","id":7781},"dateLastTaken":"2021-07-20T22:09:38+0000","latitude":59.610912,"totalTakeovers":49701,"type":{"name":"Monument","id":21},"pointsPerHour":9,"takeoverPoints":65,"dateCreated":"2010-09-04T14:41:37+0000","currentOwner":{"name":"FlitigaTobbe","id":48872},"name":"Aseaströmmen","id":484,"region":{"area":{"name":"Västerås","id":1807},"country":"se","name":"Västmanland","id":143},"longitude":16.543263},"latitude":59.610912,"currentOwner":{"name":"FlitigaTobbe","id":48872},"time":"2021-07-20T22:09:38+0000","type":"takeover","longitude":16.543263},{"zone":{"previousOwner":{"name":"SHGustaf","id":234552},"dateCreated":"2016-09-12T20:08:23+0000","dateLastTaken":"2021-07-20T22:09:35+0000","latitude":67.11765,"currentOwner":{"name":"Sn0trik","id":301404},"name":"Repisvaara","id":84883,"totalTakeovers":452,"region":{"area":{"name":"Gällivare kommun","id":1801},"country":"se","name":"Norrbotten","id":126},"pointsPerHour":1,"longitude":20.659376,"takeoverPoints":185},"latitude":67.11765,"currentOwner":{"name":"Sn0trik","id":301404},"time":"2021-07-20T22:09:35+0000","type":"takeover","longitude":20.659376},{"zone":{"previousOwner":{"name":"Granbero","id":113364},"dateCreated":"2014-09-30T06:00:00+0000","dateLastTaken":"2021-07-20T22:09:34+0000","latitude":59.317581,"currentOwner":{"name":"iTurf","id":38915},"name":"Ansgariepark","id":37072,"totalTakeovers":9456,"region":{"area":{"name":"Stockholms kommun","id":1828},"country":"se","name":"Stockholm","id":141},"pointsPerHour":8,"longitude":18.04605,"takeoverPoints":80},"latitude":59.317581,"currentOwner":{"name":"iTurf","id":38915},"time":"2021-07-20T22:09:34+0000","type":"takeover","longitude":18.04605},{"zone":{"previousOwner":{"name":"Bath","id":57990},"dateCreated":"2016-10-16T16:30:00+0000","dateLastTaken":"2021-07-20T22:09:34+0000","latitude":58.411912,"currentOwner":{"name":"Fenrisulven","id":14493},"name":"Fågelviksled","id":90342,"totalTakeovers":4930,"region":{"area":{"name":"Tibro","id":1936},"country":"se","name":"Västra Götaland","id":132},"pointsPerHour":4,"longitude":14.171822,"takeoverPoints":140},"latitude":58.411912,"currentOwner":{"name":"Fenrisulven","id":14493},"time":"2021-07-20T22:09:34+0000","type":"takeover","longitude":14.171822},{"zone":{"previousOwner":{"name":"Marpii2004","id":265339},"dateLastTaken":"2021-07-20T22:09:25+0000","latitude":60.097093,"totalTakeovers":22693,"type":{"name":"Holy","id":9},"pointsPerHour":8,"takeoverPoints":80,"dateCreated":"2015-03-16T21:48:40+0000","currentOwner":{"name":"Corellian","id":264701},"name":"HolyCircle","id":46837,"region":{"area":{"name":"Mariehamn","id":2176},"country":"fi","name":"Åland","id":177},"longitude":19.934877},"latitude":60.097093,"currentOwner":{"name":"Corellian","id":264701},"time":"2021-07-20T22:09:25+0000","type":"takeover","longitude":19.934877},{"zone":{"previousOwner":{"name":"viðvarandi","id":110642},"dateLastTaken":"2021-07-20T22:09:22+0000","latitude":63.812351,"totalTakeovers":24851,"type":{"name":"Holy","id":9},"pointsPerHour":8,"takeoverPoints":80,"dateCreated":"2012-05-12T18:54:53+0000","currentOwner":{"name":"Bluethunder","id":198646},"name":"Cykelbron","id":8905,"region":{"area":{"name":"Umeå kommun","id":2064},"country":"se","name":"Västerbotten","id":127},"longitude":20.30504},"latitude":63.812351,"currentOwner":{"name":"Bluethunder","id":198646},"time":"2021-07-20T22:09:22+0000","type":"takeover","longitude":20.30504},{"zone":{"previousOwner":{"name":"TuonoV4","id":280997},"dateCreated":"2021-05-20T08:30:00+0000","dateLastTaken":"2021-07-20T22:09:16+0000","latitude":55.608998,"currentOwner":{"name":"TXL","id":62645},"name":"Bassängen","id":409168,"totalTakeovers":269,"region":{"area":{"name":"Malmö kommun","id":1898},"country":"se","name":"Skåne","id":135},"pointsPerHour":7,"longitude":12.991965,"takeoverPoints":95},"latitude":55.608998,"currentOwner":{"name":"TXL","id":62645},"time":"2021-07-20T22:09:16+0000","type":"takeover","longitude":12.991965},{"zone":{"previousOwner":{"name":"Perrac","id":50174},"dateCreated":"2015-03-30T17:00:00+0000","dateLastTaken":"2021-07-20T22:09:06+0000","latitude":59.626074,"currentOwner":{"name":"vinceswe","id":160393},"name":"Skålgropar","id":47654,"totalTakeovers":6841,"region":{"area":{"name":"Västerås","id":1807},"country":"se","name":"Västmanland","id":143},"pointsPerHour":7,"longitude":16.627509,"takeoverPoints":95},"latitude":59.626074,"currentOwner":{"name":"vinceswe","id":160393},"time":"2021-07-20T22:09:06+0000","type":"takeover","longitude":16.627509},{"zone":{"previousOwner":{"name":"speedfox","id":299927},"dateCreated":"2014-07-31T21:02:46+0000","dateLastTaken":"2021-07-20T22:09:00+0000","latitude":61.347074,"currentOwner":{"name":"Röste","id":107099},"name":"Bollångnäse","id":33172,"totalTakeovers":4840,"region":{"area":{"name":"Bollnäs kommun","id":2048},"country":"se","name":"Gävleborg","id":144},"pointsPerHour":5,"longitude":16.400445,"takeoverPoints":125},"latitude":61.347074,"currentOwner":{"name":"Röste","id":107099},"time":"2021-07-20T22:09:00+0000","type":"takeover","longitude":16.400445},{"zone":{"previousOwner":{"name":"Vortex","id":102337},"dateCreated":"2015-01-13T17:00:00+0000","dateLastTaken":"2021-07-20T22:08:49+0000","latitude":61.3648,"currentOwner":{"name":"speedfox","id":299927},"name":"BearBärRoad","id":43761,"totalTakeovers":824,"region":{"area":{"name":"Bollnäs kommun","id":2048},"country":"se","name":"Gävleborg","id":144},"pointsPerHour":2,"longitude":16.378351,"takeoverPoints":170},"latitude":61.3648,"currentOwner":{"name":"speedfox","id":299927},"time":"2021-07-20T22:08:49+0000","type":"takeover","longitude":16.378351},{"zone":{"previousOwner":{"name":"Cruachan","id":304571},"dateCreated":"2013-12-13T14:12:06+0000","dateLastTaken":"2021-07-20T22:08:48+0000","latitude":55.941265,"currentOwner":{"name":"Cruachan","id":304571},"name":"Newhailes","id":23818,"totalTakeovers":387,"region":{"area":{"name":"East Lothian","id":2786},"country":"gb","name":"Scotland","id":200},"pointsPerHour":4,"longitude":-3.068921,"takeoverPoints":140},"latitude":55.941265,"currentOwner":{"name":"Cruachan","id":304571},"time":"2021-07-20T22:08:48+0000","type":"takeover","longitude":-3.068921},{"zone":{"previousOwner":{"name":"CarinC1","id":211460},"dateCreated":"2014-09-28T06:00:00+0000","dateLastTaken":"2021-07-20T22:08:42+0000","latitude":59.368204,"currentOwner":{"name":"MosesBrown","id":335510},"name":"LiljeörnsNatt","id":36445,"totalTakeovers":4428,"region":{"area":{"name":"Stockholms kommun","id":1828},"country":"se","name":"Stockholm","id":141},"pointsPerHour":6,"longitude":17.85361,"takeoverPoints":110},"latitude":59.368204,"currentOwner":{"name":"MosesBrown","id":335510},"time":"2021-07-20T22:08:42+0000","type":"takeover","longitude":17.85361},{"zone":{"previousOwner":{"name":"Marpii2004","id":265339},"dateLastTaken":"2021-07-20T22:08:30+0000","latitude":60.095186,"totalTakeovers":5177,"type":{"name":"Winner Zone","id":6},"pointsPerHour":7,"takeoverPoints":95,"dateCreated":"2019-04-09T14:00:00+0000","currentOwner":{"name":"Corellian","id":264701},"name":"MH4PowerZone","id":182610,"region":{"area":{"name":"Mariehamn","id":2176},"country":"fi","name":"Åland","id":177},"longitude":19.935227},"latitude":60.095186,"currentOwner":{"name":"Corellian","id":264701},"time":"2021-07-20T22:08:30+0000","type":"takeover","longitude":19.935227},{"zone":{"previousOwner":{"name":"SunYour","id":7781},"dateCreated":"2011-07-27T18:29:24+0000","dateLastTaken":"2021-07-20T22:08:18+0000","latitude":59.608593,"currentOwner":{"name":"FlitigaTobbe","id":48872},"name":"MiddlePark","id":2246,"totalTakeovers":41010,"region":{"area":{"name":"Västerås","id":1807},"country":"se","name":"Västmanland","id":143},"pointsPerHour":9,"longitude":16.544816,"takeoverPoints":65},"latitude":59.608593,"currentOwner":{"name":"FlitigaTobbe","id":48872},"time":"2021-07-20T22:08:18+0000","type":"takeover","longitude":16.544816},{"zone":{"previousOwner":{"name":"MrSnyten","id":271110},"dateCreated":"2014-06-20T07:15:48+0000","dateLastTaken":"2021-07-20T22:08:18+0000","latitude":59.621274,"currentOwner":{"name":"turff","id":198157},"name":"Åmänningen","id":31790,"totalTakeovers":10419,"region":{"area":{"name":"Västerås","id":1807},"country":"se","name":"Västmanland","id":143},"pointsPerHour":8,"longitude":16.480087,"takeoverPoints":80},"latitude":59.621274,"currentOwner":{"name":"turff","id":198157},"time":"2021-07-20T22:08:18+0000","type":"takeover","longitude":16.480087},{"zone":{"previousOwner":{"name":"AnnSch","id":77198},"dateLastTaken":"2021-07-20T22:08:10+0000","latitude":59.239964,"totalTakeovers":9522,"type":{"name":"Winner Zone","id":6},"pointsPerHour":7,"takeoverPoints":95,"dateCreated":"2011-05-26T09:16:25+0000","currentOwner":{"name":"Vintercykel","id":326113},"name":"RailField","id":1705,"region":{"area":{"name":"Huddinge kommun","id":1830},"country":"se","name":"Stockholm","id":141},"longitude":17.986792},"latitude":59.239964,"currentOwner":{"name":"Vintercykel","id":326113},"time":"2021-07-20T22:08:10+0000","type":"takeover","longitude":17.986792},{"zone":{"previousOwner":{"name":"larryz","id":24240},"dateCreated":"2013-12-01T12:54:06+0000","dateLastTaken":"2021-07-20T22:08:07+0000","latitude":59.315116,"currentOwner":{"name":"Krussidullen","id":74555},"name":"Kvarnbryggan","id":22742,"totalTakeovers":2798,"region":{"area":{"name":"Nacka kommun","id":1829},"country":"se","name":"Stockholm","id":141},"pointsPerHour":4,"longitude":18.110343,"takeoverPoints":140},"assists":[{"name":"Queeniepie","id":322797}],"latitude":59.315116,"currentOwner":{"name":"Krussidullen","id":74555},"time":"2021-07-20T22:08:07+0000","type":"takeover","longitude":18.110343},{"zone":{"previousOwner":{"name":"Stålblå","id":300091},"dateCreated":"2017-09-13T15:46:27+0000","dateLastTaken":"2021-07-20T22:08:01+0000","latitude":59.37932,"currentOwner":{"name":"0beroff","id":80119},"name":"KrausTorg","id":123789,"totalTakeovers":6235,"region":{"area":{"name":"Solna kommun","id":1845},"country":"se","name":"Stockholm","id":141},"pointsPerHour":8,"longitude":18.03805,"takeoverPoints":80},"latitude":59.37932,"currentOwner":{"name":"0beroff","id":80119},"time":"2021-07-20T22:08:01+0000","type":"takeover","longitude":18.03805},{"zone":{"previousOwner":{"name":"sus","id":19241},"dateCreated":"2015-04-24T19:41:11+0000","dateLastTaken":"2021-07-20T22:07:54+0000","latitude":56.782158,"currentOwner":{"name":"siamosaurus","id":144347},"name":"Hyllsjön","id":50164,"totalTakeovers":522,"region":{"area":{"name":"Lessebo kommun","id":2001},"country":"se","name":"Kronoberg","id":147},"pointsPerHour":1,"longitude":15.229928,"takeoverPoints":185},"latitude":56.782158,"currentOwner":{"name":"siamosaurus","id":144347},"time":"2021-07-20T22:07:54+0000","type":"takeover","longitude":15.229928},{"zone":{"previousOwner":{"name":"TuonoV4","id":280997},"dateCreated":"2015-10-20T19:10:22+0000","dateLastTaken":"2021-07-20T22:07:44+0000","latitude":55.609269,"currentOwner":{"name":"TXL","id":62645},"name":"AnnaLindhZon","id":60477,"totalTakeovers":9838,"region":{"area":{"name":"Malmö kommun","id":1898},"country":"se","name":"Skåne","id":135},"pointsPerHour":7,"longitude":12.996876,"takeoverPoints":95},"latitude":55.609269,"currentOwner":{"name":"TXL","id":62645},"time":"2021-07-20T22:07:44+0000","type":"takeover","longitude":12.996876},{"zone":{"previousOwner":{"name":"MICKE456","id":306246},"dateCreated":"2014-04-27T20:27:14+0000","dateLastTaken":"2021-07-20T22:07:42+0000","latitude":59.489843,"currentOwner":{"name":"SUPERIOЯ","id":122085},"name":"Touchdown","id":28621,"totalTakeovers":2511,"region":{"area":{"name":"Upplands-Bro kommun","id":1832},"country":"se","name":"Stockholm","id":141},"pointsPerHour":4,"longitude":17.743169,"takeoverPoints":140},"latitude":59.489843,"currentOwner":{"name":"SUPERIOЯ","id":122085},"time":"2021-07-20T22:07:42+0000","type":"takeover","longitude":17.743169},{"zone":{"previousOwner":{"name":"Fashven","id":297782},"dateCreated":"2020-08-30T08:00:00+0000","dateLastTaken":"2021-07-20T22:07:40+0000","latitude":55.780675,"currentOwner":{"name":"Finnerswinners","id":303063},"name":"BrockPath","id":323033,"totalTakeovers":23,"region":{"area":{"name":"East Renfrewshire","id":2800},"country":"gb","name":"Scotland","id":200},"pointsPerHour":1,"longitude":-4.367581,"takeoverPoints":185},"latitude":55.780675,"currentOwner":{"name":"Finnerswinners","id":303063},"time":"2021-07-20T22:07:40+0000","type":"takeover","longitude":-4.367581},{"zone":{"previousOwner":{"name":"NORamw","id":307712},"dateCreated":"2021-01-18T22:40:35+0000","dateLastTaken":"2021-07-20T22:07:35+0000","latitude":52.663527,"currentOwner":{"name":"SuburbanBirder","id":304809},"name":"CoronaCh","id":368874,"totalTakeovers":27,"region":{"area":{"name":"Norfolk","id":2678},"country":"gb","name":"East of England","id":204},"pointsPerHour":1,"longitude":1.180712,"takeoverPoints":185},"latitude":52.663527,"currentOwner":{"name":"SuburbanBirder","id":304809},"time":"2021-07-20T22:07:35+0000","type":"takeover","longitude":1.180712},{"zone":{"previousOwner":{"name":"Marpii2004","id":265339},"dateCreated":"2020-12-13T10:00:00+0000","dateLastTaken":"2021-07-20T22:07:31+0000","latitude":60.095367,"currentOwner":{"name":"Corellian","id":264701},"name":"ChessSquare","id":353124,"totalTakeovers":1089,"region":{"area":{"name":"Mariehamn","id":2176},"country":"fi","name":"Åland","id":177},"pointsPerHour":7,"longitude":19.938046,"takeoverPoints":95},"latitude":60.095367,"currentOwner":{"name":"Corellian","id":264701},"time":"2021-07-20T22:07:31+0000","type":"takeover","longitude":19.938046},{"zone":{"previousOwner":{"name":"Perrac","id":50174},"dateCreated":"2012-04-01T14:25:49+0000","dateLastTaken":"2021-07-20T22:07:30+0000","latitude":59.625241,"currentOwner":{"name":"vinceswe","id":160393},"name":"StoneageZone","id":7760,"totalTakeovers":17319,"region":{"area":{"name":"Västerås","id":1807},"country":"se","name":"Västmanland","id":143},"pointsPerHour":8,"longitude":16.621777,"takeoverPoints":80},"latitude":59.625241,"currentOwner":{"name":"vinceswe","id":160393},"time":"2021-07-20T22:07:30+0000","type":"takeover","longitude":16.621777},{"zone":{"previousOwner":{"name":"Tdgc52","id":227396},"dateCreated":"2014-04-10T16:00:00+0000","dateLastTaken":"2021-07-20T22:07:14+0000","latitude":57.628784,"currentOwner":{"name":"jösses...då","id":113416},"name":"ÅkeredKulör","id":28014,"totalTakeovers":2806,"region":{"area":{"name":"Göteborgs kommun","id":1885},"country":"se","name":"Västra Götaland","id":132},"pointsPerHour":3,"longitude":11.898437,"takeoverPoints":155},"latitude":57.628784,"currentOwner":{"name":"jösses...då","id":113416},"time":"2021-07-20T22:07:14+0000","type":"takeover","longitude":11.898437},{"zone":{"previousOwner":{"name":"boki","id":208220},"dateLastTaken":"2021-07-20T22:07:11+0000","latitude":59.606536,"totalTakeovers":25198,"type":{"name":"Castle/Fort","id":14},"pointsPerHour":9,"takeoverPoints":65,"dateCreated":"2013-06-06T06:00:00+0000","currentOwner":{"name":"FlitigaTobbe","id":48872},"name":"WestCastle","id":18677,"region":{"area":{"name":"Västerås","id":1807},"country":"se","name":"Västmanland","id":143},"longitude":16.544855},"latitude":59.606536,"currentOwner":{"name":"FlitigaTobbe","id":48872},"time":"2021-07-20T22:07:11+0000","type":"takeover","longitude":16.544855},{"zone":{"previousOwner":{"name":"Sidue","id":138202},"dateCreated":"2013-12-31T23:59:50+0000","dateLastTaken":"2021-07-20T22:07:03+0000","latitude":59.318,"currentOwner":{"name":"iTurf","id":38915},"name":"Varvlunda","id":24568,"totalTakeovers":9389,"region":{"area":{"name":"Stockholms kommun","id":1828},"country":"se","name":"Stockholm","id":141},"pointsPerHour":7,"longitude":18.040437,"takeoverPoints":95},"latitude":59.318,"currentOwner":{"name":"iTurf","id":38915},"time":"2021-07-20T22:07:03+0000","type":"takeover","longitude":18.040437},{"zone":{"previousOwner":{"name":"speedfox","id":299927},"dateCreated":"2012-04-01T09:50:00+0000","dateLastTaken":"2021-07-20T22:06:58+0000","latitude":61.345282,"currentOwner":{"name":"Röste","id":107099},"name":"LongNose","id":7612,"totalTakeovers":4817,"region":{"area":{"name":"Bollnäs kommun","id":2048},"country":"se","name":"Gävleborg","id":144},"pointsPerHour":4,"longitude":16.402451,"takeoverPoints":140},"latitude":61.345282,"currentOwner":{"name":"Röste","id":107099},"time":"2021-07-20T22:06:58+0000","type":"takeover","longitude":16.402451},{"zone":{"previousOwner":{"name":"nuttmar","id":93971},"dateCreated":"2019-09-02T06:03:11+0000","dateLastTaken":"2021-07-20T22:06:53+0000","latitude":61.364559,"currentOwner":{"name":"speedfox","id":299927},"name":"TjäraNån","id":207276,"totalTakeovers":501,"region":{"area":{"name":"Bollnäs kommun","id":2048},"country":"se","name":"Gävleborg","id":144},"pointsPerHour":3,"longitude":16.384098,"takeoverPoints":155},"latitude":61.364559,"currentOwner":{"name":"speedfox","id":299927},"time":"2021-07-20T22:06:53+0000","type":"takeover","longitude":16.384098},{"zone":{"previousOwner":{"name":"TuonoV4","id":280997},"dateCreated":"2017-09-30T08:30:00+0000","dateLastTaken":"2021-07-20T22:06:40+0000","latitude":55.610796,"currentOwner":{"name":"TXL","id":62645},"name":"Orkanbibblan","id":131901,"totalTakeovers":3961,"region":{"area":{"name":"Malmö kommun","id":1898},"country":"se","name":"Skåne","id":135},"pointsPerHour":7,"longitude":12.994949,"takeoverPoints":95},"latitude":55.610796,"currentOwner":{"name":"TXL","id":62645},"time":"2021-07-20T22:06:40+0000","type":"takeover","longitude":12.994949},{"zone":{"previousOwner":{"name":"ESOCJanet","id":280592},"dateCreated":"2013-06-15T08:00:00+0000","dateLastTaken":"2021-07-20T22:06:40+0000","latitude":55.941509,"currentOwner":{"name":"ESOC-Q","id":300851},"name":"MeadowWalk","id":14573,"totalTakeovers":1657,"region":{"area":{"name":"City of Edinburgh","id":2780},"country":"gb","name":"Scotland","id":200},"pointsPerHour":6,"longitude":-3.187937,"takeoverPoints":110},"latitude":55.941509,"currentOwner":{"name":"ESOC-Q","id":300851},"time":"2021-07-20T22:06:40+0000","type":"takeover","longitude":-3.187937}]