[{"zone":{"previousOwner":{"name":"Smile","id":69951},"dateCreated":"2010-09-04T14:41:37+0000","dateLastTaken":"2021-07-20T05:30:03+0000","latitude":59.299496,"currentOwner":{"name":"yxa","id":16674},"name":"Boglund","id":745,"totalTakeovers":5697,"region":{"area":{"name":"Örebro kommun","id":1819},"country":"se","name":"Örebro","id":131},"pointsPerHour":5,"longitude":15.201501,"takeoverPoints":125},"latitude":59.299496,"currentOwner":{"name":"yxa","id":16674},"time":"2021-07-20T05:30:03+0000","type":"takeover","longitude":15.201501},{"zone":{"previousOwner":{"name":"Enten","id":300047},"dateCreated":"2017-04-01T19:30:00+0000","dateLastTaken":"2021-07-20T05:30:02+0000","latitude":59.608121,"currentOwner":{"name":"trucken","id":22692},"name":"Polstjärna","id":97296,"totalTakeovers":8618,"region":{"area":{"name":"Västerås","id":1807},"country":"se","name":"Västmanland","id":143},"pointsPerHour":8,"longitude":16.51316,"takeoverPoints":80},"latitude":59.608121,"currentOwner":{"name":"trucken","id":22692},"time":"2021-07-20T05:30:02+0000","type":"takeover","longitude":16.51316},{"zone":{"previousOwner":{"name":"PFOWitch","id":297475},"dateCreated":"2021-01-28T14:44:08+0000","dateLastTaken":"2021-07-20T05:30:01+0000","latitude":53.687409,"currentOwner":{"name":"Mando","id":311237},"name":"RossyGolf","id":374082,"totalTakeovers":47,"region":{"area":{"name":"Lancashire","id":2805},"country":"gb","name":"North West England","id":201},"pointsPerHour":2,"longitude":-2.314668,"takeoverPoints":170},"latitude":53.687409,"currentOwner":{"name":"Mando","id":311237},"time":"2021-07-20T05:30:01+0000","type":"takeover","longitude":-2.314668},{"zone":{"previousOwner":{"name":"Stålblå","id":300091},"dateCreated":"2014-05-29T23:34:54+0000","dateLastTaken":"2021-07-20T05:30:00+0000","latitude":59.384148,"currentOwner":{"name":"NitaG","id":313528},"name":"SträngaTornet","id":30822,"totalTakeovers":576,"region":{"area":{"name":"Strängnäs kommun","id":1850},"country":"se","name":"Södermanland","id":140},"pointsPerHour":1,"longitude":17.049315,"takeoverPoints":185},"latitude":59.384148,"currentOwner":{"name":"NitaG","id":313528},"time":"2021-07-20T05:30:00+0000","type":"takeover","longitude":17.049315},{"zone":{"previousOwner":{"name":"pemel","id":165631},"dateCreated":"2019-04-30T17:19:19+0000","dateLastTaken":"2021-07-20T05:29:59+0000","latitude":59.8962,"currentOwner":{"name":"Munin","id":62408},"name":"Walpurgis","id":189855,"totalTakeovers":2185,"region":{"area":{"name":"Uppsala kommun","id":1977},"country":"se","name":"Uppsala","id":142},"pointsPerHour":7,"longitude":17.627905,"takeoverPoints":95},"latitude":59.8962,"currentOwner":{"name":"Munin","id":62408},"time":"2021-07-20T05:29:59+0000","type":"takeover","longitude":17.627905},{"zone":{"previousOwner":{"name":"solidsnail","id":324576},"dateCreated":"2013-12-28T22:00:00+0000","dateLastTaken":"2021-07-20T05:29:56+0000","latitude":59.319875,"currentOwner":{"name":"immi","id":193940},"name":"Skrantabacken","id":24504,"totalTakeovers":12555,"region":{"area":{"name":"Karlskoga kommun","id":1818},"country":"se","name":"Örebro","id":131},"pointsPerHour":7,"longitude":14.504659,"takeoverPoints":95},"latitude":59.319875,"currentOwner":{"name":"immi","id":193940},"time":"2021-07-20T05:29:56+0000","type":"takeover","longitude":14.504659},{"zone":{"previousOwner":{"name":"hkburre","id":253553},"dateCreated":"2015-03-07T00:41:03+0000","dateLastTaken":"2021-07-20T05:29:54+0000","latitude":58.676504,"currentOwner":{"name":"kustbolotta","id":212644},"name":"Seedbed","id":46341,"totalTakeovers":5792,"region":{"area":{"name":"Oxelösunds kommun","id":1849},"country":"se","name":"Södermanland","id":140},"pointsPerHour":5,"longitude":17.088898,"takeoverPoints":125},"latitude":58.676504,"currentOwner":{"name":"kustbolotta","id":212644},"time":"2021-07-20T05:29:54+0000","type":"takeover","longitude":17.088898},{"zone":{"previousOwner":{"name":"Nattuggla","id":165442},"dateLastTaken":"2021-07-20T05:29:52+0000","latitude":59.925184,"totalTakeovers":13304,"type":{"name":"Train Station","id":13},"pointsPerHour":7,"takeoverPoints":95,"dateCreated":"2011-01-07T10:05:01+0000","currentOwner":{"name":"marypoppins","id":48730},"name":"SalaStation","id":1283,"region":{"area":{"name":"Sala kommun","id":1809},"country":"se","name":"Västmanland","id":143},"longitude":16.60618},"latitude":59.925184,"currentOwner":{"name":"marypoppins","id":48730},"time":"2021-07-20T05:29:52+0000","type":"takeover","longitude":16.60618},{"zone":{"previousOwner":{"name":"Sledge","id":241272},"dateCreated":"2015-09-18T13:00:00+0000","dateLastTaken":"2021-07-20T05:29:52+0000","latitude":64.751458,"currentOwner":{"name":"stefanx46","id":36563},"name":"Ljushuvud","id":57981,"totalTakeovers":10796,"region":{"area":{"name":"Skellefteå kommun","id":2065},"country":"se","name":"Västerbotten","id":127},"pointsPerHour":7,"longitude":20.961752,"takeoverPoints":95},"latitude":64.751458,"currentOwner":{"name":"stefanx46","id":36563},"time":"2021-07-20T05:29:52+0000","type":"takeover","longitude":20.961752},{"zone":{"previousOwner":{"name":"Eskimonika","id":41336},"dateCreated":"2013-12-04T15:55:03+0000","dateLastTaken":"2021-07-20T05:29:47+0000","latitude":59.277816,"currentOwner":{"name":"stieri","id":195559},"name":"Duvstigen","id":23631,"totalTakeovers":6096,"region":{"area":{"name":"Örebro kommun","id":1819},"country":"se","name":"Örebro","id":131},"pointsPerHour":5,"longitude":15.157487,"takeoverPoints":125},"latitude":59.277816,"currentOwner":{"name":"stieri","id":195559},"time":"2021-07-20T05:29:47+0000","type":"takeover","longitude":15.157487},{"zone":{"previousOwner":{"name":"Bigbang","id":106128},"dateCreated":"2016-12-24T06:00:00+0000","dateLastTaken":"2021-07-20T05:29:46+0000","latitude":60.490532,"currentOwner":{"name":"Birgitsdottir","id":316414},"name":"FieldOfCore","id":92013,"totalTakeovers":2250,"region":{"area":{"name":"Borlänge kommun","id":1871},"country":"se","name":"Dalarna","id":129},"pointsPerHour":5,"longitude":15.403463,"takeoverPoints":125},"latitude":60.490532,"currentOwner":{"name":"Birgitsdottir","id":316414},"time":"2021-07-20T05:29:46+0000","type":"takeover","longitude":15.403463},{"zone":{"previousOwner":{"name":"Pilgrim","id":60557},"dateCreated":"2019-05-30T20:38:44+0000","dateLastTaken":"2021-07-20T05:29:45+0000","latitude":57.837579,"currentOwner":{"name":"drzurban","id":98044},"name":"LillaStycket","id":200204,"totalTakeovers":70,"region":{"area":{"name":"Lerums kommun","id":3046},"country":"se","name":"Västra Götaland","id":132},"pointsPerHour":1,"longitude":12.279888,"takeoverPoints":185},"latitude":57.837579,"currentOwner":{"name":"drzurban","id":98044},"time":"2021-07-20T05:29:45+0000","type":"takeover","longitude":12.279888},{"zone":{"previousOwner":{"name":"Grack","id":7893},"dateCreated":"2012-03-19T20:05:53+0000","dateLastTaken":"2021-07-20T05:29:41+0000","latitude":63.821193,"currentOwner":{"name":"Jaktfalk","id":20160},"name":"IKSUField","id":6995,"totalTakeovers":16114,"region":{"area":{"name":"Umeå kommun","id":2064},"country":"se","name":"Västerbotten","id":127},"pointsPerHour":8,"longitude":20.318954,"takeoverPoints":80},"latitude":63.821193,"currentOwner":{"name":"Jaktfalk","id":20160},"time":"2021-07-20T05:29:41+0000","type":"takeover","longitude":20.318954},{"zone":{"previousOwner":{"name":"Pekka74","id":330394},"dateLastTaken":"2021-07-20T05:29:36+0000","latitude":59.366746,"totalTakeovers":14448,"type":{"name":"Bridge","id":8},"pointsPerHour":8,"takeoverPoints":80,"dateCreated":"2010-11-08T19:46:15+0000","currentOwner":{"name":"takamine","id":281213},"name":"RudeBridge","id":1058,"region":{"area":{"name":"Eskilstuna kommun","id":1848},"country":"se","name":"Södermanland","id":140},"longitude":16.517089},"latitude":59.366746,"currentOwner":{"name":"takamine","id":281213},"time":"2021-07-20T05:29:36+0000","type":"takeover","longitude":16.517089},{"zone":{"previousOwner":{"name":"Gasoltub","id":146175},"dateCreated":"2015-05-25T20:10:00+0000","dateLastTaken":"2021-07-20T05:29:35+0000","latitude":59.870012,"currentOwner":{"name":"fotominne","id":273615},"name":"AmfiConcert","id":53088,"totalTakeovers":7323,"region":{"area":{"name":"Uppsala kommun","id":1977},"country":"se","name":"Uppsala","id":142},"pointsPerHour":7,"longitude":17.674777,"takeoverPoints":95},"latitude":59.870012,"currentOwner":{"name":"fotominne","id":273615},"time":"2021-07-20T05:29:35+0000","type":"takeover","longitude":17.674777},{"zone":{"previousOwner":{"name":"toticci","id":120348},"dateCreated":"2015-12-24T11:00:00+0000","dateLastTaken":"2021-07-20T05:29:34+0000","latitude":58.037266,"currentOwner":{"name":"peter70sko","id":54081},"name":"Tingsdammen","id":62309,"totalTakeovers":1034,"region":{"area":{"name":"Tranås kommun","id":2006},"country":"se","name":"Jönköping","id":133},"pointsPerHour":1,"longitude":14.983164,"takeoverPoints":185},"latitude":58.037266,"currentOwner":{"name":"peter70sko","id":54081},"time":"2021-07-20T05:29:34+0000","type":"takeover","longitude":14.983164},{"zone":{"previousOwner":{"name":"B4RK","id":312893},"dateCreated":"2015-01-09T19:30:00+0000","dateLastTaken":"2021-07-20T05:29:33+0000","latitude":59.38448,"currentOwner":{"name":"tynnered","id":105908},"name":"Ljudlöst","id":43650,"totalTakeovers":12099,"region":{"area":{"name":"Karlstads kommun","id":1827},"country":"se","name":"Värmland","id":130},"pointsPerHour":7,"longitude":13.493646,"takeoverPoints":95},"latitude":59.38448,"currentOwner":{"name":"tynnered","id":105908},"time":"2021-07-20T05:29:33+0000","type":"takeover","longitude":13.493646},{"zone":{"previousOwner":{"name":"jeep43","id":62564},"dateCreated":"2012-07-14T11:00:00+0000","dateLastTaken":"2021-07-20T05:29:24+0000","latitude":59.614646,"currentOwner":{"name":"P.O.E.","id":47316},"name":"ClerkCroft","id":9682,"totalTakeovers":19791,"region":{"area":{"name":"Västerås","id":1807},"country":"se","name":"Västmanland","id":143},"pointsPerHour":8,"longitude":16.5796,"takeoverPoints":80},"latitude":59.614646,"currentOwner":{"name":"P.O.E.","id":47316},"time":"2021-07-20T05:29:24+0000","type":"takeover","longitude":16.5796},{"zone":{"previousOwner":{"name":"Madizon","id":52958},"dateCreated":"2015-10-12T08:41:05+0000","dateLastTaken":"2021-07-20T05:29:23+0000","latitude":57.779915,"currentOwner":{"name":"Gammelsmurf","id":44307},"name":"VilkenOrt","id":60218,"totalTakeovers":6708,"region":{"area":{"name":"Västerviks kommun","id":2022},"country":"se","name":"Kalmar","id":137},"pointsPerHour":6,"longitude":16.59661,"takeoverPoints":110},"latitude":57.779915,"currentOwner":{"name":"Gammelsmurf","id":44307},"time":"2021-07-20T05:29:23+0000","type":"takeover","longitude":16.59661},{"zone":{"previousOwner":{"name":"Sjoa","id":139391},"dateCreated":"2012-05-23T21:25:48+0000","dateLastTaken":"2021-07-20T05:29:17+0000","latitude":59.850664,"currentOwner":{"name":"Kaktus-Mats","id":61706},"name":"DinoZone","id":9300,"totalTakeovers":25491,"region":{"area":{"name":"Uppsala kommun","id":1977},"country":"se","name":"Uppsala","id":142},"pointsPerHour":8,"longitude":17.626099,"takeoverPoints":80},"latitude":59.850664,"currentOwner":{"name":"Kaktus-Mats","id":61706},"time":"2021-07-20T05:29:17+0000","type":"takeover","longitude":17.626099},{"zone":{"previousOwner":{"name":"Tålamodet","id":188982},"dateCreated":"2012-12-24T11:00:00+0000","dateLastTaken":"2021-07-20T05:29:15+0000","latitude":59.458306,"currentOwner":{"name":"Roger60","id":183939},"name":"Norrvikståget","id":12425,"totalTakeovers":10265,"region":{"area":{"name":"Sollentuna kommun","id":1840},"country":"se","name":"Stockholm","id":141},"pointsPerHour":7,"longitude":17.924458,"takeoverPoints":95},"latitude":59.458306,"currentOwner":{"name":"Roger60","id":183939},"time":"2021-07-20T05:29:15+0000","type":"takeover","longitude":17.924458},{"zone":{"previousOwner":{"name":"Ivern","id":42929},"dateCreated":"2016-03-23T21:00:00+0000","dateLastTaken":"2021-07-20T05:29:08+0000","latitude":63.822403,"currentOwner":{"name":"67milla","id":73107},"name":"Umeå500","id":64697,"totalTakeovers":20943,"region":{"area":{"name":"Umeå kommun","id":2064},"country":"se","name":"Västerbotten","id":127},"pointsPerHour":9,"longitude":20.28544,"takeoverPoints":65},"assists":[{"name":"Frida59","id":58802}],"latitude":63.822403,"currentOwner":{"name":"67milla","id":73107},"time":"2021-07-20T05:29:08+0000","type":"takeover","longitude":20.28544},{"zone":{"previousOwner":{"name":"tramway","id":260933},"dateLastTaken":"2021-07-20T05:29:07+0000","latitude":60.560321,"totalTakeovers":902,"type":{"name":"Monument","id":21},"pointsPerHour":2,"takeoverPoints":170,"dateCreated":"2013-01-05T22:28:18+0000","currentOwner":{"name":"Tosan","id":122350},"name":"Munkklippan","id":12538,"region":{"area":{"name":"Älvkarleby kommun","id":1988},"country":"se","name":"Uppsala","id":142},"longitude":17.440876},"latitude":60.560321,"currentOwner":{"name":"Tosan","id":122350},"time":"2021-07-20T05:29:07+0000","type":"takeover","longitude":17.440876},{"zone":{"previousOwner":{"name":"airwolf","id":153838},"dateLastTaken":"2021-07-20T05:29:06+0000","latitude":59.404761,"totalTakeovers":7331,"type":{"name":"Train Station","id":13},"pointsPerHour":7,"takeoverPoints":95,"dateCreated":"2017-11-15T11:15:59+0000","currentOwner":{"name":"gå-for-it","id":48607},"name":"Barkarby","id":138045,"region":{"area":{"name":"Järfälla kommun","id":1835},"country":"se","name":"Stockholm","id":141},"longitude":17.865533},"latitude":59.404761,"currentOwner":{"name":"gå-for-it","id":48607},"time":"2021-07-20T05:29:06+0000","type":"takeover","longitude":17.865533},{"zone":{"previousOwner":{"name":"RobinS","id":23204},"dateCreated":"2015-04-30T06:00:00+0000","dateLastTaken":"2021-07-20T05:29:05+0000","latitude":59.39439,"currentOwner":{"name":"karmor","id":232514},"name":"LignellsZone","id":44734,"totalTakeovers":4940,"region":{"area":{"name":"Karlstads kommun","id":1827},"country":"se","name":"Värmland","id":130},"pointsPerHour":6,"longitude":13.512403,"takeoverPoints":110},"latitude":59.39439,"currentOwner":{"name":"karmor","id":232514},"time":"2021-07-20T05:29:05+0000","type":"takeover","longitude":13.512403},{"zone":{"previousOwner":{"name":"pemel","id":165631},"dateLastTaken":"2021-07-20T05:29:03+0000","latitude":59.898149,"totalTakeovers":5577,"type":{"name":"Ruins/Ancient Remains","id":16},"pointsPerHour":7,"takeoverPoints":95,"dateCreated":"2010-09-04T14:41:37+0000","currentOwner":{"name":"Munin","id":62408},"name":"Kungshögarna","id":499,"region":{"area":{"name":"Uppsala kommun","id":1977},"country":"se","name":"Uppsala","id":142},"longitude":17.62895},"latitude":59.898149,"currentOwner":{"name":"Munin","id":62408},"time":"2021-07-20T05:29:03+0000","type":"takeover","longitude":17.62895},{"zone":{"previousOwner":{"name":"recycling","id":79989},"dateLastTaken":"2021-07-20T05:29:02+0000","latitude":58.424926,"totalTakeovers":711,"type":{"name":"Winner Zone","id":6},"pointsPerHour":5,"takeoverPoints":125,"dateCreated":"2020-10-16T16:20:00+0000","currentOwner":{"name":"hookturf","id":73461},"name":"Retorning","id":346493,"region":{"area":{"name":"Linköpings kommun","id":1852},"country":"se","name":"Östergötland","id":139},"longitude":15.614804},"latitude":58.424926,"currentOwner":{"name":"hookturf","id":73461},"time":"2021-07-20T05:29:02+0000","type":"takeover","longitude":15.614804},{"zone":{"previousOwner":{"name":"MajOxe","id":47701},"dateCreated":"2017-06-24T19:48:46+0000","dateLastTaken":"2021-07-20T05:28:58+0000","latitude":56.883204,"currentOwner":{"name":"Apollon","id":39602},"name":"HejaPå","id":114850,"totalTakeovers":1415,"region":{"area":{"name":"Växjö kommun","id":1995},"country":"se","name":"Kronoberg","id":147},"pointsPerHour":3,"longitude":14.778947,"takeoverPoints":155},"assists":[{"name":"Eli","id":35495}],"latitude":56.883204,"currentOwner":{"name":"Apollon","id":39602},"time":"2021-07-20T05:28:58+0000","type":"takeover","longitude":14.778947},{"zone":{"previousOwner":{"name":"sorensan","id":25980},"dateCreated":"2010-09-12T11:50:41+0000","dateLastTaken":"2021-07-20T05:28:50+0000","latitude":59.860816,"currentOwner":{"name":"Calmare1","id":77612},"name":"TychoHedén","id":860,"totalTakeovers":16372,"region":{"area":{"name":"Uppsala kommun","id":1977},"country":"se","name":"Uppsala","id":142},"pointsPerHour":8,"longitude":17.673,"takeoverPoints":80},"latitude":59.860816,"currentOwner":{"name":"Calmare1","id":77612},"time":"2021-07-20T05:28:50+0000","type":"takeover","longitude":17.673},{"zone":{"previousOwner":{"name":"Aicar","id":74956},"dateCreated":"2018-06-08T17:00:00+0000","dateLastTaken":"2021-07-20T05:28:50+0000","latitude":60.100304,"currentOwner":{"name":"Choko","id":229364},"name":"MTBStone","id":152982,"totalTakeovers":1247,"region":{"area":{"name":"Jomala","id":2177},"country":"fi","name":"Åland","id":177},"pointsPerHour":4,"longitude":19.916667,"takeoverPoints":140},"latitude":60.100304,"currentOwner":{"name":"Choko","id":229364},"time":"2021-07-20T05:28:50+0000","type":"takeover","longitude":19.916667},{"zone":{"previousOwner":{"name":"kepsen","id":51326},"dateLastTaken":"2021-07-20T05:28:47+0000","latitude":59.629521,"totalTakeovers":6208,"type":{"name":"Holy","id":9},"pointsPerHour":7,"takeoverPoints":95,"dateCreated":"2015-03-14T06:00:00+0000","currentOwner":{"name":"Ferna","id":55488},"name":"BigCross","id":44993,"region":{"area":{"name":"Västerås","id":1807},"country":"se","name":"Västmanland","id":143},"longitude":16.515104},"latitude":59.629521,"currentOwner":{"name":"Ferna","id":55488},"time":"2021-07-20T05:28:47+0000","type":"takeover","longitude":16.515104},{"zone":{"previousOwner":{"name":"PerreW","id":26629},"dateCreated":"2017-11-16T11:25:18+0000","dateLastTaken":"2021-07-20T05:28:40+0000","latitude":59.351027,"currentOwner":{"name":"Marulken","id":254269},"name":"SpanaBrospann","id":138149,"totalTakeovers":4781,"region":{"area":{"name":"Solna kommun","id":1845},"country":"se","name":"Stockholm","id":141},"pointsPerHour":7,"longitude":17.973201,"takeoverPoints":95},"latitude":59.351027,"currentOwner":{"name":"Marulken","id":254269},"time":"2021-07-20T05:28:40+0000","type":"takeover","longitude":17.973201},{"zone":{"previousOwner":{"name":"afÖLMHULT","id":62810},"dateCreated":"2019-06-06T06:59:21+0000","dateLastTaken":"2021-07-20T05:28:38+0000","latitude":59.05736,"currentOwner":{"name":"pellea64","id":91681},"name":"WingApple","id":190272,"totalTakeovers":113,"region":{"area":{"name":"Vingåkers kommun","id":1846},"country":"se","name":"Södermanland","id":140},"pointsPerHour":1,"longitude":15.873843,"takeoverPoints":185},"latitude":59.05736,"currentOwner":{"name":"pellea64","id":91681},"time":"2021-07-20T05:28:38+0000","type":"takeover","longitude":15.873843},{"zone":{"previousOwner":{"name":"EimO","id":229009},"dateCreated":"2016-12-24T07:00:00+0000","dateLastTaken":"2021-07-20T05:28:35+0000","latitude":55.372851,"currentOwner":{"name":"TrelleKungarna","id":54345},"name":"Trelleferry","id":93209,"totalTakeovers":1554,"region":{"area":{"name":"Trelleborgs kommun","id":1955},"country":"se","name":"Skåne","id":135},"pointsPerHour":4,"longitude":13.154791,"takeoverPoints":140},"latitude":55.372851,"currentOwner":{"name":"TrelleKungarna","id":54345},"time":"2021-07-20T05:28:35+0000","type":"takeover","longitude":13.154791},{"zone":{"previousOwner":{"name":"Laht","id":186712},"dateCreated":"2015-01-12T15:13:19+0000","dateLastTaken":"2021-07-20T05:28:29+0000","latitude":57.763924,"currentOwner":{"name":"Hälge61","id":187263},"name":"Vinbladet","id":43743,"totalTakeovers":10147,"region":{"area":{"name":"Västerviks kommun","id":2022},"country":"se","name":"Kalmar","id":137},"pointsPerHour":6,"longitude":16.623143,"takeoverPoints":110},"latitude":57.763924,"currentOwner":{"name":"Hälge61","id":187263},"time":"2021-07-20T05:28:29+0000","type":"takeover","longitude":16.623143},{"zone":{"previousOwner":{"name":"hkburre","id":253553},"dateLastTaken":"2021-07-20T05:28:27+0000","latitude":58.673872,"totalTakeovers":7690,"type":{"name":"Bridge","id":8},"pointsPerHour":5,"takeoverPoints":125,"dateCreated":"2014-03-30T20:11:54+0000","currentOwner":{"name":"kustbolotta","id":212644},"name":"Frösängsbron","id":27716,"region":{"area":{"name":"Oxelösunds kommun","id":1849},"country":"se","name":"Södermanland","id":140},"longitude":17.088401},"latitude":58.673872,"currentOwner":{"name":"kustbolotta","id":212644},"time":"2021-07-20T05:28:27+0000","type":"takeover","longitude":17.088401},{"zone":{"previousOwner":{"name":"Grack","id":7893},"dateLastTaken":"2021-07-20T05:28:22+0000","latitude":63.823465,"totalTakeovers":11577,"type":{"name":"Bridge","id":8},"pointsPerHour":8,"takeoverPoints":80,"dateCreated":"2012-03-19T20:07:51+0000","currentOwner":{"name":"Jaktfalk","id":20160},"name":"LilyBridge","id":6996,"region":{"area":{"name":"Umeå kommun","id":2064},"country":"se","name":"Västerbotten","id":127},"longitude":20.324166},"latitude":63.823465,"currentOwner":{"name":"Jaktfalk","id":20160},"time":"2021-07-20T05:28:22+0000","type":"takeover","longitude":20.324166},{"zone":{"previousOwner":{"name":"Dominion","id":243721},"dateCreated":"2014-06-25T08:00:00+0000","dateLastTaken":"2021-07-20T05:28:22+0000","latitude":59.63673,"currentOwner":{"name":"whitebike","id":228856},"name":"Tee7","id":31901,"totalTakeovers":4543,"region":{"area":{"name":"Enköpings kommun","id":1944},"country":"se","name":"Uppsala","id":142},"pointsPerHour":4,"longitude":17.121365,"takeoverPoints":140},"latitude":59.63673,"currentOwner":{"name":"whitebike","id":228856},"time":"2021-07-20T05:28:22+0000","type":"takeover","longitude":17.121365},{"zone":{"previousOwner":{"name":"Lillbacka","id":92956},"dateCreated":"2017-08-14T17:58:13+0000","dateLastTaken":"2021-07-20T05:28:20+0000","latitude":60.091051,"currentOwner":{"name":"C3PO.","id":265321},"name":"GreenCape","id":117137,"totalTakeovers":7786,"region":{"area":{"name":"Mariehamn","id":2176},"country":"fi","name":"Åland","id":177},"pointsPerHour":7,"longitude":19.953632,"takeoverPoints":95},"assists":[{"name":"SkippyB","id":312877}],"latitude":60.091051,"currentOwner":{"name":"C3PO.","id":265321},"time":"2021-07-20T05:28:20+0000","type":"takeover","longitude":19.953632},{"zone":{"previousOwner":{"name":"mussestein","id":147071},"dateCreated":"2012-11-29T23:05:54+0000","dateLastTaken":"2021-07-20T05:28:15+0000","latitude":56.210518,"currentOwner":{"name":"velocipedrytta","id":19596},"name":"TwelveSquares","id":12086,"totalTakeovers":3868,"region":{"area":{"name":"Ronneby kommun","id":1992},"country":"se","name":"Blekinge","id":136},"pointsPerHour":4,"longitude":15.277155,"takeoverPoints":140},"latitude":56.210518,"currentOwner":{"name":"velocipedrytta","id":19596},"time":"2021-07-20T05:28:15+0000","type":"takeover","longitude":15.277155},{"zone":{"previousOwner":{"name":"CaulSaul","id":238065},"dateCreated":"2012-03-29T15:13:48+0000","dateLastTaken":"2021-07-20T05:28:11+0000","latitude":57.782474,"currentOwner":{"name":"MonoMono","id":328075},"name":"SmithyZone","id":7619,"totalTakeovers":19566,"region":{"area":{"name":"Jönköpings kommun","id":1897},"country":"se","name":"Jönköping","id":133},"pointsPerHour":7,"longitude":14.169913,"takeoverPoints":95},"latitude":57.782474,"currentOwner":{"name":"MonoMono","id":328075},"time":"2021-07-20T05:28:11+0000","type":"takeover","longitude":14.169913},{"zone":{"previousOwner":{"name":"Ivern","id":42929},"dateCreated":"2012-04-11T21:33:38+0000","dateLastTaken":"2021-07-20T05:28:10+0000","latitude":63.82398,"currentOwner":{"name":"67milla","id":73107},"name":"EastOreStreet","id":8072,"totalTakeovers":29716,"region":{"area":{"name":"Umeå kommun","id":2064},"country":"se","name":"Västerbotten","id":127},"pointsPerHour":9,"longitude":20.286336,"takeoverPoints":65},"latitude":63.82398,"currentOwner":{"name":"67milla","id":73107},"time":"2021-07-20T05:28:10+0000","type":"takeover","longitude":20.286336},{"zone":{"previousOwner":{"name":"Grack","id":7893},"dateCreated":"2011-05-31T00:00:00+0000","dateLastTaken":"2021-07-20T05:28:07+0000","latitude":63.820699,"currentOwner":{"name":"Frida59","id":58802},"name":"Misterzone","id":1724,"totalTakeovers":27392,"region":{"area":{"name":"Umeå kommun","id":2064},"country":"se","name":"Västerbotten","id":127},"pointsPerHour":9,"longitude":20.28525,"takeoverPoints":65},"latitude":63.820699,"currentOwner":{"name":"Frida59","id":58802},"time":"2021-07-20T05:28:07+0000","type":"takeover","longitude":20.28525},{"zone":{"previousOwner":{"name":"Smile","id":69951},"dateCreated":"2019-11-30T13:26:10+0000","dateLastTaken":"2021-07-20T05:28:06+0000","latitude":59.303376,"currentOwner":{"name":"yxa","id":16674},"name":"LättareÄnLuft","id":223196,"totalTakeovers":1520,"region":{"area":{"name":"Örebro kommun","id":1819},"country":"se","name":"Örebro","id":131},"pointsPerHour":5,"longitude":15.201869,"takeoverPoints":125},"latitude":59.303376,"currentOwner":{"name":"yxa","id":16674},"time":"2021-07-20T05:28:06+0000","type":"takeover","longitude":15.201869},{"zone":{"previousOwner":{"name":"pemel","id":165631},"dateLastTaken":"2021-07-20T05:27:58+0000","latitude":59.899341,"totalTakeovers":3665,"type":{"name":"Holy","id":9},"pointsPerHour":7,"takeoverPoints":95,"dateCreated":"2017-09-16T20:23:27+0000","currentOwner":{"name":"Munin","id":62408},"name":"GUppsalaKyrka","id":125226,"region":{"area":{"name":"Uppsala kommun","id":1977},"country":"se","name":"Uppsala","id":142},"longitude":17.631528},"latitude":59.899341,"currentOwner":{"name":"Munin","id":62408},"time":"2021-07-20T05:27:58+0000","type":"takeover","longitude":17.631528},{"zone":{"previousOwner":{"name":"capri","id":186499},"dateCreated":"2011-03-16T19:23:49+0000","dateLastTaken":"2021-07-20T05:27:57+0000","latitude":59.403161,"currentOwner":{"name":"gå-for-it","id":48607},"name":"Barcarby","id":1578,"totalTakeovers":11147,"region":{"area":{"name":"Järfälla kommun","id":1835},"country":"se","name":"Stockholm","id":141},"pointsPerHour":7,"longitude":17.869652,"takeoverPoints":95},"latitude":59.403161,"currentOwner":{"name":"gå-for-it","id":48607},"time":"2021-07-20T05:27:57+0000","type":"takeover","longitude":17.869652},{"zone":{"previousOwner":{"name":"Nattuggla","id":165442},"dateCreated":"2012-09-19T07:32:14+0000","dateLastTaken":"2021-07-20T05:27:57+0000","latitude":59.922324,"currentOwner":{"name":"marypoppins","id":48730},"name":"KingsCorner","id":11400,"totalTakeovers":12454,"region":{"area":{"name":"Sala kommun","id":1809},"country":"se","name":"Västmanland","id":143},"pointsPerHour":6,"longitude":16.604208,"takeoverPoints":110},"latitude":59.922324,"currentOwner":{"name":"marypoppins","id":48730},"time":"2021-07-20T05:27:57+0000","type":"takeover","longitude":16.604208},{"zone":{"previousOwner":{"name":"Karuin","id":112194},"dateCreated":"2013-07-06T17:30:00+0000","dateLastTaken":"2021-07-20T05:27:57+0000","latitude":55.571359,"currentOwner":{"name":"Mola73","id":211171},"name":"LimhamnsMulle","id":20622,"totalTakeovers":1880,"region":{"area":{"name":"Malmö kommun","id":1898},"country":"se","name":"Skåne","id":135},"pointsPerHour":5,"longitude":12.919715,"takeoverPoints":125},"latitude":55.571359,"currentOwner":{"name":"Mola73","id":211171},"time":"2021-07-20T05:27:57+0000","type":"takeover","longitude":12.919715},{"zone":{"previousOwner":{"name":"Madizon","id":52958},"dateCreated":"2015-07-08T15:00:00+0000","dateLastTaken":"2021-07-20T05:27:53+0000","latitude":57.781539,"currentOwner":{"name":"Gammelsmurf","id":44307},"name":"OldWater","id":55649,"totalTakeovers":4527,"region":{"area":{"name":"Västerviks kommun","id":2022},"country":"se","name":"Kalmar","id":137},"pointsPerHour":6,"longitude":16.591306,"takeoverPoints":110},"latitude":57.781539,"currentOwner":{"name":"Gammelsmurf","id":44307},"time":"2021-07-20T05:27:53+0000","type":"takeover","longitude":16.591306},{"zone":{"previousOwner":{"name":"Gunstajonte","id":155635},"dateCreated":"2017-02-25T08:00:00+0000","dateLastTaken":"2021-07-20T05:27:51+0000","latitude":59.859711,"currentOwner":{"name":"Calmare1","id":77612},"name":"FålarFem","id":94542,"totalTakeovers":13833,"region":{"area":{"name":"Uppsala kommun","id":1977},"country":"se","name":"Uppsala","id":142},"pointsPerHour":9,"longitude":17.670164,"takeoverPoints":65},"latitude":59.859711,"currentOwner":{"name":"Calmare1","id":77612},"time":"2021-07-20T05:27:51+0000","type":"takeover","longitude":17.670164},{"zone":{"previousOwner":{"name":"Härda","id":317888},"dateCreated":"2016-11-12T11:00:00+0000","dateLastTaken":"2021-07-20T05:27:51+0000","latitude":55.730057,"currentOwner":{"name":"Evely","id":58166},"name":"MightyDucks","id":90774,"totalTakeovers":1861,"region":{"area":{"name":"Lunds kommun","id":1948},"country":"se","name":"Skåne","id":135},"pointsPerHour":5,"longitude":13.190262,"takeoverPoints":125},"latitude":55.730057,"currentOwner":{"name":"Evely","id":58166},"time":"2021-07-20T05:27:51+0000","type":"takeover","longitude":13.190262},{"zone":{"previousOwner":{"name":"NightDriver","id":279433},"dateCreated":"2013-08-28T22:19:17+0000","dateLastTaken":"2021-07-20T05:27:50+0000","latitude":59.448327,"currentOwner":{"name":"Helldeman","id":174869},"name":"Passadzonen","id":21412,"totalTakeovers":4176,"region":{"area":{"name":"Järfälla kommun","id":1835},"country":"se","name":"Stockholm","id":141},"pointsPerHour":6,"longitude":17.824037,"takeoverPoints":110},"latitude":59.448327,"currentOwner":{"name":"Helldeman","id":174869},"time":"2021-07-20T05:27:50+0000","type":"takeover","longitude":17.824037},{"zone":{"previousOwner":{"name":"Welshman","id":305225},"dateCreated":"2016-02-27T06:00:00+0000","dateLastTaken":"2021-07-20T05:27:49+0000","latitude":60.436675,"currentOwner":{"name":"TortugaVeloz","id":166983},"name":"Tälpualjokke","id":63767,"totalTakeovers":1641,"region":{"area":{"name":"Turku","id":2201},"country":"fi","name":"Lounais-Suomi","id":184},"pointsPerHour":4,"longitude":22.240268,"takeoverPoints":140},"latitude":60.436675,"currentOwner":{"name":"TortugaVeloz","id":166983},"time":"2021-07-20T05:27:49+0000","type":"takeover","longitude":22.240268},{"zone":{"previousOwner":{"name":"TobyWalle","id":318147},"dateCreated":"2016-05-08T01:35:31+0000","dateLastTaken":"2021-07-20T05:27:45+0000","latitude":59.367945,"currentOwner":{"name":"takamine","id":281213},"name":"AlvaMyrdal","id":69006,"totalTakeovers":7920,"region":{"area":{"name":"Eskilstuna kommun","id":1848},"country":"se","name":"Södermanland","id":140},"pointsPerHour":7,"longitude":16.510705,"takeoverPoints":95},"latitude":59.367945,"currentOwner":{"name":"takamine","id":281213},"time":"2021-07-20T05:27:45+0000","type":"takeover","longitude":16.510705},{"zone":{"previousOwner":{"name":"KFO-ID","id":312757},"dateCreated":"2021-01-30T11:30:00+0000","dateLastTaken":"2021-07-20T05:27:42+0000","latitude":56.053476,"currentOwner":{"name":"kjtindall","id":292775},"name":"BurgerStreet","id":374394,"totalTakeovers":47,"region":{"area":{"name":"Fife","id":2795},"country":"gb","name":"Scotland","id":200},"pointsPerHour":1,"longitude":-3.402437,"takeoverPoints":185},"latitude":56.053476,"currentOwner":{"name":"kjtindall","id":292775},"time":"2021-07-20T05:27:42+0000","type":"takeover","longitude":-3.402437},{"zone":{"previousOwner":{"name":"Bigbang","id":106128},"dateCreated":"2013-08-07T20:27:09+0000","dateLastTaken":"2021-07-20T05:27:41+0000","latitude":60.488652,"currentOwner":{"name":"Birgitsdottir","id":316414},"name":"WoodyWay","id":21162,"totalTakeovers":3974,"region":{"area":{"name":"Borlänge kommun","id":1871},"country":"se","name":"Dalarna","id":129},"pointsPerHour":4,"longitude":15.398581,"takeoverPoints":140},"latitude":60.488652,"currentOwner":{"name":"Birgitsdottir","id":316414},"time":"2021-07-20T05:27:41+0000","type":"takeover","longitude":15.398581},{"zone":{"previousOwner":{"name":"mmajjalish","id":53117},"dateLastTaken":"2021-07-20T05:27:40+0000","latitude":58.498052,"totalTakeovers":3110,"type":{"name":"Holy","id":9},"pointsPerHour":4,"takeoverPoints":140,"dateCreated":"2011-09-15T10:00:00+0000","currentOwner":{"name":"Potkin","id":303579},"name":"LidGrave","id":3437,"region":{"area":{"name":"Lidköpings kommun","id":1906},"country":"se","name":"Västra Götaland","id":132},"longitude":13.159178},"latitude":58.498052,"currentOwner":{"name":"Potkin","id":303579},"time":"2021-07-20T05:27:40+0000","type":"takeover","longitude":13.159178},{"zone":{"previousOwner":{"name":"Tussilago","id":40091},"dateLastTaken":"2021-07-20T05:27:39+0000","latitude":59.466165,"totalTakeovers":2636,"type":{"name":"Bridge","id":8},"pointsPerHour":7,"takeoverPoints":95,"dateCreated":"2018-06-11T07:00:00+0000","currentOwner":{"name":"Roger60","id":183939},"name":"SholmsBridge","id":153666,"region":{"area":{"name":"Sollentuna kommun","id":1840},"country":"se","name":"Stockholm","id":141},"longitude":17.922094},"latitude":59.466165,"currentOwner":{"name":"Roger60","id":183939},"time":"2021-07-20T05:27:39+0000","type":"takeover","longitude":17.922094},{"zone":{"previousOwner":{"name":"EnZonTill","id":216808},"dateCreated":"2020-07-24T11:13:54+0000","dateLastTaken":"2021-07-20T05:27:37+0000","latitude":57.291314,"currentOwner":{"name":"EnZonTill","id":216808},"name":"Poppelstig","id":318987,"totalTakeovers":427,"region":{"area":{"name":"Gislaveds kommun","id":2012},"country":"se","name":"Jönköping","id":133},"pointsPerHour":3,"longitude":13.523398,"takeoverPoints":155},"latitude":57.291314,"currentOwner":{"name":"EnZonTill","id":216808},"time":"2021-07-20T05:27:37+0000","type":"takeover","longitude":13.523398},{"zone":{"previousOwner":{"name":"CykologenCOM","id":122322},"dateCreated":"2011-01-13T21:35:29+0000","dateLastTaken":"2021-07-20T05:27:35+0000","latitude":58.034766,"currentOwner":{"name":"peter70sko","id":54081},"name":"HolavedZone","id":1335,"totalTakeovers":1515,"region":{"area":{"name":"Tranås kommun","id":2006},"country":"se","name":"Jönköping","id":133},"pointsPerHour":1,"longitude":14.984985,"takeoverPoints":185},"latitude":58.034766,"currentOwner":{"name":"peter70sko","id":54081},"time":"2021-07-20T05:27:35+0000","type":"takeover","longitude":14.984985},{"zone":{"previousOwner":{"name":"Eskimonika","id":41336},"dateCreated":"2012-01-11T06:55:49+0000","dateLastTaken":"2021-07-20T05:27:31+0000","latitude":59.276891,"currentOwner":{"name":"stieri","id":195559},"name":"GrillZone","id":5642,"totalTakeovers":8727,"region":{"area":{"name":"Örebro kommun","id":1819},"country":"se","name":"Örebro","id":131},"pointsPerHour":6,"longitude":15.162693,"takeoverPoints":110},"latitude":59.276891,"currentOwner":{"name":"stieri","id":195559},"time":"2021-07-20T05:27:31+0000","type":"takeover","longitude":15.162693},{"zone":{"previousOwner":{"name":"fotominne","id":273615},"dateCreated":"2016-03-02T20:53:15+0000","dateLastTaken":"2021-07-20T05:27:29+0000","latitude":59.848977,"currentOwner":{"name":"Kaktus-Mats","id":61706},"name":"DinoSteps","id":64017,"totalTakeovers":13231,"region":{"area":{"name":"Uppsala kommun","id":1977},"country":"se","name":"Uppsala","id":142},"pointsPerHour":8,"longitude":17.622271,"takeoverPoints":80},"latitude":59.848977,"currentOwner":{"name":"Kaktus-Mats","id":61706},"time":"2021-07-20T05:27:29+0000","type":"takeover","longitude":17.622271},{"zone":{"previousOwner":{"name":"sumo","id":66734},"dateCreated":"2010-09-04T14:41:37+0000","dateLastTaken":"2021-07-20T05:27:28+0000","latitude":56.836271,"currentOwner":{"name":"kallec56","id":110338},"name":"Ljungpark","id":821,"totalTakeovers":4767,"region":{"area":{"name":"Ljungby kommun","id":1996},"country":"se","name":"Kronoberg","id":147},"pointsPerHour":5,"longitude":13.942581,"takeoverPoints":125},"latitude":56.836271,"currentOwner":{"name":"kallec56","id":110338},"time":"2021-07-20T05:27:28+0000","type":"takeover","longitude":13.942581},{"zone":{"previousOwner":{"name":"morfarpappan49","id":212388},"dateCreated":"2018-10-02T09:14:00+0000","dateLastTaken":"2021-07-20T05:27:25+0000","latitude":63.802124,"currentOwner":{"name":"IrrarRunt","id":335134},"name":"IngvarLamprad","id":174126,"totalTakeovers":820,"region":{"area":{"name":"Umeå kommun","id":2064},"country":"se","name":"Västerbotten","id":127},"pointsPerHour":5,"longitude":20.262224,"takeoverPoints":125},"latitude":63.802124,"currentOwner":{"name":"IrrarRunt","id":335134},"time":"2021-07-20T05:27:25+0000","type":"takeover","longitude":20.262224},{"zone":{"previousOwner":{"name":"Sledge","id":241272},"dateCreated":"2013-12-24T11:00:05+0000","dateLastTaken":"2021-07-20T05:27:24+0000","latitude":64.750369,"currentOwner":{"name":"stefanx46","id":36563},"name":"OdinZone","id":23900,"totalTakeovers":17478,"region":{"area":{"name":"Skellefteå kommun","id":2065},"country":"se","name":"Västerbotten","id":127},"pointsPerHour":8,"longitude":20.958267,"takeoverPoints":80},"latitude":64.750369,"currentOwner":{"name":"stefanx46","id":36563},"time":"2021-07-20T05:27:24+0000","type":"takeover","longitude":20.958267},{"zone":{"previousOwner":{"name":"Thyra","id":22935},"dateCreated":"2019-04-20T10:30:00+0000","dateLastTaken":"2021-07-20T05:27:22+0000","latitude":58.44506,"currentOwner":{"name":"RSQ","id":23217},"name":"Hitanför","id":185344,"totalTakeovers":359,"region":{"area":{"name":"Vadstena","id":1864},"country":"se","name":"Östergötland","id":139},"pointsPerHour":4,"longitude":14.878893,"takeoverPoints":140},"latitude":58.44506,"currentOwner":{"name":"RSQ","id":23217},"time":"2021-07-20T05:27:22+0000","type":"takeover","longitude":14.878893},{"zone":{"previousOwner":{"name":"Storvreta41","id":283956},"dateCreated":"2015-11-06T12:57:55+0000","dateLastTaken":"2021-07-20T05:27:21+0000","latitude":59.868709,"currentOwner":{"name":"fotominne","id":273615},"name":"ÅrstaTunnel","id":61035,"totalTakeovers":8305,"region":{"area":{"name":"Uppsala kommun","id":1977},"country":"se","name":"Uppsala","id":142},"pointsPerHour":7,"longitude":17.679503,"takeoverPoints":95},"latitude":59.868709,"currentOwner":{"name":"fotominne","id":273615},"time":"2021-07-20T05:27:21+0000","type":"takeover","longitude":17.679503},{"zone":{"previousOwner":{"name":"tramway","id":260933},"dateCreated":"2018-08-28T11:08:07+0000","dateLastTaken":"2021-07-20T05:27:19+0000","latitude":60.559034,"currentOwner":{"name":"Tosan","id":122350},"name":"Laxplatsen","id":158439,"totalTakeovers":481,"region":{"area":{"name":"Älvkarleby kommun","id":1988},"country":"se","name":"Uppsala","id":142},"pointsPerHour":3,"longitude":17.434834,"takeoverPoints":155},"latitude":60.559034,"currentOwner":{"name":"Tosan","id":122350},"time":"2021-07-20T05:27:19+0000","type":"takeover","longitude":17.434834},{"zone":{"previousOwner":{"name":"Gunstajonte","id":155635},"dateLastTaken":"2021-07-20T05:27:18+0000","latitude":59.854986,"totalTakeovers":37137,"type":{"name":"Bridge","id":8},"pointsPerHour":9,"takeoverPoints":65,"dateCreated":"2011-08-08T18:21:19+0000","currentOwner":{"name":"omnivore","id":72063},"name":"DonutZone","id":2558,"region":{"area":{"name":"Uppsala kommun","id":1977},"country":"se","name":"Uppsala","id":142},"longitude":17.641532},"latitude":59.854986,"currentOwner":{"name":"omnivore","id":72063},"time":"2021-07-20T05:27:18+0000","type":"takeover","longitude":17.641532},{"zone":{"previousOwner":{"name":"PerreW","id":26629},"dateCreated":"2017-12-24T07:00:00+0000","dateLastTaken":"2021-07-20T05:27:18+0000","latitude":59.35256,"currentOwner":{"name":"Marulken","id":254269},"name":"VretenSolna","id":139316,"totalTakeovers":5121,"region":{"area":{"name":"Solna kommun","id":1845},"country":"se","name":"Stockholm","id":141},"pointsPerHour":7,"longitude":17.970951,"takeoverPoints":95},"latitude":59.35256,"currentOwner":{"name":"Marulken","id":254269},"time":"2021-07-20T05:27:18+0000","type":"takeover","longitude":17.970951},{"zone":{"previousOwner":{"name":"recycling","id":79989},"dateCreated":"2013-04-28T09:00:00+0000","dateLastTaken":"2021-07-20T05:27:14+0000","latitude":58.423149,"currentOwner":{"name":"hookturf","id":73461},"name":"TyttorpZone","id":17573,"totalTakeovers":6781,"region":{"area":{"name":"Linköpings kommun","id":1852},"country":"se","name":"Östergötland","id":139},"pointsPerHour":5,"longitude":15.610677,"takeoverPoints":125},"latitude":58.423149,"currentOwner":{"name":"hookturf","id":73461},"time":"2021-07-20T05:27:14+0000","type":"takeover","longitude":15.610677},{"zone":{"previousOwner":{"name":"afÖLMHULT","id":62810},"dateCreated":"2018-10-16T14:44:52+0000","dateLastTaken":"2021-07-20T05:27:09+0000","latitude":59.055385,"currentOwner":{"name":"pellea64","id":91681},"name":"Veddala","id":176217,"totalTakeovers":187,"region":{"area":{"name":"Vingåkers kommun","id":1846},"country":"se","name":"Södermanland","id":140},"pointsPerHour":1,"longitude":15.873792,"takeoverPoints":185},"latitude":59.055385,"currentOwner":{"name":"pellea64","id":91681},"time":"2021-07-20T05:27:09+0000","type":"takeover","longitude":15.873792},{"zone":{"previousOwner":{"name":"Lillbacka","id":92956},"dateLastTaken":"2021-07-20T05:27:08+0000","latitude":60.092981,"totalTakeovers":12784,"type":{"name":"Winner Zone","id":6},"pointsPerHour":8,"takeoverPoints":80,"dateCreated":"2013-04-11T11:51:35+0000","currentOwner":{"name":"SkippyB","id":312877},"name":"WalkingCannon","id":16914,"region":{"area":{"name":"Mariehamn","id":2176},"country":"fi","name":"Åland","id":177},"longitude":19.950997},"latitude":60.092981,"currentOwner":{"name":"SkippyB","id":312877},"time":"2021-07-20T05:27:08+0000","type":"takeover","longitude":19.950997},{"zone":{"previousOwner":{"name":"Brainar","id":11930},"dateCreated":"2018-05-31T16:00:00+0000","dateLastTaken":"2021-07-20T05:27:08+0000","latitude":59.567275,"currentOwner":{"name":"Losperos","id":160961},"name":"BadSquirrel","id":152357,"totalTakeovers":1247,"region":{"area":{"name":"Håbo","id":1980},"country":"se","name":"Uppsala","id":142},"pointsPerHour":4,"longitude":17.508392,"takeoverPoints":140},"latitude":59.567275,"currentOwner":{"name":"Losperos","id":160961},"time":"2021-07-20T05:27:08+0000","type":"takeover","longitude":17.508392},{"zone":{"previousOwner":{"name":"Laht","id":186712},"dateCreated":"2014-09-06T22:12:41+0000","dateLastTaken":"2021-07-20T05:27:05+0000","latitude":57.763341,"currentOwner":{"name":"Hälge61","id":187263},"name":"ArabieBro","id":34646,"totalTakeovers":11042,"region":{"area":{"name":"Västerviks kommun","id":2022},"country":"se","name":"Kalmar","id":137},"pointsPerHour":6,"longitude":16.619598,"takeoverPoints":110},"latitude":57.763341,"currentOwner":{"name":"Hälge61","id":187263},"time":"2021-07-20T05:27:05+0000","type":"takeover","longitude":16.619598},{"zone":{"previousOwner":{"name":"Aicar","id":74956},"dateLastTaken":"2021-07-20T05:26:59+0000","latitude":60.094811,"totalTakeovers":8361,"type":{"name":"Bridge","id":8},"pointsPerHour":7,"takeoverPoints":95,"dateCreated":"2016-01-06T14:30:36+0000","currentOwner":{"name":"C3PO.","id":265321},"name":"ToGreenCape","id":62538,"region":{"area":{"name":"Mariehamn","id":2176},"country":"fi","name":"Åland","id":177},"longitude":19.951424},"latitude":60.094811,"currentOwner":{"name":"C3PO.","id":265321},"time":"2021-07-20T05:26:59+0000","type":"takeover","longitude":19.951424},{"zone":{"previousOwner":{"name":"PFOWitch","id":297475},"dateCreated":"2020-12-24T11:00:00+0000","dateLastTaken":"2021-07-20T05:26:58+0000","latitude":53.690247,"currentOwner":{"name":"Mando","id":311237},"name":"DoubleCircles","id":358562,"totalTakeovers":54,"region":{"area":{"name":"Lancashire","id":2805},"country":"gb","name":"North West England","id":201},"pointsPerHour":2,"longitude":-2.31262,"takeoverPoints":170},"latitude":53.690247,"currentOwner":{"name":"Mando","id":311237},"time":"2021-07-20T05:26:58+0000","type":"takeover","longitude":-2.31262},{"zone":{"previousOwner":{"name":"pemel","id":165631},"dateCreated":"2016-03-30T18:00:00+0000","dateLastTaken":"2021-07-20T05:26:57+0000","latitude":59.898018,"currentOwner":{"name":"Munin","id":62408},"name":"OldUppsala","id":64720,"totalTakeovers":4901,"region":{"area":{"name":"Uppsala kommun","id":1977},"country":"se","name":"Uppsala","id":142},"pointsPerHour":7,"longitude":17.633824,"takeoverPoints":95},"latitude":59.898018,"currentOwner":{"name":"Munin","id":62408},"time":"2021-07-20T05:26:57+0000","type":"takeover","longitude":17.633824},{"zone":{"previousOwner":{"name":"Firefight001","id":274313},"dateLastTaken":"2021-07-20T05:26:57+0000","latitude":59.474522,"totalTakeovers":5650,"type":{"name":"Train Station","id":13},"pointsPerHour":7,"takeoverPoints":95,"dateCreated":"2017-11-04T23:34:10+0000","currentOwner":{"name":"Roger60","id":183939},"name":"Stationsroten","id":136245,"region":{"area":{"name":"Sollentuna kommun","id":1840},"country":"se","name":"Stockholm","id":141},"longitude":17.915933},"latitude":59.474522,"currentOwner":{"name":"Roger60","id":183939},"time":"2021-07-20T05:26:57+0000","type":"takeover","longitude":17.915933},{"zone":{"previousOwner":{"name":"Dominion","id":243721},"dateCreated":"2016-03-02T18:01:44+0000","dateLastTaken":"2021-07-20T05:26:48+0000","latitude":59.637513,"currentOwner":{"name":"whitebike","id":228856},"name":"Puttzon","id":64008,"totalTakeovers":1998,"region":{"area":{"name":"Enköpings kommun","id":1944},"country":"se","name":"Uppsala","id":142},"pointsPerHour":2,"longitude":17.125542,"takeoverPoints":170},"latitude":59.637513,"currentOwner":{"name":"whitebike","id":228856},"time":"2021-07-20T05:26:48+0000","type":"takeover","longitude":17.125542},{"zone":{"previousOwner":{"name":"Smile","id":69951},"dateCreated":"2014-02-19T15:00:00+0000","dateLastTaken":"2021-07-20T05:26:42+0000","latitude":59.302475,"currentOwner":{"name":"yxa","id":16674},"name":"VivaDialog","id":25980,"totalTakeovers":4547,"region":{"area":{"name":"Örebro kommun","id":1819},"country":"se","name":"Örebro","id":131},"pointsPerHour":5,"longitude":15.197058,"takeoverPoints":125},"latitude":59.302475,"currentOwner":{"name":"yxa","id":16674},"time":"2021-07-20T05:26:42+0000","type":"takeover","longitude":15.197058},{"zone":{"previousOwner":{"name":"Timmyz_","id":203411},"dateCreated":"2017-02-18T18:47:00+0000","dateLastTaken":"2021-07-20T05:26:42+0000","latitude":63.826668,"currentOwner":{"name":"67milla","id":73107},"name":"Trädgården","id":95554,"totalTakeovers":9072,"region":{"area":{"name":"Umeå kommun","id":2064},"country":"se","name":"Västerbotten","id":127},"pointsPerHour":8,"longitude":20.286559,"takeoverPoints":80},"latitude":63.826668,"currentOwner":{"name":"67milla","id":73107},"time":"2021-07-20T05:26:42+0000","type":"takeover","longitude":20.286559},{"zone":{"previousOwner":{"name":"Nattuggla","id":165442},"dateCreated":"2014-06-03T10:14:17+0000","dateLastTaken":"2021-07-20T05:26:41+0000","latitude":59.924053,"currentOwner":{"name":"marypoppins","id":48730},"name":"SalaShady","id":31064,"totalTakeovers":9474,"region":{"area":{"name":"Sala kommun","id":1809},"country":"se","name":"Västmanland","id":143},"pointsPerHour":6,"longitude":16.600982,"takeoverPoints":110},"latitude":59.924053,"currentOwner":{"name":"marypoppins","id":48730},"time":"2021-07-20T05:26:41+0000","type":"takeover","longitude":16.600982},{"zone":{"previousOwner":{"name":"Swogge70","id":100494},"dateCreated":"2013-10-01T12:23:06+0000","dateLastTaken":"2021-07-20T05:26:41+0000","latitude":64.838934,"currentOwner":{"name":"Swogge70","id":100494},"name":"StorkågeZon","id":21933,"totalTakeovers":1205,"region":{"area":{"name":"Skellefteå kommun","id":2065},"country":"se","name":"Västerbotten","id":127},"pointsPerHour":2,"longitude":20.982577,"takeoverPoints":170},"latitude":64.838934,"currentOwner":{"name":"Swogge70","id":100494},"time":"2021-07-20T05:26:41+0000","type":"takeover","longitude":20.982577},{"zone":{"previousOwner":{"name":"Gunstajonte","id":155635},"dateCreated":"2012-05-03T22:56:41+0000","dateLastTaken":"2021-07-20T05:26:34+0000","latitude":59.859044,"currentOwner":{"name":"Calmare1","id":77612},"name":"LuckyBajen","id":8546,"totalTakeovers":18383,"region":{"area":{"name":"Uppsala kommun","id":1977},"country":"se","name":"Uppsala","id":142},"pointsPerHour":8,"longitude":17.666285,"takeoverPoints":80},"latitude":59.859044,"currentOwner":{"name":"Calmare1","id":77612},"time":"2021-07-20T05:26:34+0000","type":"takeover","longitude":17.666285},{"zone":{"previousOwner":{"name":"lhcper","id":2733},"dateLastTaken":"2021-07-20T05:26:34+0000","latitude":58.414544,"totalTakeovers":26915,"type":{"name":"Monument","id":21},"pointsPerHour":8,"takeoverPoints":80,"dateCreated":"2010-08-03T00:00:00+0000","currentOwner":{"name":"ulrikase","id":67171},"name":"BurnedCurrent","id":103,"region":{"area":{"name":"Linköpings kommun","id":1852},"country":"se","name":"Östergötland","id":139},"longitude":15.621675},"latitude":58.414544,"currentOwner":{"name":"ulrikase","id":67171},"time":"2021-07-20T05:26:34+0000","type":"takeover","longitude":15.621675},{"zone":{"previousOwner":{"name":"praktikus","id":64871},"dateLastTaken":"2021-07-20T05:26:33+0000","latitude":63.79711,"totalTakeovers":13974,"type":{"name":"Bridge","id":8},"pointsPerHour":7,"takeoverPoints":95,"dateCreated":"2012-09-12T20:35:32+0000","currentOwner":{"name":"MariaK17","id":212481},"name":"Tegelbron","id":11282,"region":{"area":{"name":"Umeå kommun","id":2064},"country":"se","name":"Västerbotten","id":127},"longitude":20.30648},"latitude":63.79711,"currentOwner":{"name":"MariaK17","id":212481},"time":"2021-07-20T05:26:33+0000","type":"takeover","longitude":20.30648},{"zone":{"previousOwner":{"name":"Deppen","id":195631},"dateCreated":"2017-04-01T08:00:00+0000","dateLastTaken":"2021-07-20T05:26:30+0000","latitude":59.28699,"currentOwner":{"name":"Zudo","id":133664},"name":"DetRäcker","id":97097,"totalTakeovers":1624,"region":{"area":{"name":"Stockholms kommun","id":1828},"country":"se","name":"Stockholm","id":141},"pointsPerHour":4,"longitude":17.916494,"takeoverPoints":140},"latitude":59.28699,"currentOwner":{"name":"Zudo","id":133664},"time":"2021-07-20T05:26:30+0000","type":"takeover","longitude":17.916494},{"zone":{"previousOwner":{"name":"Grack","id":7893},"dateCreated":"2012-03-19T20:11:15+0000","dateLastTaken":"2021-07-20T05:26:30+0000","latitude":63.82811,"currentOwner":{"name":"Jaktfalk","id":20160},"name":"UmeIceAge","id":6997,"totalTakeovers":9796,"region":{"area":{"name":"Umeå kommun","id":2064},"country":"se","name":"Västerbotten","id":127},"pointsPerHour":8,"longitude":20.327113,"takeoverPoints":80},"latitude":63.82811,"currentOwner":{"name":"Jaktfalk","id":20160},"time":"2021-07-20T05:26:30+0000","type":"takeover","longitude":20.327113},{"zone":{"previousOwner":{"name":"Timmyz_","id":203411},"dateCreated":"2012-04-11T22:10:10+0000","dateLastTaken":"2021-07-20T05:26:28+0000","latitude":63.837763,"currentOwner":{"name":"Ivern","id":42929},"name":"Aspvägen","id":8082,"totalTakeovers":8762,"region":{"area":{"name":"Umeå kommun","id":2064},"country":"se","name":"Västerbotten","id":127},"pointsPerHour":7,"longitude":20.211937,"takeoverPoints":95},"latitude":63.837763,"currentOwner":{"name":"Ivern","id":42929},"time":"2021-07-20T05:26:28+0000","type":"takeover","longitude":20.211937},{"zone":{"previousOwner":{"name":"RobinS","id":23204},"dateLastTaken":"2021-07-20T05:26:27+0000","latitude":59.392372,"totalTakeovers":1218,"type":{"name":"Winner Zone","id":6},"pointsPerHour":7,"takeoverPoints":95,"dateCreated":"2020-08-13T17:00:00+0000","currentOwner":{"name":"karmor","id":232514},"name":"OhMyJajk","id":319752,"region":{"area":{"name":"Karlstads kommun","id":1827},"country":"se","name":"Värmland","id":130},"longitude":13.512714},"latitude":59.392372,"currentOwner":{"name":"karmor","id":232514},"time":"2021-07-20T05:26:27+0000","type":"takeover","longitude":13.512714},{"zone":{"previousOwner":{"name":"Aicar","id":74956},"dateCreated":"2014-10-10T22:08:29+0000","dateLastTaken":"2021-07-20T05:26:26+0000","latitude":60.105801,"currentOwner":{"name":"Choko","id":229364},"name":"MilkValley","id":38255,"totalTakeovers":2031,"region":{"area":{"name":"Jomala","id":2177},"country":"fi","name":"Åland","id":177},"pointsPerHour":4,"longitude":19.913982,"takeoverPoints":140},"latitude":60.105801,"currentOwner":{"name":"Choko","id":229364},"time":"2021-07-20T05:26:26+0000","type":"takeover","longitude":19.913982},{"zone":{"previousOwner":{"name":"praktikus","id":64871},"dateCreated":"2020-06-06T04:26:58+0000","dateLastTaken":"2021-07-20T05:26:25+0000","latitude":63.806551,"currentOwner":{"name":"cotten","id":30036},"name":"LilaLek","id":306535,"totalTakeovers":3510,"region":{"area":{"name":"Umeå kommun","id":2064},"country":"se","name":"Västerbotten","id":127},"pointsPerHour":8,"longitude":20.304125,"takeoverPoints":80},"latitude":63.806551,"currentOwner":{"name":"cotten","id":30036},"time":"2021-07-20T05:26:25+0000","type":"takeover","longitude":20.304125},{"zone":{"previousOwner":{"name":"AudioPelle","id":63238},"dateCreated":"2015-02-24T09:41:05+0000","dateLastTaken":"2021-07-20T05:26:25+0000","latitude":58.675635,"currentOwner":{"name":"kustbolotta","id":212644},"name":"SchoolsOut","id":45065,"totalTakeovers":4632,"region":{"area":{"name":"Oxelösunds kommun","id":1849},"country":"se","name":"Södermanland","id":140},"pointsPerHour":4,"longitude":17.08251,"takeoverPoints":140},"latitude":58.675635,"currentOwner":{"name":"kustbolotta","id":212644},"time":"2021-07-20T05:26:25+0000","type":"takeover","longitude":17.08251},{"zone":{"previousOwner":{"name":"Welshman","id":305225},"dateCreated":"2015-11-29T19:10:25+0000","dateLastTaken":"2021-07-20T05:26:20+0000","latitude":60.437847,"currentOwner":{"name":"TortugaVeloz","id":166983},"name":"PurseriZone","id":61628,"totalTakeovers":2519,"region":{"area":{"name":"Turku","id":2201},"country":"fi","name":"Lounais-Suomi","id":184},"pointsPerHour":5,"longitude":22.243959,"takeoverPoints":125},"latitude":60.437847,"currentOwner":{"name":"TortugaVeloz","id":166983},"time":"2021-07-20T05:26:20+0000","type":"takeover","longitude":22.243959},{"zone":{"previousOwner":{"name":"vuuv","id":312612},"dateCreated":"2014-05-27T10:06:52+0000","dateLastTaken":"2021-07-20T05:26:19+0000","latitude":55.378101,"currentOwner":{"name":"TurfActionMan","id":277660},"name":"Nätet","id":30238,"totalTakeovers":788,"region":{"area":{"name":"Trelleborgs kommun","id":1955},"country":"se","name":"Skåne","id":135},"pointsPerHour":2,"longitude":13.119751,"takeoverPoints":170},"latitude":55.378101,"currentOwner":{"name":"TurfActionMan","id":277660},"time":"2021-07-20T05:26:19+0000","type":"takeover","longitude":13.119751},{"zone":{"previousOwner":{"name":"kepsen","id":51326},"dateCreated":"2015-02-21T01:56:13+0000","dateLastTaken":"2021-07-20T05:26:19+0000","latitude":59.625985,"currentOwner":{"name":"Ferna","id":55488},"name":"KoloniFöresyn","id":44992,"totalTakeovers":3564,"region":{"area":{"name":"Västerås","id":1807},"country":"se","name":"Västmanland","id":143},"pointsPerHour":7,"longitude":16.516896,"takeoverPoints":95},"latitude":59.625985,"currentOwner":{"name":"Ferna","id":55488},"time":"2021-07-20T05:26:19+0000","type":"takeover","longitude":16.516896},{"zone":{"previousOwner":{"name":"Cliffhanger84","id":63398},"dateCreated":"2010-11-10T17:49:24+0000","dateLastTaken":"2021-07-20T05:26:07+0000","latitude":56.887444,"currentOwner":{"name":"Eli","id":35495},"name":"Westmark","id":1072,"totalTakeovers":2225,"region":{"area":{"name":"Växjö kommun","id":1995},"country":"se","name":"Kronoberg","id":147},"pointsPerHour":3,"longitude":14.777165,"takeoverPoints":155},"assists":[{"name":"Apollon","id":39602}],"latitude":56.887444,"currentOwner":{"name":"Eli","id":35495},"time":"2021-07-20T05:26:07+0000","type":"takeover","longitude":14.777165},{"zone":{"previousOwner":{"name":"benjaradona","id":141225},"dateCreated":"2015-04-12T20:50:53+0000","dateLastTaken":"2021-07-20T05:26:05+0000","latitude":63.818638,"currentOwner":{"name":"Pudeltuva","id":159152},"name":"NorraEntrén","id":48443,"totalTakeovers":33102,"region":{"area":{"name":"Umeå kommun","id":2064},"country":"se","name":"Västerbotten","id":127},"pointsPerHour":9,"longitude":20.297771,"takeoverPoints":65},"latitude":63.818638,"currentOwner":{"name":"Pudeltuva","id":159152},"time":"2021-07-20T05:26:05+0000","type":"takeover","longitude":20.297771},{"zone":{"previousOwner":{"name":"Lemondawn","id":227730},"dateLastTaken":"2021-07-20T05:26:02+0000","latitude":56.211556,"totalTakeovers":3411,"type":{"name":"Holy","id":9},"pointsPerHour":4,"takeoverPoints":140,"dateCreated":"2010-12-22T13:24:59+0000","currentOwner":{"name":"velocipedrytta","id":19596},"name":"HeligaKors","id":1192,"region":{"area":{"name":"Ronneby kommun","id":1992},"country":"se","name":"Blekinge","id":136},"longitude":15.278211},"latitude":56.211556,"currentOwner":{"name":"velocipedrytta","id":19596},"time":"2021-07-20T05:26:02+0000","type":"takeover","longitude":15.278211},{"zone":{"previousOwner":{"name":"Pekka74","id":330394},"dateLastTaken":"2021-07-20T05:26:01+0000","latitude":59.369084,"totalTakeovers":13637,"type":{"name":"Train Station","id":13},"pointsPerHour":8,"takeoverPoints":80,"dateCreated":"2010-11-08T19:51:41+0000","currentOwner":{"name":"takamine","id":281213},"name":"Estation","id":1060,"region":{"area":{"name":"Eskilstuna kommun","id":1848},"country":"se","name":"Södermanland","id":140},"longitude":16.506301},"latitude":59.369084,"currentOwner":{"name":"takamine","id":281213},"time":"2021-07-20T05:26:01+0000","type":"takeover","longitude":16.506301},{"zone":{"previousOwner":{"name":"fotominne","id":273615},"dateCreated":"2012-02-07T18:28:47+0000","dateLastTaken":"2021-07-20T05:25:58+0000","latitude":59.847749,"currentOwner":{"name":"Kaktus-Mats","id":61706},"name":"Arosgatan","id":6151,"totalTakeovers":20906,"region":{"area":{"name":"Uppsala kommun","id":1977},"country":"se","name":"Uppsala","id":142},"pointsPerHour":8,"longitude":17.620043,"takeoverPoints":80},"latitude":59.847749,"currentOwner":{"name":"Kaktus-Mats","id":61706},"time":"2021-07-20T05:25:58+0000","type":"takeover","longitude":17.620043},{"zone":{"previousOwner":{"name":"PerreW","id":26629},"dateCreated":"2012-04-15T20:31:01+0000","dateLastTaken":"2021-07-20T05:25:58+0000","latitude":59.354417,"currentOwner":{"name":"Marulken","id":254269},"name":"BällstaBay","id":8225,"totalTakeovers":11552,"region":{"area":{"name":"Solna kommun","id":1845},"country":"se","name":"Stockholm","id":141},"pointsPerHour":7,"longitude":17.968658,"takeoverPoints":95},"latitude":59.354417,"currentOwner":{"name":"Marulken","id":254269},"time":"2021-07-20T05:25:58+0000","type":"takeover","longitude":17.968658},{"zone":{"previousOwner":{"name":"Sledge","id":241272},"dateCreated":"2011-05-31T00:00:00+0000","dateLastTaken":"2021-07-20T05:25:58+0000","latitude":64.751168,"currentOwner":{"name":"stefanx46","id":36563},"name":"SkellSquare","id":1735,"totalTakeovers":22540,"region":{"area":{"name":"Skellefteå kommun","id":2065},"country":"se","name":"Västerbotten","id":127},"pointsPerHour":8,"longitude":20.953646,"takeoverPoints":80},"latitude":64.751168,"currentOwner":{"name":"stefanx46","id":36563},"time":"2021-07-20T05:25:58+0000","type":"takeover","longitude":20.953646},{"zone":{"previousOwner":{"name":"capri","id":186499},"dateCreated":"2016-11-27T18:07:02+0000","dateLastTaken":"2021-07-20T05:25:57+0000","latitude":59.401575,"currentOwner":{"name":"gå-for-it","id":48607},"name":"BarsbroTorg","id":92100,"totalTakeovers":2988,"region":{"area":{"name":"Järfälla kommun","id":1835},"country":"se","name":"Stockholm","id":141},"pointsPerHour":5,"longitude":17.864858,"takeoverPoints":125},"latitude":59.401575,"currentOwner":{"name":"gå-for-it","id":48607},"time":"2021-07-20T05:25:57+0000","type":"takeover","longitude":17.864858},{"zone":{"previousOwner":{"name":"Lillbacka","id":92956},"dateLastTaken":"2021-07-20T05:25:55+0000","latitude":60.096913,"totalTakeovers":10747,"type":{"name":"Bridge","id":8},"pointsPerHour":7,"takeoverPoints":95,"dateCreated":"2016-01-06T14:28:55+0000","currentOwner":{"name":"C3PO.","id":265321},"name":"LillaHolmen","id":62537,"region":{"area":{"name":"Mariehamn","id":2176},"country":"fi","name":"Åland","id":177},"longitude":19.94863},"latitude":60.096913,"currentOwner":{"name":"C3PO.","id":265321},"time":"2021-07-20T05:25:55+0000","type":"takeover","longitude":19.94863},{"zone":{"previousOwner":{"name":"Brainar","id":11930},"dateCreated":"2013-09-30T12:35:03+0000","dateLastTaken":"2021-07-20T05:25:54+0000","latitude":59.567787,"currentOwner":{"name":"Losperos","id":160961},"name":"WoodCrossing","id":21883,"totalTakeovers":2664,"region":{"area":{"name":"Håbo","id":1980},"country":"se","name":"Uppsala","id":142},"pointsPerHour":4,"longitude":17.513308,"takeoverPoints":140},"latitude":59.567787,"currentOwner":{"name":"Losperos","id":160961},"time":"2021-07-20T05:25:54+0000","type":"takeover","longitude":17.513308},{"zone":{"previousOwner":{"name":"Fåret_Shaun","id":298893},"dateCreated":"2017-01-14T08:00:00+0000","dateLastTaken":"2021-07-20T05:25:53+0000","latitude":59.614671,"currentOwner":{"name":"Hjälstaviken","id":140827},"name":"ZoonInHaga","id":94126,"totalTakeovers":1411,"region":{"area":{"name":"Enköpings kommun","id":1944},"country":"se","name":"Uppsala","id":142},"pointsPerHour":3,"longitude":17.054128,"takeoverPoints":155},"latitude":59.614671,"currentOwner":{"name":"Hjälstaviken","id":140827},"time":"2021-07-20T05:25:53+0000","type":"takeover","longitude":17.054128},{"zone":{"previousOwner":{"name":"Millan73","id":298077},"dateLastTaken":"2021-07-20T05:25:51+0000","latitude":55.372025,"totalTakeovers":2957,"type":{"name":"Train Station","id":13},"pointsPerHour":5,"takeoverPoints":125,"dateCreated":"2016-08-31T11:33:17+0000","currentOwner":{"name":"TrelleKungarna","id":54345},"name":"TrelleTrain","id":82284,"region":{"area":{"name":"Trelleborgs kommun","id":1955},"country":"se","name":"Skåne","id":135},"longitude":13.158965},"latitude":55.372025,"currentOwner":{"name":"TrelleKungarna","id":54345},"time":"2021-07-20T05:25:51+0000","type":"takeover","longitude":13.158965},{"zone":{"previousOwner":{"name":"LIAR","id":64755},"dateCreated":"2013-01-08T06:00:00+0000","dateLastTaken":"2021-07-20T05:25:47+0000","latitude":59.870926,"currentOwner":{"name":"fotominne","id":273615},"name":"Gräslöken","id":12532,"totalTakeovers":8401,"region":{"area":{"name":"Uppsala kommun","id":1977},"country":"se","name":"Uppsala","id":142},"pointsPerHour":7,"longitude":17.68204,"takeoverPoints":95},"latitude":59.870926,"currentOwner":{"name":"fotominne","id":273615},"time":"2021-07-20T05:25:47+0000","type":"takeover","longitude":17.68204},{"zone":{"previousOwner":{"name":"recycling","id":79989},"dateCreated":"2010-09-02T00:00:00+0000","dateLastTaken":"2021-07-20T05:25:43+0000","latitude":58.414377,"currentOwner":{"name":"Paddington","id":74108},"name":"Malmzone","id":563,"totalTakeovers":6637,"region":{"area":{"name":"Linköpings kommun","id":1852},"country":"se","name":"Östergötland","id":139},"pointsPerHour":5,"longitude":15.520356,"takeoverPoints":125},"latitude":58.414377,"currentOwner":{"name":"Paddington","id":74108},"time":"2021-07-20T05:25:43+0000","type":"takeover","longitude":15.520356},{"zone":{"previousOwner":{"name":"tramway","id":260933},"dateCreated":"2016-08-02T22:03:42+0000","dateLastTaken":"2021-07-20T05:25:42+0000","latitude":60.561878,"currentOwner":{"name":"Tosan","id":122350},"name":"DalLax","id":79514,"totalTakeovers":751,"region":{"area":{"name":"Älvkarleby kommun","id":1988},"country":"se","name":"Uppsala","id":142},"pointsPerHour":3,"longitude":17.436161,"takeoverPoints":155},"latitude":60.561878,"currentOwner":{"name":"Tosan","id":122350},"time":"2021-07-20T05:25:42+0000","type":"takeover","longitude":17.436161},{"zone":{"previousOwner":{"name":"Madizon","id":52958},"dateCreated":"2015-08-28T04:00:00+0000","dateLastTaken":"2021-07-20T05:25:41+0000","latitude":57.777373,"currentOwner":{"name":"Gammelsmurf","id":44307},"name":"Fishy","id":56646,"totalTakeovers":3438,"region":{"area":{"name":"Västerviks kommun","id":2022},"country":"se","name":"Kalmar","id":137},"pointsPerHour":4,"longitude":16.592749,"takeoverPoints":140},"latitude":57.777373,"currentOwner":{"name":"Gammelsmurf","id":44307},"time":"2021-07-20T05:25:41+0000","type":"takeover","longitude":16.592749},{"zone":{"previousOwner":{"name":"benjaradona","id":141225},"dateLastTaken":"2021-07-20T05:25:40+0000","latitude":63.817373,"totalTakeovers":18404,"type":{"name":"Train Station","id":13},"pointsPerHour":9,"takeoverPoints":65,"dateCreated":"2014-12-20T23:07:55+0000","currentOwner":{"name":"Frida59","id":58802},"name":"UmeÖ","id":42938,"region":{"area":{"name":"Umeå kommun","id":2064},"country":"se","name":"Västerbotten","id":127},"longitude":20.293751},"latitude":63.817373,"currentOwner":{"name":"Frida59","id":58802},"time":"2021-07-20T05:25:40+0000","type":"takeover","longitude":20.293751},{"zone":{"previousOwner":{"name":"Timmyz_","id":203411},"dateCreated":"2011-08-29T20:21:21+0000","dateLastTaken":"2021-07-20T05:25:39+0000","latitude":63.827362,"currentOwner":{"name":"67milla","id":73107},"name":"BlueZone","id":2891,"totalTakeovers":17590,"region":{"area":{"name":"Umeå kommun","id":2064},"country":"se","name":"Västerbotten","id":127},"pointsPerHour":8,"longitude":20.282142,"takeoverPoints":80},"latitude":63.827362,"currentOwner":{"name":"67milla","id":73107},"time":"2021-07-20T05:25:39+0000","type":"takeover","longitude":20.282142},{"zone":{"previousOwner":{"name":"Nattuggla","id":165442},"dateLastTaken":"2021-07-20T05:25:34+0000","latitude":59.922504,"totalTakeovers":10701,"type":{"name":"Bridge","id":8},"pointsPerHour":6,"takeoverPoints":110,"dateCreated":"2012-09-19T07:17:16+0000","currentOwner":{"name":"marypoppins","id":48730},"name":"Footbridge","id":11395,"region":{"area":{"name":"Sala kommun","id":1809},"country":"se","name":"Västmanland","id":143},"longitude":16.600318},"latitude":59.922504,"currentOwner":{"name":"marypoppins","id":48730},"time":"2021-07-20T05:25:34+0000","type":"takeover","longitude":16.600318},{"zone":{"previousOwner":{"name":"Lillbacka","id":92956},"dateCreated":"2012-03-21T22:01:56+0000","dateLastTaken":"2021-07-20T05:25:29+0000","latitude":60.09389,"currentOwner":{"name":"SkippyB","id":312877},"name":"CustomBed","id":7266,"totalTakeovers":10755,"region":{"area":{"name":"Mariehamn","id":2176},"country":"fi","name":"Åland","id":177},"pointsPerHour":7,"longitude":19.947083,"takeoverPoints":95},"latitude":60.09389,"currentOwner":{"name":"SkippyB","id":312877},"time":"2021-07-20T05:25:29+0000","type":"takeover","longitude":19.947083},{"zone":{"previousOwner":{"name":"Firefight001","id":274313},"dateLastTaken":"2021-07-20T05:25:26+0000","latitude":59.478731,"totalTakeovers":7045,"type":{"name":"Bridge","id":8},"pointsPerHour":7,"takeoverPoints":95,"dateCreated":"2013-10-14T17:03:54+0000","currentOwner":{"name":"Roger60","id":183939},"name":"Tågrampen","id":22186,"region":{"area":{"name":"Sollentuna kommun","id":1840},"country":"se","name":"Stockholm","id":141},"longitude":17.912051},"latitude":59.478731,"currentOwner":{"name":"Roger60","id":183939},"time":"2021-07-20T05:25:26+0000","type":"takeover","longitude":17.912051},{"zone":{"previousOwner":{"name":"Storvreta41","id":283956},"dateCreated":"2019-06-22T15:52:50+0000","dateLastTaken":"2021-07-20T05:25:23+0000","latitude":59.899698,"currentOwner":{"name":"Munin","id":62408},"name":"Gamvägen","id":200399,"totalTakeovers":2160,"region":{"area":{"name":"Uppsala kommun","id":1977},"country":"se","name":"Uppsala","id":142},"pointsPerHour":6,"longitude":17.638296,"takeoverPoints":110},"latitude":59.899698,"currentOwner":{"name":"Munin","id":62408},"time":"2021-07-20T05:25:23+0000","type":"takeover","longitude":17.638296},{"zone":{"previousOwner":{"name":"simpson","id":71440},"dateCreated":"2010-10-17T15:30:02+0000","dateLastTaken":"2021-07-20T05:25:21+0000","latitude":59.390694,"currentOwner":{"name":"karmor","id":232514},"name":"PondBeach","id":1029,"totalTakeovers":11231,"region":{"area":{"name":"Karlstads kommun","id":1827},"country":"se","name":"Värmland","id":130},"pointsPerHour":7,"longitude":13.511657,"takeoverPoints":95},"latitude":59.390694,"currentOwner":{"name":"karmor","id":232514},"time":"2021-07-20T05:25:21+0000","type":"takeover","longitude":13.511657},{"zone":{"previousOwner":{"name":"whitebike","id":228856},"dateCreated":"2017-03-29T09:37:27+0000","dateLastTaken":"2021-07-20T05:25:18+0000","latitude":59.639401,"currentOwner":{"name":"whitebike","id":228856},"name":"GlömdeSvänga","id":97009,"totalTakeovers":989,"region":{"area":{"name":"Enköpings kommun","id":1944},"country":"se","name":"Uppsala","id":142},"pointsPerHour":2,"longitude":17.132964,"takeoverPoints":170},"latitude":59.639401,"currentOwner":{"name":"whitebike","id":228856},"time":"2021-07-20T05:25:18+0000","type":"takeover","longitude":17.132964},{"zone":{"previousOwner":{"name":"Eskimonika","id":41336},"dateCreated":"2010-09-03T00:00:00+0000","dateLastTaken":"2021-07-20T05:25:15+0000","latitude":59.27454,"currentOwner":{"name":"stieri","id":195559},"name":"SunPaddock","id":725,"totalTakeovers":11384,"region":{"area":{"name":"Örebro kommun","id":1819},"country":"se","name":"Örebro","id":131},"pointsPerHour":6,"longitude":15.166017,"takeoverPoints":110},"latitude":59.27454,"currentOwner":{"name":"stieri","id":195559},"time":"2021-07-20T05:25:15+0000","type":"takeover","longitude":15.166017},{"zone":{"previousOwner":{"name":"~Sisyfos~","id":64357},"dateLastTaken":"2021-07-20T05:25:08+0000","latitude":59.334431,"totalTakeovers":2084,"type":{"name":"Holy","id":9},"pointsPerHour":5,"takeoverPoints":125,"dateCreated":"2017-06-20T13:00:00+0000","currentOwner":{"name":"CS1871","id":247411},"name":"VitaAnskarii","id":114521,"region":{"area":{"name":"Stockholms kommun","id":1828},"country":"se","name":"Stockholm","id":141},"longitude":17.97833},"latitude":59.334431,"currentOwner":{"name":"CS1871","id":247411},"time":"2021-07-20T05:25:08+0000","type":"takeover","longitude":17.97833},{"zone":{"previousOwner":{"name":"Snusmumriken","id":24003},"dateCreated":"2016-01-09T06:00:00+0000","dateLastTaken":"2021-07-20T05:25:05+0000","latitude":59.209621,"currentOwner":{"name":"jetas","id":69742},"name":"StMellösaIP","id":62576,"totalTakeovers":2926,"region":{"area":{"name":"Örebro kommun","id":1819},"country":"se","name":"Örebro","id":131},"pointsPerHour":3,"longitude":15.504815,"takeoverPoints":155},"latitude":59.209621,"currentOwner":{"name":"jetas","id":69742},"time":"2021-07-20T05:25:05+0000","type":"takeover","longitude":15.504815},{"zone":{"previousOwner":{"name":"NonPlusUltra","id":105943},"dateCreated":"2019-06-21T12:16:12+0000","dateLastTaken":"2021-07-20T05:25:02+0000","latitude":63.797664,"currentOwner":{"name":"IrrarRunt","id":335134},"name":"Flygklykan","id":203551,"totalTakeovers":521,"region":{"area":{"name":"Umeå kommun","id":2064},"country":"se","name":"Västerbotten","id":127},"pointsPerHour":5,"longitude":20.261104,"takeoverPoints":125},"latitude":63.797664,"currentOwner":{"name":"IrrarRunt","id":335134},"time":"2021-07-20T05:25:02+0000","type":"takeover","longitude":20.261104}]