[{"zone":{"dateCreated":"2021-07-19T15:58:36+0000","dateLastTaken":"0002-12-02T00:00:00+0000","latitude":57.821753,"name":"AnebyOldGrave","id":430321,"totalTakeovers":0,"region":{"area":{"name":"Aneby kommun","id":2014},"country":"se","name":"Jönköping","id":133},"pointsPerHour":1,"longitude":14.785871,"takeoverPoints":185},"time":"2021-07-19T15:58:36+0000","type":"zone"},{"zone":{"dateCreated":"2021-07-19T15:43:15+0000","dateLastTaken":"0002-12-02T00:00:00+0000","latitude":59.05105,"name":"Rankemossen","id":429324,"totalTakeovers":0,"region":{"area":{"name":"Laxå kommun","id":1823},"country":"se","name":"Örebro","id":131},"pointsPerHour":1,"longitude":14.519055,"takeoverPoints":185},"time":"2021-07-19T15:43:15+0000","type":"zone"}]