[{"zone":{"previousOwner":{"name":"Mussebusan","id":155050},"dateCreated":"2013-11-26T19:39:15+0000","dateLastTaken":"2021-07-19T20:09:13+0000","latitude":56.658305,"currentOwner":{"name":"GW007","id":77704},"name":"LillegårdZone","id":23398,"totalTakeovers":13849,"region":{"area":{"name":"Kalmar kommun","id":2015},"country":"se","name":"Kalmar","id":137},"pointsPerHour":6,"longitude":16.340532,"takeoverPoints":110},"latitude":56.658305,"currentOwner":{"name":"GW007","id":77704},"time":"2021-07-19T20:09:13+0000","type":"takeover","longitude":16.340532},{"zone":{"previousOwner":{"name":"Thinkyourhard","id":311236},"dateCreated":"2020-11-14T21:34:38+0000","dateLastTaken":"2021-07-19T20:09:12+0000","latitude":53.480551,"currentOwner":{"name":"CoffeeCup","id":312772},"name":"YorkPlaza","id":351133,"totalTakeovers":21,"region":{"area":{"name":"Greater Manchester","id":2843},"country":"gb","name":"North West England","id":201},"pointsPerHour":1,"longitude":-2.240652,"takeoverPoints":185},"latitude":53.480551,"currentOwner":{"name":"CoffeeCup","id":312772},"time":"2021-07-19T20:09:12+0000","type":"takeover","longitude":-2.240652},{"zone":{"previousOwner":{"name":"HaAnd","id":52242},"dateCreated":"2013-04-20T13:30:00+0000","dateLastTaken":"2021-07-19T20:09:11+0000","latitude":62.399908,"currentOwner":{"name":"Moff","id":132819},"name":"FirLynxChurch","id":16840,"totalTakeovers":6614,"region":{"area":{"name":"Sundsvalls kommun","id":2056},"country":"se","name":"Västernorrland","id":145},"pointsPerHour":5,"longitude":17.261647,"takeoverPoints":125},"latitude":62.399908,"currentOwner":{"name":"Moff","id":132819},"time":"2021-07-19T20:09:11+0000","type":"takeover","longitude":17.261647},{"zone":{"previousOwner":{"name":"Röste","id":107099},"dateCreated":"2015-04-11T14:00:00+0000","dateLastTaken":"2021-07-19T20:09:11+0000","latitude":61.35518,"currentOwner":{"name":"hösjön","id":257146},"name":"Sjuup","id":48098,"totalTakeovers":1038,"region":{"area":{"name":"Bollnäs kommun","id":2048},"country":"se","name":"Gävleborg","id":144},"pointsPerHour":2,"longitude":16.440631,"takeoverPoints":170},"latitude":61.35518,"currentOwner":{"name":"hösjön","id":257146},"time":"2021-07-19T20:09:11+0000","type":"takeover","longitude":16.440631},{"zone":{"previousOwner":{"name":"Cruachan","id":304571},"dateLastTaken":"2021-07-19T20:09:09+0000","latitude":55.931367,"totalTakeovers":142,"type":{"name":"Holy","id":9},"pointsPerHour":2,"takeoverPoints":170,"dateCreated":"2020-07-12T17:00:00+0000","currentOwner":{"name":"féarglas","id":280861},"name":"RobinChapel","id":318073,"region":{"area":{"name":"City of Edinburgh","id":2780},"country":"gb","name":"Scotland","id":200},"longitude":-3.13036},"latitude":55.931367,"currentOwner":{"name":"féarglas","id":280861},"time":"2021-07-19T20:09:09+0000","type":"takeover","longitude":-3.13036},{"zone":{"previousOwner":{"name":"kurttin38","id":107717},"dateLastTaken":"2021-07-19T20:09:08+0000","latitude":63.703702,"totalTakeovers":6533,"type":{"name":"Holy","id":9},"pointsPerHour":6,"takeoverPoints":110,"dateCreated":"2014-12-28T17:55:18+0000","currentOwner":{"name":"bengtbbb","id":64627},"name":"TaMigTeKyrka","id":43371,"region":{"area":{"name":"Umeå kommun","id":2064},"country":"se","name":"Västerbotten","id":127},"longitude":20.349623},"latitude":63.703702,"currentOwner":{"name":"bengtbbb","id":64627},"time":"2021-07-19T20:09:08+0000","type":"takeover","longitude":20.349623},{"zone":{"previousOwner":{"name":"Swiiitan","id":6579},"dateCreated":"2010-09-02T00:00:00+0000","dateLastTaken":"2021-07-19T20:09:07+0000","latitude":58.283789,"currentOwner":{"name":"NSG_turf","id":42431},"name":"TrollTorg","id":758,"totalTakeovers":10245,"region":{"area":{"name":"Trollhättans kommun","id":1907},"country":"se","name":"Västra Götaland","id":132},"pointsPerHour":5,"longitude":12.288873,"takeoverPoints":125},"latitude":58.283789,"currentOwner":{"name":"NSG_turf","id":42431},"time":"2021-07-19T20:09:07+0000","type":"takeover","longitude":12.288873},{"zone":{"previousOwner":{"name":"Digaracing","id":45271},"dateCreated":"2014-03-29T13:00:00+0000","dateLastTaken":"2021-07-19T20:09:04+0000","latitude":57.6571,"currentOwner":{"name":"Qwicke","id":190350},"name":"Kvarnbyskolan","id":27642,"totalTakeovers":6191,"region":{"area":{"name":"Mölndals kommun","id":1886},"country":"se","name":"Västra Götaland","id":132},"pointsPerHour":6,"longitude":12.020662,"takeoverPoints":110},"latitude":57.6571,"currentOwner":{"name":"Qwicke","id":190350},"time":"2021-07-19T20:09:04+0000","type":"takeover","longitude":12.020662},{"zone":{"previousOwner":{"name":"Gasoltub","id":146175},"dateCreated":"2010-09-04T14:41:37+0000","dateLastTaken":"2021-07-19T20:09:04+0000","latitude":59.875133,"currentOwner":{"name":"mattihp","id":10151},"name":"Sunshine","id":500,"totalTakeovers":12236,"region":{"area":{"name":"Uppsala kommun","id":1977},"country":"se","name":"Uppsala","id":142},"pointsPerHour":7,"longitude":17.665965,"takeoverPoints":95},"latitude":59.875133,"currentOwner":{"name":"mattihp","id":10151},"time":"2021-07-19T20:09:04+0000","type":"takeover","longitude":17.665965},{"zone":{"previousOwner":{"name":"immi","id":193940},"dateCreated":"2013-12-28T22:00:00+0000","dateLastTaken":"2021-07-19T20:09:03+0000","latitude":59.32128,"currentOwner":{"name":"Kruse","id":23306},"name":"Häsängen","id":24503,"totalTakeovers":4345,"region":{"area":{"name":"Karlskoga kommun","id":1818},"country":"se","name":"Örebro","id":131},"pointsPerHour":4,"longitude":14.490155,"takeoverPoints":140},"latitude":59.32128,"currentOwner":{"name":"Kruse","id":23306},"time":"2021-07-19T20:09:03+0000","type":"takeover","longitude":14.490155},{"zone":{"previousOwner":{"name":"Lazycat","id":59545},"dateCreated":"2012-02-06T12:29:03+0000","dateLastTaken":"2021-07-19T20:09:03+0000","latitude":62.379736,"currentOwner":{"name":"HaAnd","id":52242},"name":"RebetZone","id":6144,"totalTakeovers":8416,"region":{"area":{"name":"Sundsvalls kommun","id":2056},"country":"se","name":"Västernorrland","id":145},"pointsPerHour":6,"longitude":17.316101,"takeoverPoints":110},"latitude":62.379736,"currentOwner":{"name":"HaAnd","id":52242},"time":"2021-07-19T20:09:03+0000","type":"takeover","longitude":17.316101},{"zone":{"previousOwner":{"name":"PerreW","id":26629},"dateCreated":"2016-11-09T18:00:00+0000","dateLastTaken":"2021-07-19T20:08:52+0000","latitude":59.368303,"currentOwner":{"name":"topten","id":17328},"name":"Dalsänkan","id":91421,"totalTakeovers":4865,"region":{"area":{"name":"Sundbybergs kommun","id":1889},"country":"se","name":"Stockholm","id":141},"pointsPerHour":6,"longitude":17.954327,"takeoverPoints":110},"latitude":59.368303,"currentOwner":{"name":"topten","id":17328},"time":"2021-07-19T20:08:52+0000","type":"takeover","longitude":17.954327},{"zone":{"previousOwner":{"name":"sorensan","id":25980},"dateCreated":"2015-01-12T17:00:00+0000","dateLastTaken":"2021-07-19T20:08:48+0000","latitude":59.852305,"currentOwner":{"name":"tilverturf","id":166033},"name":"EitherSide","id":43744,"totalTakeovers":26612,"region":{"area":{"name":"Uppsala kommun","id":1977},"country":"se","name":"Uppsala","id":142},"pointsPerHour":9,"longitude":17.644707,"takeoverPoints":65},"assists":[{"name":"Gunstajonte","id":155635}],"latitude":59.852305,"currentOwner":{"name":"tilverturf","id":166033},"time":"2021-07-19T20:08:48+0000","type":"takeover","longitude":17.644707},{"zone":{"previousOwner":{"name":"andma313","id":137018},"dateLastTaken":"2021-07-19T20:08:47+0000","latitude":66.331388,"totalTakeovers":362,"type":{"name":"Bridge","id":8},"pointsPerHour":2,"takeoverPoints":170,"dateCreated":"2011-11-15T18:27:06+0000","currentOwner":{"name":"MattiasOh","id":252532},"name":"BrännaBridge","id":5017,"region":{"area":{"name":"Överkalix kommun","id":2080},"country":"se","name":"Norrbotten","id":126},"longitude":22.841352},"latitude":66.331388,"currentOwner":{"name":"MattiasOh","id":252532},"time":"2021-07-19T20:08:47+0000","type":"takeover","longitude":22.841352},{"zone":{"previousOwner":{"name":"Jonte67","id":284492},"dateCreated":"2016-05-01T06:00:00+0000","dateLastTaken":"2021-07-19T20:08:44+0000","latitude":55.600673,"currentOwner":{"name":"Karuin","id":112194},"name":"ZonaBiblico","id":64965,"totalTakeovers":7691,"region":{"area":{"name":"Malmö kommun","id":1898},"country":"se","name":"Skåne","id":135},"pointsPerHour":7,"longitude":12.994059,"takeoverPoints":95},"assists":[{"name":"Hillcat","id":112193}],"latitude":55.600673,"currentOwner":{"name":"Karuin","id":112194},"time":"2021-07-19T20:08:44+0000","type":"takeover","longitude":12.994059},{"zone":{"previousOwner":{"name":"Suzzo","id":123234},"dateCreated":"2014-10-11T08:17:39+0000","dateLastTaken":"2021-07-19T20:08:43+0000","latitude":59.414836,"currentOwner":{"name":"Pekka74","id":330394},"name":"Hellströms","id":37715,"totalTakeovers":1900,"region":{"area":{"name":"Eskilstuna kommun","id":1848},"country":"se","name":"Södermanland","id":140},"pointsPerHour":3,"longitude":16.485787,"takeoverPoints":155},"latitude":59.414836,"currentOwner":{"name":"Pekka74","id":330394},"time":"2021-07-19T20:08:43+0000","type":"takeover","longitude":16.485787},{"zone":{"previousOwner":{"name":"cre8or","id":64352},"dateLastTaken":"2021-07-19T20:08:41+0000","latitude":57.704413,"totalTakeovers":31047,"type":{"name":"Holy","id":9},"pointsPerHour":9,"takeoverPoints":65,"dateCreated":"2011-02-21T20:59:43+0000","currentOwner":{"name":"Dadeee","id":327379},"name":"GötaDome","id":1500,"region":{"area":{"name":"Göteborgs kommun","id":1885},"country":"se","name":"Västra Götaland","id":132},"longitude":11.964344},"latitude":57.704413,"currentOwner":{"name":"Dadeee","id":327379},"time":"2021-07-19T20:08:41+0000","type":"takeover","longitude":11.964344},{"zone":{"previousOwner":{"name":"Fenrisulven","id":14493},"dateCreated":"2016-11-12T06:00:00+0000","dateLastTaken":"2021-07-19T20:08:37+0000","latitude":58.414348,"currentOwner":{"name":"Bath","id":57990},"name":"Tibrofågeln","id":90343,"totalTakeovers":4641,"region":{"area":{"name":"Tibro","id":1936},"country":"se","name":"Västra Götaland","id":132},"pointsPerHour":4,"longitude":14.170343,"takeoverPoints":140},"latitude":58.414348,"currentOwner":{"name":"Bath","id":57990},"time":"2021-07-19T20:08:37+0000","type":"takeover","longitude":14.170343},{"zone":{"previousOwner":{"name":"Artful","id":302131},"dateCreated":"2013-09-12T10:10:53+0000","dateLastTaken":"2021-07-19T20:08:28+0000","latitude":55.934227,"currentOwner":{"name":"ElsieSpanner","id":309195},"name":"HarrisonZone","id":21614,"totalTakeovers":808,"region":{"area":{"name":"City of Edinburgh","id":2780},"country":"gb","name":"Scotland","id":200},"pointsPerHour":5,"longitude":-3.226466,"takeoverPoints":125},"latitude":55.934227,"currentOwner":{"name":"ElsieSpanner","id":309195},"time":"2021-07-19T20:08:28+0000","type":"takeover","longitude":-3.226466},{"zone":{"previousOwner":{"name":"Vuolleriebme","id":166514},"dateCreated":"2014-01-06T23:15:00+0000","dateLastTaken":"2021-07-19T20:08:27+0000","latitude":57.667516,"currentOwner":{"name":"Pan_Pijak","id":59442},"name":"Wetterzon","id":24738,"totalTakeovers":7980,"region":{"area":{"name":"Göteborgs kommun","id":1885},"country":"se","name":"Västra Götaland","id":132},"pointsPerHour":6,"longitude":11.938399,"takeoverPoints":110},"latitude":57.667516,"currentOwner":{"name":"Pan_Pijak","id":59442},"time":"2021-07-19T20:08:27+0000","type":"takeover","longitude":11.938399},{"zone":{"previousOwner":{"name":"Luffare","id":211682},"dateLastTaken":"2021-07-19T20:08:25+0000","latitude":59.86788,"totalTakeovers":16718,"type":{"name":"Holy","id":9},"pointsPerHour":8,"takeoverPoints":80,"dateCreated":"2012-10-29T10:48:02+0000","currentOwner":{"name":"throkk","id":16063},"name":"PerrasPlats","id":11761,"region":{"area":{"name":"Uppsala kommun","id":1977},"country":"se","name":"Uppsala","id":142},"longitude":17.649574},"latitude":59.86788,"currentOwner":{"name":"throkk","id":16063},"time":"2021-07-19T20:08:25+0000","type":"takeover","longitude":17.649574},{"zone":{"previousOwner":{"name":"Mussebusan","id":155050},"dateCreated":"2013-06-08T12:34:46+0000","dateLastTaken":"2021-07-19T20:08:24+0000","latitude":56.659101,"currentOwner":{"name":"GW007","id":77704},"name":"Magganplan","id":19320,"totalTakeovers":18565,"region":{"area":{"name":"Kalmar kommun","id":2015},"country":"se","name":"Kalmar","id":137},"pointsPerHour":8,"longitude":16.342898,"takeoverPoints":80},"latitude":56.659101,"currentOwner":{"name":"GW007","id":77704},"time":"2021-07-19T20:08:24+0000","type":"takeover","longitude":16.342898},{"zone":{"previousOwner":{"name":"frimC","id":292091},"dateLastTaken":"2021-07-19T20:08:23+0000","latitude":64.752076,"totalTakeovers":6051,"type":{"name":"Holy","id":9},"pointsPerHour":7,"takeoverPoints":95,"dateCreated":"2012-12-24T11:00:00+0000","currentOwner":{"name":"Sledge","id":241272},"name":"SkellChurch","id":12416,"region":{"area":{"name":"Skellefteå kommun","id":2065},"country":"se","name":"Västerbotten","id":127},"longitude":20.918898},"latitude":64.752076,"currentOwner":{"name":"Sledge","id":241272},"time":"2021-07-19T20:08:23+0000","type":"takeover","longitude":20.918898},{"zone":{"previousOwner":{"name":"Mi035","id":242299},"dateCreated":"2016-02-17T11:24:33+0000","dateLastTaken":"2021-07-19T20:08:22+0000","latitude":59.516839,"currentOwner":{"name":"BjörnBel","id":205132},"name":"BuyingTeater","id":63633,"totalTakeovers":5332,"region":{"area":{"name":"Köpings kommun","id":1813},"country":"se","name":"Västmanland","id":143},"pointsPerHour":5,"longitude":16.002744,"takeoverPoints":125},"latitude":59.516839,"currentOwner":{"name":"BjörnBel","id":205132},"time":"2021-07-19T20:08:22+0000","type":"takeover","longitude":16.002744},{"zone":{"previousOwner":{"name":"Zmulan1","id":111968},"dateCreated":"2011-11-28T15:28:17+0000","dateLastTaken":"2021-07-19T20:08:22+0000","latitude":59.377282,"currentOwner":{"name":"B4RK","id":312893},"name":"Bernstad","id":5309,"totalTakeovers":7568,"region":{"area":{"name":"Karlstads kommun","id":1827},"country":"se","name":"Värmland","id":130},"pointsPerHour":6,"longitude":13.468047,"takeoverPoints":110},"latitude":59.377282,"currentOwner":{"name":"B4RK","id":312893},"time":"2021-07-19T20:08:22+0000","type":"takeover","longitude":13.468047},{"zone":{"previousOwner":{"name":"marypoppins","id":48730},"dateCreated":"2019-10-13T11:21:50+0000","dateLastTaken":"2021-07-19T20:08:21+0000","latitude":59.911261,"currentOwner":{"name":"Nattuggla","id":165442},"name":"LuckyLiving","id":220405,"totalTakeovers":1556,"region":{"area":{"name":"Sala kommun","id":1809},"country":"se","name":"Västmanland","id":143},"pointsPerHour":5,"longitude":16.592371,"takeoverPoints":125},"latitude":59.911261,"currentOwner":{"name":"Nattuggla","id":165442},"time":"2021-07-19T20:08:21+0000","type":"takeover","longitude":16.592371},{"zone":{"previousOwner":{"name":"ESOCWoody","id":281407},"dateCreated":"2021-03-16T07:00:00+0000","dateLastTaken":"2021-07-19T20:08:19+0000","latitude":55.906327,"currentOwner":{"name":"Artful","id":302131},"name":"Stoor","id":393175,"totalTakeovers":51,"region":{"area":{"name":"West Lothian","id":2781},"country":"gb","name":"Scotland","id":200},"pointsPerHour":1,"longitude":-3.499263,"takeoverPoints":185},"latitude":55.906327,"currentOwner":{"name":"Artful","id":302131},"time":"2021-07-19T20:08:19+0000","type":"takeover","longitude":-3.499263},{"zone":{"previousOwner":{"name":"MrBungle","id":44781},"dateCreated":"2012-05-22T17:19:36+0000","dateLastTaken":"2021-07-19T20:08:18+0000","latitude":63.798876,"currentOwner":{"name":"praktikus","id":64871},"name":"Bärnstenen","id":9291,"totalTakeovers":15584,"region":{"area":{"name":"Umeå kommun","id":2064},"country":"se","name":"Västerbotten","id":127},"pointsPerHour":8,"longitude":20.325673,"takeoverPoints":80},"latitude":63.798876,"currentOwner":{"name":"praktikus","id":64871},"time":"2021-07-19T20:08:18+0000","type":"takeover","longitude":20.325673},{"zone":{"previousOwner":{"name":"Mozartkatt","id":127376},"dateLastTaken":"2021-07-19T20:08:17+0000","latitude":56.551344,"totalTakeovers":4252,"type":{"name":"Monument","id":21},"pointsPerHour":3,"takeoverPoints":155,"dateCreated":"2011-08-05T21:23:34+0000","currentOwner":{"name":"hgaw","id":65224},"name":"CarlvonLinné","id":2450,"region":{"area":{"name":"Älmhults kommun","id":1999},"country":"se","name":"Kronoberg","id":147},"longitude":14.139743},"latitude":56.551344,"currentOwner":{"name":"hgaw","id":65224},"time":"2021-07-19T20:08:17+0000","type":"takeover","longitude":14.139743},{"zone":{"previousOwner":{"name":"sunnyanna","id":121038},"dateCreated":"2016-03-25T14:43:54+0000","dateLastTaken":"2021-07-19T20:08:17+0000","latitude":60.122139,"currentOwner":{"name":"Aicar","id":74956},"name":"Dalbo","id":64816,"totalTakeovers":8626,"region":{"area":{"name":"Mariehamn","id":2176},"country":"fi","name":"Åland","id":177},"pointsPerHour":7,"longitude":19.933692,"takeoverPoints":95},"latitude":60.122139,"currentOwner":{"name":"Aicar","id":74956},"time":"2021-07-19T20:08:17+0000","type":"takeover","longitude":19.933692},{"zone":{"previousOwner":{"name":"molex","id":240222},"dateCreated":"2012-03-23T22:15:05+0000","dateLastTaken":"2021-07-19T20:08:14+0000","latitude":59.622671,"currentOwner":{"name":"Vokalis","id":90575},"name":"MarsWoods","id":7361,"totalTakeovers":3589,"region":{"area":{"name":"Sigtuna kommun","id":1834},"country":"se","name":"Stockholm","id":141},"pointsPerHour":5,"longitude":17.843516,"takeoverPoints":125},"latitude":59.622671,"currentOwner":{"name":"Vokalis","id":90575},"time":"2021-07-19T20:08:14+0000","type":"takeover","longitude":17.843516},{"zone":{"previousOwner":{"name":"Grack","id":7893},"dateCreated":"2014-04-06T10:00:00+0000","dateLastTaken":"2021-07-19T20:08:10+0000","latitude":63.822838,"currentOwner":{"name":"boddiloddan","id":164393},"name":"BlueUnderpass","id":27906,"totalTakeovers":25691,"region":{"area":{"name":"Umeå kommun","id":2064},"country":"se","name":"Västerbotten","id":127},"pointsPerHour":9,"longitude":20.289529,"takeoverPoints":65},"latitude":63.822838,"currentOwner":{"name":"boddiloddan","id":164393},"time":"2021-07-19T20:08:10+0000","type":"takeover","longitude":20.289529},{"zone":{"previousOwner":{"name":"b2","id":38457},"dateCreated":"2017-03-09T07:19:54+0000","dateLastTaken":"2021-07-19T20:08:09+0000","latitude":57.634353,"currentOwner":{"name":"jösses...då","id":113416},"name":"HighlandCow","id":95241,"totalTakeovers":3221,"region":{"area":{"name":"Göteborgs kommun","id":1885},"country":"se","name":"Västra Götaland","id":132},"pointsPerHour":5,"longitude":11.905745,"takeoverPoints":125},"latitude":57.634353,"currentOwner":{"name":"jösses...då","id":113416},"time":"2021-07-19T20:08:09+0000","type":"takeover","longitude":11.905745},{"zone":{"previousOwner":{"name":"erpen","id":155024},"dateLastTaken":"2021-07-19T20:08:08+0000","latitude":63.819945,"totalTakeovers":20306,"type":{"name":"Holy","id":9},"pointsPerHour":8,"takeoverPoints":80,"dateCreated":"2011-06-01T00:00:00+0000","currentOwner":{"name":"marklunda","id":279370},"name":"Shutchurch","id":1723,"region":{"area":{"name":"Umeå kommun","id":2064},"country":"se","name":"Västerbotten","id":127},"longitude":20.254544},"latitude":63.819945,"currentOwner":{"name":"marklunda","id":279370},"time":"2021-07-19T20:08:08+0000","type":"takeover","longitude":20.254544},{"zone":{"previousOwner":{"name":"larsovegus","id":125816},"dateCreated":"2013-04-20T13:30:00+0000","dateLastTaken":"2021-07-19T20:08:07+0000","latitude":62.63046,"currentOwner":{"name":"maggan51","id":331276},"name":"HerePark","id":17266,"totalTakeovers":2944,"region":{"area":{"name":"Härnösands kommun","id":2057},"country":"se","name":"Västernorrland","id":145},"pointsPerHour":4,"longitude":17.946655,"takeoverPoints":140},"latitude":62.63046,"currentOwner":{"name":"maggan51","id":331276},"time":"2021-07-19T20:08:07+0000","type":"takeover","longitude":17.946655},{"zone":{"previousOwner":{"name":"hookturf","id":73461},"dateCreated":"2011-09-03T19:00:00+0000","dateLastTaken":"2021-07-19T20:08:06+0000","latitude":58.430023,"currentOwner":{"name":"recycling","id":79989},"name":"EsquireZone","id":2938,"totalTakeovers":6191,"region":{"area":{"name":"Linköpings kommun","id":1852},"country":"se","name":"Östergötland","id":139},"pointsPerHour":4,"longitude":15.574742,"takeoverPoints":140},"latitude":58.430023,"currentOwner":{"name":"recycling","id":79989},"time":"2021-07-19T20:08:06+0000","type":"takeover","longitude":15.574742},{"zone":{"previousOwner":{"name":"Grusplan","id":42828},"dateCreated":"2016-02-19T08:50:50+0000","dateLastTaken":"2021-07-19T20:08:04+0000","latitude":59.635441,"currentOwner":{"name":"CRUSAIDER","id":168025},"name":"Banmatsburk","id":63709,"totalTakeovers":18847,"region":{"area":{"name":"Västerås","id":1807},"country":"se","name":"Västmanland","id":143},"pointsPerHour":8,"longitude":16.580655,"takeoverPoints":80},"latitude":59.635441,"currentOwner":{"name":"CRUSAIDER","id":168025},"time":"2021-07-19T20:08:04+0000","type":"takeover","longitude":16.580655},{"zone":{"previousOwner":{"name":"boki","id":208220},"dateCreated":"2014-09-26T08:41:02+0000","dateLastTaken":"2021-07-19T20:08:00+0000","latitude":59.617635,"currentOwner":{"name":"Frökenathena","id":240979},"name":"Katrinelunden","id":37241,"totalTakeovers":13577,"region":{"area":{"name":"Västerås","id":1807},"country":"se","name":"Västmanland","id":143},"pointsPerHour":8,"longitude":16.547555,"takeoverPoints":80},"latitude":59.617635,"currentOwner":{"name":"Frökenathena","id":240979},"time":"2021-07-19T20:08:00+0000","type":"takeover","longitude":16.547555},{"zone":{"previousOwner":{"name":"Xtrmrunner","id":305266},"dateCreated":"2017-08-02T09:39:46+0000","dateLastTaken":"2021-07-19T20:07:58+0000","latitude":60.476375,"currentOwner":{"name":"Welshman","id":305225},"name":"Polttopolku","id":116122,"totalTakeovers":241,"region":{"area":{"name":"Turku","id":2201},"country":"fi","name":"Lounais-Suomi","id":184},"pointsPerHour":2,"longitude":22.316132,"takeoverPoints":170},"latitude":60.476375,"currentOwner":{"name":"Welshman","id":305225},"time":"2021-07-19T20:07:58+0000","type":"takeover","longitude":22.316132},{"zone":{"previousOwner":{"name":"sorensan","id":25980},"dateCreated":"2010-09-04T14:41:37+0000","dateLastTaken":"2021-07-19T20:07:54+0000","latitude":59.864824,"currentOwner":{"name":"LIAR","id":64755},"name":"BirdPaddock","id":477,"totalTakeovers":16716,"region":{"area":{"name":"Uppsala kommun","id":1977},"country":"se","name":"Uppsala","id":142},"pointsPerHour":8,"longitude":17.662874,"takeoverPoints":80},"latitude":59.864824,"currentOwner":{"name":"LIAR","id":64755},"time":"2021-07-19T20:07:54+0000","type":"takeover","longitude":17.662874},{"zone":{"previousOwner":{"name":"perfnurt","id":187075},"dateCreated":"2020-09-13T20:00:00+0000","dateLastTaken":"2021-07-19T20:07:49+0000","latitude":55.828424,"currentOwner":{"name":"baban","id":331693},"name":"Hemman","id":328506,"totalTakeovers":96,"region":{"area":{"name":"Eslövs kommun","id":1962},"country":"se","name":"Skåne","id":135},"pointsPerHour":2,"longitude":13.29568,"takeoverPoints":170},"latitude":55.828424,"currentOwner":{"name":"baban","id":331693},"time":"2021-07-19T20:07:49+0000","type":"takeover","longitude":13.29568},{"zone":{"previousOwner":{"name":"Penntrollet","id":240632},"dateCreated":"2015-12-24T21:50:56+0000","dateLastTaken":"2021-07-19T20:07:47+0000","latitude":59.875825,"currentOwner":{"name":"mattihp","id":10151},"name":"Kaozone","id":62381,"totalTakeovers":7988,"region":{"area":{"name":"Uppsala kommun","id":1977},"country":"se","name":"Uppsala","id":142},"pointsPerHour":8,"longitude":17.670802,"takeoverPoints":80},"latitude":59.875825,"currentOwner":{"name":"mattihp","id":10151},"time":"2021-07-19T20:07:47+0000","type":"takeover","longitude":17.670802},{"zone":{"previousOwner":{"name":"Thinkyourhard","id":311236},"dateLastTaken":"2021-07-19T20:07:46+0000","latitude":53.478776,"totalTakeovers":39,"type":{"name":"Monument","id":21},"pointsPerHour":1,"takeoverPoints":185,"dateCreated":"2020-11-14T21:30:51+0000","currentOwner":{"name":"CoffeeCup","id":312772},"name":"Comrades","id":351132,"region":{"area":{"name":"Greater Manchester","id":2843},"country":"gb","name":"North West England","id":201},"longitude":-2.243027},"latitude":53.478776,"currentOwner":{"name":"CoffeeCup","id":312772},"time":"2021-07-19T20:07:46+0000","type":"takeover","longitude":-2.243027},{"zone":{"previousOwner":{"name":"Axxelina","id":302972},"dateLastTaken":"2021-07-19T20:07:46+0000","latitude":55.874207,"totalTakeovers":1526,"type":{"name":"Bridge","id":8},"pointsPerHour":3,"takeoverPoints":155,"dateCreated":"2012-11-27T13:18:25+0000","currentOwner":{"name":"Adis_A","id":262295},"name":"CitStarZone","id":12057,"region":{"area":{"name":"Landskrona kommun","id":1951},"country":"se","name":"Skåne","id":135},"longitude":12.821417},"latitude":55.874207,"currentOwner":{"name":"Adis_A","id":262295},"time":"2021-07-19T20:07:46+0000","type":"takeover","longitude":12.821417},{"zone":{"previousOwner":{"name":"Hillstomper","id":187926},"dateCreated":"2017-11-07T06:00:00+0000","dateLastTaken":"2021-07-19T20:07:43+0000","latitude":59.322776,"currentOwner":{"name":"yin","id":336016},"name":"Skampålen","id":126590,"totalTakeovers":1785,"region":{"area":{"name":"Stockholms kommun","id":1828},"country":"se","name":"Stockholm","id":141},"pointsPerHour":7,"longitude":18.099136,"takeoverPoints":95},"assists":[{"name":"KPD","id":34508}],"latitude":59.322776,"currentOwner":{"name":"yin","id":336016},"time":"2021-07-19T20:07:43+0000","type":"takeover","longitude":18.099136},{"zone":{"previousOwner":{"name":"Buzd","id":317315},"dateCreated":"2019-09-13T13:13:13+0000","dateLastTaken":"2021-07-19T20:07:40+0000","latitude":59.366628,"currentOwner":{"name":"topten","id":17328},"name":"Furupark","id":210843,"totalTakeovers":1014,"region":{"area":{"name":"Sundbybergs kommun","id":1889},"country":"se","name":"Stockholm","id":141},"pointsPerHour":4,"longitude":17.957231,"takeoverPoints":140},"latitude":59.366628,"currentOwner":{"name":"topten","id":17328},"time":"2021-07-19T20:07:40+0000","type":"takeover","longitude":17.957231},{"zone":{"previousOwner":{"name":"TunaWrangler","id":299952},"dateCreated":"2020-11-08T11:00:00+0000","dateLastTaken":"2021-07-19T20:07:37+0000","latitude":55.889149,"currentOwner":{"name":"tunahunter","id":299920},"name":"Louden","id":350248,"totalTakeovers":37,"region":{"area":{"name":"Glasgow City","id":2778},"country":"gb","name":"Scotland","id":200},"pointsPerHour":1,"longitude":-4.188724,"takeoverPoints":185},"latitude":55.889149,"currentOwner":{"name":"tunahunter","id":299920},"time":"2021-07-19T20:07:37+0000","type":"takeover","longitude":-4.188724},{"zone":{"previousOwner":{"name":"stenkoll","id":308319},"dateCreated":"2015-04-06T10:00:00+0000","dateLastTaken":"2021-07-19T20:07:36+0000","latitude":59.578493,"currentOwner":{"name":"Brainar","id":11930},"name":"DupondZone","id":47865,"totalTakeovers":2631,"region":{"area":{"name":"Håbo","id":1980},"country":"se","name":"Uppsala","id":142},"pointsPerHour":4,"longitude":17.512827,"takeoverPoints":140},"latitude":59.578493,"currentOwner":{"name":"Brainar","id":11930},"time":"2021-07-19T20:07:36+0000","type":"takeover","longitude":17.512827},{"zone":{"previousOwner":{"name":"busdriver","id":21002},"dateLastTaken":"2021-07-19T20:07:28+0000","latitude":59.047621,"totalTakeovers":674,"type":{"name":"Train Station","id":13},"pointsPerHour":2,"takeoverPoints":170,"dateCreated":"2013-01-11T13:02:54+0000","currentOwner":{"name":"Tomemp","id":261760},"name":"BishopCrosier","id":13288,"region":{"area":{"name":"Södertälje kommun","id":1831},"country":"se","name":"Stockholm","id":141},"longitude":17.419156},"latitude":59.047621,"currentOwner":{"name":"Tomemp","id":261760},"time":"2021-07-19T20:07:28+0000","type":"takeover","longitude":17.419156},{"zone":{"previousOwner":{"name":"anthi","id":285613},"dateCreated":"2010-09-04T14:41:37+0000","dateLastTaken":"2021-07-19T20:07:27+0000","latitude":59.609601,"currentOwner":{"name":"jeep43","id":62564},"name":"CraneBuilder","id":715,"totalTakeovers":16564,"region":{"area":{"name":"Västerås","id":1807},"country":"se","name":"Västmanland","id":143},"pointsPerHour":8,"longitude":16.611852,"takeoverPoints":80},"latitude":59.609601,"currentOwner":{"name":"jeep43","id":62564},"time":"2021-07-19T20:07:27+0000","type":"takeover","longitude":16.611852},{"zone":{"previousOwner":{"name":"ChipButty","id":306073},"dateCreated":"2020-07-23T17:00:00+0000","dateLastTaken":"2021-07-19T20:07:25+0000","latitude":55.944092,"currentOwner":{"name":"bythesea","id":289445},"name":"PetersPinkie","id":318889,"totalTakeovers":173,"region":{"area":{"name":"East Lothian","id":2786},"country":"gb","name":"Scotland","id":200},"pointsPerHour":2,"longitude":-3.039529,"takeoverPoints":170},"latitude":55.944092,"currentOwner":{"name":"bythesea","id":289445},"time":"2021-07-19T20:07:25+0000","type":"takeover","longitude":-3.039529},{"zone":{"previousOwner":{"name":"tilverturf","id":166033},"dateCreated":"2018-05-10T05:00:00+0000","dateLastTaken":"2021-07-19T20:07:20+0000","latitude":59.868344,"currentOwner":{"name":"throkk","id":16063},"name":"Kvarngärde","id":144403,"totalTakeovers":6690,"region":{"area":{"name":"Uppsala kommun","id":1977},"country":"se","name":"Uppsala","id":142},"pointsPerHour":8,"longitude":17.653163,"takeoverPoints":80},"latitude":59.868344,"currentOwner":{"name":"throkk","id":16063},"time":"2021-07-19T20:07:20+0000","type":"takeover","longitude":17.653163},{"zone":{"previousOwner":{"name":"Röste","id":107099},"dateCreated":"2015-01-13T17:00:00+0000","dateLastTaken":"2021-07-19T20:07:18+0000","latitude":61.355935,"currentOwner":{"name":"hösjön","id":257146},"name":"Bergsveden","id":43759,"totalTakeovers":1290,"region":{"area":{"name":"Bollnäs kommun","id":2048},"country":"se","name":"Gävleborg","id":144},"pointsPerHour":3,"longitude":16.431541,"takeoverPoints":155},"latitude":61.355935,"currentOwner":{"name":"hösjön","id":257146},"time":"2021-07-19T20:07:18+0000","type":"takeover","longitude":16.431541},{"zone":{"previousOwner":{"name":"FeTaTo","id":310985},"dateCreated":"2020-12-31T23:59:59+0000","dateLastTaken":"2021-07-19T20:07:17+0000","latitude":55.94488,"currentOwner":{"name":"thistle2","id":304166},"name":"DouglasZigZag","id":361167,"totalTakeovers":31,"region":{"area":{"name":"East Dunbartonshire","id":2797},"country":"gb","name":"Scotland","id":200},"pointsPerHour":1,"longitude":-4.348362,"takeoverPoints":185},"latitude":55.94488,"currentOwner":{"name":"thistle2","id":304166},"time":"2021-07-19T20:07:17+0000","type":"takeover","longitude":-4.348362},{"zone":{"previousOwner":{"name":"GW007","id":77704},"dateCreated":"2011-08-27T07:47:36+0000","dateLastTaken":"2021-07-19T20:07:15+0000","latitude":56.658137,"currentOwner":{"name":"GW007","id":77704},"name":"CalmGustaf","id":2846,"totalTakeovers":16405,"region":{"area":{"name":"Kalmar kommun","id":2015},"country":"se","name":"Kalmar","id":137},"pointsPerHour":7,"longitude":16.346566,"takeoverPoints":95},"latitude":56.658137,"currentOwner":{"name":"GW007","id":77704},"time":"2021-07-19T20:07:15+0000","type":"takeover","longitude":16.346566},{"zone":{"previousOwner":{"name":"sorensan","id":25980},"dateCreated":"2012-03-28T19:00:19+0000","dateLastTaken":"2021-07-19T20:07:10+0000","latitude":59.850518,"currentOwner":{"name":"tilverturf","id":166033},"name":"ShellZone","id":7566,"totalTakeovers":25465,"region":{"area":{"name":"Uppsala kommun","id":1977},"country":"se","name":"Uppsala","id":142},"pointsPerHour":9,"longitude":17.643529,"takeoverPoints":65},"latitude":59.850518,"currentOwner":{"name":"tilverturf","id":166033},"time":"2021-07-19T20:07:10+0000","type":"takeover","longitude":17.643529},{"zone":{"previousOwner":{"name":"MrBungle","id":44781},"dateCreated":"2017-08-19T07:00:00+0000","dateLastTaken":"2021-07-19T20:07:08+0000","latitude":63.801169,"currentOwner":{"name":"praktikus","id":64871},"name":"CarlsEdge","id":117059,"totalTakeovers":7847,"region":{"area":{"name":"Umeå kommun","id":2064},"country":"se","name":"Västerbotten","id":127},"pointsPerHour":8,"longitude":20.325268,"takeoverPoints":80},"latitude":63.801169,"currentOwner":{"name":"praktikus","id":64871},"time":"2021-07-19T20:07:08+0000","type":"takeover","longitude":20.325268},{"zone":{"previousOwner":{"name":"B4RK","id":312893},"dateCreated":"2013-06-07T06:56:09+0000","dateLastTaken":"2021-07-19T20:07:08+0000","latitude":59.379166,"currentOwner":{"name":"krombe","id":271382},"name":"Solstensnurra","id":19205,"totalTakeovers":12712,"region":{"area":{"name":"Karlstads kommun","id":1827},"country":"se","name":"Värmland","id":130},"pointsPerHour":7,"longitude":13.508705,"takeoverPoints":95},"latitude":59.379166,"currentOwner":{"name":"krombe","id":271382},"time":"2021-07-19T20:07:08+0000","type":"takeover","longitude":13.508705},{"zone":{"previousOwner":{"name":"Str1der","id":298407},"dateCreated":"2020-12-10T20:00:00+0000","dateLastTaken":"2021-07-19T20:07:06+0000","latitude":53.065113,"currentOwner":{"name":"Zen4","id":300977},"name":"NortonBall","id":355550,"totalTakeovers":129,"region":{"area":{"name":"Stoke-on-Trent","id":2728},"country":"gb","name":"West Midlands","id":208},"pointsPerHour":1,"longitude":-2.163998,"takeoverPoints":185},"latitude":53.065113,"currentOwner":{"name":"Zen4","id":300977},"time":"2021-07-19T20:07:06+0000","type":"takeover","longitude":-2.163998},{"zone":{"previousOwner":{"name":"b2","id":38457},"dateCreated":"2014-04-10T16:00:00+0000","dateLastTaken":"2021-07-19T20:07:03+0000","latitude":57.635107,"currentOwner":{"name":"jösses...då","id":113416},"name":"Bronsfyndszon","id":28016,"totalTakeovers":5226,"region":{"area":{"name":"Göteborgs kommun","id":1885},"country":"se","name":"Västra Götaland","id":132},"pointsPerHour":5,"longitude":11.902147,"takeoverPoints":125},"latitude":57.635107,"currentOwner":{"name":"jösses...då","id":113416},"time":"2021-07-19T20:07:03+0000","type":"takeover","longitude":11.902147},{"zone":{"previousOwner":{"name":"Jonte67","id":284492},"dateCreated":"2010-09-02T00:00:00+0000","dateLastTaken":"2021-07-19T20:06:58+0000","latitude":55.60008,"currentOwner":{"name":"Hillcat","id":112193},"name":"Regementet","id":523,"totalTakeovers":10744,"region":{"area":{"name":"Malmö kommun","id":1898},"country":"se","name":"Skåne","id":135},"pointsPerHour":7,"longitude":12.990836,"takeoverPoints":95},"assists":[{"name":"Karuin","id":112194}],"latitude":55.60008,"currentOwner":{"name":"Hillcat","id":112193},"time":"2021-07-19T20:06:58+0000","type":"takeover","longitude":12.990836},{"zone":{"previousOwner":{"name":"Cruachan","id":304571},"dateCreated":"2020-07-12T17:00:00+0000","dateLastTaken":"2021-07-19T20:06:57+0000","latitude":55.932132,"currentOwner":{"name":"féarglas","id":280861},"name":"NiddriePlaza","id":318072,"totalTakeovers":132,"region":{"area":{"name":"City of Edinburgh","id":2780},"country":"gb","name":"Scotland","id":200},"pointsPerHour":2,"longitude":-3.125642,"takeoverPoints":170},"latitude":55.932132,"currentOwner":{"name":"féarglas","id":280861},"time":"2021-07-19T20:06:57+0000","type":"takeover","longitude":-3.125642},{"zone":{"previousOwner":{"name":"Sviar","id":31285},"dateLastTaken":"2021-07-19T20:06:55+0000","latitude":59.481531,"totalTakeovers":798,"type":{"name":"Monument","id":21},"pointsPerHour":5,"takeoverPoints":125,"dateCreated":"2020-03-30T17:59:07+0000","currentOwner":{"name":"Firefight001","id":274313},"name":"Livskvadronen","id":230851,"region":{"area":{"name":"Sollentuna kommun","id":1840},"country":"se","name":"Stockholm","id":141},"longitude":17.91494},"latitude":59.481531,"currentOwner":{"name":"Firefight001","id":274313},"time":"2021-07-19T20:06:55+0000","type":"takeover","longitude":17.91494},{"zone":{"previousOwner":{"name":"madam","id":71120},"dateCreated":"2011-11-15T18:32:13+0000","dateLastTaken":"2021-07-19T20:06:52+0000","latitude":66.325161,"currentOwner":{"name":"MattiasOh","id":252532},"name":"OverField","id":5022,"totalTakeovers":216,"region":{"area":{"name":"Överkalix kommun","id":2080},"country":"se","name":"Norrbotten","id":126},"pointsPerHour":2,"longitude":22.83613,"takeoverPoints":170},"latitude":66.325161,"currentOwner":{"name":"MattiasOh","id":252532},"time":"2021-07-19T20:06:52+0000","type":"takeover","longitude":22.83613},{"zone":{"previousOwner":{"name":"hillenhäxan","id":119651},"dateCreated":"2019-12-02T22:39:50+0000","dateLastTaken":"2021-07-19T20:06:47+0000","latitude":59.311188,"currentOwner":{"name":"Maqqan","id":23709},"name":"Harkrysset","id":224009,"totalTakeovers":72,"region":{"area":{"name":"Kristinehamns kommun","id":2028},"country":"se","name":"Värmland","id":130},"pointsPerHour":1,"longitude":14.148715,"takeoverPoints":185},"latitude":59.311188,"currentOwner":{"name":"Maqqan","id":23709},"time":"2021-07-19T20:06:47+0000","type":"takeover","longitude":14.148715},{"zone":{"previousOwner":{"name":"Suzzo","id":123234},"dateCreated":"2014-07-19T06:00:00+0000","dateLastTaken":"2021-07-19T20:06:45+0000","latitude":59.412386,"currentOwner":{"name":"Pekka74","id":330394},"name":"TulpanSol","id":32390,"totalTakeovers":2396,"region":{"area":{"name":"Eskilstuna kommun","id":1848},"country":"se","name":"Södermanland","id":140},"pointsPerHour":4,"longitude":16.483926,"takeoverPoints":140},"latitude":59.412386,"currentOwner":{"name":"Pekka74","id":330394},"time":"2021-07-19T20:06:45+0000","type":"takeover","longitude":16.483926},{"zone":{"previousOwner":{"name":"Grack","id":7893},"dateCreated":"2016-03-23T21:00:00+0000","dateLastTaken":"2021-07-19T20:06:44+0000","latitude":63.822403,"currentOwner":{"name":"boddiloddan","id":164393},"name":"Umeå500","id":64697,"totalTakeovers":20939,"region":{"area":{"name":"Umeå kommun","id":2064},"country":"se","name":"Västerbotten","id":127},"pointsPerHour":9,"longitude":20.28544,"takeoverPoints":65},"latitude":63.822403,"currentOwner":{"name":"boddiloddan","id":164393},"time":"2021-07-19T20:06:44+0000","type":"takeover","longitude":20.28544},{"zone":{"previousOwner":{"name":"Vuolleriebme","id":166514},"dateLastTaken":"2021-07-19T20:06:42+0000","latitude":57.663811,"totalTakeovers":12548,"type":{"name":"Bridge","id":8},"pointsPerHour":7,"takeoverPoints":95,"dateCreated":"2014-01-06T23:15:00+0000","currentOwner":{"name":"Pan_Pijak","id":59442},"name":"EyeshotZone","id":24734,"region":{"area":{"name":"Göteborgs kommun","id":1885},"country":"se","name":"Västra Götaland","id":132},"longitude":11.936064},"latitude":57.663811,"currentOwner":{"name":"Pan_Pijak","id":59442},"time":"2021-07-19T20:06:42+0000","type":"takeover","longitude":11.936064},{"zone":{"previousOwner":{"name":"Skräddaren_","id":242130},"dateLastTaken":"2021-07-19T20:06:42+0000","latitude":57.655858,"totalTakeovers":7286,"type":{"name":"Train Station","id":13},"pointsPerHour":7,"takeoverPoints":95,"dateCreated":"2016-11-24T07:58:50+0000","currentOwner":{"name":"Qwicke","id":190350},"name":"MölnStation","id":91654,"region":{"area":{"name":"Mölndals kommun","id":1886},"country":"se","name":"Västra Götaland","id":132},"longitude":12.018848},"latitude":57.655858,"currentOwner":{"name":"Qwicke","id":190350},"time":"2021-07-19T20:06:42+0000","type":"takeover","longitude":12.018848},{"zone":{"previousOwner":{"name":"Fawxz","id":162046},"dateCreated":"2013-04-20T13:30:00+0000","dateLastTaken":"2021-07-19T20:06:38+0000","latitude":62.382199,"currentOwner":{"name":"HaAnd","id":52242},"name":"HaveARest","id":17267,"totalTakeovers":6675,"region":{"area":{"name":"Sundsvalls kommun","id":2056},"country":"se","name":"Västernorrland","id":145},"pointsPerHour":4,"longitude":17.308107,"takeoverPoints":140},"latitude":62.382199,"currentOwner":{"name":"HaAnd","id":52242},"time":"2021-07-19T20:06:38+0000","type":"takeover","longitude":17.308107},{"zone":{"previousOwner":{"name":"Xtrmrunner","id":305266},"dateCreated":"2018-12-14T12:17:15+0000","dateLastTaken":"2021-07-19T20:06:36+0000","latitude":60.477938,"currentOwner":{"name":"Welshman","id":305225},"name":"RuntSkogen","id":178207,"totalTakeovers":227,"region":{"area":{"name":"Turku","id":2201},"country":"fi","name":"Lounais-Suomi","id":184},"pointsPerHour":2,"longitude":22.322545,"takeoverPoints":170},"latitude":60.477938,"currentOwner":{"name":"Welshman","id":305225},"time":"2021-07-19T20:06:36+0000","type":"takeover","longitude":22.322545},{"zone":{"previousOwner":{"name":"TunaWrangler","id":299952},"dateCreated":"2020-12-05T19:09:24+0000","dateLastTaken":"2021-07-19T20:06:29+0000","latitude":55.890835,"currentOwner":{"name":"tunahunter","id":299920},"name":"LoudenHill","id":354886,"totalTakeovers":23,"region":{"area":{"name":"Glasgow City","id":2778},"country":"gb","name":"Scotland","id":200},"pointsPerHour":1,"longitude":-4.190667,"takeoverPoints":185},"latitude":55.890835,"currentOwner":{"name":"tunahunter","id":299920},"time":"2021-07-19T20:06:29+0000","type":"takeover","longitude":-4.190667},{"zone":{"previousOwner":{"name":"Grusplan","id":42828},"dateCreated":"2014-02-28T16:00:00+0000","dateLastTaken":"2021-07-19T20:06:22+0000","latitude":59.637704,"currentOwner":{"name":"CRUSAIDER","id":168025},"name":"EnterTheMine","id":26164,"totalTakeovers":33606,"region":{"area":{"name":"Västerås","id":1807},"country":"se","name":"Västmanland","id":143},"pointsPerHour":8,"longitude":16.583429,"takeoverPoints":80},"latitude":59.637704,"currentOwner":{"name":"CRUSAIDER","id":168025},"time":"2021-07-19T20:06:22+0000","type":"takeover","longitude":16.583429},{"zone":{"previousOwner":{"name":"AndreaP","id":243464},"dateCreated":"2014-02-11T21:34:30+0000","dateLastTaken":"2021-07-19T20:06:22+0000","latitude":59.244659,"currentOwner":{"name":"hunden2berry","id":124460},"name":"Oxenstiernan","id":25761,"totalTakeovers":1264,"region":{"area":{"name":"Tyresö kommun","id":1843},"country":"se","name":"Stockholm","id":141},"pointsPerHour":2,"longitude":18.283362,"takeoverPoints":170},"latitude":59.244659,"currentOwner":{"name":"hunden2berry","id":124460},"time":"2021-07-19T20:06:22+0000","type":"takeover","longitude":18.283362},{"zone":{"previousOwner":{"name":"phallden","id":335389},"dateCreated":"2014-01-07T16:30:00+0000","dateLastTaken":"2021-07-19T20:06:20+0000","latitude":59.851935,"currentOwner":{"name":"sorensan","id":25980},"name":"Mjölnarparken","id":24787,"totalTakeovers":13299,"region":{"area":{"name":"Uppsala kommun","id":1977},"country":"se","name":"Uppsala","id":142},"pointsPerHour":8,"longitude":17.650684,"takeoverPoints":80},"latitude":59.851935,"currentOwner":{"name":"sorensan","id":25980},"time":"2021-07-19T20:06:20+0000","type":"takeover","longitude":17.650684},{"zone":{"previousOwner":{"name":"hookturf","id":73461},"dateCreated":"2017-04-07T22:58:53+0000","dateLastTaken":"2021-07-19T20:06:19+0000","latitude":58.43246,"currentOwner":{"name":"recycling","id":79989},"name":"NorraKröken","id":97912,"totalTakeovers":2676,"region":{"area":{"name":"Linköpings kommun","id":1852},"country":"se","name":"Östergötland","id":139},"pointsPerHour":4,"longitude":15.570533,"takeoverPoints":140},"latitude":58.43246,"currentOwner":{"name":"recycling","id":79989},"time":"2021-07-19T20:06:19+0000","type":"takeover","longitude":15.570533},{"zone":{"previousOwner":{"name":"boki","id":208220},"dateCreated":"2010-09-04T14:41:37+0000","dateLastTaken":"2021-07-19T20:06:18+0000","latitude":59.616307,"currentOwner":{"name":"Frökenathena","id":240979},"name":"TessinZone","id":505,"totalTakeovers":26824,"region":{"area":{"name":"Västerås","id":1807},"country":"se","name":"Västmanland","id":143},"pointsPerHour":8,"longitude":16.54481,"takeoverPoints":80},"latitude":59.616307,"currentOwner":{"name":"Frökenathena","id":240979},"time":"2021-07-19T20:06:18+0000","type":"takeover","longitude":16.54481},{"zone":{"previousOwner":{"name":"tinariwen","id":64077},"dateCreated":"2012-09-18T09:00:36+0000","dateLastTaken":"2021-07-19T20:06:18+0000","latitude":59.273919,"currentOwner":{"name":"ForeverYoung","id":325448},"name":"TheLock","id":11376,"totalTakeovers":16193,"region":{"area":{"name":"Örebro kommun","id":1819},"country":"se","name":"Örebro","id":131},"pointsPerHour":8,"longitude":15.237644,"takeoverPoints":80},"latitude":59.273919,"currentOwner":{"name":"ForeverYoung","id":325448},"time":"2021-07-19T20:06:18+0000","type":"takeover","longitude":15.237644},{"zone":{"previousOwner":{"name":"immi","id":193940},"dateCreated":"2014-01-01T15:00:00+0000","dateLastTaken":"2021-07-19T20:06:17+0000","latitude":59.317299,"currentOwner":{"name":"Kruse","id":23306},"name":"Häsängsskogen","id":24656,"totalTakeovers":4230,"region":{"area":{"name":"Karlskoga kommun","id":1818},"country":"se","name":"Örebro","id":131},"pointsPerHour":5,"longitude":14.48737,"takeoverPoints":125},"latitude":59.317299,"currentOwner":{"name":"Kruse","id":23306},"time":"2021-07-19T20:06:17+0000","type":"takeover","longitude":14.48737},{"zone":{"previousOwner":{"name":"Fenrisulven","id":14493},"dateCreated":"2016-10-16T16:30:00+0000","dateLastTaken":"2021-07-19T20:06:15+0000","latitude":58.411912,"currentOwner":{"name":"Bath","id":57990},"name":"Fågelviksled","id":90342,"totalTakeovers":4927,"region":{"area":{"name":"Tibro","id":1936},"country":"se","name":"Västra Götaland","id":132},"pointsPerHour":4,"longitude":14.171822,"takeoverPoints":140},"latitude":58.411912,"currentOwner":{"name":"Bath","id":57990},"time":"2021-07-19T20:06:15+0000","type":"takeover","longitude":14.171822},{"zone":{"previousOwner":{"name":"B4RK","id":312893},"dateCreated":"2010-10-17T15:21:01+0000","dateLastTaken":"2021-07-19T20:06:14+0000","latitude":59.365163,"currentOwner":{"name":"Jomii","id":63235},"name":"BabordZone","id":1022,"totalTakeovers":9512,"region":{"area":{"name":"Karlstads kommun","id":1827},"country":"se","name":"Värmland","id":130},"pointsPerHour":7,"longitude":13.494022,"takeoverPoints":95},"latitude":59.365163,"currentOwner":{"name":"Jomii","id":63235},"time":"2021-07-19T20:06:14+0000","type":"takeover","longitude":13.494022},{"zone":{"previousOwner":{"name":"Agfo","id":255439},"dateCreated":"2020-04-18T06:42:23+0000","dateLastTaken":"2021-07-19T20:06:13+0000","latitude":59.431037,"currentOwner":{"name":"NightDriver","id":279433},"name":"Järfällan","id":236197,"totalTakeovers":1456,"region":{"area":{"name":"Järfälla kommun","id":1835},"country":"se","name":"Stockholm","id":141},"pointsPerHour":6,"longitude":17.826331,"takeoverPoints":110},"latitude":59.431037,"currentOwner":{"name":"NightDriver","id":279433},"time":"2021-07-19T20:06:13+0000","type":"takeover","longitude":17.826331},{"zone":{"previousOwner":{"name":"0beroff","id":80119},"dateCreated":"2016-06-04T13:36:34+0000","dateLastTaken":"2021-07-19T20:06:13+0000","latitude":59.345309,"currentOwner":{"name":"DjSwiss","id":19207},"name":"OlausPetri","id":78293,"totalTakeovers":4169,"region":{"area":{"name":"Stockholms kommun","id":1828},"country":"se","name":"Stockholm","id":141},"pointsPerHour":7,"longitude":18.092883,"takeoverPoints":95},"latitude":59.345309,"currentOwner":{"name":"DjSwiss","id":19207},"time":"2021-07-19T20:06:13+0000","type":"takeover","longitude":18.092883},{"zone":{"previousOwner":{"name":"phallden","id":335389},"dateCreated":"2011-08-08T18:32:37+0000","dateLastTaken":"2021-07-19T20:06:09+0000","latitude":59.854415,"currentOwner":{"name":"Gunstajonte","id":155635},"name":"Svintorget","id":2560,"totalTakeovers":27539,"region":{"area":{"name":"Uppsala kommun","id":1977},"country":"se","name":"Uppsala","id":142},"pointsPerHour":9,"longitude":17.64759,"takeoverPoints":65},"latitude":59.854415,"currentOwner":{"name":"Gunstajonte","id":155635},"time":"2021-07-19T20:06:09+0000","type":"takeover","longitude":17.64759},{"zone":{"previousOwner":{"name":"gerald_flux.rc","id":306374},"dateCreated":"2021-02-27T06:30:00+0000","dateLastTaken":"2021-07-19T20:06:08+0000","latitude":52.490051,"currentOwner":{"name":"gerald_flux.rc","id":306374},"name":"Flaschenhals","id":388584,"totalTakeovers":33,"region":{"area":{"name":"Berlin","id":3814},"country":"de","name":"Berlin","id":440},"pointsPerHour":1,"longitude":13.373831,"takeoverPoints":185},"latitude":52.490051,"currentOwner":{"name":"gerald_flux.rc","id":306374},"time":"2021-07-19T20:06:08+0000","type":"takeover","longitude":13.373831},{"zone":{"previousOwner":{"name":"Spillunten","id":49671},"dateCreated":"2018-04-11T11:51:42+0000","dateLastTaken":"2021-07-19T20:06:08+0000","latitude":58.026531,"currentOwner":{"name":"Joamo","id":125983},"name":"Badlagunen","id":143519,"totalTakeovers":368,"region":{"area":{"name":"Jönköpings kommun","id":1897},"country":"se","name":"Jönköping","id":133},"pointsPerHour":2,"longitude":14.454037,"takeoverPoints":170},"latitude":58.026531,"currentOwner":{"name":"Joamo","id":125983},"time":"2021-07-19T20:06:08+0000","type":"takeover","longitude":14.454037},{"zone":{"previousOwner":{"name":"marypoppins","id":48730},"dateCreated":"2013-12-24T16:00:00+0000","dateLastTaken":"2021-07-19T20:06:04+0000","latitude":59.91052,"currentOwner":{"name":"Nattuggla","id":165442},"name":"SilverBreak","id":24225,"totalTakeovers":7321,"region":{"area":{"name":"Sala kommun","id":1809},"country":"se","name":"Västmanland","id":143},"pointsPerHour":5,"longitude":16.588648,"takeoverPoints":125},"latitude":59.91052,"currentOwner":{"name":"Nattuggla","id":165442},"time":"2021-07-19T20:06:04+0000","type":"takeover","longitude":16.588648},{"zone":{"previousOwner":{"name":"Eskimonika","id":41336},"dateLastTaken":"2021-07-19T20:06:03+0000","latitude":59.272045,"totalTakeovers":39108,"type":{"name":"Monument","id":21},"pointsPerHour":9,"takeoverPoints":65,"dateCreated":"2011-09-07T08:00:00+0000","currentOwner":{"name":"serlydp","id":336013},"name":"GreatSquare","id":3116,"region":{"area":{"name":"Örebro kommun","id":1819},"country":"se","name":"Örebro","id":131},"longitude":15.21244},"latitude":59.272045,"currentOwner":{"name":"serlydp","id":336013},"time":"2021-07-19T20:06:03+0000","type":"takeover","longitude":15.21244},{"zone":{"previousOwner":{"name":"hgaw","id":65224},"dateLastTaken":"2021-07-19T20:06:02+0000","latitude":56.551327,"totalTakeovers":2056,"type":{"name":"Train Station","id":13},"pointsPerHour":2,"takeoverPoints":170,"dateCreated":"2017-09-22T09:40:12+0000","currentOwner":{"name":"hgaw","id":65224},"name":"Tåghult","id":128076,"region":{"area":{"name":"Älmhults kommun","id":1999},"country":"se","name":"Kronoberg","id":147},"longitude":14.136847},"latitude":56.551327,"currentOwner":{"name":"hgaw","id":65224},"time":"2021-07-19T20:06:02+0000","type":"takeover","longitude":14.136847},{"zone":{"previousOwner":{"name":"larsovegus","id":125816},"dateLastTaken":"2021-07-19T20:06:02+0000","latitude":62.629831,"totalTakeovers":2070,"type":{"name":"Holy","id":9},"pointsPerHour":3,"takeoverPoints":155,"dateCreated":"2011-08-27T08:45:11+0000","currentOwner":{"name":"maggan51","id":331276},"name":"HereGraves","id":2855,"region":{"area":{"name":"Härnösands kommun","id":2057},"country":"se","name":"Västernorrland","id":145},"longitude":17.951489},"latitude":62.629831,"currentOwner":{"name":"maggan51","id":331276},"time":"2021-07-19T20:06:02+0000","type":"takeover","longitude":17.951489},{"zone":{"previousOwner":{"name":"anthi","id":285613},"dateCreated":"2016-10-18T14:52:58+0000","dateLastTaken":"2021-07-19T20:06:00+0000","latitude":59.612111,"currentOwner":{"name":"jeep43","id":62564},"name":"PourCorner","id":90448,"totalTakeovers":10538,"region":{"area":{"name":"Västerås","id":1807},"country":"se","name":"Västmanland","id":143},"pointsPerHour":8,"longitude":16.613459,"takeoverPoints":80},"latitude":59.612111,"currentOwner":{"name":"jeep43","id":62564},"time":"2021-07-19T20:06:00+0000","type":"takeover","longitude":16.613459},{"zone":{"previousOwner":{"name":"Zmulan1","id":111968},"dateCreated":"2016-04-01T14:04:01+0000","dateLastTaken":"2021-07-19T20:05:59+0000","latitude":59.380377,"currentOwner":{"name":"B4RK","id":312893},"name":"Romstadsport","id":64898,"totalTakeovers":10934,"region":{"area":{"name":"Karlstads kommun","id":1827},"country":"se","name":"Värmland","id":130},"pointsPerHour":8,"longitude":13.470274,"takeoverPoints":80},"latitude":59.380377,"currentOwner":{"name":"B4RK","id":312893},"time":"2021-07-19T20:05:59+0000","type":"takeover","longitude":13.470274},{"zone":{"previousOwner":{"name":"TimmyM","id":282180},"dateCreated":"2020-08-27T16:00:00+0000","dateLastTaken":"2021-07-19T20:05:55+0000","latitude":55.890482,"currentOwner":{"name":"TimmyM","id":282180},"name":"TheDalmaboy","id":322190,"totalTakeovers":618,"region":{"area":{"name":"City of Edinburgh","id":2780},"country":"gb","name":"Scotland","id":200},"pointsPerHour":3,"longitude":-3.343159,"takeoverPoints":155},"latitude":55.890482,"currentOwner":{"name":"TimmyM","id":282180},"time":"2021-07-19T20:05:55+0000","type":"takeover","longitude":-3.343159},{"zone":{"previousOwner":{"name":"tilverturf","id":166033},"dateCreated":"2010-09-04T14:41:37+0000","dateLastTaken":"2021-07-19T20:05:55+0000","latitude":59.870322,"currentOwner":{"name":"throkk","id":16063},"name":"Thunman","id":679,"totalTakeovers":16714,"region":{"area":{"name":"Uppsala kommun","id":1977},"country":"se","name":"Uppsala","id":142},"pointsPerHour":7,"longitude":17.65384,"takeoverPoints":95},"latitude":59.870322,"currentOwner":{"name":"throkk","id":16063},"time":"2021-07-19T20:05:55+0000","type":"takeover","longitude":17.65384},{"zone":{"previousOwner":{"name":"ESOCWoody","id":281407},"dateCreated":"2020-08-31T07:00:00+0000","dateLastTaken":"2021-07-19T20:05:54+0000","latitude":55.902713,"currentOwner":{"name":"Artful","id":302131},"name":"Aye","id":323047,"totalTakeovers":73,"region":{"area":{"name":"West Lothian","id":2781},"country":"gb","name":"Scotland","id":200},"pointsPerHour":2,"longitude":-3.507841,"takeoverPoints":170},"latitude":55.902713,"currentOwner":{"name":"Artful","id":302131},"time":"2021-07-19T20:05:54+0000","type":"takeover","longitude":-3.507841},{"zone":{"previousOwner":{"name":"ZoneTherapist","id":76854},"dateCreated":"2014-08-30T20:00:00+0000","dateLastTaken":"2021-07-19T20:05:50+0000","latitude":59.802735,"currentOwner":{"name":"Glasskamp","id":23066},"name":"BlåHeimdal","id":33697,"totalTakeovers":3738,"region":{"area":{"name":"Uppsala kommun","id":1977},"country":"se","name":"Uppsala","id":142},"pointsPerHour":4,"longitude":17.6524,"takeoverPoints":140},"latitude":59.802735,"currentOwner":{"name":"Glasskamp","id":23066},"time":"2021-07-19T20:05:50+0000","type":"takeover","longitude":17.6524},{"zone":{"previousOwner":{"name":"stefanx46","id":36563},"dateLastTaken":"2021-07-19T20:05:48+0000","latitude":64.752807,"totalTakeovers":1712,"type":{"name":"Holy","id":9},"pointsPerHour":5,"takeoverPoints":125,"dateCreated":"2015-12-24T14:00:00+0000","currentOwner":{"name":"Sledge","id":241272},"name":"Gravbron","id":62195,"region":{"area":{"name":"Skellefteå kommun","id":2065},"country":"se","name":"Västerbotten","id":127},"longitude":20.911531},"latitude":64.752807,"currentOwner":{"name":"Sledge","id":241272},"time":"2021-07-19T20:05:48+0000","type":"takeover","longitude":20.911531},{"zone":{"previousOwner":{"name":"VincentVega","id":58769},"dateCreated":"2015-08-16T20:00:00+0000","dateLastTaken":"2021-07-19T20:05:45+0000","latitude":59.514297,"currentOwner":{"name":"BjörnBel","id":205132},"name":"ICMotIP","id":56131,"totalTakeovers":4377,"region":{"area":{"name":"Köpings kommun","id":1813},"country":"se","name":"Västmanland","id":143},"pointsPerHour":5,"longitude":16.005482,"takeoverPoints":125},"latitude":59.514297,"currentOwner":{"name":"BjörnBel","id":205132},"time":"2021-07-19T20:05:45+0000","type":"takeover","longitude":16.005482},{"zone":{"previousOwner":{"name":"Grack","id":7893},"dateCreated":"2012-04-11T21:33:38+0000","dateLastTaken":"2021-07-19T20:05:45+0000","latitude":63.82398,"currentOwner":{"name":"boddiloddan","id":164393},"name":"EastOreStreet","id":8072,"totalTakeovers":29712,"region":{"area":{"name":"Umeå kommun","id":2064},"country":"se","name":"Västerbotten","id":127},"pointsPerHour":9,"longitude":20.286336,"takeoverPoints":65},"latitude":63.82398,"currentOwner":{"name":"boddiloddan","id":164393},"time":"2021-07-19T20:05:45+0000","type":"takeover","longitude":20.286336},{"zone":{"previousOwner":{"name":"B4RK","id":312893},"dateLastTaken":"2021-07-19T20:05:44+0000","latitude":59.37934,"totalTakeovers":19918,"type":{"name":"Bridge","id":8},"pointsPerHour":8,"takeoverPoints":80,"dateCreated":"2010-09-04T14:41:37+0000","currentOwner":{"name":"krombe","id":271382},"name":"AnkerBridge","id":694,"region":{"area":{"name":"Karlstads kommun","id":1827},"country":"se","name":"Värmland","id":130},"longitude":13.512426},"latitude":59.37934,"currentOwner":{"name":"krombe","id":271382},"time":"2021-07-19T20:05:44+0000","type":"takeover","longitude":13.512426},{"zone":{"previousOwner":{"name":"krokodilen","id":45356},"dateCreated":"2012-02-12T21:39:04+0000","dateLastTaken":"2021-07-19T20:05:43+0000","latitude":56.178668,"currentOwner":{"name":"alligatorn","id":26497},"name":"PlatanZone","id":6239,"totalTakeovers":299,"region":{"area":{"name":"Silkeborg Kommune","id":2169},"country":"dk","name":"Midtjylland","id":175},"pointsPerHour":1,"longitude":9.590536,"takeoverPoints":185},"latitude":56.178668,"currentOwner":{"name":"alligatorn","id":26497},"time":"2021-07-19T20:05:43+0000","type":"takeover","longitude":9.590536},{"zone":{"previousOwner":{"name":"cre8or","id":64352},"dateLastTaken":"2021-07-19T20:05:41+0000","latitude":57.706295,"totalTakeovers":30547,"type":{"name":"Bridge","id":8},"pointsPerHour":9,"takeoverPoints":65,"dateCreated":"2010-08-11T00:00:00+0000","currentOwner":{"name":"Dadeee","id":327379},"name":"DieBrücke","id":374,"region":{"area":{"name":"Göteborgs kommun","id":1885},"country":"se","name":"Västra Götaland","id":132},"longitude":11.965429},"latitude":57.706295,"currentOwner":{"name":"Dadeee","id":327379},"time":"2021-07-19T20:05:41+0000","type":"takeover","longitude":11.965429},{"zone":{"previousOwner":{"name":"Game-Over","id":77006},"dateCreated":"2013-04-11T10:36:54+0000","dateLastTaken":"2021-07-19T20:05:39+0000","latitude":57.708065,"currentOwner":{"name":"MonoMono","id":328075},"name":"MickelsZone","id":16884,"totalTakeovers":2877,"region":{"area":{"name":"Jönköpings kommun","id":1897},"country":"se","name":"Jönköping","id":133},"pointsPerHour":3,"longitude":14.322454,"takeoverPoints":155},"latitude":57.708065,"currentOwner":{"name":"MonoMono","id":328075},"time":"2021-07-19T20:05:39+0000","type":"takeover","longitude":14.322454},{"zone":{"previousOwner":{"name":"sorensan","id":25980},"dateCreated":"2011-03-17T00:00:00+0000","dateLastTaken":"2021-07-19T20:05:38+0000","latitude":59.852987,"currentOwner":{"name":"tilverturf","id":166033},"name":"Sickhouse","id":1572,"totalTakeovers":22003,"region":{"area":{"name":"Uppsala kommun","id":1977},"country":"se","name":"Uppsala","id":142},"pointsPerHour":9,"longitude":17.641008,"takeoverPoints":65},"latitude":59.852987,"currentOwner":{"name":"tilverturf","id":166033},"time":"2021-07-19T20:05:38+0000","type":"takeover","longitude":17.641008},{"zone":{"previousOwner":{"name":"Cruachan","id":304571},"dateCreated":"2021-02-14T11:30:00+0000","dateLastTaken":"2021-07-19T20:05:37+0000","latitude":55.930675,"currentOwner":{"name":"féarglas","id":280861},"name":"NiddryGriddry","id":371272,"totalTakeovers":71,"region":{"area":{"name":"City of Edinburgh","id":2780},"country":"gb","name":"Scotland","id":200},"pointsPerHour":2,"longitude":-3.122185,"takeoverPoints":170},"latitude":55.930675,"currentOwner":{"name":"féarglas","id":280861},"time":"2021-07-19T20:05:37+0000","type":"takeover","longitude":-3.122185},{"zone":{"previousOwner":{"name":"CharlottaR","id":326682},"dateCreated":"2017-02-18T08:00:00+0000","dateLastTaken":"2021-07-19T20:05:36+0000","latitude":59.347714,"currentOwner":{"name":"0beroff","id":80119},"name":"Gärdestuben","id":94808,"totalTakeovers":3587,"region":{"area":{"name":"Stockholms kommun","id":1828},"country":"se","name":"Stockholm","id":141},"pointsPerHour":5,"longitude":18.101754,"takeoverPoints":125},"latitude":59.347714,"currentOwner":{"name":"0beroff","id":80119},"time":"2021-07-19T20:05:36+0000","type":"takeover","longitude":18.101754},{"zone":{"previousOwner":{"name":"Röste","id":107099},"dateCreated":"2020-08-09T18:10:06+0000","dateLastTaken":"2021-07-19T20:05:34+0000","latitude":61.357082,"currentOwner":{"name":"hösjön","id":257146},"name":"Virvelturf","id":319202,"totalTakeovers":423,"region":{"area":{"name":"Bollnäs kommun","id":2048},"country":"se","name":"Gävleborg","id":144},"pointsPerHour":4,"longitude":16.423452,"takeoverPoints":140},"latitude":61.357082,"currentOwner":{"name":"hösjön","id":257146},"time":"2021-07-19T20:05:34+0000","type":"takeover","longitude":16.423452},{"zone":{"previousOwner":{"name":"molex","id":240222},"dateCreated":"2013-01-18T23:29:56+0000","dateLastTaken":"2021-07-19T20:05:22+0000","latitude":59.619904,"currentOwner":{"name":"MarieAndervin","id":335047},"name":"SigBigBurn","id":13683,"totalTakeovers":1215,"region":{"area":{"name":"Sigtuna kommun","id":1834},"country":"se","name":"Stockholm","id":141},"pointsPerHour":4,"longitude":17.711292,"takeoverPoints":140},"latitude":59.619904,"currentOwner":{"name":"MarieAndervin","id":335047},"time":"2021-07-19T20:05:22+0000","type":"takeover","longitude":17.711292},{"zone":{"previousOwner":{"name":"Xtrmrunner","id":305266},"dateCreated":"2018-12-14T12:19:41+0000","dateLastTaken":"2021-07-19T20:05:21+0000","latitude":60.480394,"currentOwner":{"name":"Welshman","id":305225},"name":"Kiertopolku","id":178208,"totalTakeovers":221,"region":{"area":{"name":"Turku","id":2201},"country":"fi","name":"Lounais-Suomi","id":184},"pointsPerHour":2,"longitude":22.322,"takeoverPoints":170},"latitude":60.480394,"currentOwner":{"name":"Welshman","id":305225},"time":"2021-07-19T20:05:21+0000","type":"takeover","longitude":22.322},{"zone":{"previousOwner":{"name":"PlanetGary","id":303237},"dateCreated":"2020-08-29T13:00:00+0000","dateLastTaken":"2021-07-19T20:05:20+0000","latitude":55.837586,"currentOwner":{"name":"RebelScum","id":306102},"name":"TheBank","id":321824,"totalTakeovers":36,"region":{"area":{"name":"Midlothian","id":2802},"country":"gb","name":"Scotland","id":200},"pointsPerHour":1,"longitude":-3.043433,"takeoverPoints":185},"latitude":55.837586,"currentOwner":{"name":"RebelScum","id":306102},"time":"2021-07-19T20:05:20+0000","type":"takeover","longitude":-3.043433},{"zone":{"previousOwner":{"name":"PerreW","id":26629},"dateCreated":"2014-10-13T14:00:00+0000","dateLastTaken":"2021-07-19T20:05:17+0000","latitude":59.368016,"currentOwner":{"name":"topten","id":17328},"name":"Gosebänkarna","id":37702,"totalTakeovers":6561,"region":{"area":{"name":"Sundbybergs kommun","id":1889},"country":"se","name":"Stockholm","id":141},"pointsPerHour":6,"longitude":17.959136,"takeoverPoints":110},"latitude":59.368016,"currentOwner":{"name":"topten","id":17328},"time":"2021-07-19T20:05:17+0000","type":"takeover","longitude":17.959136},{"zone":{"previousOwner":{"name":"Ulagjr","id":78776},"dateLastTaken":"2021-07-19T20:05:17+0000","latitude":56.660234,"totalTakeovers":13590,"type":{"name":"Ruins/Ancient Remains","id":16},"pointsPerHour":7,"takeoverPoints":95,"dateCreated":"2013-06-08T12:46:53+0000","currentOwner":{"name":"GW007","id":77704},"name":"OldKalmar","id":19323,"region":{"area":{"name":"Kalmar kommun","id":2015},"country":"se","name":"Kalmar","id":137},"longitude":16.352046},"latitude":56.660234,"currentOwner":{"name":"GW007","id":77704},"time":"2021-07-19T20:05:17+0000","type":"takeover","longitude":16.352046},{"zone":{"previousOwner":{"name":"phallden","id":335389},"dateCreated":"2012-05-01T23:01:03+0000","dateLastTaken":"2021-07-19T20:05:17+0000","latitude":59.850546,"currentOwner":{"name":"sorensan","id":25980},"name":"Korpzonen","id":8462,"totalTakeovers":15558,"region":{"area":{"name":"Uppsala kommun","id":1977},"country":"se","name":"Uppsala","id":142},"pointsPerHour":8,"longitude":17.653349,"takeoverPoints":80},"latitude":59.850546,"currentOwner":{"name":"sorensan","id":25980},"time":"2021-07-19T20:05:17+0000","type":"takeover","longitude":17.653349},{"zone":{"previousOwner":{"name":"Suzzo","id":123234},"dateCreated":"2014-10-11T08:17:39+0000","dateLastTaken":"2021-07-19T20:05:14+0000","latitude":59.411021,"currentOwner":{"name":"Pekka74","id":330394},"name":"Näcken","id":37718,"totalTakeovers":2519,"region":{"area":{"name":"Eskilstuna kommun","id":1848},"country":"se","name":"Södermanland","id":140},"pointsPerHour":4,"longitude":16.487124,"takeoverPoints":140},"latitude":59.411021,"currentOwner":{"name":"Pekka74","id":330394},"time":"2021-07-19T20:05:14+0000","type":"takeover","longitude":16.487124},{"zone":{"previousOwner":{"name":"madam","id":71120},"dateCreated":"2018-09-21T08:35:38+0000","dateLastTaken":"2021-07-19T20:05:13+0000","latitude":66.326952,"currentOwner":{"name":"MattiasOh","id":252532},"name":"Övercentrum","id":168788,"totalTakeovers":116,"region":{"area":{"name":"Överkalix kommun","id":2080},"country":"se","name":"Norrbotten","id":126},"pointsPerHour":2,"longitude":22.837646,"takeoverPoints":170},"latitude":66.326952,"currentOwner":{"name":"MattiasOh","id":252532},"time":"2021-07-19T20:05:13+0000","type":"takeover","longitude":22.837646},{"zone":{"previousOwner":{"name":"Blodgivare","id":263729},"dateCreated":"2013-11-28T17:00:00+0000","dateLastTaken":"2021-07-19T20:05:12+0000","latitude":59.311163,"currentOwner":{"name":"immi","id":193940},"name":"StråningsIP","id":23514,"totalTakeovers":4708,"region":{"area":{"name":"Karlskoga kommun","id":1818},"country":"se","name":"Örebro","id":131},"pointsPerHour":5,"longitude":14.475047,"takeoverPoints":125},"latitude":59.311163,"currentOwner":{"name":"immi","id":193940},"time":"2021-07-19T20:05:12+0000","type":"takeover","longitude":14.475047},{"zone":{"previousOwner":{"name":"féarglas","id":280861},"dateLastTaken":"2021-07-19T20:05:11+0000","latitude":55.952005,"totalTakeovers":986,"type":{"name":"Train Station","id":13},"pointsPerHour":7,"takeoverPoints":95,"dateCreated":"2017-11-15T20:32:43+0000","currentOwner":{"name":"ChipButty","id":306073},"name":"Waverley","id":138141,"region":{"area":{"name":"City of Edinburgh","id":2780},"country":"gb","name":"Scotland","id":200},"longitude":-3.189745},"latitude":55.952005,"currentOwner":{"name":"ChipButty","id":306073},"time":"2021-07-19T20:05:11+0000","type":"takeover","longitude":-3.189745},{"zone":{"previousOwner":{"name":"ChipButty","id":306073},"dateCreated":"2020-10-25T14:45:00+0000","dateLastTaken":"2021-07-19T20:05:08+0000","latitude":53.478118,"currentOwner":{"name":"CoffeeCup","id":312772},"name":"Sackville","id":348161,"totalTakeovers":23,"region":{"area":{"name":"Greater Manchester","id":2843},"country":"gb","name":"North West England","id":201},"pointsPerHour":1,"longitude":-2.238642,"takeoverPoints":185},"latitude":53.478118,"currentOwner":{"name":"CoffeeCup","id":312772},"time":"2021-07-19T20:05:08+0000","type":"takeover","longitude":-2.238642},{"zone":{"previousOwner":{"name":"Vuolleriebme","id":166514},"dateCreated":"2014-01-06T23:15:00+0000","dateLastTaken":"2021-07-19T20:05:08+0000","latitude":57.661379,"currentOwner":{"name":"Pan_Pijak","id":59442},"name":"Marconi","id":24736,"totalTakeovers":10476,"region":{"area":{"name":"Göteborgs kommun","id":1885},"country":"se","name":"Västra Götaland","id":132},"pointsPerHour":7,"longitude":11.935228,"takeoverPoints":95},"latitude":57.661379,"currentOwner":{"name":"Pan_Pijak","id":59442},"time":"2021-07-19T20:05:08+0000","type":"takeover","longitude":11.935228},{"zone":{"dateCreated":"2015-08-28T16:00:00+0000","dateLastTaken":"2021-07-19T20:04:58+0000","latitude":59.33635,"currentOwner":{"name":"PrästFest","id":241756},"name":"Stenbrottet","id":56606,"totalTakeovers":269,"region":{"area":{"name":"Ekerö kommun","id":1839},"country":"se","name":"Stockholm","id":141},"pointsPerHour":1,"longitude":17.674977,"takeoverPoints":185},"assists":[{"name":"TinkyWinky","id":243237}],"latitude":59.33635,"currentOwner":{"name":"PrästFest","id":241756},"time":"2021-07-19T20:04:58+0000","type":"takeover","longitude":17.674977},{"zone":{"previousOwner":{"name":"Fawxz","id":162046},"dateCreated":"2010-09-01T00:00:00+0000","dateLastTaken":"2021-07-19T20:04:54+0000","latitude":62.383687,"currentOwner":{"name":"HaAnd","id":52242},"name":"SundSchool","id":793,"totalTakeovers":6826,"region":{"area":{"name":"Sundsvalls kommun","id":2056},"country":"se","name":"Västernorrland","id":145},"pointsPerHour":5,"longitude":17.312325,"takeoverPoints":125},"latitude":62.383687,"currentOwner":{"name":"HaAnd","id":52242},"time":"2021-07-19T20:04:54+0000","type":"takeover","longitude":17.312325},{"zone":{"previousOwner":{"name":"Grusplan","id":42828},"dateCreated":"2012-04-01T13:36:13+0000","dateLastTaken":"2021-07-19T20:04:52+0000","latitude":59.638532,"currentOwner":{"name":"CRUSAIDER","id":168025},"name":"RoboticsZone","id":7757,"totalTakeovers":32305,"region":{"area":{"name":"Västerås","id":1807},"country":"se","name":"Västmanland","id":143},"pointsPerHour":8,"longitude":16.58737,"takeoverPoints":80},"latitude":59.638532,"currentOwner":{"name":"CRUSAIDER","id":168025},"time":"2021-07-19T20:04:52+0000","type":"takeover","longitude":16.58737},{"zone":{"previousOwner":{"name":"sunnyanna","id":121038},"dateCreated":"2018-10-15T19:59:33+0000","dateLastTaken":"2021-07-19T20:04:47+0000","latitude":60.12447,"currentOwner":{"name":"Aicar","id":74956},"name":"JakosZone","id":176153,"totalTakeovers":1646,"region":{"area":{"name":"Mariehamn","id":2176},"country":"fi","name":"Åland","id":177},"pointsPerHour":5,"longitude":19.928915,"takeoverPoints":125},"latitude":60.12447,"currentOwner":{"name":"Aicar","id":74956},"time":"2021-07-19T20:04:47+0000","type":"takeover","longitude":19.928915},{"zone":{"previousOwner":{"name":"immi","id":193940},"dateCreated":"2017-11-11T18:21:07+0000","dateLastTaken":"2021-07-19T20:04:45+0000","latitude":59.318625,"currentOwner":{"name":"Kruse","id":23306},"name":"InteKrokig","id":122870,"totalTakeovers":2993,"region":{"area":{"name":"Karlskoga kommun","id":1818},"country":"se","name":"Örebro","id":131},"pointsPerHour":6,"longitude":14.483562,"takeoverPoints":110},"latitude":59.318625,"currentOwner":{"name":"Kruse","id":23306},"time":"2021-07-19T20:04:45+0000","type":"takeover","longitude":14.483562},{"zone":{"previousOwner":{"name":"Swiiitan","id":6579},"dateLastTaken":"2021-07-19T20:04:44+0000","latitude":58.284156,"totalTakeovers":7409,"type":{"name":"Bridge","id":8},"pointsPerHour":5,"takeoverPoints":125,"dateCreated":"2012-10-29T21:54:32+0000","currentOwner":{"name":"NSG_turf","id":42431},"name":"Klaffbron","id":11766,"region":{"area":{"name":"Trollhättans kommun","id":1907},"country":"se","name":"Västra Götaland","id":132},"longitude":12.284107},"latitude":58.284156,"currentOwner":{"name":"NSG_turf","id":42431},"time":"2021-07-19T20:04:44+0000","type":"takeover","longitude":12.284107},{"zone":{"previousOwner":{"name":"phallden","id":335389},"dateCreated":"2014-09-25T16:00:00+0000","dateLastTaken":"2021-07-19T20:04:42+0000","latitude":59.856046,"currentOwner":{"name":"Gunstajonte","id":155635},"name":"Samaritzone","id":37124,"totalTakeovers":20985,"region":{"area":{"name":"Uppsala kommun","id":1977},"country":"se","name":"Uppsala","id":142},"pointsPerHour":9,"longitude":17.647588,"takeoverPoints":65},"latitude":59.856046,"currentOwner":{"name":"Gunstajonte","id":155635},"time":"2021-07-19T20:04:42+0000","type":"takeover","longitude":17.647588},{"zone":{"previousOwner":{"name":"Fenrisulven","id":14493},"dateCreated":"2019-10-27T21:56:51+0000","dateLastTaken":"2021-07-19T20:04:40+0000","latitude":58.410532,"currentOwner":{"name":"Bath","id":57990},"name":"Hörnerakan","id":221448,"totalTakeovers":1504,"region":{"area":{"name":"Tibro","id":1936},"country":"se","name":"Västra Götaland","id":132},"pointsPerHour":4,"longitude":14.170554,"takeoverPoints":140},"latitude":58.410532,"currentOwner":{"name":"Bath","id":57990},"time":"2021-07-19T20:04:40+0000","type":"takeover","longitude":14.170554},{"zone":{"previousOwner":{"name":"TunaWrangler","id":299952},"dateCreated":"2020-11-08T11:00:00+0000","dateLastTaken":"2021-07-19T20:04:38+0000","latitude":55.892854,"currentOwner":{"name":"tunahunter","id":299920},"name":"Standburn","id":350246,"totalTakeovers":31,"region":{"area":{"name":"Glasgow City","id":2778},"country":"gb","name":"Scotland","id":200},"pointsPerHour":1,"longitude":-4.191325,"takeoverPoints":185},"latitude":55.892854,"currentOwner":{"name":"tunahunter","id":299920},"time":"2021-07-19T20:04:38+0000","type":"takeover","longitude":-4.191325},{"zone":{"previousOwner":{"name":"Lizen","id":190320},"dateCreated":"2018-11-20T18:50:03+0000","dateLastTaken":"2021-07-19T20:04:36+0000","latitude":55.57835,"currentOwner":{"name":"TuffaTyra","id":279232},"name":"Capricciosa","id":177426,"totalTakeovers":743,"region":{"area":{"name":"Malmö kommun","id":1898},"country":"se","name":"Skåne","id":135},"pointsPerHour":3,"longitude":12.960593,"takeoverPoints":155},"latitude":55.57835,"currentOwner":{"name":"TuffaTyra","id":279232},"time":"2021-07-19T20:04:36+0000","type":"takeover","longitude":12.960593},{"zone":{"previousOwner":{"name":"Grack","id":7893},"dateCreated":"2015-04-12T20:50:53+0000","dateLastTaken":"2021-07-19T20:04:35+0000","latitude":63.818638,"currentOwner":{"name":"benjaradona","id":141225},"name":"NorraEntrén","id":48443,"totalTakeovers":33101,"region":{"area":{"name":"Umeå kommun","id":2064},"country":"se","name":"Västerbotten","id":127},"pointsPerHour":9,"longitude":20.297771,"takeoverPoints":65},"latitude":63.818638,"currentOwner":{"name":"benjaradona","id":141225},"time":"2021-07-19T20:04:35+0000","type":"takeover","longitude":20.297771},{"zone":{"previousOwner":{"name":"sweet_mama","id":80084},"dateCreated":"2012-07-01T22:10:59+0000","dateLastTaken":"2021-07-19T20:04:35+0000","latitude":59.280217,"currentOwner":{"name":"nucleus","id":18831},"name":"BollstaWoods","id":9592,"totalTakeovers":6765,"region":{"area":{"name":"Stockholms kommun","id":1828},"country":"se","name":"Stockholm","id":141},"pointsPerHour":6,"longitude":18.04417,"takeoverPoints":110},"latitude":59.280217,"currentOwner":{"name":"nucleus","id":18831},"time":"2021-07-19T20:04:35+0000","type":"takeover","longitude":18.04417},{"zone":{"previousOwner":{"name":"hookturf","id":73461},"dateCreated":"2013-11-12T21:22:56+0000","dateLastTaken":"2021-07-19T20:04:34+0000","latitude":58.427974,"currentOwner":{"name":"recycling","id":79989},"name":"NewYardZone","id":22855,"totalTakeovers":4990,"region":{"area":{"name":"Linköpings kommun","id":1852},"country":"se","name":"Östergötland","id":139},"pointsPerHour":4,"longitude":15.568578,"takeoverPoints":140},"latitude":58.427974,"currentOwner":{"name":"recycling","id":79989},"time":"2021-07-19T20:04:34+0000","type":"takeover","longitude":15.568578},{"zone":{"previousOwner":{"name":"Xtrmrunner","id":305266},"dateCreated":"2018-12-14T12:21:36+0000","dateLastTaken":"2021-07-19T20:04:33+0000","latitude":60.480858,"currentOwner":{"name":"Welshman","id":305225},"name":"Teollisuus","id":178209,"totalTakeovers":219,"region":{"area":{"name":"Turku","id":2201},"country":"fi","name":"Lounais-Suomi","id":184},"pointsPerHour":1,"longitude":22.318089,"takeoverPoints":185},"latitude":60.480858,"currentOwner":{"name":"Welshman","id":305225},"time":"2021-07-19T20:04:33+0000","type":"takeover","longitude":22.318089},{"zone":{"previousOwner":{"name":"Zmulan1","id":111968},"dateCreated":"2014-07-23T16:00:00+0000","dateLastTaken":"2021-07-19T20:04:32+0000","latitude":59.381061,"currentOwner":{"name":"B4RK","id":312893},"name":"TvärBöj","id":32212,"totalTakeovers":10905,"region":{"area":{"name":"Karlstads kommun","id":1827},"country":"se","name":"Värmland","id":130},"pointsPerHour":6,"longitude":13.474469,"takeoverPoints":110},"latitude":59.381061,"currentOwner":{"name":"B4RK","id":312893},"time":"2021-07-19T20:04:32+0000","type":"takeover","longitude":13.474469},{"zone":{"previousOwner":{"name":"cre8or","id":64352},"dateLastTaken":"2021-07-19T20:04:31+0000","latitude":57.707306,"totalTakeovers":38994,"type":{"name":"Monument","id":21},"pointsPerHour":9,"takeoverPoints":65,"dateCreated":"2010-08-15T00:00:00+0000","currentOwner":{"name":"Dadeee","id":327379},"name":"GAZone","id":387,"region":{"area":{"name":"Göteborgs kommun","id":1885},"country":"se","name":"Västra Götaland","id":132},"longitude":11.967094},"latitude":57.707306,"currentOwner":{"name":"Dadeee","id":327379},"time":"2021-07-19T20:04:31+0000","type":"takeover","longitude":11.967094},{"zone":{"previousOwner":{"name":"SunYour","id":7781},"dateCreated":"2014-07-25T08:01:16+0000","dateLastTaken":"2021-07-19T20:04:31+0000","latitude":59.616658,"currentOwner":{"name":"Frökenathena","id":240979},"name":"VasaPlaza","id":31952,"totalTakeovers":16578,"region":{"area":{"name":"Västerås","id":1807},"country":"se","name":"Västmanland","id":143},"pointsPerHour":9,"longitude":16.541225,"takeoverPoints":65},"latitude":59.616658,"currentOwner":{"name":"Frökenathena","id":240979},"time":"2021-07-19T20:04:31+0000","type":"takeover","longitude":16.541225},{"zone":{"previousOwner":{"name":"magikmama","id":304387},"dateCreated":"2021-03-20T00:10:21+0000","dateLastTaken":"2021-07-19T20:04:27+0000","latitude":44.960075,"currentOwner":{"name":"comatosa","id":315627},"name":"Ryan","id":393671,"totalTakeovers":33,"region":{"area":{"name":"Ramsey County","id":4068},"country":"us","name":"Minnesota","id":405},"pointsPerHour":2,"longitude":-93.133702,"takeoverPoints":170},"latitude":44.960075,"currentOwner":{"name":"comatosa","id":315627},"time":"2021-07-19T20:04:27+0000","type":"takeover","longitude":-93.133702},{"zone":{"previousOwner":{"name":"marypoppins","id":48730},"dateCreated":"2014-06-20T06:54:22+0000","dateLastTaken":"2021-07-19T20:04:26+0000","latitude":59.912687,"currentOwner":{"name":"Nattuggla","id":165442},"name":"SalaBrewery","id":31818,"totalTakeovers":5885,"region":{"area":{"name":"Sala kommun","id":1809},"country":"se","name":"Västmanland","id":143},"pointsPerHour":5,"longitude":16.587523,"takeoverPoints":125},"latitude":59.912687,"currentOwner":{"name":"Nattuggla","id":165442},"time":"2021-07-19T20:04:26+0000","type":"takeover","longitude":16.587523},{"zone":{"previousOwner":{"name":"B4RK","id":312893},"dateCreated":"2010-10-17T15:22:43+0000","dateLastTaken":"2021-07-19T20:04:25+0000","latitude":59.381097,"currentOwner":{"name":"krombe","id":271382},"name":"Hagatorget","id":1023,"totalTakeovers":19976,"region":{"area":{"name":"Karlstads kommun","id":1827},"country":"se","name":"Värmland","id":130},"pointsPerHour":8,"longitude":13.511639,"takeoverPoints":80},"latitude":59.381097,"currentOwner":{"name":"krombe","id":271382},"time":"2021-07-19T20:04:25+0000","type":"takeover","longitude":13.511639},{"zone":{"previousOwner":{"name":"cre8or","id":64352},"dateCreated":"2011-01-30T11:03:04+0000","dateLastTaken":"2021-07-19T20:04:24+0000","latitude":57.719932,"currentOwner":{"name":"LMF.","id":49764},"name":"TornadoZone","id":1348,"totalTakeovers":16259,"region":{"area":{"name":"Göteborgs kommun","id":1885},"country":"se","name":"Västra Götaland","id":132},"pointsPerHour":7,"longitude":11.943287,"takeoverPoints":95},"latitude":57.719932,"currentOwner":{"name":"LMF.","id":49764},"time":"2021-07-19T20:04:24+0000","type":"takeover","longitude":11.943287},{"zone":{"previousOwner":{"name":"akwalle","id":59013},"dateCreated":"2016-09-10T06:00:04+0000","dateLastTaken":"2021-07-19T20:04:19+0000","latitude":57.737892,"currentOwner":{"name":"Craft","id":61589},"name":"Summer","id":84669,"totalTakeovers":1184,"region":{"area":{"name":"Västerviks kommun","id":2022},"country":"se","name":"Kalmar","id":137},"pointsPerHour":3,"longitude":16.679102,"takeoverPoints":155},"latitude":57.737892,"currentOwner":{"name":"Craft","id":61589},"time":"2021-07-19T20:04:19+0000","type":"takeover","longitude":16.679102},{"zone":{"previousOwner":{"name":"JENZA","id":105530},"dateCreated":"2016-12-06T06:00:00+0000","dateLastTaken":"2021-07-19T20:04:13+0000","latitude":59.351974,"currentOwner":{"name":"maZmo","id":151499},"name":"RåckstaKanaan","id":91987,"totalTakeovers":2359,"region":{"area":{"name":"Stockholms kommun","id":1828},"country":"se","name":"Stockholm","id":141},"pointsPerHour":6,"longitude":17.879396,"takeoverPoints":110},"latitude":59.351974,"currentOwner":{"name":"maZmo","id":151499},"time":"2021-07-19T20:04:13+0000","type":"takeover","longitude":17.879396}]