[{"medal":95,"time":"2022-02-22T09:13:43+0000","type":"medal","user":{"country":"se","medals":[100,52,11,79,42,90,95],"zones":[481238,246961,22058,30330,200303,32316,30333],"pointsPerHour":0,"points":23351,"blocktime":14,"taken":335,"name":"fotonen","totalPoints":69899,"rank":17,"id":353356,"place":6065,"uniqueZonesTaken":67,"region":{"name":"Skåne","id":135}}},{"medal":95,"time":"2022-02-22T09:13:43+0000","type":"medal","user":{"country":"se","medals":[6,90,53,78,100,11,42,95],"zones":[22638],"pointsPerHour":0,"points":5361,"blocktime":14,"taken":255,"name":"Roxann","totalPoints":59107,"rank":16,"id":205366,"place":6065,"uniqueZonesTaken":56,"region":{"name":"Skåne","id":135}}}]