[{"medal":84,"time":"2022-02-22T17:16:32+0000","type":"medal","user":{"country":"se","medals":[80,84],"zones":[116039,432224,204132,185352],"pointsPerHour":0,"points":936,"blocktime":10,"taken":5,"name":"Kamirecca","totalPoints":936,"rank":3,"id":353068,"place":6099,"uniqueZonesTaken":5,"region":{"name":"Västra Götaland","id":132}}},{"medal":80,"time":"2022-02-22T17:16:32+0000","type":"medal","user":{"country":"se","medals":[80,84],"zones":[116039,432224,204132,185352],"pointsPerHour":0,"points":936,"blocktime":10,"taken":5,"name":"Kamirecca","totalPoints":936,"rank":3,"id":353068,"place":6099,"uniqueZonesTaken":5,"region":{"name":"Västra Götaland","id":132}}},{"sender":{"country":"uk","medals":[16,79,67,77,27,70,72,47,94,117,83,21,123,81,15,130,103,38],"zones":[321604,321606,321607,344705,321612,321613,321608,321610,321748,392727,321623,321751,321747,392733,392732,392735,321630,321631,392729,392728,321625,392731,321626,392730,361381,321632,393123,414062,321582,414060,376815,414061,376821,321587,321788,321593,484024],"pointsPerHour":76,"points":109763,"blocktime":21,"taken":10593,"name":"PlanetGary","totalPoints":3320452,"rank":46,"id":303237,"place":188,"uniqueZonesTaken":1289,"region":{"name":"Scotland","id":200}},"time":"2022-02-22T17:14:04+0000","message":"Cruachan: Looks like I need to get back on my bike now. 😀","region":{"name":"Scotland","id":200},"type":"chat"},{"sender":{"country":"se","medals":[9,67,21,48,16,24,70,24,8,24,68,24,68,91,77,99,24,79,28,83,68,24,24,59,69,68,24,30,25,117,24,123,74,126,41,24,111,130],"zones":[20897],"pointsPerHour":2,"points":16408,"blocktime":22,"taken":28811,"name":"Ninetail","totalPoints":4905402,"rank":49,"id":54547,"place":2202,"uniqueZonesTaken":5771,"region":{"name":"Västerbotten","id":127}},"time":"2022-02-22T17:13:35+0000","message":"MasterJoDa: kan ingen googla nuförtiden? 😜","region":{"name":"Västerbotten","id":127},"type":"chat"},{"medal":86,"time":"2022-02-22T17:12:38+0000","type":"medal","user":{"country":"uk","medals":[93,51,92,86],"zones":[357730],"pointsPerHour":0,"points":185,"blocktime":13,"taken":50,"name":"suharjoged","totalPoints":22388,"rank":12,"id":304361,"place":6098,"uniqueZonesTaken":32,"region":{"name":"Scotland","id":200}}}]