[{"zone":{"previousOwner":{"name":"Taxichefen","id":235080},"dateCreated":"2013-08-21T21:17:24+0000","dateLastTaken":"2021-07-20T07:07:16+0000","latitude":65.318425,"currentOwner":{"name":"mariegumman","id":228726},"name":"BoathouseZone","id":21369,"totalTakeovers":8850,"region":{"area":{"name":"Piteå kommun","id":1797},"country":"se","name":"Norrbotten","id":126},"pointsPerHour":6,"longitude":21.489988,"takeoverPoints":110},"latitude":65.318425,"currentOwner":{"name":"mariegumman","id":228726},"time":"2021-07-20T07:07:16+0000","type":"takeover","longitude":21.489988},{"zone":{"previousOwner":{"name":"BAx","id":51122},"dateCreated":"2017-08-16T19:30:29+0000","dateLastTaken":"2021-07-20T07:07:16+0000","latitude":60.469246,"currentOwner":{"name":"Uralstrix","id":92422},"name":"JumJum","id":117439,"totalTakeovers":1888,"region":{"area":{"name":"Borlänge kommun","id":1871},"country":"se","name":"Dalarna","id":129},"pointsPerHour":4,"longitude":15.460893,"takeoverPoints":140},"latitude":60.469246,"currentOwner":{"name":"Uralstrix","id":92422},"time":"2021-07-20T07:07:16+0000","type":"takeover","longitude":15.460893},{"zone":{"previousOwner":{"name":"2-mas","id":130947},"dateCreated":"2015-03-18T18:12:36+0000","dateLastTaken":"2021-07-20T07:07:15+0000","latitude":59.307815,"currentOwner":{"name":"Lillatanten","id":25936},"name":"EnTrettiAndra","id":46889,"totalTakeovers":12308,"region":{"area":{"name":"Stockholms kommun","id":1828},"country":"se","name":"Stockholm","id":141},"pointsPerHour":8,"longitude":18.090831,"takeoverPoints":80},"latitude":59.307815,"currentOwner":{"name":"Lillatanten","id":25936},"time":"2021-07-20T07:07:15+0000","type":"takeover","longitude":18.090831},{"zone":{"previousOwner":{"name":"féarglas","id":280861},"dateCreated":"2013-06-15T08:00:00+0000","dateLastTaken":"2021-07-20T07:07:15+0000","latitude":55.940241,"currentOwner":{"name":"Artful","id":302131},"name":"MuriestonPark","id":14719,"totalTakeovers":514,"region":{"area":{"name":"City of Edinburgh","id":2780},"country":"gb","name":"Scotland","id":200},"pointsPerHour":4,"longitude":-3.227447,"takeoverPoints":140},"latitude":55.940241,"currentOwner":{"name":"Artful","id":302131},"time":"2021-07-20T07:07:15+0000","type":"takeover","longitude":-3.227447},{"zone":{"previousOwner":{"name":"Moff","id":132819},"dateCreated":"2017-08-19T09:30:00+0000","dateLastTaken":"2021-07-20T07:07:12+0000","latitude":62.403713,"currentOwner":{"name":"gilla","id":58846},"name":"GranloHälsa","id":117482,"totalTakeovers":6187,"region":{"area":{"name":"Sundsvalls kommun","id":2056},"country":"se","name":"Västernorrland","id":145},"pointsPerHour":6,"longitude":17.256552,"takeoverPoints":110},"latitude":62.403713,"currentOwner":{"name":"gilla","id":58846},"time":"2021-07-20T07:07:12+0000","type":"takeover","longitude":17.256552},{"zone":{"previousOwner":{"name":"North_Wing","id":314262},"dateLastTaken":"2021-07-20T07:07:09+0000","latitude":56.058106,"totalTakeovers":561,"type":{"name":"Holy","id":9},"pointsPerHour":4,"takeoverPoints":140,"dateCreated":"2020-08-24T07:00:00+0000","currentOwner":{"name":"FiFVO","id":284486},"name":"HighAdder","id":321460,"region":{"area":{"name":"East Lothian","id":2786},"country":"gb","name":"Scotland","id":200},"longitude":-2.720542},"latitude":56.058106,"currentOwner":{"name":"FiFVO","id":284486},"time":"2021-07-20T07:07:09+0000","type":"takeover","longitude":-2.720542},{"zone":{"previousOwner":{"name":"pawik","id":210314},"dateCreated":"2013-09-14T18:32:06+0000","dateLastTaken":"2021-07-20T07:07:06+0000","latitude":57.654063,"currentOwner":{"name":"Ichtyostega","id":90009},"name":"Apelsinplan","id":21635,"totalTakeovers":5858,"region":{"area":{"name":"Göteborgs kommun","id":1885},"country":"se","name":"Västra Götaland","id":132},"pointsPerHour":6,"longitude":11.884146,"takeoverPoints":110},"latitude":57.654063,"currentOwner":{"name":"Ichtyostega","id":90009},"time":"2021-07-20T07:07:06+0000","type":"takeover","longitude":11.884146},{"zone":{"previousOwner":{"name":"immi","id":193940},"dateCreated":"2013-10-30T15:00:00+0000","dateLastTaken":"2021-07-20T07:07:03+0000","latitude":59.310873,"currentOwner":{"name":"Blodgivare","id":263729},"name":"Odonparken","id":22522,"totalTakeovers":7527,"region":{"area":{"name":"Karlskoga kommun","id":1818},"country":"se","name":"Örebro","id":131},"pointsPerHour":5,"longitude":14.483724,"takeoverPoints":125},"latitude":59.310873,"currentOwner":{"name":"Blodgivare","id":263729},"time":"2021-07-20T07:07:03+0000","type":"takeover","longitude":14.483724},{"zone":{"previousOwner":{"name":"Bath","id":57990},"dateCreated":"2020-06-29T19:27:27+0000","dateLastTaken":"2021-07-20T07:06:59+0000","latitude":58.408187,"currentOwner":{"name":"Turfis","id":17586},"name":"CornerLiving","id":296271,"totalTakeovers":1005,"region":{"area":{"name":"Tibro","id":1936},"country":"se","name":"Västra Götaland","id":132},"pointsPerHour":4,"longitude":14.171454,"takeoverPoints":140},"latitude":58.408187,"currentOwner":{"name":"Turfis","id":17586},"time":"2021-07-20T07:06:59+0000","type":"takeover","longitude":14.171454},{"zone":{"previousOwner":{"name":"Espingen","id":166882},"dateCreated":"2017-07-21T19:07:56+0000","dateLastTaken":"2021-07-20T07:06:52+0000","latitude":57.754832,"currentOwner":{"name":"TompaBoy51","id":65370},"name":"Järnet","id":115723,"totalTakeovers":4019,"region":{"area":{"name":"Västerviks kommun","id":2022},"country":"se","name":"Kalmar","id":137},"pointsPerHour":6,"longitude":16.648804,"takeoverPoints":110},"latitude":57.754832,"currentOwner":{"name":"TompaBoy51","id":65370},"time":"2021-07-20T07:06:52+0000","type":"takeover","longitude":16.648804},{"zone":{"previousOwner":{"name":"SeñorDingdong","id":22427},"dateCreated":"2013-12-24T11:00:00+0000","dateLastTaken":"2021-07-20T07:06:46+0000","latitude":57.490886,"currentOwner":{"name":"KollPåGubben","id":163496},"name":"Bollkungen","id":24107,"totalTakeovers":2153,"region":{"area":{"name":"Kungsbacka kommun","id":1982},"country":"se","name":"Halland","id":134},"pointsPerHour":3,"longitude":12.069853,"takeoverPoints":155},"assists":[{"name":"Bäckagubben","id":161324}],"latitude":57.490886,"currentOwner":{"name":"KollPåGubben","id":163496},"time":"2021-07-20T07:06:46+0000","type":"takeover","longitude":12.069853},{"zone":{"previousOwner":{"name":"IrrarRunt","id":335134},"dateCreated":"2017-06-17T07:00:00+0000","dateLastTaken":"2021-07-20T07:06:40+0000","latitude":63.810776,"currentOwner":{"name":"erpen","id":155024},"name":"Otw2IKSU","id":114029,"totalTakeovers":4599,"region":{"area":{"name":"Umeå kommun","id":2064},"country":"se","name":"Västerbotten","id":127},"pointsPerHour":8,"longitude":20.252181,"takeoverPoints":80},"latitude":63.810776,"currentOwner":{"name":"erpen","id":155024},"time":"2021-07-20T07:06:40+0000","type":"takeover","longitude":20.252181},{"zone":{"previousOwner":{"name":"praktikus","id":64871},"dateCreated":"2011-09-08T07:59:10+0000","dateLastTaken":"2021-07-20T07:06:39+0000","latitude":63.807756,"currentOwner":{"name":"Mellanfetisen","id":210311},"name":"SophieHome","id":3218,"totalTakeovers":17200,"region":{"area":{"name":"Umeå kommun","id":2064},"country":"se","name":"Västerbotten","id":127},"pointsPerHour":8,"longitude":20.300604,"takeoverPoints":80},"latitude":63.807756,"currentOwner":{"name":"Mellanfetisen","id":210311},"time":"2021-07-20T07:06:39+0000","type":"takeover","longitude":20.300604},{"zone":{"previousOwner":{"name":"Hakon","id":226279},"dateCreated":"2015-01-18T05:00:00+0000","dateLastTaken":"2021-07-20T07:06:37+0000","latitude":60.676698,"currentOwner":{"name":"Negan","id":19806},"name":"WhimpZone","id":43884,"totalTakeovers":5944,"region":{"area":{"name":"Gävle kommun","id":1895},"country":"se","name":"Gävleborg","id":144},"pointsPerHour":6,"longitude":17.156885,"takeoverPoints":110},"latitude":60.676698,"currentOwner":{"name":"Negan","id":19806},"time":"2021-07-20T07:06:37+0000","type":"takeover","longitude":17.156885},{"zone":{"previousOwner":{"name":"Tand-fen","id":299549},"dateCreated":"2019-01-23T19:33:33+0000","dateLastTaken":"2021-07-20T07:06:30+0000","latitude":59.827815,"currentOwner":{"name":"Mosippan","id":262144},"name":"ForTheHeart","id":179187,"totalTakeovers":294,"region":{"area":{"name":"Skinnskattebergs kommun","id":1894},"country":"se","name":"Västmanland","id":143},"pointsPerHour":1,"longitude":15.687324,"takeoverPoints":185},"latitude":59.827815,"currentOwner":{"name":"Mosippan","id":262144},"time":"2021-07-20T07:06:30+0000","type":"takeover","longitude":15.687324},{"zone":{"previousOwner":{"name":"Welshman","id":305225},"dateCreated":"2021-05-19T17:40:04+0000","dateLastTaken":"2021-07-20T07:06:30+0000","latitude":60.472083,"currentOwner":{"name":"Xtrmrunner","id":305266},"name":"Särvä","id":413725,"totalTakeovers":48,"region":{"area":{"name":"Kaarina","id":2206},"country":"fi","name":"Lounais-Suomi","id":184},"pointsPerHour":2,"longitude":22.345302,"takeoverPoints":170},"latitude":60.472083,"currentOwner":{"name":"Xtrmrunner","id":305266},"time":"2021-07-20T07:06:30+0000","type":"takeover","longitude":22.345302},{"zone":{"previousOwner":{"name":"C3PO.","id":265321},"dateCreated":"2014-09-08T16:00:38+0000","dateLastTaken":"2021-07-20T07:06:26+0000","latitude":60.067498,"currentOwner":{"name":"Birykow","id":264072},"name":"Stallet","id":34727,"totalTakeovers":5738,"region":{"area":{"name":"Mariehamn","id":2176},"country":"fi","name":"Åland","id":177},"pointsPerHour":6,"longitude":19.957814,"takeoverPoints":110},"latitude":60.067498,"currentOwner":{"name":"Birykow","id":264072},"time":"2021-07-20T07:06:26+0000","type":"takeover","longitude":19.957814},{"zone":{"previousOwner":{"name":"TompaBoy51","id":65370},"dateCreated":"2013-05-09T08:28:40+0000","dateLastTaken":"2021-07-20T07:06:23+0000","latitude":57.760399,"currentOwner":{"name":"Standard","id":124526},"name":"WestAnchor","id":18035,"totalTakeovers":10187,"region":{"area":{"name":"Västerviks kommun","id":2022},"country":"se","name":"Kalmar","id":137},"pointsPerHour":6,"longitude":16.639703,"takeoverPoints":110},"latitude":57.760399,"currentOwner":{"name":"Standard","id":124526},"time":"2021-07-20T07:06:23+0000","type":"takeover","longitude":16.639703},{"zone":{"previousOwner":{"name":"grock","id":189790},"dateCreated":"2013-12-03T10:16:36+0000","dateLastTaken":"2021-07-20T07:06:22+0000","latitude":65.580376,"currentOwner":{"name":"Eliza","id":242724},"name":"VarvetZone","id":23606,"totalTakeovers":9624,"region":{"area":{"name":"Luleå kommun","id":1798},"country":"se","name":"Norrbotten","id":126},"pointsPerHour":7,"longitude":22.133014,"takeoverPoints":95},"assists":[{"name":"Zlas","id":241014}],"latitude":65.580376,"currentOwner":{"name":"Eliza","id":242724},"time":"2021-07-20T07:06:22+0000","type":"takeover","longitude":22.133014},{"zone":{"previousOwner":{"name":"AW62","id":137885},"dateLastTaken":"2021-07-20T07:06:19+0000","latitude":59.610912,"totalTakeovers":49685,"type":{"name":"Monument","id":21},"pointsPerHour":9,"takeoverPoints":65,"dateCreated":"2010-09-04T14:41:37+0000","currentOwner":{"name":"150år","id":80009},"name":"Aseaströmmen","id":484,"region":{"area":{"name":"Västerås","id":1807},"country":"se","name":"Västmanland","id":143},"longitude":16.543263},"latitude":59.610912,"currentOwner":{"name":"150år","id":80009},"time":"2021-07-20T07:06:19+0000","type":"takeover","longitude":16.543263},{"zone":{"previousOwner":{"name":"Rulf","id":163017},"dateCreated":"2021-05-15T15:14:13+0000","dateLastTaken":"2021-07-20T07:06:14+0000","latitude":57.67337,"currentOwner":{"name":"lindjack","id":77963},"name":"NorrFyraNoll","id":411398,"totalTakeovers":9,"region":{"area":{"name":"Nässjö kommun","id":2008},"country":"se","name":"Jönköping","id":133},"pointsPerHour":1,"longitude":14.696654,"takeoverPoints":185},"latitude":57.67337,"currentOwner":{"name":"lindjack","id":77963},"time":"2021-07-20T07:06:14+0000","type":"takeover","longitude":14.696654},{"zone":{"previousOwner":{"name":"Engdod","id":300976},"dateCreated":"2012-07-14T11:00:00+0000","dateLastTaken":"2021-07-20T07:06:13+0000","latitude":58.752595,"currentOwner":{"name":"zxc3","id":114104},"name":"SportsWay","id":9663,"totalTakeovers":8045,"region":{"area":{"name":"Nyköpings kommun","id":3044},"country":"se","name":"Södermanland","id":140},"pointsPerHour":6,"longitude":17.042988,"takeoverPoints":110},"latitude":58.752595,"currentOwner":{"name":"zxc3","id":114104},"time":"2021-07-20T07:06:13+0000","type":"takeover","longitude":17.042988},{"zone":{"previousOwner":{"name":"simpson","id":71440},"dateCreated":"2015-04-30T10:00:00+0000","dateLastTaken":"2021-07-20T07:06:09+0000","latitude":59.370638,"currentOwner":{"name":"camry","id":189115},"name":"Halvvind","id":47515,"totalTakeovers":6273,"region":{"area":{"name":"Karlstads kommun","id":1827},"country":"se","name":"Värmland","id":130},"pointsPerHour":6,"longitude":13.549825,"takeoverPoints":110},"latitude":59.370638,"currentOwner":{"name":"camry","id":189115},"time":"2021-07-20T07:06:09+0000","type":"takeover","longitude":13.549825},{"zone":{"previousOwner":{"name":"Dominion","id":243721},"dateCreated":"2020-04-29T07:50:17+0000","dateLastTaken":"2021-07-20T07:06:09+0000","latitude":59.640273,"currentOwner":{"name":"whitebike","id":228856},"name":"Lillängstull","id":278621,"totalTakeovers":1504,"region":{"area":{"name":"Enköpings kommun","id":1944},"country":"se","name":"Uppsala","id":142},"pointsPerHour":5,"longitude":17.073566,"takeoverPoints":125},"latitude":59.640273,"currentOwner":{"name":"whitebike","id":228856},"time":"2021-07-20T07:06:09+0000","type":"takeover","longitude":17.073566},{"zone":{"previousOwner":{"name":"krokodilen","id":45356},"dateCreated":"2012-02-12T21:39:04+0000","dateLastTaken":"2021-07-20T07:06:07+0000","latitude":56.178668,"currentOwner":{"name":"alligatorn","id":26497},"name":"PlatanZone","id":6239,"totalTakeovers":303,"region":{"area":{"name":"Silkeborg Kommune","id":2169},"country":"dk","name":"Midtjylland","id":175},"pointsPerHour":1,"longitude":9.590536,"takeoverPoints":185},"latitude":56.178668,"currentOwner":{"name":"alligatorn","id":26497},"time":"2021-07-20T07:06:07+0000","type":"takeover","longitude":9.590536},{"zone":{"previousOwner":{"name":"MingBerglund","id":267730},"dateCreated":"2012-11-23T10:00:00+0000","dateLastTaken":"2021-07-20T07:06:07+0000","latitude":59.277954,"currentOwner":{"name":"Sandra82","id":276565},"name":"Potatisgris","id":12027,"totalTakeovers":27559,"region":{"area":{"name":"Örebro kommun","id":1819},"country":"se","name":"Örebro","id":131},"pointsPerHour":8,"longitude":15.2162,"takeoverPoints":80},"latitude":59.277954,"currentOwner":{"name":"Sandra82","id":276565},"time":"2021-07-20T07:06:07+0000","type":"takeover","longitude":15.2162},{"zone":{"dateCreated":"2015-04-24T16:00:00+0000","dateLastTaken":"2021-07-20T07:06:02+0000","latitude":59.86263,"currentOwner":{"name":"igelstorp","id":17475},"name":"Cocktailtimme","id":50152,"totalTakeovers":293,"region":{"area":{"name":"Uppsala kommun","id":1977},"country":"se","name":"Uppsala","id":142},"pointsPerHour":1,"longitude":17.549178,"takeoverPoints":185},"latitude":59.86263,"currentOwner":{"name":"igelstorp","id":17475},"time":"2021-07-20T07:06:02+0000","type":"takeover","longitude":17.549178},{"zone":{"previousOwner":{"name":"fotominne","id":273615},"dateCreated":"2012-12-24T11:00:00+0000","dateLastTaken":"2021-07-20T07:06:01+0000","latitude":59.858443,"currentOwner":{"name":"tur","id":148395},"name":"ApelGrå","id":12408,"totalTakeovers":11414,"region":{"area":{"name":"Uppsala kommun","id":1977},"country":"se","name":"Uppsala","id":142},"pointsPerHour":8,"longitude":17.677415,"takeoverPoints":80},"latitude":59.858443,"currentOwner":{"name":"tur","id":148395},"time":"2021-07-20T07:06:01+0000","type":"takeover","longitude":17.677415},{"zone":{"previousOwner":{"name":"DonTotto","id":50926},"dateCreated":"2013-04-11T20:44:02+0000","dateLastTaken":"2021-07-20T07:06:01+0000","latitude":58.389381,"currentOwner":{"name":"Ringblomma","id":41832},"name":"Glasröret","id":16951,"totalTakeovers":6878,"region":{"area":{"name":"Skövde kommun","id":1905},"country":"se","name":"Västra Götaland","id":132},"pointsPerHour":5,"longitude":13.853327,"takeoverPoints":125},"assists":[{"name":"NewDawn","id":4385}],"latitude":58.389381,"currentOwner":{"name":"Ringblomma","id":41832},"time":"2021-07-20T07:06:01+0000","type":"takeover","longitude":13.853327},{"zone":{"previousOwner":{"name":"Bath","id":57990},"dateCreated":"2015-12-24T14:00:00+0000","dateLastTaken":"2021-07-20T07:05:58+0000","latitude":58.407848,"currentOwner":{"name":"Turfis","id":17586},"name":"HörneboSpår","id":61640,"totalTakeovers":3186,"region":{"area":{"name":"Tibro","id":1936},"country":"se","name":"Västra Götaland","id":132},"pointsPerHour":4,"longitude":14.166978,"takeoverPoints":140},"latitude":58.407848,"currentOwner":{"name":"Turfis","id":17586},"time":"2021-07-20T07:05:58+0000","type":"takeover","longitude":14.166978},{"zone":{"previousOwner":{"name":"skrubbel","id":226950},"dateCreated":"2014-12-07T14:31:59+0000","dateLastTaken":"2021-07-20T07:05:58+0000","latitude":58.306884,"currentOwner":{"name":"Sol2012","id":222227},"name":"VindarnasUdde","id":42445,"totalTakeovers":1013,"region":{"area":{"name":"Hjo","id":1927},"country":"se","name":"Västra Götaland","id":132},"pointsPerHour":3,"longitude":14.301858,"takeoverPoints":155},"latitude":58.306884,"currentOwner":{"name":"Sol2012","id":222227},"time":"2021-07-20T07:05:58+0000","type":"takeover","longitude":14.301858},{"zone":{"previousOwner":{"name":"Moff","id":132819},"dateCreated":"2012-04-01T09:50:00+0000","dateLastTaken":"2021-07-20T07:05:58+0000","latitude":62.405485,"currentOwner":{"name":"gilla","id":58846},"name":"GranloCenter","id":7604,"totalTakeovers":8755,"region":{"area":{"name":"Sundsvalls kommun","id":2056},"country":"se","name":"Västernorrland","id":145},"pointsPerHour":6,"longitude":17.252779,"takeoverPoints":110},"latitude":62.405485,"currentOwner":{"name":"gilla","id":58846},"time":"2021-07-20T07:05:58+0000","type":"takeover","longitude":17.252779},{"zone":{"previousOwner":{"name":"Nystagmus","id":92092},"dateCreated":"2016-08-05T06:01:14+0000","dateLastTaken":"2021-07-20T07:05:58+0000","latitude":56.88411,"currentOwner":{"name":"Seafi","id":329537},"name":"Falkdunk","id":80385,"totalTakeovers":1252,"region":{"area":{"name":"Falkenbergs kommun","id":1978},"country":"se","name":"Halland","id":134},"pointsPerHour":3,"longitude":12.504745,"takeoverPoints":155},"latitude":56.88411,"currentOwner":{"name":"Seafi","id":329537},"time":"2021-07-20T07:05:58+0000","type":"takeover","longitude":12.504745},{"zone":{"previousOwner":{"name":"crvenazvezda91","id":223981},"dateCreated":"2011-05-30T16:21:09+0000","dateLastTaken":"2021-07-20T07:05:54+0000","latitude":55.702793,"currentOwner":{"name":"Wokoholic","id":240495},"name":"Lundsquare","id":1751,"totalTakeovers":20604,"region":{"area":{"name":"Lunds kommun","id":1948},"country":"se","name":"Skåne","id":135},"pointsPerHour":9,"longitude":13.193106,"takeoverPoints":65},"latitude":55.702793,"currentOwner":{"name":"Wokoholic","id":240495},"time":"2021-07-20T07:05:54+0000","type":"takeover","longitude":13.193106},{"zone":{"previousOwner":{"name":"Dräängen","id":182267},"dateCreated":"2016-10-08T21:14:25+0000","dateLastTaken":"2021-07-20T07:05:54+0000","latitude":58.42197,"currentOwner":{"name":"bollystolly","id":178347},"name":"Skogsvik","id":90118,"totalTakeovers":1748,"region":{"area":{"name":"Linköpings kommun","id":1852},"country":"se","name":"Östergötland","id":139},"pointsPerHour":2,"longitude":15.497915,"takeoverPoints":170},"assists":[{"name":"MrFillinger","id":161288}],"latitude":58.42197,"currentOwner":{"name":"bollystolly","id":178347},"time":"2021-07-20T07:05:54+0000","type":"takeover","longitude":15.497915},{"zone":{"previousOwner":{"name":"Tjosan78","id":271006},"dateCreated":"2015-04-03T06:00:00+0000","dateLastTaken":"2021-07-20T07:05:53+0000","latitude":59.626699,"currentOwner":{"name":"hillenhäxan","id":119651},"name":"Hillenstigen","id":47721,"totalTakeovers":5087,"region":{"area":{"name":"Västerås","id":1807},"country":"se","name":"Västmanland","id":143},"pointsPerHour":6,"longitude":16.476567,"takeoverPoints":110},"latitude":59.626699,"currentOwner":{"name":"hillenhäxan","id":119651},"time":"2021-07-20T07:05:53+0000","type":"takeover","longitude":16.476567},{"zone":{"previousOwner":{"name":"TankaGubben","id":98989},"dateCreated":"2016-12-07T06:00:00+0000","dateLastTaken":"2021-07-20T07:05:53+0000","latitude":59.350153,"currentOwner":{"name":"canon","id":66935},"name":"OldWiderström","id":92304,"totalTakeovers":5108,"region":{"area":{"name":"Solna kommun","id":1845},"country":"se","name":"Stockholm","id":141},"pointsPerHour":7,"longitude":18.024374,"takeoverPoints":95},"latitude":59.350153,"currentOwner":{"name":"canon","id":66935},"time":"2021-07-20T07:05:53+0000","type":"takeover","longitude":18.024374},{"zone":{"previousOwner":{"name":"Hubba","id":49250},"dateCreated":"2016-08-05T04:00:00+0000","dateLastTaken":"2021-07-20T07:05:48+0000","latitude":57.730167,"currentOwner":{"name":"DocterD","id":124758},"name":"Gruvlunden","id":80192,"totalTakeovers":3998,"region":{"area":{"name":"Göteborgs kommun","id":1885},"country":"se","name":"Västra Götaland","id":132},"pointsPerHour":6,"longitude":11.959824,"takeoverPoints":110},"latitude":57.730167,"currentOwner":{"name":"DocterD","id":124758},"time":"2021-07-20T07:05:48+0000","type":"takeover","longitude":11.959824},{"zone":{"previousOwner":{"name":"Kryos","id":49291},"dateLastTaken":"2021-07-20T07:05:46+0000","latitude":58.592591,"totalTakeovers":18738,"type":{"name":"Holy","id":9},"pointsPerHour":8,"takeoverPoints":80,"dateCreated":"2010-09-04T00:00:00+0000","currentOwner":{"name":"Arbor","id":47203},"name":"GermanZone","id":595,"region":{"area":{"name":"Norrköpings kommun","id":1853},"country":"se","name":"Östergötland","id":139},"longitude":16.18661},"latitude":58.592591,"currentOwner":{"name":"Arbor","id":47203},"time":"2021-07-20T07:05:46+0000","type":"takeover","longitude":16.18661},{"zone":{"previousOwner":{"name":"Ni_ki_ta","id":233048},"dateCreated":"2021-05-18T20:00:00+0000","dateLastTaken":"2021-07-20T07:05:45+0000","latitude":65.274689,"currentOwner":{"name":"Taxichefen","id":235080},"name":"Pappersbruket","id":412990,"totalTakeovers":43,"region":{"area":{"name":"Piteå kommun","id":1797},"country":"se","name":"Norrbotten","id":126},"pointsPerHour":2,"longitude":21.503872,"takeoverPoints":170},"latitude":65.274689,"currentOwner":{"name":"Taxichefen","id":235080},"time":"2021-07-20T07:05:45+0000","type":"takeover","longitude":21.503872},{"zone":{"previousOwner":{"name":"Snabelanna","id":27629},"dateCreated":"2013-06-08T12:32:28+0000","dateLastTaken":"2021-07-20T07:05:44+0000","latitude":56.651581,"currentOwner":{"name":"GW007","id":77704},"name":"Lillviken","id":19319,"totalTakeovers":11349,"region":{"area":{"name":"Kalmar kommun","id":2015},"country":"se","name":"Kalmar","id":137},"pointsPerHour":7,"longitude":16.334348,"takeoverPoints":95},"latitude":56.651581,"currentOwner":{"name":"GW007","id":77704},"time":"2021-07-20T07:05:44+0000","type":"takeover","longitude":16.334348},{"zone":{"previousOwner":{"name":"-Morten-","id":313198},"dateCreated":"2021-04-17T07:00:00+0000","dateLastTaken":"2021-07-20T07:05:42+0000","latitude":53.862846,"currentOwner":{"name":"Mouk","id":316046},"name":"AmPohl","id":397793,"totalTakeovers":378,"region":{"area":{"name":"Lübeck","id":3879},"country":"de","name":"Schleswig-Holstein","id":443},"pointsPerHour":5,"longitude":10.739252,"takeoverPoints":125},"latitude":53.862846,"currentOwner":{"name":"Mouk","id":316046},"time":"2021-07-20T07:05:42+0000","type":"takeover","longitude":10.739252},{"zone":{"previousOwner":{"name":"Helge70","id":108710},"dateCreated":"2020-05-27T01:00:00+0000","dateLastTaken":"2021-07-20T07:05:40+0000","latitude":56.670849,"currentOwner":{"name":"Snabelanna","id":27629},"name":"GamlaMuren","id":298523,"totalTakeovers":519,"region":{"area":{"name":"Kalmar kommun","id":2015},"country":"se","name":"Kalmar","id":137},"pointsPerHour":4,"longitude":16.295347,"takeoverPoints":140},"latitude":56.670849,"currentOwner":{"name":"Snabelanna","id":27629},"time":"2021-07-20T07:05:40+0000","type":"takeover","longitude":16.295347},{"zone":{"previousOwner":{"name":"Espingen","id":166882},"dateCreated":"2012-07-20T08:41:45+0000","dateLastTaken":"2021-07-20T07:05:36+0000","latitude":57.756454,"currentOwner":{"name":"TompaBoy51","id":65370},"name":"WestMarin","id":9729,"totalTakeovers":4365,"region":{"area":{"name":"Västerviks kommun","id":2022},"country":"se","name":"Kalmar","id":137},"pointsPerHour":5,"longitude":16.650376,"takeoverPoints":125},"latitude":57.756454,"currentOwner":{"name":"TompaBoy51","id":65370},"time":"2021-07-20T07:05:36+0000","type":"takeover","longitude":16.650376},{"zone":{"previousOwner":{"name":"baavik","id":232967},"dateLastTaken":"2021-07-20T07:05:34+0000","latitude":59.478339,"totalTakeovers":753,"type":{"name":"Holy","id":9},"pointsPerHour":2,"takeoverPoints":170,"dateCreated":"2015-03-15T06:00:00+0000","currentOwner":{"name":"Hynbo-K","id":185727},"name":"AlsterKyrka","id":44223,"region":{"area":{"name":"Karlstads kommun","id":1827},"country":"se","name":"Värmland","id":130},"longitude":13.593549},"latitude":59.478339,"currentOwner":{"name":"Hynbo-K","id":185727},"time":"2021-07-20T07:05:34+0000","type":"takeover","longitude":13.593549},{"zone":{"previousOwner":{"name":"immi","id":193940},"dateCreated":"2017-06-17T16:42:58+0000","dateLastTaken":"2021-07-20T07:05:29+0000","latitude":59.3125,"currentOwner":{"name":"Blodgivare","id":263729},"name":"Halmstrået","id":114489,"totalTakeovers":3518,"region":{"area":{"name":"Karlskoga kommun","id":1818},"country":"se","name":"Örebro","id":131},"pointsPerHour":5,"longitude":14.479124,"takeoverPoints":125},"latitude":59.3125,"currentOwner":{"name":"Blodgivare","id":263729},"time":"2021-07-20T07:05:29+0000","type":"takeover","longitude":14.479124},{"zone":{"previousOwner":{"name":"IrrarRunt","id":335134},"dateCreated":"2012-05-05T23:01:18+0000","dateLastTaken":"2021-07-20T07:05:28+0000","latitude":63.812635,"currentOwner":{"name":"erpen","id":155024},"name":"VärdBesfäret","id":8593,"totalTakeovers":8157,"region":{"area":{"name":"Umeå kommun","id":2064},"country":"se","name":"Västerbotten","id":127},"pointsPerHour":8,"longitude":20.253537,"takeoverPoints":80},"latitude":63.812635,"currentOwner":{"name":"erpen","id":155024},"time":"2021-07-20T07:05:28+0000","type":"takeover","longitude":20.253537},{"zone":{"previousOwner":{"name":"C3PO.","id":265321},"dateCreated":"2012-12-02T17:43:33+0000","dateLastTaken":"2021-07-20T07:05:26+0000","latitude":60.099173,"currentOwner":{"name":"SkippyB","id":312877},"name":"Lyceum","id":12105,"totalTakeovers":20453,"region":{"area":{"name":"Mariehamn","id":2176},"country":"fi","name":"Åland","id":177},"pointsPerHour":8,"longitude":19.93438,"takeoverPoints":80},"latitude":60.099173,"currentOwner":{"name":"SkippyB","id":312877},"time":"2021-07-20T07:05:26+0000","type":"takeover","longitude":19.93438},{"zone":{"previousOwner":{"name":"TheBigBopper","id":51999},"dateLastTaken":"2021-07-20T07:05:25+0000","latitude":56.668879,"totalTakeovers":6868,"type":{"name":"Train Station","id":13},"pointsPerHour":6,"takeoverPoints":110,"dateCreated":"2011-02-21T21:05:25+0000","currentOwner":{"name":"Matsmatti","id":280627},"name":"HalmStation","id":1502,"region":{"area":{"name":"Halmstads kommun","id":1979},"country":"se","name":"Halland","id":134},"longitude":12.86413},"latitude":56.668879,"currentOwner":{"name":"Matsmatti","id":280627},"time":"2021-07-20T07:05:25+0000","type":"takeover","longitude":12.86413},{"zone":{"previousOwner":{"name":"Welshman","id":305225},"dateLastTaken":"2021-07-20T07:05:25+0000","latitude":60.470523,"totalTakeovers":45,"type":{"name":"Ruins/Ancient Remains","id":16},"pointsPerHour":2,"takeoverPoints":170,"dateCreated":"2021-05-19T17:25:31+0000","currentOwner":{"name":"Xtrmrunner","id":305266},"name":"KeskiCrossHil","id":412957,"region":{"area":{"name":"Kaarina","id":2206},"country":"fi","name":"Lounais-Suomi","id":184},"longitude":22.343006},"latitude":60.470523,"currentOwner":{"name":"Xtrmrunner","id":305266},"time":"2021-07-20T07:05:25+0000","type":"takeover","longitude":22.343006},{"zone":{"previousOwner":{"name":"recycling","id":79989},"dateCreated":"2011-09-03T19:00:00+0000","dateLastTaken":"2021-07-20T07:05:19+0000","latitude":58.421605,"currentOwner":{"name":"BlackRider","id":48354},"name":"BikeCross","id":2936,"totalTakeovers":4095,"region":{"area":{"name":"Linköpings kommun","id":1852},"country":"se","name":"Östergötland","id":139},"pointsPerHour":5,"longitude":15.662421,"takeoverPoints":125},"latitude":58.421605,"currentOwner":{"name":"BlackRider","id":48354},"time":"2021-07-20T07:05:19+0000","type":"takeover","longitude":15.662421},{"zone":{"previousOwner":{"name":"MrCoolWat.","id":227290},"dateCreated":"2020-01-29T11:33:03+0000","dateLastTaken":"2021-07-20T07:05:07+0000","latitude":60.196376,"currentOwner":{"name":"Choko","id":229364},"name":"Stonehard","id":226745,"totalTakeovers":260,"region":{"area":{"name":"Jomala","id":2177},"country":"fi","name":"Åland","id":177},"pointsPerHour":2,"longitude":19.935065,"takeoverPoints":170},"latitude":60.196376,"currentOwner":{"name":"Choko","id":229364},"time":"2021-07-20T07:05:07+0000","type":"takeover","longitude":19.935065},{"zone":{"previousOwner":{"name":"jösses...då","id":113416},"dateCreated":"2017-05-19T12:47:13+0000","dateLastTaken":"2021-07-20T07:05:04+0000","latitude":57.656722,"currentOwner":{"name":"Ichtyostega","id":90009},"name":"IdyllBeryll","id":110311,"totalTakeovers":6144,"region":{"area":{"name":"Göteborgs kommun","id":1885},"country":"se","name":"Västra Götaland","id":132},"pointsPerHour":7,"longitude":11.884244,"takeoverPoints":95},"latitude":57.656722,"currentOwner":{"name":"Ichtyostega","id":90009},"time":"2021-07-20T07:05:04+0000","type":"takeover","longitude":11.884244},{"zone":{"previousOwner":{"name":"gilla","id":58846},"dateCreated":"2010-09-01T00:00:00+0000","dateLastTaken":"2021-07-20T07:05:03+0000","latitude":62.383687,"currentOwner":{"name":"Lazycat","id":59545},"name":"SundSchool","id":793,"totalTakeovers":6828,"region":{"area":{"name":"Sundsvalls kommun","id":2056},"country":"se","name":"Västernorrland","id":145},"pointsPerHour":5,"longitude":17.312325,"takeoverPoints":125},"latitude":62.383687,"currentOwner":{"name":"Lazycat","id":59545},"time":"2021-07-20T07:05:03+0000","type":"takeover","longitude":17.312325},{"zone":{"previousOwner":{"name":"MoraIK","id":158799},"dateCreated":"2017-04-23T17:11:37+0000","dateLastTaken":"2021-07-20T07:05:03+0000","latitude":60.748423,"currentOwner":{"name":"frem","id":66465},"name":"Limsjön","id":94836,"totalTakeovers":129,"region":{"area":{"name":"Leksands kommun","id":1868},"country":"se","name":"Dalarna","id":129},"pointsPerHour":1,"longitude":15.018051,"takeoverPoints":185},"latitude":60.748423,"currentOwner":{"name":"frem","id":66465},"time":"2021-07-20T07:05:03+0000","type":"takeover","longitude":15.018051},{"zone":{"previousOwner":{"name":"Juliet","id":54331},"dateCreated":"2011-09-15T10:00:00+0000","dateLastTaken":"2021-07-20T07:05:00+0000","latitude":58.407493,"currentOwner":{"name":"Sei'taer","id":177232},"name":"ViewSkövde","id":3584,"totalTakeovers":970,"region":{"area":{"name":"Skövde kommun","id":1905},"country":"se","name":"Västra Götaland","id":132},"pointsPerHour":1,"longitude":13.822741,"takeoverPoints":185},"latitude":58.407493,"currentOwner":{"name":"Sei'taer","id":177232},"time":"2021-07-20T07:05:00+0000","type":"takeover","longitude":13.822741},{"zone":{"previousOwner":{"name":"North_Wing","id":314262},"dateCreated":"2020-08-24T07:00:00+0000","dateLastTaken":"2021-07-20T07:04:59+0000","latitude":56.058933,"currentOwner":{"name":"FiFVO","id":284486},"name":"StareBeach","id":321462,"totalTakeovers":551,"region":{"area":{"name":"East Lothian","id":2786},"country":"gb","name":"Scotland","id":200},"pointsPerHour":4,"longitude":-2.722754,"takeoverPoints":140},"latitude":56.058933,"currentOwner":{"name":"FiFVO","id":284486},"time":"2021-07-20T07:04:59+0000","type":"takeover","longitude":-2.722754},{"zone":{"previousOwner":{"name":"johan80","id":130981},"dateCreated":"2010-09-04T14:41:37+0000","dateLastTaken":"2021-07-20T07:04:54+0000","latitude":57.717903,"currentOwner":{"name":"PockevonAnka","id":64223},"name":"AnnelundZone","id":607,"totalTakeovers":1802,"region":{"area":{"name":"Borås kommun","id":1903},"country":"se","name":"Västra Götaland","id":132},"pointsPerHour":2,"longitude":12.949328,"takeoverPoints":170},"latitude":57.717903,"currentOwner":{"name":"PockevonAnka","id":64223},"time":"2021-07-20T07:04:54+0000","type":"takeover","longitude":12.949328},{"zone":{"previousOwner":{"name":"MaXi","id":44487},"dateLastTaken":"2021-07-20T07:04:54+0000","latitude":57.113207,"totalTakeovers":230,"type":{"name":"World Heritage","id":15},"pointsPerHour":1,"takeoverPoints":185,"dateCreated":"2015-04-03T20:00:17+0000","currentOwner":{"name":"bryggarn","id":34967},"name":"Grimeton","id":47774,"region":{"area":{"name":"Varbergs kommun","id":1984},"country":"se","name":"Halland","id":134},"longitude":12.402437},"latitude":57.113207,"currentOwner":{"name":"bryggarn","id":34967},"time":"2021-07-20T07:04:54+0000","type":"takeover","longitude":12.402437},{"zone":{"previousOwner":{"name":"quentin","id":298673},"dateCreated":"2021-01-18T07:52:25+0000","dateLastTaken":"2021-07-20T07:04:53+0000","latitude":50.403256,"currentOwner":{"name":"SteveTQ2","id":303078},"name":"WindyCorner","id":368748,"totalTakeovers":7,"region":{"area":{"name":"Torbay","id":2712},"country":"gb","name":"South West England","id":197},"pointsPerHour":1,"longitude":-3.565037,"takeoverPoints":185},"latitude":50.403256,"currentOwner":{"name":"SteveTQ2","id":303078},"time":"2021-07-20T07:04:53+0000","type":"takeover","longitude":-3.565037},{"zone":{"previousOwner":{"name":"dodium","id":255865},"dateCreated":"2017-06-15T07:30:00+0000","dateLastTaken":"2021-07-20T07:04:50+0000","latitude":55.541969,"currentOwner":{"name":"Király","id":169417},"name":"Tee369","id":111873,"totalTakeovers":265,"region":{"area":{"name":"Malmö kommun","id":1898},"country":"se","name":"Skåne","id":135},"pointsPerHour":2,"longitude":13.056943,"takeoverPoints":170},"latitude":55.541969,"currentOwner":{"name":"Király","id":169417},"time":"2021-07-20T07:04:50+0000","type":"takeover","longitude":13.056943},{"zone":{"previousOwner":{"name":"SeñorDingdong","id":22427},"dateCreated":"2011-06-16T15:25:45+0000","dateLastTaken":"2021-07-20T07:04:49+0000","latitude":57.489327,"currentOwner":{"name":"Bäckagubben","id":161324},"name":"KingsGolf","id":1790,"totalTakeovers":2229,"region":{"area":{"name":"Kungsbacka kommun","id":1982},"country":"se","name":"Halland","id":134},"pointsPerHour":3,"longitude":12.066333,"takeoverPoints":155},"assists":[{"name":"KollPåGubben","id":163496}],"latitude":57.489327,"currentOwner":{"name":"Bäckagubben","id":161324},"time":"2021-07-20T07:04:49+0000","type":"takeover","longitude":12.066333},{"zone":{"previousOwner":{"name":"kingBB","id":335198},"dateCreated":"2016-10-16T06:47:38+0000","dateLastTaken":"2021-07-20T07:04:49+0000","latitude":63.81488,"currentOwner":{"name":"WombaWomba","id":74035},"name":"AHatFullOfSky","id":86069,"totalTakeovers":1447,"region":{"area":{"name":"Umeå kommun","id":2064},"country":"se","name":"Västerbotten","id":127},"pointsPerHour":4,"longitude":20.338085,"takeoverPoints":140},"latitude":63.81488,"currentOwner":{"name":"WombaWomba","id":74035},"time":"2021-07-20T07:04:49+0000","type":"takeover","longitude":20.338085},{"zone":{"previousOwner":{"name":"Bath","id":57990},"dateCreated":"2019-06-22T11:12:30+0000","dateLastTaken":"2021-07-20T07:04:47+0000","latitude":58.407284,"currentOwner":{"name":"Turfis","id":17586},"name":"Hörnebospåret","id":203586,"totalTakeovers":1505,"region":{"area":{"name":"Tibro","id":1936},"country":"se","name":"Västra Götaland","id":132},"pointsPerHour":4,"longitude":14.161304,"takeoverPoints":140},"latitude":58.407284,"currentOwner":{"name":"Turfis","id":17586},"time":"2021-07-20T07:04:47+0000","type":"takeover","longitude":14.161304},{"zone":{"previousOwner":{"name":"BAx","id":51122},"dateCreated":"2018-04-26T05:00:00+0000","dateLastTaken":"2021-07-20T07:04:46+0000","latitude":60.465474,"currentOwner":{"name":"Uralstrix","id":92422},"name":"TaDebatten","id":145026,"totalTakeovers":795,"region":{"area":{"name":"Borlänge kommun","id":1871},"country":"se","name":"Dalarna","id":129},"pointsPerHour":3,"longitude":15.466598,"takeoverPoints":155},"latitude":60.465474,"currentOwner":{"name":"Uralstrix","id":92422},"time":"2021-07-20T07:04:46+0000","type":"takeover","longitude":15.466598},{"zone":{"previousOwner":{"name":"crvenazvezda91","id":223981},"dateLastTaken":"2021-07-20T07:04:46+0000","latitude":55.704034,"totalTakeovers":16740,"type":{"name":"Monument","id":21},"pointsPerHour":8,"takeoverPoints":80,"dateCreated":"2014-04-06T11:40:17+0000","currentOwner":{"name":"Wokoholic","id":240495},"name":"Intighet","id":27853,"region":{"area":{"name":"Lunds kommun","id":1948},"country":"se","name":"Skåne","id":135},"longitude":13.194877},"latitude":55.704034,"currentOwner":{"name":"Wokoholic","id":240495},"time":"2021-07-20T07:04:46+0000","type":"takeover","longitude":13.194877},{"zone":{"previousOwner":{"name":"sg3","id":83343},"dateCreated":"2019-04-27T18:20:56+0000","dateLastTaken":"2021-07-20T07:04:45+0000","latitude":58.33195,"currentOwner":{"name":"mmajjalish","id":53117},"name":"Centralskogen","id":189125,"totalTakeovers":293,"region":{"area":{"name":"Grästorps kommun","id":1939},"country":"se","name":"Västra Götaland","id":132},"pointsPerHour":1,"longitude":12.684538,"takeoverPoints":185},"latitude":58.33195,"currentOwner":{"name":"mmajjalish","id":53117},"time":"2021-07-20T07:04:45+0000","type":"takeover","longitude":12.684538},{"zone":{"previousOwner":{"name":"Moff","id":132819},"dateCreated":"2017-08-19T09:45:00+0000","dateLastTaken":"2021-07-20T07:04:45+0000","latitude":62.405654,"currentOwner":{"name":"gilla","id":58846},"name":"VikingIGranlo","id":117483,"totalTakeovers":4342,"region":{"area":{"name":"Sundsvalls kommun","id":2056},"country":"se","name":"Västernorrland","id":145},"pointsPerHour":6,"longitude":17.248367,"takeoverPoints":110},"latitude":62.405654,"currentOwner":{"name":"gilla","id":58846},"time":"2021-07-20T07:04:45+0000","type":"takeover","longitude":17.248367},{"zone":{"previousOwner":{"name":"port80","id":316231},"dateCreated":"2013-03-06T20:56:58+0000","dateLastTaken":"2021-07-20T07:04:45+0000","latitude":59.845271,"currentOwner":{"name":"Pianoninjan","id":270137},"name":"Rudbecklabbet","id":15579,"totalTakeovers":15247,"region":{"area":{"name":"Uppsala kommun","id":1977},"country":"se","name":"Uppsala","id":142},"pointsPerHour":8,"longitude":17.639509,"takeoverPoints":80},"latitude":59.845271,"currentOwner":{"name":"Pianoninjan","id":270137},"time":"2021-07-20T07:04:45+0000","type":"takeover","longitude":17.639509},{"zone":{"previousOwner":{"name":"Dominion","id":243721},"dateCreated":"2015-05-10T09:30:01+0000","dateLastTaken":"2021-07-20T07:04:42+0000","latitude":59.640274,"currentOwner":{"name":"Dudu","id":264635},"name":"TurfPower","id":52095,"totalTakeovers":5436,"region":{"area":{"name":"Enköpings kommun","id":1944},"country":"se","name":"Uppsala","id":142},"pointsPerHour":5,"longitude":17.067931,"takeoverPoints":125},"latitude":59.640274,"currentOwner":{"name":"Dudu","id":264635},"time":"2021-07-20T07:04:42+0000","type":"takeover","longitude":17.067931},{"zone":{"previousOwner":{"name":"RogerG","id":305042},"dateCreated":"2020-12-23T16:09:50+0000","dateLastTaken":"2021-07-20T07:04:40+0000","latitude":56.190966,"currentOwner":{"name":"skyhigh","id":304907},"name":"TheHotelView","id":358475,"totalTakeovers":738,"region":{"area":{"name":"Stirling","id":2787},"country":"gb","name":"Scotland","id":200},"pointsPerHour":4,"longitude":-3.955028,"takeoverPoints":140},"latitude":56.190966,"currentOwner":{"name":"skyhigh","id":304907},"time":"2021-07-20T07:04:40+0000","type":"takeover","longitude":-3.955028},{"zone":{"previousOwner":{"name":"fixarn","id":233156},"dateCreated":"2020-05-25T06:22:29+0000","dateLastTaken":"2021-07-20T07:04:40+0000","latitude":62.40575,"currentOwner":{"name":"wall\u2022e","id":234781},"name":"Torsten","id":299232,"totalTakeovers":1083,"region":{"area":{"name":"Sundsvalls kommun","id":2056},"country":"se","name":"Västernorrland","id":145},"pointsPerHour":5,"longitude":17.261482,"takeoverPoints":125},"latitude":62.40575,"currentOwner":{"name":"wall\u2022e","id":234781},"time":"2021-07-20T07:04:40+0000","type":"takeover","longitude":17.261482},{"zone":{"previousOwner":{"name":"Falo","id":43501},"dateCreated":"2012-09-14T10:00:00+0000","dateLastTaken":"2021-07-20T07:04:39+0000","latitude":59.316642,"currentOwner":{"name":"galax","id":57332},"name":"KGSickhouse","id":11323,"totalTakeovers":15460,"region":{"area":{"name":"Karlskoga kommun","id":1818},"country":"se","name":"Örebro","id":131},"pointsPerHour":8,"longitude":14.504073,"takeoverPoints":80},"latitude":59.316642,"currentOwner":{"name":"galax","id":57332},"time":"2021-07-20T07:04:39+0000","type":"takeover","longitude":14.504073},{"zone":{"previousOwner":{"name":"Xoff","id":103201},"dateLastTaken":"2021-07-20T07:04:36+0000","latitude":65.316569,"totalTakeovers":9305,"type":{"name":"Bridge","id":8},"pointsPerHour":6,"takeoverPoints":110,"dateCreated":"2012-04-15T13:32:10+0000","currentOwner":{"name":"mariegumman","id":228726},"name":"GardenBridge","id":8198,"region":{"area":{"name":"Piteå kommun","id":1797},"country":"se","name":"Norrbotten","id":126},"longitude":21.492678},"latitude":65.316569,"currentOwner":{"name":"mariegumman","id":228726},"time":"2021-07-20T07:04:36+0000","type":"takeover","longitude":21.492678},{"zone":{"previousOwner":{"name":"tine","id":36446},"dateCreated":"2012-03-21T18:14:06+0000","dateLastTaken":"2021-07-20T07:04:33+0000","latitude":59.612635,"currentOwner":{"name":"150år","id":80009},"name":"GrowHouse","id":7258,"totalTakeovers":37861,"region":{"area":{"name":"Västerås","id":1807},"country":"se","name":"Västmanland","id":143},"pointsPerHour":9,"longitude":16.548793,"takeoverPoints":65},"assists":[{"name":"Jordgloben","id":241982}],"latitude":59.612635,"currentOwner":{"name":"150år","id":80009},"time":"2021-07-20T07:04:33+0000","type":"takeover","longitude":16.548793},{"zone":{"previousOwner":{"name":"Leksa","id":254484},"dateCreated":"2019-02-16T19:43:06+0000","dateLastTaken":"2021-07-20T07:04:26+0000","latitude":60.20842,"currentOwner":{"name":"Leksa","id":254484},"name":"FrancksGata","id":179481,"totalTakeovers":98,"region":{"area":{"name":"Helsinki","id":2199},"country":"fi","name":"Etelä-Suomi","id":185},"pointsPerHour":2,"longitude":24.982766,"takeoverPoints":170},"latitude":60.20842,"currentOwner":{"name":"Leksa","id":254484},"time":"2021-07-20T07:04:26+0000","type":"takeover","longitude":24.982766},{"zone":{"previousOwner":{"name":"mussestein","id":147071},"dateCreated":"2010-12-22T13:25:44+0000","dateLastTaken":"2021-07-20T07:04:25+0000","latitude":56.210549,"currentOwner":{"name":"xerox","id":22181},"name":"RonneTower","id":1193,"totalTakeovers":1589,"region":{"area":{"name":"Ronneby kommun","id":1992},"country":"se","name":"Blekinge","id":136},"pointsPerHour":3,"longitude":15.28302,"takeoverPoints":155},"latitude":56.210549,"currentOwner":{"name":"xerox","id":22181},"time":"2021-07-20T07:04:25+0000","type":"takeover","longitude":15.28302},{"zone":{"previousOwner":{"name":"Dominion","id":243721},"dateCreated":"2014-06-09T12:00:00+0000","dateLastTaken":"2021-07-20T07:04:23+0000","latitude":59.637039,"currentOwner":{"name":"whitebike","id":228856},"name":"DrWesterlunds","id":31338,"totalTakeovers":8893,"region":{"area":{"name":"Enköpings kommun","id":1944},"country":"se","name":"Uppsala","id":142},"pointsPerHour":6,"longitude":17.064489,"takeoverPoints":110},"latitude":59.637039,"currentOwner":{"name":"whitebike","id":228856},"time":"2021-07-20T07:04:23+0000","type":"takeover","longitude":17.064489},{"zone":{"previousOwner":{"name":"grock","id":189790},"dateCreated":"2015-04-30T16:43:55+0000","dateLastTaken":"2021-07-20T07:04:22+0000","latitude":65.58201,"currentOwner":{"name":"Zlas","id":241014},"name":"ResidensBD","id":50906,"totalTakeovers":7971,"region":{"area":{"name":"Luleå kommun","id":1798},"country":"se","name":"Norrbotten","id":126},"pointsPerHour":7,"longitude":22.130296,"takeoverPoints":95},"assists":[{"name":"Eliza","id":242724}],"latitude":65.58201,"currentOwner":{"name":"Zlas","id":241014},"time":"2021-07-20T07:04:22+0000","type":"takeover","longitude":22.130296},{"zone":{"previousOwner":{"name":"Gammelsmurf","id":44307},"dateCreated":"2017-09-18T08:00:00+0000","dateLastTaken":"2021-07-20T07:04:22+0000","latitude":57.761745,"currentOwner":{"name":"Standard","id":124526},"name":"Dzone","id":125422,"totalTakeovers":5347,"region":{"area":{"name":"Västerviks kommun","id":2022},"country":"se","name":"Kalmar","id":137},"pointsPerHour":6,"longitude":16.635256,"takeoverPoints":110},"latitude":57.761745,"currentOwner":{"name":"Standard","id":124526},"time":"2021-07-20T07:04:22+0000","type":"takeover","longitude":16.635256},{"zone":{"previousOwner":{"name":"Skräddaren_","id":242130},"dateCreated":"2013-11-14T15:42:30+0000","dateLastTaken":"2021-07-20T07:04:21+0000","latitude":57.92494,"currentOwner":{"name":"Räkan.S","id":42946},"name":"DenLillaÅn","id":22875,"totalTakeovers":3854,"region":{"area":{"name":"Alingsås kommun","id":1912},"country":"se","name":"Västra Götaland","id":132},"pointsPerHour":3,"longitude":12.541284,"takeoverPoints":155},"latitude":57.92494,"currentOwner":{"name":"Räkan.S","id":42946},"time":"2021-07-20T07:04:21+0000","type":"takeover","longitude":12.541284},{"zone":{"previousOwner":{"name":"Bobryikov","id":239619},"dateCreated":"2021-03-20T10:00:00+0000","dateLastTaken":"2021-07-20T07:04:21+0000","latitude":60.067773,"currentOwner":{"name":"Birykow","id":264072},"name":"QuoVadisSöder","id":392174,"totalTakeovers":311,"region":{"area":{"name":"Mariehamn","id":2176},"country":"fi","name":"Åland","id":177},"pointsPerHour":5,"longitude":19.96138,"takeoverPoints":125},"latitude":60.067773,"currentOwner":{"name":"Birykow","id":264072},"time":"2021-07-20T07:04:21+0000","type":"takeover","longitude":19.96138},{"zone":{"previousOwner":{"name":"Gruslig","id":42912},"dateCreated":"2016-02-21T22:23:36+0000","dateLastTaken":"2021-07-20T07:04:16+0000","latitude":59.858176,"currentOwner":{"name":"tur","id":148395},"name":"ApelBiker","id":63747,"totalTakeovers":15983,"region":{"area":{"name":"Uppsala kommun","id":1977},"country":"se","name":"Uppsala","id":142},"pointsPerHour":9,"longitude":17.671105,"takeoverPoints":65},"latitude":59.858176,"currentOwner":{"name":"tur","id":148395},"time":"2021-07-20T07:04:16+0000","type":"takeover","longitude":17.671105},{"zone":{"previousOwner":{"name":"Kryos","id":49291},"dateCreated":"2010-09-30T22:00:02+0000","dateLastTaken":"2021-07-20T07:04:12+0000","latitude":58.592187,"currentOwner":{"name":"Arbor","id":47203},"name":"Fontana","id":906,"totalTakeovers":18385,"region":{"area":{"name":"Norrköpings kommun","id":1853},"country":"se","name":"Östergötland","id":139},"pointsPerHour":8,"longitude":16.183969,"takeoverPoints":80},"latitude":58.592187,"currentOwner":{"name":"Arbor","id":47203},"time":"2021-07-20T07:04:12+0000","type":"takeover","longitude":16.183969},{"zone":{"previousOwner":{"name":"Engdod","id":300976},"dateCreated":"2019-09-22T10:30:00+0000","dateLastTaken":"2021-07-20T07:03:59+0000","latitude":58.754625,"currentOwner":{"name":"zxc3","id":114104},"name":"EriksÄngstuga","id":213791,"totalTakeovers":968,"region":{"area":{"name":"Nyköpings kommun","id":3044},"country":"se","name":"Södermanland","id":140},"pointsPerHour":4,"longitude":17.04511,"takeoverPoints":140},"latitude":58.754625,"currentOwner":{"name":"zxc3","id":114104},"time":"2021-07-20T07:03:59+0000","type":"takeover","longitude":17.04511},{"zone":{"previousOwner":{"name":"MrJokerit","id":81469},"dateCreated":"2013-02-06T07:12:51+0000","dateLastTaken":"2021-07-20T07:03:59+0000","latitude":57.728198,"currentOwner":{"name":"DocterD","id":124758},"name":"Anekdotzonen","id":14653,"totalTakeovers":5159,"region":{"area":{"name":"Göteborgs kommun","id":1885},"country":"se","name":"Västra Götaland","id":132},"pointsPerHour":6,"longitude":11.964842,"takeoverPoints":110},"latitude":57.728198,"currentOwner":{"name":"DocterD","id":124758},"time":"2021-07-20T07:03:59+0000","type":"takeover","longitude":11.964842},{"zone":{"previousOwner":{"name":"simpson","id":71440},"dateCreated":"2014-07-23T16:00:00+0000","dateLastTaken":"2021-07-20T07:03:59+0000","latitude":59.367686,"currentOwner":{"name":"camry","id":189115},"name":"TarDigRunt","id":32106,"totalTakeovers":6467,"region":{"area":{"name":"Karlstads kommun","id":1827},"country":"se","name":"Värmland","id":130},"pointsPerHour":6,"longitude":13.549177,"takeoverPoints":110},"latitude":59.367686,"currentOwner":{"name":"camry","id":189115},"time":"2021-07-20T07:03:59+0000","type":"takeover","longitude":13.549177},{"zone":{"previousOwner":{"name":"Bath","id":57990},"dateCreated":"2021-05-17T17:25:19+0000","dateLastTaken":"2021-07-20T07:03:57+0000","latitude":58.40784,"currentOwner":{"name":"Turfis","id":17586},"name":"Hörnebokurvan","id":412449,"totalTakeovers":225,"region":{"area":{"name":"Tibro","id":1936},"country":"se","name":"Västra Götaland","id":132},"pointsPerHour":4,"longitude":14.157986,"takeoverPoints":140},"latitude":58.40784,"currentOwner":{"name":"Turfis","id":17586},"time":"2021-07-20T07:03:57+0000","type":"takeover","longitude":14.157986},{"zone":{"previousOwner":{"name":"C3PO.","id":265321},"dateLastTaken":"2021-07-20T07:03:55+0000","latitude":60.097093,"totalTakeovers":22685,"type":{"name":"Holy","id":9},"pointsPerHour":8,"takeoverPoints":80,"dateCreated":"2015-03-16T21:48:40+0000","currentOwner":{"name":"SkippyB","id":312877},"name":"HolyCircle","id":46837,"region":{"area":{"name":"Mariehamn","id":2176},"country":"fi","name":"Åland","id":177},"longitude":19.934877},"latitude":60.097093,"currentOwner":{"name":"SkippyB","id":312877},"time":"2021-07-20T07:03:55+0000","type":"takeover","longitude":19.934877},{"zone":{"previousOwner":{"name":"Snabelanna","id":27629},"dateCreated":"2013-06-08T12:29:16+0000","dateLastTaken":"2021-07-20T07:03:53+0000","latitude":56.652381,"currentOwner":{"name":"GW007","id":77704},"name":"SundStone","id":19317,"totalTakeovers":11494,"region":{"area":{"name":"Kalmar kommun","id":2015},"country":"se","name":"Kalmar","id":137},"pointsPerHour":7,"longitude":16.339909,"takeoverPoints":95},"latitude":56.652381,"currentOwner":{"name":"GW007","id":77704},"time":"2021-07-20T07:03:53+0000","type":"takeover","longitude":16.339909},{"zone":{"previousOwner":{"name":"CSL","id":55768},"dateLastTaken":"2021-07-20T07:03:53+0000","latitude":55.943669,"totalTakeovers":964,"type":{"name":"Winner Zone","id":6},"pointsPerHour":6,"takeoverPoints":110,"dateCreated":"2020-06-15T22:45:05+0000","currentOwner":{"name":"Artful","id":302131},"name":"CycleZigZag","id":316738,"region":{"area":{"name":"City of Edinburgh","id":2780},"country":"gb","name":"Scotland","id":200},"longitude":-3.229608},"latitude":55.943669,"currentOwner":{"name":"Artful","id":302131},"time":"2021-07-20T07:03:53+0000","type":"takeover","longitude":-3.229608},{"zone":{"previousOwner":{"name":"Welshman","id":305225},"dateCreated":"2021-05-19T17:40:44+0000","dateLastTaken":"2021-07-20T07:03:52+0000","latitude":60.471601,"currentOwner":{"name":"Xtrmrunner","id":305266},"name":"MetsänLaita","id":413726,"totalTakeovers":47,"region":{"area":{"name":"Kaarina","id":2206},"country":"fi","name":"Lounais-Suomi","id":184},"pointsPerHour":2,"longitude":22.339131,"takeoverPoints":170},"latitude":60.471601,"currentOwner":{"name":"Xtrmrunner","id":305266},"time":"2021-07-20T07:03:52+0000","type":"takeover","longitude":22.339131},{"zone":{"previousOwner":{"name":"monkan57","id":322988},"dateCreated":"2011-09-07T06:35:54+0000","dateLastTaken":"2021-07-20T07:03:51+0000","latitude":59.597997,"currentOwner":{"name":"ale","id":240598},"name":"LindBanväg","id":3119,"totalTakeovers":4180,"region":{"area":{"name":"Lindesbergs kommun","id":1817},"country":"se","name":"Örebro","id":131},"pointsPerHour":5,"longitude":15.226603,"takeoverPoints":125},"latitude":59.597997,"currentOwner":{"name":"ale","id":240598},"time":"2021-07-20T07:03:51+0000","type":"takeover","longitude":15.226603},{"zone":{"previousOwner":{"name":"LogOut","id":73597},"dateLastTaken":"2021-07-20T07:03:43+0000","latitude":59.255488,"totalTakeovers":493,"type":{"name":"Bridge","id":8},"pointsPerHour":3,"takeoverPoints":155,"dateCreated":"2017-03-25T08:00:00+0000","currentOwner":{"name":"pimafo","id":187091},"name":"Listuddsbron","id":96348,"region":{"area":{"name":"Stockholms kommun","id":1828},"country":"se","name":"Stockholm","id":141},"longitude":18.143635},"latitude":59.255488,"currentOwner":{"name":"pimafo","id":187091},"time":"2021-07-20T07:03:43+0000","type":"takeover","longitude":18.143635},{"zone":{"previousOwner":{"name":"Charlez","id":63976},"dateCreated":"2014-03-02T10:00:00+0000","dateLastTaken":"2021-07-20T07:03:41+0000","latitude":56.73586,"currentOwner":{"name":"Storklasen","id":297083},"name":"NilsHolgerBro","id":26178,"totalTakeovers":7762,"region":{"area":{"name":"Kalmar kommun","id":2015},"country":"se","name":"Kalmar","id":137},"pointsPerHour":5,"longitude":16.302165,"takeoverPoints":125},"latitude":56.73586,"currentOwner":{"name":"Storklasen","id":297083},"time":"2021-07-20T07:03:41+0000","type":"takeover","longitude":16.302165},{"zone":{"previousOwner":{"name":"immi","id":193940},"dateCreated":"2013-11-28T17:00:00+0000","dateLastTaken":"2021-07-20T07:03:39+0000","latitude":59.311163,"currentOwner":{"name":"Blodgivare","id":263729},"name":"StråningsIP","id":23514,"totalTakeovers":4712,"region":{"area":{"name":"Karlskoga kommun","id":1818},"country":"se","name":"Örebro","id":131},"pointsPerHour":5,"longitude":14.475047,"takeoverPoints":125},"latitude":59.311163,"currentOwner":{"name":"Blodgivare","id":263729},"time":"2021-07-20T07:03:39+0000","type":"takeover","longitude":14.475047},{"zone":{"previousOwner":{"name":"Niksod","id":69382},"dateCreated":"2014-08-11T08:53:16+0000","dateLastTaken":"2021-07-20T07:03:32+0000","latitude":59.635096,"currentOwner":{"name":"ami68","id":167440},"name":"ISpåret","id":33478,"totalTakeovers":3942,"region":{"area":{"name":"Västerås","id":1807},"country":"se","name":"Västmanland","id":143},"pointsPerHour":6,"longitude":16.60631,"takeoverPoints":110},"latitude":59.635096,"currentOwner":{"name":"ami68","id":167440},"time":"2021-07-20T07:03:32+0000","type":"takeover","longitude":16.60631},{"zone":{"previousOwner":{"name":"Espingen","id":166882},"dateLastTaken":"2021-07-20T07:03:31+0000","latitude":57.755496,"totalTakeovers":15239,"type":{"name":"Train Station","id":13},"pointsPerHour":6,"takeoverPoints":110,"dateCreated":"2010-12-22T21:25:39+0000","currentOwner":{"name":"TompaBoy51","id":65370},"name":"WestStation","id":1222,"region":{"area":{"name":"Västerviks kommun","id":2022},"country":"se","name":"Kalmar","id":137},"longitude":16.643552},"latitude":57.755496,"currentOwner":{"name":"TompaBoy51","id":65370},"time":"2021-07-20T07:03:31+0000","type":"takeover","longitude":16.643552},{"zone":{"previousOwner":{"name":"skinnet5","id":37833},"dateCreated":"2012-06-03T06:07:17+0000","dateLastTaken":"2021-07-20T07:03:27+0000","latitude":58.327106,"currentOwner":{"name":"FruFlugan","id":146814},"name":"FolkungaPark","id":9359,"totalTakeovers":5030,"region":{"area":{"name":"Mjölby","id":1855},"country":"se","name":"Östergötland","id":139},"pointsPerHour":2,"longitude":15.120623,"takeoverPoints":170},"latitude":58.327106,"currentOwner":{"name":"FruFlugan","id":146814},"time":"2021-07-20T07:03:27+0000","type":"takeover","longitude":15.120623},{"zone":{"previousOwner":{"name":"Otrud","id":99538},"dateCreated":"2012-09-24T18:08:22+0000","dateLastTaken":"2021-07-20T07:03:27+0000","latitude":59.634438,"currentOwner":{"name":"whitebike","id":228856},"name":"BluePark","id":11461,"totalTakeovers":17167,"region":{"area":{"name":"Enköpings kommun","id":1944},"country":"se","name":"Uppsala","id":142},"pointsPerHour":7,"longitude":17.066398,"takeoverPoints":95},"latitude":59.634438,"currentOwner":{"name":"whitebike","id":228856},"time":"2021-07-20T07:03:27+0000","type":"takeover","longitude":17.066398},{"zone":{"previousOwner":{"name":"meridaprinz","id":160685},"dateCreated":"2011-11-01T22:17:24+0000","dateLastTaken":"2021-07-20T07:03:26+0000","latitude":62.406996,"currentOwner":{"name":"gilla","id":58846},"name":"SundKoloni","id":4349,"totalTakeovers":7058,"region":{"area":{"name":"Sundsvalls kommun","id":2056},"country":"se","name":"Västernorrland","id":145},"pointsPerHour":5,"longitude":17.244192,"takeoverPoints":125},"latitude":62.406996,"currentOwner":{"name":"gilla","id":58846},"time":"2021-07-20T07:03:26+0000","type":"takeover","longitude":17.244192},{"zone":{"previousOwner":{"name":"féarglas","id":280861},"dateCreated":"2013-06-15T08:00:00+0000","dateLastTaken":"2021-07-20T07:03:26+0000","latitude":55.942237,"currentOwner":{"name":"firstflat","id":305493},"name":"Chalmerzone","id":14575,"totalTakeovers":1630,"region":{"area":{"name":"City of Edinburgh","id":2780},"country":"gb","name":"Scotland","id":200},"pointsPerHour":7,"longitude":-3.196776,"takeoverPoints":95},"latitude":55.942237,"currentOwner":{"name":"firstflat","id":305493},"time":"2021-07-20T07:03:26+0000","type":"takeover","longitude":-3.196776},{"zone":{"previousOwner":{"name":"crvenazvezda91","id":223981},"dateLastTaken":"2021-07-20T07:03:26+0000","latitude":55.704632,"totalTakeovers":20122,"type":{"name":"Holy","id":9},"pointsPerHour":8,"takeoverPoints":80,"dateCreated":"2010-09-04T14:41:37+0000","currentOwner":{"name":"Wokoholic","id":240495},"name":"DomZone","id":598,"region":{"area":{"name":"Lunds kommun","id":1948},"country":"se","name":"Skåne","id":135},"longitude":13.193172},"latitude":55.704632,"currentOwner":{"name":"Wokoholic","id":240495},"time":"2021-07-20T07:03:26+0000","type":"takeover","longitude":13.193172},{"zone":{"previousOwner":{"name":"Cruachan","id":304571},"dateCreated":"2020-08-24T07:00:00+0000","dateLastTaken":"2021-07-20T07:03:23+0000","latitude":56.05435,"currentOwner":{"name":"North_Wing","id":314262},"name":"BobMarley","id":321491,"totalTakeovers":371,"region":{"area":{"name":"East Lothian","id":2786},"country":"gb","name":"Scotland","id":200},"pointsPerHour":3,"longitude":-2.730568,"takeoverPoints":155},"latitude":56.05435,"currentOwner":{"name":"North_Wing","id":314262},"time":"2021-07-20T07:03:23+0000","type":"takeover","longitude":-2.730568},{"zone":{"dateCreated":"2020-02-24T08:10:54+0000","dateLastTaken":"2021-07-20T07:03:23+0000","latitude":57.676793,"currentOwner":{"name":"lindjack","id":77963},"name":"Bänkslända","id":228044,"totalTakeovers":49,"region":{"area":{"name":"Nässjö kommun","id":2008},"country":"se","name":"Jönköping","id":133},"pointsPerHour":1,"longitude":14.700548,"takeoverPoints":185},"latitude":57.676793,"currentOwner":{"name":"lindjack","id":77963},"time":"2021-07-20T07:03:23+0000","type":"takeover","longitude":14.700548},{"zone":{"previousOwner":{"name":"morgam","id":7973},"dateCreated":"2018-05-30T18:47:10+0000","dateLastTaken":"2021-07-20T07:03:20+0000","latitude":59.936382,"currentOwner":{"name":"rosenlunden","id":204096},"name":"Visbo","id":152568,"totalTakeovers":380,"region":{"area":{"name":"Heby kommun","id":1989},"country":"se","name":"Uppsala","id":142},"pointsPerHour":2,"longitude":16.906497,"takeoverPoints":170},"latitude":59.936382,"currentOwner":{"name":"rosenlunden","id":204096},"time":"2021-07-20T07:03:20+0000","type":"takeover","longitude":16.906497},{"zone":{"previousOwner":{"name":"IrrarRunt","id":335134},"dateCreated":"2011-08-29T21:27:37+0000","dateLastTaken":"2021-07-20T07:03:19+0000","latitude":63.814324,"currentOwner":{"name":"erpen","id":155024},"name":"WinterRing","id":2908,"totalTakeovers":10552,"region":{"area":{"name":"Umeå kommun","id":2064},"country":"se","name":"Västerbotten","id":127},"pointsPerHour":8,"longitude":20.254846,"takeoverPoints":80},"latitude":63.814324,"currentOwner":{"name":"erpen","id":155024},"time":"2021-07-20T07:03:19+0000","type":"takeover","longitude":20.254846},{"zone":{"previousOwner":{"name":"glidtacklingen","id":335850},"dateCreated":"2016-12-24T10:00:32+0000","dateLastTaken":"2021-07-20T07:03:18+0000","latitude":59.536061,"currentOwner":{"name":"turdus","id":5997},"name":"Bullerbytorg","id":93232,"totalTakeovers":1102,"region":{"area":{"name":"Vallentuna kommun","id":1892},"country":"se","name":"Stockholm","id":141},"pointsPerHour":3,"longitude":18.066488,"takeoverPoints":155},"latitude":59.536061,"currentOwner":{"name":"turdus","id":5997},"time":"2021-07-20T07:03:18+0000","type":"takeover","longitude":18.066488},{"zone":{"previousOwner":{"name":"tine","id":36446},"dateCreated":"2016-12-24T12:00:00+0000","dateLastTaken":"2021-07-20T07:03:16+0000","latitude":59.615038,"currentOwner":{"name":"150år","id":80009},"name":"KopparKalle","id":92228,"totalTakeovers":11664,"region":{"area":{"name":"Västerås","id":1807},"country":"se","name":"Västmanland","id":143},"pointsPerHour":9,"longitude":16.551029,"takeoverPoints":65},"assists":[{"name":"Jordgloben","id":241982}],"latitude":59.615038,"currentOwner":{"name":"150år","id":80009},"time":"2021-07-20T07:03:16+0000","type":"takeover","longitude":16.551029},{"zone":{"previousOwner":{"name":"Ullabella","id":253128},"dateCreated":"2011-09-03T19:00:00+0000","dateLastTaken":"2021-07-20T07:03:15+0000","latitude":58.418348,"currentOwner":{"name":"BlackRider","id":48354},"name":"Circular","id":2935,"totalTakeovers":6168,"region":{"area":{"name":"Linköpings kommun","id":1852},"country":"se","name":"Östergötland","id":139},"pointsPerHour":7,"longitude":15.655627,"takeoverPoints":95},"latitude":58.418348,"currentOwner":{"name":"BlackRider","id":48354},"time":"2021-07-20T07:03:15+0000","type":"takeover","longitude":15.655627},{"zone":{"previousOwner":{"name":"jösses...då","id":113416},"dateCreated":"2013-05-27T20:47:27+0000","dateLastTaken":"2021-07-20T07:03:14+0000","latitude":57.657011,"currentOwner":{"name":"Ichtyostega","id":90009},"name":"Kristallpark","id":18911,"totalTakeovers":8990,"region":{"area":{"name":"Göteborgs kommun","id":1885},"country":"se","name":"Västra Götaland","id":132},"pointsPerHour":8,"longitude":11.890331,"takeoverPoints":80},"latitude":57.657011,"currentOwner":{"name":"Ichtyostega","id":90009},"time":"2021-07-20T07:03:14+0000","type":"takeover","longitude":11.890331},{"zone":{"previousOwner":{"name":"Skräddaren_","id":242130},"dateLastTaken":"2021-07-20T07:03:11+0000","latitude":57.926757,"totalTakeovers":5358,"type":{"name":"Bridge","id":8},"pointsPerHour":4,"takeoverPoints":140,"dateCreated":"2012-08-31T10:18:50+0000","currentOwner":{"name":"Räkan.S","id":42946},"name":"Stampzone","id":11161,"region":{"area":{"name":"Alingsås kommun","id":1912},"country":"se","name":"Västra Götaland","id":132},"longitude":12.539445},"latitude":57.926757,"currentOwner":{"name":"Räkan.S","id":42946},"time":"2021-07-20T07:03:11+0000","type":"takeover","longitude":12.539445},{"zone":{"previousOwner":{"name":"Sveper","id":212364},"dateCreated":"2015-01-17T06:00:00+0000","dateLastTaken":"2021-07-20T07:03:10+0000","latitude":59.635034,"currentOwner":{"name":"Rolfs","id":301166},"name":"Stonerunner","id":43809,"totalTakeovers":2423,"region":{"area":{"name":"Västerås","id":1807},"country":"se","name":"Västmanland","id":143},"pointsPerHour":6,"longitude":16.520154,"takeoverPoints":110},"latitude":59.635034,"currentOwner":{"name":"Rolfs","id":301166},"time":"2021-07-20T07:03:10+0000","type":"takeover","longitude":16.520154},{"zone":{"previousOwner":{"name":"MrCoolWat.","id":227290},"dateCreated":"2020-11-15T08:48:08+0000","dateLastTaken":"2021-07-20T07:03:08+0000","latitude":60.201253,"currentOwner":{"name":"Choko","id":229364},"name":"RaspberrySale","id":351143,"totalTakeovers":106,"region":{"area":{"name":"Jomala","id":2177},"country":"fi","name":"Åland","id":177},"pointsPerHour":2,"longitude":19.926835,"takeoverPoints":170},"latitude":60.201253,"currentOwner":{"name":"Choko","id":229364},"time":"2021-07-20T07:03:08+0000","type":"takeover","longitude":19.926835},{"zone":{"previousOwner":{"name":"-Morten-","id":313198},"dateCreated":"2021-03-20T08:00:00+0000","dateLastTaken":"2021-07-20T07:03:03+0000","latitude":53.860044,"currentOwner":{"name":"Mouk","id":316046},"name":"NeuRodelberg","id":392509,"totalTakeovers":457,"region":{"area":{"name":"Lübeck","id":3879},"country":"de","name":"Schleswig-Holstein","id":443},"pointsPerHour":5,"longitude":10.739596,"takeoverPoints":125},"assists":[{"name":"Enola","id":316726}],"latitude":53.860044,"currentOwner":{"name":"Mouk","id":316046},"time":"2021-07-20T07:03:03+0000","type":"takeover","longitude":10.739596},{"zone":{"previousOwner":{"name":"TankaGubben","id":98989},"dateCreated":"2012-04-15T22:06:56+0000","dateLastTaken":"2021-07-20T07:03:02+0000","latitude":59.346932,"currentOwner":{"name":"canon","id":66935},"name":"VonScheeles","id":8240,"totalTakeovers":5954,"region":{"area":{"name":"Solna kommun","id":1845},"country":"se","name":"Stockholm","id":141},"pointsPerHour":6,"longitude":18.021527,"takeoverPoints":110},"latitude":59.346932,"currentOwner":{"name":"canon","id":66935},"time":"2021-07-20T07:03:02+0000","type":"takeover","longitude":18.021527},{"zone":{"previousOwner":{"name":"ABECE","id":61470},"dateLastTaken":"2021-07-20T07:03:02+0000","latitude":59.372144,"totalTakeovers":6999,"type":{"name":"Winner Zone","id":6},"pointsPerHour":7,"takeoverPoints":95,"dateCreated":"2018-02-08T21:46:47+0000","currentOwner":{"name":"jojopojken","id":48522},"name":"ABECE001","id":141060,"region":{"area":{"name":"Karlstads kommun","id":1827},"country":"se","name":"Värmland","id":130},"longitude":13.479672},"latitude":59.372144,"currentOwner":{"name":"jojopojken","id":48522},"time":"2021-07-20T07:03:02+0000","type":"takeover","longitude":13.479672},{"zone":{"previousOwner":{"name":"Ni_ki_ta","id":233048},"dateLastTaken":"2021-07-20T07:03:00+0000","latitude":65.278169,"totalTakeovers":364,"type":{"name":"Bridge","id":8},"pointsPerHour":3,"takeoverPoints":155,"dateCreated":"2018-08-07T14:42:55+0000","currentOwner":{"name":"Taxichefen","id":235080},"name":"Flyover","id":155449,"region":{"area":{"name":"Piteå kommun","id":1797},"country":"se","name":"Norrbotten","id":126},"longitude":21.498586},"latitude":65.278169,"currentOwner":{"name":"Taxichefen","id":235080},"time":"2021-07-20T07:03:00+0000","type":"takeover","longitude":21.498586},{"zone":{"previousOwner":{"name":"Helge70","id":108710},"dateCreated":"2014-03-02T10:00:00+0000","dateLastTaken":"2021-07-20T07:02:59+0000","latitude":56.671065,"currentOwner":{"name":"Snabelanna","id":27629},"name":"MittISmeten","id":25769,"totalTakeovers":2252,"region":{"area":{"name":"Kalmar kommun","id":2015},"country":"se","name":"Kalmar","id":137},"pointsPerHour":5,"longitude":16.305834,"takeoverPoints":125},"latitude":56.671065,"currentOwner":{"name":"Snabelanna","id":27629},"time":"2021-07-20T07:02:59+0000","type":"takeover","longitude":16.305834},{"zone":{"previousOwner":{"name":"Falo","id":43501},"dateCreated":"2017-04-15T08:00:00+0000","dateLastTaken":"2021-07-20T07:02:59+0000","latitude":59.314328,"currentOwner":{"name":"galax","id":57332},"name":"Riksbygget","id":97034,"totalTakeovers":10382,"region":{"area":{"name":"Karlskoga kommun","id":1818},"country":"se","name":"Örebro","id":131},"pointsPerHour":8,"longitude":14.505419,"takeoverPoints":80},"latitude":59.314328,"currentOwner":{"name":"galax","id":57332},"time":"2021-07-20T07:02:59+0000","type":"takeover","longitude":14.505419},{"zone":{"previousOwner":{"name":"Charliechoclab","id":302364},"dateCreated":"2013-06-15T08:00:00+0000","dateLastTaken":"2021-07-20T07:02:58+0000","latitude":55.866966,"currentOwner":{"name":"moozul","id":322249},"name":"Parkgrovezone","id":15884,"totalTakeovers":192,"region":{"area":{"name":"Glasgow City","id":2778},"country":"gb","name":"Scotland","id":200},"pointsPerHour":3,"longitude":-4.283502,"takeoverPoints":155},"latitude":55.866966,"currentOwner":{"name":"moozul","id":322249},"time":"2021-07-20T07:02:58+0000","type":"takeover","longitude":-4.283502},{"zone":{"previousOwner":{"name":"Katarina","id":230136},"dateLastTaken":"2021-07-20T07:02:54+0000","latitude":57.927828,"totalTakeovers":130,"type":{"name":"Holy","id":9},"pointsPerHour":1,"takeoverPoints":185,"dateCreated":"2017-08-01T08:30:00+0000","currentOwner":{"name":"drzurban","id":98044},"name":"ÖstadKyrka","id":116044,"region":{"area":{"name":"Lerums kommun","id":3046},"country":"se","name":"Västra Götaland","id":132},"longitude":12.362578},"latitude":57.927828,"currentOwner":{"name":"drzurban","id":98044},"time":"2021-07-20T07:02:54+0000","type":"takeover","longitude":12.362578},{"zone":{"previousOwner":{"name":"Snabelanna","id":27629},"dateCreated":"2013-09-16T17:59:22+0000","dateLastTaken":"2021-07-20T07:02:54+0000","latitude":56.653482,"currentOwner":{"name":"GW007","id":77704},"name":"4Hagen","id":21712,"totalTakeovers":12758,"region":{"area":{"name":"Kalmar kommun","id":2015},"country":"se","name":"Kalmar","id":137},"pointsPerHour":7,"longitude":16.342935,"takeoverPoints":95},"latitude":56.653482,"currentOwner":{"name":"GW007","id":77704},"time":"2021-07-20T07:02:54+0000","type":"takeover","longitude":16.342935},{"zone":{"previousOwner":{"name":"larryz","id":24240},"dateCreated":"2010-08-07T00:00:00+0000","dateLastTaken":"2021-07-20T07:02:52+0000","latitude":59.30651,"currentOwner":{"name":"Lillatanten","id":25936},"name":"Tullyard","id":152,"totalTakeovers":7800,"region":{"area":{"name":"Stockholms kommun","id":1828},"country":"se","name":"Stockholm","id":141},"pointsPerHour":5,"longitude":18.086856,"takeoverPoints":125},"latitude":59.30651,"currentOwner":{"name":"Lillatanten","id":25936},"time":"2021-07-20T07:02:52+0000","type":"takeover","longitude":18.086856},{"zone":{"previousOwner":{"name":"Kryos","id":49291},"dateCreated":"2013-11-13T04:00:00+0000","dateLastTaken":"2021-07-20T07:02:50+0000","latitude":58.590362,"currentOwner":{"name":"Arbor","id":47203},"name":"OldAdviceZone","id":22774,"totalTakeovers":14479,"region":{"area":{"name":"Norrköpings kommun","id":1853},"country":"se","name":"Östergötland","id":139},"pointsPerHour":8,"longitude":16.184735,"takeoverPoints":80},"latitude":58.590362,"currentOwner":{"name":"Arbor","id":47203},"time":"2021-07-20T07:02:50+0000","type":"takeover","longitude":16.184735},{"zone":{"previousOwner":{"name":"Gammelsmurf","id":44307},"dateCreated":"2010-12-22T21:29:54+0000","dateLastTaken":"2021-07-20T07:02:49+0000","latitude":57.764019,"currentOwner":{"name":"Standard","id":124526},"name":"WestPeak","id":1225,"totalTakeovers":8411,"region":{"area":{"name":"Västerviks kommun","id":2022},"country":"se","name":"Kalmar","id":137},"pointsPerHour":6,"longitude":16.633666,"takeoverPoints":110},"latitude":57.764019,"currentOwner":{"name":"Standard","id":124526},"time":"2021-07-20T07:02:49+0000","type":"takeover","longitude":16.633666},{"zone":{"previousOwner":{"name":"Welshman","id":305225},"dateCreated":"2021-05-19T17:42:04+0000","dateLastTaken":"2021-07-20T07:02:49+0000","latitude":60.46965,"currentOwner":{"name":"Xtrmrunner","id":305266},"name":"OldRavattula","id":413727,"totalTakeovers":47,"region":{"area":{"name":"Kaarina","id":2206},"country":"fi","name":"Lounais-Suomi","id":184},"pointsPerHour":2,"longitude":22.336819,"takeoverPoints":170},"latitude":60.46965,"currentOwner":{"name":"Xtrmrunner","id":305266},"time":"2021-07-20T07:02:49+0000","type":"takeover","longitude":22.336819},{"zone":{"previousOwner":{"name":"CSL","id":55768},"dateCreated":"2021-03-20T19:30:00+0000","dateLastTaken":"2021-07-20T07:02:45+0000","latitude":55.943807,"currentOwner":{"name":"Artful","id":302131},"name":"HasManAFuture","id":389277,"totalTakeovers":220,"region":{"area":{"name":"City of Edinburgh","id":2780},"country":"gb","name":"Scotland","id":200},"pointsPerHour":4,"longitude":-3.232818,"takeoverPoints":140},"latitude":55.943807,"currentOwner":{"name":"Artful","id":302131},"time":"2021-07-20T07:02:45+0000","type":"takeover","longitude":-3.232818},{"zone":{"previousOwner":{"name":"Svaale","id":161076},"dateCreated":"2013-10-02T09:48:51+0000","dateLastTaken":"2021-07-20T07:02:43+0000","latitude":63.165856,"currentOwner":{"name":"urdlunga","id":298117},"name":"Storsjöstråk","id":21947,"totalTakeovers":2308,"region":{"area":{"name":"Östersunds kommun","id":2050},"country":"se","name":"Jämtland","id":128},"pointsPerHour":6,"longitude":14.639952,"takeoverPoints":110},"latitude":63.165856,"currentOwner":{"name":"urdlunga","id":298117},"time":"2021-07-20T07:02:43+0000","type":"takeover","longitude":14.639952},{"zone":{"previousOwner":{"name":"Dominion","id":243721},"dateCreated":"2015-01-12T17:00:00+0000","dateLastTaken":"2021-07-20T07:02:43+0000","latitude":59.634061,"currentOwner":{"name":"whitebike","id":228856},"name":"ÅEnköping","id":43712,"totalTakeovers":11893,"region":{"area":{"name":"Enköpings kommun","id":1944},"country":"se","name":"Uppsala","id":142},"pointsPerHour":6,"longitude":17.063553,"takeoverPoints":110},"latitude":59.634061,"currentOwner":{"name":"whitebike","id":228856},"time":"2021-07-20T07:02:43+0000","type":"takeover","longitude":17.063553},{"zone":{"previousOwner":{"name":"Redstone","id":149822},"dateCreated":"2015-04-21T14:00:26+0000","dateLastTaken":"2021-07-20T07:02:43+0000","latitude":65.314815,"currentOwner":{"name":"mariegumman","id":228726},"name":"GardenLane","id":49511,"totalTakeovers":9720,"region":{"area":{"name":"Piteå kommun","id":1797},"country":"se","name":"Norrbotten","id":126},"pointsPerHour":6,"longitude":21.490634,"takeoverPoints":110},"latitude":65.314815,"currentOwner":{"name":"mariegumman","id":228726},"time":"2021-07-20T07:02:43+0000","type":"takeover","longitude":21.490634},{"zone":{"previousOwner":{"name":"chacamia","id":60439},"dateCreated":"2014-07-30T19:39:14+0000","dateLastTaken":"2021-07-20T07:02:40+0000","latitude":58.405584,"currentOwner":{"name":"Turfis","id":17586},"name":"Granåszon","id":33086,"totalTakeovers":9066,"region":{"area":{"name":"Tibro","id":1936},"country":"se","name":"Västra Götaland","id":132},"pointsPerHour":4,"longitude":14.156552,"takeoverPoints":140},"latitude":58.405584,"currentOwner":{"name":"Turfis","id":17586},"time":"2021-07-20T07:02:40+0000","type":"takeover","longitude":14.156552},{"zone":{"previousOwner":{"name":"BAx","id":51122},"dateCreated":"2012-04-04T22:08:25+0000","dateLastTaken":"2021-07-20T07:02:40+0000","latitude":60.462239,"currentOwner":{"name":"Uralstrix","id":92422},"name":"HyttingZone","id":7988,"totalTakeovers":2850,"region":{"area":{"name":"Borlänge kommun","id":1871},"country":"se","name":"Dalarna","id":129},"pointsPerHour":3,"longitude":15.467128,"takeoverPoints":155},"latitude":60.462239,"currentOwner":{"name":"Uralstrix","id":92422},"time":"2021-07-20T07:02:40+0000","type":"takeover","longitude":15.467128},{"zone":{"previousOwner":{"name":"Calmare1","id":77612},"dateCreated":"2011-08-08T18:33:39+0000","dateLastTaken":"2021-07-20T07:02:36+0000","latitude":59.855098,"currentOwner":{"name":"tur","id":148395},"name":"BoCountry","id":2561,"totalTakeovers":13626,"region":{"area":{"name":"Uppsala kommun","id":1977},"country":"se","name":"Uppsala","id":142},"pointsPerHour":8,"longitude":17.672537,"takeoverPoints":80},"latitude":59.855098,"currentOwner":{"name":"tur","id":148395},"time":"2021-07-20T07:02:36+0000","type":"takeover","longitude":17.672537},{"zone":{"previousOwner":{"name":"whitebike","id":228856},"dateCreated":"2014-08-27T20:00:00+0000","dateLastTaken":"2021-07-20T07:02:35+0000","latitude":59.636387,"currentOwner":{"name":"XDMarcusdaboyO","id":335966},"name":"Tullporten","id":33732,"totalTakeovers":10921,"region":{"area":{"name":"Enköpings kommun","id":1944},"country":"se","name":"Uppsala","id":142},"pointsPerHour":6,"longitude":17.083217,"takeoverPoints":110},"latitude":59.636387,"currentOwner":{"name":"XDMarcusdaboyO","id":335966},"time":"2021-07-20T07:02:35+0000","type":"takeover","longitude":17.083217},{"zone":{"previousOwner":{"name":"Bobryikov","id":239619},"dateCreated":"2021-03-13T10:00:00+0000","dateLastTaken":"2021-07-20T07:02:34+0000","latitude":60.069448,"currentOwner":{"name":"Birykow","id":264072},"name":"QuoVadisNorr","id":392173,"totalTakeovers":397,"region":{"area":{"name":"Mariehamn","id":2176},"country":"fi","name":"Åland","id":177},"pointsPerHour":5,"longitude":19.961466,"takeoverPoints":125},"latitude":60.069448,"currentOwner":{"name":"Birykow","id":264072},"time":"2021-07-20T07:02:34+0000","type":"takeover","longitude":19.961466},{"zone":{"previousOwner":{"name":"Spito","id":329454},"dateCreated":"2017-11-06T22:44:37+0000","dateLastTaken":"2021-07-20T07:02:33+0000","latitude":57.72825,"currentOwner":{"name":"DocterD","id":124758},"name":"BrunnsboTorg","id":136376,"totalTakeovers":2660,"region":{"area":{"name":"Göteborgs kommun","id":1885},"country":"se","name":"Västra Götaland","id":132},"pointsPerHour":5,"longitude":11.970748,"takeoverPoints":125},"latitude":57.72825,"currentOwner":{"name":"DocterD","id":124758},"time":"2021-07-20T07:02:33+0000","type":"takeover","longitude":11.970748},{"zone":{"previousOwner":{"name":"sg3","id":83343},"dateCreated":"2014-03-06T14:30:00+0000","dateLastTaken":"2021-07-20T07:02:30+0000","latitude":58.331284,"currentOwner":{"name":"mmajjalish","id":53117},"name":"Ge","id":26244,"totalTakeovers":1045,"region":{"area":{"name":"Grästorps kommun","id":1939},"country":"se","name":"Västra Götaland","id":132},"pointsPerHour":1,"longitude":12.688764,"takeoverPoints":185},"latitude":58.331284,"currentOwner":{"name":"mmajjalish","id":53117},"time":"2021-07-20T07:02:30+0000","type":"takeover","longitude":12.688764},{"zone":{"previousOwner":{"name":"Grack","id":7893},"dateCreated":"2012-03-30T21:53:03+0000","dateLastTaken":"2021-07-20T07:02:27+0000","latitude":63.825779,"currentOwner":{"name":"Maxlion","id":282389},"name":"MountLily","id":7704,"totalTakeovers":17954,"region":{"area":{"name":"Umeå kommun","id":2064},"country":"se","name":"Västerbotten","id":127},"pointsPerHour":8,"longitude":20.311696,"takeoverPoints":80},"latitude":63.825779,"currentOwner":{"name":"Maxlion","id":282389},"time":"2021-07-20T07:02:27+0000","type":"takeover","longitude":20.311696},{"zone":{"previousOwner":{"name":"grock","id":189790},"dateCreated":"2012-04-02T21:44:16+0000","dateLastTaken":"2021-07-20T07:02:25+0000","latitude":65.583494,"currentOwner":{"name":"Eliza","id":242724},"name":"RopeHitEnd","id":7913,"totalTakeovers":9722,"region":{"area":{"name":"Luleå kommun","id":1798},"country":"se","name":"Norrbotten","id":126},"pointsPerHour":7,"longitude":22.126608,"takeoverPoints":95},"assists":[{"name":"Zlas","id":241014}],"latitude":65.583494,"currentOwner":{"name":"Eliza","id":242724},"time":"2021-07-20T07:02:25+0000","type":"takeover","longitude":22.126608},{"zone":{"previousOwner":{"name":"Uralstrix","id":92422},"dateLastTaken":"2021-07-20T07:02:24+0000","latitude":59.587757,"totalTakeovers":2265,"type":{"name":"Bridge","id":8},"pointsPerHour":4,"takeoverPoints":140,"dateCreated":"2016-02-14T06:00:00+0000","currentOwner":{"name":"monkan57","id":322988},"name":"Hyttebron","id":63205,"region":{"area":{"name":"Lindesbergs kommun","id":1817},"country":"se","name":"Örebro","id":131},"longitude":15.236499},"latitude":59.587757,"currentOwner":{"name":"monkan57","id":322988},"time":"2021-07-20T07:02:24+0000","type":"takeover","longitude":15.236499},{"zone":{"previousOwner":{"name":"Jonte67","id":284492},"dateCreated":"2013-06-24T13:00:00+0000","dateLastTaken":"2021-07-20T07:02:22+0000","latitude":55.582815,"currentOwner":{"name":"xhunter","id":56590},"name":"ArrowPondRoad","id":20394,"totalTakeovers":6733,"region":{"area":{"name":"Malmö kommun","id":1898},"country":"se","name":"Skåne","id":135},"pointsPerHour":6,"longitude":12.997752,"takeoverPoints":110},"latitude":55.582815,"currentOwner":{"name":"xhunter","id":56590},"time":"2021-07-20T07:02:22+0000","type":"takeover","longitude":12.997752},{"zone":{"previousOwner":{"name":"aYa","id":48114},"dateCreated":"2012-04-01T13:36:13+0000","dateLastTaken":"2021-07-20T07:02:21+0000","latitude":59.638532,"currentOwner":{"name":"BirgittaS","id":31552},"name":"RoboticsZone","id":7757,"totalTakeovers":32308,"region":{"area":{"name":"Västerås","id":1807},"country":"se","name":"Västmanland","id":143},"pointsPerHour":8,"longitude":16.58737,"takeoverPoints":80},"latitude":59.638532,"currentOwner":{"name":"BirgittaS","id":31552},"time":"2021-07-20T07:02:21+0000","type":"takeover","longitude":16.58737},{"zone":{"previousOwner":{"name":"meridaprinz","id":160685},"dateCreated":"2013-04-20T13:30:00+0000","dateLastTaken":"2021-07-20T07:02:19+0000","latitude":62.408641,"currentOwner":{"name":"gilla","id":58846},"name":"HalfHeart","id":16841,"totalTakeovers":5435,"region":{"area":{"name":"Sundsvalls kommun","id":2056},"country":"se","name":"Västernorrland","id":145},"pointsPerHour":5,"longitude":17.238769,"takeoverPoints":125},"latitude":62.408641,"currentOwner":{"name":"gilla","id":58846},"time":"2021-07-20T07:02:19+0000","type":"takeover","longitude":17.238769},{"zone":{"previousOwner":{"name":"C3PO.","id":265321},"dateCreated":"2014-08-27T19:02:02+0000","dateLastTaken":"2021-07-20T07:02:17+0000","latitude":60.096809,"currentOwner":{"name":"SkippyB","id":312877},"name":"EsplanadeZone","id":33837,"totalTakeovers":15515,"region":{"area":{"name":"Mariehamn","id":2176},"country":"fi","name":"Åland","id":177},"pointsPerHour":8,"longitude":19.930647,"takeoverPoints":80},"latitude":60.096809,"currentOwner":{"name":"SkippyB","id":312877},"time":"2021-07-20T07:02:17+0000","type":"takeover","longitude":19.930647},{"zone":{"previousOwner":{"name":"Mani","id":27227},"dateCreated":"2014-03-29T13:00:00+0000","dateLastTaken":"2021-07-20T07:02:13+0000","latitude":57.653602,"currentOwner":{"name":"JenB","id":226820},"name":"HerkulesGård","id":27652,"totalTakeovers":833,"region":{"area":{"name":"Mölndals kommun","id":1886},"country":"se","name":"Västra Götaland","id":132},"pointsPerHour":1,"longitude":12.056198,"takeoverPoints":185},"latitude":57.653602,"currentOwner":{"name":"JenB","id":226820},"time":"2021-07-20T07:02:13+0000","type":"takeover","longitude":12.056198},{"zone":{"previousOwner":{"name":"Orginator","id":178112},"dateCreated":"2017-04-15T08:00:00+0000","dateLastTaken":"2021-07-20T07:02:11+0000","latitude":59.472483,"currentOwner":{"name":"Gotjan","id":185926},"name":"LupusPit","id":98123,"totalTakeovers":326,"region":{"area":{"name":"Täby kommun","id":1841},"country":"se","name":"Stockholm","id":141},"pointsPerHour":2,"longitude":18.109503,"takeoverPoints":170},"latitude":59.472483,"currentOwner":{"name":"Gotjan","id":185926},"time":"2021-07-20T07:02:11+0000","type":"takeover","longitude":18.109503},{"zone":{"previousOwner":{"name":"Taraxacum","id":316693},"dateCreated":"2018-09-27T07:52:51+0000","dateLastTaken":"2021-07-20T07:02:07+0000","latitude":60.216632,"currentOwner":{"name":"aurinkopaneeli","id":335956},"name":"BuildItUself","id":172071,"totalTakeovers":99,"region":{"area":{"name":"Espoo","id":2234},"country":"fi","name":"Etelä-Suomi","id":185},"pointsPerHour":1,"longitude":24.661084,"takeoverPoints":185},"latitude":60.216632,"currentOwner":{"name":"aurinkopaneeli","id":335956},"time":"2021-07-20T07:02:07+0000","type":"takeover","longitude":24.661084}]