[{"sender":{"country":"se","medals":[95,101,6,79,13,28,16,56,48,36],"zones":[47616,47617,42689,23554,107911,2887,31559,8075,2891,2892,81870,6161,8594,5395,51667,7700,20692,6933,7702,20695,42392,5404,2912,9762,9764,33640,20841,28845,1005,226860,3440,11639,97341],"pointsPerHour":245,"points":247209,"blocktime":1125,"taken":5218,"name":"Timmyz_","totalPoints":712985,"rank":35,"id":203411,"place":40,"uniqueZonesTaken":464,"region":{"name":"Västerbotten","id":127}},"time":"2021-07-20T12:51:20+0000","message":"Vozne: 👍","region":{"name":"Västerbotten","id":127},"type":"chat"},{"sender":{"country":"se","medals":[77,16,4,79,47,70,5,122,7,72,58,27,96,68,15,67,104,22,126,38],"zones":[354849,26822,8086,26824,228426,299231,228127,797,190319,10511],"pointsPerHour":18,"points":6341,"blocktime":1260,"taken":10883,"name":"fixarn","totalPoints":2407983,"rank":44,"id":233156,"place":3389,"uniqueZonesTaken":1343,"region":{"name":"Västernorrland","id":145}},"time":"2021-07-20T12:51:06+0000","message":"PumbaSwede: missar ju. Går nästan vilse","region":{"name":"Västernorrland","id":145},"type":"chat"},{"sender":{"country":"se","medals":[16,70,67,57,22,75,77,24,72,17,45,24,83,79,4,91,25,76,24,17,116,24,117,30,24,110,17,24,41,26,24,126,24,50],"zones":[8833,46353,43507,139809,7699,117498,30236,113868,182604,23535],"pointsPerHour":28,"points":29298,"blocktime":1290,"taken":28827,"name":"Vozne","totalPoints":3466018,"rank":46,"id":136752,"place":1532,"uniqueZonesTaken":2529,"region":{"name":"Västerbotten","id":127}},"time":"2021-07-20T12:50:57+0000","message":"Timmyz_: tar gärna assist😊","region":{"name":"Västerbotten","id":127},"type":"chat"},{"sender":{"country":"se","medals":[95,101,6,79,13,28,16,56,48,36],"zones":[47616,47617,42689,23554,107911,2887,31559,8075,2891,2892,81870,6161,8594,5395,51667,7700,20692,6933,7702,20695,42392,5404,2912,9762,9764,33640,20841,28845,1005,226860,3440,11639,97341],"pointsPerHour":245,"points":247206,"blocktime":1125,"taken":5218,"name":"Timmyz_","totalPoints":712981,"rank":35,"id":203411,"place":40,"uniqueZonesTaken":464,"region":{"name":"Västerbotten","id":127}},"time":"2021-07-20T12:50:30+0000","message":"Vozne: mot sofiehem och sedan ner på strandpromenaden mot stan","region":{"name":"Västerbotten","id":127},"type":"chat"},{"sender":{"country":"se","medals":[16,70,67,57,22,75,77,24,72,17,45,24,83,79,4,91,25,76,24,17,116,24,117,30,24,110,17,24,41,26,24,126,24,50],"zones":[8833,46353,43507,139809,117498,30236,113868,182604,23535],"pointsPerHour":19,"points":29232,"blocktime":1290,"taken":28826,"name":"Vozne","totalPoints":3465952,"rank":46,"id":136752,"place":1533,"uniqueZonesTaken":2529,"region":{"name":"Västerbotten","id":127}},"time":"2021-07-20T12:48:54+0000","message":"Timmyz_: färdriktning?","region":{"name":"Västerbotten","id":127},"type":"chat"},{"sender":{"country":"se","medals":[47,16,79,7,77,122,58,22,126,104,95,15,72,27,37,4,70],"zones":[117505,374454,28952,210811,210810,411322,430313],"pointsPerHour":11,"points":25512,"blocktime":1230,"taken":8493,"name":"PumbaSwede","totalPoints":1889564,"rank":42,"id":24792,"place":1693,"uniqueZonesTaken":1307,"region":{"name":"Västernorrland","id":145}},"time":"2021-07-20T12:45:43+0000","message":"fixarn: Heja 😀","region":{"name":"Västernorrland","id":145},"type":"chat"}]