[{"medal":84,"time":"2022-01-31T09:52:31+0000","type":"medal","user":{"country":"se","medals":[94,84],"zones":[26897,97796,431309],"pointsPerHour":0,"points":738,"blocktime":645,"taken":6,"name":"AntonCapocci69","totalPoints":738,"rank":3,"id":354746,"place":6851,"uniqueZonesTaken":6,"region":{"name":"Östergötland","id":139}}},{"medal":85,"time":"2022-01-31T09:50:21+0000","type":"medal","user":{"country":"se","medals":[80,85],"zones":[62642,11285,8905,21374],"pointsPerHour":0,"points":1241,"blocktime":660,"taken":10,"name":"Thyme","totalPoints":1241,"rank":4,"id":354670,"place":6850,"uniqueZonesTaken":10,"region":{"name":"Västerbotten","id":127}}}]