[{"medal":94,"time":"2022-01-31T07:30:25+0000","type":"medal","user":{"country":"se","medals":[94],"zones":[],"pointsPerHour":0,"points":125,"blocktime":600,"taken":1,"name":"Emilinho","totalPoints":125,"rank":0,"id":354717,"place":6831,"uniqueZonesTaken":1,"region":{"name":"Östergötland","id":139}}},{"medal":94,"time":"2022-01-31T07:30:25+0000","type":"medal","user":{"country":"se","medals":[94],"zones":[],"pointsPerHour":0,"points":125,"blocktime":600,"taken":1,"name":"Hannes.Ahl","totalPoints":125,"rank":0,"id":354719,"place":6831,"uniqueZonesTaken":1,"region":{"name":"Östergötland","id":139}}},{"medal":85,"time":"2022-01-31T07:24:40+0000","type":"medal","user":{"country":"se","medals":[85],"zones":[46534,114810,116794],"pointsPerHour":0,"points":1964,"blocktime":675,"taken":10,"name":"K1Predator","totalPoints":1964,"rank":5,"id":354400,"place":6831,"uniqueZonesTaken":7,"region":{"name":"Västra Götaland","id":132}}}]