[{"medal":85,"time":"2022-01-31T19:25:45+0000","type":"medal","user":{"country":"se","medals":[92,93,85],"zones":[226656],"pointsPerHour":0,"points":345,"blocktime":675,"taken":18,"name":"matigol","totalPoints":3029,"rank":5,"id":97744,"place":6975,"uniqueZonesTaken":17,"region":{"name":"Stockholm","id":141}}},{"sender":{"country":"se","medals":[16,122,47,79,22,28,15,107,4,6,57,95,37,127],"zones":[35919],"pointsPerHour":7,"points":54445,"blocktime":1200,"taken":8972,"name":"Virulf","totalPoints":1332938,"rank":40,"id":278756,"place":1343,"uniqueZonesTaken":1712,"region":{"name":"Stockholm","id":141}},"time":"2022-01-31T19:16:01+0000","message":"embeoo: tack. 3 sprutor och ändå nedlagd.","region":{"name":"Stockholm","id":141},"type":"chat"}]