[{"medal":38,"time":"2023-05-08T10:23:02+0000","type":"medal","user":{"country":"se","medals":[127,47,122,79,28,94,16,14,58,102,38],"zones":[55232,55233,85762,96772,24073,24075,353545,516424,7632,7634,7635,224278,114262,43162,43163,154654,542165,43165,218012,95456,7585,7586,325601,325602,11113,472173,57066,192878,11117,115439,192877,22713,319294,7294,565943],"pointsPerHour":0,"points":6178,"blocktime":20,"taken":10000,"name":"benkeror","totalPoints":2179451,"rank":43,"id":351612,"place":4416,"uniqueZonesTaken":690,"region":{"name":"Stockholm","id":141}}},{"medal":84,"time":"2023-05-08T10:20:43+0000","type":"medal","user":{"country":"se","medals":[80,84],"zones":[418933,179316,1239,27613,29583],"pointsPerHour":0,"points":627,"blocktime":10,"taken":5,"name":"LeaLara","totalPoints":627,"rank":2,"id":392420,"place":4413,"uniqueZonesTaken":5,"region":{"name":"Västra Götaland","id":132}}},{"medal":80,"time":"2023-05-08T10:20:43+0000","type":"medal","user":{"country":"se","medals":[80,84],"zones":[418933,179316,1239,27613,29583],"pointsPerHour":0,"points":627,"blocktime":10,"taken":5,"name":"LeaLara","totalPoints":627,"rank":2,"id":392420,"place":4413,"uniqueZonesTaken":5,"region":{"name":"Västra Götaland","id":132}}},{"sender":{"country":"se","medals":[16,44,5,55,4,17,24,24,77,24,112,26,30,15,38,91,79,28,126,48,105],"zones":[490400,112538],"pointsPerHour":10,"points":383,"blocktime":20,"taken":14614,"name":"Boppen","totalPoints":2281193,"rank":43,"id":14431,"place":3111,"uniqueZonesTaken":1469,"region":{"name":"Stockholm","id":141}},"time":"2023-05-08T10:13:08+0000","message":"Ta den, drygt 2h till revisit ser jag. 😊","region":{"name":"Stockholm","id":141},"type":"chat"}]