[{"medal":93,"time":"2023-05-08T12:41:27+0000","type":"medal","user":{"country":"se","medals":[93],"zones":[516630,358646],"pointsPerHour":0,"points":525,"blocktime":10,"taken":5,"name":"hjalle21","totalPoints":943,"rank":3,"id":361155,"place":4539,"uniqueZonesTaken":5,"region":{"name":"Västerbotten","id":127}}},{"country":"se","sender":{"country":"se","medals":[93],"zones":[],"pointsPerHour":0,"points":0,"blocktime":10,"taken":1,"name":"Noelblop","totalPoints":235,"rank":1,"id":384105,"place":4537,"uniqueZonesTaken":1},"time":"2023-05-08T12:40:34+0000","message":"VÄDUREN:","type":"chat"},{"country":"se","sender":{"country":"se","medals":[93],"zones":[],"pointsPerHour":0,"points":0,"blocktime":10,"taken":1,"name":"Noelblop","totalPoints":235,"rank":1,"id":384105,"place":4537,"uniqueZonesTaken":1},"time":"2023-05-08T12:40:30+0000","message":"Kolla","type":"chat"},{"sender":{"country":"se","medals":[93],"zones":[],"pointsPerHour":0,"points":0,"blocktime":10,"taken":1,"name":"Noelblop","totalPoints":235,"rank":1,"id":384105,"place":4537,"uniqueZonesTaken":1},"time":"2023-05-08T12:40:14+0000","message":"Jag är ny","region":{"name":"Blekinge","id":136},"type":"chat"},{"sender":{"country":"se","medals":[93],"zones":[],"pointsPerHour":0,"points":0,"blocktime":10,"taken":1,"name":"Noelblop","totalPoints":235,"rank":1,"id":384105,"place":4537,"uniqueZonesTaken":1},"time":"2023-05-08T12:39:59+0000","message":"Hej!","region":{"name":"Blekinge","id":136},"type":"chat"},{"medal":80,"time":"2023-05-08T12:32:07+0000","type":"medal","user":{"country":"se","medals":[84,80],"zones":[3122,33170,451603,515789,428953],"pointsPerHour":0,"points":763,"blocktime":11,"taken":8,"name":"Litenpotato","totalPoints":1266,"rank":4,"id":385383,"place":4531,"uniqueZonesTaken":5,"region":{"name":"Örebro","id":131}}}]