[{"medal":84,"time":"2023-05-08T14:07:43+0000","type":"medal","user":{"country":"se","medals":[84],"zones":[21569,190327,224282,1597],"pointsPerHour":0,"points":725,"blocktime":10,"taken":5,"name":"Cuddly","totalPoints":988,"rank":3,"id":356751,"place":4621,"uniqueZonesTaken":5,"region":{"name":"Västernorrland","id":145}}},{"medal":117,"time":"2023-05-08T14:05:39+0000","type":"medal","user":{"country":"se","medals":[16,67,4,5,55,47,24,79,17,17,77,24,15,28,126,123,108,112,17,88,66,131,117],"zones":[83,12377],"pointsPerHour":0,"points":4075,"blocktime":22,"taken":43933,"name":"ulrikase","totalPoints":5405447,"rank":50,"id":67171,"place":4618,"uniqueZonesTaken":2091,"region":{"name":"Östergötland","id":139}}},{"medal":33,"time":"2023-05-08T14:05:20+0000","type":"medal","user":{"country":"se","medals":[100,52,6,12,94,33],"zones":[91851],"pointsPerHour":0,"points":170,"blocktime":15,"taken":500,"name":"Snipan","totalPoints":101050,"rank":20,"id":368959,"place":4618,"uniqueZonesTaken":127,"region":{"name":"Skåne","id":135}}},{"medal":85,"time":"2023-05-08T13:59:09+0000","type":"medal","user":{"country":"se","medals":[80,85],"zones":[285015,21141,934,95110,119615],"pointsPerHour":0,"points":1182,"blocktime":10,"taken":10,"name":"AjdinMafongo","totalPoints":1182,"rank":3,"id":392531,"place":4616,"uniqueZonesTaken":9,"region":{"name":"Östergötland","id":139}}}]