[{"medal":31,"time":"2023-05-08T03:39:18+0000","type":"medal","user":{"country":"se","medals":[31],"zones":[24810],"pointsPerHour":0,"points":125,"blocktime":11,"taken":25,"name":"Tokan","totalPoints":4575,"rank":6,"id":388710,"place":3984,"uniqueZonesTaken":5,"region":{"name":"Västra Götaland","id":132}}},{"medal":67,"time":"2023-05-08T02:16:09+0000","type":"medal","user":{"country":"se","medals":[49,96,122,131,46,30,51,5,78,70,108,77,91,26,22,36,15,16,67],"zones":[223809,9721,49115,207],"pointsPerHour":0,"points":5584,"blocktime":19,"taken":7000,"name":"Lledrot","totalPoints":843903,"rank":36,"id":335652,"place":3978,"uniqueZonesTaken":1154,"region":{"name":"Stockholm","id":141}}}]