[{"medal":86,"time":"2023-03-06T09:53:58+0000","type":"medal","user":{"country":"se","medals":[51,92,86],"zones":[192,37072,78439,159],"pointsPerHour":0,"points":357,"blocktime":705,"taken":50,"name":"Leer","totalPoints":7961,"rank":7,"id":386535,"place":3716,"uniqueZonesTaken":43,"region":{"name":"Stockholm","id":141}}},{"medal":32,"time":"2023-03-06T09:46:04+0000","type":"medal","user":{"country":"se","medals":[51,93,92,100,32],"zones":[519538,152361,14797],"pointsPerHour":0,"points":525,"blocktime":780,"taken":100,"name":"Cornelia1978","totalPoints":24495,"rank":12,"id":301336,"place":3704,"uniqueZonesTaken":32,"region":{"name":"Uppsala","id":142}}}]