[{"sender":{"country":"se","medals":[93,122,79,16,67,14,47,100,28,130,57,37,70],"zones":[179429,62347,175849,11503,203539,11504,33841,11665,11666,5971,432757,11667,20826,20827,28283,699,91420,51549,15582],"pointsPerHour":109,"points":9866,"blocktime":1200,"taken":8975,"name":"Haquin","totalPoints":1464347,"rank":40,"id":369259,"place":451,"uniqueZonesTaken":713,"region":{"name":"Uppsala","id":142}},"time":"2023-03-06T19:52:41+0000","message":"Promethus: nu kommer slaktaren från vidderna?","region":{"name":"Uppsala","id":142},"type":"chat"},{"sender":{"country":"se","medals":[55,15,79,28,112,7,47,24,77,123,126,104,130,88],"zones":[22753,43494,14602,5579,63803,31982],"pointsPerHour":50,"points":1660,"blocktime":1335,"taken":40553,"name":"carinn","totalPoints":4779839,"rank":49,"id":117795,"place":2114,"uniqueZonesTaken":2149,"region":{"name":"Västmanland","id":143}},"time":"2023-03-06T19:36:10+0000","message":"skäggfar: Tack! Ha en skön kväll!","region":{"name":"Västmanland","id":143},"type":"chat"}]