[{"medal":93,"time":"2023-03-07T16:51:59+0000","type":"medal","user":{"country":"se","medals":[85,93],"zones":[236,14604],"pointsPerHour":0,"points":888,"blocktime":675,"taken":18,"name":"qfredda","totalPoints":2159,"rank":5,"id":14019,"place":4396,"uniqueZonesTaken":12,"region":{"name":"Stockholm","id":141}}},{"medal":33,"time":"2023-03-07T16:49:58+0000","type":"medal","user":{"country":"se","medals":[93,127,12,53,46,33],"zones":[137561,111149],"pointsPerHour":0,"points":605,"blocktime":870,"taken":500,"name":"Kattblomma","totalPoints":81917,"rank":18,"id":385283,"place":4395,"uniqueZonesTaken":137,"region":{"name":"Stockholm","id":141}}},{"medal":42,"time":"2023-03-07T16:44:04+0000","type":"medal","user":{"country":"de","medals":[90,12,57,42],"zones":[564042,396322,387917,387821,364620,387916,387919,364622,387918,387915,368938,392106,387925,387924,485045,485044,387921,387920,387923,485041],"pointsPerHour":0,"points":7732,"blocktime":870,"taken":250,"name":"andreas!","totalPoints":81314,"rank":18,"id":385719,"place":4393,"uniqueZonesTaken":135,"region":{"name":"Hamburg","id":439}}}]