[{"zone":{"dateCreated":"2021-06-10T15:06:53+0000","dateLastTaken":"0002-12-02T00:00:00+0000","latitude":50.97228,"name":"Eckewart","id":427165,"totalTakeovers":0,"region":{"country":"de","name":"Nordrhein-Westfalen","id":445},"pointsPerHour":1,"longitude":6.948842,"takeoverPoints":185},"time":"2021-06-10T15:06:53+0000","type":"zone"},{"zone":{"dateCreated":"2021-06-10T15:04:56+0000","dateLastTaken":"0002-12-02T00:00:00+0000","latitude":50.971298,"name":"ToniSteingass","id":427164,"totalTakeovers":0,"region":{"country":"de","name":"Nordrhein-Westfalen","id":445},"pointsPerHour":1,"longitude":6.956356,"takeoverPoints":185},"time":"2021-06-10T15:04:56+0000","type":"zone"},{"zone":{"dateCreated":"2021-06-10T15:03:01+0000","dateLastTaken":"0002-12-02T00:00:00+0000","latitude":50.965981,"name":"Josefine","id":427163,"totalTakeovers":0,"region":{"country":"de","name":"Nordrhein-Westfalen","id":445},"pointsPerHour":2,"longitude":6.961024,"takeoverPoints":170},"time":"2021-06-10T15:03:01+0000","type":"zone"},{"zone":{"dateCreated":"2021-06-10T12:55:36+0000","dateLastTaken":"0002-12-02T00:00:00+0000","latitude":59.523962,"name":"LagensMän","id":409529,"totalTakeovers":0,"region":{"country":"se","name":"Stockholm","id":141},"pointsPerHour":3,"longitude":17.893166,"takeoverPoints":155},"time":"2021-06-10T12:55:36+0000","type":"zone"},{"zone":{"dateCreated":"2021-06-10T12:00:00+0000","dateLastTaken":"0002-12-02T00:00:00+0000","latitude":65.817326,"name":"Naturstig17","id":424999,"totalTakeovers":0,"region":{"country":"se","name":"Norrbotten","id":126},"pointsPerHour":1,"longitude":24.122555,"takeoverPoints":185},"time":"2021-06-10T12:00:00+0000","type":"zone"},{"zone":{"dateCreated":"2021-06-10T12:00:00+0000","dateLastTaken":"0002-12-02T00:00:00+0000","latitude":65.800632,"name":"GamlaUthamnen","id":425001,"totalTakeovers":0,"region":{"country":"se","name":"Norrbotten","id":126},"pointsPerHour":1,"longitude":24.015775,"takeoverPoints":185},"time":"2021-06-10T12:00:00+0000","type":"zone"},{"zone":{"dateCreated":"2021-06-10T12:00:00+0000","dateLastTaken":"0002-12-02T00:00:00+0000","latitude":65.817087,"name":"Riekkola","id":425000,"totalTakeovers":0,"region":{"country":"se","name":"Norrbotten","id":126},"pointsPerHour":1,"longitude":24.132828,"takeoverPoints":185},"time":"2021-06-10T12:00:00+0000","type":"zone"},{"zone":{"dateCreated":"2021-06-10T10:00:00+0000","dateLastTaken":"0002-12-02T00:00:00+0000","latitude":60.459166,"name":"MotSmäcken","id":418947,"totalTakeovers":0,"region":{"country":"se","name":"Dalarna","id":129},"pointsPerHour":2,"longitude":15.460208,"takeoverPoints":170},"time":"2021-06-10T10:00:00+0000","type":"zone"},{"zone":{"dateCreated":"2021-06-10T10:00:00+0000","dateLastTaken":"0002-12-02T00:00:00+0000","latitude":60.54223,"name":"BroTillHolmen","id":418977,"totalTakeovers":0,"region":{"country":"se","name":"Dalarna","id":129},"pointsPerHour":1,"longitude":15.407126,"takeoverPoints":185},"time":"2021-06-10T10:00:00+0000","type":"zone"},{"zone":{"dateCreated":"2021-06-10T10:00:00+0000","dateLastTaken":"0002-12-02T00:00:00+0000","latitude":60.521915,"name":"Amsbergsbanan","id":418964,"totalTakeovers":0,"region":{"country":"se","name":"Dalarna","id":129},"pointsPerHour":1,"longitude":15.361043,"takeoverPoints":185},"time":"2021-06-10T10:00:00+0000","type":"zone"},{"zone":{"dateCreated":"2021-06-10T10:00:00+0000","dateLastTaken":"0002-12-02T00:00:00+0000","latitude":59.672233,"name":"Kungssvängen","id":423818,"totalTakeovers":0,"region":{"country":"se","name":"Värmland","id":130},"pointsPerHour":1,"longitude":12.607878,"takeoverPoints":185},"time":"2021-06-10T10:00:00+0000","type":"zone"},{"zone":{"dateCreated":"2021-06-10T10:00:00+0000","dateLastTaken":"0002-12-02T00:00:00+0000","latitude":58.69674,"name":"Marieforsled","id":419035,"totalTakeovers":0,"region":{"country":"se","name":"Västra Götaland","id":132},"pointsPerHour":1,"longitude":13.855302,"takeoverPoints":185},"time":"2021-06-10T10:00:00+0000","type":"zone"},{"zone":{"dateCreated":"2021-06-10T10:00:00+0000","dateLastTaken":"0002-12-02T00:00:00+0000","latitude":59.679463,"name":"Djupdalsleden","id":423817,"totalTakeovers":0,"region":{"country":"se","name":"Värmland","id":130},"pointsPerHour":1,"longitude":12.715359,"takeoverPoints":185},"time":"2021-06-10T10:00:00+0000","type":"zone"},{"zone":{"dateCreated":"2021-06-10T10:00:00+0000","dateLastTaken":"0002-12-02T00:00:00+0000","latitude":56.295487,"name":"BarkåkraKyrka","id":419030,"totalTakeovers":0,"region":{"country":"se","name":"Skåne","id":135},"pointsPerHour":1,"longitude":12.834705,"takeoverPoints":185},"time":"2021-06-10T10:00:00+0000","type":"zone"},{"zone":{"dateCreated":"2021-06-10T10:00:00+0000","dateLastTaken":"0002-12-02T00:00:00+0000","latitude":58.717735,"name":"Gnejsskogen","id":419033,"totalTakeovers":0,"region":{"country":"se","name":"Västra Götaland","id":132},"pointsPerHour":1,"longitude":13.849835,"takeoverPoints":185},"time":"2021-06-10T10:00:00+0000","type":"zone"},{"zone":{"dateCreated":"2021-06-10T07:00:00+0000","dateLastTaken":"0002-12-02T00:00:00+0000","latitude":53.109193,"name":"FarmRoaches","id":422240,"totalTakeovers":0,"region":{"country":"gb","name":"West Midlands","id":208},"pointsPerHour":1,"longitude":-2.182776,"takeoverPoints":185},"time":"2021-06-10T07:00:00+0000","type":"zone"},{"zone":{"dateCreated":"2021-06-10T07:00:00+0000","dateLastTaken":"0002-12-02T00:00:00+0000","latitude":53.118761,"name":"LawtonMoor","id":422245,"totalTakeovers":0,"region":{"country":"gb","name":"West Midlands","id":208},"pointsPerHour":1,"longitude":-2.170771,"takeoverPoints":185},"time":"2021-06-10T07:00:00+0000","type":"zone"},{"zone":{"dateCreated":"2021-06-10T07:00:00+0000","dateLastTaken":"0002-12-02T00:00:00+0000","latitude":53.114917,"name":"RustInHell","id":422241,"totalTakeovers":0,"region":{"country":"gb","name":"West Midlands","id":208},"pointsPerHour":1,"longitude":-2.183545,"takeoverPoints":185},"time":"2021-06-10T07:00:00+0000","type":"zone"},{"zone":{"dateCreated":"2021-06-10T07:00:00+0000","dateLastTaken":"0002-12-02T00:00:00+0000","latitude":53.100316,"name":"CycleBell","id":422238,"totalTakeovers":0,"region":{"country":"gb","name":"West Midlands","id":208},"pointsPerHour":1,"longitude":-2.183263,"takeoverPoints":185},"time":"2021-06-10T07:00:00+0000","type":"zone"},{"zone":{"dateCreated":"2021-06-10T07:00:00+0000","dateLastTaken":"0002-12-02T00:00:00+0000","latitude":53.104609,"name":"WelshArea","id":422248,"totalTakeovers":0,"region":{"country":"gb","name":"West Midlands","id":208},"pointsPerHour":1,"longitude":-2.174591,"takeoverPoints":185},"time":"2021-06-10T07:00:00+0000","type":"zone"},{"zone":{"dateCreated":"2021-06-10T07:00:00+0000","dateLastTaken":"0002-12-02T00:00:00+0000","latitude":53.105063,"name":"RustyCars","id":422239,"totalTakeovers":0,"region":{"country":"gb","name":"West Midlands","id":208},"pointsPerHour":1,"longitude":-2.183059,"takeoverPoints":185},"time":"2021-06-10T07:00:00+0000","type":"zone"},{"zone":{"dateCreated":"2021-06-10T07:00:00+0000","dateLastTaken":"0002-12-02T00:00:00+0000","latitude":53.107338,"name":"SquirrelHayes","id":422249,"totalTakeovers":0,"region":{"country":"gb","name":"West Midlands","id":208},"pointsPerHour":1,"longitude":-2.164236,"takeoverPoints":185},"time":"2021-06-10T07:00:00+0000","type":"zone"},{"zone":{"dateCreated":"2021-06-10T07:00:00+0000","dateLastTaken":"0002-12-02T00:00:00+0000","latitude":53.101008,"name":"MillHayesRoad","id":422247,"totalTakeovers":0,"region":{"country":"gb","name":"West Midlands","id":208},"pointsPerHour":1,"longitude":-2.173443,"takeoverPoints":185},"time":"2021-06-10T07:00:00+0000","type":"zone"},{"zone":{"dateCreated":"2021-06-10T07:00:00+0000","dateLastTaken":"0002-12-02T00:00:00+0000","latitude":53.092357,"name":"NoBullsHere","id":422236,"totalTakeovers":0,"region":{"country":"gb","name":"West Midlands","id":208},"pointsPerHour":1,"longitude":-2.183299,"takeoverPoints":185},"time":"2021-06-10T07:00:00+0000","type":"zone"},{"zone":{"dateCreated":"2021-06-10T07:00:00+0000","dateLastTaken":"0002-12-02T00:00:00+0000","latitude":53.117811,"name":"BiddulphWar","id":422244,"totalTakeovers":0,"region":{"country":"gb","name":"West Midlands","id":208},"pointsPerHour":1,"longitude":-2.174234,"takeoverPoints":185},"time":"2021-06-10T07:00:00+0000","type":"zone"},{"zone":{"dateCreated":"2021-06-10T07:00:00+0000","dateLastTaken":"0002-12-02T00:00:00+0000","latitude":53.118205,"name":"RefuelNearby","id":422243,"totalTakeovers":0,"region":{"country":"gb","name":"West Midlands","id":208},"pointsPerHour":1,"longitude":-2.179266,"takeoverPoints":185},"time":"2021-06-10T07:00:00+0000","type":"zone"},{"zone":{"dateCreated":"2021-06-10T07:00:00+0000","dateLastTaken":"0002-12-02T00:00:00+0000","latitude":53.096599,"name":"QuickPhotos","id":422237,"totalTakeovers":0,"region":{"country":"gb","name":"West Midlands","id":208},"pointsPerHour":1,"longitude":-2.184706,"takeoverPoints":185},"time":"2021-06-10T07:00:00+0000","type":"zone"},{"zone":{"dateCreated":"2021-06-10T07:00:00+0000","dateLastTaken":"0002-12-02T00:00:00+0000","latitude":53.11246,"name":"BiddulphBloom","id":422246,"totalTakeovers":0,"region":{"country":"gb","name":"West Midlands","id":208},"pointsPerHour":1,"longitude":-2.163103,"takeoverPoints":185},"time":"2021-06-10T07:00:00+0000","type":"zone"},{"zone":{"dateCreated":"2021-06-09T22:51:28+0000","dateLastTaken":"0002-12-02T00:00:00+0000","latitude":59.92766,"name":"GunnarAtFlua","id":427122,"totalTakeovers":0,"region":{"country":"no","name":"Østlandet","id":179},"pointsPerHour":1,"longitude":10.732326,"takeoverPoints":185},"time":"2021-06-09T22:51:28+0000","type":"zone"},{"zone":{"dateCreated":"2021-06-09T22:45:20+0000","dateLastTaken":"0002-12-02T00:00:00+0000","latitude":52.234201,"name":"Eiland4","id":427121,"totalTakeovers":0,"region":{"country":"nl","name":"Utrecht","id":95},"pointsPerHour":1,"longitude":4.959556,"takeoverPoints":185},"time":"2021-06-09T22:45:20+0000","type":"zone"},{"zone":{"dateCreated":"2021-06-09T21:00:00+0000","dateLastTaken":"0002-12-02T00:00:00+0000","latitude":54.784323,"name":"Dorlinns","id":426493,"totalTakeovers":0,"region":{"name":"Ireland","id":266},"pointsPerHour":1,"longitude":-8.516917,"takeoverPoints":185},"time":"2021-06-09T21:00:00+0000","type":"zone"},{"zone":{"dateCreated":"2021-06-09T21:00:00+0000","dateLastTaken":"0002-12-02T00:00:00+0000","latitude":54.782278,"name":"Slipway","id":426492,"totalTakeovers":0,"region":{"name":"Ireland","id":266},"pointsPerHour":1,"longitude":-8.54117,"takeoverPoints":185},"time":"2021-06-09T21:00:00+0000","type":"zone"},{"zone":{"dateCreated":"2021-06-09T21:00:00+0000","dateLastTaken":"0002-12-02T00:00:00+0000","latitude":54.479583,"name":"OceanEyeZone","id":427043,"totalTakeovers":0,"region":{"name":"Ireland","id":266},"pointsPerHour":1,"longitude":-8.281833,"takeoverPoints":185},"time":"2021-06-09T21:00:00+0000","type":"zone"},{"zone":{"dateCreated":"2021-06-09T21:00:00+0000","dateLastTaken":"0002-12-02T00:00:00+0000","latitude":54.664436,"name":"SilverStrand","id":426490,"totalTakeovers":0,"region":{"name":"Ireland","id":266},"pointsPerHour":1,"longitude":-8.777476,"takeoverPoints":185},"time":"2021-06-09T21:00:00+0000","type":"zone"},{"zone":{"dateCreated":"2021-06-09T21:00:00+0000","dateLastTaken":"0002-12-02T00:00:00+0000","latitude":54.490411,"name":"FairyBridges","id":427026,"totalTakeovers":0,"region":{"name":"Ireland","id":266},"pointsPerHour":1,"longitude":-8.271588,"takeoverPoints":185},"time":"2021-06-09T21:00:00+0000","type":"zone"},{"zone":{"dateCreated":"2021-06-09T21:00:00+0000","dateLastTaken":"0002-12-02T00:00:00+0000","latitude":54.817573,"name":"Dolmen","id":426753,"totalTakeovers":0,"region":{"name":"Ireland","id":266},"pointsPerHour":1,"longitude":-8.433131,"takeoverPoints":185},"time":"2021-06-09T21:00:00+0000","type":"zone"},{"zone":{"dateCreated":"2021-06-09T21:00:00+0000","dateLastTaken":"0002-12-02T00:00:00+0000","latitude":54.766216,"name":"BeachLife","id":426494,"totalTakeovers":0,"region":{"name":"Ireland","id":266},"pointsPerHour":1,"longitude":-8.466913,"takeoverPoints":185},"time":"2021-06-09T21:00:00+0000","type":"zone"},{"zone":{"dateCreated":"2021-06-09T21:00:00+0000","dateLastTaken":"0002-12-02T00:00:00+0000","latitude":54.762645,"name":"StJohnsPier","id":426495,"totalTakeovers":0,"region":{"name":"Ireland","id":266},"pointsPerHour":1,"longitude":-8.425859,"takeoverPoints":185},"time":"2021-06-09T21:00:00+0000","type":"zone"},{"zone":{"dateCreated":"2021-06-09T21:00:00+0000","dateLastTaken":"0002-12-02T00:00:00+0000","latitude":54.552617,"name":"Rossnowlagh","id":427012,"totalTakeovers":0,"region":{"name":"Ireland","id":266},"pointsPerHour":1,"longitude":-8.210438,"takeoverPoints":185},"time":"2021-06-09T21:00:00+0000","type":"zone"},{"zone":{"dateCreated":"2021-06-09T21:00:00+0000","dateLastTaken":"0002-12-02T00:00:00+0000","latitude":55.382343,"name":"EireSign80","id":427075,"totalTakeovers":0,"region":{"name":"Ireland","id":266},"pointsPerHour":1,"longitude":-7.371691,"takeoverPoints":185},"time":"2021-06-09T21:00:00+0000","type":"zone"},{"zone":{"dateCreated":"2021-06-09T21:00:00+0000","dateLastTaken":"0002-12-02T00:00:00+0000","latitude":54.762306,"name":"ThreeFates","id":426497,"totalTakeovers":0,"region":{"name":"Ireland","id":266},"pointsPerHour":1,"longitude":-8.411501,"takeoverPoints":185},"time":"2021-06-09T21:00:00+0000","type":"zone"},{"zone":{"dateCreated":"2021-06-09T21:00:00+0000","dateLastTaken":"0002-12-02T00:00:00+0000","latitude":54.485119,"name":"RogueyWalk","id":427047,"totalTakeovers":0,"region":{"name":"Ireland","id":266},"pointsPerHour":1,"longitude":-8.279074,"takeoverPoints":185},"time":"2021-06-09T21:00:00+0000","type":"zone"},{"zone":{"dateCreated":"2021-06-09T20:30:17+0000","dateLastTaken":"0002-12-02T00:00:00+0000","latitude":59.176282,"name":"Svartsjön","id":427062,"totalTakeovers":0,"region":{"country":"se","name":"Stockholm","id":141},"pointsPerHour":1,"longitude":18.205514,"takeoverPoints":185},"time":"2021-06-09T20:30:17+0000","type":"zone"},{"zone":{"dateCreated":"2021-06-09T20:19:52+0000","dateLastTaken":"0002-12-02T00:00:00+0000","latitude":-32.405901,"name":"HalfChikan","id":427042,"totalTakeovers":0,"region":{"name":"Australia","id":222},"pointsPerHour":1,"longitude":115.773224,"takeoverPoints":185},"time":"2021-06-09T20:19:52+0000","type":"zone"},{"zone":{"dateCreated":"2021-06-09T20:17:04+0000","dateLastTaken":"0002-12-02T00:00:00+0000","latitude":-32.411134,"name":"BramstonColor","id":427037,"totalTakeovers":0,"region":{"name":"Australia","id":222},"pointsPerHour":1,"longitude":115.754136,"takeoverPoints":185},"time":"2021-06-09T20:17:04+0000","type":"zone"},{"zone":{"dateCreated":"2021-06-09T20:15:50+0000","dateLastTaken":"0002-12-02T00:00:00+0000","latitude":-32.425499,"name":"GoldenBay","id":427034,"totalTakeovers":0,"region":{"name":"Australia","id":222},"pointsPerHour":1,"longitude":115.74999,"takeoverPoints":185},"time":"2021-06-09T20:15:50+0000","type":"zone"},{"zone":{"dateCreated":"2021-06-09T20:14:53+0000","dateLastTaken":"0002-12-02T00:00:00+0000","latitude":-32.432065,"name":"BlueFinShade","id":427031,"totalTakeovers":0,"region":{"name":"Australia","id":222},"pointsPerHour":1,"longitude":115.75625,"takeoverPoints":185},"time":"2021-06-09T20:14:53+0000","type":"zone"},{"zone":{"dateCreated":"2021-06-09T20:13:05+0000","dateLastTaken":"0002-12-02T00:00:00+0000","latitude":-37.854151,"name":"BayTrailGym","id":427027,"totalTakeovers":0,"region":{"name":"Australia","id":222},"pointsPerHour":1,"longitude":144.961159,"takeoverPoints":185},"time":"2021-06-09T20:13:05+0000","type":"zone"},{"zone":{"dateCreated":"2021-06-09T20:11:52+0000","dateLastTaken":"0002-12-02T00:00:00+0000","latitude":-37.872378,"name":"SnakeHeadGate","id":427023,"totalTakeovers":0,"region":{"name":"Australia","id":222},"pointsPerHour":1,"longitude":144.983898,"takeoverPoints":185},"time":"2021-06-09T20:11:52+0000","type":"zone"},{"zone":{"dateCreated":"2021-06-09T20:10:26+0000","dateLastTaken":"0002-12-02T00:00:00+0000","latitude":-37.868422,"name":"StKildaTownH","id":427020,"totalTakeovers":0,"region":{"name":"Australia","id":222},"pointsPerHour":1,"longitude":144.988136,"takeoverPoints":185},"time":"2021-06-09T20:10:26+0000","type":"zone"},{"zone":{"dateCreated":"2021-06-09T20:06:37+0000","dateLastTaken":"0002-12-02T00:00:00+0000","latitude":-37.906198,"name":"BrightonDog","id":427016,"totalTakeovers":0,"region":{"name":"Australia","id":222},"pointsPerHour":1,"longitude":144.984905,"takeoverPoints":185},"time":"2021-06-09T20:06:37+0000","type":"zone"},{"zone":{"dateCreated":"2021-06-09T20:06:08+0000","dateLastTaken":"0002-12-02T00:00:00+0000","latitude":-37.909828,"name":"OvalBenches","id":427011,"totalTakeovers":0,"region":{"name":"Australia","id":222},"pointsPerHour":1,"longitude":144.992485,"takeoverPoints":185},"time":"2021-06-09T20:06:08+0000","type":"zone"},{"zone":{"dateCreated":"2021-06-09T19:55:12+0000","dateLastTaken":"0002-12-02T00:00:00+0000","latitude":59.114966,"name":"Kvaststopp","id":426496,"totalTakeovers":0,"region":{"country":"se","name":"Stockholm","id":141},"pointsPerHour":4,"longitude":18.11459,"takeoverPoints":140},"time":"2021-06-09T19:55:12+0000","type":"zone"},{"zone":{"dateCreated":"2021-06-09T18:37:00+0000","dateLastTaken":"0002-12-02T00:00:00+0000","latitude":60.245201,"name":"VäljRättVäg","id":408867,"totalTakeovers":0,"region":{"country":"fi","name":"Etelä-Suomi","id":185},"pointsPerHour":1,"longitude":25.063167,"takeoverPoints":185},"time":"2021-06-09T18:37:00+0000","type":"zone"},{"zone":{"dateCreated":"2021-06-09T17:08:51+0000","dateLastTaken":"0002-12-02T00:00:00+0000","latitude":57.580254,"name":"Pelaringången","id":413531,"totalTakeovers":0,"region":{"country":"se","name":"Västra Götaland","id":132},"pointsPerHour":2,"longitude":12.102963,"takeoverPoints":170},"time":"2021-06-09T17:08:51+0000","type":"zone"},{"zone":{"dateCreated":"2021-06-09T16:00:00+0000","dateLastTaken":"0002-12-02T00:00:00+0000","latitude":56.285892,"name":"Svängom","id":409178,"totalTakeovers":0,"region":{"country":"se","name":"Skåne","id":135},"pointsPerHour":1,"longitude":13.272702,"takeoverPoints":185},"time":"2021-06-09T16:00:00+0000","type":"zone"},{"zone":{"dateCreated":"2021-06-09T14:36:41+0000","dateLastTaken":"0002-12-02T00:00:00+0000","latitude":63.91552,"name":"Hajflötet","id":409216,"totalTakeovers":0,"region":{"country":"se","name":"Västerbotten","id":127},"pointsPerHour":1,"longitude":19.799077,"takeoverPoints":185},"time":"2021-06-09T14:36:41+0000","type":"zone"},{"zone":{"dateCreated":"2021-06-09T12:34:23+0000","dateLastTaken":"0002-12-02T00:00:00+0000","latitude":58.954477,"name":"Tisenö","id":409206,"totalTakeovers":0,"region":{"country":"se","name":"Östergötland","id":139},"pointsPerHour":1,"longitude":15.927446,"takeoverPoints":185},"time":"2021-06-09T12:34:23+0000","type":"zone"},{"zone":{"dateCreated":"2021-06-09T12:01:39+0000","dateLastTaken":"0002-12-02T00:00:00+0000","latitude":55.664872,"name":"QuarnBoule","id":409198,"totalTakeovers":0,"region":{"country":"se","name":"Skåne","id":135},"pointsPerHour":4,"longitude":13.363803,"takeoverPoints":140},"time":"2021-06-09T12:01:39+0000","type":"zone"},{"zone":{"dateCreated":"2021-06-09T11:35:05+0000","dateLastTaken":"0002-12-02T00:00:00+0000","latitude":59.507414,"name":"TakeATurn","id":409192,"totalTakeovers":0,"region":{"country":"se","name":"Västmanland","id":143},"pointsPerHour":3,"longitude":16.017114,"takeoverPoints":155},"time":"2021-06-09T11:35:05+0000","type":"zone"},{"zone":{"dateCreated":"2021-06-09T06:03:08+0000","dateLastTaken":"0002-12-02T00:00:00+0000","latitude":55.672551,"name":"Rökepipan","id":409199,"totalTakeovers":0,"region":{"country":"se","name":"Skåne","id":135},"pointsPerHour":4,"longitude":13.362818,"takeoverPoints":140},"time":"2021-06-09T06:03:08+0000","type":"zone"},{"zone":{"dateCreated":"2021-06-09T06:00:00+0000","dateLastTaken":"0002-12-02T00:00:00+0000","latitude":59.63808,"name":"Viltgryta","id":426322,"totalTakeovers":0,"region":{"country":"se","name":"Västmanland","id":143},"pointsPerHour":1,"longitude":16.546294,"takeoverPoints":185},"time":"2021-06-09T06:00:00+0000","type":"zone"},{"zone":{"dateCreated":"2021-06-09T05:00:00+0000","dateLastTaken":"0002-12-02T00:00:00+0000","latitude":57.200977,"name":"SlugganBridge","id":426400,"totalTakeovers":0,"region":{"country":"gb","name":"Scotland","id":200},"pointsPerHour":1,"longitude":-3.821803,"takeoverPoints":185},"time":"2021-06-09T05:00:00+0000","type":"zone"},{"zone":{"dateCreated":"2021-06-09T05:00:00+0000","dateLastTaken":"0002-12-02T00:00:00+0000","latitude":57.191952,"name":"Speyfaber","id":426403,"totalTakeovers":0,"region":{"country":"gb","name":"Scotland","id":200},"pointsPerHour":1,"longitude":-3.822259,"takeoverPoints":185},"time":"2021-06-09T05:00:00+0000","type":"zone"},{"zone":{"dateCreated":"2021-06-09T05:00:00+0000","dateLastTaken":"0002-12-02T00:00:00+0000","latitude":57.182844,"name":"Aviespey","id":426404,"totalTakeovers":0,"region":{"country":"gb","name":"Scotland","id":200},"pointsPerHour":1,"longitude":-3.829647,"takeoverPoints":185},"time":"2021-06-09T05:00:00+0000","type":"zone"},{"zone":{"dateCreated":"2021-06-09T05:00:00+0000","dateLastTaken":"0002-12-02T00:00:00+0000","latitude":57.187858,"name":"Craigellachie","id":426405,"totalTakeovers":0,"region":{"country":"gb","name":"Scotland","id":200},"pointsPerHour":1,"longitude":-3.85337,"takeoverPoints":185},"time":"2021-06-09T05:00:00+0000","type":"zone"},{"zone":{"dateCreated":"2021-06-09T05:00:00+0000","dateLastTaken":"0002-12-02T00:00:00+0000","latitude":57.205664,"name":"MrJohnston","id":426395,"totalTakeovers":0,"region":{"country":"gb","name":"Scotland","id":200},"pointsPerHour":1,"longitude":-3.82196,"takeoverPoints":185},"time":"2021-06-09T05:00:00+0000","type":"zone"},{"zone":{"dateCreated":"2021-06-09T05:00:00+0000","dateLastTaken":"0002-12-02T00:00:00+0000","latitude":57.200535,"name":"Burnfaber","id":426401,"totalTakeovers":0,"region":{"country":"gb","name":"Scotland","id":200},"pointsPerHour":1,"longitude":-3.823601,"takeoverPoints":185},"time":"2021-06-09T05:00:00+0000","type":"zone"},{"zone":{"dateCreated":"2021-06-09T05:00:00+0000","dateLastTaken":"0002-12-02T00:00:00+0000","latitude":57.185515,"name":"TrailAway","id":426408,"totalTakeovers":0,"region":{"country":"gb","name":"Scotland","id":200},"pointsPerHour":1,"longitude":-3.83605,"takeoverPoints":185},"time":"2021-06-09T05:00:00+0000","type":"zone"},{"zone":{"dateCreated":"2021-06-09T05:00:00+0000","dateLastTaken":"0002-12-02T00:00:00+0000","latitude":57.177225,"name":"ZoneOfTrees","id":426393,"totalTakeovers":0,"region":{"country":"gb","name":"Scotland","id":200},"pointsPerHour":1,"longitude":-3.819358,"takeoverPoints":185},"time":"2021-06-09T05:00:00+0000","type":"zone"},{"zone":{"dateCreated":"2021-06-09T05:00:00+0000","dateLastTaken":"0002-12-02T00:00:00+0000","latitude":57.162844,"name":"MorlichIsland","id":426413,"totalTakeovers":0,"region":{"country":"gb","name":"Scotland","id":200},"pointsPerHour":1,"longitude":-3.70414,"takeoverPoints":185},"time":"2021-06-09T05:00:00+0000","type":"zone"},{"zone":{"dateCreated":"2021-06-09T05:00:00+0000","dateLastTaken":"0002-12-02T00:00:00+0000","latitude":57.191253,"name":"SpeakSwedish","id":426409,"totalTakeovers":0,"region":{"country":"gb","name":"Scotland","id":200},"pointsPerHour":1,"longitude":-3.834265,"takeoverPoints":185},"time":"2021-06-09T05:00:00+0000","type":"zone"},{"zone":{"dateCreated":"2021-06-09T05:00:00+0000","dateLastTaken":"0002-12-02T00:00:00+0000","latitude":57.203427,"name":"HelloShieling","id":426396,"totalTakeovers":0,"region":{"country":"gb","name":"Scotland","id":200},"pointsPerHour":1,"longitude":-3.826632,"takeoverPoints":185},"time":"2021-06-09T05:00:00+0000","type":"zone"},{"zone":{"dateCreated":"2021-06-09T05:00:00+0000","dateLastTaken":"0002-12-02T00:00:00+0000","latitude":57.195538,"name":"MoreCraggan","id":426402,"totalTakeovers":0,"region":{"country":"gb","name":"Scotland","id":200},"pointsPerHour":1,"longitude":-3.820244,"takeoverPoints":185},"time":"2021-06-09T05:00:00+0000","type":"zone"},{"zone":{"dateCreated":"2021-06-09T05:00:00+0000","dateLastTaken":"0002-12-02T00:00:00+0000","latitude":57.191698,"name":"TheTheCraig","id":426406,"totalTakeovers":0,"region":{"country":"gb","name":"Scotland","id":200},"pointsPerHour":1,"longitude":-3.843538,"takeoverPoints":185},"time":"2021-06-09T05:00:00+0000","type":"zone"},{"zone":{"dateCreated":"2021-06-09T05:00:00+0000","dateLastTaken":"0002-12-02T00:00:00+0000","latitude":57.19851,"name":"Dalfaber","id":426398,"totalTakeovers":0,"region":{"country":"gb","name":"Scotland","id":200},"pointsPerHour":1,"longitude":-3.814578,"takeoverPoints":185},"time":"2021-06-09T05:00:00+0000","type":"zone"},{"zone":{"dateCreated":"2021-06-09T05:00:00+0000","dateLastTaken":"0002-12-02T00:00:00+0000","latitude":57.195662,"name":"Aviemoral","id":426410,"totalTakeovers":0,"region":{"country":"gb","name":"Scotland","id":200},"pointsPerHour":1,"longitude":-3.828754,"takeoverPoints":185},"time":"2021-06-09T05:00:00+0000","type":"zone"},{"zone":{"dateCreated":"2021-06-09T05:00:00+0000","dateLastTaken":"0002-12-02T00:00:00+0000","latitude":57.188101,"name":"Bath","id":426407,"totalTakeovers":0,"region":{"country":"gb","name":"Scotland","id":200},"pointsPerHour":1,"longitude":-3.841265,"takeoverPoints":185},"time":"2021-06-09T05:00:00+0000","type":"zone"},{"zone":{"dateCreated":"2021-06-09T05:00:00+0000","dateLastTaken":"0002-12-02T00:00:00+0000","latitude":57.161256,"name":"GlenForest","id":426412,"totalTakeovers":0,"region":{"country":"gb","name":"Scotland","id":200},"pointsPerHour":1,"longitude":-3.669132,"takeoverPoints":185},"time":"2021-06-09T05:00:00+0000","type":"zone"},{"zone":{"dateCreated":"2021-06-09T05:00:00+0000","dateLastTaken":"0002-12-02T00:00:00+0000","latitude":57.175607,"name":"AnLochanUaine","id":426411,"totalTakeovers":0,"region":{"country":"gb","name":"Scotland","id":200},"pointsPerHour":1,"longitude":-3.654862,"takeoverPoints":185},"time":"2021-06-09T05:00:00+0000","type":"zone"},{"zone":{"dateCreated":"2021-06-09T05:00:00+0000","dateLastTaken":"0002-12-02T00:00:00+0000","latitude":57.201189,"name":"TheGramplans","id":426397,"totalTakeovers":0,"region":{"country":"gb","name":"Scotland","id":200},"pointsPerHour":1,"longitude":-3.832988,"takeoverPoints":185},"time":"2021-06-09T05:00:00+0000","type":"zone"},{"zone":{"dateCreated":"2021-06-09T05:00:00+0000","dateLastTaken":"0002-12-02T00:00:00+0000","latitude":57.198759,"name":"TheStones","id":426392,"totalTakeovers":0,"region":{"country":"gb","name":"Scotland","id":200},"pointsPerHour":1,"longitude":-3.827391,"takeoverPoints":185},"time":"2021-06-09T05:00:00+0000","type":"zone"},{"zone":{"dateCreated":"2021-06-09T05:00:00+0000","dateLastTaken":"0002-12-02T00:00:00+0000","latitude":57.204546,"name":"WalkLikeASpey","id":426394,"totalTakeovers":0,"region":{"country":"gb","name":"Scotland","id":200},"pointsPerHour":1,"longitude":-3.814736,"takeoverPoints":185},"time":"2021-06-09T05:00:00+0000","type":"zone"},{"zone":{"dateCreated":"2021-06-09T05:00:00+0000","dateLastTaken":"0002-12-02T00:00:00+0000","latitude":57.201465,"name":"Graiggowrie","id":426399,"totalTakeovers":0,"region":{"country":"gb","name":"Scotland","id":200},"pointsPerHour":1,"longitude":-3.816833,"takeoverPoints":185},"time":"2021-06-09T05:00:00+0000","type":"zone"},{"zone":{"dateCreated":"2021-06-08T21:59:07+0000","dateLastTaken":"0002-12-02T00:00:00+0000","latitude":64.264144,"name":"Sjöspåret","id":426426,"totalTakeovers":0,"region":{"country":"se","name":"Västerbotten","id":127},"pointsPerHour":1,"longitude":16.417699,"takeoverPoints":185},"time":"2021-06-08T21:59:07+0000","type":"zone"},{"zone":{"dateCreated":"2021-06-08T17:01:46+0000","dateLastTaken":"0002-12-02T00:00:00+0000","latitude":57.666407,"name":"Grillukt","id":426391,"totalTakeovers":0,"region":{"country":"se","name":"Västra Götaland","id":132},"pointsPerHour":4,"longitude":11.913258,"takeoverPoints":140},"time":"2021-06-08T17:01:46+0000","type":"zone"},{"zone":{"dateCreated":"2021-06-08T15:30:06+0000","dateLastTaken":"0002-12-02T00:00:00+0000","latitude":55.473443,"name":"Herrestorp","id":426386,"totalTakeovers":0,"region":{"country":"se","name":"Skåne","id":135},"pointsPerHour":1,"longitude":13.038527,"takeoverPoints":185},"time":"2021-06-08T15:30:06+0000","type":"zone"},{"zone":{"dateCreated":"2021-06-08T15:25:05+0000","dateLastTaken":"0002-12-02T00:00:00+0000","latitude":59.396896,"name":"EastIn","id":426389,"totalTakeovers":0,"region":{"country":"se","name":"Värmland","id":130},"pointsPerHour":5,"longitude":13.52707,"takeoverPoints":125},"time":"2021-06-08T15:25:05+0000","type":"zone"},{"zone":{"dateCreated":"2021-06-08T15:07:55+0000","dateLastTaken":"0002-12-02T00:00:00+0000","latitude":55.632134,"name":"NevisHoly","id":426388,"totalTakeovers":0,"region":{"country":"se","name":"Skåne","id":135},"pointsPerHour":3,"longitude":13.227486,"takeoverPoints":155},"time":"2021-06-08T15:07:55+0000","type":"zone"},{"zone":{"dateCreated":"2021-06-08T09:53:29+0000","dateLastTaken":"0002-12-02T00:00:00+0000","latitude":51.50203,"name":"WythesRoad","id":426321,"totalTakeovers":0,"region":{"country":"gb","name":"Greater London","id":207},"pointsPerHour":1,"longitude":0.047743,"takeoverPoints":185},"time":"2021-06-08T09:53:29+0000","type":"zone"},{"zone":{"dateCreated":"2021-06-08T09:51:07+0000","dateLastTaken":"0002-12-02T00:00:00+0000","latitude":51.50089,"name":"FernhillGreen","id":426320,"totalTakeovers":0,"region":{"country":"gb","name":"Greater London","id":207},"pointsPerHour":1,"longitude":0.056708,"takeoverPoints":185},"time":"2021-06-08T09:51:07+0000","type":"zone"},{"zone":{"dateCreated":"2021-06-08T08:30:00+0000","dateLastTaken":"0002-12-02T00:00:00+0000","latitude":58.97594,"name":"LaxmansRaka","id":426270,"totalTakeovers":0,"region":{"country":"se","name":"Södermanland","id":140},"pointsPerHour":3,"longitude":16.221138,"takeoverPoints":155},"time":"2021-06-08T08:30:00+0000","type":"zone"},{"zone":{"dateCreated":"2021-06-08T08:30:00+0000","dateLastTaken":"0002-12-02T00:00:00+0000","latitude":58.99912,"name":"Bryggarbonden","id":426269,"totalTakeovers":0,"region":{"country":"se","name":"Södermanland","id":140},"pointsPerHour":4,"longitude":16.21057,"takeoverPoints":140},"time":"2021-06-08T08:30:00+0000","type":"zone"},{"zone":{"dateCreated":"2021-06-08T08:00:00+0000","dateLastTaken":"0002-12-02T00:00:00+0000","latitude":60.279849,"name":"Åkarhemmet","id":426268,"totalTakeovers":0,"region":{"country":"se","name":"Dalarna","id":129},"pointsPerHour":3,"longitude":15.996655,"takeoverPoints":155},"time":"2021-06-08T08:00:00+0000","type":"zone"},{"zone":{"dateCreated":"2021-06-08T08:00:00+0000","dateLastTaken":"0002-12-02T00:00:00+0000","latitude":58.903508,"name":"KäringNatur","id":426266,"totalTakeovers":0,"region":{"country":"se","name":"Stockholm","id":141},"pointsPerHour":1,"longitude":17.896028,"takeoverPoints":185},"time":"2021-06-08T08:00:00+0000","type":"zone"},{"zone":{"dateCreated":"2021-06-08T08:00:00+0000","dateLastTaken":"0002-12-02T00:00:00+0000","latitude":58.893097,"name":"Sågen","id":426267,"totalTakeovers":0,"region":{"country":"se","name":"Stockholm","id":141},"pointsPerHour":1,"longitude":17.900661,"takeoverPoints":185},"time":"2021-06-08T08:00:00+0000","type":"zone"},{"zone":{"dateCreated":"2021-06-08T07:04:30+0000","dateLastTaken":"0002-12-02T00:00:00+0000","latitude":59.464074,"name":"Törnbåten","id":411795,"totalTakeovers":0,"region":{"country":"se","name":"Stockholm","id":141},"pointsPerHour":1,"longitude":17.949057,"takeoverPoints":185},"time":"2021-06-08T07:04:30+0000","type":"zone"},{"zone":{"dateCreated":"2021-06-07T17:06:55+0000","dateLastTaken":"0002-12-02T00:00:00+0000","latitude":58.02368,"name":"VidÅleden","id":412441,"totalTakeovers":0,"region":{"country":"se","name":"Västra Götaland","id":132},"pointsPerHour":1,"longitude":12.79228,"takeoverPoints":185},"time":"2021-06-07T17:06:55+0000","type":"zone"},{"zone":{"dateCreated":"2021-06-07T12:45:36+0000","dateLastTaken":"0002-12-02T00:00:00+0000","latitude":59.606891,"name":"Bergsröret","id":425954,"totalTakeovers":0,"region":{"country":"se","name":"Västmanland","id":143},"pointsPerHour":6,"longitude":16.467688,"takeoverPoints":110},"time":"2021-06-07T12:45:36+0000","type":"zone"}]