[{"zone":{"dateCreated":"2021-06-09T18:37:00+0000","dateLastTaken":"0002-12-02T00:00:00+0000","latitude":60.245201,"name":"VäljRättVäg","id":408867,"totalTakeovers":0,"region":{"country":"fi","name":"Etelä-Suomi","id":185},"pointsPerHour":1,"longitude":25.063167,"takeoverPoints":185},"time":"2021-06-09T18:37:00+0000","type":"zone"},{"zone":{"dateCreated":"2021-06-09T17:08:51+0000","dateLastTaken":"0002-12-02T00:00:00+0000","latitude":57.580254,"name":"Pelaringången","id":413531,"totalTakeovers":0,"region":{"country":"se","name":"Västra Götaland","id":132},"pointsPerHour":2,"longitude":12.102963,"takeoverPoints":170},"time":"2021-06-09T17:08:51+0000","type":"zone"},{"zone":{"dateCreated":"2021-06-09T16:00:00+0000","dateLastTaken":"0002-12-02T00:00:00+0000","latitude":56.285892,"name":"Svängom","id":409178,"totalTakeovers":0,"region":{"country":"se","name":"Skåne","id":135},"pointsPerHour":1,"longitude":13.272702,"takeoverPoints":185},"time":"2021-06-09T16:00:00+0000","type":"zone"},{"zone":{"dateCreated":"2021-06-09T14:36:41+0000","dateLastTaken":"0002-12-02T00:00:00+0000","latitude":63.91552,"name":"Hajflötet","id":409216,"totalTakeovers":0,"region":{"country":"se","name":"Västerbotten","id":127},"pointsPerHour":1,"longitude":19.799077,"takeoverPoints":185},"time":"2021-06-09T14:36:41+0000","type":"zone"},{"zone":{"dateCreated":"2021-06-09T12:34:23+0000","dateLastTaken":"0002-12-02T00:00:00+0000","latitude":58.954477,"name":"Tisenö","id":409206,"totalTakeovers":0,"region":{"country":"se","name":"Östergötland","id":139},"pointsPerHour":1,"longitude":15.927446,"takeoverPoints":185},"time":"2021-06-09T12:34:23+0000","type":"zone"},{"zone":{"dateCreated":"2021-06-09T12:01:39+0000","dateLastTaken":"0002-12-02T00:00:00+0000","latitude":55.664872,"name":"QuarnBoule","id":409198,"totalTakeovers":0,"region":{"country":"se","name":"Skåne","id":135},"pointsPerHour":4,"longitude":13.363803,"takeoverPoints":140},"time":"2021-06-09T12:01:39+0000","type":"zone"},{"zone":{"dateCreated":"2021-06-09T11:35:05+0000","dateLastTaken":"0002-12-02T00:00:00+0000","latitude":59.507414,"name":"TakeATurn","id":409192,"totalTakeovers":0,"region":{"country":"se","name":"Västmanland","id":143},"pointsPerHour":3,"longitude":16.017114,"takeoverPoints":155},"time":"2021-06-09T11:35:05+0000","type":"zone"},{"zone":{"dateCreated":"2021-06-09T06:03:08+0000","dateLastTaken":"0002-12-02T00:00:00+0000","latitude":55.672551,"name":"Rökepipan","id":409199,"totalTakeovers":0,"region":{"country":"se","name":"Skåne","id":135},"pointsPerHour":4,"longitude":13.362818,"takeoverPoints":140},"time":"2021-06-09T06:03:08+0000","type":"zone"},{"zone":{"dateCreated":"2021-06-09T06:00:00+0000","dateLastTaken":"0002-12-02T00:00:00+0000","latitude":59.63808,"name":"Viltgryta","id":426322,"totalTakeovers":0,"region":{"country":"se","name":"Västmanland","id":143},"pointsPerHour":1,"longitude":16.546294,"takeoverPoints":185},"time":"2021-06-09T06:00:00+0000","type":"zone"},{"zone":{"dateCreated":"2021-06-09T05:00:00+0000","dateLastTaken":"0002-12-02T00:00:00+0000","latitude":57.200977,"name":"SlugganBridge","id":426400,"totalTakeovers":0,"region":{"country":"gb","name":"Scotland","id":200},"pointsPerHour":1,"longitude":-3.821803,"takeoverPoints":185},"time":"2021-06-09T05:00:00+0000","type":"zone"},{"zone":{"dateCreated":"2021-06-09T05:00:00+0000","dateLastTaken":"0002-12-02T00:00:00+0000","latitude":57.191952,"name":"Speyfaber","id":426403,"totalTakeovers":0,"region":{"country":"gb","name":"Scotland","id":200},"pointsPerHour":1,"longitude":-3.822259,"takeoverPoints":185},"time":"2021-06-09T05:00:00+0000","type":"zone"},{"zone":{"dateCreated":"2021-06-09T05:00:00+0000","dateLastTaken":"0002-12-02T00:00:00+0000","latitude":57.182844,"name":"Aviespey","id":426404,"totalTakeovers":0,"region":{"country":"gb","name":"Scotland","id":200},"pointsPerHour":1,"longitude":-3.829647,"takeoverPoints":185},"time":"2021-06-09T05:00:00+0000","type":"zone"},{"zone":{"dateCreated":"2021-06-09T05:00:00+0000","dateLastTaken":"0002-12-02T00:00:00+0000","latitude":57.187858,"name":"Craigellachie","id":426405,"totalTakeovers":0,"region":{"country":"gb","name":"Scotland","id":200},"pointsPerHour":1,"longitude":-3.85337,"takeoverPoints":185},"time":"2021-06-09T05:00:00+0000","type":"zone"},{"zone":{"dateCreated":"2021-06-09T05:00:00+0000","dateLastTaken":"0002-12-02T00:00:00+0000","latitude":57.205664,"name":"MrJohnston","id":426395,"totalTakeovers":0,"region":{"country":"gb","name":"Scotland","id":200},"pointsPerHour":1,"longitude":-3.82196,"takeoverPoints":185},"time":"2021-06-09T05:00:00+0000","type":"zone"},{"zone":{"dateCreated":"2021-06-09T05:00:00+0000","dateLastTaken":"0002-12-02T00:00:00+0000","latitude":57.200535,"name":"Burnfaber","id":426401,"totalTakeovers":0,"region":{"country":"gb","name":"Scotland","id":200},"pointsPerHour":1,"longitude":-3.823601,"takeoverPoints":185},"time":"2021-06-09T05:00:00+0000","type":"zone"},{"zone":{"dateCreated":"2021-06-09T05:00:00+0000","dateLastTaken":"0002-12-02T00:00:00+0000","latitude":57.185515,"name":"TrailAway","id":426408,"totalTakeovers":0,"region":{"country":"gb","name":"Scotland","id":200},"pointsPerHour":1,"longitude":-3.83605,"takeoverPoints":185},"time":"2021-06-09T05:00:00+0000","type":"zone"},{"zone":{"dateCreated":"2021-06-09T05:00:00+0000","dateLastTaken":"0002-12-02T00:00:00+0000","latitude":57.177225,"name":"ZoneOfTrees","id":426393,"totalTakeovers":0,"region":{"country":"gb","name":"Scotland","id":200},"pointsPerHour":1,"longitude":-3.819358,"takeoverPoints":185},"time":"2021-06-09T05:00:00+0000","type":"zone"},{"zone":{"dateCreated":"2021-06-09T05:00:00+0000","dateLastTaken":"0002-12-02T00:00:00+0000","latitude":57.162844,"name":"MorlichIsland","id":426413,"totalTakeovers":0,"region":{"country":"gb","name":"Scotland","id":200},"pointsPerHour":1,"longitude":-3.70414,"takeoverPoints":185},"time":"2021-06-09T05:00:00+0000","type":"zone"},{"zone":{"dateCreated":"2021-06-09T05:00:00+0000","dateLastTaken":"0002-12-02T00:00:00+0000","latitude":57.191253,"name":"SpeakSwedish","id":426409,"totalTakeovers":0,"region":{"country":"gb","name":"Scotland","id":200},"pointsPerHour":1,"longitude":-3.834265,"takeoverPoints":185},"time":"2021-06-09T05:00:00+0000","type":"zone"},{"zone":{"dateCreated":"2021-06-09T05:00:00+0000","dateLastTaken":"0002-12-02T00:00:00+0000","latitude":57.203427,"name":"HelloShieling","id":426396,"totalTakeovers":0,"region":{"country":"gb","name":"Scotland","id":200},"pointsPerHour":1,"longitude":-3.826632,"takeoverPoints":185},"time":"2021-06-09T05:00:00+0000","type":"zone"},{"zone":{"dateCreated":"2021-06-09T05:00:00+0000","dateLastTaken":"0002-12-02T00:00:00+0000","latitude":57.195538,"name":"MoreCraggan","id":426402,"totalTakeovers":0,"region":{"country":"gb","name":"Scotland","id":200},"pointsPerHour":1,"longitude":-3.820244,"takeoverPoints":185},"time":"2021-06-09T05:00:00+0000","type":"zone"},{"zone":{"dateCreated":"2021-06-09T05:00:00+0000","dateLastTaken":"0002-12-02T00:00:00+0000","latitude":57.191698,"name":"TheTheCraig","id":426406,"totalTakeovers":0,"region":{"country":"gb","name":"Scotland","id":200},"pointsPerHour":1,"longitude":-3.843538,"takeoverPoints":185},"time":"2021-06-09T05:00:00+0000","type":"zone"},{"zone":{"dateCreated":"2021-06-09T05:00:00+0000","dateLastTaken":"0002-12-02T00:00:00+0000","latitude":57.19851,"name":"Dalfaber","id":426398,"totalTakeovers":0,"region":{"country":"gb","name":"Scotland","id":200},"pointsPerHour":1,"longitude":-3.814578,"takeoverPoints":185},"time":"2021-06-09T05:00:00+0000","type":"zone"},{"zone":{"dateCreated":"2021-06-09T05:00:00+0000","dateLastTaken":"0002-12-02T00:00:00+0000","latitude":57.195662,"name":"Aviemoral","id":426410,"totalTakeovers":0,"region":{"country":"gb","name":"Scotland","id":200},"pointsPerHour":1,"longitude":-3.828754,"takeoverPoints":185},"time":"2021-06-09T05:00:00+0000","type":"zone"},{"zone":{"dateCreated":"2021-06-09T05:00:00+0000","dateLastTaken":"0002-12-02T00:00:00+0000","latitude":57.188101,"name":"Bath","id":426407,"totalTakeovers":0,"region":{"country":"gb","name":"Scotland","id":200},"pointsPerHour":1,"longitude":-3.841265,"takeoverPoints":185},"time":"2021-06-09T05:00:00+0000","type":"zone"},{"zone":{"dateCreated":"2021-06-09T05:00:00+0000","dateLastTaken":"0002-12-02T00:00:00+0000","latitude":57.161256,"name":"GlenForest","id":426412,"totalTakeovers":0,"region":{"country":"gb","name":"Scotland","id":200},"pointsPerHour":1,"longitude":-3.669132,"takeoverPoints":185},"time":"2021-06-09T05:00:00+0000","type":"zone"},{"zone":{"dateCreated":"2021-06-09T05:00:00+0000","dateLastTaken":"0002-12-02T00:00:00+0000","latitude":57.175607,"name":"AnLochanUaine","id":426411,"totalTakeovers":0,"region":{"country":"gb","name":"Scotland","id":200},"pointsPerHour":1,"longitude":-3.654862,"takeoverPoints":185},"time":"2021-06-09T05:00:00+0000","type":"zone"},{"zone":{"dateCreated":"2021-06-09T05:00:00+0000","dateLastTaken":"0002-12-02T00:00:00+0000","latitude":57.201189,"name":"TheGramplans","id":426397,"totalTakeovers":0,"region":{"country":"gb","name":"Scotland","id":200},"pointsPerHour":1,"longitude":-3.832988,"takeoverPoints":185},"time":"2021-06-09T05:00:00+0000","type":"zone"},{"zone":{"dateCreated":"2021-06-09T05:00:00+0000","dateLastTaken":"0002-12-02T00:00:00+0000","latitude":57.198759,"name":"TheStones","id":426392,"totalTakeovers":0,"region":{"country":"gb","name":"Scotland","id":200},"pointsPerHour":1,"longitude":-3.827391,"takeoverPoints":185},"time":"2021-06-09T05:00:00+0000","type":"zone"},{"zone":{"dateCreated":"2021-06-09T05:00:00+0000","dateLastTaken":"0002-12-02T00:00:00+0000","latitude":57.204546,"name":"WalkLikeASpey","id":426394,"totalTakeovers":0,"region":{"country":"gb","name":"Scotland","id":200},"pointsPerHour":1,"longitude":-3.814736,"takeoverPoints":185},"time":"2021-06-09T05:00:00+0000","type":"zone"},{"zone":{"dateCreated":"2021-06-09T05:00:00+0000","dateLastTaken":"0002-12-02T00:00:00+0000","latitude":57.201465,"name":"Graiggowrie","id":426399,"totalTakeovers":0,"region":{"country":"gb","name":"Scotland","id":200},"pointsPerHour":1,"longitude":-3.816833,"takeoverPoints":185},"time":"2021-06-09T05:00:00+0000","type":"zone"},{"zone":{"dateCreated":"2021-06-08T21:59:07+0000","dateLastTaken":"0002-12-02T00:00:00+0000","latitude":64.264144,"name":"Sjöspåret","id":426426,"totalTakeovers":0,"region":{"country":"se","name":"Västerbotten","id":127},"pointsPerHour":1,"longitude":16.417699,"takeoverPoints":185},"time":"2021-06-08T21:59:07+0000","type":"zone"},{"zone":{"dateCreated":"2021-06-08T17:01:46+0000","dateLastTaken":"0002-12-02T00:00:00+0000","latitude":57.666407,"name":"Grillukt","id":426391,"totalTakeovers":0,"region":{"country":"se","name":"Västra Götaland","id":132},"pointsPerHour":4,"longitude":11.913258,"takeoverPoints":140},"time":"2021-06-08T17:01:46+0000","type":"zone"},{"zone":{"dateCreated":"2021-06-08T15:30:06+0000","dateLastTaken":"0002-12-02T00:00:00+0000","latitude":55.473443,"name":"Herrestorp","id":426386,"totalTakeovers":0,"region":{"country":"se","name":"Skåne","id":135},"pointsPerHour":1,"longitude":13.038527,"takeoverPoints":185},"time":"2021-06-08T15:30:06+0000","type":"zone"},{"zone":{"dateCreated":"2021-06-08T15:25:05+0000","dateLastTaken":"0002-12-02T00:00:00+0000","latitude":59.396896,"name":"EastIn","id":426389,"totalTakeovers":0,"region":{"country":"se","name":"Värmland","id":130},"pointsPerHour":5,"longitude":13.52707,"takeoverPoints":125},"time":"2021-06-08T15:25:05+0000","type":"zone"},{"zone":{"dateCreated":"2021-06-08T15:07:55+0000","dateLastTaken":"0002-12-02T00:00:00+0000","latitude":55.632134,"name":"NevisHoly","id":426388,"totalTakeovers":0,"region":{"country":"se","name":"Skåne","id":135},"pointsPerHour":3,"longitude":13.227486,"takeoverPoints":155},"time":"2021-06-08T15:07:55+0000","type":"zone"},{"zone":{"dateCreated":"2021-06-08T09:53:29+0000","dateLastTaken":"0002-12-02T00:00:00+0000","latitude":51.50203,"name":"WythesRoad","id":426321,"totalTakeovers":0,"region":{"country":"gb","name":"Greater London","id":207},"pointsPerHour":1,"longitude":0.047743,"takeoverPoints":185},"time":"2021-06-08T09:53:29+0000","type":"zone"},{"zone":{"dateCreated":"2021-06-08T09:51:07+0000","dateLastTaken":"0002-12-02T00:00:00+0000","latitude":51.50089,"name":"FernhillGreen","id":426320,"totalTakeovers":0,"region":{"country":"gb","name":"Greater London","id":207},"pointsPerHour":1,"longitude":0.056708,"takeoverPoints":185},"time":"2021-06-08T09:51:07+0000","type":"zone"},{"zone":{"dateCreated":"2021-06-08T08:30:00+0000","dateLastTaken":"0002-12-02T00:00:00+0000","latitude":58.97594,"name":"LaxmansRaka","id":426270,"totalTakeovers":0,"region":{"country":"se","name":"Södermanland","id":140},"pointsPerHour":3,"longitude":16.221138,"takeoverPoints":155},"time":"2021-06-08T08:30:00+0000","type":"zone"},{"zone":{"dateCreated":"2021-06-08T08:30:00+0000","dateLastTaken":"0002-12-02T00:00:00+0000","latitude":58.99912,"name":"Bryggarbonden","id":426269,"totalTakeovers":0,"region":{"country":"se","name":"Södermanland","id":140},"pointsPerHour":4,"longitude":16.21057,"takeoverPoints":140},"time":"2021-06-08T08:30:00+0000","type":"zone"},{"zone":{"dateCreated":"2021-06-08T08:00:00+0000","dateLastTaken":"0002-12-02T00:00:00+0000","latitude":60.279849,"name":"Åkarhemmet","id":426268,"totalTakeovers":0,"region":{"country":"se","name":"Dalarna","id":129},"pointsPerHour":3,"longitude":15.996655,"takeoverPoints":155},"time":"2021-06-08T08:00:00+0000","type":"zone"},{"zone":{"dateCreated":"2021-06-08T08:00:00+0000","dateLastTaken":"0002-12-02T00:00:00+0000","latitude":58.903508,"name":"KäringNatur","id":426266,"totalTakeovers":0,"region":{"country":"se","name":"Stockholm","id":141},"pointsPerHour":1,"longitude":17.896028,"takeoverPoints":185},"time":"2021-06-08T08:00:00+0000","type":"zone"},{"zone":{"dateCreated":"2021-06-08T08:00:00+0000","dateLastTaken":"0002-12-02T00:00:00+0000","latitude":58.893097,"name":"Sågen","id":426267,"totalTakeovers":0,"region":{"country":"se","name":"Stockholm","id":141},"pointsPerHour":1,"longitude":17.900661,"takeoverPoints":185},"time":"2021-06-08T08:00:00+0000","type":"zone"},{"zone":{"dateCreated":"2021-06-08T07:04:30+0000","dateLastTaken":"0002-12-02T00:00:00+0000","latitude":59.464074,"name":"Törnbåten","id":411795,"totalTakeovers":0,"region":{"country":"se","name":"Stockholm","id":141},"pointsPerHour":1,"longitude":17.949057,"takeoverPoints":185},"time":"2021-06-08T07:04:30+0000","type":"zone"},{"zone":{"dateCreated":"2021-06-07T17:06:55+0000","dateLastTaken":"0002-12-02T00:00:00+0000","latitude":58.02368,"name":"VidÅleden","id":412441,"totalTakeovers":0,"region":{"country":"se","name":"Västra Götaland","id":132},"pointsPerHour":1,"longitude":12.79228,"takeoverPoints":185},"time":"2021-06-07T17:06:55+0000","type":"zone"},{"zone":{"dateCreated":"2021-06-07T12:45:36+0000","dateLastTaken":"0002-12-02T00:00:00+0000","latitude":59.606891,"name":"Bergsröret","id":425954,"totalTakeovers":0,"region":{"country":"se","name":"Västmanland","id":143},"pointsPerHour":6,"longitude":16.467688,"takeoverPoints":110},"time":"2021-06-07T12:45:36+0000","type":"zone"},{"zone":{"dateCreated":"2021-06-07T11:09:20+0000","dateLastTaken":"0002-12-02T00:00:00+0000","latitude":64.599609,"name":"Sjoutnäset","id":425879,"totalTakeovers":0,"region":{"country":"se","name":"Jämtland","id":128},"pointsPerHour":1,"longitude":14.915366,"takeoverPoints":185},"time":"2021-06-07T11:09:20+0000","type":"zone"},{"zone":{"dateCreated":"2021-06-07T09:52:01+0000","dateLastTaken":"0002-12-02T00:00:00+0000","latitude":59.581349,"name":"Grindkurvan","id":409528,"totalTakeovers":0,"region":{"country":"se","name":"Stockholm","id":141},"pointsPerHour":3,"longitude":17.899066,"takeoverPoints":155},"time":"2021-06-07T09:52:01+0000","type":"zone"},{"zone":{"dateCreated":"2021-06-07T09:28:41+0000","dateLastTaken":"0002-12-02T00:00:00+0000","latitude":52.910239,"name":"SamsonsBay","id":425951,"totalTakeovers":0,"region":{"country":"gb","name":"Wales","id":198},"pointsPerHour":1,"longitude":-4.151211,"takeoverPoints":185},"time":"2021-06-07T09:28:41+0000","type":"zone"},{"zone":{"dateCreated":"2021-06-07T09:28:09+0000","dateLastTaken":"0002-12-02T00:00:00+0000","latitude":52.912404,"name":"BorthBeach","id":425950,"totalTakeovers":0,"region":{"country":"gb","name":"Wales","id":198},"pointsPerHour":1,"longitude":-4.140385,"takeoverPoints":185},"time":"2021-06-07T09:28:09+0000","type":"zone"},{"zone":{"dateCreated":"2021-06-07T09:27:06+0000","dateLastTaken":"0002-12-02T00:00:00+0000","latitude":52.913943,"name":"BlackCaves","id":425949,"totalTakeovers":0,"region":{"country":"gb","name":"Wales","id":198},"pointsPerHour":1,"longitude":-4.20085,"takeoverPoints":185},"time":"2021-06-07T09:27:06+0000","type":"zone"},{"zone":{"dateCreated":"2021-06-07T09:26:41+0000","dateLastTaken":"0002-12-02T00:00:00+0000","latitude":52.906556,"name":"BlackBeach","id":425948,"totalTakeovers":0,"region":{"country":"gb","name":"Wales","id":198},"pointsPerHour":1,"longitude":-4.16668,"takeoverPoints":185},"time":"2021-06-07T09:26:41+0000","type":"zone"},{"zone":{"dateCreated":"2021-06-07T09:25:22+0000","dateLastTaken":"0002-12-02T00:00:00+0000","latitude":52.906552,"name":"PowderRocks","id":425947,"totalTakeovers":0,"region":{"country":"gb","name":"Wales","id":198},"pointsPerHour":1,"longitude":-4.152176,"takeoverPoints":185},"time":"2021-06-07T09:25:22+0000","type":"zone"},{"zone":{"dateCreated":"2021-06-07T09:24:16+0000","dateLastTaken":"0002-12-02T00:00:00+0000","latitude":52.91739,"name":"BorthHeights","id":425946,"totalTakeovers":0,"region":{"country":"gb","name":"Wales","id":198},"pointsPerHour":1,"longitude":-4.134323,"takeoverPoints":185},"time":"2021-06-07T09:24:16+0000","type":"zone"},{"zone":{"dateCreated":"2021-06-07T09:23:29+0000","dateLastTaken":"0002-12-02T00:00:00+0000","latitude":52.916156,"name":"BorthBay","id":425945,"totalTakeovers":0,"region":{"country":"gb","name":"Wales","id":198},"pointsPerHour":1,"longitude":-4.136317,"takeoverPoints":185},"time":"2021-06-07T09:23:29+0000","type":"zone"},{"zone":{"dateCreated":"2021-06-07T09:22:36+0000","dateLastTaken":"0002-12-02T00:00:00+0000","latitude":52.91416,"name":"CyngarsView","id":425944,"totalTakeovers":0,"region":{"country":"gb","name":"Wales","id":198},"pointsPerHour":1,"longitude":-4.135323,"takeoverPoints":185},"time":"2021-06-07T09:22:36+0000","type":"zone"},{"zone":{"dateCreated":"2021-06-07T09:17:10+0000","dateLastTaken":"0002-12-02T00:00:00+0000","latitude":53.28407,"name":"ManorafonFarm","id":425943,"totalTakeovers":0,"region":{"country":"gb","name":"Wales","id":198},"pointsPerHour":1,"longitude":-3.594735,"takeoverPoints":185},"time":"2021-06-07T09:17:10+0000","type":"zone"},{"zone":{"dateCreated":"2021-06-07T09:15:47+0000","dateLastTaken":"0002-12-02T00:00:00+0000","latitude":53.281552,"name":"CoedYCopa","id":425942,"totalTakeovers":0,"region":{"country":"gb","name":"Wales","id":198},"pointsPerHour":1,"longitude":-3.597181,"takeoverPoints":185},"time":"2021-06-07T09:15:47+0000","type":"zone"},{"zone":{"dateCreated":"2021-06-07T09:13:39+0000","dateLastTaken":"0002-12-02T00:00:00+0000","latitude":53.277045,"name":"LonDirion","id":425941,"totalTakeovers":0,"region":{"country":"gb","name":"Wales","id":198},"pointsPerHour":1,"longitude":-3.590339,"takeoverPoints":185},"time":"2021-06-07T09:13:39+0000","type":"zone"},{"zone":{"dateCreated":"2021-06-07T09:11:44+0000","dateLastTaken":"0002-12-02T00:00:00+0000","latitude":53.285008,"name":"EldonDrive","id":425940,"totalTakeovers":0,"region":{"country":"gb","name":"Wales","id":198},"pointsPerHour":1,"longitude":-3.588388,"takeoverPoints":185},"time":"2021-06-07T09:11:44+0000","type":"zone"},{"zone":{"dateCreated":"2021-06-07T09:10:54+0000","dateLastTaken":"0002-12-02T00:00:00+0000","latitude":53.289696,"name":"AbergeleStone","id":425939,"totalTakeovers":0,"region":{"country":"gb","name":"Wales","id":198},"pointsPerHour":1,"longitude":-3.5845,"takeoverPoints":185},"time":"2021-06-07T09:10:54+0000","type":"zone"},{"zone":{"dateCreated":"2021-06-07T09:09:05+0000","dateLastTaken":"0002-12-02T00:00:00+0000","latitude":53.299052,"name":"LyndalePass","id":425938,"totalTakeovers":0,"region":{"country":"gb","name":"Wales","id":198},"pointsPerHour":1,"longitude":-3.567751,"takeoverPoints":185},"time":"2021-06-07T09:09:05+0000","type":"zone"},{"zone":{"dateCreated":"2021-06-07T09:08:11+0000","dateLastTaken":"0002-12-02T00:00:00+0000","latitude":53.303477,"name":"TowynPark","id":425937,"totalTakeovers":0,"region":{"country":"gb","name":"Wales","id":198},"pointsPerHour":1,"longitude":-3.534623,"takeoverPoints":185},"time":"2021-06-07T09:08:11+0000","type":"zone"},{"zone":{"dateCreated":"2021-06-07T09:07:38+0000","dateLastTaken":"0002-12-02T00:00:00+0000","latitude":53.308618,"name":"BellaDonna","id":425936,"totalTakeovers":0,"region":{"country":"gb","name":"Wales","id":198},"pointsPerHour":1,"longitude":-3.537675,"takeoverPoints":185},"time":"2021-06-07T09:07:38+0000","type":"zone"},{"zone":{"dateCreated":"2021-06-07T09:07:07+0000","dateLastTaken":"0002-12-02T00:00:00+0000","latitude":53.30163,"name":"TowynBridge","id":425935,"totalTakeovers":0,"region":{"country":"gb","name":"Wales","id":198},"pointsPerHour":1,"longitude":-3.557933,"takeoverPoints":185},"time":"2021-06-07T09:07:07+0000","type":"zone"},{"zone":{"dateCreated":"2021-06-07T09:06:15+0000","dateLastTaken":"0002-12-02T00:00:00+0000","latitude":53.294775,"name":"AberPensarn","id":425934,"totalTakeovers":0,"region":{"country":"gb","name":"Wales","id":198},"pointsPerHour":1,"longitude":-3.582275,"takeoverPoints":185},"time":"2021-06-07T09:06:15+0000","type":"zone"},{"zone":{"dateCreated":"2021-06-07T09:04:42+0000","dateLastTaken":"0002-12-02T00:00:00+0000","latitude":53.282597,"name":"HyfrydGrove","id":425933,"totalTakeovers":0,"region":{"country":"gb","name":"Wales","id":198},"pointsPerHour":1,"longitude":-3.579965,"takeoverPoints":185},"time":"2021-06-07T09:04:42+0000","type":"zone"},{"zone":{"dateCreated":"2021-06-07T09:03:47+0000","dateLastTaken":"0002-12-02T00:00:00+0000","latitude":53.285146,"name":"StAbergele","id":425932,"totalTakeovers":0,"region":{"country":"gb","name":"Wales","id":198},"pointsPerHour":1,"longitude":-3.58357,"takeoverPoints":185},"time":"2021-06-07T09:03:47+0000","type":"zone"},{"zone":{"dateCreated":"2021-06-07T09:02:37+0000","dateLastTaken":"0002-12-02T00:00:00+0000","latitude":53.280892,"name":"GwrychView","id":425931,"totalTakeovers":0,"region":{"country":"gb","name":"Wales","id":198},"pointsPerHour":1,"longitude":-3.59901,"takeoverPoints":185},"time":"2021-06-07T09:02:37+0000","type":"zone"},{"zone":{"dateCreated":"2021-06-07T09:01:46+0000","dateLastTaken":"0002-12-02T00:00:00+0000","latitude":53.276612,"name":"CastellCawr","id":425930,"totalTakeovers":0,"region":{"country":"gb","name":"Wales","id":198},"pointsPerHour":1,"longitude":-3.597631,"takeoverPoints":185},"time":"2021-06-07T09:01:46+0000","type":"zone"},{"zone":{"dateCreated":"2021-06-07T09:00:00+0000","dateLastTaken":"0002-12-02T00:00:00+0000","latitude":53.053293,"name":"DogPooBinView","id":421847,"totalTakeovers":0,"region":{"country":"gb","name":"West Midlands","id":208},"pointsPerHour":2,"longitude":-2.157872,"takeoverPoints":170},"time":"2021-06-07T09:00:00+0000","type":"zone"},{"zone":{"dateCreated":"2021-06-07T09:00:00+0000","dateLastTaken":"0002-12-02T00:00:00+0000","latitude":53.05045,"name":"SleepTonight","id":422102,"totalTakeovers":0,"region":{"country":"gb","name":"West Midlands","id":208},"pointsPerHour":2,"longitude":-2.153283,"takeoverPoints":170},"time":"2021-06-07T09:00:00+0000","type":"zone"},{"zone":{"dateCreated":"2021-06-07T09:00:00+0000","dateLastTaken":"0002-12-02T00:00:00+0000","latitude":57.124317,"name":"AlvieInshKirk","id":425848,"totalTakeovers":0,"region":{"country":"gb","name":"Scotland","id":200},"pointsPerHour":1,"longitude":-3.924666,"takeoverPoints":185},"time":"2021-06-07T09:00:00+0000","type":"zone"},{"zone":{"dateCreated":"2021-06-07T09:00:00+0000","dateLastTaken":"0002-12-02T00:00:00+0000","latitude":57.107891,"name":"HWildlifePark","id":425847,"totalTakeovers":0,"region":{"country":"gb","name":"Scotland","id":200},"pointsPerHour":1,"longitude":-3.975803,"takeoverPoints":185},"time":"2021-06-07T09:00:00+0000","type":"zone"},{"zone":{"dateCreated":"2021-06-07T09:00:00+0000","dateLastTaken":"0002-12-02T00:00:00+0000","latitude":53.050806,"name":"ChaseBank","id":422230,"totalTakeovers":0,"region":{"country":"gb","name":"West Midlands","id":208},"pointsPerHour":2,"longitude":-2.156982,"takeoverPoints":170},"time":"2021-06-07T09:00:00+0000","type":"zone"},{"zone":{"dateCreated":"2021-06-07T09:00:00+0000","dateLastTaken":"0002-12-02T00:00:00+0000","latitude":53.056193,"name":"SpraggGreen","id":421719,"totalTakeovers":0,"region":{"country":"gb","name":"West Midlands","id":208},"pointsPerHour":2,"longitude":-2.166211,"takeoverPoints":170},"time":"2021-06-07T09:00:00+0000","type":"zone"},{"zone":{"dateCreated":"2021-06-07T09:00:00+0000","dateLastTaken":"0002-12-02T00:00:00+0000","latitude":57.126759,"name":"GlenbogleShop","id":425849,"totalTakeovers":0,"region":{"country":"gb","name":"Scotland","id":200},"pointsPerHour":1,"longitude":-3.928697,"takeoverPoints":185},"time":"2021-06-07T09:00:00+0000","type":"zone"},{"zone":{"dateCreated":"2021-06-07T09:00:00+0000","dateLastTaken":"0002-12-02T00:00:00+0000","latitude":53.057401,"name":"YouKenGeorge","id":422231,"totalTakeovers":0,"region":{"country":"gb","name":"West Midlands","id":208},"pointsPerHour":2,"longitude":-2.157089,"takeoverPoints":170},"time":"2021-06-07T09:00:00+0000","type":"zone"},{"zone":{"dateCreated":"2021-06-07T08:00:00+0000","dateLastTaken":"0002-12-02T00:00:00+0000","latitude":59.615841,"name":"Elfinken","id":425928,"totalTakeovers":0,"region":{"country":"se","name":"Västmanland","id":143},"pointsPerHour":4,"longitude":16.24315,"takeoverPoints":140},"time":"2021-06-07T08:00:00+0000","type":"zone"},{"zone":{"dateCreated":"2021-06-07T08:00:00+0000","dateLastTaken":"0002-12-02T00:00:00+0000","latitude":60.732171,"name":"LeksandsKyrka","id":425927,"totalTakeovers":0,"region":{"country":"se","name":"Dalarna","id":129},"pointsPerHour":2,"longitude":14.984537,"takeoverPoints":170},"time":"2021-06-07T08:00:00+0000","type":"zone"},{"zone":{"dateCreated":"2021-06-07T08:00:00+0000","dateLastTaken":"0002-12-02T00:00:00+0000","latitude":62.491322,"name":"Herrbryggan","id":425929,"totalTakeovers":0,"region":{"country":"se","name":"Västernorrland","id":145},"pointsPerHour":2,"longitude":17.349955,"takeoverPoints":170},"time":"2021-06-07T08:00:00+0000","type":"zone"},{"zone":{"dateCreated":"2021-06-06T18:26:49+0000","dateLastTaken":"0002-12-02T00:00:00+0000","latitude":56.134732,"name":"Elstigen","id":412494,"totalTakeovers":0,"region":{"country":"se","name":"Skåne","id":135},"pointsPerHour":2,"longitude":12.956889,"takeoverPoints":170},"time":"2021-06-06T18:26:49+0000","type":"zone"},{"zone":{"dateCreated":"2021-06-06T18:22:09+0000","dateLastTaken":"0002-12-02T00:00:00+0000","latitude":60.151318,"name":"Skifferholmen","id":408849,"totalTakeovers":0,"region":{"country":"fi","name":"Etelä-Suomi","id":185},"pointsPerHour":1,"longitude":24.948402,"takeoverPoints":185},"time":"2021-06-06T18:22:09+0000","type":"zone"},{"zone":{"dateCreated":"2021-06-06T18:20:16+0000","dateLastTaken":"0002-12-02T00:00:00+0000","latitude":56.144528,"name":"VidKällan","id":412491,"totalTakeovers":0,"region":{"country":"se","name":"Skåne","id":135},"pointsPerHour":1,"longitude":13.386206,"takeoverPoints":185},"time":"2021-06-06T18:20:16+0000","type":"zone"},{"zone":{"dateCreated":"2021-06-06T18:17:57+0000","dateLastTaken":"0002-12-02T00:00:00+0000","latitude":60.1542,"name":"DrumaKlippor","id":408846,"totalTakeovers":0,"region":{"country":"fi","name":"Etelä-Suomi","id":185},"pointsPerHour":1,"longitude":24.853179,"takeoverPoints":185},"time":"2021-06-06T18:17:57+0000","type":"zone"},{"zone":{"dateCreated":"2021-06-06T18:15:27+0000","dateLastTaken":"0002-12-02T00:00:00+0000","latitude":60.086235,"name":"KarolinerSol","id":408843,"totalTakeovers":0,"region":{"country":"fi","name":"Etelä-Suomi","id":185},"pointsPerHour":1,"longitude":23.650603,"takeoverPoints":185},"time":"2021-06-06T18:15:27+0000","type":"zone"},{"zone":{"dateCreated":"2021-06-06T18:07:47+0000","dateLastTaken":"0002-12-02T00:00:00+0000","latitude":55.883239,"name":"EnFörhyrdZon","id":412479,"totalTakeovers":0,"region":{"country":"se","name":"Skåne","id":135},"pointsPerHour":3,"longitude":12.83321,"takeoverPoints":155},"time":"2021-06-06T18:07:47+0000","type":"zone"},{"zone":{"dateCreated":"2021-06-06T17:59:38+0000","dateLastTaken":"0002-12-02T00:00:00+0000","latitude":57.121807,"name":"VindIHåret","id":412470,"totalTakeovers":0,"region":{"country":"se","name":"Halland","id":134},"pointsPerHour":1,"longitude":12.231181,"takeoverPoints":185},"time":"2021-06-06T17:59:38+0000","type":"zone"},{"zone":{"dateCreated":"2021-06-06T17:48:48+0000","dateLastTaken":"0002-12-02T00:00:00+0000","latitude":57.497379,"name":"TågRace","id":412462,"totalTakeovers":0,"region":{"country":"se","name":"Halland","id":134},"pointsPerHour":3,"longitude":12.079574,"takeoverPoints":155},"time":"2021-06-06T17:48:48+0000","type":"zone"},{"zone":{"dateCreated":"2021-06-06T17:26:38+0000","dateLastTaken":"0002-12-02T00:00:00+0000","latitude":58.423421,"name":"Tidanstigen","id":412451,"totalTakeovers":0,"region":{"country":"se","name":"Västra Götaland","id":132},"pointsPerHour":2,"longitude":14.148978,"takeoverPoints":170},"time":"2021-06-06T17:26:38+0000","type":"zone"},{"zone":{"dateCreated":"2021-06-06T16:57:38+0000","dateLastTaken":"0002-12-02T00:00:00+0000","latitude":57.492484,"name":"SistaHålet","id":412436,"totalTakeovers":0,"region":{"country":"se","name":"Västra Götaland","id":132},"pointsPerHour":1,"longitude":12.718069,"takeoverPoints":185},"time":"2021-06-06T16:57:38+0000","type":"zone"},{"zone":{"dateCreated":"2021-06-06T15:20:12+0000","dateLastTaken":"0002-12-02T00:00:00+0000","latitude":55.627065,"name":"Granbackenzon","id":425887,"totalTakeovers":0,"region":{"country":"se","name":"Skåne","id":135},"pointsPerHour":3,"longitude":13.075441,"takeoverPoints":155},"time":"2021-06-06T15:20:12+0000","type":"zone"},{"zone":{"dateCreated":"2021-06-06T15:12:29+0000","dateLastTaken":"0002-12-02T00:00:00+0000","latitude":55.825452,"name":"HolyEslöv","id":425886,"totalTakeovers":0,"region":{"country":"se","name":"Skåne","id":135},"pointsPerHour":1,"longitude":13.300783,"takeoverPoints":185},"time":"2021-06-06T15:12:29+0000","type":"zone"},{"zone":{"dateCreated":"2021-06-06T15:05:03+0000","dateLastTaken":"0002-12-02T00:00:00+0000","latitude":57.848398,"name":"AnebyForest","id":425885,"totalTakeovers":0,"region":{"country":"se","name":"Jönköping","id":133},"pointsPerHour":1,"longitude":14.800127,"takeoverPoints":185},"time":"2021-06-06T15:05:03+0000","type":"zone"},{"zone":{"dateCreated":"2021-06-06T15:00:30+0000","dateLastTaken":"0002-12-02T00:00:00+0000","latitude":55.489128,"name":"Grusvägen","id":425884,"totalTakeovers":0,"region":{"country":"se","name":"Skåne","id":135},"pointsPerHour":1,"longitude":13.013989,"takeoverPoints":185},"time":"2021-06-06T15:00:30+0000","type":"zone"},{"zone":{"dateCreated":"2021-06-06T14:55:53+0000","dateLastTaken":"0002-12-02T00:00:00+0000","latitude":55.512623,"name":"NorrSkog","id":425883,"totalTakeovers":0,"region":{"country":"se","name":"Skåne","id":135},"pointsPerHour":2,"longitude":13.264327,"takeoverPoints":170},"time":"2021-06-06T14:55:53+0000","type":"zone"},{"zone":{"dateCreated":"2021-06-06T14:51:29+0000","dateLastTaken":"0002-12-02T00:00:00+0000","latitude":56.138257,"name":"Joggesö","id":425882,"totalTakeovers":0,"region":{"country":"se","name":"Blekinge","id":136},"pointsPerHour":1,"longitude":14.978965,"takeoverPoints":185},"time":"2021-06-06T14:51:29+0000","type":"zone"},{"zone":{"dateCreated":"2021-06-06T14:32:08+0000","dateLastTaken":"0002-12-02T00:00:00+0000","latitude":59.307172,"name":"Sneddningen","id":425880,"totalTakeovers":0,"region":{"country":"se","name":"Värmland","id":130},"pointsPerHour":1,"longitude":13.589777,"takeoverPoints":185},"time":"2021-06-06T14:32:08+0000","type":"zone"},{"zone":{"dateCreated":"2021-06-06T14:03:15+0000","dateLastTaken":"0002-12-02T00:00:00+0000","latitude":64.216706,"name":"TåsjöHembygd","id":425878,"totalTakeovers":0,"region":{"country":"se","name":"Jämtland","id":128},"pointsPerHour":1,"longitude":15.912606,"takeoverPoints":185},"time":"2021-06-06T14:03:15+0000","type":"zone"}]