[{"zone":{"previousOwner":{"name":"HeyJune!","id":254091},"dateCreated":"2014-07-07T06:55:14+0000","dateLastTaken":"2021-06-09T23:17:58+0000","latitude":59.438148,"currentOwner":{"name":"HeyJune!","id":254091},"name":"SagornasSkog","id":32187,"totalTakeovers":1713,"region":{"country":"se","name":"Stockholm","id":141},"pointsPerHour":3,"longitude":18.039884,"takeoverPoints":155},"latitude":59.438148,"currentOwner":{"name":"HeyJune!","id":254091},"time":"2021-06-09T23:17:58+0000","type":"takeover","longitude":18.039884},{"zone":{"previousOwner":{"name":"Vretavandrare","id":105693},"dateLastTaken":"2021-06-09T23:17:24+0000","latitude":57.700952,"totalTakeovers":25426,"pointsPerHour":9,"takeoverPoints":65,"dateCreated":"2010-11-22T20:24:41+0000","currentOwner":{"name":"Cabby_Jasp","id":311395},"name":"VickanZone","id":1118,"region":{"country":"se","name":"Västra Götaland","id":132},"longitude":11.963984},"latitude":57.700952,"currentOwner":{"name":"Cabby_Jasp","id":311395},"time":"2021-06-09T23:17:24+0000","type":"takeover","longitude":11.963984},{"zone":{"previousOwner":{"name":"Nathan-Drake","id":328067},"dateCreated":"2012-07-01T22:09:36+0000","dateLastTaken":"2021-06-09T23:17:01+0000","latitude":59.282283,"currentOwner":{"name":"TurfTom","id":230867},"name":"Kottstigen","id":9591,"totalTakeovers":4515,"region":{"country":"se","name":"Stockholm","id":141},"pointsPerHour":6,"longitude":18.058295,"takeoverPoints":110},"latitude":59.282283,"currentOwner":{"name":"TurfTom","id":230867},"time":"2021-06-09T23:17:01+0000","type":"takeover","longitude":18.058295},{"zone":{"previousOwner":{"name":"ForeverYoung","id":325448},"dateCreated":"2018-06-11T07:00:00+0000","dateLastTaken":"2021-06-09T23:17:00+0000","latitude":59.428321,"currentOwner":{"name":"Aicar","id":74956},"name":"Hedgehog","id":153663,"totalTakeovers":561,"region":{"country":"se","name":"Stockholm","id":141},"pointsPerHour":4,"longitude":17.933313,"takeoverPoints":140},"latitude":59.428321,"currentOwner":{"name":"Aicar","id":74956},"time":"2021-06-09T23:17:00+0000","type":"takeover","longitude":17.933313},{"zone":{"previousOwner":{"name":"CySu","id":323779},"dateCreated":"2017-12-24T11:47:51+0000","dateLastTaken":"2021-06-09T23:16:35+0000","latitude":65.579769,"currentOwner":{"name":"grock","id":189790},"name":"Kranzon","id":139464,"totalTakeovers":6670,"region":{"country":"se","name":"Norrbotten","id":126},"pointsPerHour":8,"longitude":22.152265,"takeoverPoints":80},"latitude":65.579769,"currentOwner":{"name":"grock","id":189790},"time":"2021-06-09T23:16:35+0000","type":"takeover","longitude":22.152265},{"zone":{"previousOwner":{"name":"Bikegirl","id":188982},"dateCreated":"2010-08-04T00:00:00+0000","dateLastTaken":"2021-06-09T23:16:26+0000","latitude":59.299805,"currentOwner":{"name":"shewolf","id":30924},"name":"Gullmars","id":176,"totalTakeovers":39101,"region":{"country":"se","name":"Stockholm","id":141},"pointsPerHour":9,"longitude":18.080571,"takeoverPoints":65},"latitude":59.299805,"currentOwner":{"name":"shewolf","id":30924},"time":"2021-06-09T23:16:26+0000","type":"takeover","longitude":18.080571},{"zone":{"previousOwner":{"name":"ddmaggan","id":230415},"dateCreated":"2018-11-06T10:24:51+0000","dateLastTaken":"2021-06-09T23:16:23+0000","latitude":59.568665,"currentOwner":{"name":"Evil_B","id":42658},"name":"Overkill","id":176833,"totalTakeovers":362,"region":{"country":"se","name":"Stockholm","id":141},"pointsPerHour":2,"longitude":17.894242,"takeoverPoints":170},"latitude":59.568665,"currentOwner":{"name":"Evil_B","id":42658},"time":"2021-06-09T23:16:23+0000","type":"takeover","longitude":17.894242},{"zone":{"previousOwner":{"name":"CySu","id":323779},"dateCreated":"2012-11-13T21:56:18+0000","dateLastTaken":"2021-06-09T23:15:43+0000","latitude":65.580182,"currentOwner":{"name":"grock","id":189790},"name":"TuttiFrutti","id":11894,"totalTakeovers":10093,"region":{"country":"se","name":"Norrbotten","id":126},"pointsPerHour":8,"longitude":22.156351,"takeoverPoints":80},"latitude":65.580182,"currentOwner":{"name":"grock","id":189790},"time":"2021-06-09T23:15:43+0000","type":"takeover","longitude":22.156351},{"zone":{"previousOwner":{"name":"Vretavandrare","id":105693},"dateCreated":"2010-08-11T00:00:00+0000","dateLastTaken":"2021-06-09T23:15:18+0000","latitude":57.702437,"currentOwner":{"name":"Cabby_Jasp","id":311395},"name":"BasarZone","id":372,"totalTakeovers":17502,"region":{"country":"se","name":"Västra Götaland","id":132},"pointsPerHour":8,"longitude":11.969023,"takeoverPoints":80},"latitude":57.702437,"currentOwner":{"name":"Cabby_Jasp","id":311395},"time":"2021-06-09T23:15:18+0000","type":"takeover","longitude":11.969023},{"zone":{"previousOwner":{"name":"Jkongo","id":277981},"dateCreated":"2015-04-08T06:00:00+0000","dateLastTaken":"2021-06-09T23:15:13+0000","latitude":56.178598,"currentOwner":{"name":"HaraldTH","id":23712},"name":"Galgahöjden","id":47672,"totalTakeovers":1051,"region":{"country":"se","name":"Blekinge","id":136},"pointsPerHour":1,"longitude":15.591796,"takeoverPoints":185},"latitude":56.178598,"currentOwner":{"name":"HaraldTH","id":23712},"time":"2021-06-09T23:15:13+0000","type":"takeover","longitude":15.591796},{"zone":{"previousOwner":{"name":"Mr__Noodle","id":55355},"dateCreated":"2013-12-21T00:07:33+0000","dateLastTaken":"2021-06-09T23:14:52+0000","latitude":59.284918,"currentOwner":{"name":"TurfTom","id":230867},"name":"Stralsund","id":24083,"totalTakeovers":6885,"region":{"country":"se","name":"Stockholm","id":141},"pointsPerHour":7,"longitude":18.062516,"takeoverPoints":95},"latitude":59.284918,"currentOwner":{"name":"TurfTom","id":230867},"time":"2021-06-09T23:14:52+0000","type":"takeover","longitude":18.062516},{"zone":{"previousOwner":{"name":"ForeverYoung","id":325448},"dateCreated":"2013-12-24T11:00:09+0000","dateLastTaken":"2021-06-09T23:14:51+0000","latitude":59.425225,"currentOwner":{"name":"Aicar","id":74956},"name":"Rådjurstigen","id":24039,"totalTakeovers":1664,"region":{"country":"se","name":"Stockholm","id":141},"pointsPerHour":4,"longitude":17.93874,"takeoverPoints":140},"latitude":59.425225,"currentOwner":{"name":"Aicar","id":74956},"time":"2021-06-09T23:14:51+0000","type":"takeover","longitude":17.93874},{"zone":{"previousOwner":{"name":"Ita","id":145707},"dateCreated":"2017-07-08T07:30:00+0000","dateLastTaken":"2021-06-09T23:14:32+0000","latitude":55.72176,"currentOwner":{"name":"PastaPutin","id":148021},"name":"Delphivrålet","id":114945,"totalTakeovers":3460,"region":{"country":"se","name":"Skåne","id":135},"pointsPerHour":7,"longitude":13.211733,"takeoverPoints":95},"latitude":55.72176,"currentOwner":{"name":"PastaPutin","id":148021},"time":"2021-06-09T23:14:32+0000","type":"takeover","longitude":13.211733},{"zone":{"previousOwner":{"name":"ddmaggan","id":230415},"dateCreated":"2018-10-26T16:11:15+0000","dateLastTaken":"2021-06-09T23:14:10+0000","latitude":59.577492,"currentOwner":{"name":"Evil_B","id":42658},"name":"ChowNow","id":176756,"totalTakeovers":518,"region":{"country":"se","name":"Stockholm","id":141},"pointsPerHour":3,"longitude":17.897097,"takeoverPoints":155},"latitude":59.577492,"currentOwner":{"name":"Evil_B","id":42658},"time":"2021-06-09T23:14:10+0000","type":"takeover","longitude":17.897097},{"zone":{"previousOwner":{"name":"FreddoCaldo","id":198348},"dateLastTaken":"2021-06-09T23:13:35+0000","latitude":57.704553,"totalTakeovers":30047,"pointsPerHour":9,"takeoverPoints":65,"dateCreated":"2010-10-16T00:00:00+0000","currentOwner":{"name":"Cabby_Jasp","id":311395},"name":"Kopparmärra","id":1009,"region":{"country":"se","name":"Västra Götaland","id":132},"longitude":11.969698},"latitude":57.704553,"currentOwner":{"name":"Cabby_Jasp","id":311395},"time":"2021-06-09T23:13:35+0000","type":"takeover","longitude":11.969698},{"zone":{"previousOwner":{"name":"Mr__Noodle","id":55355},"dateCreated":"2017-11-27T06:00:00+0000","dateLastTaken":"2021-06-09T23:13:13+0000","latitude":59.282998,"currentOwner":{"name":"TurfTom","id":230867},"name":"ASpoonAFork","id":122474,"totalTakeovers":4429,"region":{"country":"se","name":"Stockholm","id":141},"pointsPerHour":7,"longitude":18.067207,"takeoverPoints":95},"latitude":59.282998,"currentOwner":{"name":"TurfTom","id":230867},"time":"2021-06-09T23:13:13+0000","type":"takeover","longitude":18.067207},{"zone":{"previousOwner":{"name":"Ita","id":145707},"dateCreated":"2010-12-08T16:37:31+0000","dateLastTaken":"2021-06-09T23:12:33+0000","latitude":55.722457,"currentOwner":{"name":"PastaPutin","id":148021},"name":"Faladzone","id":1136,"totalTakeovers":7165,"region":{"country":"se","name":"Skåne","id":135},"pointsPerHour":6,"longitude":13.207695,"takeoverPoints":110},"latitude":55.722457,"currentOwner":{"name":"PastaPutin","id":148021},"time":"2021-06-09T23:12:33+0000","type":"takeover","longitude":13.207695},{"zone":{"previousOwner":{"name":"FreddoCaldo","id":198348},"dateCreated":"2010-09-04T14:41:37+0000","dateLastTaken":"2021-06-09T23:12:28+0000","latitude":57.70412,"currentOwner":{"name":"Cabby_Jasp","id":311395},"name":"Vallgraven","id":815,"totalTakeovers":18547,"region":{"country":"se","name":"Västra Götaland","id":132},"pointsPerHour":8,"longitude":11.972665,"takeoverPoints":80},"latitude":57.70412,"currentOwner":{"name":"Cabby_Jasp","id":311395},"time":"2021-06-09T23:12:28+0000","type":"takeover","longitude":11.972665},{"zone":{"previousOwner":{"name":"Murveln","id":43199},"dateCreated":"2021-06-07T09:52:01+0000","dateLastTaken":"2021-06-09T23:12:15+0000","latitude":59.581349,"currentOwner":{"name":"Evil_B","id":42658},"name":"Grindkurvan","id":409528,"totalTakeovers":7,"region":{"country":"se","name":"Stockholm","id":141},"pointsPerHour":3,"longitude":17.899066,"takeoverPoints":155},"latitude":59.581349,"currentOwner":{"name":"Evil_B","id":42658},"time":"2021-06-09T23:12:15+0000","type":"takeover","longitude":17.899066},{"zone":{"previousOwner":{"name":"Jkongo","id":277981},"dateLastTaken":"2021-06-09T23:12:03+0000","latitude":56.177622,"totalTakeovers":1649,"pointsPerHour":2,"takeoverPoints":170,"dateCreated":"2016-08-03T16:00:19+0000","currentOwner":{"name":"HaraldTH","id":23712},"name":"Galgamarksbro","id":80240,"region":{"country":"se","name":"Blekinge","id":136},"longitude":15.595382},"latitude":56.177622,"currentOwner":{"name":"HaraldTH","id":23712},"time":"2021-06-09T23:12:03+0000","type":"takeover","longitude":15.595382},{"zone":{"previousOwner":{"name":"Mr__Noodle","id":55355},"dateCreated":"2012-03-27T14:06:30+0000","dateLastTaken":"2021-06-09T23:12:00+0000","latitude":59.283287,"currentOwner":{"name":"TurfTom","id":230867},"name":"SockenplanT","id":7473,"totalTakeovers":12195,"region":{"country":"se","name":"Stockholm","id":141},"pointsPerHour":8,"longitude":18.071504,"takeoverPoints":80},"latitude":59.283287,"currentOwner":{"name":"TurfTom","id":230867},"time":"2021-06-09T23:12:00+0000","type":"takeover","longitude":18.071504},{"zone":{"previousOwner":{"name":"theMoffe","id":278042},"dateCreated":"2014-07-07T06:54:03+0000","dateLastTaken":"2021-06-09T23:11:14+0000","latitude":59.436021,"currentOwner":{"name":"HeyJune!","id":254091},"name":"GamlaElla","id":32186,"totalTakeovers":1749,"region":{"country":"se","name":"Stockholm","id":141},"pointsPerHour":5,"longitude":18.042687,"takeoverPoints":125},"latitude":59.436021,"currentOwner":{"name":"HeyJune!","id":254091},"time":"2021-06-09T23:11:14+0000","type":"takeover","longitude":18.042687},{"zone":{"previousOwner":{"name":"Ita","id":145707},"dateLastTaken":"2021-06-09T23:11:04+0000","latitude":55.723271,"totalTakeovers":7765,"pointsPerHour":6,"takeoverPoints":110,"dateCreated":"2013-03-04T20:42:38+0000","currentOwner":{"name":"PastaPutin","id":148021},"name":"Fäladetorg","id":15542,"region":{"country":"se","name":"Skåne","id":135},"longitude":13.203859},"latitude":55.723271,"currentOwner":{"name":"PastaPutin","id":148021},"time":"2021-06-09T23:11:04+0000","type":"takeover","longitude":13.203859},{"zone":{"previousOwner":{"name":"HypnoToad","id":312175},"dateCreated":"2021-03-19T23:31:11+0000","dateLastTaken":"2021-06-09T23:11:03+0000","latitude":44.945249,"currentOwner":{"name":"NickiBee16","id":329107},"name":"CarpenterPark","id":393656,"totalTakeovers":19,"region":{"country":"us","name":"Minnesota","id":405},"pointsPerHour":1,"longitude":-93.343597,"takeoverPoints":185},"latitude":44.945249,"currentOwner":{"name":"NickiBee16","id":329107},"time":"2021-06-09T23:11:03+0000","type":"takeover","longitude":-93.343597},{"zone":{"previousOwner":{"name":"Traveller","id":220699},"dateCreated":"2013-07-11T18:56:42+0000","dateLastTaken":"2021-06-09T23:11:02+0000","latitude":59.418924,"currentOwner":{"name":"Aicar","id":74956},"name":"HeSellsShells","id":20743,"totalTakeovers":4429,"region":{"country":"se","name":"Stockholm","id":141},"pointsPerHour":6,"longitude":17.939604,"takeoverPoints":110},"latitude":59.418924,"currentOwner":{"name":"Aicar","id":74956},"time":"2021-06-09T23:11:02+0000","type":"takeover","longitude":17.939604},{"zone":{"previousOwner":{"name":"FreddoCaldo","id":198348},"dateCreated":"2017-12-24T12:00:00+0000","dateLastTaken":"2021-06-09T23:10:55+0000","latitude":57.706672,"currentOwner":{"name":"Cabby_Jasp","id":311395},"name":"Xet","id":139451,"totalTakeovers":9184,"region":{"country":"se","name":"Västra Götaland","id":132},"pointsPerHour":9,"longitude":11.974471,"takeoverPoints":65},"latitude":57.706672,"currentOwner":{"name":"Cabby_Jasp","id":311395},"time":"2021-06-09T23:10:55+0000","type":"takeover","longitude":11.974471},{"zone":{"previousOwner":{"name":"Gelehallonet","id":142715},"dateCreated":"2013-09-12T23:06:38+0000","dateLastTaken":"2021-06-09T23:10:47+0000","latitude":59.302943,"currentOwner":{"name":"shewolf","id":30924},"name":"Dubbelskansen","id":21534,"totalTakeovers":12588,"region":{"country":"se","name":"Stockholm","id":141},"pointsPerHour":9,"longitude":18.079872,"takeoverPoints":65},"latitude":59.302943,"currentOwner":{"name":"shewolf","id":30924},"time":"2021-06-09T23:10:47+0000","type":"takeover","longitude":18.079872},{"zone":{"previousOwner":{"name":"HaHaHaHasse","id":275863},"dateCreated":"2011-02-02T00:00:00+0000","dateLastTaken":"2021-06-09T23:10:20+0000","latitude":59.280694,"currentOwner":{"name":"TurfTom","id":230867},"name":"Bonanza2014","id":1417,"totalTakeovers":9176,"region":{"country":"se","name":"Stockholm","id":141},"pointsPerHour":7,"longitude":18.071876,"takeoverPoints":95},"latitude":59.280694,"currentOwner":{"name":"TurfTom","id":230867},"time":"2021-06-09T23:10:20+0000","type":"takeover","longitude":18.071876},{"zone":{"previousOwner":{"name":"Vakentimmar","id":95957},"dateCreated":"2010-08-04T00:00:00+0000","dateLastTaken":"2021-06-09T23:09:53+0000","latitude":57.707999,"currentOwner":{"name":"Cabby_Jasp","id":311395},"name":"QueensPark","id":346,"totalTakeovers":45217,"region":{"country":"se","name":"Västra Götaland","id":132},"pointsPerHour":9,"longitude":11.973434,"takeoverPoints":65},"latitude":57.707999,"currentOwner":{"name":"Cabby_Jasp","id":311395},"time":"2021-06-09T23:09:53+0000","type":"takeover","longitude":11.973434},{"zone":{"previousOwner":{"name":"Ita","id":145707},"dateCreated":"2020-06-30T07:00:00+0000","dateLastTaken":"2021-06-09T23:09:32+0000","latitude":55.723292,"currentOwner":{"name":"PastaPutin","id":148021},"name":"StHansgården","id":316676,"totalTakeovers":676,"region":{"country":"se","name":"Skåne","id":135},"pointsPerHour":5,"longitude":13.199402,"takeoverPoints":125},"latitude":55.723292,"currentOwner":{"name":"PastaPutin","id":148021},"time":"2021-06-09T23:09:32+0000","type":"takeover","longitude":13.199402},{"zone":{"previousOwner":{"name":"Grudion","id":311757},"dateCreated":"2013-11-06T21:23:23+0000","dateLastTaken":"2021-06-09T23:09:11+0000","latitude":59.58282,"currentOwner":{"name":"Evil_B","id":42658},"name":"RosePath","id":22791,"totalTakeovers":1063,"region":{"country":"se","name":"Stockholm","id":141},"pointsPerHour":3,"longitude":17.891318,"takeoverPoints":155},"latitude":59.58282,"currentOwner":{"name":"Evil_B","id":42658},"time":"2021-06-09T23:09:11+0000","type":"takeover","longitude":17.891318},{"zone":{"previousOwner":{"name":"mysmollpony","id":334003},"dateLastTaken":"2021-06-09T23:08:16+0000","latitude":57.709407,"totalTakeovers":33861,"pointsPerHour":9,"takeoverPoints":65,"dateCreated":"2013-08-30T21:53:10+0000","currentOwner":{"name":"Cabby_Jasp","id":311395},"name":"GötaCentral","id":21454,"region":{"country":"se","name":"Västra Götaland","id":132},"longitude":11.971536},"latitude":57.709407,"currentOwner":{"name":"Cabby_Jasp","id":311395},"time":"2021-06-09T23:08:16+0000","type":"takeover","longitude":11.971536},{"zone":{"dateCreated":"2014-12-24T14:00:00+0000","dateLastTaken":"2021-06-09T23:08:02+0000","latitude":57.454621,"currentOwner":{"name":"zilveruno","id":46692},"name":"Kvægtorvet","id":42915,"totalTakeovers":125,"region":{"country":"dk","name":"Nordjylland","id":176},"pointsPerHour":1,"longitude":9.976049,"takeoverPoints":185},"latitude":57.454621,"currentOwner":{"name":"zilveruno","id":46692},"time":"2021-06-09T23:08:02+0000","type":"takeover","longitude":9.976049},{"zone":{"previousOwner":{"name":"Nathan-Drake","id":328067},"dateCreated":"2013-12-28T00:02:20+0000","dateLastTaken":"2021-06-09T23:07:40+0000","latitude":59.285564,"currentOwner":{"name":"TurfTom","id":230867},"name":"Plantskolan","id":24081,"totalTakeovers":5240,"region":{"country":"se","name":"Stockholm","id":141},"pointsPerHour":7,"longitude":18.077447,"takeoverPoints":95},"latitude":59.285564,"currentOwner":{"name":"TurfTom","id":230867},"time":"2021-06-09T23:07:40+0000","type":"takeover","longitude":18.077447},{"zone":{"previousOwner":{"name":"Lillatanten","id":25936},"dateCreated":"2015-01-05T10:00:00+0000","dateLastTaken":"2021-06-09T23:07:30+0000","latitude":59.304493,"currentOwner":{"name":"shewolf","id":30924},"name":"HammarbySkans","id":43577,"totalTakeovers":11305,"region":{"country":"se","name":"Stockholm","id":141},"pointsPerHour":9,"longitude":18.081364,"takeoverPoints":65},"latitude":59.304493,"currentOwner":{"name":"shewolf","id":30924},"time":"2021-06-09T23:07:30+0000","type":"takeover","longitude":18.081364},{"zone":{"previousOwner":{"name":"Ita","id":145707},"dateCreated":"2014-04-06T11:40:17+0000","dateLastTaken":"2021-06-09T23:07:22+0000","latitude":55.724035,"currentOwner":{"name":"PastaPutin","id":148021},"name":"KulZon","id":27839,"totalTakeovers":3224,"region":{"country":"se","name":"Skåne","id":135},"pointsPerHour":6,"longitude":13.194014,"takeoverPoints":110},"latitude":55.724035,"currentOwner":{"name":"PastaPutin","id":148021},"time":"2021-06-09T23:07:22+0000","type":"takeover","longitude":13.194014},{"zone":{"previousOwner":{"name":"Kelis","id":173242},"dateCreated":"2013-02-05T11:24:37+0000","dateLastTaken":"2021-06-09T23:07:14+0000","latitude":57.711008,"currentOwner":{"name":"Cabby_Jasp","id":311395},"name":"KrutNisse","id":14630,"totalTakeovers":13511,"region":{"country":"se","name":"Västra Götaland","id":132},"pointsPerHour":8,"longitude":11.97061,"takeoverPoints":80},"latitude":57.711008,"currentOwner":{"name":"Cabby_Jasp","id":311395},"time":"2021-06-09T23:07:14+0000","type":"takeover","longitude":11.97061},{"zone":{"previousOwner":{"name":"TurfDanne","id":151519},"dateCreated":"2014-02-20T11:29:41+0000","dateLastTaken":"2021-06-09T23:07:09+0000","latitude":65.596573,"currentOwner":{"name":"grock","id":189790},"name":"BarrZone","id":26003,"totalTakeovers":7206,"region":{"country":"se","name":"Norrbotten","id":126},"pointsPerHour":6,"longitude":22.157514,"takeoverPoints":110},"latitude":65.596573,"currentOwner":{"name":"grock","id":189790},"time":"2021-06-09T23:07:09+0000","type":"takeover","longitude":22.157514},{"zone":{"previousOwner":{"name":"Grudion","id":311757},"dateCreated":"2013-11-06T21:24:34+0000","dateLastTaken":"2021-06-09T23:06:11+0000","latitude":59.579139,"currentOwner":{"name":"Evil_B","id":42658},"name":"Råbergsvallen","id":22792,"totalTakeovers":1134,"region":{"country":"se","name":"Stockholm","id":141},"pointsPerHour":3,"longitude":17.889792,"takeoverPoints":155},"latitude":59.579139,"currentOwner":{"name":"Evil_B","id":42658},"time":"2021-06-09T23:06:11+0000","type":"takeover","longitude":17.889792},{"zone":{"previousOwner":{"name":"grimric","id":267536},"dateLastTaken":"2021-06-09T23:05:55+0000","latitude":55.720852,"totalTakeovers":3695,"pointsPerHour":5,"takeoverPoints":125,"dateCreated":"2014-04-06T11:30:17+0000","currentOwner":{"name":"PastaPutin","id":148021},"name":"Ringbron","id":27835,"region":{"country":"se","name":"Skåne","id":135},"longitude":13.195146},"latitude":55.720852,"currentOwner":{"name":"PastaPutin","id":148021},"time":"2021-06-09T23:05:55+0000","type":"takeover","longitude":13.195146},{"zone":{"previousOwner":{"name":"Aicar","id":74956},"dateCreated":"2014-10-03T06:00:00+0000","dateLastTaken":"2021-06-09T23:05:41+0000","latitude":59.412225,"currentOwner":{"name":"Aicar","id":74956},"name":"HusbyBollar","id":36450,"totalTakeovers":2997,"region":{"country":"se","name":"Stockholm","id":141},"pointsPerHour":5,"longitude":17.93145,"takeoverPoints":125},"latitude":59.412225,"currentOwner":{"name":"Aicar","id":74956},"time":"2021-06-09T23:05:41+0000","type":"takeover","longitude":17.93145},{"zone":{"previousOwner":{"name":"BoggieXL","id":25775},"dateCreated":"2012-08-27T20:35:51+0000","dateLastTaken":"2021-06-09T23:05:39+0000","latitude":59.269249,"currentOwner":{"name":"tbone","id":95195},"name":"Tallis","id":11120,"totalTakeovers":11991,"region":{"country":"se","name":"Stockholm","id":141},"pointsPerHour":7,"longitude":18.088059,"takeoverPoints":95},"latitude":59.269249,"currentOwner":{"name":"tbone","id":95195},"time":"2021-06-09T23:05:39+0000","type":"takeover","longitude":18.088059},{"zone":{"previousOwner":{"name":"Nathan-Drake","id":328067},"dateCreated":"2013-12-25T00:04:05+0000","dateLastTaken":"2021-06-09T23:05:35+0000","latitude":59.286079,"currentOwner":{"name":"TurfTom","id":230867},"name":"Trädskolan","id":24082,"totalTakeovers":5199,"region":{"country":"se","name":"Stockholm","id":141},"pointsPerHour":7,"longitude":18.076953,"takeoverPoints":95},"latitude":59.286079,"currentOwner":{"name":"TurfTom","id":230867},"time":"2021-06-09T23:05:35+0000","type":"takeover","longitude":18.076953},{"zone":{"previousOwner":{"name":"Lillatanten","id":25936},"dateCreated":"2013-10-12T16:04:17+0000","dateLastTaken":"2021-06-09T23:05:29+0000","latitude":59.305865,"currentOwner":{"name":"shewolf","id":30924},"name":"Hammarkajen","id":21894,"totalTakeovers":15853,"region":{"country":"se","name":"Stockholm","id":141},"pointsPerHour":8,"longitude":18.08886,"takeoverPoints":80},"latitude":59.305865,"currentOwner":{"name":"shewolf","id":30924},"time":"2021-06-09T23:05:29+0000","type":"takeover","longitude":18.08886},{"zone":{"previousOwner":{"name":"Clipperton","id":161073},"dateCreated":"2012-05-06T20:05:01+0000","dateLastTaken":"2021-06-09T23:05:07+0000","latitude":65.598548,"currentOwner":{"name":"grock","id":189790},"name":"Lingonstigen","id":8645,"totalTakeovers":5529,"region":{"country":"se","name":"Norrbotten","id":126},"pointsPerHour":6,"longitude":22.153704,"takeoverPoints":110},"latitude":65.598548,"currentOwner":{"name":"grock","id":189790},"time":"2021-06-09T23:05:07+0000","type":"takeover","longitude":22.153704},{"zone":{"previousOwner":{"name":"CanC","id":240542},"dateCreated":"2015-11-22T17:00:00+0000","dateLastTaken":"2021-06-09T23:04:59+0000","latitude":60.436477,"currentOwner":{"name":"Welshman","id":305225},"name":"FlemingPark","id":61480,"totalTakeovers":612,"region":{"country":"fi","name":"Lounais-Suomi","id":184},"pointsPerHour":2,"longitude":22.2506,"takeoverPoints":170},"latitude":60.436477,"currentOwner":{"name":"Welshman","id":305225},"time":"2021-06-09T23:04:59+0000","type":"takeover","longitude":22.2506},{"zone":{"previousOwner":{"name":"Grudion","id":311757},"dateCreated":"2016-12-24T11:00:00+0000","dateLastTaken":"2021-06-09T23:04:43+0000","latitude":59.582257,"currentOwner":{"name":"Evil_B","id":42658},"name":"LowFive","id":90979,"totalTakeovers":928,"region":{"country":"se","name":"Stockholm","id":141},"pointsPerHour":4,"longitude":17.88633,"takeoverPoints":140},"latitude":59.582257,"currentOwner":{"name":"Evil_B","id":42658},"time":"2021-06-09T23:04:43+0000","type":"takeover","longitude":17.88633},{"zone":{"previousOwner":{"name":"Rymprak","id":228698},"dateCreated":"2015-03-18T18:12:36+0000","dateLastTaken":"2021-06-09T23:03:34+0000","latitude":59.307815,"currentOwner":{"name":"shewolf","id":30924},"name":"EnTrettiAndra","id":46889,"totalTakeovers":12036,"region":{"country":"se","name":"Stockholm","id":141},"pointsPerHour":8,"longitude":18.090831,"takeoverPoints":80},"latitude":59.307815,"currentOwner":{"name":"shewolf","id":30924},"time":"2021-06-09T23:03:34+0000","type":"takeover","longitude":18.090831},{"zone":{"previousOwner":{"name":"envessla","id":145379},"dateCreated":"2013-04-22T12:00:00+0000","dateLastTaken":"2021-06-09T23:03:34+0000","latitude":55.719096,"currentOwner":{"name":"PastaPutin","id":148021},"name":"SophiePark","id":17319,"totalTakeovers":4286,"region":{"country":"se","name":"Skåne","id":135},"pointsPerHour":6,"longitude":13.197387,"takeoverPoints":110},"latitude":55.719096,"currentOwner":{"name":"PastaPutin","id":148021},"time":"2021-06-09T23:03:34+0000","type":"takeover","longitude":13.197387},{"zone":{"previousOwner":{"name":"LongGoneJohn","id":280456},"dateLastTaken":"2021-06-09T23:03:08+0000","latitude":59.583358,"totalTakeovers":3012,"pointsPerHour":5,"takeoverPoints":125,"dateCreated":"2013-11-06T21:25:54+0000","currentOwner":{"name":"Evil_B","id":42658},"name":"Rosenstoppet","id":22793,"region":{"country":"se","name":"Stockholm","id":141},"longitude":17.880049},"latitude":59.583358,"currentOwner":{"name":"Evil_B","id":42658},"time":"2021-06-09T23:03:08+0000","type":"takeover","longitude":17.880049},{"zone":{"previousOwner":{"name":"Mr__Noodle","id":55355},"dateCreated":"2015-04-01T19:00:00+0000","dateLastTaken":"2021-06-09T23:03:05+0000","latitude":59.285403,"currentOwner":{"name":"TurfTom","id":230867},"name":"FörstaSkedet","id":47319,"totalTakeovers":7959,"region":{"country":"se","name":"Stockholm","id":141},"pointsPerHour":8,"longitude":18.071383,"takeoverPoints":80},"latitude":59.285403,"currentOwner":{"name":"TurfTom","id":230867},"time":"2021-06-09T23:03:05+0000","type":"takeover","longitude":18.071383}]