[{"sender":{"country":"uk","medals":[93,51,92,100,31],"zones":[15425,479365,15426,488291,508449,488224,15047,564453,25583,19023,19024,508503,508501,393105,393107,508465,393106,504763],"pointsPerHour":18,"points":4869,"blocktime":720,"taken":35,"name":"Annie9jobs","totalPoints":8892,"rank":8,"id":400155,"place":1220,"uniqueZonesTaken":31,"region":{"name":"North East England","id":199}},"time":"2023-08-08T07:05:30+0000","message":"Pest: new zone just gone on in Marton","region":{"name":"North East England","id":199},"type":"chat"}]