[{"sender":{"country":"se","medals":[28,16,77,78,47,56,123,132,95,103,7,15,30,37,70],"zones":[25461,432175],"pointsPerHour":8,"points":1142,"blocktime":1200,"taken":7766,"name":"TeamGrim","totalPoints":1354188,"rank":40,"id":336584,"place":1685,"uniqueZonesTaken":1114,"region":{"name":"Kalmar","id":137}},"time":"2023-08-07T07:01:10+0000","message":"Nä tyvärr inte","region":{"name":"Kalmar","id":137},"type":"chat"},{"sender":{"country":"se","medals":[70,67,57,68,5,16,68,68,68,79,68,68,77,75,22,24,72,4,24,66,68,30,24,124,126,24,119,98,24,109,50,24,132],"zones":[1858,143104,1146,422635,143103],"pointsPerHour":16,"points":1469,"blocktime":1470,"taken":122293,"name":"Aldo","totalPoints":18266330,"rank":58,"id":120009,"place":1485,"uniqueZonesTaken":2602,"region":{"name":"Kalmar","id":137}},"time":"2023-08-07T07:00:31+0000","message":"TeamGrim: känner du Mats Grim?","region":{"name":"Kalmar","id":137},"type":"chat"},{"sender":{"country":"se","medals":[70,67,57,68,5,16,68,68,68,79,68,68,77,75,22,24,72,4,24,66,68,30,24,124,126,24,119,98,24,109,50,24,132],"zones":[1858,143104,1146,422635,143103],"pointsPerHour":16,"points":1469,"blocktime":1470,"taken":122293,"name":"Aldo","totalPoints":18266330,"rank":58,"id":120009,"place":1485,"uniqueZonesTaken":2602,"region":{"name":"Kalmar","id":137}},"time":"2023-08-07T06:59:34+0000","message":"TeamGrim: gör så, på väg till böda👍","region":{"name":"Kalmar","id":137},"type":"chat"},{"sender":{"country":"se","medals":[28,16,77,78,47,56,123,132,95,103,7,15,30,37,70],"zones":[25461,432175],"pointsPerHour":8,"points":922,"blocktime":1200,"taken":7765,"name":"TeamGrim","totalPoints":1353968,"rank":40,"id":336584,"place":1830,"uniqueZonesTaken":1114,"region":{"name":"Kalmar","id":137}},"time":"2023-08-07T06:58:57+0000","message":"Aldo: kommer du inte hitåt - då kör vi utan dig","region":{"name":"Kalmar","id":137},"type":"chat"},{"sender":{"country":"se","medals":[4,16,70,57,28,5,48,68,43,79,77,112,67,66,15,123,126,130,118,107,24,22],"zones":[33794,466,27107,318525,682,698,26891,43739,26893],"pointsPerHour":49,"points":1627,"blocktime":1440,"taken":89593,"name":"Kaktus-Mats","totalPoints":12695437,"rank":56,"id":61706,"place":1393,"uniqueZonesTaken":2181,"region":{"name":"Uppsala","id":142}},"time":"2023-08-07T06:31:13+0000","message":"åsanna: 👍Tack","region":{"name":"Uppsala","id":142},"type":"chat"}]