[{"medal":92,"time":"2023-08-08T16:07:58+0000","type":"medal","user":{"country":"se","medals":[80,31,92],"zones":[64672,464774,1780,564865,582722,223848,2268,138174,11742],"pointsPerHour":0,"points":1845,"blocktime":720,"taken":38,"name":"tkesson","totalPoints":9195,"rank":8,"id":399445,"place":4939,"uniqueZonesTaken":15,"region":{"name":"Skåne","id":135}}},{"medal":85,"time":"2023-08-08T16:04:38+0000","type":"medal","user":{"country":"se","medals":[80,85],"zones":[11504,33841,509954,179429,175849,17163,15582,570726,11503],"pointsPerHour":0,"points":1166,"blocktime":645,"taken":10,"name":"Gnappignapp","totalPoints":1166,"rank":3,"id":400389,"place":4938,"uniqueZonesTaken":10,"region":{"name":"Uppsala","id":142}}}]