[{"sender":{"country":"se","medals":[16,27,4,22,75,79,28,24,17,116,117,5,68,17,77,91,126,24,70,124,59,107,130,118,67,17,74,24],"zones":[430668,176462,25811,429330,16788,22740,150,37078,151,122329,122456,325597,11234,11235,92069,46889,92846,200113,235249,27635,488958,488956,95805,13503],"pointsPerHour":119,"points":80605,"blocktime":24,"taken":85327,"name":"VNV_Legion","totalPoints":17867209,"rank":58,"id":69470,"place":160,"uniqueZonesTaken":5351,"region":{"name":"Stockholm","id":141}},"time":"2022-10-11T15:50:26+0000","message":"Lillatanten: ok","region":{"name":"Stockholm","id":141},"type":"chat"},{"medal":84,"time":"2022-10-11T15:50:12+0000","type":"medal","user":{"country":"se","medals":[84],"zones":[481869],"pointsPerHour":0,"points":926,"blocktime":10,"taken":5,"name":"Trek_Ed","totalPoints":926,"rank":3,"id":380324,"place":6753,"uniqueZonesTaken":5,"region":{"name":"Stockholm","id":141}}},{"sender":{"country":"se","medals":[46,5,9,22,16,17,67,4,17,24,24,24,24,17,55,24,24,10,126,79,123,24,66,17,88,24,17,116,107,50,24,132],"zones":[147,513603,21892,28372,148,152,43577,21533],"pointsPerHour":62,"points":29733,"blocktime":23,"taken":46826,"name":"Lillatanten","totalPoints":6900392,"rank":52,"id":25936,"place":880,"uniqueZonesTaken":2686,"region":{"name":"Stockholm","id":141}},"time":"2022-10-11T15:49:44+0000","message":"VNV_Legion:  vet inte om jag orkar vänta om du inte sätter en jäkla fart","region":{"name":"Stockholm","id":141},"type":"chat"},{"sender":{"country":"se","medals":[78,70,6,14,94,24,90,46,117,55,38,5,102,67,77,132],"zones":[48064,235650,175235,235649,29155,29156,29157,126692,38150,7078,92102,56615,179432,316552,96300,24048,36433,11379,28403,91988,48062,348762],"pointsPerHour":87,"points":50785,"blocktime":21,"taken":14833,"name":"Svensings","totalPoints":2934925,"rank":45,"id":288002,"place":393,"uniqueZonesTaken":923,"region":{"name":"Stockholm","id":141}},"time":"2022-10-11T15:46:19+0000","message":"JimmyAIK94: 👍","region":{"name":"Stockholm","id":141},"type":"chat"},{"sender":{"country":"se","medals":[16,67,4,70,24,24,48,79,24,17,77,28,57,83,24,24,17,116,21,117,24,17,91,24,24,107,126,26,74,124,24,24,128,17,24,89],"zones":[22721,290,448229,490400,78441,37736,1705,319178,22734,37743,121714,7316,25396,112535,8918,15574,9592,7004,115420,7005,24253],"pointsPerHour":118,"points":26000,"blocktime":23,"taken":50142,"name":"AnnSch","totalPoints":9955272,"rank":55,"id":77198,"place":1024,"uniqueZonesTaken":6392,"region":{"name":"Stockholm","id":141}},"time":"2022-10-11T15:45:33+0000","message":"Anitem: har du tid att vänta?","region":{"name":"Stockholm","id":141},"type":"chat"}]