[{"country":"se","sender":{"country":"se","medals":[],"zones":[],"pointsPerHour":0,"points":0,"blocktime":10,"taken":0,"name":"Joy2003a","totalPoints":0,"rank":0,"id":381418,"place":6540,"uniqueZonesTaken":0},"time":"2022-10-10T06:56:34+0000","message":"L","type":"chat"},{"country":"se","sender":{"country":"se","medals":[],"zones":[],"pointsPerHour":0,"points":0,"blocktime":10,"taken":0,"name":"Joy2003a","totalPoints":0,"rank":0,"id":381418,"place":6540,"uniqueZonesTaken":0},"time":"2022-10-10T06:56:30+0000","message":"Ni suger","type":"chat"},{"sender":{"country":"se","medals":[67,16,27,77,72,4,79,17,116,22,70,117,30,24,75,2,82,17,83,24,68,124,126,68,119,109,24,24,17,131,17,91,24,120,26,24],"zones":[515906,497346,193540,7495,80072,20618,80075,92525,20621,146479,467336,152237,177425,23347,62644,95220,31353,27834,219384,105022,224572],"pointsPerHour":70,"points":98326,"blocktime":24,"taken":126785,"name":"AnneliCH","totalPoints":24945863,"rank":58,"id":186304,"place":66,"uniqueZonesTaken":7709,"region":{"name":"Skåne","id":135}},"time":"2022-10-10T06:53:55+0000","message":"TuffaTyra: unik turfare, jag hoppar över zonen vid rastplatsen","region":{"name":"Skåne","id":135},"type":"chat"},{"medal":36,"time":"2022-10-10T06:53:45+0000","type":"medal","user":{"country":"se","medals":[93,90,126,71,54,12,7,36],"zones":[9667,148871,31621,146372,31622,9670,517259,175247,517258,182092,60692,359571,359570,479256,97504,210983,51311,28273,429428,28275,28278,227381,480944,1657,285049,155645],"pointsPerHour":0,"points":6438,"blocktime":20,"taken":5000,"name":"Flundran","totalPoints":1369513,"rank":40,"id":201329,"place":6540,"uniqueZonesTaken":159,"region":{"name":"Södermanland","id":140}}},{"medal":32,"time":"2022-10-10T06:52:36+0000","type":"medal","user":{"country":"se","medals":[80,92,100,94,32],"zones":[484524],"pointsPerHour":0,"points":902,"blocktime":12,"taken":100,"name":"Melleking10","totalPoints":19723,"rank":11,"id":281175,"place":6540,"uniqueZonesTaken":28,"region":{"name":"Kalmar","id":137}}}]