[{"medal":39,"time":"2022-10-10T13:44:32+0000","type":"medal","user":{"country":"se","medals":[16,5,15,7,79,57,47,28,67,101,94,39],"zones":[1189,1190,34670],"pointsPerHour":0,"points":9017,"blocktime":21,"taken":14998,"name":"willgrogg","totalPoints":2773424,"rank":45,"id":161710,"place":6608,"uniqueZonesTaken":2322,"region":{"name":"Skåne","id":135}}},{"sender":{"country":"se","medals":[16,47,78,28,77,4,70,57,7,15,5,67,126,122,108,128,22,24,99,24,88],"zones":[80577,7877,32454,78982,7879,3144,217994,7881,44170,3146,6988,7884,3149,525190,11409,56981,50907,62237,176735,50911,44705,20837,146407,18278,516960,146408,619,8111,12335,33715,33716,485107,22390,527728,49403,49404],"pointsPerHour":180,"points":56796,"blocktime":23,"taken":40528,"name":"Svaale","totalPoints":6831876,"rank":52,"id":161076,"place":262,"uniqueZonesTaken":1638,"region":{"name":"Norrbotten","id":126}},"time":"2022-10-10T13:43:49+0000","message":"Lazyfrog: Assist på Rundan?","region":{"name":"Norrbotten","id":126},"type":"chat"},{"medal":32,"time":"2022-10-10T13:40:25+0000","type":"medal","user":{"country":"se","medals":[51,11,32],"zones":[31969,41828,41829,22534,19208,19210,61915,1134],"pointsPerHour":0,"points":1349,"blocktime":13,"taken":100,"name":"hopp","totalPoints":26179,"rank":12,"id":357601,"place":6608,"uniqueZonesTaken":52,"region":{"name":"Värmland","id":130}}}]