[{"sender":{"country":"se","medals":[17,16,17,79,24,17,116,47,27,56,4,77,117,28,24,126,22,24,15,5,122,110,89,131,66,30],"zones":[152353,167742,9598],"pointsPerHour":10,"points":26022,"blocktime":23,"taken":54592,"name":"krokodilen","totalPoints":9402539,"rank":54,"id":45356,"place":986,"uniqueZonesTaken":1194,"region":{"name":"Stockholm","id":141}},"time":"2022-10-11T10:39:48+0000","message":"alligatorn allt blockat 🙄","region":{"name":"Stockholm","id":141},"type":"chat"},{"sender":{"country":"se","medals":[126,16,95,5,14,67,122,128,6,47,57,104,79,28,24,39],"zones":[76647,92086,1213,62462,138045,150253],"pointsPerHour":37,"points":21604,"blocktime":21,"taken":15448,"name":"JimmyAIK94","totalPoints":2716719,"rank":45,"id":267637,"place":1161,"uniqueZonesTaken":940,"region":{"name":"Stockholm","id":141}},"time":"2022-10-11T10:37:46+0000","message":"S1gg3P1gg3: woop woop","region":{"name":"Stockholm","id":141},"type":"chat"},{"medal":31,"time":"2022-10-11T10:31:35+0000","type":"medal","user":{"country":"gb","medals":[90,92,52,31],"zones":[14722,138561,317024,317025,389283,14694,14567,14695,14568,317036,317037,14697,517869,347055,339305,14639,339434,350517,64339,169174,350514,447032],"pointsPerHour":0,"points":4751,"blocktime":11,"taken":25,"name":"hamster75","totalPoints":4751,"rank":6,"id":381350,"place":6713,"uniqueZonesTaken":25,"region":{"name":"Scotland","id":200}}}]