[{"medal":84,"time":"2023-05-22T10:01:24+0000","type":"medal","user":{"country":"se","medals":[80,84],"zones":[203696,31787,318751,9739,139407],"pointsPerHour":0,"points":762,"blocktime":10,"taken":5,"name":"Kevinbl1","totalPoints":762,"rank":3,"id":395031,"place":7525,"uniqueZonesTaken":5,"region":{"name":"Dalarna","id":129}}},{"medal":80,"time":"2023-05-22T10:01:24+0000","type":"medal","user":{"country":"se","medals":[80,84],"zones":[203696,31787,318751,9739,139407],"pointsPerHour":0,"points":762,"blocktime":10,"taken":5,"name":"Kevinbl1","totalPoints":762,"rank":3,"id":395031,"place":7525,"uniqueZonesTaken":5,"region":{"name":"Dalarna","id":129}}},{"medal":80,"time":"2023-05-22T10:00:54+0000","type":"medal","user":{"country":"se","medals":[85,80],"zones":[945,16502,11880,51961,66926],"pointsPerHour":0,"points":1627,"blocktime":11,"taken":13,"name":"mrsaanum","totalPoints":1627,"rank":4,"id":393251,"place":7525,"uniqueZonesTaken":11,"region":{"name":"Kalmar","id":137}}},{"sender":{"country":"uk","medals":[16,67,27,22,79,5,59,77,123,96,102,72,15,75,128,87],"zones":[17344,323140,323142,345986,488399,564994,318158,318159,578436,17426,318096,387664,318162,371283,355677,326749,355679,350629,480166,350628,477985,350626,387689,486057,324586,486056,320631,492466,345971,492465,320636,320637,320638,320634],"pointsPerHour":64,"points":55702,"blocktime":23,"taken":37387,"name":"CardiffSoulCru","totalPoints":9059406,"rank":54,"id":302121,"place":787,"uniqueZonesTaken":1348,"region":{"name":"Scotland","id":200}},"time":"2023-05-22T09:54:52+0000","message":"Aibo: Quite a hilly town :)","region":{"name":"Scotland","id":200},"type":"chat"}]