[{"medal":95,"time":"2023-05-23T10:44:18+0000","type":"medal","user":{"country":"se","medals":[95],"zones":[20158],"pointsPerHour":0,"points":160,"blocktime":10,"taken":2,"name":"David_Lundmark","totalPoints":160,"rank":0,"id":395409,"place":7741,"uniqueZonesTaken":2,"region":{"name":"Örebro","id":131}}},{"medal":80,"time":"2023-05-23T10:41:25+0000","type":"medal","user":{"country":"se","medals":[84,80],"zones":[289,91716,6071,18921,3100],"pointsPerHour":0,"points":816,"blocktime":10,"taken":6,"name":"Morris8625","totalPoints":816,"rank":3,"id":392778,"place":7739,"uniqueZonesTaken":6,"region":{"name":"Stockholm","id":141}}}]