[{"sender":{"country":"se","medals":[90,53,78,14,130,101,7,36,24,99],"zones":[7296,46610,46611,21590,112326,64103,248,46798],"pointsPerHour":37,"points":9973,"blocktime":19,"taken":5786,"name":"MosterMysko","totalPoints":1078301,"rank":38,"id":305441,"place":2974,"uniqueZonesTaken":739,"region":{"name":"Stockholm","id":141}},"time":"2023-05-22T19:18:34+0000","message":"...och den blockande turfaren är långt därifrån och rimligen oskyldig till fulblock?","region":{"name":"Stockholm","id":141},"type":"chat"},{"sender":{"country":"se","medals":[90,53,78,14,130,101,7,36,24,99],"zones":[7296,46610,46611,21590,112326,64103,248,46798],"pointsPerHour":37,"points":9972,"blocktime":19,"taken":5786,"name":"MosterMysko","totalPoints":1078300,"rank":38,"id":305441,"place":2974,"uniqueZonesTaken":739,"region":{"name":"Stockholm","id":141}},"time":"2023-05-22T19:17:38+0000","message":"Två på denna runda har visat sig vara blockade när jag kommer dit. Men då har de varit blockade i ca 10 minuter utan att det synts på kartan","region":{"name":"Stockholm","id":141},"type":"chat"},{"sender":{"country":"se","medals":[90,53,78,14,130,101,7,36,24,99],"zones":[7296,46610,46611,21590,112326,64103,248,46798],"pointsPerHour":37,"points":9971,"blocktime":19,"taken":5786,"name":"MosterMysko","totalPoints":1078299,"rank":38,"id":305441,"place":2974,"uniqueZonesTaken":739,"region":{"name":"Stockholm","id":141}},"time":"2023-05-22T19:16:15+0000","message":"Hm, det är nåt knas med kartan för mig? Jag ser inte (alltid) vilka zoner som är blockade?","region":{"name":"Stockholm","id":141},"type":"chat"},{"medal":90,"time":"2023-05-22T19:07:55+0000","type":"medal","user":{"country":"uk","medals":[93,100,53,86,11,90],"zones":[364453,351373,364460,351375,321615,49808,351380,351383,351377,351376,351379,351390,344698],"pointsPerHour":0,"points":11547,"blocktime":13,"taken":88,"name":"Arnsturf#","totalPoints":28357,"rank":13,"id":384278,"place":7619,"uniqueZonesTaken":78,"region":{"name":"Scotland","id":200}}}]