[{"medal":12,"time":"2023-09-19T13:56:49+0000","type":"medal","user":{"country":"se","medals":[51,32,12],"zones":[8228,133,11238,64422,79069,217997],"pointsPerHour":0,"points":5853,"blocktime":13,"taken":174,"name":"JohJos","totalPoints":31722,"rank":13,"id":400499,"place":9071,"uniqueZonesTaken":100,"region":{"name":"Stockholm","id":141}}},{"medal":84,"time":"2023-09-19T13:50:41+0000","type":"medal","user":{"country":"se","medals":[80,84],"zones":[16837,4345,3081,28957,344331],"pointsPerHour":0,"points":821,"blocktime":10,"taken":5,"name":"Rarrrarrarar","totalPoints":821,"rank":3,"id":408388,"place":9070,"uniqueZonesTaken":5,"region":{"name":"Västernorrland","id":145}}},{"medal":80,"time":"2023-09-19T13:50:41+0000","type":"medal","user":{"country":"se","medals":[80,84],"zones":[16837,4345,3081,28957,344331],"pointsPerHour":0,"points":821,"blocktime":10,"taken":5,"name":"Rarrrarrarar","totalPoints":821,"rank":3,"id":408388,"place":9070,"uniqueZonesTaken":5,"region":{"name":"Västernorrland","id":145}}}]