[{"medal":86,"time":"2023-09-19T10:35:59+0000","type":"medal","user":{"country":"fi","medals":[93,80,92,100,86],"zones":[246692,65967],"pointsPerHour":0,"points":7241,"blocktime":11,"taken":50,"name":"Benjis13","totalPoints":7241,"rank":7,"id":386995,"place":8984,"uniqueZonesTaken":23,"region":{"name":"Åland","id":177}}},{"medal":94,"time":"2023-09-19T10:33:26+0000","type":"medal","user":{"country":"se","medals":[94],"zones":[28199],"pointsPerHour":0,"points":280,"blocktime":10,"taken":2,"name":"melvin??","totalPoints":280,"rank":1,"id":408267,"place":8983,"uniqueZonesTaken":2,"region":{"name":"Stockholm","id":141}}},{"medal":93,"time":"2023-09-19T10:32:45+0000","type":"medal","user":{"country":"se","medals":[31,93],"zones":[7298],"pointsPerHour":0,"points":4578,"blocktime":11,"taken":29,"name":"Sonjac","totalPoints":4578,"rank":6,"id":406893,"place":8983,"uniqueZonesTaken":7,"region":{"name":"Stockholm","id":141}}},{"sender":{"country":"se","medals":[],"zones":[599387],"pointsPerHour":5,"points":125,"blocktime":10,"taken":1,"name":"Rafaela,5b","totalPoints":125,"rank":0,"id":408271,"place":8506,"uniqueZonesTaken":1,"region":{"name":"Stockholm","id":141}},"time":"2023-09-19T10:32:36+0000","message":"Rafaela,5b:","region":{"name":"Stockholm","id":141},"type":"chat"},{"sender":{"country":"se","medals":[],"zones":[599387],"pointsPerHour":5,"points":125,"blocktime":10,"taken":1,"name":"Rafaela,5b","totalPoints":125,"rank":0,"id":408271,"place":8505,"uniqueZonesTaken":1,"region":{"name":"Stockholm","id":141}},"time":"2023-09-19T10:32:20+0000","message":"☺☺☺☺","region":{"name":"Stockholm","id":141},"type":"chat"},{"sender":{"country":"se","medals":[],"zones":[599387],"pointsPerHour":5,"points":125,"blocktime":10,"taken":1,"name":"Rafaela,5b","totalPoints":125,"rank":0,"id":408271,"place":8505,"uniqueZonesTaken":1,"region":{"name":"Stockholm","id":141}},"time":"2023-09-19T10:31:54+0000","message":"🙉🙉","region":{"name":"Stockholm","id":141},"type":"chat"},{"sender":{"country":"se","medals":[93],"zones":[],"pointsPerHour":0,"points":125,"blocktime":10,"taken":1,"name":"RutEllie5B","totalPoints":125,"rank":0,"id":408266,"place":8506,"uniqueZonesTaken":1,"region":{"name":"Stockholm","id":141}},"time":"2023-09-19T10:31:44+0000","message":"Hej","region":{"name":"Stockholm","id":141},"type":"chat"},{"country":"se","sender":{"country":"se","medals":[],"zones":[],"pointsPerHour":0,"points":0,"blocktime":10,"taken":0,"name":"Juni,Nicole5b","totalPoints":0,"rank":0,"id":408270,"place":8982,"uniqueZonesTaken":0},"time":"2023-09-19T10:31:40+0000","message":"Hej hej 5b","type":"chat"},{"sender":{"country":"se","medals":[],"zones":[599387],"pointsPerHour":5,"points":125,"blocktime":10,"taken":1,"name":"Rafaela,5b","totalPoints":125,"rank":0,"id":408271,"place":8505,"uniqueZonesTaken":1,"region":{"name":"Stockholm","id":141}},"time":"2023-09-19T10:31:18+0000","message":"hej 5b","region":{"name":"Stockholm","id":141},"type":"chat"},{"medal":85,"time":"2023-09-19T10:31:00+0000","type":"medal","user":{"country":"se","medals":[94,80,85],"zones":[41809,179126,1542,1543,41802,220712],"pointsPerHour":0,"points":1497,"blocktime":11,"taken":10,"name":"Davidhj","totalPoints":1497,"rank":4,"id":408253,"place":8981,"uniqueZonesTaken":10,"region":{"name":"Västra Götaland","id":132}}}]