[{"sender":{"country":"se","medals":[47,28,78,12,57,16,5,34],"zones":[45120,61731,14980,204331,44168,154346,90344,115085,32270,24719,24720,41715,601085,15798,34171,43356,29052,43357],"pointsPerHour":18,"points":90087,"blocktime":17,"taken":1064,"name":"DuckMySick","totalPoints":295812,"rank":29,"id":399244,"place":479,"uniqueZonesTaken":241,"region":{"name":"Jönköping","id":133}},"time":"2023-09-18T05:09:39+0000","message":"avante: låter som en mycket bra idé","region":{"name":"Jönköping","id":133},"type":"chat"},{"medal":22,"time":"2023-09-18T05:06:59+0000","type":"medal","user":{"country":"se","medals":[4,79,46,28,126,17,116,34,107,127,7,80,24,15,17,122,22],"zones":[155327],"pointsPerHour":0,"points":10825,"blocktime":17,"taken":2198,"name":"zongrabbarn","totalPoints":394533,"rank":31,"id":241841,"place":8735,"uniqueZonesTaken":1579,"region":{"name":"Kronoberg","id":147}}}]