[{"medal":100,"time":"2023-09-19T15:26:16+0000","type":"medal","user":{"country":"se","medals":[94,85,80,100],"zones":[599387,47508,64357,47509,28199],"pointsPerHour":0,"points":1951,"blocktime":11,"taken":14,"name":"Bertilproffs","totalPoints":1951,"rank":5,"id":408262,"place":9079,"uniqueZonesTaken":10,"region":{"name":"Stockholm","id":141}}},{"medal":7,"time":"2023-09-19T15:24:50+0000","type":"medal","user":{"country":"se","medals":[93,51,127,102,33,13,7],"zones":[90930,8806,169156,83174],"pointsPerHour":0,"points":4340,"blocktime":14,"taken":625,"name":"MoonEye92","totalPoints":94303,"rank":19,"id":387975,"place":9079,"uniqueZonesTaken":288,"region":{"name":"Stockholm","id":141}}},{"medal":84,"time":"2023-09-19T15:24:44+0000","type":"medal","user":{"country":"se","medals":[84],"zones":[6995,44554,12412],"pointsPerHour":0,"points":432,"blocktime":10,"taken":5,"name":"Teamilton","totalPoints":432,"rank":2,"id":408275,"place":9079,"uniqueZonesTaken":5,"region":{"name":"Västerbotten","id":127}}},{"medal":80,"time":"2023-09-19T15:24:26+0000","type":"medal","user":{"country":"se","medals":[94,85,80],"zones":[599387,47508,64357,47509,28199],"pointsPerHour":0,"points":1811,"blocktime":11,"taken":13,"name":"Bertilproffs","totalPoints":1811,"rank":4,"id":408262,"place":9079,"uniqueZonesTaken":9,"region":{"name":"Stockholm","id":141}}},{"medal":93,"time":"2023-09-19T15:20:02+0000","type":"medal","user":{"country":"se","medals":[93],"zones":[],"pointsPerHour":0,"points":125,"blocktime":10,"taken":1,"name":"EmilA2012","totalPoints":125,"rank":0,"id":408298,"place":9079,"uniqueZonesTaken":1,"region":{"name":"Stockholm","id":141}}}]