[{"country":"se","sender":{"country":"se","medals":[16,72,83,67,21,78,70,57,77,6,117,4,27,126,123,15,119,17,116,111,132,75],"zones":[9729,89251,9732,27940,204167,148868,525231,1224,82377,484525,203821,493161,94959,12463,115569,71795,18034,208854,110519,509488,84669,84670],"pointsPerHour":65,"points":211789,"blocktime":24,"taken":134410,"name":"Espingen","totalPoints":19152779,"rank":58,"id":166882,"place":114,"uniqueZonesTaken":1155,"region":{"name":"Kalmar","id":137}},"time":"2023-09-19T05:33:39+0000","message":"Kolla in Västervik på turfkartan så får ni se turfvärldens störta fjant. Han jagar bara zoner som jag har varje dag.","type":"chat"}]