[{"medal":85,"time":"2023-09-18T07:12:38+0000","type":"medal","user":{"country":"se","medals":[85],"zones":[316514,49791],"pointsPerHour":0,"points":540,"blocktime":11,"taken":10,"name":"LPlp25","totalPoints":2086,"rank":5,"id":351392,"place":8766,"uniqueZonesTaken":9,"region":{"name":"Uppsala","id":142}}},{"medal":93,"time":"2023-09-18T07:11:58+0000","type":"medal","user":{"country":"se","medals":[93],"zones":[],"pointsPerHour":0,"points":95,"blocktime":10,"taken":1,"name":"Aobion","totalPoints":95,"rank":0,"id":407931,"place":8765,"uniqueZonesTaken":1,"region":{"name":"Värmland","id":130}}},{"medal":85,"time":"2023-09-18T07:11:46+0000","type":"medal","user":{"country":"se","medals":[93,80,85],"zones":[496823,516486,142595,204512,142596,10439,82333,601847],"pointsPerHour":0,"points":1845,"blocktime":11,"taken":10,"name":"RayBan","totalPoints":2080,"rank":5,"id":385409,"place":8764,"uniqueZonesTaken":10,"region":{"name":"Skåne","id":135}}},{"medal":93,"time":"2023-09-18T07:11:05+0000","type":"medal","user":{"country":"se","medals":[93],"zones":[],"pointsPerHour":0,"points":95,"blocktime":10,"taken":1,"name":"joel_4s","totalPoints":95,"rank":0,"id":407923,"place":8764,"uniqueZonesTaken":1,"region":{"name":"Värmland","id":130}}},{"medal":84,"time":"2023-09-18T07:10:47+0000","type":"medal","user":{"country":"se","medals":[93,84],"zones":[7799,1022],"pointsPerHour":0,"points":551,"blocktime":10,"taken":5,"name":"Emajl","totalPoints":551,"rank":2,"id":407865,"place":8763,"uniqueZonesTaken":4,"region":{"name":"Värmland","id":130}}},{"medal":94,"time":"2023-09-18T07:10:41+0000","type":"medal","user":{"country":"se","medals":[94],"zones":[],"pointsPerHour":0,"points":95,"blocktime":10,"taken":1,"name":"simonTE23","totalPoints":95,"rank":0,"id":407905,"place":8762,"uniqueZonesTaken":1,"region":{"name":"Värmland","id":130}}},{"medal":94,"time":"2023-09-18T07:10:41+0000","type":"medal","user":{"country":"se","medals":[94],"zones":[22534],"pointsPerHour":0,"points":190,"blocktime":10,"taken":2,"name":"blennrot","totalPoints":190,"rank":0,"id":407879,"place":8762,"uniqueZonesTaken":2,"region":{"name":"Värmland","id":130}}},{"medal":95,"time":"2023-09-18T07:09:25+0000","type":"medal","user":{"country":"se","medals":[95],"zones":[476045],"pointsPerHour":0,"points":190,"blocktime":10,"taken":2,"name":"någonstans","totalPoints":190,"rank":0,"id":407925,"place":8760,"uniqueZonesTaken":2,"region":{"name":"Värmland","id":130}}},{"medal":95,"time":"2023-09-18T07:09:25+0000","type":"medal","user":{"country":"se","medals":[95],"zones":[],"pointsPerHour":0,"points":95,"blocktime":10,"taken":1,"name":"MonkeyMan","totalPoints":95,"rank":0,"id":407909,"place":8760,"uniqueZonesTaken":1,"region":{"name":"Värmland","id":130}}},{"medal":95,"time":"2023-09-18T07:09:25+0000","type":"medal","user":{"country":"se","medals":[95],"zones":[64903],"pointsPerHour":0,"points":205,"blocktime":10,"taken":2,"name":"Cubert","totalPoints":205,"rank":1,"id":407904,"place":8760,"uniqueZonesTaken":2,"region":{"name":"Värmland","id":130}}},{"medal":94,"time":"2023-09-18T07:08:32+0000","type":"medal","user":{"country":"se","medals":[94],"zones":[],"pointsPerHour":0,"points":170,"blocktime":10,"taken":1,"name":"slejhej","totalPoints":170,"rank":0,"id":407934,"place":8759,"uniqueZonesTaken":1,"region":{"name":"Västmanland","id":143}}},{"medal":94,"time":"2023-09-18T07:08:32+0000","type":"medal","user":{"country":"se","medals":[80,84,94],"zones":[],"pointsPerHour":0,"points":1717,"blocktime":11,"taken":10,"name":"Mejaproboiii","totalPoints":1717,"rank":4,"id":405785,"place":8759,"uniqueZonesTaken":10,"region":{"name":"Västmanland","id":143}}},{"medal":80,"time":"2023-09-18T07:06:37+0000","type":"medal","user":{"country":"se","medals":[85,80],"zones":[28017,80818,776,96332,110303],"pointsPerHour":0,"points":2548,"blocktime":11,"taken":14,"name":"シ:(","totalPoints":2548,"rank":5,"id":403614,"place":8757,"uniqueZonesTaken":7,"region":{"name":"Västra Götaland","id":132}}}]