[{"medal":92,"time":"2023-09-18T09:22:29+0000","type":"medal","user":{"country":"se","medals":[85,51,92],"zones":[43939,932,41829,1030,64903,19209,7795,7796,7798,7800,21082,30974],"pointsPerHour":0,"points":1540,"blocktime":11,"taken":15,"name":"ChewieeJr","totalPoints":1540,"rank":4,"id":405876,"place":8811,"uniqueZonesTaken":15,"region":{"name":"Värmland","id":130}}},{"sender":{"country":"se","medals":[22,67,4,24,70,16,27,83,72,79,99,66,24,126,124,24,119,108,75,50,132,59,77],"zones":[26850,18309,92281,46362,204431,319416,483770,41726,41727],"pointsPerHour":31,"points":284664,"blocktime":24,"taken":124458,"name":"FlitigaTobbe","totalPoints":21078410,"rank":58,"id":48872,"place":47,"uniqueZonesTaken":3001,"region":{"name":"Västmanland","id":143}},"time":"2023-09-18T09:21:18+0000","message":"HarryBus:finbesök. Kom förbi om du behöver något","region":{"name":"Västmanland","id":143},"type":"chat"},{"medal":84,"time":"2023-09-18T09:21:13+0000","type":"medal","user":{"country":"se","medals":[93,84],"zones":[515789,180670],"pointsPerHour":0,"points":616,"blocktime":10,"taken":5,"name":"Bogidogi","totalPoints":616,"rank":2,"id":405265,"place":8810,"uniqueZonesTaken":4,"region":{"name":"Örebro","id":131}}},{"medal":93,"time":"2023-09-18T09:21:13+0000","type":"medal","user":{"country":"se","medals":[93],"zones":[62233],"pointsPerHour":0,"points":250,"blocktime":10,"taken":3,"name":"Lucce76","totalPoints":390,"rank":1,"id":402883,"place":8810,"uniqueZonesTaken":2,"region":{"name":"Örebro","id":131}}},{"medal":95,"time":"2023-09-18T09:20:37+0000","type":"medal","user":{"country":"se","medals":[95],"zones":[],"pointsPerHour":0,"points":155,"blocktime":10,"taken":1,"name":"FALC","totalPoints":155,"rank":0,"id":407979,"place":8808,"uniqueZonesTaken":1,"region":{"name":"Stockholm","id":141}}},{"medal":95,"time":"2023-09-18T09:20:37+0000","type":"medal","user":{"country":"se","medals":[95],"zones":[],"pointsPerHour":0,"points":155,"blocktime":10,"taken":1,"name":"superdab_177","totalPoints":155,"rank":0,"id":407982,"place":8808,"uniqueZonesTaken":1,"region":{"name":"Stockholm","id":141}}},{"medal":95,"time":"2023-09-18T09:20:37+0000","type":"medal","user":{"country":"se","medals":[95],"zones":[1480],"pointsPerHour":0,"points":265,"blocktime":10,"taken":2,"name":"inéz12315","totalPoints":265,"rank":1,"id":407978,"place":8808,"uniqueZonesTaken":2,"region":{"name":"Stockholm","id":141}}},{"medal":80,"time":"2023-09-18T09:19:20+0000","type":"medal","user":{"country":"se","medals":[84,80],"zones":[19205,694,476045,7515,1023],"pointsPerHour":0,"points":662,"blocktime":10,"taken":7,"name":"pilsnerturken","totalPoints":662,"rank":2,"id":407962,"place":8808,"uniqueZonesTaken":7,"region":{"name":"Värmland","id":130}}},{"medal":93,"time":"2023-09-18T09:18:45+0000","type":"medal","user":{"country":"se","medals":[84,80,93],"zones":[169986,23746,22533,98007,7799,1022],"pointsPerHour":0,"points":1003,"blocktime":10,"taken":9,"name":"Candy1izard","totalPoints":1003,"rank":3,"id":407965,"place":8808,"uniqueZonesTaken":9,"region":{"name":"Värmland","id":130}}},{"sender":{"country":"se","medals":[16,77,79,70,24,22,67,72,83,124,108,24,112,59,75,4,24,132,89,24,7,50],"zones":[44294,81543,42375,42377,144401,139669,32024,46361,43807,32032,109474,92324,26155,26156,319412,102067,5427,31798,703,117057,56130,11205,56136,17736,7754,31434,430025,34130,31954,45011,6099,43861,45014,7257,15962,319449,93148,15966,63710,43871,43874,486,109926,492,81138,17012,44151,5624,43899,115962,24191],"pointsPerHour":260,"points":302059,"blocktime":23,"taken":64865,"name":"anthi","totalPoints":8438020,"rank":54,"id":285613,"place":39,"uniqueZonesTaken":2657,"region":{"name":"Västmanland","id":143}},"time":"2023-09-18T09:16:04+0000","message":"Voodoofish:ska vi mötas upp","region":{"name":"Västmanland","id":143},"type":"chat"}]