[{"medal":130,"time":"2022-04-11T17:28:42+0000","type":"medal","user":{"country":"se","medals":[94,103,42,51,12,130],"zones":[11125],"pointsPerHour":0,"points":4636,"blocktime":840,"taken":476,"name":"Leon1","totalPoints":55870,"rank":16,"id":353686,"place":5369,"uniqueZonesTaken":110,"region":{"name":"Västerbotten","id":127}}},{"medal":92,"time":"2022-04-11T17:24:00+0000","type":"medal","user":{"country":"se","medals":[80,31,92,93],"zones":[45940,175246],"pointsPerHour":0,"points":552,"blocktime":690,"taken":30,"name":"M_K","totalPoints":5247,"rank":6,"id":355936,"place":5369,"uniqueZonesTaken":15,"region":{"name":"Kalmar","id":137}}},{"medal":93,"time":"2022-04-11T17:24:00+0000","type":"medal","user":{"country":"se","medals":[80,31,92,93],"zones":[45940,175246],"pointsPerHour":0,"points":552,"blocktime":690,"taken":30,"name":"M_K","totalPoints":5247,"rank":6,"id":355936,"place":5369,"uniqueZonesTaken":15,"region":{"name":"Kalmar","id":137}}},{"medal":51,"time":"2022-04-11T17:23:30+0000","type":"medal","user":{"country":"se","medals":[95,92,101,32,51],"zones":[64417,119696,8197,43575,43577,153,154,94237,21533,21535],"pointsPerHour":0,"points":7384,"blocktime":720,"taken":106,"name":"Dani83","totalPoints":11820,"rank":8,"id":352515,"place":5369,"uniqueZonesTaken":48,"region":{"name":"Stockholm","id":141}}}]