[{"medal":84,"time":"2021-09-07T12:14:20+0000","type":"medal","user":{"country":"se","medals":[94,84],"zones":[92262],"pointsPerHour":0,"points":945,"blocktime":10,"taken":6,"name":"o.n1234","totalPoints":945,"rank":3,"id":339732,"place":5071,"uniqueZonesTaken":5,"region":{"name":"Skåne","id":135}}},{"medal":93,"time":"2021-09-07T12:14:20+0000","type":"medal","user":{"country":"se","medals":[93],"zones":[],"pointsPerHour":0,"points":170,"blocktime":10,"taken":1,"name":"BlueTomato","totalPoints":170,"rank":0,"id":340175,"place":5071,"uniqueZonesTaken":1,"region":{"name":"Skåne","id":135}}},{"sender":{"country":"se","medals":[10,7,16,77,70,79,15,27,22,55,95,4,122,24,126,5,67,107,88,47],"zones":[28608,68229,11844,11845,36742,11846,14407,408142,7370,36748,36749,23694,32910,42767,32911,42770,16533,31640,664,666,22748,22749,224669,22750,54878,22752,127587,285031,21092,12006,92137,21097,30122,21098,37488,9328,138866,37489,33779,12019,33780,12021,138868,1528,7546,9660],"pointsPerHour":183,"points":26937,"blocktime":23,"taken":45469,"name":"derdlim","totalPoints":9568515,"rank":55,"id":117540,"place":207,"uniqueZonesTaken":2170,"region":{"name":"Södermanland","id":140}},"time":"2021-09-07T12:13:36+0000","message":"grönjäveln: tänkte just plocka svamp där!!!!","region":{"name":"Södermanland","id":140},"type":"chat"},{"sender":{"country":"se","medals":[4,28,47,55,16,5,67,21,27,7,79,77,14,126,39,102,95],"zones":[11937,51299,51300,51301,411584,51302,12521,27946,32938,185297,285043,426270,143966,143964],"pointsPerHour":62,"points":7676,"blocktime":21,"taken":17499,"name":"raz","totalPoints":3260043,"rank":46,"id":2949,"place":1075,"uniqueZonesTaken":779,"region":{"name":"Södermanland","id":140}},"time":"2021-09-07T12:13:24+0000","message":"El eller muskelkraft?","region":{"name":"Södermanland","id":140},"type":"chat"},{"medal":94,"time":"2021-09-07T12:12:32+0000","type":"medal","user":{"country":"se","medals":[85,51,90,94],"zones":[865,62338,43147,24396,877,28399,879,12114,11346,26323,377,863],"pointsPerHour":0,"points":1899,"blocktime":11,"taken":14,"name":"eansgariusson","totalPoints":1899,"rank":4,"id":340155,"place":5071,"uniqueZonesTaken":14,"region":{"name":"Västra Götaland","id":132}}},{"medal":100,"time":"2021-09-07T12:12:32+0000","type":"medal","user":{"country":"se","medals":[10,51,92,31,100,94],"zones":[864,26321,26322,12819,152023,95079,43144,23225,43146,23243,12812],"pointsPerHour":0,"points":3136,"blocktime":11,"taken":26,"name":"källman","totalPoints":3924,"rank":6,"id":261723,"place":5071,"uniqueZonesTaken":24,"region":{"name":"Västra Götaland","id":132}}},{"medal":94,"time":"2021-09-07T12:12:32+0000","type":"medal","user":{"country":"se","medals":[10,51,92,31,100,94],"zones":[864,26321,26322,12819,152023,95079,43144,23225,43146,23243,12812],"pointsPerHour":0,"points":3136,"blocktime":11,"taken":26,"name":"källman","totalPoints":3924,"rank":6,"id":261723,"place":5071,"uniqueZonesTaken":24,"region":{"name":"Västra Götaland","id":132}}},{"medal":84,"time":"2021-09-07T12:11:32+0000","type":"medal","user":{"country":"se","medals":[80,84],"zones":[6880,6881,114906,6878,6879],"pointsPerHour":0,"points":889,"blocktime":10,"taken":5,"name":"Ellisnor","totalPoints":889,"rank":3,"id":339636,"place":5070,"uniqueZonesTaken":5,"region":{"name":"Skåne","id":135}}},{"medal":80,"time":"2021-09-07T12:11:32+0000","type":"medal","user":{"country":"se","medals":[80,84],"zones":[6880,6881,114906,6878,6879],"pointsPerHour":0,"points":889,"blocktime":10,"taken":5,"name":"Ellisnor","totalPoints":889,"rank":3,"id":339636,"place":5070,"uniqueZonesTaken":5,"region":{"name":"Skåne","id":135}}},{"sender":{"country":"se","medals":[16,9,27,4,21,24,17,70,17,67,64,23,24,17,26,45,24,68,24,91,79,77,24,72,83,75,117,116,17,30,82,68,126,121,107,124,89,17],"zones":[96304,7842,411813,431987,31925,411297,30824,24249,61802,310634],"pointsPerHour":32,"points":13857,"blocktime":23,"taken":53454,"name":"Rickshaw","totalPoints":10409714,"rank":55,"id":26139,"place":605,"uniqueZonesTaken":10717,"region":{"name":"Stockholm","id":141}},"time":"2021-09-07T12:10:57+0000","message":"LeffeM: nej, paus nu","region":{"name":"Stockholm","id":141},"type":"chat"},{"sender":{"country":"se","medals":[16,67,22,24,79,72,83,70,77,57,15,24,7,17,75,4,24,116,17,24,27,123,117,126,88,105,17],"zones":[76673,82880,22220,21838,7312,1234,213,23639,47319,71062,23640,47320,7832,47321,1625,114843,18714,14684,315544,14685,114846,203558,94116,294,7721,33131,78512,37745,113906,1012,91703,126587,15355,15357,91967,13502],"pointsPerHour":206,"points":23518,"blocktime":23,"taken":44378,"name":"LeffeM","totalPoints":7556472,"rank":53,"id":122446,"place":273,"uniqueZonesTaken":2205,"region":{"name":"Stockholm","id":141}},"time":"2021-09-07T12:10:35+0000","message":"Rickshaw: Ska ni hitåt?","region":{"name":"Stockholm","id":141},"type":"chat"},{"medal":84,"time":"2021-09-07T12:07:50+0000","type":"medal","user":{"country":"se","medals":[84],"zones":[11343],"pointsPerHour":0,"points":705,"blocktime":10,"taken":5,"name":"hannabl0mqvist","totalPoints":705,"rank":3,"id":340078,"place":5065,"uniqueZonesTaken":5,"region":{"name":"Västra Götaland","id":132}}}]