[{"sender":{"country":"se","medals":[16,70,77,5,96,28,14,126,71,35,66,105,22,47,122,56],"zones":[50170,50172,104735,50174],"pointsPerHour":8,"points":9946,"blocktime":19,"taken":4187,"name":"Wedvin","totalPoints":924973,"rank":37,"id":235017,"place":747,"uniqueZonesTaken":978,"region":{"name":"Östergötland","id":139}},"time":"2021-09-07T04:52:27+0000","message":"Har installerat om appen men det fungerar inte. Har någon förslag på lösning?","region":{"name":"Östergötland","id":139},"type":"chat"},{"sender":{"country":"se","medals":[16,70,77,5,96,28,14,126,71,35,66,105,22,47,122,56],"zones":[50170,50172,104735,50174],"pointsPerHour":8,"points":9945,"blocktime":19,"taken":4187,"name":"Wedvin","totalPoints":924973,"rank":37,"id":235017,"place":747,"uniqueZonesTaken":978,"region":{"name":"Östergötland","id":139}},"time":"2021-09-07T04:51:02+0000","message":"Hej! Jag får inte Turfappen att fungera som den ska.Kan inte bläddra till varken region,land eller världsligts.Har en IPhone.","region":{"name":"Östergötland","id":139},"type":"chat"},{"medal":85,"time":"2021-09-07T04:46:42+0000","type":"medal","user":{"country":"se","medals":[80,85],"zones":[7667],"pointsPerHour":0,"points":418,"blocktime":11,"taken":10,"name":"Yvvis6","totalPoints":1406,"rank":4,"id":339154,"place":4811,"uniqueZonesTaken":7,"region":{"name":"Stockholm","id":141}}}]