[{"sender":{"country":"se","medals":[5,67,54,46,70,64,23,16,28,14,4,7,126,95,106,38,78],"zones":[1419,42894],"pointsPerHour":9,"points":1397,"blocktime":20,"taken":11499,"name":"björka","totalPoints":1778732,"rank":42,"id":88964,"place":1932,"uniqueZonesTaken":829,"region":{"name":"Stockholm","id":141}},"time":"2021-09-06T09:13:41+0000","message":"St@llion: hahaha, förlåt iaf!","region":{"name":"Stockholm","id":141},"type":"chat"},{"medal":84,"time":"2021-09-06T09:13:41+0000","type":"medal","user":{"country":"se","medals":[84],"zones":[78467,27027,78466],"pointsPerHour":0,"points":720,"blocktime":10,"taken":5,"name":"EPA-raggarna","totalPoints":720,"rank":3,"id":339752,"place":4204,"uniqueZonesTaken":5,"region":{"name":"Stockholm","id":141}}},{"medal":85,"time":"2021-09-06T09:10:58+0000","type":"medal","user":{"country":"se","medals":[51,85],"zones":[33328,33330,33331,33332,24377,60315,170697,11755,1628,115263],"pointsPerHour":0,"points":930,"blocktime":10,"taken":10,"name":"veckard","totalPoints":930,"rank":3,"id":339748,"place":4200,"uniqueZonesTaken":10,"region":{"name":"Gotland","id":138}}},{"medal":51,"time":"2021-09-06T09:10:58+0000","type":"medal","user":{"country":"se","medals":[51,85],"zones":[33328,33330,33331,33332,24377,60315,170697,11755,1628,115263],"pointsPerHour":0,"points":930,"blocktime":10,"taken":10,"name":"veckard","totalPoints":930,"rank":3,"id":339748,"place":4200,"uniqueZonesTaken":10,"region":{"name":"Gotland","id":138}}},{"medal":94,"time":"2021-09-06T09:09:38+0000","type":"medal","user":{"country":"se","medals":[94],"zones":[],"pointsPerHour":0,"points":80,"blocktime":10,"taken":1,"name":"Nova.Engrund","totalPoints":80,"rank":0,"id":339774,"place":4197,"uniqueZonesTaken":1,"region":{"name":"Örebro","id":131}}},{"medal":94,"time":"2021-09-06T09:09:38+0000","type":"medal","user":{"country":"se","medals":[94],"zones":[],"pointsPerHour":0,"points":80,"blocktime":10,"taken":1,"name":"MollyKarbing","totalPoints":80,"rank":0,"id":339770,"place":4197,"uniqueZonesTaken":1,"region":{"name":"Örebro","id":131}}},{"medal":34,"time":"2021-09-06T09:09:19+0000","type":"medal","user":{"country":"se","medals":[53,12,90,34],"zones":[17864,5258,5259,653,655,24017,24018,24019,337233,1557,1558,17754,10971,429337,42401,79395,7919,7860,955,127293,957,958,57726,959],"pointsPerHour":0,"points":3068,"blocktime":17,"taken":1000,"name":"myterritory","totalPoints":295633,"rank":29,"id":54140,"place":4196,"uniqueZonesTaken":165,"region":{"name":"Kronoberg","id":147}}},{"medal":92,"time":"2021-09-06T09:07:47+0000","type":"medal","user":{"country":"se","medals":[85,51,92],"zones":[1191,28330,32460,1166,402,27829,20632,20634,987,95226,20636,636],"pointsPerHour":0,"points":1406,"blocktime":11,"taken":15,"name":"Fatima&Nagham","totalPoints":1406,"rank":4,"id":339740,"place":3319,"uniqueZonesTaken":15,"region":{"name":"Skåne","id":135}}}]