[{"sender":{"country":"uk","medals":[93,90,101,12,78,16,152,55,33],"zones":[331813,476544,351373,382381,364460,351375,351374,351380,382388,364439,382385,351376,382387,351390,389944,389627],"pointsPerHour":16,"points":28119,"blocktime":990,"taken":519,"name":"Arnsturf#","totalPoints":218564,"rank":26,"id":384278,"place":1418,"uniqueZonesTaken":180,"region":{"name":"Scotland","id":200}},"time":"2023-11-21T13:46:50+0000","message":"*for","region":{"name":"Scotland","id":200},"type":"chat"},{"sender":{"country":"uk","medals":[93,90,101,12,78,16,152,55,33],"zones":[331813,476544,351373,382381,364460,351375,351374,351380,382388,364439,382385,351376,382387,351390,389944,389627],"pointsPerHour":16,"points":28119,"blocktime":990,"taken":519,"name":"Arnsturf#","totalPoints":218563,"rank":26,"id":384278,"place":1418,"uniqueZonesTaken":180,"region":{"name":"Scotland","id":200}},"time":"2023-11-21T13:46:18+0000","message":"Dirtmonkey: I imagine he'd 'ave need'd a dry or hot water suit, foe those 🥶north 🌊 temps !?","region":{"name":"Scotland","id":200},"type":"chat"},{"sender":{"country":"uk","medals":[93,90,101,12,78,16,152,55,33],"zones":[331813,476544,351373,382381,364460,351375,351374,351380,382388,364439,382385,351376,382387,351390,389944,389627],"pointsPerHour":16,"points":28118,"blocktime":990,"taken":519,"name":"Arnsturf#","totalPoints":218563,"rank":26,"id":384278,"place":1417,"uniqueZonesTaken":180,"region":{"name":"Scotland","id":200}},"time":"2023-11-21T13:43:12+0000","message":"Dirtmonkey: 🤱😂","region":{"name":"Scotland","id":200},"type":"chat"}]