[{"medal":80,"time":"2023-11-21T15:43:35+0000","type":"medal","user":{"country":"de","medals":[80,84],"zones":[396398,387565,387567,387566,566243],"pointsPerHour":0,"points":910,"blocktime":645,"taken":5,"name":"Zehnerpack","totalPoints":910,"rank":3,"id":415992,"place":5927,"uniqueZonesTaken":5,"region":{"name":"Hamburg","id":439}}},{"medal":84,"time":"2023-11-21T15:43:35+0000","type":"medal","user":{"country":"de","medals":[80,84],"zones":[396398,387565,387567,387566,566243],"pointsPerHour":0,"points":910,"blocktime":645,"taken":5,"name":"Zehnerpack","totalPoints":910,"rank":3,"id":415992,"place":5927,"uniqueZonesTaken":5,"region":{"name":"Hamburg","id":439}}}]