[{"medal":107,"time":"2023-11-21T08:00:20+0000","type":"medal","user":{"country":"se","medals":[16,70,24,77,83,67,7,79,72,60,21,117,122,27,24,24,126,4,75,132,24,88,17,115,24,24,50,155,107],"zones":[116,175239,139],"pointsPerHour":0,"points":59188,"blocktime":1365,"taken":45797,"name":"Zandro","totalPoints":6397258,"rank":51,"id":224988,"place":5887,"uniqueZonesTaken":2538,"region":{"name":"Västerbotten","id":127}}},{"medal":151,"time":"2023-11-21T07:39:58+0000","type":"medal","user":{"country":"se","medals":[93,46,34,28,78,12,77,56,6,151],"zones":[3030,48237],"pointsPerHour":0,"points":10100,"blocktime":1050,"taken":1794,"name":"elise1108","totalPoints":326503,"rank":30,"id":366092,"place":5885,"uniqueZonesTaken":125,"region":{"name":"Dalarna","id":129}}}]