[{"sender":{"country":"se","medals":[16,117,94,10,47,79,131,56,15,103,123,37,155],"zones":[78433,37409,7588,7590,475118,176,31921,91698,114901,114900,489488,502448],"pointsPerHour":44,"points":85712,"blocktime":1215,"taken":9148,"name":"norpas","totalPoints":1674962,"rank":41,"id":383655,"place":323,"uniqueZonesTaken":1184,"region":{"name":"Stockholm","id":141}},"time":"2023-11-21T10:05:20+0000","message":"mummis: tack detsamma.🙂","region":{"name":"Stockholm","id":141},"type":"chat"},{"sender":{"country":"se","medals":[67,46,79,126,4,117,95,14,6,16,122,55,77,28,131,104,40,154],"zones":[91697,273,22203,22204,37405],"pointsPerHour":24,"points":20748,"blocktime":1305,"taken":24167,"name":"mummis","totalPoints":3629551,"rank":47,"id":229432,"place":1760,"uniqueZonesTaken":872,"region":{"name":"Stockholm","id":141}},"time":"2023-11-21T10:04:39+0000","message":"norpas: äsch det gick inte. Ha en bra dag😃","region":{"name":"Stockholm","id":141},"type":"chat"},{"medal":103,"time":"2023-11-21T09:58:34+0000","type":"medal","user":{"country":"se","medals":[80,11,94,32,103],"zones":[],"pointsPerHour":0,"points":8645,"blocktime":750,"taken":194,"name":"grodberg","totalPoints":17129,"rank":10,"id":413233,"place":5892,"uniqueZonesTaken":84,"region":{"name":"Uppsala","id":142}}}]