[{"medal":38,"time":"2023-11-20T09:22:31+0000","type":"medal","user":{"country":"se","medals":[79,46,95,28,22,55,122,126,15,5,70,131,107,66,38],"zones":[17569,22306,22307,97909,637518,586,9515,99850,203759],"pointsPerHour":0,"points":1401,"blocktime":1230,"taken":10000,"name":"Fingol","totalPoints":1828881,"rank":42,"id":100277,"place":5833,"uniqueZonesTaken":1625,"region":{"name":"Östergötland","id":139}}},{"country":"se","sender":{"country":"se","medals":[4,47,55,16,5,67,21,27,7,79,77,126,95,128,117,103,15,122,41,155,72],"zones":[24585,732,153596],"pointsPerHour":17,"points":55211,"blocktime":1350,"taken":27946,"name":"raz","totalPoints":5154266,"rank":50,"id":2949,"place":608,"uniqueZonesTaken":1175,"region":{"name":"Örebro","id":131}},"time":"2023-11-20T09:01:13+0000","message":"KingenMalmö: Coolio?","type":"chat"}]