[{"sender":{"country":"se","medals":[16,27,4,43,30,8,67,21,24,24,17,24,24,26,68,70,24,24,17,45,60,24,24,69,68,25,63,24,24,77,91,24,72,79,83,65,17,24,113,49,24,24,17,116,24,117,75,24,76,24,17,24,24,121,24,24,123,126,125,24,24,17,24,109,17,24,118,24,132,24,17,24,24,24,24,24,155],"zones":[489478,516949,21427,14628,1045,650559,141498,141499,117902],"pointsPerHour":51,"points":34999,"blocktime":1470,"taken":83607,"name":"HappyF","totalPoints":15951123,"rank":58,"id":23836,"place":1126,"uniqueZonesTaken":15008,"region":{"name":"Västra Götaland","id":132}},"time":"2023-11-20T16:29:13+0000","message":"Fafng: ibland ska man ha tur","region":{"name":"Västra Götaland","id":132},"type":"chat"},{"sender":{"country":"se","medals":[79,16,5,67,122,70,77,4,72,47,94,57,127,15,7,104,37,155],"zones":[24130,115172,211812,11448,565680,11449,325659],"pointsPerHour":12,"points":22819,"blocktime":1230,"taken":7823,"name":"Fafng","totalPoints":1878160,"rank":42,"id":311395,"place":1606,"uniqueZonesTaken":1761,"region":{"name":"Västra Götaland","id":132}},"time":"2023-11-20T16:26:12+0000","message":"HappyF: Funderade hastigt på att kasta mig på cykeln, men såg sen att du bytte riktning. Var lite för långt bort.","region":{"name":"Västra Götaland","id":132},"type":"chat"}]