[{"sender":{"country":"se","medals":[79,46,95,28,22,55,122,126,15,5,70,37,131,107,66],"zones":[31329,44642,61033,61034,33261,80718,349236,20338,7092,97972,44795,44797],"pointsPerHour":67,"points":7443,"blocktime":1230,"taken":9750,"name":"Fingol","totalPoints":1782161,"rank":42,"id":100277,"place":2511,"uniqueZonesTaken":1595,"region":{"name":"Uppsala","id":142}},"time":"2023-07-11T10:30:28+0000","message":"PJT: tack då kan jag traska en runda igen 😁","region":{"name":"Uppsala","id":142},"type":"chat"},{"sender":{"country":"se","medals":[46,16,53,28,7,15,79,96,109,40,129],"zones":[143044,142202,7627,228415,57102,142204],"pointsPerHour":10,"points":10852,"blocktime":1290,"taken":24390,"name":"scarymom","totalPoints":3228805,"rank":46,"id":212980,"place":2053,"uniqueZonesTaken":1633,"region":{"name":"Västmanland","id":143}},"time":"2023-07-11T10:27:09+0000","message":"trucken: ok","region":{"name":"Dalarna","id":129},"type":"chat"},{"medal":101,"time":"2023-07-11T10:26:03+0000","type":"medal","user":{"country":"se","medals":[28,46,12,79,55,94,34,101],"zones":[44706,3460,619,621],"pointsPerHour":0,"points":893,"blocktime":1065,"taken":2241,"name":"CySu","totalPoints":373736,"rank":31,"id":323779,"place":6192,"uniqueZonesTaken":244,"region":{"name":"Norrbotten","id":126}}}]