[{"sender":{"country":"se","medals":[79,22,5,67,24,99,46,90,77,33,105,70,80,13],"zones":[],"pointsPerHour":0,"points":7620,"blocktime":900,"taken":714,"name":"TurfiMom","totalPoints":103880,"rank":20,"id":386824,"place":2400,"uniqueZonesTaken":269,"region":{"name":"Stockholm","id":141}},"time":"2023-07-10T17:53:47+0000","message":"Jopt: Grattis, såg att du kom åt zonen ute i vildmarken. Var det svårt att ta sig dit?","region":{"name":"Stockholm","id":141},"type":"chat"},{"sender":{"country":"se","medals":[16,6,12,95,28,47,128,4,102,34,56],"zones":[62464,17985,14472,117064,170697,56779,46479,18191,46480,44694,203797,558687,204186,203545,182104,44762,60315,45149,45150,154274,143522,45153,230304,600303,11750,58285,63919,15792,24376,114620,93756],"pointsPerHour":102,"points":115224,"blocktime":1020,"taken":1407,"name":"Kerille","totalPoints":255684,"rank":28,"id":397110,"place":76,"uniqueZonesTaken":208,"region":{"name":"Gotland","id":138}},"time":"2023-07-10T17:51:03+0000","message":"ReginaPhalange: Härligt 😁👏🏻 🏊🏼\u200d♀️","region":{"name":"Gotland","id":138},"type":"chat"},{"medal":92,"time":"2023-07-10T17:50:55+0000","type":"medal","user":{"country":"se","medals":[85,80,92],"zones":[1889,1147,12459,2796,41564,2798],"pointsPerHour":0,"points":2162,"blocktime":675,"taken":15,"name":"Blobbmaster","totalPoints":2619,"rank":5,"id":388133,"place":6123,"uniqueZonesTaken":15,"region":{"name":"Kalmar","id":137}}},{"medal":84,"time":"2023-07-10T17:46:20+0000","type":"medal","user":{"country":"se","medals":[84],"zones":[11683,2567,25966,28894],"pointsPerHour":0,"points":431,"blocktime":645,"taken":5,"name":"Dwolf","totalPoints":940,"rank":3,"id":320647,"place":6123,"uniqueZonesTaken":5,"region":{"name":"Uppsala","id":142}}}]