[{"medal":94,"time":"2023-07-10T07:32:10+0000","type":"medal","user":{"country":"se","medals":[85,51,94],"zones":[45013],"pointsPerHour":0,"points":3631,"blocktime":690,"taken":21,"name":"NILS104","totalPoints":3631,"rank":6,"id":399224,"place":5999,"uniqueZonesTaken":13,"region":{"name":"Västmanland","id":143}}},{"sender":{"country":"se","medals":[16,5,22,46,10,53,67,14,30,35,91,93,79,100,127,4],"zones":[225443,45731,45924,14917,156872,558563,104205],"pointsPerHour":9,"points":2479,"blocktime":1200,"taken":4162,"name":"Eliotta","totalPoints":1299628,"rank":40,"id":24153,"place":3519,"uniqueZonesTaken":963,"region":{"name":"Blekinge","id":136}},"time":"2023-07-10T07:23:51+0000","message":"Tveskägg: hej","type":"chat"}]