[{"medal":51,"time":"2023-07-11T15:01:22+0000","type":"medal","user":{"country":"se","medals":[85,92,51],"zones":[9424,21169,31586,8756,1461,8757,8760,87275,31788,451595],"pointsPerHour":0,"points":1823,"blocktime":675,"taken":18,"name":"Leleturf","totalPoints":2836,"rank":5,"id":386817,"place":6242,"uniqueZonesTaken":17,"region":{"name":"Dalarna","id":129}}},{"medal":85,"time":"2023-07-11T14:59:36+0000","type":"medal","user":{"country":"se","medals":[80,85],"zones":[433,45665,468518,92851,92850,180634,14137,12446,12447],"pointsPerHour":0,"points":1047,"blocktime":645,"taken":10,"name":"Sanna91","totalPoints":1047,"rank":3,"id":399416,"place":6242,"uniqueZonesTaken":10,"region":{"name":"Västra Götaland","id":132}}},{"medal":127,"time":"2023-07-11T14:55:43+0000","type":"medal","user":{"country":"se","medals":[24,67,47,16,77,4,7,70,72,122,126,83,57,97,15,104,37,79,127],"zones":[49408,559311,429870,21162,24683,92013,42413,92273,29616,64530,979,218032,578686,518493,49407],"pointsPerHour":0,"points":26616,"blocktime":1215,"taken":8084,"name":"Termen","totalPoints":1722107,"rank":41,"id":52368,"place":6242,"uniqueZonesTaken":1496,"region":{"name":"Blekinge","id":136}}}]