[{"medal":84,"time":"2023-07-11T17:18:40+0000","type":"medal","user":{"country":"se","medals":[84],"zones":[565680],"pointsPerHour":0,"points":125,"blocktime":630,"taken":5,"name":"llaa","totalPoints":585,"rank":2,"id":368374,"place":6269,"uniqueZonesTaken":5,"region":{"name":"Västra Götaland","id":132}}},{"sender":{"country":"se","medals":[79,4,77,67,72,70,16,27,75,83,21,95,68,117,68,68,68,68,68,59,7,68,68,68,126,50,124,130,118,105],"zones":[42880,22018,114147,30883,48747,517387,547431,224019,60688,154066,64498,226581,47510,47511,178265,21659,105821,47484],"pointsPerHour":29,"points":62932,"blocktime":1470,"taken":84740,"name":"Grönjäveln","totalPoints":16868287,"rank":58,"id":117520,"place":346,"uniqueZonesTaken":3164,"region":{"name":"Södermanland","id":140}},"time":"2023-07-11T17:15:43+0000","message":"derdlim vad finns det där borta? Inga zoner iaf!","region":{"name":"Gotland","id":138},"type":"chat"}]