[{"medal":100,"time":"2023-07-11T17:24:27+0000","type":"medal","user":{"country":"se","medals":[80,93,85,100],"zones":[21896],"pointsPerHour":0,"points":3920,"blocktime":690,"taken":21,"name":"HilmaSvedal","totalPoints":3920,"rank":6,"id":399102,"place":6270,"uniqueZonesTaken":14,"region":{"name":"Stockholm","id":141}}},{"medal":84,"time":"2023-07-11T17:18:40+0000","type":"medal","user":{"country":"se","medals":[84],"zones":[565680],"pointsPerHour":0,"points":125,"blocktime":630,"taken":5,"name":"llaa","totalPoints":585,"rank":2,"id":368374,"place":6269,"uniqueZonesTaken":5,"region":{"name":"Västra Götaland","id":132}}}]