[{"medal":32,"time":"2022-06-28T15:12:35+0000","type":"medal","user":{"country":"se","medals":[92,90,52,32],"zones":[169763,37249,28769,7362,122467,1892,515618,23913,23914,103594,155027,90165,49211,37246,7359],"pointsPerHour":0,"points":18094,"blocktime":12,"taken":100,"name":"LizzeLiten","totalPoints":18094,"rank":11,"id":366939,"place":7099,"uniqueZonesTaken":36,"region":{"name":"Stockholm","id":141}}},{"medal":80,"time":"2022-06-28T15:11:24+0000","type":"medal","user":{"country":"dk","medals":[84,80],"zones":[5682,8485,95751,95753,95755],"pointsPerHour":0,"points":1500,"blocktime":11,"taken":6,"name":"Fodtusserne","totalPoints":1500,"rank":4,"id":367064,"place":7099,"uniqueZonesTaken":5,"region":{"name":"Sjælland","id":173}}},{"medal":51,"time":"2022-06-28T15:04:16+0000","type":"medal","user":{"country":"gb","medals":[85,51],"zones":[352821,352822,316599,319536,355667,316595,355666,486045,486044,476491],"pointsPerHour":0,"points":2525,"blocktime":11,"taken":15,"name":"RebelRebel","totalPoints":2525,"rank":5,"id":367147,"place":7099,"uniqueZonesTaken":11,"region":{"name":"Scotland","id":200}}}]