[{"medal":79,"time":"2022-06-27T15:18:18+0000","type":"medal","user":{"country":"se","medals":[51,92,28,32,79],"zones":[705,546,54772,14602,5579,31982,23662],"pointsPerHour":0,"points":13329,"blocktime":12,"taken":136,"name":"ahgb2","totalPoints":13329,"rank":9,"id":366664,"place":7178,"uniqueZonesTaken":39,"region":{"name":"Västmanland","id":143}}},{"medal":104,"time":"2022-06-27T15:17:26+0000","type":"medal","user":{"country":"se","medals":[46,53,95,22,17,7,4,13,128,67,34,78,10,104],"zones":[68449,228401,204503,59272,21037],"pointsPerHour":0,"points":49399,"blocktime":16,"taken":1088,"name":"lövträd","totalPoints":208369,"rank":26,"id":257879,"place":7178,"uniqueZonesTaken":277,"region":{"name":"Västerbotten","id":127}}},{"sender":{"country":"se","medals":[6,79,77,46,95,28,54,22,102,129,34,16,24,13,67],"zones":[37232,3335,189,9758],"pointsPerHour":26,"points":11924,"blocktime":17,"taken":2332,"name":"Sauron13","totalPoints":295233,"rank":29,"id":336222,"place":3056,"uniqueZonesTaken":266,"region":{"name":"Västerbotten","id":127}},"time":"2022-06-27T15:12:01+0000","message":"Hejsan","region":{"name":"Örebro","id":131},"type":"chat"}]