[{"sender":{"country":"wd","medals":[70,77,4,67,30,79,83,16,72,91,24,15,59,21,75,26,27,117,124,99,24,126,107,24,87,128],"zones":[],"pointsPerHour":0,"points":185,"blocktime":1365,"taken":38794,"name":"PelSjo","totalPoints":6480263,"rank":51,"id":183576,"place":3375,"uniqueZonesTaken":2105,"region":{"name":"Thailand","id":220}},"time":"2022-01-03T12:10:58+0000","message":"tänkt oss till både Hua Hin och enresa ti BBK","region":{"name":"Thailand","id":220},"type":"chat"},{"sender":{"country":"wd","medals":[70,77,4,67,30,79,83,16,72,91,24,15,59,21,75,26,27,117,124,99,24,126,107,24,87,128],"zones":[],"pointsPerHour":0,"points":185,"blocktime":1365,"taken":38794,"name":"PelSjo","totalPoints":6480263,"rank":51,"id":183576,"place":3374,"uniqueZonesTaken":2105,"region":{"name":"Thailand","id":220}},"time":"2022-01-03T12:10:01+0000","message":"ja, en unik i Jomtien idag","region":{"name":"Thailand","id":220},"type":"chat"},{"medal":12,"time":"2022-01-03T12:06:54+0000","type":"medal","user":{"country":"uk","medals":[93,100,79,53,32,12],"zones":[479687,479686,479507,479505,475967,17019,17020,18221,17022,17935,17023],"pointsPerHour":0,"points":2710,"blocktime":780,"taken":109,"name":"Beattie","totalPoints":24549,"rank":12,"id":352918,"place":3984,"uniqueZonesTaken":100,"region":{"name":"Yorkshire & The Humber","id":202}}},{"medal":85,"time":"2022-01-03T12:05:20+0000","type":"medal","user":{"country":"se","medals":[80,85],"zones":[7259,44718],"pointsPerHour":0,"points":1196,"blocktime":645,"taken":10,"name":"Anakin","totalPoints":1196,"rank":3,"id":353095,"place":3983,"uniqueZonesTaken":8,"region":{"name":"Västmanland","id":143}}}]