[{"medal":92,"time":"2022-01-03T10:03:02+0000","type":"medal","user":{"country":"uk","medals":[93,100,80,85,92],"zones":[64370,64371],"pointsPerHour":0,"points":340,"blocktime":675,"taken":16,"name":"Cartside","totalPoints":3092,"rank":5,"id":353222,"place":3853,"uniqueZonesTaken":15,"region":{"name":"Scotland","id":200}}},{"medal":86,"time":"2022-01-03T09:59:19+0000","type":"medal","user":{"country":"se","medals":[51,100,94,92,86],"zones":[224513,180567],"pointsPerHour":0,"points":535,"blocktime":705,"taken":50,"name":"im_sad_now","totalPoints":7226,"rank":7,"id":70428,"place":3850,"uniqueZonesTaken":23,"region":{"name":"Västerbotten","id":127}}}]