[{"medal":90,"time":"2022-01-04T09:10:47+0000","type":"medal","user":{"country":"uk","medals":[85,51,90],"zones":[382327,382337,388577,382336,388576,388578,388573,388572,388575,382329,388571],"pointsPerHour":0,"points":3268,"blocktime":675,"taken":14,"name":"PFOporky","totalPoints":3268,"rank":5,"id":351724,"place":3980,"uniqueZonesTaken":14,"region":{"name":"North West England","id":201}}},{"medal":38,"time":"2022-01-04T09:08:43+0000","type":"medal","user":{"country":"se","medals":[5,78,7,67,122,28,16,47,56,117,14,77,102,4,94,130,38],"zones":[11988,92311,278606],"pointsPerHour":0,"points":6013,"blocktime":1200,"taken":10000,"name":"Maltwo","totalPoints":1400347,"rank":40,"id":294502,"place":3980,"uniqueZonesTaken":790,"region":{"name":"Stockholm","id":141}}},{"medal":51,"time":"2022-01-04T09:07:24+0000","type":"medal","user":{"country":"uk","medals":[85,51],"zones":[382327,382337,388577,382336,388576,388578,388573,388572,388575,382329],"pointsPerHour":0,"points":3033,"blocktime":675,"taken":13,"name":"PFOporky","totalPoints":3033,"rank":5,"id":351724,"place":3979,"uniqueZonesTaken":13,"region":{"name":"North West England","id":201}}}]