[{"medal":128,"time":"2022-01-03T13:20:27+0000","type":"medal","user":{"country":"se","medals":[16,67,79,77,7,21,27,72,59,75,15,70,98,4,117,124,126,108,83,24,88,128],"zones":[178624,22853,34619,23951,356762],"pointsPerHour":0,"points":1799,"blocktime":1395,"taken":47024,"name":"senne","totalPoints":7753993,"rank":53,"id":13298,"place":4061,"uniqueZonesTaken":2358,"region":{"name":"Östergötland","id":139}}},{"medal":87,"time":"2022-01-03T13:20:03+0000","type":"medal","user":{"country":"se","medals":[70,5,67,21,28,91,26,79,47,77,30,56,16,94,50,126,102,130,87],"zones":[2246,8951,55624],"pointsPerHour":0,"points":672,"blocktime":1320,"taken":35000,"name":"OlMan82Yrs","totalPoints":4450823,"rank":48,"id":119315,"place":4059,"uniqueZonesTaken":2833,"region":{"name":"Västmanland","id":143}}},{"medal":71,"time":"2022-01-03T13:14:51+0000","type":"medal","user":{"country":"se","medals":[6,127,33,52,12,71],"zones":[75075,25923,18052,19591,154885,62350,24240,3414,3415,3416,3418,3419,153151],"pointsPerHour":0,"points":4820,"blocktime":960,"taken":739,"name":"bergfalk","totalPoints":158971,"rank":24,"id":327552,"place":4052,"uniqueZonesTaken":105,"region":{"name":"Halland","id":134}}}]