[{"medal":13,"time":"2021-10-26T01:05:22+0000","type":"medal","user":{"country":"us","medals":[93,78,54,103,48,5,33,28,13],"zones":[],"pointsPerHour":0,"points":650,"blocktime":16,"taken":766,"name":"WIOutlander","totalPoints":174765,"rank":24,"id":315595,"place":7874,"uniqueZonesTaken":250,"region":{"name":"Minnesota","id":405}}},{"sender":{"country":"us","medals":[80,84],"zones":[368805,473509,473507,473523,473537,473516],"pointsPerHour":8,"points":1093,"blocktime":10,"taken":6,"name":"mplsstp","totalPoints":1092,"rank":3,"id":351067,"place":5661,"uniqueZonesTaken":6,"region":{"name":"Minnesota","id":405}},"time":"2021-10-25T23:15:25+0000","message":"Mnmagik I have questions, can you help.?","region":{"name":"Minnesota","id":405},"type":"chat"}]