[{"medal":90,"time":"2022-02-28T14:22:42+0000","type":"medal","user":{"country":"se","medals":[92,52,31,90],"zones":[41570,178496,422533,41894,60717,154639,27725,1647,37711,42737,5432,422463,46617,154841,2811,20316,21053,32926,21055],"pointsPerHour":0,"points":7232,"blocktime":705,"taken":35,"name":"henkke","totalPoints":7232,"rank":7,"id":355860,"place":6443,"uniqueZonesTaken":34,"region":{"name":"Södermanland","id":140}}},{"medal":31,"time":"2022-02-28T14:21:36+0000","type":"medal","user":{"country":"fi","medals":[51,92,31],"zones":[178498,64819,404909,177769,177982,119469],"pointsPerHour":0,"points":4460,"blocktime":705,"taken":25,"name":"MeppaPeppa","totalPoints":5809,"rank":7,"id":354491,"place":6443,"uniqueZonesTaken":15,"region":{"name":"Åland","id":177}}},{"medal":84,"time":"2022-02-28T14:17:36+0000","type":"medal","user":{"country":"se","medals":[95,100,84],"zones":[6086],"pointsPerHour":0,"points":1300,"blocktime":660,"taken":8,"name":"Proffset","totalPoints":1300,"rank":4,"id":354700,"place":6443,"uniqueZonesTaken":6,"region":{"name":"Dalarna","id":129}}}]