[{"medal":103,"time":"2022-10-03T15:45:34+0000","type":"medal","user":{"country":"se","medals":[94,10,47,56,79,36,13,130,103],"zones":[193538,468527,323324,323325,96216,468525,95082,296106],"pointsPerHour":0,"points":2776,"blocktime":19,"taken":6295,"name":"Lottaflax","totalPoints":1192324,"rank":39,"id":314388,"place":4662,"uniqueZonesTaken":300,"region":{"name":"Västra Götaland","id":132}}},{"medal":7,"time":"2022-10-03T15:43:56+0000","type":"medal","user":{"country":"nl","medals":[46,4,55,10,35,101,13,127,94,7],"zones":[2479],"pointsPerHour":0,"points":235,"blocktime":19,"taken":4706,"name":"Carojen","totalPoints":1048518,"rank":38,"id":273001,"place":4661,"uniqueZonesTaken":337,"region":{"name":"Utrecht","id":95}}},{"medal":100,"time":"2022-10-03T15:42:18+0000","type":"medal","user":{"country":"fi","medals":[94,100],"zones":[512336],"pointsPerHour":0,"points":720,"blocktime":10,"taken":6,"name":"jagereallycool","totalPoints":720,"rank":3,"id":379795,"place":4659,"uniqueZonesTaken":6,"region":{"name":"Åland","id":177}}},{"medal":84,"time":"2022-10-03T15:42:18+0000","type":"medal","user":{"country":"fi","medals":[94,84],"zones":[343092,65967],"pointsPerHour":0,"points":625,"blocktime":10,"taken":5,"name":"art.me","totalPoints":625,"rank":2,"id":379804,"place":4659,"uniqueZonesTaken":5,"region":{"name":"Åland","id":177}}}]