[{"sender":{"country":"se","medals":[5,67,27,70,16,93,57,28,4,47,122,79,14,77,41,100,132],"zones":[37538,147172,7431,147173,25165,8397,114892,8398,25166,25167,114894,135789,752,159699,93200,185302,155446,78431],"pointsPerHour":74,"points":4979,"blocktime":22,"taken":27353,"name":"αNight\u20acndDayω","totalPoints":6082311,"rank":51,"id":254091,"place":658,"uniqueZonesTaken":571,"region":{"name":"Stockholm","id":141}},"time":"2022-10-03T07:16:26+0000","message":"Berörd: Concerned: Touched: and Touches: come on why not every Turf player the fastest bike in the whole wide world? And the time too.","type":"chat"},{"sender":{"country":"se","medals":[5,67,27,70,16,93,57,28,4,47,122,79,14,77,41,100,132],"zones":[37538,147172,7431,147173,25165,8397,114892,8398,25166,25167,114894,135789,752,159699,93200,185302,155446,78431],"pointsPerHour":74,"points":4975,"blocktime":22,"taken":27353,"name":"αNight\u20acndDayω","totalPoints":6082308,"rank":51,"id":254091,"place":657,"uniqueZonesTaken":571,"region":{"name":"Stockholm","id":141}},"time":"2022-10-03T07:13:30+0000","message":"0beroff: Who's paying you?","type":"chat"},{"country":"se","sender":{"country":"se","medals":[5,67,27,70,16,93,57,28,4,47,122,79,14,77,41,100,132],"zones":[37538,147172,7431,147173,25165,8397,114892,8398,25166,25167,114894,135789,752,159699,93200,185302,155446,78431],"pointsPerHour":74,"points":4974,"blocktime":22,"taken":27353,"name":"αNight\u20acndDayω","totalPoints":6082307,"rank":51,"id":254091,"place":657,"uniqueZonesTaken":571,"region":{"name":"Stockholm","id":141}},"time":"2022-10-03T07:12:39+0000","message":"0beroff: Who's paying you?","type":"chat"},{"sender":{"country":"se","medals":[5,67,27,70,16,93,57,28,4,47,122,79,14,77,41,100,132],"zones":[37538,147172,7431,147173,25165,8397,114892,8398,25166,25167,114894,135789,752,159699,93200,185302,155446,78431],"pointsPerHour":74,"points":4973,"blocktime":22,"taken":27353,"name":"αNight\u20acndDayω","totalPoints":6082305,"rank":51,"id":254091,"place":657,"uniqueZonesTaken":571,"region":{"name":"Stockholm","id":141}},"time":"2022-10-03T07:11:04+0000","message":"Gallant: Who's paying you?","type":"chat"}]