[{"medal":93,"time":"2022-10-17T12:54:32+0000","type":"medal","user":{"country":"se","medals":[85,80,93],"zones":[80063],"pointsPerHour":0,"points":4406,"blocktime":690,"taken":19,"name":"Tessla11","totalPoints":4406,"rank":6,"id":381341,"place":7237,"uniqueZonesTaken":8,"region":{"name":"Stockholm","id":141}}},{"medal":84,"time":"2022-10-17T12:53:51+0000","type":"medal","user":{"country":"se","medals":[84],"zones":[1605,1606,20734],"pointsPerHour":0,"points":792,"blocktime":645,"taken":5,"name":"dogo360","totalPoints":792,"rank":3,"id":382188,"place":7237,"uniqueZonesTaken":5,"region":{"name":"Västernorrland","id":145}}},{"medal":51,"time":"2022-10-17T12:47:39+0000","type":"medal","user":{"country":"fi","medals":[51,85,90],"zones":[15584,182610,139474,217666,353124,46837,12105,33837,12479,38335],"pointsPerHour":0,"points":786,"blocktime":645,"taken":10,"name":"Palestine","totalPoints":786,"rank":3,"id":382182,"place":7235,"uniqueZonesTaken":10,"region":{"name":"Åland","id":177}}},{"medal":85,"time":"2022-10-17T12:47:39+0000","type":"medal","user":{"country":"fi","medals":[51,85,90],"zones":[15584,182610,139474,217666,353124,46837,12105,33837,12479,38335],"pointsPerHour":0,"points":786,"blocktime":645,"taken":10,"name":"Palestine","totalPoints":786,"rank":3,"id":382182,"place":7235,"uniqueZonesTaken":10,"region":{"name":"Åland","id":177}}},{"medal":90,"time":"2022-10-17T12:47:39+0000","type":"medal","user":{"country":"fi","medals":[51,85,90],"zones":[15584,182610,139474,217666,353124,46837,12105,33837,12479,38335],"pointsPerHour":0,"points":786,"blocktime":645,"taken":10,"name":"Palestine","totalPoints":786,"rank":3,"id":382182,"place":7235,"uniqueZonesTaken":10,"region":{"name":"Åland","id":177}}}]