[{"sender":{"country":"uk","medals":[46,10,79,55,16,34,13,27],"zones":[15009,318158,318159,318152,138380,427350,318164,318165,318166,427349,318160,318163,15004,17342],"pointsPerHour":31,"points":19029,"blocktime":1080,"taken":2137,"name":"Hib71","totalPoints":435105,"rank":32,"id":303782,"place":1977,"uniqueZonesTaken":286,"region":{"name":"Scotland","id":200}},"time":"2022-10-17T21:02:18+0000","message":"Anyone else have a problem whereby first zone doesn\u2019t register? I seem to need to restart the app to get it","region":{"name":"Scotland","id":200},"type":"chat"}]