[{"medal":130,"time":"2022-11-08T13:44:35+0000","type":"medal","user":{"country":"se","medals":[24,16,9,79,77,17,4,56,7,48,24,5,67,36,17,116,104,126,14,70,72,117,130],"zones":[114563,11588,28965,358157,130349,1264,23249,179315,428946,139575,11159,321501,517053,22874],"pointsPerHour":0,"points":9806,"blocktime":20,"taken":7266,"name":"-SprintMazter-","totalPoints":1466764,"rank":40,"id":105196,"place":4139,"uniqueZonesTaken":628,"region":{"name":"Västra Götaland","id":132}}},{"medal":51,"time":"2022-11-08T13:43:53+0000","type":"medal","user":{"country":"se","medals":[31,51],"zones":[27618,1396,96852,189271,204100,224395,489454,151336,48826,115821],"pointsPerHour":0,"points":3046,"blocktime":11,"taken":29,"name":"yougogirl","totalPoints":7239,"rank":7,"id":382468,"place":4138,"uniqueZonesTaken":12,"region":{"name":"Västra Götaland","id":132}}},{"medal":85,"time":"2022-11-08T13:42:16+0000","type":"medal","user":{"country":"fi","medals":[80,85],"zones":[486483,48442,44332],"pointsPerHour":0,"points":727,"blocktime":11,"taken":10,"name":"Perttiq","totalPoints":4091,"rank":6,"id":382132,"place":4137,"uniqueZonesTaken":10,"region":{"name":"Etelä-Suomi","id":185}}},{"medal":80,"time":"2022-11-08T13:32:17+0000","type":"medal","user":{"country":"se","medals":[93,85,100,80],"zones":[92304,12068,94807,92296,115084],"pointsPerHour":0,"points":652,"blocktime":11,"taken":13,"name":"JH2","totalPoints":1865,"rank":4,"id":358146,"place":4131,"uniqueZonesTaken":13,"region":{"name":"Stockholm","id":141}}}]