[{"medal":85,"time":"2022-11-07T22:35:42+0000","type":"medal","user":{"country":"se","medals":[80,85],"zones":[179186,31825,31827,84564,1783,24200,17544,56138],"pointsPerHour":0,"points":1300,"blocktime":11,"taken":10,"name":"Explorer84","totalPoints":1300,"rank":4,"id":383335,"place":3898,"uniqueZonesTaken":10,"region":{"name":"Västmanland","id":143}}},{"sender":{"country":"se","medals":[78,70,6,14,94,24,90,46,117,55,5,102,67,77,132,39],"zones":[1282,7074,138471,17030,7047,7083,316552,96300,36429,24048,36433,114482,7061,91988,7160,1213,36446,25342,532535,94206],"pointsPerHour":117,"points":6741,"blocktime":21,"taken":15577,"name":"Svensings","totalPoints":3101547,"rank":46,"id":288002,"place":779,"uniqueZonesTaken":954,"region":{"name":"Stockholm","id":141}},"time":"2022-11-07T22:22:48+0000","message":"JimmyAIK94: 😎sista två😅","region":{"name":"Stockholm","id":141},"type":"chat"}]