[{"sender":{"country":"se","medals":[70,28,5,21,16,77,67,48,79,57,6,99,24,38,105,128,117,15,123],"zones":[97836,1231],"pointsPerHour":16,"points":1455,"blocktime":20,"taken":12000,"name":"FredFlinta","totalPoints":1932813,"rank":42,"id":234160,"place":2310,"uniqueZonesTaken":1152,"region":{"name":"Stockholm","id":141}},"time":"2022-11-08T06:43:22+0000","message":"SippanGlad: ingen fara, kul att träffa nya turfare! Hälsa Tessla så mycket!","region":{"name":"Stockholm","id":141},"type":"chat"},{"sender":{"country":"se","medals":[10,13,131,35,94,105,7,46,53],"zones":[15345,22705,27810,22230,27847,119631,64015],"pointsPerHour":32,"points":2970,"blocktime":18,"taken":4023,"name":"SippanGlad","totalPoints":690912,"rank":35,"id":348531,"place":1600,"uniqueZonesTaken":482,"region":{"name":"Stockholm","id":141}},"time":"2022-11-08T06:42:39+0000","message":"FredFlinta: stort tack, gpsen strulade för mig. Trevligt att råkas och ha en fin dag!","region":{"name":"Stockholm","id":141},"type":"chat"},{"sender":{"country":"se","medals":[10,13,131,35,94,105,7,46,53],"zones":[15345,22705,27810,22230,27847,119631,64015],"pointsPerHour":32,"points":2969,"blocktime":18,"taken":4023,"name":"SippanGlad","totalPoints":690911,"rank":35,"id":348531,"place":1598,"uniqueZonesTaken":482,"region":{"name":"Stockholm","id":141}},"time":"2022-11-08T06:41:24+0000","message":"Stort tack @FredFlinta! Gpsen strulade för mig. Ha en bra dag!","region":{"name":"Stockholm","id":141},"type":"chat"},{"sender":{"country":"se","medals":[70,28,5,21,16,77,67,48,79,57,6,99,24,38,105,128,117,15,123],"zones":[97836,1231],"pointsPerHour":16,"points":1323,"blocktime":20,"taken":11998,"name":"FredFlinta","totalPoints":1932681,"rank":42,"id":234160,"place":2396,"uniqueZonesTaken":1152,"region":{"name":"Stockholm","id":141}},"time":"2022-11-08T06:34:58+0000","message":"Sippanglad: jag väntar in dig så klart!","region":{"name":"Stockholm","id":141},"type":"chat"}]