[{"medal":35,"time":"2022-11-08T05:26:57+0000","type":"medal","user":{"country":"se","medals":[127,13,57,10,46,7,35],"zones":[152866,96224,524228,152865,133,62022,155876,152868,3206,3207,224042,224041,60715,42381,42382,42383,138893,64120,315550,24221,431960,24222,24223],"pointsPerHour":0,"points":5524,"blocktime":18,"taken":2500,"name":"Fenni","totalPoints":745573,"rank":35,"id":351920,"place":3907,"uniqueZonesTaken":450,"region":{"name":"Västmanland","id":143}}},{"sender":{"country":"se","medals":[16,5,9,24,67,22,59,24,4,24,24,66,17,24,64,79,77,72,17,75,24,24,50,17,116,126,127,122,87,106],"zones":[44084,26054,61964],"pointsPerHour":5,"points":764,"blocktime":23,"taken":36847,"name":"Provokatör","totalPoints":7990772,"rank":53,"id":36819,"place":2796,"uniqueZonesTaken":3906,"region":{"name":"Jönköping","id":133}},"time":"2022-11-08T05:21:03+0000","message":"geoturfwera: oj, vilken resa! Har också röstat 🤠","region":{"name":"Jönköping","id":133},"type":"chat"}]