[{"medal":84,"time":"2022-10-10T14:11:56+0000","type":"medal","user":{"country":"se","medals":[84],"zones":[1441,113987,173448],"pointsPerHour":0,"points":931,"blocktime":645,"taken":5,"name":"DanielRoos","totalPoints":931,"rank":3,"id":379125,"place":6613,"uniqueZonesTaken":4,"region":{"name":"Skåne","id":135}}},{"medal":80,"time":"2022-10-10T14:10:08+0000","type":"medal","user":{"country":"se","medals":[85,80],"zones":[43874,45012,42376,42377,50239],"pointsPerHour":0,"points":2251,"blocktime":675,"taken":16,"name":"Plytan","totalPoints":2748,"rank":5,"id":375538,"place":6613,"uniqueZonesTaken":6,"region":{"name":"Västmanland","id":143}}},{"medal":32,"time":"2022-10-10T14:09:02+0000","type":"medal","user":{"country":"se","medals":[90,52,11,32],"zones":[529,9137,349233,501,2566,9191,136190,47005,200397,200396],"pointsPerHour":0,"points":15573,"blocktime":750,"taken":100,"name":"Akogo","totalPoints":15573,"rank":10,"id":380507,"place":6612,"uniqueZonesTaken":71,"region":{"name":"Uppsala","id":142}}},{"medal":54,"time":"2022-10-10T14:07:46+0000","type":"medal","user":{"country":"uk","medals":[86,11,54],"zones":[517957,17092,17093,487104,17097,17099,486933,486930,486929,17048,474460,13217,486948,13219,13220,13221,13222,474478,474477,17069,17070,17071,17072,507639,17073,507638,487093,507637,507636,16822,517950,507646,507645,507644,507643,14333,507642,507641,531127,507640],"pointsPerHour":0,"points":17516,"blocktime":765,"taken":69,"name":"Arundelmob","totalPoints":21721,"rank":11,"id":377295,"place":6612,"uniqueZonesTaken":52,"region":{"name":"South East England","id":205}}},{"medal":84,"time":"2022-10-10T14:03:08+0000","type":"medal","user":{"country":"se","medals":[84],"zones":[799],"pointsPerHour":0,"points":777,"blocktime":645,"taken":5,"name":"bleukartoffel","totalPoints":777,"rank":3,"id":380262,"place":6611,"uniqueZonesTaken":4,"region":{"name":"Västernorrland","id":145}}}]