[{"medal":85,"time":"2022-10-11T13:13:26+0000","type":"medal","user":{"country":"se","medals":[80,85],"zones":[63008,176,111825,322,138,236,237],"pointsPerHour":0,"points":890,"blocktime":645,"taken":10,"name":"Ed_Kranier","totalPoints":890,"rank":3,"id":381373,"place":6732,"uniqueZonesTaken":10,"region":{"name":"Stockholm","id":141}}},{"sender":{"country":"se","medals":[67,16,9,47,112,66,22,77,4,56,17,102,83,15,70,79,72,122,126,128,89],"zones":[142918,549548,31433,428299,7982,428297,485589,202384,102066,33524,27797,81591,81592,426489],"pointsPerHour":34,"points":29990,"blocktime":1410,"taken":56776,"name":"Popet","totalPoints":8537711,"rank":54,"id":119449,"place":834,"uniqueZonesTaken":1512,"region":{"name":"Västmanland","id":143}},"time":"2022-10-11T13:12:09+0000","message":"Canman:väntar du?","region":{"name":"Västmanland","id":143},"type":"chat"},{"medal":132,"time":"2022-10-11T13:00:57+0000","type":"medal","user":{"country":"se","medals":[6,55,46,16,77,67,117,126,108,95,78,28,14,38,132],"zones":[41841,21585,484309,111367,92233,14616,41785,92235],"pointsPerHour":0,"points":30683,"blocktime":1275,"taken":14559,"name":"LillaHunden","totalPoints":2978728,"rank":45,"id":8662,"place":6731,"uniqueZonesTaken":613,"region":{"name":"Stockholm","id":141}}}]