[{"medal":92,"time":"2022-10-11T07:51:07+0000","type":"medal","user":{"country":"se","medals":[80,93,31,92],"zones":[21762,45010,45012,42374,92281,56136,275980,50239,44463],"pointsPerHour":0,"points":4073,"blocktime":690,"taken":27,"name":"Plytan","totalPoints":4570,"rank":6,"id":375538,"place":6683,"uniqueZonesTaken":15,"region":{"name":"Västmanland","id":143}}},{"medal":51,"time":"2022-10-11T07:49:29+0000","type":"medal","user":{"country":"se","medals":[85,92,51],"zones":[143520,788,9333,64520,64522,143519,210830,7325,61182,52495],"pointsPerHour":0,"points":5215,"blocktime":690,"taken":24,"name":"SetMovements","totalPoints":5403,"rank":6,"id":379185,"place":6682,"uniqueZonesTaken":16,"region":{"name":"Jönköping","id":133}}},{"medal":84,"time":"2022-10-11T07:48:43+0000","type":"medal","user":{"country":"se","medals":[93,84],"zones":[7827,141557,30895],"pointsPerHour":0,"points":822,"blocktime":645,"taken":5,"name":"MrUnafraid","totalPoints":822,"rank":3,"id":381340,"place":6682,"uniqueZonesTaken":5,"region":{"name":"Stockholm","id":141}}},{"medal":34,"time":"2022-10-11T07:45:52+0000","type":"medal","user":{"country":"se","medals":[95,100,127,55,78,90,13,47,34],"zones":[258,1478,21896,153930,25807,115858,113106,25812,25814,25815,11226,11227,11228,208735,11229,106719,11230,11231,11232,6241,11234,475236,11235,91050,18923,18925,18927,24244,43895,43896,43897,43898,488957,6847],"pointsPerHour":0,"points":52411,"blocktime":960,"taken":1000,"name":"Hinneryd","totalPoints":180231,"rank":24,"id":370446,"place":6682,"uniqueZonesTaken":260,"region":{"name":"Stockholm","id":141}}}]