[{"sender":{"country":"se","medals":[5,16,24,67,24,27,70,7,43,28,47,24,17,15,78,116,17,117,122,59,68,126,4,127,73,102],"zones":[34177,76672,14981,14982,44614,14983,179653,44615,24715,286162,286163,43360,429414,223842,316583,355177,62318,11954,45109,45110,137530,93375,44158,34175],"pointsPerHour":41,"points":37240,"blocktime":23,"taken":34387,"name":"geoturfwera","totalPoints":9029785,"rank":54,"id":32963,"place":596,"uniqueZonesTaken":1729,"region":{"name":"Jönköping","id":133}},"time":"2022-11-15T11:59:53+0000","message":"Nikki68: Här är även länken: https://mittviktvaktarna.se/","region":{"name":"Jönköping","id":133},"type":"chat"},{"medal":80,"time":"2022-11-15T11:55:11+0000","type":"medal","user":{"country":"se","medals":[93,84,80],"zones":[96676,41685,41686,139262,481867],"pointsPerHour":0,"points":751,"blocktime":10,"taken":6,"name":"hampus.7e","totalPoints":751,"rank":3,"id":383468,"place":5558,"uniqueZonesTaken":5,"region":{"name":"Stockholm","id":141}}},{"medal":84,"time":"2022-11-15T11:52:53+0000","type":"medal","user":{"country":"se","medals":[93,84],"zones":[96676,41685,41686,139262],"pointsPerHour":0,"points":655,"blocktime":10,"taken":5,"name":"hampus.7e","totalPoints":655,"rank":2,"id":383468,"place":5558,"uniqueZonesTaken":4,"region":{"name":"Stockholm","id":141}}}]