[{"medal":85,"time":"2022-11-15T18:25:20+0000","type":"medal","user":{"country":"se","medals":[80,85],"zones":[96773,152102,319843,37834,37773,37774,198860],"pointsPerHour":0,"points":1605,"blocktime":11,"taken":10,"name":"Cecilia7f","totalPoints":1605,"rank":4,"id":383492,"place":5613,"uniqueZonesTaken":10,"region":{"name":"Stockholm","id":141}}},{"medal":84,"time":"2022-11-15T18:21:58+0000","type":"medal","user":{"country":"se","medals":[84],"zones":[24076],"pointsPerHour":0,"points":707,"blocktime":10,"taken":5,"name":"Jaxxa18","totalPoints":938,"rank":3,"id":383261,"place":5613,"uniqueZonesTaken":5,"region":{"name":"Stockholm","id":141}}},{"medal":100,"time":"2022-11-15T18:21:00+0000","type":"medal","user":{"country":"se","medals":[93,80,85,92,100],"zones":[164496,8949,162969,164495,12013],"pointsPerHour":0,"points":3140,"blocktime":11,"taken":22,"name":"angeelicast","totalPoints":3140,"rank":5,"id":383649,"place":5613,"uniqueZonesTaken":21,"region":{"name":"Västmanland","id":143}}},{"sender":{"country":"se","medals":[77,47,72,83,67,16,79,7,126,130,38,24,99,24,4,122,58,107,15],"zones":[47168,614,278572,278573,7915,354824,3150,21362,23605,472734,47161,47163,47166],"pointsPerHour":49,"points":29404,"blocktime":20,"taken":13173,"name":"Brummsan","totalPoints":2284996,"rank":43,"id":236333,"place":862,"uniqueZonesTaken":1071,"region":{"name":"Norrbotten","id":126}},"time":"2022-11-15T18:05:39+0000","message":"@clipperton tänkte du ta hela gülzau ?","region":{"name":"Norrbotten","id":126},"type":"chat"}]