[{"zone":{"dateCreated":"2021-06-14T20:00:00+0000","dateLastTaken":"0002-12-02T00:00:00+0000","latitude":59.121612,"name":"Klunkspaning","id":427935,"totalTakeovers":0,"region":{"country":"se","name":"Örebro","id":131},"pointsPerHour":3,"longitude":15.115197,"takeoverPoints":155},"time":"2021-06-14T20:00:00+0000","type":"zone"},{"zone":{"dateCreated":"2021-06-14T20:00:00+0000","dateLastTaken":"0002-12-02T00:00:00+0000","latitude":57.778211,"name":"Nyhamn","id":427936,"totalTakeovers":0,"region":{"country":"se","name":"Gotland","id":138},"pointsPerHour":1,"longitude":18.42422,"takeoverPoints":185},"time":"2021-06-14T20:00:00+0000","type":"zone"},{"zone":{"dateCreated":"2021-06-14T17:53:45+0000","dateLastTaken":"0002-12-02T00:00:00+0000","latitude":57.482231,"name":"BrevTillIdun","id":412465,"totalTakeovers":0,"region":{"country":"se","name":"Halland","id":134},"pointsPerHour":2,"longitude":12.061429,"takeoverPoints":170},"time":"2021-06-14T17:53:45+0000","type":"zone"},{"zone":{"dateCreated":"2021-06-14T17:37:19+0000","dateLastTaken":"0002-12-02T00:00:00+0000","latitude":64.981737,"name":"Svansele","id":427934,"totalTakeovers":0,"region":{"country":"se","name":"Västerbotten","id":127},"pointsPerHour":1,"longitude":19.847951,"takeoverPoints":185},"time":"2021-06-14T17:37:19+0000","type":"zone"},{"zone":{"dateCreated":"2021-06-14T11:30:00+0000","dateLastTaken":"0002-12-02T00:00:00+0000","latitude":57.164518,"name":"TurfMud","id":427395,"totalTakeovers":0,"region":{"country":"gb","name":"Scotland","id":200},"pointsPerHour":1,"longitude":-2.282712,"takeoverPoints":185},"time":"2021-06-14T11:30:00+0000","type":"zone"},{"zone":{"dateCreated":"2021-06-14T10:47:54+0000","dateLastTaken":"0002-12-02T00:00:00+0000","latitude":59.855678,"name":"Oxögat","id":427933,"totalTakeovers":0,"region":{"country":"se","name":"Västmanland","id":143},"pointsPerHour":1,"longitude":15.718413,"takeoverPoints":185},"time":"2021-06-14T10:47:54+0000","type":"zone"},{"zone":{"dateCreated":"2021-06-14T10:46:32+0000","dateLastTaken":"0002-12-02T00:00:00+0000","latitude":59.826884,"name":"Borntorpet","id":427932,"totalTakeovers":0,"region":{"country":"se","name":"Västmanland","id":143},"pointsPerHour":1,"longitude":15.719014,"takeoverPoints":185},"time":"2021-06-14T10:46:32+0000","type":"zone"},{"zone":{"dateCreated":"2021-06-14T10:45:00+0000","dateLastTaken":"0002-12-02T00:00:00+0000","latitude":59.883204,"name":"Kolpen","id":427931,"totalTakeovers":0,"region":{"country":"se","name":"Västmanland","id":143},"pointsPerHour":1,"longitude":15.701923,"takeoverPoints":185},"time":"2021-06-14T10:45:00+0000","type":"zone"},{"zone":{"dateCreated":"2021-06-14T10:43:05+0000","dateLastTaken":"0002-12-02T00:00:00+0000","latitude":56.713104,"name":"TeeForTurf","id":408069,"totalTakeovers":0,"region":{"country":"se","name":"Kalmar","id":137},"pointsPerHour":3,"longitude":16.34969,"takeoverPoints":155},"time":"2021-06-14T10:43:05+0000","type":"zone"},{"zone":{"dateCreated":"2021-06-14T10:37:13+0000","dateLastTaken":"0002-12-02T00:00:00+0000","latitude":59.924768,"name":"Huddungängen","id":427930,"totalTakeovers":0,"region":{"country":"se","name":"Västmanland","id":143},"pointsPerHour":1,"longitude":16.549542,"takeoverPoints":185},"time":"2021-06-14T10:37:13+0000","type":"zone"},{"zone":{"dateCreated":"2021-06-14T10:36:37+0000","dateLastTaken":"0002-12-02T00:00:00+0000","latitude":59.929293,"name":"EkebyMosse","id":427929,"totalTakeovers":0,"region":{"country":"se","name":"Västmanland","id":143},"pointsPerHour":1,"longitude":16.546429,"takeoverPoints":185},"time":"2021-06-14T10:36:37+0000","type":"zone"},{"zone":{"dateCreated":"2021-06-14T10:35:35+0000","dateLastTaken":"0002-12-02T00:00:00+0000","latitude":59.942205,"name":"Färnboskogen","id":427928,"totalTakeovers":0,"region":{"country":"se","name":"Västmanland","id":143},"pointsPerHour":1,"longitude":16.275677,"takeoverPoints":185},"time":"2021-06-14T10:35:35+0000","type":"zone"},{"zone":{"dateCreated":"2021-06-14T10:10:10+0000","dateLastTaken":"0002-12-02T00:00:00+0000","latitude":59.21071,"name":"PrästensBod","id":410517,"totalTakeovers":0,"region":{"country":"se","name":"Stockholm","id":141},"pointsPerHour":1,"longitude":17.766262,"takeoverPoints":185},"time":"2021-06-14T10:10:10+0000","type":"zone"},{"zone":{"dateCreated":"2021-06-14T10:00:00+0000","dateLastTaken":"0002-12-02T00:00:00+0000","latitude":62.496603,"name":"FagraKurvan","id":427927,"totalTakeovers":0,"region":{"country":"se","name":"Västernorrland","id":145},"pointsPerHour":1,"longitude":17.340665,"takeoverPoints":185},"time":"2021-06-14T10:00:00+0000","type":"zone"},{"zone":{"dateCreated":"2021-06-14T09:00:00+0000","dateLastTaken":"0002-12-02T00:00:00+0000","latitude":50.978414,"name":"Finkenplatz","id":427910,"totalTakeovers":0,"region":{"country":"de","name":"Nordrhein-Westfalen","id":445},"pointsPerHour":1,"longitude":6.960687,"takeoverPoints":185},"time":"2021-06-14T09:00:00+0000","type":"zone"},{"zone":{"dateCreated":"2021-06-14T09:00:00+0000","dateLastTaken":"0002-12-02T00:00:00+0000","latitude":50.994967,"name":"NiehlerEi","id":427911,"totalTakeovers":0,"region":{"country":"de","name":"Nordrhein-Westfalen","id":445},"pointsPerHour":1,"longitude":6.946054,"takeoverPoints":185},"time":"2021-06-14T09:00:00+0000","type":"zone"},{"zone":{"dateCreated":"2021-06-14T09:00:00+0000","dateLastTaken":"0002-12-02T00:00:00+0000","latitude":50.984017,"name":"Rheinbaum","id":427913,"totalTakeovers":0,"region":{"country":"de","name":"Nordrhein-Westfalen","id":445},"pointsPerHour":1,"longitude":6.987348,"takeoverPoints":185},"time":"2021-06-14T09:00:00+0000","type":"zone"},{"zone":{"dateCreated":"2021-06-14T09:00:00+0000","dateLastTaken":"0002-12-02T00:00:00+0000","latitude":50.996623,"name":"Dammweg","id":427912,"totalTakeovers":0,"region":{"country":"de","name":"Nordrhein-Westfalen","id":445},"pointsPerHour":1,"longitude":6.971917,"takeoverPoints":185},"time":"2021-06-14T09:00:00+0000","type":"zone"},{"zone":{"dateCreated":"2021-06-14T09:00:00+0000","dateLastTaken":"0002-12-02T00:00:00+0000","latitude":50.979748,"name":"Stammheimer","id":427914,"totalTakeovers":0,"region":{"country":"de","name":"Nordrhein-Westfalen","id":445},"pointsPerHour":1,"longitude":6.997152,"takeoverPoints":185},"time":"2021-06-14T09:00:00+0000","type":"zone"},{"zone":{"dateCreated":"2021-06-14T08:44:57+0000","dateLastTaken":"0002-12-02T00:00:00+0000","latitude":50.957838,"name":"RhenZone","id":427916,"totalTakeovers":0,"region":{"country":"de","name":"Nordrhein-Westfalen","id":445},"pointsPerHour":1,"longitude":6.977708,"takeoverPoints":185},"time":"2021-06-14T08:44:57+0000","type":"zone"},{"zone":{"dateCreated":"2021-06-14T08:41:59+0000","dateLastTaken":"0002-12-02T00:00:00+0000","latitude":50.959724,"name":"Niederländer","id":427915,"totalTakeovers":0,"region":{"country":"de","name":"Nordrhein-Westfalen","id":445},"pointsPerHour":1,"longitude":6.981691,"takeoverPoints":185},"time":"2021-06-14T08:41:59+0000","type":"zone"},{"zone":{"dateCreated":"2021-06-13T22:47:12+0000","dateLastTaken":"0002-12-02T00:00:00+0000","latitude":56.013411,"name":"SpikeIsland","id":427902,"totalTakeovers":0,"region":{"country":"gb","name":"Scotland","id":200},"pointsPerHour":1,"longitude":-2.577437,"takeoverPoints":185},"time":"2021-06-13T22:47:12+0000","type":"zone"},{"zone":{"dateCreated":"2021-06-13T22:46:32+0000","dateLastTaken":"0002-12-02T00:00:00+0000","latitude":56.007167,"name":"TyneSpit","id":427901,"totalTakeovers":0,"region":{"country":"gb","name":"Scotland","id":200},"pointsPerHour":1,"longitude":-2.583686,"takeoverPoints":185},"time":"2021-06-13T22:46:32+0000","type":"zone"},{"zone":{"dateCreated":"2021-06-13T22:45:31+0000","dateLastTaken":"0002-12-02T00:00:00+0000","latitude":56.053626,"name":"OxroadBay","id":427900,"totalTakeovers":0,"region":{"country":"gb","name":"Scotland","id":200},"pointsPerHour":1,"longitude":-2.648247,"takeoverPoints":185},"time":"2021-06-13T22:45:31+0000","type":"zone"},{"zone":{"dateCreated":"2021-06-13T22:44:39+0000","dateLastTaken":"0002-12-02T00:00:00+0000","latitude":56.051738,"name":"SeacliffSteps","id":427899,"totalTakeovers":0,"region":{"country":"gb","name":"Scotland","id":200},"pointsPerHour":1,"longitude":-2.635893,"takeoverPoints":185},"time":"2021-06-13T22:44:39+0000","type":"zone"},{"zone":{"dateCreated":"2021-06-13T22:43:28+0000","dateLastTaken":"0002-12-02T00:00:00+0000","latitude":56.058796,"name":"DrinkAnyone","id":427898,"totalTakeovers":0,"region":{"country":"gb","name":"Scotland","id":200},"pointsPerHour":1,"longitude":-2.661034,"takeoverPoints":185},"time":"2021-06-13T22:43:28+0000","type":"zone"},{"zone":{"dateCreated":"2021-06-13T22:42:00+0000","dateLastTaken":"0002-12-02T00:00:00+0000","latitude":56.059071,"name":"HorseshoeSand","id":427897,"totalTakeovers":0,"region":{"country":"gb","name":"Scotland","id":200},"pointsPerHour":1,"longitude":-2.675093,"takeoverPoints":185},"time":"2021-06-13T22:42:00+0000","type":"zone"},{"zone":{"dateCreated":"2021-06-13T22:40:36+0000","dateLastTaken":"0002-12-02T00:00:00+0000","latitude":56.058434,"name":"CantyBay","id":427896,"totalTakeovers":0,"region":{"country":"gb","name":"Scotland","id":200},"pointsPerHour":1,"longitude":-2.666956,"takeoverPoints":185},"time":"2021-06-13T22:40:36+0000","type":"zone"},{"zone":{"dateCreated":"2021-06-13T22:39:01+0000","dateLastTaken":"0002-12-02T00:00:00+0000","latitude":56.061061,"name":"TheYellowMan","id":427895,"totalTakeovers":0,"region":{"country":"gb","name":"Scotland","id":200},"pointsPerHour":1,"longitude":-2.684037,"takeoverPoints":185},"time":"2021-06-13T22:39:01+0000","type":"zone"},{"zone":{"dateCreated":"2021-06-13T22:37:50+0000","dateLastTaken":"0002-12-02T00:00:00+0000","latitude":56.060976,"name":"DaisyBeach","id":427894,"totalTakeovers":0,"region":{"country":"gb","name":"Scotland","id":200},"pointsPerHour":2,"longitude":-2.689228,"takeoverPoints":170},"time":"2021-06-13T22:37:50+0000","type":"zone"},{"zone":{"dateCreated":"2021-06-13T17:11:22+0000","dateLastTaken":"0002-12-02T00:00:00+0000","latitude":60.047717,"name":"HagStaffa","id":427476,"totalTakeovers":0,"region":{"country":"se","name":"Värmland","id":130},"pointsPerHour":1,"longitude":13.694231,"takeoverPoints":185},"time":"2021-06-13T17:11:22+0000","type":"zone"},{"zone":{"dateCreated":"2021-06-13T16:45:15+0000","dateLastTaken":"0002-12-02T00:00:00+0000","latitude":59.888031,"name":"Sunnemoparken","id":427475,"totalTakeovers":0,"region":{"country":"se","name":"Värmland","id":130},"pointsPerHour":1,"longitude":13.712943,"takeoverPoints":185},"time":"2021-06-13T16:45:15+0000","type":"zone"},{"zone":{"dateCreated":"2021-06-13T16:24:44+0000","dateLastTaken":"0002-12-02T00:00:00+0000","latitude":59.504935,"name":"ScaryHouse","id":427456,"totalTakeovers":0,"region":{"country":"se","name":"Örebro","id":131},"pointsPerHour":5,"longitude":15.010297,"takeoverPoints":125},"time":"2021-06-13T16:24:44+0000","type":"zone"},{"zone":{"dateCreated":"2021-06-13T14:37:27+0000","dateLastTaken":"0002-12-02T00:00:00+0000","latitude":59.308701,"name":"Kilenestig","id":425881,"totalTakeovers":0,"region":{"country":"se","name":"Värmland","id":130},"pointsPerHour":1,"longitude":13.573376,"takeoverPoints":185},"time":"2021-06-13T14:37:27+0000","type":"zone"},{"zone":{"dateCreated":"2021-06-13T11:57:54+0000","dateLastTaken":"0002-12-02T00:00:00+0000","latitude":-31.950304,"name":"CulturalPerth","id":406390,"totalTakeovers":0,"region":{"name":"Australia","id":222},"pointsPerHour":1,"longitude":115.860212,"takeoverPoints":185},"time":"2021-06-13T11:57:54+0000","type":"zone"},{"zone":{"dateCreated":"2021-06-13T10:00:00+0000","dateLastTaken":"0002-12-02T00:00:00+0000","latitude":56.257111,"name":"CrailHarbour","id":427417,"totalTakeovers":0,"region":{"country":"gb","name":"Scotland","id":200},"pointsPerHour":1,"longitude":-2.628617,"takeoverPoints":185},"time":"2021-06-13T10:00:00+0000","type":"zone"},{"zone":{"dateCreated":"2021-06-13T10:00:00+0000","dateLastTaken":"0002-12-02T00:00:00+0000","latitude":56.261721,"name":"CrailVictoria","id":427424,"totalTakeovers":0,"region":{"country":"gb","name":"Scotland","id":200},"pointsPerHour":1,"longitude":-2.63021,"takeoverPoints":185},"time":"2021-06-13T10:00:00+0000","type":"zone"},{"zone":{"dateCreated":"2021-06-13T10:00:00+0000","dateLastTaken":"0002-12-02T00:00:00+0000","latitude":56.260788,"name":"CrailHeritage","id":427425,"totalTakeovers":0,"region":{"country":"gb","name":"Scotland","id":200},"pointsPerHour":1,"longitude":-2.62599,"takeoverPoints":185},"time":"2021-06-13T10:00:00+0000","type":"zone"},{"zone":{"dateCreated":"2021-06-13T10:00:00+0000","dateLastTaken":"0002-12-02T00:00:00+0000","latitude":56.24324,"name":"CaiplieCaves","id":427430,"totalTakeovers":0,"region":{"country":"gb","name":"Scotland","id":200},"pointsPerHour":1,"longitude":-2.647235,"takeoverPoints":185},"time":"2021-06-13T10:00:00+0000","type":"zone"},{"zone":{"dateCreated":"2021-06-13T10:00:00+0000","dateLastTaken":"0002-12-02T00:00:00+0000","latitude":56.236748,"name":"FossilTree","id":427429,"totalTakeovers":0,"region":{"country":"gb","name":"Scotland","id":200},"pointsPerHour":1,"longitude":-2.662201,"takeoverPoints":185},"time":"2021-06-13T10:00:00+0000","type":"zone"},{"zone":{"dateCreated":"2021-06-13T10:00:00+0000","dateLastTaken":"0002-12-02T00:00:00+0000","latitude":56.263711,"name":"BalcomieGrass","id":427426,"totalTakeovers":0,"region":{"country":"gb","name":"Scotland","id":200},"pointsPerHour":1,"longitude":-2.622742,"takeoverPoints":185},"time":"2021-06-13T10:00:00+0000","type":"zone"},{"zone":{"dateCreated":"2021-06-13T10:00:00+0000","dateLastTaken":"0002-12-02T00:00:00+0000","latitude":56.26158,"name":"Roomebay","id":427421,"totalTakeovers":0,"region":{"country":"gb","name":"Scotland","id":200},"pointsPerHour":1,"longitude":-2.619117,"takeoverPoints":185},"time":"2021-06-13T10:00:00+0000","type":"zone"},{"zone":{"dateCreated":"2021-06-13T10:00:00+0000","dateLastTaken":"0002-12-02T00:00:00+0000","latitude":56.2497,"name":"ThePans","id":427428,"totalTakeovers":0,"region":{"country":"gb","name":"Scotland","id":200},"pointsPerHour":1,"longitude":-2.638221,"takeoverPoints":185},"time":"2021-06-13T10:00:00+0000","type":"zone"},{"zone":{"dateCreated":"2021-06-13T10:00:00+0000","dateLastTaken":"0002-12-02T00:00:00+0000","latitude":56.257881,"name":"HensLadder","id":427418,"totalTakeovers":0,"region":{"country":"gb","name":"Scotland","id":200},"pointsPerHour":1,"longitude":-2.629469,"takeoverPoints":185},"time":"2021-06-13T10:00:00+0000","type":"zone"},{"zone":{"dateCreated":"2021-06-13T10:00:00+0000","dateLastTaken":"0002-12-02T00:00:00+0000","latitude":56.272165,"name":"CrailRaceway","id":427436,"totalTakeovers":0,"region":{"country":"gb","name":"Scotland","id":200},"pointsPerHour":1,"longitude":-2.59339,"takeoverPoints":185},"time":"2021-06-13T10:00:00+0000","type":"zone"},{"zone":{"dateCreated":"2021-06-13T10:00:00+0000","dateLastTaken":"0002-12-02T00:00:00+0000","latitude":56.239424,"name":"FCPRocks","id":427432,"totalTakeovers":0,"region":{"country":"gb","name":"Scotland","id":200},"pointsPerHour":1,"longitude":-2.655125,"takeoverPoints":185},"time":"2021-06-13T10:00:00+0000","type":"zone"},{"zone":{"dateCreated":"2021-06-13T10:00:00+0000","dateLastTaken":"0002-12-02T00:00:00+0000","latitude":56.259568,"name":"FifeCoastPath","id":427420,"totalTakeovers":0,"region":{"country":"gb","name":"Scotland","id":200},"pointsPerHour":1,"longitude":-2.622434,"takeoverPoints":185},"time":"2021-06-13T10:00:00+0000","type":"zone"},{"zone":{"dateCreated":"2021-06-13T10:00:00+0000","dateLastTaken":"0002-12-02T00:00:00+0000","latitude":56.261711,"name":"CaravanHaven","id":427433,"totalTakeovers":0,"region":{"country":"gb","name":"Scotland","id":200},"pointsPerHour":1,"longitude":-2.613861,"takeoverPoints":185},"time":"2021-06-13T10:00:00+0000","type":"zone"},{"zone":{"dateCreated":"2021-06-13T10:00:00+0000","dateLastTaken":"0002-12-02T00:00:00+0000","latitude":56.278885,"name":"FifeNess","id":427416,"totalTakeovers":0,"region":{"country":"gb","name":"Scotland","id":200},"pointsPerHour":1,"longitude":-2.585951,"takeoverPoints":185},"time":"2021-06-13T10:00:00+0000","type":"zone"},{"zone":{"dateCreated":"2021-06-13T10:00:00+0000","dateLastTaken":"0002-12-02T00:00:00+0000","latitude":56.188743,"name":"ElieChainEast","id":427437,"totalTakeovers":0,"region":{"country":"gb","name":"Scotland","id":200},"pointsPerHour":1,"longitude":-2.856355,"takeoverPoints":185},"time":"2021-06-13T10:00:00+0000","type":"zone"},{"zone":{"dateCreated":"2021-06-13T10:00:00+0000","dateLastTaken":"0002-12-02T00:00:00+0000","latitude":56.268699,"name":"Kilminning","id":427422,"totalTakeovers":0,"region":{"country":"gb","name":"Scotland","id":200},"pointsPerHour":1,"longitude":-2.596235,"takeoverPoints":185},"time":"2021-06-13T10:00:00+0000","type":"zone"},{"zone":{"dateCreated":"2021-06-13T10:00:00+0000","dateLastTaken":"0002-12-02T00:00:00+0000","latitude":56.258161,"name":"CrailSundial","id":427419,"totalTakeovers":0,"region":{"country":"gb","name":"Scotland","id":200},"pointsPerHour":1,"longitude":-2.626063,"takeoverPoints":185},"time":"2021-06-13T10:00:00+0000","type":"zone"},{"zone":{"dateCreated":"2021-06-13T10:00:00+0000","dateLastTaken":"0002-12-02T00:00:00+0000","latitude":56.234092,"name":"ByAinster","id":427431,"totalTakeovers":0,"region":{"country":"gb","name":"Scotland","id":200},"pointsPerHour":1,"longitude":-2.672562,"takeoverPoints":185},"time":"2021-06-13T10:00:00+0000","type":"zone"},{"zone":{"dateCreated":"2021-06-13T10:00:00+0000","dateLastTaken":"0002-12-02T00:00:00+0000","latitude":56.262593,"name":"CrailKirk","id":427423,"totalTakeovers":0,"region":{"country":"gb","name":"Scotland","id":200},"pointsPerHour":1,"longitude":-2.625441,"takeoverPoints":185},"time":"2021-06-13T10:00:00+0000","type":"zone"},{"zone":{"dateCreated":"2021-06-13T10:00:00+0000","dateLastTaken":"0002-12-02T00:00:00+0000","latitude":56.187428,"name":"ElieChainWest","id":427438,"totalTakeovers":0,"region":{"country":"gb","name":"Scotland","id":200},"pointsPerHour":1,"longitude":-2.865237,"takeoverPoints":185},"time":"2021-06-13T10:00:00+0000","type":"zone"},{"zone":{"dateCreated":"2021-06-13T10:00:00+0000","dateLastTaken":"0002-12-02T00:00:00+0000","latitude":56.253732,"name":"MaggieBrady","id":427427,"totalTakeovers":0,"region":{"country":"gb","name":"Scotland","id":200},"pointsPerHour":1,"longitude":-2.630183,"takeoverPoints":185},"time":"2021-06-13T10:00:00+0000","type":"zone"},{"zone":{"dateCreated":"2021-06-13T10:00:00+0000","dateLastTaken":"0002-12-02T00:00:00+0000","latitude":56.264221,"name":"CrailOldAir","id":427435,"totalTakeovers":0,"region":{"country":"gb","name":"Scotland","id":200},"pointsPerHour":1,"longitude":-2.6024,"takeoverPoints":185},"time":"2021-06-13T10:00:00+0000","type":"zone"},{"zone":{"dateCreated":"2021-06-13T10:00:00+0000","dateLastTaken":"0002-12-02T00:00:00+0000","latitude":56.275795,"name":"SWTKilminning","id":427434,"totalTakeovers":0,"region":{"country":"gb","name":"Scotland","id":200},"pointsPerHour":1,"longitude":-2.589545,"takeoverPoints":185},"time":"2021-06-13T10:00:00+0000","type":"zone"},{"zone":{"dateCreated":"2021-06-13T09:22:38+0000","dateLastTaken":"0002-12-02T00:00:00+0000","latitude":57.482569,"name":"FredsPark","id":427466,"totalTakeovers":0,"region":{"country":"se","name":"Kalmar","id":137},"pointsPerHour":1,"longitude":15.833101,"takeoverPoints":185},"time":"2021-06-13T09:22:38+0000","type":"zone"},{"zone":{"dateCreated":"2021-06-13T09:20:37+0000","dateLastTaken":"0002-12-02T00:00:00+0000","latitude":57.480585,"name":"SjöVäg","id":427465,"totalTakeovers":0,"region":{"country":"se","name":"Kalmar","id":137},"pointsPerHour":1,"longitude":15.852295,"takeoverPoints":185},"time":"2021-06-13T09:20:37+0000","type":"zone"},{"zone":{"dateCreated":"2021-06-13T09:10:50+0000","dateLastTaken":"0002-12-02T00:00:00+0000","latitude":59.231623,"name":"LoviseBerg","id":427464,"totalTakeovers":0,"region":{"country":"se","name":"Stockholm","id":141},"pointsPerHour":1,"longitude":17.909268,"takeoverPoints":185},"time":"2021-06-13T09:10:50+0000","type":"zone"},{"zone":{"dateCreated":"2021-06-13T09:09:09+0000","dateLastTaken":"0002-12-02T00:00:00+0000","latitude":59.25174,"name":"SpångenÖver","id":427463,"totalTakeovers":0,"region":{"country":"se","name":"Stockholm","id":141},"pointsPerHour":1,"longitude":17.928169,"takeoverPoints":185},"time":"2021-06-13T09:09:09+0000","type":"zone"},{"zone":{"dateCreated":"2021-06-13T09:06:11+0000","dateLastTaken":"0002-12-02T00:00:00+0000","latitude":59.235765,"name":"StuvstaUtsikt","id":427462,"totalTakeovers":0,"region":{"country":"se","name":"Stockholm","id":141},"pointsPerHour":1,"longitude":18.011859,"takeoverPoints":185},"time":"2021-06-13T09:06:11+0000","type":"zone"},{"zone":{"dateCreated":"2021-06-13T09:04:23+0000","dateLastTaken":"0002-12-02T00:00:00+0000","latitude":59.413493,"name":"KullöGrill","id":427461,"totalTakeovers":0,"region":{"country":"se","name":"Stockholm","id":141},"pointsPerHour":3,"longitude":18.293591,"takeoverPoints":155},"time":"2021-06-13T09:04:23+0000","type":"zone"},{"zone":{"dateCreated":"2021-06-13T08:55:35+0000","dateLastTaken":"0002-12-02T00:00:00+0000","latitude":59.166117,"name":"ÅkViaVia","id":427460,"totalTakeovers":0,"region":{"country":"se","name":"Örebro","id":131},"pointsPerHour":1,"longitude":14.842795,"takeoverPoints":185},"time":"2021-06-13T08:55:35+0000","type":"zone"},{"zone":{"dateCreated":"2021-06-13T08:49:04+0000","dateLastTaken":"0002-12-02T00:00:00+0000","latitude":58.030422,"name":"MalexSwim","id":427459,"totalTakeovers":0,"region":{"country":"se","name":"Östergötland","id":139},"pointsPerHour":1,"longitude":15.262014,"takeoverPoints":185},"time":"2021-06-13T08:49:04+0000","type":"zone"},{"zone":{"dateCreated":"2021-06-13T08:38:31+0000","dateLastTaken":"0002-12-02T00:00:00+0000","latitude":58.19419,"name":"SkiBox","id":427457,"totalTakeovers":0,"region":{"country":"se","name":"Östergötland","id":139},"pointsPerHour":1,"longitude":15.019091,"takeoverPoints":185},"time":"2021-06-13T08:38:31+0000","type":"zone"},{"zone":{"dateCreated":"2021-06-13T08:16:50+0000","dateLastTaken":"0002-12-02T00:00:00+0000","latitude":59.133532,"name":"Kävesta","id":427455,"totalTakeovers":0,"region":{"country":"se","name":"Örebro","id":131},"pointsPerHour":1,"longitude":15.31923,"takeoverPoints":185},"time":"2021-06-13T08:16:50+0000","type":"zone"},{"zone":{"dateCreated":"2021-06-13T08:06:40+0000","dateLastTaken":"0002-12-02T00:00:00+0000","latitude":58.00298,"name":"KisaTrail","id":427454,"totalTakeovers":0,"region":{"country":"se","name":"Östergötland","id":139},"pointsPerHour":1,"longitude":15.634658,"takeoverPoints":185},"time":"2021-06-13T08:06:40+0000","type":"zone"},{"zone":{"dateCreated":"2021-06-13T07:08:08+0000","dateLastTaken":"0002-12-02T00:00:00+0000","latitude":59.474299,"name":"Hemmingstorp","id":411797,"totalTakeovers":0,"region":{"country":"se","name":"Stockholm","id":141},"pointsPerHour":3,"longitude":17.867829,"takeoverPoints":155},"time":"2021-06-13T07:08:08+0000","type":"zone"},{"zone":{"dateCreated":"2021-06-13T05:30:00+0000","dateLastTaken":"0002-12-02T00:00:00+0000","latitude":57.661409,"name":"BurgheadBay","id":427368,"totalTakeovers":0,"region":{"country":"gb","name":"Scotland","id":200},"pointsPerHour":1,"longitude":-3.576618,"takeoverPoints":185},"time":"2021-06-13T05:30:00+0000","type":"zone"},{"zone":{"dateCreated":"2021-06-13T05:30:00+0000","dateLastTaken":"0002-12-02T00:00:00+0000","latitude":57.706724,"name":"MilltownBeach","id":427372,"totalTakeovers":0,"region":{"country":"gb","name":"Scotland","id":200},"pointsPerHour":1,"longitude":-3.24751,"takeoverPoints":185},"time":"2021-06-13T05:30:00+0000","type":"zone"},{"zone":{"dateCreated":"2021-06-13T05:30:00+0000","dateLastTaken":"0002-12-02T00:00:00+0000","latitude":57.661656,"name":"InPlaneSight","id":427369,"totalTakeovers":0,"region":{"country":"gb","name":"Scotland","id":200},"pointsPerHour":1,"longitude":-3.546608,"takeoverPoints":185},"time":"2021-06-13T05:30:00+0000","type":"zone"},{"zone":{"dateCreated":"2021-06-13T05:30:00+0000","dateLastTaken":"0002-12-02T00:00:00+0000","latitude":57.712514,"name":"SpyOnTheBay","id":427371,"totalTakeovers":0,"region":{"country":"gb","name":"Scotland","id":200},"pointsPerHour":1,"longitude":-3.265196,"takeoverPoints":185},"time":"2021-06-13T05:30:00+0000","type":"zone"},{"zone":{"dateCreated":"2021-06-13T05:30:00+0000","dateLastTaken":"0002-12-02T00:00:00+0000","latitude":57.448977,"name":"Holm","id":427390,"totalTakeovers":0,"region":{"country":"gb","name":"Scotland","id":200},"pointsPerHour":1,"longitude":-4.24529,"takeoverPoints":185},"time":"2021-06-13T05:30:00+0000","type":"zone"},{"zone":{"dateCreated":"2021-06-13T05:30:00+0000","dateLastTaken":"0002-12-02T00:00:00+0000","latitude":57.694367,"name":"WhoTurfsThere","id":427374,"totalTakeovers":0,"region":{"country":"gb","name":"Scotland","id":200},"pointsPerHour":1,"longitude":-3.20258,"takeoverPoints":185},"time":"2021-06-13T05:30:00+0000","type":"zone"},{"zone":{"dateCreated":"2021-06-13T05:30:00+0000","dateLastTaken":"0002-12-02T00:00:00+0000","latitude":57.700189,"name":"MilltownWoods","id":427373,"totalTakeovers":0,"region":{"country":"gb","name":"Scotland","id":200},"pointsPerHour":1,"longitude":-3.226861,"takeoverPoints":185},"time":"2021-06-13T05:30:00+0000","type":"zone"},{"zone":{"dateCreated":"2021-06-13T05:30:00+0000","dateLastTaken":"0002-12-02T00:00:00+0000","latitude":57.451486,"name":"HolmsDrums","id":427391,"totalTakeovers":0,"region":{"country":"gb","name":"Scotland","id":200},"pointsPerHour":1,"longitude":-4.24753,"takeoverPoints":185},"time":"2021-06-13T05:30:00+0000","type":"zone"},{"zone":{"dateCreated":"2021-06-13T05:30:00+0000","dateLastTaken":"0002-12-02T00:00:00+0000","latitude":57.448561,"name":"HolmOnFire","id":427389,"totalTakeovers":0,"region":{"country":"gb","name":"Scotland","id":200},"pointsPerHour":1,"longitude":-4.248631,"takeoverPoints":185},"time":"2021-06-13T05:30:00+0000","type":"zone"},{"zone":{"dateCreated":"2021-06-13T05:30:00+0000","dateLastTaken":"0002-12-02T00:00:00+0000","latitude":57.721685,"name":"Covesea","id":427376,"totalTakeovers":0,"region":{"country":"gb","name":"Scotland","id":200},"pointsPerHour":1,"longitude":-3.364241,"takeoverPoints":185},"time":"2021-06-13T05:30:00+0000","type":"zone"},{"zone":{"dateCreated":"2021-06-13T05:30:00+0000","dateLastTaken":"0002-12-02T00:00:00+0000","latitude":57.689693,"name":"FindBurg","id":427370,"totalTakeovers":0,"region":{"country":"gb","name":"Scotland","id":200},"pointsPerHour":1,"longitude":-3.490489,"takeoverPoints":185},"time":"2021-06-13T05:30:00+0000","type":"zone"},{"zone":{"dateCreated":"2021-06-13T05:30:00+0000","dateLastTaken":"0002-12-02T00:00:00+0000","latitude":57.688014,"name":"Lochhill","id":427375,"totalTakeovers":0,"region":{"country":"gb","name":"Scotland","id":200},"pointsPerHour":1,"longitude":-3.176042,"takeoverPoints":185},"time":"2021-06-13T05:30:00+0000","type":"zone"},{"zone":{"dateCreated":"2021-06-12T18:36:15+0000","dateLastTaken":"0002-12-02T00:00:00+0000","latitude":60.24026,"name":"VidStängsel","id":408866,"totalTakeovers":0,"region":{"country":"fi","name":"Etelä-Suomi","id":185},"pointsPerHour":1,"longitude":25.060079,"takeoverPoints":185},"time":"2021-06-12T18:36:15+0000","type":"zone"},{"zone":{"dateCreated":"2021-06-12T17:19:00+0000","dateLastTaken":"0002-12-02T00:00:00+0000","latitude":58.127092,"name":"BredvidLandet","id":412447,"totalTakeovers":0,"region":{"country":"se","name":"Västra Götaland","id":132},"pointsPerHour":1,"longitude":11.445434,"takeoverPoints":185},"time":"2021-06-12T17:19:00+0000","type":"zone"},{"zone":{"dateCreated":"2021-06-12T11:30:00+0000","dateLastTaken":"0002-12-02T00:00:00+0000","latitude":57.150862,"name":"TheWellgrove","id":427392,"totalTakeovers":0,"region":{"country":"gb","name":"Scotland","id":200},"pointsPerHour":1,"longitude":-2.294665,"takeoverPoints":185},"time":"2021-06-12T11:30:00+0000","type":"zone"},{"zone":{"dateCreated":"2021-06-12T10:59:26+0000","dateLastTaken":"0002-12-02T00:00:00+0000","latitude":60.378443,"name":"Nissinoja","id":364849,"totalTakeovers":0,"region":{"country":"fi","name":"Etelä-Suomi","id":185},"pointsPerHour":1,"longitude":25.100442,"takeoverPoints":185},"time":"2021-06-12T10:59:26+0000","type":"zone"},{"zone":{"dateCreated":"2021-06-12T10:00:00+0000","dateLastTaken":"0002-12-02T00:00:00+0000","latitude":60.23167,"name":"CurrentBed","id":404911,"totalTakeovers":0,"region":{"country":"fi","name":"Åland","id":177},"pointsPerHour":3,"longitude":20.007026,"takeoverPoints":155},"time":"2021-06-12T10:00:00+0000","type":"zone"},{"zone":{"dateCreated":"2021-06-12T10:00:00+0000","dateLastTaken":"0002-12-02T00:00:00+0000","latitude":60.226194,"name":"OpenWoods","id":404910,"totalTakeovers":0,"region":{"country":"fi","name":"Åland","id":177},"pointsPerHour":1,"longitude":20.007016,"takeoverPoints":185},"time":"2021-06-12T10:00:00+0000","type":"zone"},{"zone":{"dateCreated":"2021-06-12T09:14:00+0000","dateLastTaken":"0002-12-02T00:00:00+0000","latitude":59.190843,"name":"Motorvägskoll","id":410496,"totalTakeovers":0,"region":{"country":"se","name":"Stockholm","id":141},"pointsPerHour":2,"longitude":17.459039,"takeoverPoints":170},"time":"2021-06-12T09:14:00+0000","type":"zone"},{"zone":{"dateCreated":"2021-06-12T07:00:00+0000","dateLastTaken":"0002-12-02T00:00:00+0000","latitude":53.810321,"name":"TraveTrave","id":418897,"totalTakeovers":0,"region":{"country":"de","name":"Schleswig-Holstein","id":443},"pointsPerHour":1,"longitude":10.383264,"takeoverPoints":185},"time":"2021-06-12T07:00:00+0000","type":"zone"},{"zone":{"dateCreated":"2021-06-12T07:00:00+0000","dateLastTaken":"0002-12-02T00:00:00+0000","latitude":53.823218,"name":"Altfresenburg","id":418905,"totalTakeovers":0,"region":{"country":"de","name":"Schleswig-Holstein","id":443},"pointsPerHour":1,"longitude":10.359931,"takeoverPoints":185},"time":"2021-06-12T07:00:00+0000","type":"zone"},{"zone":{"dateCreated":"2021-06-12T07:00:00+0000","dateLastTaken":"0002-12-02T00:00:00+0000","latitude":53.821287,"name":"Mennokate","id":418904,"totalTakeovers":0,"region":{"country":"de","name":"Schleswig-Holstein","id":443},"pointsPerHour":1,"longitude":10.371746,"takeoverPoints":185},"time":"2021-06-12T07:00:00+0000","type":"zone"},{"zone":{"dateCreated":"2021-06-12T07:00:00+0000","dateLastTaken":"0002-12-02T00:00:00+0000","latitude":53.804228,"name":"KreuzKurpark","id":418914,"totalTakeovers":0,"region":{"country":"de","name":"Schleswig-Holstein","id":443},"pointsPerHour":1,"longitude":10.374987,"takeoverPoints":185},"time":"2021-06-12T07:00:00+0000","type":"zone"},{"zone":{"dateCreated":"2021-06-12T07:00:00+0000","dateLastTaken":"0002-12-02T00:00:00+0000","latitude":53.812694,"name":"AnDerStrasse","id":418908,"totalTakeovers":0,"region":{"country":"de","name":"Schleswig-Holstein","id":443},"pointsPerHour":1,"longitude":10.340925,"takeoverPoints":185},"time":"2021-06-12T07:00:00+0000","type":"zone"},{"zone":{"dateCreated":"2021-06-12T07:00:00+0000","dateLastTaken":"0002-12-02T00:00:00+0000","latitude":53.811341,"name":"TraveHier","id":418898,"totalTakeovers":0,"region":{"country":"de","name":"Schleswig-Holstein","id":443},"pointsPerHour":1,"longitude":10.389572,"takeoverPoints":185},"time":"2021-06-12T07:00:00+0000","type":"zone"},{"zone":{"dateCreated":"2021-06-12T07:00:00+0000","dateLastTaken":"0002-12-02T00:00:00+0000","latitude":53.819021,"name":"ErsteMemeler","id":418900,"totalTakeovers":0,"region":{"country":"de","name":"Schleswig-Holstein","id":443},"pointsPerHour":1,"longitude":10.385555,"takeoverPoints":185},"time":"2021-06-12T07:00:00+0000","type":"zone"},{"zone":{"dateCreated":"2021-06-12T07:00:00+0000","dateLastTaken":"0002-12-02T00:00:00+0000","latitude":53.80796,"name":"HohenkampG","id":418912,"totalTakeovers":0,"region":{"country":"de","name":"Schleswig-Holstein","id":443},"pointsPerHour":1,"longitude":10.361528,"takeoverPoints":185},"time":"2021-06-12T07:00:00+0000","type":"zone"},{"zone":{"dateCreated":"2021-06-12T07:00:00+0000","dateLastTaken":"0002-12-02T00:00:00+0000","latitude":53.812312,"name":"Nebenstraße","id":418910,"totalTakeovers":0,"region":{"country":"de","name":"Schleswig-Holstein","id":443},"pointsPerHour":1,"longitude":10.35139,"takeoverPoints":185},"time":"2021-06-12T07:00:00+0000","type":"zone"},{"zone":{"dateCreated":"2021-06-12T07:00:00+0000","dateLastTaken":"0002-12-02T00:00:00+0000","latitude":53.815265,"name":"Nelkenpfad","id":418899,"totalTakeovers":0,"region":{"country":"de","name":"Schleswig-Holstein","id":443},"pointsPerHour":1,"longitude":10.390833,"takeoverPoints":185},"time":"2021-06-12T07:00:00+0000","type":"zone"}]