[{"medal":93,"time":"2023-02-21T10:06:47+0000","type":"medal","user":{"country":"se","medals":[93],"zones":[27911],"pointsPerHour":0,"points":190,"blocktime":10,"taken":2,"name":"Koiker","totalPoints":190,"rank":0,"id":386392,"place":5958,"uniqueZonesTaken":2,"region":{"name":"Västerbotten","id":127}}},{"medal":12,"time":"2023-02-21T10:04:05+0000","type":"medal","user":{"country":"se","medals":[93,79,6,32,90,52,12],"zones":[91968,5413,18711,23639,18713,23641,22220,14684,22221,1214],"pointsPerHour":0,"points":17046,"blocktime":12,"taken":126,"name":"Sandet","totalPoints":17046,"rank":10,"id":386120,"place":5956,"uniqueZonesTaken":100,"region":{"name":"Stockholm","id":141}}}]