[{"sender":{"country":"se","medals":[57,47,27,72,95,103,122,14,16,79,7,128,41],"zones":[1890,9699,9700,475330,21702,21703,302093,19337,354287,90539,7086,44302,19342,34641,44308,44309,44311,42399],"pointsPerHour":74,"points":46251,"blocktime":22,"taken":27101,"name":"sandholm","totalPoints":5500521,"rank":50,"id":228080,"place":768,"uniqueZonesTaken":661,"region":{"name":"Kalmar","id":137}},"time":"2023-02-20T21:17:46+0000","message":"kurrep: Du får nog ju dig ut om någon timme igen ..","region":{"name":"Kalmar","id":137},"type":"chat"}]