[{"medal":42,"time":"2023-02-20T15:38:51+0000","type":"medal","user":{"country":"se","medals":[10,93,102,16,53,12,42],"zones":[28352,17846,139432,28349,11726],"pointsPerHour":0,"points":26857,"blocktime":14,"taken":270,"name":"cade_se","totalPoints":59719,"rank":16,"id":385036,"place":5931,"uniqueZonesTaken":108,"region":{"name":"Skåne","id":135}}},{"medal":90,"time":"2023-02-20T15:37:29+0000","type":"medal","user":{"country":"se","medals":[93,51,11,79,6,32,90],"zones":[1317,14630,138149,361,22220,22221,343563,105298,62134,117272,12123,11451,11452,11453,1117,350],"pointsPerHour":0,"points":14016,"blocktime":12,"taken":106,"name":"Sandet","totalPoints":14016,"rank":9,"id":386120,"place":5931,"uniqueZonesTaken":80,"region":{"name":"Stockholm","id":141}}}]