[{"sender":{"country":"se","medals":[52,94,12,102,34,131],"zones":[],"pointsPerHour":0,"points":22490,"blocktime":17,"taken":1745,"name":"MissIris","totalPoints":328108,"rank":30,"id":358014,"place":1664,"uniqueZonesTaken":120,"region":{"name":"Kalmar","id":137}},"time":"2023-02-21T15:15:11+0000","message":"HerrNilsson83 Go Go Go bra jobbat 😊","region":{"name":"Kalmar","id":137},"type":"chat"},{"medal":101,"time":"2023-02-21T15:14:22+0000","type":"medal","user":{"country":"se","medals":[5,6,55,28,46,79,13,94,126,39,101],"zones":[23746,7800,476045,1023],"pointsPerHour":0,"points":19839,"blocktime":21,"taken":15168,"name":"RobinS","totalPoints":2720128,"rank":45,"id":23204,"place":5989,"uniqueZonesTaken":364,"region":{"name":"Värmland","id":130}}},{"medal":53,"time":"2023-02-21T15:05:11+0000","type":"medal","user":{"country":"se","medals":[92,31,53],"zones":[514499,514498,111625,37386,22026,22027,37388,179983,37391,22032,37392,319185,90973,94499,43049,102059,43050,108971,102058,102061,108973,43052,352424,108972,108975,108974,88046,22704,108976,293495],"pointsPerHour":0,"points":8079,"blocktime":11,"taken":49,"name":"boberorylol","totalPoints":8079,"rank":7,"id":386342,"place":5986,"uniqueZonesTaken":34,"region":{"name":"Stockholm","id":141}}}]