[{"sender":{"country":"se","medals":[10,53,46,32,11],"zones":[43920,43921,97031,31286,24488,55707,475628,43902,7823,44223],"pointsPerHour":25,"points":23033,"blocktime":13,"taken":152,"name":"balder90","totalPoints":23033,"rank":12,"id":365018,"place":2683,"uniqueZonesTaken":62,"region":{"name":"Värmland","id":130}},"time":"2022-05-30T15:39:52+0000","message":"kornet. ska invänta dig?","region":{"name":"Värmland","id":130},"type":"chat"},{"medal":100,"time":"2022-05-30T15:38:49+0000","type":"medal","user":{"country":"se","medals":[52,6,93,42,12,100],"zones":[],"pointsPerHour":0,"points":4763,"blocktime":14,"taken":288,"name":"Kanelbulan","totalPoints":67343,"rank":17,"id":352937,"place":9148,"uniqueZonesTaken":103,"region":{"name":"Stockholm","id":141}}},{"sender":{"country":"se","medals":[126,16,95,103,5,14,67,122,128,90,6,38,47,57],"zones":[180755,17028,7157,97844,7158,37704,91979,122477,7164,91983,37103],"pointsPerHour":54,"points":56449,"blocktime":20,"taken":12554,"name":"JimmyAIK94","totalPoints":2194625,"rank":43,"id":267637,"place":1437,"uniqueZonesTaken":802,"region":{"name":"Stockholm","id":141}},"time":"2022-05-30T15:32:35+0000","message":"Ozze70: kan du ta beckomberga oxå?","region":{"name":"Stockholm","id":141},"type":"chat"}]