[{"medal":92,"time":"2022-06-13T18:47:41+0000","type":"medal","user":{"country":"se","medals":[51,85,92],"zones":[296903,7076,120679,119704,7135],"pointsPerHour":0,"points":2382,"blocktime":11,"taken":15,"name":"LC200","totalPoints":2382,"rank":5,"id":366591,"place":6066,"uniqueZonesTaken":15,"region":{"name":"Stockholm","id":141}}},{"medal":94,"time":"2022-06-13T18:45:44+0000","type":"medal","user":{"country":"se","medals":[10,52,86,100,11,94],"zones":[7447,179403,157000],"pointsPerHour":0,"points":5686,"blocktime":12,"taken":99,"name":"Aktiebolag_AB","totalPoints":13379,"rank":9,"id":365985,"place":6066,"uniqueZonesTaken":53,"region":{"name":"Östergötland","id":139}}},{"medal":94,"time":"2022-06-13T18:45:44+0000","type":"medal","user":{"country":"se","medals":[53,46,10,11,33,79,100,94],"zones":[484055,8290],"pointsPerHour":0,"points":11147,"blocktime":15,"taken":633,"name":"MelvinsZooner","totalPoints":109188,"rank":20,"id":274274,"place":6066,"uniqueZonesTaken":84,"region":{"name":"Östergötland","id":139}}},{"sender":{"country":"uk","medals":[46,90,16,13,127,79,93,57,36],"zones":[360133,322112,322113,322114,322188,322189,322184,322185,322186,322187,354965,354964,354966,477972,322460,138395,322457,322458,322459,477976,322468,322469,322464,322466,322467,355682,321448,350643,322110,322111,514172,514170],"pointsPerHour":60,"points":47410,"blocktime":20,"taken":6496,"name":"amfaefife","totalPoints":1565397,"rank":41,"id":312757,"place":469,"uniqueZonesTaken":374,"region":{"name":"Scotland","id":200}},"time":"2022-06-13T18:38:28+0000","message":"kjtindall: i thought that you were going to stop for a chat. That's those one ready for you to retake.","region":{"name":"Scotland","id":200},"type":"chat"}]