[{"medal":85,"time":"2022-06-14T09:26:10+0000","type":"medal","user":{"country":"gb","medals":[93,80,100,85],"zones":[476755,173253],"pointsPerHour":0,"points":2915,"blocktime":11,"taken":11,"name":"the_bear","totalPoints":2915,"rank":5,"id":366203,"place":6108,"uniqueZonesTaken":9,"region":{"name":"Scotland","id":200}}},{"medal":130,"time":"2022-06-14T09:18:30+0000","type":"medal","user":{"country":"se","medals":[53,126,94,46,90,16,13,102,38,130],"zones":[5408,11125,224549,78793,228667,31561],"pointsPerHour":0,"points":8787,"blocktime":20,"taken":10192,"name":"Leania","totalPoints":1508387,"rank":41,"id":234124,"place":6107,"uniqueZonesTaken":306,"region":{"name":"Västerbotten","id":127}}}]