[{"medal":93,"time":"2022-06-14T12:07:20+0000","type":"medal","user":{"country":"se","medals":[93],"zones":[],"pointsPerHour":0,"points":229,"blocktime":10,"taken":2,"name":"Ivanman","totalPoints":229,"rank":1,"id":366628,"place":6134,"uniqueZonesTaken":2,"region":{"name":"Västerbotten","id":127}}},{"medal":94,"time":"2022-06-14T12:03:28+0000","type":"medal","user":{"country":"uk","medals":[53,11,28,34,94],"zones":[62915,14566,476489,318251,352820,316598,316599,400338,339219,355666,486044,316600,346745,138141],"pointsPerHour":0,"points":13883,"blocktime":17,"taken":1233,"name":"Pekijala","totalPoints":345231,"rank":30,"id":335281,"place":6134,"uniqueZonesTaken":98,"region":{"name":"Scotland","id":200}}}]