[{"sender":{"country":"se","medals":[70,67,24,16,72,83,22,77,79,24,17,116,4,24,58,24,108,75,50,124,126,89,24,91,49,17,24,131,17],"zones":[115380,34271,21359],"pointsPerHour":23,"points":60567,"blocktime":23,"taken":74309,"name":"ami68","totalPoints":9895937,"rank":55,"id":167440,"place":371,"uniqueZonesTaken":4233,"region":{"name":"Västmanland","id":143}},"time":"2022-06-14T16:20:36+0000","message":"Annemak: Nu ser jag dig 😘","region":{"name":"Västmanland","id":143},"type":"chat"},{"sender":{"country":"se","medals":[79,51,93,12,101,35,7],"zones":[],"pointsPerHour":0,"points":1768,"blocktime":18,"taken":3415,"name":"Annemak","totalPoints":594500,"rank":34,"id":111352,"place":4067,"uniqueZonesTaken":161,"region":{"name":"Västmanland","id":143}},"time":"2022-06-14T16:20:20+0000","message":"Här är jag ami68","region":{"name":"Västmanland","id":143},"type":"chat"},{"sender":{"country":"se","medals":[79,51,93,12,101,35,7],"zones":[],"pointsPerHour":0,"points":1768,"blocktime":18,"taken":3415,"name":"Annemak","totalPoints":594500,"rank":34,"id":111352,"place":4066,"uniqueZonesTaken":161,"region":{"name":"Västmanland","id":143}},"time":"2022-06-14T16:19:39+0000","message":"Här är jag ampi68","region":{"name":"Västmanland","id":143},"type":"chat"},{"medal":85,"time":"2022-06-14T16:19:38+0000","type":"medal","user":{"country":"se","medals":[80,85],"zones":[8258,190240,22356,44535,999,1001,114026],"pointsPerHour":0,"points":968,"blocktime":11,"taken":10,"name":"Snorbjörn_666","totalPoints":1342,"rank":4,"id":358343,"place":6174,"uniqueZonesTaken":10,"region":{"name":"Västerbotten","id":127}}},{"medal":104,"time":"2022-06-14T16:19:14+0000","type":"medal","user":{"country":"uk","medals":[97,70,77,78,34,13,16,55,104],"zones":[327052,327053,387468,327051,327061,47633,327056,15381,327057,47638,327058,327059,47640,364477,364476,364473,364472,364474,326212,326213,326214,364487,326215,364486,326209,364480,326210,326211,326220,326221,364492,326222,326223,326216,326217,326218,326219,326224,326225,448220,364510,364507,364506,364516,364515,364514,364521,64365,17141,323837,323838],"pointsPerHour":0,"points":22887,"blocktime":17,"taken":1152,"name":"France","totalPoints":296791,"rank":29,"id":339441,"place":6174,"uniqueZonesTaken":316,"region":{"name":"Scotland","id":200}}},{"sender":{"country":"se","medals":[70,67,24,16,72,83,22,77,79,24,17,116,4,24,58,24,108,75,50,124,126,89,24,91,49,17,24,131,17],"zones":[115380,34271,21359],"pointsPerHour":23,"points":60565,"blocktime":23,"taken":74309,"name":"ami68","totalPoints":9895936,"rank":55,"id":167440,"place":371,"uniqueZonesTaken":4233,"region":{"name":"Västmanland","id":143}},"time":"2022-06-14T16:16:36+0000","message":"theAce: Zonfattigt där 😆","type":"chat"},{"sender":{"country":"se","medals":[7,5,16,79,70,28,56,126,117,27,97,48,22,122,15,40,128,105],"zones":[230851,1232,20737,21890,155920,14546,246,12424,60440,12425,1226],"pointsPerHour":59,"points":31484,"blocktime":22,"taken":24907,"name":"Spikbebis75","totalPoints":4742888,"rank":49,"id":92852,"place":935,"uniqueZonesTaken":1217,"region":{"name":"Stockholm","id":141}},"time":"2022-06-14T16:16:15+0000","message":"MrMcFox: ! i spy with my eye....","region":{"name":"Stockholm","id":141},"type":"chat"}]