[{"sender":{"country":"se","medals":[79,16,5,67,122,70,77,4,72,47,6,94,57,127,35,15,102],"zones":[32610,325660,11448,11481,11449,325659],"pointsPerHour":14,"points":11161,"blocktime":19,"taken":3777,"name":"Fafng","totalPoints":859511,"rank":36,"id":311395,"place":2017,"uniqueZonesTaken":1123,"region":{"name":"Västra Götaland","id":132}},"time":"2022-06-14T00:04:17+0000","message":"Caisesiume: Gött å se att du pinnar på. Både skåning och britt akterseglade... Själv sitter jag vid min ankdamm och filosoferar.","region":{"name":"Västra Götaland","id":132},"type":"chat"}]