[{"medal":34,"time":"2022-12-26T14:11:02+0000","type":"medal","user":{"country":"uk","medals":[55,12,6,34],"zones":[394018,369069,479887,19722,369071,348756,479892,479891,479890,19703,348754,479867],"pointsPerHour":0,"points":13410,"blocktime":17,"taken":1000,"name":"stevetl","totalPoints":373267,"rank":31,"id":356395,"place":5669,"uniqueZonesTaken":132,"region":{"name":"Yorkshire & The Humber","id":202}}},{"medal":93,"time":"2022-12-26T14:03:31+0000","type":"medal","user":{"country":"se","medals":[93],"zones":[173456,21386,353934],"pointsPerHour":0,"points":703,"blocktime":10,"taken":4,"name":"AlwaysBullish","totalPoints":703,"rank":3,"id":369310,"place":5669,"uniqueZonesTaken":4,"region":{"name":"Skåne","id":135}}}]