[{"medal":37,"time":"2023-01-30T15:47:54+0000","type":"medal","user":{"country":"se","medals":[28,13,55,6,77,78,47,104,95,16,131,37],"zones":[15393,15395,94501,8071,428367,5388,564199,5391,6160,11282,11283,83253,11284,6932,600,38169,601,42940,1725,1726,3167],"pointsPerHour":0,"points":69910,"blocktime":19,"taken":7500,"name":"miali","totalPoints":785516,"rank":36,"id":355406,"place":6260,"uniqueZonesTaken":406,"region":{"name":"Västerbotten","id":127}}},{"medal":92,"time":"2023-01-30T15:44:40+0000","type":"medal","user":{"country":"se","medals":[80,85,92],"zones":[12048,115890,23894,408527,12047],"pointsPerHour":0,"points":2221,"blocktime":11,"taken":15,"name":"Nyp","totalPoints":2221,"rank":5,"id":385468,"place":6260,"uniqueZonesTaken":15,"region":{"name":"Västra Götaland","id":132}}},{"sender":{"country":"se","medals":[93,53,100,33,12,6],"zones":[76647,92696,97835,27055],"pointsPerHour":21,"points":33095,"blocktime":15,"taken":651,"name":"HLN","totalPoints":134605,"rank":22,"id":296721,"place":1824,"uniqueZonesTaken":120,"region":{"name":"Stockholm","id":141}},"time":"2023-01-30T15:32:40+0000","message":"Svensings: 😍","region":{"name":"Stockholm","id":141},"type":"chat"}]