[{"medal":127,"time":"2021-09-21T05:46:37+0000","type":"medal","user":{"country":"se","medals":[16,70,47,28,57,71,68,5,27,77,99,24,68,13,7,87,126,4,62,104,127],"zones":[97457,8097,97458,2085,200133,32679,93238,29225,8906,718],"pointsPerHour":0,"points":40222,"blocktime":23,"taken":39777,"name":"madett","totalPoints":7186150,"rank":52,"id":96056,"place":8093,"uniqueZonesTaken":321,"region":{"name":"Jämtland","id":128}}},{"medal":127,"time":"2021-09-21T05:44:35+0000","type":"medal","user":{"country":"se","medals":[77,79,47,56,72,5,103,94,7,123,15,38,127],"zones":[705,8309,43591,14602,23662],"pointsPerHour":0,"points":19988,"blocktime":20,"taken":10931,"name":"MTRac","totalPoints":1430021,"rank":40,"id":174505,"place":8092,"uniqueZonesTaken":1125,"region":{"name":"Västmanland","id":143}}},{"medal":127,"time":"2021-09-21T05:34:45+0000","type":"medal","user":{"country":"se","medals":[77,7,79,4,70,15,55,123,126,72,22,16,38,97,75,83,108,19,115,127],"zones":[8448,8449,8450,64168,9625,9626,430699,8445,8447],"pointsPerHour":0,"points":22996,"blocktime":20,"taken":13711,"name":"19Ovechkin","totalPoints":2138130,"rank":43,"id":175121,"place":8092,"uniqueZonesTaken":2195,"region":{"name":"Jönköping","id":133}}}]