[{"medal":31,"time":"2021-09-20T10:43:44+0000","type":"medal","user":{"country":"se","medals":[92,51,31],"zones":[14912,64724,16836,64725,153956,153957,7607,8089,7471,5423,12399],"pointsPerHour":0,"points":4067,"blocktime":11,"taken":25,"name":"ASTRAKHAN","totalPoints":4067,"rank":6,"id":343523,"place":7965,"uniqueZonesTaken":20,"region":{"name":"Västernorrland","id":145}}},{"medal":84,"time":"2021-09-20T10:43:03+0000","type":"medal","user":{"country":"se","medals":[95,84],"zones":[208764],"pointsPerHour":0,"points":804,"blocktime":10,"taken":5,"name":"Hassanlol","totalPoints":804,"rank":3,"id":343052,"place":7965,"uniqueZonesTaken":4,"region":{"name":"Stockholm","id":141}}},{"medal":84,"time":"2021-09-20T10:41:57+0000","type":"medal","user":{"country":"se","medals":[93,84],"zones":[205603,21442,21443],"pointsPerHour":0,"points":1557,"blocktime":11,"taken":7,"name":"Dlsher","totalPoints":1557,"rank":4,"id":341617,"place":7965,"uniqueZonesTaken":7,"region":{"name":"Skåne","id":135}}},{"sender":{"country":"se","medals":[94,28,55,7,14,4,5,35,70,67,122,47,16,77,106,79,127],"zones":[20162,51299,12388,12389,12520,1448,224073,27947,26892,1453,65870,96337,63890,23860,8570,8474,23516,113500,143964,224509],"pointsPerHour":88,"points":58399,"blocktime":18,"taken":3880,"name":"IrenePanik","totalPoints":661916,"rank":35,"id":292165,"place":780,"uniqueZonesTaken":723,"region":{"name":"Östergötland","id":139}},"time":"2021-09-20T10:39:59+0000","message":"m3tr0: tack det har varit/är en skön promenad. Fina omgivningar","region":{"name":"Södermanland","id":140},"type":"chat"}]