[{"sender":{"country":"se","medals":[80,85],"zones":[22499,22500,31445,22502,11542,22745,30094],"pointsPerHour":34,"points":2327,"blocktime":11,"taken":13,"name":"hotdogdragon","totalPoints":2326,"rank":5,"id":343868,"place":4480,"uniqueZonesTaken":12,"region":{"name":"Örebro","id":131}},"time":"2021-09-21T17:42:00+0000","message":"Olleklunk:","region":{"name":"Örebro","id":131},"type":"chat"},{"medal":31,"time":"2021-09-21T17:41:17+0000","type":"medal","user":{"country":"se","medals":[93,100,92,80,31],"zones":[153956,64727,344317,430302,64729],"pointsPerHour":0,"points":5103,"blocktime":11,"taken":28,"name":"Snötrollet","totalPoints":5103,"rank":6,"id":343285,"place":8248,"uniqueZonesTaken":23,"region":{"name":"Västernorrland","id":145}}},{"medal":80,"time":"2021-09-21T17:41:17+0000","type":"medal","user":{"country":"se","medals":[93,100,92,80,31],"zones":[153956,64727,344317,430302,64729],"pointsPerHour":0,"points":5103,"blocktime":11,"taken":28,"name":"Snötrollet","totalPoints":5103,"rank":6,"id":343285,"place":8248,"uniqueZonesTaken":23,"region":{"name":"Västernorrland","id":145}}},{"medal":10,"time":"2021-09-21T17:39:13+0000","type":"medal","user":{"country":"se","medals":[92,51,31,10],"zones":[14912,1057,16836,359,12399,8212,6645,7607,12376,8089,8090,28188,4350],"pointsPerHour":0,"points":6156,"blocktime":11,"taken":40,"name":"ASTRAKHAN","totalPoints":6156,"rank":7,"id":343523,"place":8248,"uniqueZonesTaken":25,"region":{"name":"Västernorrland","id":145}}},{"medal":84,"time":"2021-09-21T17:38:50+0000","type":"medal","user":{"country":"dk","medals":[84],"zones":[5735],"pointsPerHour":0,"points":185,"blocktime":11,"taken":5,"name":"Sille7","totalPoints":2791,"rank":5,"id":337091,"place":8248,"uniqueZonesTaken":4,"region":{"name":"Hovedstaden","id":172}}},{"medal":79,"time":"2021-09-21T17:37:52+0000","type":"medal","user":{"country":"se","medals":[54,12,46,28,35,79],"zones":[47168,217995,7881,44171,7884,3148,354824,68108,3150,24144,11409,84560,7889,11410,176735,50911,7904,7907,319328,613,43750,278572,278573,33898,33899,621,21872,12336,8113,21362,33714,33715,33716,23605,22390,22392,47161,22393,44154,49402,22394,47163,49403,49404,47166],"pointsPerHour":0,"points":29488,"blocktime":18,"taken":2831,"name":"FlayHigh","totalPoints":630984,"rank":34,"id":94500,"place":8247,"uniqueZonesTaken":177,"region":{"name":"Norrbotten","id":126}}}]