[{"zone":{"previousOwner":{"name":"Tessla","id":272993},"dateCreated":"2016-06-05T14:33:36+0000","dateLastTaken":"2021-07-15T12:54:41+0000","latitude":59.422172,"currentOwner":{"name":"FredFlinta","id":234160},"name":"Folkunion","id":78451,"totalTakeovers":2590,"region":{"area":{"name":"Järfälla kommun","id":1835},"country":"se","name":"Stockholm","id":141},"pointsPerHour":6,"longitude":17.849503,"takeoverPoints":110},"latitude":59.422172,"currentOwner":{"name":"FredFlinta","id":234160},"time":"2021-07-15T12:54:41+0000","type":"takeover","longitude":17.849503},{"zone":{"previousOwner":{"name":"Vilse!","id":200010},"dateCreated":"2011-09-06T18:08:34+0000","dateLastTaken":"2021-07-15T12:54:35+0000","latitude":59.455077,"currentOwner":{"name":"Sucuriju","id":334898},"name":"Coldhell","id":3107,"totalTakeovers":8485,"region":{"area":{"name":"Järfälla kommun","id":1835},"country":"se","name":"Stockholm","id":141},"pointsPerHour":7,"longitude":17.804068,"takeoverPoints":95},"latitude":59.455077,"currentOwner":{"name":"Sucuriju","id":334898},"time":"2021-07-15T12:54:35+0000","type":"takeover","longitude":17.804068},{"zone":{"previousOwner":{"name":"Traveller","id":220699},"dateCreated":"2011-03-17T00:00:00+0000","dateLastTaken":"2021-07-15T12:54:34+0000","latitude":63.825559,"currentOwner":{"name":"Promethus","id":201400},"name":"Advisehouse","id":1577,"totalTakeovers":38750,"region":{"area":{"name":"Umeå kommun","id":2064},"country":"se","name":"Västerbotten","id":127},"pointsPerHour":9,"longitude":20.263049,"takeoverPoints":65},"latitude":63.825559,"currentOwner":{"name":"Promethus","id":201400},"time":"2021-07-15T12:54:34+0000","type":"takeover","longitude":20.263049},{"zone":{"previousOwner":{"name":"Pilgrim","id":60557},"dateCreated":"2020-10-30T20:44:16+0000","dateLastTaken":"2021-07-15T12:54:34+0000","latitude":57.715465,"currentOwner":{"name":"Dadeee","id":327379},"name":"GullKämpe","id":349276,"totalTakeovers":654,"region":{"area":{"name":"Göteborgs kommun","id":1885},"country":"se","name":"Västra Götaland","id":132},"pointsPerHour":7,"longitude":11.972171,"takeoverPoints":95},"latitude":57.715465,"currentOwner":{"name":"Dadeee","id":327379},"time":"2021-07-15T12:54:34+0000","type":"takeover","longitude":11.972171},{"zone":{"previousOwner":{"name":"Ita","id":145707},"dateCreated":"2011-09-15T10:00:00+0000","dateLastTaken":"2021-07-15T12:54:29+0000","latitude":62.391377,"currentOwner":{"name":"wall\u2022e","id":234781},"name":"SundPool","id":3360,"totalTakeovers":12887,"region":{"area":{"name":"Sundsvalls kommun","id":2056},"country":"se","name":"Västernorrland","id":145},"pointsPerHour":7,"longitude":17.295735,"takeoverPoints":95},"latitude":62.391377,"currentOwner":{"name":"wall\u2022e","id":234781},"time":"2021-07-15T12:54:29+0000","type":"takeover","longitude":17.295735},{"zone":{"previousOwner":{"name":"Deneva","id":68382},"dateCreated":"2013-08-11T22:36:27+0000","dateLastTaken":"2021-07-15T12:54:29+0000","latitude":57.731883,"currentOwner":{"name":"Warthog","id":90125},"name":"IskallSeger","id":21320,"totalTakeovers":4180,"region":{"area":{"name":"Partille kommun","id":3045},"country":"se","name":"Västra Götaland","id":132},"pointsPerHour":6,"longitude":12.069552,"takeoverPoints":110},"latitude":57.731883,"currentOwner":{"name":"Warthog","id":90125},"time":"2021-07-15T12:54:29+0000","type":"takeover","longitude":12.069552},{"zone":{"previousOwner":{"name":"Mr.Wilson","id":240644},"dateCreated":"2017-07-10T12:18:44+0000","dateLastTaken":"2021-07-15T12:54:29+0000","latitude":55.37935,"currentOwner":{"name":"TrelleKungarna","id":54345},"name":"Syllen","id":115331,"totalTakeovers":530,"region":{"area":{"name":"Trelleborgs kommun","id":1955},"country":"se","name":"Skåne","id":135},"pointsPerHour":2,"longitude":13.185651,"takeoverPoints":170},"latitude":55.37935,"currentOwner":{"name":"TrelleKungarna","id":54345},"time":"2021-07-15T12:54:29+0000","type":"takeover","longitude":13.185651},{"zone":{"previousOwner":{"name":"wmajvor","id":210323},"dateCreated":"2014-04-09T21:03:47+0000","dateLastTaken":"2021-07-15T12:54:28+0000","latitude":57.647067,"currentOwner":{"name":"jösses...då","id":113416},"name":"Vättnedalz","id":28012,"totalTakeovers":5368,"region":{"area":{"name":"Göteborgs kommun","id":1885},"country":"se","name":"Västra Götaland","id":132},"pointsPerHour":7,"longitude":11.896827,"takeoverPoints":95},"latitude":57.647067,"currentOwner":{"name":"jösses...då","id":113416},"time":"2021-07-15T12:54:28+0000","type":"takeover","longitude":11.896827},{"zone":{"previousOwner":{"name":"tur(f)gor","id":144328},"dateCreated":"2013-03-03T12:00:00+0000","dateLastTaken":"2021-07-15T12:54:20+0000","latitude":63.815358,"currentOwner":{"name":"Harlequin","id":31991},"name":"Riksvägen","id":15136,"totalTakeovers":11877,"region":{"area":{"name":"Umeå kommun","id":2064},"country":"se","name":"Västerbotten","id":127},"pointsPerHour":8,"longitude":20.219803,"takeoverPoints":80},"latitude":63.815358,"currentOwner":{"name":"Harlequin","id":31991},"time":"2021-07-15T12:54:20+0000","type":"takeover","longitude":20.219803},{"zone":{"previousOwner":{"name":"gerkhe","id":335842},"dateCreated":"2012-05-12T19:26:21+0000","dateLastTaken":"2021-07-15T12:54:19+0000","latitude":59.254445,"currentOwner":{"name":"peda","id":333652},"name":"SvängVägen","id":8918,"totalTakeovers":3621,"region":{"area":{"name":"Huddinge kommun","id":1830},"country":"se","name":"Stockholm","id":141},"pointsPerHour":6,"longitude":17.971409,"takeoverPoints":110},"latitude":59.254445,"currentOwner":{"name":"peda","id":333652},"time":"2021-07-15T12:54:19+0000","type":"takeover","longitude":17.971409},{"zone":{"previousOwner":{"name":"evalin","id":120753},"dateCreated":"2015-07-29T14:35:12+0000","dateLastTaken":"2021-07-15T12:54:19+0000","latitude":63.160976,"currentOwner":{"name":"Clipperton","id":161073},"name":"Tallkilen","id":55971,"totalTakeovers":4322,"region":{"area":{"name":"Östersunds kommun","id":2050},"country":"se","name":"Jämtland","id":128},"pointsPerHour":6,"longitude":14.665727,"takeoverPoints":110},"latitude":63.160976,"currentOwner":{"name":"Clipperton","id":161073},"time":"2021-07-15T12:54:19+0000","type":"takeover","longitude":14.665727},{"zone":{"previousOwner":{"name":"trexker","id":335855},"dateCreated":"2014-12-24T11:00:00+0000","dateLastTaken":"2021-07-15T12:54:19+0000","latitude":65.825158,"currentOwner":{"name":"Abacus","id":110951},"name":"KungAfBoden","id":41566,"totalTakeovers":2825,"region":{"area":{"name":"Bodens kommun","id":1799},"country":"se","name":"Norrbotten","id":126},"pointsPerHour":3,"longitude":21.691591,"takeoverPoints":155},"latitude":65.825158,"currentOwner":{"name":"Abacus","id":110951},"time":"2021-07-15T12:54:19+0000","type":"takeover","longitude":21.691591},{"zone":{"previousOwner":{"name":"Heureka","id":89635},"dateCreated":"2010-08-03T00:00:00+0000","dateLastTaken":"2021-07-15T12:54:15+0000","latitude":59.342476,"currentOwner":{"name":"Hillstomper","id":187926},"name":"LibraryZone","id":323,"totalTakeovers":15156,"region":{"area":{"name":"Stockholms kommun","id":1828},"country":"se","name":"Stockholm","id":141},"pointsPerHour":8,"longitude":18.056347,"takeoverPoints":80},"latitude":59.342476,"currentOwner":{"name":"Hillstomper","id":187926},"time":"2021-07-15T12:54:15+0000","type":"takeover","longitude":18.056347},{"zone":{"previousOwner":{"name":"vhscout","id":252354},"dateCreated":"2012-06-30T08:21:19+0000","dateLastTaken":"2021-07-15T12:54:15+0000","latitude":56.850704,"currentOwner":{"name":"mipson","id":5517},"name":"KostaBoda","id":9560,"totalTakeovers":640,"region":{"area":{"name":"Lessebo kommun","id":2001},"country":"se","name":"Kronoberg","id":147},"pointsPerHour":2,"longitude":15.395743,"takeoverPoints":170},"latitude":56.850704,"currentOwner":{"name":"mipson","id":5517},"time":"2021-07-15T12:54:15+0000","type":"takeover","longitude":15.395743},{"zone":{"previousOwner":{"name":"GCN","id":95999},"dateCreated":"2013-10-09T06:06:45+0000","dateLastTaken":"2021-07-15T12:54:13+0000","latitude":59.324458,"currentOwner":{"name":"Falo","id":43501},"name":"SturesKoloni","id":22073,"totalTakeovers":7199,"region":{"area":{"name":"Karlskoga kommun","id":1818},"country":"se","name":"Örebro","id":131},"pointsPerHour":6,"longitude":14.526974,"takeoverPoints":110},"latitude":59.324458,"currentOwner":{"name":"Falo","id":43501},"time":"2021-07-15T12:54:13+0000","type":"takeover","longitude":14.526974},{"zone":{"previousOwner":{"name":"Pekman","id":230852},"dateCreated":"2010-07-17T00:00:00+0000","dateLastTaken":"2021-07-15T12:54:13+0000","latitude":59.336051,"currentOwner":{"name":"viktor1978","id":159217},"name":"StureZone","id":243,"totalTakeovers":23155,"region":{"area":{"name":"Stockholms kommun","id":1828},"country":"se","name":"Stockholm","id":141},"pointsPerHour":9,"longitude":18.072962,"takeoverPoints":65},"latitude":59.336051,"currentOwner":{"name":"viktor1978","id":159217},"time":"2021-07-15T12:54:13+0000","type":"takeover","longitude":18.072962},{"zone":{"previousOwner":{"name":"Welshman","id":305225},"dateCreated":"2015-10-04T20:32:24+0000","dateLastTaken":"2021-07-15T12:54:12+0000","latitude":60.459851,"currentOwner":{"name":"NightOwl","id":186746},"name":"Surrounded","id":59969,"totalTakeovers":635,"region":{"area":{"name":"Turku","id":2201},"country":"fi","name":"Lounais-Suomi","id":184},"pointsPerHour":2,"longitude":22.26732,"takeoverPoints":170},"latitude":60.459851,"currentOwner":{"name":"NightOwl","id":186746},"time":"2021-07-15T12:54:12+0000","type":"takeover","longitude":22.26732},{"zone":{"previousOwner":{"name":"throkk","id":16063},"dateCreated":"2015-01-12T17:00:00+0000","dateLastTaken":"2021-07-15T12:54:12+0000","latitude":59.868702,"currentOwner":{"name":"Munin","id":62408},"name":"Seminariepark","id":43737,"totalTakeovers":13015,"region":{"area":{"name":"Uppsala kommun","id":1977},"country":"se","name":"Uppsala","id":142},"pointsPerHour":8,"longitude":17.621124,"takeoverPoints":80},"latitude":59.868702,"currentOwner":{"name":"Munin","id":62408},"time":"2021-07-15T12:54:12+0000","type":"takeover","longitude":17.621124},{"zone":{"previousOwner":{"name":"Weeturfarn","id":63172},"dateCreated":"2013-09-30T16:36:50+0000","dateLastTaken":"2021-07-15T12:54:12+0000","latitude":65.100667,"currentOwner":{"name":"Snatterman","id":120690},"name":"Beachvolley","id":21903,"totalTakeovers":1370,"region":{"area":{"name":"Storumans kommun","id":2066},"country":"se","name":"Västerbotten","id":127},"pointsPerHour":2,"longitude":17.116793,"takeoverPoints":170},"latitude":65.100667,"currentOwner":{"name":"Snatterman","id":120690},"time":"2021-07-15T12:54:12+0000","type":"takeover","longitude":17.116793},{"zone":{"previousOwner":{"name":"Funky","id":149372},"dateCreated":"2012-11-23T21:05:04+0000","dateLastTaken":"2021-07-15T12:54:10+0000","latitude":57.684489,"currentOwner":{"name":"amba","id":69202},"name":"SvenneKäll","id":12047,"totalTakeovers":3871,"region":{"area":{"name":"Göteborgs kommun","id":1885},"country":"se","name":"Västra Götaland","id":132},"pointsPerHour":4,"longitude":11.878993,"takeoverPoints":140},"latitude":57.684489,"currentOwner":{"name":"amba","id":69202},"time":"2021-07-15T12:54:10+0000","type":"takeover","longitude":11.878993},{"zone":{"previousOwner":{"name":"KnöchlaMannen","id":303394},"dateCreated":"2017-02-17T06:00:00+0000","dateLastTaken":"2021-07-15T12:54:06+0000","latitude":58.307084,"currentOwner":{"name":"Landpiraten","id":154688},"name":"Stocklycke","id":95239,"totalTakeovers":145,"region":{"area":{"name":"Ödeshögs kommun","id":1863},"country":"se","name":"Östergötland","id":139},"pointsPerHour":2,"longitude":14.627294,"takeoverPoints":170},"latitude":58.307084,"currentOwner":{"name":"Landpiraten","id":154688},"time":"2021-07-15T12:54:06+0000","type":"takeover","longitude":14.627294},{"zone":{"previousOwner":{"name":"YotH","id":136726},"dateCreated":"2021-04-11T09:00:00+0000","dateLastTaken":"2021-07-15T12:54:05+0000","latitude":60.247313,"currentOwner":{"name":"MrCoolWat.","id":227290},"name":"PålsCorner","id":396209,"totalTakeovers":44,"region":{"area":{"name":"Finström","id":2181},"country":"fi","name":"Åland","id":177},"pointsPerHour":3,"longitude":19.958473,"takeoverPoints":155},"latitude":60.247313,"currentOwner":{"name":"MrCoolWat.","id":227290},"time":"2021-07-15T12:54:05+0000","type":"takeover","longitude":19.958473},{"zone":{"previousOwner":{"name":"Allwar","id":213605},"dateLastTaken":"2021-07-15T12:54:05+0000","latitude":60.15252,"totalTakeovers":6003,"type":{"name":"Monument","id":21},"pointsPerHour":6,"takeoverPoints":110,"dateCreated":"2011-03-16T19:10:40+0000","currentOwner":{"name":"Miner","id":68575},"name":"PonyZone","id":1574,"region":{"area":{"name":"Avesta kommun","id":1870},"country":"se","name":"Dalarna","id":129},"longitude":16.200454},"latitude":60.15252,"currentOwner":{"name":"Miner","id":68575},"time":"2021-07-15T12:54:05+0000","type":"takeover","longitude":16.200454},{"zone":{"previousOwner":{"name":"loviskatt","id":297794},"dateCreated":"2011-09-06T16:23:19+0000","dateLastTaken":"2021-07-15T12:53:57+0000","latitude":59.329885,"currentOwner":{"name":"JENZA","id":105530},"name":"Olovzone","id":3091,"totalTakeovers":2625,"region":{"area":{"name":"Stockholms kommun","id":1828},"country":"se","name":"Stockholm","id":141},"pointsPerHour":4,"longitude":17.941582,"takeoverPoints":140},"latitude":59.329885,"currentOwner":{"name":"JENZA","id":105530},"time":"2021-07-15T12:53:57+0000","type":"takeover","longitude":17.941582},{"zone":{"previousOwner":{"name":"recycling","id":79989},"dateCreated":"2019-08-09T10:30:00+0000","dateLastTaken":"2021-07-15T12:53:55+0000","latitude":57.734804,"currentOwner":{"name":"NST","id":211288},"name":"Backhopparen","id":204188,"totalTakeovers":1330,"region":{"area":{"name":"Västerviks kommun","id":2022},"country":"se","name":"Kalmar","id":137},"pointsPerHour":4,"longitude":16.643645,"takeoverPoints":140},"latitude":57.734804,"currentOwner":{"name":"NST","id":211288},"time":"2021-07-15T12:53:55+0000","type":"takeover","longitude":16.643645},{"zone":{"previousOwner":{"name":"zont77","id":115027},"dateCreated":"2011-09-05T19:06:39+0000","dateLastTaken":"2021-07-15T12:53:55+0000","latitude":65.331058,"currentOwner":{"name":"Ni_ki_ta","id":233048},"name":"ShankZone","id":3065,"totalTakeovers":3857,"region":{"area":{"name":"Piteå kommun","id":1797},"country":"se","name":"Norrbotten","id":126},"pointsPerHour":4,"longitude":21.480456,"takeoverPoints":140},"latitude":65.331058,"currentOwner":{"name":"Ni_ki_ta","id":233048},"time":"2021-07-15T12:53:55+0000","type":"takeover","longitude":21.480456},{"zone":{"previousOwner":{"name":"turfpelle","id":123679},"dateCreated":"2017-06-27T07:30:00+0000","dateLastTaken":"2021-07-15T12:53:55+0000","latitude":55.633432,"currentOwner":{"name":"retsirK","id":210933},"name":"AmazingZone","id":115001,"totalTakeovers":832,"region":{"area":{"name":"Sjöbo kommun","id":1964},"country":"se","name":"Skåne","id":135},"pointsPerHour":2,"longitude":13.707462,"takeoverPoints":170},"latitude":55.633432,"currentOwner":{"name":"retsirK","id":210933},"time":"2021-07-15T12:53:55+0000","type":"takeover","longitude":13.707462},{"zone":{"previousOwner":{"name":"grimric","id":267536},"dateLastTaken":"2021-07-15T12:53:48+0000","latitude":55.722228,"totalTakeovers":821,"type":{"name":"Holy","id":9},"pointsPerHour":3,"takeoverPoints":155,"dateCreated":"2015-12-10T21:24:11+0000","currentOwner":{"name":"a1t1","id":329772},"name":"SandbyKyrka","id":61937,"region":{"area":{"name":"Lunds kommun","id":1948},"country":"se","name":"Skåne","id":135},"longitude":13.340898},"latitude":55.722228,"currentOwner":{"name":"a1t1","id":329772},"time":"2021-07-15T12:53:48+0000","type":"takeover","longitude":13.340898},{"zone":{"previousOwner":{"name":"MadMajk","id":18954},"dateCreated":"2010-09-02T00:00:00+0000","dateLastTaken":"2021-07-15T12:53:48+0000","latitude":57.755994,"currentOwner":{"name":"Toubkal","id":24982},"name":"HermelinZzz","id":767,"totalTakeovers":3077,"region":{"area":{"name":"Jönköpings kommun","id":1897},"country":"se","name":"Jönköping","id":133},"pointsPerHour":3,"longitude":14.171333,"takeoverPoints":155},"latitude":57.755994,"currentOwner":{"name":"Toubkal","id":24982},"time":"2021-07-15T12:53:48+0000","type":"takeover","longitude":14.171333},{"zone":{"previousOwner":{"name":"GCN","id":95999},"dateCreated":"2014-12-24T11:00:00+0000","dateLastTaken":"2021-07-15T12:53:47+0000","latitude":59.326851,"currentOwner":{"name":"Bxc","id":120301},"name":"LillaLovise","id":43209,"totalTakeovers":9231,"region":{"area":{"name":"Karlskoga kommun","id":1818},"country":"se","name":"Örebro","id":131},"pointsPerHour":7,"longitude":14.529624,"takeoverPoints":95},"latitude":59.326851,"currentOwner":{"name":"Bxc","id":120301},"time":"2021-07-15T12:53:47+0000","type":"takeover","longitude":14.529624},{"zone":{"previousOwner":{"name":"Joamo","id":125983},"dateCreated":"2018-06-15T16:00:00+0000","dateLastTaken":"2021-07-15T12:53:46+0000","latitude":57.172872,"currentOwner":{"name":"Molliebus","id":138411},"name":"Connecting","id":152559,"totalTakeovers":64,"region":{"area":{"name":"Uppvidinge kommun","id":2002},"country":"se","name":"Kronoberg","id":147},"pointsPerHour":1,"longitude":15.34242,"takeoverPoints":185},"assists":[{"name":"kackerlackan","id":138198}],"latitude":57.172872,"currentOwner":{"name":"Molliebus","id":138411},"time":"2021-07-15T12:53:46+0000","type":"takeover","longitude":15.34242},{"zone":{"previousOwner":{"name":"Lakiegirl","id":214173},"dateCreated":"2018-09-22T10:39:52+0000","dateLastTaken":"2021-07-15T12:53:46+0000","latitude":57.673444,"currentOwner":{"name":"applepip","id":305326},"name":"BurnsidePath","id":169128,"totalTakeovers":106,"region":{"area":{"name":"Moray","id":2798},"country":"gb","name":"Scotland","id":200},"pointsPerHour":2,"longitude":-3.114556,"takeoverPoints":170},"latitude":57.673444,"currentOwner":{"name":"applepip","id":305326},"time":"2021-07-15T12:53:46+0000","type":"takeover","longitude":-3.114556},{"zone":{"previousOwner":{"name":"CySu","id":323779},"dateCreated":"2012-04-02T21:10:18+0000","dateLastTaken":"2021-07-15T12:53:45+0000","latitude":65.590786,"currentOwner":{"name":"grock","id":189790},"name":"WaterWalk","id":7889,"totalTakeovers":6919,"region":{"area":{"name":"Luleå kommun","id":1798},"country":"se","name":"Norrbotten","id":126},"pointsPerHour":7,"longitude":22.179594,"takeoverPoints":95},"latitude":65.590786,"currentOwner":{"name":"grock","id":189790},"time":"2021-07-15T12:53:45+0000","type":"takeover","longitude":22.179594},{"zone":{"previousOwner":{"name":"MrSnyten","id":271110},"dateCreated":"2013-10-25T09:45:00+0000","dateLastTaken":"2021-07-15T12:53:42+0000","latitude":59.611434,"currentOwner":{"name":"Kartago","id":232934},"name":"Bussgaraget","id":22337,"totalTakeovers":20658,"region":{"area":{"name":"Västerås","id":1807},"country":"se","name":"Västmanland","id":143},"pointsPerHour":9,"longitude":16.565453,"takeoverPoints":65},"latitude":59.611434,"currentOwner":{"name":"Kartago","id":232934},"time":"2021-07-15T12:53:42+0000","type":"takeover","longitude":16.565453},{"zone":{"previousOwner":{"name":"NightOwl","id":186746},"dateCreated":"2018-02-22T07:41:41+0000","dateLastTaken":"2021-07-15T12:53:41+0000","latitude":60.465585,"currentOwner":{"name":"Xtrmrunner","id":305266},"name":"Pikkufutis","id":141427,"totalTakeovers":297,"region":{"area":{"name":"Turku","id":2201},"country":"fi","name":"Lounais-Suomi","id":184},"pointsPerHour":1,"longitude":22.279045,"takeoverPoints":185},"latitude":60.465585,"currentOwner":{"name":"Xtrmrunner","id":305266},"time":"2021-07-15T12:53:41+0000","type":"takeover","longitude":22.279045},{"zone":{"previousOwner":{"name":"Scaniahenke","id":201540},"dateCreated":"2018-09-29T14:58:48+0000","dateLastTaken":"2021-07-15T12:53:41+0000","latitude":60.98907,"currentOwner":{"name":"Hejomewa","id":233208},"name":"FleraPippi","id":170146,"totalTakeovers":176,"region":{"area":{"name":"Mora kommun","id":1867},"country":"se","name":"Dalarna","id":129},"pointsPerHour":1,"longitude":14.546499,"takeoverPoints":185},"assists":[{"name":"wabbe65","id":55204}],"latitude":60.98907,"currentOwner":{"name":"Hejomewa","id":233208},"time":"2021-07-15T12:53:41+0000","type":"takeover","longitude":14.546499},{"zone":{"previousOwner":{"name":"MoraIK","id":158799},"dateCreated":"2014-06-20T10:00:00+0000","dateLastTaken":"2021-07-15T12:53:37+0000","latitude":60.595494,"currentOwner":{"name":"Flygmalaja","id":18884},"name":"Kopparkomplex","id":31706,"totalTakeovers":2834,"region":{"area":{"name":"Falu kommun","id":1865},"country":"se","name":"Dalarna","id":129},"pointsPerHour":4,"longitude":15.641869,"takeoverPoints":140},"latitude":60.595494,"currentOwner":{"name":"Flygmalaja","id":18884},"time":"2021-07-15T12:53:37+0000","type":"takeover","longitude":15.641869},{"zone":{"previousOwner":{"name":"C3PO.","id":265321},"dateCreated":"2014-07-25T22:48:22+0000","dateLastTaken":"2021-07-15T12:53:37+0000","latitude":60.087574,"currentOwner":{"name":"anthi","id":285613},"name":"DangerJump","id":32687,"totalTakeovers":3626,"region":{"area":{"name":"Mariehamn","id":2176},"country":"fi","name":"Åland","id":177},"pointsPerHour":6,"longitude":19.930757,"takeoverPoints":110},"assists":[{"name":"TurfUlf2","id":186093}],"latitude":60.087574,"currentOwner":{"name":"anthi","id":285613},"time":"2021-07-15T12:53:37+0000","type":"takeover","longitude":19.930757},{"zone":{"dateCreated":"2021-02-28T22:00:00+0000","dateLastTaken":"2021-07-15T12:53:34+0000","latitude":55.877116,"currentOwner":{"name":"LangTouner","id":302846},"name":"Skytower","id":381444,"totalTakeovers":2,"region":{"area":{"name":"North Lanarkshire","id":2790},"country":"gb","name":"Scotland","id":200},"pointsPerHour":1,"longitude":-3.960443,"takeoverPoints":185},"latitude":55.877116,"currentOwner":{"name":"LangTouner","id":302846},"time":"2021-07-15T12:53:34+0000","type":"takeover","longitude":-3.960443},{"zone":{"previousOwner":{"name":"Has","id":281981},"dateCreated":"2011-02-12T00:00:00+0000","dateLastTaken":"2021-07-15T12:53:31+0000","latitude":57.487205,"currentOwner":{"name":"Has","id":281981},"name":"Kingshill","id":1262,"totalTakeovers":4909,"region":{"area":{"name":"Kungsbacka kommun","id":1982},"country":"se","name":"Halland","id":134},"pointsPerHour":5,"longitude":12.076285,"takeoverPoints":125},"latitude":57.487205,"currentOwner":{"name":"Has","id":281981},"time":"2021-07-15T12:53:31+0000","type":"takeover","longitude":12.076285},{"zone":{"previousOwner":{"name":"Magister_R","id":159592},"dateCreated":"2013-11-04T20:17:07+0000","dateLastTaken":"2021-07-15T12:53:31+0000","latitude":58.747949,"currentOwner":{"name":"Engdod","id":300976},"name":"LenningsZone","id":22750,"totalTakeovers":5002,"region":{"area":{"name":"Nyköpings kommun","id":3044},"country":"se","name":"Södermanland","id":140},"pointsPerHour":6,"longitude":17.02955,"takeoverPoints":110},"latitude":58.747949,"currentOwner":{"name":"Engdod","id":300976},"time":"2021-07-15T12:53:31+0000","type":"takeover","longitude":17.02955},{"zone":{"previousOwner":{"name":"fruhannaa","id":199831},"dateCreated":"2013-12-24T15:00:00+0000","dateLastTaken":"2021-07-15T12:53:31+0000","latitude":60.632808,"currentOwner":{"name":"cyklisteva","id":144274},"name":"ValboFlags","id":24351,"totalTakeovers":2607,"region":{"area":{"name":"Gävle kommun","id":1895},"country":"se","name":"Gävleborg","id":144},"pointsPerHour":4,"longitude":16.988947,"takeoverPoints":140},"latitude":60.632808,"currentOwner":{"name":"cyklisteva","id":144274},"time":"2021-07-15T12:53:31+0000","type":"takeover","longitude":16.988947},{"zone":{"previousOwner":{"name":"GW007","id":77704},"dateCreated":"2015-04-30T16:43:55+0000","dateLastTaken":"2021-07-15T12:53:30+0000","latitude":56.70291,"currentOwner":{"name":"Jagdpanther","id":77661},"name":"Kompisen","id":50659,"totalTakeovers":4340,"region":{"area":{"name":"Kalmar kommun","id":2015},"country":"se","name":"Kalmar","id":137},"pointsPerHour":5,"longitude":16.341994,"takeoverPoints":125},"latitude":56.70291,"currentOwner":{"name":"Jagdpanther","id":77661},"time":"2021-07-15T12:53:30+0000","type":"takeover","longitude":16.341994},{"zone":{"previousOwner":{"name":"Turfarfar","id":60074},"dateCreated":"2011-05-30T16:16:05+0000","dateLastTaken":"2021-07-15T12:53:30+0000","latitude":55.717753,"currentOwner":{"name":"TuonoV4","id":280997},"name":"Freshwater","id":1747,"totalTakeovers":14873,"region":{"area":{"name":"Lunds kommun","id":1948},"country":"se","name":"Skåne","id":135},"pointsPerHour":6,"longitude":13.226632,"takeoverPoints":110},"latitude":55.717753,"currentOwner":{"name":"TuonoV4","id":280997},"time":"2021-07-15T12:53:30+0000","type":"takeover","longitude":13.226632},{"zone":{"previousOwner":{"name":"Katebo","id":176989},"dateCreated":"2011-07-31T10:00:46+0000","dateLastTaken":"2021-07-15T12:53:29+0000","latitude":59.18132,"currentOwner":{"name":"Rod_Polsan","id":129152},"name":"ParkingZone","id":2415,"totalTakeovers":6492,"region":{"area":{"name":"Haninge kommun","id":1883},"country":"se","name":"Stockholm","id":141},"pointsPerHour":6,"longitude":18.160114,"takeoverPoints":110},"latitude":59.18132,"currentOwner":{"name":"Rod_Polsan","id":129152},"time":"2021-07-15T12:53:29+0000","type":"takeover","longitude":18.160114},{"zone":{"previousOwner":{"name":"Spillefuglen","id":256154},"dateCreated":"2012-01-14T21:38:09+0000","dateLastTaken":"2021-07-15T12:53:28+0000","latitude":55.681846,"currentOwner":{"name":"Nybegynner","id":267616},"name":"KongensKultur","id":5713,"totalTakeovers":154,"region":{"area":{"name":"Københavns Kommune","id":2102},"country":"dk","name":"Hovedstaden","id":172},"pointsPerHour":1,"longitude":12.603905,"takeoverPoints":185},"latitude":55.681846,"currentOwner":{"name":"Nybegynner","id":267616},"time":"2021-07-15T12:53:28+0000","type":"takeover","longitude":12.603905},{"zone":{"previousOwner":{"name":"hunden2berry","id":124460},"dateCreated":"2017-03-24T21:30:00+0000","dateLastTaken":"2021-07-15T12:53:26+0000","latitude":59.239391,"currentOwner":{"name":"hunden2berry","id":124460},"name":"Snusbullraek","id":96773,"totalTakeovers":759,"region":{"area":{"name":"Tyresö kommun","id":1843},"country":"se","name":"Stockholm","id":141},"pointsPerHour":3,"longitude":18.289548,"takeoverPoints":155},"latitude":59.239391,"currentOwner":{"name":"hunden2berry","id":124460},"time":"2021-07-15T12:53:26+0000","type":"takeover","longitude":18.289548},{"zone":{"previousOwner":{"name":"Mola73","id":211171},"dateCreated":"2019-06-20T10:30:00+0000","dateLastTaken":"2021-07-15T12:53:20+0000","latitude":55.597499,"currentOwner":{"name":"j.x","id":278234},"name":"NoseOfAToft","id":199359,"totalTakeovers":752,"region":{"area":{"name":"Malmö kommun","id":1898},"country":"se","name":"Skåne","id":135},"pointsPerHour":5,"longitude":13.097591,"takeoverPoints":125},"latitude":55.597499,"currentOwner":{"name":"j.x","id":278234},"time":"2021-07-15T12:53:20+0000","type":"takeover","longitude":13.097591},{"zone":{"previousOwner":{"name":"Pilgrim","id":60557},"dateCreated":"2012-09-24T21:32:17+0000","dateLastTaken":"2021-07-15T12:53:13+0000","latitude":57.716611,"currentOwner":{"name":"Dadeee","id":327379},"name":"GullStrand","id":11474,"totalTakeovers":5248,"region":{"area":{"name":"Göteborgs kommun","id":1885},"country":"se","name":"Västra Götaland","id":132},"pointsPerHour":7,"longitude":11.975538,"takeoverPoints":95},"latitude":57.716611,"currentOwner":{"name":"Dadeee","id":327379},"time":"2021-07-15T12:53:13+0000","type":"takeover","longitude":11.975538},{"zone":{"previousOwner":{"name":"vildapeln","id":317420},"dateCreated":"2013-08-18T10:54:55+0000","dateLastTaken":"2021-07-15T12:53:13+0000","latitude":57.688596,"currentOwner":{"name":"sjörövarjenny","id":280157},"name":"RenaSnurren","id":21345,"totalTakeovers":10092,"region":{"area":{"name":"Göteborgs kommun","id":1885},"country":"se","name":"Västra Götaland","id":132},"pointsPerHour":8,"longitude":11.948028,"takeoverPoints":80},"latitude":57.688596,"currentOwner":{"name":"sjörövarjenny","id":280157},"time":"2021-07-15T12:53:13+0000","type":"takeover","longitude":11.948028},{"zone":{"previousOwner":{"name":"Suedehead","id":79931},"dateCreated":"2021-06-13T09:04:23+0000","dateLastTaken":"2021-07-15T12:53:12+0000","latitude":59.413493,"currentOwner":{"name":"Deppen","id":195631},"name":"KullöGrill","id":427461,"totalTakeovers":12,"region":{"area":{"name":"Vaxholms kommun","id":1890},"country":"se","name":"Stockholm","id":141},"pointsPerHour":3,"longitude":18.293591,"takeoverPoints":155},"latitude":59.413493,"currentOwner":{"name":"Deppen","id":195631},"time":"2021-07-15T12:53:12+0000","type":"takeover","longitude":18.293591},{"zone":{"previousOwner":{"name":"150år","id":80009},"dateCreated":"2017-07-12T17:00:00+0000","dateLastTaken":"2021-07-15T12:53:11+0000","latitude":58.269827,"currentOwner":{"name":"Jordgloben","id":241982},"name":"Havspromenad","id":115254,"totalTakeovers":1648,"region":{"area":{"name":"Lysekils kommun","id":1899},"country":"se","name":"Västra Götaland","id":132},"pointsPerHour":3,"longitude":11.435848,"takeoverPoints":155},"latitude":58.269827,"currentOwner":{"name":"Jordgloben","id":241982},"time":"2021-07-15T12:53:11+0000","type":"takeover","longitude":11.435848},{"zone":{"previousOwner":{"name":"LenaI","id":30500},"dateCreated":"2012-02-09T18:45:45+0000","dateLastTaken":"2021-07-15T12:53:04+0000","latitude":63.826687,"currentOwner":{"name":"Gudrun1","id":305388},"name":"UmeJudge","id":6160,"totalTakeovers":25448,"region":{"area":{"name":"Umeå kommun","id":2064},"country":"se","name":"Västerbotten","id":127},"pointsPerHour":9,"longitude":20.254238,"takeoverPoints":65},"latitude":63.826687,"currentOwner":{"name":"Gudrun1","id":305388},"time":"2021-07-15T12:53:04+0000","type":"takeover","longitude":20.254238},{"zone":{"previousOwner":{"name":"Gubbenglömsk","id":103318},"dateCreated":"2014-07-26T13:59:27+0000","dateLastTaken":"2021-07-15T12:53:02+0000","latitude":59.623581,"currentOwner":{"name":"pimjoh","id":293884},"name":"Rockringen","id":31954,"totalTakeovers":10973,"region":{"area":{"name":"Västerås","id":1807},"country":"se","name":"Västmanland","id":143},"pointsPerHour":8,"longitude":16.530999,"takeoverPoints":80},"latitude":59.623581,"currentOwner":{"name":"pimjoh","id":293884},"time":"2021-07-15T12:53:02+0000","type":"takeover","longitude":16.530999},{"zone":{"previousOwner":{"name":"Abacus","id":110951},"dateCreated":"2014-12-13T13:09:00+0000","dateLastTaken":"2021-07-15T12:52:56+0000","latitude":65.834923,"currentOwner":{"name":"trexker","id":335855},"name":"LokesLillaGet","id":42695,"totalTakeovers":1348,"region":{"area":{"name":"Bodens kommun","id":1799},"country":"se","name":"Norrbotten","id":126},"pointsPerHour":3,"longitude":21.698419,"takeoverPoints":155},"latitude":65.834923,"currentOwner":{"name":"trexker","id":335855},"time":"2021-07-15T12:52:56+0000","type":"takeover","longitude":21.698419},{"zone":{"previousOwner":{"name":"AudioPelle","id":63238},"dateCreated":"2015-03-10T00:00:00+0000","dateLastTaken":"2021-07-15T12:52:55+0000","latitude":58.682489,"currentOwner":{"name":"hkburre","id":253553},"name":"Asparen","id":46342,"totalTakeovers":4181,"region":{"area":{"name":"Oxelösunds kommun","id":1849},"country":"se","name":"Södermanland","id":140},"pointsPerHour":5,"longitude":17.089556,"takeoverPoints":125},"latitude":58.682489,"currentOwner":{"name":"hkburre","id":253553},"time":"2021-07-15T12:52:55+0000","type":"takeover","longitude":17.089556},{"zone":{"previousOwner":{"name":"GW007","id":77704},"dateLastTaken":"2021-07-15T12:52:54+0000","latitude":56.656392,"totalTakeovers":8547,"type":{"name":"Winner Zone","id":6},"pointsPerHour":5,"takeoverPoints":125,"dateCreated":"2013-11-04T11:00:00+0000","currentOwner":{"name":"kiwi_kz7","id":38191},"name":"ThroneOfSune","id":22702,"region":{"area":{"name":"Kalmar kommun","id":2015},"country":"se","name":"Kalmar","id":137},"longitude":16.353214},"assists":[{"name":"Flisan62","id":43530},{"name":"Snabelanna","id":27629}],"latitude":56.656392,"currentOwner":{"name":"kiwi_kz7","id":38191},"time":"2021-07-15T12:52:54+0000","type":"takeover","longitude":16.353214},{"zone":{"previousOwner":{"name":"CattisB","id":113958},"dateLastTaken":"2021-07-15T12:52:50+0000","latitude":59.340738,"totalTakeovers":18459,"type":{"name":"Bridge","id":8},"pointsPerHour":9,"takeoverPoints":65,"dateCreated":"2010-07-17T00:00:00+0000","currentOwner":{"name":"RiddervanMyyl","id":94662},"name":"EkelundZone","id":209,"region":{"area":{"name":"Stockholms kommun","id":1828},"country":"se","name":"Stockholm","id":141},"longitude":18.012967},"latitude":59.340738,"currentOwner":{"name":"RiddervanMyyl","id":94662},"time":"2021-07-15T12:52:50+0000","type":"takeover","longitude":18.012967},{"zone":{"previousOwner":{"name":"Pilgrim","id":60557},"dateCreated":"2016-06-06T04:00:00+0000","dateLastTaken":"2021-07-15T12:52:50+0000","latitude":57.692346,"currentOwner":{"name":"kakissen","id":106959},"name":"Kullerkullar","id":75883,"totalTakeovers":9723,"region":{"area":{"name":"Göteborgs kommun","id":1885},"country":"se","name":"Västra Götaland","id":132},"pointsPerHour":8,"longitude":11.954835,"takeoverPoints":80},"latitude":57.692346,"currentOwner":{"name":"kakissen","id":106959},"time":"2021-07-15T12:52:50+0000","type":"takeover","longitude":11.954835},{"zone":{"previousOwner":{"name":"ordoman","id":254762},"dateCreated":"2014-08-25T19:54:08+0000","dateLastTaken":"2021-07-15T12:52:49+0000","latitude":60.514245,"currentOwner":{"name":"Uralstrix","id":92422},"name":"Lisskogsåsen","id":33774,"totalTakeovers":180,"region":{"area":{"name":"Malung-Sälens kommun","id":1866},"country":"se","name":"Dalarna","id":129},"pointsPerHour":1,"longitude":13.487674,"takeoverPoints":185},"latitude":60.514245,"currentOwner":{"name":"Uralstrix","id":92422},"time":"2021-07-15T12:52:49+0000","type":"takeover","longitude":13.487674},{"zone":{"previousOwner":{"name":"Celsius","id":271715},"dateLastTaken":"2021-07-15T12:52:49+0000","latitude":56.07038,"totalTakeovers":87,"type":{"name":"Bridge","id":8},"pointsPerHour":1,"takeoverPoints":185,"dateCreated":"2018-06-20T13:28:03+0000","currentOwner":{"name":"NSG_turf","id":42431},"name":"BromöllaBro","id":154348,"region":{"area":{"name":"Bromölla kommun","id":1969},"country":"se","name":"Skåne","id":135},"longitude":14.46439},"latitude":56.07038,"currentOwner":{"name":"NSG_turf","id":42431},"time":"2021-07-15T12:52:49+0000","type":"takeover","longitude":14.46439},{"zone":{"previousOwner":{"name":"TurfUlf2","id":186093},"dateLastTaken":"2021-07-15T12:52:49+0000","latitude":60.109258,"totalTakeovers":4269,"type":{"name":"Winner Zone","id":6},"pointsPerHour":7,"takeoverPoints":95,"dateCreated":"2018-12-26T10:00:00+0000","currentOwner":{"name":"Lillbacka","id":92956},"name":"KossanAdjö","id":178392,"region":{"area":{"name":"Mariehamn","id":2176},"country":"fi","name":"Åland","id":177},"longitude":19.941112},"latitude":60.109258,"currentOwner":{"name":"Lillbacka","id":92956},"time":"2021-07-15T12:52:49+0000","type":"takeover","longitude":19.941112},{"zone":{"dateCreated":"2016-12-26T08:31:02+0000","dateLastTaken":"2021-07-15T12:52:47+0000","latitude":57.749864,"currentOwner":{"name":"Truplu","id":74109},"name":"Hestrastugan","id":92962,"totalTakeovers":196,"region":{"area":{"name":"Borås kommun","id":1903},"country":"se","name":"Västra Götaland","id":132},"pointsPerHour":1,"longitude":12.887063,"takeoverPoints":185},"latitude":57.749864,"currentOwner":{"name":"Truplu","id":74109},"time":"2021-07-15T12:52:47+0000","type":"takeover","longitude":12.887063},{"zone":{"previousOwner":{"name":"tur(f)gor","id":144328},"dateCreated":"2011-09-03T19:07:01+0000","dateLastTaken":"2021-07-15T12:52:46+0000","latitude":63.81299,"currentOwner":{"name":"Harlequin","id":31991},"name":"RealmZone","id":2998,"totalTakeovers":14349,"region":{"area":{"name":"Umeå kommun","id":2064},"country":"se","name":"Västerbotten","id":127},"pointsPerHour":8,"longitude":20.213099,"takeoverPoints":80},"latitude":63.81299,"currentOwner":{"name":"Harlequin","id":31991},"time":"2021-07-15T12:52:46+0000","type":"takeover","longitude":20.213099},{"zone":{"previousOwner":{"name":"kjtindall","id":292775},"dateCreated":"2020-08-27T10:00:00+0000","dateLastTaken":"2021-07-15T12:52:44+0000","latitude":56.082221,"currentOwner":{"name":"Roselea","id":309108},"name":"Stethoscope","id":322131,"totalTakeovers":197,"region":{"area":{"name":"Fife","id":2795},"country":"gb","name":"Scotland","id":200},"pointsPerHour":3,"longitude":-3.426536,"takeoverPoints":155},"latitude":56.082221,"currentOwner":{"name":"Roselea","id":309108},"time":"2021-07-15T12:52:44+0000","type":"takeover","longitude":-3.426536},{"zone":{"previousOwner":{"name":"ysel","id":64817},"dateCreated":"2014-05-29T22:17:17+0000","dateLastTaken":"2021-07-15T12:52:38+0000","latitude":59.870549,"currentOwner":{"name":"Munin","id":62408},"name":"FyrisFlytis","id":30798,"totalTakeovers":9037,"region":{"area":{"name":"Uppsala kommun","id":1977},"country":"se","name":"Uppsala","id":142},"pointsPerHour":8,"longitude":17.616374,"takeoverPoints":80},"latitude":59.870549,"currentOwner":{"name":"Munin","id":62408},"time":"2021-07-15T12:52:38+0000","type":"takeover","longitude":17.616374},{"zone":{"previousOwner":{"name":"clofen","id":155343},"dateCreated":"2014-03-17T14:00:00+0000","dateLastTaken":"2021-07-15T12:52:38+0000","latitude":57.112912,"currentOwner":{"name":"Movemania","id":22813},"name":"NedreSkyffeln","id":26954,"totalTakeovers":3652,"region":{"area":{"name":"Varbergs kommun","id":1984},"country":"se","name":"Halland","id":134},"pointsPerHour":2,"longitude":12.296586,"takeoverPoints":170},"latitude":57.112912,"currentOwner":{"name":"Movemania","id":22813},"time":"2021-07-15T12:52:38+0000","type":"takeover","longitude":12.296586},{"zone":{"dateCreated":"2017-12-08T11:07:08+0000","dateLastTaken":"2021-07-15T12:52:35+0000","latitude":57.70579,"currentOwner":{"name":"SeaTurtle","id":315661},"name":"FiddleRock","id":139238,"totalTakeovers":12,"region":{"area":{"name":"Moray","id":2798},"country":"gb","name":"Scotland","id":200},"pointsPerHour":1,"longitude":-2.852527,"takeoverPoints":185},"latitude":57.70579,"currentOwner":{"name":"SeaTurtle","id":315661},"time":"2021-07-15T12:52:35+0000","type":"takeover","longitude":-2.852527},{"zone":{"previousOwner":{"name":"CySu","id":323779},"dateCreated":"2016-04-27T22:38:14+0000","dateLastTaken":"2021-07-15T12:52:33+0000","latitude":65.592855,"currentOwner":{"name":"grock","id":189790},"name":"Skurholmskant","id":68108,"totalTakeovers":6324,"region":{"area":{"name":"Luleå kommun","id":1798},"country":"se","name":"Norrbotten","id":126},"pointsPerHour":7,"longitude":22.175076,"takeoverPoints":95},"latitude":65.592855,"currentOwner":{"name":"grock","id":189790},"time":"2021-07-15T12:52:33+0000","type":"takeover","longitude":22.175076},{"zone":{"dateCreated":"2013-06-15T08:00:00+0000","dateLastTaken":"2021-07-15T12:52:31+0000","latitude":53.647576,"currentOwner":{"name":"CoffeeCup","id":312772},"name":"RememberWar","id":18460,"totalTakeovers":18,"region":{"country":"gb","name":"Yorkshire & The Humber","id":202},"pointsPerHour":1,"longitude":-1.797819,"takeoverPoints":185},"latitude":53.647576,"currentOwner":{"name":"CoffeeCup","id":312772},"time":"2021-07-15T12:52:31+0000","type":"takeover","longitude":-1.797819},{"zone":{"previousOwner":{"name":"Lazycat","id":59545},"dateCreated":"2018-06-18T10:00:00+0000","dateLastTaken":"2021-07-15T12:52:30+0000","latitude":62.381654,"currentOwner":{"name":"Tyrola","id":206291},"name":"Grevebäcken","id":153954,"totalTakeovers":1473,"region":{"area":{"name":"Sundsvalls kommun","id":2056},"country":"se","name":"Västernorrland","id":145},"pointsPerHour":5,"longitude":17.318492,"takeoverPoints":125},"latitude":62.381654,"currentOwner":{"name":"Tyrola","id":206291},"time":"2021-07-15T12:52:30+0000","type":"takeover","longitude":17.318492},{"zone":{"previousOwner":{"name":"GCN","id":95999},"dateCreated":"2013-10-07T14:00:00+0000","dateLastTaken":"2021-07-15T12:52:30+0000","latitude":59.322512,"currentOwner":{"name":"Falo","id":43501},"name":"Bregårdskolan","id":22052,"totalTakeovers":6335,"region":{"area":{"name":"Karlskoga kommun","id":1818},"country":"se","name":"Örebro","id":131},"pointsPerHour":6,"longitude":14.52273,"takeoverPoints":110},"latitude":59.322512,"currentOwner":{"name":"Falo","id":43501},"time":"2021-07-15T12:52:30+0000","type":"takeover","longitude":14.52273},{"zone":{"previousOwner":{"name":"C3PO.","id":265321},"dateCreated":"2021-01-17T14:51:05+0000","dateLastTaken":"2021-07-15T12:52:29+0000","latitude":60.089292,"currentOwner":{"name":"TurfUlf2","id":186093},"name":"SecretDoor","id":368633,"totalTakeovers":588,"region":{"area":{"name":"Mariehamn","id":2176},"country":"fi","name":"Åland","id":177},"pointsPerHour":6,"longitude":19.930936,"takeoverPoints":110},"assists":[{"name":"anthi","id":285613}],"latitude":60.089292,"currentOwner":{"name":"TurfUlf2","id":186093},"time":"2021-07-15T12:52:29+0000","type":"takeover","longitude":19.930936},{"zone":{"previousOwner":{"name":"zont77","id":115027},"dateCreated":"2015-03-20T14:17:56+0000","dateLastTaken":"2021-07-15T12:52:29+0000","latitude":65.332029,"currentOwner":{"name":"Ni_ki_ta","id":233048},"name":"Torvringen","id":47043,"totalTakeovers":3829,"region":{"area":{"name":"Piteå kommun","id":1797},"country":"se","name":"Norrbotten","id":126},"pointsPerHour":4,"longitude":21.484713,"takeoverPoints":140},"latitude":65.332029,"currentOwner":{"name":"Ni_ki_ta","id":233048},"time":"2021-07-15T12:52:29+0000","type":"takeover","longitude":21.484713},{"zone":{"previousOwner":{"name":"steken","id":144169},"dateCreated":"2015-05-02T06:00:00+0000","dateLastTaken":"2021-07-15T12:52:29+0000","latitude":59.557726,"currentOwner":{"name":"trevlig","id":278167},"name":"Näverö","id":50237,"totalTakeovers":2224,"region":{"area":{"name":"Västerås","id":1807},"country":"se","name":"Västmanland","id":143},"pointsPerHour":5,"longitude":16.494944,"takeoverPoints":125},"assists":[{"name":"bojad","id":287565}],"latitude":59.557726,"currentOwner":{"name":"trevlig","id":278167},"time":"2021-07-15T12:52:29+0000","type":"takeover","longitude":16.494944},{"zone":{"previousOwner":{"name":"inos","id":178686},"dateCreated":"2021-06-04T07:37:00+0000","dateLastTaken":"2021-07-15T12:52:28+0000","latitude":59.265917,"currentOwner":{"name":"galax","id":57332},"name":"Häshyttebrud","id":425659,"totalTakeovers":12,"region":{"area":{"name":"Lekebergs kommun","id":1826},"country":"se","name":"Örebro","id":131},"pointsPerHour":2,"longitude":14.843323,"takeoverPoints":170},"assists":[{"name":"Blixtenkga","id":53162}],"latitude":59.265917,"currentOwner":{"name":"galax","id":57332},"time":"2021-07-15T12:52:28+0000","type":"takeover","longitude":14.843323},{"zone":{"previousOwner":{"name":"FeTaTo","id":310985},"dateCreated":"2021-01-10T21:33:58+0000","dateLastTaken":"2021-07-15T12:52:28+0000","latitude":53.788281,"currentOwner":{"name":"floss","id":304415},"name":"BidefordWay","id":364650,"totalTakeovers":290,"region":{"area":{"name":"Lancashire","id":2805},"country":"gb","name":"North West England","id":201},"pointsPerHour":2,"longitude":-2.750662,"takeoverPoints":170},"latitude":53.788281,"currentOwner":{"name":"floss","id":304415},"time":"2021-07-15T12:52:28+0000","type":"takeover","longitude":-2.750662},{"zone":{"previousOwner":{"name":"super-zebran","id":208993},"dateCreated":"2014-06-09T14:11:42+0000","dateLastTaken":"2021-07-15T12:52:28+0000","latitude":59.614877,"currentOwner":{"name":"gotofen","id":176600},"name":"SantoLi","id":31339,"totalTakeovers":17831,"region":{"area":{"name":"Västerås","id":1807},"country":"se","name":"Västmanland","id":143},"pointsPerHour":8,"longitude":16.557658,"takeoverPoints":80},"assists":[{"name":"dipiel","id":191859}],"latitude":59.614877,"currentOwner":{"name":"gotofen","id":176600},"time":"2021-07-15T12:52:28+0000","type":"takeover","longitude":16.557658},{"zone":{"previousOwner":{"name":"Tandem","id":303714},"dateCreated":"2020-10-02T06:30:00+0000","dateLastTaken":"2021-07-15T12:52:26+0000","latitude":56.023987,"currentOwner":{"name":"CSL","id":55768},"name":"SandySocks","id":338429,"totalTakeovers":25,"region":{"area":{"name":"East Lothian","id":2786},"country":"gb","name":"Scotland","id":200},"pointsPerHour":1,"longitude":-2.874378,"takeoverPoints":185},"assists":[{"name":"Wintergreen","id":298078}],"latitude":56.023987,"currentOwner":{"name":"CSL","id":55768},"time":"2021-07-15T12:52:26+0000","type":"takeover","longitude":-2.874378},{"zone":{"previousOwner":{"name":"LindaP73","id":254776},"dateLastTaken":"2021-07-15T12:52:24+0000","latitude":58.380565,"totalTakeovers":18254,"type":{"name":"Holy","id":9},"pointsPerHour":8,"takeoverPoints":80,"dateCreated":"2012-03-26T12:50:31+0000","currentOwner":{"name":"stinabus","id":93156},"name":"SaintHansZone","id":7445,"region":{"area":{"name":"Linköpings kommun","id":1852},"country":"se","name":"Östergötland","id":139},"longitude":15.678729},"latitude":58.380565,"currentOwner":{"name":"stinabus","id":93156},"time":"2021-07-15T12:52:24+0000","type":"takeover","longitude":15.678729},{"zone":{"previousOwner":{"name":"jösses...då","id":113416},"dateCreated":"2013-09-12T18:46:00+0000","dateLastTaken":"2021-07-15T12:52:23+0000","latitude":57.658831,"currentOwner":{"name":"Blockbusterz","id":27286},"name":"ÖsteOchVäste","id":21643,"totalTakeovers":8320,"region":{"area":{"name":"Göteborgs kommun","id":1885},"country":"se","name":"Västra Götaland","id":132},"pointsPerHour":7,"longitude":11.880778,"takeoverPoints":95},"assists":[{"name":"LapWingz","id":46960},{"name":"Blackbird","id":37600},{"name":"Tobbelino","id":37599}],"latitude":57.658831,"currentOwner":{"name":"Blockbusterz","id":27286},"time":"2021-07-15T12:52:23+0000","type":"takeover","longitude":11.880778},{"zone":{"previousOwner":{"name":"late","id":242070},"dateCreated":"2010-10-15T00:00:00+0000","dateLastTaken":"2021-07-15T12:52:22+0000","latitude":63.815387,"currentOwner":{"name":"GGC","id":71714},"name":"Hospitalpölen","id":996,"totalTakeovers":21698,"region":{"area":{"name":"Umeå kommun","id":2064},"country":"se","name":"Västerbotten","id":127},"pointsPerHour":8,"longitude":20.296109,"takeoverPoints":80},"latitude":63.815387,"currentOwner":{"name":"GGC","id":71714},"time":"2021-07-15T12:52:22+0000","type":"takeover","longitude":20.296109},{"zone":{"previousOwner":{"name":"Chairman","id":30779},"dateCreated":"2015-03-22T11:00:00+0000","dateLastTaken":"2021-07-15T12:52:15+0000","latitude":59.843061,"currentOwner":{"name":"tilverturf","id":166033},"name":"SmellsFunny","id":47009,"totalTakeovers":6944,"region":{"area":{"name":"Uppsala kommun","id":1977},"country":"se","name":"Uppsala","id":142},"pointsPerHour":7,"longitude":17.661777,"takeoverPoints":95},"latitude":59.843061,"currentOwner":{"name":"tilverturf","id":166033},"time":"2021-07-15T12:52:15+0000","type":"takeover","longitude":17.661777},{"zone":{"previousOwner":{"name":"lollipoppa","id":300610},"dateLastTaken":"2021-07-15T12:52:13+0000","latitude":57.652104,"totalTakeovers":6657,"type":{"name":"Train Station","id":13},"pointsPerHour":7,"takeoverPoints":95,"dateCreated":"2016-05-29T10:00:00+0000","currentOwner":{"name":"JH1","id":333052},"name":"NässjöC","id":76659,"region":{"area":{"name":"Nässjö kommun","id":2008},"country":"se","name":"Jönköping","id":133},"longitude":14.694451},"latitude":57.652104,"currentOwner":{"name":"JH1","id":333052},"time":"2021-07-15T12:52:13+0000","type":"takeover","longitude":14.694451},{"zone":{"previousOwner":{"name":"GW007","id":77704},"dateCreated":"2013-12-28T21:30:53+0000","dateLastTaken":"2021-07-15T12:52:11+0000","latitude":56.70422,"currentOwner":{"name":"Jagdpanther","id":77661},"name":"TvåSystrar","id":24517,"totalTakeovers":6139,"region":{"area":{"name":"Kalmar kommun","id":2015},"country":"se","name":"Kalmar","id":137},"pointsPerHour":5,"longitude":16.346934,"takeoverPoints":125},"latitude":56.70422,"currentOwner":{"name":"Jagdpanther","id":77661},"time":"2021-07-15T12:52:11+0000","type":"takeover","longitude":16.346934},{"zone":{"previousOwner":{"name":"loviskatt","id":297794},"dateCreated":"2014-09-26T09:00:00+0000","dateLastTaken":"2021-07-15T12:52:08+0000","latitude":59.332696,"currentOwner":{"name":"JENZA","id":105530},"name":"LasseMajaSten","id":37112,"totalTakeovers":2325,"region":{"area":{"name":"Stockholms kommun","id":1828},"country":"se","name":"Stockholm","id":141},"pointsPerHour":4,"longitude":17.939559,"takeoverPoints":140},"latitude":59.332696,"currentOwner":{"name":"JENZA","id":105530},"time":"2021-07-15T12:52:08+0000","type":"takeover","longitude":17.939559},{"zone":{"previousOwner":{"name":"Maceca","id":219217},"dateCreated":"2013-11-05T21:34:19+0000","dateLastTaken":"2021-07-15T12:52:00+0000","latitude":58.672582,"currentOwner":{"name":"kompassen","id":41173},"name":"OxelCeluta","id":22773,"totalTakeovers":7575,"region":{"area":{"name":"Oxelösunds kommun","id":1849},"country":"se","name":"Södermanland","id":140},"pointsPerHour":6,"longitude":17.099451,"takeoverPoints":110},"latitude":58.672582,"currentOwner":{"name":"kompassen","id":41173},"time":"2021-07-15T12:52:00+0000","type":"takeover","longitude":17.099451},{"zone":{"previousOwner":{"name":"TurfUlf2","id":186093},"dateLastTaken":"2021-07-15T12:51:57+0000","latitude":60.110831,"totalTakeovers":5616,"type":{"name":"Winner Zone","id":6},"pointsPerHour":7,"takeoverPoints":95,"dateCreated":"2018-07-12T19:00:00+0000","currentOwner":{"name":"Lillbacka","id":92956},"name":"KråkansSång","id":154756,"region":{"area":{"name":"Mariehamn","id":2176},"country":"fi","name":"Åland","id":177},"longitude":19.941436},"latitude":60.110831,"currentOwner":{"name":"Lillbacka","id":92956},"time":"2021-07-15T12:51:57+0000","type":"takeover","longitude":19.941436},{"zone":{"previousOwner":{"name":"turfpelle","id":123679},"dateCreated":"2014-12-24T14:00:00+0000","dateLastTaken":"2021-07-15T12:51:56+0000","latitude":55.636683,"currentOwner":{"name":"retsirK","id":210933},"name":"NyFågeln","id":43251,"totalTakeovers":1905,"region":{"area":{"name":"Sjöbo kommun","id":1964},"country":"se","name":"Skåne","id":135},"pointsPerHour":2,"longitude":13.706933,"takeoverPoints":170},"latitude":55.636683,"currentOwner":{"name":"retsirK","id":210933},"time":"2021-07-15T12:51:56+0000","type":"takeover","longitude":13.706933},{"zone":{"previousOwner":{"name":"Magister_R","id":159592},"dateCreated":"2019-07-18T10:30:00+0000","dateLastTaken":"2021-07-15T12:51:56+0000","latitude":58.748086,"currentOwner":{"name":"Engdod","id":300976},"name":"TRexEatKids","id":204145,"totalTakeovers":2026,"region":{"area":{"name":"Nyköpings kommun","id":3044},"country":"se","name":"Södermanland","id":140},"pointsPerHour":6,"longitude":17.022936,"takeoverPoints":110},"latitude":58.748086,"currentOwner":{"name":"Engdod","id":300976},"time":"2021-07-15T12:51:56+0000","type":"takeover","longitude":17.022936},{"zone":{"previousOwner":{"name":"krombe","id":271382},"dateLastTaken":"2021-07-15T12:51:54+0000","latitude":61.156959,"totalTakeovers":397,"type":{"name":"Holy","id":9},"pointsPerHour":2,"takeoverPoints":170,"dateCreated":"2016-08-28T16:22:44+0000","currentOwner":{"name":"scarymom","id":212980},"name":"Fjällkyrkan","id":81593,"region":{"area":{"name":"Malung-Sälens kommun","id":1866},"country":"se","name":"Dalarna","id":129},"longitude":13.127651},"assists":[{"name":"rebecca1990","id":244992},{"name":"trucken","id":22692}],"latitude":61.156959,"currentOwner":{"name":"scarymom","id":212980},"time":"2021-07-15T12:51:54+0000","type":"takeover","longitude":13.127651},{"zone":{"previousOwner":{"name":"Mosippan","id":262144},"dateCreated":"2018-09-20T08:00:00+0000","dateLastTaken":"2021-07-15T12:51:54+0000","latitude":59.830836,"currentOwner":{"name":"Mosippan","id":262144},"name":"DeSkinnarDig","id":155873,"totalTakeovers":450,"region":{"area":{"name":"Skinnskattebergs kommun","id":1894},"country":"se","name":"Västmanland","id":143},"pointsPerHour":1,"longitude":15.693675,"takeoverPoints":185},"latitude":59.830836,"currentOwner":{"name":"Mosippan","id":262144},"time":"2021-07-15T12:51:54+0000","type":"takeover","longitude":15.693675},{"zone":{"previousOwner":{"name":"GCN","id":95999},"dateCreated":"2014-09-15T20:22:08+0000","dateLastTaken":"2021-07-15T12:51:53+0000","latitude":59.32029,"currentOwner":{"name":"Packo","id":8147},"name":"LyckåsDig","id":36704,"totalTakeovers":3301,"region":{"area":{"name":"Karlskoga kommun","id":1818},"country":"se","name":"Örebro","id":131},"pointsPerHour":5,"longitude":14.50968,"takeoverPoints":125},"latitude":59.32029,"currentOwner":{"name":"Packo","id":8147},"time":"2021-07-15T12:51:53+0000","type":"takeover","longitude":14.50968},{"zone":{"previousOwner":{"name":"LostCrow","id":31814},"dateCreated":"2015-04-01T19:00:00+0000","dateLastTaken":"2021-07-15T12:51:51+0000","latitude":59.251653,"currentOwner":{"name":"peda","id":333652},"name":"HällOchMyr","id":47330,"totalTakeovers":1299,"region":{"area":{"name":"Huddinge kommun","id":1830},"country":"se","name":"Stockholm","id":141},"pointsPerHour":4,"longitude":17.978759,"takeoverPoints":140},"latitude":59.251653,"currentOwner":{"name":"peda","id":333652},"time":"2021-07-15T12:51:51+0000","type":"takeover","longitude":17.978759},{"zone":{"previousOwner":{"name":"sarjo","id":12393},"dateCreated":"2014-03-16T07:00:00+0000","dateLastTaken":"2021-07-15T12:51:51+0000","latitude":56.887774,"currentOwner":{"name":"Grandpa","id":75540},"name":"PrebendeKollo","id":26870,"totalTakeovers":2290,"region":{"area":{"name":"Växjö kommun","id":1995},"country":"se","name":"Kronoberg","id":147},"pointsPerHour":3,"longitude":14.825189,"takeoverPoints":155},"latitude":56.887774,"currentOwner":{"name":"Grandpa","id":75540},"time":"2021-07-15T12:51:51+0000","type":"takeover","longitude":14.825189},{"zone":{"previousOwner":{"name":"LillaHunden","id":8662},"dateCreated":"2014-11-08T05:00:00+0000","dateLastTaken":"2021-07-15T12:51:49+0000","latitude":59.175156,"currentOwner":{"name":"Plompen","id":176404},"name":"Trappruinen","id":41841,"totalTakeovers":1198,"region":{"area":{"name":"Södertälje kommun","id":1831},"country":"se","name":"Stockholm","id":141},"pointsPerHour":2,"longitude":17.654587,"takeoverPoints":170},"latitude":59.175156,"currentOwner":{"name":"Plompen","id":176404},"time":"2021-07-15T12:51:49+0000","type":"takeover","longitude":17.654587},{"zone":{"previousOwner":{"name":"Heureka","id":89635},"dateCreated":"2017-12-09T09:00:00+0000","dateLastTaken":"2021-07-15T12:51:47+0000","latitude":59.344393,"currentOwner":{"name":"Hillstomper","id":187926},"name":"RockHard","id":122472,"totalTakeovers":7929,"region":{"area":{"name":"Stockholms kommun","id":1828},"country":"se","name":"Stockholm","id":141},"pointsPerHour":9,"longitude":18.05477,"takeoverPoints":65},"latitude":59.344393,"currentOwner":{"name":"Hillstomper","id":187926},"time":"2021-07-15T12:51:47+0000","type":"takeover","longitude":18.05477},{"zone":{"previousOwner":{"name":"trexker","id":335855},"dateLastTaken":"2021-07-15T12:51:45+0000","latitude":65.823198,"totalTakeovers":2814,"type":{"name":"Bridge","id":8},"pointsPerHour":3,"takeoverPoints":155,"dateCreated":"2010-09-04T14:41:37+0000","currentOwner":{"name":"Abacus","id":110951},"name":"KyrkBridge","id":632,"region":{"area":{"name":"Bodens kommun","id":1799},"country":"se","name":"Norrbotten","id":126},"longitude":21.690295},"latitude":65.823198,"currentOwner":{"name":"Abacus","id":110951},"time":"2021-07-15T12:51:45+0000","type":"takeover","longitude":21.690295},{"zone":{"previousOwner":{"name":"FredFlinta","id":234160},"dateCreated":"2014-03-24T06:15:00+0000","dateLastTaken":"2021-07-15T12:51:43+0000","latitude":59.423355,"currentOwner":{"name":"NightDriver","id":279433},"name":"Birgittas","id":27396,"totalTakeovers":10353,"region":{"area":{"name":"Järfälla kommun","id":1835},"country":"se","name":"Stockholm","id":141},"pointsPerHour":7,"longitude":17.845094,"takeoverPoints":95},"latitude":59.423355,"currentOwner":{"name":"NightDriver","id":279433},"time":"2021-07-15T12:51:43+0000","type":"takeover","longitude":17.845094},{"zone":{"previousOwner":{"name":"Atelerix","id":26275},"dateCreated":"2014-12-24T06:00:00+0000","dateLastTaken":"2021-07-15T12:51:40+0000","latitude":59.337774,"currentOwner":{"name":"viktor1978","id":159217},"name":"Engelbrektz","id":42457,"totalTakeovers":12703,"region":{"area":{"name":"Stockholms kommun","id":1828},"country":"se","name":"Stockholm","id":141},"pointsPerHour":9,"longitude":18.070292,"takeoverPoints":65},"latitude":59.337774,"currentOwner":{"name":"viktor1978","id":159217},"time":"2021-07-15T12:51:40+0000","type":"takeover","longitude":18.070292},{"zone":{"previousOwner":{"name":"Klimke","id":147275},"dateCreated":"2020-09-19T10:00:00+0000","dateLastTaken":"2021-07-15T12:51:40+0000","latitude":60.252353,"currentOwner":{"name":"MrCoolWat.","id":227290},"name":"Betesvy","id":328527,"totalTakeovers":74,"region":{"area":{"name":"Finström","id":2181},"country":"fi","name":"Åland","id":177},"pointsPerHour":1,"longitude":19.95213,"takeoverPoints":185},"latitude":60.252353,"currentOwner":{"name":"MrCoolWat.","id":227290},"time":"2021-07-15T12:51:40+0000","type":"takeover","longitude":19.95213},{"zone":{"previousOwner":{"name":"GCN","id":95999},"dateCreated":"2016-02-01T11:07:30+0000","dateLastTaken":"2021-07-15T12:51:38+0000","latitude":59.323653,"currentOwner":{"name":"Falo","id":43501},"name":"InteSåSjuk","id":63201,"totalTakeovers":5345,"region":{"area":{"name":"Karlskoga kommun","id":1818},"country":"se","name":"Örebro","id":131},"pointsPerHour":6,"longitude":14.519573,"takeoverPoints":110},"latitude":59.323653,"currentOwner":{"name":"Falo","id":43501},"time":"2021-07-15T12:51:38+0000","type":"takeover","longitude":14.519573},{"zone":{"previousOwner":{"name":"Toubkal","id":24982},"dateCreated":"2016-06-05T12:00:00+0000","dateLastTaken":"2021-07-15T12:51:36+0000","latitude":57.780214,"currentOwner":{"name":"Dropkick","id":226955},"name":"Trollmästaren","id":76743,"totalTakeovers":6477,"region":{"area":{"name":"Jönköpings kommun","id":1897},"country":"se","name":"Jönköping","id":133},"pointsPerHour":6,"longitude":14.174672,"takeoverPoints":110},"assists":[{"name":"TNT","id":226957}],"latitude":57.780214,"currentOwner":{"name":"Dropkick","id":226955},"time":"2021-07-15T12:51:36+0000","type":"takeover","longitude":14.174672},{"zone":{"previousOwner":{"name":"Weeturfarn","id":63172},"dateLastTaken":"2021-07-15T12:51:35+0000","latitude":65.100301,"totalTakeovers":2088,"type":{"name":"Holy","id":9},"pointsPerHour":3,"takeoverPoints":155,"dateCreated":"2011-08-29T07:55:37+0000","currentOwner":{"name":"Snatterman","id":120690},"name":"Hornychurch","id":1602,"region":{"area":{"name":"Storumans kommun","id":2066},"country":"se","name":"Västerbotten","id":127},"longitude":17.11225},"latitude":65.100301,"currentOwner":{"name":"Snatterman","id":120690},"time":"2021-07-15T12:51:35+0000","type":"takeover","longitude":17.11225},{"zone":{"previousOwner":{"name":"Lakiegirl","id":214173},"dateCreated":"2019-12-31T11:00:00+0000","dateLastTaken":"2021-07-15T12:51:33+0000","latitude":57.669582,"currentOwner":{"name":"applepip","id":305326},"name":"Pastorally","id":224654,"totalTakeovers":82,"region":{"area":{"name":"Moray","id":2798},"country":"gb","name":"Scotland","id":200},"pointsPerHour":1,"longitude":-3.111702,"takeoverPoints":185},"latitude":57.669582,"currentOwner":{"name":"applepip","id":305326},"time":"2021-07-15T12:51:33+0000","type":"takeover","longitude":-3.111702},{"zone":{"dateCreated":"2017-08-06T19:43:06+0000","dateLastTaken":"2021-07-15T12:51:32+0000","latitude":55.06302,"currentOwner":{"name":"HansBersa","id":211010},"name":"NexøTorvet","id":116677,"totalTakeovers":13,"region":{"area":{"name":"Bornholms Regionskommune","id":2116},"country":"dk","name":"Hovedstaden","id":172},"pointsPerHour":1,"longitude":15.1322,"takeoverPoints":185},"latitude":55.06302,"currentOwner":{"name":"HansBersa","id":211010},"time":"2021-07-15T12:51:32+0000","type":"takeover","longitude":15.1322},{"zone":{"previousOwner":{"name":"peter70sko","id":54081},"dateCreated":"2016-03-25T22:36:57+0000","dateLastTaken":"2021-07-15T12:51:31+0000","latitude":57.752129,"currentOwner":{"name":"Toubkal","id":24982},"name":"Beaverish","id":64722,"totalTakeovers":1505,"region":{"area":{"name":"Jönköpings kommun","id":1897},"country":"se","name":"Jönköping","id":133},"pointsPerHour":3,"longitude":14.172811,"takeoverPoints":155},"latitude":57.752129,"currentOwner":{"name":"Toubkal","id":24982},"time":"2021-07-15T12:51:31+0000","type":"takeover","longitude":14.172811},{"zone":{"previousOwner":{"name":"gth","id":299480},"dateCreated":"2010-09-30T22:00:02+0000","dateLastTaken":"2021-07-15T12:51:30+0000","latitude":57.773617,"currentOwner":{"name":"Smurfiz","id":298116},"name":"TallHerb","id":915,"totalTakeovers":5608,"region":{"area":{"name":"Jönköpings kommun","id":1897},"country":"se","name":"Jönköping","id":133},"pointsPerHour":5,"longitude":14.208587,"takeoverPoints":125},"latitude":57.773617,"currentOwner":{"name":"Smurfiz","id":298116},"time":"2021-07-15T12:51:30+0000","type":"takeover","longitude":14.208587},{"zone":{"previousOwner":{"name":"Veganvarg","id":188106},"dateCreated":"2017-05-17T09:25:45+0000","dateLastTaken":"2021-07-15T12:51:27+0000","latitude":57.113145,"currentOwner":{"name":"Veganvarg","id":188106},"name":"Kattlunds","id":109738,"totalTakeovers":70,"region":{"area":{"name":"Gotland","id":1881},"country":"se","name":"Gotland","id":138},"pointsPerHour":1,"longitude":18.33907,"takeoverPoints":185},"latitude":57.113145,"currentOwner":{"name":"Veganvarg","id":188106},"time":"2021-07-15T12:51:27+0000","type":"takeover","longitude":18.33907},{"zone":{"previousOwner":{"name":"Xtrmrunner","id":305266},"dateCreated":"2015-12-24T16:00:00+0000","dateLastTaken":"2021-07-15T12:51:26+0000","latitude":60.415107,"currentOwner":{"name":"Taraxacum","id":316693},"name":"SouthCurve","id":62181,"totalTakeovers":708,"region":{"area":{"name":"Turku","id":2201},"country":"fi","name":"Lounais-Suomi","id":184},"pointsPerHour":3,"longitude":22.271406,"takeoverPoints":155},"latitude":60.415107,"currentOwner":{"name":"Taraxacum","id":316693},"time":"2021-07-15T12:51:26+0000","type":"takeover","longitude":22.271406},{"zone":{"previousOwner":{"name":"CySu","id":323779},"dateLastTaken":"2021-07-15T12:51:25+0000","latitude":65.594483,"totalTakeovers":11472,"type":{"name":"Bridge","id":8},"pointsPerHour":8,"takeoverPoints":80,"dateCreated":"2010-09-04T14:41:37+0000","currentOwner":{"name":"grock","id":189790},"name":"Luleturf","id":621,"region":{"area":{"name":"Luleå kommun","id":1798},"country":"se","name":"Norrbotten","id":126},"longitude":22.170388},"latitude":65.594483,"currentOwner":{"name":"grock","id":189790},"time":"2021-07-15T12:51:25+0000","type":"takeover","longitude":22.170388},{"zone":{"previousOwner":{"name":"Tattan","id":186543},"dateCreated":"2015-08-25T08:14:43+0000","dateLastTaken":"2021-07-15T12:51:25+0000","latitude":56.867169,"currentOwner":{"name":"JosseB","id":329873},"name":"SiggesLegend","id":56721,"totalTakeovers":3103,"region":{"area":{"name":"Växjö kommun","id":1995},"country":"se","name":"Kronoberg","id":147},"pointsPerHour":3,"longitude":14.816804,"takeoverPoints":155},"latitude":56.867169,"currentOwner":{"name":"JosseB","id":329873},"time":"2021-07-15T12:51:25+0000","type":"takeover","longitude":14.816804},{"zone":{"previousOwner":{"name":"Spito","id":329454},"dateLastTaken":"2021-07-15T12:51:24+0000","latitude":57.7064,"totalTakeovers":14804,"type":{"name":"Bridge","id":8},"pointsPerHour":6,"takeoverPoints":110,"dateCreated":"2010-09-01T00:00:00+0000","currentOwner":{"name":"drzurban","id":98044},"name":"WalkOnWater","id":424,"region":{"area":{"name":"Göteborgs kommun","id":1885},"country":"se","name":"Västra Götaland","id":132},"longitude":11.942576},"latitude":57.7064,"currentOwner":{"name":"drzurban","id":98044},"time":"2021-07-15T12:51:24+0000","type":"takeover","longitude":11.942576},{"zone":{"previousOwner":{"name":"HerculesP","id":65399},"dateCreated":"2018-09-01T06:00:00+0000","dateLastTaken":"2021-07-15T12:51:24+0000","latitude":55.598489,"currentOwner":{"name":"Jonte67","id":284492},"name":"TMC","id":152236,"totalTakeovers":1688,"region":{"area":{"name":"Malmö kommun","id":1898},"country":"se","name":"Skåne","id":135},"pointsPerHour":5,"longitude":12.948595,"takeoverPoints":125},"latitude":55.598489,"currentOwner":{"name":"Jonte67","id":284492},"time":"2021-07-15T12:51:24+0000","type":"takeover","longitude":12.948595},{"zone":{"dateCreated":"2021-02-12T23:40:55+0000","dateLastTaken":"2021-07-15T12:51:23+0000","latitude":57.671381,"currentOwner":{"name":"Badbalja","id":44507},"name":"BallaBadet","id":382350,"totalTakeovers":7,"region":{"area":{"name":"Bollebygds kommun","id":1922},"country":"se","name":"Västra Götaland","id":132},"pointsPerHour":1,"longitude":12.526731,"takeoverPoints":185},"latitude":57.671381,"currentOwner":{"name":"Badbalja","id":44507},"time":"2021-07-15T12:51:23+0000","type":"takeover","longitude":12.526731},{"zone":{"previousOwner":{"name":"MrTJ","id":51633},"dateCreated":"2015-03-29T19:02:37+0000","dateLastTaken":"2021-07-15T12:51:17+0000","latitude":63.833794,"currentOwner":{"name":"Timmyz_","id":203411},"name":"RidZone","id":47615,"totalTakeovers":14562,"region":{"area":{"name":"Umeå kommun","id":2064},"country":"se","name":"Västerbotten","id":127},"pointsPerHour":9,"longitude":20.251997,"takeoverPoints":65},"latitude":63.833794,"currentOwner":{"name":"Timmyz_","id":203411},"time":"2021-07-15T12:51:17+0000","type":"takeover","longitude":20.251997},{"zone":{"previousOwner":{"name":"Welshman","id":305225},"dateCreated":"2016-09-12T07:47:57+0000","dateLastTaken":"2021-07-15T12:51:16+0000","latitude":60.458281,"currentOwner":{"name":"NightOwl","id":186746},"name":"Ainikaisten","id":84725,"totalTakeovers":596,"region":{"area":{"name":"Turku","id":2201},"country":"fi","name":"Lounais-Suomi","id":184},"pointsPerHour":2,"longitude":22.269478,"takeoverPoints":170},"latitude":60.458281,"currentOwner":{"name":"NightOwl","id":186746},"time":"2021-07-15T12:51:16+0000","type":"takeover","longitude":22.269478},{"zone":{"previousOwner":{"name":"mossoen","id":142458},"dateCreated":"2010-09-04T14:41:37+0000","dateLastTaken":"2021-07-15T12:51:16+0000","latitude":59.875768,"currentOwner":{"name":"LadyHelmsman","id":84499},"name":"BellmanZone","id":700,"totalTakeovers":12952,"region":{"area":{"name":"Uppsala kommun","id":1977},"country":"se","name":"Uppsala","id":142},"pointsPerHour":7,"longitude":17.654371,"takeoverPoints":95},"assists":[{"name":"Talatta","id":84430}],"latitude":59.875768,"currentOwner":{"name":"LadyHelmsman","id":84499},"time":"2021-07-15T12:51:16+0000","type":"takeover","longitude":17.654371},{"zone":{"previousOwner":{"name":"Buzd","id":317315},"dateCreated":"2010-07-16T00:00:00+0000","dateLastTaken":"2021-07-15T12:51:14+0000","latitude":59.351474,"currentOwner":{"name":"canon","id":66935},"name":"Karolinska","id":225,"totalTakeovers":5249,"region":{"area":{"name":"Solna kommun","id":1845},"country":"se","name":"Stockholm","id":141},"pointsPerHour":7,"longitude":18.033801,"takeoverPoints":95},"latitude":59.351474,"currentOwner":{"name":"canon","id":66935},"time":"2021-07-15T12:51:14+0000","type":"takeover","longitude":18.033801},{"zone":{"previousOwner":{"name":"BigJumanji","id":61425},"dateCreated":"2018-03-30T18:55:44+0000","dateLastTaken":"2021-07-15T12:51:14+0000","latitude":59.030065,"currentOwner":{"name":"pellea64","id":91681},"name":"HögsjöIP","id":142961,"totalTakeovers":140,"region":{"area":{"name":"Vingåkers kommun","id":1846},"country":"se","name":"Södermanland","id":140},"pointsPerHour":1,"longitude":15.660727,"takeoverPoints":185},"latitude":59.030065,"currentOwner":{"name":"pellea64","id":91681},"time":"2021-07-15T12:51:14+0000","type":"takeover","longitude":15.660727},{"zone":{"previousOwner":{"name":"Gubbenglömsk","id":103318},"dateCreated":"2014-07-01T12:41:56+0000","dateLastTaken":"2021-07-15T12:51:14+0000","latitude":59.622851,"currentOwner":{"name":"pimjoh","id":293884},"name":"Vallbybroa","id":32032,"totalTakeovers":6104,"region":{"area":{"name":"Västerås","id":1807},"country":"se","name":"Västmanland","id":143},"pointsPerHour":8,"longitude":16.524691,"takeoverPoints":80},"latitude":59.622851,"currentOwner":{"name":"pimjoh","id":293884},"time":"2021-07-15T12:51:14+0000","type":"takeover","longitude":16.524691},{"zone":{"previousOwner":{"name":"vildapeln","id":317420},"dateCreated":"2010-08-15T00:00:00+0000","dateLastTaken":"2021-07-15T12:51:13+0000","latitude":57.6864,"currentOwner":{"name":"sjörövarjenny","id":280157},"name":"CastleForest","id":375,"totalTakeovers":10052,"region":{"area":{"name":"Göteborgs kommun","id":1885},"country":"se","name":"Västra Götaland","id":132},"pointsPerHour":7,"longitude":11.945352,"takeoverPoints":95},"latitude":57.6864,"currentOwner":{"name":"sjörövarjenny","id":280157},"time":"2021-07-15T12:51:13+0000","type":"takeover","longitude":11.945352},{"zone":{"previousOwner":{"name":"koj","id":167110},"dateCreated":"2017-12-30T09:03:54+0000","dateLastTaken":"2021-07-15T12:51:05+0000","latitude":59.389088,"currentOwner":{"name":"Ljuset","id":59919},"name":"Retuna","id":139569,"totalTakeovers":785,"region":{"area":{"name":"Eskilstuna kommun","id":1848},"country":"se","name":"Södermanland","id":140},"pointsPerHour":4,"longitude":16.451803,"takeoverPoints":140},"latitude":59.389088,"currentOwner":{"name":"Ljuset","id":59919},"time":"2021-07-15T12:51:05+0000","type":"takeover","longitude":16.451803},{"zone":{"previousOwner":{"name":"Gubbenglömsk","id":103318},"dateCreated":"2015-08-16T20:00:00+0000","dateLastTaken":"2021-07-15T12:51:04+0000","latitude":59.607915,"currentOwner":{"name":"Kartago","id":232934},"name":"BjörnöMagasin","id":56146,"totalTakeovers":13000,"region":{"area":{"name":"Västerås","id":1807},"country":"se","name":"Västmanland","id":143},"pointsPerHour":9,"longitude":16.571397,"takeoverPoints":65},"latitude":59.607915,"currentOwner":{"name":"Kartago","id":232934},"time":"2021-07-15T12:51:04+0000","type":"takeover","longitude":16.571397},{"zone":{"previousOwner":{"name":"mulino75","id":28355},"dateCreated":"2017-04-17T16:06:18+0000","dateLastTaken":"2021-07-15T12:51:04+0000","latitude":56.84578,"currentOwner":{"name":"mipson","id":5517},"name":"SmakaDKostaD","id":98379,"totalTakeovers":132,"region":{"area":{"name":"Lessebo kommun","id":2001},"country":"se","name":"Kronoberg","id":147},"pointsPerHour":1,"longitude":15.394591,"takeoverPoints":185},"latitude":56.84578,"currentOwner":{"name":"mipson","id":5517},"time":"2021-07-15T12:51:04+0000","type":"takeover","longitude":15.394591},{"zone":{"previousOwner":{"name":"Pilgrim","id":60557},"dateCreated":"2012-09-24T21:34:28+0000","dateLastTaken":"2021-07-15T12:51:03+0000","latitude":57.718675,"currentOwner":{"name":"Dadeee","id":327379},"name":"GullbergsKaj","id":11475,"totalTakeovers":4497,"region":{"area":{"name":"Göteborgs kommun","id":1885},"country":"se","name":"Västra Götaland","id":132},"pointsPerHour":6,"longitude":11.981803,"takeoverPoints":110},"latitude":57.718675,"currentOwner":{"name":"Dadeee","id":327379},"time":"2021-07-15T12:51:03+0000","type":"takeover","longitude":11.981803},{"zone":{"previousOwner":{"name":"anthi","id":285613},"dateCreated":"2020-11-22T08:14:20+0000","dateLastTaken":"2021-07-15T12:51:02+0000","latitude":60.112732,"currentOwner":{"name":"Lillbacka","id":92956},"name":"ÖsterPartiet","id":353132,"totalTakeovers":1441,"region":{"area":{"name":"Mariehamn","id":2176},"country":"fi","name":"Åland","id":177},"pointsPerHour":7,"longitude":19.941573,"takeoverPoints":95},"latitude":60.112732,"currentOwner":{"name":"Lillbacka","id":92956},"time":"2021-07-15T12:51:02+0000","type":"takeover","longitude":19.941573},{"zone":{"previousOwner":{"name":"CattisB","id":113958},"dateCreated":"2012-07-01T21:47:56+0000","dateLastTaken":"2021-07-15T12:51:01+0000","latitude":59.341984,"currentOwner":{"name":"RiddervanMyyl","id":94662},"name":"KanotMittemot","id":9584,"totalTakeovers":8466,"region":{"area":{"name":"Solna kommun","id":1845},"country":"se","name":"Stockholm","id":141},"pointsPerHour":8,"longitude":18.008723,"takeoverPoints":80},"latitude":59.341984,"currentOwner":{"name":"RiddervanMyyl","id":94662},"time":"2021-07-15T12:51:01+0000","type":"takeover","longitude":18.008723},{"zone":{"previousOwner":{"name":"zont77","id":115027},"dateCreated":"2015-03-20T14:21:22+0000","dateLastTaken":"2021-07-15T12:51:00+0000","latitude":65.329994,"currentOwner":{"name":"Ni_ki_ta","id":233048},"name":"ADuckZone","id":47044,"totalTakeovers":3622,"region":{"area":{"name":"Piteå kommun","id":1797},"country":"se","name":"Norrbotten","id":126},"pointsPerHour":4,"longitude":21.487609,"takeoverPoints":140},"latitude":65.329994,"currentOwner":{"name":"Ni_ki_ta","id":233048},"time":"2021-07-15T12:51:00+0000","type":"takeover","longitude":21.487609},{"zone":{"previousOwner":{"name":"Pilgrim","id":60557},"dateCreated":"2015-02-20T11:00:00+0000","dateLastTaken":"2021-07-15T12:50:58+0000","latitude":57.689091,"currentOwner":{"name":"kakissen","id":106959},"name":"Haralds","id":44824,"totalTakeovers":6452,"region":{"area":{"name":"Göteborgs kommun","id":1885},"country":"se","name":"Västra Götaland","id":132},"pointsPerHour":7,"longitude":11.953333,"takeoverPoints":95},"latitude":57.689091,"currentOwner":{"name":"kakissen","id":106959},"time":"2021-07-15T12:50:58+0000","type":"takeover","longitude":11.953333},{"zone":{"previousOwner":{"name":"KRALJICA","id":185762},"dateLastTaken":"2021-07-15T12:50:58+0000","latitude":55.450937,"totalTakeovers":13,"type":{"name":"Holy","id":9},"pointsPerHour":1,"takeoverPoints":185,"dateCreated":"2021-05-13T10:00:00+0000","currentOwner":{"name":"Bäckagubben","id":161324},"name":"HolyHedeskoga","id":411252,"region":{"area":{"name":"Ystads kommun","id":1953},"country":"se","name":"Skåne","id":135},"longitude":13.798047},"assists":[{"name":"KollPåGubben","id":163496}],"latitude":55.450937,"currentOwner":{"name":"Bäckagubben","id":161324},"time":"2021-07-15T12:50:58+0000","type":"takeover","longitude":13.798047},{"zone":{"previousOwner":{"name":"Assa1","id":192673},"dateCreated":"2010-12-10T00:00:00+0000","dateLastTaken":"2021-07-15T12:50:57+0000","latitude":56.655209,"currentOwner":{"name":"Flisan62","id":43530},"name":"Sundpark","id":952,"totalTakeovers":14389,"region":{"area":{"name":"Kalmar kommun","id":2015},"country":"se","name":"Kalmar","id":137},"pointsPerHour":7,"longitude":16.348847,"takeoverPoints":95},"assists":[{"name":"Snabelanna","id":27629},{"name":"kiwi_kz7","id":38191}],"latitude":56.655209,"currentOwner":{"name":"Flisan62","id":43530},"time":"2021-07-15T12:50:57+0000","type":"takeover","longitude":16.348847},{"zone":{"previousOwner":{"name":"~Sisyfos~","id":64357},"dateLastTaken":"2021-07-15T12:50:56+0000","latitude":59.334431,"totalTakeovers":1903,"type":{"name":"Holy","id":9},"pointsPerHour":5,"takeoverPoints":125,"dateCreated":"2017-06-20T13:00:00+0000","currentOwner":{"name":"CS1871","id":247411},"name":"VitaAnskarii","id":114521,"region":{"area":{"name":"Stockholms kommun","id":1828},"country":"se","name":"Stockholm","id":141},"longitude":17.97833},"latitude":59.334431,"currentOwner":{"name":"CS1871","id":247411},"time":"2021-07-15T12:50:56+0000","type":"takeover","longitude":17.97833},{"zone":{"previousOwner":{"name":"LindaP73","id":254776},"dateCreated":"2014-05-17T10:29:25+0000","dateLastTaken":"2021-07-15T12:50:55+0000","latitude":58.381271,"currentOwner":{"name":"stinabus","id":93156},"name":"OakSkate","id":29385,"totalTakeovers":14465,"region":{"area":{"name":"Linköpings kommun","id":1852},"country":"se","name":"Östergötland","id":139},"pointsPerHour":8,"longitude":15.674476,"takeoverPoints":80},"latitude":58.381271,"currentOwner":{"name":"stinabus","id":93156},"time":"2021-07-15T12:50:55+0000","type":"takeover","longitude":15.674476},{"zone":{"previousOwner":{"name":"Stockholmian","id":95046},"dateCreated":"2014-10-10T06:00:00+0000","dateLastTaken":"2021-07-15T12:50:55+0000","latitude":59.255501,"currentOwner":{"name":"Heureka","id":89635},"name":"BästaSvängen","id":37402,"totalTakeovers":11558,"region":{"area":{"name":"Stockholms kommun","id":1828},"country":"se","name":"Stockholm","id":141},"pointsPerHour":7,"longitude":18.088612,"takeoverPoints":95},"latitude":59.255501,"currentOwner":{"name":"Heureka","id":89635},"time":"2021-07-15T12:50:55+0000","type":"takeover","longitude":18.088612},{"zone":{"previousOwner":{"name":"GW007","id":77704},"dateCreated":"2011-07-23T11:23:29+0000","dateLastTaken":"2021-07-15T12:50:54+0000","latitude":56.705848,"currentOwner":{"name":"Jagdpanther","id":77661},"name":"SufferNorth","id":2082,"totalTakeovers":8404,"region":{"area":{"name":"Kalmar kommun","id":2015},"country":"se","name":"Kalmar","id":137},"pointsPerHour":6,"longitude":16.350557,"takeoverPoints":110},"latitude":56.705848,"currentOwner":{"name":"Jagdpanther","id":77661},"time":"2021-07-15T12:50:54+0000","type":"takeover","longitude":16.350557},{"zone":{"previousOwner":{"name":"vaniljblomma","id":334698},"dateCreated":"2019-02-08T11:48:32+0000","dateLastTaken":"2021-07-15T12:50:53+0000","latitude":59.276982,"currentOwner":{"name":"Stockholmian","id":95046},"name":"HäradsChrona","id":179509,"totalTakeovers":2142,"region":{"area":{"name":"Huddinge kommun","id":1830},"country":"se","name":"Stockholm","id":141},"pointsPerHour":6,"longitude":17.94562,"takeoverPoints":110},"latitude":59.276982,"currentOwner":{"name":"Stockholmian","id":95046},"time":"2021-07-15T12:50:53+0000","type":"takeover","longitude":17.94562},{"zone":{"previousOwner":{"name":"Trazze","id":128599},"dateCreated":"2015-08-28T10:00:00+0000","dateLastTaken":"2021-07-15T12:50:52+0000","latitude":57.90681,"currentOwner":{"name":"Toka2","id":239329},"name":"HaboBokskog","id":56758,"totalTakeovers":695,"region":{"area":{"name":"Habo kommun","id":2010},"country":"se","name":"Jönköping","id":133},"pointsPerHour":2,"longitude":14.106244,"takeoverPoints":170},"latitude":57.90681,"currentOwner":{"name":"Toka2","id":239329},"time":"2021-07-15T12:50:52+0000","type":"takeover","longitude":14.106244},{"zone":{"previousOwner":{"name":"mattihp","id":10151},"dateCreated":"2015-12-24T21:18:15+0000","dateLastTaken":"2021-07-15T12:50:51+0000","latitude":59.872426,"currentOwner":{"name":"Munin","id":62408},"name":"Fyristån","id":62369,"totalTakeovers":7824,"region":{"area":{"name":"Uppsala kommun","id":1977},"country":"se","name":"Uppsala","id":142},"pointsPerHour":8,"longitude":17.611014,"takeoverPoints":80},"latitude":59.872426,"currentOwner":{"name":"Munin","id":62408},"time":"2021-07-15T12:50:51+0000","type":"takeover","longitude":17.611014},{"zone":{"previousOwner":{"name":"tur(f)gor","id":144328},"dateCreated":"2014-12-28T18:16:29+0000","dateLastTaken":"2021-07-15T12:50:50+0000","latitude":63.81537,"currentOwner":{"name":"Harlequin","id":31991},"name":"Bärkompott","id":43375,"totalTakeovers":7137,"region":{"area":{"name":"Umeå kommun","id":2064},"country":"se","name":"Västerbotten","id":127},"pointsPerHour":7,"longitude":20.211369,"takeoverPoints":95},"latitude":63.81537,"currentOwner":{"name":"Harlequin","id":31991},"time":"2021-07-15T12:50:50+0000","type":"takeover","longitude":20.211369},{"zone":{"previousOwner":{"name":"Tyr","id":62692},"dateCreated":"2012-06-02T20:00:22+0000","dateLastTaken":"2021-07-15T12:50:43+0000","latitude":58.380086,"currentOwner":{"name":"Ola8","id":312322},"name":"LamboCross","id":9358,"totalTakeovers":8502,"region":{"area":{"name":"Linköpings kommun","id":1852},"country":"se","name":"Östergötland","id":139},"pointsPerHour":6,"longitude":15.575161,"takeoverPoints":110},"latitude":58.380086,"currentOwner":{"name":"Ola8","id":312322},"time":"2021-07-15T12:50:43+0000","type":"takeover","longitude":15.575161},{"zone":{"previousOwner":{"name":"keni","id":271343},"dateLastTaken":"2021-07-15T12:50:41+0000","latitude":56.255135,"totalTakeovers":372,"type":{"name":"Bridge","id":8},"pointsPerHour":1,"takeoverPoints":185,"dateCreated":"2011-12-08T23:01:27+0000","currentOwner":{"name":"TXL","id":62645},"name":"BridgeBridge","id":5341,"region":{"area":{"name":"Östra Göinge kommun","id":1963},"country":"se","name":"Skåne","id":135},"longitude":14.082377},"latitude":56.255135,"currentOwner":{"name":"TXL","id":62645},"time":"2021-07-15T12:50:41+0000","type":"takeover","longitude":14.082377},{"zone":{"previousOwner":{"name":"GCN","id":95999},"dateCreated":"2013-10-09T06:03:49+0000","dateLastTaken":"2021-07-15T12:50:37+0000","latitude":59.323938,"currentOwner":{"name":"Falo","id":43501},"name":"Kulturskola","id":22072,"totalTakeovers":12391,"region":{"area":{"name":"Karlskoga kommun","id":1818},"country":"se","name":"Örebro","id":131},"pointsPerHour":7,"longitude":14.514784,"takeoverPoints":95},"latitude":59.323938,"currentOwner":{"name":"Falo","id":43501},"time":"2021-07-15T12:50:37+0000","type":"takeover","longitude":14.514784},{"zone":{"previousOwner":{"name":"Chairman","id":30779},"dateCreated":"2017-04-01T08:00:00+0000","dateLastTaken":"2021-07-15T12:50:36+0000","latitude":59.840608,"currentOwner":{"name":"tilverturf","id":166033},"name":"Alienägget","id":94821,"totalTakeovers":5127,"region":{"area":{"name":"Uppsala kommun","id":1977},"country":"se","name":"Uppsala","id":142},"pointsPerHour":8,"longitude":17.657729,"takeoverPoints":80},"latitude":59.840608,"currentOwner":{"name":"tilverturf","id":166033},"time":"2021-07-15T12:50:36+0000","type":"takeover","longitude":17.657729},{"zone":{"previousOwner":{"name":"HaraldTH","id":23712},"dateLastTaken":"2021-07-15T12:50:35+0000","latitude":56.169768,"totalTakeovers":4128,"type":{"name":"Bridge","id":8},"pointsPerHour":3,"takeoverPoints":155,"dateCreated":"2012-05-31T22:47:13+0000","currentOwner":{"name":"MajOxe","id":47701},"name":"LongOBridge","id":9354,"region":{"area":{"name":"Karlskrona kommun","id":1991},"country":"se","name":"Blekinge","id":136},"longitude":15.583693},"assists":[{"name":"Cliffhanger84","id":63398}],"latitude":56.169768,"currentOwner":{"name":"MajOxe","id":47701},"time":"2021-07-15T12:50:35+0000","type":"takeover","longitude":15.583693},{"zone":{"previousOwner":{"name":"anthi","id":285613},"dateLastTaken":"2021-07-15T12:50:34+0000","latitude":60.091092,"totalTakeovers":9106,"type":{"name":"Monument","id":21},"pointsPerHour":7,"takeoverPoints":95,"dateCreated":"2015-10-22T21:14:30+0000","currentOwner":{"name":"TurfUlf2","id":186093},"name":"VästraHamnen","id":60557,"region":{"area":{"name":"Mariehamn","id":2176},"country":"fi","name":"Åland","id":177},"longitude":19.930178},"latitude":60.091092,"currentOwner":{"name":"TurfUlf2","id":186093},"time":"2021-07-15T12:50:34+0000","type":"takeover","longitude":19.930178},{"zone":{"previousOwner":{"name":"Scaniahenke","id":201540},"dateCreated":"2018-09-24T14:58:31+0000","dateLastTaken":"2021-07-15T12:50:34+0000","latitude":60.985969,"currentOwner":{"name":"wabbe65","id":55204},"name":"Yvradcykel","id":170145,"totalTakeovers":192,"region":{"area":{"name":"Mora kommun","id":1867},"country":"se","name":"Dalarna","id":129},"pointsPerHour":2,"longitude":14.553885,"takeoverPoints":170},"assists":[{"name":"Hejomewa","id":233208}],"latitude":60.985969,"currentOwner":{"name":"wabbe65","id":55204},"time":"2021-07-15T12:50:34+0000","type":"takeover","longitude":14.553885},{"zone":{"previousOwner":{"name":"ELOsheila","id":296475},"dateCreated":"2020-08-23T12:00:00+0000","dateLastTaken":"2021-07-15T12:50:31+0000","latitude":55.968962,"currentOwner":{"name":"CardiffGreenC","id":302121},"name":"BloomScotland","id":320816,"totalTakeovers":311,"region":{"area":{"name":"East Lothian","id":2786},"country":"gb","name":"Scotland","id":200},"pointsPerHour":4,"longitude":-2.961525,"takeoverPoints":140},"latitude":55.968962,"currentOwner":{"name":"CardiffGreenC","id":302121},"time":"2021-07-15T12:50:31+0000","type":"takeover","longitude":-2.961525},{"zone":{"previousOwner":{"name":"farnsbarns","id":309388},"dateCreated":"2020-12-25T17:58:05+0000","dateLastTaken":"2021-07-15T12:50:30+0000","latitude":53.947536,"currentOwner":{"name":"AlexTheDragon","id":310640},"name":"NewWalkYork","id":355631,"totalTakeovers":98,"region":{"area":{"name":"York","id":2942},"country":"gb","name":"Yorkshire & The Humber","id":202},"pointsPerHour":1,"longitude":-1.079293,"takeoverPoints":185},"latitude":53.947536,"currentOwner":{"name":"AlexTheDragon","id":310640},"time":"2021-07-15T12:50:30+0000","type":"takeover","longitude":-1.079293},{"zone":{"previousOwner":{"name":"marklunda","id":279370},"dateCreated":"2014-12-02T22:33:52+0000","dateLastTaken":"2021-07-15T12:50:29+0000","latitude":63.824773,"currentOwner":{"name":"tur(f)gor","id":144328},"name":"MossaITurfen","id":42393,"totalTakeovers":8273,"region":{"area":{"name":"Umeå kommun","id":2064},"country":"se","name":"Västerbotten","id":127},"pointsPerHour":8,"longitude":20.232472,"takeoverPoints":80},"latitude":63.824773,"currentOwner":{"name":"tur(f)gor","id":144328},"time":"2021-07-15T12:50:29+0000","type":"takeover","longitude":20.232472},{"zone":{"previousOwner":{"name":"Gubbenglömsk","id":103318},"dateCreated":"2017-01-27T21:09:13+0000","dateLastTaken":"2021-07-15T12:50:27+0000","latitude":59.606591,"currentOwner":{"name":"tidomannen","id":103304},"name":"Sjömärket","id":94913,"totalTakeovers":11662,"region":{"area":{"name":"Västerås","id":1807},"country":"se","name":"Västmanland","id":143},"pointsPerHour":8,"longitude":16.560926,"takeoverPoints":80},"latitude":59.606591,"currentOwner":{"name":"tidomannen","id":103304},"time":"2021-07-15T12:50:27+0000","type":"takeover","longitude":16.560926},{"zone":{"previousOwner":{"name":"Styret62","id":211342},"dateCreated":"2016-10-30T10:49:03+0000","dateLastTaken":"2021-07-15T12:50:25+0000","latitude":57.737739,"currentOwner":{"name":"NST","id":211288},"name":"Tomteslingan","id":90871,"totalTakeovers":2926,"region":{"area":{"name":"Västerviks kommun","id":2022},"country":"se","name":"Kalmar","id":137},"pointsPerHour":4,"longitude":16.643573,"takeoverPoints":140},"latitude":57.737739,"currentOwner":{"name":"NST","id":211288},"time":"2021-07-15T12:50:25+0000","type":"takeover","longitude":16.643573},{"zone":{"previousOwner":{"name":"Heva","id":54046},"dateCreated":"2013-08-28T22:19:17+0000","dateLastTaken":"2021-07-15T12:50:22+0000","latitude":59.448327,"currentOwner":{"name":"Sucuriju","id":334898},"name":"Passadzonen","id":21412,"totalTakeovers":4163,"region":{"area":{"name":"Järfälla kommun","id":1835},"country":"se","name":"Stockholm","id":141},"pointsPerHour":6,"longitude":17.824037,"takeoverPoints":110},"latitude":59.448327,"currentOwner":{"name":"Sucuriju","id":334898},"time":"2021-07-15T12:50:22+0000","type":"takeover","longitude":17.824037},{"zone":{"previousOwner":{"name":"Cykeltalibanen","id":267525},"dateLastTaken":"2021-07-15T12:50:20+0000","latitude":63.824682,"totalTakeovers":26485,"type":{"name":"Bridge","id":8},"pointsPerHour":9,"takeoverPoints":65,"dateCreated":"2010-10-12T00:00:00+0000","currentOwner":{"name":"RAGTAG","id":154681},"name":"UmeBridge","id":1000,"region":{"area":{"name":"Umeå kommun","id":2064},"country":"se","name":"Västerbotten","id":127},"longitude":20.24902},"assists":[{"name":"Gudrun1","id":305388}],"latitude":63.824682,"currentOwner":{"name":"RAGTAG","id":154681},"time":"2021-07-15T12:50:20+0000","type":"takeover","longitude":20.24902},{"zone":{"previousOwner":{"name":"1981","id":183512},"dateCreated":"2010-08-05T00:00:00+0000","dateLastTaken":"2021-07-15T12:50:19+0000","latitude":59.332829,"currentOwner":{"name":"Mr__Noodle","id":55355},"name":"Alviken","id":331,"totalTakeovers":10377,"region":{"area":{"name":"Stockholms kommun","id":1828},"country":"se","name":"Stockholm","id":141},"pointsPerHour":8,"longitude":17.981738,"takeoverPoints":80},"latitude":59.332829,"currentOwner":{"name":"Mr__Noodle","id":55355},"time":"2021-07-15T12:50:19+0000","type":"takeover","longitude":17.981738},{"zone":{"previousOwner":{"name":"peter70sko","id":54081},"dateCreated":"2014-02-23T12:11:54+0000","dateLastTaken":"2021-07-15T12:50:17+0000","latitude":57.752192,"currentOwner":{"name":"Toubkal","id":24982},"name":"Bultstigen","id":26043,"totalTakeovers":1869,"region":{"area":{"name":"Jönköpings kommun","id":1897},"country":"se","name":"Jönköping","id":133},"pointsPerHour":2,"longitude":14.167786,"takeoverPoints":170},"latitude":57.752192,"currentOwner":{"name":"Toubkal","id":24982},"time":"2021-07-15T12:50:17+0000","type":"takeover","longitude":14.167786},{"zone":{"previousOwner":{"name":"SweetJane","id":134130},"dateCreated":"2010-09-01T00:00:00+0000","dateLastTaken":"2021-07-15T12:50:16+0000","latitude":57.684851,"currentOwner":{"name":"amba","id":69202},"name":"NyaVarvet","id":777,"totalTakeovers":5903,"region":{"area":{"name":"Göteborgs kommun","id":1885},"country":"se","name":"Västra Götaland","id":132},"pointsPerHour":5,"longitude":11.891784,"takeoverPoints":125},"latitude":57.684851,"currentOwner":{"name":"amba","id":69202},"time":"2021-07-15T12:50:16+0000","type":"takeover","longitude":11.891784},{"zone":{"previousOwner":{"name":"Toubkal","id":24982},"dateCreated":"2011-09-03T19:00:00+0000","dateLastTaken":"2021-07-15T12:50:15+0000","latitude":57.781667,"currentOwner":{"name":"TNT","id":226957},"name":"HoofDish","id":2986,"totalTakeovers":13859,"region":{"area":{"name":"Jönköpings kommun","id":1897},"country":"se","name":"Jönköping","id":133},"pointsPerHour":6,"longitude":14.176119,"takeoverPoints":110},"assists":[{"name":"Dropkick","id":226955}],"latitude":57.781667,"currentOwner":{"name":"TNT","id":226957},"time":"2021-07-15T12:50:15+0000","type":"takeover","longitude":14.176119},{"zone":{"previousOwner":{"name":"AudioPelle","id":63238},"dateCreated":"2015-03-07T00:39:09+0000","dateLastTaken":"2021-07-15T12:50:15+0000","latitude":58.680125,"currentOwner":{"name":"hkburre","id":253553},"name":"Bortåt","id":46339,"totalTakeovers":3963,"region":{"area":{"name":"Oxelösunds kommun","id":1849},"country":"se","name":"Södermanland","id":140},"pointsPerHour":5,"longitude":17.092073,"takeoverPoints":125},"latitude":58.680125,"currentOwner":{"name":"hkburre","id":253553},"time":"2021-07-15T12:50:15+0000","type":"takeover","longitude":17.092073},{"zone":{"previousOwner":{"name":"anthi","id":285613},"dateLastTaken":"2021-07-15T12:50:10+0000","latitude":60.114455,"totalTakeovers":16621,"type":{"name":"Winner Zone","id":6},"pointsPerHour":8,"takeoverPoints":80,"dateCreated":"2013-02-04T19:42:04+0000","currentOwner":{"name":"Lillbacka","id":92956},"name":"AndvaresRing","id":14592,"region":{"area":{"name":"Mariehamn","id":2176},"country":"fi","name":"Åland","id":177},"longitude":19.939807},"latitude":60.114455,"currentOwner":{"name":"Lillbacka","id":92956},"time":"2021-07-15T12:50:10+0000","type":"takeover","longitude":19.939807},{"zone":{"previousOwner":{"name":"KBHansson","id":254128},"dateCreated":"2012-04-12T20:45:39+0000","dateLastTaken":"2021-07-15T12:50:09+0000","latitude":55.871805,"currentOwner":{"name":"nesse","id":74358},"name":"TreeLine","id":8145,"totalTakeovers":1614,"region":{"area":{"name":"Landskrona kommun","id":1951},"country":"se","name":"Skåne","id":135},"pointsPerHour":4,"longitude":12.849369,"takeoverPoints":140},"latitude":55.871805,"currentOwner":{"name":"nesse","id":74358},"time":"2021-07-15T12:50:09+0000","type":"takeover","longitude":12.849369},{"zone":{"dateCreated":"2014-08-31T21:00:00+0000","dateLastTaken":"2021-07-15T12:50:08+0000","latitude":55.68155,"currentOwner":{"name":"Nybegynner","id":267616},"name":"HavneBussen","id":33910,"totalTakeovers":166,"region":{"area":{"name":"Københavns Kommune","id":2102},"country":"dk","name":"Hovedstaden","id":172},"pointsPerHour":1,"longitude":12.599325,"takeoverPoints":185},"latitude":55.68155,"currentOwner":{"name":"Nybegynner","id":267616},"time":"2021-07-15T12:50:08+0000","type":"takeover","longitude":12.599325},{"zone":{"previousOwner":{"name":"steken","id":144169},"dateCreated":"2015-01-09T09:39:59+0000","dateLastTaken":"2021-07-15T12:50:06+0000","latitude":59.555678,"currentOwner":{"name":"trevlig","id":278167},"name":"Barkarbacken","id":43645,"totalTakeovers":2111,"region":{"area":{"name":"Västerås","id":1807},"country":"se","name":"Västmanland","id":143},"pointsPerHour":4,"longitude":16.499489,"takeoverPoints":140},"assists":[{"name":"bojad","id":287565}],"latitude":59.555678,"currentOwner":{"name":"trevlig","id":278167},"time":"2021-07-15T12:50:06+0000","type":"takeover","longitude":16.499489},{"zone":{"previousOwner":{"name":"HerculesP","id":65399},"dateCreated":"2014-04-28T08:00:16+0000","dateLastTaken":"2021-07-15T12:50:03+0000","latitude":55.596478,"currentOwner":{"name":"Jonte67","id":284492},"name":"AthleteArea","id":28628,"totalTakeovers":4353,"region":{"area":{"name":"Malmö kommun","id":1898},"country":"se","name":"Skåne","id":135},"pointsPerHour":6,"longitude":12.949198,"takeoverPoints":110},"latitude":55.596478,"currentOwner":{"name":"Jonte67","id":284492},"time":"2021-07-15T12:50:03+0000","type":"takeover","longitude":12.949198},{"zone":{"previousOwner":{"name":"Retal","id":7682},"dateCreated":"2019-08-28T19:42:33+0000","dateLastTaken":"2021-07-15T12:50:03+0000","latitude":64.90601,"currentOwner":{"name":"tantorange","id":106649},"name":"Norsjötåblöta","id":206377,"totalTakeovers":51,"region":{"area":{"name":"Norsjö kommun","id":2075},"country":"se","name":"Västerbotten","id":127},"pointsPerHour":2,"longitude":19.466918,"takeoverPoints":170},"assists":[{"name":"TessyT","id":335853}],"latitude":64.90601,"currentOwner":{"name":"tantorange","id":106649},"time":"2021-07-15T12:50:03+0000","type":"takeover","longitude":19.466918},{"zone":{"previousOwner":{"name":"atomic60","id":54656},"dateCreated":"2021-06-22T13:26:15+0000","dateLastTaken":"2021-07-15T12:49:59+0000","latitude":63.826518,"currentOwner":{"name":"marklunda","id":279370},"name":"RenastLuft","id":428367,"totalTakeovers":366,"region":{"area":{"name":"Umeå kommun","id":2064},"country":"se","name":"Västerbotten","id":127},"pointsPerHour":7,"longitude":20.258984,"takeoverPoints":95},"latitude":63.826518,"currentOwner":{"name":"marklunda","id":279370},"time":"2021-07-15T12:49:59+0000","type":"takeover","longitude":20.258984},{"zone":{"previousOwner":{"name":"gilla","id":58846},"dateCreated":"2013-12-24T15:00:00+0000","dateLastTaken":"2021-07-15T12:49:57+0000","latitude":62.38044,"currentOwner":{"name":"Tyrola","id":206291},"name":"EastOre","id":24360,"totalTakeovers":3205,"region":{"area":{"name":"Sundsvalls kommun","id":2056},"country":"se","name":"Västernorrland","id":145},"pointsPerHour":4,"longitude":17.324531,"takeoverPoints":140},"latitude":62.38044,"currentOwner":{"name":"Tyrola","id":206291},"time":"2021-07-15T12:49:57+0000","type":"takeover","longitude":17.324531},{"zone":{"previousOwner":{"name":"sokerpullan","id":209813},"dateCreated":"2014-06-20T06:56:39+0000","dateLastTaken":"2021-07-15T12:49:53+0000","latitude":59.617801,"currentOwner":{"name":"Rawlaw","id":91304},"name":"EldsboPath","id":31828,"totalTakeovers":7155,"region":{"area":{"name":"Hallstahammars kommun","id":1811},"country":"se","name":"Västmanland","id":143},"pointsPerHour":6,"longitude":16.225804,"takeoverPoints":110},"latitude":59.617801,"currentOwner":{"name":"Rawlaw","id":91304},"time":"2021-07-15T12:49:53+0000","type":"takeover","longitude":16.225804},{"zone":{"previousOwner":{"name":"Hillstomper","id":187926},"dateCreated":"2017-02-25T08:00:00+0000","dateLastTaken":"2021-07-15T12:49:52+0000","latitude":59.342845,"currentOwner":{"name":"Knasmasken","id":309744},"name":"AllaSnubbar","id":94826,"totalTakeovers":5508,"region":{"area":{"name":"Stockholms kommun","id":1828},"country":"se","name":"Stockholm","id":141},"pointsPerHour":8,"longitude":18.040254,"takeoverPoints":80},"latitude":59.342845,"currentOwner":{"name":"Knasmasken","id":309744},"time":"2021-07-15T12:49:52+0000","type":"takeover","longitude":18.040254},{"zone":{"previousOwner":{"name":"maggan51","id":331276},"dateLastTaken":"2021-07-15T12:49:52+0000","latitude":63.844707,"totalTakeovers":12434,"type":{"name":"Holy","id":9},"pointsPerHour":8,"takeoverPoints":80,"dateCreated":"2016-01-04T08:00:00+0000","currentOwner":{"name":"Kix","id":19744},"name":"UmeåMaria","id":62499,"region":{"area":{"name":"Umeå kommun","id":2064},"country":"se","name":"Västerbotten","id":127},"longitude":20.327056},"latitude":63.844707,"currentOwner":{"name":"Kix","id":19744},"time":"2021-07-15T12:49:52+0000","type":"takeover","longitude":20.327056},{"zone":{"previousOwner":{"name":"Cosinus","id":47727},"dateLastTaken":"2021-07-15T12:49:49+0000","latitude":61.797047,"totalTakeovers":137,"type":{"name":"Monument","id":21},"pointsPerHour":1,"takeoverPoints":185,"dateCreated":"2014-12-24T03:18:01+0000","currentOwner":{"name":"rotsnubblarn","id":176834},"name":"PlutoCharon","id":43010,"region":{"area":{"name":"Hudiksvalls kommun","id":1896},"country":"se","name":"Gävleborg","id":144},"longitude":16.549839},"latitude":61.797047,"currentOwner":{"name":"rotsnubblarn","id":176834},"time":"2021-07-15T12:49:49+0000","type":"takeover","longitude":16.549839},{"zone":{"previousOwner":{"name":"kepsen","id":51326},"dateCreated":"2021-07-14T20:49:32+0000","dateLastTaken":"2021-07-15T12:49:45+0000","latitude":59.620996,"currentOwner":{"name":"pimjoh","id":293884},"name":"VästraBroa","id":430025,"totalTakeovers":7,"region":{"area":{"name":"Västerås","id":1807},"country":"se","name":"Västmanland","id":143},"pointsPerHour":1,"longitude":16.520199,"takeoverPoints":185},"latitude":59.620996,"currentOwner":{"name":"pimjoh","id":293884},"time":"2021-07-15T12:49:45+0000","type":"takeover","longitude":16.520199},{"zone":{"previousOwner":{"name":"ramblerboy","id":33153},"dateCreated":"2021-07-12T15:03:06+0000","dateLastTaken":"2021-07-15T12:49:39+0000","latitude":56.843742,"currentOwner":{"name":"mipson","id":5517},"name":"KostaCentrum","id":429870,"totalTakeovers":2,"region":{"area":{"name":"Lessebo kommun","id":2001},"country":"se","name":"Kronoberg","id":147},"pointsPerHour":1,"longitude":15.39597,"takeoverPoints":185},"latitude":56.843742,"currentOwner":{"name":"mipson","id":5517},"time":"2021-07-15T12:49:39+0000","type":"takeover","longitude":15.39597},{"zone":{"previousOwner":{"name":"MrTJ","id":51633},"dateCreated":"2012-07-24T20:58:00+0000","dateLastTaken":"2021-07-15T12:49:39+0000","latitude":63.835061,"currentOwner":{"name":"Timmyz_","id":203411},"name":"TetraPath","id":9763,"totalTakeovers":18821,"region":{"area":{"name":"Umeå kommun","id":2064},"country":"se","name":"Västerbotten","id":127},"pointsPerHour":8,"longitude":20.246911,"takeoverPoints":80},"latitude":63.835061,"currentOwner":{"name":"Timmyz_","id":203411},"time":"2021-07-15T12:49:39+0000","type":"takeover","longitude":20.246911},{"zone":{"previousOwner":{"name":"gilnyso","id":36351},"dateCreated":"2020-03-10T15:25:28+0000","dateLastTaken":"2021-07-15T12:49:39+0000","latitude":59.876149,"currentOwner":{"name":"Talatta","id":84430},"name":"Danskring","id":228425,"totalTakeovers":3295,"region":{"area":{"name":"Uppsala kommun","id":1977},"country":"se","name":"Uppsala","id":142},"pointsPerHour":7,"longitude":17.650036,"takeoverPoints":95},"assists":[{"name":"LadyHelmsman","id":84499}],"latitude":59.876149,"currentOwner":{"name":"Talatta","id":84430},"time":"2021-07-15T12:49:39+0000","type":"takeover","longitude":17.650036}]