[{"zone":{"previousOwner":{"name":"Lejfis","id":158950},"dateCreated":"2016-09-16T07:57:41+0000","dateLastTaken":"2021-07-13T02:27:31+0000","latitude":59.525762,"currentOwner":{"name":"nijmegenaar","id":199619},"name":"Jingo","id":85788,"totalTakeovers":6191,"region":{"area":{"name":"Nora kommun","id":1820},"country":"se","name":"Örebro","id":131},"pointsPerHour":7,"longitude":15.031309,"takeoverPoints":95},"latitude":59.525762,"currentOwner":{"name":"nijmegenaar","id":199619},"time":"2021-07-13T02:27:31+0000","type":"takeover","longitude":15.031309},{"zone":{"previousOwner":{"name":"Rookie...","id":137044},"dateCreated":"2014-09-17T10:17:39+0000","dateLastTaken":"2021-07-13T02:27:30+0000","latitude":58.669502,"currentOwner":{"name":"AudioPelle","id":63238},"name":"Jogerskogen","id":36753,"totalTakeovers":2249,"region":{"area":{"name":"Oxelösunds kommun","id":1849},"country":"se","name":"Södermanland","id":140},"pointsPerHour":4,"longitude":17.062065,"takeoverPoints":140},"latitude":58.669502,"currentOwner":{"name":"AudioPelle","id":63238},"time":"2021-07-13T02:27:30+0000","type":"takeover","longitude":17.062065},{"zone":{"previousOwner":{"name":"Ullabella","id":253128},"dateCreated":"2015-03-01T08:00:00+0000","dateLastTaken":"2021-07-13T02:26:38+0000","latitude":58.41938,"currentOwner":{"name":"elmakatt","id":241529},"name":"InThroughOut","id":45148,"totalTakeovers":9341,"region":{"area":{"name":"Linköpings kommun","id":1852},"country":"se","name":"Östergötland","id":139},"pointsPerHour":7,"longitude":15.614946,"takeoverPoints":95},"latitude":58.41938,"currentOwner":{"name":"elmakatt","id":241529},"time":"2021-07-13T02:26:38+0000","type":"takeover","longitude":15.614946},{"zone":{"previousOwner":{"name":"Rookie...","id":137044},"dateCreated":"2014-05-26T22:35:40+0000","dateLastTaken":"2021-07-13T02:26:17+0000","latitude":58.66707,"currentOwner":{"name":"AudioPelle","id":63238},"name":"JogersÖ","id":30190,"totalTakeovers":2420,"region":{"area":{"name":"Oxelösunds kommun","id":1849},"country":"se","name":"Södermanland","id":140},"pointsPerHour":4,"longitude":17.059092,"takeoverPoints":140},"latitude":58.66707,"currentOwner":{"name":"AudioPelle","id":63238},"time":"2021-07-13T02:26:17+0000","type":"takeover","longitude":17.059092},{"zone":{"previousOwner":{"name":"Ullabella","id":253128},"dateCreated":"2020-03-05T19:18:21+0000","dateLastTaken":"2021-07-13T02:25:10+0000","latitude":58.418636,"currentOwner":{"name":"elmakatt","id":241529},"name":"Vasatorget","id":228319,"totalTakeovers":3002,"region":{"area":{"name":"Linköpings kommun","id":1852},"country":"se","name":"Östergötland","id":139},"pointsPerHour":7,"longitude":15.611594,"takeoverPoints":95},"latitude":58.418636,"currentOwner":{"name":"elmakatt","id":241529},"time":"2021-07-13T02:25:10+0000","type":"takeover","longitude":15.611594},{"zone":{"previousOwner":{"name":"kjtindall","id":292775},"dateCreated":"2020-08-28T12:00:00+0000","dateLastTaken":"2021-07-13T02:24:54+0000","latitude":56.047241,"currentOwner":{"name":"féarglas","id":280861},"name":"AmazonForrest","id":322187,"totalTakeovers":72,"region":{"area":{"name":"Fife","id":2795},"country":"gb","name":"Scotland","id":200},"pointsPerHour":1,"longitude":-3.420142,"takeoverPoints":185},"latitude":56.047241,"currentOwner":{"name":"féarglas","id":280861},"time":"2021-07-13T02:24:54+0000","type":"takeover","longitude":-3.420142},{"zone":{"previousOwner":{"name":"Lejfis","id":158950},"dateCreated":"2016-02-01T11:12:20+0000","dateLastTaken":"2021-07-13T02:24:45+0000","latitude":59.526013,"currentOwner":{"name":"nijmegenaar","id":199619},"name":"Bärfältet","id":63203,"totalTakeovers":6598,"region":{"area":{"name":"Nora kommun","id":1820},"country":"se","name":"Örebro","id":131},"pointsPerHour":7,"longitude":15.022144,"takeoverPoints":95},"latitude":59.526013,"currentOwner":{"name":"nijmegenaar","id":199619},"time":"2021-07-13T02:24:45+0000","type":"takeover","longitude":15.022144},{"zone":{"previousOwner":{"name":"Rookie...","id":137044},"dateCreated":"2014-05-26T22:31:52+0000","dateLastTaken":"2021-07-13T02:24:08+0000","latitude":58.666149,"currentOwner":{"name":"AudioPelle","id":63238},"name":"JogersBeach","id":30189,"totalTakeovers":1932,"region":{"area":{"name":"Oxelösunds kommun","id":1849},"country":"se","name":"Södermanland","id":140},"pointsPerHour":4,"longitude":17.052585,"takeoverPoints":140},"latitude":58.666149,"currentOwner":{"name":"AudioPelle","id":63238},"time":"2021-07-13T02:24:08+0000","type":"takeover","longitude":17.052585},{"zone":{"previousOwner":{"name":"Ullabella","id":253128},"dateCreated":"2013-06-17T22:23:39+0000","dateLastTaken":"2021-07-13T02:24:07+0000","latitude":58.41869,"currentOwner":{"name":"elmakatt","id":241529},"name":"SlöjdZone","id":20337,"totalTakeovers":9358,"region":{"area":{"name":"Linköpings kommun","id":1852},"country":"se","name":"Östergötland","id":139},"pointsPerHour":7,"longitude":15.608489,"takeoverPoints":95},"latitude":58.41869,"currentOwner":{"name":"elmakatt","id":241529},"time":"2021-07-13T02:24:07+0000","type":"takeover","longitude":15.608489},{"zone":{"previousOwner":{"name":"Battigoal","id":55564},"dateCreated":"2012-09-14T10:00:00+0000","dateLastTaken":"2021-07-13T02:23:32+0000","latitude":59.525874,"currentOwner":{"name":"nijmegenaar","id":199619},"name":"NoraTriangel","id":11332,"totalTakeovers":9426,"region":{"area":{"name":"Nora kommun","id":1820},"country":"se","name":"Örebro","id":131},"pointsPerHour":7,"longitude":15.025949,"takeoverPoints":95},"latitude":59.525874,"currentOwner":{"name":"nijmegenaar","id":199619},"time":"2021-07-13T02:23:32+0000","type":"takeover","longitude":15.025949},{"zone":{"previousOwner":{"name":"lhcper","id":2733},"dateCreated":"2013-06-17T22:22:29+0000","dateLastTaken":"2021-07-13T02:22:07+0000","latitude":58.417602,"currentOwner":{"name":"elmakatt","id":241529},"name":"Lingvallen","id":20336,"totalTakeovers":9082,"region":{"area":{"name":"Linköpings kommun","id":1852},"country":"se","name":"Östergötland","id":139},"pointsPerHour":7,"longitude":15.603934,"takeoverPoints":95},"latitude":58.417602,"currentOwner":{"name":"elmakatt","id":241529},"time":"2021-07-13T02:22:07+0000","type":"takeover","longitude":15.603934}]