[{"zone":{"dateCreated":"2021-07-14T14:00:00+0000","dateLastTaken":"0002-12-02T00:00:00+0000","latitude":64.00807,"name":"Koholmen","id":428068,"totalTakeovers":0,"region":{"area":{"name":"Åsele kommun","id":2073},"country":"se","name":"Västerbotten","id":127},"pointsPerHour":1,"longitude":17.265432,"takeoverPoints":185},"time":"2021-07-14T14:00:00+0000","type":"zone"},{"zone":{"dateCreated":"2021-07-14T14:00:00+0000","dateLastTaken":"0002-12-02T00:00:00+0000","latitude":64.183402,"name":"VadSerDu","id":428069,"totalTakeovers":0,"region":{"area":{"name":"Åsele kommun","id":2073},"country":"se","name":"Västerbotten","id":127},"pointsPerHour":1,"longitude":16.789449,"takeoverPoints":185},"time":"2021-07-14T14:00:00+0000","type":"zone"},{"zone":{"dateCreated":"2021-07-14T14:00:00+0000","dateLastTaken":"0002-12-02T00:00:00+0000","latitude":64.327874,"name":"VilarDuDig","id":428070,"totalTakeovers":0,"region":{"area":{"name":"Åsele kommun","id":2073},"country":"se","name":"Västerbotten","id":127},"pointsPerHour":1,"longitude":17.059764,"takeoverPoints":185},"time":"2021-07-14T14:00:00+0000","type":"zone"},{"zone":{"dateCreated":"2021-07-14T13:49:38+0000","dateLastTaken":"0002-12-02T00:00:00+0000","latitude":58.426599,"name":"TimberHigh","id":430004,"totalTakeovers":0,"region":{"area":{"name":"Skövde kommun","id":1905},"country":"se","name":"Västra Götaland","id":132},"pointsPerHour":2,"longitude":13.866238,"takeoverPoints":170},"time":"2021-07-14T13:49:38+0000","type":"zone"}]