[{"zone":{"previousOwner":{"name":"Hereiam","id":108662},"dateLastTaken":"2021-07-13T22:24:55+0000","latitude":60.087744,"totalTakeovers":6912,"type":{"name":"Winner Zone","id":6},"pointsPerHour":6,"takeoverPoints":110,"dateCreated":"2016-02-27T12:00:00+0000","currentOwner":{"name":"Aicar","id":74956},"name":"Kråknästet","id":63856,"region":{"area":{"name":"Mariehamn","id":2176},"country":"fi","name":"Åland","id":177},"longitude":19.936287},"latitude":60.087744,"currentOwner":{"name":"Aicar","id":74956},"time":"2021-07-13T22:24:55+0000","type":"takeover","longitude":19.936287},{"zone":{"previousOwner":{"name":"KnZoon","id":37763},"dateCreated":"2010-08-07T00:00:00+0000","dateLastTaken":"2021-07-13T22:24:49+0000","latitude":59.322967,"currentOwner":{"name":"Krussidullen","id":74555},"name":"DockZone","id":326,"totalTakeovers":23906,"region":{"area":{"name":"Stockholms kommun","id":1828},"country":"se","name":"Stockholm","id":141},"pointsPerHour":9,"longitude":18.075808,"takeoverPoints":65},"assists":[{"name":"Bakläxa","id":295365}],"latitude":59.322967,"currentOwner":{"name":"Krussidullen","id":74555},"time":"2021-07-13T22:24:49+0000","type":"takeover","longitude":18.075808},{"zone":{"previousOwner":{"name":"AnneliCH","id":186304},"dateCreated":"2010-09-04T14:41:37+0000","dateLastTaken":"2021-07-13T22:24:47+0000","latitude":55.59647,"currentOwner":{"name":"Király","id":169417},"name":"Birdzone","id":506,"totalTakeovers":9432,"region":{"area":{"name":"Malmö kommun","id":1898},"country":"se","name":"Skåne","id":135},"pointsPerHour":6,"longitude":12.986076,"takeoverPoints":110},"latitude":55.59647,"currentOwner":{"name":"Király","id":169417},"time":"2021-07-13T22:24:47+0000","type":"takeover","longitude":12.986076},{"zone":{"previousOwner":{"name":"Frökenbok","id":45345},"dateCreated":"2016-12-11T12:00:00+0000","dateLastTaken":"2021-07-13T22:24:45+0000","latitude":59.639196,"currentOwner":{"name":"FlitigaTobbe","id":48872},"name":"WildLife","id":92239,"totalTakeovers":10924,"region":{"area":{"name":"Västerås","id":1807},"country":"se","name":"Västmanland","id":143},"pointsPerHour":8,"longitude":16.539377,"takeoverPoints":80},"latitude":59.639196,"currentOwner":{"name":"FlitigaTobbe","id":48872},"time":"2021-07-13T22:24:45+0000","type":"takeover","longitude":16.539377},{"zone":{"previousOwner":{"name":"Idacb","id":334484},"dateCreated":"2014-04-06T11:40:17+0000","dateLastTaken":"2021-07-13T22:24:44+0000","latitude":55.71798,"currentOwner":{"name":"PastaPutin","id":148021},"name":"Getingen","id":27836,"totalTakeovers":7296,"region":{"area":{"name":"Lunds kommun","id":1948},"country":"se","name":"Skåne","id":135},"pointsPerHour":7,"longitude":13.212827,"takeoverPoints":95},"latitude":55.71798,"currentOwner":{"name":"PastaPutin","id":148021},"time":"2021-07-13T22:24:44+0000","type":"takeover","longitude":13.212827},{"zone":{"previousOwner":{"name":"Finnerswinners","id":303063},"dateCreated":"2020-08-30T08:00:00+0000","dateLastTaken":"2021-07-13T22:24:40+0000","latitude":55.775945,"currentOwner":{"name":"AndyMac","id":135538},"name":"Langlees","id":323017,"totalTakeovers":78,"region":{"area":{"name":"East Renfrewshire","id":2800},"country":"gb","name":"Scotland","id":200},"pointsPerHour":2,"longitude":-4.300049,"takeoverPoints":170},"latitude":55.775945,"currentOwner":{"name":"AndyMac","id":135538},"time":"2021-07-13T22:24:40+0000","type":"takeover","longitude":-4.300049},{"zone":{"previousOwner":{"name":"MonoMono","id":328075},"dateCreated":"2012-03-29T15:13:48+0000","dateLastTaken":"2021-07-13T22:24:21+0000","latitude":57.782474,"currentOwner":{"name":"broccoliA-M","id":300340},"name":"SmithyZone","id":7619,"totalTakeovers":19534,"region":{"area":{"name":"Jönköpings kommun","id":1897},"country":"se","name":"Jönköping","id":133},"pointsPerHour":7,"longitude":14.169913,"takeoverPoints":95},"latitude":57.782474,"currentOwner":{"name":"broccoliA-M","id":300340},"time":"2021-07-13T22:24:21+0000","type":"takeover","longitude":14.169913},{"zone":{"previousOwner":{"name":"NTU","id":145374},"dateCreated":"2017-04-01T19:53:34+0000","dateLastTaken":"2021-07-13T22:24:14+0000","latitude":59.640927,"currentOwner":{"name":"kepsen","id":51326},"name":"Grävlingen","id":97298,"totalTakeovers":9437,"region":{"area":{"name":"Västerås","id":1807},"country":"se","name":"Västmanland","id":143},"pointsPerHour":7,"longitude":16.530609,"takeoverPoints":95},"latitude":59.640927,"currentOwner":{"name":"kepsen","id":51326},"time":"2021-07-13T22:24:14+0000","type":"takeover","longitude":16.530609},{"zone":{"previousOwner":{"name":"maggan51","id":331276},"dateCreated":"2012-08-27T20:50:26+0000","dateLastTaken":"2021-07-13T22:24:08+0000","latitude":63.844273,"currentOwner":{"name":"PelSjo","id":183576},"name":"AboveMaryHome","id":11125,"totalTakeovers":23054,"region":{"area":{"name":"Umeå kommun","id":2064},"country":"se","name":"Västerbotten","id":127},"pointsPerHour":8,"longitude":20.333296,"takeoverPoints":80},"latitude":63.844273,"currentOwner":{"name":"PelSjo","id":183576},"time":"2021-07-13T22:24:08+0000","type":"takeover","longitude":20.333296},{"zone":{"previousOwner":{"name":"Kimber","id":294087},"dateCreated":"2015-11-22T17:00:00+0000","dateLastTaken":"2021-07-13T22:23:57+0000","latitude":60.439022,"currentOwner":{"name":"Welshman","id":305225},"name":"KirurgiZone","id":61478,"totalTakeovers":1479,"region":{"area":{"name":"Turku","id":2201},"country":"fi","name":"Lounais-Suomi","id":184},"pointsPerHour":4,"longitude":22.278437,"takeoverPoints":140},"latitude":60.439022,"currentOwner":{"name":"Welshman","id":305225},"time":"2021-07-13T22:23:57+0000","type":"takeover","longitude":22.278437},{"zone":{"previousOwner":{"name":"FlygarAlex","id":256903},"dateCreated":"2017-02-02T08:00:00+0000","dateLastTaken":"2021-07-13T22:23:51+0000","latitude":59.276548,"currentOwner":{"name":"vaniljblomma","id":334698},"name":"Söderholm","id":95006,"totalTakeovers":713,"region":{"area":{"name":"Stockholms kommun","id":1828},"country":"se","name":"Stockholm","id":141},"pointsPerHour":4,"longitude":17.873564,"takeoverPoints":140},"latitude":59.276548,"currentOwner":{"name":"vaniljblomma","id":334698},"time":"2021-07-13T22:23:51+0000","type":"takeover","longitude":17.873564},{"zone":{"previousOwner":{"name":"sunnyanna","id":121038},"dateCreated":"2020-04-07T10:00:00+0000","dateLastTaken":"2021-07-13T22:23:33+0000","latitude":60.085744,"currentOwner":{"name":"Aicar","id":74956},"name":"ShipPilot","id":228108,"totalTakeovers":2245,"region":{"area":{"name":"Mariehamn","id":2176},"country":"fi","name":"Åland","id":177},"pointsPerHour":6,"longitude":19.935991,"takeoverPoints":110},"latitude":60.085744,"currentOwner":{"name":"Aicar","id":74956},"time":"2021-07-13T22:23:33+0000","type":"takeover","longitude":19.935991},{"zone":{"previousOwner":{"name":"HypnoToad","id":312175},"dateCreated":"2021-05-15T14:58:58+0000","dateLastTaken":"2021-07-13T22:23:33+0000","latitude":44.925685,"currentOwner":{"name":"MtkaHek","id":303521},"name":"Blowing","id":411389,"totalTakeovers":113,"region":{"area":{"name":"Hennepin County","id":4063},"country":"us","name":"Minnesota","id":405},"pointsPerHour":3,"longitude":-93.410289,"takeoverPoints":155},"latitude":44.925685,"currentOwner":{"name":"MtkaHek","id":303521},"time":"2021-07-13T22:23:33+0000","type":"takeover","longitude":-93.410289},{"zone":{"previousOwner":{"name":"FunkyKringel","id":48817},"dateCreated":"2013-07-09T22:18:42+0000","dateLastTaken":"2021-07-13T22:23:33+0000","latitude":64.747877,"currentOwner":{"name":"tantorange","id":106649},"name":"Älvpromenaden","id":20721,"totalTakeovers":8423,"region":{"area":{"name":"Skellefteå kommun","id":2065},"country":"se","name":"Västerbotten","id":127},"pointsPerHour":6,"longitude":20.961424,"takeoverPoints":110},"latitude":64.747877,"currentOwner":{"name":"tantorange","id":106649},"time":"2021-07-13T22:23:33+0000","type":"takeover","longitude":20.961424},{"zone":{"previousOwner":{"name":"turfmassi","id":122409},"dateLastTaken":"2021-07-13T22:23:32+0000","latitude":59.321328,"totalTakeovers":23018,"type":{"name":"Bridge","id":8},"pointsPerHour":9,"takeoverPoints":65,"dateCreated":"2010-07-18T00:00:00+0000","currentOwner":{"name":"Krussidullen","id":74555},"name":"Guldbron","id":166,"region":{"area":{"name":"Stockholms kommun","id":1828},"country":"se","name":"Stockholm","id":141},"longitude":18.073944},"latitude":59.321328,"currentOwner":{"name":"Krussidullen","id":74555},"time":"2021-07-13T22:23:32+0000","type":"takeover","longitude":18.073944},{"zone":{"previousOwner":{"name":"JuanOlé","id":48153},"dateLastTaken":"2021-07-13T22:23:31+0000","latitude":59.636742,"totalTakeovers":16810,"type":{"name":"Bridge","id":8},"pointsPerHour":8,"takeoverPoints":80,"dateCreated":"2013-12-24T17:00:00+0000","currentOwner":{"name":"FlitigaTobbe","id":48872},"name":"NorthTrail","id":24172,"region":{"area":{"name":"Västerås","id":1807},"country":"se","name":"Västmanland","id":143},"longitude":16.542947},"latitude":59.636742,"currentOwner":{"name":"FlitigaTobbe","id":48872},"time":"2021-07-13T22:23:31+0000","type":"takeover","longitude":16.542947},{"zone":{"previousOwner":{"name":"Bodger","id":334397},"dateCreated":"2018-12-24T16:58:03+0000","dateLastTaken":"2021-07-13T22:23:26+0000","latitude":59.376173,"currentOwner":{"name":"0beroff","id":80119},"name":"Ritorpsvägen","id":178365,"totalTakeovers":1518,"region":{"area":{"name":"Solna kommun","id":1845},"country":"se","name":"Stockholm","id":141},"pointsPerHour":7,"longitude":18.006593,"takeoverPoints":95},"latitude":59.376173,"currentOwner":{"name":"0beroff","id":80119},"time":"2021-07-13T22:23:26+0000","type":"takeover","longitude":18.006593},{"zone":{"previousOwner":{"name":"woody","id":303562},"dateCreated":"2021-01-25T21:10:36+0000","dateLastTaken":"2021-07-13T22:23:23+0000","latitude":44.946154,"currentOwner":{"name":"saxophone","id":316407},"name":"TramOfStPaul","id":373637,"totalTakeovers":66,"region":{"area":{"name":"Ramsey County","id":4068},"country":"us","name":"Minnesota","id":405},"pointsPerHour":1,"longitude":-93.092,"takeoverPoints":185},"latitude":44.946154,"currentOwner":{"name":"saxophone","id":316407},"time":"2021-07-13T22:23:23+0000","type":"takeover","longitude":-93.092},{"zone":{"previousOwner":{"name":"\"Pilgrimen\"","id":36000},"dateCreated":"2014-07-11T22:20:56+0000","dateLastTaken":"2021-07-13T22:23:18+0000","latitude":58.44971,"currentOwner":{"name":"Fellkis","id":97754},"name":"WhatPier","id":32329,"totalTakeovers":1008,"region":{"area":{"name":"Vadstena","id":1864},"country":"se","name":"Östergötland","id":139},"pointsPerHour":4,"longitude":14.875105,"takeoverPoints":140},"latitude":58.44971,"currentOwner":{"name":"Fellkis","id":97754},"time":"2021-07-13T22:23:18+0000","type":"takeover","longitude":14.875105},{"zone":{"previousOwner":{"name":"PelSjo","id":183576},"dateLastTaken":"2021-07-13T22:23:07+0000","latitude":63.857244,"totalTakeovers":12266,"type":{"name":"Holy","id":9},"pointsPerHour":8,"takeoverPoints":80,"dateCreated":"2014-12-11T23:12:14+0000","currentOwner":{"name":"maggan51","id":331276},"name":"ErsbodaC","id":42687,"region":{"area":{"name":"Umeå kommun","id":2064},"country":"se","name":"Västerbotten","id":127},"longitude":20.312765},"latitude":63.857244,"currentOwner":{"name":"maggan51","id":331276},"time":"2021-07-13T22:23:07+0000","type":"takeover","longitude":20.312765},{"zone":{"previousOwner":{"name":"Kimber","id":294087},"dateCreated":"2017-11-24T11:56:42+0000","dateLastTaken":"2021-07-13T22:22:48+0000","latitude":60.437672,"currentOwner":{"name":"Welshman","id":305225},"name":"PasswayToLyly","id":138551,"totalTakeovers":1195,"region":{"area":{"name":"Turku","id":2201},"country":"fi","name":"Lounais-Suomi","id":184},"pointsPerHour":4,"longitude":22.281024,"takeoverPoints":140},"latitude":60.437672,"currentOwner":{"name":"Welshman","id":305225},"time":"2021-07-13T22:22:48+0000","type":"takeover","longitude":22.281024},{"zone":{"previousOwner":{"name":"Grodan-Boll","id":269514},"dateLastTaken":"2021-07-13T22:22:46+0000","latitude":58.59648,"totalTakeovers":20633,"type":{"name":"Train Station","id":13},"pointsPerHour":8,"takeoverPoints":80,"dateCreated":"2010-09-04T00:00:00+0000","currentOwner":{"name":"CykologenCOM","id":122322},"name":"NorrStation","id":593,"region":{"area":{"name":"Norrköpings kommun","id":1853},"country":"se","name":"Östergötland","id":139},"longitude":16.183315},"latitude":58.59648,"currentOwner":{"name":"CykologenCOM","id":122322},"time":"2021-07-13T22:22:46+0000","type":"takeover","longitude":16.183315},{"zone":{"previousOwner":{"name":"Frökenbok","id":45345},"dateCreated":"2013-02-10T00:00:00+0000","dateLastTaken":"2021-07-13T22:22:39+0000","latitude":59.639548,"currentOwner":{"name":"kepsen","id":51326},"name":"SouthPot","id":14873,"totalTakeovers":15785,"region":{"area":{"name":"Västerås","id":1807},"country":"se","name":"Västmanland","id":143},"pointsPerHour":8,"longitude":16.534415,"takeoverPoints":80},"latitude":59.639548,"currentOwner":{"name":"kepsen","id":51326},"time":"2021-07-13T22:22:39+0000","type":"takeover","longitude":16.534415},{"zone":{"previousOwner":{"name":"glurf","id":253657},"dateCreated":"2013-07-02T06:00:00+0000","dateLastTaken":"2021-07-13T22:22:28+0000","latitude":55.7165,"currentOwner":{"name":"PastaPutin","id":148021},"name":"WaspZone","id":20547,"totalTakeovers":5802,"region":{"area":{"name":"Lunds kommun","id":1948},"country":"se","name":"Skåne","id":135},"pointsPerHour":6,"longitude":13.207004,"takeoverPoints":110},"latitude":55.7165,"currentOwner":{"name":"PastaPutin","id":148021},"time":"2021-07-13T22:22:28+0000","type":"takeover","longitude":13.207004},{"zone":{"previousOwner":{"name":"TedGlen","id":302932},"dateCreated":"2013-10-01T11:34:15+0000","dateLastTaken":"2021-07-13T22:22:27+0000","latitude":56.963769,"currentOwner":{"name":"dancecrazy","id":316546},"name":"StonehavenBay","id":21920,"totalTakeovers":376,"region":{"area":{"name":"Aberdeenshire","id":2792},"country":"gb","name":"Scotland","id":200},"pointsPerHour":5,"longitude":-2.206817,"takeoverPoints":125},"latitude":56.963769,"currentOwner":{"name":"dancecrazy","id":316546},"time":"2021-07-13T22:22:27+0000","type":"takeover","longitude":-2.206817},{"zone":{"previousOwner":{"name":"Toubkal","id":24982},"dateCreated":"2010-08-15T00:00:00+0000","dateLastTaken":"2021-07-13T22:22:22+0000","latitude":57.781878,"currentOwner":{"name":"broccoliA-M","id":300340},"name":"Residenzone","id":366,"totalTakeovers":17073,"region":{"area":{"name":"Jönköpings kommun","id":1897},"country":"se","name":"Jönköping","id":133},"pointsPerHour":7,"longitude":14.165041,"takeoverPoints":95},"latitude":57.781878,"currentOwner":{"name":"broccoliA-M","id":300340},"time":"2021-07-13T22:22:22+0000","type":"takeover","longitude":14.165041},{"zone":{"previousOwner":{"name":"sunnyanna","id":121038},"dateCreated":"2014-09-02T06:56:43+0000","dateLastTaken":"2021-07-13T22:22:22+0000","latitude":60.087098,"currentOwner":{"name":"Aicar","id":74956},"name":"Västernäs1","id":34117,"totalTakeovers":9868,"region":{"area":{"name":"Mariehamn","id":2176},"country":"fi","name":"Åland","id":177},"pointsPerHour":7,"longitude":19.938849,"takeoverPoints":95},"latitude":60.087098,"currentOwner":{"name":"Aicar","id":74956},"time":"2021-07-13T22:22:22+0000","type":"takeover","longitude":19.938849},{"zone":{"previousOwner":{"name":"AnneliCH","id":186304},"dateCreated":"2010-09-02T00:00:00+0000","dateLastTaken":"2021-07-13T22:22:00+0000","latitude":55.592638,"currentOwner":{"name":"Király","id":169417},"name":"Playground","id":512,"totalTakeovers":5164,"region":{"area":{"name":"Malmö kommun","id":1898},"country":"se","name":"Skåne","id":135},"pointsPerHour":5,"longitude":12.984579,"takeoverPoints":125},"latitude":55.592638,"currentOwner":{"name":"Király","id":169417},"time":"2021-07-13T22:22:00+0000","type":"takeover","longitude":12.984579},{"zone":{"previousOwner":{"name":"Buzd","id":317315},"dateCreated":"2016-12-21T06:00:00+0000","dateLastTaken":"2021-07-13T22:22:00+0000","latitude":59.377692,"currentOwner":{"name":"Bodger","id":334397},"name":"Tågväktaren","id":92302,"totalTakeovers":2863,"region":{"area":{"name":"Solna kommun","id":1845},"country":"se","name":"Stockholm","id":141},"pointsPerHour":6,"longitude":17.985285,"takeoverPoints":110},"latitude":59.377692,"currentOwner":{"name":"Bodger","id":334397},"time":"2021-07-13T22:22:00+0000","type":"takeover","longitude":17.985285},{"zone":{"previousOwner":{"name":"Optimus","id":10207},"dateCreated":"2014-09-02T09:00:11+0000","dateLastTaken":"2021-07-13T22:21:36+0000","latitude":59.635295,"currentOwner":{"name":"FlitigaTobbe","id":48872},"name":"Jakthyddan","id":34130,"totalTakeovers":10792,"region":{"area":{"name":"Västerås","id":1807},"country":"se","name":"Västmanland","id":143},"pointsPerHour":7,"longitude":16.54646,"takeoverPoints":95},"latitude":59.635295,"currentOwner":{"name":"FlitigaTobbe","id":48872},"time":"2021-07-13T22:21:36+0000","type":"takeover","longitude":16.54646},{"zone":{"previousOwner":{"name":"Sledge","id":241272},"dateCreated":"2013-05-08T23:27:10+0000","dateLastTaken":"2021-07-13T22:21:34+0000","latitude":64.747469,"currentOwner":{"name":"tantorange","id":106649},"name":"TittaPåBåtar","id":18028,"totalTakeovers":9149,"region":{"area":{"name":"Skellefteå kommun","id":2065},"country":"se","name":"Västerbotten","id":127},"pointsPerHour":6,"longitude":20.967746,"takeoverPoints":110},"latitude":64.747469,"currentOwner":{"name":"tantorange","id":106649},"time":"2021-07-13T22:21:34+0000","type":"takeover","longitude":20.967746},{"zone":{"previousOwner":{"name":"FlygarAlex","id":256903},"dateCreated":"2016-11-19T06:00:00+0000","dateLastTaken":"2021-07-13T22:21:34+0000","latitude":59.277031,"currentOwner":{"name":"vaniljblomma","id":334698},"name":"Parkleken","id":91707,"totalTakeovers":2461,"region":{"area":{"name":"Stockholms kommun","id":1828},"country":"se","name":"Stockholm","id":141},"pointsPerHour":4,"longitude":17.883486,"takeoverPoints":140},"latitude":59.277031,"currentOwner":{"name":"vaniljblomma","id":334698},"time":"2021-07-13T22:21:34+0000","type":"takeover","longitude":17.883486},{"zone":{"previousOwner":{"name":"Rymprak","id":228698},"dateCreated":"2013-04-20T12:58:46+0000","dateLastTaken":"2021-07-13T22:21:32+0000","latitude":59.319581,"currentOwner":{"name":"Krussidullen","id":74555},"name":"Stadsgårdskaj","id":16789,"totalTakeovers":9110,"region":{"area":{"name":"Stockholms kommun","id":1828},"country":"se","name":"Stockholm","id":141},"pointsPerHour":7,"longitude":18.077504,"takeoverPoints":95},"assists":[{"name":"Bakläxa","id":295365}],"latitude":59.319581,"currentOwner":{"name":"Krussidullen","id":74555},"time":"2021-07-13T22:21:32+0000","type":"takeover","longitude":18.077504},{"zone":{"previousOwner":{"name":"Kimber","id":294087},"dateCreated":"2017-10-26T11:16:21+0000","dateLastTaken":"2021-07-13T22:21:27+0000","latitude":60.43738,"currentOwner":{"name":"Welshman","id":305225},"name":"GolgataChapel","id":135992,"totalTakeovers":1065,"region":{"area":{"name":"Turku","id":2201},"country":"fi","name":"Lounais-Suomi","id":184},"pointsPerHour":4,"longitude":22.285787,"takeoverPoints":140},"latitude":60.43738,"currentOwner":{"name":"Welshman","id":305225},"time":"2021-07-13T22:21:27+0000","type":"takeover","longitude":22.285787},{"zone":{"previousOwner":{"name":"PelSjo","id":183576},"dateCreated":"2013-12-24T11:00:05+0000","dateLastTaken":"2021-07-13T22:21:17+0000","latitude":63.857332,"currentOwner":{"name":"maggan51","id":331276},"name":"VassleZone","id":23907,"totalTakeovers":10398,"region":{"area":{"name":"Umeå kommun","id":2064},"country":"se","name":"Västerbotten","id":127},"pointsPerHour":7,"longitude":20.307165,"takeoverPoints":95},"latitude":63.857332,"currentOwner":{"name":"maggan51","id":331276},"time":"2021-07-13T22:21:17+0000","type":"takeover","longitude":20.307165},{"zone":{"previousOwner":{"name":"Toubkal","id":24982},"dateCreated":"2013-08-07T11:44:53+0000","dateLastTaken":"2021-07-13T22:21:09+0000","latitude":57.783354,"currentOwner":{"name":"broccoliA-M","id":300340},"name":"HarbourPark","id":21194,"totalTakeovers":15366,"region":{"area":{"name":"Jönköpings kommun","id":1897},"country":"se","name":"Jönköping","id":133},"pointsPerHour":7,"longitude":14.166217,"takeoverPoints":95},"latitude":57.783354,"currentOwner":{"name":"broccoliA-M","id":300340},"time":"2021-07-13T22:21:09+0000","type":"takeover","longitude":14.166217},{"zone":{"previousOwner":{"name":"bythesea","id":289445},"dateCreated":"2020-07-31T17:00:00+0000","dateLastTaken":"2021-07-13T22:21:01+0000","latitude":55.946093,"currentOwner":{"name":"Cruachan","id":304571},"name":"SeaPromenade","id":318241,"totalTakeovers":714,"region":{"area":{"name":"East Lothian","id":2786},"country":"gb","name":"Scotland","id":200},"pointsPerHour":5,"longitude":-3.062263,"takeoverPoints":125},"latitude":55.946093,"currentOwner":{"name":"Cruachan","id":304571},"time":"2021-07-13T22:21:01+0000","type":"takeover","longitude":-3.062263},{"zone":{"previousOwner":{"name":"JuanOlé","id":48153},"dateCreated":"2018-12-24T12:00:00+0000","dateLastTaken":"2021-07-13T22:20:52+0000","latitude":59.637055,"currentOwner":{"name":"kepsen","id":51326},"name":"Nordapan","id":178353,"totalTakeovers":4111,"region":{"area":{"name":"Västerås","id":1807},"country":"se","name":"Västmanland","id":143},"pointsPerHour":7,"longitude":16.531091,"takeoverPoints":95},"latitude":59.637055,"currentOwner":{"name":"kepsen","id":51326},"time":"2021-07-13T22:20:52+0000","type":"takeover","longitude":16.531091},{"zone":{"previousOwner":{"name":"Finnerswinners","id":303063},"dateCreated":"2020-08-30T08:00:00+0000","dateLastTaken":"2021-07-13T22:20:51+0000","latitude":55.776294,"currentOwner":{"name":"AndyMac","id":135538},"name":"KirkhillPrime","id":323014,"totalTakeovers":107,"region":{"area":{"name":"East Renfrewshire","id":2800},"country":"gb","name":"Scotland","id":200},"pointsPerHour":2,"longitude":-4.303732,"takeoverPoints":170},"latitude":55.776294,"currentOwner":{"name":"AndyMac","id":135538},"time":"2021-07-13T22:20:51+0000","type":"takeover","longitude":-4.303732},{"zone":{"previousOwner":{"name":"Stålblå","id":300091},"dateCreated":"2017-12-24T07:00:00+0000","dateLastTaken":"2021-07-13T22:20:45+0000","latitude":59.373372,"currentOwner":{"name":"0beroff","id":80119},"name":"MotVänOMoSMot","id":139401,"totalTakeovers":3372,"region":{"area":{"name":"Solna kommun","id":1845},"country":"se","name":"Stockholm","id":141},"pointsPerHour":8,"longitude":18.009491,"takeoverPoints":80},"latitude":59.373372,"currentOwner":{"name":"0beroff","id":80119},"time":"2021-07-13T22:20:45+0000","type":"takeover","longitude":18.009491},{"zone":{"previousOwner":{"name":"Cykeltoken","id":227739},"dateCreated":"2013-05-21T00:28:38+0000","dateLastTaken":"2021-07-13T22:20:33+0000","latitude":63.851318,"currentOwner":{"name":"PelSjo","id":183576},"name":"MjölkZone","id":18618,"totalTakeovers":8694,"region":{"area":{"name":"Umeå kommun","id":2064},"country":"se","name":"Västerbotten","id":127},"pointsPerHour":7,"longitude":20.343115,"takeoverPoints":95},"latitude":63.851318,"currentOwner":{"name":"PelSjo","id":183576},"time":"2021-07-13T22:20:33+0000","type":"takeover","longitude":20.343115},{"zone":{"previousOwner":{"name":"Kimber","id":294087},"dateCreated":"2018-08-03T09:56:53+0000","dateLastTaken":"2021-07-13T22:20:23+0000","latitude":60.438526,"currentOwner":{"name":"Welshman","id":305225},"name":"Takamaa","id":155420,"totalTakeovers":925,"region":{"area":{"name":"Turku","id":2201},"country":"fi","name":"Lounais-Suomi","id":184},"pointsPerHour":4,"longitude":22.28876,"takeoverPoints":140},"latitude":60.438526,"currentOwner":{"name":"Welshman","id":305225},"time":"2021-07-13T22:20:23+0000","type":"takeover","longitude":22.28876},{"zone":{"previousOwner":{"name":"JuanOlé","id":48153},"dateCreated":"2021-06-09T06:00:00+0000","dateLastTaken":"2021-07-13T22:20:14+0000","latitude":59.63808,"currentOwner":{"name":"FlitigaTobbe","id":48872},"name":"Viltgryta","id":426322,"totalTakeovers":244,"region":{"area":{"name":"Västerås","id":1807},"country":"se","name":"Västmanland","id":143},"pointsPerHour":1,"longitude":16.546294,"takeoverPoints":185},"latitude":59.63808,"currentOwner":{"name":"FlitigaTobbe","id":48872},"time":"2021-07-13T22:20:14+0000","type":"takeover","longitude":16.546294}]