[{"medal":92,"time":"2022-04-19T16:12:44+0000","type":"medal","user":{"country":"se","medals":[80,31,92],"zones":[38409,44809,44810,44811,44812,44814],"pointsPerHour":0,"points":3555,"blocktime":690,"taken":26,"name":"Carra4","totalPoints":4277,"rank":6,"id":357340,"place":6430,"uniqueZonesTaken":15,"region":{"name":"Södermanland","id":140}}},{"sender":{"country":"se","medals":[16,67,17,70,4,27,24,15,44,72,77,79,83,24,48,21,66,117,17,116,58,24,123,126,104,119,131],"zones":[289,22248,140,119215,408758,481846,8402,35956,31926,141748,6071,7831,142453,14489,26105,91704,8795,8796,42460,15357,481848],"pointsPerHour":69,"points":112637,"blocktime":1470,"taken":104423,"name":"NisseNasse","totalPoints":15649371,"rank":58,"id":54085,"place":225,"uniqueZonesTaken":2265,"region":{"name":"Stockholm","id":141}},"time":"2022-04-19T16:09:59+0000","message":"magnusn: är nya zonen inne på Skansenområdet?","region":{"name":"Stockholm","id":141},"type":"chat"},{"sender":{"country":"se","medals":[78,16,47,122,14,58,6,98,5,28,70,103,127,36],"zones":[428551,7554,143014,134695,401,27829,14614,985,33753,90168,20634,318878,7550],"pointsPerHour":61,"points":19732,"blocktime":1185,"taken":5884,"name":"KingenMalmö","totalPoints":1218350,"rank":39,"id":318345,"place":2001,"uniqueZonesTaken":830,"region":{"name":"Skåne","id":135}},"time":"2022-04-19T16:09:38+0000","message":"ok","region":{"name":"Skåne","id":135},"type":"chat"},{"medal":31,"time":"2022-04-19T16:09:06+0000","type":"medal","user":{"country":"se","medals":[80,31],"zones":[38409,44810,44811,44812,44814],"pointsPerHour":0,"points":3429,"blocktime":690,"taken":25,"name":"Carra4","totalPoints":4150,"rank":6,"id":357340,"place":6430,"uniqueZonesTaken":14,"region":{"name":"Södermanland","id":140}}},{"medal":31,"time":"2022-04-19T16:06:51+0000","type":"medal","user":{"country":"se","medals":[93,100,80,92,31],"zones":[116080,7745,91735,46423,95304],"pointsPerHour":0,"points":4473,"blocktime":690,"taken":25,"name":"FiaLia178","totalPoints":4473,"rank":6,"id":357949,"place":6430,"uniqueZonesTaken":21,"region":{"name":"Gävleborg","id":144}}}]