[{"sender":{"country":"se","medals":[67,79,16,122,28,14,4,48,57,77,68,95,6,117,40,131,104],"zones":[43746,43747,27108,11669,182084,478049,79384,64682,11822,136188,2559],"pointsPerHour":58,"points":146700,"blocktime":1290,"taken":24083,"name":"mattihp","totalPoints":3199663,"rank":46,"id":10151,"place":113,"uniqueZonesTaken":930,"region":{"name":"Uppsala","id":142}},"time":"2022-04-19T12:06:12+0000","message":"vem rensar tuna backar och librobäck åt mig?","region":{"name":"Uppsala","id":142},"type":"chat"},{"medal":80,"time":"2022-04-19T12:03:18+0000","type":"medal","user":{"country":"gb","medals":[80,84],"zones":[12720,12576,12721,8316,12543],"pointsPerHour":0,"points":926,"blocktime":645,"taken":5,"name":"GeronimoDukes","totalPoints":926,"rank":3,"id":358348,"place":6398,"uniqueZonesTaken":5,"region":{"name":"North East England","id":199}}},{"medal":84,"time":"2022-04-19T12:03:18+0000","type":"medal","user":{"country":"gb","medals":[80,84],"zones":[12720,12576,12721,8316,12543],"pointsPerHour":0,"points":926,"blocktime":645,"taken":5,"name":"GeronimoDukes","totalPoints":926,"rank":3,"id":358348,"place":6398,"uniqueZonesTaken":5,"region":{"name":"North East England","id":199}}},{"medal":80,"time":"2022-04-19T12:01:44+0000","type":"medal","user":{"country":"se","medals":[80,84],"zones":[47761,503,43415,5641,22237],"pointsPerHour":0,"points":570,"blocktime":630,"taken":5,"name":"kyoadb","totalPoints":570,"rank":2,"id":358442,"place":6398,"uniqueZonesTaken":5,"region":{"name":"Örebro","id":131}}},{"medal":84,"time":"2022-04-19T12:01:44+0000","type":"medal","user":{"country":"se","medals":[80,84],"zones":[47761,503,43415,5641,22237],"pointsPerHour":0,"points":570,"blocktime":630,"taken":5,"name":"kyoadb","totalPoints":570,"rank":2,"id":358442,"place":6398,"uniqueZonesTaken":5,"region":{"name":"Örebro","id":131}}}]