[{"medal":80,"time":"2022-04-18T14:36:56+0000","type":"medal","user":{"country":"gb","medals":[80,84],"zones":[392371,354707,350461,354700,350462],"pointsPerHour":0,"points":932,"blocktime":645,"taken":5,"name":"Frederico22","totalPoints":932,"rank":3,"id":358076,"place":6278,"uniqueZonesTaken":5,"region":{"name":"North West England","id":201}}},{"medal":84,"time":"2022-04-18T14:36:56+0000","type":"medal","user":{"country":"gb","medals":[80,84],"zones":[392371,354707,350461,354700,350462],"pointsPerHour":0,"points":932,"blocktime":645,"taken":5,"name":"Frederico22","totalPoints":932,"rank":3,"id":358076,"place":6278,"uniqueZonesTaken":5,"region":{"name":"North West England","id":201}}},{"medal":85,"time":"2022-04-18T14:36:14+0000","type":"medal","user":{"country":"se","medals":[80,85],"zones":[51607],"pointsPerHour":0,"points":1569,"blocktime":660,"taken":10,"name":"Kermit11","totalPoints":1569,"rank":4,"id":358277,"place":6278,"uniqueZonesTaken":9,"region":{"name":"Västra Götaland","id":132}}},{"medal":93,"time":"2022-04-18T14:33:42+0000","type":"medal","user":{"country":"se","medals":[84,93],"zones":[3163],"pointsPerHour":0,"points":318,"blocktime":645,"taken":6,"name":"Elise123456","totalPoints":965,"rank":3,"id":331389,"place":6277,"uniqueZonesTaken":6,"region":{"name":"Västerbotten","id":127}}}]