[{"medal":85,"time":"2022-04-19T12:27:04+0000","type":"medal","user":{"country":"se","medals":[80,85],"zones":[154630],"pointsPerHour":0,"points":1856,"blocktime":660,"taken":10,"name":"Otso","totalPoints":1856,"rank":4,"id":358359,"place":6411,"uniqueZonesTaken":6,"region":{"name":"Västernorrland","id":145}}},{"medal":33,"time":"2022-04-19T12:26:58+0000","type":"medal","user":{"country":"se","medals":[94,104,51,12,33],"zones":[94785,6161,47617,11123,18618,5403,1005,306538],"pointsPerHour":0,"points":13060,"blocktime":855,"taken":500,"name":"Rultan54","totalPoints":70286,"rank":17,"id":351765,"place":6411,"uniqueZonesTaken":108,"region":{"name":"Västerbotten","id":127}}},{"medal":80,"time":"2022-04-19T12:21:21+0000","type":"medal","user":{"country":"se","medals":[93,84,80],"zones":[412466,412465,203802,64602,62588],"pointsPerHour":0,"points":1065,"blocktime":645,"taken":6,"name":"AntonJR","totalPoints":1065,"rank":3,"id":358371,"place":6408,"uniqueZonesTaken":6,"region":{"name":"Halland","id":134}}}]