[{"medal":42,"time":"2022-05-09T08:34:26+0000","type":"medal","user":{"country":"uk","medals":[11,53,68,42],"zones":[358855,358854,358529,358849,478723,358848,478722,369027,478720,369026,47208,358845,369021,358524,358847,358526,358846,369022,358523,358522],"pointsPerHour":0,"points":8205,"blocktime":990,"taken":250,"name":"firefly22","totalPoints":214047,"rank":26,"id":302967,"place":6270,"uniqueZonesTaken":66,"region":{"name":"East Midlands","id":203}}},{"medal":31,"time":"2022-05-09T08:34:20+0000","type":"medal","user":{"country":"se","medals":[90,51,92,31],"zones":[34641,44309,44310,302094,19338,44301],"pointsPerHour":0,"points":3707,"blocktime":690,"taken":25,"name":"Raz369","totalPoints":3707,"rank":6,"id":360688,"place":6270,"uniqueZonesTaken":22,"region":{"name":"Kalmar","id":137}}},{"medal":80,"time":"2022-05-09T08:33:57+0000","type":"medal","user":{"country":"se","medals":[93,84,80],"zones":[51585,139396,599,1403,28189],"pointsPerHour":0,"points":635,"blocktime":630,"taken":6,"name":"KatteCarl","totalPoints":635,"rank":2,"id":362133,"place":6270,"uniqueZonesTaken":5,"region":{"name":"Skåne","id":135}}},{"medal":92,"time":"2022-05-09T08:30:20+0000","type":"medal","user":{"country":"se","medals":[93,85,80,92],"zones":[51585,1362,114933,598,27853],"pointsPerHour":0,"points":629,"blocktime":675,"taken":17,"name":"ryanåkesson","totalPoints":1991,"rank":5,"id":354444,"place":6269,"uniqueZonesTaken":15,"region":{"name":"Skåne","id":135}}}]