[{"medal":90,"time":"2022-05-10T12:57:43+0000","type":"medal","user":{"country":"uk","medals":[79,46,77,13,100,56,36,127,94,90],"zones":[344801,344800,14694,14695,344802,14696,317037,14701,318250,485833,344810,322932,322933,319126,15155,368465,322940,322936,322939],"pointsPerHour":0,"points":29042,"blocktime":1200,"taken":6299,"name":"JingsCrivens","totalPoints":1453565,"rank":40,"id":302372,"place":6640,"uniqueZonesTaken":434,"region":{"name":"Scotland","id":200}}},{"medal":85,"time":"2022-05-10T12:57:25+0000","type":"medal","user":{"country":"se","medals":[80,85,90],"zones":[55648,27942,297058,110518,297059,1225,27945,60217,50605],"pointsPerHour":0,"points":1125,"blocktime":645,"taken":10,"name":"Göstaskött","totalPoints":1125,"rank":3,"id":361986,"place":6639,"uniqueZonesTaken":10,"region":{"name":"Kalmar","id":137}}},{"medal":90,"time":"2022-05-10T12:57:25+0000","type":"medal","user":{"country":"se","medals":[80,85,90],"zones":[55648,27942,297058,110518,297059,1225,27945,60217,50605],"pointsPerHour":0,"points":1125,"blocktime":645,"taken":10,"name":"Göstaskött","totalPoints":1125,"rank":3,"id":361986,"place":6639,"uniqueZonesTaken":10,"region":{"name":"Kalmar","id":137}}},{"sender":{"country":"se","medals":[93],"zones":[34710],"pointsPerHour":4,"points":280,"blocktime":615,"taken":2,"name":"Idiot_Melwin","totalPoints":280,"rank":1,"id":362003,"place":6076,"uniqueZonesTaken":1,"region":{"name":"Kalmar","id":137}},"time":"2022-05-10T12:56:01+0000","message":"AAAAUUUUUUUGGGGHHHHHHH","region":{"name":"Kalmar","id":137},"type":"chat"},{"medal":92,"time":"2022-05-10T12:51:57+0000","type":"medal","user":{"country":"se","medals":[31,51,92,10],"zones":[299043,319151,22155,22157,22318,29838,7442,444659,7446,17562,6076,5311],"pointsPerHour":0,"points":4018,"blocktime":690,"taken":31,"name":"Johansson0826","totalPoints":4144,"rank":6,"id":322792,"place":6637,"uniqueZonesTaken":15,"region":{"name":"Östergötland","id":139}}},{"medal":10,"time":"2022-05-10T12:51:57+0000","type":"medal","user":{"country":"se","medals":[31,51,92,10],"zones":[299043,319151,22155,22157,22318,29838,7442,444659,7446,17562,6076,5311],"pointsPerHour":0,"points":4018,"blocktime":690,"taken":31,"name":"Johansson0826","totalPoints":4144,"rank":6,"id":322792,"place":6637,"uniqueZonesTaken":15,"region":{"name":"Östergötland","id":139}}}]