[{"medal":94,"time":"2022-05-10T08:12:46+0000","type":"medal","user":{"country":"se","medals":[94],"zones":[73092],"pointsPerHour":0,"points":672,"blocktime":630,"taken":5,"name":"kajinAD","totalPoints":672,"rank":2,"id":362433,"place":6496,"uniqueZonesTaken":4,"region":{"name":"Värmland","id":130}}},{"medal":94,"time":"2022-05-10T08:12:46+0000","type":"medal","user":{"country":"se","medals":[94],"zones":[7810,7807],"pointsPerHour":0,"points":702,"blocktime":645,"taken":5,"name":"linnea.67","totalPoints":702,"rank":3,"id":362437,"place":6496,"uniqueZonesTaken":4,"region":{"name":"Värmland","id":130}}},{"medal":90,"time":"2022-05-10T08:12:34+0000","type":"medal","user":{"country":"se","medals":[80,85,90],"zones":[473238,12035,29220,12036,428864,425724,92107,92106,80588],"pointsPerHour":0,"points":1636,"blocktime":660,"taken":11,"name":"arwid653","totalPoints":1636,"rank":4,"id":362442,"place":6496,"uniqueZonesTaken":10,"region":{"name":"Jämtland","id":128}}},{"medal":93,"time":"2022-05-10T08:12:34+0000","type":"medal","user":{"country":"se","medals":[93],"zones":[],"pointsPerHour":0,"points":155,"blocktime":600,"taken":1,"name":"Rust_Bot_Harry","totalPoints":155,"rank":0,"id":362465,"place":6496,"uniqueZonesTaken":1,"region":{"name":"Jämtland","id":128}}},{"medal":85,"time":"2022-05-10T08:12:04+0000","type":"medal","user":{"country":"se","medals":[80,85],"zones":[28353,26145,1138,19012,323265,113639,92856,11738,26143],"pointsPerHour":0,"points":2103,"blocktime":675,"taken":10,"name":"Holmen00","totalPoints":2103,"rank":5,"id":361881,"place":6495,"uniqueZonesTaken":9,"region":{"name":"Skåne","id":135}}},{"medal":84,"time":"2022-05-10T08:11:58+0000","type":"medal","user":{"country":"se","medals":[93,84],"zones":[203703,116026],"pointsPerHour":0,"points":896,"blocktime":645,"taken":5,"name":"gayslayer69","totalPoints":896,"rank":3,"id":362424,"place":6495,"uniqueZonesTaken":5,"region":{"name":"Västra Götaland","id":132}}},{"medal":84,"time":"2022-05-10T08:11:12+0000","type":"medal","user":{"country":"se","medals":[84],"zones":[29831,29833,116026,29837],"pointsPerHour":0,"points":866,"blocktime":645,"taken":5,"name":"fina08","totalPoints":866,"rank":3,"id":362411,"place":6495,"uniqueZonesTaken":4,"region":{"name":"Västra Götaland","id":132}}},{"medal":93,"time":"2022-05-10T08:09:38+0000","type":"medal","user":{"country":"se","medals":[93],"zones":[],"pointsPerHour":0,"points":185,"blocktime":600,"taken":1,"name":"hataMary-lou","totalPoints":185,"rank":0,"id":362458,"place":6495,"uniqueZonesTaken":1,"region":{"name":"Västra Götaland","id":132}}},{"medal":85,"time":"2022-05-10T08:09:21+0000","type":"medal","user":{"country":"se","medals":[80,85],"zones":[473238,12035,29220,428864,425724,92107,92106,80588],"pointsPerHour":0,"points":1479,"blocktime":660,"taken":10,"name":"arwid653","totalPoints":1479,"rank":4,"id":362442,"place":6495,"uniqueZonesTaken":9,"region":{"name":"Jämtland","id":128}}},{"medal":128,"time":"2022-05-10T08:08:28+0000","type":"medal","user":{"country":"se","medals":[79,77,96,46,22,6,70,67,53,5,13,102,34,16,28,128],"zones":[369,1607,79014,475,7246],"pointsPerHour":0,"points":26157,"blocktime":960,"taken":1465,"name":"Moliso","totalPoints":171862,"rank":24,"id":355633,"place":6495,"uniqueZonesTaken":353,"region":{"name":"Uppsala","id":142}}},{"medal":93,"time":"2022-05-10T08:07:59+0000","type":"medal","user":{"country":"se","medals":[84,93],"zones":[7809,7806],"pointsPerHour":0,"points":829,"blocktime":645,"taken":6,"name":"Robinp","totalPoints":829,"rank":3,"id":362408,"place":6495,"uniqueZonesTaken":5,"region":{"name":"Värmland","id":130}}},{"medal":84,"time":"2022-05-10T08:07:59+0000","type":"medal","user":{"country":"se","medals":[84],"zones":[7805,31295],"pointsPerHour":0,"points":687,"blocktime":630,"taken":5,"name":"99!","totalPoints":687,"rank":2,"id":362401,"place":6495,"uniqueZonesTaken":3,"region":{"name":"Värmland","id":130}}}]