[{"medal":90,"time":"2022-05-09T08:38:44+0000","type":"medal","user":{"country":"se","medals":[93,85,80,92,90],"zones":[1362,114933,598,1751,15529,31882,27853],"pointsPerHour":0,"points":875,"blocktime":675,"taken":20,"name":"ryanåkesson","totalPoints":2237,"rank":5,"id":354444,"place":6271,"uniqueZonesTaken":18,"region":{"name":"Skåne","id":135}}},{"medal":93,"time":"2022-05-09T08:36:58+0000","type":"medal","user":{"country":"dk","medals":[93],"zones":[],"pointsPerHour":0,"points":170,"blocktime":600,"taken":1,"name":"bmagnuss","totalPoints":170,"rank":0,"id":362131,"place":6271,"uniqueZonesTaken":1,"region":{"name":"Hovedstaden","id":172}}},{"medal":42,"time":"2022-05-09T08:34:26+0000","type":"medal","user":{"country":"uk","medals":[11,53,68,42],"zones":[358855,358854,358529,358849,478723,358848,478722,369027,478720,369026,47208,358845,369021,358524,358847,358526,358846,369022,358523,358522],"pointsPerHour":0,"points":8205,"blocktime":990,"taken":250,"name":"firefly22","totalPoints":214047,"rank":26,"id":302967,"place":6270,"uniqueZonesTaken":66,"region":{"name":"East Midlands","id":203}}}]