[{"medal":84,"time":"2022-05-10T10:07:30+0000","type":"medal","user":{"country":"se","medals":[84],"zones":[11343],"pointsPerHour":0,"points":110,"blocktime":645,"taken":5,"name":"husmusar","totalPoints":816,"rank":3,"id":359739,"place":6545,"uniqueZonesTaken":4,"region":{"name":"Västra Götaland","id":132}}},{"medal":84,"time":"2022-05-10T10:07:24+0000","type":"medal","user":{"country":"se","medals":[84],"zones":[835,208758,16951,12779],"pointsPerHour":0,"points":582,"blocktime":630,"taken":5,"name":"al-khafaji","totalPoints":582,"rank":2,"id":362520,"place":6544,"uniqueZonesTaken":5,"region":{"name":"Västra Götaland","id":132}}},{"medal":85,"time":"2022-05-10T10:03:51+0000","type":"medal","user":{"country":"se","medals":[85],"zones":[873,11647],"pointsPerHour":0,"points":883,"blocktime":660,"taken":10,"name":"ljjättarna7E","totalPoints":1800,"rank":4,"id":354954,"place":6541,"uniqueZonesTaken":7,"region":{"name":"Jönköping","id":133}}},{"medal":131,"time":"2022-05-10T10:00:00+0000","type":"medal","user":{"country":"se","medals":[46,54,95,126,4,91,107,67,28,50,122,38,79,131],"zones":[150642,488774,278613,136163,8614,324658,117048,41690,96666,43259,7294],"pointsPerHour":0,"points":43558,"blocktime":1245,"taken":10836,"name":"Spårjanne","totalPoints":2172839,"rank":43,"id":222006,"place":6538,"uniqueZonesTaken":3193,"region":{"name":"Stockholm","id":141}}}]