[{"medal":100,"time":"2022-05-09T18:46:23+0000","type":"medal","user":{"country":"uk","medals":[28,127,12,55,34,46,100,94],"zones":[361605,361604,388711,361606,388712],"pointsPerHour":0,"points":7608,"blocktime":1065,"taken":1934,"name":"Sazlhazl","totalPoints":400841,"rank":31,"id":329699,"place":6426,"uniqueZonesTaken":195,"region":{"name":"Scotland","id":200}}},{"medal":94,"time":"2022-05-09T18:46:23+0000","type":"medal","user":{"country":"uk","medals":[28,127,12,55,34,46,100,94],"zones":[361605,361604,388711,361606,388712],"pointsPerHour":0,"points":7608,"blocktime":1065,"taken":1934,"name":"Sazlhazl","totalPoints":400841,"rank":31,"id":329699,"place":6426,"uniqueZonesTaken":195,"region":{"name":"Scotland","id":200}}},{"medal":80,"time":"2022-05-09T18:39:13+0000","type":"medal","user":{"country":"se","medals":[84,80],"zones":[7446,17562,319151,6076,22318],"pointsPerHour":0,"points":678,"blocktime":645,"taken":6,"name":"Johansson0826","totalPoints":804,"rank":3,"id":322792,"place":6424,"uniqueZonesTaken":6,"region":{"name":"Östergötland","id":139}}}]