[{"medal":92,"time":"2022-05-09T06:01:59+0000","type":"medal","user":{"country":"se","medals":[80,31,92],"zones":[137560,37567],"pointsPerHour":0,"points":4954,"blocktime":690,"taken":32,"name":"MaryLou","totalPoints":4954,"rank":6,"id":360353,"place":6225,"uniqueZonesTaken":15,"region":{"name":"Stockholm","id":141}}},{"medal":84,"time":"2022-05-09T05:59:42+0000","type":"medal","user":{"country":"se","medals":[84],"zones":[48079],"pointsPerHour":0,"points":1257,"blocktime":660,"taken":5,"name":"JosefinDHolmes","totalPoints":1257,"rank":4,"id":360761,"place":6224,"uniqueZonesTaken":4,"region":{"name":"Kalmar","id":137}}}]