[{"medal":129,"time":"2023-12-18T15:38:20+0000","type":"medal","user":{"country":"se","medals":[4,5,79,99,72,77,48,16,104,57,126,15,122,88,66,152,129],"zones":[704,550,150650,9675,9676],"pointsPerHour":0,"points":19263,"blocktime":22,"taken":41535,"name":"Turf_Ninja","totalPoints":4891494,"rank":49,"id":97746,"place":5325,"uniqueZonesTaken":1176,"region":{"name":"Västmanland","id":143}}},{"medal":84,"time":"2023-12-18T15:37:04+0000","type":"medal","user":{"country":"se","medals":[84],"zones":[95760,31501,34622],"pointsPerHour":0,"points":559,"blocktime":10,"taken":5,"name":"CLI-Coms","totalPoints":559,"rank":2,"id":416410,"place":5325,"uniqueZonesTaken":4,"region":{"name":"Östergötland","id":139}}}]