[{"sender":{"country":"se","medals":[16,117,94,10,47,79,131,56,15,103,123,37,155,6],"zones":[46592,46594,55234,46595,55235,117767,176406,176407,42901,42904,24280,315545,37406,176413,78433,7585,37410,37411,78434,43044,7588,7590,350444,91697,31921,479541,502448,7295],"pointsPerHour":77,"points":37476,"blocktime":20,"taken":9479,"name":"norpas","totalPoints":1739843,"rank":41,"id":383655,"place":736,"uniqueZonesTaken":1218,"region":{"name":"Stockholm","id":141}},"time":"2023-12-18T10:25:03+0000","message":"mummis: 👌","region":{"name":"Stockholm","id":141},"type":"chat"},{"sender":{"country":"se","medals":[67,46,79,126,4,117,95,14,6,16,122,55,77,28,131,104,40,154],"zones":[22202,267,37405],"pointsPerHour":24,"points":12560,"blocktime":21,"taken":24294,"name":"mummis","totalPoints":3648925,"rank":47,"id":229432,"place":1903,"uniqueZonesTaken":872,"region":{"name":"Stockholm","id":141}},"time":"2023-12-18T10:24:32+0000","message":"norpas: Nej köttfärs och kaffe","region":{"name":"Stockholm","id":141},"type":"chat"},{"sender":{"country":"se","medals":[16,117,94,10,47,79,131,56,15,103,123,37,155,6],"zones":[46592,46594,55234,46595,55235,117767,176406,176407,42901,42904,24280,315545,37406,176413,78433,7585,37410,37411,78434,43044,7588,7590,350444,91697,31921,479541,502448,7295],"pointsPerHour":77,"points":37475,"blocktime":20,"taken":9479,"name":"norpas","totalPoints":1739842,"rank":41,"id":383655,"place":736,"uniqueZonesTaken":1218,"region":{"name":"Stockholm","id":141}},"time":"2023-12-18T10:24:06+0000","message":"mummis: synd! ska du köpa ägg?  tänkte göra det, men orkar inte.🤯","region":{"name":"Stockholm","id":141},"type":"chat"},{"sender":{"country":"se","medals":[67,46,79,126,4,117,95,14,6,16,122,55,77,28,131,104,40,154],"zones":[267,37405],"pointsPerHour":15,"points":12495,"blocktime":21,"taken":24293,"name":"mummis","totalPoints":3648859,"rank":47,"id":229432,"place":1908,"uniqueZonesTaken":872,"region":{"name":"Stockholm","id":141}},"time":"2023-12-18T10:22:39+0000","message":"norpas: jag ska handla på matdax nu","region":{"name":"Stockholm","id":141},"type":"chat"},{"sender":{"country":"se","medals":[67,46,79,126,4,117,95,14,6,16,122,55,77,28,131,104,40,154],"zones":[267,37405],"pointsPerHour":15,"points":12495,"blocktime":21,"taken":24293,"name":"mummis","totalPoints":3648859,"rank":47,"id":229432,"place":1908,"uniqueZonesTaken":872,"region":{"name":"Stockholm","id":141}},"time":"2023-12-18T10:22:08+0000","message":"norpas: nä 😅","region":{"name":"Stockholm","id":141},"type":"chat"},{"sender":{"country":"se","medals":[16,117,94,10,47,79,131,56,15,103,123,37,155,6],"zones":[46592,46594,55234,46595,55235,117767,176406,176407,42901,42904,24280,315545,37406,176413,78433,7585,37410,37411,78434,43044,7588,7590,350444,91697,31921,479541,502448,7295],"pointsPerHour":77,"points":37472,"blocktime":20,"taken":9479,"name":"norpas","totalPoints":1739839,"rank":41,"id":383655,"place":736,"uniqueZonesTaken":1218,"region":{"name":"Stockholm","id":141}},"time":"2023-12-18T10:21:50+0000","message":"mummis: det gick inte 😀","region":{"name":"Stockholm","id":141},"type":"chat"},{"sender":{"country":"se","medals":[67,46,79,126,4,117,95,14,6,16,122,55,77,28,131,104,40,154],"zones":[267,37405],"pointsPerHour":15,"points":12495,"blocktime":21,"taken":24293,"name":"mummis","totalPoints":3648859,"rank":47,"id":229432,"place":1908,"uniqueZonesTaken":872,"region":{"name":"Stockholm","id":141}},"time":"2023-12-18T10:21:25+0000","message":"norpas: äsch 😆","region":{"name":"Stockholm","id":141},"type":"chat"},{"medal":151,"time":"2023-12-18T10:20:59+0000","type":"medal","user":{"country":"uk","medals":[79,46,12,57,16,93,77,34,10,151],"zones":[360325,360327,360326,360329,360328,360337,350611,350610,80473,392156,350620,476381,476380,479578,350619,350618,350181,352886,392061,392060,392063,392062,392057,392056,392059,392058],"pointsPerHour":0,"points":12384,"blocktime":19,"taken":2264,"name":"BCountrySoul","totalPoints":1107082,"rank":38,"id":303998,"place":5295,"uniqueZonesTaken":195,"region":{"name":"South East England","id":205}}}]