[{"medal":84,"time":"2022-05-30T07:21:22+0000","type":"medal","user":{"country":"se","medals":[96,84],"zones":[117744,8408,8413],"pointsPerHour":0,"points":569,"blocktime":630,"taken":5,"name":"Jubayer","totalPoints":569,"rank":2,"id":365575,"place":9097,"uniqueZonesTaken":3,"region":{"name":"Stockholm","id":141}}},{"medal":80,"time":"2022-05-30T07:20:11+0000","type":"medal","user":{"country":"se","medals":[96,84,80],"zones":[154983,117732,430719,1227,12427],"pointsPerHour":0,"points":781,"blocktime":645,"taken":6,"name":"ObeidAlfajer","totalPoints":781,"rank":3,"id":365572,"place":9097,"uniqueZonesTaken":6,"region":{"name":"Stockholm","id":141}}},{"medal":84,"time":"2022-05-30T07:17:47+0000","type":"medal","user":{"country":"se","medals":[96,84],"zones":[154983,430719,1227,12427],"pointsPerHour":0,"points":626,"blocktime":630,"taken":5,"name":"ObeidAlfajer","totalPoints":626,"rank":2,"id":365572,"place":9097,"uniqueZonesTaken":5,"region":{"name":"Stockholm","id":141}}},{"medal":84,"time":"2022-05-30T07:15:05+0000","type":"medal","user":{"country":"se","medals":[84],"zones":[46471],"pointsPerHour":0,"points":999,"blocktime":645,"taken":5,"name":"Luckiviz","totalPoints":999,"rank":3,"id":365232,"place":9097,"uniqueZonesTaken":3,"region":{"name":"Blekinge","id":136}}}]