[{"medal":84,"time":"2022-05-31T10:14:11+0000","type":"medal","user":{"country":"se","medals":[93,84],"zones":[7424],"pointsPerHour":0,"points":660,"blocktime":630,"taken":6,"name":"KingDavid","totalPoints":660,"rank":2,"id":363504,"place":9192,"uniqueZonesTaken":5,"region":{"name":"Västra Götaland","id":132}}},{"medal":32,"time":"2022-05-31T09:56:15+0000","type":"medal","user":{"country":"gb","medals":[51,93,11,32],"zones":[317044,317045,14694,317053,317035],"pointsPerHour":0,"points":20832,"blocktime":765,"taken":100,"name":"ChemiesR","totalPoints":20832,"rank":11,"id":362310,"place":9191,"uniqueZonesTaken":56,"region":{"name":"Scotland","id":200}}}]