[{"zone":{"dateCreated":"2021-07-20T07:32:42+0000","dateLastTaken":"0002-12-02T00:00:00+0000","latitude":51.588479,"name":"Flush","id":430337,"totalTakeovers":0,"region":{"country":"gb","name":"Greater London","id":207},"pointsPerHour":1,"longitude":-0.051538,"takeoverPoints":185},"time":"2021-07-20T07:32:42+0000","type":"zone"},{"zone":{"dateCreated":"2021-07-20T07:30:20+0000","dateLastTaken":"0002-12-02T00:00:00+0000","latitude":51.585332,"name":"ManyAngels","id":430336,"totalTakeovers":0,"region":{"country":"gb","name":"Greater London","id":207},"pointsPerHour":1,"longitude":-0.029485,"takeoverPoints":185},"time":"2021-07-20T07:30:20+0000","type":"zone"},{"zone":{"dateCreated":"2021-07-20T07:26:45+0000","dateLastTaken":"0002-12-02T00:00:00+0000","latitude":51.582906,"name":"CopperEdge","id":430335,"totalTakeovers":0,"region":{"country":"gb","name":"Greater London","id":207},"pointsPerHour":1,"longitude":-0.055386,"takeoverPoints":185},"time":"2021-07-20T07:26:45+0000","type":"zone"}]