[{"medal":84,"time":"2022-11-15T10:15:55+0000","type":"medal","user":{"country":"se","medals":[84],"zones":[136163],"pointsPerHour":0,"points":730,"blocktime":645,"taken":5,"name":"Gayane7f","totalPoints":730,"rank":3,"id":383503,"place":5535,"uniqueZonesTaken":5,"region":{"name":"Stockholm","id":141}}},{"medal":95,"time":"2022-11-15T10:15:49+0000","type":"medal","user":{"country":"se","medals":[84,95],"zones":[20642,278615],"pointsPerHour":0,"points":1063,"blocktime":645,"taken":7,"name":"Filip7F","totalPoints":1063,"rank":3,"id":383494,"place":5535,"uniqueZonesTaken":5,"region":{"name":"Stockholm","id":141}}},{"medal":84,"time":"2022-11-15T10:15:49+0000","type":"medal","user":{"country":"se","medals":[95,84],"zones":[24268],"pointsPerHour":0,"points":686,"blocktime":630,"taken":5,"name":"Ava7F","totalPoints":686,"rank":2,"id":383490,"place":5535,"uniqueZonesTaken":5,"region":{"name":"Stockholm","id":141}}},{"medal":84,"time":"2022-11-15T10:14:28+0000","type":"medal","user":{"country":"se","medals":[93,84],"zones":[29520,96674,96665],"pointsPerHour":0,"points":747,"blocktime":645,"taken":5,"name":"Robin7F","totalPoints":747,"rank":3,"id":383501,"place":5533,"uniqueZonesTaken":5,"region":{"name":"Stockholm","id":141}}},{"sender":{"country":"se","medals":[24,16,70,24,4,24,67,15,24,24,113,24,79,91,17,116,24,117,24,122,83,75,59,21,126,72,105,87,132],"zones":[306535,47619,996,9382,9383,226859,8905,27914,42318,46353,82352,3218,7699,179128,48443,430365,9087],"pointsPerHour":137,"points":17506,"blocktime":1335,"taken":38883,"name":"UncleFester","totalPoints":4540397,"rank":49,"id":66390,"place":1352,"uniqueZonesTaken":2144,"region":{"name":"Västerbotten","id":127}},"time":"2022-11-15T10:09:03+0000","message":"LeiLar: 👍","region":{"name":"Västerbotten","id":127},"type":"chat"}]