[{"medal":93,"time":"2022-11-14T11:09:30+0000","type":"medal","user":{"country":"fi","medals":[93],"zones":[],"pointsPerHour":0,"points":125,"blocktime":600,"taken":1,"name":"ElTel123","totalPoints":125,"rank":0,"id":382015,"place":5427,"uniqueZonesTaken":1,"region":{"name":"Etelä-Suomi","id":185}}},{"medal":80,"time":"2022-11-14T11:09:01+0000","type":"medal","user":{"country":"de","medals":[85,80],"zones":[200513,142582,142581,200844,200348],"pointsPerHour":0,"points":1531,"blocktime":675,"taken":11,"name":"jacke73","totalPoints":2012,"rank":5,"id":383310,"place":5427,"uniqueZonesTaken":9,"region":{"name":"Sachsen","id":452}}},{"medal":86,"time":"2022-11-14T10:59:33+0000","type":"medal","user":{"country":"uk","medals":[93,80,86],"zones":[358381,358367,556820,480250],"pointsPerHour":0,"points":8538,"blocktime":720,"taken":50,"name":"ZoR","totalPoints":9473,"rank":8,"id":383313,"place":5425,"uniqueZonesTaken":12,"region":{"name":"North East England","id":199}}}]