[{"medal":101,"time":"2022-11-14T14:04:40+0000","type":"medal","user":{"country":"de","medals":[80,90,93,92,31,101],"zones":[],"pointsPerHour":0,"points":10056,"blocktime":720,"taken":52,"name":"muddi","totalPoints":10056,"rank":8,"id":383381,"place":5452,"uniqueZonesTaken":20,"region":{"name":"Brandenburg","id":441}}},{"medal":127,"time":"2022-11-14T13:58:51+0000","type":"medal","user":{"country":"se","medals":[10,34,7,13,54,127],"zones":[26145,349668,428901,19012,19013,95558,111110,194026,96681,209450,139432,209454,193996,115026,176726,17848,92857,176728,306495,178270],"pointsPerHour":0,"points":20701,"blocktime":1065,"taken":1681,"name":"Micali","totalPoints":408394,"rank":31,"id":92226,"place":5449,"uniqueZonesTaken":292,"region":{"name":"Skåne","id":135}}}]