[{"medal":84,"time":"2021-09-07T11:27:41+0000","type":"medal","user":{"country":"se","medals":[84],"zones":[78467,78466],"pointsPerHour":0,"points":718,"blocktime":645,"taken":5,"name":"bellabigtitis","totalPoints":718,"rank":3,"id":340142,"place":5039,"uniqueZonesTaken":5,"region":{"name":"Stockholm","id":141}}},{"sender":{"country":"se","medals":[67,16,24,21,27,26,4,70,9,17,24,24,77,79,24,91,45,28,17,24,62,17,116,24,17,30,83,24,64,121,124,126,75,110,58,89,17],"zones":[13504,21893,115403,33099,115402,35918,35919,22224,978,22739,31447,37079,151,215,217,78170,80090,224158,21534,24096,432229,61803,61804,178221,92846,43577,53631,13503],"pointsPerHour":169,"points":20010,"blocktime":1410,"taken":50426,"name":"albee","totalPoints":8666849,"rank":54,"id":96946,"place":337,"uniqueZonesTaken":13612,"region":{"name":"Stockholm","id":141}},"time":"2021-09-07T11:27:38+0000","message":"katta7901: assist i SicklaPark?","region":{"name":"Stockholm","id":141},"type":"chat"},{"medal":93,"time":"2021-09-07T11:26:39+0000","type":"medal","user":{"country":"se","medals":[93],"zones":[11346,23243],"pointsPerHour":0,"points":390,"blocktime":615,"taken":3,"name":"ollecarlsson","totalPoints":390,"rank":1,"id":340152,"place":5038,"uniqueZonesTaken":3,"region":{"name":"Västra Götaland","id":132}}},{"medal":84,"time":"2021-09-07T11:25:08+0000","type":"medal","user":{"country":"se","medals":[84],"zones":[281863,226758,114909],"pointsPerHour":0,"points":826,"blocktime":645,"taken":5,"name":"Hampus97","totalPoints":826,"rank":3,"id":339631,"place":5038,"uniqueZonesTaken":4,"region":{"name":"Skåne","id":135}}},{"medal":84,"time":"2021-09-07T11:23:31+0000","type":"medal","user":{"country":"se","medals":[93,84],"zones":[23242],"pointsPerHour":0,"points":325,"blocktime":645,"taken":6,"name":"källman","totalPoints":1112,"rank":3,"id":261723,"place":5037,"uniqueZonesTaken":5,"region":{"name":"Västra Götaland","id":132}}},{"sender":{"country":"se","medals":[67,16,27,4,24,68,70,68,24,66,60,68,43,17,24,79,83,72,77,17,75,21,50,24,68,68,68,68,68,17,116,117,113,68,89,30,106,123,68,68,126],"zones":[45120,45122,64549,171684,24716,32270,45136,41715,11955,11956,15799,45112,12216,119224,45113,76859,45114,29020,119069,45118,189980,45119],"pointsPerHour":47,"points":5772,"blocktime":1470,"taken":68855,"name":"JollyRoger","totalPoints":17300712,"rank":58,"id":49203,"place":1346,"uniqueZonesTaken":3748,"region":{"name":"Jönköping","id":133}},"time":"2021-09-07T11:20:34+0000","message":"geoturfwera: 👋🏻","region":{"name":"Jönköping","id":133},"type":"chat"}]