[{"medal":12,"time":"2021-09-07T13:55:49+0000","type":"medal","user":{"country":"se","medals":[17,112,90,52,101,42,6,12],"zones":[16882,49779,16884,62614,76667,44525,28685],"pointsPerHour":0,"points":2049,"blocktime":825,"taken":260,"name":"MirrekTheCat","totalPoints":50500,"rank":15,"id":183508,"place":5139,"uniqueZonesTaken":100,"region":{"name":"Jönköping","id":133}}},{"sender":{"country":"se","medals":[5,16,70,47,7,27,79,77,67,4,57,15,94,126,28,41,103],"zones":[153987,25187,153990,25188,97988,153991,153988,153989,153992,153993,117898,139278,139279,119692,22063,84691,42866,42867,179511,94203,155390,155391],"pointsPerHour":73,"points":13804,"blocktime":1380,"taken":28073,"name":"erx007","totalPoints":6896946,"rank":52,"id":76576,"place":627,"uniqueZonesTaken":1300,"region":{"name":"Stockholm","id":141}},"time":"2021-09-07T13:51:19+0000","message":"Linushittarej: bra där på zonerna bara 👍","region":{"name":"Stockholm","id":141},"type":"chat"}]