[{"medal":51,"time":"2021-09-09T01:29:21+0000","type":"medal","user":{"country":"us","medals":[93,92,31,90,101,51],"zones":[442854,411396,427189,443445,443442,411395,359184,442848,359182,381594],"pointsPerHour":0,"points":4019,"blocktime":720,"taken":44,"name":"Pleroy33","totalPoints":10022,"rank":8,"id":316691,"place":5698,"uniqueZonesTaken":44,"region":{"name":"Minnesota","id":405}}},{"medal":101,"time":"2021-09-09T01:15:34+0000","type":"medal","user":{"country":"us","medals":[93,80,92,31,90,101],"zones":[442854,427189,443442,411395,359184,359182,381594],"pointsPerHour":0,"points":3288,"blocktime":720,"taken":40,"name":"Pleroy33","totalPoints":9292,"rank":8,"id":316691,"place":5698,"uniqueZonesTaken":40,"region":{"name":"Minnesota","id":405}}}]