[{"medal":31,"time":"2022-10-24T12:55:46+0000","type":"medal","user":{"country":"se","medals":[80,92,31],"zones":[63691],"pointsPerHour":0,"points":3703,"blocktime":11,"taken":25,"name":"Tedr","totalPoints":3703,"rank":6,"id":380291,"place":7774,"uniqueZonesTaken":16,"region":{"name":"Västmanland","id":143}}},{"medal":80,"time":"2022-10-24T12:53:44+0000","type":"medal","user":{"country":"se","medals":[84,80],"zones":[28962,178357,8188,22140,43135],"pointsPerHour":0,"points":1067,"blocktime":10,"taken":6,"name":"klarabianca","totalPoints":1067,"rank":3,"id":382686,"place":7774,"uniqueZonesTaken":6,"region":{"name":"Västra Götaland","id":132}}},{"medal":84,"time":"2022-10-24T12:47:38+0000","type":"medal","user":{"country":"se","medals":[84],"zones":[28962,178357,8188,43135],"pointsPerHour":0,"points":881,"blocktime":10,"taken":5,"name":"klarabianca","totalPoints":881,"rank":3,"id":382686,"place":7773,"uniqueZonesTaken":5,"region":{"name":"Västra Götaland","id":132}}}]