[{"medal":93,"time":"2022-10-25T07:13:07+0000","type":"medal","user":{"country":"se","medals":[93],"zones":[28243,14915,9032],"pointsPerHour":0,"points":806,"blocktime":10,"taken":5,"name":"HETA","totalPoints":806,"rank":3,"id":382781,"place":7809,"uniqueZonesTaken":5,"region":{"name":"Västernorrland","id":145}}},{"medal":84,"time":"2022-10-25T07:03:20+0000","type":"medal","user":{"country":"se","medals":[84],"zones":[4535,549568,190316],"pointsPerHour":0,"points":821,"blocktime":10,"taken":5,"name":"teamokej","totalPoints":821,"rank":3,"id":382783,"place":7809,"uniqueZonesTaken":5,"region":{"name":"Västernorrland","id":145}}}]