[{"sender":{"country":"se","medals":[16,28,22,47,79,77,27,57,66,122,126,70,4,67,5,117,50,40,131,17,116,105],"zones":[139279],"pointsPerHour":4,"points":23961,"blocktime":22,"taken":23368,"name":"Turfsmurf","totalPoints":4066397,"rank":48,"id":6809,"place":2194,"uniqueZonesTaken":3280,"region":{"name":"Stockholm","id":141}},"time":"2022-10-25T14:32:14+0000","message":"erx007: Japp. varje tisdag i Högdalen.","region":{"name":"Stockholm","id":141},"type":"chat"},{"medal":80,"time":"2022-10-25T14:25:30+0000","type":"medal","user":{"country":"se","medals":[84,80],"zones":[139105,22822,22823,552930,25006],"pointsPerHour":0,"points":993,"blocktime":10,"taken":6,"name":"Archugg","totalPoints":993,"rank":3,"id":382801,"place":7841,"uniqueZonesTaken":5,"region":{"name":"Västra Götaland","id":132}}}]