[{"sender":{"country":"se","medals":[70,27,4,16,72,67,79,77,17,48,22,124,126,68,89,130,117,107,116,17,83,26,121,82,24,68,91,68],"zones":[519799,110064,64322,556702,313,30874,24091,157007,515658,115854,490472],"pointsPerHour":29,"points":26252,"blocktime":24,"taken":74477,"name":"St@llion","totalPoints":16065500,"rank":58,"id":153955,"place":1394,"uniqueZonesTaken":10408,"region":{"name":"Stockholm","id":141}},"time":"2022-11-21T09:07:09+0000","message":"MrDent: härligt väder😂👍","region":{"name":"Stockholm","id":141},"type":"chat"}]