[{"sender":{"country":"fi","medals":[93,16,57,10,6,46,79,13,35,126],"zones":[10624,95113,10764,148687,179468,148690,148691,148688,148689,61011,148694,118805,61012,148695,148692,61014,148693,358556,148696,172071,172073,60460,111341,10604,10605,111343,172077,111342,111344,57010,10610,10613,65400,10873,65401],"pointsPerHour":35,"points":12705,"blocktime":20,"taken":3530,"name":"Rusandho","totalPoints":1457867,"rank":40,"id":125704,"place":3085,"uniqueZonesTaken":495,"region":{"name":"Etelä-Suomi","id":185}},"time":"2021-06-29T10:42:44+0000","message":"Terveiset Espoosta.","region":{"name":"Itä-Suomi","id":187},"type":"chat"},{"medal":35,"time":"2021-06-29T10:39:05+0000","type":"medal","user":{"country":"se","medals":[78,12,95,103,10,52,35],"zones":[532,26612,97285,34662,12025,22238],"pointsPerHour":0,"points":37887,"blocktime":17,"taken":2500,"name":"lmjurs","totalPoints":349096,"rank":30,"id":298200,"place":7391,"uniqueZonesTaken":196,"region":{"name":"Örebro","id":131}}},{"medal":11,"time":"2021-06-29T10:35:38+0000","type":"medal","user":{"country":"uk","medals":[51,10,93,32,11],"zones":[337187,389165],"pointsPerHour":0,"points":1129,"blocktime":13,"taken":217,"name":"TDH","totalPoints":46431,"rank":15,"id":295448,"place":7391,"uniqueZonesTaken":50,"region":{"name":"Scotland","id":200}}}]