[{"medal":13,"time":"2021-06-29T13:29:54+0000","type":"medal","user":{"country":"se","medals":[46,95,52,4,33,10,101,13],"zones":[43810,95555,31378,483,5626,63694,61103,32031],"pointsPerHour":0,"points":67631,"blocktime":14,"taken":714,"name":"-SORTSIUS-","totalPoints":92311,"rank":19,"id":333084,"place":7412,"uniqueZonesTaken":250,"region":{"name":"Västmanland","id":143}}},{"medal":91,"time":"2021-06-29T13:28:14+0000","type":"medal","user":{"country":"wd","medals":[5,48,67,68,68,16,27,70,22,15,60,1,69,68,4,24,68,72,77,79,17,103,87,95,117,126,122,91],"zones":[143010,373541,37856,143009,359906,43081,93611,202258,202256,45203,202260,94936,94939,94940],"pointsPerHour":0,"points":19315,"blocktime":23,"taken":37342,"name":"Hvalle","totalPoints":8289008,"rank":54,"id":75468,"place":7412,"uniqueZonesTaken":1716,"region":{"name":"Portugal","id":231}}},{"country":"se","sender":{"country":"se","medals":[5,4,16,9,27,28,22,63,6,47,13,56,35],"zones":[],"pointsPerHour":0,"points":0,"blocktime":18,"taken":2955,"name":"lurken","totalPoints":736654,"rank":35,"id":29714,"place":7411,"uniqueZonesTaken":358},"time":"2021-06-29T13:21:56+0000","message":"JENZA: ?","type":"chat"}]