[{"sender":{"country":"se","medals":[4,16,27,69,68,5,21,67,69,68,69,68,70,47,69,68,68,69,69,68,69,68,72,69,68,82,94,69,68,15,77,69,68,69,68,69,68,66,79,106,126,122,117,88,130],"zones":[1448,224073,8474,8570,27947],"pointsPerHour":27,"points":33386,"blocktime":1440,"taken":44285,"name":"TheMadMats","totalPoints":11255906,"rank":56,"id":35987,"place":1403,"uniqueZonesTaken":1700,"region":{"name":"Södermanland","id":140}},"time":"2021-12-27T13:32:36+0000","message":"raz: Kör du, jag har fått mina 5 nu","region":{"name":"Södermanland","id":140},"type":"chat"},{"sender":{"country":"se","medals":[4,28,47,55,16,5,67,21,27,7,79,77,14,126,39,102,95,128,117],"zones":[1455],"pointsPerHour":5,"points":48245,"blocktime":1305,"taken":19400,"name":"raz","totalPoints":3536025,"rank":47,"id":2949,"place":969,"uniqueZonesTaken":783,"region":{"name":"Södermanland","id":140}},"time":"2021-12-27T13:31:34+0000","message":"TheMadMats: ska jag vänta?","region":{"name":"Södermanland","id":140},"type":"chat"},{"sender":{"country":"se","medals":[4,16,27,69,68,5,21,67,69,68,69,68,70,47,69,68,68,69,69,68,69,68,72,69,68,82,94,69,68,15,77,69,68,69,68,69,68,66,79,106,126,122,117,88,130],"zones":[224073,8474,8570,27947],"pointsPerHour":20,"points":33290,"blocktime":1440,"taken":44284,"name":"TheMadMats","totalPoints":11255810,"rank":56,"id":35987,"place":1406,"uniqueZonesTaken":1700,"region":{"name":"Södermanland","id":140}},"time":"2021-12-27T13:31:19+0000","message":"raz: Nej, dagens 5 zoner","region":{"name":"Södermanland","id":140},"type":"chat"},{"sender":{"country":"se","medals":[4,28,47,55,16,5,67,21,27,7,79,77,14,126,39,102,95,128,117],"zones":[1455],"pointsPerHour":5,"points":48245,"blocktime":1305,"taken":19400,"name":"raz","totalPoints":3536025,"rank":47,"id":2949,"place":969,"uniqueZonesTaken":783,"region":{"name":"Södermanland","id":140}},"time":"2021-12-27T13:30:23+0000","message":"TheMadMats: trodde du skulle vara kvar vid bibblan. 🥳","region":{"name":"Södermanland","id":140},"type":"chat"},{"sender":{"country":"se","medals":[4,16,27,69,68,5,21,67,69,68,69,68,70,47,69,68,68,69,69,68,69,68,72,69,68,82,94,69,68,15,77,69,68,69,68,69,68,66,79,106,126,122,117,88,130],"zones":[224073,8474,8570,27947],"pointsPerHour":20,"points":33290,"blocktime":1440,"taken":44284,"name":"TheMadMats","totalPoints":11255809,"rank":56,"id":35987,"place":1406,"uniqueZonesTaken":1700,"region":{"name":"Södermanland","id":140}},"time":"2021-12-27T13:30:16+0000","message":"raz: Tack 😊","region":{"name":"Södermanland","id":140},"type":"chat"},{"sender":{"country":"se","medals":[4,28,47,55,16,5,67,21,27,7,79,77,14,126,39,102,95,128,117],"zones":[1455],"pointsPerHour":5,"points":48245,"blocktime":1305,"taken":19400,"name":"raz","totalPoints":3536025,"rank":47,"id":2949,"place":969,"uniqueZonesTaken":783,"region":{"name":"Södermanland","id":140}},"time":"2021-12-27T13:29:44+0000","message":"TheMadMats: släppte torget till dig. 😎","region":{"name":"Södermanland","id":140},"type":"chat"},{"medal":104,"time":"2021-12-27T13:24:36+0000","type":"medal","user":{"country":"se","medals":[94,51,11,33,104],"zones":[84669],"pointsPerHour":0,"points":25651,"blocktime":870,"taken":517,"name":"Morfarbjo","totalPoints":79575,"rank":18,"id":350468,"place":5766,"uniqueZonesTaken":61,"region":{"name":"Kalmar","id":137}}}]